{
"type": "FeatureCollection",
"name": "BRT_Stops_iso_foot-walking",
"crs": { "type": "name", "properties": { "name": "urn:ogc:def:crs:OGC:1.3:CRS84" } },
"features": [
{ "type": "Feature", "properties": { "group_index": 0, "value": 300.0, "center": [ -111.97877442515171, 41.22495849223337 ], "point_id": 1 }, "geometry": { "type": "Polygon", "coordinates": [ [ [ -111.979639, 41.221886 ], [ -111.979297, 41.221372 ], [ -111.979044, 41.221222 ], [ -111.978703, 41.221213 ], [ -111.978625, 41.221211 ], [ -111.976466, 41.222661 ], [ -111.975785, 41.223125 ], [ -111.973868, 41.224615 ], [ -111.973795, 41.224716 ], [ -111.973791, 41.225076 ], [ -111.975927, 41.226838 ], [ -111.97846, 41.228707 ], [ -111.9787, 41.228768 ], [ -111.978846, 41.228769 ], [ -111.981956, 41.227029 ], [ -111.982182, 41.226749 ], [ -111.979639, 41.221886 ] ] ] } },
{ "type": "Feature", "properties": { "group_index": 0, "value": 600.0, "center": [ -111.97877442515171, 41.22495849223337 ], "point_id": 1 }, "geometry": { "type": "Polygon", "coordinates": [ [ [ -111.984802, 41.229052 ], [ -111.983855, 41.228041 ], [ -111.983666, 41.223088 ], [ -111.98367, 41.222728 ], [ -111.979573, 41.218675 ], [ -111.979316, 41.217606 ], [ -111.979185, 41.217437 ], [ -111.979153, 41.217437 ], [ -111.978754, 41.217469 ], [ -111.978284, 41.217655 ], [ -111.975387, 41.219785 ], [ -111.973281, 41.22118 ], [ -111.971298, 41.222704 ], [ -111.968958, 41.224537 ], [ -111.968814, 41.224652 ], [ -111.96881, 41.225012 ], [ -111.968909, 41.225133 ], [ -111.971917, 41.227678 ], [ -111.976656, 41.231272 ], [ -111.978357, 41.232427 ], [ -111.978498, 41.232523 ], [ -111.978678, 41.232581 ], [ -111.978725, 41.232582 ], [ -111.978858, 41.232531 ], [ -111.980232, 41.23147 ], [ -111.985228, 41.230094 ], [ -111.985416, 41.229787 ], [ -111.984802, 41.229052 ] ] ] } },
{ "type": "Feature", "properties": { "group_index": 0, "value": 900.0, "center": [ -111.97877442515171, 41.22495849223337 ], "point_id": 1 }, "geometry": { "type": "Polygon", "coordinates": [ [ [ -111.98867, 41.231198 ], [ -111.986347, 41.230392 ], [ -111.986022, 41.230173 ], [ -111.984997, 41.229243 ], [ -111.984802, 41.229052 ], [ -111.983855, 41.228041 ], [ -111.986509, 41.223123 ], [ -111.988048, 41.223142 ], [ -111.988052, 41.222782 ], [ -111.986513, 41.222763 ], [ -111.984975, 41.222744 ], [ -111.98367, 41.222728 ], [ -111.982933, 41.22272 ], [ -111.980162, 41.21763 ], [ -111.980439, 41.216659 ], [ -111.980153, 41.214422 ], [ -111.979852, 41.214193 ], [ -111.979179, 41.21373 ], [ -111.978819, 41.213721 ], [ -111.978646, 41.213817 ], [ -111.977731, 41.214401 ], [ -111.973367, 41.217375 ], [ -111.970797, 41.219131 ], [ -111.970396, 41.219403 ], [ -111.967147, 41.221993 ], [ -111.963833, 41.224582 ], [ -111.963828, 41.224942 ], [ -111.963932, 41.22506 ], [ -111.966424, 41.227186 ], [ -111.969313, 41.229459 ], [ -111.973186, 41.232367 ], [ -111.975607, 41.234153 ], [ -111.978341, 41.236166 ], [ -111.978701, 41.236175 ], [ -111.978881, 41.236057 ], [ -111.981753, 41.233037 ], [ -111.985806, 41.23213 ], [ -111.985964, 41.232141 ], [ -111.986444, 41.232169 ], [ -111.986939, 41.232162 ], [ -111.988674, 41.231558 ], [ -111.98867, 41.231198 ] ] ] } },
{ "type": "Feature", "properties": { "group_index": 0, "value": 300.0, "center": [ -111.97047206782226, 41.22164035931753 ], "point_id": 2 }, "geometry": { "type": "Polygon", "coordinates": [ [ [ -111.97438, 41.221001 ], [ -111.974384, 41.220641 ], [ -111.972609, 41.218999 ], [ -111.970929, 41.218058 ], [ -111.970716, 41.217987 ], [ -111.970356, 41.217981 ], [ -111.970159, 41.218056 ], [ -111.968981, 41.218787 ], [ -111.968887, 41.21885 ], [ -111.966783, 41.220439 ], [ -111.966658, 41.220532 ], [ -111.966656, 41.220892 ], [ -111.966796, 41.222764 ], [ -111.966938, 41.222887 ], [ -111.967617, 41.223434 ], [ -111.969522, 41.224904 ], [ -111.969675, 41.225023 ], [ -111.969841, 41.225151 ], [ -111.969978, 41.225213 ], [ -111.970181, 41.225284 ], [ -111.970539, 41.225319 ], [ -111.970785, 41.225214 ], [ -111.973335, 41.223409 ], [ -111.97375, 41.22311 ], [ -111.973924, 41.222976 ], [ -111.974039, 41.222853 ], [ -111.974178, 41.222678 ], [ -111.97438, 41.221001 ] ] ] } },
{ "type": "Feature", "properties": { "group_index": 0, "value": 600.0, "center": [ -111.97047206782226, 41.22164035931753 ], "point_id": 2 }, "geometry": { "type": "Polygon", "coordinates": [ [ [ -111.980243, 41.222687 ], [ -111.979059, 41.2205 ], [ -111.976926, 41.218588 ], [ -111.975862, 41.217669 ], [ -111.973591, 41.216041 ], [ -111.971276, 41.214321 ], [ -111.970908, 41.214183 ], [ -111.970835, 41.214182 ], [ -111.97044, 41.214235 ], [ -111.970236, 41.214302 ], [ -111.969772, 41.214596 ], [ -111.967172, 41.216354 ], [ -111.964644, 41.218184 ], [ -111.961803, 41.220361 ], [ -111.961679, 41.220463 ], [ -111.961672, 41.220823 ], [ -111.961885, 41.222715 ], [ -111.96195, 41.222812 ], [ -111.964499, 41.224844 ], [ -111.964792, 41.225077 ], [ -111.967159, 41.226961 ], [ -111.967295, 41.227069 ], [ -111.970009, 41.229098 ], [ -111.970067, 41.229099 ], [ -111.970557, 41.2291 ], [ -111.970613, 41.229091 ], [ -111.973657, 41.227037 ], [ -111.975872, 41.225518 ], [ -111.980239, 41.223047 ], [ -111.980243, 41.222687 ] ] ] } },
{ "type": "Feature", "properties": { "group_index": 0, "value": 900.0, "center": [ -111.97047206782226, 41.22164035931753 ], "point_id": 2 }, "geometry": { "type": "Polygon", "coordinates": [ [ [ -111.984625, 41.22274 ], [ -111.982759, 41.222717 ], [ -111.980162, 41.21763 ], [ -111.980157, 41.217462 ], [ -111.979356, 41.216531 ], [ -111.978354, 41.21538 ], [ -111.973559, 41.212146 ], [ -111.971205, 41.210596 ], [ -111.971105, 41.210541 ], [ -111.970872, 41.210497 ], [ -111.970513, 41.210485 ], [ -111.970343, 41.210559 ], [ -111.966151, 41.213127 ], [ -111.962097, 41.216293 ], [ -111.959644, 41.218115 ], [ -111.956974, 41.220175 ], [ -111.956822, 41.220295 ], [ -111.956697, 41.220398 ], [ -111.956693, 41.220758 ], [ -111.956967, 41.222757 ], [ -111.957099, 41.222868 ], [ -111.96165, 41.226639 ], [ -111.963662, 41.228202 ], [ -111.968386, 41.231791 ], [ -111.969834, 41.232776 ], [ -111.970391, 41.232789 ], [ -111.970611, 41.232672 ], [ -111.973147, 41.231042 ], [ -111.975905, 41.229276 ], [ -111.978752, 41.227431 ], [ -111.979047, 41.227236 ], [ -111.98062, 41.225671 ], [ -111.984621, 41.2231 ], [ -111.984625, 41.22274 ] ] ] } },
{ "type": "Feature", "properties": { "group_index": 0, "value": 300.0, "center": [ -111.96488672455834, 41.220581711625734 ], "point_id": 2 }, "geometry": { "type": "Polygon", "coordinates": [ [ [ -111.969855, 41.220479 ], [ -111.969708, 41.220349 ], [ -111.967294, 41.218451 ], [ -111.966994, 41.21822 ], [ -111.965271, 41.216927 ], [ -111.965144, 41.216841 ], [ -111.964784, 41.216829 ], [ -111.96409, 41.217098 ], [ -111.960176, 41.220059 ], [ -111.959924, 41.220332 ], [ -111.959918, 41.220692 ], [ -111.96004, 41.220801 ], [ -111.96206, 41.222385 ], [ -111.962486, 41.222717 ], [ -111.964618, 41.224324 ], [ -111.96495, 41.224405 ], [ -111.964963, 41.224406 ], [ -111.965167, 41.224256 ], [ -111.966765, 41.223096 ], [ -111.967051, 41.222889 ], [ -111.969581, 41.221086 ], [ -111.96985, 41.220839 ], [ -111.969855, 41.220479 ] ] ] } },
{ "type": "Feature", "properties": { "group_index": 0, "value": 600.0, "center": [ -111.96488672455834, 41.220581711625734 ], "point_id": 2 }, "geometry": { "type": "Polygon", "coordinates": [ [ [ -111.974836, 41.220533 ], [ -111.973022, 41.21891 ], [ -111.969782, 41.216394 ], [ -111.969614, 41.216265 ], [ -111.966512, 41.214021 ], [ -111.965366, 41.213174 ], [ -111.965246, 41.213093 ], [ -111.964886, 41.213085 ], [ -111.963266, 41.214209 ], [ -111.962214, 41.214953 ], [ -111.960657, 41.216039 ], [ -111.960347, 41.216266 ], [ -111.95758, 41.218312 ], [ -111.954942, 41.22027 ], [ -111.954938, 41.22063 ], [ -111.95506, 41.22073 ], [ -111.95776, 41.222876 ], [ -111.961427, 41.225725 ], [ -111.963109, 41.227015 ], [ -111.964497, 41.228094 ], [ -111.964563, 41.228094 ], [ -111.964889, 41.228079 ], [ -111.965209, 41.228045 ], [ -111.969062, 41.225136 ], [ -111.970552, 41.224101 ], [ -111.973309, 41.222229 ], [ -111.974831, 41.220893 ], [ -111.974836, 41.220533 ] ] ] } },
{ "type": "Feature", "properties": { "group_index": 0, "value": 900.0, "center": [ -111.96488672455834, 41.220581711625734 ], "point_id": 2 }, "geometry": { "type": "Polygon", "coordinates": [ [ [ -111.979643, 41.22268 ], [ -111.979231, 41.220179 ], [ -111.979081, 41.220015 ], [ -111.977586, 41.218596 ], [ -111.977041, 41.218133 ], [ -111.976409, 41.217601 ], [ -111.972159, 41.21433 ], [ -111.970875, 41.213366 ], [ -111.966367, 41.210101 ], [ -111.966066, 41.209879 ], [ -111.965332, 41.209345 ], [ -111.964972, 41.20934 ], [ -111.964803, 41.209414 ], [ -111.963895, 41.210044 ], [ -111.961327, 41.21187 ], [ -111.9576, 41.214548 ], [ -111.955667, 41.215979 ], [ -111.955367, 41.2162 ], [ -111.952743, 41.218142 ], [ -111.949961, 41.220205 ], [ -111.949957, 41.220564 ], [ -111.950079, 41.220676 ], [ -111.952541, 41.222814 ], [ -111.954583, 41.224473 ], [ -111.958237, 41.227072 ], [ -111.960728, 41.229086 ], [ -111.960871, 41.229206 ], [ -111.963434, 41.23109 ], [ -111.963751, 41.231327 ], [ -111.96434, 41.231743 ], [ -111.964699, 41.231755 ], [ -111.965687, 41.231224 ], [ -111.96587, 41.23112 ], [ -111.970259, 41.228317 ], [ -111.972908, 41.226386 ], [ -111.974232, 41.225197 ], [ -111.979639, 41.22304 ], [ -111.979643, 41.22268 ] ] ] } },
{ "type": "Feature", "properties": { "group_index": 0, "value": 300.0, "center": [ -111.97137426152992, 41.224867645911644 ], "point_id": 3 }, "geometry": { "type": "Polygon", "coordinates": [ [ [ -111.976358, 41.224747 ], [ -111.976351, 41.224629 ], [ -111.973813, 41.222492 ], [ -111.972191, 41.221289 ], [ -111.972099, 41.221238 ], [ -111.971739, 41.221226 ], [ -111.970498, 41.221611 ], [ -111.970198, 41.221735 ], [ -111.968904, 41.222672 ], [ -111.966539, 41.224506 ], [ -111.966396, 41.224618 ], [ -111.966391, 41.224978 ], [ -111.966506, 41.225095 ], [ -111.967122, 41.225692 ], [ -111.970358, 41.228343 ], [ -111.970718, 41.22835 ], [ -111.973182, 41.227558 ], [ -111.973887, 41.227041 ], [ -111.975871, 41.225568 ], [ -111.976353, 41.225107 ], [ -111.976358, 41.224747 ] ] ] } },
{ "type": "Feature", "properties": { "group_index": 0, "value": 600.0, "center": [ -111.97137426152992, 41.224867645911644 ], "point_id": 3 }, "geometry": { "type": "Polygon", "coordinates": [ [ [ -111.980645, 41.224477 ], [ -111.980614, 41.224143 ], [ -111.980266, 41.222687 ], [ -111.976569, 41.220666 ], [ -111.973699, 41.218626 ], [ -111.973527, 41.218502 ], [ -111.971998, 41.218096 ], [ -111.970849, 41.217784 ], [ -111.970758, 41.217781 ], [ -111.970158, 41.218114 ], [ -111.968977, 41.218844 ], [ -111.968885, 41.218908 ], [ -111.964324, 41.222084 ], [ -111.961414, 41.224549 ], [ -111.961409, 41.224909 ], [ -111.961525, 41.225031 ], [ -111.963843, 41.226916 ], [ -111.963979, 41.227026 ], [ -111.964142, 41.227156 ], [ -111.966577, 41.229046 ], [ -111.966885, 41.229287 ], [ -111.96931, 41.231181 ], [ -111.969436, 41.231272 ], [ -111.969829, 41.231531 ], [ -111.97006, 41.231668 ], [ -111.970272, 41.231776 ], [ -111.970453, 41.231812 ], [ -111.970648, 41.231815 ], [ -111.973189, 41.231229 ], [ -111.975961, 41.229406 ], [ -111.978749, 41.22755 ], [ -111.979204, 41.227239 ], [ -111.980619, 41.225745 ], [ -111.980645, 41.224477 ] ] ] } },
{ "type": "Feature", "properties": { "group_index": 0, "value": 900.0, "center": [ -111.97137426152992, 41.224867645911644 ], "point_id": 3 }, "geometry": { "type": "Polygon", "coordinates": [ [ [ -111.984644, 41.2231 ], [ -111.984649, 41.22274 ], [ -111.979607, 41.219639 ], [ -111.97926, 41.218967 ], [ -111.978949, 41.218728 ], [ -111.976957, 41.217147 ], [ -111.973785, 41.214879 ], [ -111.973605, 41.214753 ], [ -111.970943, 41.214075 ], [ -111.970837, 41.214074 ], [ -111.970275, 41.214299 ], [ -111.969104, 41.214993 ], [ -111.967568, 41.216129 ], [ -111.966306, 41.216993 ], [ -111.962109, 41.219465 ], [ -111.961955, 41.219564 ], [ -111.960987, 41.220229 ], [ -111.960829, 41.220346 ], [ -111.960692, 41.220449 ], [ -111.956433, 41.224479 ], [ -111.956409, 41.224536 ], [ -111.956399, 41.224778 ], [ -111.956398, 41.224802 ], [ -111.956428, 41.224839 ], [ -111.956547, 41.224961 ], [ -111.958996, 41.226965 ], [ -111.96159, 41.229103 ], [ -111.961734, 41.229217 ], [ -111.964302, 41.231103 ], [ -111.966661, 41.233687 ], [ -111.968641, 41.235139 ], [ -111.970174, 41.235516 ], [ -111.970534, 41.235522 ], [ -111.974076, 41.234872 ], [ -111.978786, 41.231246 ], [ -111.980294, 41.230555 ], [ -111.98392, 41.228169 ], [ -111.984644, 41.2231 ] ] ] } },
{ "type": "Feature", "properties": { "group_index": 0, "value": 300.0, "center": [ -111.95931690137128, 41.22050811798694 ], "point_id": 3 }, "geometry": { "type": "Polygon", "coordinates": [ [ [ -111.964293, 41.220405 ], [ -111.964144, 41.220272 ], [ -111.961918, 41.218385 ], [ -111.959588, 41.21677 ], [ -111.959228, 41.216754 ], [ -111.959072, 41.216861 ], [ -111.957143, 41.2182 ], [ -111.956999, 41.218306 ], [ -111.954345, 41.220262 ], [ -111.95434, 41.220622 ], [ -111.954469, 41.220723 ], [ -111.956892, 41.22263 ], [ -111.957052, 41.222758 ], [ -111.958911, 41.224141 ], [ -111.959064, 41.224258 ], [ -111.959424, 41.224251 ], [ -111.960668, 41.223476 ], [ -111.963207, 41.221639 ], [ -111.964289, 41.220765 ], [ -111.964293, 41.220405 ] ] ] } },
{ "type": "Feature", "properties": { "group_index": 0, "value": 600.0, "center": [ -111.95931690137128, 41.22050811798694 ], "point_id": 3 }, "geometry": { "type": "Polygon", "coordinates": [ [ [ -111.969274, 41.220472 ], [ -111.969113, 41.220342 ], [ -111.96664, 41.218325 ], [ -111.966499, 41.218214 ], [ -111.964077, 41.21632 ], [ -111.963776, 41.216082 ], [ -111.962427, 41.215061 ], [ -111.960921, 41.213942 ], [ -111.959831, 41.213141 ], [ -111.959664, 41.21302 ], [ -111.959304, 41.21301 ], [ -111.959183, 41.213047 ], [ -111.957799, 41.214017 ], [ -111.957633, 41.21414 ], [ -111.95513, 41.215973 ], [ -111.951555, 41.218019 ], [ -111.949364, 41.220197 ], [ -111.949359, 41.220557 ], [ -111.949488, 41.220669 ], [ -111.951911, 41.222573 ], [ -111.954533, 41.224705 ], [ -111.957707, 41.227065 ], [ -111.95897, 41.227998 ], [ -111.95933, 41.228005 ], [ -111.959498, 41.227892 ], [ -111.960631, 41.22711 ], [ -111.964818, 41.224833 ], [ -111.965125, 41.224619 ], [ -111.96676, 41.223476 ], [ -111.967558, 41.222897 ], [ -111.967709, 41.222778 ], [ -111.96927, 41.220832 ], [ -111.969274, 41.220472 ] ] ] } },
{ "type": "Feature", "properties": { "group_index": 0, "value": 900.0, "center": [ -111.95931690137128, 41.22050811798694 ], "point_id": 3 }, "geometry": { "type": "Polygon", "coordinates": [ [ [ -111.974255, 41.220526 ], [ -111.972645, 41.219 ], [ -111.969286, 41.216388 ], [ -111.969118, 41.216258 ], [ -111.966146, 41.214015 ], [ -111.963599, 41.212106 ], [ -111.959867, 41.209155 ], [ -111.959508, 41.209181 ], [ -111.959386, 41.209253 ], [ -111.959251, 41.209334 ], [ -111.958588, 41.209761 ], [ -111.955462, 41.212022 ], [ -111.952972, 41.213835 ], [ -111.950076, 41.215904 ], [ -111.947315, 41.217965 ], [ -111.947174, 41.218069 ], [ -111.944383, 41.220128 ], [ -111.944379, 41.220488 ], [ -111.947172, 41.222741 ], [ -111.949803, 41.224878 ], [ -111.951691, 41.226366 ], [ -111.953132, 41.227442 ], [ -111.957882, 41.231013 ], [ -111.958837, 41.231749 ], [ -111.958883, 41.23175 ], [ -111.959249, 41.231751 ], [ -111.959407, 41.231675 ], [ -111.959989, 41.231279 ], [ -111.964729, 41.228581 ], [ -111.965066, 41.228395 ], [ -111.965614, 41.228056 ], [ -111.966361, 41.227547 ], [ -111.969569, 41.225145 ], [ -111.972201, 41.223478 ], [ -111.974251, 41.220886 ], [ -111.974255, 41.220526 ] ] ] } },
{ "type": "Feature", "properties": { "group_index": 0, "value": 300.0, "center": [ -111.94823375552679, 41.22036182824087 ], "point_id": 3 }, "geometry": { "type": "Polygon", "coordinates": [ [ [ -111.953216, 41.220247 ], [ -111.953059, 41.220125 ], [ -111.952487, 41.219692 ], [ -111.950489, 41.218113 ], [ -111.948664, 41.216749 ], [ -111.948479, 41.216638 ], [ -111.948119, 41.216629 ], [ -111.947483, 41.217045 ], [ -111.946088, 41.218055 ], [ -111.944654, 41.219101 ], [ -111.943263, 41.220115 ], [ -111.943259, 41.220475 ], [ -111.945248, 41.221992 ], [ -111.945372, 41.222087 ], [ -111.947951, 41.224082 ], [ -111.948311, 41.224096 ], [ -111.94849, 41.223989 ], [ -111.950235, 41.222782 ], [ -111.951916, 41.221641 ], [ -111.953211, 41.220607 ], [ -111.953216, 41.220247 ] ] ] } },
{ "type": "Feature", "properties": { "group_index": 0, "value": 600.0, "center": [ -111.94823375552679, 41.22036182824087 ], "point_id": 3 }, "geometry": { "type": "Polygon", "coordinates": [ [ [ -111.95824, 41.220598 ], [ -111.958196, 41.220312 ], [ -111.955481, 41.218178 ], [ -111.952622, 41.21594 ], [ -111.951392, 41.214982 ], [ -111.950157, 41.214041 ], [ -111.948745, 41.213017 ], [ -111.948565, 41.212892 ], [ -111.948205, 41.212883 ], [ -111.948079, 41.212924 ], [ -111.946979, 41.213668 ], [ -111.942404, 41.216937 ], [ -111.938282, 41.220056 ], [ -111.938277, 41.220416 ], [ -111.939619, 41.221462 ], [ -111.940989, 41.222545 ], [ -111.942363, 41.223612 ], [ -111.946583, 41.226927 ], [ -111.947745, 41.227741 ], [ -111.947886, 41.227832 ], [ -111.948245, 41.227839 ], [ -111.949795, 41.226967 ], [ -111.952535, 41.225353 ], [ -111.956661, 41.221806 ], [ -111.958238, 41.220773 ], [ -111.95824, 41.220598 ] ] ] } },
{ "type": "Feature", "properties": { "group_index": 0, "value": 900.0, "center": [ -111.94823375552679, 41.22036182824087 ], "point_id": 3 }, "geometry": { "type": "Polygon", "coordinates": [ [ [ -111.963179, 41.220384 ], [ -111.963031, 41.220258 ], [ -111.960728, 41.218367 ], [ -111.959148, 41.217179 ], [ -111.955018, 41.213981 ], [ -111.954864, 41.213862 ], [ -111.952442, 41.211984 ], [ -111.952142, 41.211751 ], [ -111.949532, 41.209747 ], [ -111.948793, 41.209187 ], [ -111.948653, 41.209144 ], [ -111.948293, 41.209137 ], [ -111.94816, 41.209188 ], [ -111.947193, 41.209809 ], [ -111.944513, 41.211758 ], [ -111.940602, 41.214295 ], [ -111.93954, 41.214929 ], [ -111.936117, 41.217923 ], [ -111.934693, 41.21897 ], [ -111.933301, 41.219997 ], [ -111.933296, 41.220357 ], [ -111.934639, 41.221411 ], [ -111.936009, 41.222476 ], [ -111.938727, 41.224594 ], [ -111.941559, 41.227075 ], [ -111.945081, 41.229504 ], [ -111.946919, 41.231206 ], [ -111.947556, 41.231675 ], [ -111.947906, 41.231759 ], [ -111.948857, 41.231131 ], [ -111.951728, 41.229085 ], [ -111.952052, 41.228854 ], [ -111.953785, 41.227619 ], [ -111.954601, 41.227027 ], [ -111.957305, 41.225098 ], [ -111.960286, 41.222919 ], [ -111.960588, 41.222691 ], [ -111.963044, 41.220847 ], [ -111.963172, 41.220744 ], [ -111.963179, 41.220384 ] ] ] } },
{ "type": "Feature", "properties": { "group_index": 0, "value": 300.0, "center": [ -111.94835571344676, 41.21409282558037 ], "point_id": 3 }, "geometry": { "type": "Polygon", "coordinates": [ [ [ -111.953315, 41.21396 ], [ -111.953182, 41.213838 ], [ -111.950468, 41.211724 ], [ -111.948803, 41.21047 ], [ -111.948626, 41.210353 ], [ -111.948266, 41.210344 ], [ -111.948137, 41.210385 ], [ -111.946056, 41.211878 ], [ -111.944717, 41.212808 ], [ -111.943402, 41.213834 ], [ -111.943397, 41.214194 ], [ -111.944696, 41.215251 ], [ -111.94594, 41.216211 ], [ -111.946237, 41.216443 ], [ -111.947975, 41.21775 ], [ -111.94809, 41.217834 ], [ -111.948449, 41.217843 ], [ -111.950685, 41.216275 ], [ -111.951849, 41.21543 ], [ -111.95206, 41.215277 ], [ -111.953207, 41.21444 ], [ -111.95331, 41.21432 ], [ -111.953315, 41.21396 ] ] ] } },
{ "type": "Feature", "properties": { "group_index": 0, "value": 600.0, "center": [ -111.94835571344676, 41.21409282558037 ], "point_id": 3 }, "geometry": { "type": "Polygon", "coordinates": [ [ [ -111.958295, 41.214023 ], [ -111.958163, 41.213908 ], [ -111.955776, 41.212026 ], [ -111.95563, 41.211914 ], [ -111.952908, 41.209783 ], [ -111.950128, 41.20742 ], [ -111.948919, 41.206498 ], [ -111.948565, 41.206434 ], [ -111.948219, 41.206648 ], [ -111.946806, 41.207624 ], [ -111.943906, 41.209586 ], [ -111.941145, 41.21171 ], [ -111.938466, 41.213742 ], [ -111.938338, 41.214078 ], [ -111.940868, 41.216247 ], [ -111.943787, 41.218384 ], [ -111.946539, 41.220514 ], [ -111.947942, 41.22159 ], [ -111.948061, 41.221592 ], [ -111.9484, 41.221592 ], [ -111.94855, 41.221487 ], [ -111.949883, 41.220564 ], [ -111.954155, 41.217895 ], [ -111.958188, 41.214507 ], [ -111.958291, 41.214383 ], [ -111.958295, 41.214023 ] ] ] } },
{ "type": "Feature", "properties": { "group_index": 0, "value": 900.0, "center": [ -111.94835571344676, 41.21409282558037 ], "point_id": 3 }, "geometry": { "type": "Polygon", "coordinates": [ [ [ -111.963276, 41.214086 ], [ -111.960756, 41.212087 ], [ -111.960469, 41.211858 ], [ -111.958106, 41.209967 ], [ -111.953839, 41.206672 ], [ -111.951535, 41.204766 ], [ -111.949367, 41.203168 ], [ -111.948921, 41.202872 ], [ -111.948733, 41.202848 ], [ -111.948373, 41.202864 ], [ -111.948221, 41.202932 ], [ -111.945255, 41.20437 ], [ -111.941204, 41.207337 ], [ -111.938986, 41.209547 ], [ -111.935806, 41.211634 ], [ -111.934953, 41.214225 ], [ -111.93494, 41.214585 ], [ -111.935887, 41.216182 ], [ -111.937219, 41.217227 ], [ -111.938627, 41.218316 ], [ -111.939783, 41.219172 ], [ -111.942902, 41.221511 ], [ -111.944301, 41.222584 ], [ -111.946909, 41.224608 ], [ -111.94723, 41.224842 ], [ -111.947917, 41.225328 ], [ -111.948277, 41.225335 ], [ -111.948464, 41.225229 ], [ -111.949021, 41.224868 ], [ -111.952147, 41.222808 ], [ -111.954785, 41.220727 ], [ -111.95973, 41.217465 ], [ -111.962263, 41.215465 ], [ -111.963271, 41.214446 ], [ -111.963276, 41.214086 ] ] ] } },
{ "type": "Feature", "properties": { "group_index": 0, "value": 300.0, "center": [ -111.94857487801421, 41.205743169762584 ], "point_id": 3 }, "geometry": { "type": "Polygon", "coordinates": [ [ [ -111.953044, 41.205935 ], [ -111.951918, 41.204496 ], [ -111.95155, 41.204059 ], [ -111.949286, 41.20238 ], [ -111.948847, 41.202053 ], [ -111.948513, 41.201997 ], [ -111.9484, 41.201986 ], [ -111.94455, 41.204051 ], [ -111.943599, 41.205491 ], [ -111.943592, 41.205851 ], [ -111.946395, 41.20806 ], [ -111.948157, 41.209375 ], [ -111.948287, 41.209432 ], [ -111.948666, 41.20945 ], [ -111.948692, 41.209451 ], [ -111.950074, 41.208811 ], [ -111.953095, 41.206519 ], [ -111.953229, 41.206185 ], [ -111.953044, 41.205935 ] ] ] } },
{ "type": "Feature", "properties": { "group_index": 0, "value": 600.0, "center": [ -111.94857487801421, 41.205743169762584 ], "point_id": 3 }, "geometry": { "type": "Polygon", "coordinates": [ [ [ -111.956448, 41.205676 ], [ -111.955735, 41.204741 ], [ -111.953172, 41.201456 ], [ -111.951643, 41.200311 ], [ -111.948992, 41.198307 ], [ -111.94852, 41.198189 ], [ -111.948497, 41.198189 ], [ -111.9471, 41.199262 ], [ -111.943553, 41.201292 ], [ -111.940938, 41.202255 ], [ -111.940087, 41.204352 ], [ -111.939819, 41.205975 ], [ -111.94118, 41.208296 ], [ -111.943952, 41.210028 ], [ -111.947094, 41.2124 ], [ -111.948076, 41.213111 ], [ -111.948198, 41.213178 ], [ -111.948558, 41.213187 ], [ -111.950086, 41.212198 ], [ -111.950242, 41.212082 ], [ -111.95418, 41.20968 ], [ -111.956863, 41.208762 ], [ -111.957386, 41.208154 ], [ -111.95752, 41.20782 ], [ -111.956448, 41.205676 ] ] ] } },
{ "type": "Feature", "properties": { "group_index": 0, "value": 900.0, "center": [ -111.94857487801421, 41.205743169762584 ], "point_id": 3 }, "geometry": { "type": "Polygon", "coordinates": [ [ [ -111.962132, 41.208867 ], [ -111.961428, 41.205741 ], [ -111.958776, 41.203187 ], [ -111.955397, 41.199375 ], [ -111.952931, 41.197451 ], [ -111.950559, 41.195676 ], [ -111.948908, 41.194572 ], [ -111.948548, 41.194563 ], [ -111.947978, 41.194701 ], [ -111.947896, 41.194748 ], [ -111.943168, 41.19759 ], [ -111.939014, 41.199985 ], [ -111.937464, 41.201116 ], [ -111.937086, 41.202952 ], [ -111.937065, 41.203146 ], [ -111.937158, 41.20348 ], [ -111.937438, 41.203844 ], [ -111.938396, 41.209561 ], [ -111.938449, 41.209917 ], [ -111.939935, 41.211024 ], [ -111.944493, 41.214208 ], [ -111.947448, 41.216464 ], [ -111.948112, 41.216925 ], [ -111.948472, 41.216934 ], [ -111.949155, 41.216481 ], [ -111.950029, 41.215884 ], [ -111.954091, 41.213426 ], [ -111.957065, 41.212052 ], [ -111.959719, 41.210866 ], [ -111.96092, 41.21015 ], [ -111.962123, 41.209226 ], [ -111.962132, 41.208867 ] ] ] } },
{ "type": "Feature", "properties": { "group_index": 0, "value": 300.0, "center": [ -111.94876513807013, 41.19757617907169 ], "point_id": 3 }, "geometry": { "type": "Polygon", "coordinates": [ [ [ -111.953746, 41.197457 ], [ -111.951482, 41.195669 ], [ -111.950384, 41.194881 ], [ -111.949364, 41.194166 ], [ -111.948931, 41.193964 ], [ -111.948571, 41.193951 ], [ -111.947886, 41.194195 ], [ -111.947092, 41.194741 ], [ -111.943794, 41.197258 ], [ -111.943791, 41.197618 ], [ -111.944776, 41.198594 ], [ -111.947737, 41.200803 ], [ -111.948496, 41.201325 ], [ -111.949082, 41.201208 ], [ -111.949539, 41.20097 ], [ -111.951218, 41.199676 ], [ -111.953743, 41.197817 ], [ -111.953746, 41.197457 ] ] ] } },
{ "type": "Feature", "properties": { "group_index": 0, "value": 600.0, "center": [ -111.94876513807013, 41.19757617907169 ], "point_id": 3 }, "geometry": { "type": "Polygon", "coordinates": [ [ [ -111.958802, 41.197655 ], [ -111.958726, 41.197467 ], [ -111.957255, 41.196347 ], [ -111.95276, 41.192783 ], [ -111.949157, 41.190264 ], [ -111.94904, 41.190217 ], [ -111.94868, 41.190205 ], [ -111.948552, 41.190232 ], [ -111.947795, 41.190433 ], [ -111.944994, 41.191608 ], [ -111.943698, 41.192951 ], [ -111.941026, 41.195558 ], [ -111.938861, 41.197084 ], [ -111.938734, 41.197421 ], [ -111.940166, 41.199142 ], [ -111.94467, 41.202753 ], [ -111.948103, 41.204861 ], [ -111.948345, 41.204927 ], [ -111.948878, 41.205065 ], [ -111.94888, 41.205065 ], [ -111.949786, 41.204604 ], [ -111.953478, 41.20182 ], [ -111.956199, 41.199741 ], [ -111.958722, 41.197827 ], [ -111.958798, 41.197732 ], [ -111.958802, 41.197655 ] ] ] } },
{ "type": "Feature", "properties": { "group_index": 0, "value": 900.0, "center": [ -111.94876513807013, 41.19757617907169 ], "point_id": 3 }, "geometry": { "type": "Polygon", "coordinates": [ [ [ -111.963705, 41.197518 ], [ -111.961486, 41.195748 ], [ -111.958242, 41.19284 ], [ -111.955192, 41.190673 ], [ -111.950493, 41.187405 ], [ -111.949193, 41.186476 ], [ -111.948834, 41.186456 ], [ -111.944842, 41.188055 ], [ -111.942204, 41.190087 ], [ -111.94147, 41.190786 ], [ -111.936861, 41.193721 ], [ -111.93656, 41.194302 ], [ -111.935735, 41.197695 ], [ -111.938698, 41.201632 ], [ -111.939632, 41.202684 ], [ -111.942872, 41.205456 ], [ -111.947303, 41.208069 ], [ -111.948171, 41.208628 ], [ -111.948303, 41.208695 ], [ -111.948662, 41.208703 ], [ -111.950119, 41.208275 ], [ -111.954148, 41.205766 ], [ -111.954275, 41.205657 ], [ -111.958333, 41.20192 ], [ -111.959497, 41.201361 ], [ -111.96119, 41.200576 ], [ -111.96132, 41.200503 ], [ -111.963702, 41.197878 ], [ -111.963705, 41.197518 ] ] ] } },
{ "type": "Feature", "properties": { "group_index": 0, "value": 300.0, "center": [ -111.94598644363411, 41.19244249181747 ], "point_id": 3 }, "geometry": { "type": "Polygon", "coordinates": [ [ [ -111.949384, 41.19326 ], [ -111.947924, 41.18989 ], [ -111.947649, 41.189658 ], [ -111.945487, 41.189184 ], [ -111.945127, 41.189204 ], [ -111.944599, 41.189433 ], [ -111.94382, 41.189826 ], [ -111.94245, 41.192605 ], [ -111.942382, 41.193107 ], [ -111.942356, 41.193308 ], [ -111.94255, 41.194005 ], [ -111.942687, 41.194338 ], [ -111.942772, 41.194465 ], [ -111.943447, 41.195009 ], [ -111.94356, 41.195049 ], [ -111.945028, 41.195165 ], [ -111.945058, 41.195165 ], [ -111.946755, 41.195098 ], [ -111.948265, 41.194678 ], [ -111.949387, 41.19362 ], [ -111.949384, 41.19326 ] ] ] } },
{ "type": "Feature", "properties": { "group_index": 0, "value": 600.0, "center": [ -111.94598644363411, 41.19244249181747 ], "point_id": 3 }, "geometry": { "type": "Polygon", "coordinates": [ [ [ -111.950828, 41.189487 ], [ -111.949183, 41.186655 ], [ -111.949033, 41.186546 ], [ -111.945536, 41.186055 ], [ -111.945183, 41.186128 ], [ -111.940672, 41.188656 ], [ -111.940391, 41.188881 ], [ -111.938212, 41.193253 ], [ -111.938428, 41.194792 ], [ -111.939221, 41.195763 ], [ -111.940328, 41.196852 ], [ -111.942286, 41.197698 ], [ -111.942646, 41.197695 ], [ -111.948339, 41.198005 ], [ -111.948699, 41.198007 ], [ -111.949187, 41.197765 ], [ -111.94929, 41.197684 ], [ -111.95105, 41.195973 ], [ -111.953548, 41.192854 ], [ -111.950828, 41.189487 ] ] ] } },
{ "type": "Feature", "properties": { "group_index": 0, "value": 900.0, "center": [ -111.94598644363411, 41.19244249181747 ], "point_id": 3 }, "geometry": { "type": "Polygon", "coordinates": [ [ [ -111.956536, 41.192031 ], [ -111.955361, 41.189874 ], [ -111.954333, 41.188119 ], [ -111.952432, 41.18577 ], [ -111.950813, 41.184031 ], [ -111.949161, 41.18271 ], [ -111.948936, 41.182692 ], [ -111.948614, 41.182676 ], [ -111.945926, 41.182556 ], [ -111.945682, 41.182554 ], [ -111.943141, 41.183732 ], [ -111.942325, 41.1841 ], [ -111.939041, 41.186153 ], [ -111.938934, 41.186408 ], [ -111.938925, 41.186684 ], [ -111.93893, 41.186886 ], [ -111.937381, 41.192563 ], [ -111.937279, 41.192714 ], [ -111.937176, 41.192864 ], [ -111.93704, 41.19309 ], [ -111.936909, 41.193307 ], [ -111.936431, 41.194491 ], [ -111.936026, 41.197322 ], [ -111.936208, 41.197633 ], [ -111.93807, 41.19906 ], [ -111.942342, 41.200453 ], [ -111.943545, 41.200768 ], [ -111.948388, 41.201834 ], [ -111.948529, 41.201817 ], [ -111.949046, 41.201612 ], [ -111.950268, 41.200804 ], [ -111.954168, 41.19782 ], [ -111.955119, 41.196917 ], [ -111.956536, 41.192031 ] ] ] } },
{ "type": "Feature", "properties": { "group_index": 0, "value": 300.0, "center": [ -111.94585276393198, 41.18747183020707 ], "point_id": 3 }, "geometry": { "type": "Polygon", "coordinates": [ [ [ -111.949142, 41.187338 ], [ -111.949143, 41.187329 ], [ -111.94899, 41.187155 ], [ -111.948516, 41.186719 ], [ -111.948072, 41.186523 ], [ -111.947743, 41.186405 ], [ -111.945578, 41.185658 ], [ -111.945222, 41.185608 ], [ -111.943804, 41.187217 ], [ -111.942425, 41.189178 ], [ -111.942684, 41.189428 ], [ -111.944133, 41.190219 ], [ -111.945308, 41.190879 ], [ -111.945667, 41.190852 ], [ -111.948216, 41.189708 ], [ -111.948754, 41.189412 ], [ -111.949142, 41.187338 ] ] ] } },
{ "type": "Feature", "properties": { "group_index": 0, "value": 600.0, "center": [ -111.94585276393198, 41.18747183020707 ], "point_id": 3 }, "geometry": { "type": "Polygon", "coordinates": [ [ [ -111.95327, 41.187602 ], [ -111.952354, 41.186384 ], [ -111.950549, 41.184498 ], [ -111.949826, 41.183926 ], [ -111.949115, 41.183433 ], [ -111.946059, 41.18201 ], [ -111.94605, 41.182007 ], [ -111.945941, 41.182009 ], [ -111.942208, 41.183644 ], [ -111.941544, 41.184068 ], [ -111.941443, 41.184155 ], [ -111.941376, 41.184261 ], [ -111.939356, 41.187584 ], [ -111.940885, 41.191889 ], [ -111.940955, 41.192071 ], [ -111.941209, 41.19235 ], [ -111.941279, 41.192427 ], [ -111.942072, 41.19324 ], [ -111.942636, 41.193536 ], [ -111.943444, 41.193925 ], [ -111.944465, 41.194243 ], [ -111.944564, 41.19424 ], [ -111.944582, 41.194238 ], [ -111.94468, 41.194224 ], [ -111.946678, 41.193964 ], [ -111.947521, 41.193734 ], [ -111.949173, 41.192987 ], [ -111.951161, 41.191766 ], [ -111.953322, 41.187765 ], [ -111.95327, 41.187602 ] ] ] } },
{ "type": "Feature", "properties": { "group_index": 0, "value": 900.0, "center": [ -111.94585276393198, 41.18747183020707 ], "point_id": 3 }, "geometry": { "type": "Polygon", "coordinates": [ [ [ -111.957874, 41.188498 ], [ -111.955574, 41.185741 ], [ -111.953229, 41.182817 ], [ -111.951912, 41.181312 ], [ -111.950497, 41.180344 ], [ -111.950196, 41.180146 ], [ -111.949178, 41.179688 ], [ -111.945952, 41.17846 ], [ -111.945795, 41.178465 ], [ -111.945465, 41.178541 ], [ -111.940349, 41.181291 ], [ -111.93872, 41.182007 ], [ -111.937694, 41.184762 ], [ -111.937856, 41.186769 ], [ -111.938961, 41.192319 ], [ -111.938428, 41.193245 ], [ -111.938361, 41.193353 ], [ -111.938233, 41.19361 ], [ -111.938178, 41.193778 ], [ -111.938122, 41.193953 ], [ -111.938099, 41.194458 ], [ -111.938199, 41.194804 ], [ -111.939126, 41.195542 ], [ -111.939955, 41.195945 ], [ -111.941883, 41.196755 ], [ -111.942243, 41.196762 ], [ -111.944412, 41.196464 ], [ -111.948327, 41.196885 ], [ -111.948687, 41.196892 ], [ -111.949156, 41.196783 ], [ -111.953178, 41.193905 ], [ -111.956276, 41.189931 ], [ -111.957657, 41.189042 ], [ -111.957771, 41.188843 ], [ -111.957874, 41.188498 ] ] ] } },
{ "type": "Feature", "properties": { "group_index": 0, "value": 300.0, "center": [ -111.95228076574404, 41.183639162557974 ], "point_id": 3 }, "geometry": { "type": "Polygon", "coordinates": [ [ [ -111.954801, 41.18407 ], [ -111.952454, 41.181345 ], [ -111.95106, 41.180624 ], [ -111.950808, 41.180698 ], [ -111.9479, 41.181983 ], [ -111.947963, 41.182246 ], [ -111.948026, 41.18251 ], [ -111.948563, 41.184158 ], [ -111.948669, 41.184441 ], [ -111.949707, 41.185257 ], [ -111.949937, 41.18544 ], [ -111.952524, 41.187089 ], [ -111.952784, 41.187213 ], [ -111.952959, 41.187258 ], [ -111.954769, 41.185712 ], [ -111.955414, 41.184881 ], [ -111.954801, 41.18407 ] ] ] } },
{ "type": "Feature", "properties": { "group_index": 0, "value": 600.0, "center": [ -111.95228076574404, 41.183639162557974 ], "point_id": 3 }, "geometry": { "type": "Polygon", "coordinates": [ [ [ -111.956792, 41.188602 ], [ -111.955414, 41.18425 ], [ -111.955414, 41.182457 ], [ -111.95537, 41.180842 ], [ -111.954854, 41.179043 ], [ -111.954682, 41.178938 ], [ -111.95451, 41.178832 ], [ -111.954135, 41.178631 ], [ -111.949412, 41.177957 ], [ -111.949052, 41.177949 ], [ -111.945879, 41.179464 ], [ -111.945734, 41.179571 ], [ -111.944663, 41.180415 ], [ -111.944628, 41.180497 ], [ -111.944557, 41.180677 ], [ -111.944456, 41.180934 ], [ -111.945981, 41.186186 ], [ -111.947542, 41.187492 ], [ -111.948509, 41.18833 ], [ -111.953628, 41.190558 ], [ -111.953988, 41.190566 ], [ -111.956648, 41.188788 ], [ -111.956793, 41.188631 ], [ -111.956792, 41.188602 ] ] ] } },
{ "type": "Feature", "properties": { "group_index": 0, "value": 900.0, "center": [ -111.95228076574404, 41.183639162557974 ], "point_id": 3 }, "geometry": { "type": "Polygon", "coordinates": [ [ [ -111.961239, 41.189892 ], [ -111.960231, 41.188588 ], [ -111.95822, 41.185792 ], [ -111.95964, 41.180732 ], [ -111.95964, 41.179794 ], [ -111.959497, 41.179464 ], [ -111.958672, 41.177558 ], [ -111.958489, 41.177248 ], [ -111.955802, 41.17598 ], [ -111.955442, 41.17597 ], [ -111.950078, 41.17462 ], [ -111.949337, 41.173864 ], [ -111.949166, 41.173747 ], [ -111.948814, 41.173825 ], [ -111.947113, 41.175422 ], [ -111.942642, 41.178121 ], [ -111.940847, 41.179384 ], [ -111.940842, 41.179744 ], [ -111.941487, 41.184627 ], [ -111.941654, 41.186073 ], [ -111.943743, 41.188778 ], [ -111.946474, 41.191085 ], [ -111.946748, 41.191214 ], [ -111.94842, 41.191986 ], [ -111.948626, 41.192069 ], [ -111.952824, 41.193663 ], [ -111.953184, 41.193672 ], [ -111.954562, 41.193561 ], [ -111.959243, 41.191323 ], [ -111.961126, 41.19033 ], [ -111.961255, 41.189994 ], [ -111.961239, 41.189892 ] ] ] } },
{ "type": "Feature", "properties": { "group_index": 0, "value": 300.0, "center": [ -111.94651800804769, 41.18168263281762 ], "point_id": 5 }, "geometry": { "type": "Polygon", "coordinates": [ [ [ -111.948902, 41.18296 ], [ -111.94891, 41.182691 ], [ -111.948912, 41.1826 ], [ -111.947903, 41.179588 ], [ -111.94775, 41.179468 ], [ -111.94724, 41.179156 ], [ -111.946369, 41.178675 ], [ -111.945825, 41.178521 ], [ -111.945465, 41.178521 ], [ -111.944781, 41.178991 ], [ -111.944163, 41.17942 ], [ -111.942662, 41.181849 ], [ -111.94266, 41.182209 ], [ -111.943013, 41.183573 ], [ -111.945344, 41.184881 ], [ -111.945699, 41.184942 ], [ -111.948892, 41.183051 ], [ -111.948902, 41.18296 ] ] ] } },
{ "type": "Feature", "properties": { "group_index": 0, "value": 600.0, "center": [ -111.94651800804769, 41.18168263281762 ], "point_id": 5 }, "geometry": { "type": "Polygon", "coordinates": [ [ [ -111.953161, 41.183438 ], [ -111.952581, 41.178904 ], [ -111.952452, 41.178568 ], [ -111.948402, 41.176015 ], [ -111.947779, 41.175791 ], [ -111.947569, 41.175827 ], [ -111.942826, 41.17796 ], [ -111.939307, 41.179021 ], [ -111.939213, 41.179368 ], [ -111.939141, 41.184572 ], [ -111.939372, 41.184847 ], [ -111.941384, 41.186351 ], [ -111.942541, 41.187025 ], [ -111.942871, 41.187168 ], [ -111.946127, 41.188361 ], [ -111.946338, 41.188336 ], [ -111.94657, 41.188308 ], [ -111.948365, 41.187353 ], [ -111.94957, 41.186661 ], [ -111.95284, 41.184104 ], [ -111.953168, 41.183798 ], [ -111.953161, 41.183438 ] ] ] } },
{ "type": "Feature", "properties": { "group_index": 0, "value": 900.0, "center": [ -111.94651800804769, 41.18168263281762 ], "point_id": 5 }, "geometry": { "type": "Polygon", "coordinates": [ [ [ -111.955414, 41.184881 ], [ -111.957107, 41.179882 ], [ -111.957078, 41.179652 ], [ -111.956911, 41.178646 ], [ -111.956657, 41.17839 ], [ -111.953063, 41.175462 ], [ -111.948891, 41.172723 ], [ -111.948687, 41.172664 ], [ -111.945689, 41.172431 ], [ -111.944995, 41.173054 ], [ -111.941145, 41.177177 ], [ -111.939241, 41.177473 ], [ -111.934845, 41.177761 ], [ -111.93433, 41.178633 ], [ -111.934393, 41.178987 ], [ -111.93688, 41.182501 ], [ -111.937847, 41.186858 ], [ -111.93783, 41.187958 ], [ -111.937865, 41.188109 ], [ -111.940635, 41.190207 ], [ -111.945165, 41.191607 ], [ -111.945471, 41.191558 ], [ -111.948591, 41.190824 ], [ -111.949026, 41.190666 ], [ -111.949134, 41.190623 ], [ -111.953641, 41.188297 ], [ -111.953777, 41.1882 ], [ -111.954852, 41.186615 ], [ -111.955414, 41.184881 ] ] ] } },
{ "type": "Feature", "properties": { "group_index": 0, "value": 300.0, "center": [ -111.90199423712079, 40.881634554978696 ], "point_id": 7 }, "geometry": { "type": "Polygon", "coordinates": [ [ [ -111.903401, 40.879973 ], [ -111.902294, 40.877972 ], [ -111.902185, 40.877891 ], [ -111.901825, 40.877888 ], [ -111.897428, 40.880513 ], [ -111.897433, 40.880695 ], [ -111.897438, 40.880877 ], [ -111.89749, 40.88107 ], [ -111.897698, 40.881602 ], [ -111.897987, 40.882348 ], [ -111.898857, 40.883551 ], [ -111.900119, 40.8845 ], [ -111.901826, 40.884761 ], [ -111.902186, 40.884757 ], [ -111.90321, 40.884249 ], [ -111.903401, 40.879973 ] ] ] } },
{ "type": "Feature", "properties": { "group_index": 0, "value": 600.0, "center": [ -111.90199423712079, 40.881634554978696 ], "point_id": 7 }, "geometry": { "type": "Polygon", "coordinates": [ [ [ -111.908128, 40.883947 ], [ -111.906871, 40.88315 ], [ -111.905175, 40.881717 ], [ -111.904525, 40.877056 ], [ -111.904834, 40.876209 ], [ -111.905142, 40.875361 ], [ -111.902196, 40.874144 ], [ -111.901836, 40.874141 ], [ -111.901325, 40.874454 ], [ -111.899448, 40.875731 ], [ -111.898377, 40.876658 ], [ -111.898226, 40.876819 ], [ -111.897716, 40.878597 ], [ -111.897428, 40.880513 ], [ -111.89474, 40.883938 ], [ -111.89475, 40.884298 ], [ -111.894793, 40.884407 ], [ -111.894962, 40.884538 ], [ -111.89804, 40.886699 ], [ -111.898304, 40.886867 ], [ -111.901576, 40.88859 ], [ -111.901796, 40.888594 ], [ -111.902016, 40.888598 ], [ -111.902201, 40.888502 ], [ -111.905648, 40.885849 ], [ -111.908129, 40.884307 ], [ -111.908128, 40.883947 ] ] ] } },
{ "type": "Feature", "properties": { "group_index": 0, "value": 900.0, "center": [ -111.90199423712079, 40.881634554978696 ], "point_id": 7 }, "geometry": { "type": "Polygon", "coordinates": [ [ [ -111.912704, 40.883942 ], [ -111.912582, 40.883849 ], [ -111.912293, 40.883619 ], [ -111.911961, 40.883339 ], [ -111.907978, 40.879908 ], [ -111.908857, 40.874978 ], [ -111.908901, 40.874821 ], [ -111.9089, 40.874461 ], [ -111.906119, 40.872101 ], [ -111.902215, 40.870396 ], [ -111.901855, 40.870395 ], [ -111.901751, 40.870463 ], [ -111.900615, 40.87127 ], [ -111.896305, 40.87446 ], [ -111.896122, 40.874627 ], [ -111.896121, 40.874987 ], [ -111.897716, 40.878597 ], [ -111.894795, 40.88251 ], [ -111.892926, 40.882345 ], [ -111.892554, 40.882264 ], [ -111.892194, 40.882264 ], [ -111.89204, 40.882377 ], [ -111.891923, 40.88247 ], [ -111.890048, 40.883979 ], [ -111.889971, 40.884069 ], [ -111.889972, 40.884429 ], [ -111.892895, 40.886955 ], [ -111.893098, 40.88711 ], [ -111.894197, 40.887585 ], [ -111.894221, 40.887584 ], [ -111.897827, 40.887487 ], [ -111.901149, 40.891461 ], [ -111.901563, 40.89208 ], [ -111.901853, 40.892253 ], [ -111.902213, 40.892253 ], [ -111.90232, 40.892189 ], [ -111.905891, 40.887803 ], [ -111.91087, 40.885704 ], [ -111.912456, 40.884499 ], [ -111.91257, 40.884411 ], [ -111.912706, 40.884302 ], [ -111.912704, 40.883942 ] ] ] } },
{ "type": "Feature", "properties": { "group_index": 0, "value": 300.0, "center": [ -111.88592112244777, 40.87474356413249 ], "point_id": 7 }, "geometry": { "type": "Polygon", "coordinates": [ [ [ -111.890775, 40.874543 ], [ -111.890707, 40.87446 ], [ -111.888559, 40.871699 ], [ -111.888489, 40.871614 ], [ -111.888201, 40.871398 ], [ -111.885692, 40.870943 ], [ -111.885631, 40.870943 ], [ -111.880943, 40.874614 ], [ -111.880943, 40.874974 ], [ -111.881325, 40.876159 ], [ -111.882984, 40.877716 ], [ -111.88335, 40.877955 ], [ -111.885477, 40.878325 ], [ -111.885837, 40.878324 ], [ -111.886031, 40.878318 ], [ -111.886141, 40.878273 ], [ -111.886291, 40.87817 ], [ -111.890676, 40.874984 ], [ -111.890776, 40.874903 ], [ -111.890775, 40.874543 ] ] ] } },
{ "type": "Feature", "properties": { "group_index": 0, "value": 600.0, "center": [ -111.88592112244777, 40.87474356413249 ], "point_id": 7 }, "geometry": { "type": "Polygon", "coordinates": [ [ [ -111.895731, 40.87454 ], [ -111.895655, 40.874457 ], [ -111.894279, 40.872948 ], [ -111.891894, 40.869503 ], [ -111.891089, 40.868337 ], [ -111.890775, 40.868189 ], [ -111.88589, 40.86733 ], [ -111.88553, 40.867328 ], [ -111.883965, 40.868385 ], [ -111.882783, 40.869227 ], [ -111.879334, 40.871771 ], [ -111.877985, 40.872927 ], [ -111.876102, 40.874563 ], [ -111.876102, 40.874923 ], [ -111.876904, 40.876099 ], [ -111.877913, 40.877586 ], [ -111.880138, 40.880606 ], [ -111.880513, 40.881125 ], [ -111.880626, 40.881155 ], [ -111.880862, 40.881213 ], [ -111.880976, 40.881237 ], [ -111.885351, 40.882008 ], [ -111.885711, 40.88201 ], [ -111.88875, 40.880421 ], [ -111.888828, 40.880377 ], [ -111.892935, 40.877046 ], [ -111.895623, 40.874988 ], [ -111.89573, 40.8749 ], [ -111.895731, 40.87454 ] ] ] } },
{ "type": "Feature", "properties": { "group_index": 0, "value": 900.0, "center": [ -111.88592112244777, 40.87474356413249 ], "point_id": 7 }, "geometry": { "type": "Polygon", "coordinates": [ [ [ -111.900687, 40.874554 ], [ -111.900598, 40.874459 ], [ -111.89689, 40.870386 ], [ -111.893349, 40.865625 ], [ -111.893242, 40.865405 ], [ -111.892957, 40.864958 ], [ -111.892887, 40.864862 ], [ -111.892431, 40.864806 ], [ -111.892071, 40.864808 ], [ -111.891958, 40.864829 ], [ -111.886689, 40.864069 ], [ -111.886045, 40.863438 ], [ -111.885685, 40.863435 ], [ -111.885394, 40.863575 ], [ -111.88207, 40.865975 ], [ -111.879086, 40.868791 ], [ -111.876734, 40.87011 ], [ -111.87543, 40.870782 ], [ -111.871462, 40.87425 ], [ -111.871463, 40.87461 ], [ -111.871704, 40.875362 ], [ -111.871782, 40.875541 ], [ -111.873308, 40.878015 ], [ -111.874368, 40.87941 ], [ -111.874507, 40.879548 ], [ -111.878142, 40.883151 ], [ -111.878228, 40.883217 ], [ -111.878337, 40.883297 ], [ -111.879827, 40.884374 ], [ -111.880065, 40.884546 ], [ -111.880346, 40.884718 ], [ -111.880517, 40.88481 ], [ -111.885329, 40.885764 ], [ -111.885689, 40.885761 ], [ -111.887664, 40.88452 ], [ -111.891149, 40.882429 ], [ -111.89229, 40.88152 ], [ -111.895788, 40.87876 ], [ -111.898908, 40.876208 ], [ -111.90058, 40.875002 ], [ -111.900686, 40.874914 ], [ -111.900687, 40.874554 ] ] ] } },
{ "type": "Feature", "properties": { "group_index": 0, "value": 300.0, "center": [ -111.89228893817129, 40.86712801416483 ], "point_id": 7 }, "geometry": { "type": "Polygon", "coordinates": [ [ [ -111.8947, 40.863938 ], [ -111.894419, 40.863713 ], [ -111.893413, 40.863857 ], [ -111.893172, 40.863904 ], [ -111.892182, 40.864145 ], [ -111.891957, 40.864324 ], [ -111.891054, 40.865767 ], [ -111.891054, 40.865847 ], [ -111.891611, 40.869215 ], [ -111.892054, 40.87087 ], [ -111.892414, 40.870875 ], [ -111.892519, 40.870839 ], [ -111.892609, 40.870741 ], [ -111.892617, 40.870681 ], [ -111.892871, 40.869064 ], [ -111.894895, 40.864143 ], [ -111.8947, 40.863938 ] ] ] } },
{ "type": "Feature", "properties": { "group_index": 0, "value": 600.0, "center": [ -111.89228893817129, 40.86712801416483 ], "point_id": 7 }, "geometry": { "type": "Polygon", "coordinates": [ [ [ -111.896997, 40.869974 ], [ -111.898465, 40.864703 ], [ -111.898502, 40.864345 ], [ -111.898044, 40.861497 ], [ -111.897931, 40.861374 ], [ -111.897244, 40.860722 ], [ -111.896962, 40.860498 ], [ -111.892364, 40.86024 ], [ -111.89235, 40.86024 ], [ -111.890933, 40.861257 ], [ -111.887289, 40.863951 ], [ -111.887178, 40.864088 ], [ -111.887175, 40.864448 ], [ -111.887448, 40.866613 ], [ -111.88818, 40.871248 ], [ -111.888241, 40.871399 ], [ -111.889388, 40.872826 ], [ -111.889687, 40.873027 ], [ -111.891908, 40.874521 ], [ -111.892052, 40.874596 ], [ -111.892412, 40.874597 ], [ -111.89255, 40.874546 ], [ -111.892728, 40.874454 ], [ -111.893093, 40.874262 ], [ -111.896579, 40.871833 ], [ -111.896997, 40.869974 ] ] ] } },
{ "type": "Feature", "properties": { "group_index": 0, "value": 900.0, "center": [ -111.89228893817129, 40.86712801416483 ], "point_id": 7 }, "geometry": { "type": "Polygon", "coordinates": [ [ [ -111.902793, 40.861781 ], [ -111.902031, 40.860029 ], [ -111.899976, 40.857555 ], [ -111.899696, 40.857329 ], [ -111.899539, 40.857302 ], [ -111.896006, 40.85685 ], [ -111.892407, 40.856732 ], [ -111.892047, 40.856735 ], [ -111.891945, 40.856809 ], [ -111.887653, 40.860109 ], [ -111.884226, 40.862358 ], [ -111.883745, 40.862664 ], [ -111.883187, 40.863245 ], [ -111.883001, 40.864579 ], [ -111.882792, 40.866062 ], [ -111.88278, 40.866422 ], [ -111.883276, 40.871382 ], [ -111.885736, 40.87472 ], [ -111.88706, 40.876466 ], [ -111.887359, 40.876665 ], [ -111.891973, 40.878352 ], [ -111.892082, 40.878353 ], [ -111.892407, 40.878344 ], [ -111.892557, 40.878292 ], [ -111.893123, 40.877916 ], [ -111.896165, 40.875925 ], [ -111.897249, 40.874842 ], [ -111.897258, 40.874482 ], [ -111.896997, 40.869974 ], [ -111.897651, 40.867376 ], [ -111.898637, 40.865356 ], [ -111.90277, 40.86214 ], [ -111.902793, 40.861781 ] ] ] } },
{ "type": "Feature", "properties": { "group_index": 0, "value": 300.0, "center": [ -111.89631315763577, 40.86160401160543 ], "point_id": 7 }, "geometry": { "type": "Polygon", "coordinates": [ [ [ -111.901319, 40.861205 ], [ -111.90126, 40.860952 ], [ -111.899029, 40.85852 ], [ -111.898751, 40.858291 ], [ -111.896005, 40.858196 ], [ -111.895645, 40.858193 ], [ -111.893532, 40.859467 ], [ -111.892887, 40.859874 ], [ -111.891359, 40.861421 ], [ -111.891358, 40.861781 ], [ -111.893252, 40.864331 ], [ -111.893628, 40.864701 ], [ -111.893909, 40.864926 ], [ -111.894033, 40.864991 ], [ -111.897817, 40.864209 ], [ -111.899043, 40.863575 ], [ -111.899669, 40.863081 ], [ -111.89989, 40.862883 ], [ -111.901259, 40.86156 ], [ -111.901319, 40.861205 ] ] ] } },
{ "type": "Feature", "properties": { "group_index": 0, "value": 600.0, "center": [ -111.89631315763577, 40.86160401160543 ], "point_id": 7 }, "geometry": { "type": "Polygon", "coordinates": [ [ [ -111.905926, 40.861719 ], [ -111.905921, 40.86145 ], [ -111.903708, 40.85852 ], [ -111.901481, 40.855103 ], [ -111.901198, 40.854879 ], [ -111.896817, 40.854912 ], [ -111.894029, 40.855665 ], [ -111.892048, 40.856835 ], [ -111.891945, 40.856906 ], [ -111.890387, 40.858336 ], [ -111.886504, 40.861334 ], [ -111.886404, 40.861417 ], [ -111.886404, 40.861777 ], [ -111.886462, 40.861862 ], [ -111.886713, 40.862074 ], [ -111.890319, 40.866106 ], [ -111.890993, 40.867168 ], [ -111.89175, 40.868547 ], [ -111.892108, 40.868579 ], [ -111.892773, 40.868392 ], [ -111.897948, 40.86716 ], [ -111.902216, 40.86381 ], [ -111.90585, 40.861897 ], [ -111.905928, 40.86181 ], [ -111.905926, 40.861719 ] ] ] } },
{ "type": "Feature", "properties": { "group_index": 0, "value": 900.0, "center": [ -111.89631315763577, 40.86160401160543 ], "point_id": 7 }, "geometry": { "type": "Polygon", "coordinates": [ [ [ -111.910879, 40.861449 ], [ -111.907059, 40.857877 ], [ -111.90529, 40.853797 ], [ -111.904138, 40.85207 ], [ -111.903852, 40.851851 ], [ -111.902338, 40.85154 ], [ -111.901978, 40.851539 ], [ -111.896651, 40.852111 ], [ -111.89323, 40.853269 ], [ -111.889742, 40.855038 ], [ -111.889496, 40.855213 ], [ -111.886402, 40.857902 ], [ -111.884598, 40.85884 ], [ -111.883718, 40.859689 ], [ -111.881737, 40.862164 ], [ -111.881519, 40.862451 ], [ -111.881538, 40.862649 ], [ -111.881748, 40.862941 ], [ -111.886517, 40.866433 ], [ -111.888332, 40.870329 ], [ -111.888505, 40.870627 ], [ -111.889124, 40.870997 ], [ -111.890495, 40.871819 ], [ -111.891992, 40.872018 ], [ -111.892352, 40.872022 ], [ -111.893508, 40.871688 ], [ -111.89685, 40.870487 ], [ -111.902113, 40.867623 ], [ -111.90222, 40.867557 ], [ -111.902336, 40.867485 ], [ -111.903173, 40.866922 ], [ -111.903171, 40.866562 ], [ -111.905419, 40.862231 ], [ -111.908697, 40.862691 ], [ -111.910794, 40.861894 ], [ -111.910879, 40.861809 ], [ -111.910879, 40.861449 ] ] ] } },
{ "type": "Feature", "properties": { "group_index": 0, "value": 300.0, "center": [ -111.90140228543007, 40.85521915669211 ], "point_id": 7 }, "geometry": { "type": "Polygon", "coordinates": [ [ [ -111.90514, 40.8549 ], [ -111.905261, 40.854157 ], [ -111.905266, 40.853797 ], [ -111.90413, 40.85208 ], [ -111.903845, 40.851861 ], [ -111.902338, 40.851603 ], [ -111.901978, 40.851602 ], [ -111.89852, 40.853484 ], [ -111.897798, 40.854542 ], [ -111.897193, 40.855617 ], [ -111.897195, 40.855977 ], [ -111.89814, 40.857428 ], [ -111.898767, 40.858271 ], [ -111.899046, 40.8585 ], [ -111.899153, 40.858575 ], [ -111.901892, 40.85881 ], [ -111.902252, 40.858811 ], [ -111.902339, 40.85879 ], [ -111.903471, 40.858138 ], [ -111.904434, 40.857278 ], [ -111.904773, 40.856972 ], [ -111.90514, 40.8549 ] ] ] } },
{ "type": "Feature", "properties": { "group_index": 0, "value": 600.0, "center": [ -111.90140228543007, 40.85521915669211 ], "point_id": 7 }, "geometry": { "type": "Polygon", "coordinates": [ [ [ -111.908597, 40.851768 ], [ -111.90819, 40.850894 ], [ -111.907102, 40.849368 ], [ -111.906532, 40.848772 ], [ -111.90624, 40.848561 ], [ -111.902675, 40.848273 ], [ -111.902374, 40.848277 ], [ -111.902072, 40.848281 ], [ -111.902072, 40.848281 ], [ -111.90177, 40.848285 ], [ -111.901468, 40.848289 ], [ -111.901361, 40.848367 ], [ -111.898938, 40.850203 ], [ -111.895938, 40.851601 ], [ -111.895276, 40.852092 ], [ -111.895146, 40.852238 ], [ -111.892732, 40.855485 ], [ -111.89273, 40.855611 ], [ -111.892972, 40.855878 ], [ -111.894065, 40.857265 ], [ -111.896011, 40.861174 ], [ -111.896247, 40.861649 ], [ -111.896649, 40.861769 ], [ -111.902183, 40.861812 ], [ -111.902226, 40.861757 ], [ -111.90522, 40.857283 ], [ -111.907124, 40.855012 ], [ -111.908938, 40.853062 ], [ -111.908974, 40.853008 ], [ -111.908597, 40.851768 ] ] ] } },
{ "type": "Feature", "properties": { "group_index": 0, "value": 900.0, "center": [ -111.90140228543007, 40.85521915669211 ], "point_id": 7 }, "geometry": { "type": "Polygon", "coordinates": [ [ [ -111.912022, 40.850037 ], [ -111.912022, 40.850034 ], [ -111.912017, 40.849835 ], [ -111.911065, 40.848163 ], [ -111.910991, 40.848077 ], [ -111.908545, 40.845447 ], [ -111.908227, 40.845278 ], [ -111.908078, 40.845287 ], [ -111.903724, 40.845292 ], [ -111.901709, 40.844723 ], [ -111.901398, 40.844872 ], [ -111.899419, 40.846041 ], [ -111.894928, 40.848765 ], [ -111.892072, 40.850354 ], [ -111.891324, 40.851253 ], [ -111.887986, 40.855212 ], [ -111.887986, 40.855572 ], [ -111.888013, 40.855625 ], [ -111.889505, 40.858471 ], [ -111.891173, 40.861518 ], [ -111.891292, 40.861698 ], [ -111.893272, 40.86434 ], [ -111.89364, 40.864686 ], [ -111.894008, 40.865018 ], [ -111.894069, 40.865027 ], [ -111.899065, 40.864988 ], [ -111.901949, 40.864726 ], [ -111.902217, 40.864613 ], [ -111.90704, 40.861889 ], [ -111.90715, 40.861807 ], [ -111.90715, 40.861447 ], [ -111.907064, 40.861365 ], [ -111.906495, 40.860896 ], [ -111.907124, 40.855012 ], [ -111.907214, 40.854907 ], [ -111.908938, 40.853062 ], [ -111.910056, 40.852179 ], [ -111.912023, 40.850236 ], [ -111.912022, 40.850037 ] ] ] } },
{ "type": "Feature", "properties": { "group_index": 0, "value": 300.0, "center": [ -111.90671596841368, 40.84841602008888 ], "point_id": 7 }, "geometry": { "type": "Polygon", "coordinates": [ [ [ -111.911647, 40.848156 ], [ -111.911573, 40.848068 ], [ -111.908762, 40.845038 ], [ -111.908465, 40.844853 ], [ -111.906383, 40.845405 ], [ -111.903622, 40.84693 ], [ -111.902452, 40.847601 ], [ -111.901815, 40.848284 ], [ -111.90182, 40.848644 ], [ -111.901822, 40.848647 ], [ -111.901845, 40.848678 ], [ -111.903967, 40.851426 ], [ -111.904088, 40.851546 ], [ -111.904373, 40.851767 ], [ -111.904578, 40.85171 ], [ -111.909087, 40.850572 ], [ -111.911651, 40.848516 ], [ -111.911647, 40.848156 ] ] ] } },
{ "type": "Feature", "properties": { "group_index": 0, "value": 600.0, "center": [ -111.90671596841368, 40.84841602008888 ], "point_id": 7 }, "geometry": { "type": "Polygon", "coordinates": [ [ [ -111.913951, 40.845673 ], [ -111.913951, 40.845672 ], [ -111.910785, 40.841438 ], [ -111.91046, 40.841283 ], [ -111.905891, 40.842928 ], [ -111.903874, 40.843487 ], [ -111.901798, 40.844248 ], [ -111.899624, 40.846275 ], [ -111.897144, 40.848153 ], [ -111.896972, 40.84847 ], [ -111.896999, 40.848748 ], [ -111.898549, 40.850565 ], [ -111.901173, 40.854911 ], [ -111.901455, 40.855135 ], [ -111.901894, 40.855074 ], [ -111.903022, 40.854556 ], [ -111.907163, 40.85285 ], [ -111.912034, 40.85196 ], [ -111.912932, 40.850485 ], [ -111.913951, 40.845673 ] ] ] } },
{ "type": "Feature", "properties": { "group_index": 0, "value": 900.0, "center": [ -111.90671596841368, 40.84841602008888 ], "point_id": 7 }, "geometry": { "type": "Polygon", "coordinates": [ [ [ -111.91324, 40.849862 ], [ -111.914752, 40.84459 ], [ -111.915805, 40.841968 ], [ -111.915805, 40.841608 ], [ -111.912649, 40.838151 ], [ -111.912269, 40.837966 ], [ -111.912122, 40.837913 ], [ -111.912088, 40.837903 ], [ -111.90956, 40.839248 ], [ -111.905821, 40.840773 ], [ -111.903069, 40.84082 ], [ -111.901957, 40.841676 ], [ -111.898045, 40.844549 ], [ -111.893079, 40.847732 ], [ -111.892889, 40.848038 ], [ -111.892843, 40.848236 ], [ -111.893655, 40.850875 ], [ -111.896633, 40.855215 ], [ -111.898324, 40.857429 ], [ -111.899002, 40.858188 ], [ -111.899282, 40.858414 ], [ -111.902253, 40.858368 ], [ -111.902806, 40.858308 ], [ -111.905383, 40.856629 ], [ -111.905928, 40.856059 ], [ -111.911692, 40.855708 ], [ -111.912052, 40.855708 ], [ -111.91324, 40.849862 ] ] ] } },
{ "type": "Feature", "properties": { "group_index": 0, "value": 300.0, "center": [ -111.91023672950563, 40.84185300147015 ], "point_id": 7 }, "geometry": { "type": "Polygon", "coordinates": [ [ [ -111.915273, 40.841607 ], [ -111.912464, 40.838646 ], [ -111.912239, 40.838464 ], [ -111.911925, 40.838288 ], [ -111.909139, 40.83958 ], [ -111.905892, 40.841299 ], [ -111.905722, 40.841391 ], [ -111.905459, 40.841556 ], [ -111.905371, 40.84163 ], [ -111.905289, 40.841867 ], [ -111.90536, 40.842071 ], [ -111.907937, 40.844929 ], [ -111.908243, 40.845249 ], [ -111.908561, 40.845417 ], [ -111.908617, 40.845422 ], [ -111.911924, 40.844456 ], [ -111.913478, 40.843604 ], [ -111.915272, 40.841967 ], [ -111.915273, 40.841607 ] ] ] } },
{ "type": "Feature", "properties": { "group_index": 0, "value": 600.0, "center": [ -111.91023672950563, 40.84185300147015 ], "point_id": 7 }, "geometry": { "type": "Polygon", "coordinates": [ [ [ -111.920148, 40.841649 ], [ -111.92004, 40.841624 ], [ -111.918759, 40.841711 ], [ -111.917454, 40.841612 ], [ -111.91385, 40.838562 ], [ -111.914284, 40.834906 ], [ -111.91402, 40.834661 ], [ -111.911693, 40.835611 ], [ -111.911015, 40.835893 ], [ -111.907944, 40.837535 ], [ -111.904562, 40.838087 ], [ -111.903576, 40.838101 ], [ -111.899659, 40.841549 ], [ -111.899622, 40.84168 ], [ -111.899623, 40.84204 ], [ -111.901954, 40.844989 ], [ -111.906116, 40.848733 ], [ -111.906408, 40.848943 ], [ -111.912106, 40.848696 ], [ -111.913118, 40.84743 ], [ -111.917378, 40.844025 ], [ -111.920088, 40.842082 ], [ -111.920148, 40.841649 ] ] ] } },
{ "type": "Feature", "properties": { "group_index": 0, "value": 900.0, "center": [ -111.91023672950563, 40.84185300147015 ], "point_id": 7 }, "geometry": { "type": "Polygon", "coordinates": [ [ [ -111.925043, 40.841726 ], [ -111.924943, 40.841623 ], [ -111.923056, 40.839897 ], [ -111.922733, 40.839738 ], [ -111.920905, 40.84011 ], [ -111.920602, 40.840119 ], [ -111.919078, 40.840498 ], [ -111.91385, 40.838562 ], [ -111.9136, 40.836866 ], [ -111.914334, 40.834846 ], [ -111.914571, 40.834461 ], [ -111.914934, 40.833929 ], [ -111.915058, 40.833779 ], [ -111.916163, 40.832855 ], [ -111.916395, 40.83264 ], [ -111.916642, 40.832408 ], [ -111.916809, 40.83221 ], [ -111.916917, 40.832052 ], [ -111.917024, 40.831894 ], [ -111.915429, 40.830773 ], [ -111.91508, 40.830684 ], [ -111.911777, 40.833208 ], [ -111.911027, 40.833636 ], [ -111.909985, 40.834188 ], [ -111.905057, 40.835004 ], [ -111.902952, 40.836649 ], [ -111.898581, 40.839949 ], [ -111.897296, 40.839965 ], [ -111.895475, 40.843144 ], [ -111.895503, 40.843503 ], [ -111.895841, 40.845195 ], [ -111.896076, 40.845468 ], [ -111.898166, 40.847734 ], [ -111.898429, 40.84798 ], [ -111.90261, 40.850504 ], [ -111.903636, 40.852133 ], [ -111.903921, 40.852352 ], [ -111.905712, 40.851207 ], [ -111.910483, 40.851583 ], [ -111.911674, 40.851901 ], [ -111.912034, 40.851899 ], [ -111.912126, 40.851827 ], [ -111.916341, 40.847617 ], [ -111.921377, 40.844534 ], [ -111.921737, 40.844535 ], [ -111.922249, 40.844192 ], [ -111.925042, 40.842086 ], [ -111.925043, 40.841726 ] ] ] } },
{ "type": "Feature", "properties": { "group_index": 0, "value": 300.0, "center": [ -111.91599408100441, 40.80424516820155 ], "point_id": 7 }, "geometry": { "type": "Polygon", "coordinates": [ [ [ -111.919188, 40.80541 ], [ -111.914394, 40.801902 ], [ -111.913882, 40.801567 ], [ -111.912685, 40.801398 ], [ -111.912459, 40.801678 ], [ -111.912445, 40.801861 ], [ -111.912668, 40.802655 ], [ -111.915785, 40.807029 ], [ -111.917054, 40.807126 ], [ -111.918784, 40.806755 ], [ -111.919189, 40.80577 ], [ -111.919188, 40.80541 ] ] ] } },
{ "type": "Feature", "properties": { "group_index": 0, "value": 600.0, "center": [ -111.91599408100441, 40.80424516820155 ], "point_id": 7 }, "geometry": { "type": "Polygon", "coordinates": [ [ [ -111.920999, 40.807677 ], [ -111.921025, 40.80699 ], [ -111.921024, 40.806706 ], [ -111.921023, 40.80643 ], [ -111.921004, 40.806164 ], [ -111.920985, 40.80591 ], [ -111.920683, 40.802828 ], [ -111.917076, 40.800152 ], [ -111.915868, 40.799233 ], [ -111.915542, 40.799232 ], [ -111.915216, 40.799231 ], [ -111.911347, 40.799417 ], [ -111.908297, 40.797831 ], [ -111.908074, 40.798113 ], [ -111.909246, 40.799791 ], [ -111.910054, 40.800237 ], [ -111.912668, 40.802655 ], [ -111.913699, 40.80853 ], [ -111.913728, 40.808856 ], [ -111.913772, 40.809523 ], [ -111.913787, 40.809871 ], [ -111.918244, 40.811176 ], [ -111.918601, 40.811134 ], [ -111.920973, 40.808365 ], [ -111.920999, 40.807677 ] ] ] } },
{ "type": "Feature", "properties": { "group_index": 0, "value": 900.0, "center": [ -111.91599408100441, 40.80424516820155 ], "point_id": 7 }, "geometry": { "type": "Polygon", "coordinates": [ [ [ -111.922781, 40.80928 ], [ -111.922644, 40.808906 ], [ -111.922481, 40.808683 ], [ -111.92069, 40.803674 ], [ -111.920683, 40.802828 ], [ -111.920679, 40.802723 ], [ -111.920614, 40.802387 ], [ -111.920541, 40.802023 ], [ -111.92046, 40.801801 ], [ -111.920369, 40.801557 ], [ -111.92021, 40.801252 ], [ -111.920042, 40.800931 ], [ -111.91983, 40.800606 ], [ -111.919616, 40.800279 ], [ -111.918991, 40.799348 ], [ -111.918365, 40.798417 ], [ -111.915216, 40.799231 ], [ -111.911347, 40.799417 ], [ -111.9085, 40.797992 ], [ -111.908297, 40.797831 ], [ -111.907271, 40.797017 ], [ -111.906316, 40.796258 ], [ -111.905361, 40.7955 ], [ -111.905137, 40.795782 ], [ -111.906263, 40.797305 ], [ -111.9064, 40.797445 ], [ -111.909246, 40.799791 ], [ -111.910054, 40.800237 ], [ -111.912668, 40.802655 ], [ -111.913699, 40.80853 ], [ -111.913728, 40.808856 ], [ -111.913772, 40.809523 ], [ -111.913773, 40.809548 ], [ -111.913787, 40.809871 ], [ -111.91379, 40.809934 ], [ -111.913867, 40.810581 ], [ -111.91421, 40.811766 ], [ -111.91447, 40.812619 ], [ -111.917604, 40.814863 ], [ -111.917932, 40.815011 ], [ -111.918484, 40.814518 ], [ -111.920853, 40.811839 ], [ -111.922797, 40.809479 ], [ -111.922781, 40.80928 ] ] ] } },
{ "type": "Feature", "properties": { "group_index": 0, "value": 300.0, "center": [ -111.908549023737, 40.79826097234693 ], "point_id": 7 }, "geometry": { "type": "Polygon", "coordinates": [ [ [ -111.911975, 40.799684 ], [ -111.911459, 40.799275 ], [ -111.907271, 40.797017 ], [ -111.906181, 40.796151 ], [ -111.906043, 40.796041 ], [ -111.90509, 40.795284 ], [ -111.904814, 40.795066 ], [ -111.90459, 40.795348 ], [ -111.907151, 40.7976 ], [ -111.909246, 40.799791 ], [ -111.910054, 40.800237 ], [ -111.911802, 40.801148 ], [ -111.912028, 40.800868 ], [ -111.912492, 40.800093 ], [ -111.911975, 40.799684 ] ] ] } },
{ "type": "Feature", "properties": { "group_index": 0, "value": 600.0, "center": [ -111.908549023737, 40.79826097234693 ], "point_id": 7 }, "geometry": { "type": "Polygon", "coordinates": [ [ [ -111.916039, 40.799234 ], [ -111.915627, 40.799232 ], [ -111.915216, 40.799231 ], [ -111.911459, 40.799275 ], [ -111.9085, 40.797992 ], [ -111.907271, 40.797017 ], [ -111.904412, 40.794136 ], [ -111.902704, 40.792302 ], [ -111.9024, 40.792161 ], [ -111.902091, 40.792348 ], [ -111.901566, 40.793122 ], [ -111.90181, 40.793323 ], [ -111.902054, 40.793524 ], [ -111.9064, 40.797445 ], [ -111.909246, 40.799791 ], [ -111.912668, 40.802655 ], [ -111.914955, 40.803842 ], [ -111.915222, 40.80386 ], [ -111.915444, 40.803577 ], [ -111.91716, 40.800332 ], [ -111.916039, 40.799234 ] ] ] } },
{ "type": "Feature", "properties": { "group_index": 0, "value": 900.0, "center": [ -111.908549023737, 40.79826097234693 ], "point_id": 7 }, "geometry": { "type": "Polygon", "coordinates": [ [ [ -111.918938, 40.803611 ], [ -111.91894, 40.803471 ], [ -111.91851, 40.801444 ], [ -111.918455, 40.801305 ], [ -111.91669, 40.799416 ], [ -111.916039, 40.799234 ], [ -111.915627, 40.799232 ], [ -111.915216, 40.799231 ], [ -111.911459, 40.799275 ], [ -111.9085, 40.797992 ], [ -111.907271, 40.797017 ], [ -111.904412, 40.794136 ], [ -111.90248, 40.789299 ], [ -111.902167, 40.78912 ], [ -111.900653, 40.788893 ], [ -111.897878, 40.788511 ], [ -111.897603, 40.788743 ], [ -111.898658, 40.789997 ], [ -111.899713, 40.791251 ], [ -111.900135, 40.791746 ], [ -111.900556, 40.792239 ], [ -111.900702, 40.792383 ], [ -111.900836, 40.792514 ], [ -111.901016, 40.792666 ], [ -111.901185, 40.792809 ], [ -111.901566, 40.793122 ], [ -111.90181, 40.793323 ], [ -111.902054, 40.793524 ], [ -111.9064, 40.797445 ], [ -111.909246, 40.799791 ], [ -111.912668, 40.802655 ], [ -111.915873, 40.807005 ], [ -111.917028, 40.807076 ], [ -111.917349, 40.806912 ], [ -111.918502, 40.806217 ], [ -111.918938, 40.803611 ] ] ] } },
{ "type": "Feature", "properties": { "group_index": 0, "value": 300.0, "center": [ -111.9025151976947, 40.78901402117049 ], "point_id": 7 }, "geometry": { "type": "Polygon", "coordinates": [ [ [ -111.90441, 40.786528 ], [ -111.904246, 40.786312 ], [ -111.902723, 40.785329 ], [ -111.902363, 40.785327 ], [ -111.902029, 40.785483 ], [ -111.901958, 40.785532 ], [ -111.900589, 40.786562 ], [ -111.900402, 40.786713 ], [ -111.899772, 40.787821 ], [ -111.899233, 40.789127 ], [ -111.89937, 40.789361 ], [ -111.900328, 40.79089 ], [ -111.902085, 40.792336 ], [ -111.905405, 40.791285 ], [ -111.906257, 40.790403 ], [ -111.906468, 40.790111 ], [ -111.90441, 40.786528 ] ] ] } },
{ "type": "Feature", "properties": { "group_index": 0, "value": 600.0, "center": [ -111.9025151976947, 40.78901402117049 ], "point_id": 7 }, "geometry": { "type": "Polygon", "coordinates": [ [ [ -111.909918, 40.791056 ], [ -111.908512, 40.788669 ], [ -111.904788, 40.786701 ], [ -111.903837, 40.782735 ], [ -111.903836, 40.782375 ], [ -111.903803, 40.782334 ], [ -111.903512, 40.782044 ], [ -111.902926, 40.781688 ], [ -111.902723, 40.781579 ], [ -111.902363, 40.781583 ], [ -111.902155, 40.781683 ], [ -111.901623, 40.782038 ], [ -111.896813, 40.784763 ], [ -111.896713, 40.784835 ], [ -111.896682, 40.784879 ], [ -111.896542, 40.785211 ], [ -111.897662, 40.78707 ], [ -111.898799, 40.788694 ], [ -111.901567, 40.793124 ], [ -111.90181, 40.793324 ], [ -111.902054, 40.793524 ], [ -111.90389, 40.794998 ], [ -111.904273, 40.795304 ], [ -111.904656, 40.795609 ], [ -111.905884, 40.796375 ], [ -111.910192, 40.792343 ], [ -111.910403, 40.792052 ], [ -111.909918, 40.791056 ] ] ] } },
{ "type": "Feature", "properties": { "group_index": 0, "value": 900.0, "center": [ -111.9025151976947, 40.78901402117049 ], "point_id": 7 }, "geometry": { "type": "Polygon", "coordinates": [ [ [ -111.912999, 40.794707 ], [ -111.912038, 40.793577 ], [ -111.911844, 40.793358 ], [ -111.911682, 40.793193 ], [ -111.911527, 40.793035 ], [ -111.909918, 40.791056 ], [ -111.908826, 40.789262 ], [ -111.908659, 40.788946 ], [ -111.908512, 40.788669 ], [ -111.908487, 40.788621 ], [ -111.908226, 40.788188 ], [ -111.908935, 40.782478 ], [ -111.908925, 40.782118 ], [ -111.90843, 40.782027 ], [ -111.90487, 40.780065 ], [ -111.903542, 40.778021 ], [ -111.902606, 40.777709 ], [ -111.902535, 40.777708 ], [ -111.902531, 40.777708 ], [ -111.902459, 40.777709 ], [ -111.902201, 40.777855 ], [ -111.900387, 40.778891 ], [ -111.896636, 40.781104 ], [ -111.894213, 40.781749 ], [ -111.894121, 40.78178 ], [ -111.893839, 40.782004 ], [ -111.893016, 40.782777 ], [ -111.893015, 40.783137 ], [ -111.894266, 40.78422 ], [ -111.897604, 40.788744 ], [ -111.898658, 40.789997 ], [ -111.899713, 40.791251 ], [ -111.900135, 40.791746 ], [ -111.900556, 40.792239 ], [ -111.900702, 40.792383 ], [ -111.900836, 40.792514 ], [ -111.901016, 40.792666 ], [ -111.901185, 40.792809 ], [ -111.901567, 40.793124 ], [ -111.90181, 40.793324 ], [ -111.902054, 40.793524 ], [ -111.9064, 40.797445 ], [ -111.90882, 40.798706 ], [ -111.913018, 40.79473 ], [ -111.912999, 40.794707 ] ] ] } },
{ "type": "Feature", "properties": { "group_index": 0, "value": 300.0, "center": [ -111.90261471279172, 40.78237997673449 ], "point_id": 7 }, "geometry": { "type": "Polygon", "coordinates": [ [ [ -111.907558, 40.782241 ], [ -111.907527, 40.782031 ], [ -111.903806, 40.779341 ], [ -111.903247, 40.778909 ], [ -111.902714, 40.778666 ], [ -111.902354, 40.778668 ], [ -111.902154, 40.778812 ], [ -111.900467, 40.780038 ], [ -111.900262, 40.780192 ], [ -111.899835, 40.780524 ], [ -111.897863, 40.782051 ], [ -111.89767, 40.782209 ], [ -111.89767, 40.782569 ], [ -111.90033, 40.78458 ], [ -111.900549, 40.784747 ], [ -111.902015, 40.785843 ], [ -111.902365, 40.786062 ], [ -111.902725, 40.786059 ], [ -111.907553, 40.782601 ], [ -111.907558, 40.782241 ] ] ] } },
{ "type": "Feature", "properties": { "group_index": 0, "value": 600.0, "center": [ -111.90261471279172, 40.78237997673449 ], "point_id": 7 }, "geometry": { "type": "Polygon", "coordinates": [ [ [ -111.912502, 40.782262 ], [ -111.912373, 40.782118 ], [ -111.91175, 40.781966 ], [ -111.910936, 40.782109 ], [ -111.906911, 40.778226 ], [ -111.906911, 40.778199 ], [ -111.906711, 40.777832 ], [ -111.903943, 40.775529 ], [ -111.902927, 40.775025 ], [ -111.902711, 40.774921 ], [ -111.902351, 40.774918 ], [ -111.902152, 40.775048 ], [ -111.901295, 40.775637 ], [ -111.899448, 40.777025 ], [ -111.894584, 40.780001 ], [ -111.893549, 40.781117 ], [ -111.893493, 40.781198 ], [ -111.893446, 40.781376 ], [ -111.893816, 40.783494 ], [ -111.893829, 40.783509 ], [ -111.896068, 40.785198 ], [ -111.899309, 40.78764 ], [ -111.901876, 40.789839 ], [ -111.902001, 40.78988 ], [ -111.903053, 40.789588 ], [ -111.905405, 40.788043 ], [ -111.905399, 40.787483 ], [ -111.905394, 40.786923 ], [ -111.908872, 40.78244 ], [ -111.910304, 40.782442 ], [ -111.911341, 40.782631 ], [ -111.911923, 40.782627 ], [ -111.912505, 40.782622 ], [ -111.912502, 40.782262 ] ] ] } },
{ "type": "Feature", "properties": { "group_index": 0, "value": 900.0, "center": [ -111.90261471279172, 40.78237997673449 ], "point_id": 7 }, "geometry": { "type": "Polygon", "coordinates": [ [ [ -111.917449, 40.7822 ], [ -111.917252, 40.782045 ], [ -111.914332, 40.779874 ], [ -111.914176, 40.779811 ], [ -111.909695, 40.776999 ], [ -111.909084, 40.775841 ], [ -111.906868, 40.773664 ], [ -111.903579, 40.771517 ], [ -111.902888, 40.771161 ], [ -111.902816, 40.771145 ], [ -111.902242, 40.771158 ], [ -111.902145, 40.771171 ], [ -111.901408, 40.771772 ], [ -111.89982, 40.772984 ], [ -111.899327, 40.773361 ], [ -111.896844, 40.775232 ], [ -111.893049, 40.776336 ], [ -111.892959, 40.776372 ], [ -111.892651, 40.776558 ], [ -111.890827, 40.77816 ], [ -111.889727, 40.779624 ], [ -111.889561, 40.779871 ], [ -111.889562, 40.780231 ], [ -111.889774, 40.780698 ], [ -111.890798, 40.781874 ], [ -111.892318, 40.783096 ], [ -111.89545, 40.785239 ], [ -111.898799, 40.788694 ], [ -111.900328, 40.79089 ], [ -111.902476, 40.792985 ], [ -111.902682, 40.79296 ], [ -111.907118, 40.791376 ], [ -111.907686, 40.790563 ], [ -111.907396, 40.79035 ], [ -111.905394, 40.786923 ], [ -111.908872, 40.78244 ], [ -111.913151, 40.784624 ], [ -111.913628, 40.785173 ], [ -111.913988, 40.785174 ], [ -111.914142, 40.785074 ], [ -111.914909, 40.784583 ], [ -111.917303, 40.782726 ], [ -111.917448, 40.78256 ], [ -111.917449, 40.7822 ] ] ] } },
{ "type": "Feature", "properties": { "group_index": 0, "value": 300.0, "center": [ -111.90253175875492, 40.775821307013636 ], "point_id": 7 }, "geometry": { "type": "Polygon", "coordinates": [ [ [ -111.907413, 40.775699 ], [ -111.907388, 40.775626 ], [ -111.907335, 40.775523 ], [ -111.905655, 40.774066 ], [ -111.904963, 40.7735 ], [ -111.902799, 40.772041 ], [ -111.902606, 40.772037 ], [ -111.902439, 40.77204 ], [ -111.902249, 40.772081 ], [ -111.900605, 40.773359 ], [ -111.89782, 40.775534 ], [ -111.897653, 40.775688 ], [ -111.897654, 40.776048 ], [ -111.897991, 40.776453 ], [ -111.89973, 40.777675 ], [ -111.902155, 40.779422 ], [ -111.902355, 40.779568 ], [ -111.902715, 40.779568 ], [ -111.904943, 40.778171 ], [ -111.905197, 40.777989 ], [ -111.907412, 40.776059 ], [ -111.907413, 40.775699 ] ] ] } },
{ "type": "Feature", "properties": { "group_index": 0, "value": 600.0, "center": [ -111.90253175875492, 40.775821307013636 ], "point_id": 7 }, "geometry": { "type": "Polygon", "coordinates": [ [ [ -111.912377, 40.775736 ], [ -111.912378, 40.775678 ], [ -111.912336, 40.775623 ], [ -111.912272, 40.775554 ], [ -111.909677, 40.773508 ], [ -111.909488, 40.773356 ], [ -111.905698, 40.7702 ], [ -111.904368, 40.769259 ], [ -111.902911, 40.768382 ], [ -111.902803, 40.76834 ], [ -111.902443, 40.768331 ], [ -111.902223, 40.768337 ], [ -111.901861, 40.76845 ], [ -111.901623, 40.768633 ], [ -111.899573, 40.770237 ], [ -111.898194, 40.771284 ], [ -111.894009, 40.774134 ], [ -111.89272, 40.775789 ], [ -111.892718, 40.776149 ], [ -111.893193, 40.776522 ], [ -111.895649, 40.778388 ], [ -111.89644, 40.779001 ], [ -111.8983, 40.780396 ], [ -111.899, 40.780925 ], [ -111.899413, 40.781237 ], [ -111.90105, 40.782395 ], [ -111.901277, 40.782556 ], [ -111.902153, 40.783172 ], [ -111.902571, 40.783457 ], [ -111.902931, 40.783459 ], [ -111.905179, 40.781922 ], [ -111.90988, 40.778214 ], [ -111.912238, 40.776198 ], [ -111.912361, 40.776055 ], [ -111.912377, 40.775736 ] ] ] } },
{ "type": "Feature", "properties": { "group_index": 0, "value": 900.0, "center": [ -111.90253175875492, 40.775821307013636 ], "point_id": 7 }, "geometry": { "type": "Polygon", "coordinates": [ [ [ -111.917309, 40.775692 ], [ -111.917284, 40.775622 ], [ -111.917229, 40.775527 ], [ -111.914771, 40.773664 ], [ -111.913229, 40.772421 ], [ -111.912116, 40.771504 ], [ -111.908228, 40.7677 ], [ -111.904195, 40.765199 ], [ -111.902968, 40.764651 ], [ -111.902736, 40.764569 ], [ -111.90217, 40.764588 ], [ -111.902035, 40.764669 ], [ -111.900196, 40.765787 ], [ -111.898583, 40.766993 ], [ -111.89838, 40.767153 ], [ -111.895755, 40.769326 ], [ -111.890848, 40.772477 ], [ -111.890515, 40.772708 ], [ -111.890173, 40.772964 ], [ -111.889636, 40.773423 ], [ -111.887752, 40.775799 ], [ -111.887746, 40.776159 ], [ -111.887884, 40.77633 ], [ -111.890108, 40.77831 ], [ -111.890207, 40.778394 ], [ -111.894689, 40.781471 ], [ -111.896162, 40.782633 ], [ -111.89625, 40.782705 ], [ -111.898734, 40.78447 ], [ -111.902369, 40.787216 ], [ -111.902729, 40.787217 ], [ -111.90298, 40.786912 ], [ -111.906621, 40.782587 ], [ -111.907693, 40.782603 ], [ -111.908766, 40.782618 ], [ -111.909181, 40.782471 ], [ -111.911995, 40.780237 ], [ -111.91619, 40.777027 ], [ -111.917188, 40.776196 ], [ -111.917309, 40.776052 ], [ -111.917309, 40.775692 ] ] ] } },
{ "type": "Feature", "properties": { "group_index": 0, "value": 300.0, "center": [ -111.90253175875492, 40.775821307013636 ], "point_id": 7 }, "geometry": { "type": "Polygon", "coordinates": [ [ [ -111.907413, 40.775699 ], [ -111.907388, 40.775626 ], [ -111.907335, 40.775523 ], [ -111.905655, 40.774066 ], [ -111.904963, 40.7735 ], [ -111.902799, 40.772041 ], [ -111.902606, 40.772037 ], [ -111.902439, 40.77204 ], [ -111.902249, 40.772081 ], [ -111.900605, 40.773359 ], [ -111.89782, 40.775534 ], [ -111.897653, 40.775688 ], [ -111.897654, 40.776048 ], [ -111.897991, 40.776453 ], [ -111.89973, 40.777675 ], [ -111.902155, 40.779422 ], [ -111.902355, 40.779568 ], [ -111.902715, 40.779568 ], [ -111.904943, 40.778171 ], [ -111.905197, 40.777989 ], [ -111.907412, 40.776059 ], [ -111.907413, 40.775699 ] ] ] } },
{ "type": "Feature", "properties": { "group_index": 0, "value": 600.0, "center": [ -111.90253175875492, 40.775821307013636 ], "point_id": 7 }, "geometry": { "type": "Polygon", "coordinates": [ [ [ -111.912377, 40.775736 ], [ -111.912378, 40.775678 ], [ -111.912336, 40.775623 ], [ -111.912272, 40.775554 ], [ -111.909677, 40.773508 ], [ -111.909488, 40.773356 ], [ -111.905698, 40.7702 ], [ -111.904368, 40.769259 ], [ -111.902911, 40.768382 ], [ -111.902803, 40.76834 ], [ -111.902443, 40.768331 ], [ -111.902223, 40.768337 ], [ -111.901861, 40.76845 ], [ -111.901623, 40.768633 ], [ -111.899573, 40.770237 ], [ -111.898194, 40.771284 ], [ -111.894009, 40.774134 ], [ -111.89272, 40.775789 ], [ -111.892718, 40.776149 ], [ -111.893193, 40.776522 ], [ -111.895649, 40.778388 ], [ -111.89644, 40.779001 ], [ -111.8983, 40.780396 ], [ -111.899, 40.780925 ], [ -111.899413, 40.781237 ], [ -111.90105, 40.782395 ], [ -111.901277, 40.782556 ], [ -111.902153, 40.783172 ], [ -111.902571, 40.783457 ], [ -111.902931, 40.783459 ], [ -111.905179, 40.781922 ], [ -111.90988, 40.778214 ], [ -111.912238, 40.776198 ], [ -111.912361, 40.776055 ], [ -111.912377, 40.775736 ] ] ] } },
{ "type": "Feature", "properties": { "group_index": 0, "value": 900.0, "center": [ -111.90253175875492, 40.775821307013636 ], "point_id": 7 }, "geometry": { "type": "Polygon", "coordinates": [ [ [ -111.917309, 40.775692 ], [ -111.917284, 40.775622 ], [ -111.917229, 40.775527 ], [ -111.914771, 40.773664 ], [ -111.913229, 40.772421 ], [ -111.912116, 40.771504 ], [ -111.908228, 40.7677 ], [ -111.904195, 40.765199 ], [ -111.902968, 40.764651 ], [ -111.902736, 40.764569 ], [ -111.90217, 40.764588 ], [ -111.902035, 40.764669 ], [ -111.900196, 40.765787 ], [ -111.898583, 40.766993 ], [ -111.89838, 40.767153 ], [ -111.895755, 40.769326 ], [ -111.890848, 40.772477 ], [ -111.890515, 40.772708 ], [ -111.890173, 40.772964 ], [ -111.889636, 40.773423 ], [ -111.887752, 40.775799 ], [ -111.887746, 40.776159 ], [ -111.887884, 40.77633 ], [ -111.890108, 40.77831 ], [ -111.890207, 40.778394 ], [ -111.894689, 40.781471 ], [ -111.896162, 40.782633 ], [ -111.89625, 40.782705 ], [ -111.898734, 40.78447 ], [ -111.902369, 40.787216 ], [ -111.902729, 40.787217 ], [ -111.90298, 40.786912 ], [ -111.906621, 40.782587 ], [ -111.907693, 40.782603 ], [ -111.908766, 40.782618 ], [ -111.909181, 40.782471 ], [ -111.911995, 40.780237 ], [ -111.91619, 40.777027 ], [ -111.917188, 40.776196 ], [ -111.917309, 40.776052 ], [ -111.917309, 40.775692 ] ] ] } },
{ "type": "Feature", "properties": { "group_index": 0, "value": 300.0, "center": [ -111.90261471279172, 40.78237997673449 ], "point_id": 7 }, "geometry": { "type": "Polygon", "coordinates": [ [ [ -111.907558, 40.782241 ], [ -111.907527, 40.782031 ], [ -111.903806, 40.779341 ], [ -111.903247, 40.778909 ], [ -111.902714, 40.778666 ], [ -111.902354, 40.778668 ], [ -111.902154, 40.778812 ], [ -111.900467, 40.780038 ], [ -111.900262, 40.780192 ], [ -111.899835, 40.780524 ], [ -111.897863, 40.782051 ], [ -111.89767, 40.782209 ], [ -111.89767, 40.782569 ], [ -111.90033, 40.78458 ], [ -111.900549, 40.784747 ], [ -111.902015, 40.785843 ], [ -111.902365, 40.786062 ], [ -111.902725, 40.786059 ], [ -111.907553, 40.782601 ], [ -111.907558, 40.782241 ] ] ] } },
{ "type": "Feature", "properties": { "group_index": 0, "value": 600.0, "center": [ -111.90261471279172, 40.78237997673449 ], "point_id": 7 }, "geometry": { "type": "Polygon", "coordinates": [ [ [ -111.912502, 40.782262 ], [ -111.912373, 40.782118 ], [ -111.91175, 40.781966 ], [ -111.910936, 40.782109 ], [ -111.906911, 40.778226 ], [ -111.906911, 40.778199 ], [ -111.906711, 40.777832 ], [ -111.903943, 40.775529 ], [ -111.902927, 40.775025 ], [ -111.902711, 40.774921 ], [ -111.902351, 40.774918 ], [ -111.902152, 40.775048 ], [ -111.901295, 40.775637 ], [ -111.899448, 40.777025 ], [ -111.894584, 40.780001 ], [ -111.893549, 40.781117 ], [ -111.893493, 40.781198 ], [ -111.893446, 40.781376 ], [ -111.893816, 40.783494 ], [ -111.893829, 40.783509 ], [ -111.896068, 40.785198 ], [ -111.899309, 40.78764 ], [ -111.901876, 40.789839 ], [ -111.902001, 40.78988 ], [ -111.903053, 40.789588 ], [ -111.905405, 40.788043 ], [ -111.905399, 40.787483 ], [ -111.905394, 40.786923 ], [ -111.908872, 40.78244 ], [ -111.910304, 40.782442 ], [ -111.911341, 40.782631 ], [ -111.911923, 40.782627 ], [ -111.912505, 40.782622 ], [ -111.912502, 40.782262 ] ] ] } },
{ "type": "Feature", "properties": { "group_index": 0, "value": 900.0, "center": [ -111.90261471279172, 40.78237997673449 ], "point_id": 7 }, "geometry": { "type": "Polygon", "coordinates": [ [ [ -111.917449, 40.7822 ], [ -111.917252, 40.782045 ], [ -111.914332, 40.779874 ], [ -111.914176, 40.779811 ], [ -111.909695, 40.776999 ], [ -111.909084, 40.775841 ], [ -111.906868, 40.773664 ], [ -111.903579, 40.771517 ], [ -111.902888, 40.771161 ], [ -111.902816, 40.771145 ], [ -111.902242, 40.771158 ], [ -111.902145, 40.771171 ], [ -111.901408, 40.771772 ], [ -111.89982, 40.772984 ], [ -111.899327, 40.773361 ], [ -111.896844, 40.775232 ], [ -111.893049, 40.776336 ], [ -111.892959, 40.776372 ], [ -111.892651, 40.776558 ], [ -111.890827, 40.77816 ], [ -111.889727, 40.779624 ], [ -111.889561, 40.779871 ], [ -111.889562, 40.780231 ], [ -111.889774, 40.780698 ], [ -111.890798, 40.781874 ], [ -111.892318, 40.783096 ], [ -111.89545, 40.785239 ], [ -111.898799, 40.788694 ], [ -111.900328, 40.79089 ], [ -111.902476, 40.792985 ], [ -111.902682, 40.79296 ], [ -111.907118, 40.791376 ], [ -111.907686, 40.790563 ], [ -111.907396, 40.79035 ], [ -111.905394, 40.786923 ], [ -111.908872, 40.78244 ], [ -111.913151, 40.784624 ], [ -111.913628, 40.785173 ], [ -111.913988, 40.785174 ], [ -111.914142, 40.785074 ], [ -111.914909, 40.784583 ], [ -111.917303, 40.782726 ], [ -111.917448, 40.78256 ], [ -111.917449, 40.7822 ] ] ] } },
{ "type": "Feature", "properties": { "group_index": 0, "value": 300.0, "center": [ -111.9025151976947, 40.78901402117049 ], "point_id": 7 }, "geometry": { "type": "Polygon", "coordinates": [ [ [ -111.90441, 40.786528 ], [ -111.904246, 40.786312 ], [ -111.902723, 40.785329 ], [ -111.902363, 40.785327 ], [ -111.902029, 40.785483 ], [ -111.901958, 40.785532 ], [ -111.900589, 40.786562 ], [ -111.900402, 40.786713 ], [ -111.899772, 40.787821 ], [ -111.899233, 40.789127 ], [ -111.89937, 40.789361 ], [ -111.900328, 40.79089 ], [ -111.902085, 40.792336 ], [ -111.905405, 40.791285 ], [ -111.906257, 40.790403 ], [ -111.906468, 40.790111 ], [ -111.90441, 40.786528 ] ] ] } },
{ "type": "Feature", "properties": { "group_index": 0, "value": 600.0, "center": [ -111.9025151976947, 40.78901402117049 ], "point_id": 7 }, "geometry": { "type": "Polygon", "coordinates": [ [ [ -111.909918, 40.791056 ], [ -111.908512, 40.788669 ], [ -111.904788, 40.786701 ], [ -111.903837, 40.782735 ], [ -111.903836, 40.782375 ], [ -111.903803, 40.782334 ], [ -111.903512, 40.782044 ], [ -111.902926, 40.781688 ], [ -111.902723, 40.781579 ], [ -111.902363, 40.781583 ], [ -111.902155, 40.781683 ], [ -111.901623, 40.782038 ], [ -111.896813, 40.784763 ], [ -111.896713, 40.784835 ], [ -111.896682, 40.784879 ], [ -111.896542, 40.785211 ], [ -111.897662, 40.78707 ], [ -111.898799, 40.788694 ], [ -111.901567, 40.793124 ], [ -111.90181, 40.793324 ], [ -111.902054, 40.793524 ], [ -111.90389, 40.794998 ], [ -111.904273, 40.795304 ], [ -111.904656, 40.795609 ], [ -111.905884, 40.796375 ], [ -111.910192, 40.792343 ], [ -111.910403, 40.792052 ], [ -111.909918, 40.791056 ] ] ] } },
{ "type": "Feature", "properties": { "group_index": 0, "value": 900.0, "center": [ -111.9025151976947, 40.78901402117049 ], "point_id": 7 }, "geometry": { "type": "Polygon", "coordinates": [ [ [ -111.912999, 40.794707 ], [ -111.912038, 40.793577 ], [ -111.911844, 40.793358 ], [ -111.911682, 40.793193 ], [ -111.911527, 40.793035 ], [ -111.909918, 40.791056 ], [ -111.908826, 40.789262 ], [ -111.908659, 40.788946 ], [ -111.908512, 40.788669 ], [ -111.908487, 40.788621 ], [ -111.908226, 40.788188 ], [ -111.908935, 40.782478 ], [ -111.908925, 40.782118 ], [ -111.90843, 40.782027 ], [ -111.90487, 40.780065 ], [ -111.903542, 40.778021 ], [ -111.902606, 40.777709 ], [ -111.902535, 40.777708 ], [ -111.902531, 40.777708 ], [ -111.902459, 40.777709 ], [ -111.902201, 40.777855 ], [ -111.900387, 40.778891 ], [ -111.896636, 40.781104 ], [ -111.894213, 40.781749 ], [ -111.894121, 40.78178 ], [ -111.893839, 40.782004 ], [ -111.893016, 40.782777 ], [ -111.893015, 40.783137 ], [ -111.894266, 40.78422 ], [ -111.897604, 40.788744 ], [ -111.898658, 40.789997 ], [ -111.899713, 40.791251 ], [ -111.900135, 40.791746 ], [ -111.900556, 40.792239 ], [ -111.900702, 40.792383 ], [ -111.900836, 40.792514 ], [ -111.901016, 40.792666 ], [ -111.901185, 40.792809 ], [ -111.901567, 40.793124 ], [ -111.90181, 40.793324 ], [ -111.902054, 40.793524 ], [ -111.9064, 40.797445 ], [ -111.90882, 40.798706 ], [ -111.913018, 40.79473 ], [ -111.912999, 40.794707 ] ] ] } },
{ "type": "Feature", "properties": { "group_index": 0, "value": 300.0, "center": [ -111.908549023737, 40.79826097234693 ], "point_id": 7 }, "geometry": { "type": "Polygon", "coordinates": [ [ [ -111.911975, 40.799684 ], [ -111.911459, 40.799275 ], [ -111.907271, 40.797017 ], [ -111.906181, 40.796151 ], [ -111.906043, 40.796041 ], [ -111.90509, 40.795284 ], [ -111.904814, 40.795066 ], [ -111.90459, 40.795348 ], [ -111.907151, 40.7976 ], [ -111.909246, 40.799791 ], [ -111.910054, 40.800237 ], [ -111.911802, 40.801148 ], [ -111.912028, 40.800868 ], [ -111.912492, 40.800093 ], [ -111.911975, 40.799684 ] ] ] } },
{ "type": "Feature", "properties": { "group_index": 0, "value": 600.0, "center": [ -111.908549023737, 40.79826097234693 ], "point_id": 7 }, "geometry": { "type": "Polygon", "coordinates": [ [ [ -111.916039, 40.799234 ], [ -111.915627, 40.799232 ], [ -111.915216, 40.799231 ], [ -111.911459, 40.799275 ], [ -111.9085, 40.797992 ], [ -111.907271, 40.797017 ], [ -111.904412, 40.794136 ], [ -111.902704, 40.792302 ], [ -111.9024, 40.792161 ], [ -111.902091, 40.792348 ], [ -111.901566, 40.793122 ], [ -111.90181, 40.793323 ], [ -111.902054, 40.793524 ], [ -111.9064, 40.797445 ], [ -111.909246, 40.799791 ], [ -111.912668, 40.802655 ], [ -111.914955, 40.803842 ], [ -111.915222, 40.80386 ], [ -111.915444, 40.803577 ], [ -111.91716, 40.800332 ], [ -111.916039, 40.799234 ] ] ] } },
{ "type": "Feature", "properties": { "group_index": 0, "value": 900.0, "center": [ -111.908549023737, 40.79826097234693 ], "point_id": 7 }, "geometry": { "type": "Polygon", "coordinates": [ [ [ -111.918938, 40.803611 ], [ -111.91894, 40.803471 ], [ -111.91851, 40.801444 ], [ -111.918455, 40.801305 ], [ -111.91669, 40.799416 ], [ -111.916039, 40.799234 ], [ -111.915627, 40.799232 ], [ -111.915216, 40.799231 ], [ -111.911459, 40.799275 ], [ -111.9085, 40.797992 ], [ -111.907271, 40.797017 ], [ -111.904412, 40.794136 ], [ -111.90248, 40.789299 ], [ -111.902167, 40.78912 ], [ -111.900653, 40.788893 ], [ -111.897878, 40.788511 ], [ -111.897603, 40.788743 ], [ -111.898658, 40.789997 ], [ -111.899713, 40.791251 ], [ -111.900135, 40.791746 ], [ -111.900556, 40.792239 ], [ -111.900702, 40.792383 ], [ -111.900836, 40.792514 ], [ -111.901016, 40.792666 ], [ -111.901185, 40.792809 ], [ -111.901566, 40.793122 ], [ -111.90181, 40.793323 ], [ -111.902054, 40.793524 ], [ -111.9064, 40.797445 ], [ -111.909246, 40.799791 ], [ -111.912668, 40.802655 ], [ -111.915873, 40.807005 ], [ -111.917028, 40.807076 ], [ -111.917349, 40.806912 ], [ -111.918502, 40.806217 ], [ -111.918938, 40.803611 ] ] ] } },
{ "type": "Feature", "properties": { "group_index": 0, "value": 300.0, "center": [ -111.91599408100441, 40.80424516820155 ], "point_id": 7 }, "geometry": { "type": "Polygon", "coordinates": [ [ [ -111.919188, 40.80541 ], [ -111.914394, 40.801902 ], [ -111.913882, 40.801567 ], [ -111.912685, 40.801398 ], [ -111.912459, 40.801678 ], [ -111.912445, 40.801861 ], [ -111.912668, 40.802655 ], [ -111.915785, 40.807029 ], [ -111.917054, 40.807126 ], [ -111.918784, 40.806755 ], [ -111.919189, 40.80577 ], [ -111.919188, 40.80541 ] ] ] } },
{ "type": "Feature", "properties": { "group_index": 0, "value": 600.0, "center": [ -111.91599408100441, 40.80424516820155 ], "point_id": 7 }, "geometry": { "type": "Polygon", "coordinates": [ [ [ -111.920999, 40.807677 ], [ -111.921025, 40.80699 ], [ -111.921024, 40.806706 ], [ -111.921023, 40.80643 ], [ -111.921004, 40.806164 ], [ -111.920985, 40.80591 ], [ -111.920683, 40.802828 ], [ -111.917076, 40.800152 ], [ -111.915868, 40.799233 ], [ -111.915542, 40.799232 ], [ -111.915216, 40.799231 ], [ -111.911347, 40.799417 ], [ -111.908297, 40.797831 ], [ -111.908074, 40.798113 ], [ -111.909246, 40.799791 ], [ -111.910054, 40.800237 ], [ -111.912668, 40.802655 ], [ -111.913699, 40.80853 ], [ -111.913728, 40.808856 ], [ -111.913772, 40.809523 ], [ -111.913787, 40.809871 ], [ -111.918244, 40.811176 ], [ -111.918601, 40.811134 ], [ -111.920973, 40.808365 ], [ -111.920999, 40.807677 ] ] ] } },
{ "type": "Feature", "properties": { "group_index": 0, "value": 900.0, "center": [ -111.91599408100441, 40.80424516820155 ], "point_id": 7 }, "geometry": { "type": "Polygon", "coordinates": [ [ [ -111.922781, 40.80928 ], [ -111.922644, 40.808906 ], [ -111.922481, 40.808683 ], [ -111.92069, 40.803674 ], [ -111.920683, 40.802828 ], [ -111.920679, 40.802723 ], [ -111.920614, 40.802387 ], [ -111.920541, 40.802023 ], [ -111.92046, 40.801801 ], [ -111.920369, 40.801557 ], [ -111.92021, 40.801252 ], [ -111.920042, 40.800931 ], [ -111.91983, 40.800606 ], [ -111.919616, 40.800279 ], [ -111.918991, 40.799348 ], [ -111.918365, 40.798417 ], [ -111.915216, 40.799231 ], [ -111.911347, 40.799417 ], [ -111.9085, 40.797992 ], [ -111.908297, 40.797831 ], [ -111.907271, 40.797017 ], [ -111.906316, 40.796258 ], [ -111.905361, 40.7955 ], [ -111.905137, 40.795782 ], [ -111.906263, 40.797305 ], [ -111.9064, 40.797445 ], [ -111.909246, 40.799791 ], [ -111.910054, 40.800237 ], [ -111.912668, 40.802655 ], [ -111.913699, 40.80853 ], [ -111.913728, 40.808856 ], [ -111.913772, 40.809523 ], [ -111.913773, 40.809548 ], [ -111.913787, 40.809871 ], [ -111.91379, 40.809934 ], [ -111.913867, 40.810581 ], [ -111.91421, 40.811766 ], [ -111.91447, 40.812619 ], [ -111.917604, 40.814863 ], [ -111.917932, 40.815011 ], [ -111.918484, 40.814518 ], [ -111.920853, 40.811839 ], [ -111.922797, 40.809479 ], [ -111.922781, 40.80928 ] ] ] } },
{ "type": "Feature", "properties": { "group_index": 0, "value": 300.0, "center": [ -111.91023672950563, 40.84185300147015 ], "point_id": 7 }, "geometry": { "type": "Polygon", "coordinates": [ [ [ -111.915273, 40.841607 ], [ -111.912464, 40.838646 ], [ -111.912239, 40.838464 ], [ -111.911925, 40.838288 ], [ -111.909139, 40.83958 ], [ -111.905892, 40.841299 ], [ -111.905722, 40.841391 ], [ -111.905459, 40.841556 ], [ -111.905371, 40.84163 ], [ -111.905289, 40.841867 ], [ -111.90536, 40.842071 ], [ -111.907937, 40.844929 ], [ -111.908243, 40.845249 ], [ -111.908561, 40.845417 ], [ -111.908617, 40.845422 ], [ -111.911924, 40.844456 ], [ -111.913478, 40.843604 ], [ -111.915272, 40.841967 ], [ -111.915273, 40.841607 ] ] ] } },
{ "type": "Feature", "properties": { "group_index": 0, "value": 600.0, "center": [ -111.91023672950563, 40.84185300147015 ], "point_id": 7 }, "geometry": { "type": "Polygon", "coordinates": [ [ [ -111.920148, 40.841649 ], [ -111.92004, 40.841624 ], [ -111.918759, 40.841711 ], [ -111.917454, 40.841612 ], [ -111.91385, 40.838562 ], [ -111.914284, 40.834906 ], [ -111.91402, 40.834661 ], [ -111.911693, 40.835611 ], [ -111.911015, 40.835893 ], [ -111.907944, 40.837535 ], [ -111.904562, 40.838087 ], [ -111.903576, 40.838101 ], [ -111.899659, 40.841549 ], [ -111.899622, 40.84168 ], [ -111.899623, 40.84204 ], [ -111.901954, 40.844989 ], [ -111.906116, 40.848733 ], [ -111.906408, 40.848943 ], [ -111.912106, 40.848696 ], [ -111.913118, 40.84743 ], [ -111.917378, 40.844025 ], [ -111.920088, 40.842082 ], [ -111.920148, 40.841649 ] ] ] } },
{ "type": "Feature", "properties": { "group_index": 0, "value": 900.0, "center": [ -111.91023672950563, 40.84185300147015 ], "point_id": 7 }, "geometry": { "type": "Polygon", "coordinates": [ [ [ -111.925043, 40.841726 ], [ -111.924943, 40.841623 ], [ -111.923056, 40.839897 ], [ -111.922733, 40.839738 ], [ -111.920905, 40.84011 ], [ -111.920602, 40.840119 ], [ -111.919078, 40.840498 ], [ -111.91385, 40.838562 ], [ -111.9136, 40.836866 ], [ -111.914334, 40.834846 ], [ -111.914571, 40.834461 ], [ -111.914934, 40.833929 ], [ -111.915058, 40.833779 ], [ -111.916163, 40.832855 ], [ -111.916395, 40.83264 ], [ -111.916642, 40.832408 ], [ -111.916809, 40.83221 ], [ -111.916917, 40.832052 ], [ -111.917024, 40.831894 ], [ -111.915429, 40.830773 ], [ -111.91508, 40.830684 ], [ -111.911777, 40.833208 ], [ -111.911027, 40.833636 ], [ -111.909985, 40.834188 ], [ -111.905057, 40.835004 ], [ -111.902952, 40.836649 ], [ -111.898581, 40.839949 ], [ -111.897296, 40.839965 ], [ -111.895475, 40.843144 ], [ -111.895503, 40.843503 ], [ -111.895841, 40.845195 ], [ -111.896076, 40.845468 ], [ -111.898166, 40.847734 ], [ -111.898429, 40.84798 ], [ -111.90261, 40.850504 ], [ -111.903636, 40.852133 ], [ -111.903921, 40.852352 ], [ -111.905712, 40.851207 ], [ -111.910483, 40.851583 ], [ -111.911674, 40.851901 ], [ -111.912034, 40.851899 ], [ -111.912126, 40.851827 ], [ -111.916341, 40.847617 ], [ -111.921377, 40.844534 ], [ -111.921737, 40.844535 ], [ -111.922249, 40.844192 ], [ -111.925042, 40.842086 ], [ -111.925043, 40.841726 ] ] ] } },
{ "type": "Feature", "properties": { "group_index": 0, "value": 300.0, "center": [ -111.90671596841368, 40.84841602008888 ], "point_id": 7 }, "geometry": { "type": "Polygon", "coordinates": [ [ [ -111.911647, 40.848156 ], [ -111.911573, 40.848068 ], [ -111.908762, 40.845038 ], [ -111.908465, 40.844853 ], [ -111.906383, 40.845405 ], [ -111.903622, 40.84693 ], [ -111.902452, 40.847601 ], [ -111.901815, 40.848284 ], [ -111.90182, 40.848644 ], [ -111.901822, 40.848647 ], [ -111.901845, 40.848678 ], [ -111.903967, 40.851426 ], [ -111.904088, 40.851546 ], [ -111.904373, 40.851767 ], [ -111.904578, 40.85171 ], [ -111.909087, 40.850572 ], [ -111.911651, 40.848516 ], [ -111.911647, 40.848156 ] ] ] } },
{ "type": "Feature", "properties": { "group_index": 0, "value": 600.0, "center": [ -111.90671596841368, 40.84841602008888 ], "point_id": 7 }, "geometry": { "type": "Polygon", "coordinates": [ [ [ -111.913951, 40.845673 ], [ -111.913951, 40.845672 ], [ -111.910785, 40.841438 ], [ -111.91046, 40.841283 ], [ -111.905891, 40.842928 ], [ -111.903874, 40.843487 ], [ -111.901798, 40.844248 ], [ -111.899624, 40.846275 ], [ -111.897144, 40.848153 ], [ -111.896972, 40.84847 ], [ -111.896999, 40.848748 ], [ -111.898549, 40.850565 ], [ -111.901173, 40.854911 ], [ -111.901455, 40.855135 ], [ -111.901894, 40.855074 ], [ -111.903022, 40.854556 ], [ -111.907163, 40.85285 ], [ -111.912034, 40.85196 ], [ -111.912932, 40.850485 ], [ -111.913951, 40.845673 ] ] ] } },
{ "type": "Feature", "properties": { "group_index": 0, "value": 900.0, "center": [ -111.90671596841368, 40.84841602008888 ], "point_id": 7 }, "geometry": { "type": "Polygon", "coordinates": [ [ [ -111.91324, 40.849862 ], [ -111.914752, 40.84459 ], [ -111.915805, 40.841968 ], [ -111.915805, 40.841608 ], [ -111.912649, 40.838151 ], [ -111.912269, 40.837966 ], [ -111.912122, 40.837913 ], [ -111.912088, 40.837903 ], [ -111.90956, 40.839248 ], [ -111.905821, 40.840773 ], [ -111.903069, 40.84082 ], [ -111.901957, 40.841676 ], [ -111.898045, 40.844549 ], [ -111.893079, 40.847732 ], [ -111.892889, 40.848038 ], [ -111.892843, 40.848236 ], [ -111.893655, 40.850875 ], [ -111.896633, 40.855215 ], [ -111.898324, 40.857429 ], [ -111.899002, 40.858188 ], [ -111.899282, 40.858414 ], [ -111.902253, 40.858368 ], [ -111.902806, 40.858308 ], [ -111.905383, 40.856629 ], [ -111.905928, 40.856059 ], [ -111.911692, 40.855708 ], [ -111.912052, 40.855708 ], [ -111.91324, 40.849862 ] ] ] } },
{ "type": "Feature", "properties": { "group_index": 0, "value": 300.0, "center": [ -111.90140228543007, 40.85521915669211 ], "point_id": 7 }, "geometry": { "type": "Polygon", "coordinates": [ [ [ -111.90514, 40.8549 ], [ -111.905261, 40.854157 ], [ -111.905266, 40.853797 ], [ -111.90413, 40.85208 ], [ -111.903845, 40.851861 ], [ -111.902338, 40.851603 ], [ -111.901978, 40.851602 ], [ -111.89852, 40.853484 ], [ -111.897798, 40.854542 ], [ -111.897193, 40.855617 ], [ -111.897195, 40.855977 ], [ -111.89814, 40.857428 ], [ -111.898767, 40.858271 ], [ -111.899046, 40.8585 ], [ -111.899153, 40.858575 ], [ -111.901892, 40.85881 ], [ -111.902252, 40.858811 ], [ -111.902339, 40.85879 ], [ -111.903471, 40.858138 ], [ -111.904434, 40.857278 ], [ -111.904773, 40.856972 ], [ -111.90514, 40.8549 ] ] ] } },
{ "type": "Feature", "properties": { "group_index": 0, "value": 600.0, "center": [ -111.90140228543007, 40.85521915669211 ], "point_id": 7 }, "geometry": { "type": "Polygon", "coordinates": [ [ [ -111.908597, 40.851768 ], [ -111.90819, 40.850894 ], [ -111.907102, 40.849368 ], [ -111.906532, 40.848772 ], [ -111.90624, 40.848561 ], [ -111.902675, 40.848273 ], [ -111.902374, 40.848277 ], [ -111.902072, 40.848281 ], [ -111.902072, 40.848281 ], [ -111.90177, 40.848285 ], [ -111.901468, 40.848289 ], [ -111.901361, 40.848367 ], [ -111.898938, 40.850203 ], [ -111.895938, 40.851601 ], [ -111.895276, 40.852092 ], [ -111.895146, 40.852238 ], [ -111.892732, 40.855485 ], [ -111.89273, 40.855611 ], [ -111.892972, 40.855878 ], [ -111.894065, 40.857265 ], [ -111.896011, 40.861174 ], [ -111.896247, 40.861649 ], [ -111.896649, 40.861769 ], [ -111.902183, 40.861812 ], [ -111.902226, 40.861757 ], [ -111.90522, 40.857283 ], [ -111.907124, 40.855012 ], [ -111.908938, 40.853062 ], [ -111.908974, 40.853008 ], [ -111.908597, 40.851768 ] ] ] } },
{ "type": "Feature", "properties": { "group_index": 0, "value": 900.0, "center": [ -111.90140228543007, 40.85521915669211 ], "point_id": 7 }, "geometry": { "type": "Polygon", "coordinates": [ [ [ -111.912022, 40.850037 ], [ -111.912022, 40.850034 ], [ -111.912017, 40.849835 ], [ -111.911065, 40.848163 ], [ -111.910991, 40.848077 ], [ -111.908545, 40.845447 ], [ -111.908227, 40.845278 ], [ -111.908078, 40.845287 ], [ -111.903724, 40.845292 ], [ -111.901709, 40.844723 ], [ -111.901398, 40.844872 ], [ -111.899419, 40.846041 ], [ -111.894928, 40.848765 ], [ -111.892072, 40.850354 ], [ -111.891324, 40.851253 ], [ -111.887986, 40.855212 ], [ -111.887986, 40.855572 ], [ -111.888013, 40.855625 ], [ -111.889505, 40.858471 ], [ -111.891173, 40.861518 ], [ -111.891292, 40.861698 ], [ -111.893272, 40.86434 ], [ -111.89364, 40.864686 ], [ -111.894008, 40.865018 ], [ -111.894069, 40.865027 ], [ -111.899065, 40.864988 ], [ -111.901949, 40.864726 ], [ -111.902217, 40.864613 ], [ -111.90704, 40.861889 ], [ -111.90715, 40.861807 ], [ -111.90715, 40.861447 ], [ -111.907064, 40.861365 ], [ -111.906495, 40.860896 ], [ -111.907124, 40.855012 ], [ -111.907214, 40.854907 ], [ -111.908938, 40.853062 ], [ -111.910056, 40.852179 ], [ -111.912023, 40.850236 ], [ -111.912022, 40.850037 ] ] ] } },
{ "type": "Feature", "properties": { "group_index": 0, "value": 300.0, "center": [ -111.89631315763577, 40.86160401160543 ], "point_id": 7 }, "geometry": { "type": "Polygon", "coordinates": [ [ [ -111.901319, 40.861205 ], [ -111.90126, 40.860952 ], [ -111.899029, 40.85852 ], [ -111.898751, 40.858291 ], [ -111.896005, 40.858196 ], [ -111.895645, 40.858193 ], [ -111.893532, 40.859467 ], [ -111.892887, 40.859874 ], [ -111.891359, 40.861421 ], [ -111.891358, 40.861781 ], [ -111.893252, 40.864331 ], [ -111.893628, 40.864701 ], [ -111.893909, 40.864926 ], [ -111.894033, 40.864991 ], [ -111.897817, 40.864209 ], [ -111.899043, 40.863575 ], [ -111.899669, 40.863081 ], [ -111.89989, 40.862883 ], [ -111.901259, 40.86156 ], [ -111.901319, 40.861205 ] ] ] } },
{ "type": "Feature", "properties": { "group_index": 0, "value": 600.0, "center": [ -111.89631315763577, 40.86160401160543 ], "point_id": 7 }, "geometry": { "type": "Polygon", "coordinates": [ [ [ -111.905926, 40.861719 ], [ -111.905921, 40.86145 ], [ -111.903708, 40.85852 ], [ -111.901481, 40.855103 ], [ -111.901198, 40.854879 ], [ -111.896817, 40.854912 ], [ -111.894029, 40.855665 ], [ -111.892048, 40.856835 ], [ -111.891945, 40.856906 ], [ -111.890387, 40.858336 ], [ -111.886504, 40.861334 ], [ -111.886404, 40.861417 ], [ -111.886404, 40.861777 ], [ -111.886462, 40.861862 ], [ -111.886713, 40.862074 ], [ -111.890319, 40.866106 ], [ -111.890993, 40.867168 ], [ -111.89175, 40.868547 ], [ -111.892108, 40.868579 ], [ -111.892773, 40.868392 ], [ -111.897948, 40.86716 ], [ -111.902216, 40.86381 ], [ -111.90585, 40.861897 ], [ -111.905928, 40.86181 ], [ -111.905926, 40.861719 ] ] ] } },
{ "type": "Feature", "properties": { "group_index": 0, "value": 900.0, "center": [ -111.89631315763577, 40.86160401160543 ], "point_id": 7 }, "geometry": { "type": "Polygon", "coordinates": [ [ [ -111.910879, 40.861449 ], [ -111.907059, 40.857877 ], [ -111.90529, 40.853797 ], [ -111.904138, 40.85207 ], [ -111.903852, 40.851851 ], [ -111.902338, 40.85154 ], [ -111.901978, 40.851539 ], [ -111.896651, 40.852111 ], [ -111.89323, 40.853269 ], [ -111.889742, 40.855038 ], [ -111.889496, 40.855213 ], [ -111.886402, 40.857902 ], [ -111.884598, 40.85884 ], [ -111.883718, 40.859689 ], [ -111.881737, 40.862164 ], [ -111.881519, 40.862451 ], [ -111.881538, 40.862649 ], [ -111.881748, 40.862941 ], [ -111.886517, 40.866433 ], [ -111.888332, 40.870329 ], [ -111.888505, 40.870627 ], [ -111.889124, 40.870997 ], [ -111.890495, 40.871819 ], [ -111.891992, 40.872018 ], [ -111.892352, 40.872022 ], [ -111.893508, 40.871688 ], [ -111.89685, 40.870487 ], [ -111.902113, 40.867623 ], [ -111.90222, 40.867557 ], [ -111.902336, 40.867485 ], [ -111.903173, 40.866922 ], [ -111.903171, 40.866562 ], [ -111.905419, 40.862231 ], [ -111.908697, 40.862691 ], [ -111.910794, 40.861894 ], [ -111.910879, 40.861809 ], [ -111.910879, 40.861449 ] ] ] } },
{ "type": "Feature", "properties": { "group_index": 0, "value": 300.0, "center": [ -111.89228893817129, 40.86712801416483 ], "point_id": 7 }, "geometry": { "type": "Polygon", "coordinates": [ [ [ -111.8947, 40.863938 ], [ -111.894419, 40.863713 ], [ -111.893413, 40.863857 ], [ -111.893172, 40.863904 ], [ -111.892182, 40.864145 ], [ -111.891957, 40.864324 ], [ -111.891054, 40.865767 ], [ -111.891054, 40.865847 ], [ -111.891611, 40.869215 ], [ -111.892054, 40.87087 ], [ -111.892414, 40.870875 ], [ -111.892519, 40.870839 ], [ -111.892609, 40.870741 ], [ -111.892617, 40.870681 ], [ -111.892871, 40.869064 ], [ -111.894895, 40.864143 ], [ -111.8947, 40.863938 ] ] ] } },
{ "type": "Feature", "properties": { "group_index": 0, "value": 600.0, "center": [ -111.89228893817129, 40.86712801416483 ], "point_id": 7 }, "geometry": { "type": "Polygon", "coordinates": [ [ [ -111.896997, 40.869974 ], [ -111.898465, 40.864703 ], [ -111.898502, 40.864345 ], [ -111.898044, 40.861497 ], [ -111.897931, 40.861374 ], [ -111.897244, 40.860722 ], [ -111.896962, 40.860498 ], [ -111.892364, 40.86024 ], [ -111.89235, 40.86024 ], [ -111.890933, 40.861257 ], [ -111.887289, 40.863951 ], [ -111.887178, 40.864088 ], [ -111.887175, 40.864448 ], [ -111.887448, 40.866613 ], [ -111.88818, 40.871248 ], [ -111.888241, 40.871399 ], [ -111.889388, 40.872826 ], [ -111.889687, 40.873027 ], [ -111.891908, 40.874521 ], [ -111.892052, 40.874596 ], [ -111.892412, 40.874597 ], [ -111.89255, 40.874546 ], [ -111.892728, 40.874454 ], [ -111.893093, 40.874262 ], [ -111.896579, 40.871833 ], [ -111.896997, 40.869974 ] ] ] } },
{ "type": "Feature", "properties": { "group_index": 0, "value": 900.0, "center": [ -111.89228893817129, 40.86712801416483 ], "point_id": 7 }, "geometry": { "type": "Polygon", "coordinates": [ [ [ -111.902793, 40.861781 ], [ -111.902031, 40.860029 ], [ -111.899976, 40.857555 ], [ -111.899696, 40.857329 ], [ -111.899539, 40.857302 ], [ -111.896006, 40.85685 ], [ -111.892407, 40.856732 ], [ -111.892047, 40.856735 ], [ -111.891945, 40.856809 ], [ -111.887653, 40.860109 ], [ -111.884226, 40.862358 ], [ -111.883745, 40.862664 ], [ -111.883187, 40.863245 ], [ -111.883001, 40.864579 ], [ -111.882792, 40.866062 ], [ -111.88278, 40.866422 ], [ -111.883276, 40.871382 ], [ -111.885736, 40.87472 ], [ -111.88706, 40.876466 ], [ -111.887359, 40.876665 ], [ -111.891973, 40.878352 ], [ -111.892082, 40.878353 ], [ -111.892407, 40.878344 ], [ -111.892557, 40.878292 ], [ -111.893123, 40.877916 ], [ -111.896165, 40.875925 ], [ -111.897249, 40.874842 ], [ -111.897258, 40.874482 ], [ -111.896997, 40.869974 ], [ -111.897651, 40.867376 ], [ -111.898637, 40.865356 ], [ -111.90277, 40.86214 ], [ -111.902793, 40.861781 ] ] ] } },
{ "type": "Feature", "properties": { "group_index": 0, "value": 300.0, "center": [ -111.88068625457375, 40.88427593367508 ], "point_id": 7 }, "geometry": { "type": "Polygon", "coordinates": [ [ [ -111.885637, 40.884079 ], [ -111.883835, 40.882671 ], [ -111.883115, 40.882113 ], [ -111.881416, 40.880797 ], [ -111.880932, 40.8805 ], [ -111.880826, 40.880472 ], [ -111.880711, 40.880497 ], [ -111.879669, 40.881119 ], [ -111.879171, 40.881409 ], [ -111.875792, 40.884022 ], [ -111.875729, 40.884109 ], [ -111.87573, 40.884469 ], [ -111.875771, 40.884551 ], [ -111.87839, 40.886441 ], [ -111.879806, 40.887545 ], [ -111.880362, 40.887912 ], [ -111.880516, 40.888015 ], [ -111.880876, 40.888015 ], [ -111.881789, 40.887413 ], [ -111.885292, 40.88483 ], [ -111.885648, 40.884439 ], [ -111.885637, 40.884079 ] ] ] } },
{ "type": "Feature", "properties": { "group_index": 0, "value": 600.0, "center": [ -111.88068625457375, 40.88427593367508 ], "point_id": 7 }, "geometry": { "type": "Polygon", "coordinates": [ [ [ -111.890598, 40.884067 ], [ -111.889837, 40.883116 ], [ -111.887248, 40.881424 ], [ -111.88455, 40.878541 ], [ -111.883765, 40.877358 ], [ -111.883675, 40.877329 ], [ -111.883439, 40.87728 ], [ -111.88332, 40.877293 ], [ -111.878326, 40.878374 ], [ -111.878213, 40.878438 ], [ -111.873909, 40.88078 ], [ -111.870845, 40.88404 ], [ -111.870773, 40.884127 ], [ -111.870774, 40.884487 ], [ -111.870868, 40.884559 ], [ -111.873387, 40.886506 ], [ -111.874635, 40.887456 ], [ -111.877473, 40.889635 ], [ -111.878883, 40.890671 ], [ -111.880269, 40.891658 ], [ -111.880514, 40.891762 ], [ -111.880874, 40.891762 ], [ -111.881178, 40.891585 ], [ -111.883871, 40.889613 ], [ -111.886247, 40.887817 ], [ -111.888408, 40.886121 ], [ -111.890496, 40.884512 ], [ -111.890599, 40.884427 ], [ -111.890598, 40.884067 ] ] ] } },
{ "type": "Feature", "properties": { "group_index": 0, "value": 900.0, "center": [ -111.88068625457375, 40.88427593367508 ], "point_id": 7 }, "geometry": { "type": "Polygon", "coordinates": [ [ [ -111.895593, 40.884113 ], [ -111.89548, 40.883918 ], [ -111.894902, 40.883419 ], [ -111.892734, 40.881703 ], [ -111.891501, 40.880695 ], [ -111.89105, 40.880425 ], [ -111.88766, 40.876028 ], [ -111.886636, 40.874554 ], [ -111.886426, 40.874346 ], [ -111.88573, 40.873964 ], [ -111.885695, 40.873964 ], [ -111.885413, 40.874094 ], [ -111.884228, 40.874612 ], [ -111.879071, 40.875088 ], [ -111.879046, 40.875088 ], [ -111.8786, 40.875115 ], [ -111.877611, 40.875403 ], [ -111.876766, 40.875665 ], [ -111.873418, 40.877763 ], [ -111.869409, 40.879788 ], [ -111.869291, 40.879845 ], [ -111.865817, 40.884137 ], [ -111.865682, 40.884404 ], [ -111.865694, 40.88442 ], [ -111.866415, 40.885236 ], [ -111.868815, 40.88721 ], [ -111.873653, 40.890564 ], [ -111.875086, 40.891606 ], [ -111.878899, 40.894713 ], [ -111.881147, 40.89514 ], [ -111.881507, 40.89513 ], [ -111.88251, 40.894502 ], [ -111.883802, 40.893707 ], [ -111.886268, 40.891574 ], [ -111.888824, 40.889616 ], [ -111.89327, 40.886363 ], [ -111.894646, 40.88535 ], [ -111.895575, 40.884473 ], [ -111.895593, 40.884113 ] ] ] } },
{ "type": "Feature", "properties": { "group_index": 0, "value": 300.0, "center": [ -111.96001826380362, 40.692940501738775 ], "point_id": 9 }, "geometry": { "type": "Polygon", "coordinates": [ [ [ -111.964951, 40.692766 ], [ -111.963278, 40.691188 ], [ -111.960182, 40.689223 ], [ -111.959942, 40.689147 ], [ -111.959761, 40.689141 ], [ -111.959669, 40.689141 ], [ -111.959582, 40.689144 ], [ -111.955806, 40.692058 ], [ -111.955806, 40.692176 ], [ -111.955984, 40.6938 ], [ -111.956088, 40.693898 ], [ -111.956823, 40.694537 ], [ -111.956964, 40.694644 ], [ -111.957571, 40.69504 ], [ -111.957696, 40.695115 ], [ -111.958064, 40.695264 ], [ -111.959953, 40.695417 ], [ -111.960313, 40.695401 ], [ -111.962707, 40.694835 ], [ -111.963185, 40.694513 ], [ -111.96495, 40.693126 ], [ -111.964951, 40.692766 ] ] ] } },
{ "type": "Feature", "properties": { "group_index": 0, "value": 600.0, "center": [ -111.96001826380362, 40.692940501738775 ], "point_id": 9 }, "geometry": { "type": "Polygon", "coordinates": [ [ [ -111.969893, 40.692752 ], [ -111.967591, 40.690728 ], [ -111.963564, 40.688478 ], [ -111.962323, 40.687321 ], [ -111.962037, 40.687082 ], [ -111.960507, 40.685777 ], [ -111.960219, 40.685561 ], [ -111.959634, 40.685538 ], [ -111.95527, 40.688108 ], [ -111.954431, 40.68854 ], [ -111.952275, 40.690747 ], [ -111.952286, 40.690977 ], [ -111.952297, 40.691206 ], [ -111.953635, 40.69576 ], [ -111.954372, 40.696652 ], [ -111.957722, 40.699103 ], [ -111.957963, 40.699103 ], [ -111.958323, 40.699089 ], [ -111.958988, 40.69885 ], [ -111.964255, 40.697564 ], [ -111.965226, 40.696897 ], [ -111.967627, 40.694877 ], [ -111.969892, 40.693112 ], [ -111.969893, 40.692752 ] ] ] } },
{ "type": "Feature", "properties": { "group_index": 0, "value": 900.0, "center": [ -111.96001826380362, 40.692940501738775 ], "point_id": 9 }, "geometry": { "type": "Polygon", "coordinates": [ [ [ -111.974856, 40.693044 ], [ -111.974855, 40.693007 ], [ -111.974835, 40.692744 ], [ -111.974716, 40.692132 ], [ -111.974571, 40.692014 ], [ -111.970572, 40.689262 ], [ -111.970405, 40.68914 ], [ -111.967718, 40.687154 ], [ -111.963847, 40.683696 ], [ -111.962874, 40.683029 ], [ -111.962617, 40.683007 ], [ -111.958353, 40.682895 ], [ -111.957993, 40.682892 ], [ -111.957211, 40.683168 ], [ -111.953142, 40.685278 ], [ -111.949078, 40.689318 ], [ -111.949079, 40.689678 ], [ -111.949877, 40.690409 ], [ -111.950503, 40.69067 ], [ -111.949049, 40.696429 ], [ -111.949054, 40.696789 ], [ -111.953662, 40.699514 ], [ -111.957699, 40.703557 ], [ -111.958059, 40.703545 ], [ -111.961205, 40.701819 ], [ -111.964151, 40.701263 ], [ -111.964466, 40.70109 ], [ -111.969305, 40.69781 ], [ -111.972479, 40.695229 ], [ -111.974835, 40.693104 ], [ -111.974856, 40.693044 ] ] ] } },
{ "type": "Feature", "properties": { "group_index": 0, "value": 300.0, "center": [ -111.94017977188905, 40.667696930995895 ], "point_id": 10 }, "geometry": { "type": "Polygon", "coordinates": [ [ [ -111.945265, 40.667593 ], [ -111.945112, 40.667452 ], [ -111.943456, 40.666204 ], [ -111.943365, 40.666134 ], [ -111.939305, 40.66484 ], [ -111.939216, 40.664814 ], [ -111.938856, 40.664816 ], [ -111.938298, 40.6651 ], [ -111.936241, 40.666326 ], [ -111.935236, 40.667528 ], [ -111.935171, 40.667669 ], [ -111.93522, 40.668025 ], [ -111.937278, 40.669997 ], [ -111.938812, 40.67067 ], [ -111.938876, 40.670669 ], [ -111.939226, 40.670626 ], [ -111.939411, 40.670598 ], [ -111.944316, 40.668448 ], [ -111.945262, 40.667953 ], [ -111.945265, 40.667593 ] ] ] } },
{ "type": "Feature", "properties": { "group_index": 0, "value": 600.0, "center": [ -111.94017977188905, 40.667696930995895 ], "point_id": 10 }, "geometry": { "type": "Polygon", "coordinates": [ [ [ -111.950333, 40.667734 ], [ -111.950346, 40.667374 ], [ -111.947433, 40.664262 ], [ -111.944007, 40.662558 ], [ -111.943733, 40.662464 ], [ -111.93905, 40.660906 ], [ -111.939026, 40.660906 ], [ -111.937011, 40.662211 ], [ -111.933196, 40.663865 ], [ -111.932972, 40.66406 ], [ -111.93021, 40.669005 ], [ -111.930168, 40.669219 ], [ -111.930294, 40.669556 ], [ -111.934347, 40.671825 ], [ -111.938527, 40.674191 ], [ -111.9387, 40.674285 ], [ -111.938868, 40.674377 ], [ -111.939228, 40.674376 ], [ -111.939423, 40.674367 ], [ -111.939681, 40.674266 ], [ -111.94242, 40.672732 ], [ -111.94301, 40.672236 ], [ -111.947185, 40.669488 ], [ -111.94853, 40.66905 ], [ -111.950252, 40.667979 ], [ -111.950333, 40.667734 ] ] ] } },
{ "type": "Feature", "properties": { "group_index": 0, "value": 900.0, "center": [ -111.94017977188905, 40.667696930995895 ], "point_id": 10 }, "geometry": { "type": "Polygon", "coordinates": [ [ [ -111.954981, 40.667497 ], [ -111.954978, 40.667387 ], [ -111.951436, 40.664442 ], [ -111.949946, 40.663099 ], [ -111.949122, 40.662442 ], [ -111.945639, 40.660029 ], [ -111.943888, 40.658817 ], [ -111.94378, 40.658744 ], [ -111.940936, 40.657713 ], [ -111.938861, 40.657057 ], [ -111.938501, 40.657061 ], [ -111.936473, 40.658472 ], [ -111.93278, 40.660113 ], [ -111.932463, 40.660284 ], [ -111.929967, 40.66223 ], [ -111.928032, 40.664064 ], [ -111.928032, 40.664424 ], [ -111.92704, 40.670085 ], [ -111.926034, 40.670464 ], [ -111.926161, 40.670801 ], [ -111.92632, 40.671051 ], [ -111.931223, 40.673455 ], [ -111.932643, 40.674529 ], [ -111.933485, 40.675252 ], [ -111.934099, 40.675654 ], [ -111.937501, 40.677581 ], [ -111.937611, 40.677643 ], [ -111.938883, 40.678108 ], [ -111.939243, 40.678107 ], [ -111.944266, 40.675566 ], [ -111.944747, 40.675303 ], [ -111.948631, 40.67269 ], [ -111.95086, 40.671335 ], [ -111.954984, 40.667857 ], [ -111.954981, 40.667497 ] ] ] } },
{ "type": "Feature", "properties": { "group_index": 0, "value": 300.0, "center": [ -111.89222646302973, 40.884243868964944 ], "point_id": 12 }, "geometry": { "type": "Polygon", "coordinates": [ [ [ -111.897169, 40.883983 ], [ -111.895826, 40.882738 ], [ -111.89334, 40.881103 ], [ -111.892558, 40.880599 ], [ -111.892403, 40.880505 ], [ -111.892043, 40.880505 ], [ -111.891662, 40.880695 ], [ -111.887372, 40.88399 ], [ -111.88727, 40.884075 ], [ -111.887259, 40.884398 ], [ -111.887259, 40.884439 ], [ -111.88933, 40.886053 ], [ -111.891538, 40.887711 ], [ -111.892045, 40.887983 ], [ -111.892405, 40.887981 ], [ -111.895164, 40.886358 ], [ -111.897155, 40.884459 ], [ -111.897169, 40.883983 ] ] ] } },
{ "type": "Feature", "properties": { "group_index": 0, "value": 600.0, "center": [ -111.89222646302973, 40.884243868964944 ], "point_id": 12 }, "geometry": { "type": "Polygon", "coordinates": [ [ [ -111.902485, 40.884095 ], [ -111.902316, 40.883913 ], [ -111.900311, 40.882163 ], [ -111.895759, 40.879231 ], [ -111.893277, 40.877187 ], [ -111.892409, 40.876758 ], [ -111.892089, 40.876682 ], [ -111.892077, 40.876682 ], [ -111.890443, 40.877658 ], [ -111.889292, 40.878645 ], [ -111.885566, 40.88147 ], [ -111.884639, 40.882119 ], [ -111.882412, 40.884003 ], [ -111.882313, 40.884092 ], [ -111.882314, 40.884452 ], [ -111.882411, 40.884536 ], [ -111.884765, 40.886362 ], [ -111.885581, 40.886974 ], [ -111.887393, 40.888342 ], [ -111.889008, 40.889558 ], [ -111.891489, 40.891337 ], [ -111.892049, 40.891729 ], [ -111.892409, 40.891729 ], [ -111.892552, 40.891699 ], [ -111.892593, 40.891687 ], [ -111.894666, 40.890245 ], [ -111.894862, 40.89008 ], [ -111.899358, 40.886588 ], [ -111.900553, 40.885863 ], [ -111.902497, 40.884455 ], [ -111.902485, 40.884095 ] ] ] } },
{ "type": "Feature", "properties": { "group_index": 0, "value": 900.0, "center": [ -111.89222646302973, 40.884243868964944 ], "point_id": 12 }, "geometry": { "type": "Polygon", "coordinates": [ [ [ -111.907732, 40.883949 ], [ -111.903229, 40.880385 ], [ -111.902946, 40.880088 ], [ -111.902072, 40.879844 ], [ -111.901712, 40.879842 ], [ -111.900815, 40.880319 ], [ -111.896158, 40.877034 ], [ -111.896163, 40.876348 ], [ -111.896167, 40.875662 ], [ -111.89607, 40.875503 ], [ -111.894003, 40.873903 ], [ -111.892711, 40.873092 ], [ -111.892236, 40.87285 ], [ -111.892212, 40.872849 ], [ -111.888914, 40.875089 ], [ -111.885616, 40.877349 ], [ -111.884531, 40.87842 ], [ -111.880591, 40.881484 ], [ -111.877438, 40.884019 ], [ -111.877357, 40.884105 ], [ -111.877358, 40.884465 ], [ -111.877455, 40.884551 ], [ -111.880161, 40.886764 ], [ -111.881826, 40.888087 ], [ -111.885161, 40.890535 ], [ -111.887161, 40.891897 ], [ -111.890088, 40.894098 ], [ -111.890819, 40.894667 ], [ -111.891681, 40.895254 ], [ -111.892038, 40.895474 ], [ -111.892356, 40.895562 ], [ -111.892378, 40.895562 ], [ -111.893965, 40.894476 ], [ -111.894227, 40.894136 ], [ -111.895489, 40.891468 ], [ -111.89593, 40.890467 ], [ -111.898472, 40.887494 ], [ -111.901835, 40.888105 ], [ -111.902015, 40.888186 ], [ -111.902207, 40.888185 ], [ -111.905652, 40.885445 ], [ -111.907733, 40.884309 ], [ -111.907732, 40.883949 ] ] ] } },
{ "type": "Feature", "properties": { "group_index": 0, "value": 300.0, "center": [ -111.8938984897702, 40.65987328909023 ], "point_id": 15 }, "geometry": { "type": "Polygon", "coordinates": [ [ [ -111.896571, 40.659239 ], [ -111.896584, 40.656876 ], [ -111.896558, 40.656708 ], [ -111.896314, 40.656444 ], [ -111.894333, 40.656294 ], [ -111.893975, 40.656322 ], [ -111.893053, 40.656596 ], [ -111.891846, 40.657543 ], [ -111.891437, 40.660254 ], [ -111.891447, 40.660565 ], [ -111.891453, 40.66072 ], [ -111.891623, 40.662374 ], [ -111.891798, 40.662982 ], [ -111.892582, 40.663513 ], [ -111.892736, 40.663534 ], [ -111.895623, 40.662201 ], [ -111.896117, 40.661554 ], [ -111.896571, 40.659239 ] ] ] } },
{ "type": "Feature", "properties": { "group_index": 0, "value": 600.0, "center": [ -111.8938984897702, 40.65987328909023 ], "point_id": 15 }, "geometry": { "type": "Polygon", "coordinates": [ [ [ -111.900724, 40.66054 ], [ -111.898515, 40.655479 ], [ -111.898619, 40.653191 ], [ -111.898514, 40.653142 ], [ -111.898157, 40.653096 ], [ -111.892314, 40.653634 ], [ -111.89196, 40.6537 ], [ -111.891644, 40.653863 ], [ -111.888702, 40.656054 ], [ -111.888329, 40.660727 ], [ -111.887982, 40.66407 ], [ -111.887944, 40.664428 ], [ -111.887988, 40.664523 ], [ -111.888114, 40.66464 ], [ -111.888448, 40.664905 ], [ -111.88967, 40.66578 ], [ -111.890202, 40.666074 ], [ -111.89196, 40.666984 ], [ -111.8923, 40.667089 ], [ -111.892483, 40.667122 ], [ -111.89333, 40.665591 ], [ -111.898612, 40.663095 ], [ -111.898971, 40.663064 ], [ -111.899853, 40.662175 ], [ -111.900721, 40.66097 ], [ -111.900753, 40.660898 ], [ -111.900724, 40.66054 ] ] ] } },
{ "type": "Feature", "properties": { "group_index": 0, "value": 900.0, "center": [ -111.8938984897702, 40.65987328909023 ], "point_id": 15 }, "geometry": { "type": "Polygon", "coordinates": [ [ [ -111.905851, 40.660199 ], [ -111.903241, 40.654921 ], [ -111.903222, 40.654531 ], [ -111.903189, 40.654173 ], [ -111.899721, 40.650242 ], [ -111.898512, 40.649554 ], [ -111.898152, 40.64955 ], [ -111.895898, 40.650644 ], [ -111.890915, 40.650753 ], [ -111.890577, 40.650878 ], [ -111.888314, 40.65278 ], [ -111.888065, 40.652982 ], [ -111.885143, 40.654995 ], [ -111.882675, 40.655999 ], [ -111.882675, 40.656359 ], [ -111.883265, 40.662288 ], [ -111.883131, 40.662622 ], [ -111.88477, 40.665944 ], [ -111.886132, 40.666979 ], [ -111.886514, 40.667262 ], [ -111.887392, 40.667903 ], [ -111.888091, 40.668412 ], [ -111.888518, 40.668724 ], [ -111.88927, 40.669257 ], [ -111.890021, 40.669766 ], [ -111.892066, 40.670692 ], [ -111.892149, 40.670698 ], [ -111.892509, 40.670699 ], [ -111.895128, 40.669247 ], [ -111.899556, 40.666532 ], [ -111.900684, 40.665266 ], [ -111.905093, 40.661537 ], [ -111.905385, 40.661326 ], [ -111.905871, 40.660559 ], [ -111.905851, 40.660199 ] ] ] } },
{ "type": "Feature", "properties": { "group_index": 0, "value": 300.0, "center": [ -111.95797359499794, 40.67527676488414 ], "point_id": 27 }, "geometry": { "type": "Polygon", "coordinates": [ [ [ -111.962899, 40.675071 ], [ -111.960038, 40.672858 ], [ -111.958923, 40.672013 ], [ -111.958215, 40.671537 ], [ -111.958146, 40.671529 ], [ -111.957816, 40.671494 ], [ -111.957717, 40.671494 ], [ -111.955942, 40.672575 ], [ -111.955029, 40.673195 ], [ -111.953327, 40.674371 ], [ -111.95321, 40.674501 ], [ -111.95316, 40.674574 ], [ -111.953177, 40.674933 ], [ -111.95468, 40.676759 ], [ -111.95569, 40.677533 ], [ -111.957891, 40.679139 ], [ -111.957976, 40.679139 ], [ -111.958157, 40.679025 ], [ -111.961482, 40.676904 ], [ -111.962901, 40.675431 ], [ -111.962899, 40.675071 ] ] ] } },
{ "type": "Feature", "properties": { "group_index": 0, "value": 600.0, "center": [ -111.95797359499794, 40.67527676488414 ], "point_id": 27 }, "geometry": { "type": "Polygon", "coordinates": [ [ [ -111.966763, 40.674593 ], [ -111.966762, 40.674233 ], [ -111.965463, 40.674235 ], [ -111.964163, 40.674003 ], [ -111.959925, 40.670071 ], [ -111.95911, 40.668481 ], [ -111.95839, 40.667926 ], [ -111.958166, 40.667784 ], [ -111.957806, 40.667781 ], [ -111.957599, 40.667875 ], [ -111.95674, 40.66847 ], [ -111.955911, 40.669086 ], [ -111.954099, 40.67212 ], [ -111.952951, 40.674394 ], [ -111.952918, 40.675048 ], [ -111.952957, 40.678677 ], [ -111.953011, 40.67889 ], [ -111.953486, 40.679776 ], [ -111.955902, 40.682209 ], [ -111.95781, 40.682768 ], [ -111.95817, 40.682774 ], [ -111.958814, 40.682434 ], [ -111.961688, 40.680802 ], [ -111.96527, 40.678221 ], [ -111.966749, 40.676473 ], [ -111.966763, 40.674593 ] ] ] } },
{ "type": "Feature", "properties": { "group_index": 0, "value": 900.0, "center": [ -111.95797359499794, 40.67527676488414 ], "point_id": 27 }, "geometry": { "type": "Polygon", "coordinates": [ [ [ -111.971111, 40.674679 ], [ -111.970646, 40.673308 ], [ -111.967771, 40.671087 ], [ -111.963007, 40.667558 ], [ -111.961492, 40.665909 ], [ -111.960282, 40.665224 ], [ -111.958292, 40.664104 ], [ -111.958137, 40.664034 ], [ -111.957777, 40.664037 ], [ -111.956738, 40.664109 ], [ -111.954444, 40.665563 ], [ -111.952946, 40.667597 ], [ -111.952961, 40.667956 ], [ -111.954099, 40.67212 ], [ -111.953178, 40.674031 ], [ -111.952951, 40.674394 ], [ -111.952627, 40.677402 ], [ -111.952091, 40.68128 ], [ -111.952008, 40.681854 ], [ -111.952015, 40.682214 ], [ -111.952191, 40.682396 ], [ -111.955672, 40.685636 ], [ -111.957821, 40.686518 ], [ -111.958181, 40.686518 ], [ -111.959052, 40.686136 ], [ -111.959662, 40.685826 ], [ -111.964244, 40.682188 ], [ -111.967701, 40.67966 ], [ -111.969552, 40.678298 ], [ -111.969641, 40.678222 ], [ -111.969734, 40.678138 ], [ -111.971112, 40.675039 ], [ -111.971111, 40.674679 ] ] ] } },
{ "type": "Feature", "properties": { "group_index": 0, "value": 300.0, "center": [ -111.89869390436253, 40.660960517544204 ], "point_id": 28 }, "geometry": { "type": "Polygon", "coordinates": [ [ [ -111.903672, 40.660338 ], [ -111.903546, 40.660255 ], [ -111.898516, 40.657208 ], [ -111.898158, 40.657239 ], [ -111.89805, 40.65732 ], [ -111.895378, 40.66026 ], [ -111.894014, 40.661663 ], [ -111.893916, 40.661787 ], [ -111.893843, 40.662021 ], [ -111.893882, 40.662067 ], [ -111.893981, 40.662141 ], [ -111.895098, 40.662713 ], [ -111.897993, 40.664257 ], [ -111.898833, 40.664704 ], [ -111.899193, 40.664695 ], [ -111.899855, 40.664259 ], [ -111.903672, 40.660698 ], [ -111.903672, 40.660338 ] ] ] } },
{ "type": "Feature", "properties": { "group_index": 0, "value": 600.0, "center": [ -111.89869390436253, 40.660960517544204 ], "point_id": 28 }, "geometry": { "type": "Polygon", "coordinates": [ [ [ -111.908584, 40.66061 ], [ -111.907616, 40.659042 ], [ -111.906572, 40.65776 ], [ -111.906507, 40.657685 ], [ -111.901546, 40.654784 ], [ -111.900305, 40.653997 ], [ -111.899991, 40.65382 ], [ -111.899793, 40.653888 ], [ -111.899572, 40.653994 ], [ -111.898538, 40.654904 ], [ -111.894646, 40.657451 ], [ -111.894357, 40.657666 ], [ -111.891442, 40.659958 ], [ -111.889803, 40.662261 ], [ -111.890129, 40.664441 ], [ -111.891996, 40.66504 ], [ -111.896475, 40.666293 ], [ -111.898259, 40.667465 ], [ -111.899394, 40.668275 ], [ -111.899527, 40.668371 ], [ -111.899571, 40.668371 ], [ -111.899856, 40.668264 ], [ -111.900931, 40.667581 ], [ -111.901036, 40.667449 ], [ -111.905534, 40.663721 ], [ -111.905885, 40.663641 ], [ -111.905984, 40.663552 ], [ -111.908478, 40.661065 ], [ -111.908641, 40.660744 ], [ -111.908584, 40.66061 ] ] ] } },
{ "type": "Feature", "properties": { "group_index": 0, "value": 900.0, "center": [ -111.89869390436253, 40.660960517544204 ], "point_id": 28 }, "geometry": { "type": "Polygon", "coordinates": [ [ [ -111.912199, 40.659469 ], [ -111.910449, 40.655492 ], [ -111.910253, 40.655325 ], [ -111.909907, 40.655228 ], [ -111.905173, 40.653336 ], [ -111.901564, 40.65047 ], [ -111.901206, 40.650432 ], [ -111.901073, 40.650466 ], [ -111.900123, 40.651856 ], [ -111.894795, 40.654072 ], [ -111.894436, 40.654066 ], [ -111.892378, 40.655093 ], [ -111.891378, 40.655896 ], [ -111.887079, 40.659645 ], [ -111.886833, 40.659908 ], [ -111.885968, 40.663683 ], [ -111.885969, 40.663773 ], [ -111.886007, 40.664059 ], [ -111.886679, 40.665261 ], [ -111.886739, 40.665309 ], [ -111.888953, 40.667046 ], [ -111.88906, 40.667122 ], [ -111.890024, 40.667764 ], [ -111.892068, 40.668754 ], [ -111.892148, 40.66878 ], [ -111.896656, 40.670088 ], [ -111.899038, 40.671692 ], [ -111.899163, 40.671785 ], [ -111.899524, 40.672014 ], [ -111.899884, 40.672011 ], [ -111.900009, 40.671959 ], [ -111.900156, 40.671848 ], [ -111.903926, 40.668977 ], [ -111.906778, 40.667304 ], [ -111.90789, 40.665885 ], [ -111.912253, 40.662358 ], [ -111.912407, 40.662033 ], [ -111.912199, 40.659469 ] ] ] } },
{ "type": "Feature", "properties": { "group_index": 0, "value": 300.0, "center": [ -111.90518480907528, 40.66258963981374 ], "point_id": 28 }, "geometry": { "type": "Polygon", "coordinates": [ [ [ -111.90723, 40.664813 ], [ -111.907239, 40.663379 ], [ -111.906943, 40.662467 ], [ -111.905828, 40.660201 ], [ -111.904537, 40.659106 ], [ -111.904298, 40.659095 ], [ -111.903725, 40.65907 ], [ -111.903582, 40.659089 ], [ -111.902542, 40.660002 ], [ -111.902086, 40.660481 ], [ -111.902128, 40.660839 ], [ -111.903868, 40.664496 ], [ -111.904631, 40.665226 ], [ -111.904771, 40.665338 ], [ -111.906046, 40.666238 ], [ -111.906168, 40.666269 ], [ -111.906526, 40.666232 ], [ -111.906632, 40.666088 ], [ -111.907064, 40.665465 ], [ -111.90723, 40.664813 ] ] ] } },
{ "type": "Feature", "properties": { "group_index": 0, "value": 600.0, "center": [ -111.90518480907528, 40.66258963981374 ], "point_id": 28 }, "geometry": { "type": "Polygon", "coordinates": [ [ [ -111.910142, 40.661948 ], [ -111.910139, 40.661875 ], [ -111.909767, 40.660199 ], [ -111.909354, 40.658864 ], [ -111.908433, 40.656979 ], [ -111.908354, 40.656871 ], [ -111.908221, 40.656811 ], [ -111.90568, 40.656034 ], [ -111.904665, 40.655863 ], [ -111.903898, 40.655772 ], [ -111.903858, 40.655776 ], [ -111.902632, 40.656213 ], [ -111.89905, 40.659185 ], [ -111.89816, 40.659926 ], [ -111.896869, 40.661262 ], [ -111.896946, 40.661613 ], [ -111.898394, 40.662184 ], [ -111.898736, 40.662238 ], [ -111.898891, 40.662262 ], [ -111.899071, 40.662278 ], [ -111.903506, 40.66435 ], [ -111.902764, 40.667093 ], [ -111.902763, 40.667453 ], [ -111.905598, 40.670011 ], [ -111.905946, 40.670102 ], [ -111.908605, 40.668402 ], [ -111.909153, 40.667987 ], [ -111.909543, 40.667667 ], [ -111.910167, 40.666919 ], [ -111.910142, 40.661948 ] ] ] } },
{ "type": "Feature", "properties": { "group_index": 0, "value": 900.0, "center": [ -111.90518480907528, 40.66258963981374 ], "point_id": 28 }, "geometry": { "type": "Polygon", "coordinates": [ [ [ -111.915154, 40.665953 ], [ -111.914475, 40.661962 ], [ -111.914458, 40.659834 ], [ -111.911472, 40.654654 ], [ -111.911424, 40.654605 ], [ -111.910618, 40.653941 ], [ -111.910109, 40.653769 ], [ -111.907577, 40.653145 ], [ -111.90493, 40.652467 ], [ -111.904817, 40.652465 ], [ -111.900697, 40.654885 ], [ -111.898816, 40.655943 ], [ -111.898085, 40.656532 ], [ -111.897867, 40.656806 ], [ -111.893569, 40.660847 ], [ -111.892439, 40.661772 ], [ -111.892353, 40.661883 ], [ -111.892354, 40.661955 ], [ -111.89244, 40.662132 ], [ -111.892719, 40.66256 ], [ -111.892837, 40.662626 ], [ -111.893148, 40.662807 ], [ -111.894471, 40.66344 ], [ -111.897771, 40.667429 ], [ -111.897942, 40.667608 ], [ -111.899658, 40.668847 ], [ -111.903747, 40.67161 ], [ -111.90453, 40.672807 ], [ -111.905114, 40.673518 ], [ -111.905459, 40.673678 ], [ -111.905814, 40.673734 ], [ -111.908766, 40.671785 ], [ -111.912265, 40.670794 ], [ -111.912617, 40.670723 ], [ -111.915177, 40.666312 ], [ -111.915154, 40.665953 ] ] ] } },
{ "type": "Feature", "properties": { "group_index": 0, "value": 300.0, "center": [ -111.90960479383965, 40.669484066144 ], "point_id": 28 }, "geometry": { "type": "Polygon", "coordinates": [ [ [ -111.914094, 40.670946 ], [ -111.910472, 40.666508 ], [ -111.909018, 40.665983 ], [ -111.908912, 40.66602 ], [ -111.907733, 40.666762 ], [ -111.907656, 40.666866 ], [ -111.907608, 40.666973 ], [ -111.907509, 40.667197 ], [ -111.908284, 40.670092 ], [ -111.908634, 40.671479 ], [ -111.909055, 40.671864 ], [ -111.909146, 40.671943 ], [ -111.909675, 40.672334 ], [ -111.909785, 40.672398 ], [ -111.91012, 40.67253 ], [ -111.913896, 40.671351 ], [ -111.914108, 40.67106 ], [ -111.914094, 40.670946 ] ] ] } },
{ "type": "Feature", "properties": { "group_index": 0, "value": 600.0, "center": [ -111.90960479383965, 40.669484066144 ], "point_id": 28 }, "geometry": { "type": "Polygon", "coordinates": [ [ [ -111.918694, 40.670625 ], [ -111.918621, 40.670479 ], [ -111.915464, 40.665933 ], [ -111.914249, 40.665231 ], [ -111.914002, 40.665092 ], [ -111.913933, 40.665059 ], [ -111.910378, 40.663805 ], [ -111.910223, 40.663749 ], [ -111.908771, 40.663361 ], [ -111.905565, 40.664159 ], [ -111.902825, 40.667093 ], [ -111.90276, 40.667251 ], [ -111.902756, 40.667611 ], [ -111.903625, 40.668533 ], [ -111.905548, 40.670201 ], [ -111.908244, 40.675156 ], [ -111.908374, 40.675233 ], [ -111.908559, 40.675275 ], [ -111.908744, 40.675316 ], [ -111.913915, 40.674745 ], [ -111.914192, 40.674665 ], [ -111.91592, 40.674075 ], [ -111.918646, 40.670982 ], [ -111.918694, 40.670625 ] ] ] } },
{ "type": "Feature", "properties": { "group_index": 0, "value": 900.0, "center": [ -111.90960479383965, 40.669484066144 ], "point_id": 28 }, "geometry": { "type": "Polygon", "coordinates": [ [ [ -111.922682, 40.671706 ], [ -111.922699, 40.67052 ], [ -111.922558, 40.669547 ], [ -111.919848, 40.664707 ], [ -111.916587, 40.663204 ], [ -111.916227, 40.663087 ], [ -111.91225, 40.661586 ], [ -111.910675, 40.660511 ], [ -111.910323, 40.660436 ], [ -111.907504, 40.660598 ], [ -111.904217, 40.660835 ], [ -111.903861, 40.660891 ], [ -111.90376, 40.661007 ], [ -111.903777, 40.661141 ], [ -111.903506, 40.66435 ], [ -111.899035, 40.665983 ], [ -111.898992, 40.665983 ], [ -111.897898, 40.667142 ], [ -111.897839, 40.667221 ], [ -111.897755, 40.667338 ], [ -111.89773, 40.667543 ], [ -111.897744, 40.667579 ], [ -111.898665, 40.668266 ], [ -111.899441, 40.668846 ], [ -111.899501, 40.668849 ], [ -111.903551, 40.671515 ], [ -111.903991, 40.674451 ], [ -111.903993, 40.674811 ], [ -111.904896, 40.675763 ], [ -111.905282, 40.676012 ], [ -111.905642, 40.676011 ], [ -111.910968, 40.676881 ], [ -111.911781, 40.677241 ], [ -111.914734, 40.678237 ], [ -111.916593, 40.677818 ], [ -111.9167, 40.677794 ], [ -111.917044, 40.677687 ], [ -111.917257, 40.676972 ], [ -111.91732, 40.676782 ], [ -111.920433, 40.672904 ], [ -111.92253, 40.672047 ], [ -111.922577, 40.672028 ], [ -111.922643, 40.671843 ], [ -111.922682, 40.671706 ] ] ] } },
{ "type": "Feature", "properties": { "group_index": 0, "value": 300.0, "center": [ -111.91401778007284, 40.67165783033634 ], "point_id": 28 }, "geometry": { "type": "Polygon", "coordinates": [ [ [ -111.918627, 40.670545 ], [ -111.917307, 40.669305 ], [ -111.916527, 40.669125 ], [ -111.916167, 40.66912 ], [ -111.914925, 40.669138 ], [ -111.912647, 40.669296 ], [ -111.910429, 40.669638 ], [ -111.910283, 40.669968 ], [ -111.910162, 40.670501 ], [ -111.911668, 40.674455 ], [ -111.911991, 40.674764 ], [ -111.913994, 40.675315 ], [ -111.914231, 40.675376 ], [ -111.914558, 40.675224 ], [ -111.916498, 40.673922 ], [ -111.918557, 40.670899 ], [ -111.918627, 40.670545 ] ] ] } },
{ "type": "Feature", "properties": { "group_index": 0, "value": 600.0, "center": [ -111.91401778007284, 40.67165783033634 ], "point_id": 28 }, "geometry": { "type": "Polygon", "coordinates": [ [ [ -111.922683, 40.670506 ], [ -111.922505, 40.669692 ], [ -111.922217, 40.669476 ], [ -111.921512, 40.669089 ], [ -111.917285, 40.668012 ], [ -111.916926, 40.668026 ], [ -111.912844, 40.668111 ], [ -111.90973, 40.666622 ], [ -111.909222, 40.666592 ], [ -111.908918, 40.666641 ], [ -111.908593, 40.666696 ], [ -111.908587, 40.666697 ], [ -111.90852, 40.666763 ], [ -111.908284, 40.670092 ], [ -111.907244, 40.674484 ], [ -111.907196, 40.674841 ], [ -111.908202, 40.675279 ], [ -111.912962, 40.67809 ], [ -111.914399, 40.67875 ], [ -111.916736, 40.67848 ], [ -111.916867, 40.678453 ], [ -111.916897, 40.678441 ], [ -111.917353, 40.678108 ], [ -111.918167, 40.675776 ], [ -111.922494, 40.672023 ], [ -111.922516, 40.671988 ], [ -111.922619, 40.671793 ], [ -111.922683, 40.670506 ] ] ] } },
{ "type": "Feature", "properties": { "group_index": 0, "value": 900.0, "center": [ -111.91401778007284, 40.67165783033634 ], "point_id": 28 }, "geometry": { "type": "Polygon", "coordinates": [ [ [ -111.927205, 40.670023 ], [ -111.925334, 40.669327 ], [ -111.921424, 40.668707 ], [ -111.920961, 40.668618 ], [ -111.920581, 40.668544 ], [ -111.919625, 40.668488 ], [ -111.914447, 40.665995 ], [ -111.914087, 40.66577 ], [ -111.912641, 40.66481 ], [ -111.912245, 40.664539 ], [ -111.911912, 40.664308 ], [ -111.910223, 40.663749 ], [ -111.910009, 40.663753 ], [ -111.908423, 40.66411 ], [ -111.9062, 40.664916 ], [ -111.905866, 40.66505 ], [ -111.904409, 40.666501 ], [ -111.903749, 40.667169 ], [ -111.903596, 40.667369 ], [ -111.903681, 40.667796 ], [ -111.903786, 40.673443 ], [ -111.903308, 40.673812 ], [ -111.902808, 40.674091 ], [ -111.90272, 40.674205 ], [ -111.90272, 40.674565 ], [ -111.902855, 40.67474 ], [ -111.903863, 40.675762 ], [ -111.90536, 40.676896 ], [ -111.905464, 40.676896 ], [ -111.905645, 40.676795 ], [ -111.908718, 40.675751 ], [ -111.911955, 40.679387 ], [ -111.911964, 40.679524 ], [ -111.912206, 40.680219 ], [ -111.912666, 40.680933 ], [ -111.914968, 40.680968 ], [ -111.918032, 40.679639 ], [ -111.918404, 40.679347 ], [ -111.922151, 40.675197 ], [ -111.923246, 40.675342 ], [ -111.924271, 40.675374 ], [ -111.924491, 40.675308 ], [ -111.924689, 40.675007 ], [ -111.927332, 40.67036 ], [ -111.927205, 40.670023 ] ] ] } },
{ "type": "Feature", "properties": { "group_index": 0, "value": 300.0, "center": [ -111.91437923843833, 40.674295573061556 ], "point_id": 28 }, "geometry": { "type": "Polygon", "coordinates": [ [ [ -111.92112, 40.67236 ], [ -111.920333, 40.672558 ], [ -111.914845, 40.670863 ], [ -111.913858, 40.670877 ], [ -111.912109, 40.671985 ], [ -111.909569, 40.67462 ], [ -111.909474, 40.674876 ], [ -111.909452, 40.675235 ], [ -111.909787, 40.675478 ], [ -111.913046, 40.677188 ], [ -111.914908, 40.677864 ], [ -111.916388, 40.67738 ], [ -111.91667, 40.677156 ], [ -111.920421, 40.672907 ], [ -111.921208, 40.672709 ], [ -111.92112, 40.67236 ] ] ] } },
{ "type": "Feature", "properties": { "group_index": 0, "value": 600.0, "center": [ -111.91437923843833, 40.674295573061556 ], "point_id": 28 }, "geometry": { "type": "Polygon", "coordinates": [ [ [ -111.92412, 40.671474 ], [ -111.922274, 40.671048 ], [ -111.917306, 40.668771 ], [ -111.916339, 40.668584 ], [ -111.911891, 40.669222 ], [ -111.90983, 40.669307 ], [ -111.909733, 40.669352 ], [ -111.909638, 40.669402 ], [ -111.909459, 40.669715 ], [ -111.905441, 40.673825 ], [ -111.90471, 40.674135 ], [ -111.904529, 40.674459 ], [ -111.904519, 40.674819 ], [ -111.905281, 40.675505 ], [ -111.905397, 40.675593 ], [ -111.905575, 40.675726 ], [ -111.906817, 40.675841 ], [ -111.908718, 40.675751 ], [ -111.911776, 40.679398 ], [ -111.911798, 40.679594 ], [ -111.911881, 40.679789 ], [ -111.912321, 40.679879 ], [ -111.914401, 40.679873 ], [ -111.917252, 40.679705 ], [ -111.917353, 40.679699 ], [ -111.917701, 40.679668 ], [ -111.918032, 40.679639 ], [ -111.918404, 40.679347 ], [ -111.921061, 40.675374 ], [ -111.923055, 40.673133 ], [ -111.924235, 40.671815 ], [ -111.92412, 40.671474 ] ] ] } },
{ "type": "Feature", "properties": { "group_index": 0, "value": 900.0, "center": [ -111.91437923843833, 40.674295573061556 ], "point_id": 28 }, "geometry": { "type": "Polygon", "coordinates": [ [ [ -111.928083, 40.670011 ], [ -111.927766, 40.669811 ], [ -111.925339, 40.668783 ], [ -111.921484, 40.668536 ], [ -111.917285, 40.668012 ], [ -111.916926, 40.668026 ], [ -111.913578, 40.668304 ], [ -111.910481, 40.666506 ], [ -111.90905, 40.666012 ], [ -111.908902, 40.666043 ], [ -111.907915, 40.666566 ], [ -111.907771, 40.666755 ], [ -111.907693, 40.666859 ], [ -111.903956, 40.671055 ], [ -111.902577, 40.672005 ], [ -111.899917, 40.674212 ], [ -111.899764, 40.674383 ], [ -111.899765, 40.674743 ], [ -111.903858, 40.678351 ], [ -111.905302, 40.679251 ], [ -111.905662, 40.679252 ], [ -111.906611, 40.678656 ], [ -111.911881, 40.679789 ], [ -111.912341, 40.6801 ], [ -111.915269, 40.682984 ], [ -111.916557, 40.683364 ], [ -111.916686, 40.683028 ], [ -111.918404, 40.679347 ], [ -111.921061, 40.675374 ], [ -111.924231, 40.676049 ], [ -111.925164, 40.676144 ], [ -111.925339, 40.676143 ], [ -111.926008, 40.675612 ], [ -111.926041, 40.675535 ], [ -111.928209, 40.670348 ], [ -111.928083, 40.670011 ] ] ] } },
{ "type": "Feature", "properties": { "group_index": 0, "value": 300.0, "center": [ -111.9225336617004, 40.67203870730203 ], "point_id": 28 }, "geometry": { "type": "Polygon", "coordinates": [ [ [ -111.927117, 40.670056 ], [ -111.92533, 40.669431 ], [ -111.922418, 40.66892 ], [ -111.921547, 40.668895 ], [ -111.919612, 40.66964 ], [ -111.918454, 40.670593 ], [ -111.916601, 40.673523 ], [ -111.916693, 40.673871 ], [ -111.919819, 40.673787 ], [ -111.923134, 40.675404 ], [ -111.924375, 40.675443 ], [ -111.924549, 40.675443 ], [ -111.924596, 40.675377 ], [ -111.924794, 40.675076 ], [ -111.927244, 40.670393 ], [ -111.927117, 40.670056 ] ] ] } },
{ "type": "Feature", "properties": { "group_index": 0, "value": 600.0, "center": [ -111.9225336617004, 40.67203870730203 ], "point_id": 28 }, "geometry": { "type": "Polygon", "coordinates": [ [ [ -111.932415, 40.668206 ], [ -111.931927, 40.668265 ], [ -111.93149, 40.668421 ], [ -111.931052, 40.668578 ], [ -111.928596, 40.668812 ], [ -111.925517, 40.665883 ], [ -111.925456, 40.665646 ], [ -111.925097, 40.665632 ], [ -111.923346, 40.666975 ], [ -111.918669, 40.668432 ], [ -111.91509, 40.668965 ], [ -111.914964, 40.669071 ], [ -111.91423, 40.67002 ], [ -111.914035, 40.670349 ], [ -111.913871, 40.67067 ], [ -111.912315, 40.674307 ], [ -111.912406, 40.674656 ], [ -111.917235, 40.676056 ], [ -111.92312, 40.676753 ], [ -111.923226, 40.676835 ], [ -111.92335, 40.676901 ], [ -111.923397, 40.676916 ], [ -111.923438, 40.676928 ], [ -111.923532, 40.676947 ], [ -111.923748, 40.676955 ], [ -111.923977, 40.676954 ], [ -111.924209, 40.676954 ], [ -111.924439, 40.676953 ], [ -111.924669, 40.676953 ], [ -111.9251, 40.676952 ], [ -111.925313, 40.676952 ], [ -111.925545, 40.676953 ], [ -111.925775, 40.676953 ], [ -111.926008, 40.676953 ], [ -111.926223, 40.676949 ], [ -111.926351, 40.676922 ], [ -111.928394, 40.676486 ], [ -111.929411, 40.675962 ], [ -111.929855, 40.675685 ], [ -111.930573, 40.672472 ], [ -111.932536, 40.668545 ], [ -111.932415, 40.668206 ] ] ] } },
{ "type": "Feature", "properties": { "group_index": 0, "value": 900.0, "center": [ -111.9225336617004, 40.67203870730203 ], "point_id": 28 }, "geometry": { "type": "Polygon", "coordinates": [ [ [ -111.93542, 40.672584 ], [ -111.936072, 40.669241 ], [ -111.93608, 40.667798 ], [ -111.936041, 40.66744 ], [ -111.935991, 40.66736 ], [ -111.93515, 40.667066 ], [ -111.934996, 40.667011 ], [ -111.934652, 40.666896 ], [ -111.934538, 40.666924 ], [ -111.933029, 40.667914 ], [ -111.928193, 40.664424 ], [ -111.928193, 40.664064 ], [ -111.928072, 40.66397 ], [ -111.927945, 40.663875 ], [ -111.927289, 40.663415 ], [ -111.924109, 40.662753 ], [ -111.923749, 40.662749 ], [ -111.92094, 40.665021 ], [ -111.920803, 40.665165 ], [ -111.915492, 40.667894 ], [ -111.911094, 40.668029 ], [ -111.91109, 40.668029 ], [ -111.909675, 40.669424 ], [ -111.909497, 40.669736 ], [ -111.908418, 40.674657 ], [ -111.908409, 40.675005 ], [ -111.908434, 40.675118 ], [ -111.910348, 40.676495 ], [ -111.910487, 40.676576 ], [ -111.914275, 40.67837 ], [ -111.914601, 40.678522 ], [ -111.916345, 40.678883 ], [ -111.917436, 40.67844 ], [ -111.91785, 40.677989 ], [ -111.92335, 40.676901 ], [ -111.923397, 40.676916 ], [ -111.923438, 40.676928 ], [ -111.923532, 40.676947 ], [ -111.927048, 40.678358 ], [ -111.927057, 40.678363 ], [ -111.928902, 40.679397 ], [ -111.929077, 40.679452 ], [ -111.929437, 40.679459 ], [ -111.933947, 40.677335 ], [ -111.934122, 40.67702 ], [ -111.93542, 40.672584 ] ] ] } },
{ "type": "Feature", "properties": { "group_index": 0, "value": 300.0, "center": [ -111.92949199898557, 40.66947156732613 ], "point_id": 28 }, "geometry": { "type": "Polygon", "coordinates": [ [ [ -111.934148, 40.667702 ], [ -111.928815, 40.668492 ], [ -111.925074, 40.670634 ], [ -111.924989, 40.67093 ], [ -111.924987, 40.670973 ], [ -111.92513, 40.671305 ], [ -111.925428, 40.671383 ], [ -111.927001, 40.670797 ], [ -111.928574, 40.670212 ], [ -111.929434, 40.669879 ], [ -111.93109, 40.669258 ], [ -111.933483, 40.668391 ], [ -111.934235, 40.668051 ], [ -111.934148, 40.667702 ] ] ] } },
{ "type": "Feature", "properties": { "group_index": 0, "value": 600.0, "center": [ -111.92949199898557, 40.66947156732613 ], "point_id": 28 }, "geometry": { "type": "Polygon", "coordinates": [ [ [ -111.938891, 40.667719 ], [ -111.938891, 40.66735 ], [ -111.938767, 40.667112 ], [ -111.934778, 40.665412 ], [ -111.934426, 40.665364 ], [ -111.93343, 40.6653 ], [ -111.933204, 40.665301 ], [ -111.932517, 40.666061 ], [ -111.928815, 40.668492 ], [ -111.925476, 40.6672 ], [ -111.925376, 40.667178 ], [ -111.925116, 40.667188 ], [ -111.92425, 40.667775 ], [ -111.921181, 40.670486 ], [ -111.919529, 40.672466 ], [ -111.919364, 40.672803 ], [ -111.919452, 40.673152 ], [ -111.924976, 40.674857 ], [ -111.925336, 40.674857 ], [ -111.925422, 40.674795 ], [ -111.928091, 40.672717 ], [ -111.928191, 40.672639 ], [ -111.928277, 40.672564 ], [ -111.928359, 40.672473 ], [ -111.93274, 40.66864 ], [ -111.933114, 40.668515 ], [ -111.933798, 40.668306 ], [ -111.93432, 40.668185 ], [ -111.938709, 40.667882 ], [ -111.938735, 40.667883 ], [ -111.938882, 40.667767 ], [ -111.938891, 40.667719 ] ] ] } },
{ "type": "Feature", "properties": { "group_index": 0, "value": 900.0, "center": [ -111.92949199898557, 40.66947156732613 ], "point_id": 28 }, "geometry": { "type": "Polygon", "coordinates": [ [ [ -111.943816, 40.667462 ], [ -111.943715, 40.667172 ], [ -111.941916, 40.665718 ], [ -111.939194, 40.663775 ], [ -111.939035, 40.663728 ], [ -111.938872, 40.663728 ], [ -111.938675, 40.663727 ], [ -111.938512, 40.663727 ], [ -111.933458, 40.664059 ], [ -111.933386, 40.664171 ], [ -111.932417, 40.665309 ], [ -111.928815, 40.668492 ], [ -111.92646, 40.664431 ], [ -111.926456, 40.664071 ], [ -111.926404, 40.663973 ], [ -111.926066, 40.663973 ], [ -111.925728, 40.663974 ], [ -111.92412, 40.664021 ], [ -111.923789, 40.664163 ], [ -111.921506, 40.666109 ], [ -111.920507, 40.667002 ], [ -111.91641, 40.670313 ], [ -111.915357, 40.673851 ], [ -111.915449, 40.674199 ], [ -111.918921, 40.674755 ], [ -111.923226, 40.676835 ], [ -111.92335, 40.676901 ], [ -111.923397, 40.676916 ], [ -111.923438, 40.676928 ], [ -111.923532, 40.676947 ], [ -111.923748, 40.676955 ], [ -111.923977, 40.676954 ], [ -111.924209, 40.676954 ], [ -111.924439, 40.676953 ], [ -111.924669, 40.676953 ], [ -111.925313, 40.676952 ], [ -111.925545, 40.676953 ], [ -111.925775, 40.676953 ], [ -111.926008, 40.676953 ], [ -111.926223, 40.676949 ], [ -111.926351, 40.676922 ], [ -111.928205, 40.676485 ], [ -111.92941, 40.675922 ], [ -111.932477, 40.67328 ], [ -111.932561, 40.673229 ], [ -111.932641, 40.673176 ], [ -111.933131, 40.672638 ], [ -111.938525, 40.671544 ], [ -111.938885, 40.671545 ], [ -111.939088, 40.671456 ], [ -111.940075, 40.670999 ], [ -111.940409, 40.670799 ], [ -111.942185, 40.669732 ], [ -111.943817, 40.667822 ], [ -111.943816, 40.667462 ] ] ] } },
{ "type": "Feature", "properties": { "group_index": 0, "value": 300.0, "center": [ -111.9472922819122, 40.66769160598123 ], "point_id": 28 }, "geometry": { "type": "Polygon", "coordinates": [ [ [ -111.952232, 40.667502 ], [ -111.95213, 40.667285 ], [ -111.949386, 40.664894 ], [ -111.948521, 40.664749 ], [ -111.948161, 40.664748 ], [ -111.943591, 40.666316 ], [ -111.942364, 40.667464 ], [ -111.942364, 40.667824 ], [ -111.9439, 40.669023 ], [ -111.944891, 40.669731 ], [ -111.948084, 40.670742 ], [ -111.949901, 40.670623 ], [ -111.952233, 40.667862 ], [ -111.952232, 40.667502 ] ] ] } },
{ "type": "Feature", "properties": { "group_index": 0, "value": 600.0, "center": [ -111.9472922819122, 40.66769160598123 ], "point_id": 28 }, "geometry": { "type": "Polygon", "coordinates": [ [ [ -111.957172, 40.667487 ], [ -111.955703, 40.66634 ], [ -111.955367, 40.666096 ], [ -111.950607, 40.662662 ], [ -111.948739, 40.66115 ], [ -111.948523, 40.661006 ], [ -111.948163, 40.661007 ], [ -111.947781, 40.661173 ], [ -111.943347, 40.663123 ], [ -111.941583, 40.66405 ], [ -111.938647, 40.666406 ], [ -111.93743, 40.667405 ], [ -111.937428, 40.667876 ], [ -111.939157, 40.669361 ], [ -111.939243, 40.66942 ], [ -111.940125, 40.669803 ], [ -111.945372, 40.672287 ], [ -111.94726, 40.673951 ], [ -111.947947, 40.674342 ], [ -111.948096, 40.674388 ], [ -111.948627, 40.674349 ], [ -111.948882, 40.674318 ], [ -111.951788, 40.672535 ], [ -111.955597, 40.669407 ], [ -111.957173, 40.667847 ], [ -111.957172, 40.667487 ] ] ] } },
{ "type": "Feature", "properties": { "group_index": 0, "value": 900.0, "center": [ -111.9472922819122, 40.66769160598123 ], "point_id": 28 }, "geometry": { "type": "Polygon", "coordinates": [ [ [ -111.9621, 40.667436 ], [ -111.961493, 40.666924 ], [ -111.958048, 40.664253 ], [ -111.957954, 40.664181 ], [ -111.957859, 40.664109 ], [ -111.957796, 40.664109 ], [ -111.956064, 40.664365 ], [ -111.954013, 40.663927 ], [ -111.951573, 40.659923 ], [ -111.951559, 40.659833 ], [ -111.951121, 40.658918 ], [ -111.948708, 40.657376 ], [ -111.948485, 40.657257 ], [ -111.948125, 40.657262 ], [ -111.943533, 40.659373 ], [ -111.942388, 40.659696 ], [ -111.938591, 40.662693 ], [ -111.934169, 40.664686 ], [ -111.93396, 40.66498 ], [ -111.931454, 40.668737 ], [ -111.931581, 40.669074 ], [ -111.935005, 40.670334 ], [ -111.938568, 40.672742 ], [ -111.938875, 40.672859 ], [ -111.943929, 40.675273 ], [ -111.944307, 40.675573 ], [ -111.946206, 40.67704 ], [ -111.948263, 40.678096 ], [ -111.948623, 40.678097 ], [ -111.949046, 40.677825 ], [ -111.950517, 40.676881 ], [ -111.951717, 40.67604 ], [ -111.95183, 40.675698 ], [ -111.95179, 40.674589 ], [ -111.951788, 40.672535 ], [ -111.957278, 40.671048 ], [ -111.957638, 40.671056 ], [ -111.957996, 40.671041 ], [ -111.959898, 40.669714 ], [ -111.962007, 40.667916 ], [ -111.9621, 40.667796 ], [ -111.9621, 40.667436 ] ] ] } },
{ "type": "Feature", "properties": { "group_index": 0, "value": 300.0, "center": [ -111.95798146861799, 40.66829948080885 ], "point_id": 28 }, "geometry": { "type": "Polygon", "coordinates": [ [ [ -111.962496, 40.667735 ], [ -111.962496, 40.667728 ], [ -111.962324, 40.667552 ], [ -111.960284, 40.665603 ], [ -111.95814, 40.664551 ], [ -111.95778, 40.664554 ], [ -111.957607, 40.664636 ], [ -111.955521, 40.666095 ], [ -111.953985, 40.667216 ], [ -111.953662, 40.667614 ], [ -111.95366, 40.667974 ], [ -111.954381, 40.670173 ], [ -111.957205, 40.671706 ], [ -111.957786, 40.672046 ], [ -111.958146, 40.672046 ], [ -111.958341, 40.671942 ], [ -111.959339, 40.671238 ], [ -111.960107, 40.670653 ], [ -111.96249, 40.66808 ], [ -111.962496, 40.667735 ] ] ] } },
{ "type": "Feature", "properties": { "group_index": 0, "value": 600.0, "center": [ -111.95798146861799, 40.66829948080885 ], "point_id": 28 }, "geometry": { "type": "Polygon", "coordinates": [ [ [ -111.967267, 40.667541 ], [ -111.965958, 40.666372 ], [ -111.965774, 40.666251 ], [ -111.962955, 40.664261 ], [ -111.960863, 40.662453 ], [ -111.958888, 40.661191 ], [ -111.958271, 40.660797 ], [ -111.957754, 40.660807 ], [ -111.957584, 40.660896 ], [ -111.953833, 40.66348 ], [ -111.949363, 40.667362 ], [ -111.948882, 40.667368 ], [ -111.948705, 40.667607 ], [ -111.948686, 40.667966 ], [ -111.948998, 40.667982 ], [ -111.950108, 40.667979 ], [ -111.953911, 40.67111 ], [ -111.95363, 40.672958 ], [ -111.953616, 40.673076 ], [ -111.953638, 40.673281 ], [ -111.95764, 40.675755 ], [ -111.957797, 40.675794 ], [ -111.958157, 40.675793 ], [ -111.958614, 40.675519 ], [ -111.959814, 40.674673 ], [ -111.962352, 40.670801 ], [ -111.967267, 40.667901 ], [ -111.967267, 40.667541 ] ] ] } },
{ "type": "Feature", "properties": { "group_index": 0, "value": 900.0, "center": [ -111.95798146861799, 40.66829948080885 ], "point_id": 28 }, "geometry": { "type": "Polygon", "coordinates": [ [ [ -111.972197, 40.667534 ], [ -111.971199, 40.66658 ], [ -111.966712, 40.663127 ], [ -111.962962, 40.660114 ], [ -111.958787, 40.657317 ], [ -111.958091, 40.657059 ], [ -111.95774, 40.657028 ], [ -111.957662, 40.657028 ], [ -111.953669, 40.659934 ], [ -111.95367, 40.660294 ], [ -111.953651, 40.660712 ], [ -111.948749, 40.664163 ], [ -111.948389, 40.664162 ], [ -111.947937, 40.664181 ], [ -111.947526, 40.664181 ], [ -111.94716, 40.664261 ], [ -111.943967, 40.667461 ], [ -111.943955, 40.667789 ], [ -111.943955, 40.66789 ], [ -111.944001, 40.667968 ], [ -111.945535, 40.669781 ], [ -111.948013, 40.671338 ], [ -111.948373, 40.671341 ], [ -111.952918, 40.675048 ], [ -111.954235, 40.676792 ], [ -111.954693, 40.677283 ], [ -111.957022, 40.679135 ], [ -111.957795, 40.67954 ], [ -111.958436, 40.679625 ], [ -111.958796, 40.679624 ], [ -111.96155, 40.677119 ], [ -111.963563, 40.67549 ], [ -111.96373, 40.675357 ], [ -111.967771, 40.671423 ], [ -111.968626, 40.670962 ], [ -111.969834, 40.670167 ], [ -111.971818, 40.668482 ], [ -111.972197, 40.667894 ], [ -111.972197, 40.667534 ] ] ] } },
{ "type": "Feature", "properties": { "group_index": 0, "value": 300.0, "center": [ -111.95799803369495, 40.68214705219696 ], "point_id": 28 }, "geometry": { "type": "Polygon", "coordinates": [ [ [ -111.962928, 40.681949 ], [ -111.962802, 40.681726 ], [ -111.96079, 40.680328 ], [ -111.95816, 40.678401 ], [ -111.9578, 40.678399 ], [ -111.957027, 40.678775 ], [ -111.952941, 40.681918 ], [ -111.952942, 40.682278 ], [ -111.952948, 40.682392 ], [ -111.955478, 40.684311 ], [ -111.957822, 40.685894 ], [ -111.958182, 40.685894 ], [ -111.95892, 40.685574 ], [ -111.961433, 40.683628 ], [ -111.962806, 40.682416 ], [ -111.962928, 40.682309 ], [ -111.962928, 40.681949 ] ] ] } },
{ "type": "Feature", "properties": { "group_index": 0, "value": 600.0, "center": [ -111.95799803369495, 40.68214705219696 ], "point_id": 28 }, "geometry": { "type": "Polygon", "coordinates": [ [ [ -111.967917, 40.682133 ], [ -111.967917, 40.682033 ], [ -111.967868, 40.681953 ], [ -111.964051, 40.678755 ], [ -111.962578, 40.677616 ], [ -111.961813, 40.677013 ], [ -111.958143, 40.67465 ], [ -111.957783, 40.674656 ], [ -111.957715, 40.674667 ], [ -111.957073, 40.675013 ], [ -111.953354, 40.677894 ], [ -111.952446, 40.679273 ], [ -111.948363, 40.681824 ], [ -111.948244, 40.681855 ], [ -111.948137, 40.681979 ], [ -111.948134, 40.682056 ], [ -111.948132, 40.682416 ], [ -111.948228, 40.682498 ], [ -111.95263, 40.686319 ], [ -111.954331, 40.688074 ], [ -111.954428, 40.688132 ], [ -111.955733, 40.688863 ], [ -111.957812, 40.689641 ], [ -111.958172, 40.689641 ], [ -111.963022, 40.687009 ], [ -111.96475, 40.684885 ], [ -111.967594, 40.682514 ], [ -111.96787, 40.682313 ], [ -111.967917, 40.682234 ], [ -111.967917, 40.682133 ] ] ] } },
{ "type": "Feature", "properties": { "group_index": 0, "value": 900.0, "center": [ -111.95799803369495, 40.68214705219696 ], "point_id": 28 }, "geometry": { "type": "Polygon", "coordinates": [ [ [ -111.97281, 40.681945 ], [ -111.971023, 40.679733 ], [ -111.966552, 40.676542 ], [ -111.964406, 40.675065 ], [ -111.959659, 40.671946 ], [ -111.958145, 40.670906 ], [ -111.957785, 40.670906 ], [ -111.955589, 40.672167 ], [ -111.954411, 40.672974 ], [ -111.952998, 40.674046 ], [ -111.952951, 40.674394 ], [ -111.948377, 40.678074 ], [ -111.948149, 40.678213 ], [ -111.943706, 40.680999 ], [ -111.943598, 40.681126 ], [ -111.943198, 40.681992 ], [ -111.943199, 40.682352 ], [ -111.943302, 40.682487 ], [ -111.944347, 40.683381 ], [ -111.948381, 40.686447 ], [ -111.951872, 40.689511 ], [ -111.951985, 40.689598 ], [ -111.953635, 40.690837 ], [ -111.95406, 40.691113 ], [ -111.954991, 40.691686 ], [ -111.957434, 40.693195 ], [ -111.957793, 40.693385 ], [ -111.958153, 40.693391 ], [ -111.960364, 40.692127 ], [ -111.961551, 40.691452 ], [ -111.965404, 40.688658 ], [ -111.968497, 40.685849 ], [ -111.972674, 40.682432 ], [ -111.972811, 40.682305 ], [ -111.97281, 40.681945 ] ] ] } },
{ "type": "Feature", "properties": { "group_index": 0, "value": 300.0, "center": [ -111.95799209392493, 40.68941515786429 ], "point_id": 28 }, "geometry": { "type": "Polygon", "coordinates": [ [ [ -111.962317, 40.689833 ], [ -111.961975, 40.688539 ], [ -111.961806, 40.688366 ], [ -111.95903, 40.685835 ], [ -111.958703, 40.685685 ], [ -111.958182, 40.685668 ], [ -111.957822, 40.685668 ], [ -111.957677, 40.685758 ], [ -111.957261, 40.686029 ], [ -111.955442, 40.687298 ], [ -111.953083, 40.689236 ], [ -111.953082, 40.689596 ], [ -111.953188, 40.689681 ], [ -111.955351, 40.691415 ], [ -111.956748, 40.692497 ], [ -111.957462, 40.693039 ], [ -111.957798, 40.693159 ], [ -111.958157, 40.693165 ], [ -111.958293, 40.693127 ], [ -111.960383, 40.691875 ], [ -111.96233, 40.690243 ], [ -111.962317, 40.689833 ] ] ] } },
{ "type": "Feature", "properties": { "group_index": 0, "value": 600.0, "center": [ -111.95799209392493, 40.68941515786429 ], "point_id": 28 }, "geometry": { "type": "Polygon", "coordinates": [ [ [ -111.966671, 40.688658 ], [ -111.966671, 40.688298 ], [ -111.962516, 40.684099 ], [ -111.96238, 40.683978 ], [ -111.958765, 40.682075 ], [ -111.958012, 40.681801 ], [ -111.957935, 40.681795 ], [ -111.957348, 40.682102 ], [ -111.953202, 40.685148 ], [ -111.952431, 40.686148 ], [ -111.948229, 40.68914 ], [ -111.947912, 40.689319 ], [ -111.947914, 40.689679 ], [ -111.949786, 40.691257 ], [ -111.952883, 40.693205 ], [ -111.955808, 40.695672 ], [ -111.957198, 40.696761 ], [ -111.957657, 40.69694 ], [ -111.957764, 40.696942 ], [ -111.95833, 40.696946 ], [ -111.959074, 40.696377 ], [ -111.964062, 40.693218 ], [ -111.964245, 40.693124 ], [ -111.966055, 40.691479 ], [ -111.966671, 40.688658 ] ] ] } },
{ "type": "Feature", "properties": { "group_index": 0, "value": 900.0, "center": [ -111.95799209392493, 40.68941515786429 ], "point_id": 28 }, "geometry": { "type": "Polygon", "coordinates": [ [ [ -111.970418, 40.689571 ], [ -111.970419, 40.689211 ], [ -111.968167, 40.685565 ], [ -111.968101, 40.685464 ], [ -111.966296, 40.683009 ], [ -111.961683, 40.680304 ], [ -111.958161, 40.678175 ], [ -111.957801, 40.678173 ], [ -111.956791, 40.678791 ], [ -111.955424, 40.679714 ], [ -111.952171, 40.681851 ], [ -111.948367, 40.685039 ], [ -111.945428, 40.687247 ], [ -111.942811, 40.68933 ], [ -111.942812, 40.68969 ], [ -111.94627, 40.692203 ], [ -111.947393, 40.693024 ], [ -111.951602, 40.69676 ], [ -111.956046, 40.699381 ], [ -111.956979, 40.700478 ], [ -111.957976, 40.70202 ], [ -111.958336, 40.702019 ], [ -111.960225, 40.699693 ], [ -111.964645, 40.696307 ], [ -111.967841, 40.694501 ], [ -111.969113, 40.693221 ], [ -111.969186, 40.69311 ], [ -111.970418, 40.689571 ] ] ] } },
{ "type": "Feature", "properties": { "group_index": 0, "value": 300.0, "center": [ -112.08226935005212, 40.69649601374258 ], "point_id": 0 }, "geometry": { "type": "Polygon", "coordinates": [ [ [ -112.087196, 40.69629 ], [ -112.087153, 40.696129 ], [ -112.083113, 40.693057 ], [ -112.082455, 40.692759 ], [ -112.082095, 40.692757 ], [ -112.081992, 40.692825 ], [ -112.079555, 40.694575 ], [ -112.077327, 40.696304 ], [ -112.077327, 40.696664 ], [ -112.080593, 40.699137 ], [ -112.080688, 40.699213 ], [ -112.081621, 40.699914 ], [ -112.081704, 40.699976 ], [ -112.082106, 40.700234 ], [ -112.082466, 40.700235 ], [ -112.082868, 40.700204 ], [ -112.087112, 40.696759 ], [ -112.087195, 40.69665 ], [ -112.087196, 40.69629 ] ] ] } },
{ "type": "Feature", "properties": { "group_index": 0, "value": 600.0, "center": [ -112.08226935005212, 40.69649601374258 ], "point_id": 0 }, "geometry": { "type": "Polygon", "coordinates": [ [ [ -112.092167, 40.696311 ], [ -112.092149, 40.696282 ], [ -112.091388, 40.69552 ], [ -112.089837, 40.694215 ], [ -112.08577, 40.691519 ], [ -112.083368, 40.689642 ], [ -112.082563, 40.689081 ], [ -112.082454, 40.68901 ], [ -112.082094, 40.689011 ], [ -112.07813, 40.690593 ], [ -112.076973, 40.692109 ], [ -112.073071, 40.695641 ], [ -112.072973, 40.695718 ], [ -112.072384, 40.696307 ], [ -112.072385, 40.696667 ], [ -112.073389, 40.697883 ], [ -112.07608, 40.700231 ], [ -112.076712, 40.70054 ], [ -112.076878, 40.70061 ], [ -112.081819, 40.703812 ], [ -112.082104, 40.70398 ], [ -112.082464, 40.703983 ], [ -112.082844, 40.703818 ], [ -112.084397, 40.70265 ], [ -112.089264, 40.699143 ], [ -112.091715, 40.697356 ], [ -112.092125, 40.69666 ], [ -112.092167, 40.696311 ] ] ] } },
{ "type": "Feature", "properties": { "group_index": 0, "value": 900.0, "center": [ -112.08226935005212, 40.69649601374258 ], "point_id": 0 }, "geometry": { "type": "Polygon", "coordinates": [ [ [ -112.097472, 40.696235 ], [ -112.093376, 40.692097 ], [ -112.091631, 40.691833 ], [ -112.087622, 40.688825 ], [ -112.083974, 40.686402 ], [ -112.082435, 40.685262 ], [ -112.082075, 40.685265 ], [ -112.079406, 40.68661 ], [ -112.074921, 40.688764 ], [ -112.073873, 40.689115 ], [ -112.07099, 40.692932 ], [ -112.067866, 40.695907 ], [ -112.067442, 40.696313 ], [ -112.067363, 40.696408 ], [ -112.067365, 40.696768 ], [ -112.069952, 40.698984 ], [ -112.073089, 40.701883 ], [ -112.074817, 40.703197 ], [ -112.074916, 40.703245 ], [ -112.078227, 40.704862 ], [ -112.082029, 40.707741 ], [ -112.082389, 40.707741 ], [ -112.082477, 40.707728 ], [ -112.085521, 40.705418 ], [ -112.086968, 40.704354 ], [ -112.092109, 40.701427 ], [ -112.095011, 40.698213 ], [ -112.09747, 40.696595 ], [ -112.097472, 40.696235 ] ] ] } },
{ "type": "Feature", "properties": { "group_index": 0, "value": 300.0, "center": [ -111.95747096461464, 40.6965834881213 ], "point_id": 0 }, "geometry": { "type": "Polygon", "coordinates": [ [ [ -111.962412, 40.696379 ], [ -111.961261, 40.695398 ], [ -111.959241, 40.693838 ], [ -111.958159, 40.693104 ], [ -111.957939, 40.69308 ], [ -111.957579, 40.693073 ], [ -111.953372, 40.695039 ], [ -111.953064, 40.695224 ], [ -111.95174, 40.696399 ], [ -111.951741, 40.696759 ], [ -111.956585, 40.699378 ], [ -111.956978, 40.700077 ], [ -111.957716, 40.701114 ], [ -111.958076, 40.701113 ], [ -111.960111, 40.699249 ], [ -111.962412, 40.696739 ], [ -111.962412, 40.696379 ] ] ] } },
{ "type": "Feature", "properties": { "group_index": 0, "value": 600.0, "center": [ -111.95747096461464, 40.6965834881213 ], "point_id": 0 }, "geometry": { "type": "Polygon", "coordinates": [ [ [ -111.967357, 40.696377 ], [ -111.967275, 40.696276 ], [ -111.963162, 40.692839 ], [ -111.962701, 40.692465 ], [ -111.961689, 40.691735 ], [ -111.958127, 40.689275 ], [ -111.957976, 40.689289 ], [ -111.957678, 40.689325 ], [ -111.952326, 40.691799 ], [ -111.948412, 40.69607 ], [ -111.947578, 40.696437 ], [ -111.947578, 40.696797 ], [ -111.948675, 40.697008 ], [ -111.948827, 40.697048 ], [ -111.948947, 40.697041 ], [ -111.953565, 40.700664 ], [ -111.953578, 40.700857 ], [ -111.956769, 40.703556 ], [ -111.95771, 40.7039 ], [ -111.95807, 40.703888 ], [ -111.958366, 40.703764 ], [ -111.961206, 40.702471 ], [ -111.962381, 40.701958 ], [ -111.965555, 40.698337 ], [ -111.967006, 40.697141 ], [ -111.967209, 40.696989 ], [ -111.967283, 40.6969 ], [ -111.967352, 40.696737 ], [ -111.967357, 40.696377 ] ] ] } },
{ "type": "Feature", "properties": { "group_index": 0, "value": 900.0, "center": [ -111.95747096461464, 40.6965834881213 ], "point_id": 0 }, "geometry": { "type": "Polygon", "coordinates": [ [ [ -111.972296, 40.696721 ], [ -111.972297, 40.696361 ], [ -111.971897, 40.695965 ], [ -111.968131, 40.692836 ], [ -111.966162, 40.691119 ], [ -111.961906, 40.688366 ], [ -111.959121, 40.685811 ], [ -111.958793, 40.685663 ], [ -111.958182, 40.685607 ], [ -111.958037, 40.685602 ], [ -111.957677, 40.685602 ], [ -111.955493, 40.686359 ], [ -111.952145, 40.688025 ], [ -111.950528, 40.689316 ], [ -111.947809, 40.692665 ], [ -111.94362, 40.695612 ], [ -111.942667, 40.696436 ], [ -111.942668, 40.696796 ], [ -111.942735, 40.696961 ], [ -111.946994, 40.699902 ], [ -111.947627, 40.700101 ], [ -111.952171, 40.704011 ], [ -111.955466, 40.70644 ], [ -111.957818, 40.707554 ], [ -111.958178, 40.707547 ], [ -111.962331, 40.705181 ], [ -111.964074, 40.704001 ], [ -111.967885, 40.700857 ], [ -111.970921, 40.698136 ], [ -111.972255, 40.696952 ], [ -111.972296, 40.696721 ] ] ] } },
{ "type": "Feature", "properties": { "group_index": 0, "value": 300.0, "center": [ -112.11037977895381, 40.70375481105439 ], "point_id": 0 }, "geometry": { "type": "Polygon", "coordinates": [ [ [ -112.110609, 40.706655 ], [ -112.110599, 40.705821 ], [ -112.110546, 40.700226 ], [ -112.110531, 40.699961 ], [ -112.110181, 40.699909 ], [ -112.109824, 40.700155 ], [ -112.108131, 40.701545 ], [ -112.105437, 40.703565 ], [ -112.105437, 40.703925 ], [ -112.108204, 40.706022 ], [ -112.109199, 40.706718 ], [ -112.110258, 40.707494 ], [ -112.110618, 40.70749 ], [ -112.110609, 40.706655 ] ] ] } },
{ "type": "Feature", "properties": { "group_index": 0, "value": 600.0, "center": [ -112.11037977895381, 40.70375481105439 ], "point_id": 0 }, "geometry": { "type": "Polygon", "coordinates": [ [ [ -112.110876, 40.710758 ], [ -112.110599, 40.705821 ], [ -112.110546, 40.700226 ], [ -112.110531, 40.699961 ], [ -112.110308, 40.699578 ], [ -112.110179, 40.699421 ], [ -112.110019, 40.699227 ], [ -112.106804, 40.697426 ], [ -112.105232, 40.697522 ], [ -112.105063, 40.697839 ], [ -112.104013, 40.700877 ], [ -112.101177, 40.703063 ], [ -112.100502, 40.703508 ], [ -112.100495, 40.703568 ], [ -112.100494, 40.703928 ], [ -112.101245, 40.704523 ], [ -112.103269, 40.706094 ], [ -112.105532, 40.707747 ], [ -112.107802, 40.70944 ], [ -112.108664, 40.710076 ], [ -112.110092, 40.711126 ], [ -112.110878, 40.711118 ], [ -112.110876, 40.710758 ] ] ] } },
{ "type": "Feature", "properties": { "group_index": 0, "value": 900.0, "center": [ -112.11037977895381, 40.70375481105439 ], "point_id": 0 }, "geometry": { "type": "Polygon", "coordinates": [ [ [ -112.111335, 40.710936 ], [ -112.110599, 40.705821 ], [ -112.110546, 40.700226 ], [ -112.110531, 40.699961 ], [ -112.110308, 40.699578 ], [ -112.107723, 40.695429 ], [ -112.107511, 40.695137 ], [ -112.102293, 40.695712 ], [ -112.102023, 40.69595 ], [ -112.101605, 40.696431 ], [ -112.098417, 40.70036 ], [ -112.097101, 40.701828 ], [ -112.095574, 40.703488 ], [ -112.095552, 40.70355 ], [ -112.095551, 40.70391 ], [ -112.095876, 40.704218 ], [ -112.099118, 40.706862 ], [ -112.101574, 40.708798 ], [ -112.105202, 40.711262 ], [ -112.107646, 40.713048 ], [ -112.109883, 40.714677 ], [ -112.110243, 40.71468 ], [ -112.110979, 40.714616 ], [ -112.111335, 40.710936 ] ] ] } },
{ "type": "Feature", "properties": { "group_index": 0, "value": 300.0, "center": [ -111.9770928, 40.69662228826507 ], "point_id": 0 }, "geometry": { "type": "Polygon", "coordinates": [ [ [ -111.981885, 40.696412 ], [ -111.981709, 40.696262 ], [ -111.980469, 40.695252 ], [ -111.978504, 40.693729 ], [ -111.977306, 40.692852 ], [ -111.977154, 40.69275 ], [ -111.977081, 40.692751 ], [ -111.976912, 40.692823 ], [ -111.973928, 40.695063 ], [ -111.972552, 40.696175 ], [ -111.972321, 40.696361 ], [ -111.972261, 40.696532 ], [ -111.972262, 40.696892 ], [ -111.972304, 40.696952 ], [ -111.972531, 40.697114 ], [ -111.973347, 40.697691 ], [ -111.976678, 40.700249 ], [ -111.976772, 40.700316 ], [ -111.976921, 40.70037 ], [ -111.977281, 40.700367 ], [ -111.979527, 40.6991 ], [ -111.981815, 40.696939 ], [ -111.981885, 40.696772 ], [ -111.981885, 40.696412 ] ] ] } },
{ "type": "Feature", "properties": { "group_index": 0, "value": 600.0, "center": [ -111.9770928, 40.69662228826507 ], "point_id": 0 }, "geometry": { "type": "Polygon", "coordinates": [ [ [ -111.98682, 40.696742 ], [ -111.98683, 40.696471 ], [ -111.98683, 40.696429 ], [ -111.986822, 40.696382 ], [ -111.985929, 40.695679 ], [ -111.985772, 40.69568 ], [ -111.984909, 40.695865 ], [ -111.984026, 40.696041 ], [ -111.982929, 40.696048 ], [ -111.980853, 40.695428 ], [ -111.979352, 40.691186 ], [ -111.978891, 40.690278 ], [ -111.978747, 40.689948 ], [ -111.977323, 40.689125 ], [ -111.976897, 40.689129 ], [ -111.973583, 40.690188 ], [ -111.970902, 40.693578 ], [ -111.968102, 40.695656 ], [ -111.967505, 40.696219 ], [ -111.967381, 40.696378 ], [ -111.967368, 40.696406 ], [ -111.96732, 40.69654 ], [ -111.967319, 40.6969 ], [ -111.967436, 40.697001 ], [ -111.967685, 40.697216 ], [ -111.972345, 40.700786 ], [ -111.976306, 40.703995 ], [ -111.976957, 40.704117 ], [ -111.977331, 40.704144 ], [ -111.977657, 40.704146 ], [ -111.977907, 40.703999 ], [ -111.979534, 40.702371 ], [ -111.979533, 40.702179 ], [ -111.979531, 40.701987 ], [ -111.982683, 40.697613 ], [ -111.98419, 40.697534 ], [ -111.985747, 40.697707 ], [ -111.985799, 40.697708 ], [ -111.986624, 40.697058 ], [ -111.986775, 40.696908 ], [ -111.986806, 40.69684 ], [ -111.98682, 40.696742 ] ] ] } },
{ "type": "Feature", "properties": { "group_index": 0, "value": 900.0, "center": [ -111.9770928, 40.69662228826507 ], "point_id": 0 }, "geometry": { "type": "Polygon", "coordinates": [ [ [ -111.991757, 40.696427 ], [ -111.987914, 40.69336 ], [ -111.986816, 40.69265 ], [ -111.986456, 40.692651 ], [ -111.985174, 40.693581 ], [ -111.981317, 40.689275 ], [ -111.981109, 40.687918 ], [ -111.981024, 40.687835 ], [ -111.979675, 40.68677 ], [ -111.977251, 40.685381 ], [ -111.976891, 40.685382 ], [ -111.974774, 40.68663 ], [ -111.972101, 40.688707 ], [ -111.96749, 40.69223 ], [ -111.963643, 40.695294 ], [ -111.962436, 40.696379 ], [ -111.962375, 40.696547 ], [ -111.96238, 40.696907 ], [ -111.962701, 40.697221 ], [ -111.964181, 40.698341 ], [ -111.965279, 40.69918 ], [ -111.966389, 40.700007 ], [ -111.970589, 40.703739 ], [ -111.973407, 40.705831 ], [ -111.976983, 40.707864 ], [ -111.977343, 40.707861 ], [ -111.978238, 40.707204 ], [ -111.982469, 40.704103 ], [ -111.986847, 40.700661 ], [ -111.987972, 40.699907 ], [ -111.991757, 40.696787 ], [ -111.991757, 40.696427 ] ] ] } },
{ "type": "Feature", "properties": { "group_index": 0, "value": 300.0, "center": [ -112.09991641362834, 40.69652436567313 ], "point_id": 0 }, "geometry": { "type": "Polygon", "coordinates": [ [ [ -112.104861, 40.696353 ], [ -112.100981, 40.694338 ], [ -112.100807, 40.694327 ], [ -112.097534, 40.694998 ], [ -112.096263, 40.695367 ], [ -112.095927, 40.695602 ], [ -112.095085, 40.696226 ], [ -112.094976, 40.696332 ], [ -112.094974, 40.696692 ], [ -112.095073, 40.696778 ], [ -112.097344, 40.6985 ], [ -112.099257, 40.699909 ], [ -112.099741, 40.700179 ], [ -112.10444, 40.697603 ], [ -112.104856, 40.696713 ], [ -112.104861, 40.696353 ] ] ] } },
{ "type": "Feature", "properties": { "group_index": 0, "value": 600.0, "center": [ -112.09991641362834, 40.69652436567313 ], "point_id": 0 }, "geometry": { "type": "Polygon", "coordinates": [ [ [ -112.108817, 40.694786 ], [ -112.108635, 40.694476 ], [ -112.108082, 40.694801 ], [ -112.107528, 40.695126 ], [ -112.103514, 40.695742 ], [ -112.101175, 40.694466 ], [ -112.100981, 40.694338 ], [ -112.097854, 40.692494 ], [ -112.097524, 40.692351 ], [ -112.096534, 40.692323 ], [ -112.096413, 40.692341 ], [ -112.092952, 40.69365 ], [ -112.092587, 40.693877 ], [ -112.091894, 40.694394 ], [ -112.090037, 40.696262 ], [ -112.090028, 40.696358 ], [ -112.090026, 40.696718 ], [ -112.091494, 40.69788 ], [ -112.095294, 40.701387 ], [ -112.096352, 40.701713 ], [ -112.101176, 40.703235 ], [ -112.101536, 40.703236 ], [ -112.101935, 40.703099 ], [ -112.102889, 40.702467 ], [ -112.106845, 40.700155 ], [ -112.108742, 40.699487 ], [ -112.109086, 40.699171 ], [ -112.109237, 40.698844 ], [ -112.108817, 40.694786 ] ] ] } },
{ "type": "Feature", "properties": { "group_index": 0, "value": 900.0, "center": [ -112.09991641362834, 40.69652436567313 ], "point_id": 0 }, "geometry": { "type": "Polygon", "coordinates": [ [ [ -112.110554, 40.701943 ], [ -112.11055, 40.701489 ], [ -112.110366, 40.700236 ], [ -112.111184, 40.694937 ], [ -112.11119, 40.694577 ], [ -112.109035, 40.694373 ], [ -112.108888, 40.694379 ], [ -112.108727, 40.694426 ], [ -112.108635, 40.694476 ], [ -112.108111, 40.694784 ], [ -112.108082, 40.694801 ], [ -112.107528, 40.695126 ], [ -112.101879, 40.693477 ], [ -112.101673, 40.693291 ], [ -112.101466, 40.693106 ], [ -112.0975, 40.690824 ], [ -112.097379, 40.690755 ], [ -112.096487, 40.690313 ], [ -112.096423, 40.690283 ], [ -112.095767, 40.690019 ], [ -112.091836, 40.690735 ], [ -112.091018, 40.691105 ], [ -112.087622, 40.693589 ], [ -112.0851, 40.696284 ], [ -112.085099, 40.696644 ], [ -112.085202, 40.696811 ], [ -112.087893, 40.699079 ], [ -112.090324, 40.700701 ], [ -112.092758, 40.703178 ], [ -112.093558, 40.703841 ], [ -112.093733, 40.703906 ], [ -112.097187, 40.705146 ], [ -112.101533, 40.707229 ], [ -112.101893, 40.707227 ], [ -112.105247, 40.704414 ], [ -112.110558, 40.702398 ], [ -112.110554, 40.701943 ] ] ] } },
{ "type": "Feature", "properties": { "group_index": 0, "value": 300.0, "center": [ -112.10106098796716, 40.711080834951446 ], "point_id": 0 }, "geometry": { "type": "Polygon", "coordinates": [ [ [ -112.106001, 40.710826 ], [ -112.105926, 40.710756 ], [ -112.104052, 40.709419 ], [ -112.103014, 40.708669 ], [ -112.1018, 40.70778 ], [ -112.101508, 40.707698 ], [ -112.101496, 40.707698 ], [ -112.099553, 40.708325 ], [ -112.098568, 40.709012 ], [ -112.096199, 40.710893 ], [ -112.096116, 40.710974 ], [ -112.09602, 40.711215 ], [ -112.096022, 40.711232 ], [ -112.096121, 40.711334 ], [ -112.098241, 40.713386 ], [ -112.099459, 40.71363 ], [ -112.099819, 40.713631 ], [ -112.10368, 40.713037 ], [ -112.104978, 40.712143 ], [ -112.105954, 40.711255 ], [ -112.106006, 40.711186 ], [ -112.106001, 40.710826 ] ] ] } },
{ "type": "Feature", "properties": { "group_index": 0, "value": 600.0, "center": [ -112.10106098796716, 40.711080834951446 ], "point_id": 0 }, "geometry": { "type": "Polygon", "coordinates": [ [ [ -112.110945, 40.710758 ], [ -112.109537, 40.709707 ], [ -112.10644, 40.707378 ], [ -112.104193, 40.705705 ], [ -112.101537, 40.703856 ], [ -112.101178, 40.703884 ], [ -112.099237, 40.7048 ], [ -112.098664, 40.705197 ], [ -112.098371, 40.705407 ], [ -112.095541, 40.70758 ], [ -112.091996, 40.710297 ], [ -112.091066, 40.711053 ], [ -112.09108, 40.711413 ], [ -112.091584, 40.71273 ], [ -112.096409, 40.714835 ], [ -112.100862, 40.713663 ], [ -112.104919, 40.71521 ], [ -112.105657, 40.715348 ], [ -112.106017, 40.715345 ], [ -112.108694, 40.713035 ], [ -112.110885, 40.711184 ], [ -112.110947, 40.711118 ], [ -112.110945, 40.710758 ] ] ] } },
{ "type": "Feature", "properties": { "group_index": 0, "value": 900.0, "center": [ -112.10106098796716, 40.711080834951446 ], "point_id": 0 }, "geometry": { "type": "Polygon", "coordinates": [ [ [ -112.111777, 40.714252 ], [ -112.111335, 40.710936 ], [ -112.110611, 40.706817 ], [ -112.109135, 40.705654 ], [ -112.105332, 40.702554 ], [ -112.10251, 40.700778 ], [ -112.100282, 40.700447 ], [ -112.09696, 40.702413 ], [ -112.095233, 40.703819 ], [ -112.091666, 40.706816 ], [ -112.089432, 40.708091 ], [ -112.086674, 40.709704 ], [ -112.086557, 40.710045 ], [ -112.087038, 40.710209 ], [ -112.087518, 40.710373 ], [ -112.091591, 40.71465 ], [ -112.091591, 40.715889 ], [ -112.091676, 40.715949 ], [ -112.092036, 40.715949 ], [ -112.096409, 40.714835 ], [ -112.101972, 40.716502 ], [ -112.102221, 40.716539 ], [ -112.10247, 40.716577 ], [ -112.102683, 40.716594 ], [ -112.105468, 40.716649 ], [ -112.110239, 40.715745 ], [ -112.111779, 40.714612 ], [ -112.111777, 40.714252 ] ] ] } },
{ "type": "Feature", "properties": { "group_index": 0, "value": 300.0, "center": [ -112.06307875602994, 40.69649868502337 ], "point_id": 0 }, "geometry": { "type": "Polygon", "coordinates": [ [ [ -112.068191, 40.696503 ], [ -112.066201, 40.694109 ], [ -112.063257, 40.692763 ], [ -112.062897, 40.692761 ], [ -112.062726, 40.692775 ], [ -112.059232, 40.695508 ], [ -112.058137, 40.696329 ], [ -112.058136, 40.696689 ], [ -112.058658, 40.6971 ], [ -112.059923, 40.698059 ], [ -112.062925, 40.700236 ], [ -112.063132, 40.700237 ], [ -112.063285, 40.700234 ], [ -112.063592, 40.700218 ], [ -112.066068, 40.698248 ], [ -112.068021, 40.696672 ], [ -112.068191, 40.696511 ], [ -112.068191, 40.696503 ] ] ] } },
{ "type": "Feature", "properties": { "group_index": 0, "value": 600.0, "center": [ -112.06307875602994, 40.69649868502337 ], "point_id": 0 }, "geometry": { "type": "Polygon", "coordinates": [ [ [ -112.072963, 40.696306 ], [ -112.069881, 40.693152 ], [ -112.065707, 40.690629 ], [ -112.0635, 40.689031 ], [ -112.063259, 40.689002 ], [ -112.062949, 40.688994 ], [ -112.062845, 40.689 ], [ -112.061861, 40.689154 ], [ -112.057617, 40.69289 ], [ -112.053222, 40.695595 ], [ -112.052993, 40.69646 ], [ -112.052975, 40.696819 ], [ -112.056805, 40.699947 ], [ -112.061426, 40.703166 ], [ -112.061565, 40.703241 ], [ -112.062942, 40.703983 ], [ -112.063079, 40.704029 ], [ -112.063428, 40.703969 ], [ -112.06828, 40.701211 ], [ -112.070843, 40.698646 ], [ -112.072964, 40.696666 ], [ -112.072963, 40.696306 ] ] ] } },
{ "type": "Feature", "properties": { "group_index": 0, "value": 900.0, "center": [ -112.06307875602994, 40.69649868502337 ], "point_id": 0 }, "geometry": { "type": "Polygon", "coordinates": [ [ [ -112.077906, 40.696306 ], [ -112.077811, 40.696206 ], [ -112.073823, 40.692333 ], [ -112.071145, 40.690361 ], [ -112.066247, 40.687098 ], [ -112.063842, 40.685628 ], [ -112.063259, 40.685268 ], [ -112.062899, 40.685268 ], [ -112.060133, 40.686461 ], [ -112.059306, 40.68688 ], [ -112.057004, 40.689154 ], [ -112.053399, 40.692149 ], [ -112.04997, 40.694571 ], [ -112.048459, 40.696129 ], [ -112.048251, 40.696347 ], [ -112.048252, 40.696707 ], [ -112.048912, 40.697342 ], [ -112.051477, 40.699561 ], [ -112.054481, 40.702523 ], [ -112.059237, 40.705939 ], [ -112.059523, 40.706157 ], [ -112.062816, 40.707677 ], [ -112.06296, 40.707731 ], [ -112.06332, 40.707728 ], [ -112.063462, 40.707668 ], [ -112.067367, 40.705217 ], [ -112.070609, 40.70309 ], [ -112.073328, 40.701174 ], [ -112.076271, 40.698339 ], [ -112.077905, 40.696666 ], [ -112.077906, 40.696306 ] ] ] } },
{ "type": "Feature", "properties": { "group_index": 0, "value": 300.0, "center": [ -112.0439399523583, 40.69652606013512 ], "point_id": 0 }, "geometry": { "type": "Polygon", "coordinates": [ [ [ -112.04887, 40.696346 ], [ -112.048819, 40.696211 ], [ -112.044933, 40.693214 ], [ -112.044217, 40.692835 ], [ -112.044103, 40.692778 ], [ -112.043743, 40.69278 ], [ -112.039574, 40.695834 ], [ -112.039009, 40.69636 ], [ -112.03901, 40.69672 ], [ -112.042173, 40.6996 ], [ -112.042237, 40.699648 ], [ -112.043779, 40.700277 ], [ -112.044139, 40.700269 ], [ -112.048262, 40.697244 ], [ -112.048871, 40.696706 ], [ -112.04887, 40.696346 ] ] ] } },
{ "type": "Feature", "properties": { "group_index": 0, "value": 600.0, "center": [ -112.0439399523583, 40.69652606013512 ], "point_id": 0 }, "geometry": { "type": "Polygon", "coordinates": [ [ [ -112.053813, 40.696336 ], [ -112.05373, 40.695847 ], [ -112.053582, 40.69555 ], [ -112.050509, 40.693843 ], [ -112.048388, 40.691971 ], [ -112.044754, 40.689407 ], [ -112.044117, 40.689032 ], [ -112.043757, 40.689032 ], [ -112.043157, 40.689403 ], [ -112.039378, 40.691651 ], [ -112.038392, 40.693001 ], [ -112.034789, 40.695841 ], [ -112.03414, 40.69624 ], [ -112.034067, 40.696365 ], [ -112.034067, 40.696725 ], [ -112.035656, 40.698014 ], [ -112.039092, 40.701084 ], [ -112.043735, 40.704023 ], [ -112.043844, 40.704023 ], [ -112.044151, 40.70402 ], [ -112.044245, 40.704005 ], [ -112.048678, 40.700935 ], [ -112.052753, 40.698067 ], [ -112.052993, 40.697799 ], [ -112.053818, 40.696723 ], [ -112.053813, 40.696336 ] ] ] } },
{ "type": "Feature", "properties": { "group_index": 0, "value": 900.0, "center": [ -112.0439399523583, 40.69652606013512 ], "point_id": 0 }, "geometry": { "type": "Polygon", "coordinates": [ [ [ -112.058809, 40.69646 ], [ -112.058755, 40.696328 ], [ -112.056943, 40.694655 ], [ -112.053759, 40.692202 ], [ -112.050224, 40.689415 ], [ -112.046659, 40.686713 ], [ -112.044211, 40.685345 ], [ -112.0441, 40.685286 ], [ -112.04374, 40.685285 ], [ -112.041799, 40.686192 ], [ -112.039043, 40.688304 ], [ -112.038022, 40.689268 ], [ -112.037695, 40.689566 ], [ -112.034308, 40.692393 ], [ -112.029517, 40.695543 ], [ -112.029291, 40.695835 ], [ -112.029134, 40.696153 ], [ -112.029083, 40.696731 ], [ -112.029318, 40.697237 ], [ -112.029678, 40.69723 ], [ -112.034582, 40.699353 ], [ -112.034805, 40.700665 ], [ -112.034511, 40.702233 ], [ -112.03451, 40.702593 ], [ -112.038265, 40.70434 ], [ -112.040694, 40.705753 ], [ -112.043517, 40.7076 ], [ -112.043803, 40.707768 ], [ -112.044163, 40.707766 ], [ -112.048072, 40.705383 ], [ -112.048817, 40.704892 ], [ -112.048893, 40.704822 ], [ -112.050791, 40.703194 ], [ -112.056112, 40.700979 ], [ -112.056176, 40.700939 ], [ -112.058811, 40.69682 ], [ -112.058809, 40.69646 ] ] ] } },
{ "type": "Feature", "properties": { "group_index": 0, "value": 300.0, "center": [ -112.09180470657972, 40.70370034715232 ], "point_id": 0 }, "geometry": { "type": "Polygon", "coordinates": [ [ [ -112.096748, 40.703554 ], [ -112.092357, 40.700131 ], [ -112.092342, 40.700124 ], [ -112.091918, 40.700033 ], [ -112.091558, 40.700027 ], [ -112.087846, 40.702393 ], [ -112.086861, 40.703508 ], [ -112.086862, 40.703868 ], [ -112.088593, 40.705696 ], [ -112.088665, 40.705739 ], [ -112.091656, 40.707509 ], [ -112.091843, 40.707564 ], [ -112.091893, 40.707565 ], [ -112.096109, 40.704458 ], [ -112.096747, 40.703914 ], [ -112.096748, 40.703554 ] ] ] } },
{ "type": "Feature", "properties": { "group_index": 0, "value": 600.0, "center": [ -112.09180470657972, 40.70370034715232 ], "point_id": 0 }, "geometry": { "type": "Polygon", "coordinates": [ [ [ -112.101693, 40.703923 ], [ -112.101686, 40.703563 ], [ -112.099231, 40.701154 ], [ -112.097721, 40.699673 ], [ -112.097178, 40.699318 ], [ -112.092352, 40.696389 ], [ -112.092119, 40.696241 ], [ -112.091809, 40.696158 ], [ -112.091449, 40.696151 ], [ -112.090578, 40.696575 ], [ -112.08781, 40.698425 ], [ -112.085505, 40.700207 ], [ -112.081918, 40.703525 ], [ -112.08192, 40.703885 ], [ -112.083498, 40.705128 ], [ -112.084326, 40.705725 ], [ -112.088587, 40.708965 ], [ -112.089612, 40.709969 ], [ -112.091724, 40.711311 ], [ -112.091773, 40.711307 ], [ -112.092596, 40.710937 ], [ -112.092745, 40.710827 ], [ -112.096153, 40.708202 ], [ -112.098076, 40.706866 ], [ -112.101553, 40.704318 ], [ -112.101693, 40.703923 ] ] ] } },
{ "type": "Feature", "properties": { "group_index": 0, "value": 900.0, "center": [ -112.09180470657972, 40.70370034715232 ], "point_id": 0 }, "geometry": { "type": "Polygon", "coordinates": [ [ [ -112.106633, 40.703566 ], [ -112.106604, 40.703516 ], [ -112.105284, 40.70208 ], [ -112.10226, 40.699723 ], [ -112.099864, 40.697544 ], [ -112.099788, 40.697476 ], [ -112.09513, 40.694226 ], [ -112.092142, 40.692668 ], [ -112.091856, 40.692542 ], [ -112.091562, 40.692417 ], [ -112.089739, 40.693336 ], [ -112.085907, 40.696396 ], [ -112.081819, 40.699486 ], [ -112.078045, 40.702433 ], [ -112.076976, 40.703541 ], [ -112.076977, 40.703901 ], [ -112.077082, 40.703983 ], [ -112.078227, 40.704862 ], [ -112.082682, 40.708721 ], [ -112.085519, 40.710121 ], [ -112.085859, 40.710239 ], [ -112.088613, 40.710557 ], [ -112.091591, 40.715571 ], [ -112.091951, 40.715571 ], [ -112.092037, 40.715507 ], [ -112.0961, 40.7119 ], [ -112.096931, 40.711392 ], [ -112.099898, 40.709298 ], [ -112.10297, 40.70683 ], [ -112.103865, 40.706124 ], [ -112.103937, 40.706067 ], [ -112.106632, 40.703926 ], [ -112.106633, 40.703566 ] ] ] } },
{ "type": "Feature", "properties": { "group_index": 0, "value": 300.0, "center": [ -112.02485522705908, 40.69655667003086 ], "point_id": 0 }, "geometry": { "type": "Polygon", "coordinates": [ [ [ -112.02978, 40.696333 ], [ -112.02976, 40.696156 ], [ -112.029592, 40.696 ], [ -112.025178, 40.692112 ], [ -112.024818, 40.692115 ], [ -112.022191, 40.694575 ], [ -112.01995, 40.696388 ], [ -112.019951, 40.696748 ], [ -112.023624, 40.69986 ], [ -112.024703, 40.700305 ], [ -112.025056, 40.700328 ], [ -112.025088, 40.700328 ], [ -112.027299, 40.698886 ], [ -112.029531, 40.697377 ], [ -112.029794, 40.69682 ], [ -112.02978, 40.696333 ] ] ] } },
{ "type": "Feature", "properties": { "group_index": 0, "value": 600.0, "center": [ -112.02485522705908, 40.69655667003086 ], "point_id": 0 }, "geometry": { "type": "Polygon", "coordinates": [ [ [ -112.034901, 40.696468 ], [ -112.032871, 40.694467 ], [ -112.029908, 40.691237 ], [ -112.025152, 40.688567 ], [ -112.024792, 40.68857 ], [ -112.02107, 40.691815 ], [ -112.021071, 40.691981 ], [ -112.01691, 40.696292 ], [ -112.015421, 40.696101 ], [ -112.015305, 40.696101 ], [ -112.015008, 40.696393 ], [ -112.015008, 40.696753 ], [ -112.016233, 40.697944 ], [ -112.019036, 40.700425 ], [ -112.021566, 40.701847 ], [ -112.02436, 40.703895 ], [ -112.024742, 40.704124 ], [ -112.02488, 40.704126 ], [ -112.025441, 40.703931 ], [ -112.028911, 40.70224 ], [ -112.029486, 40.700892 ], [ -112.033488, 40.696835 ], [ -112.034195, 40.696831 ], [ -112.034903, 40.696828 ], [ -112.034901, 40.696468 ] ] ] } },
{ "type": "Feature", "properties": { "group_index": 0, "value": 900.0, "center": [ -112.02485522705908, 40.69655667003086 ], "point_id": 0 }, "geometry": { "type": "Polygon", "coordinates": [ [ [ -112.039643, 40.696359 ], [ -112.037153, 40.693745 ], [ -112.03553, 40.692481 ], [ -112.03455, 40.691856 ], [ -112.030521, 40.687904 ], [ -112.025775, 40.685823 ], [ -112.024947, 40.685318 ], [ -112.024587, 40.685313 ], [ -112.024437, 40.685385 ], [ -112.022153, 40.686884 ], [ -112.020456, 40.688523 ], [ -112.020178, 40.68887 ], [ -112.015554, 40.692455 ], [ -112.015194, 40.692454 ], [ -112.01501, 40.692565 ], [ -112.014783, 40.692708 ], [ -112.010171, 40.696298 ], [ -112.010065, 40.696395 ], [ -112.010002, 40.696511 ], [ -112.010005, 40.696871 ], [ -112.013118, 40.699077 ], [ -112.014693, 40.700964 ], [ -112.017625, 40.703209 ], [ -112.017921, 40.703414 ], [ -112.021143, 40.705543 ], [ -112.024459, 40.707654 ], [ -112.024708, 40.707797 ], [ -112.025068, 40.707799 ], [ -112.028708, 40.70641 ], [ -112.030103, 40.704636 ], [ -112.030103, 40.704276 ], [ -112.029476, 40.702467 ], [ -112.029485, 40.700906 ], [ -112.029486, 40.700892 ], [ -112.029563, 40.699947 ], [ -112.032874, 40.696828 ], [ -112.035246, 40.69802 ], [ -112.035362, 40.698093 ], [ -112.036394, 40.699033 ], [ -112.036754, 40.699027 ], [ -112.03754, 40.698686 ], [ -112.039643, 40.696719 ], [ -112.039643, 40.696359 ] ] ] } },
{ "type": "Feature", "properties": { "group_index": 0, "value": 300.0, "center": [ -112.00572651277362, 40.696579697061864 ], "point_id": 0 }, "geometry": { "type": "Polygon", "coordinates": [ [ [ -112.010752, 40.696496 ], [ -112.010669, 40.696395 ], [ -112.010587, 40.696298 ], [ -112.009798, 40.695659 ], [ -112.008488, 40.694587 ], [ -112.006825, 40.693423 ], [ -112.005709, 40.692706 ], [ -112.005646, 40.692706 ], [ -112.003752, 40.693803 ], [ -112.000787, 40.696411 ], [ -112.000787, 40.696771 ], [ -112.00092, 40.696877 ], [ -112.001935, 40.697695 ], [ -112.004538, 40.699566 ], [ -112.005553, 40.700315 ], [ -112.005913, 40.700327 ], [ -112.006026, 40.700326 ], [ -112.00653, 40.70009 ], [ -112.010752, 40.696856 ], [ -112.010752, 40.696496 ] ] ] } },
{ "type": "Feature", "properties": { "group_index": 0, "value": 600.0, "center": [ -112.00572651277362, 40.696579697061864 ], "point_id": 0 }, "geometry": { "type": "Polygon", "coordinates": [ [ [ -112.015611, 40.696392 ], [ -112.015531, 40.696284 ], [ -112.01237, 40.693356 ], [ -112.012078, 40.693145 ], [ -112.010198, 40.69192 ], [ -112.006405, 40.689441 ], [ -112.005875, 40.689092 ], [ -112.005515, 40.689091 ], [ -112.004106, 40.689454 ], [ -111.999979, 40.692774 ], [ -111.996252, 40.696058 ], [ -111.995844, 40.696421 ], [ -111.995683, 40.696589 ], [ -111.995683, 40.696603 ], [ -111.995684, 40.696608 ], [ -111.995684, 40.696622 ], [ -111.997499, 40.698471 ], [ -111.998515, 40.699447 ], [ -112.002341, 40.702391 ], [ -112.005485, 40.704124 ], [ -112.00551, 40.704134 ], [ -112.005553, 40.704149 ], [ -112.006045, 40.704046 ], [ -112.009342, 40.70187 ], [ -112.013975, 40.698098 ], [ -112.014733, 40.697518 ], [ -112.015611, 40.696752 ], [ -112.015611, 40.696392 ] ] ] } },
{ "type": "Feature", "properties": { "group_index": 0, "value": 900.0, "center": [ -112.00572651277362, 40.696579697061864 ], "point_id": 0 }, "geometry": { "type": "Polygon", "coordinates": [ [ [ -112.020553, 40.696388 ], [ -112.020462, 40.696283 ], [ -112.016548, 40.693082 ], [ -112.013548, 40.690421 ], [ -112.011433, 40.688801 ], [ -112.009586, 40.687785 ], [ -112.00599, 40.684878 ], [ -112.00563, 40.684878 ], [ -112.004578, 40.685985 ], [ -112.000123, 40.688594 ], [ -111.998636, 40.689779 ], [ -111.99429, 40.693255 ], [ -111.991683, 40.695644 ], [ -111.990902, 40.696428 ], [ -111.990902, 40.696788 ], [ -111.993983, 40.699735 ], [ -111.994905, 40.70051 ], [ -111.996045, 40.701247 ], [ -111.99616, 40.701326 ], [ -111.999455, 40.703968 ], [ -112.000338, 40.705642 ], [ -112.005775, 40.707924 ], [ -112.005868, 40.707926 ], [ -112.009015, 40.705759 ], [ -112.011363, 40.704158 ], [ -112.012121, 40.703531 ], [ -112.016755, 40.699991 ], [ -112.020554, 40.696748 ], [ -112.020553, 40.696388 ] ] ] } },
{ "type": "Feature", "properties": { "group_index": 0, "value": 300.0, "center": [ -111.986651, 40.6966104414934 ], "point_id": 0 }, "geometry": { "type": "Polygon", "coordinates": [ [ [ -111.991605, 40.696536 ], [ -111.991518, 40.696427 ], [ -111.987772, 40.693352 ], [ -111.986817, 40.692863 ], [ -111.986457, 40.692864 ], [ -111.985454, 40.693582 ], [ -111.981932, 40.696275 ], [ -111.981783, 40.696412 ], [ -111.981783, 40.696772 ], [ -111.981884, 40.696938 ], [ -111.982458, 40.697622 ], [ -111.984332, 40.698857 ], [ -111.986483, 40.70036 ], [ -111.986843, 40.700355 ], [ -111.987821, 40.699759 ], [ -111.990885, 40.697275 ], [ -111.991519, 40.696787 ], [ -111.991605, 40.696607 ], [ -111.991605, 40.696536 ] ] ] } },
{ "type": "Feature", "properties": { "group_index": 0, "value": 600.0, "center": [ -111.986651, 40.6966104414934 ], "point_id": 0 }, "geometry": { "type": "Polygon", "coordinates": [ [ [ -111.996485, 40.696486 ], [ -111.996485, 40.696476 ], [ -111.99646, 40.696421 ], [ -111.996321, 40.696311 ], [ -111.996209, 40.696257 ], [ -111.993036, 40.694775 ], [ -111.991179, 40.692418 ], [ -111.988407, 40.689954 ], [ -111.986804, 40.689119 ], [ -111.986444, 40.689114 ], [ -111.982222, 40.692035 ], [ -111.979518, 40.695326 ], [ -111.977026, 40.696193 ], [ -111.976885, 40.696319 ], [ -111.976767, 40.696449 ], [ -111.976766, 40.696493 ], [ -111.97688, 40.696885 ], [ -111.979166, 40.69901 ], [ -111.980692, 40.70034 ], [ -111.984072, 40.702336 ], [ -111.986189, 40.703996 ], [ -111.986457, 40.704166 ], [ -111.986506, 40.704181 ], [ -111.986562, 40.704189 ], [ -111.986921, 40.704209 ], [ -111.990952, 40.700895 ], [ -111.994007, 40.698606 ], [ -111.996269, 40.696947 ], [ -111.996368, 40.696872 ], [ -111.996462, 40.696781 ], [ -111.996485, 40.696486 ] ] ] } },
{ "type": "Feature", "properties": { "group_index": 0, "value": 900.0, "center": [ -111.986651, 40.6966104414934 ], "point_id": 0 }, "geometry": { "type": "Polygon", "coordinates": [ [ [ -112.001403, 40.696409 ], [ -112.001188, 40.696137 ], [ -111.999944, 40.695302 ], [ -111.996246, 40.692159 ], [ -111.99279, 40.689441 ], [ -111.990466, 40.687708 ], [ -111.986818, 40.68537 ], [ -111.986458, 40.685368 ], [ -111.986383, 40.685381 ], [ -111.982169, 40.6883 ], [ -111.982172, 40.688376 ], [ -111.982356, 40.689069 ], [ -111.982395, 40.689693 ], [ -111.977377, 40.692482 ], [ -111.977017, 40.692483 ], [ -111.976903, 40.692542 ], [ -111.976685, 40.692661 ], [ -111.976565, 40.692749 ], [ -111.973547, 40.695114 ], [ -111.971948, 40.69636 ], [ -111.971782, 40.696709 ], [ -111.971782, 40.696725 ], [ -111.971942, 40.696893 ], [ -111.972017, 40.696953 ], [ -111.972554, 40.697379 ], [ -111.976321, 40.700302 ], [ -111.980607, 40.70354 ], [ -111.981514, 40.704242 ], [ -111.982115, 40.704656 ], [ -111.982298, 40.704774 ], [ -111.986654, 40.707337 ], [ -111.98693, 40.707395 ], [ -111.987346, 40.707394 ], [ -111.989203, 40.706264 ], [ -111.989365, 40.706162 ], [ -111.990486, 40.705428 ], [ -111.995274, 40.701924 ], [ -111.995432, 40.701793 ], [ -111.99927, 40.698548 ], [ -112.000449, 40.697707 ], [ -112.001403, 40.696769 ], [ -112.001403, 40.696409 ] ] ] } },
{ "type": "Feature", "properties": { "group_index": 0, "value": 300.0, "center": [ -111.91695902239637, 40.69942052906072 ], "point_id": 0 }, "geometry": { "type": "Polygon", "coordinates": [ [ [ -111.921828, 40.69925 ], [ -111.919995, 40.697798 ], [ -111.917646, 40.696021 ], [ -111.917108, 40.695621 ], [ -111.91707, 40.69562 ], [ -111.916755, 40.695673 ], [ -111.916432, 40.695872 ], [ -111.913213, 40.698325 ], [ -111.911492, 40.699395 ], [ -111.911417, 40.699538 ], [ -111.911465, 40.699895 ], [ -111.91194, 40.699832 ], [ -111.916756, 40.703169 ], [ -111.91688, 40.703305 ], [ -111.916936, 40.703305 ], [ -111.91742, 40.703215 ], [ -111.919898, 40.701175 ], [ -111.921477, 40.699937 ], [ -111.921695, 40.699749 ], [ -111.921828, 40.69961 ], [ -111.921828, 40.69925 ] ] ] } },
{ "type": "Feature", "properties": { "group_index": 0, "value": 600.0, "center": [ -111.91695902239637, 40.69942052906072 ], "point_id": 0 }, "geometry": { "type": "Polygon", "coordinates": [ [ [ -111.926799, 40.699426 ], [ -111.926759, 40.69922 ], [ -111.926533, 40.699044 ], [ -111.926085, 40.698724 ], [ -111.925925, 40.698674 ], [ -111.921743, 40.696589 ], [ -111.920902, 40.694926 ], [ -111.920381, 40.69434 ], [ -111.92025, 40.69424 ], [ -111.917908, 40.692498 ], [ -111.917185, 40.691976 ], [ -111.917081, 40.691924 ], [ -111.916721, 40.691929 ], [ -111.91504, 40.693177 ], [ -111.914789, 40.69337 ], [ -111.911308, 40.696239 ], [ -111.910062, 40.697223 ], [ -111.906836, 40.699774 ], [ -111.906827, 40.700134 ], [ -111.912276, 40.702483 ], [ -111.914881, 40.705672 ], [ -111.916938, 40.707086 ], [ -111.916949, 40.707086 ], [ -111.920316, 40.705585 ], [ -111.922788, 40.70279 ], [ -111.924864, 40.701259 ], [ -111.926189, 40.700312 ], [ -111.926795, 40.699786 ], [ -111.926799, 40.699426 ] ] ] } },
{ "type": "Feature", "properties": { "group_index": 0, "value": 900.0, "center": [ -111.91695902239637, 40.69942052906072 ], "point_id": 0 }, "geometry": { "type": "Polygon", "coordinates": [ [ [ -111.931487, 40.698515 ], [ -111.927471, 40.695052 ], [ -111.922279, 40.693558 ], [ -111.920176, 40.690489 ], [ -111.919183, 40.689529 ], [ -111.918114, 40.688537 ], [ -111.917917, 40.68851 ], [ -111.917721, 40.688483 ], [ -111.917388, 40.688476 ], [ -111.916593, 40.688478 ], [ -111.916381, 40.688479 ], [ -111.916112, 40.688565 ], [ -111.912164, 40.691425 ], [ -111.912046, 40.691513 ], [ -111.911014, 40.692416 ], [ -111.909, 40.694176 ], [ -111.9048, 40.6976 ], [ -111.902361, 40.699523 ], [ -111.902352, 40.699934 ], [ -111.902377, 40.700293 ], [ -111.906292, 40.701778 ], [ -111.909929, 40.705604 ], [ -111.91248, 40.70775 ], [ -111.916417, 40.710448 ], [ -111.916762, 40.710661 ], [ -111.917122, 40.710662 ], [ -111.921344, 40.708389 ], [ -111.922548, 40.70743 ], [ -111.923298, 40.706328 ], [ -111.927799, 40.703397 ], [ -111.929055, 40.702714 ], [ -111.929559, 40.702348 ], [ -111.930502, 40.701575 ], [ -111.931632, 40.698844 ], [ -111.931487, 40.698515 ] ] ] } },
{ "type": "Feature", "properties": { "group_index": 0, "value": 300.0, "center": [ -111.93892932132678, 40.696622375294105 ], "point_id": 0 }, "geometry": { "type": "Polygon", "coordinates": [ [ [ -111.943872, 40.696608 ], [ -111.943779, 40.696436 ], [ -111.943626, 40.696305 ], [ -111.94342, 40.696144 ], [ -111.940946, 40.694191 ], [ -111.940317, 40.693721 ], [ -111.939634, 40.693216 ], [ -111.939087, 40.692827 ], [ -111.939083, 40.692827 ], [ -111.93873, 40.692876 ], [ -111.93856, 40.693 ], [ -111.935275, 40.695445 ], [ -111.934452, 40.69635 ], [ -111.934211, 40.696829 ], [ -111.934137, 40.697078 ], [ -111.934088, 40.69727 ], [ -111.934309, 40.697605 ], [ -111.938645, 40.700374 ], [ -111.938855, 40.700486 ], [ -111.939022, 40.700486 ], [ -111.942794, 40.697642 ], [ -111.943685, 40.696927 ], [ -111.943875, 40.696673 ], [ -111.943872, 40.696608 ] ] ] } },
{ "type": "Feature", "properties": { "group_index": 0, "value": 600.0, "center": [ -111.93892932132678, 40.696622375294105 ], "point_id": 0 }, "geometry": { "type": "Polygon", "coordinates": [ [ [ -111.949825, 40.696417 ], [ -111.944821, 40.693229 ], [ -111.943407, 40.69232 ], [ -111.939171, 40.689033 ], [ -111.939071, 40.689027 ], [ -111.938741, 40.689022 ], [ -111.938738, 40.689022 ], [ -111.936969, 40.690314 ], [ -111.936447, 40.690715 ], [ -111.934749, 40.692242 ], [ -111.934269, 40.692976 ], [ -111.93149, 40.696297 ], [ -111.930052, 40.697398 ], [ -111.929747, 40.699021 ], [ -111.929803, 40.699376 ], [ -111.930141, 40.699508 ], [ -111.931243, 40.699709 ], [ -111.935748, 40.702303 ], [ -111.938229, 40.703937 ], [ -111.938406, 40.704024 ], [ -111.938767, 40.704117 ], [ -111.939146, 40.704121 ], [ -111.939194, 40.704122 ], [ -111.939485, 40.703951 ], [ -111.941961, 40.702237 ], [ -111.943966, 40.700487 ], [ -111.94715, 40.69811 ], [ -111.949831, 40.696777 ], [ -111.949825, 40.696417 ] ] ] } },
{ "type": "Feature", "properties": { "group_index": 0, "value": 900.0, "center": [ -111.93892932132678, 40.696622375294105 ], "point_id": 0 }, "geometry": { "type": "Polygon", "coordinates": [ [ [ -111.953731, 40.696597 ], [ -111.953639, 40.696396 ], [ -111.949138, 40.692862 ], [ -111.948958, 40.692722 ], [ -111.945559, 40.690099 ], [ -111.941074, 40.686556 ], [ -111.939256, 40.685493 ], [ -111.939072, 40.685411 ], [ -111.938712, 40.685413 ], [ -111.938554, 40.685531 ], [ -111.935986, 40.687426 ], [ -111.935402, 40.687864 ], [ -111.935371, 40.687893 ], [ -111.935347, 40.687948 ], [ -111.934207, 40.690497 ], [ -111.930925, 40.694089 ], [ -111.926562, 40.698022 ], [ -111.925706, 40.698313 ], [ -111.925083, 40.699252 ], [ -111.925089, 40.699612 ], [ -111.925323, 40.699836 ], [ -111.925654, 40.700019 ], [ -111.927052, 40.699773 ], [ -111.927274, 40.69976 ], [ -111.927573, 40.699715 ], [ -111.928471, 40.69966 ], [ -111.929386, 40.699603 ], [ -111.93349, 40.703677 ], [ -111.93349, 40.704037 ], [ -111.933605, 40.704149 ], [ -111.934594, 40.705146 ], [ -111.934837, 40.705411 ], [ -111.938593, 40.707756 ], [ -111.938771, 40.707864 ], [ -111.939131, 40.707864 ], [ -111.942771, 40.705538 ], [ -111.943356, 40.705051 ], [ -111.945308, 40.703311 ], [ -111.948802, 40.701764 ], [ -111.950356, 40.699657 ], [ -111.953646, 40.696914 ], [ -111.953731, 40.696597 ] ] ] } },
{ "type": "Feature", "properties": { "group_index": 0, "value": 300.0, "center": [ -111.96001826380362, 40.692940501738775 ], "point_id": 0 }, "geometry": { "type": "Polygon", "coordinates": [ [ [ -111.964951, 40.692766 ], [ -111.963278, 40.691188 ], [ -111.960182, 40.689223 ], [ -111.959942, 40.689147 ], [ -111.959761, 40.689141 ], [ -111.959669, 40.689141 ], [ -111.959582, 40.689144 ], [ -111.955806, 40.692058 ], [ -111.955806, 40.692176 ], [ -111.955984, 40.6938 ], [ -111.956088, 40.693898 ], [ -111.956823, 40.694537 ], [ -111.956964, 40.694644 ], [ -111.957571, 40.69504 ], [ -111.957696, 40.695115 ], [ -111.958064, 40.695264 ], [ -111.959953, 40.695417 ], [ -111.960313, 40.695401 ], [ -111.962707, 40.694835 ], [ -111.963185, 40.694513 ], [ -111.96495, 40.693126 ], [ -111.964951, 40.692766 ] ] ] } },
{ "type": "Feature", "properties": { "group_index": 0, "value": 600.0, "center": [ -111.96001826380362, 40.692940501738775 ], "point_id": 0 }, "geometry": { "type": "Polygon", "coordinates": [ [ [ -111.969893, 40.692752 ], [ -111.967591, 40.690728 ], [ -111.963564, 40.688478 ], [ -111.962323, 40.687321 ], [ -111.962037, 40.687082 ], [ -111.960507, 40.685777 ], [ -111.960219, 40.685561 ], [ -111.959634, 40.685538 ], [ -111.95527, 40.688108 ], [ -111.954431, 40.68854 ], [ -111.952275, 40.690747 ], [ -111.952286, 40.690977 ], [ -111.952297, 40.691206 ], [ -111.953635, 40.69576 ], [ -111.954372, 40.696652 ], [ -111.957722, 40.699103 ], [ -111.957963, 40.699103 ], [ -111.958323, 40.699089 ], [ -111.958988, 40.69885 ], [ -111.964255, 40.697564 ], [ -111.965226, 40.696897 ], [ -111.967627, 40.694877 ], [ -111.969892, 40.693112 ], [ -111.969893, 40.692752 ] ] ] } },
{ "type": "Feature", "properties": { "group_index": 0, "value": 900.0, "center": [ -111.96001826380362, 40.692940501738775 ], "point_id": 0 }, "geometry": { "type": "Polygon", "coordinates": [ [ [ -111.974856, 40.693044 ], [ -111.974855, 40.693007 ], [ -111.974835, 40.692744 ], [ -111.974716, 40.692132 ], [ -111.974571, 40.692014 ], [ -111.970572, 40.689262 ], [ -111.970405, 40.68914 ], [ -111.967718, 40.687154 ], [ -111.963847, 40.683696 ], [ -111.962874, 40.683029 ], [ -111.962617, 40.683007 ], [ -111.958353, 40.682895 ], [ -111.957993, 40.682892 ], [ -111.957211, 40.683168 ], [ -111.953142, 40.685278 ], [ -111.949078, 40.689318 ], [ -111.949079, 40.689678 ], [ -111.949877, 40.690409 ], [ -111.950503, 40.69067 ], [ -111.949049, 40.696429 ], [ -111.949054, 40.696789 ], [ -111.953662, 40.699514 ], [ -111.957699, 40.703557 ], [ -111.958059, 40.703545 ], [ -111.961205, 40.701819 ], [ -111.964151, 40.701263 ], [ -111.964466, 40.70109 ], [ -111.969305, 40.69781 ], [ -111.972479, 40.695229 ], [ -111.974835, 40.693104 ], [ -111.974856, 40.693044 ] ] ] } },
{ "type": "Feature", "properties": { "group_index": 0, "value": 300.0, "center": [ -111.8976899, 40.6998826 ], "point_id": 0 }, "geometry": { "type": "Polygon", "coordinates": [ [ [ -111.902516, 40.699884 ], [ -111.902518, 40.699524 ], [ -111.900081, 40.697546 ], [ -111.899752, 40.697471 ], [ -111.899712, 40.697471 ], [ -111.893923, 40.698808 ], [ -111.893648, 40.698952 ], [ -111.892794, 40.699597 ], [ -111.892734, 40.699686 ], [ -111.892734, 40.699776 ], [ -111.892795, 40.699957 ], [ -111.892867, 40.700108 ], [ -111.893819, 40.700834 ], [ -111.893926, 40.700916 ], [ -111.897549, 40.703446 ], [ -111.897704, 40.703548 ], [ -111.897786, 40.703553 ], [ -111.898146, 40.703552 ], [ -111.898224, 40.703506 ], [ -111.900598, 40.701778 ], [ -111.901116, 40.701423 ], [ -111.902407, 40.700291 ], [ -111.902516, 40.699884 ] ] ] } },
{ "type": "Feature", "properties": { "group_index": 0, "value": 600.0, "center": [ -111.8976899, 40.6998826 ], "point_id": 0 }, "geometry": { "type": "Polygon", "coordinates": [ [ [ -111.908167, 40.699807 ], [ -111.907943, 40.69953 ], [ -111.906253, 40.698537 ], [ -111.905662, 40.698201 ], [ -111.90086, 40.695292 ], [ -111.900307, 40.694106 ], [ -111.899939, 40.693874 ], [ -111.899579, 40.693874 ], [ -111.893921, 40.695062 ], [ -111.892786, 40.69571 ], [ -111.89027, 40.697686 ], [ -111.888809, 40.698808 ], [ -111.887861, 40.699592 ], [ -111.887871, 40.700038 ], [ -111.888315, 40.700432 ], [ -111.891696, 40.7032 ], [ -111.893704, 40.704531 ], [ -111.893808, 40.704597 ], [ -111.893918, 40.704663 ], [ -111.899689, 40.706146 ], [ -111.899727, 40.706146 ], [ -111.899984, 40.705981 ], [ -111.902571, 40.704068 ], [ -111.9058, 40.701421 ], [ -111.908157, 40.700167 ], [ -111.908167, 40.699807 ] ] ] } },
{ "type": "Feature", "properties": { "group_index": 0, "value": 900.0, "center": [ -111.8976899, 40.6998826 ], "point_id": 0 }, "geometry": { "type": "Polygon", "coordinates": [ [ [ -111.912711, 40.699172 ], [ -111.911494, 40.698704 ], [ -111.911384, 40.698664 ], [ -111.911024, 40.69866 ], [ -111.906403, 40.69496 ], [ -111.90568, 40.694453 ], [ -111.901037, 40.691816 ], [ -111.900215, 40.690327 ], [ -111.900049, 40.690201 ], [ -111.899945, 40.690127 ], [ -111.899585, 40.690126 ], [ -111.89952, 40.690132 ], [ -111.89382, 40.691325 ], [ -111.892873, 40.691928 ], [ -111.889667, 40.694393 ], [ -111.889586, 40.694455 ], [ -111.886225, 40.696982 ], [ -111.883039, 40.699579 ], [ -111.88294, 40.699681 ], [ -111.88294, 40.700041 ], [ -111.883068, 40.700148 ], [ -111.885261, 40.701947 ], [ -111.889052, 40.704843 ], [ -111.890953, 40.70633 ], [ -111.893805, 40.708345 ], [ -111.899532, 40.709741 ], [ -111.899714, 40.709832 ], [ -111.899832, 40.709831 ], [ -111.901024, 40.708977 ], [ -111.901236, 40.708812 ], [ -111.902082, 40.708143 ], [ -111.902087, 40.707783 ], [ -111.902699, 40.703949 ], [ -111.907544, 40.702866 ], [ -111.912643, 40.69982 ], [ -111.912755, 40.699529 ], [ -111.912711, 40.699172 ] ] ] } },
{ "type": "Feature", "properties": { "group_index": 0, "value": 300.0, "center": [ -111.72686242064214, 40.28065904761377 ], "point_id": 0 }, "geometry": { "type": "Polygon", "coordinates": [ [ [ -111.73039, 40.280732 ], [ -111.730331, 40.280522 ], [ -111.729844, 40.279054 ], [ -111.729572, 40.278834 ], [ -111.728151, 40.277696 ], [ -111.725368, 40.277396 ], [ -111.724973, 40.277479 ], [ -111.724632, 40.277596 ], [ -111.723364, 40.279439 ], [ -111.723461, 40.279786 ], [ -111.725525, 40.282712 ], [ -111.728788, 40.284042 ], [ -111.729073, 40.283822 ], [ -111.729701, 40.28329 ], [ -111.730254, 40.282574 ], [ -111.73039, 40.280732 ] ] ] } },
{ "type": "Feature", "properties": { "group_index": 0, "value": 600.0, "center": [ -111.72686242064214, 40.28065904761377 ], "point_id": 0 }, "geometry": { "type": "Polygon", "coordinates": [ [ [ -111.735016, 40.282257 ], [ -111.735022, 40.281897 ], [ -111.734754, 40.278757 ], [ -111.731335, 40.276848 ], [ -111.72932, 40.275236 ], [ -111.725813, 40.274414 ], [ -111.725376, 40.274348 ], [ -111.725125, 40.274422 ], [ -111.723832, 40.275176 ], [ -111.720329, 40.278056 ], [ -111.720052, 40.278285 ], [ -111.719477, 40.280169 ], [ -111.719603, 40.280507 ], [ -111.722813, 40.281567 ], [ -111.725228, 40.282622 ], [ -111.730162, 40.285628 ], [ -111.730522, 40.285632 ], [ -111.732131, 40.285275 ], [ -111.733282, 40.284795 ], [ -111.733602, 40.284629 ], [ -111.734992, 40.282337 ], [ -111.735016, 40.282257 ] ] ] } },
{ "type": "Feature", "properties": { "group_index": 0, "value": 900.0, "center": [ -111.72686242064214, 40.28065904761377 ], "point_id": 0 }, "geometry": { "type": "Polygon", "coordinates": [ [ [ -111.73923, 40.280513 ], [ -111.739487, 40.279177 ], [ -111.738729, 40.278106 ], [ -111.737443, 40.277315 ], [ -111.737083, 40.277315 ], [ -111.735139, 40.27711 ], [ -111.73173, 40.27411 ], [ -111.731477, 40.273911 ], [ -111.730367, 40.273033 ], [ -111.726199, 40.272306 ], [ -111.724441, 40.271497 ], [ -111.721887, 40.272973 ], [ -111.716931, 40.275821 ], [ -111.716205, 40.278483 ], [ -111.716803, 40.280666 ], [ -111.717846, 40.282769 ], [ -111.718154, 40.283002 ], [ -111.720861, 40.284261 ], [ -111.721077, 40.284308 ], [ -111.72394, 40.284929 ], [ -111.724003, 40.284928 ], [ -111.724253, 40.284921 ], [ -111.730162, 40.285628 ], [ -111.730828, 40.28646 ], [ -111.731268, 40.287137 ], [ -111.73159, 40.287514 ], [ -111.733456, 40.288131 ], [ -111.733815, 40.288112 ], [ -111.734203, 40.288093 ], [ -111.736398, 40.286801 ], [ -111.738957, 40.281486 ], [ -111.73923, 40.280513 ] ] ] } },
{ "type": "Feature", "properties": { "group_index": 0, "value": 300.0, "center": [ -111.9257730506777, 40.69941923569567 ], "point_id": 0 }, "geometry": { "type": "Polygon", "coordinates": [ [ [ -111.930597, 40.698846 ], [ -111.927224, 40.69523 ], [ -111.922497, 40.696634 ], [ -111.922155, 40.696745 ], [ -111.920857, 40.699249 ], [ -111.920857, 40.699609 ], [ -111.920995, 40.699746 ], [ -111.922493, 40.700935 ], [ -111.922614, 40.701024 ], [ -111.924571, 40.701507 ], [ -111.926452, 40.701933 ], [ -111.928363, 40.701971 ], [ -111.928597, 40.701976 ], [ -111.929016, 40.701717 ], [ -111.929176, 40.701598 ], [ -111.930688, 40.699194 ], [ -111.930597, 40.698846 ] ] ] } },
{ "type": "Feature", "properties": { "group_index": 0, "value": 600.0, "center": [ -111.9257730506777, 40.69941923569567 ], "point_id": 0 }, "geometry": { "type": "Polygon", "coordinates": [ [ [ -111.935089, 40.697134 ], [ -111.934986, 40.696789 ], [ -111.934246, 40.696572 ], [ -111.929567, 40.692833 ], [ -111.929218, 40.692746 ], [ -111.929105, 40.692746 ], [ -111.928926, 40.692757 ], [ -111.927423, 40.692862 ], [ -111.923186, 40.693835 ], [ -111.919727, 40.696359 ], [ -111.914812, 40.699301 ], [ -111.914814, 40.699661 ], [ -111.917827, 40.701171 ], [ -111.922656, 40.704681 ], [ -111.923016, 40.704666 ], [ -111.927799, 40.703397 ], [ -111.930389, 40.704144 ], [ -111.930728, 40.704144 ], [ -111.931067, 40.704143 ], [ -111.931943, 40.704149 ], [ -111.932043, 40.70414 ], [ -111.932341, 40.704081 ], [ -111.934518, 40.700497 ], [ -111.935089, 40.697134 ] ] ] } },
{ "type": "Feature", "properties": { "group_index": 0, "value": 900.0, "center": [ -111.9257730506777, 40.69941923569567 ], "point_id": 0 }, "geometry": { "type": "Polygon", "coordinates": [ [ [ -111.939707, 40.696754 ], [ -111.939707, 40.696394 ], [ -111.938556, 40.695473 ], [ -111.93387, 40.692388 ], [ -111.930472, 40.68951 ], [ -111.92967, 40.688909 ], [ -111.92931, 40.688909 ], [ -111.927752, 40.689767 ], [ -111.926531, 40.690416 ], [ -111.921252, 40.691043 ], [ -111.920929, 40.691202 ], [ -111.916824, 40.69419 ], [ -111.913213, 40.697479 ], [ -111.910814, 40.699479 ], [ -111.910571, 40.699733 ], [ -111.910628, 40.700089 ], [ -111.910895, 40.700046 ], [ -111.915625, 40.703421 ], [ -111.915924, 40.703673 ], [ -111.916759, 40.704078 ], [ -111.921101, 40.707549 ], [ -111.921358, 40.707735 ], [ -111.922965, 40.708155 ], [ -111.923807, 40.70785 ], [ -111.92401, 40.707553 ], [ -111.927799, 40.703397 ], [ -111.929892, 40.703965 ], [ -111.931919, 40.705492 ], [ -111.932571, 40.705494 ], [ -111.933038, 40.705494 ], [ -111.936325, 40.704836 ], [ -111.93652, 40.704732 ], [ -111.93713, 40.704273 ], [ -111.937271, 40.704146 ], [ -111.93736, 40.704031 ], [ -111.939459, 40.700488 ], [ -111.939707, 40.696754 ] ] ] } },
{ "type": "Feature", "properties": { "group_index": 0, "value": 300.0, "center": [ -111.81458925233858, 40.376851120052144 ], "point_id": 2 }, "geometry": { "type": "Polygon", "coordinates": [ [ [ -111.819677, 40.376472 ], [ -111.819261, 40.376359 ], [ -111.819116, 40.376359 ], [ -111.813335, 40.375236 ], [ -111.812733, 40.374984 ], [ -111.811966, 40.374757 ], [ -111.811638, 40.374861 ], [ -111.809753, 40.37658 ], [ -111.809685, 40.376681 ], [ -111.809681, 40.377041 ], [ -111.809696, 40.377178 ], [ -111.81309, 40.379808 ], [ -111.813463, 40.380057 ], [ -111.814198, 40.380449 ], [ -111.814413, 40.380442 ], [ -111.815324, 40.380302 ], [ -111.816314, 40.379689 ], [ -111.817782, 40.378708 ], [ -111.819431, 40.377073 ], [ -111.819667, 40.376832 ], [ -111.819677, 40.376472 ] ] ] } },
{ "type": "Feature", "properties": { "group_index": 0, "value": 600.0, "center": [ -111.81458925233858, 40.376851120052144 ], "point_id": 2 }, "geometry": { "type": "Polygon", "coordinates": [ [ [ -111.825747, 40.376512 ], [ -111.822363, 40.376236 ], [ -111.821009, 40.376279 ], [ -111.820861, 40.376291 ], [ -111.819261, 40.376359 ], [ -111.819116, 40.376359 ], [ -111.813335, 40.375236 ], [ -111.812733, 40.374984 ], [ -111.811966, 40.374757 ], [ -111.810605, 40.374745 ], [ -111.809624, 40.374743 ], [ -111.808644, 40.37474 ], [ -111.806233, 40.375427 ], [ -111.804835, 40.376549 ], [ -111.804661, 40.376718 ], [ -111.804661, 40.376723 ], [ -111.804764, 40.377011 ], [ -111.804936, 40.377149 ], [ -111.80787, 40.379377 ], [ -111.810926, 40.381675 ], [ -111.811675, 40.382241 ], [ -111.812547, 40.382847 ], [ -111.813899, 40.383324 ], [ -111.814071, 40.383381 ], [ -111.814649, 40.383531 ], [ -111.815022, 40.383619 ], [ -111.816013, 40.38352 ], [ -111.817848, 40.382474 ], [ -111.819686, 40.38122 ], [ -111.819789, 40.381142 ], [ -111.820366, 40.380679 ], [ -111.822851, 40.378314 ], [ -111.825737, 40.376871 ], [ -111.825747, 40.376512 ] ] ] } },
{ "type": "Feature", "properties": { "group_index": 0, "value": 900.0, "center": [ -111.81458925233858, 40.376851120052144 ], "point_id": 2 }, "geometry": { "type": "Polygon", "coordinates": [ [ [ -111.829585, 40.377224 ], [ -111.829451, 40.377104 ], [ -111.828916, 40.376923 ], [ -111.82838, 40.376742 ], [ -111.828178, 40.376695 ], [ -111.827992, 40.376653 ], [ -111.827694, 40.376605 ], [ -111.82743, 40.376578 ], [ -111.826967, 40.376555 ], [ -111.826513, 40.376532 ], [ -111.822363, 40.376236 ], [ -111.821009, 40.376279 ], [ -111.820861, 40.376291 ], [ -111.819261, 40.376359 ], [ -111.819116, 40.376359 ], [ -111.813335, 40.375236 ], [ -111.812733, 40.374984 ], [ -111.808567, 40.372501 ], [ -111.808172, 40.37237 ], [ -111.807513, 40.37218 ], [ -111.806824, 40.372121 ], [ -111.804419, 40.372582 ], [ -111.800192, 40.376193 ], [ -111.799917, 40.376522 ], [ -111.799848, 40.376635 ], [ -111.799845, 40.376995 ], [ -111.800285, 40.377461 ], [ -111.801202, 40.37838 ], [ -111.803747, 40.380019 ], [ -111.806268, 40.381909 ], [ -111.808541, 40.383398 ], [ -111.80884, 40.383584 ], [ -111.8092, 40.383594 ], [ -111.81492, 40.384264 ], [ -111.816164, 40.384718 ], [ -111.818229, 40.38564 ], [ -111.818535, 40.385759 ], [ -111.818841, 40.385878 ], [ -111.819108, 40.385793 ], [ -111.820742, 40.384279 ], [ -111.820839, 40.383933 ], [ -111.82115, 40.382334 ], [ -111.825881, 40.380288 ], [ -111.82939, 40.377807 ], [ -111.829481, 40.377568 ], [ -111.829585, 40.377224 ] ] ] } },
{ "type": "Feature", "properties": { "group_index": 0, "value": 300.0, "center": [ -111.83379966874895, 40.37288033555353 ], "point_id": 2 }, "geometry": { "type": "Polygon", "coordinates": [ [ [ -111.838165, 40.371838 ], [ -111.837922, 40.371573 ], [ -111.836154, 40.369762 ], [ -111.83581, 40.369655 ], [ -111.830996, 40.371081 ], [ -111.828886, 40.372642 ], [ -111.828884, 40.373002 ], [ -111.832605, 40.376596 ], [ -111.832811, 40.376508 ], [ -111.832968, 40.376394 ], [ -111.833124, 40.376281 ], [ -111.836903, 40.373058 ], [ -111.837469, 40.372577 ], [ -111.837837, 40.372247 ], [ -111.838204, 40.371917 ], [ -111.838165, 40.371838 ] ] ] } },
{ "type": "Feature", "properties": { "group_index": 0, "value": 600.0, "center": [ -111.83379966874895, 40.37288033555353 ], "point_id": 2 }, "geometry": { "type": "Polygon", "coordinates": [ [ [ -111.840356, 40.369336 ], [ -111.840095, 40.368968 ], [ -111.83945, 40.368314 ], [ -111.839351, 40.368215 ], [ -111.838317, 40.367378 ], [ -111.837832, 40.367057 ], [ -111.835897, 40.366282 ], [ -111.835811, 40.366272 ], [ -111.831067, 40.36733 ], [ -111.826505, 40.370994 ], [ -111.826147, 40.371027 ], [ -111.825743, 40.371269 ], [ -111.823966, 40.372619 ], [ -111.823967, 40.372979 ], [ -111.824153, 40.372978 ], [ -111.828328, 40.377104 ], [ -111.828607, 40.37754 ], [ -111.833395, 40.379924 ], [ -111.833638, 40.379712 ], [ -111.837408, 40.375402 ], [ -111.839554, 40.370832 ], [ -111.840271, 40.369686 ], [ -111.840356, 40.369336 ] ] ] } },
{ "type": "Feature", "properties": { "group_index": 0, "value": 900.0, "center": [ -111.83379966874895, 40.37288033555353 ], "point_id": 2 }, "geometry": { "type": "Polygon", "coordinates": [ [ [ -111.844395, 40.36861 ], [ -111.844297, 40.368282 ], [ -111.840578, 40.365289 ], [ -111.840154, 40.365025 ], [ -111.83615, 40.362815 ], [ -111.836047, 40.362766 ], [ -111.835759, 40.362772 ], [ -111.835759, 40.362772 ], [ -111.835472, 40.362779 ], [ -111.834924, 40.362972 ], [ -111.834393, 40.363214 ], [ -111.831224, 40.364651 ], [ -111.825966, 40.367157 ], [ -111.823695, 40.368734 ], [ -111.82327, 40.369033 ], [ -111.82297, 40.369276 ], [ -111.822852, 40.369373 ], [ -111.819051, 40.372603 ], [ -111.818992, 40.372882 ], [ -111.818992, 40.372882 ], [ -111.819045, 40.372963 ], [ -111.81917, 40.373062 ], [ -111.823716, 40.37694 ], [ -111.824692, 40.377408 ], [ -111.824839, 40.377455 ], [ -111.825197, 40.37749 ], [ -111.82836, 40.377505 ], [ -111.832593, 40.381372 ], [ -111.832747, 40.381697 ], [ -111.833753, 40.382746 ], [ -111.834712, 40.383141 ], [ -111.835137, 40.383153 ], [ -111.836736, 40.381972 ], [ -111.836736, 40.381932 ], [ -111.836779, 40.380088 ], [ -111.838934, 40.374602 ], [ -111.839197, 40.374489 ], [ -111.83946, 40.374376 ], [ -111.839773, 40.374162 ], [ -111.839895, 40.373866 ], [ -111.843106, 40.368835 ], [ -111.844304, 40.368726 ], [ -111.844395, 40.368706 ], [ -111.844395, 40.36861 ] ] ] } },
{ "type": "Feature", "properties": { "group_index": 0, "value": 300.0, "center": [ -111.81971127040427, 40.37278890677239 ], "point_id": 2 }, "geometry": { "type": "Polygon", "coordinates": [ [ [ -111.82463, 40.372619 ], [ -111.821798, 40.370467 ], [ -111.82027, 40.369762 ], [ -111.819911, 40.369745 ], [ -111.817283, 40.370184 ], [ -111.814846, 40.372476 ], [ -111.814794, 40.372551 ], [ -111.814793, 40.372911 ], [ -111.81996, 40.37477 ], [ -111.820564, 40.374896 ], [ -111.821168, 40.375021 ], [ -111.821477, 40.375024 ], [ -111.824629, 40.372979 ], [ -111.82463, 40.372619 ] ] ] } },
{ "type": "Feature", "properties": { "group_index": 0, "value": 600.0, "center": [ -111.81971127040427, 40.37278890677239 ], "point_id": 2 }, "geometry": { "type": "Polygon", "coordinates": [ [ [ -111.829549, 40.372646 ], [ -111.82715, 40.370742 ], [ -111.82463, 40.368803 ], [ -111.824302, 40.368546 ], [ -111.822298, 40.366967 ], [ -111.821832, 40.366644 ], [ -111.821472, 40.366646 ], [ -111.81752, 40.366833 ], [ -111.816276, 40.367542 ], [ -111.813366, 40.369931 ], [ -111.810705, 40.37174 ], [ -111.809791, 40.372488 ], [ -111.809788, 40.372848 ], [ -111.810736, 40.372877 ], [ -111.814742, 40.372911 ], [ -111.81996, 40.37477 ], [ -111.820564, 40.374896 ], [ -111.821168, 40.375021 ], [ -111.821944, 40.375061 ], [ -111.826318, 40.372986 ], [ -111.827932, 40.372996 ], [ -111.829547, 40.373006 ], [ -111.829549, 40.372646 ] ] ] } },
{ "type": "Feature", "properties": { "group_index": 0, "value": 900.0, "center": [ -111.81971127040427, 40.37278890677239 ], "point_id": 2 }, "geometry": { "type": "Polygon", "coordinates": [ [ [ -111.83437, 40.372611 ], [ -111.831366, 40.370339 ], [ -111.828211, 40.367728 ], [ -111.826268, 40.365906 ], [ -111.823406, 40.363354 ], [ -111.823046, 40.363356 ], [ -111.822051, 40.363619 ], [ -111.818888, 40.364883 ], [ -111.813422, 40.366181 ], [ -111.809769, 40.368763 ], [ -111.807214, 40.370208 ], [ -111.804853, 40.371641 ], [ -111.804746, 40.371985 ], [ -111.805005, 40.373017 ], [ -111.805076, 40.373129 ], [ -111.805658, 40.373907 ], [ -111.806328, 40.374477 ], [ -111.806482, 40.374589 ], [ -111.806842, 40.374592 ], [ -111.808238, 40.373865 ], [ -111.811519, 40.372818 ], [ -111.814742, 40.372911 ], [ -111.81996, 40.37477 ], [ -111.820564, 40.374896 ], [ -111.821168, 40.375021 ], [ -111.821944, 40.375061 ], [ -111.826318, 40.372986 ], [ -111.827932, 40.372996 ], [ -111.828069, 40.372997 ], [ -111.829547, 40.373006 ], [ -111.833645, 40.373365 ], [ -111.833998, 40.373434 ], [ -111.834594, 40.372894 ], [ -111.83437, 40.372611 ] ] ] } },
{ "type": "Feature", "properties": { "group_index": 0, "value": 300.0, "center": [ -111.90826054210758, 40.76281742692352 ], "point_id": 22 }, "geometry": { "type": "Polygon", "coordinates": [ [ [ -111.911444, 40.764827 ], [ -111.908875, 40.75966 ], [ -111.908228, 40.758799 ], [ -111.907868, 40.758799 ], [ -111.904825, 40.761498 ], [ -111.904801, 40.761736 ], [ -111.904969, 40.763501 ], [ -111.905276, 40.764444 ], [ -111.905969, 40.765007 ], [ -111.906206, 40.765196 ], [ -111.908093, 40.766557 ], [ -111.908453, 40.766563 ], [ -111.908798, 40.766452 ], [ -111.911082, 40.765135 ], [ -111.911278, 40.765019 ], [ -111.911445, 40.764837 ], [ -111.911444, 40.764827 ] ] ] } },
{ "type": "Feature", "properties": { "group_index": 0, "value": 600.0, "center": [ -111.90826054210758, 40.76281742692352 ], "point_id": 22 }, "geometry": { "type": "Polygon", "coordinates": [ [ [ -111.916305, 40.764666 ], [ -111.912945, 40.761998 ], [ -111.910426, 40.760439 ], [ -111.908336, 40.755333 ], [ -111.907976, 40.755333 ], [ -111.907051, 40.755937 ], [ -111.902299, 40.759423 ], [ -111.901144, 40.7603 ], [ -111.901002, 40.760459 ], [ -111.900921, 40.760639 ], [ -111.900922, 40.760999 ], [ -111.900941, 40.765069 ], [ -111.900966, 40.765104 ], [ -111.904027, 40.7677 ], [ -111.906847, 40.769742 ], [ -111.907872, 40.770337 ], [ -111.908232, 40.770336 ], [ -111.908439, 40.770294 ], [ -111.908643, 40.770228 ], [ -111.909418, 40.769502 ], [ -111.911367, 40.767304 ], [ -111.91549, 40.765595 ], [ -111.915902, 40.765325 ], [ -111.91632, 40.765026 ], [ -111.916305, 40.764666 ] ] ] } },
{ "type": "Feature", "properties": { "group_index": 0, "value": 900.0, "center": [ -111.90826054210758, 40.76281742692352 ], "point_id": 22 }, "geometry": { "type": "Polygon", "coordinates": [ [ [ -111.921044, 40.764799 ], [ -111.918359, 40.762395 ], [ -111.916209, 40.760611 ], [ -111.916095, 40.760526 ], [ -111.912874, 40.759555 ], [ -111.912498, 40.759354 ], [ -111.912479, 40.759354 ], [ -111.908336, 40.755333 ], [ -111.908713, 40.754124 ], [ -111.908849, 40.752636 ], [ -111.908897, 40.751947 ], [ -111.908701, 40.75161 ], [ -111.908287, 40.751588 ], [ -111.907927, 40.751586 ], [ -111.90784, 40.751609 ], [ -111.905218, 40.753383 ], [ -111.901846, 40.755949 ], [ -111.900399, 40.757034 ], [ -111.898976, 40.758141 ], [ -111.896167, 40.760309 ], [ -111.89606, 40.760398 ], [ -111.895998, 40.760634 ], [ -111.895999, 40.760994 ], [ -111.89613, 40.765022 ], [ -111.896318, 40.765319 ], [ -111.898987, 40.767513 ], [ -111.900896, 40.76921 ], [ -111.903493, 40.771876 ], [ -111.907923, 40.774022 ], [ -111.908461, 40.774025 ], [ -111.908573, 40.774025 ], [ -111.908786, 40.773867 ], [ -111.908988, 40.773716 ], [ -111.911841, 40.77162 ], [ -111.915512, 40.769167 ], [ -111.916811, 40.768348 ], [ -111.919364, 40.766772 ], [ -111.920655, 40.76575 ], [ -111.921044, 40.765159 ], [ -111.921044, 40.764799 ] ] ] } },
{ "type": "Feature", "properties": { "group_index": 0, "value": 300.0, "center": [ -111.90149479153244, 40.764996566724854 ], "point_id": 22 }, "geometry": { "type": "Polygon", "coordinates": [ [ [ -111.906437, 40.764918 ], [ -111.906435, 40.764739 ], [ -111.906347, 40.764648 ], [ -111.903877, 40.762644 ], [ -111.902925, 40.762007 ], [ -111.902806, 40.761931 ], [ -111.902512, 40.761841 ], [ -111.902152, 40.761843 ], [ -111.901675, 40.76194 ], [ -111.899733, 40.762374 ], [ -111.899436, 40.76258 ], [ -111.899283, 40.762698 ], [ -111.897189, 40.764315 ], [ -111.896731, 40.764664 ], [ -111.896637, 40.764777 ], [ -111.896636, 40.76484 ], [ -111.896635, 40.765229 ], [ -111.896713, 40.765332 ], [ -111.899143, 40.767201 ], [ -111.899343, 40.767354 ], [ -111.899545, 40.767508 ], [ -111.899731, 40.767588 ], [ -111.902271, 40.768286 ], [ -111.904201, 40.767237 ], [ -111.906436, 40.765278 ], [ -111.906437, 40.764918 ] ] ] } },
{ "type": "Feature", "properties": { "group_index": 0, "value": 600.0, "center": [ -111.90149479153244, 40.764996566724854 ], "point_id": 22 }, "geometry": { "type": "Polygon", "coordinates": [ [ [ -111.911505, 40.765011 ], [ -111.911505, 40.764995 ], [ -111.911444, 40.76482 ], [ -111.911287, 40.764659 ], [ -111.908778, 40.76276 ], [ -111.906076, 40.760379 ], [ -111.903384, 40.758565 ], [ -111.902837, 40.758207 ], [ -111.902512, 40.758114 ], [ -111.902152, 40.758102 ], [ -111.902072, 40.758119 ], [ -111.899702, 40.758685 ], [ -111.898159, 40.75962 ], [ -111.8946, 40.762491 ], [ -111.893373, 40.763405 ], [ -111.891785, 40.764676 ], [ -111.891764, 40.764959 ], [ -111.891768, 40.765319 ], [ -111.893312, 40.766499 ], [ -111.897015, 40.769369 ], [ -111.897087, 40.769425 ], [ -111.899789, 40.771458 ], [ -111.899804, 40.771469 ], [ -111.902148, 40.77187 ], [ -111.902658, 40.771846 ], [ -111.903426, 40.771521 ], [ -111.905087, 40.770471 ], [ -111.905494, 40.770208 ], [ -111.90823, 40.76797 ], [ -111.911381, 40.765623 ], [ -111.911505, 40.765011 ] ] ] } },
{ "type": "Feature", "properties": { "group_index": 0, "value": 900.0, "center": [ -111.90149479153244, 40.764996566724854 ], "point_id": 22 }, "geometry": { "type": "Polygon", "coordinates": [ [ [ -111.916327, 40.765025 ], [ -111.916312, 40.764666 ], [ -111.912945, 40.761994 ], [ -111.911361, 40.760438 ], [ -111.907836, 40.758118 ], [ -111.905695, 40.756452 ], [ -111.905068, 40.756006 ], [ -111.902916, 40.754514 ], [ -111.902783, 40.754463 ], [ -111.902658, 40.754431 ], [ -111.902298, 40.754431 ], [ -111.899722, 40.754948 ], [ -111.899376, 40.755024 ], [ -111.895575, 40.757843 ], [ -111.892573, 40.760148 ], [ -111.889267, 40.762612 ], [ -111.888263, 40.763471 ], [ -111.886841, 40.764673 ], [ -111.886795, 40.764748 ], [ -111.886791, 40.764847 ], [ -111.886819, 40.765329 ], [ -111.889486, 40.767563 ], [ -111.892405, 40.769689 ], [ -111.895139, 40.771807 ], [ -111.897796, 40.773733 ], [ -111.899302, 40.774819 ], [ -111.899408, 40.774893 ], [ -111.899727, 40.775052 ], [ -111.902151, 40.775548 ], [ -111.902351, 40.775588 ], [ -111.902711, 40.775588 ], [ -111.904972, 40.774384 ], [ -111.908548, 40.771536 ], [ -111.911463, 40.769469 ], [ -111.915602, 40.765731 ], [ -111.916138, 40.765325 ], [ -111.916293, 40.765173 ], [ -111.916327, 40.765025 ] ] ] } },
{ "type": "Feature", "properties": { "group_index": 0, "value": 300.0, "center": [ -111.89210064537316, 40.76500408883045 ], "point_id": 22 }, "geometry": { "type": "Polygon", "coordinates": [ [ [ -111.896997, 40.765072 ], [ -111.896997, 40.764795 ], [ -111.896883, 40.764663 ], [ -111.894407, 40.762654 ], [ -111.892932, 40.761941 ], [ -111.891484, 40.761897 ], [ -111.891124, 40.761894 ], [ -111.890101, 40.762405 ], [ -111.888625, 40.763552 ], [ -111.887238, 40.764673 ], [ -111.8871, 40.764819 ], [ -111.8871, 40.764851 ], [ -111.88719, 40.765235 ], [ -111.887262, 40.765331 ], [ -111.887841, 40.765777 ], [ -111.88909, 40.766767 ], [ -111.889697, 40.767205 ], [ -111.890829, 40.767959 ], [ -111.891016, 40.768082 ], [ -111.891275, 40.768254 ], [ -111.891321, 40.768255 ], [ -111.893935, 40.767548 ], [ -111.894035, 40.767516 ], [ -111.896904, 40.765334 ], [ -111.896995, 40.765224 ], [ -111.896997, 40.765072 ] ] ] } },
{ "type": "Feature", "properties": { "group_index": 0, "value": 600.0, "center": [ -111.89210064537316, 40.76500408883045 ], "point_id": 22 }, "geometry": { "type": "Polygon", "coordinates": [ [ [ -111.901852, 40.764974 ], [ -111.90182, 40.764668 ], [ -111.899253, 40.762641 ], [ -111.898175, 40.761802 ], [ -111.895983, 40.760213 ], [ -111.894459, 40.759078 ], [ -111.89412, 40.758873 ], [ -111.893925, 40.758767 ], [ -111.891483, 40.758147 ], [ -111.890994, 40.758146 ], [ -111.890983, 40.758146 ], [ -111.890745, 40.758304 ], [ -111.887873, 40.760301 ], [ -111.886511, 40.761227 ], [ -111.884953, 40.762501 ], [ -111.88229, 40.76467 ], [ -111.882128, 40.764849 ], [ -111.882128, 40.764862 ], [ -111.882263, 40.765255 ], [ -111.882324, 40.765342 ], [ -111.884786, 40.767348 ], [ -111.887401, 40.769501 ], [ -111.888388, 40.770248 ], [ -111.889403, 40.770844 ], [ -111.890864, 40.771657 ], [ -111.890887, 40.771657 ], [ -111.893944, 40.771298 ], [ -111.894136, 40.771209 ], [ -111.896592, 40.769689 ], [ -111.900566, 40.76648 ], [ -111.900944, 40.766149 ], [ -111.901851, 40.765334 ], [ -111.901852, 40.764974 ] ] ] } },
{ "type": "Feature", "properties": { "group_index": 0, "value": 900.0, "center": [ -111.89210064537316, 40.76500408883045 ], "point_id": 22 }, "geometry": { "type": "Polygon", "coordinates": [ [ [ -111.906784, 40.764982 ], [ -111.906713, 40.764649 ], [ -111.902457, 40.760633 ], [ -111.899749, 40.759187 ], [ -111.897395, 40.75723 ], [ -111.895078, 40.755609 ], [ -111.893749, 40.754922 ], [ -111.89147, 40.754396 ], [ -111.89127, 40.754368 ], [ -111.89111, 40.754408 ], [ -111.890813, 40.754565 ], [ -111.890188, 40.754996 ], [ -111.885326, 40.757851 ], [ -111.884936, 40.758147 ], [ -111.884753, 40.758287 ], [ -111.884522, 40.758468 ], [ -111.883955, 40.75896 ], [ -111.879794, 40.762655 ], [ -111.877343, 40.764669 ], [ -111.877332, 40.765162 ], [ -111.877333, 40.765279 ], [ -111.877372, 40.765339 ], [ -111.878585, 40.766348 ], [ -111.882638, 40.769692 ], [ -111.886583, 40.77303 ], [ -111.886672, 40.773095 ], [ -111.88783, 40.773858 ], [ -111.890729, 40.775228 ], [ -111.891089, 40.775228 ], [ -111.894329, 40.775004 ], [ -111.8946, 40.774978 ], [ -111.898549, 40.772011 ], [ -111.900953, 40.770365 ], [ -111.904388, 40.76769 ], [ -111.906783, 40.765342 ], [ -111.906784, 40.764982 ] ] ] } },
{ "type": "Feature", "properties": { "group_index": 0, "value": 300.0, "center": [ -111.88250582800876, 40.76501076560179 ], "point_id": 22 }, "geometry": { "type": "Polygon", "coordinates": [ [ [ -111.88746, 40.764856 ], [ -111.88746, 40.764847 ], [ -111.887291, 40.764673 ], [ -111.886799, 40.7643 ], [ -111.886729, 40.764248 ], [ -111.88451, 40.762582 ], [ -111.882775, 40.761321 ], [ -111.882618, 40.76131 ], [ -111.882258, 40.761316 ], [ -111.882117, 40.761407 ], [ -111.880566, 40.762492 ], [ -111.879349, 40.763431 ], [ -111.87776, 40.764669 ], [ -111.877561, 40.764827 ], [ -111.877561, 40.765187 ], [ -111.877689, 40.765341 ], [ -111.87874, 40.766348 ], [ -111.882311, 40.768806 ], [ -111.882311, 40.768806 ], [ -111.882761, 40.768703 ], [ -111.883015, 40.768566 ], [ -111.883863, 40.767967 ], [ -111.885774, 40.766506 ], [ -111.887285, 40.765331 ], [ -111.887345, 40.76519 ], [ -111.88746, 40.764856 ] ] ] } },
{ "type": "Feature", "properties": { "group_index": 0, "value": 600.0, "center": [ -111.88250582800876, 40.76501076560179 ], "point_id": 22 }, "geometry": { "type": "Polygon", "coordinates": [ [ [ -111.892374, 40.765133 ], [ -111.892236, 40.764674 ], [ -111.890573, 40.763239 ], [ -111.889756, 40.762579 ], [ -111.886352, 40.760037 ], [ -111.884151, 40.75847 ], [ -111.88289, 40.757648 ], [ -111.882685, 40.757574 ], [ -111.882325, 40.757572 ], [ -111.882123, 40.757693 ], [ -111.881376, 40.758141 ], [ -111.88086, 40.75846 ], [ -111.878143, 40.760574 ], [ -111.876278, 40.76199 ], [ -111.875612, 40.762497 ], [ -111.872614, 40.76482 ], [ -111.872613, 40.76518 ], [ -111.872743, 40.765344 ], [ -111.873527, 40.766065 ], [ -111.87682, 40.768603 ], [ -111.878578, 40.769886 ], [ -111.881741, 40.7721 ], [ -111.88188, 40.772169 ], [ -111.88224, 40.772169 ], [ -111.882354, 40.772151 ], [ -111.883715, 40.771797 ], [ -111.88458, 40.77116 ], [ -111.888814, 40.768169 ], [ -111.892235, 40.765315 ], [ -111.892374, 40.765162 ], [ -111.892374, 40.765133 ] ] ] } },
{ "type": "Feature", "properties": { "group_index": 0, "value": 900.0, "center": [ -111.88250582800876, 40.76501076560179 ], "point_id": 22 }, "geometry": { "type": "Polygon", "coordinates": [ [ [ -111.897213, 40.765161 ], [ -111.897209, 40.764726 ], [ -111.897185, 40.764663 ], [ -111.894991, 40.762618 ], [ -111.891673, 40.760142 ], [ -111.889852, 40.758454 ], [ -111.889468, 40.758149 ], [ -111.888202, 40.757238 ], [ -111.883219, 40.754108 ], [ -111.882807, 40.753796 ], [ -111.88271, 40.753796 ], [ -111.882299, 40.753794 ], [ -111.882264, 40.753794 ], [ -111.879541, 40.755694 ], [ -111.875542, 40.75858 ], [ -111.871385, 40.761848 ], [ -111.867853, 40.764666 ], [ -111.867666, 40.764819 ], [ -111.867666, 40.765179 ], [ -111.867797, 40.765341 ], [ -111.86883, 40.766161 ], [ -111.870349, 40.767358 ], [ -111.870552, 40.767515 ], [ -111.873213, 40.769546 ], [ -111.874895, 40.770838 ], [ -111.876144, 40.771782 ], [ -111.876409, 40.771984 ], [ -111.877824, 40.773071 ], [ -111.881102, 40.775399 ], [ -111.881749, 40.775846 ], [ -111.881874, 40.775915 ], [ -111.882234, 40.775918 ], [ -111.882367, 40.775899 ], [ -111.883728, 40.775494 ], [ -111.883814, 40.775434 ], [ -111.885514, 40.774216 ], [ -111.888838, 40.77186 ], [ -111.890544, 40.770761 ], [ -111.89091, 40.770484 ], [ -111.894069, 40.767779 ], [ -111.89681, 40.765684 ], [ -111.89718, 40.76534 ], [ -111.897213, 40.765271 ], [ -111.897213, 40.765161 ] ] ] } },
{ "type": "Feature", "properties": { "group_index": 0, "value": 300.0, "center": [ -111.87109236278562, 40.765001035884296 ], "point_id": 22 }, "geometry": { "type": "Polygon", "coordinates": [ [ [ -111.87604, 40.764825 ], [ -111.875852, 40.764672 ], [ -111.874334, 40.763523 ], [ -111.872984, 40.762498 ], [ -111.871813, 40.76162 ], [ -111.871426, 40.761325 ], [ -111.871308, 40.761236 ], [ -111.870957, 40.761233 ], [ -111.87088, 40.761232 ], [ -111.870397, 40.761598 ], [ -111.868995, 40.76265 ], [ -111.86836, 40.763124 ], [ -111.868056, 40.763359 ], [ -111.867839, 40.763528 ], [ -111.866332, 40.764665 ], [ -111.866146, 40.764831 ], [ -111.866144, 40.765191 ], [ -111.866283, 40.765346 ], [ -111.867934, 40.766547 ], [ -111.868227, 40.766763 ], [ -111.870828, 40.768746 ], [ -111.87085, 40.768746 ], [ -111.871323, 40.768701 ], [ -111.871787, 40.768542 ], [ -111.874457, 40.766693 ], [ -111.875914, 40.765341 ], [ -111.87604, 40.765185 ], [ -111.87604, 40.764825 ] ] ] } },
{ "type": "Feature", "properties": { "group_index": 0, "value": 600.0, "center": [ -111.87109236278562, 40.765001035884296 ], "point_id": 22 }, "geometry": { "type": "Polygon", "coordinates": [ [ [ -111.880987, 40.764831 ], [ -111.880799, 40.76467 ], [ -111.878526, 40.762807 ], [ -111.878325, 40.762655 ], [ -111.877907, 40.762349 ], [ -111.875505, 40.760579 ], [ -111.874483, 40.759842 ], [ -111.871754, 40.757814 ], [ -111.871336, 40.757557 ], [ -111.870976, 40.757552 ], [ -111.870776, 40.757606 ], [ -111.870672, 40.757663 ], [ -111.869974, 40.758146 ], [ -111.866936, 40.760383 ], [ -111.865021, 40.761811 ], [ -111.864646, 40.762094 ], [ -111.862157, 40.764037 ], [ -111.861327, 40.764665 ], [ -111.861203, 40.764774 ], [ -111.8612, 40.765243 ], [ -111.861315, 40.765348 ], [ -111.862417, 40.766184 ], [ -111.864177, 40.76752 ], [ -111.867711, 40.770217 ], [ -111.869869, 40.77178 ], [ -111.870184, 40.771978 ], [ -111.871384, 40.772139 ], [ -111.871744, 40.772138 ], [ -111.871879, 40.772061 ], [ -111.872173, 40.771882 ], [ -111.876765, 40.768576 ], [ -111.877883, 40.767763 ], [ -111.878463, 40.767346 ], [ -111.878646, 40.767198 ], [ -111.880862, 40.765342 ], [ -111.880987, 40.765191 ], [ -111.880987, 40.764831 ] ] ] } },
{ "type": "Feature", "properties": { "group_index": 0, "value": 900.0, "center": [ -111.87109236278562, 40.765001035884296 ], "point_id": 22 }, "geometry": { "type": "Polygon", "coordinates": [ [ [ -111.885891, 40.765183 ], [ -111.885891, 40.764823 ], [ -111.885774, 40.764674 ], [ -111.883577, 40.762628 ], [ -111.880304, 40.760315 ], [ -111.877361, 40.758163 ], [ -111.874373, 40.755978 ], [ -111.872825, 40.754825 ], [ -111.871237, 40.753627 ], [ -111.870877, 40.753634 ], [ -111.869323, 40.75482 ], [ -111.867798, 40.755981 ], [ -111.867588, 40.756137 ], [ -111.867386, 40.756292 ], [ -111.862605, 40.759573 ], [ -111.86222, 40.759828 ], [ -111.858955, 40.762657 ], [ -111.856378, 40.764674 ], [ -111.856253, 40.764811 ], [ -111.856277, 40.76517 ], [ -111.856353, 40.765289 ], [ -111.857737, 40.766412 ], [ -111.857844, 40.766495 ], [ -111.861111, 40.769046 ], [ -111.865092, 40.771978 ], [ -111.866591, 40.77311 ], [ -111.868132, 40.774243 ], [ -111.869659, 40.775376 ], [ -111.870034, 40.775571 ], [ -111.871384, 40.775885 ], [ -111.871744, 40.775885 ], [ -111.871886, 40.77581 ], [ -111.872507, 40.775386 ], [ -111.872658, 40.775275 ], [ -111.873413, 40.774708 ], [ -111.877576, 40.771781 ], [ -111.879117, 40.770646 ], [ -111.880363, 40.769698 ], [ -111.880593, 40.769524 ], [ -111.880788, 40.769373 ], [ -111.883208, 40.767513 ], [ -111.883412, 40.76735 ], [ -111.88585, 40.76533 ], [ -111.885891, 40.765183 ] ] ] } },
{ "type": "Feature", "properties": { "group_index": 0, "value": 300.0, "center": [ -111.86246579944556, 40.76501219494677 ], "point_id": 22 }, "geometry": { "type": "Polygon", "coordinates": [ [ [ -111.867335, 40.764846 ], [ -111.867335, 40.764813 ], [ -111.867199, 40.764666 ], [ -111.866284, 40.763964 ], [ -111.864776, 40.762809 ], [ -111.864582, 40.762657 ], [ -111.862863, 40.76142 ], [ -111.862653, 40.761269 ], [ -111.862293, 40.761266 ], [ -111.861438, 40.761866 ], [ -111.857358, 40.76475 ], [ -111.857352, 40.76511 ], [ -111.859093, 40.766404 ], [ -111.860326, 40.767347 ], [ -111.860561, 40.767518 ], [ -111.861805, 40.768443 ], [ -111.862282, 40.768756 ], [ -111.862642, 40.768757 ], [ -111.862853, 40.768612 ], [ -111.864359, 40.767521 ], [ -111.864768, 40.767207 ], [ -111.865975, 40.766289 ], [ -111.867208, 40.765345 ], [ -111.867318, 40.765188 ], [ -111.867335, 40.764846 ] ] ] } },
{ "type": "Feature", "properties": { "group_index": 0, "value": 600.0, "center": [ -111.86246579944556, 40.76501219494677 ], "point_id": 22 }, "geometry": { "type": "Polygon", "coordinates": [ [ [ -111.872262, 40.76482 ], [ -111.872145, 40.764672 ], [ -111.871414, 40.764115 ], [ -111.869533, 40.762654 ], [ -111.869333, 40.762498 ], [ -111.866993, 40.760646 ], [ -111.866904, 40.760578 ], [ -111.865652, 40.75969 ], [ -111.865305, 40.75951 ], [ -111.861164, 40.75847 ], [ -111.860787, 40.758387 ], [ -111.860447, 40.758387 ], [ -111.860358, 40.758465 ], [ -111.85676, 40.761643 ], [ -111.855583, 40.762487 ], [ -111.853384, 40.764209 ], [ -111.852793, 40.764677 ], [ -111.852674, 40.764824 ], [ -111.852672, 40.765184 ], [ -111.852866, 40.765341 ], [ -111.855179, 40.767207 ], [ -111.858104, 40.769541 ], [ -111.858313, 40.769698 ], [ -111.859551, 40.770641 ], [ -111.860886, 40.771578 ], [ -111.862379, 40.772433 ], [ -111.862739, 40.772431 ], [ -111.86288, 40.772359 ], [ -111.863441, 40.771978 ], [ -111.863574, 40.771879 ], [ -111.86455, 40.771136 ], [ -111.868818, 40.768062 ], [ -111.872154, 40.765345 ], [ -111.872262, 40.76518 ], [ -111.872262, 40.76482 ] ] ] } },
{ "type": "Feature", "properties": { "group_index": 0, "value": 900.0, "center": [ -111.86246579944556, 40.76501219494677 ], "point_id": 22 }, "geometry": { "type": "Polygon", "coordinates": [ [ [ -111.877209, 40.764826 ], [ -111.877178, 40.764776 ], [ -111.877093, 40.764669 ], [ -111.876559, 40.764098 ], [ -111.872965, 40.761319 ], [ -111.868662, 40.758152 ], [ -111.865906, 40.756135 ], [ -111.865696, 40.755981 ], [ -111.865312, 40.755763 ], [ -111.859866, 40.755212 ], [ -111.859644, 40.755306 ], [ -111.859397, 40.755465 ], [ -111.858421, 40.75614 ], [ -111.855822, 40.758123 ], [ -111.855499, 40.758381 ], [ -111.853407, 40.760322 ], [ -111.849639, 40.762775 ], [ -111.848444, 40.764061 ], [ -111.848113, 40.764435 ], [ -111.847997, 40.764649 ], [ -111.848026, 40.765493 ], [ -111.848047, 40.765554 ], [ -111.848255, 40.765763 ], [ -111.849211, 40.766551 ], [ -111.853213, 40.769696 ], [ -111.856874, 40.772461 ], [ -111.859193, 40.774114 ], [ -111.859665, 40.774407 ], [ -111.863745, 40.775186 ], [ -111.864105, 40.775186 ], [ -111.865706, 40.774049 ], [ -111.868742, 40.771775 ], [ -111.871144, 40.77011 ], [ -111.874307, 40.767518 ], [ -111.875979, 40.766267 ], [ -111.876676, 40.765724 ], [ -111.8771, 40.765338 ], [ -111.877175, 40.765237 ], [ -111.877209, 40.765186 ], [ -111.877209, 40.764826 ] ] ] } },
{ "type": "Feature", "properties": { "group_index": 0, "value": 300.0, "center": [ -111.8539127480691, 40.765013136128566 ], "point_id": 22 }, "geometry": { "type": "Polygon", "coordinates": [ [ [ -111.859117, 40.764875 ], [ -111.856048, 40.76266 ], [ -111.854276, 40.761403 ], [ -111.854049, 40.761286 ], [ -111.853689, 40.761284 ], [ -111.853124, 40.761658 ], [ -111.851725, 40.762587 ], [ -111.850096, 40.763661 ], [ -111.849611, 40.764103 ], [ -111.849261, 40.764602 ], [ -111.849243, 40.764629 ], [ -111.849055, 40.764984 ], [ -111.849055, 40.764987 ], [ -111.849055, 40.764988 ], [ -111.849055, 40.76499 ], [ -111.849345, 40.765511 ], [ -111.850216, 40.766386 ], [ -111.851279, 40.767133 ], [ -111.852261, 40.767814 ], [ -111.853742, 40.76874 ], [ -111.854102, 40.768742 ], [ -111.854601, 40.76842 ], [ -111.856025, 40.76736 ], [ -111.859118, 40.765235 ], [ -111.859117, 40.764875 ] ] ] } },
{ "type": "Feature", "properties": { "group_index": 0, "value": 600.0, "center": [ -111.8539127480691, 40.765013136128566 ], "point_id": 22 }, "geometry": { "type": "Polygon", "coordinates": [ [ [ -111.863802, 40.765126 ], [ -111.863798, 40.764766 ], [ -111.860596, 40.762091 ], [ -111.8582, 40.760486 ], [ -111.855439, 40.758381 ], [ -111.854177, 40.757557 ], [ -111.85369, 40.757515 ], [ -111.853614, 40.757514 ], [ -111.85278, 40.757957 ], [ -111.850015, 40.759851 ], [ -111.846823, 40.761865 ], [ -111.84566, 40.762683 ], [ -111.845388, 40.76292 ], [ -111.84476, 40.764104 ], [ -111.844916, 40.765688 ], [ -111.844995, 40.765846 ], [ -111.845777, 40.766931 ], [ -111.846605, 40.767643 ], [ -111.850134, 40.77036 ], [ -111.850223, 40.770426 ], [ -111.850967, 40.770978 ], [ -111.851977, 40.771639 ], [ -111.853549, 40.77232 ], [ -111.853909, 40.772322 ], [ -111.855123, 40.771771 ], [ -111.856634, 40.770637 ], [ -111.857909, 40.769703 ], [ -111.858123, 40.769541 ], [ -111.861019, 40.767398 ], [ -111.862579, 40.766184 ], [ -111.863674, 40.765348 ], [ -111.863786, 40.765258 ], [ -111.863802, 40.765126 ] ] ] } },
{ "type": "Feature", "properties": { "group_index": 0, "value": 900.0, "center": [ -111.8539127480691, 40.765013136128566 ], "point_id": 22 }, "geometry": { "type": "Polygon", "coordinates": [ [ [ -111.868739, 40.764819 ], [ -111.868626, 40.76467 ], [ -111.865885, 40.762493 ], [ -111.863735, 40.760659 ], [ -111.861381, 40.758981 ], [ -111.857133, 40.755979 ], [ -111.854226, 40.753809 ], [ -111.853703, 40.753807 ], [ -111.85356, 40.753809 ], [ -111.85019, 40.755747 ], [ -111.848393, 40.756985 ], [ -111.843252, 40.759609 ], [ -111.84269, 40.759836 ], [ -111.842418, 40.760072 ], [ -111.842342, 40.760148 ], [ -111.840545, 40.763721 ], [ -111.840646, 40.764316 ], [ -111.840746, 40.764723 ], [ -111.841953, 40.768266 ], [ -111.842119, 40.768586 ], [ -111.84604, 40.772146 ], [ -111.848334, 40.773179 ], [ -111.85217, 40.77527 ], [ -111.853396, 40.775996 ], [ -111.853756, 40.775996 ], [ -111.856162, 40.775063 ], [ -111.860015, 40.771876 ], [ -111.861381, 40.770842 ], [ -111.862966, 40.769701 ], [ -111.866955, 40.766847 ], [ -111.86862, 40.765339 ], [ -111.86874, 40.765179 ], [ -111.868739, 40.764819 ] ] ] } },
{ "type": "Feature", "properties": { "group_index": 0, "value": 300.0, "center": [ -111.81021518973044, 40.699846918402194 ], "point_id": 26 }, "geometry": { "type": "Polygon", "coordinates": [ [ [ -111.81515, 40.699731 ], [ -111.81515, 40.699702 ], [ -111.815111, 40.699631 ], [ -111.815011, 40.699552 ], [ -111.810132, 40.697256 ], [ -111.809296, 40.696804 ], [ -111.808937, 40.696826 ], [ -111.805348, 40.699541 ], [ -111.805336, 40.699616 ], [ -111.805338, 40.699976 ], [ -111.805372, 40.700095 ], [ -111.805435, 40.700164 ], [ -111.806747, 40.701176 ], [ -111.807951, 40.702095 ], [ -111.809917, 40.703576 ], [ -111.810053, 40.703628 ], [ -111.810369, 40.703586 ], [ -111.811548, 40.70269 ], [ -111.812644, 40.701895 ], [ -111.814995, 40.700166 ], [ -111.815068, 40.700085 ], [ -111.81515, 40.699731 ] ] ] } },
{ "type": "Feature", "properties": { "group_index": 0, "value": 600.0, "center": [ -111.81021518973044, 40.699846918402194 ], "point_id": 26 }, "geometry": { "type": "Polygon", "coordinates": [ [ [ -111.820031, 40.699688 ], [ -111.816053, 40.696513 ], [ -111.814821, 40.696117 ], [ -111.811661, 40.695634 ], [ -111.805695, 40.695028 ], [ -111.803315, 40.697297 ], [ -111.800459, 40.699555 ], [ -111.800395, 40.699604 ], [ -111.800374, 40.699667 ], [ -111.800375, 40.699741 ], [ -111.800394, 40.699964 ], [ -111.800418, 40.700169 ], [ -111.802292, 40.701785 ], [ -111.804113, 40.703162 ], [ -111.805269, 40.704041 ], [ -111.810032, 40.70734 ], [ -111.810392, 40.707336 ], [ -111.81098, 40.706932 ], [ -111.815147, 40.703751 ], [ -111.817526, 40.701973 ], [ -111.818653, 40.701153 ], [ -111.820031, 40.700048 ], [ -111.820031, 40.699688 ] ] ] } },
{ "type": "Feature", "properties": { "group_index": 0, "value": 900.0, "center": [ -111.81021518973044, 40.699846918402194 ], "point_id": 26 }, "geometry": { "type": "Polygon", "coordinates": [ [ [ -111.824974, 40.699689 ], [ -111.824844, 40.699585 ], [ -111.824545, 40.699358 ], [ -111.820866, 40.696556 ], [ -111.816805, 40.694241 ], [ -111.816489, 40.694069 ], [ -111.815143, 40.693491 ], [ -111.814783, 40.69349 ], [ -111.814694, 40.693502 ], [ -111.813439, 40.694145 ], [ -111.807748, 40.695445 ], [ -111.805695, 40.695028 ], [ -111.803639, 40.694517 ], [ -111.803446, 40.694509 ], [ -111.800816, 40.694622 ], [ -111.796381, 40.698482 ], [ -111.795452, 40.699622 ], [ -111.795452, 40.699982 ], [ -111.795492, 40.700069 ], [ -111.798567, 40.703498 ], [ -111.800889, 40.705219 ], [ -111.802589, 40.706275 ], [ -111.805292, 40.707848 ], [ -111.810956, 40.709533 ], [ -111.811724, 40.70953 ], [ -111.812491, 40.709527 ], [ -111.815362, 40.707454 ], [ -111.818279, 40.705501 ], [ -111.821976, 40.702534 ], [ -111.824703, 40.700317 ], [ -111.824974, 40.700049 ], [ -111.824974, 40.699689 ] ] ] } },
{ "type": "Feature", "properties": { "group_index": 0, "value": 300.0, "center": [ -111.8244221625478, 40.69987058187365 ], "point_id": 26 }, "geometry": { "type": "Polygon", "coordinates": [ [ [ -111.82939, 40.699772 ], [ -111.82939, 40.699751 ], [ -111.829365, 40.69969 ], [ -111.828389, 40.698855 ], [ -111.827042, 40.697808 ], [ -111.825258, 40.696537 ], [ -111.824796, 40.696245 ], [ -111.824677, 40.696175 ], [ -111.824317, 40.696174 ], [ -111.823572, 40.696611 ], [ -111.822432, 40.697508 ], [ -111.820614, 40.698874 ], [ -111.81948, 40.699688 ], [ -111.819479, 40.700048 ], [ -111.820696, 40.701 ], [ -111.823658, 40.703223 ], [ -111.824156, 40.703551 ], [ -111.824265, 40.703559 ], [ -111.824625, 40.703566 ], [ -111.824715, 40.703534 ], [ -111.825732, 40.702814 ], [ -111.825808, 40.702758 ], [ -111.827227, 40.701649 ], [ -111.829254, 40.700137 ], [ -111.829364, 40.70005 ], [ -111.82939, 40.699772 ] ] ] } },
{ "type": "Feature", "properties": { "group_index": 0, "value": 600.0, "center": [ -111.8244221625478, 40.69987058187365 ], "point_id": 26 }, "geometry": { "type": "Polygon", "coordinates": [ [ [ -111.834374, 40.699865 ], [ -111.834308, 40.699689 ], [ -111.834063, 40.699485 ], [ -111.830404, 40.696548 ], [ -111.827115, 40.694199 ], [ -111.824782, 40.692487 ], [ -111.824681, 40.692427 ], [ -111.824321, 40.692427 ], [ -111.82304, 40.693406 ], [ -111.818605, 40.696613 ], [ -111.814962, 40.699298 ], [ -111.814543, 40.699618 ], [ -111.814538, 40.699735 ], [ -111.814541, 40.700095 ], [ -111.81729, 40.702385 ], [ -111.820242, 40.704215 ], [ -111.8224, 40.706034 ], [ -111.824212, 40.707384 ], [ -111.82434, 40.707384 ], [ -111.824624, 40.707308 ], [ -111.824722, 40.707272 ], [ -111.82609, 40.706442 ], [ -111.829728, 40.703532 ], [ -111.832787, 40.701394 ], [ -111.834306, 40.700049 ], [ -111.834375, 40.699951 ], [ -111.834374, 40.699865 ] ] ] } },
{ "type": "Feature", "properties": { "group_index": 0, "value": 900.0, "center": [ -111.8244221625478, 40.69987058187365 ], "point_id": 26 }, "geometry": { "type": "Polygon", "coordinates": [ [ [ -111.839251, 40.699729 ], [ -111.83694, 40.697822 ], [ -111.835345, 40.696524 ], [ -111.832059, 40.694164 ], [ -111.828601, 40.691592 ], [ -111.82478, 40.688704 ], [ -111.824686, 40.68868 ], [ -111.824326, 40.68868 ], [ -111.823893, 40.688964 ], [ -111.822891, 40.689725 ], [ -111.820339, 40.691744 ], [ -111.818626, 40.693968 ], [ -111.814327, 40.695716 ], [ -111.813968, 40.695749 ], [ -111.812052, 40.697318 ], [ -111.809688, 40.699466 ], [ -111.809599, 40.699618 ], [ -111.809598, 40.699741 ], [ -111.809597, 40.700101 ], [ -111.814127, 40.70373 ], [ -111.814791, 40.704191 ], [ -111.816396, 40.705251 ], [ -111.816698, 40.705447 ], [ -111.818235, 40.706472 ], [ -111.82138, 40.709299 ], [ -111.823935, 40.711075 ], [ -111.824284, 40.711075 ], [ -111.824642, 40.711059 ], [ -111.824916, 40.710956 ], [ -111.826408, 40.709835 ], [ -111.829412, 40.707542 ], [ -111.831798, 40.705275 ], [ -111.834156, 40.703853 ], [ -111.834264, 40.703792 ], [ -111.834596, 40.703597 ], [ -111.837642, 40.701296 ], [ -111.83912, 40.700207 ], [ -111.839248, 40.700089 ], [ -111.839251, 40.699729 ] ] ] } },
{ "type": "Feature", "properties": { "group_index": 0, "value": 300.0, "center": [ -111.83870266914941, 40.699903973258316 ], "point_id": 26 }, "geometry": { "type": "Polygon", "coordinates": [ [ [ -111.843631, 40.699686 ], [ -111.842604, 40.69846 ], [ -111.838826, 40.69617 ], [ -111.838647, 40.6961 ], [ -111.838293, 40.696098 ], [ -111.837939, 40.696096 ], [ -111.833863, 40.699602 ], [ -111.83376, 40.699689 ], [ -111.833686, 40.699779 ], [ -111.833686, 40.699783 ], [ -111.833731, 40.700133 ], [ -111.837222, 40.702709 ], [ -111.838688, 40.703554 ], [ -111.839048, 40.703549 ], [ -111.840855, 40.702208 ], [ -111.843489, 40.700242 ], [ -111.843633, 40.700125 ], [ -111.843631, 40.699686 ] ] ] } },
{ "type": "Feature", "properties": { "group_index": 0, "value": 600.0, "center": [ -111.83870266914941, 40.699903973258316 ], "point_id": 26 }, "geometry": { "type": "Polygon", "coordinates": [ [ [ -111.848573, 40.699737 ], [ -111.848482, 40.69965 ], [ -111.84837, 40.699558 ], [ -111.847932, 40.699221 ], [ -111.847064, 40.698591 ], [ -111.844916, 40.696994 ], [ -111.844648, 40.696838 ], [ -111.844531, 40.696801 ], [ -111.844264, 40.6968 ], [ -111.844089, 40.69685 ], [ -111.842547, 40.69697 ], [ -111.8393, 40.692987 ], [ -111.839272, 40.692629 ], [ -111.838903, 40.692401 ], [ -111.838543, 40.692404 ], [ -111.837545, 40.693024 ], [ -111.835522, 40.694314 ], [ -111.832644, 40.696605 ], [ -111.829031, 40.699421 ], [ -111.828818, 40.69969 ], [ -111.828818, 40.70005 ], [ -111.83228, 40.702738 ], [ -111.833333, 40.703537 ], [ -111.835997, 40.705416 ], [ -111.838047, 40.706904 ], [ -111.83863, 40.707248 ], [ -111.838722, 40.707297 ], [ -111.839082, 40.7073 ], [ -111.839665, 40.7069 ], [ -111.843131, 40.704303 ], [ -111.846549, 40.701703 ], [ -111.848575, 40.700097 ], [ -111.848573, 40.699737 ] ] ] } },
{ "type": "Feature", "properties": { "group_index": 0, "value": 900.0, "center": [ -111.83870266914941, 40.699903973258316 ], "point_id": 26 }, "geometry": { "type": "Polygon", "coordinates": [ [ [ -111.853519, 40.699738 ], [ -111.853402, 40.699636 ], [ -111.851959, 40.698441 ], [ -111.850217, 40.69735 ], [ -111.849175, 40.696767 ], [ -111.847093, 40.696559 ], [ -111.843588, 40.692048 ], [ -111.843546, 40.69169 ], [ -111.843467, 40.691622 ], [ -111.841704, 40.690371 ], [ -111.839586, 40.68899 ], [ -111.835863, 40.69054 ], [ -111.833094, 40.692101 ], [ -111.832723, 40.692362 ], [ -111.830528, 40.694171 ], [ -111.827545, 40.696459 ], [ -111.825065, 40.698635 ], [ -111.823975, 40.699592 ], [ -111.823875, 40.699693 ], [ -111.823876, 40.700053 ], [ -111.824267, 40.700481 ], [ -111.827336, 40.702756 ], [ -111.829404, 40.704369 ], [ -111.8327, 40.707079 ], [ -111.836017, 40.709286 ], [ -111.839094, 40.711127 ], [ -111.839454, 40.711125 ], [ -111.841674, 40.709247 ], [ -111.842422, 40.70858 ], [ -111.847733, 40.705803 ], [ -111.851726, 40.702031 ], [ -111.852183, 40.701541 ], [ -111.853514, 40.700098 ], [ -111.853519, 40.699738 ] ] ] } },
{ "type": "Feature", "properties": { "group_index": 0, "value": 300.0, "center": [ -111.852333753732, 40.6998214885889 ], "point_id": 26 }, "geometry": { "type": "Polygon", "coordinates": [ [ [ -111.857188, 40.70009 ], [ -111.857186, 40.69973 ], [ -111.854722, 40.69754 ], [ -111.854112, 40.697231 ], [ -111.850876, 40.696433 ], [ -111.850562, 40.696434 ], [ -111.84973, 40.697096 ], [ -111.84744, 40.699656 ], [ -111.847442, 40.700016 ], [ -111.847678, 40.700216 ], [ -111.848899, 40.701135 ], [ -111.851579, 40.702743 ], [ -111.851737, 40.702809 ], [ -111.851888, 40.70286 ], [ -111.851968, 40.702857 ], [ -111.854469, 40.702305 ], [ -111.854585, 40.70227 ], [ -111.854875, 40.702137 ], [ -111.85716, 40.700229 ], [ -111.857188, 40.70009 ] ] ] } },
{ "type": "Feature", "properties": { "group_index": 0, "value": 600.0, "center": [ -111.852333753732, 40.6998214885889 ], "point_id": 26 }, "geometry": { "type": "Polygon", "coordinates": [ [ [ -111.86213, 40.699713 ], [ -111.860615, 40.69844 ], [ -111.858608, 40.696823 ], [ -111.855459, 40.694432 ], [ -111.854314, 40.693551 ], [ -111.854237, 40.693549 ], [ -111.853877, 40.693547 ], [ -111.848785, 40.693619 ], [ -111.848559, 40.693631 ], [ -111.848221, 40.693754 ], [ -111.846332, 40.695529 ], [ -111.842143, 40.699678 ], [ -111.842141, 40.700038 ], [ -111.844125, 40.701308 ], [ -111.848159, 40.704188 ], [ -111.852672, 40.706388 ], [ -111.852899, 40.706387 ], [ -111.85551, 40.705866 ], [ -111.855988, 40.70564 ], [ -111.858708, 40.703787 ], [ -111.860293, 40.702295 ], [ -111.86194, 40.700301 ], [ -111.862128, 40.700073 ], [ -111.86213, 40.699713 ] ] ] } },
{ "type": "Feature", "properties": { "group_index": 0, "value": 900.0, "center": [ -111.852333753732, 40.6998214885889 ], "point_id": 26 }, "geometry": { "type": "Polygon", "coordinates": [ [ [ -111.867071, 40.699696 ], [ -111.862798, 40.696187 ], [ -111.859859, 40.693767 ], [ -111.856308, 40.691198 ], [ -111.854274, 40.689763 ], [ -111.854211, 40.689764 ], [ -111.853902, 40.689802 ], [ -111.848661, 40.69053 ], [ -111.846712, 40.690055 ], [ -111.846708, 40.690057 ], [ -111.843198, 40.693363 ], [ -111.840767, 40.696691 ], [ -111.837473, 40.699626 ], [ -111.837467, 40.699986 ], [ -111.840152, 40.702208 ], [ -111.843254, 40.704643 ], [ -111.848738, 40.707022 ], [ -111.848952, 40.707187 ], [ -111.849894, 40.707899 ], [ -111.849998, 40.707979 ], [ -111.850106, 40.70806 ], [ -111.850358, 40.708209 ], [ -111.854112, 40.710052 ], [ -111.855579, 40.70981 ], [ -111.858042, 40.708011 ], [ -111.860255, 40.706132 ], [ -111.864164, 40.703524 ], [ -111.867072, 40.700056 ], [ -111.867071, 40.699696 ] ] ] } },
{ "type": "Feature", "properties": { "group_index": 0, "value": 300.0, "center": [ -111.86546296670694, 40.69988432991283 ], "point_id": 26 }, "geometry": { "type": "Polygon", "coordinates": [ [ [ -111.870403, 40.700059 ], [ -111.870403, 40.699699 ], [ -111.870306, 40.699605 ], [ -111.868195, 40.697981 ], [ -111.865802, 40.696197 ], [ -111.865666, 40.696137 ], [ -111.865306, 40.696138 ], [ -111.865084, 40.696258 ], [ -111.864264, 40.69687 ], [ -111.863228, 40.697656 ], [ -111.860647, 40.69961 ], [ -111.860522, 40.699716 ], [ -111.860378, 40.699899 ], [ -111.860379, 40.699926 ], [ -111.860523, 40.700076 ], [ -111.862537, 40.701654 ], [ -111.86466, 40.703202 ], [ -111.865141, 40.703564 ], [ -111.865291, 40.703632 ], [ -111.865651, 40.703631 ], [ -111.867325, 40.702905 ], [ -111.870331, 40.700277 ], [ -111.870403, 40.700059 ] ] ] } },
{ "type": "Feature", "properties": { "group_index": 0, "value": 600.0, "center": [ -111.86546296670694, 40.69988432991283 ], "point_id": 26 }, "geometry": { "type": "Polygon", "coordinates": [ [ [ -111.875345, 40.699691 ], [ -111.875228, 40.699591 ], [ -111.874944, 40.699365 ], [ -111.872208, 40.697283 ], [ -111.87068, 40.696148 ], [ -111.866389, 40.692883 ], [ -111.865784, 40.692417 ], [ -111.865503, 40.692259 ], [ -111.865438, 40.692259 ], [ -111.863794, 40.693497 ], [ -111.859157, 40.696737 ], [ -111.856089, 40.698806 ], [ -111.855498, 40.699783 ], [ -111.855487, 40.700038 ], [ -111.855599, 40.700128 ], [ -111.856785, 40.701067 ], [ -111.860074, 40.703007 ], [ -111.862299, 40.705274 ], [ -111.863972, 40.706533 ], [ -111.865282, 40.707378 ], [ -111.865642, 40.707379 ], [ -111.867608, 40.705935 ], [ -111.868437, 40.705328 ], [ -111.870102, 40.704076 ], [ -111.873489, 40.701903 ], [ -111.875347, 40.700051 ], [ -111.875345, 40.699691 ] ] ] } },
{ "type": "Feature", "properties": { "group_index": 0, "value": 900.0, "center": [ -111.86546296670694, 40.69988432991283 ], "point_id": 26 }, "geometry": { "type": "Polygon", "coordinates": [ [ [ -111.880288, 40.699762 ], [ -111.880287, 40.699672 ], [ -111.879213, 40.698723 ], [ -111.8775, 40.697553 ], [ -111.874461, 40.694949 ], [ -111.874371, 40.694867 ], [ -111.872017, 40.693229 ], [ -111.871379, 40.692889 ], [ -111.86716, 40.689664 ], [ -111.866169, 40.688912 ], [ -111.865701, 40.688644 ], [ -111.865266, 40.68863 ], [ -111.862075, 40.690443 ], [ -111.858956, 40.693297 ], [ -111.855645, 40.69558 ], [ -111.852732, 40.697528 ], [ -111.852467, 40.697771 ], [ -111.850603, 40.699715 ], [ -111.850603, 40.700122 ], [ -111.850607, 40.700131 ], [ -111.850813, 40.700328 ], [ -111.853174, 40.702121 ], [ -111.854782, 40.703079 ], [ -111.859058, 40.706873 ], [ -111.86141, 40.708909 ], [ -111.864756, 40.710983 ], [ -111.865282, 40.711125 ], [ -111.865642, 40.711127 ], [ -111.865751, 40.71106 ], [ -111.866094, 40.710841 ], [ -111.866222, 40.710745 ], [ -111.869842, 40.708093 ], [ -111.870831, 40.707296 ], [ -111.871886, 40.70648 ], [ -111.876778, 40.70331 ], [ -111.880289, 40.700032 ], [ -111.880288, 40.699762 ] ] ] } },
{ "type": "Feature", "properties": { "group_index": 0, "value": 300.0, "center": [ -111.87695454476967, 40.69986954374691 ], "point_id": 26 }, "geometry": { "type": "Polygon", "coordinates": [ [ [ -111.881896, 40.699669 ], [ -111.879262, 40.697677 ], [ -111.87723, 40.696148 ], [ -111.877144, 40.696129 ], [ -111.876784, 40.696129 ], [ -111.875876, 40.696641 ], [ -111.874706, 40.697568 ], [ -111.872097, 40.699616 ], [ -111.87201, 40.699697 ], [ -111.872014, 40.700057 ], [ -111.872119, 40.700161 ], [ -111.8763, 40.703309 ], [ -111.876752, 40.703609 ], [ -111.877112, 40.703612 ], [ -111.877411, 40.703564 ], [ -111.881807, 40.700126 ], [ -111.881898, 40.700029 ], [ -111.881896, 40.699669 ] ] ] } },
{ "type": "Feature", "properties": { "group_index": 0, "value": 600.0, "center": [ -111.87695454476967, 40.69986954374691 ], "point_id": 26 }, "geometry": { "type": "Polygon", "coordinates": [ [ [ -111.887006, 40.699778 ], [ -111.885508, 40.698631 ], [ -111.883945, 40.697411 ], [ -111.879597, 40.694139 ], [ -111.878084, 40.692949 ], [ -111.877168, 40.692387 ], [ -111.876808, 40.692377 ], [ -111.876134, 40.69283 ], [ -111.875077, 40.693604 ], [ -111.873068, 40.695067 ], [ -111.871276, 40.696356 ], [ -111.871047, 40.696528 ], [ -111.86716, 40.699607 ], [ -111.867069, 40.699696 ], [ -111.86707, 40.700056 ], [ -111.867187, 40.700147 ], [ -111.868257, 40.700987 ], [ -111.870232, 40.702505 ], [ -111.871799, 40.703666 ], [ -111.874467, 40.705685 ], [ -111.876502, 40.707234 ], [ -111.87673, 40.707356 ], [ -111.87709, 40.707359 ], [ -111.879053, 40.706125 ], [ -111.881976, 40.703913 ], [ -111.884136, 40.702102 ], [ -111.887008, 40.700138 ], [ -111.887006, 40.699778 ] ] ] } },
{ "type": "Feature", "properties": { "group_index": 0, "value": 900.0, "center": [ -111.87695454476967, 40.69986954374691 ], "point_id": 26 }, "geometry": { "type": "Polygon", "coordinates": [ [ [ -111.89175, 40.699601 ], [ -111.891649, 40.699437 ], [ -111.891067, 40.698886 ], [ -111.890896, 40.698762 ], [ -111.887136, 40.695996 ], [ -111.882903, 40.692861 ], [ -111.878818, 40.689683 ], [ -111.877748, 40.688896 ], [ -111.877293, 40.688683 ], [ -111.877186, 40.688636 ], [ -111.876898, 40.688555 ], [ -111.87687, 40.688555 ], [ -111.873524, 40.691057 ], [ -111.870792, 40.692834 ], [ -111.866479, 40.696198 ], [ -111.862224, 40.699611 ], [ -111.862128, 40.699713 ], [ -111.862035, 40.699897 ], [ -111.862037, 40.699964 ], [ -111.862538, 40.700635 ], [ -111.86529, 40.702543 ], [ -111.867909, 40.704491 ], [ -111.870074, 40.706123 ], [ -111.871361, 40.707044 ], [ -111.871575, 40.707093 ], [ -111.874106, 40.707575 ], [ -111.876717, 40.711104 ], [ -111.877077, 40.711105 ], [ -111.877735, 40.710651 ], [ -111.879013, 40.709769 ], [ -111.883092, 40.706889 ], [ -111.884256, 40.706017 ], [ -111.888147, 40.702869 ], [ -111.889212, 40.70206 ], [ -111.889324, 40.701973 ], [ -111.890974, 40.70069 ], [ -111.891694, 40.700108 ], [ -111.891752, 40.699961 ], [ -111.89175, 40.699601 ] ] ] } },
{ "type": "Feature", "properties": { "group_index": 0, "value": 300.0, "center": [ -111.90567771929204, 40.5154328623244 ], "point_id": 15 }, "geometry": { "type": "Polygon", "coordinates": [ [ [ -111.909642, 40.515782 ], [ -111.90964, 40.515378 ], [ -111.909476, 40.514447 ], [ -111.909354, 40.514269 ], [ -111.906137, 40.511655 ], [ -111.905822, 40.511481 ], [ -111.904925, 40.512055 ], [ -111.904379, 40.514986 ], [ -111.904406, 40.516472 ], [ -111.905077, 40.518943 ], [ -111.905431, 40.519197 ], [ -111.905962, 40.519416 ], [ -111.906082, 40.519387 ], [ -111.908211, 40.517441 ], [ -111.909644, 40.516187 ], [ -111.909642, 40.515782 ] ] ] } },
{ "type": "Feature", "properties": { "group_index": 0, "value": 600.0, "center": [ -111.90567771929204, 40.5154328623244 ], "point_id": 15 }, "geometry": { "type": "Polygon", "coordinates": [ [ [ -111.911426, 40.512225 ], [ -111.909954, 40.510868 ], [ -111.906051, 40.509083 ], [ -111.905709, 40.508945 ], [ -111.905366, 40.508808 ], [ -111.905165, 40.50882 ], [ -111.905074, 40.508888 ], [ -111.90492, 40.509214 ], [ -111.904379, 40.514986 ], [ -111.904406, 40.516472 ], [ -111.904935, 40.51878 ], [ -111.905399, 40.5205 ], [ -111.905782, 40.52179 ], [ -111.905866, 40.521909 ], [ -111.906337, 40.522557 ], [ -111.906479, 40.522583 ], [ -111.906694, 40.5226 ], [ -111.906839, 40.522571 ], [ -111.907134, 40.522256 ], [ -111.908273, 40.520661 ], [ -111.91064, 40.516561 ], [ -111.911426, 40.512225 ] ] ] } },
{ "type": "Feature", "properties": { "group_index": 0, "value": 900.0, "center": [ -111.90567771929204, 40.5154328623244 ], "point_id": 15 }, "geometry": { "type": "Polygon", "coordinates": [ [ [ -111.914486, 40.517845 ], [ -111.91427, 40.517693 ], [ -111.913816, 40.517525 ], [ -111.91319, 40.517188 ], [ -111.911662, 40.511861 ], [ -111.911744, 40.511679 ], [ -111.911833, 40.511477 ], [ -111.911977, 40.511023 ], [ -111.912125, 40.510557 ], [ -111.912203, 40.510248 ], [ -111.912286, 40.509891 ], [ -111.912268, 40.509714 ], [ -111.912106, 40.509092 ], [ -111.911793, 40.508915 ], [ -111.907301, 40.509762 ], [ -111.905574, 40.506793 ], [ -111.905573, 40.506417 ], [ -111.905573, 40.506382 ], [ -111.905052, 40.506032 ], [ -111.903975, 40.505656 ], [ -111.903616, 40.505667 ], [ -111.903234, 40.505916 ], [ -111.900713, 40.507803 ], [ -111.900569, 40.507968 ], [ -111.900267, 40.510586 ], [ -111.900266, 40.510946 ], [ -111.904379, 40.514986 ], [ -111.904406, 40.516472 ], [ -111.904935, 40.51878 ], [ -111.90519, 40.519702 ], [ -111.905268, 40.525161 ], [ -111.905268, 40.525457 ], [ -111.906427, 40.526333 ], [ -111.906501, 40.526332 ], [ -111.90817, 40.525694 ], [ -111.90906, 40.524902 ], [ -111.912517, 40.520796 ], [ -111.914495, 40.518291 ], [ -111.914702, 40.517996 ], [ -111.914486, 40.517845 ] ] ] } },
{ "type": "Feature", "properties": { "group_index": 0, "value": 300.0, "center": [ -111.888527, 40.52673348408156 ], "point_id": 15 }, "geometry": { "type": "Polygon", "coordinates": [ [ [ -111.893386, 40.526886 ], [ -111.893387, 40.526526 ], [ -111.890703, 40.523379 ], [ -111.890348, 40.523324 ], [ -111.887363, 40.524101 ], [ -111.885999, 40.524691 ], [ -111.8849, 40.525557 ], [ -111.883775, 40.526426 ], [ -111.883668, 40.526511 ], [ -111.883667, 40.526871 ], [ -111.883721, 40.526999 ], [ -111.885412, 40.5288 ], [ -111.888103, 40.529851 ], [ -111.88866, 40.53009 ], [ -111.888839, 40.530139 ], [ -111.889329, 40.530217 ], [ -111.889689, 40.530221 ], [ -111.890399, 40.530098 ], [ -111.890744, 40.529997 ], [ -111.893329, 40.527044 ], [ -111.893386, 40.526886 ] ] ] } },
{ "type": "Feature", "properties": { "group_index": 0, "value": 600.0, "center": [ -111.888527, 40.52673348408156 ], "point_id": 15 }, "geometry": { "type": "Polygon", "coordinates": [ [ [ -111.898317, 40.526546 ], [ -111.898268, 40.526464 ], [ -111.898087, 40.526362 ], [ -111.894697, 40.525091 ], [ -111.894462, 40.525048 ], [ -111.890864, 40.520404 ], [ -111.890866, 40.520135 ], [ -111.890868, 40.519866 ], [ -111.890508, 40.519864 ], [ -111.886062, 40.520916 ], [ -111.885294, 40.521479 ], [ -111.880782, 40.52468 ], [ -111.879132, 40.525909 ], [ -111.878855, 40.52626 ], [ -111.878758, 40.526548 ], [ -111.878756, 40.526908 ], [ -111.878803, 40.527073 ], [ -111.881493, 40.52949 ], [ -111.881726, 40.529649 ], [ -111.881912, 40.529736 ], [ -111.885116, 40.531257 ], [ -111.887204, 40.533092 ], [ -111.887681, 40.533193 ], [ -111.891213, 40.533849 ], [ -111.891386, 40.533861 ], [ -111.891746, 40.53386 ], [ -111.891745, 40.533611 ], [ -111.891744, 40.533362 ], [ -111.895584, 40.528817 ], [ -111.895944, 40.528808 ], [ -111.897272, 40.527956 ], [ -111.898261, 40.527033 ], [ -111.898316, 40.526906 ], [ -111.898317, 40.526546 ] ] ] } },
{ "type": "Feature", "properties": { "group_index": 0, "value": 900.0, "center": [ -111.888527, 40.52673348408156 ], "point_id": 15 }, "geometry": { "type": "Polygon", "coordinates": [ [ [ -111.903247, 40.526923 ], [ -111.903245, 40.52664 ], [ -111.903244, 40.526591 ], [ -111.903128, 40.526462 ], [ -111.90002, 40.525066 ], [ -111.895268, 40.521808 ], [ -111.894932, 40.521664 ], [ -111.894588, 40.521558 ], [ -111.890885, 40.517006 ], [ -111.890884, 40.516562 ], [ -111.890883, 40.516117 ], [ -111.890523, 40.516118 ], [ -111.886241, 40.517189 ], [ -111.881316, 40.520575 ], [ -111.880242, 40.521322 ], [ -111.878007, 40.523056 ], [ -111.874691, 40.525786 ], [ -111.873942, 40.526535 ], [ -111.873854, 40.526687 ], [ -111.873894, 40.527045 ], [ -111.875591, 40.529034 ], [ -111.879603, 40.532689 ], [ -111.881604, 40.533303 ], [ -111.886298, 40.536556 ], [ -111.891047, 40.537426 ], [ -111.891405, 40.537386 ], [ -111.891569, 40.537317 ], [ -111.891767, 40.537224 ], [ -111.89216, 40.536924 ], [ -111.896274, 40.532635 ], [ -111.896623, 40.532548 ], [ -111.89902, 40.530654 ], [ -111.900251, 40.529584 ], [ -111.903092, 40.527103 ], [ -111.903238, 40.526972 ], [ -111.903247, 40.526941 ], [ -111.903247, 40.526923 ] ] ] } },
{ "type": "Feature", "properties": { "group_index": 0, "value": 300.0, "center": [ -111.89083345892055, 40.551582057956516 ], "point_id": 15 }, "geometry": { "type": "Polygon", "coordinates": [ [ [ -111.895639, 40.5511 ], [ -111.893397, 40.549229 ], [ -111.891368, 40.547951 ], [ -111.891098, 40.547836 ], [ -111.890739, 40.547817 ], [ -111.887707, 40.550042 ], [ -111.885904, 40.551408 ], [ -111.885845, 40.551846 ], [ -111.887398, 40.553125 ], [ -111.89061, 40.555392 ], [ -111.89097, 40.55539 ], [ -111.891326, 40.555228 ], [ -111.891409, 40.555189 ], [ -111.892065, 40.55471 ], [ -111.893123, 40.55396 ], [ -111.894366, 40.55307 ], [ -111.894643, 40.552821 ], [ -111.895259, 40.552106 ], [ -111.895691, 40.551456 ], [ -111.895639, 40.5511 ] ] ] } },
{ "type": "Feature", "properties": { "group_index": 0, "value": 600.0, "center": [ -111.89083345892055, 40.551582057956516 ], "point_id": 15 }, "geometry": { "type": "Polygon", "coordinates": [ [ [ -111.896639, 40.55492 ], [ -111.896442, 40.553698 ], [ -111.896131, 40.552372 ], [ -111.895226, 40.548757 ], [ -111.895127, 40.548395 ], [ -111.893835, 40.545741 ], [ -111.891866, 40.544357 ], [ -111.89161, 40.544235 ], [ -111.891421, 40.544164 ], [ -111.890917, 40.544072 ], [ -111.890878, 40.544072 ], [ -111.888047, 40.545904 ], [ -111.88439, 40.549756 ], [ -111.883397, 40.550298 ], [ -111.880971, 40.551391 ], [ -111.880889, 40.551496 ], [ -111.880888, 40.55157 ], [ -111.880971, 40.551751 ], [ -111.881588, 40.552232 ], [ -111.886231, 40.555868 ], [ -111.889391, 40.558359 ], [ -111.890566, 40.559094 ], [ -111.890568, 40.559094 ], [ -111.891068, 40.559044 ], [ -111.891431, 40.558854 ], [ -111.892702, 40.557988 ], [ -111.895247, 40.556307 ], [ -111.895356, 40.556232 ], [ -111.896635, 40.55528 ], [ -111.896639, 40.55492 ] ] ] } },
{ "type": "Feature", "properties": { "group_index": 0, "value": 900.0, "center": [ -111.89083345892055, 40.551582057956516 ], "point_id": 15 }, "geometry": { "type": "Polygon", "coordinates": [ [ [ -111.896811, 40.558613 ], [ -111.89681, 40.555555 ], [ -111.896442, 40.553698 ], [ -111.896131, 40.552372 ], [ -111.895808, 40.551257 ], [ -111.895445, 40.549706 ], [ -111.896924, 40.544698 ], [ -111.896917, 40.544338 ], [ -111.896554, 40.543916 ], [ -111.892251, 40.540823 ], [ -111.891548, 40.54042 ], [ -111.891188, 40.540414 ], [ -111.89102, 40.540471 ], [ -111.88994, 40.54166 ], [ -111.885581, 40.544139 ], [ -111.885519, 40.544473 ], [ -111.885453, 40.547821 ], [ -111.881151, 40.548783 ], [ -111.880152, 40.548463 ], [ -111.880031, 40.548499 ], [ -111.879152, 40.548768 ], [ -111.87754, 40.550121 ], [ -111.876072, 40.551359 ], [ -111.876019, 40.55154 ], [ -111.876019, 40.551636 ], [ -111.876071, 40.551719 ], [ -111.877745, 40.553154 ], [ -111.879868, 40.554446 ], [ -111.880709, 40.555003 ], [ -111.885186, 40.558899 ], [ -111.885264, 40.559026 ], [ -111.88654, 40.560845 ], [ -111.886851, 40.561026 ], [ -111.89042, 40.562702 ], [ -111.890548, 40.562751 ], [ -111.890761, 40.562793 ], [ -111.891121, 40.562793 ], [ -111.891563, 40.562768 ], [ -111.89634, 40.559342 ], [ -111.896773, 40.559054 ], [ -111.896812, 40.558973 ], [ -111.896811, 40.558613 ] ] ] } },
{ "type": "Feature", "properties": { "group_index": 0, "value": 300.0, "center": [ -111.89085776062535, 40.56966045896278 ], "point_id": 15 }, "geometry": { "type": "Polygon", "coordinates": [ [ [ -111.895855, 40.569392 ], [ -111.895027, 40.568671 ], [ -111.894215, 40.568012 ], [ -111.891212, 40.565879 ], [ -111.891017, 40.56588 ], [ -111.890749, 40.565947 ], [ -111.890534, 40.566049 ], [ -111.887974, 40.567667 ], [ -111.88717, 40.568427 ], [ -111.886539, 40.56906 ], [ -111.886486, 40.569417 ], [ -111.886712, 40.571345 ], [ -111.889386, 40.572773 ], [ -111.890424, 40.573338 ], [ -111.890774, 40.573421 ], [ -111.891179, 40.573388 ], [ -111.891593, 40.573087 ], [ -111.895419, 40.570312 ], [ -111.895756, 40.569938 ], [ -111.895854, 40.569827 ], [ -111.895855, 40.569392 ] ] ] } },
{ "type": "Feature", "properties": { "group_index": 0, "value": 600.0, "center": [ -111.89085776062535, 40.56966045896278 ], "point_id": 15 }, "geometry": { "type": "Polygon", "coordinates": [ [ [ -111.900723, 40.569539 ], [ -111.90065, 40.569413 ], [ -111.899337, 40.567982 ], [ -111.894915, 40.56447 ], [ -111.894419, 40.563935 ], [ -111.894263, 40.563821 ], [ -111.891027, 40.562085 ], [ -111.89094, 40.562086 ], [ -111.887315, 40.563831 ], [ -111.884168, 40.567816 ], [ -111.88413, 40.56791 ], [ -111.883585, 40.570609 ], [ -111.883534, 40.570862 ], [ -111.883276, 40.573184 ], [ -111.883289, 40.573292 ], [ -111.883356, 40.573452 ], [ -111.883547, 40.573816 ], [ -111.884142, 40.574493 ], [ -111.885825, 40.575882 ], [ -111.890595, 40.577826 ], [ -111.890955, 40.577824 ], [ -111.894871, 40.574642 ], [ -111.897895, 40.572366 ], [ -111.900642, 40.570014 ], [ -111.900716, 40.569899 ], [ -111.900723, 40.569539 ] ] ] } },
{ "type": "Feature", "properties": { "group_index": 0, "value": 900.0, "center": [ -111.89085776062535, 40.56966045896278 ], "point_id": 15 }, "geometry": { "type": "Polygon", "coordinates": [ [ [ -111.905652, 40.56952 ], [ -111.904434, 40.568488 ], [ -111.900325, 40.565451 ], [ -111.898189, 40.562669 ], [ -111.898034, 40.562579 ], [ -111.892985, 40.559456 ], [ -111.89135, 40.558501 ], [ -111.891216, 40.55846 ], [ -111.891062, 40.558449 ], [ -111.890702, 40.558457 ], [ -111.89042, 40.558535 ], [ -111.886891, 40.560241 ], [ -111.88315, 40.563448 ], [ -111.882467, 40.564162 ], [ -111.880703, 40.568774 ], [ -111.878423, 40.573094 ], [ -111.878423, 40.573454 ], [ -111.880236, 40.574927 ], [ -111.881946, 40.57607 ], [ -111.885622, 40.578801 ], [ -111.886422, 40.579232 ], [ -111.89071, 40.580902 ], [ -111.891169, 40.580873 ], [ -111.891364, 40.58081 ], [ -111.89163, 40.580642 ], [ -111.895083, 40.578095 ], [ -111.898861, 40.576109 ], [ -111.899661, 40.57543 ], [ -111.903861, 40.57187 ], [ -111.905652, 40.56988 ], [ -111.905652, 40.56952 ] ] ] } },
{ "type": "Feature", "properties": { "group_index": 0, "value": 300.0, "center": [ -111.89085776062535, 40.56966045896278 ], "point_id": 15 }, "geometry": { "type": "Polygon", "coordinates": [ [ [ -111.895855, 40.569392 ], [ -111.895027, 40.568671 ], [ -111.894215, 40.568012 ], [ -111.891212, 40.565879 ], [ -111.891017, 40.56588 ], [ -111.890749, 40.565947 ], [ -111.890534, 40.566049 ], [ -111.887974, 40.567667 ], [ -111.88717, 40.568427 ], [ -111.886539, 40.56906 ], [ -111.886486, 40.569417 ], [ -111.886712, 40.571345 ], [ -111.889386, 40.572773 ], [ -111.890424, 40.573338 ], [ -111.890774, 40.573421 ], [ -111.891179, 40.573388 ], [ -111.891593, 40.573087 ], [ -111.895419, 40.570312 ], [ -111.895756, 40.569938 ], [ -111.895854, 40.569827 ], [ -111.895855, 40.569392 ] ] ] } },
{ "type": "Feature", "properties": { "group_index": 0, "value": 600.0, "center": [ -111.89085776062535, 40.56966045896278 ], "point_id": 15 }, "geometry": { "type": "Polygon", "coordinates": [ [ [ -111.900723, 40.569539 ], [ -111.90065, 40.569413 ], [ -111.899337, 40.567982 ], [ -111.894915, 40.56447 ], [ -111.894419, 40.563935 ], [ -111.894263, 40.563821 ], [ -111.891027, 40.562085 ], [ -111.89094, 40.562086 ], [ -111.887315, 40.563831 ], [ -111.884168, 40.567816 ], [ -111.88413, 40.56791 ], [ -111.883585, 40.570609 ], [ -111.883534, 40.570862 ], [ -111.883276, 40.573184 ], [ -111.883289, 40.573292 ], [ -111.883356, 40.573452 ], [ -111.883547, 40.573816 ], [ -111.884142, 40.574493 ], [ -111.885825, 40.575882 ], [ -111.890595, 40.577826 ], [ -111.890955, 40.577824 ], [ -111.894871, 40.574642 ], [ -111.897895, 40.572366 ], [ -111.900642, 40.570014 ], [ -111.900716, 40.569899 ], [ -111.900723, 40.569539 ] ] ] } },
{ "type": "Feature", "properties": { "group_index": 0, "value": 900.0, "center": [ -111.89085776062535, 40.56966045896278 ], "point_id": 15 }, "geometry": { "type": "Polygon", "coordinates": [ [ [ -111.905652, 40.56952 ], [ -111.904434, 40.568488 ], [ -111.900325, 40.565451 ], [ -111.898189, 40.562669 ], [ -111.898034, 40.562579 ], [ -111.892985, 40.559456 ], [ -111.89135, 40.558501 ], [ -111.891216, 40.55846 ], [ -111.891062, 40.558449 ], [ -111.890702, 40.558457 ], [ -111.89042, 40.558535 ], [ -111.886891, 40.560241 ], [ -111.88315, 40.563448 ], [ -111.882467, 40.564162 ], [ -111.880703, 40.568774 ], [ -111.878423, 40.573094 ], [ -111.878423, 40.573454 ], [ -111.880236, 40.574927 ], [ -111.881946, 40.57607 ], [ -111.885622, 40.578801 ], [ -111.886422, 40.579232 ], [ -111.89071, 40.580902 ], [ -111.891169, 40.580873 ], [ -111.891364, 40.58081 ], [ -111.89163, 40.580642 ], [ -111.895083, 40.578095 ], [ -111.898861, 40.576109 ], [ -111.899661, 40.57543 ], [ -111.903861, 40.57187 ], [ -111.905652, 40.56988 ], [ -111.905652, 40.56952 ] ] ] } },
{ "type": "Feature", "properties": { "group_index": 0, "value": 300.0, "center": [ -111.89095044765224, 40.58809249631378 ], "point_id": 15 }, "geometry": { "type": "Polygon", "coordinates": [ [ [ -111.895982, 40.588129 ], [ -111.895762, 40.587792 ], [ -111.892297, 40.58498 ], [ -111.891139, 40.584345 ], [ -111.890779, 40.584346 ], [ -111.886428, 40.587562 ], [ -111.886117, 40.587846 ], [ -111.885937, 40.588026 ], [ -111.885937, 40.588027 ], [ -111.886076, 40.588342 ], [ -111.887896, 40.589733 ], [ -111.889451, 40.59087 ], [ -111.890703, 40.59183 ], [ -111.891063, 40.591831 ], [ -111.891611, 40.591532 ], [ -111.895823, 40.588309 ], [ -111.895982, 40.588145 ], [ -111.895982, 40.588129 ] ] ] } },
{ "type": "Feature", "properties": { "group_index": 0, "value": 600.0, "center": [ -111.89095044765224, 40.58809249631378 ], "point_id": 15 }, "geometry": { "type": "Polygon", "coordinates": [ [ [ -111.900757, 40.587928 ], [ -111.900697, 40.587764 ], [ -111.898142, 40.585348 ], [ -111.894797, 40.582895 ], [ -111.891097, 40.5805 ], [ -111.890976, 40.580513 ], [ -111.88906, 40.581515 ], [ -111.888695, 40.581732 ], [ -111.886963, 40.582834 ], [ -111.883806, 40.585839 ], [ -111.881643, 40.5874 ], [ -111.88149, 40.587565 ], [ -111.881277, 40.5878 ], [ -111.881004, 40.588132 ], [ -111.880978, 40.588491 ], [ -111.885435, 40.591793 ], [ -111.888516, 40.594019 ], [ -111.890678, 40.595575 ], [ -111.891038, 40.595579 ], [ -111.891285, 40.595439 ], [ -111.89159, 40.595202 ], [ -111.896148, 40.59184 ], [ -111.898874, 40.58994 ], [ -111.900757, 40.588288 ], [ -111.900757, 40.587928 ] ] ] } },
{ "type": "Feature", "properties": { "group_index": 0, "value": 900.0, "center": [ -111.89095044765224, 40.58809249631378 ], "point_id": 15 }, "geometry": { "type": "Polygon", "coordinates": [ [ [ -111.905692, 40.587856 ], [ -111.904418, 40.586876 ], [ -111.904058, 40.586868 ], [ -111.90191, 40.586363 ], [ -111.899499, 40.582261 ], [ -111.89588, 40.580147 ], [ -111.892078, 40.577484 ], [ -111.891234, 40.576861 ], [ -111.891126, 40.576852 ], [ -111.890766, 40.576851 ], [ -111.890588, 40.576883 ], [ -111.890476, 40.576907 ], [ -111.885653, 40.579621 ], [ -111.881552, 40.583799 ], [ -111.880793, 40.584345 ], [ -111.87968, 40.585196 ], [ -111.875815, 40.587774 ], [ -111.875808, 40.588134 ], [ -111.876282, 40.588486 ], [ -111.880579, 40.591858 ], [ -111.881472, 40.592538 ], [ -111.884817, 40.595113 ], [ -111.887804, 40.597489 ], [ -111.890412, 40.599191 ], [ -111.890645, 40.599327 ], [ -111.890823, 40.599355 ], [ -111.89102, 40.599355 ], [ -111.89151, 40.599051 ], [ -111.896203, 40.595555 ], [ -111.900917, 40.592607 ], [ -111.904719, 40.588976 ], [ -111.905751, 40.588176 ], [ -111.905692, 40.587856 ] ] ] } },
{ "type": "Feature", "properties": { "group_index": 0, "value": 300.0, "center": [ -111.89080714440081, 40.601759364912965 ], "point_id": 15 }, "geometry": { "type": "Polygon", "coordinates": [ [ [ -111.892483, 40.604343 ], [ -111.892414, 40.599118 ], [ -111.892415, 40.599017 ], [ -111.892373, 40.59884 ], [ -111.891016, 40.598014 ], [ -111.890656, 40.598011 ], [ -111.889327, 40.598848 ], [ -111.887182, 40.600185 ], [ -111.887051, 40.600321 ], [ -111.886837, 40.600756 ], [ -111.886728, 40.602064 ], [ -111.890516, 40.605544 ], [ -111.890688, 40.605542 ], [ -111.891015, 40.605499 ], [ -111.892153, 40.604688 ], [ -111.89234, 40.604554 ], [ -111.892482, 40.604375 ], [ -111.892483, 40.604343 ] ] ] } },
{ "type": "Feature", "properties": { "group_index": 0, "value": 600.0, "center": [ -111.89080714440081, 40.601759364912965 ], "point_id": 15 }, "geometry": { "type": "Polygon", "coordinates": [ [ [ -111.897245, 40.599616 ], [ -111.897303, 40.599252 ], [ -111.897298, 40.598892 ], [ -111.896389, 40.598168 ], [ -111.8919, 40.594843 ], [ -111.891047, 40.594265 ], [ -111.890687, 40.594265 ], [ -111.885714, 40.596581 ], [ -111.885749, 40.596908 ], [ -111.885785, 40.597235 ], [ -111.885817, 40.597362 ], [ -111.886308, 40.599936 ], [ -111.886193, 40.605672 ], [ -111.886194, 40.606032 ], [ -111.890744, 40.609395 ], [ -111.891103, 40.609359 ], [ -111.89152, 40.60907 ], [ -111.893302, 40.607757 ], [ -111.895265, 40.606099 ], [ -111.896426, 40.604687 ], [ -111.897245, 40.599616 ] ] ] } },
{ "type": "Feature", "properties": { "group_index": 0, "value": 900.0, "center": [ -111.89080714440081, 40.601759364912965 ], "point_id": 15 }, "geometry": { "type": "Polygon", "coordinates": [ [ [ -111.900201, 40.605747 ], [ -111.900236, 40.604888 ], [ -111.900235, 40.604528 ], [ -111.902238, 40.599165 ], [ -111.902231, 40.598805 ], [ -111.90082, 40.597663 ], [ -111.898179, 40.595695 ], [ -111.894283, 40.592811 ], [ -111.891892, 40.590912 ], [ -111.891069, 40.590519 ], [ -111.890709, 40.590517 ], [ -111.885668, 40.593252 ], [ -111.884716, 40.593639 ], [ -111.881689, 40.596149 ], [ -111.881544, 40.596303 ], [ -111.881543, 40.596353 ], [ -111.88169, 40.596509 ], [ -111.882774, 40.597589 ], [ -111.883897, 40.603245 ], [ -111.882294, 40.604828 ], [ -111.881257, 40.605689 ], [ -111.881258, 40.606049 ], [ -111.883506, 40.606752 ], [ -111.886243, 40.609676 ], [ -111.886295, 40.609749 ], [ -111.888097, 40.61115 ], [ -111.890188, 40.612809 ], [ -111.890674, 40.613078 ], [ -111.890711, 40.613078 ], [ -111.89493, 40.611363 ], [ -111.895288, 40.611096 ], [ -111.895385, 40.610999 ], [ -111.898076, 40.607676 ], [ -111.899856, 40.606361 ], [ -111.9002, 40.606107 ], [ -111.900201, 40.605747 ] ] ] } },
{ "type": "Feature", "properties": { "group_index": 0, "value": 300.0, "center": [ -111.89056406564579, 40.620841475555245 ], "point_id": 15 }, "geometry": { "type": "Polygon", "coordinates": [ [ [ -111.895533, 40.620735 ], [ -111.895459, 40.620424 ], [ -111.895286, 40.62029 ], [ -111.892737, 40.618307 ], [ -111.890647, 40.617012 ], [ -111.890621, 40.617013 ], [ -111.890401, 40.617073 ], [ -111.887467, 40.619084 ], [ -111.885634, 40.620607 ], [ -111.88558, 40.620691 ], [ -111.88558, 40.620787 ], [ -111.885632, 40.620967 ], [ -111.885681, 40.621015 ], [ -111.886231, 40.621537 ], [ -111.889303, 40.623986 ], [ -111.889387, 40.624054 ], [ -111.890083, 40.624561 ], [ -111.890397, 40.624606 ], [ -111.890587, 40.624614 ], [ -111.890778, 40.624622 ], [ -111.892568, 40.623232 ], [ -111.895393, 40.620916 ], [ -111.895533, 40.620766 ], [ -111.895533, 40.620735 ] ] ] } },
{ "type": "Feature", "properties": { "group_index": 0, "value": 600.0, "center": [ -111.89056406564579, 40.620841475555245 ], "point_id": 15 }, "geometry": { "type": "Polygon", "coordinates": [ [ [ -111.900402, 40.620643 ], [ -111.900379, 40.620477 ], [ -111.900288, 40.620355 ], [ -111.900091, 40.62014 ], [ -111.900015, 40.620084 ], [ -111.898396, 40.618853 ], [ -111.897235, 40.618017 ], [ -111.893154, 40.614919 ], [ -111.892279, 40.614258 ], [ -111.890879, 40.61343 ], [ -111.890519, 40.613422 ], [ -111.890069, 40.613715 ], [ -111.888356, 40.614912 ], [ -111.885613, 40.616882 ], [ -111.881676, 40.619828 ], [ -111.880835, 40.620481 ], [ -111.880697, 40.62059 ], [ -111.880696, 40.62095 ], [ -111.88157, 40.621985 ], [ -111.88598, 40.625423 ], [ -111.887617, 40.627081 ], [ -111.889584, 40.628218 ], [ -111.890078, 40.628252 ], [ -111.890251, 40.62824 ], [ -111.890466, 40.628129 ], [ -111.893372, 40.626398 ], [ -111.897321, 40.623434 ], [ -111.900387, 40.621003 ], [ -111.900402, 40.620643 ] ] ] } },
{ "type": "Feature", "properties": { "group_index": 0, "value": 900.0, "center": [ -111.89056406564579, 40.620841475555245 ], "point_id": 15 }, "geometry": { "type": "Polygon", "coordinates": [ [ [ -111.905288, 40.620581 ], [ -111.903642, 40.61871 ], [ -111.903338, 40.618518 ], [ -111.900683, 40.61681 ], [ -111.898306, 40.614984 ], [ -111.894091, 40.6119 ], [ -111.892255, 40.610588 ], [ -111.89091, 40.609684 ], [ -111.890728, 40.609633 ], [ -111.890463, 40.609631 ], [ -111.8876, 40.611863 ], [ -111.883705, 40.614567 ], [ -111.883275, 40.614845 ], [ -111.880563, 40.617539 ], [ -111.876219, 40.620249 ], [ -111.87576, 40.620573 ], [ -111.875737, 40.620877 ], [ -111.875737, 40.620887 ], [ -111.875759, 40.620933 ], [ -111.875905, 40.621058 ], [ -111.87944, 40.623949 ], [ -111.883616, 40.628094 ], [ -111.886563, 40.630099 ], [ -111.889264, 40.631927 ], [ -111.889623, 40.631959 ], [ -111.889832, 40.631973 ], [ -111.88992, 40.63194 ], [ -111.891094, 40.631501 ], [ -111.893852, 40.629529 ], [ -111.894793, 40.628809 ], [ -111.895394, 40.628186 ], [ -111.899879, 40.624958 ], [ -111.901613, 40.623758 ], [ -111.905272, 40.62108 ], [ -111.905288, 40.620581 ] ] ] } },
{ "type": "Feature", "properties": { "group_index": 0, "value": 300.0, "center": [ -111.88889925700515, 40.642937607242985 ], "point_id": 15 }, "geometry": { "type": "Polygon", "coordinates": [ [ [ -111.893838, 40.642745 ], [ -111.893778, 40.64241 ], [ -111.88968, 40.639378 ], [ -111.88903, 40.63909 ], [ -111.88899, 40.639089 ], [ -111.884079, 40.64205 ], [ -111.883954, 40.642261 ], [ -111.883912, 40.642618 ], [ -111.88398, 40.642699 ], [ -111.88406, 40.642784 ], [ -111.884823, 40.643592 ], [ -111.885017, 40.643757 ], [ -111.887678, 40.646059 ], [ -111.88789, 40.646225 ], [ -111.888519, 40.646717 ], [ -111.888569, 40.646717 ], [ -111.888997, 40.646607 ], [ -111.889074, 40.646566 ], [ -111.892503, 40.644741 ], [ -111.892566, 40.644681 ], [ -111.893768, 40.643191 ], [ -111.893837, 40.643105 ], [ -111.893838, 40.642745 ] ] ] } },
{ "type": "Feature", "properties": { "group_index": 0, "value": 600.0, "center": [ -111.88889925700515, 40.642937607242985 ], "point_id": 15 }, "geometry": { "type": "Polygon", "coordinates": [ [ [ -111.898775, 40.643102 ], [ -111.898776, 40.642742 ], [ -111.894868, 40.639086 ], [ -111.890095, 40.635935 ], [ -111.889404, 40.635362 ], [ -111.889392, 40.635362 ], [ -111.88899, 40.635487 ], [ -111.8889, 40.635541 ], [ -111.888019, 40.636107 ], [ -111.886336, 40.637345 ], [ -111.882854, 40.639275 ], [ -111.882144, 40.639705 ], [ -111.879044, 40.641609 ], [ -111.879016, 40.641968 ], [ -111.881905, 40.6456 ], [ -111.881916, 40.64561 ], [ -111.882822, 40.646235 ], [ -111.88698, 40.649423 ], [ -111.888222, 40.650379 ], [ -111.888371, 40.650385 ], [ -111.888631, 40.650389 ], [ -111.888802, 40.650353 ], [ -111.889424, 40.649925 ], [ -111.894422, 40.647392 ], [ -111.896267, 40.646191 ], [ -111.898759, 40.643185 ], [ -111.898775, 40.643102 ] ] ] } },
{ "type": "Feature", "properties": { "group_index": 0, "value": 900.0, "center": [ -111.88889925700515, 40.642937607242985 ], "point_id": 15 }, "geometry": { "type": "Polygon", "coordinates": [ [ [ -111.903732, 40.643053 ], [ -111.903732, 40.643005 ], [ -111.903714, 40.64275 ], [ -111.903643, 40.64268 ], [ -111.901963, 40.641347 ], [ -111.898334, 40.638088 ], [ -111.89504, 40.635666 ], [ -111.891614, 40.633027 ], [ -111.889848, 40.631809 ], [ -111.88964, 40.63177 ], [ -111.889281, 40.631738 ], [ -111.888065, 40.632391 ], [ -111.885578, 40.633771 ], [ -111.881973, 40.635749 ], [ -111.879479, 40.637353 ], [ -111.875194, 40.640536 ], [ -111.874224, 40.641537 ], [ -111.874223, 40.641897 ], [ -111.874821, 40.642627 ], [ -111.875305, 40.642929 ], [ -111.878228, 40.647607 ], [ -111.878292, 40.647961 ], [ -111.878312, 40.648034 ], [ -111.878756, 40.648389 ], [ -111.882475, 40.649886 ], [ -111.885977, 40.652886 ], [ -111.888089, 40.654112 ], [ -111.888255, 40.65419 ], [ -111.889065, 40.654154 ], [ -111.890571, 40.652628 ], [ -111.894899, 40.65068 ], [ -111.89808, 40.64893 ], [ -111.898618, 40.646938 ], [ -111.902091, 40.644208 ], [ -111.902217, 40.644128 ], [ -111.903618, 40.643185 ], [ -111.903714, 40.64311 ], [ -111.903732, 40.643053 ] ] ] } },
{ "type": "Feature", "properties": { "group_index": 0, "value": 300.0, "center": [ -111.88819196747939, 40.656100734100235 ], "point_id": 15 }, "geometry": { "type": "Polygon", "coordinates": [ [ [ -111.893216, 40.655723 ], [ -111.889621, 40.653111 ], [ -111.889151, 40.652748 ], [ -111.888477, 40.652277 ], [ -111.888373, 40.652206 ], [ -111.888329, 40.65221 ], [ -111.888205, 40.652281 ], [ -111.888086, 40.652377 ], [ -111.88438, 40.655071 ], [ -111.882415, 40.655998 ], [ -111.882415, 40.656358 ], [ -111.885913, 40.658722 ], [ -111.88793, 40.659862 ], [ -111.888289, 40.659872 ], [ -111.888409, 40.659847 ], [ -111.888577, 40.659796 ], [ -111.888903, 40.659629 ], [ -111.892239, 40.656948 ], [ -111.893253, 40.656081 ], [ -111.893216, 40.655723 ] ] ] } },
{ "type": "Feature", "properties": { "group_index": 0, "value": 600.0, "center": [ -111.88819196747939, 40.656100734100235 ], "point_id": 15 }, "geometry": { "type": "Polygon", "coordinates": [ [ [ -111.898354, 40.655142 ], [ -111.898273, 40.654894 ], [ -111.8971, 40.654299 ], [ -111.892685, 40.651775 ], [ -111.89006, 40.649528 ], [ -111.888722, 40.648621 ], [ -111.888362, 40.648602 ], [ -111.888207, 40.648669 ], [ -111.88304, 40.65166 ], [ -111.881431, 40.652869 ], [ -111.878055, 40.655995 ], [ -111.878055, 40.656355 ], [ -111.882688, 40.660011 ], [ -111.88276, 40.660097 ], [ -111.887149, 40.663002 ], [ -111.887921, 40.663509 ], [ -111.888052, 40.663593 ], [ -111.888412, 40.663596 ], [ -111.888581, 40.663544 ], [ -111.890734, 40.662784 ], [ -111.893522, 40.65968 ], [ -111.895372, 40.658623 ], [ -111.895632, 40.658374 ], [ -111.898419, 40.655496 ], [ -111.898354, 40.655142 ] ] ] } },
{ "type": "Feature", "properties": { "group_index": 0, "value": 900.0, "center": [ -111.88819196747939, 40.656100734100235 ], "point_id": 15 }, "geometry": { "type": "Polygon", "coordinates": [ [ [ -111.902727, 40.654723 ], [ -111.902684, 40.654366 ], [ -111.901138, 40.652546 ], [ -111.900787, 40.652464 ], [ -111.896271, 40.650807 ], [ -111.894109, 40.648629 ], [ -111.893936, 40.648442 ], [ -111.890218, 40.645686 ], [ -111.888917, 40.644877 ], [ -111.888557, 40.644858 ], [ -111.88725, 40.645612 ], [ -111.88245, 40.648396 ], [ -111.878567, 40.650215 ], [ -111.878336, 40.650491 ], [ -111.875172, 40.654318 ], [ -111.873645, 40.655711 ], [ -111.873379, 40.656013 ], [ -111.873374, 40.656246 ], [ -111.873415, 40.656277 ], [ -111.873581, 40.656312 ], [ -111.87693, 40.657851 ], [ -111.878614, 40.659807 ], [ -111.878813, 40.660098 ], [ -111.88054, 40.662385 ], [ -111.881205, 40.663289 ], [ -111.884305, 40.665002 ], [ -111.887898, 40.66731 ], [ -111.888092, 40.667437 ], [ -111.888104, 40.667437 ], [ -111.888641, 40.667306 ], [ -111.890644, 40.665973 ], [ -111.890984, 40.665711 ], [ -111.891043, 40.665666 ], [ -111.891785, 40.665049 ], [ -111.895907, 40.661434 ], [ -111.895967, 40.661254 ], [ -111.896027, 40.661073 ], [ -111.896124, 40.660765 ], [ -111.899446, 40.656998 ], [ -111.900711, 40.656543 ], [ -111.901055, 40.656437 ], [ -111.902626, 40.655024 ], [ -111.902733, 40.654911 ], [ -111.902727, 40.654723 ] ] ] } },
{ "type": "Feature", "properties": { "group_index": 0, "value": 300.0, "center": [ -111.88820955329643, 40.6742895119918 ], "point_id": 15 }, "geometry": { "type": "Polygon", "coordinates": [ [ [ -111.892806, 40.674059 ], [ -111.890833, 40.672296 ], [ -111.89008, 40.671743 ], [ -111.888389, 40.670542 ], [ -111.888029, 40.670542 ], [ -111.887463, 40.670888 ], [ -111.886379, 40.671728 ], [ -111.883623, 40.673716 ], [ -111.883378, 40.674018 ], [ -111.883312, 40.674154 ], [ -111.883315, 40.674514 ], [ -111.883476, 40.674647 ], [ -111.888023, 40.678035 ], [ -111.888179, 40.678149 ], [ -111.888265, 40.67816 ], [ -111.888752, 40.67781 ], [ -111.890043, 40.676875 ], [ -111.891553, 40.675844 ], [ -111.892801, 40.674419 ], [ -111.892806, 40.674059 ] ] ] } },
{ "type": "Feature", "properties": { "group_index": 0, "value": 600.0, "center": [ -111.88820955329643, 40.6742895119918 ], "point_id": 15 }, "geometry": { "type": "Polygon", "coordinates": [ [ [ -111.897689, 40.674032 ], [ -111.897637, 40.673979 ], [ -111.893698, 40.670929 ], [ -111.891258, 40.668893 ], [ -111.891177, 40.668827 ], [ -111.888792, 40.66698 ], [ -111.88839, 40.666799 ], [ -111.888202, 40.66672 ], [ -111.88803, 40.666791 ], [ -111.887869, 40.66686 ], [ -111.884577, 40.668714 ], [ -111.881463, 40.671481 ], [ -111.879868, 40.672761 ], [ -111.878436, 40.674025 ], [ -111.878384, 40.674115 ], [ -111.87839, 40.674475 ], [ -111.878393, 40.674591 ], [ -111.879139, 40.674978 ], [ -111.87974, 40.675286 ], [ -111.881006, 40.675039 ], [ -111.883939, 40.675196 ], [ -111.886361, 40.680122 ], [ -111.886383, 40.680299 ], [ -111.887073, 40.681041 ], [ -111.887702, 40.68173 ], [ -111.88802, 40.681785 ], [ -111.88838, 40.681783 ], [ -111.889732, 40.681416 ], [ -111.893314, 40.678276 ], [ -111.897688, 40.674392 ], [ -111.897689, 40.674032 ] ] ] } },
{ "type": "Feature", "properties": { "group_index": 0, "value": 900.0, "center": [ -111.88820955329643, 40.6742895119918 ], "point_id": 15 }, "geometry": { "type": "Polygon", "coordinates": [ [ [ -111.900657, 40.672363 ], [ -111.900655, 40.672003 ], [ -111.900502, 40.67185 ], [ -111.899973, 40.671488 ], [ -111.897016, 40.670092 ], [ -111.893326, 40.666901 ], [ -111.892118, 40.665401 ], [ -111.89054, 40.664079 ], [ -111.888412, 40.663049 ], [ -111.888052, 40.663047 ], [ -111.88653, 40.663704 ], [ -111.884196, 40.66527 ], [ -111.882107, 40.666673 ], [ -111.877489, 40.669525 ], [ -111.875828, 40.671094 ], [ -111.873497, 40.67403 ], [ -111.873447, 40.674123 ], [ -111.873409, 40.674523 ], [ -111.87341, 40.67455 ], [ -111.873428, 40.674603 ], [ -111.873499, 40.674662 ], [ -111.876705, 40.677047 ], [ -111.876817, 40.677128 ], [ -111.876921, 40.677197 ], [ -111.877281, 40.677203 ], [ -111.880488, 40.677466 ], [ -111.88296, 40.680908 ], [ -111.88557, 40.683786 ], [ -111.888013, 40.685761 ], [ -111.888373, 40.685748 ], [ -111.891474, 40.683345 ], [ -111.894286, 40.68154 ], [ -111.897097, 40.679295 ], [ -111.900202, 40.674495 ], [ -111.900567, 40.673734 ], [ -111.900657, 40.672363 ] ] ] } },
{ "type": "Feature", "properties": { "group_index": 0, "value": 300.0, "center": [ -111.88821818945591, 40.68702343417967 ], "point_id": 15 }, "geometry": { "type": "Polygon", "coordinates": [ [ [ -111.893135, 40.686816 ], [ -111.893039, 40.686676 ], [ -111.891359, 40.685412 ], [ -111.88906, 40.68362 ], [ -111.888192, 40.683202 ], [ -111.888101, 40.683201 ], [ -111.887815, 40.683422 ], [ -111.884586, 40.685791 ], [ -111.883653, 40.686566 ], [ -111.883281, 40.686888 ], [ -111.883256, 40.687157 ], [ -111.883247, 40.687253 ], [ -111.884168, 40.688037 ], [ -111.887644, 40.690589 ], [ -111.888025, 40.690735 ], [ -111.888385, 40.690735 ], [ -111.88866, 40.69061 ], [ -111.890469, 40.689398 ], [ -111.891465, 40.688668 ], [ -111.893036, 40.687306 ], [ -111.893136, 40.687176 ], [ -111.893135, 40.686816 ] ] ] } },
{ "type": "Feature", "properties": { "group_index": 0, "value": 600.0, "center": [ -111.88821818945591, 40.68702343417967 ], "point_id": 15 }, "geometry": { "type": "Polygon", "coordinates": [ [ [ -111.898096, 40.686488 ], [ -111.894137, 40.68365 ], [ -111.891411, 40.681661 ], [ -111.888785, 40.679658 ], [ -111.888378, 40.679566 ], [ -111.888018, 40.679565 ], [ -111.887191, 40.679955 ], [ -111.887107, 40.680008 ], [ -111.882874, 40.68343 ], [ -111.881292, 40.684582 ], [ -111.878425, 40.686737 ], [ -111.878339, 40.68689 ], [ -111.878338, 40.68725 ], [ -111.881271, 40.689644 ], [ -111.882126, 40.690258 ], [ -111.884603, 40.692084 ], [ -111.886429, 40.693453 ], [ -111.887721, 40.69442 ], [ -111.887993, 40.694478 ], [ -111.888352, 40.694486 ], [ -111.888746, 40.694337 ], [ -111.89027, 40.693481 ], [ -111.892708, 40.6916 ], [ -111.894066, 40.69044 ], [ -111.897533, 40.687755 ], [ -111.897896, 40.687336 ], [ -111.898125, 40.686847 ], [ -111.898096, 40.686488 ] ] ] } },
{ "type": "Feature", "properties": { "group_index": 0, "value": 900.0, "center": [ -111.88821818945591, 40.68702343417967 ], "point_id": 15 }, "geometry": { "type": "Polygon", "coordinates": [ [ [ -111.902996, 40.686552 ], [ -111.901473, 40.686091 ], [ -111.897173, 40.682271 ], [ -111.892592, 40.678751 ], [ -111.891551, 40.677914 ], [ -111.888743, 40.675842 ], [ -111.888397, 40.675819 ], [ -111.888037, 40.675818 ], [ -111.883323, 40.677837 ], [ -111.882726, 40.678455 ], [ -111.88053, 40.68172 ], [ -111.876703, 40.684309 ], [ -111.876192, 40.684717 ], [ -111.873404, 40.686774 ], [ -111.873396, 40.686878 ], [ -111.873397, 40.687238 ], [ -111.87352, 40.687354 ], [ -111.875169, 40.688856 ], [ -111.877953, 40.691043 ], [ -111.878236, 40.691253 ], [ -111.880923, 40.693175 ], [ -111.885034, 40.696362 ], [ -111.887707, 40.698068 ], [ -111.888009, 40.698228 ], [ -111.888369, 40.698231 ], [ -111.888551, 40.698156 ], [ -111.888664, 40.698097 ], [ -111.88903, 40.697863 ], [ -111.89246, 40.695588 ], [ -111.896145, 40.69273 ], [ -111.896457, 40.692468 ], [ -111.899686, 40.6898 ], [ -111.900049, 40.689493 ], [ -111.902969, 40.686911 ], [ -111.902996, 40.686552 ] ] ] } },
{ "type": "Feature", "properties": { "group_index": 0, "value": 300.0, "center": [ -111.88823468138018, 40.69985534485849 ], "point_id": 15 }, "geometry": { "type": "Polygon", "coordinates": [ [ [ -111.893239, 40.699929 ], [ -111.89316, 40.699596 ], [ -111.891752, 40.698482 ], [ -111.89118, 40.698056 ], [ -111.888548, 40.696162 ], [ -111.888356, 40.696141 ], [ -111.887996, 40.69614 ], [ -111.887752, 40.696283 ], [ -111.885162, 40.698073 ], [ -111.883386, 40.699573 ], [ -111.883244, 40.699745 ], [ -111.883233, 40.699931 ], [ -111.883307, 40.700042 ], [ -111.884059, 40.700675 ], [ -111.885215, 40.70154 ], [ -111.885318, 40.701619 ], [ -111.887888, 40.703495 ], [ -111.88799, 40.703571 ], [ -111.88835, 40.70357 ], [ -111.888555, 40.7035 ], [ -111.888665, 40.703417 ], [ -111.890525, 40.702061 ], [ -111.89132, 40.701432 ], [ -111.893064, 40.700108 ], [ -111.893239, 40.699933 ], [ -111.893239, 40.699929 ] ] ] } },
{ "type": "Feature", "properties": { "group_index": 0, "value": 600.0, "center": [ -111.88823468138018, 40.69985534485849 ], "point_id": 15 }, "geometry": { "type": "Polygon", "coordinates": [ [ [ -111.898092, 40.699968 ], [ -111.898102, 40.699608 ], [ -111.896129, 40.698041 ], [ -111.894477, 40.696788 ], [ -111.891768, 40.694717 ], [ -111.888437, 40.692331 ], [ -111.88837, 40.692331 ], [ -111.888015, 40.692392 ], [ -111.887853, 40.692458 ], [ -111.887435, 40.692765 ], [ -111.887313, 40.692855 ], [ -111.8859, 40.693897 ], [ -111.884981, 40.694599 ], [ -111.882459, 40.696578 ], [ -111.879979, 40.698423 ], [ -111.878471, 40.69959 ], [ -111.878365, 40.699676 ], [ -111.878283, 40.699771 ], [ -111.878285, 40.700131 ], [ -111.882587, 40.703353 ], [ -111.883907, 40.704383 ], [ -111.884949, 40.705173 ], [ -111.885922, 40.705867 ], [ -111.887265, 40.706802 ], [ -111.887994, 40.707317 ], [ -111.888403, 40.707329 ], [ -111.888544, 40.707249 ], [ -111.888671, 40.707175 ], [ -111.889479, 40.706646 ], [ -111.890753, 40.705693 ], [ -111.89487, 40.702912 ], [ -111.898081, 40.700123 ], [ -111.898092, 40.699968 ] ] ] } },
{ "type": "Feature", "properties": { "group_index": 0, "value": 900.0, "center": [ -111.88823468138018, 40.69985534485849 ], "point_id": 15 }, "geometry": { "type": "Polygon", "coordinates": [ [ [ -111.903524, 40.699497 ], [ -111.899912, 40.697164 ], [ -111.896177, 40.694265 ], [ -111.895405, 40.693674 ], [ -111.894684, 40.693121 ], [ -111.892122, 40.69124 ], [ -111.889544, 40.689414 ], [ -111.888662, 40.688794 ], [ -111.888546, 40.688714 ], [ -111.888367, 40.688647 ], [ -111.888067, 40.688544 ], [ -111.888065, 40.688544 ], [ -111.887899, 40.68864 ], [ -111.88545, 40.690546 ], [ -111.882041, 40.692817 ], [ -111.880994, 40.693502 ], [ -111.876883, 40.697082 ], [ -111.875973, 40.697707 ], [ -111.874944, 40.698477 ], [ -111.87399, 40.699212 ], [ -111.873422, 40.699695 ], [ -111.873423, 40.700055 ], [ -111.876859, 40.702775 ], [ -111.879302, 40.70467 ], [ -111.880653, 40.705744 ], [ -111.882499, 40.707104 ], [ -111.884327, 40.708475 ], [ -111.88519, 40.709129 ], [ -111.885271, 40.709189 ], [ -111.885359, 40.709254 ], [ -111.888021, 40.711135 ], [ -111.888065, 40.711135 ], [ -111.888501, 40.71108 ], [ -111.890447, 40.709912 ], [ -111.893294, 40.707573 ], [ -111.894168, 40.706838 ], [ -111.898204, 40.704009 ], [ -111.901399, 40.701538 ], [ -111.903502, 40.699857 ], [ -111.903524, 40.699497 ] ] ] } },
{ "type": "Feature", "properties": { "group_index": 0, "value": 300.0, "center": [ -111.88815334436882, 40.7134889887772 ], "point_id": 15 }, "geometry": { "type": "Polygon", "coordinates": [ [ [ -111.892169, 40.712552 ], [ -111.891659, 40.712041 ], [ -111.88989, 40.710826 ], [ -111.888354, 40.709742 ], [ -111.887994, 40.709742 ], [ -111.88789, 40.709803 ], [ -111.886427, 40.710807 ], [ -111.885307, 40.711618 ], [ -111.884314, 40.712384 ], [ -111.884141, 40.712547 ], [ -111.883317, 40.713379 ], [ -111.883316, 40.713739 ], [ -111.883421, 40.713823 ], [ -111.884405, 40.714578 ], [ -111.884609, 40.714738 ], [ -111.885705, 40.71557 ], [ -111.885802, 40.715644 ], [ -111.88787, 40.717214 ], [ -111.887969, 40.717232 ], [ -111.888329, 40.71724 ], [ -111.888535, 40.717139 ], [ -111.889281, 40.716703 ], [ -111.892169, 40.712912 ], [ -111.892169, 40.712552 ] ] ] } },
{ "type": "Feature", "properties": { "group_index": 0, "value": 600.0, "center": [ -111.88815334436882, 40.7134889887772 ], "point_id": 15 }, "geometry": { "type": "Polygon", "coordinates": [ [ [ -111.897105, 40.712581 ], [ -111.897009, 40.712471 ], [ -111.894838, 40.710745 ], [ -111.893262, 40.709541 ], [ -111.892341, 40.708825 ], [ -111.891449, 40.708191 ], [ -111.888652, 40.706175 ], [ -111.88836, 40.705995 ], [ -111.888, 40.705995 ], [ -111.8879, 40.70606 ], [ -111.887327, 40.706443 ], [ -111.88519, 40.708034 ], [ -111.882577, 40.709926 ], [ -111.879381, 40.712296 ], [ -111.879197, 40.712553 ], [ -111.879046, 40.713895 ], [ -111.879045, 40.714255 ], [ -111.879804, 40.714858 ], [ -111.882468, 40.716922 ], [ -111.886957, 40.720404 ], [ -111.887853, 40.720913 ], [ -111.887981, 40.720982 ], [ -111.888341, 40.720983 ], [ -111.888528, 40.720917 ], [ -111.889136, 40.720493 ], [ -111.889243, 40.720411 ], [ -111.890373, 40.719545 ], [ -111.891196, 40.71891 ], [ -111.892318, 40.718027 ], [ -111.892397, 40.717966 ], [ -111.896306, 40.713604 ], [ -111.897085, 40.712943 ], [ -111.897105, 40.712581 ] ] ] } },
{ "type": "Feature", "properties": { "group_index": 0, "value": 900.0, "center": [ -111.88815334436882, 40.7134889887772 ], "point_id": 15 }, "geometry": { "type": "Polygon", "coordinates": [ [ [ -111.901963, 40.712623 ], [ -111.901956, 40.712475 ], [ -111.90004, 40.710972 ], [ -111.896461, 40.708248 ], [ -111.89515, 40.707199 ], [ -111.892315, 40.704866 ], [ -111.888749, 40.702422 ], [ -111.888358, 40.70225 ], [ -111.887998, 40.702246 ], [ -111.887587, 40.702507 ], [ -111.883867, 40.704817 ], [ -111.880021, 40.708058 ], [ -111.876719, 40.710669 ], [ -111.874341, 40.712476 ], [ -111.874256, 40.712565 ], [ -111.874257, 40.712925 ], [ -111.875746, 40.715141 ], [ -111.876576, 40.716306 ], [ -111.876686, 40.716413 ], [ -111.876791, 40.716493 ], [ -111.878876, 40.717992 ], [ -111.882113, 40.720493 ], [ -111.884826, 40.722536 ], [ -111.885388, 40.722943 ], [ -111.88812, 40.724888 ], [ -111.888149, 40.724888 ], [ -111.888517, 40.724675 ], [ -111.889508, 40.724034 ], [ -111.890836, 40.723066 ], [ -111.893345, 40.721201 ], [ -111.89522, 40.719627 ], [ -111.895318, 40.719535 ], [ -111.89678, 40.716993 ], [ -111.899886, 40.714366 ], [ -111.901956, 40.712983 ], [ -111.901963, 40.712623 ] ] ] } },
{ "type": "Feature", "properties": { "group_index": 0, "value": 300.0, "center": [ -111.88815865860423, 40.72543049173693 ], "point_id": 15 }, "geometry": { "type": "Polygon", "coordinates": [ [ [ -111.893055, 40.725261 ], [ -111.892958, 40.725158 ], [ -111.891424, 40.723839 ], [ -111.891155, 40.7236 ], [ -111.888653, 40.721372 ], [ -111.888293, 40.721373 ], [ -111.887705, 40.721714 ], [ -111.885119, 40.723651 ], [ -111.884646, 40.724028 ], [ -111.883327, 40.72516 ], [ -111.883259, 40.725259 ], [ -111.88326, 40.725619 ], [ -111.883864, 40.726448 ], [ -111.886846, 40.7286 ], [ -111.887956, 40.729218 ], [ -111.888028, 40.729218 ], [ -111.888332, 40.729178 ], [ -111.888888, 40.728857 ], [ -111.890992, 40.727327 ], [ -111.893, 40.725718 ], [ -111.893057, 40.725621 ], [ -111.893055, 40.725261 ] ] ] } },
{ "type": "Feature", "properties": { "group_index": 0, "value": 600.0, "center": [ -111.88815865860423, 40.72543049173693 ], "point_id": 15 }, "geometry": { "type": "Polygon", "coordinates": [ [ [ -111.897977, 40.725166 ], [ -111.897788, 40.725021 ], [ -111.896044, 40.72364 ], [ -111.892963, 40.720841 ], [ -111.888544, 40.718069 ], [ -111.888321, 40.717935 ], [ -111.887961, 40.717939 ], [ -111.886901, 40.718551 ], [ -111.884913, 40.720131 ], [ -111.882286, 40.722138 ], [ -111.878609, 40.72484 ], [ -111.878315, 40.725256 ], [ -111.878315, 40.725616 ], [ -111.878435, 40.725718 ], [ -111.882468, 40.729098 ], [ -111.885293, 40.731349 ], [ -111.888026, 40.733035 ], [ -111.888326, 40.732925 ], [ -111.889033, 40.732442 ], [ -111.890893, 40.731125 ], [ -111.891492, 40.730697 ], [ -111.893045, 40.729609 ], [ -111.895797, 40.727395 ], [ -111.897891, 40.725725 ], [ -111.897992, 40.72563 ], [ -111.89811, 40.725412 ], [ -111.898123, 40.725378 ], [ -111.897977, 40.725166 ] ] ] } },
{ "type": "Feature", "properties": { "group_index": 0, "value": 900.0, "center": [ -111.88815865860423, 40.72543049173693 ], "point_id": 15 }, "geometry": { "type": "Polygon", "coordinates": [ [ [ -111.903665, 40.725112 ], [ -111.899792, 40.722675 ], [ -111.895505, 40.719336 ], [ -111.895245, 40.719119 ], [ -111.891276, 40.715901 ], [ -111.891172, 40.715822 ], [ -111.888383, 40.71417 ], [ -111.888349, 40.714171 ], [ -111.887973, 40.71419 ], [ -111.887883, 40.714224 ], [ -111.884747, 40.716169 ], [ -111.880169, 40.719974 ], [ -111.879023, 40.720842 ], [ -111.878916, 40.720921 ], [ -111.87625, 40.722887 ], [ -111.875405, 40.723531 ], [ -111.875313, 40.723603 ], [ -111.873376, 40.725226 ], [ -111.873293, 40.725535 ], [ -111.873293, 40.725549 ], [ -111.873378, 40.725656 ], [ -111.875822, 40.728166 ], [ -111.880523, 40.731561 ], [ -111.884674, 40.734641 ], [ -111.887283, 40.736289 ], [ -111.887609, 40.736443 ], [ -111.887846, 40.736519 ], [ -111.888139, 40.736546 ], [ -111.888499, 40.736546 ], [ -111.888906, 40.73629 ], [ -111.889807, 40.735688 ], [ -111.894389, 40.732509 ], [ -111.895819, 40.731348 ], [ -111.9006, 40.727814 ], [ -111.903655, 40.725471 ], [ -111.903665, 40.725112 ] ] ] } },
{ "type": "Feature", "properties": { "group_index": 0, "value": 300.0, "center": [ -111.8881445390435, 40.73768232162387 ], "point_id": 15 }, "geometry": { "type": "Polygon", "coordinates": [ [ [ -111.892197, 40.738164 ], [ -111.891979, 40.736671 ], [ -111.891929, 40.736583 ], [ -111.891309, 40.736084 ], [ -111.890491, 40.735478 ], [ -111.890385, 40.735399 ], [ -111.890287, 40.735327 ], [ -111.888503, 40.734065 ], [ -111.888123, 40.734061 ], [ -111.887763, 40.734061 ], [ -111.887653, 40.734101 ], [ -111.884493, 40.736351 ], [ -111.884245, 40.736694 ], [ -111.884246, 40.737054 ], [ -111.885119, 40.739338 ], [ -111.887623, 40.74133 ], [ -111.887961, 40.741429 ], [ -111.888321, 40.74143 ], [ -111.889159, 40.741014 ], [ -111.89209, 40.738609 ], [ -111.8922, 40.738524 ], [ -111.892197, 40.738164 ] ] ] } },
{ "type": "Feature", "properties": { "group_index": 0, "value": 600.0, "center": [ -111.8881445390435, 40.73768232162387 ], "point_id": 15 }, "geometry": { "type": "Polygon", "coordinates": [ [ [ -111.896179, 40.737906 ], [ -111.896179, 40.737546 ], [ -111.894808, 40.734956 ], [ -111.891989, 40.732826 ], [ -111.890874, 40.731969 ], [ -111.888635, 40.730408 ], [ -111.888507, 40.730318 ], [ -111.888028, 40.730276 ], [ -111.887891, 40.730277 ], [ -111.885023, 40.732134 ], [ -111.883523, 40.73327 ], [ -111.882341, 40.734233 ], [ -111.87989, 40.73622 ], [ -111.87989, 40.73658 ], [ -111.88121, 40.740126 ], [ -111.881309, 40.740208 ], [ -111.883784, 40.742277 ], [ -111.887842, 40.7451 ], [ -111.887965, 40.745176 ], [ -111.888325, 40.745177 ], [ -111.888501, 40.745139 ], [ -111.889094, 40.744766 ], [ -111.892751, 40.742034 ], [ -111.895964, 40.739424 ], [ -111.896179, 40.737906 ] ] ] } },
{ "type": "Feature", "properties": { "group_index": 0, "value": 900.0, "center": [ -111.8881445390435, 40.73768232162387 ], "point_id": 15 }, "geometry": { "type": "Polygon", "coordinates": [ [ [ -111.897961, 40.741676 ], [ -111.897959, 40.741316 ], [ -111.896555, 40.737726 ], [ -111.897897, 40.733779 ], [ -111.897895, 40.733419 ], [ -111.897583, 40.733117 ], [ -111.894882, 40.730837 ], [ -111.890969, 40.728284 ], [ -111.889148, 40.726991 ], [ -111.888642, 40.726654 ], [ -111.888514, 40.72657 ], [ -111.888154, 40.72657 ], [ -111.887852, 40.726605 ], [ -111.886941, 40.726993 ], [ -111.886712, 40.727151 ], [ -111.886442, 40.727343 ], [ -111.883785, 40.729249 ], [ -111.880782, 40.731357 ], [ -111.878572, 40.733261 ], [ -111.876528, 40.734971 ], [ -111.875265, 40.736604 ], [ -111.875265, 40.736706 ], [ -111.87531, 40.736896 ], [ -111.876613, 40.740351 ], [ -111.87832, 40.741889 ], [ -111.881635, 40.744318 ], [ -111.884802, 40.74671 ], [ -111.887606, 40.748785 ], [ -111.887965, 40.748924 ], [ -111.888325, 40.748924 ], [ -111.888499, 40.748887 ], [ -111.889025, 40.748638 ], [ -111.892654, 40.746001 ], [ -111.896531, 40.74295 ], [ -111.897935, 40.741759 ], [ -111.897961, 40.741676 ] ] ] } },
{ "type": "Feature", "properties": { "group_index": 0, "value": 300.0, "center": [ -111.88821364920157, 40.74981129654867 ], "point_id": 15 }, "geometry": { "type": "Polygon", "coordinates": [ [ [ -111.893166, 40.749558 ], [ -111.892292, 40.748869 ], [ -111.888704, 40.74625 ], [ -111.888619, 40.746188 ], [ -111.8885, 40.746141 ], [ -111.888326, 40.746118 ], [ -111.887966, 40.746118 ], [ -111.887317, 40.746568 ], [ -111.885502, 40.747893 ], [ -111.883267, 40.749616 ], [ -111.883268, 40.749976 ], [ -111.88342, 40.750123 ], [ -111.884416, 40.750927 ], [ -111.884912, 40.751302 ], [ -111.886047, 40.752136 ], [ -111.887575, 40.753272 ], [ -111.887969, 40.75351 ], [ -111.888329, 40.753505 ], [ -111.888499, 40.753477 ], [ -111.888609, 40.753444 ], [ -111.890389, 40.752126 ], [ -111.892349, 40.750656 ], [ -111.893148, 40.750015 ], [ -111.893201, 40.749917 ], [ -111.893166, 40.749558 ] ] ] } },
{ "type": "Feature", "properties": { "group_index": 0, "value": 600.0, "center": [ -111.88821364920157, 40.74981129654867 ], "point_id": 15 }, "geometry": { "type": "Polygon", "coordinates": [ [ [ -111.898119, 40.749804 ], [ -111.898089, 40.749509 ], [ -111.898073, 40.749447 ], [ -111.896945, 40.748448 ], [ -111.894082, 40.746423 ], [ -111.891908, 40.744857 ], [ -111.88962, 40.743172 ], [ -111.889507, 40.74309 ], [ -111.888624, 40.742477 ], [ -111.888499, 40.742394 ], [ -111.888329, 40.742369 ], [ -111.887969, 40.742373 ], [ -111.887845, 40.74246 ], [ -111.884013, 40.745211 ], [ -111.883308, 40.745765 ], [ -111.878823, 40.748981 ], [ -111.878322, 40.749619 ], [ -111.878321, 40.749979 ], [ -111.878357, 40.75002 ], [ -111.878474, 40.750124 ], [ -111.879404, 40.750836 ], [ -111.883568, 40.754161 ], [ -111.887896, 40.757256 ], [ -111.887956, 40.757258 ], [ -111.888316, 40.757252 ], [ -111.888508, 40.757221 ], [ -111.888648, 40.757134 ], [ -111.889342, 40.756644 ], [ -111.892341, 40.754471 ], [ -111.892439, 40.754394 ], [ -111.895391, 40.752117 ], [ -111.898003, 40.750116 ], [ -111.898105, 40.750031 ], [ -111.898119, 40.749804 ] ] ] } },
{ "type": "Feature", "properties": { "group_index": 0, "value": 900.0, "center": [ -111.88821364920157, 40.74981129654867 ], "point_id": 15 }, "geometry": { "type": "Polygon", "coordinates": [ [ [ -111.903171, 40.74949 ], [ -111.903157, 40.749428 ], [ -111.899351, 40.746656 ], [ -111.897065, 40.744901 ], [ -111.892493, 40.741264 ], [ -111.88997, 40.73955 ], [ -111.888503, 40.738647 ], [ -111.888325, 40.738624 ], [ -111.888037, 40.738591 ], [ -111.887946, 40.738591 ], [ -111.88722, 40.73908 ], [ -111.883971, 40.741521 ], [ -111.882837, 40.742366 ], [ -111.88082, 40.743899 ], [ -111.879863, 40.744621 ], [ -111.87605, 40.747438 ], [ -111.87298, 40.749543 ], [ -111.872981, 40.749903 ], [ -111.876262, 40.752297 ], [ -111.878803, 40.754305 ], [ -111.879016, 40.754473 ], [ -111.880246, 40.755448 ], [ -111.881466, 40.756333 ], [ -111.885737, 40.759831 ], [ -111.886644, 40.760395 ], [ -111.887755, 40.76102 ], [ -111.887987, 40.761019 ], [ -111.888332, 40.761004 ], [ -111.888523, 40.760994 ], [ -111.889858, 40.760304 ], [ -111.89453, 40.756615 ], [ -111.896227, 40.755304 ], [ -111.89699, 40.754723 ], [ -111.899644, 40.75274 ], [ -111.89979, 40.752631 ], [ -111.902647, 40.750408 ], [ -111.902947, 40.750106 ], [ -111.90317, 40.74985 ], [ -111.903171, 40.74949 ] ] ] } },
{ "type": "Feature", "properties": { "group_index": 0, "value": 300.0, "center": [ -111.88815445358179, 40.76068179791353 ], "point_id": 15 }, "geometry": { "type": "Polygon", "coordinates": [ [ [ -111.893021, 40.760534 ], [ -111.892762, 40.760149 ], [ -111.890018, 40.758148 ], [ -111.888648, 40.757156 ], [ -111.888316, 40.756938 ], [ -111.888022, 40.756896 ], [ -111.887947, 40.756896 ], [ -111.885408, 40.758204 ], [ -111.885253, 40.758284 ], [ -111.88502, 40.758465 ], [ -111.884342, 40.759136 ], [ -111.883755, 40.75982 ], [ -111.883379, 40.760378 ], [ -111.88334, 40.760452 ], [ -111.88329, 40.760568 ], [ -111.883291, 40.760928 ], [ -111.883375, 40.760996 ], [ -111.88522, 40.762425 ], [ -111.887262, 40.764017 ], [ -111.887972, 40.764427 ], [ -111.888332, 40.76443 ], [ -111.889256, 40.763786 ], [ -111.890522, 40.762864 ], [ -111.891606, 40.761998 ], [ -111.892905, 40.761001 ], [ -111.893021, 40.760894 ], [ -111.893021, 40.760534 ] ] ] } },
{ "type": "Feature", "properties": { "group_index": 0, "value": 600.0, "center": [ -111.88815445358179, 40.76068179791353 ], "point_id": 15 }, "geometry": { "type": "Polygon", "coordinates": [ [ [ -111.897968, 40.760532 ], [ -111.89786, 40.760401 ], [ -111.897753, 40.760312 ], [ -111.89554, 40.758452 ], [ -111.895142, 40.758143 ], [ -111.893189, 40.756603 ], [ -111.889408, 40.753945 ], [ -111.888627, 40.753394 ], [ -111.888326, 40.753186 ], [ -111.887966, 40.753189 ], [ -111.885398, 40.754479 ], [ -111.883306, 40.755821 ], [ -111.881833, 40.756961 ], [ -111.881207, 40.757439 ], [ -111.880315, 40.758148 ], [ -111.879932, 40.75846 ], [ -111.878439, 40.760387 ], [ -111.878344, 40.760574 ], [ -111.878343, 40.760934 ], [ -111.878428, 40.761008 ], [ -111.881119, 40.763287 ], [ -111.883942, 40.765344 ], [ -111.885273, 40.766355 ], [ -111.888015, 40.768281 ], [ -111.888025, 40.768281 ], [ -111.888427, 40.768166 ], [ -111.891234, 40.766201 ], [ -111.892386, 40.765313 ], [ -111.89512, 40.763162 ], [ -111.897969, 40.760892 ], [ -111.897968, 40.760532 ] ] ] } },
{ "type": "Feature", "properties": { "group_index": 0, "value": 900.0, "center": [ -111.88815445358179, 40.76068179791353 ], "point_id": 15 }, "geometry": { "type": "Polygon", "coordinates": [ [ [ -111.902935, 40.760478 ], [ -111.902935, 40.760469 ], [ -111.902817, 40.7603 ], [ -111.900288, 40.75828 ], [ -111.89767, 40.756105 ], [ -111.897489, 40.755962 ], [ -111.896788, 40.755449 ], [ -111.893783, 40.753323 ], [ -111.891401, 40.751621 ], [ -111.888642, 40.749512 ], [ -111.888325, 40.749441 ], [ -111.887965, 40.749441 ], [ -111.887856, 40.749456 ], [ -111.884955, 40.750942 ], [ -111.882076, 40.752979 ], [ -111.881668, 40.753276 ], [ -111.878207, 40.755879 ], [ -111.875367, 40.758153 ], [ -111.874986, 40.758465 ], [ -111.873493, 40.760379 ], [ -111.873396, 40.760579 ], [ -111.873398, 40.760939 ], [ -111.873481, 40.761011 ], [ -111.874153, 40.761546 ], [ -111.875801, 40.762857 ], [ -111.87619, 40.763166 ], [ -111.878953, 40.765345 ], [ -111.879587, 40.76584 ], [ -111.881353, 40.767193 ], [ -111.88178, 40.767516 ], [ -111.884222, 40.769379 ], [ -111.884414, 40.769524 ], [ -111.887624, 40.77176 ], [ -111.887714, 40.771815 ], [ -111.887966, 40.771926 ], [ -111.88819, 40.771988 ], [ -111.888381, 40.771921 ], [ -111.888538, 40.77186 ], [ -111.890311, 40.770709 ], [ -111.892053, 40.769369 ], [ -111.893817, 40.768038 ], [ -111.897374, 40.765339 ], [ -111.901311, 40.762446 ], [ -111.902778, 40.760988 ], [ -111.90292, 40.760836 ], [ -111.902935, 40.760478 ] ] ] } },
{ "type": "Feature", "properties": { "group_index": 0, "value": 300.0, "center": [ -111.88820439448949, 40.771545246344125 ], "point_id": 15 }, "geometry": { "type": "Polygon", "coordinates": [ [ [ -111.893143, 40.771686 ], [ -111.893102, 40.771395 ], [ -111.893087, 40.771293 ], [ -111.892979, 40.771189 ], [ -111.89074, 40.769324 ], [ -111.890323, 40.769013 ], [ -111.888832, 40.767956 ], [ -111.88833, 40.767794 ], [ -111.88797, 40.767803 ], [ -111.887864, 40.767817 ], [ -111.887712, 40.767919 ], [ -111.886033, 40.769171 ], [ -111.884683, 40.770279 ], [ -111.884559, 40.770379 ], [ -111.884454, 40.770476 ], [ -111.883421, 40.771426 ], [ -111.883235, 40.771652 ], [ -111.883231, 40.771692 ], [ -111.883223, 40.771774 ], [ -111.883223, 40.771809 ], [ -111.885412, 40.774215 ], [ -111.885753, 40.774489 ], [ -111.885816, 40.774534 ], [ -111.88683, 40.774868 ], [ -111.88804, 40.775292 ], [ -111.8884, 40.775292 ], [ -111.888984, 40.774899 ], [ -111.889145, 40.774777 ], [ -111.890556, 40.773712 ], [ -111.891255, 40.773196 ], [ -111.892619, 40.772153 ], [ -111.892858, 40.77197 ], [ -111.892988, 40.771867 ], [ -111.893103, 40.771755 ], [ -111.893144, 40.771704 ], [ -111.893143, 40.771686 ] ] ] } },
{ "type": "Feature", "properties": { "group_index": 0, "value": 600.0, "center": [ -111.88820439448949, 40.771545246344125 ], "point_id": 15 }, "geometry": { "type": "Polygon", "coordinates": [ [ [ -111.898049, 40.771404 ], [ -111.898036, 40.771283 ], [ -111.897969, 40.771185 ], [ -111.895649, 40.769233 ], [ -111.895455, 40.769071 ], [ -111.892804, 40.76694 ], [ -111.892699, 40.766855 ], [ -111.890044, 40.764899 ], [ -111.888478, 40.764119 ], [ -111.888335, 40.764053 ], [ -111.887975, 40.764051 ], [ -111.887057, 40.764673 ], [ -111.885239, 40.765937 ], [ -111.884055, 40.766832 ], [ -111.881188, 40.768928 ], [ -111.879611, 40.770382 ], [ -111.879507, 40.770478 ], [ -111.878476, 40.771422 ], [ -111.878409, 40.771527 ], [ -111.878409, 40.771887 ], [ -111.878431, 40.771981 ], [ -111.880597, 40.774263 ], [ -111.884863, 40.778175 ], [ -111.88497, 40.778209 ], [ -111.885318, 40.7783 ], [ -111.886252, 40.778369 ], [ -111.890163, 40.778272 ], [ -111.894373, 40.775662 ], [ -111.898052, 40.771764 ], [ -111.898049, 40.771404 ] ] ] } },
{ "type": "Feature", "properties": { "group_index": 0, "value": 900.0, "center": [ -111.88820439448949, 40.771545246344125 ], "point_id": 15 }, "geometry": { "type": "Polygon", "coordinates": [ [ [ -111.903299, 40.771514 ], [ -111.902892, 40.771161 ], [ -111.900276, 40.768896 ], [ -111.896864, 40.766249 ], [ -111.895234, 40.764953 ], [ -111.892237, 40.762623 ], [ -111.888395, 40.76024 ], [ -111.88833, 40.760242 ], [ -111.88789, 40.76026 ], [ -111.886511, 40.761197 ], [ -111.884395, 40.762681 ], [ -111.881706, 40.764831 ], [ -111.879095, 40.766839 ], [ -111.878903, 40.766987 ], [ -111.87631, 40.769012 ], [ -111.874664, 40.770382 ], [ -111.874559, 40.770477 ], [ -111.873529, 40.77142 ], [ -111.873461, 40.771525 ], [ -111.873461, 40.771885 ], [ -111.873484, 40.771979 ], [ -111.875643, 40.774263 ], [ -111.876866, 40.775202 ], [ -111.877122, 40.775398 ], [ -111.878487, 40.776424 ], [ -111.881742, 40.779687 ], [ -111.88187, 40.779832 ], [ -111.88252, 40.780481 ], [ -111.88381, 40.781791 ], [ -111.884101, 40.782004 ], [ -111.884417, 40.782175 ], [ -111.885603, 40.782151 ], [ -111.891015, 40.782143 ], [ -111.892349, 40.781416 ], [ -111.895072, 40.7797 ], [ -111.898345, 40.776238 ], [ -111.900373, 40.774037 ], [ -111.903294, 40.771874 ], [ -111.903299, 40.771514 ] ] ] } },
{ "type": "Feature", "properties": { "group_index": 0, "value": 300.0, "center": [ -111.90517421872916, 40.77158641434177 ], "point_id": 15 }, "geometry": { "type": "Polygon", "coordinates": [ [ [ -111.909933, 40.771496 ], [ -111.909547, 40.771176 ], [ -111.908815, 40.770621 ], [ -111.908436, 40.770413 ], [ -111.903102, 40.769832 ], [ -111.902906, 40.769831 ], [ -111.902709, 40.76983 ], [ -111.902537, 40.769867 ], [ -111.902444, 40.769914 ], [ -111.90077, 40.771171 ], [ -111.900371, 40.771517 ], [ -111.900372, 40.771877 ], [ -111.901761, 40.772977 ], [ -111.902234, 40.77333 ], [ -111.90256, 40.773468 ], [ -111.90292, 40.773472 ], [ -111.908238, 40.773156 ], [ -111.908421, 40.773018 ], [ -111.909934, 40.771856 ], [ -111.909933, 40.771496 ] ] ] } },
{ "type": "Feature", "properties": { "group_index": 0, "value": 600.0, "center": [ -111.90517421872916, 40.77158641434177 ], "point_id": 15 }, "geometry": { "type": "Polygon", "coordinates": [ [ [ -111.914874, 40.771501 ], [ -111.914748, 40.771237 ], [ -111.914657, 40.771152 ], [ -111.910676, 40.767951 ], [ -111.910394, 40.767727 ], [ -111.908621, 40.766752 ], [ -111.908229, 40.766534 ], [ -111.902794, 40.765991 ], [ -111.902742, 40.765991 ], [ -111.901331, 40.766841 ], [ -111.899727, 40.767917 ], [ -111.899427, 40.768142 ], [ -111.899292, 40.768244 ], [ -111.895722, 40.771189 ], [ -111.895433, 40.771502 ], [ -111.895304, 40.771678 ], [ -111.895303, 40.771716 ], [ -111.895433, 40.771862 ], [ -111.900007, 40.775526 ], [ -111.9007, 40.776087 ], [ -111.902157, 40.777037 ], [ -111.902565, 40.777217 ], [ -111.902925, 40.777217 ], [ -111.908053, 40.776912 ], [ -111.908229, 40.776902 ], [ -111.908435, 40.776809 ], [ -111.909814, 40.775881 ], [ -111.914259, 40.772335 ], [ -111.914869, 40.771861 ], [ -111.914874, 40.771501 ] ] ] } },
{ "type": "Feature", "properties": { "group_index": 0, "value": 900.0, "center": [ -111.90517421872916, 40.77158641434177 ], "point_id": 15 }, "geometry": { "type": "Polygon", "coordinates": [ [ [ -111.919808, 40.771509 ], [ -111.919735, 40.771431 ], [ -111.919443, 40.771163 ], [ -111.917252, 40.769255 ], [ -111.914025, 40.766682 ], [ -111.910976, 40.764659 ], [ -111.908466, 40.762889 ], [ -111.908158, 40.762797 ], [ -111.908117, 40.76279 ], [ -111.90293, 40.762418 ], [ -111.90257, 40.76242 ], [ -111.902332, 40.76243 ], [ -111.902173, 40.76248 ], [ -111.901897, 40.762666 ], [ -111.899299, 40.764462 ], [ -111.899, 40.764665 ], [ -111.896505, 40.766422 ], [ -111.893981, 40.768489 ], [ -111.890706, 40.771298 ], [ -111.8906, 40.771402 ], [ -111.890485, 40.771523 ], [ -111.890487, 40.771883 ], [ -111.893162, 40.774035 ], [ -111.895339, 40.775895 ], [ -111.895532, 40.776054 ], [ -111.895731, 40.776208 ], [ -111.897293, 40.777391 ], [ -111.898597, 40.77838 ], [ -111.898968, 40.77866 ], [ -111.899453, 40.779022 ], [ -111.899803, 40.779281 ], [ -111.902354, 40.780871 ], [ -111.902567, 40.780964 ], [ -111.902927, 40.780964 ], [ -111.90823, 40.78065 ], [ -111.90855, 40.780547 ], [ -111.908955, 40.780247 ], [ -111.911546, 40.778363 ], [ -111.911949, 40.778057 ], [ -111.914393, 40.776194 ], [ -111.917468, 40.773717 ], [ -111.919688, 40.771972 ], [ -111.919816, 40.771869 ], [ -111.919808, 40.771509 ] ] ] } },
{ "type": "Feature", "properties": { "group_index": 0, "value": 300.0, "center": [ -111.83856981808655, 40.76937574103481 ], "point_id": 19 }, "geometry": { "type": "Polygon", "coordinates": [ [ [ -111.84245, 40.768414 ], [ -111.842284, 40.768094 ], [ -111.839687, 40.76764 ], [ -111.839437, 40.767644 ], [ -111.83722, 40.767687 ], [ -111.836918, 40.76776 ], [ -111.836647, 40.767996 ], [ -111.836062, 40.76892 ], [ -111.835739, 40.769865 ], [ -111.835928, 40.770041 ], [ -111.839047, 40.772419 ], [ -111.840496, 40.772754 ], [ -111.840856, 40.772754 ], [ -111.841023, 40.772653 ], [ -111.842347, 40.769906 ], [ -111.84245, 40.768414 ] ] ] } },
{ "type": "Feature", "properties": { "group_index": 0, "value": 600.0, "center": [ -111.83856981808655, 40.76937574103481 ], "point_id": 19 }, "geometry": { "type": "Polygon", "coordinates": [ [ [ -111.846805, 40.76838 ], [ -111.846805, 40.76802 ], [ -111.846462, 40.766796 ], [ -111.846427, 40.766726 ], [ -111.846005, 40.766103 ], [ -111.845362, 40.765603 ], [ -111.84523, 40.765515 ], [ -111.845076, 40.765461 ], [ -111.844532, 40.7653 ], [ -111.844407, 40.765286 ], [ -111.839798, 40.764749 ], [ -111.839295, 40.764686 ], [ -111.836626, 40.764435 ], [ -111.836311, 40.764609 ], [ -111.834129, 40.766119 ], [ -111.832662, 40.767562 ], [ -111.832536, 40.768051 ], [ -111.832519, 40.768156 ], [ -111.833393, 40.769645 ], [ -111.836801, 40.773673 ], [ -111.837344, 40.773894 ], [ -111.838476, 40.77419 ], [ -111.840977, 40.774868 ], [ -111.843315, 40.775406 ], [ -111.843514, 40.775106 ], [ -111.846013, 40.771157 ], [ -111.846805, 40.76838 ] ] ] } },
{ "type": "Feature", "properties": { "group_index": 0, "value": 900.0, "center": [ -111.83856981808655, 40.76937574103481 ], "point_id": 19 }, "geometry": { "type": "Polygon", "coordinates": [ [ [ -111.85153, 40.766772 ], [ -111.849697, 40.765013 ], [ -111.846971, 40.762824 ], [ -111.846668, 40.762631 ], [ -111.844124, 40.762321 ], [ -111.839558, 40.761545 ], [ -111.835174, 40.760942 ], [ -111.834835, 40.761063 ], [ -111.831611, 40.763027 ], [ -111.829905, 40.764512 ], [ -111.829658, 40.764879 ], [ -111.829596, 40.765001 ], [ -111.829205, 40.766453 ], [ -111.829171, 40.766636 ], [ -111.82909, 40.767088 ], [ -111.829254, 40.767917 ], [ -111.830347, 40.770518 ], [ -111.830408, 40.770661 ], [ -111.834784, 40.774254 ], [ -111.837086, 40.777576 ], [ -111.837442, 40.777626 ], [ -111.837947, 40.777421 ], [ -111.838119, 40.777341 ], [ -111.838292, 40.777261 ], [ -111.842388, 40.776174 ], [ -111.845139, 40.77626 ], [ -111.845372, 40.776288 ], [ -111.845622, 40.776317 ], [ -111.845804, 40.776321 ], [ -111.845997, 40.776325 ], [ -111.846322, 40.77631 ], [ -111.84661, 40.776262 ], [ -111.846923, 40.776207 ], [ -111.847474, 40.776096 ], [ -111.847884, 40.775853 ], [ -111.848188, 40.772097 ], [ -111.850823, 40.768643 ], [ -111.851039, 40.768354 ], [ -111.851531, 40.767132 ], [ -111.85153, 40.766772 ] ] ] } },
{ "type": "Feature", "properties": { "group_index": 0, "value": 300.0, "center": [ -111.83564942486639, 40.762342996749524 ], "point_id": 19 }, "geometry": { "type": "Polygon", "coordinates": [ [ [ -111.839757, 40.76219 ], [ -111.840004, 40.760182 ], [ -111.839838, 40.759862 ], [ -111.834687, 40.758492 ], [ -111.831578, 40.763398 ], [ -111.831367, 40.764057 ], [ -111.831531, 40.764377 ], [ -111.832275, 40.764807 ], [ -111.832586, 40.764988 ], [ -111.836418, 40.766019 ], [ -111.83706, 40.766034 ], [ -111.837129, 40.765981 ], [ -111.838948, 40.763709 ], [ -111.839367, 40.7632 ], [ -111.839578, 40.762712 ], [ -111.839757, 40.76219 ] ] ] } },
{ "type": "Feature", "properties": { "group_index": 0, "value": 600.0, "center": [ -111.83564942486639, 40.762342996749524 ], "point_id": 19 }, "geometry": { "type": "Polygon", "coordinates": [ [ [ -111.844467, 40.759954 ], [ -111.844532, 40.7596 ], [ -111.844084, 40.758411 ], [ -111.843115, 40.758148 ], [ -111.837813, 40.755608 ], [ -111.837772, 40.755582 ], [ -111.837704, 40.755549 ], [ -111.837618, 40.75551 ], [ -111.836786, 40.75546 ], [ -111.834161, 40.755364 ], [ -111.833398, 40.755476 ], [ -111.833227, 40.755793 ], [ -111.830902, 40.760903 ], [ -111.830284, 40.761371 ], [ -111.828344, 40.762454 ], [ -111.828142, 40.762696 ], [ -111.828181, 40.762853 ], [ -111.829713, 40.766813 ], [ -111.829842, 40.766944 ], [ -111.830898, 40.767543 ], [ -111.834719, 40.769114 ], [ -111.8354, 40.769397 ], [ -111.840534, 40.768703 ], [ -111.840538, 40.768701 ], [ -111.840541, 40.768698 ], [ -111.840544, 40.768695 ], [ -111.843388, 40.764074 ], [ -111.844467, 40.759954 ] ] ] } },
{ "type": "Feature", "properties": { "group_index": 0, "value": 900.0, "center": [ -111.83564942486639, 40.762342996749524 ], "point_id": 19 }, "geometry": { "type": "Polygon", "coordinates": [ [ [ -111.849869, 40.758529 ], [ -111.849868, 40.758169 ], [ -111.844954, 40.755318 ], [ -111.84045, 40.75303 ], [ -111.84009, 40.753014 ], [ -111.8343, 40.75261 ], [ -111.833948, 40.752523 ], [ -111.831677, 40.751876 ], [ -111.831386, 40.752088 ], [ -111.830906, 40.752738 ], [ -111.829651, 40.7548 ], [ -111.829662, 40.755674 ], [ -111.825204, 40.759651 ], [ -111.825123, 40.759691 ], [ -111.824866, 40.759943 ], [ -111.824786, 40.760053 ], [ -111.824515, 40.760498 ], [ -111.824147, 40.76203 ], [ -111.825189, 40.767596 ], [ -111.825351, 40.767918 ], [ -111.828561, 40.768688 ], [ -111.832163, 40.770874 ], [ -111.835637, 40.771912 ], [ -111.838381, 40.771989 ], [ -111.840604, 40.771873 ], [ -111.842869, 40.771703 ], [ -111.843552, 40.771216 ], [ -111.846596, 40.766094 ], [ -111.847493, 40.764974 ], [ -111.849253, 40.761038 ], [ -111.849869, 40.758529 ] ] ] } },
{ "type": "Feature", "properties": { "group_index": 0, "value": 300.0, "center": [ -111.83373014565315, 40.75513257102114 ], "point_id": 19 }, "geometry": { "type": "Polygon", "coordinates": [ [ [ -111.837825, 40.755837 ], [ -111.837801, 40.755601 ], [ -111.836966, 40.754232 ], [ -111.836852, 40.75405 ], [ -111.836364, 40.753308 ], [ -111.833758, 40.752332 ], [ -111.831388, 40.751783 ], [ -111.831102, 40.752002 ], [ -111.829777, 40.754689 ], [ -111.829867, 40.755809 ], [ -111.829954, 40.756551 ], [ -111.830071, 40.757444 ], [ -111.830208, 40.757663 ], [ -111.830407, 40.757921 ], [ -111.830436, 40.757941 ], [ -111.830475, 40.757967 ], [ -111.835093, 40.758525 ], [ -111.837027, 40.758112 ], [ -111.837244, 40.758062 ], [ -111.837379, 40.757728 ], [ -111.837825, 40.755837 ] ] ] } },
{ "type": "Feature", "properties": { "group_index": 0, "value": 600.0, "center": [ -111.83373014565315, 40.75513257102114 ], "point_id": 19 }, "geometry": { "type": "Polygon", "coordinates": [ [ [ -111.841869, 40.758258 ], [ -111.841416, 40.753748 ], [ -111.841185, 40.753489 ], [ -111.841105, 40.753405 ], [ -111.837779, 40.750726 ], [ -111.83762, 40.750607 ], [ -111.834832, 40.750047 ], [ -111.830682, 40.747734 ], [ -111.83059, 40.747692 ], [ -111.83023, 40.747694 ], [ -111.828393, 40.749365 ], [ -111.826931, 40.750738 ], [ -111.825581, 40.754113 ], [ -111.825576, 40.754473 ], [ -111.826486, 40.757751 ], [ -111.827105, 40.760704 ], [ -111.827339, 40.760978 ], [ -111.827626, 40.76103 ], [ -111.828657, 40.761004 ], [ -111.828762, 40.760966 ], [ -111.829561, 40.760543 ], [ -111.835182, 40.762036 ], [ -111.835332, 40.762032 ], [ -111.835671, 40.761909 ], [ -111.838412, 40.760384 ], [ -111.841757, 40.758772 ], [ -111.841869, 40.758618 ], [ -111.841869, 40.758258 ] ] ] } },
{ "type": "Feature", "properties": { "group_index": 0, "value": 900.0, "center": [ -111.83373014565315, 40.75513257102114 ], "point_id": 19 }, "geometry": { "type": "Polygon", "coordinates": [ [ [ -111.847269, 40.758193 ], [ -111.846397, 40.757399 ], [ -111.844467, 40.755896 ], [ -111.843644, 40.751136 ], [ -111.843644, 40.750776 ], [ -111.842455, 40.749799 ], [ -111.838878, 40.747854 ], [ -111.836706, 40.747239 ], [ -111.831687, 40.744762 ], [ -111.830028, 40.744326 ], [ -111.829581, 40.744294 ], [ -111.826119, 40.745979 ], [ -111.822346, 40.75047 ], [ -111.822286, 40.750595 ], [ -111.822286, 40.750955 ], [ -111.822384, 40.756936 ], [ -111.822721, 40.760012 ], [ -111.824105, 40.763523 ], [ -111.824181, 40.763709 ], [ -111.824323, 40.763758 ], [ -111.825927, 40.763932 ], [ -111.827154, 40.763955 ], [ -111.832499, 40.764619 ], [ -111.836289, 40.765701 ], [ -111.836592, 40.765712 ], [ -111.836952, 40.765717 ], [ -111.837118, 40.765655 ], [ -111.841091, 40.763327 ], [ -111.843809, 40.761662 ], [ -111.845756, 40.760246 ], [ -111.847268, 40.758553 ], [ -111.847269, 40.758193 ] ] ] } },
{ "type": "Feature", "properties": { "group_index": 0, "value": 300.0, "center": [ -111.83042787448693, 40.74614446838086 ], "point_id": 19 }, "geometry": { "type": "Polygon", "coordinates": [ [ [ -111.83332, 40.746254 ], [ -111.833344, 40.745963 ], [ -111.833182, 40.743811 ], [ -111.833125, 40.743732 ], [ -111.832017, 40.742905 ], [ -111.830868, 40.742538 ], [ -111.830476, 40.742545 ], [ -111.828419, 40.742696 ], [ -111.827503, 40.742941 ], [ -111.827504, 40.743301 ], [ -111.829045, 40.748608 ], [ -111.829152, 40.748831 ], [ -111.830044, 40.749721 ], [ -111.830152, 40.749805 ], [ -111.830257, 40.749886 ], [ -111.83033, 40.749888 ], [ -111.83069, 40.749887 ], [ -111.832508, 40.747753 ], [ -111.833311, 40.746321 ], [ -111.83332, 40.746254 ] ] ] } },
{ "type": "Feature", "properties": { "group_index": 0, "value": 600.0, "center": [ -111.83042787448693, 40.74614446838086 ], "point_id": 19 }, "geometry": { "type": "Polygon", "coordinates": [ [ [ -111.83826, 40.746238 ], [ -111.83826, 40.745878 ], [ -111.837582, 40.743203 ], [ -111.837548, 40.743113 ], [ -111.836103, 40.741543 ], [ -111.835205, 40.740981 ], [ -111.830972, 40.738825 ], [ -111.830494, 40.738808 ], [ -111.825714, 40.739555 ], [ -111.825446, 40.739795 ], [ -111.825329, 40.739901 ], [ -111.825048, 40.740238 ], [ -111.824184, 40.741491 ], [ -111.823923, 40.741867 ], [ -111.823908, 40.741944 ], [ -111.824106, 40.742245 ], [ -111.826143, 40.746157 ], [ -111.824941, 40.749446 ], [ -111.824941, 40.749806 ], [ -111.827341, 40.751528 ], [ -111.831788, 40.753567 ], [ -111.832704, 40.753805 ], [ -111.832988, 40.753584 ], [ -111.835942, 40.749904 ], [ -111.836554, 40.749063 ], [ -111.836664, 40.748906 ], [ -111.837277, 40.748024 ], [ -111.837385, 40.747863 ], [ -111.838256, 40.746308 ], [ -111.83826, 40.746238 ] ] ] } },
{ "type": "Feature", "properties": { "group_index": 0, "value": 900.0, "center": [ -111.83042787448693, 40.74614446838086 ], "point_id": 19 }, "geometry": { "type": "Polygon", "coordinates": [ [ [ -111.842458, 40.746835 ], [ -111.842457, 40.746813 ], [ -111.842373, 40.745211 ], [ -111.842171, 40.743027 ], [ -111.84213, 40.742669 ], [ -111.841051, 40.741541 ], [ -111.840964, 40.741464 ], [ -111.838667, 40.739399 ], [ -111.836829, 40.738283 ], [ -111.83183, 40.735418 ], [ -111.830959, 40.735077 ], [ -111.830858, 40.735077 ], [ -111.830599, 40.735078 ], [ -111.830498, 40.73508 ], [ -111.824985, 40.736077 ], [ -111.82308, 40.736397 ], [ -111.822958, 40.736434 ], [ -111.822686, 40.73667 ], [ -111.821468, 40.7378 ], [ -111.819417, 40.742021 ], [ -111.819417, 40.742381 ], [ -111.819441, 40.742456 ], [ -111.820259, 40.743194 ], [ -111.821058, 40.743661 ], [ -111.820663, 40.749509 ], [ -111.820746, 40.749859 ], [ -111.822256, 40.752162 ], [ -111.825792, 40.754476 ], [ -111.826402, 40.754829 ], [ -111.831387, 40.756722 ], [ -111.834779, 40.756612 ], [ -111.834966, 40.756523 ], [ -111.835218, 40.756267 ], [ -111.838719, 40.751903 ], [ -111.84037, 40.750849 ], [ -111.842277, 40.74794 ], [ -111.842458, 40.746835 ] ] ] } },
{ "type": "Feature", "properties": { "group_index": 0, "value": 300.0, "center": [ -111.82502201665872, 40.73902560961584 ], "point_id": 19 }, "geometry": { "type": "Polygon", "coordinates": [ [ [ -111.828567, 40.738928 ], [ -111.828568, 40.738568 ], [ -111.828427, 40.737772 ], [ -111.825093, 40.735047 ], [ -111.824733, 40.735044 ], [ -111.822472, 40.735782 ], [ -111.822199, 40.736018 ], [ -111.822079, 40.736122 ], [ -111.820822, 40.737803 ], [ -111.820824, 40.738163 ], [ -111.821696, 40.740083 ], [ -111.824072, 40.742267 ], [ -111.827584, 40.742277 ], [ -111.827857, 40.742042 ], [ -111.828092, 40.74184 ], [ -111.828181, 40.741725 ], [ -111.828567, 40.738928 ] ] ] } },
{ "type": "Feature", "properties": { "group_index": 0, "value": 600.0, "center": [ -111.82502201665872, 40.73902560961584 ], "point_id": 19 }, "geometry": { "type": "Polygon", "coordinates": [ [ [ -111.833635, 40.738907 ], [ -111.833557, 40.738556 ], [ -111.831677, 40.736186 ], [ -111.828794, 40.734326 ], [ -111.826628, 40.732204 ], [ -111.82509, 40.731696 ], [ -111.82473, 40.7317 ], [ -111.819767, 40.732643 ], [ -111.819498, 40.732882 ], [ -111.819384, 40.732993 ], [ -111.81897, 40.733445 ], [ -111.818056, 40.734475 ], [ -111.816727, 40.738567 ], [ -111.816795, 40.738993 ], [ -111.818728, 40.742401 ], [ -111.819911, 40.74313 ], [ -111.821128, 40.743866 ], [ -111.821464, 40.743846 ], [ -111.826352, 40.743339 ], [ -111.830019, 40.745456 ], [ -111.830157, 40.745533 ], [ -111.830214, 40.745518 ], [ -111.830215, 40.745518 ], [ -111.830365, 40.745477 ], [ -111.830391, 40.745471 ], [ -111.830394, 40.74547 ], [ -111.830419, 40.745462 ], [ -111.830734, 40.745077 ], [ -111.833096, 40.741752 ], [ -111.833635, 40.738907 ] ] ] } },
{ "type": "Feature", "properties": { "group_index": 0, "value": 900.0, "center": [ -111.82502201665872, 40.73902560961584 ], "point_id": 19 }, "geometry": { "type": "Polygon", "coordinates": [ [ [ -111.838042, 40.741393 ], [ -111.83734, 40.738282 ], [ -111.837304, 40.738148 ], [ -111.837108, 40.737505 ], [ -111.836895, 40.736803 ], [ -111.835896, 40.735514 ], [ -111.83581, 40.735451 ], [ -111.83107, 40.732268 ], [ -111.82769, 40.729475 ], [ -111.825496, 40.728128 ], [ -111.82495, 40.727789 ], [ -111.824949, 40.727789 ], [ -111.81925, 40.728716 ], [ -111.81889, 40.728717 ], [ -111.817439, 40.729366 ], [ -111.81714, 40.729565 ], [ -111.817011, 40.729666 ], [ -111.814822, 40.732018 ], [ -111.814278, 40.732955 ], [ -111.813379, 40.73546 ], [ -111.813465, 40.73581 ], [ -111.813976, 40.738778 ], [ -111.813455, 40.742364 ], [ -111.813453, 40.742724 ], [ -111.814184, 40.742844 ], [ -111.814487, 40.742844 ], [ -111.814789, 40.742844 ], [ -111.81794, 40.743851 ], [ -111.819693, 40.747273 ], [ -111.81979, 40.747407 ], [ -111.819962, 40.747512 ], [ -111.820107, 40.747461 ], [ -111.820191, 40.747391 ], [ -111.820217, 40.747325 ], [ -111.820792, 40.745768 ], [ -111.821078, 40.745177 ], [ -111.826352, 40.743339 ], [ -111.830225, 40.746608 ], [ -111.8299, 40.74851 ], [ -111.829896, 40.74887 ], [ -111.830014, 40.748988 ], [ -111.830328, 40.749109 ], [ -111.830688, 40.749108 ], [ -111.830954, 40.749012 ], [ -111.832689, 40.74835 ], [ -111.83312, 40.748026 ], [ -111.834914, 40.746321 ], [ -111.838042, 40.741753 ], [ -111.838042, 40.741393 ] ] ] } },
{ "type": "Feature", "properties": { "group_index": 0, "value": 300.0, "center": [ -111.81771547163197, 40.73010464824978 ], "point_id": 19 }, "geometry": { "type": "Polygon", "coordinates": [ [ [ -111.821258, 40.729662 ], [ -111.821257, 40.729606 ], [ -111.821197, 40.729394 ], [ -111.81849, 40.72676 ], [ -111.818418, 40.726701 ], [ -111.818336, 40.726642 ], [ -111.818019, 40.726431 ], [ -111.81793, 40.726374 ], [ -111.81757, 40.72637 ], [ -111.817433, 40.72639 ], [ -111.815644, 40.72666 ], [ -111.815342, 40.726855 ], [ -111.815093, 40.728309 ], [ -111.816371, 40.732842 ], [ -111.819784, 40.733458 ], [ -111.820012, 40.733481 ], [ -111.820284, 40.733244 ], [ -111.820932, 40.732464 ], [ -111.821258, 40.729662 ] ] ] } },
{ "type": "Feature", "properties": { "group_index": 0, "value": 600.0, "center": [ -111.81771547163197, 40.73010464824978 ], "point_id": 19 }, "geometry": { "type": "Polygon", "coordinates": [ [ [ -111.825011, 40.733325 ], [ -111.824946, 40.731787 ], [ -111.824928, 40.731427 ], [ -111.823479, 40.727016 ], [ -111.8207, 40.72397 ], [ -111.82034, 40.723966 ], [ -111.815582, 40.723413 ], [ -111.812701, 40.722604 ], [ -111.812412, 40.72282 ], [ -111.810975, 40.725538 ], [ -111.811231, 40.726071 ], [ -111.813698, 40.731408 ], [ -111.813636, 40.73165 ], [ -111.813649, 40.733131 ], [ -111.815275, 40.735371 ], [ -111.817028, 40.735603 ], [ -111.822196, 40.736597 ], [ -111.822731, 40.736722 ], [ -111.822796, 40.736693 ], [ -111.822928, 40.736612 ], [ -111.823688, 40.735753 ], [ -111.825017, 40.733685 ], [ -111.825011, 40.733325 ] ] ] } },
{ "type": "Feature", "properties": { "group_index": 0, "value": 900.0, "center": [ -111.81771547163197, 40.73010464824978 ], "point_id": 19 }, "geometry": { "type": "Polygon", "coordinates": [ [ [ -111.829958, 40.733331 ], [ -111.829886, 40.731423 ], [ -111.82817, 40.726737 ], [ -111.826554, 40.725394 ], [ -111.826328, 40.725205 ], [ -111.821864, 40.721739 ], [ -111.821777, 40.721673 ], [ -111.819571, 40.721205 ], [ -111.814854, 40.72042 ], [ -111.812353, 40.720179 ], [ -111.810967, 40.720044 ], [ -111.810681, 40.720261 ], [ -111.809118, 40.721934 ], [ -111.806634, 40.724616 ], [ -111.806527, 40.724852 ], [ -111.806489, 40.72521 ], [ -111.806623, 40.725321 ], [ -111.808445, 40.725942 ], [ -111.808633, 40.726026 ], [ -111.808804, 40.726059 ], [ -111.81039, 40.72636 ], [ -111.812455, 40.731839 ], [ -111.81171, 40.732425 ], [ -111.811399, 40.732593 ], [ -111.811277, 40.732711 ], [ -111.811178, 40.73289 ], [ -111.811128, 40.733089 ], [ -111.811065, 40.733779 ], [ -111.811616, 40.735475 ], [ -111.811738, 40.735814 ], [ -111.813418, 40.736641 ], [ -111.813619, 40.73673 ], [ -111.817287, 40.738415 ], [ -111.81922, 40.738777 ], [ -111.824067, 40.739759 ], [ -111.825284, 40.739759 ], [ -111.8254, 40.739743 ], [ -111.825675, 40.739511 ], [ -111.825784, 40.739395 ], [ -111.82795, 40.736621 ], [ -111.827955, 40.736615 ], [ -111.829959, 40.733691 ], [ -111.829958, 40.733331 ] ] ] } },
{ "type": "Feature", "properties": { "group_index": 0, "value": 300.0, "center": [ -111.81205173318672, 40.72183408903125 ], "point_id": 19 }, "geometry": { "type": "Polygon", "coordinates": [ [ [ -111.816754, 40.721211 ], [ -111.81674, 40.720851 ], [ -111.812473, 40.718683 ], [ -111.810208, 40.717897 ], [ -111.809853, 40.717954 ], [ -111.808835, 40.719246 ], [ -111.808629, 40.7206 ], [ -111.808664, 40.720874 ], [ -111.8087, 40.721147 ], [ -111.808701, 40.721153 ], [ -111.808763, 40.721494 ], [ -111.808916, 40.721802 ], [ -111.812516, 40.725147 ], [ -111.812907, 40.725297 ], [ -111.814261, 40.725487 ], [ -111.814562, 40.725288 ], [ -111.816713, 40.721349 ], [ -111.816754, 40.721211 ] ] ] } },
{ "type": "Feature", "properties": { "group_index": 0, "value": 600.0, "center": [ -111.81205173318672, 40.72183408903125 ], "point_id": 19 }, "geometry": { "type": "Polygon", "coordinates": [ [ [ -111.82077, 40.722832 ], [ -111.820774, 40.722724 ], [ -111.820772, 40.7226 ], [ -111.820738, 40.722484 ], [ -111.818367, 40.718912 ], [ -111.818329, 40.718854 ], [ -111.8143, 40.716031 ], [ -111.813967, 40.716169 ], [ -111.811572, 40.716787 ], [ -111.80686, 40.715133 ], [ -111.806606, 40.715388 ], [ -111.805967, 40.717571 ], [ -111.805951, 40.717689 ], [ -111.805942, 40.717759 ], [ -111.805777, 40.720514 ], [ -111.806718, 40.724574 ], [ -111.806804, 40.724658 ], [ -111.809192, 40.725985 ], [ -111.812932, 40.727737 ], [ -111.814915, 40.729003 ], [ -111.815275, 40.729002 ], [ -111.81676, 40.728481 ], [ -111.818762, 40.726027 ], [ -111.818826, 40.72595 ], [ -111.820744, 40.72305 ], [ -111.82077, 40.722832 ] ] ] } },
{ "type": "Feature", "properties": { "group_index": 0, "value": 900.0, "center": [ -111.81205173318672, 40.72183408903125 ], "point_id": 19 }, "geometry": { "type": "Polygon", "coordinates": [ [ [ -111.824694, 40.724908 ], [ -111.824691, 40.724838 ], [ -111.823671, 40.720144 ], [ -111.82261, 40.719298 ], [ -111.822542, 40.719244 ], [ -111.822341, 40.719134 ], [ -111.819793, 40.71871 ], [ -111.819686, 40.718685 ], [ -111.818329, 40.718854 ], [ -111.814519, 40.715592 ], [ -111.811016, 40.71493 ], [ -111.81081, 40.71493 ], [ -111.805033, 40.713846 ], [ -111.80427, 40.7135 ], [ -111.8032, 40.712989 ], [ -111.803029, 40.713306 ], [ -111.804548, 40.717769 ], [ -111.802414, 40.720301 ], [ -111.801826, 40.720653 ], [ -111.801684, 40.72084 ], [ -111.801892, 40.721134 ], [ -111.805335, 40.725722 ], [ -111.805611, 40.72638 ], [ -111.805689, 40.726587 ], [ -111.805767, 40.726794 ], [ -111.805835, 40.72682 ], [ -111.806172, 40.726694 ], [ -111.81039, 40.72636 ], [ -111.813343, 40.730275 ], [ -111.813477, 40.730635 ], [ -111.814894, 40.732612 ], [ -111.819021, 40.732062 ], [ -111.81931, 40.731846 ], [ -111.822317, 40.727341 ], [ -111.823707, 40.726048 ], [ -111.824457, 40.725453 ], [ -111.824703, 40.725223 ], [ -111.824694, 40.724908 ] ] ] } },
{ "type": "Feature", "properties": { "group_index": 0, "value": 300.0, "center": [ -111.79510120814227, 40.6870770783624 ], "point_id": 19 }, "geometry": { "type": "Polygon", "coordinates": [ [ [ -111.799986, 40.686837 ], [ -111.796233, 40.683975 ], [ -111.795873, 40.683961 ], [ -111.795261, 40.683958 ], [ -111.791828, 40.68469 ], [ -111.79165, 40.686185 ], [ -111.792372, 40.687085 ], [ -111.794014, 40.689122 ], [ -111.794527, 40.68968 ], [ -111.795636, 40.690433 ], [ -111.795996, 40.690426 ], [ -111.797449, 40.689458 ], [ -111.799987, 40.687197 ], [ -111.799986, 40.686837 ] ] ] } },
{ "type": "Feature", "properties": { "group_index": 0, "value": 600.0, "center": [ -111.79510120814227, 40.6870770783624 ], "point_id": 19 }, "geometry": { "type": "Polygon", "coordinates": [ [ [ -111.804929, 40.686841 ], [ -111.803119, 40.684943 ], [ -111.801923, 40.684652 ], [ -111.798053, 40.680464 ], [ -111.797764, 40.68025 ], [ -111.79427, 40.680864 ], [ -111.79161, 40.681135 ], [ -111.790257, 40.681246 ], [ -111.788385, 40.68247 ], [ -111.788393, 40.68283 ], [ -111.788434, 40.684739 ], [ -111.78907, 40.689372 ], [ -111.791306, 40.690787 ], [ -111.795318, 40.693717 ], [ -111.795669, 40.693863 ], [ -111.795706, 40.693872 ], [ -111.79602, 40.693941 ], [ -111.800078, 40.691601 ], [ -111.802482, 40.689733 ], [ -111.804928, 40.687201 ], [ -111.804929, 40.686841 ] ] ] } },
{ "type": "Feature", "properties": { "group_index": 0, "value": 900.0, "center": [ -111.79510120814227, 40.6870770783624 ], "point_id": 19 }, "geometry": { "type": "Polygon", "coordinates": [ [ [ -111.809872, 40.686842 ], [ -111.805943, 40.682409 ], [ -111.805624, 40.682075 ], [ -111.805264, 40.682072 ], [ -111.802486, 40.68125 ], [ -111.800202, 40.676704 ], [ -111.799887, 40.676529 ], [ -111.795234, 40.677203 ], [ -111.790247, 40.677635 ], [ -111.789472, 40.678174 ], [ -111.785506, 40.681247 ], [ -111.785528, 40.681606 ], [ -111.785637, 40.68515 ], [ -111.78356, 40.689213 ], [ -111.783629, 40.689567 ], [ -111.784068, 40.68948 ], [ -111.784507, 40.689394 ], [ -111.784811, 40.689348 ], [ -111.789801, 40.692366 ], [ -111.790144, 40.692709 ], [ -111.792308, 40.695283 ], [ -111.794746, 40.697472 ], [ -111.79484, 40.697557 ], [ -111.795191, 40.697636 ], [ -111.799477, 40.694887 ], [ -111.803533, 40.692477 ], [ -111.806967, 40.689892 ], [ -111.80848, 40.688533 ], [ -111.809806, 40.687272 ], [ -111.809867, 40.687202 ], [ -111.809872, 40.686842 ] ] ] } },
{ "type": "Feature", "properties": { "group_index": 0, "value": 300.0, "center": [ -111.79292787030822, 40.70005776079551 ], "point_id": 19 }, "geometry": { "type": "Polygon", "coordinates": [ [ [ -111.797505, 40.699542 ], [ -111.795194, 40.697621 ], [ -111.7951, 40.697539 ], [ -111.794749, 40.697459 ], [ -111.794342, 40.697534 ], [ -111.791177, 40.700122 ], [ -111.791066, 40.700284 ], [ -111.791048, 40.700434 ], [ -111.791042, 40.701476 ], [ -111.791044, 40.701836 ], [ -111.792278, 40.702942 ], [ -111.792698, 40.702938 ], [ -111.793118, 40.702935 ], [ -111.794416, 40.702956 ], [ -111.794776, 40.702947 ], [ -111.794846, 40.702894 ], [ -111.797366, 40.700095 ], [ -111.797507, 40.699902 ], [ -111.797505, 40.699542 ] ] ] } },
{ "type": "Feature", "properties": { "group_index": 0, "value": 600.0, "center": [ -111.79292787030822, 40.70005776079551 ], "point_id": 19 }, "geometry": { "type": "Polygon", "coordinates": [ [ [ -111.802438, 40.699552 ], [ -111.7995, 40.697039 ], [ -111.796023, 40.693927 ], [ -111.795929, 40.693844 ], [ -111.795577, 40.693766 ], [ -111.793222, 40.69485 ], [ -111.791499, 40.695837 ], [ -111.790072, 40.697076 ], [ -111.78988, 40.69738 ], [ -111.788318, 40.700703 ], [ -111.788325, 40.701021 ], [ -111.792135, 40.705369 ], [ -111.792771, 40.70582 ], [ -111.795275, 40.706628 ], [ -111.795462, 40.706618 ], [ -111.795806, 40.706511 ], [ -111.799577, 40.702076 ], [ -111.799748, 40.701973 ], [ -111.800959, 40.701134 ], [ -111.802251, 40.700163 ], [ -111.802308, 40.7001 ], [ -111.802438, 40.699912 ], [ -111.802438, 40.699552 ] ] ] } },
{ "type": "Feature", "properties": { "group_index": 0, "value": 900.0, "center": [ -111.79292787030822, 40.70005776079551 ], "point_id": 19 }, "geometry": { "type": "Polygon", "coordinates": [ [ [ -111.807316, 40.699616 ], [ -111.804112, 40.69644 ], [ -111.801539, 40.694674 ], [ -111.801333, 40.694658 ], [ -111.800349, 40.69477 ], [ -111.796666, 40.690866 ], [ -111.796652, 40.690597 ], [ -111.796524, 40.690355 ], [ -111.796191, 40.690147 ], [ -111.79599, 40.69009 ], [ -111.79563, 40.690096 ], [ -111.792271, 40.690998 ], [ -111.79094, 40.691983 ], [ -111.787219, 40.694667 ], [ -111.786259, 40.699618 ], [ -111.786266, 40.699978 ], [ -111.78678, 40.700799 ], [ -111.790514, 40.705438 ], [ -111.790661, 40.705655 ], [ -111.793159, 40.70937 ], [ -111.793392, 40.709644 ], [ -111.79778, 40.708604 ], [ -111.797994, 40.708315 ], [ -111.801918, 40.704174 ], [ -111.803011, 40.703303 ], [ -111.80503, 40.701875 ], [ -111.806655, 40.700613 ], [ -111.80719, 40.700163 ], [ -111.807252, 40.700098 ], [ -111.807318, 40.699976 ], [ -111.807316, 40.699616 ] ] ] } },
{ "type": "Feature", "properties": { "group_index": 0, "value": 300.0, "center": [ -111.85690263790666, 40.378335931970426 ], "point_id": 0 }, "geometry": { "type": "Polygon", "coordinates": [ [ [ -111.86094, 40.377478 ], [ -111.859214, 40.376202 ], [ -111.857563, 40.374974 ], [ -111.857509, 40.374941 ], [ -111.857149, 40.374938 ], [ -111.853498, 40.376021 ], [ -111.851955, 40.377004 ], [ -111.851959, 40.377364 ], [ -111.854329, 40.37994 ], [ -111.854411, 40.380005 ], [ -111.855222, 40.380593 ], [ -111.857101, 40.381812 ], [ -111.857461, 40.381819 ], [ -111.859048, 40.380781 ], [ -111.860172, 40.379835 ], [ -111.861713, 40.378459 ], [ -111.861862, 40.378131 ], [ -111.86094, 40.377478 ] ] ] } },
{ "type": "Feature", "properties": { "group_index": 0, "value": 600.0, "center": [ -111.85690263790666, 40.378335931970426 ], "point_id": 0 }, "geometry": { "type": "Polygon", "coordinates": [ [ [ -111.866036, 40.377411 ], [ -111.865059, 40.376536 ], [ -111.860766, 40.373248 ], [ -111.857477, 40.37119 ], [ -111.857117, 40.371194 ], [ -111.852547, 40.373539 ], [ -111.85126, 40.374106 ], [ -111.849273, 40.375484 ], [ -111.847516, 40.376814 ], [ -111.847514, 40.377174 ], [ -111.849408, 40.379885 ], [ -111.8495, 40.379972 ], [ -111.853724, 40.382094 ], [ -111.855272, 40.384502 ], [ -111.856345, 40.385481 ], [ -111.856615, 40.385535 ], [ -111.856879, 40.385541 ], [ -111.856916, 40.385542 ], [ -111.857146, 40.385477 ], [ -111.860852, 40.383753 ], [ -111.864927, 40.379956 ], [ -111.866034, 40.377771 ], [ -111.866036, 40.377411 ] ] ] } },
{ "type": "Feature", "properties": { "group_index": 0, "value": 900.0, "center": [ -111.85690263790666, 40.378335931970426 ], "point_id": 0 }, "geometry": { "type": "Polygon", "coordinates": [ [ [ -111.86985, 40.379601 ], [ -111.869142, 40.375729 ], [ -111.868609, 40.375105 ], [ -111.868423, 40.37491 ], [ -111.866993, 40.374079 ], [ -111.864169, 40.373149 ], [ -111.861791, 40.370757 ], [ -111.857889, 40.367447 ], [ -111.857664, 40.367434 ], [ -111.857439, 40.367421 ], [ -111.857127, 40.367412 ], [ -111.857066, 40.367414 ], [ -111.856947, 40.367494 ], [ -111.852195, 40.370668 ], [ -111.848916, 40.372163 ], [ -111.84596, 40.374282 ], [ -111.84446, 40.375864 ], [ -111.844403, 40.379851 ], [ -111.848895, 40.383533 ], [ -111.851706, 40.385643 ], [ -111.851805, 40.385718 ], [ -111.853313, 40.386853 ], [ -111.854756, 40.387951 ], [ -111.85687, 40.389429 ], [ -111.85723, 40.389437 ], [ -111.861921, 40.38638 ], [ -111.864066, 40.383823 ], [ -111.86727, 40.381927 ], [ -111.868006, 40.381579 ], [ -111.869801, 40.380047 ], [ -111.869846, 40.379961 ], [ -111.86985, 40.379601 ] ] ] } },
{ "type": "Feature", "properties": { "group_index": 0, "value": 300.0, "center": [ -111.88653308180348, 40.37860312722464 ], "point_id": 0 }, "geometry": { "type": "Polygon", "coordinates": [ [ [ -111.890692, 40.375898 ], [ -111.886565, 40.373984 ], [ -111.886205, 40.373981 ], [ -111.883363, 40.375884 ], [ -111.88328, 40.376077 ], [ -111.883271, 40.376152 ], [ -111.883103, 40.379651 ], [ -111.883103, 40.379659 ], [ -111.883135, 40.379945 ], [ -111.883262, 40.380072 ], [ -111.883652, 40.38039 ], [ -111.886179, 40.382285 ], [ -111.886327, 40.382379 ], [ -111.886383, 40.382379 ], [ -111.886703, 40.382353 ], [ -111.889869, 40.380028 ], [ -111.890023, 40.37989 ], [ -111.890723, 40.378413 ], [ -111.890692, 40.375898 ] ] ] } },
{ "type": "Feature", "properties": { "group_index": 0, "value": 600.0, "center": [ -111.88653308180348, 40.37860312722464 ], "point_id": 0 }, "geometry": { "type": "Polygon", "coordinates": [ [ [ -111.895375, 40.380339 ], [ -111.895356, 40.376265 ], [ -111.895357, 40.375905 ], [ -111.893378, 40.375902 ], [ -111.892382, 40.375982 ], [ -111.88861, 40.372046 ], [ -111.886691, 40.371118 ], [ -111.886589, 40.371081 ], [ -111.886229, 40.37108 ], [ -111.884779, 40.372231 ], [ -111.883594, 40.37306 ], [ -111.882637, 40.373836 ], [ -111.878049, 40.375762 ], [ -111.877854, 40.376025 ], [ -111.877852, 40.376385 ], [ -111.878216, 40.379932 ], [ -111.878941, 40.381521 ], [ -111.883642, 40.384068 ], [ -111.884734, 40.384998 ], [ -111.886327, 40.386098 ], [ -111.886687, 40.386097 ], [ -111.888039, 40.384766 ], [ -111.891025, 40.382129 ], [ -111.895369, 40.380699 ], [ -111.895375, 40.380339 ] ] ] } },
{ "type": "Feature", "properties": { "group_index": 0, "value": 900.0, "center": [ -111.88653308180348, 40.37860312722464 ], "point_id": 0 }, "geometry": { "type": "Polygon", "coordinates": [ [ [ -111.899989, 40.376547 ], [ -111.900021, 40.376273 ], [ -111.900021, 40.375913 ], [ -111.898009, 40.37591 ], [ -111.896974, 40.375992 ], [ -111.892201, 40.372418 ], [ -111.892024, 40.371291 ], [ -111.890186, 40.369641 ], [ -111.889987, 40.369489 ], [ -111.886717, 40.367371 ], [ -111.886357, 40.367368 ], [ -111.882243, 40.369391 ], [ -111.879761, 40.372228 ], [ -111.876086, 40.374747 ], [ -111.873686, 40.375997 ], [ -111.873297, 40.379594 ], [ -111.873297, 40.379954 ], [ -111.875823, 40.382244 ], [ -111.876011, 40.382387 ], [ -111.878922, 40.384641 ], [ -111.882979, 40.387463 ], [ -111.885719, 40.389565 ], [ -111.886207, 40.389839 ], [ -111.886342, 40.389888 ], [ -111.886701, 40.389912 ], [ -111.88963, 40.387673 ], [ -111.89419, 40.384787 ], [ -111.895986, 40.383604 ], [ -111.899088, 40.381034 ], [ -111.899194, 40.380874 ], [ -111.899989, 40.376547 ] ] ] } },
{ "type": "Feature", "properties": { "group_index": 0, "value": 300.0, "center": [ -111.91633999243746, 40.378821514512104 ], "point_id": 0 }, "geometry": { "type": "Polygon", "coordinates": [ [ [ -111.920465, 40.37835 ], [ -111.920487, 40.378236 ], [ -111.920336, 40.377909 ], [ -111.91701, 40.375238 ], [ -111.916596, 40.375096 ], [ -111.916236, 40.375103 ], [ -111.915922, 40.375148 ], [ -111.914734, 40.380738 ], [ -111.914735, 40.381039 ], [ -111.915263, 40.381903 ], [ -111.916152, 40.382568 ], [ -111.916328, 40.382602 ], [ -111.916688, 40.382602 ], [ -111.919788, 40.380415 ], [ -111.920022, 40.380142 ], [ -111.920465, 40.37835 ] ] ] } },
{ "type": "Feature", "properties": { "group_index": 0, "value": 600.0, "center": [ -111.91633999243746, 40.378821514512104 ], "point_id": 0 }, "geometry": { "type": "Polygon", "coordinates": [ [ [ -111.924557, 40.376721 ], [ -111.924415, 40.376541 ], [ -111.924274, 40.37636 ], [ -111.920964, 40.374681 ], [ -111.919161, 40.372849 ], [ -111.91659, 40.371351 ], [ -111.91623, 40.371355 ], [ -111.915716, 40.371598 ], [ -111.914202, 40.372504 ], [ -111.913943, 40.372667 ], [ -111.911724, 40.374755 ], [ -111.911689, 40.375001 ], [ -111.911724, 40.375115 ], [ -111.912155, 40.376277 ], [ -111.912129, 40.382204 ], [ -111.911991, 40.382304 ], [ -111.911788, 40.382981 ], [ -111.911788, 40.383015 ], [ -111.911791, 40.383111 ], [ -111.911791, 40.38312 ], [ -111.911945, 40.38328 ], [ -111.913602, 40.384523 ], [ -111.914977, 40.385592 ], [ -111.915985, 40.386338 ], [ -111.916435, 40.38632 ], [ -111.91854, 40.38521 ], [ -111.922478, 40.383506 ], [ -111.923343, 40.381846 ], [ -111.924557, 40.376721 ] ] ] } },
{ "type": "Feature", "properties": { "group_index": 0, "value": 900.0, "center": [ -111.91633999243746, 40.378821514512104 ], "point_id": 0 }, "geometry": { "type": "Polygon", "coordinates": [ [ [ -111.927313, 40.380232 ], [ -111.927186, 40.380071 ], [ -111.92706, 40.37991 ], [ -111.924557, 40.376721 ], [ -111.924415, 40.376541 ], [ -111.924274, 40.37636 ], [ -111.922569, 40.374778 ], [ -111.921562, 40.373935 ], [ -111.918767, 40.369222 ], [ -111.916271, 40.367219 ], [ -111.915911, 40.367218 ], [ -111.91591, 40.367695 ], [ -111.911348, 40.371239 ], [ -111.910988, 40.371242 ], [ -111.909105, 40.372179 ], [ -111.908971, 40.372371 ], [ -111.908911, 40.372726 ], [ -111.908865, 40.373751 ], [ -111.911573, 40.375464 ], [ -111.912155, 40.376277 ], [ -111.91274, 40.376712 ], [ -111.911449, 40.382269 ], [ -111.910751, 40.382806 ], [ -111.91053, 40.382984 ], [ -111.908623, 40.384248 ], [ -111.908331, 40.384418 ], [ -111.908452, 40.385381 ], [ -111.908509, 40.385497 ], [ -111.908632, 40.385693 ], [ -111.912004, 40.387801 ], [ -111.916242, 40.390325 ], [ -111.916591, 40.390235 ], [ -111.91805, 40.38907 ], [ -111.92255, 40.387282 ], [ -111.92311, 40.38693 ], [ -111.923328, 40.386756 ], [ -111.923467, 40.386634 ], [ -111.926097, 40.383493 ], [ -111.926317, 40.383208 ], [ -111.926455, 40.383021 ], [ -111.92749, 40.380731 ], [ -111.927313, 40.380232 ] ] ] } },
{ "type": "Feature", "properties": { "group_index": 0, "value": 300.0, "center": [ -111.93548922206413, 40.376664649356435 ], "point_id": 0 }, "geometry": { "type": "Polygon", "coordinates": [ [ [ -111.936781, 40.379369 ], [ -111.936896, 40.374355 ], [ -111.936898, 40.374176 ], [ -111.936574, 40.37359 ], [ -111.936444, 40.373485 ], [ -111.93588, 40.373025 ], [ -111.935675, 40.372916 ], [ -111.935315, 40.372919 ], [ -111.935217, 40.372952 ], [ -111.935221, 40.373312 ], [ -111.935309, 40.376535 ], [ -111.935309, 40.379089 ], [ -111.935295, 40.380409 ], [ -111.93548, 40.380448 ], [ -111.935836, 40.380394 ], [ -111.936692, 40.379807 ], [ -111.936764, 40.379729 ], [ -111.936781, 40.379369 ] ] ] } },
{ "type": "Feature", "properties": { "group_index": 0, "value": 600.0, "center": [ -111.93548922206413, 40.376664649356435 ], "point_id": 0 }, "geometry": { "type": "Polygon", "coordinates": [ [ [ -111.939872, 40.373053 ], [ -111.938613, 40.371714 ], [ -111.935965, 40.369362 ], [ -111.935649, 40.369168 ], [ -111.935289, 40.369173 ], [ -111.934903, 40.369294 ], [ -111.933416, 40.373123 ], [ -111.932996, 40.376031 ], [ -111.935295, 40.380409 ], [ -111.93421, 40.383538 ], [ -111.93425, 40.383896 ], [ -111.935227, 40.384154 ], [ -111.935587, 40.384163 ], [ -111.937613, 40.38321 ], [ -111.939468, 40.379747 ], [ -111.93999, 40.378803 ], [ -111.939872, 40.373053 ] ] ] } },
{ "type": "Feature", "properties": { "group_index": 0, "value": 900.0, "center": [ -111.93548922206413, 40.376664649356435 ], "point_id": 0 }, "geometry": { "type": "Polygon", "coordinates": [ [ [ -111.940465, 40.379275 ], [ -111.94238, 40.374207 ], [ -111.944475, 40.372792 ], [ -111.944477, 40.372432 ], [ -111.940883, 40.369327 ], [ -111.937708, 40.366237 ], [ -111.935422, 40.365 ], [ -111.935077, 40.3651 ], [ -111.932535, 40.367518 ], [ -111.93022, 40.369022 ], [ -111.930107, 40.369146 ], [ -111.930103, 40.369506 ], [ -111.930355, 40.370005 ], [ -111.930954, 40.370615 ], [ -111.933128, 40.37519 ], [ -111.932367, 40.377198 ], [ -111.931112, 40.378701 ], [ -111.930535, 40.379151 ], [ -111.929661, 40.383448 ], [ -111.929786, 40.384346 ], [ -111.930038, 40.384602 ], [ -111.934311, 40.387362 ], [ -111.935099, 40.388208 ], [ -111.935459, 40.388186 ], [ -111.938113, 40.386487 ], [ -111.941079, 40.383869 ], [ -111.941242, 40.383548 ], [ -111.940465, 40.379275 ] ] ] } },
{ "type": "Feature", "properties": { "group_index": 0, "value": 300.0, "center": [ -112.00418695148109, 40.35517008397292 ], "point_id": 0 }, "geometry": { "type": "Polygon", "coordinates": [ [ [ -112.008002, 40.356289 ], [ -112.007823, 40.3561 ], [ -112.003462, 40.35259 ], [ -112.003139, 40.35243 ], [ -112.002772, 40.352421 ], [ -112.001599, 40.353439 ], [ -112.001422, 40.353752 ], [ -112.001424, 40.353835 ], [ -112.00152, 40.354189 ], [ -112.001554, 40.354274 ], [ -112.001971, 40.355145 ], [ -112.003463, 40.357959 ], [ -112.003779, 40.358132 ], [ -112.004673, 40.358508 ], [ -112.006595, 40.357471 ], [ -112.006779, 40.357368 ], [ -112.007987, 40.356649 ], [ -112.008002, 40.356289 ] ] ] } },
{ "type": "Feature", "properties": { "group_index": 0, "value": 600.0, "center": [ -112.00418695148109, 40.35517008397292 ], "point_id": 0 }, "geometry": { "type": "Polygon", "coordinates": [ [ [ -112.011066, 40.357788 ], [ -112.011076, 40.35768 ], [ -112.011065, 40.357219 ], [ -112.008769, 40.354984 ], [ -112.005237, 40.350486 ], [ -112.004251, 40.349053 ], [ -112.003765, 40.348752 ], [ -112.003414, 40.348672 ], [ -112.00039, 40.349445 ], [ -111.999699, 40.350395 ], [ -111.999502, 40.350695 ], [ -111.996915, 40.354952 ], [ -111.99694, 40.355311 ], [ -111.997569, 40.355675 ], [ -112.002279, 40.359369 ], [ -112.002377, 40.359624 ], [ -112.002524, 40.359924 ], [ -112.002665, 40.360208 ], [ -112.00289, 40.360357 ], [ -112.005917, 40.361493 ], [ -112.006276, 40.361512 ], [ -112.008319, 40.360401 ], [ -112.010758, 40.35897 ], [ -112.011066, 40.357788 ] ] ] } },
{ "type": "Feature", "properties": { "group_index": 0, "value": 900.0, "center": [ -112.00418695148109, 40.35517008397292 ], "point_id": 0 }, "geometry": { "type": "Polygon", "coordinates": [ [ [ -112.011076, 40.35768 ], [ -112.011065, 40.357219 ], [ -112.008101, 40.352264 ], [ -112.008047, 40.348656 ], [ -112.00805, 40.348296 ], [ -112.005127, 40.345059 ], [ -112.005002, 40.345019 ], [ -112.004654, 40.344929 ], [ -112.004085, 40.345604 ], [ -112.003996, 40.345979 ], [ -111.998336, 40.347436 ], [ -111.997994, 40.347409 ], [ -111.99788, 40.347402 ], [ -111.997385, 40.347399 ], [ -111.996661, 40.347756 ], [ -111.996441, 40.348042 ], [ -111.994435, 40.353539 ], [ -111.99234, 40.355456 ], [ -111.992243, 40.355656 ], [ -111.992332, 40.356005 ], [ -111.993427, 40.357203 ], [ -111.998751, 40.358813 ], [ -112.002665, 40.360208 ], [ -112.004125, 40.36348 ], [ -112.005292, 40.364682 ], [ -112.005652, 40.364692 ], [ -112.010506, 40.361977 ], [ -112.010971, 40.360857 ], [ -112.011076, 40.35768 ] ] ] } },
{ "type": "Feature", "properties": { "group_index": 0, "value": 300.0, "center": [ -112.0187299458984, 40.305619546409766 ], "point_id": 0 }, "geometry": { "type": "Polygon", "coordinates": [ [ [ -112.023671, 40.306508 ], [ -112.023464, 40.305004 ], [ -112.023422, 40.304961 ], [ -112.020703, 40.30287 ], [ -112.020414, 40.302871 ], [ -112.020125, 40.302872 ], [ -112.020125, 40.302872 ], [ -112.019836, 40.302873 ], [ -112.019547, 40.302874 ], [ -112.015453, 40.303726 ], [ -112.01507, 40.305888 ], [ -112.015059, 40.306116 ], [ -112.015198, 40.307005 ], [ -112.015232, 40.307163 ], [ -112.015288, 40.307267 ], [ -112.015878, 40.30773 ], [ -112.016204, 40.307881 ], [ -112.017399, 40.307817 ], [ -112.022329, 40.308009 ], [ -112.023302, 40.307567 ], [ -112.023447, 40.307238 ], [ -112.023671, 40.306508 ] ] ] } },
{ "type": "Feature", "properties": { "group_index": 0, "value": 600.0, "center": [ -112.0187299458984, 40.305619546409766 ], "point_id": 0 }, "geometry": { "type": "Polygon", "coordinates": [ [ [ -112.027337, 40.307011 ], [ -112.026942, 40.302687 ], [ -112.026747, 40.302384 ], [ -112.022695, 40.300619 ], [ -112.019221, 40.300659 ], [ -112.015683, 40.300237 ], [ -112.015323, 40.300244 ], [ -112.015089, 40.300394 ], [ -112.015023, 40.300465 ], [ -112.014456, 40.301081 ], [ -112.011287, 40.305455 ], [ -112.010318, 40.305759 ], [ -112.010266, 40.306115 ], [ -112.013408, 40.310307 ], [ -112.014149, 40.310796 ], [ -112.014591, 40.310859 ], [ -112.015234, 40.310649 ], [ -112.020912, 40.309061 ], [ -112.021818, 40.309449 ], [ -112.026206, 40.30996 ], [ -112.027193, 40.309605 ], [ -112.027367, 40.309291 ], [ -112.027337, 40.307011 ] ] ] } },
{ "type": "Feature", "properties": { "group_index": 0, "value": 900.0, "center": [ -112.0187299458984, 40.305619546409766 ], "point_id": 0 }, "geometry": { "type": "Polygon", "coordinates": [ [ [ -112.029655, 40.308457 ], [ -112.029412, 40.307829 ], [ -112.029122, 40.307002 ], [ -112.028837, 40.30125 ], [ -112.026512, 40.299542 ], [ -112.022615, 40.296931 ], [ -112.022255, 40.296932 ], [ -112.017597, 40.297537 ], [ -112.015497, 40.296646 ], [ -112.015137, 40.296646 ], [ -112.01465, 40.296862 ], [ -112.014477, 40.296963 ], [ -112.0102, 40.299759 ], [ -112.009597, 40.300441 ], [ -112.006556, 40.304522 ], [ -112.005828, 40.305228 ], [ -112.005815, 40.305313 ], [ -112.005792, 40.305673 ], [ -112.008277, 40.309205 ], [ -112.00994, 40.311488 ], [ -112.010344, 40.311805 ], [ -112.013599, 40.314357 ], [ -112.014247, 40.314424 ], [ -112.014604, 40.314376 ], [ -112.015202, 40.313958 ], [ -112.015394, 40.313832 ], [ -112.015972, 40.313395 ], [ -112.016441, 40.313029 ], [ -112.018946, 40.311658 ], [ -112.019269, 40.311499 ], [ -112.024895, 40.311038 ], [ -112.025276, 40.311255 ], [ -112.02557, 40.311448 ], [ -112.025863, 40.311641 ], [ -112.027422, 40.311839 ], [ -112.027509, 40.311844 ], [ -112.027577, 40.311798 ], [ -112.027844, 40.311619 ], [ -112.028111, 40.31144 ], [ -112.028343, 40.311221 ], [ -112.029528, 40.310079 ], [ -112.029655, 40.308457 ] ] ] } },
{ "type": "Feature", "properties": { "group_index": 0, "value": 300.0, "center": [ -111.97658649243337, 40.36783349117747 ], "point_id": 0 }, "geometry": { "type": "Polygon", "coordinates": [ [ [ -111.980449, 40.368353 ], [ -111.978985, 40.365717 ], [ -111.976921, 40.364086 ], [ -111.976521, 40.364061 ], [ -111.976426, 40.36406 ], [ -111.976168, 40.364165 ], [ -111.975515, 40.364822 ], [ -111.972963, 40.367617 ], [ -111.972796, 40.367935 ], [ -111.97282, 40.368147 ], [ -111.973065, 40.369665 ], [ -111.973232, 40.369983 ], [ -111.974753, 40.37134 ], [ -111.975071, 40.37151 ], [ -111.975211, 40.371481 ], [ -111.980336, 40.368695 ], [ -111.980449, 40.368353 ] ] ] } },
{ "type": "Feature", "properties": { "group_index": 0, "value": 600.0, "center": [ -111.97658649243337, 40.36783349117747 ], "point_id": 0 }, "geometry": { "type": "Polygon", "coordinates": [ [ [ -111.983539, 40.367325 ], [ -111.983584, 40.366968 ], [ -111.98266, 40.365327 ], [ -111.980718, 40.363006 ], [ -111.980482, 40.362734 ], [ -111.977318, 40.360259 ], [ -111.975832, 40.360431 ], [ -111.973654, 40.36224 ], [ -111.968868, 40.365552 ], [ -111.968782, 40.365633 ], [ -111.968651, 40.365935 ], [ -111.968356, 40.369561 ], [ -111.969475, 40.371861 ], [ -111.969508, 40.371911 ], [ -111.969745, 40.372181 ], [ -111.970834, 40.37329 ], [ -111.973897, 40.375084 ], [ -111.974288, 40.375128 ], [ -111.97477, 40.375048 ], [ -111.974943, 40.375004 ], [ -111.975292, 40.374916 ], [ -111.976022, 40.374223 ], [ -111.978184, 40.371238 ], [ -111.981905, 40.371482 ], [ -111.982265, 40.371471 ], [ -111.982363, 40.371439 ], [ -111.983539, 40.367325 ] ] ] } },
{ "type": "Feature", "properties": { "group_index": 0, "value": 900.0, "center": [ -111.97658649243337, 40.36783349117747 ], "point_id": 0 }, "geometry": { "type": "Polygon", "coordinates": [ [ [ -111.987642, 40.365756 ], [ -111.984722, 40.361842 ], [ -111.98103, 40.358793 ], [ -111.980356, 40.35846 ], [ -111.978017, 40.357361 ], [ -111.975227, 40.35747 ], [ -111.973057, 40.357689 ], [ -111.972173, 40.358218 ], [ -111.972064, 40.358419 ], [ -111.969061, 40.361849 ], [ -111.966663, 40.363117 ], [ -111.966264, 40.363366 ], [ -111.965216, 40.364047 ], [ -111.964185, 40.364854 ], [ -111.963989, 40.365144 ], [ -111.963983, 40.365207 ], [ -111.964055, 40.365559 ], [ -111.964972, 40.371486 ], [ -111.965455, 40.372385 ], [ -111.967888, 40.376168 ], [ -111.96819, 40.376364 ], [ -111.973518, 40.378568 ], [ -111.974361, 40.378726 ], [ -111.975406, 40.378367 ], [ -111.975498, 40.378326 ], [ -111.975566, 40.37829 ], [ -111.975665, 40.377944 ], [ -111.976299, 40.375395 ], [ -111.981373, 40.373206 ], [ -111.981616, 40.373243 ], [ -111.981931, 40.373205 ], [ -111.982205, 40.373126 ], [ -111.985414, 40.369527 ], [ -111.987532, 40.366099 ], [ -111.987642, 40.365756 ] ] ] } },
{ "type": "Feature", "properties": { "group_index": 0, "value": 300.0, "center": [ -112.01591541877663, 40.333172004091836 ], "point_id": 0 }, "geometry": { "type": "Polygon", "coordinates": [ [ [ -112.019268, 40.332813 ], [ -112.017755, 40.330833 ], [ -112.017256, 40.330458 ], [ -112.017119, 40.330415 ], [ -112.014479, 40.330324 ], [ -112.013443, 40.33074 ], [ -112.012646, 40.332613 ], [ -112.012139, 40.334608 ], [ -112.012373, 40.334881 ], [ -112.0172, 40.33501 ], [ -112.019269, 40.333173 ], [ -112.019268, 40.332813 ] ] ] } },
{ "type": "Feature", "properties": { "group_index": 0, "value": 600.0, "center": [ -112.01591541877663, 40.333172004091836 ], "point_id": 0 }, "geometry": { "type": "Polygon", "coordinates": [ [ [ -112.021006, 40.335098 ], [ -112.021251, 40.332993 ], [ -112.021014, 40.330505 ], [ -112.02042, 40.327856 ], [ -112.020184, 40.327584 ], [ -112.014399, 40.327215 ], [ -112.013973, 40.326989 ], [ -112.013613, 40.326994 ], [ -112.013385, 40.327237 ], [ -112.013386, 40.327359 ], [ -112.013395, 40.328498 ], [ -112.012646, 40.332613 ], [ -112.011285, 40.334679 ], [ -112.011057, 40.335016 ], [ -112.010823, 40.335363 ], [ -112.010518, 40.335885 ], [ -112.009889, 40.336925 ], [ -112.009564, 40.337448 ], [ -112.009608, 40.337613 ], [ -112.009773, 40.337793 ], [ -112.010085, 40.337973 ], [ -112.013312, 40.338083 ], [ -112.013404, 40.338083 ], [ -112.018147, 40.337875 ], [ -112.020883, 40.335624 ], [ -112.021006, 40.335098 ] ] ] } },
{ "type": "Feature", "properties": { "group_index": 0, "value": 900.0, "center": [ -112.01591541877663, 40.333172004091836 ], "point_id": 0 }, "geometry": { "type": "Polygon", "coordinates": [ [ [ -112.021152, 40.338412 ], [ -112.021213, 40.335448 ], [ -112.021251, 40.332993 ], [ -112.021226, 40.332813 ], [ -112.021014, 40.330505 ], [ -112.023326, 40.326059 ], [ -112.023567, 40.325353 ], [ -112.023408, 40.324866 ], [ -112.02315, 40.324615 ], [ -112.020548, 40.324557 ], [ -112.020188, 40.324564 ], [ -112.014545, 40.323425 ], [ -112.013972, 40.323319 ], [ -112.013613, 40.323301 ], [ -112.013478, 40.323399 ], [ -112.013368, 40.323483 ], [ -112.013369, 40.323651 ], [ -112.013385, 40.327237 ], [ -112.013386, 40.327359 ], [ -112.013395, 40.328498 ], [ -112.012646, 40.332613 ], [ -112.011285, 40.334679 ], [ -112.011057, 40.335016 ], [ -112.010823, 40.335363 ], [ -112.006756, 40.338698 ], [ -112.005367, 40.339023 ], [ -112.004217, 40.339245 ], [ -112.004285, 40.339599 ], [ -112.007174, 40.341148 ], [ -112.007922, 40.341141 ], [ -112.01335, 40.341092 ], [ -112.014012, 40.341281 ], [ -112.018356, 40.341009 ], [ -112.018404, 40.341 ], [ -112.020957, 40.339842 ], [ -112.021152, 40.338412 ] ] ] } },
{ "type": "Feature", "properties": { "group_index": 0, "value": 300.0, "center": [ -111.74738606842455, 40.03131285112341 ], "point_id": 0 }, "geometry": { "type": "Polygon", "coordinates": [ [ [ -111.752292, 40.031462 ], [ -111.752247, 40.031174 ], [ -111.752111, 40.031047 ], [ -111.749837, 40.028911 ], [ -111.748511, 40.028121 ], [ -111.747511, 40.027564 ], [ -111.747151, 40.027568 ], [ -111.746254, 40.028204 ], [ -111.744408, 40.029641 ], [ -111.744327, 40.029703 ], [ -111.742644, 40.031046 ], [ -111.74253, 40.031142 ], [ -111.742526, 40.031502 ], [ -111.742867, 40.031797 ], [ -111.744935, 40.033373 ], [ -111.745546, 40.033807 ], [ -111.745906, 40.033812 ], [ -111.750918, 40.032699 ], [ -111.752244, 40.031534 ], [ -111.752293, 40.031464 ], [ -111.752292, 40.031462 ] ] ] } },
{ "type": "Feature", "properties": { "group_index": 0, "value": 600.0, "center": [ -111.74738606842455, 40.03131285112341 ], "point_id": 0 }, "geometry": { "type": "Polygon", "coordinates": [ [ [ -111.75714, 40.031248 ], [ -111.755987, 40.029814 ], [ -111.755911, 40.029735 ], [ -111.755706, 40.029584 ], [ -111.751539, 40.026557 ], [ -111.749835, 40.025156 ], [ -111.748681, 40.024373 ], [ -111.747249, 40.023711 ], [ -111.746889, 40.023723 ], [ -111.743187, 40.026609 ], [ -111.739479, 40.029644 ], [ -111.737635, 40.03114 ], [ -111.737633, 40.0315 ], [ -111.738865, 40.032452 ], [ -111.739985, 40.033322 ], [ -111.742238, 40.035079 ], [ -111.744809, 40.037108 ], [ -111.745286, 40.037419 ], [ -111.745749, 40.037723 ], [ -111.745758, 40.037723 ], [ -111.746025, 40.037555 ], [ -111.746576, 40.03709 ], [ -111.748966, 40.035246 ], [ -111.75223, 40.034645 ], [ -111.752387, 40.034633 ], [ -111.75275, 40.034538 ], [ -111.757135, 40.031608 ], [ -111.75714, 40.031248 ] ] ] } },
{ "type": "Feature", "properties": { "group_index": 0, "value": 900.0, "center": [ -111.74738606842455, 40.03131285112341 ], "point_id": 0 }, "geometry": { "type": "Polygon", "coordinates": [ [ [ -111.761949, 40.030948 ], [ -111.758156, 40.027158 ], [ -111.757208, 40.026457 ], [ -111.752562, 40.023395 ], [ -111.751379, 40.022464 ], [ -111.751224, 40.022348 ], [ -111.751054, 40.022223 ], [ -111.748913, 40.020791 ], [ -111.74863, 40.020763 ], [ -111.748344, 40.020735 ], [ -111.747984, 40.020732 ], [ -111.744978, 40.021382 ], [ -111.743765, 40.022425 ], [ -111.743553, 40.022615 ], [ -111.740176, 40.026286 ], [ -111.737002, 40.027448 ], [ -111.73274, 40.031125 ], [ -111.732741, 40.031485 ], [ -111.733829, 40.033313 ], [ -111.734021, 40.033476 ], [ -111.734352, 40.033615 ], [ -111.737304, 40.035083 ], [ -111.739739, 40.036895 ], [ -111.741527, 40.038379 ], [ -111.743485, 40.039808 ], [ -111.745419, 40.041252 ], [ -111.745599, 40.041388 ], [ -111.745654, 40.041388 ], [ -111.749065, 40.038556 ], [ -111.750401, 40.037557 ], [ -111.75275, 40.034538 ], [ -111.754446, 40.03314 ], [ -111.759207, 40.032392 ], [ -111.759271, 40.032377 ], [ -111.759712, 40.032269 ], [ -111.760795, 40.0318 ], [ -111.762018, 40.031301 ], [ -111.761949, 40.030948 ] ] ] } },
{ "type": "Feature", "properties": { "group_index": 0, "value": 300.0, "center": [ -111.73778728530641, 40.031320085441926 ], "point_id": 0 }, "geometry": { "type": "Polygon", "coordinates": [ [ [ -111.742671, 40.031144 ], [ -111.742629, 40.030896 ], [ -111.739829, 40.029023 ], [ -111.738531, 40.028823 ], [ -111.737127, 40.02877 ], [ -111.736767, 40.028787 ], [ -111.736455, 40.028834 ], [ -111.732894, 40.031125 ], [ -111.732842, 40.031398 ], [ -111.732842, 40.031406 ], [ -111.732903, 40.031574 ], [ -111.734042, 40.033425 ], [ -111.737607, 40.035086 ], [ -111.737825, 40.035145 ], [ -111.737916, 40.035145 ], [ -111.740417, 40.033266 ], [ -111.741702, 40.032266 ], [ -111.742531, 40.031631 ], [ -111.742667, 40.031504 ], [ -111.742671, 40.031144 ] ] ] } },
{ "type": "Feature", "properties": { "group_index": 0, "value": 600.0, "center": [ -111.73778728530641, 40.031320085441926 ], "point_id": 0 }, "geometry": { "type": "Polygon", "coordinates": [ [ [ -111.747563, 40.03116 ], [ -111.747405, 40.031034 ], [ -111.745759, 40.029697 ], [ -111.744037, 40.028384 ], [ -111.741517, 40.025302 ], [ -111.741177, 40.025181 ], [ -111.737769, 40.026297 ], [ -111.734321, 40.026645 ], [ -111.734175, 40.026651 ], [ -111.731357, 40.028444 ], [ -111.731204, 40.028558 ], [ -111.727894, 40.031088 ], [ -111.727888, 40.031448 ], [ -111.731186, 40.035105 ], [ -111.731274, 40.035186 ], [ -111.732303, 40.035929 ], [ -111.733712, 40.036968 ], [ -111.737646, 40.038782 ], [ -111.738006, 40.038782 ], [ -111.738478, 40.038466 ], [ -111.740233, 40.037236 ], [ -111.74273, 40.035268 ], [ -111.745127, 40.033438 ], [ -111.747419, 40.031679 ], [ -111.747562, 40.03152 ], [ -111.747563, 40.03116 ] ] ] } },
{ "type": "Feature", "properties": { "group_index": 0, "value": 900.0, "center": [ -111.73778728530641, 40.031320085441926 ], "point_id": 0 }, "geometry": { "type": "Polygon", "coordinates": [ [ [ -111.752458, 40.031176 ], [ -111.749565, 40.028133 ], [ -111.746985, 40.0268 ], [ -111.743395, 40.022615 ], [ -111.743197, 40.022426 ], [ -111.742766, 40.022061 ], [ -111.742416, 40.021976 ], [ -111.74229, 40.022001 ], [ -111.7413, 40.022304 ], [ -111.738679, 40.023916 ], [ -111.733266, 40.024215 ], [ -111.732595, 40.024205 ], [ -111.732235, 40.024202 ], [ -111.732095, 40.024247 ], [ -111.727299, 40.0264 ], [ -111.725555, 40.02753 ], [ -111.725295, 40.027779 ], [ -111.723344, 40.03087 ], [ -111.723294, 40.030951 ], [ -111.723294, 40.031051 ], [ -111.723295, 40.031214 ], [ -111.723298, 40.031475 ], [ -111.72475, 40.033258 ], [ -111.726294, 40.035087 ], [ -111.728641, 40.036904 ], [ -111.730605, 40.038432 ], [ -111.733564, 40.040975 ], [ -111.73774, 40.042646 ], [ -111.737848, 40.042642 ], [ -111.737848, 40.042642 ], [ -111.737936, 40.042639 ], [ -111.739279, 40.041614 ], [ -111.741582, 40.039889 ], [ -111.743555, 40.038378 ], [ -111.745093, 40.037214 ], [ -111.745354, 40.037018 ], [ -111.74589, 40.036574 ], [ -111.746636, 40.035349 ], [ -111.750917, 40.032735 ], [ -111.752171, 40.031777 ], [ -111.752455, 40.031536 ], [ -111.752458, 40.031176 ] ] ] } },
{ "type": "Feature", "properties": { "group_index": 0, "value": 300.0, "center": [ -111.7338475897341, 40.03827859958601 ], "point_id": 0 }, "geometry": { "type": "Polygon", "coordinates": [ [ [ -111.738743, 40.038108 ], [ -111.736803, 40.036595 ], [ -111.734446, 40.034765 ], [ -111.73429, 40.034647 ], [ -111.734073, 40.034535 ], [ -111.733713, 40.03453 ], [ -111.733401, 40.0347 ], [ -111.733304, 40.034757 ], [ -111.730942, 40.036562 ], [ -111.730703, 40.039559 ], [ -111.730702, 40.039634 ], [ -111.730868, 40.039953 ], [ -111.730961, 40.040034 ], [ -111.731721, 40.040669 ], [ -111.733128, 40.041664 ], [ -111.733652, 40.042026 ], [ -111.734012, 40.042026 ], [ -111.735384, 40.041013 ], [ -111.736946, 40.039872 ], [ -111.738741, 40.038468 ], [ -111.738743, 40.038108 ] ] ] } },
{ "type": "Feature", "properties": { "group_index": 0, "value": 600.0, "center": [ -111.7338475897341, 40.03827859958601 ], "point_id": 0 }, "geometry": { "type": "Polygon", "coordinates": [ [ [ -111.743637, 40.038108 ], [ -111.743533, 40.038018 ], [ -111.741949, 40.036732 ], [ -111.739915, 40.035235 ], [ -111.73617, 40.031232 ], [ -111.735885, 40.031143 ], [ -111.733875, 40.031127 ], [ -111.733695, 40.031126 ], [ -111.733515, 40.031126 ], [ -111.73231, 40.031799 ], [ -111.732043, 40.031954 ], [ -111.730577, 40.03292 ], [ -111.726049, 40.036538 ], [ -111.725976, 40.03956 ], [ -111.725975, 40.03992 ], [ -111.727459, 40.041402 ], [ -111.729205, 40.042762 ], [ -111.730439, 40.043709 ], [ -111.730517, 40.04377 ], [ -111.732053, 40.044817 ], [ -111.732084, 40.044836 ], [ -111.733634, 40.045706 ], [ -111.733994, 40.0457 ], [ -111.735489, 40.045349 ], [ -111.739484, 40.04169 ], [ -111.741687, 40.039995 ], [ -111.743636, 40.038468 ], [ -111.743637, 40.038108 ] ] ] } },
{ "type": "Feature", "properties": { "group_index": 0, "value": 900.0, "center": [ -111.7338475897341, 40.03827859958601 ], "point_id": 0 }, "geometry": { "type": "Polygon", "coordinates": [ [ [ -111.747442, 40.037289 ], [ -111.746824, 40.036726 ], [ -111.745895, 40.036028 ], [ -111.744353, 40.034748 ], [ -111.740972, 40.031148 ], [ -111.739305, 40.028594 ], [ -111.73923, 40.028504 ], [ -111.738984, 40.028241 ], [ -111.737113, 40.028022 ], [ -111.736753, 40.028022 ], [ -111.732364, 40.028093 ], [ -111.732212, 40.028153 ], [ -111.727923, 40.030091 ], [ -111.727655, 40.030331 ], [ -111.725681, 40.032903 ], [ -111.723488, 40.034723 ], [ -111.721083, 40.03953 ], [ -111.72108, 40.03989 ], [ -111.722636, 40.041448 ], [ -111.725558, 40.04385 ], [ -111.727337, 40.045146 ], [ -111.728386, 40.045908 ], [ -111.730527, 40.047487 ], [ -111.732088, 40.048506 ], [ -111.732717, 40.048774 ], [ -111.734262, 40.048996 ], [ -111.734622, 40.048988 ], [ -111.735838, 40.048369 ], [ -111.738867, 40.045956 ], [ -111.743334, 40.042818 ], [ -111.745866, 40.040649 ], [ -111.74744, 40.037649 ], [ -111.747442, 40.037289 ] ] ] } },
{ "type": "Feature", "properties": { "group_index": 0, "value": 300.0, "center": [ -111.73382504735727, 40.044542746648986 ], "point_id": 0 }, "geometry": { "type": "Polygon", "coordinates": [ [ [ -111.73872, 40.044407 ], [ -111.738642, 40.044325 ], [ -111.737633, 40.043532 ], [ -111.737417, 40.04336 ], [ -111.73612, 40.042353 ], [ -111.735389, 40.041834 ], [ -111.734014, 40.040884 ], [ -111.733654, 40.040883 ], [ -111.732025, 40.04179 ], [ -111.73086, 40.042788 ], [ -111.729028, 40.044352 ], [ -111.729029, 40.044712 ], [ -111.729081, 40.04481 ], [ -111.73041, 40.045971 ], [ -111.73218, 40.047228 ], [ -111.733657, 40.048269 ], [ -111.734017, 40.048271 ], [ -111.735295, 40.047393 ], [ -111.735813, 40.04704 ], [ -111.738718, 40.044767 ], [ -111.73872, 40.044407 ] ] ] } },
{ "type": "Feature", "properties": { "group_index": 0, "value": 600.0, "center": [ -111.73382504735727, 40.044542746648986 ], "point_id": 0 }, "geometry": { "type": "Polygon", "coordinates": [ [ [ -111.742528, 40.04355 ], [ -111.741686, 40.042506 ], [ -111.737308, 40.039508 ], [ -111.735511, 40.038165 ], [ -111.734164, 40.037195 ], [ -111.734069, 40.037141 ], [ -111.733709, 40.037134 ], [ -111.730927, 40.038848 ], [ -111.729864, 40.039581 ], [ -111.729753, 40.039666 ], [ -111.726554, 40.042327 ], [ -111.725231, 40.043387 ], [ -111.724206, 40.044246 ], [ -111.724135, 40.044334 ], [ -111.724133, 40.044694 ], [ -111.72419, 40.044779 ], [ -111.725474, 40.045891 ], [ -111.729088, 40.048831 ], [ -111.731772, 40.050691 ], [ -111.731965, 40.050803 ], [ -111.732087, 40.050865 ], [ -111.732204, 40.050918 ], [ -111.734552, 40.051642 ], [ -111.734705, 40.051644 ], [ -111.738474, 40.048837 ], [ -111.74055, 40.047114 ], [ -111.741972, 40.045851 ], [ -111.743251, 40.044589 ], [ -111.742528, 40.04355 ] ] ] } },
{ "type": "Feature", "properties": { "group_index": 0, "value": 900.0, "center": [ -111.73382504735727, 40.044542746648986 ], "point_id": 0 }, "geometry": { "type": "Polygon", "coordinates": [ [ [ -111.747324, 40.043484 ], [ -111.746841, 40.042491 ], [ -111.746586, 40.042237 ], [ -111.742418, 40.039638 ], [ -111.740059, 40.037465 ], [ -111.735539, 40.034441 ], [ -111.734427, 40.033439 ], [ -111.734095, 40.0333 ], [ -111.733835, 40.033298 ], [ -111.730563, 40.035296 ], [ -111.728884, 40.036546 ], [ -111.726892, 40.038058 ], [ -111.72495, 40.039555 ], [ -111.721768, 40.042201 ], [ -111.719715, 40.043774 ], [ -111.71924, 40.044316 ], [ -111.719238, 40.044676 ], [ -111.719317, 40.044798 ], [ -111.720579, 40.045869 ], [ -111.724266, 40.048864 ], [ -111.728474, 40.051957 ], [ -111.729243, 40.052535 ], [ -111.731606, 40.054345 ], [ -111.732043, 40.054657 ], [ -111.732432, 40.054613 ], [ -111.735803, 40.051706 ], [ -111.739542, 40.050273 ], [ -111.743408, 40.048803 ], [ -111.745709, 40.045106 ], [ -111.747322, 40.043844 ], [ -111.747324, 40.043484 ] ] ] } },
{ "type": "Feature", "properties": { "group_index": 0, "value": 300.0, "center": [ -111.7234040263097, 40.04451079058743 ], "point_id": 0 }, "geometry": { "type": "Polygon", "coordinates": [ [ [ -111.728298, 40.04435 ], [ -111.728209, 40.044265 ], [ -111.727626, 40.043796 ], [ -111.72754, 40.043728 ], [ -111.725778, 40.042325 ], [ -111.723618, 40.040785 ], [ -111.723258, 40.040781 ], [ -111.722904, 40.041 ], [ -111.722765, 40.041089 ], [ -111.720956, 40.042373 ], [ -111.71858, 40.044221 ], [ -111.718511, 40.044312 ], [ -111.718509, 40.044672 ], [ -111.71865, 40.044795 ], [ -111.719929, 40.045802 ], [ -111.720014, 40.045868 ], [ -111.721261, 40.046776 ], [ -111.722731, 40.047903 ], [ -111.723226, 40.048238 ], [ -111.723586, 40.04824 ], [ -111.723866, 40.048065 ], [ -111.725552, 40.046759 ], [ -111.727684, 40.045193 ], [ -111.728294, 40.04471 ], [ -111.728298, 40.04435 ] ] ] } },
{ "type": "Feature", "properties": { "group_index": 0, "value": 600.0, "center": [ -111.7234040263097, 40.04451079058743 ], "point_id": 0 }, "geometry": { "type": "Polygon", "coordinates": [ [ [ -111.733189, 40.04436 ], [ -111.732067, 40.043412 ], [ -111.731988, 40.043346 ], [ -111.73069, 40.042324 ], [ -111.727064, 40.039563 ], [ -111.725592, 40.038468 ], [ -111.723656, 40.037035 ], [ -111.723296, 40.037038 ], [ -111.721307, 40.038457 ], [ -111.71981, 40.039516 ], [ -111.717935, 40.040954 ], [ -111.715365, 40.042857 ], [ -111.715047, 40.04316 ], [ -111.713633, 40.0446 ], [ -111.713631, 40.04471 ], [ -111.713692, 40.045064 ], [ -111.716694, 40.047072 ], [ -111.718982, 40.048851 ], [ -111.721958, 40.051225 ], [ -111.723211, 40.051989 ], [ -111.723571, 40.051984 ], [ -111.725946, 40.050245 ], [ -111.727839, 40.048844 ], [ -111.731744, 40.045919 ], [ -111.731842, 40.045841 ], [ -111.7323, 40.04547 ], [ -111.733077, 40.044821 ], [ -111.733191, 40.04472 ], [ -111.733189, 40.04436 ] ] ] } },
{ "type": "Feature", "properties": { "group_index": 0, "value": 900.0, "center": [ -111.7234040263097, 40.04451079058743 ], "point_id": 0 }, "geometry": { "type": "Polygon", "coordinates": [ [ [ -111.737987, 40.044403 ], [ -111.7372, 40.04353 ], [ -111.736984, 40.04336 ], [ -111.73257, 40.039668 ], [ -111.728766, 40.037131 ], [ -111.725686, 40.034728 ], [ -111.723636, 40.03329 ], [ -111.723276, 40.033289 ], [ -111.720921, 40.033836 ], [ -111.716641, 40.036734 ], [ -111.716373, 40.036975 ], [ -111.712584, 40.041249 ], [ -111.710815, 40.042577 ], [ -111.708859, 40.04554 ], [ -111.708918, 40.045896 ], [ -111.710594, 40.046753 ], [ -111.713499, 40.048259 ], [ -111.71777, 40.05104 ], [ -111.720159, 40.054147 ], [ -111.720391, 40.054422 ], [ -111.721163, 40.055041 ], [ -111.722206, 40.055546 ], [ -111.723214, 40.055732 ], [ -111.723574, 40.055733 ], [ -111.725378, 40.054532 ], [ -111.725909, 40.054127 ], [ -111.728836, 40.05175 ], [ -111.733466, 40.048705 ], [ -111.737331, 40.045373 ], [ -111.737986, 40.044763 ], [ -111.737987, 40.044403 ] ] ] } },
{ "type": "Feature", "properties": { "group_index": 0, "value": 300.0, "center": [ -111.70621616724627, 40.0461676222007 ], "point_id": 0 }, "geometry": { "type": "Polygon", "coordinates": [ [ [ -111.710964, 40.045179 ], [ -111.707078, 40.042979 ], [ -111.706718, 40.042978 ], [ -111.704138, 40.044275 ], [ -111.701408, 40.046802 ], [ -111.701467, 40.047157 ], [ -111.706997, 40.046928 ], [ -111.710783, 40.045754 ], [ -111.711026, 40.045534 ], [ -111.710964, 40.045179 ] ] ] } },
{ "type": "Feature", "properties": { "group_index": 0, "value": 600.0, "center": [ -111.70621616724627, 40.0461676222007 ], "point_id": 0 }, "geometry": { "type": "Polygon", "coordinates": [ [ [ -111.715759, 40.044388 ], [ -111.715579, 40.044283 ], [ -111.712909, 40.042701 ], [ -111.709471, 40.040891 ], [ -111.704508, 40.040006 ], [ -111.704148, 40.040005 ], [ -111.701395, 40.042496 ], [ -111.701391, 40.042856 ], [ -111.697947, 40.047378 ], [ -111.696625, 40.047597 ], [ -111.696683, 40.047952 ], [ -111.699555, 40.047829 ], [ -111.701467, 40.047157 ], [ -111.706997, 40.046928 ], [ -111.711305, 40.04879 ], [ -111.713552, 40.047097 ], [ -111.715797, 40.044746 ], [ -111.715759, 40.044388 ] ] ] } },
{ "type": "Feature", "properties": { "group_index": 0, "value": 900.0, "center": [ -111.70621616724627, 40.0461676222007 ], "point_id": 0 }, "geometry": { "type": "Polygon", "coordinates": [ [ [ -111.720673, 40.044231 ], [ -111.717882, 40.041987 ], [ -111.714305, 40.039716 ], [ -111.709513, 40.037144 ], [ -111.704559, 40.036781 ], [ -111.704199, 40.036781 ], [ -111.699545, 40.040516 ], [ -111.699185, 40.040514 ], [ -111.696556, 40.042468 ], [ -111.696554, 40.042828 ], [ -111.694419, 40.048143 ], [ -111.693405, 40.04826 ], [ -111.692365, 40.048144 ], [ -111.692006, 40.048172 ], [ -111.691842, 40.048404 ], [ -111.691906, 40.048758 ], [ -111.692094, 40.048886 ], [ -111.693917, 40.049863 ], [ -111.694237, 40.049699 ], [ -111.699555, 40.047829 ], [ -111.701467, 40.047157 ], [ -111.706997, 40.046928 ], [ -111.711305, 40.04879 ], [ -111.716405, 40.048205 ], [ -111.719253, 40.045868 ], [ -111.720544, 40.044811 ], [ -111.720669, 40.044677 ], [ -111.720673, 40.044231 ] ] ] } },
{ "type": "Feature", "properties": { "group_index": 0, "value": 300.0, "center": [ -111.6933315177361, 40.04832112771239 ], "point_id": 0 }, "geometry": { "type": "Polygon", "coordinates": [ [ [ -111.698085, 40.047356 ], [ -111.694595, 40.044389 ], [ -111.694235, 40.044383 ], [ -111.69185, 40.045663 ], [ -111.688139, 40.049022 ], [ -111.688199, 40.049377 ], [ -111.688584, 40.049312 ], [ -111.688969, 40.049247 ], [ -111.690649, 40.049171 ], [ -111.694948, 40.051883 ], [ -111.695269, 40.051719 ], [ -111.698144, 40.047711 ], [ -111.698085, 40.047356 ] ] ] } },
{ "type": "Feature", "properties": { "group_index": 0, "value": 600.0, "center": [ -111.6933315177361, 40.04832112771239 ], "point_id": 0 }, "geometry": { "type": "Polygon", "coordinates": [ [ [ -111.702867, 40.046557 ], [ -111.699511, 40.043968 ], [ -111.694622, 40.041503 ], [ -111.694262, 40.041503 ], [ -111.691837, 40.042184 ], [ -111.691443, 40.042442 ], [ -111.691441, 40.042802 ], [ -111.691888, 40.04531 ], [ -111.688139, 40.049022 ], [ -111.687002, 40.049317 ], [ -111.684696, 40.04928 ], [ -111.684336, 40.049269 ], [ -111.68386, 40.049755 ], [ -111.683919, 40.05011 ], [ -111.684062, 40.050488 ], [ -111.684243, 40.0508 ], [ -111.684383, 40.050815 ], [ -111.684423, 40.05079 ], [ -111.685361, 40.050267 ], [ -111.689815, 40.053451 ], [ -111.689918, 40.053796 ], [ -111.693403, 40.054967 ], [ -111.695313, 40.051888 ], [ -111.699555, 40.047829 ], [ -111.702624, 40.046963 ], [ -111.702927, 40.046912 ], [ -111.702867, 40.046557 ] ] ] } },
{ "type": "Feature", "properties": { "group_index": 0, "value": 900.0, "center": [ -111.6933315177361, 40.04832112771239 ], "point_id": 0 }, "geometry": { "type": "Polygon", "coordinates": [ [ [ -111.707646, 40.045744 ], [ -111.704497, 40.043841 ], [ -111.699544, 40.040771 ], [ -111.694622, 40.037756 ], [ -111.694262, 40.037756 ], [ -111.691814, 40.038436 ], [ -111.689479, 40.041302 ], [ -111.686549, 40.042409 ], [ -111.6844, 40.045302 ], [ -111.680992, 40.048329 ], [ -111.678884, 40.049792 ], [ -111.678881, 40.050152 ], [ -111.680114, 40.052699 ], [ -111.680289, 40.053014 ], [ -111.680391, 40.053063 ], [ -111.681627, 40.053311 ], [ -111.686329, 40.054862 ], [ -111.690399, 40.057646 ], [ -111.693065, 40.057455 ], [ -111.693477, 40.054765 ], [ -111.695313, 40.051888 ], [ -111.699555, 40.047829 ], [ -111.702624, 40.046963 ], [ -111.702927, 40.046912 ], [ -111.707151, 40.046507 ], [ -111.707497, 40.046407 ], [ -111.707705, 40.046099 ], [ -111.707646, 40.045744 ] ] ] } },
{ "type": "Feature", "properties": { "group_index": 0, "value": 300.0, "center": [ -111.68579397234122, 40.049767390665 ], "point_id": 0 }, "geometry": { "type": "Polygon", "coordinates": [ [ [ -111.689696, 40.048761 ], [ -111.684737, 40.046193 ], [ -111.684377, 40.046184 ], [ -111.681011, 40.04983 ], [ -111.681008, 40.05019 ], [ -111.681676, 40.051756 ], [ -111.681913, 40.052116 ], [ -111.682025, 40.05215 ], [ -111.683376, 40.052434 ], [ -111.683439, 40.052423 ], [ -111.683752, 40.052246 ], [ -111.686847, 40.049527 ], [ -111.688968, 40.049247 ], [ -111.689755, 40.049116 ], [ -111.690541, 40.048986 ], [ -111.690483, 40.048631 ], [ -111.689696, 40.048761 ] ] ] } },
{ "type": "Feature", "properties": { "group_index": 0, "value": 600.0, "center": [ -111.68579397234122, 40.049767390665 ], "point_id": 0 }, "geometry": { "type": "Polygon", "coordinates": [ [ [ -111.695262, 40.04782 ], [ -111.694571, 40.046695 ], [ -111.69221, 40.045693 ], [ -111.691855, 40.045636 ], [ -111.688909, 40.048892 ], [ -111.68477, 40.044928 ], [ -111.684778, 40.044152 ], [ -111.684785, 40.043377 ], [ -111.684425, 40.043373 ], [ -111.681596, 40.046804 ], [ -111.679357, 40.047356 ], [ -111.678528, 40.047929 ], [ -111.676185, 40.049665 ], [ -111.676127, 40.049738 ], [ -111.676111, 40.050098 ], [ -111.677781, 40.054015 ], [ -111.677919, 40.054267 ], [ -111.67799, 40.05436 ], [ -111.679134, 40.054846 ], [ -111.68458, 40.055644 ], [ -111.684934, 40.05558 ], [ -111.686172, 40.054908 ], [ -111.68607, 40.054563 ], [ -111.686847, 40.049527 ], [ -111.688968, 40.049247 ], [ -111.691997, 40.050945 ], [ -111.692347, 40.051468 ], [ -111.692698, 40.051991 ], [ -111.692997, 40.05179 ], [ -111.694378, 40.049973 ], [ -111.69532, 40.048175 ], [ -111.695262, 40.04782 ] ] ] } },
{ "type": "Feature", "properties": { "group_index": 0, "value": 900.0, "center": [ -111.68579397234122, 40.049767390665 ], "point_id": 0 }, "geometry": { "type": "Polygon", "coordinates": [ [ [ -111.700046, 40.04703 ], [ -111.699478, 40.04618 ], [ -111.694611, 40.043361 ], [ -111.692197, 40.042095 ], [ -111.686665, 40.040889 ], [ -111.686305, 40.040883 ], [ -111.681896, 40.041471 ], [ -111.680328, 40.042402 ], [ -111.677012, 40.045296 ], [ -111.674915, 40.046686 ], [ -111.6734, 40.047953 ], [ -111.671756, 40.049685 ], [ -111.671754, 40.050045 ], [ -111.673314, 40.054871 ], [ -111.67402, 40.056574 ], [ -111.674185, 40.056895 ], [ -111.675651, 40.057208 ], [ -111.675921, 40.057259 ], [ -111.676281, 40.056985 ], [ -111.677217, 40.056256 ], [ -111.682534, 40.058265 ], [ -111.686998, 40.05917 ], [ -111.687289, 40.058958 ], [ -111.687416, 40.054539 ], [ -111.693056, 40.054867 ], [ -111.693394, 40.054991 ], [ -111.6953, 40.051957 ], [ -111.699382, 40.047882 ], [ -111.699718, 40.047752 ], [ -111.700106, 40.047385 ], [ -111.700046, 40.04703 ] ] ] } },
{ "type": "Feature", "properties": { "group_index": 0, "value": 300.0, "center": [ -111.67335313074179, 40.05701721841888 ], "point_id": 0 }, "geometry": { "type": "Polygon", "coordinates": [ [ [ -111.677242, 40.054805 ], [ -111.67704, 40.05448 ], [ -111.677, 40.05446 ], [ -111.673665, 40.053255 ], [ -111.673579, 40.053254 ], [ -111.673273, 40.053269 ], [ -111.671765, 40.054246 ], [ -111.669646, 40.055886 ], [ -111.669042, 40.057414 ], [ -111.669038, 40.057774 ], [ -111.669241, 40.059378 ], [ -111.669563, 40.059539 ], [ -111.67311, 40.060824 ], [ -111.673329, 40.060891 ], [ -111.673399, 40.060889 ], [ -111.675875, 40.059051 ], [ -111.677553, 40.056033 ], [ -111.677242, 40.054805 ] ] ] } },
{ "type": "Feature", "properties": { "group_index": 0, "value": 600.0, "center": [ -111.67335313074179, 40.05701721841888 ], "point_id": 0 }, "geometry": { "type": "Polygon", "coordinates": [ [ [ -111.681896, 40.055 ], [ -111.681406, 40.052295 ], [ -111.68123, 40.051981 ], [ -111.678131, 40.051244 ], [ -111.673875, 40.049554 ], [ -111.67372, 40.049559 ], [ -111.673598, 40.04958 ], [ -111.672938, 40.049695 ], [ -111.671355, 40.050822 ], [ -111.66672, 40.054346 ], [ -111.664751, 40.055843 ], [ -111.664448, 40.058901 ], [ -111.664483, 40.05926 ], [ -111.667328, 40.062586 ], [ -111.667635, 40.062774 ], [ -111.673034, 40.064509 ], [ -111.673394, 40.06451 ], [ -111.674393, 40.063785 ], [ -111.678647, 40.060995 ], [ -111.678645, 40.060635 ], [ -111.681308, 40.055333 ], [ -111.681879, 40.055359 ], [ -111.681896, 40.055 ] ] ] } },
{ "type": "Feature", "properties": { "group_index": 0, "value": 900.0, "center": [ -111.67335313074179, 40.05701721841888 ], "point_id": 0 }, "geometry": { "type": "Polygon", "coordinates": [ [ [ -111.686352, 40.054479 ], [ -111.685097, 40.050199 ], [ -111.684882, 40.050014 ], [ -111.679706, 40.04801 ], [ -111.679526, 40.047943 ], [ -111.675064, 40.04677 ], [ -111.672904, 40.046396 ], [ -111.672863, 40.046397 ], [ -111.671344, 40.047223 ], [ -111.667725, 40.049741 ], [ -111.665687, 40.051357 ], [ -111.663857, 40.052778 ], [ -111.660742, 40.055148 ], [ -111.66074, 40.055508 ], [ -111.660934, 40.060715 ], [ -111.66304, 40.06233 ], [ -111.665355, 40.066128 ], [ -111.665549, 40.066196 ], [ -111.665744, 40.066264 ], [ -111.666008, 40.066252 ], [ -111.670894, 40.066794 ], [ -111.673173, 40.068205 ], [ -111.676382, 40.064916 ], [ -111.676827, 40.064531 ], [ -111.677918, 40.061938 ], [ -111.682649, 40.062923 ], [ -111.683008, 40.062916 ], [ -111.683186, 40.060993 ], [ -111.685894, 40.056152 ], [ -111.686455, 40.054825 ], [ -111.686352, 40.054479 ] ] ] } },
{ "type": "Feature", "properties": { "group_index": 0, "value": 300.0, "center": [ -111.66300520782987, 40.071058523661144 ], "point_id": 0 }, "geometry": { "type": "Polygon", "coordinates": [ [ [ -111.663708, 40.073688 ], [ -111.66523, 40.068281 ], [ -111.665317, 40.067931 ], [ -111.665213, 40.067798 ], [ -111.6649, 40.06762 ], [ -111.664794, 40.067576 ], [ -111.660022, 40.069172 ], [ -111.657803, 40.070926 ], [ -111.657807, 40.071286 ], [ -111.661054, 40.074391 ], [ -111.661378, 40.074547 ], [ -111.66362, 40.074314 ], [ -111.663708, 40.073688 ] ] ] } },
{ "type": "Feature", "properties": { "group_index": 0, "value": 600.0, "center": [ -111.66300520782987, 40.071058523661144 ], "point_id": 0 }, "geometry": { "type": "Polygon", "coordinates": [ [ [ -111.668808, 40.066151 ], [ -111.666983, 40.064287 ], [ -111.666665, 40.064119 ], [ -111.663068, 40.065558 ], [ -111.660021, 40.069172 ], [ -111.654545, 40.070251 ], [ -111.654185, 40.070256 ], [ -111.653212, 40.070976 ], [ -111.653215, 40.071336 ], [ -111.654208, 40.072291 ], [ -111.658724, 40.074601 ], [ -111.659585, 40.07798 ], [ -111.659923, 40.078106 ], [ -111.664227, 40.077388 ], [ -111.664738, 40.07695 ], [ -111.666281, 40.071272 ], [ -111.669013, 40.067157 ], [ -111.668808, 40.066151 ] ] ] } },
{ "type": "Feature", "properties": { "group_index": 0, "value": 900.0, "center": [ -111.66300520782987, 40.071058523661144 ], "point_id": 0 }, "geometry": { "type": "Polygon", "coordinates": [ [ [ -111.67337, 40.066659 ], [ -111.673371, 40.066638 ], [ -111.673372, 40.066526 ], [ -111.673269, 40.065905 ], [ -111.66964, 40.061511 ], [ -111.668667, 40.060579 ], [ -111.668613, 40.060576 ], [ -111.666839, 40.060718 ], [ -111.663, 40.061554 ], [ -111.663021, 40.061957 ], [ -111.663041, 40.06236 ], [ -111.662561, 40.065779 ], [ -111.660021, 40.069172 ], [ -111.654945, 40.068356 ], [ -111.654514, 40.06628 ], [ -111.654154, 40.066283 ], [ -111.65062, 40.070712 ], [ -111.649125, 40.071012 ], [ -111.647897, 40.071027 ], [ -111.647901, 40.071387 ], [ -111.650445, 40.071868 ], [ -111.654319, 40.075783 ], [ -111.656229, 40.078954 ], [ -111.657962, 40.081868 ], [ -111.6583, 40.081992 ], [ -111.661162, 40.081129 ], [ -111.664247, 40.081184 ], [ -111.664357, 40.08119 ], [ -111.664716, 40.081164 ], [ -111.665837, 40.08011 ], [ -111.666848, 40.079065 ], [ -111.667841, 40.076774 ], [ -111.668042, 40.071558 ], [ -111.668037, 40.071191 ], [ -111.671789, 40.066803 ], [ -111.672991, 40.066788 ], [ -111.673349, 40.066831 ], [ -111.67337, 40.066659 ] ] ] } },
{ "type": "Feature", "properties": { "group_index": 0, "value": 300.0, "center": [ -111.6556830314652, 40.0917213027255 ], "point_id": 0 }, "geometry": { "type": "Polygon", "coordinates": [ [ [ -111.657184, 40.092613 ], [ -111.656226, 40.087331 ], [ -111.655877, 40.087244 ], [ -111.65579, 40.087599 ], [ -111.65466, 40.09327 ], [ -111.655306, 40.095501 ], [ -111.655458, 40.095523 ], [ -111.655658, 40.095471 ], [ -111.65585, 40.095377 ], [ -111.657411, 40.09367 ], [ -111.657184, 40.092613 ] ] ] } },
{ "type": "Feature", "properties": { "group_index": 0, "value": 600.0, "center": [ -111.6556830314652, 40.0917213027255 ], "point_id": 0 }, "geometry": { "type": "Polygon", "coordinates": [ [ [ -111.660893, 40.091244 ], [ -111.660695, 40.090943 ], [ -111.657121, 40.089575 ], [ -111.656855, 40.085792 ], [ -111.65714, 40.085239 ], [ -111.657301, 40.084896 ], [ -111.657465, 40.084548 ], [ -111.657676, 40.084058 ], [ -111.657887, 40.083568 ], [ -111.657556, 40.083426 ], [ -111.657345, 40.083916 ], [ -111.657134, 40.084405 ], [ -111.656976, 40.084743 ], [ -111.656814, 40.085086 ], [ -111.656535, 40.085627 ], [ -111.652543, 40.089834 ], [ -111.652336, 40.090129 ], [ -111.651259, 40.093317 ], [ -111.652989, 40.09778 ], [ -111.65514, 40.0992 ], [ -111.655499, 40.099217 ], [ -111.656682, 40.09867 ], [ -111.659916, 40.0971 ], [ -111.660893, 40.091244 ] ] ] } },
{ "type": "Feature", "properties": { "group_index": 0, "value": 900.0, "center": [ -111.6556830314652, 40.0917213027255 ], "point_id": 0 }, "geometry": { "type": "Polygon", "coordinates": [ [ [ -111.663741, 40.096981 ], [ -111.664287, 40.091574 ], [ -111.66493, 40.088814 ], [ -111.66476, 40.088497 ], [ -111.663514, 40.088075 ], [ -111.663159, 40.088132 ], [ -111.661867, 40.088307 ], [ -111.660436, 40.088116 ], [ -111.657887, 40.083568 ], [ -111.658697, 40.081474 ], [ -111.658804, 40.081177 ], [ -111.65891, 40.08088 ], [ -111.658571, 40.080758 ], [ -111.658376, 40.080739 ], [ -111.656826, 40.082295 ], [ -111.656786, 40.082341 ], [ -111.654099, 40.087299 ], [ -111.652551, 40.088685 ], [ -111.652315, 40.088865 ], [ -111.647644, 40.092039 ], [ -111.647609, 40.092398 ], [ -111.650826, 40.097239 ], [ -111.653725, 40.101354 ], [ -111.654791, 40.102831 ], [ -111.65501, 40.102946 ], [ -111.65537, 40.102962 ], [ -111.660636, 40.100796 ], [ -111.663751, 40.09843 ], [ -111.663869, 40.09809 ], [ -111.663741, 40.096981 ] ] ] } },
{ "type": "Feature", "properties": { "group_index": 0, "value": 300.0, "center": [ -111.65522951416376, 40.102046779479174 ], "point_id": 0 }, "geometry": { "type": "Polygon", "coordinates": [ [ [ -111.65896, 40.100853 ], [ -111.658853, 40.100766 ], [ -111.657943, 40.100076 ], [ -111.655925, 40.098586 ], [ -111.655735, 40.098442 ], [ -111.655542, 40.09831 ], [ -111.655182, 40.098293 ], [ -111.653137, 40.099098 ], [ -111.652972, 40.099418 ], [ -111.653362, 40.104736 ], [ -111.653373, 40.104786 ], [ -111.65478, 40.105925 ], [ -111.654843, 40.105925 ], [ -111.655156, 40.105735 ], [ -111.656086, 40.105137 ], [ -111.656509, 40.104809 ], [ -111.659309, 40.102186 ], [ -111.65896, 40.100853 ] ] ] } },
{ "type": "Feature", "properties": { "group_index": 0, "value": 600.0, "center": [ -111.65522951416376, 40.102046779479174 ], "point_id": 0 }, "geometry": { "type": "Polygon", "coordinates": [ [ [ -111.66319, 40.101863 ], [ -111.6629, 40.100285 ], [ -111.662251, 40.099442 ], [ -111.659967, 40.097379 ], [ -111.655699, 40.094564 ], [ -111.655306, 40.094504 ], [ -111.653107, 40.094857 ], [ -111.652837, 40.095095 ], [ -111.651, 40.097067 ], [ -111.649869, 40.10221 ], [ -111.649867, 40.102357 ], [ -111.649896, 40.105902 ], [ -111.650033, 40.106023 ], [ -111.650189, 40.106145 ], [ -111.653283, 40.108638 ], [ -111.653384, 40.108717 ], [ -111.654619, 40.109513 ], [ -111.654979, 40.109521 ], [ -111.655323, 40.109345 ], [ -111.658247, 40.107679 ], [ -111.658542, 40.107473 ], [ -111.659607, 40.106505 ], [ -111.663179, 40.102156 ], [ -111.66319, 40.101863 ] ] ] } },
{ "type": "Feature", "properties": { "group_index": 0, "value": 900.0, "center": [ -111.65522951416376, 40.102046779479174 ], "point_id": 0 }, "geometry": { "type": "Polygon", "coordinates": [ [ [ -111.667697, 40.100314 ], [ -111.66743, 40.100011 ], [ -111.66353, 40.095848 ], [ -111.65892, 40.09217 ], [ -111.657289, 40.090705 ], [ -111.655938, 40.090312 ], [ -111.655579, 40.090293 ], [ -111.655394, 40.090371 ], [ -111.653755, 40.09124 ], [ -111.649693, 40.092257 ], [ -111.649658, 40.092615 ], [ -111.648936, 40.098571 ], [ -111.648657, 40.098797 ], [ -111.646687, 40.104234 ], [ -111.645655, 40.104824 ], [ -111.644999, 40.105518 ], [ -111.644998, 40.105878 ], [ -111.645134, 40.106001 ], [ -111.645284, 40.106124 ], [ -111.648914, 40.109178 ], [ -111.652014, 40.111439 ], [ -111.65281, 40.112007 ], [ -111.652928, 40.112091 ], [ -111.653827, 40.112724 ], [ -111.654591, 40.113263 ], [ -111.654951, 40.113264 ], [ -111.655872, 40.112744 ], [ -111.660102, 40.11002 ], [ -111.661714, 40.109276 ], [ -111.662885, 40.108186 ], [ -111.665632, 40.105173 ], [ -111.667747, 40.100671 ], [ -111.667697, 40.100314 ] ] ] } },
{ "type": "Feature", "properties": { "group_index": 0, "value": 300.0, "center": [ -111.90247993072303, 40.526793016090906 ], "point_id": 0 }, "geometry": { "type": "Polygon", "coordinates": [ [ [ -111.907415, 40.526625 ], [ -111.907254, 40.526482 ], [ -111.906614, 40.525971 ], [ -111.903188, 40.524538 ], [ -111.899536, 40.524653 ], [ -111.897559, 40.526545 ], [ -111.897554, 40.526675 ], [ -111.897555, 40.527035 ], [ -111.897645, 40.527105 ], [ -111.8979, 40.527272 ], [ -111.898901, 40.527944 ], [ -111.901003, 40.528216 ], [ -111.901404, 40.528216 ], [ -111.906394, 40.527586 ], [ -111.906753, 40.527555 ], [ -111.907348, 40.527121 ], [ -111.907403, 40.526984 ], [ -111.907415, 40.526625 ] ] ] } },
{ "type": "Feature", "properties": { "group_index": 0, "value": 600.0, "center": [ -111.90247993072303, 40.526793016090906 ], "point_id": 0 }, "geometry": { "type": "Polygon", "coordinates": [ [ [ -111.912295, 40.526582 ], [ -111.912284, 40.526438 ], [ -111.910378, 40.524925 ], [ -111.908675, 40.523597 ], [ -111.906689, 40.522143 ], [ -111.906331, 40.522187 ], [ -111.903188, 40.524538 ], [ -111.899536, 40.524653 ], [ -111.8944, 40.52481 ], [ -111.89404, 40.524808 ], [ -111.892449, 40.526396 ], [ -111.892447, 40.526756 ], [ -111.892623, 40.527038 ], [ -111.892736, 40.527162 ], [ -111.893495, 40.527851 ], [ -111.895803, 40.529452 ], [ -111.899575, 40.530675 ], [ -111.900108, 40.530694 ], [ -111.900642, 40.530714 ], [ -111.906518, 40.530831 ], [ -111.906684, 40.531005 ], [ -111.907044, 40.531008 ], [ -111.909563, 40.530521 ], [ -111.911162, 40.528435 ], [ -111.912205, 40.527082 ], [ -111.912306, 40.526941 ], [ -111.912295, 40.526582 ] ] ] } },
{ "type": "Feature", "properties": { "group_index": 0, "value": 900.0, "center": [ -111.90247993072303, 40.526793016090906 ], "point_id": 0 }, "geometry": { "type": "Polygon", "coordinates": [ [ [ -111.917319, 40.526254 ], [ -111.917304, 40.526058 ], [ -111.917173, 40.525722 ], [ -111.916883, 40.525836 ], [ -111.916687, 40.525901 ], [ -111.911116, 40.523813 ], [ -111.910566, 40.52253 ], [ -111.909515, 40.519912 ], [ -111.909499, 40.519833 ], [ -111.909323, 40.519519 ], [ -111.907629, 40.518455 ], [ -111.907515, 40.518403 ], [ -111.90581, 40.518788 ], [ -111.905488, 40.518949 ], [ -111.905429, 40.520022 ], [ -111.905387, 40.520421 ], [ -111.903188, 40.524538 ], [ -111.900645, 40.524895 ], [ -111.899536, 40.524653 ], [ -111.89543, 40.52137 ], [ -111.89508, 40.521238 ], [ -111.894838, 40.521171 ], [ -111.89468, 40.521172 ], [ -111.89155, 40.523219 ], [ -111.887699, 40.526502 ], [ -111.887695, 40.526649 ], [ -111.887695, 40.527009 ], [ -111.887838, 40.527142 ], [ -111.888415, 40.527593 ], [ -111.888722, 40.527757 ], [ -111.893554, 40.530939 ], [ -111.895082, 40.532194 ], [ -111.896212, 40.533038 ], [ -111.896379, 40.53305 ], [ -111.896728, 40.532962 ], [ -111.897409, 40.53244 ], [ -111.902978, 40.531456 ], [ -111.905483, 40.53317 ], [ -111.905615, 40.533203 ], [ -111.910216, 40.533702 ], [ -111.91052, 40.533532 ], [ -111.91062, 40.533456 ], [ -111.914762, 40.530298 ], [ -111.917322, 40.526338 ], [ -111.917319, 40.526254 ] ] ] } },
{ "type": "Feature", "properties": { "group_index": 0, "value": 300.0, "center": [ -111.89080532598805, 40.566028738422425 ], "point_id": 0 }, "geometry": { "type": "Polygon", "coordinates": [ [ [ -111.895267, 40.565655 ], [ -111.895045, 40.565142 ], [ -111.894712, 40.564408 ], [ -111.894346, 40.56414 ], [ -111.894191, 40.564026 ], [ -111.890951, 40.562231 ], [ -111.890947, 40.562231 ], [ -111.890546, 40.562338 ], [ -111.890416, 40.562401 ], [ -111.88733, 40.563838 ], [ -111.885894, 40.565786 ], [ -111.885894, 40.566146 ], [ -111.886603, 40.567235 ], [ -111.887199, 40.568034 ], [ -111.890517, 40.569758 ], [ -111.891169, 40.569741 ], [ -111.893097, 40.568229 ], [ -111.895257, 40.565802 ], [ -111.895267, 40.565655 ] ] ] } },
{ "type": "Feature", "properties": { "group_index": 0, "value": 600.0, "center": [ -111.89080532598805, 40.566028738422425 ], "point_id": 0 }, "geometry": { "type": "Polygon", "coordinates": [ [ [ -111.899232, 40.566238 ], [ -111.899182, 40.565987 ], [ -111.898793, 40.564077 ], [ -111.897988, 40.562851 ], [ -111.897857, 40.562773 ], [ -111.893549, 40.560563 ], [ -111.892709, 40.559513 ], [ -111.890897, 40.558499 ], [ -111.890874, 40.5585 ], [ -111.890417, 40.55854 ], [ -111.889105, 40.559211 ], [ -111.884472, 40.562499 ], [ -111.882476, 40.564184 ], [ -111.882657, 40.566795 ], [ -111.885128, 40.571156 ], [ -111.890417, 40.573367 ], [ -111.890572, 40.573428 ], [ -111.890747, 40.573456 ], [ -111.891107, 40.573454 ], [ -111.891179, 40.573433 ], [ -111.894008, 40.571426 ], [ -111.895884, 40.570139 ], [ -111.896351, 40.569827 ], [ -111.899227, 40.566466 ], [ -111.899232, 40.566238 ] ] ] } },
{ "type": "Feature", "properties": { "group_index": 0, "value": 900.0, "center": [ -111.89080532598805, 40.566028738422425 ], "point_id": 0 }, "geometry": { "type": "Polygon", "coordinates": [ [ [ -111.901154, 40.569781 ], [ -111.901123, 40.569543 ], [ -111.900978, 40.568595 ], [ -111.898793, 40.564077 ], [ -111.897391, 40.558837 ], [ -111.894446, 40.556582 ], [ -111.891026, 40.554862 ], [ -111.890801, 40.554762 ], [ -111.890441, 40.554758 ], [ -111.888828, 40.55553 ], [ -111.886973, 40.557047 ], [ -111.883629, 40.559706 ], [ -111.882361, 40.560702 ], [ -111.881673, 40.561405 ], [ -111.879325, 40.566125 ], [ -111.879322, 40.566485 ], [ -111.879735, 40.569165 ], [ -111.879818, 40.569516 ], [ -111.882858, 40.573346 ], [ -111.884163, 40.574581 ], [ -111.885851, 40.575986 ], [ -111.890596, 40.577906 ], [ -111.890956, 40.577903 ], [ -111.894972, 40.574895 ], [ -111.897676, 40.57286 ], [ -111.901064, 40.569995 ], [ -111.901119, 40.569903 ], [ -111.901154, 40.569781 ] ] ] } }
]
}
