{
"type": "FeatureCollection",
"name": "ChildCare_iso_foot-walking",
"crs": { "type": "name", "properties": { "name": "urn:ogc:def:crs:OGC:1.3:CRS84" } },
"features": [
{ "type": "Feature", "properties": { "group_index": 0, "value": 300.0, "center": [ -111.96770777061667, 41.22564030924067 ], "point_id": "F10-3474" }, "geometry": { "type": "Polygon", "coordinates": [ [ [ -111.971806, 41.224796 ], [ -111.971597, 41.224614 ], [ -111.970665, 41.223871 ], [ -111.968747, 41.222363 ], [ -111.968132, 41.221971 ], [ -111.967973, 41.221901 ], [ -111.967613, 41.221888 ], [ -111.967249, 41.221994 ], [ -111.963838, 41.224582 ], [ -111.963683, 41.224697 ], [ -111.963678, 41.225057 ], [ -111.964108, 41.226745 ], [ -111.964209, 41.226921 ], [ -111.964345, 41.227031 ], [ -111.964508, 41.227161 ], [ -111.966943, 41.229052 ], [ -111.96707, 41.22915 ], [ -111.967254, 41.229293 ], [ -111.967439, 41.229383 ], [ -111.967798, 41.229389 ], [ -111.968168, 41.229168 ], [ -111.970825, 41.227247 ], [ -111.97099, 41.227118 ], [ -111.971125, 41.227011 ], [ -111.971806, 41.225156 ], [ -111.971806, 41.224796 ] ] ] } },
{ "type": "Feature", "properties": { "group_index": 0, "value": 600.0, "center": [ -111.96770777061667, 41.22564030924067 ], "point_id": "F10-3474" }, "geometry": { "type": "Polygon", "coordinates": [ [ [ -111.976638, 41.225111 ], [ -111.976643, 41.224751 ], [ -111.97659, 41.224634 ], [ -111.97516, 41.22329 ], [ -111.973395, 41.221961 ], [ -111.972197, 41.221059 ], [ -111.96853, 41.218477 ], [ -111.968053, 41.218153 ], [ -111.967693, 41.218144 ], [ -111.967461, 41.218226 ], [ -111.962692, 41.220898 ], [ -111.958702, 41.22463 ], [ -111.958697, 41.22499 ], [ -111.959363, 41.22697 ], [ -111.961823, 41.228986 ], [ -111.964461, 41.230894 ], [ -111.964805, 41.231106 ], [ -111.968156, 41.232428 ], [ -111.968495, 41.232549 ], [ -111.972271, 41.230081 ], [ -111.973518, 41.229136 ], [ -111.97506, 41.227945 ], [ -111.975859, 41.227299 ], [ -111.976003, 41.227183 ], [ -111.976638, 41.225111 ] ] ] } },
{ "type": "Feature", "properties": { "group_index": 0, "value": 900.0, "center": [ -111.96770777061667, 41.22564030924067 ], "point_id": "F10-3474" }, "geometry": { "type": "Polygon", "coordinates": [ [ [ -111.981079, 41.22698 ], [ -111.98076, 41.224426 ], [ -111.980361, 41.222688 ], [ -111.976842, 41.220671 ], [ -111.974023, 41.218552 ], [ -111.973853, 41.21842 ], [ -111.970458, 41.215938 ], [ -111.968041, 41.214282 ], [ -111.967964, 41.214282 ], [ -111.967247, 41.214704 ], [ -111.962152, 41.217639 ], [ -111.961983, 41.217735 ], [ -111.961368, 41.218136 ], [ -111.960959, 41.218438 ], [ -111.958554, 41.2202 ], [ -111.9584, 41.220314 ], [ -111.958264, 41.220418 ], [ -111.954925, 41.223403 ], [ -111.953718, 41.224565 ], [ -111.953718, 41.224925 ], [ -111.954382, 41.226904 ], [ -111.954531, 41.227026 ], [ -111.957118, 41.229154 ], [ -111.959971, 41.231477 ], [ -111.96424, 41.234818 ], [ -111.968865, 41.235011 ], [ -111.96993, 41.235025 ], [ -111.970292, 41.235025 ], [ -111.970937, 41.234614 ], [ -111.973761, 41.23265 ], [ -111.975849, 41.231219 ], [ -111.978404, 41.229313 ], [ -111.980986, 41.227258 ], [ -111.981079, 41.22702 ], [ -111.981079, 41.22698 ] ] ] } },
{ "type": "Feature", "properties": { "group_index": 0, "value": 300.0, "center": [ -111.86442804634407, 40.52690028038558 ], "point_id": "F21-84240" }, "geometry": { "type": "Polygon", "coordinates": [ [ [ -111.86923, 40.526785 ], [ -111.868718, 40.526339 ], [ -111.867056, 40.524879 ], [ -111.86694, 40.524787 ], [ -111.866818, 40.524693 ], [ -111.866363, 40.524414 ], [ -111.866003, 40.524414 ], [ -111.863513, 40.524896 ], [ -111.863324, 40.524994 ], [ -111.861815, 40.526795 ], [ -111.861303, 40.527465 ], [ -111.8614, 40.527812 ], [ -111.861445, 40.527935 ], [ -111.861607, 40.528024 ], [ -111.861868, 40.528106 ], [ -111.865252, 40.528975 ], [ -111.866246, 40.528792 ], [ -111.868237, 40.528008 ], [ -111.869227, 40.527145 ], [ -111.86923, 40.526785 ] ] ] } },
{ "type": "Feature", "properties": { "group_index": 0, "value": 600.0, "center": [ -111.86442804634407, 40.52690028038558 ], "point_id": "F21-84240" }, "geometry": { "type": "Polygon", "coordinates": [ [ [ -111.874255, 40.526711 ], [ -111.871279, 40.524319 ], [ -111.867331, 40.520995 ], [ -111.866966, 40.520969 ], [ -111.866601, 40.520944 ], [ -111.864415, 40.521308 ], [ -111.864171, 40.521367 ], [ -111.860411, 40.523475 ], [ -111.858416, 40.525081 ], [ -111.856416, 40.528208 ], [ -111.856413, 40.528568 ], [ -111.857626, 40.529308 ], [ -111.862563, 40.531682 ], [ -111.8681, 40.532159 ], [ -111.872064, 40.528942 ], [ -111.874074, 40.527162 ], [ -111.87428, 40.526922 ], [ -111.874255, 40.526711 ] ] ] } },
{ "type": "Feature", "properties": { "group_index": 0, "value": 900.0, "center": [ -111.86442804634407, 40.52690028038558 ], "point_id": "F21-84240" }, "geometry": { "type": "Polygon", "coordinates": [ [ [ -111.879025, 40.52655 ], [ -111.878893, 40.526408 ], [ -111.878271, 40.525909 ], [ -111.876993, 40.524875 ], [ -111.875072, 40.523476 ], [ -111.871306, 40.520486 ], [ -111.86656, 40.518697 ], [ -111.865249, 40.517625 ], [ -111.864893, 40.517576 ], [ -111.863494, 40.518415 ], [ -111.863292, 40.518598 ], [ -111.859757, 40.520999 ], [ -111.857773, 40.521813 ], [ -111.85435, 40.524043 ], [ -111.854015, 40.524273 ], [ -111.851929, 40.527061 ], [ -111.851864, 40.527416 ], [ -111.852519, 40.529777 ], [ -111.855449, 40.531666 ], [ -111.858371, 40.533124 ], [ -111.862569, 40.535429 ], [ -111.862929, 40.535429 ], [ -111.864126, 40.535075 ], [ -111.87012, 40.535246 ], [ -111.870327, 40.535251 ], [ -111.87065, 40.534975 ], [ -111.870916, 40.534732 ], [ -111.87257, 40.532715 ], [ -111.87571, 40.529903 ], [ -111.876377, 40.529375 ], [ -111.87879, 40.527341 ], [ -111.878964, 40.527037 ], [ -111.879024, 40.52691 ], [ -111.879025, 40.52655 ] ] ] } },
{ "type": "Feature", "properties": { "group_index": 0, "value": 300.0, "center": [ -111.97562324350619, 40.36104044042883 ], "point_id": "F18-60214" }, "geometry": { "type": "Polygon", "coordinates": [ [ [ -111.979595, 40.359884 ], [ -111.979637, 40.359526 ], [ -111.97923, 40.358656 ], [ -111.978283, 40.357884 ], [ -111.977394, 40.357753 ], [ -111.975192, 40.357875 ], [ -111.973014, 40.358263 ], [ -111.972821, 40.358296 ], [ -111.9727, 40.358384 ], [ -111.972053, 40.359661 ], [ -111.971586, 40.361875 ], [ -111.971591, 40.362235 ], [ -111.976122, 40.364121 ], [ -111.976482, 40.364111 ], [ -111.976802, 40.364031 ], [ -111.978332, 40.363055 ], [ -111.979074, 40.362524 ], [ -111.979334, 40.362153 ], [ -111.979595, 40.359884 ] ] ] } },
{ "type": "Feature", "properties": { "group_index": 0, "value": 600.0, "center": [ -111.97562324350619, 40.36104044042883 ], "point_id": "F18-60214" }, "geometry": { "type": "Polygon", "coordinates": [ [ [ -111.984343, 40.360614 ], [ -111.982748, 40.357738 ], [ -111.981938, 40.356472 ], [ -111.980165, 40.354857 ], [ -111.974254, 40.354828 ], [ -111.97415, 40.354833 ], [ -111.973791, 40.354856 ], [ -111.968714, 40.357956 ], [ -111.966624, 40.36185 ], [ -111.966624, 40.36221 ], [ -111.966793, 40.362472 ], [ -111.96793, 40.363745 ], [ -111.970599, 40.364289 ], [ -111.97397, 40.366531 ], [ -111.976323, 40.368157 ], [ -111.976673, 40.368242 ], [ -111.97946, 40.366248 ], [ -111.980662, 40.365154 ], [ -111.984127, 40.36234 ], [ -111.984343, 40.360614 ] ] ] } },
{ "type": "Feature", "properties": { "group_index": 0, "value": 900.0, "center": [ -111.97562324350619, 40.36104044042883 ], "point_id": "F18-60214" }, "geometry": { "type": "Polygon", "coordinates": [ [ [ -111.988062, 40.360702 ], [ -111.987138, 40.357216 ], [ -111.986474, 40.35611 ], [ -111.984617, 40.35381 ], [ -111.983273, 40.3523 ], [ -111.982387, 40.351847 ], [ -111.981289, 40.35212 ], [ -111.979814, 40.352721 ], [ -111.974237, 40.351743 ], [ -111.972958, 40.351434 ], [ -111.971713, 40.35135 ], [ -111.971537, 40.351782 ], [ -111.966794, 40.35539 ], [ -111.966516, 40.35557 ], [ -111.964828, 40.356888 ], [ -111.961186, 40.360918 ], [ -111.961187, 40.361278 ], [ -111.961546, 40.362485 ], [ -111.96397, 40.364454 ], [ -111.966381, 40.36694 ], [ -111.971499, 40.368844 ], [ -111.972823, 40.370019 ], [ -111.974319, 40.37123 ], [ -111.974636, 40.371401 ], [ -111.974851, 40.371446 ], [ -111.975094, 40.371466 ], [ -111.975216, 40.371471 ], [ -111.980204, 40.368566 ], [ -111.983747, 40.367352 ], [ -111.985986, 40.3654 ], [ -111.98622, 40.365126 ], [ -111.986635, 40.364258 ], [ -111.987974, 40.361051 ], [ -111.988062, 40.360702 ] ] ] } },
{ "type": "Feature", "properties": { "group_index": 0, "value": 300.0, "center": [ -111.7114934, 40.3051107 ], "point_id": "F15-44861" }, "geometry": { "type": "Polygon", "coordinates": [ [ [ -111.715474, 40.304275 ], [ -111.715009, 40.303794 ], [ -111.713247, 40.302636 ], [ -111.712887, 40.302642 ], [ -111.710631, 40.302654 ], [ -111.708732, 40.302883 ], [ -111.70753, 40.30407 ], [ -111.707199, 40.304425 ], [ -111.707198, 40.304785 ], [ -111.708745, 40.305907 ], [ -111.709996, 40.306826 ], [ -111.710355, 40.306817 ], [ -111.713214, 40.306626 ], [ -111.71472, 40.305516 ], [ -111.715476, 40.304635 ], [ -111.715474, 40.304275 ] ] ] } },
{ "type": "Feature", "properties": { "group_index": 0, "value": 600.0, "center": [ -111.7114934, 40.3051107 ], "point_id": "F15-44861" }, "geometry": { "type": "Polygon", "coordinates": [ [ [ -111.720473, 40.304379 ], [ -111.720389, 40.304272 ], [ -111.717786, 40.30209 ], [ -111.717164, 40.301591 ], [ -111.715877, 40.300749 ], [ -111.714915, 40.30022 ], [ -111.709788, 40.300244 ], [ -111.705313, 40.301492 ], [ -111.705222, 40.301554 ], [ -111.704835, 40.301923 ], [ -111.702447, 40.304307 ], [ -111.702446, 40.304667 ], [ -111.703331, 40.305705 ], [ -111.707698, 40.30927 ], [ -111.709234, 40.310225 ], [ -111.710077, 40.310572 ], [ -111.710437, 40.310565 ], [ -111.712614, 40.310127 ], [ -111.714951, 40.309141 ], [ -111.715021, 40.309089 ], [ -111.717557, 40.307272 ], [ -111.72004, 40.305106 ], [ -111.720388, 40.304632 ], [ -111.720473, 40.304452 ], [ -111.720473, 40.304379 ] ] ] } },
{ "type": "Feature", "properties": { "group_index": 0, "value": 900.0, "center": [ -111.7114934, 40.3051107 ], "point_id": "F15-44861" }, "geometry": { "type": "Polygon", "coordinates": [ [ [ -111.725351, 40.3042 ], [ -111.724473, 40.303666 ], [ -111.720593, 40.30029 ], [ -111.715665, 40.296998 ], [ -111.714931, 40.296534 ], [ -111.714825, 40.296495 ], [ -111.714465, 40.296495 ], [ -111.709654, 40.297321 ], [ -111.705069, 40.297784 ], [ -111.700693, 40.300799 ], [ -111.698673, 40.303025 ], [ -111.697586, 40.304239 ], [ -111.697531, 40.304318 ], [ -111.697535, 40.304678 ], [ -111.697969, 40.305154 ], [ -111.69822, 40.305371 ], [ -111.698342, 40.305455 ], [ -111.702387, 40.308443 ], [ -111.704373, 40.310179 ], [ -111.705319, 40.311005 ], [ -111.707112, 40.312486 ], [ -111.709316, 40.31375 ], [ -111.709516, 40.313749 ], [ -111.709715, 40.313748 ], [ -111.714896, 40.31292 ], [ -111.715827, 40.31237 ], [ -111.71769, 40.311014 ], [ -111.721857, 40.308111 ], [ -111.7253, 40.304636 ], [ -111.725343, 40.304559 ], [ -111.725351, 40.3042 ] ] ] } },
{ "type": "Feature", "properties": { "group_index": 0, "value": 300.0, "center": [ -111.65534175254643, 40.116386313455195 ], "point_id": "F21-88071" }, "geometry": { "type": "Polygon", "coordinates": [ [ [ -111.659118, 40.114938 ], [ -111.656819, 40.113563 ], [ -111.655174, 40.112931 ], [ -111.654814, 40.112926 ], [ -111.654004, 40.113482 ], [ -111.652274, 40.114752 ], [ -111.650631, 40.116017 ], [ -111.650533, 40.116104 ], [ -111.650468, 40.11618 ], [ -111.650467, 40.11654 ], [ -111.652047, 40.117827 ], [ -111.653732, 40.119112 ], [ -111.654292, 40.119547 ], [ -111.654765, 40.11984 ], [ -111.655125, 40.119842 ], [ -111.655253, 40.119806 ], [ -111.656587, 40.11931 ], [ -111.656894, 40.119129 ], [ -111.657114, 40.118963 ], [ -111.660214, 40.116616 ], [ -111.660444, 40.11634 ], [ -111.659118, 40.114938 ] ] ] } },
{ "type": "Feature", "properties": { "group_index": 0, "value": 600.0, "center": [ -111.65534175254643, 40.116386313455195 ], "point_id": "F21-88071" }, "geometry": { "type": "Polygon", "coordinates": [ [ [ -111.664171, 40.115532 ], [ -111.664103, 40.115411 ], [ -111.664034, 40.115351 ], [ -111.663935, 40.115265 ], [ -111.660025, 40.112284 ], [ -111.656615, 40.109655 ], [ -111.655048, 40.109028 ], [ -111.655038, 40.109028 ], [ -111.654348, 40.109482 ], [ -111.652293, 40.110994 ], [ -111.650693, 40.112192 ], [ -111.649011, 40.113457 ], [ -111.647298, 40.114727 ], [ -111.645634, 40.116071 ], [ -111.645584, 40.116162 ], [ -111.64558, 40.116522 ], [ -111.647141, 40.117797 ], [ -111.650157, 40.120304 ], [ -111.653781, 40.122997 ], [ -111.654522, 40.123431 ], [ -111.654882, 40.123429 ], [ -111.656101, 40.122883 ], [ -111.659908, 40.120565 ], [ -111.661304, 40.119873 ], [ -111.663187, 40.117463 ], [ -111.664176, 40.115575 ], [ -111.664171, 40.115532 ] ] ] } },
{ "type": "Feature", "properties": { "group_index": 0, "value": 900.0, "center": [ -111.65534175254643, 40.116386313455195 ], "point_id": "F21-88071" }, "geometry": { "type": "Polygon", "coordinates": [ [ [ -111.668831, 40.115263 ], [ -111.665943, 40.112881 ], [ -111.662464, 40.110337 ], [ -111.659947, 40.107872 ], [ -111.656757, 40.106052 ], [ -111.655313, 40.105478 ], [ -111.655231, 40.105457 ], [ -111.654871, 40.105452 ], [ -111.654599, 40.105561 ], [ -111.652972, 40.106641 ], [ -111.649208, 40.109456 ], [ -111.645647, 40.112248 ], [ -111.64406, 40.113438 ], [ -111.643961, 40.113512 ], [ -111.642343, 40.114777 ], [ -111.640791, 40.115974 ], [ -111.640735, 40.116047 ], [ -111.640733, 40.116407 ], [ -111.644135, 40.119634 ], [ -111.64688, 40.121628 ], [ -111.648922, 40.123578 ], [ -111.651295, 40.126166 ], [ -111.654394, 40.127199 ], [ -111.654843, 40.127259 ], [ -111.654931, 40.127247 ], [ -111.660025, 40.124186 ], [ -111.660385, 40.124193 ], [ -111.661862, 40.123125 ], [ -111.661863, 40.122765 ], [ -111.663922, 40.117958 ], [ -111.664641, 40.117347 ], [ -111.668835, 40.115623 ], [ -111.668831, 40.115263 ] ] ] } },
{ "type": "Feature", "properties": { "group_index": 0, "value": 300.0, "center": [ -111.79636428767549, 40.380972295841865 ], "point_id": "F10-26823" }, "geometry": { "type": "Polygon", "coordinates": [ [ [ -111.801412, 40.380989 ], [ -111.801262, 40.380829 ], [ -111.799219, 40.379223 ], [ -111.79878, 40.378874 ], [ -111.796218, 40.377417 ], [ -111.796065, 40.377414 ], [ -111.795882, 40.377478 ], [ -111.795395, 40.377787 ], [ -111.794415, 40.378528 ], [ -111.793864, 40.378945 ], [ -111.7915, 40.380754 ], [ -111.791496, 40.381114 ], [ -111.791556, 40.381202 ], [ -111.791652, 40.381283 ], [ -111.794019, 40.383134 ], [ -111.795403, 40.384187 ], [ -111.795809, 40.384462 ], [ -111.796169, 40.384468 ], [ -111.798461, 40.383314 ], [ -111.798554, 40.383245 ], [ -111.798646, 40.383174 ], [ -111.801097, 40.381347 ], [ -111.801186, 40.381274 ], [ -111.80126, 40.381189 ], [ -111.801322, 40.381118 ], [ -111.801412, 40.381011 ], [ -111.801412, 40.380989 ] ] ] } },
{ "type": "Feature", "properties": { "group_index": 0, "value": 600.0, "center": [ -111.79636428767549, 40.380972295841865 ], "point_id": "F10-26823" }, "geometry": { "type": "Polygon", "coordinates": [ [ [ -111.804492, 40.379923 ], [ -111.804341, 40.379732 ], [ -111.804051, 40.379399 ], [ -111.801349, 40.376944 ], [ -111.79973, 40.375758 ], [ -111.798825, 40.375167 ], [ -111.79628, 40.373744 ], [ -111.79592, 40.37374 ], [ -111.792605, 40.375366 ], [ -111.792501, 40.375463 ], [ -111.789059, 40.378803 ], [ -111.786722, 40.380724 ], [ -111.786634, 40.380797 ], [ -111.786601, 40.381156 ], [ -111.789325, 40.383426 ], [ -111.792909, 40.386032 ], [ -111.79425, 40.387209 ], [ -111.795041, 40.387941 ], [ -111.795336, 40.388148 ], [ -111.795758, 40.388203 ], [ -111.796118, 40.388207 ], [ -111.798683, 40.386818 ], [ -111.798854, 40.386701 ], [ -111.800733, 40.385341 ], [ -111.803493, 40.383282 ], [ -111.803593, 40.383206 ], [ -111.804009, 40.382847 ], [ -111.804492, 40.379923 ] ] ] } },
{ "type": "Feature", "properties": { "group_index": 0, "value": 900.0, "center": [ -111.79636428767549, 40.380972295841865 ], "point_id": "F10-26823" }, "geometry": { "type": "Polygon", "coordinates": [ [ [ -111.808873, 40.381626 ], [ -111.808805, 40.381468 ], [ -111.806141, 40.3768 ], [ -111.805986, 40.376655 ], [ -111.805184, 40.376026 ], [ -111.805063, 40.375934 ], [ -111.804097, 40.375201 ], [ -111.80399, 40.37512 ], [ -111.801405, 40.37325 ], [ -111.799051, 40.371461 ], [ -111.795536, 40.369943 ], [ -111.795176, 40.369942 ], [ -111.790656, 40.37284 ], [ -111.788574, 40.373865 ], [ -111.787907, 40.374326 ], [ -111.78417, 40.378324 ], [ -111.782081, 40.380498 ], [ -111.782076, 40.380858 ], [ -111.78214, 40.381616 ], [ -111.784206, 40.383319 ], [ -111.786667, 40.386365 ], [ -111.786803, 40.386453 ], [ -111.791634, 40.389292 ], [ -111.795524, 40.392278 ], [ -111.795884, 40.392273 ], [ -111.800577, 40.38919 ], [ -111.803059, 40.387351 ], [ -111.803273, 40.38719 ], [ -111.805682, 40.38538 ], [ -111.808294, 40.383397 ], [ -111.808414, 40.383298 ], [ -111.808873, 40.381626 ] ] ] } },
{ "type": "Feature", "properties": { "group_index": 0, "value": 300.0, "center": [ -111.79075184908274, 40.380083353659955 ], "point_id": "F10-16660" }, "geometry": { "type": "Polygon", "coordinates": [ [ [ -111.794538, 40.380962 ], [ -111.794539, 40.380839 ], [ -111.794492, 40.378955 ], [ -111.791505, 40.376706 ], [ -111.790844, 40.376441 ], [ -111.790484, 40.376432 ], [ -111.79007, 40.376696 ], [ -111.787795, 40.378385 ], [ -111.787432, 40.378648 ], [ -111.78726, 40.378783 ], [ -111.787131, 40.378896 ], [ -111.787041, 40.38081 ], [ -111.787039, 40.38117 ], [ -111.787132, 40.381252 ], [ -111.789496, 40.383278 ], [ -111.790534, 40.383834 ], [ -111.790894, 40.383839 ], [ -111.793319, 40.382008 ], [ -111.794328, 40.381297 ], [ -111.794415, 40.381227 ], [ -111.794518, 40.381141 ], [ -111.794538, 40.380962 ] ] ] } },
{ "type": "Feature", "properties": { "group_index": 0, "value": 600.0, "center": [ -111.79075184908274, 40.380083353659955 ], "point_id": "F10-16660" }, "geometry": { "type": "Polygon", "coordinates": [ [ [ -111.799426, 40.379195 ], [ -111.799427, 40.379165 ], [ -111.79922, 40.378878 ], [ -111.795084, 40.375394 ], [ -111.793792, 40.374432 ], [ -111.793331, 40.374113 ], [ -111.790785, 40.372565 ], [ -111.790709, 40.372567 ], [ -111.787812, 40.374142 ], [ -111.787613, 40.374257 ], [ -111.78748, 40.374378 ], [ -111.78509, 40.376664 ], [ -111.78248, 40.378625 ], [ -111.782248, 40.378822 ], [ -111.782248, 40.379182 ], [ -111.782239, 40.381195 ], [ -111.782349, 40.381287 ], [ -111.784607, 40.383318 ], [ -111.786981, 40.385807 ], [ -111.787673, 40.386442 ], [ -111.790492, 40.387588 ], [ -111.790852, 40.387592 ], [ -111.791401, 40.387176 ], [ -111.795904, 40.384005 ], [ -111.7971, 40.383154 ], [ -111.799244, 40.381336 ], [ -111.799336, 40.381256 ], [ -111.799426, 40.379195 ] ] ] } },
{ "type": "Feature", "properties": { "group_index": 0, "value": 900.0, "center": [ -111.79075184908274, 40.380083353659955 ], "point_id": "F10-16660" }, "geometry": { "type": "Polygon", "coordinates": [ [ [ -111.804039, 40.381334 ], [ -111.804012, 40.379735 ], [ -111.803869, 40.379552 ], [ -111.801844, 40.376994 ], [ -111.798735, 40.374474 ], [ -111.796423, 40.372529 ], [ -111.79631, 40.372443 ], [ -111.793207, 40.370215 ], [ -111.790947, 40.368946 ], [ -111.790587, 40.368939 ], [ -111.78886, 40.369683 ], [ -111.783867, 40.372375 ], [ -111.782909, 40.373167 ], [ -111.780543, 40.375662 ], [ -111.778631, 40.37744 ], [ -111.778631, 40.3778 ], [ -111.778977, 40.380506 ], [ -111.779543, 40.383181 ], [ -111.779686, 40.383329 ], [ -111.779787, 40.383408 ], [ -111.783498, 40.387543 ], [ -111.784138, 40.388678 ], [ -111.787522, 40.390119 ], [ -111.790192, 40.391163 ], [ -111.790512, 40.391164 ], [ -111.790513, 40.391164 ], [ -111.790834, 40.391164 ], [ -111.793652, 40.38931 ], [ -111.795862, 40.387752 ], [ -111.795995, 40.387658 ], [ -111.796126, 40.387563 ], [ -111.79919, 40.385331 ], [ -111.801789, 40.383357 ], [ -111.80198, 40.383192 ], [ -111.803917, 40.381513 ], [ -111.804037, 40.381409 ], [ -111.804039, 40.381334 ] ] ] } },
{ "type": "Feature", "properties": { "group_index": 0, "value": 300.0, "center": [ -112.01433347639114, 41.088685999761516 ], "point_id": "F21-88061" }, "geometry": { "type": "Polygon", "coordinates": [ [ [ -112.018989, 41.088815 ], [ -112.016228, 41.08623 ], [ -112.015199, 41.085454 ], [ -112.014839, 41.085453 ], [ -112.010801, 41.085697 ], [ -112.010536, 41.08594 ], [ -112.01081, 41.089133 ], [ -112.014863, 41.091517 ], [ -112.018035, 41.089904 ], [ -112.018339, 41.089712 ], [ -112.018743, 41.089435 ], [ -112.018978, 41.089175 ], [ -112.018989, 41.088815 ] ] ] } },
{ "type": "Feature", "properties": { "group_index": 0, "value": 600.0, "center": [ -112.01433347639114, 41.088685999761516 ], "point_id": "F21-88061" }, "geometry": { "type": "Polygon", "coordinates": [ [ [ -112.024366, 41.08917 ], [ -112.020858, 41.086313 ], [ -112.018506, 41.083888 ], [ -112.018391, 41.083798 ], [ -112.01765, 41.083271 ], [ -112.016259, 41.08231 ], [ -112.015899, 41.082306 ], [ -112.013912, 41.08241 ], [ -112.013557, 41.082468 ], [ -112.009003, 41.083741 ], [ -112.008738, 41.083985 ], [ -112.008343, 41.084386 ], [ -112.005878, 41.088826 ], [ -112.005879, 41.089186 ], [ -112.006232, 41.089449 ], [ -112.006741, 41.089772 ], [ -112.00689, 41.089832 ], [ -112.007054, 41.089894 ], [ -112.007414, 41.089898 ], [ -112.007951, 41.089719 ], [ -112.009551, 41.089394 ], [ -112.014863, 41.091517 ], [ -112.015457, 41.092165 ], [ -112.016574, 41.093385 ], [ -112.017691, 41.094604 ], [ -112.020981, 41.092888 ], [ -112.021259, 41.092659 ], [ -112.024365, 41.08953 ], [ -112.024366, 41.08917 ] ] ] } },
{ "type": "Feature", "properties": { "group_index": 0, "value": 900.0, "center": [ -112.01433347639114, 41.088685999761516 ], "point_id": "F21-88061" }, "geometry": { "type": "Polygon", "coordinates": [ [ [ -112.028918, 41.088909 ], [ -112.024707, 41.085346 ], [ -112.021632, 41.082151 ], [ -112.021204, 41.081782 ], [ -112.017161, 41.07951 ], [ -112.013544, 41.078785 ], [ -112.013448, 41.078769 ], [ -112.013093, 41.078832 ], [ -112.011652, 41.080178 ], [ -112.007257, 41.081342 ], [ -112.006897, 41.081346 ], [ -112.006201, 41.081517 ], [ -112.005936, 41.08176 ], [ -112.004845, 41.084091 ], [ -112.001879, 41.088055 ], [ -112.000957, 41.088823 ], [ -112.000949, 41.088954 ], [ -112.000941, 41.089183 ], [ -112.004405, 41.092101 ], [ -112.005874, 41.093037 ], [ -112.006829, 41.09363 ], [ -112.006891, 41.093605 ], [ -112.007081, 41.093522 ], [ -112.007791, 41.093034 ], [ -112.009174, 41.092219 ], [ -112.009448, 41.091986 ], [ -112.014863, 41.091517 ], [ -112.015457, 41.092165 ], [ -112.016574, 41.093385 ], [ -112.016871, 41.09371 ], [ -112.017691, 41.094604 ], [ -112.018286, 41.095254 ], [ -112.019402, 41.096473 ], [ -112.020518, 41.097692 ], [ -112.023609, 41.096069 ], [ -112.023886, 41.09584 ], [ -112.024735, 41.093682 ], [ -112.028686, 41.089545 ], [ -112.028831, 41.089386 ], [ -112.028918, 41.089269 ], [ -112.028918, 41.088909 ] ] ] } },
{ "type": "Feature", "properties": { "group_index": 0, "value": 300.0, "center": [ -112.0156497967663, 41.1699119730882 ], "point_id": "F21-88060" }, "geometry": { "type": "Polygon", "coordinates": [ [ [ -112.017785, 41.168519 ], [ -112.016998, 41.168197 ], [ -112.01505, 41.16737 ], [ -112.014212, 41.16699 ], [ -112.01395, 41.166895 ], [ -112.013727, 41.16696 ], [ -112.011602, 41.16898 ], [ -112.011528, 41.169082 ], [ -112.011457, 41.169264 ], [ -112.011385, 41.169445 ], [ -112.013765, 41.173425 ], [ -112.014821, 41.173465 ], [ -112.01594, 41.173527 ], [ -112.016239, 41.173327 ], [ -112.018165, 41.171372 ], [ -112.017785, 41.168519 ] ] ] } },
{ "type": "Feature", "properties": { "group_index": 0, "value": 600.0, "center": [ -112.0156497967663, 41.1699119730882 ], "point_id": "F21-88060" }, "geometry": { "type": "Polygon", "coordinates": [ [ [ -112.020797, 41.170732 ], [ -112.020793, 41.170559 ], [ -112.020397, 41.167678 ], [ -112.020057, 41.167561 ], [ -112.019851, 41.167613 ], [ -112.016212, 41.167875 ], [ -112.013289, 41.165445 ], [ -112.012753, 41.164704 ], [ -112.011619, 41.164078 ], [ -112.011259, 41.164066 ], [ -112.008375, 41.165973 ], [ -112.008372, 41.166333 ], [ -112.009019, 41.171316 ], [ -112.009787, 41.174464 ], [ -112.009913, 41.174801 ], [ -112.010109, 41.174968 ], [ -112.01542, 41.176969 ], [ -112.015748, 41.177118 ], [ -112.017551, 41.176138 ], [ -112.018473, 41.174632 ], [ -112.020793, 41.170754 ], [ -112.020797, 41.170732 ] ] ] } },
{ "type": "Feature", "properties": { "group_index": 0, "value": 900.0, "center": [ -112.0156497967663, 41.1699119730882 ], "point_id": "F21-88060" }, "geometry": { "type": "Polygon", "coordinates": [ [ [ -112.024654, 41.168594 ], [ -112.024707, 41.168238 ], [ -112.024732, 41.167966 ], [ -112.021627, 41.164103 ], [ -112.021411, 41.163881 ], [ -112.0205, 41.164273 ], [ -112.020405, 41.164452 ], [ -112.02031, 41.16463 ], [ -112.019904, 41.165812 ], [ -112.01505, 41.16737 ], [ -112.013289, 41.165445 ], [ -112.012753, 41.164704 ], [ -112.012029, 41.163705 ], [ -112.010884, 41.162629 ], [ -112.010321, 41.162032 ], [ -112.009735, 41.161415 ], [ -112.009317, 41.1611 ], [ -112.008899, 41.160785 ], [ -112.005805, 41.164068 ], [ -112.005749, 41.164177 ], [ -112.005373, 41.168067 ], [ -112.006185, 41.170074 ], [ -112.005668, 41.175349 ], [ -112.005569, 41.175578 ], [ -112.005343, 41.176156 ], [ -112.005464, 41.176495 ], [ -112.005621, 41.176599 ], [ -112.007727, 41.177565 ], [ -112.012686, 41.180044 ], [ -112.016682, 41.179875 ], [ -112.016877, 41.179646 ], [ -112.017072, 41.179417 ], [ -112.017217, 41.17891 ], [ -112.020206, 41.173747 ], [ -112.020507, 41.173518 ], [ -112.020809, 41.173289 ], [ -112.021022, 41.173044 ], [ -112.023828, 41.170185 ], [ -112.024492, 41.169551 ], [ -112.024654, 41.168594 ] ] ] } },
{ "type": "Feature", "properties": { "group_index": 0, "value": 300.0, "center": [ -112.07078406033719, 41.175958014525094 ], "point_id": "F19-72260" }, "geometry": { "type": "Polygon", "coordinates": [ [ [ -112.075515, 41.175972 ], [ -112.073733, 41.174658 ], [ -112.072638, 41.173886 ], [ -112.070082, 41.173504 ], [ -112.066022, 41.175923 ], [ -112.065869, 41.176139 ], [ -112.065869, 41.17614 ], [ -112.066968, 41.177495 ], [ -112.069329, 41.178799 ], [ -112.069332, 41.178798 ], [ -112.069629, 41.178726 ], [ -112.073671, 41.177704 ], [ -112.07543, 41.176417 ], [ -112.075514, 41.176332 ], [ -112.075515, 41.175972 ] ] ] } },
{ "type": "Feature", "properties": { "group_index": 0, "value": 600.0, "center": [ -112.07078406033719, 41.175958014525094 ], "point_id": "F19-72260" }, "geometry": { "type": "Polygon", "coordinates": [ [ [ -112.080493, 41.175977 ], [ -112.077985, 41.173796 ], [ -112.073534, 41.170496 ], [ -112.070971, 41.170941 ], [ -112.067577, 41.173064 ], [ -112.064621, 41.173592 ], [ -112.064261, 41.173592 ], [ -112.063267, 41.174272 ], [ -112.06118, 41.175865 ], [ -112.061068, 41.175959 ], [ -112.060773, 41.179802 ], [ -112.060998, 41.180084 ], [ -112.066245, 41.18101 ], [ -112.069739, 41.181442 ], [ -112.072531, 41.180631 ], [ -112.076712, 41.179444 ], [ -112.079986, 41.177056 ], [ -112.080493, 41.176337 ], [ -112.080493, 41.175977 ] ] ] } },
{ "type": "Feature", "properties": { "group_index": 0, "value": 900.0, "center": [ -112.07078406033719, 41.175958014525094 ], "point_id": "F19-72260" }, "geometry": { "type": "Polygon", "coordinates": [ [ [ -112.085565, 41.176158 ], [ -112.08547, 41.17598 ], [ -112.083586, 41.174454 ], [ -112.081139, 41.171533 ], [ -112.080872, 41.171185 ], [ -112.076098, 41.168115 ], [ -112.075873, 41.167834 ], [ -112.072644, 41.167728 ], [ -112.072507, 41.167957 ], [ -112.07237, 41.168186 ], [ -112.071712, 41.169633 ], [ -112.066381, 41.170483 ], [ -112.066052, 41.170337 ], [ -112.065967, 41.170316 ], [ -112.064622, 41.169845 ], [ -112.064262, 41.169845 ], [ -112.06153, 41.171542 ], [ -112.059461, 41.173364 ], [ -112.056199, 41.175876 ], [ -112.05609, 41.175967 ], [ -112.05609, 41.176327 ], [ -112.059159, 41.18109 ], [ -112.059383, 41.181371 ], [ -112.064223, 41.18265 ], [ -112.064583, 41.182658 ], [ -112.067056, 41.182531 ], [ -112.068553, 41.182539 ], [ -112.073202, 41.184481 ], [ -112.073391, 41.18443 ], [ -112.07848, 41.18137 ], [ -112.07884, 41.18137 ], [ -112.080395, 41.180857 ], [ -112.083795, 41.177551 ], [ -112.08506, 41.176662 ], [ -112.085472, 41.17634 ], [ -112.085566, 41.176223 ], [ -112.085565, 41.176158 ] ] ] } },
{ "type": "Feature", "properties": { "group_index": 0, "value": 300.0, "center": [ -111.93843242015332, 40.62033685376622 ], "point_id": "F17-57819" }, "geometry": { "type": "Polygon", "coordinates": [ [ [ -111.940984, 40.61913 ], [ -111.940983, 40.619091 ], [ -111.940544, 40.618025 ], [ -111.938956, 40.616847 ], [ -111.938596, 40.61685 ], [ -111.938406, 40.616951 ], [ -111.936656, 40.618227 ], [ -111.934979, 40.619935 ], [ -111.93498, 40.620295 ], [ -111.936639, 40.622375 ], [ -111.938294, 40.62371 ], [ -111.938494, 40.623776 ], [ -111.938714, 40.623792 ], [ -111.939074, 40.62379 ], [ -111.939176, 40.623738 ], [ -111.939335, 40.623632 ], [ -111.939921, 40.623176 ], [ -111.940939, 40.621073 ], [ -111.940984, 40.61913 ] ] ] } },
{ "type": "Feature", "properties": { "group_index": 0, "value": 600.0, "center": [ -111.93843242015332, 40.62033685376622 ], "point_id": "F17-57819" }, "geometry": { "type": "Polygon", "coordinates": [ [ [ -111.943765, 40.623779 ], [ -111.943331, 40.62327 ], [ -111.940984, 40.61913 ], [ -111.94247, 40.616819 ], [ -111.942437, 40.615182 ], [ -111.940401, 40.613969 ], [ -111.93896, 40.613102 ], [ -111.9386, 40.613101 ], [ -111.93841, 40.613243 ], [ -111.936872, 40.614361 ], [ -111.932803, 40.61746 ], [ -111.931946, 40.621645 ], [ -111.931948, 40.622005 ], [ -111.934, 40.624321 ], [ -111.936131, 40.625803 ], [ -111.938437, 40.627495 ], [ -111.938615, 40.627523 ], [ -111.938975, 40.627525 ], [ -111.939164, 40.627445 ], [ -111.940965, 40.626207 ], [ -111.942469, 40.62511 ], [ -111.943766, 40.624139 ], [ -111.943765, 40.623779 ] ] ] } },
{ "type": "Feature", "properties": { "group_index": 0, "value": 900.0, "center": [ -111.93843242015332, 40.62033685376622 ], "point_id": "F17-57819" }, "geometry": { "type": "Polygon", "coordinates": [ [ [ -111.948773, 40.623783 ], [ -111.94838, 40.623592 ], [ -111.945371, 40.620882 ], [ -111.945865, 40.616576 ], [ -111.945865, 40.616216 ], [ -111.945816, 40.614744 ], [ -111.945816, 40.614384 ], [ -111.944816, 40.613136 ], [ -111.944249, 40.61254 ], [ -111.939689, 40.609599 ], [ -111.9391, 40.609355 ], [ -111.938969, 40.609353 ], [ -111.938511, 40.609355 ], [ -111.938176, 40.609502 ], [ -111.933892, 40.611911 ], [ -111.930372, 40.615596 ], [ -111.92899, 40.616595 ], [ -111.928876, 40.61675 ], [ -111.928305, 40.617796 ], [ -111.927381, 40.621602 ], [ -111.927382, 40.621962 ], [ -111.928886, 40.624032 ], [ -111.929211, 40.624432 ], [ -111.931012, 40.625987 ], [ -111.9313, 40.626202 ], [ -111.933343, 40.627658 ], [ -111.9373, 40.630901 ], [ -111.937682, 40.631023 ], [ -111.938622, 40.631271 ], [ -111.938982, 40.631271 ], [ -111.93916, 40.631188 ], [ -111.940483, 40.630414 ], [ -111.944756, 40.627125 ], [ -111.947647, 40.625545 ], [ -111.948776, 40.624143 ], [ -111.948773, 40.623783 ] ] ] } },
{ "type": "Feature", "properties": { "group_index": 0, "value": 300.0, "center": [ -112.01908120348129, 41.11380221190248 ], "point_id": "F10-27086" }, "geometry": { "type": "Polygon", "coordinates": [ [ [ -112.024019, 41.113948 ], [ -112.02401, 41.113588 ], [ -112.02323, 41.113009 ], [ -112.020295, 41.110751 ], [ -112.020157, 41.110651 ], [ -112.019853, 41.110652 ], [ -112.019549, 41.110653 ], [ -112.018786, 41.110682 ], [ -112.017903, 41.11076 ], [ -112.014542, 41.112521 ], [ -112.014342, 41.11282 ], [ -112.016045, 41.115438 ], [ -112.016387, 41.115551 ], [ -112.020271, 41.116469 ], [ -112.020631, 41.116474 ], [ -112.020709, 41.116442 ], [ -112.021779, 41.115674 ], [ -112.024007, 41.114079 ], [ -112.024019, 41.113948 ] ] ] } },
{ "type": "Feature", "properties": { "group_index": 0, "value": 600.0, "center": [ -112.01908120348129, 41.11380221190248 ], "point_id": "F10-27086" }, "geometry": { "type": "Polygon", "coordinates": [ [ [ -112.02881, 41.113299 ], [ -112.028565, 41.113035 ], [ -112.024975, 41.110445 ], [ -112.022483, 41.109571 ], [ -112.021982, 41.109471 ], [ -112.016491, 41.108355 ], [ -112.016316, 41.108353 ], [ -112.016136, 41.108397 ], [ -112.012869, 41.109684 ], [ -112.011377, 41.110742 ], [ -112.011373, 41.111102 ], [ -112.015309, 41.114839 ], [ -112.017905, 41.118065 ], [ -112.020371, 41.119379 ], [ -112.021971, 41.119321 ], [ -112.026079, 41.116381 ], [ -112.027252, 41.115433 ], [ -112.028783, 41.113437 ], [ -112.02881, 41.113299 ] ] ] } },
{ "type": "Feature", "properties": { "group_index": 0, "value": 900.0, "center": [ -112.01908120348129, 41.11380221190248 ], "point_id": "F10-27086" }, "geometry": { "type": "Polygon", "coordinates": [ [ [ -112.032269, 41.110737 ], [ -112.032104, 41.110417 ], [ -112.029627, 41.110219 ], [ -112.024499, 41.108816 ], [ -112.0221, 41.107317 ], [ -112.017147, 41.104999 ], [ -112.016483, 41.104568 ], [ -112.016423, 41.104574 ], [ -112.011192, 41.107024 ], [ -112.00902, 41.107694 ], [ -112.008059, 41.108247 ], [ -112.007785, 41.108482 ], [ -112.006668, 41.110505 ], [ -112.006672, 41.11078 ], [ -112.006899, 41.11095 ], [ -112.007034, 41.110985 ], [ -112.008554, 41.111082 ], [ -112.012913, 41.112539 ], [ -112.015309, 41.114839 ], [ -112.016073, 41.115654 ], [ -112.017905, 41.118065 ], [ -112.020432, 41.120211 ], [ -112.024406, 41.122816 ], [ -112.024676, 41.122579 ], [ -112.025743, 41.121348 ], [ -112.029901, 41.117425 ], [ -112.030027, 41.117087 ], [ -112.03198, 41.111642 ], [ -112.032269, 41.110737 ] ] ] } },
{ "type": "Feature", "properties": { "group_index": 0, "value": 300.0, "center": [ -111.98644426328126, 40.62110270936423 ], "point_id": "F10-28758" }, "geometry": { "type": "Polygon", "coordinates": [ [ [ -111.98742, 40.624266 ], [ -111.987395, 40.624071 ], [ -111.986603, 40.619528 ], [ -111.986324, 40.617966 ], [ -111.986188, 40.617202 ], [ -111.986046, 40.616404 ], [ -111.985457, 40.612867 ], [ -111.985101, 40.612916 ], [ -111.985146, 40.613247 ], [ -111.985192, 40.613584 ], [ -111.985306, 40.614261 ], [ -111.985419, 40.61494 ], [ -111.984051, 40.62057 ], [ -111.983726, 40.621666 ], [ -111.983504, 40.622684 ], [ -111.983561, 40.622894 ], [ -111.984638, 40.623867 ], [ -111.985976, 40.624893 ], [ -111.986331, 40.624954 ], [ -111.987366, 40.624504 ], [ -111.987445, 40.624461 ], [ -111.98742, 40.624266 ] ] ] } },
{ "type": "Feature", "properties": { "group_index": 0, "value": 600.0, "center": [ -111.98644426328126, 40.62110270936423 ], "point_id": "F10-28758" }, "geometry": { "type": "Polygon", "coordinates": [ [ [ -111.988098, 40.628233 ], [ -111.988013, 40.627702 ], [ -111.987728, 40.626079 ], [ -111.987395, 40.624071 ], [ -111.986603, 40.619528 ], [ -111.986324, 40.617966 ], [ -111.986188, 40.617202 ], [ -111.986046, 40.616404 ], [ -111.985457, 40.612867 ], [ -111.985101, 40.612916 ], [ -111.982076, 40.617497 ], [ -111.979607, 40.619759 ], [ -111.979529, 40.619821 ], [ -111.97952, 40.620181 ], [ -111.980239, 40.62305 ], [ -111.980336, 40.623241 ], [ -111.980519, 40.623551 ], [ -111.981766, 40.6256 ], [ -111.981873, 40.625718 ], [ -111.983978, 40.627724 ], [ -111.984806, 40.628098 ], [ -111.985716, 40.628398 ], [ -111.985875, 40.628448 ], [ -111.986514, 40.628653 ], [ -111.987828, 40.62882 ], [ -111.988183, 40.628763 ], [ -111.988098, 40.628233 ] ] ] } },
{ "type": "Feature", "properties": { "group_index": 0, "value": 900.0, "center": [ -111.98644426328126, 40.62110270936423 ], "point_id": "F10-28758" }, "geometry": { "type": "Polygon", "coordinates": [ [ [ -111.99152, 40.629845 ], [ -111.991379, 40.629714 ], [ -111.991166, 40.629562 ], [ -111.990943, 40.629442 ], [ -111.99074, 40.629334 ], [ -111.987445, 40.624458 ], [ -111.98742, 40.624268 ], [ -111.987395, 40.624071 ], [ -111.987372, 40.623991 ], [ -111.986622, 40.619723 ], [ -111.986621, 40.619705 ], [ -111.986605, 40.619542 ], [ -111.986603, 40.619528 ], [ -111.986324, 40.617966 ], [ -111.988726, 40.613224 ], [ -111.988982, 40.613015 ], [ -111.989237, 40.612805 ], [ -111.989009, 40.612527 ], [ -111.986751, 40.610379 ], [ -111.986393, 40.610342 ], [ -111.984295, 40.610464 ], [ -111.98294, 40.611318 ], [ -111.982771, 40.611509 ], [ -111.981913, 40.612648 ], [ -111.978541, 40.616371 ], [ -111.977731, 40.617051 ], [ -111.976863, 40.617899 ], [ -111.976867, 40.618117 ], [ -111.975264, 40.623692 ], [ -111.975279, 40.624051 ], [ -111.977117, 40.62517 ], [ -111.977214, 40.625228 ], [ -111.979632, 40.626613 ], [ -111.983979, 40.630721 ], [ -111.984257, 40.631148 ], [ -111.984268, 40.631162 ], [ -111.984388, 40.63128 ], [ -111.984885, 40.631528 ], [ -111.984955, 40.631528 ], [ -111.984955, 40.631528 ], [ -111.985026, 40.631528 ], [ -111.988757, 40.631264 ], [ -111.988983, 40.63124 ], [ -111.991415, 40.63024 ], [ -111.991661, 40.629976 ], [ -111.99152, 40.629845 ] ] ] } },
{ "type": "Feature", "properties": { "group_index": 0, "value": 300.0, "center": [ -111.8988817, 40.64021 ], "point_id": "F10-14539" }, "geometry": { "type": "Polygon", "coordinates": [ [ [ -111.900266, 40.641961 ], [ -111.90033, 40.64134 ], [ -111.900559, 40.638393 ], [ -111.90056, 40.638033 ], [ -111.899404, 40.637106 ], [ -111.898727, 40.636712 ], [ -111.898367, 40.63671 ], [ -111.897984, 40.636996 ], [ -111.896165, 40.63833 ], [ -111.8961, 40.638378 ], [ -111.8961, 40.638738 ], [ -111.897392, 40.643024 ], [ -111.89758, 40.64318 ], [ -111.898224, 40.643612 ], [ -111.898584, 40.643617 ], [ -111.90008, 40.643035 ], [ -111.900266, 40.641961 ] ] ] } },
{ "type": "Feature", "properties": { "group_index": 0, "value": 600.0, "center": [ -111.8988817, 40.64021 ], "point_id": "F10-14539" }, "geometry": { "type": "Polygon", "coordinates": [ [ [ -111.904571, 40.64304 ], [ -111.904572, 40.64268 ], [ -111.900861, 40.638263 ], [ -111.900289, 40.636355 ], [ -111.8997, 40.633308 ], [ -111.899397, 40.633113 ], [ -111.899263, 40.633104 ], [ -111.898683, 40.633193 ], [ -111.895077, 40.635061 ], [ -111.894615, 40.635296 ], [ -111.893704, 40.636063 ], [ -111.89106, 40.638372 ], [ -111.891043, 40.638732 ], [ -111.892469, 40.643017 ], [ -111.892548, 40.643104 ], [ -111.893688, 40.64413 ], [ -111.895235, 40.644742 ], [ -111.89772, 40.649087 ], [ -111.89808, 40.649089 ], [ -111.902157, 40.644714 ], [ -111.904538, 40.643292 ], [ -111.904571, 40.64304 ] ] ] } },
{ "type": "Feature", "properties": { "group_index": 0, "value": 900.0, "center": [ -111.8988817, 40.64021 ], "point_id": "F10-14539" }, "geometry": { "type": "Polygon", "coordinates": [ [ [ -111.909517, 40.64268 ], [ -111.909232, 40.64215 ], [ -111.909078, 40.642066 ], [ -111.906863, 40.640373 ], [ -111.906321, 40.639963 ], [ -111.906233, 40.639913 ], [ -111.903393, 40.637397 ], [ -111.904306, 40.632521 ], [ -111.904371, 40.632408 ], [ -111.904338, 40.632049 ], [ -111.901607, 40.629897 ], [ -111.899832, 40.629478 ], [ -111.899656, 40.629477 ], [ -111.899476, 40.629522 ], [ -111.899411, 40.629556 ], [ -111.899182, 40.629687 ], [ -111.897669, 40.631052 ], [ -111.896306, 40.632094 ], [ -111.891713, 40.633396 ], [ -111.891354, 40.633417 ], [ -111.891242, 40.633464 ], [ -111.891167, 40.633501 ], [ -111.888898, 40.635792 ], [ -111.886345, 40.638169 ], [ -111.886266, 40.638271 ], [ -111.886118, 40.638553 ], [ -111.886117, 40.638597 ], [ -111.887489, 40.643102 ], [ -111.891212, 40.646403 ], [ -111.892126, 40.646848 ], [ -111.892199, 40.64688 ], [ -111.893863, 40.647569 ], [ -111.897722, 40.65137 ], [ -111.898082, 40.651366 ], [ -111.898617, 40.651079 ], [ -111.901777, 40.64845 ], [ -111.905279, 40.646529 ], [ -111.909348, 40.643195 ], [ -111.909513, 40.64304 ], [ -111.909517, 40.64268 ] ] ] } },
{ "type": "Feature", "properties": { "group_index": 0, "value": 300.0, "center": [ -111.9408056, 40.6924544 ], "point_id": "F10-3762" }, "geometry": { "type": "Polygon", "coordinates": [ [ [ -111.945004, 40.692742 ], [ -111.944895, 40.692433 ], [ -111.944258, 40.691576 ], [ -111.943729, 40.690996 ], [ -111.943369, 40.690996 ], [ -111.938926, 40.692377 ], [ -111.938904, 40.692436 ], [ -111.938903, 40.692552 ], [ -111.938903, 40.692553 ], [ -111.938903, 40.692669 ], [ -111.938935, 40.692737 ], [ -111.943419, 40.694041 ], [ -111.943767, 40.69395 ], [ -111.945004, 40.693102 ], [ -111.945004, 40.692742 ] ] ] } },
{ "type": "Feature", "properties": { "group_index": 0, "value": 600.0, "center": [ -111.9408056, 40.6924544 ], "point_id": "F10-3762" }, "geometry": { "type": "Polygon", "coordinates": [ [ [ -111.949684, 40.692719 ], [ -111.946098, 40.688817 ], [ -111.945738, 40.688807 ], [ -111.943748, 40.689166 ], [ -111.939259, 40.688652 ], [ -111.938899, 40.688652 ], [ -111.938244, 40.688981 ], [ -111.936049, 40.690716 ], [ -111.934357, 40.692242 ], [ -111.934357, 40.692602 ], [ -111.934496, 40.693156 ], [ -111.93464, 40.693294 ], [ -111.935327, 40.69381 ], [ -111.938678, 40.696293 ], [ -111.938912, 40.69642 ], [ -111.943316, 40.697546 ], [ -111.943676, 40.697547 ], [ -111.944633, 40.696959 ], [ -111.944995, 40.696682 ], [ -111.94876, 40.693782 ], [ -111.949685, 40.693079 ], [ -111.949684, 40.692719 ] ] ] } },
{ "type": "Feature", "properties": { "group_index": 0, "value": 900.0, "center": [ -111.9408056, 40.6924544 ], "point_id": "F10-3762" }, "geometry": { "type": "Polygon", "coordinates": [ [ [ -111.951263, 40.694476 ], [ -111.951407, 40.692966 ], [ -111.951256, 40.689317 ], [ -111.948796, 40.687276 ], [ -111.945842, 40.685398 ], [ -111.94516, 40.685291 ], [ -111.939255, 40.684971 ], [ -111.938895, 40.684971 ], [ -111.938542, 40.685068 ], [ -111.935535, 40.68739 ], [ -111.935327, 40.687548 ], [ -111.93507, 40.688001 ], [ -111.934207, 40.690497 ], [ -111.934218, 40.692422 ], [ -111.934218, 40.692537 ], [ -111.934192, 40.696836 ], [ -111.934314, 40.697175 ], [ -111.934407, 40.69736 ], [ -111.934498, 40.697532 ], [ -111.938758, 40.700036 ], [ -111.938937, 40.700062 ], [ -111.942209, 40.700492 ], [ -111.942858, 40.700491 ], [ -111.943507, 40.700489 ], [ -111.944804, 40.700484 ], [ -111.947531, 40.698598 ], [ -111.950356, 40.696769 ], [ -111.951084, 40.69499 ], [ -111.951263, 40.694476 ] ] ] } },
{ "type": "Feature", "properties": { "group_index": 0, "value": 300.0, "center": [ -111.98938955127826, 40.523619349551296 ], "point_id": "F14-37234" }, "geometry": { "type": "Polygon", "coordinates": [ [ [ -111.992797, 40.522258 ], [ -111.992477, 40.521934 ], [ -111.989867, 40.520073 ], [ -111.989704, 40.519979 ], [ -111.989461, 40.519904 ], [ -111.98939, 40.519925 ], [ -111.989067, 40.520084 ], [ -111.986435, 40.521915 ], [ -111.986326, 40.521987 ], [ -111.986094, 40.522259 ], [ -111.986016, 40.522529 ], [ -111.986024, 40.52254 ], [ -111.986961, 40.523432 ], [ -111.987045, 40.523488 ], [ -111.989064, 40.523988 ], [ -111.989554, 40.524085 ], [ -111.989828, 40.524083 ], [ -111.992439, 40.522822 ], [ -111.992794, 40.522618 ], [ -111.992797, 40.522258 ] ] ] } },
{ "type": "Feature", "properties": { "group_index": 0, "value": 600.0, "center": [ -111.98938955127826, 40.523619349551296 ], "point_id": "F14-37234" }, "geometry": { "type": "Polygon", "coordinates": [ [ [ -111.997645, 40.522352 ], [ -111.997513, 40.522189 ], [ -111.996346, 40.521249 ], [ -111.993413, 40.518813 ], [ -111.992808, 40.518404 ], [ -111.992717, 40.518395 ], [ -111.987484, 40.515613 ], [ -111.987124, 40.515612 ], [ -111.985908, 40.518694 ], [ -111.981388, 40.522041 ], [ -111.981337, 40.522141 ], [ -111.981325, 40.522241 ], [ -111.981333, 40.522601 ], [ -111.984756, 40.526113 ], [ -111.986034, 40.526755 ], [ -111.986394, 40.52675 ], [ -111.989828, 40.524083 ], [ -111.993432, 40.525366 ], [ -111.993792, 40.525364 ], [ -111.994914, 40.524763 ], [ -111.99764, 40.522712 ], [ -111.997645, 40.522352 ] ] ] } },
{ "type": "Feature", "properties": { "group_index": 0, "value": 900.0, "center": [ -111.98938955127826, 40.523619349551296 ], "point_id": "F14-37234" }, "geometry": { "type": "Polygon", "coordinates": [ [ [ -112.002824, 40.522365 ], [ -112.002782, 40.522106 ], [ -111.998269, 40.518749 ], [ -111.994736, 40.51569 ], [ -111.994564, 40.515621 ], [ -111.993353, 40.515289 ], [ -111.992565, 40.515176 ], [ -111.987725, 40.513049 ], [ -111.987469, 40.512987 ], [ -111.987109, 40.512995 ], [ -111.987118, 40.513415 ], [ -111.987127, 40.513835 ], [ -111.987124, 40.515471 ], [ -111.985908, 40.518694 ], [ -111.981487, 40.52034 ], [ -111.981373, 40.52034 ], [ -111.97953, 40.52018 ], [ -111.97917, 40.520182 ], [ -111.978498, 40.520435 ], [ -111.977304, 40.520944 ], [ -111.975664, 40.52221 ], [ -111.975662, 40.52257 ], [ -111.976441, 40.523508 ], [ -111.980205, 40.525494 ], [ -111.980974, 40.525993 ], [ -111.985203, 40.529876 ], [ -111.986011, 40.530488 ], [ -111.986084, 40.5305 ], [ -111.986444, 40.530499 ], [ -111.986569, 40.530472 ], [ -111.986751, 40.530396 ], [ -111.986754, 40.530242 ], [ -111.986753, 40.530036 ], [ -111.986756, 40.529882 ], [ -111.986419, 40.528678 ], [ -111.986407, 40.527742 ], [ -111.989828, 40.524083 ], [ -111.993459, 40.526904 ], [ -111.993604, 40.527928 ], [ -111.993605, 40.528183 ], [ -111.993606, 40.528438 ], [ -111.993966, 40.528436 ], [ -111.994833, 40.528401 ], [ -111.998074, 40.527745 ], [ -112.000903, 40.524638 ], [ -112.00279, 40.522723 ], [ -112.002824, 40.522365 ] ] ] } },
{ "type": "Feature", "properties": { "group_index": 0, "value": 300.0, "center": [ -111.91122193486764, 40.571831136235076 ], "point_id": "F10-28736" }, "geometry": { "type": "Polygon", "coordinates": [ [ [ -111.915752, 40.571939 ], [ -111.915466, 40.571959 ], [ -111.91276, 40.57183 ], [ -111.909416, 40.569965 ], [ -111.90921, 40.569867 ], [ -111.908988, 40.569761 ], [ -111.90874, 40.569672 ], [ -111.90849, 40.569603 ], [ -111.90824, 40.569553 ], [ -111.907953, 40.569523 ], [ -111.907915, 40.569881 ], [ -111.907992, 40.570331 ], [ -111.908619, 40.571311 ], [ -111.910126, 40.573142 ], [ -111.910843, 40.573425 ], [ -111.913361, 40.573358 ], [ -111.91502, 40.573105 ], [ -111.915778, 40.572298 ], [ -111.915752, 40.571939 ] ] ] } },
{ "type": "Feature", "properties": { "group_index": 0, "value": 600.0, "center": [ -111.91122193486764, 40.571831136235076 ], "point_id": "F10-28736" }, "geometry": { "type": "Polygon", "coordinates": [ [ [ -111.920773, 40.572599 ], [ -111.920745, 40.57224 ], [ -111.918515, 40.569646 ], [ -111.918162, 40.569572 ], [ -111.914674, 40.570521 ], [ -111.908988, 40.569761 ], [ -111.90874, 40.569672 ], [ -111.906591, 40.568778 ], [ -111.904863, 40.568518 ], [ -111.904503, 40.568509 ], [ -111.904132, 40.568686 ], [ -111.903151, 40.569551 ], [ -111.90311, 40.569629 ], [ -111.903113, 40.569736 ], [ -111.903154, 40.569911 ], [ -111.903312, 40.570018 ], [ -111.904711, 40.570777 ], [ -111.910126, 40.573142 ], [ -111.910843, 40.573425 ], [ -111.913361, 40.573358 ], [ -111.917582, 40.575914 ], [ -111.917629, 40.575914 ], [ -111.917761, 40.57587 ], [ -111.91785, 40.575793 ], [ -111.920745, 40.572687 ], [ -111.920773, 40.572599 ] ] ] } },
{ "type": "Feature", "properties": { "group_index": 0, "value": 900.0, "center": [ -111.91122193486764, 40.571831136235076 ], "point_id": "F10-28736" }, "geometry": { "type": "Polygon", "coordinates": [ [ [ -111.925534, 40.572259 ], [ -111.925411, 40.572155 ], [ -111.924727, 40.571668 ], [ -111.923279, 40.570823 ], [ -111.919832, 40.567978 ], [ -111.919472, 40.567982 ], [ -111.913864, 40.570073 ], [ -111.913475, 40.569898 ], [ -111.911053, 40.568303 ], [ -111.910715, 40.567945 ], [ -111.905859, 40.565996 ], [ -111.905545, 40.56582 ], [ -111.904251, 40.565066 ], [ -111.903813, 40.564909 ], [ -111.90347, 40.565019 ], [ -111.90328, 40.565106 ], [ -111.903087, 40.565255 ], [ -111.90242, 40.565841 ], [ -111.898392, 40.569357 ], [ -111.898221, 40.569509 ], [ -111.898219, 40.569869 ], [ -111.898365, 40.570011 ], [ -111.900616, 40.571676 ], [ -111.900741, 40.571769 ], [ -111.904378, 40.573653 ], [ -111.905876, 40.574041 ], [ -111.906255, 40.574108 ], [ -111.90661, 40.574167 ], [ -111.910843, 40.573425 ], [ -111.913361, 40.573358 ], [ -111.916351, 40.575914 ], [ -111.916376, 40.575965 ], [ -111.916525, 40.57613 ], [ -111.919018, 40.576437 ], [ -111.923148, 40.575175 ], [ -111.92349, 40.575062 ], [ -111.923567, 40.575005 ], [ -111.92553, 40.572619 ], [ -111.925534, 40.572259 ] ] ] } },
{ "type": "Feature", "properties": { "group_index": 0, "value": 300.0, "center": [ -111.9778152, 40.6979272 ], "point_id": "F10-27098" }, "geometry": { "type": "Polygon", "coordinates": [ [ [ -111.980166, 40.69661 ], [ -111.979882, 40.696265 ], [ -111.979615, 40.69606 ], [ -111.977547, 40.694775 ], [ -111.977381, 40.694669 ], [ -111.977021, 40.694668 ], [ -111.976906, 40.694719 ], [ -111.976354, 40.695062 ], [ -111.974262, 40.696594 ], [ -111.973758, 40.697038 ], [ -111.973588, 40.697209 ], [ -111.973588, 40.697218 ], [ -111.975476, 40.700213 ], [ -111.977031, 40.701239 ], [ -111.977391, 40.701239 ], [ -111.979524, 40.697995 ], [ -111.980137, 40.696969 ], [ -111.980166, 40.69661 ] ] ] } },
{ "type": "Feature", "properties": { "group_index": 0, "value": 600.0, "center": [ -111.9778152, 40.6979272 ], "point_id": "F10-27098" }, "geometry": { "type": "Polygon", "coordinates": [ [ [ -111.985022, 40.696574 ], [ -111.984886, 40.696416 ], [ -111.98416, 40.69586 ], [ -111.984025, 40.695861 ], [ -111.980853, 40.695428 ], [ -111.978335, 40.691922 ], [ -111.977792, 40.691354 ], [ -111.977383, 40.690925 ], [ -111.975621, 40.690864 ], [ -111.971115, 40.694634 ], [ -111.969326, 40.696597 ], [ -111.969327, 40.696957 ], [ -111.973069, 40.700725 ], [ -111.97518, 40.703988 ], [ -111.976962, 40.704914 ], [ -111.977083, 40.704947 ], [ -111.977437, 40.705008 ], [ -111.978154, 40.704666 ], [ -111.978985, 40.703987 ], [ -111.979531, 40.701144 ], [ -111.984003, 40.697499 ], [ -111.984417, 40.697376 ], [ -111.984892, 40.697058 ], [ -111.985023, 40.696934 ], [ -111.985022, 40.696574 ] ] ] } },
{ "type": "Feature", "properties": { "group_index": 0, "value": 900.0, "center": [ -111.9778152, 40.6979272 ], "point_id": "F10-27098" }, "geometry": { "type": "Polygon", "coordinates": [ [ [ -111.98986, 40.69643 ], [ -111.988035, 40.694914 ], [ -111.987007, 40.694142 ], [ -111.986824, 40.694121 ], [ -111.986464, 40.694126 ], [ -111.98112, 40.691824 ], [ -111.981092, 40.691034 ], [ -111.981091, 40.690295 ], [ -111.981005, 40.689644 ], [ -111.980931, 40.689562 ], [ -111.977456, 40.687031 ], [ -111.977081, 40.687046 ], [ -111.973103, 40.689863 ], [ -111.972169, 40.690688 ], [ -111.967489, 40.693957 ], [ -111.964459, 40.696536 ], [ -111.964413, 40.696609 ], [ -111.964382, 40.696868 ], [ -111.964415, 40.696969 ], [ -111.96843, 40.700862 ], [ -111.970702, 40.703983 ], [ -111.970898, 40.704181 ], [ -111.973048, 40.70625 ], [ -111.97669, 40.708496 ], [ -111.976988, 40.708661 ], [ -111.977348, 40.708659 ], [ -111.97759, 40.708519 ], [ -111.980295, 40.706894 ], [ -111.981675, 40.706075 ], [ -111.983622, 40.704191 ], [ -111.983718, 40.704097 ], [ -111.986945, 40.699262 ], [ -111.988224, 40.698404 ], [ -111.989861, 40.69679 ], [ -111.98986, 40.69643 ] ] ] } },
{ "type": "Feature", "properties": { "group_index": 0, "value": 300.0, "center": [ -111.91905450633327, 40.3958517250213 ], "point_id": "F18-65796" }, "geometry": { "type": "Polygon", "coordinates": [ [ [ -111.922455, 40.394141 ], [ -111.921766, 40.393853 ], [ -111.919523, 40.393308 ], [ -111.917592, 40.393029 ], [ -111.917246, 40.393131 ], [ -111.91709, 40.393279 ], [ -111.9152, 40.395371 ], [ -111.915266, 40.395725 ], [ -111.916862, 40.398855 ], [ -111.917153, 40.399066 ], [ -111.919366, 40.399386 ], [ -111.919837, 40.399062 ], [ -111.920661, 40.398469 ], [ -111.920714, 40.398401 ], [ -111.922641, 40.394449 ], [ -111.922455, 40.394141 ] ] ] } },
{ "type": "Feature", "properties": { "group_index": 0, "value": 600.0, "center": [ -111.91905450633327, 40.3958517250213 ], "point_id": "F18-65796" }, "geometry": { "type": "Polygon", "coordinates": [ [ [ -111.926246, 40.392963 ], [ -111.926258, 40.392855 ], [ -111.926218, 40.392753 ], [ -111.925992, 40.392473 ], [ -111.92518, 40.391498 ], [ -111.925062, 40.391426 ], [ -111.921534, 40.39023 ], [ -111.91654, 40.389286 ], [ -111.916186, 40.389355 ], [ -111.913069, 40.392984 ], [ -111.910538, 40.395638 ], [ -111.910539, 40.395998 ], [ -111.910584, 40.396183 ], [ -111.911385, 40.396597 ], [ -111.915216, 40.401138 ], [ -111.915294, 40.401464 ], [ -111.915441, 40.401949 ], [ -111.915556, 40.402272 ], [ -111.915833, 40.402492 ], [ -111.916109, 40.402712 ], [ -111.920084, 40.402915 ], [ -111.92043, 40.402816 ], [ -111.920999, 40.402483 ], [ -111.924321, 40.399545 ], [ -111.924899, 40.398572 ], [ -111.926246, 40.392963 ] ] ] } },
{ "type": "Feature", "properties": { "group_index": 0, "value": 900.0, "center": [ -111.91905450633327, 40.3958517250213 ], "point_id": "F18-65796" }, "geometry": { "type": "Polygon", "coordinates": [ [ [ -111.929764, 40.399202 ], [ -111.92987, 40.394099 ], [ -111.93036, 40.392655 ], [ -111.930529, 40.391828 ], [ -111.930528, 40.391468 ], [ -111.928086, 40.38919 ], [ -111.926075, 40.387944 ], [ -111.922672, 40.386855 ], [ -111.916821, 40.385719 ], [ -111.916619, 40.385666 ], [ -111.916259, 40.385662 ], [ -111.916092, 40.385672 ], [ -111.915768, 40.385839 ], [ -111.915546, 40.386002 ], [ -111.913821, 40.387261 ], [ -111.913421, 40.387647 ], [ -111.912898, 40.388162 ], [ -111.912719, 40.388337 ], [ -111.912322, 40.388734 ], [ -111.910426, 40.390777 ], [ -111.907248, 40.393904 ], [ -111.906295, 40.396139 ], [ -111.907249, 40.397563 ], [ -111.91104, 40.400446 ], [ -111.911349, 40.400631 ], [ -111.915556, 40.402272 ], [ -111.916553, 40.403763 ], [ -111.916704, 40.403985 ], [ -111.918168, 40.405932 ], [ -111.921121, 40.406576 ], [ -111.921469, 40.406481 ], [ -111.925157, 40.402894 ], [ -111.929531, 40.399913 ], [ -111.929764, 40.399202 ] ] ] } },
{ "type": "Feature", "properties": { "group_index": 0, "value": 300.0, "center": [ -111.64087522558992, 40.227269028962304 ], "point_id": "F10-1190" }, "geometry": { "type": "Polygon", "coordinates": [ [ [ -111.644473, 40.228092 ], [ -111.644405, 40.22664 ], [ -111.644197, 40.225905 ], [ -111.643042, 40.224833 ], [ -111.642726, 40.224739 ], [ -111.640411, 40.224375 ], [ -111.63982, 40.224568 ], [ -111.635982, 40.227026 ], [ -111.635906, 40.227179 ], [ -111.635908, 40.227539 ], [ -111.636648, 40.228528 ], [ -111.638096, 40.228821 ], [ -111.64229, 40.229834 ], [ -111.642602, 40.229841 ], [ -111.642803, 40.229749 ], [ -111.644481, 40.228451 ], [ -111.644473, 40.228092 ] ] ] } },
{ "type": "Feature", "properties": { "group_index": 0, "value": 600.0, "center": [ -111.64087522558992, 40.227269028962304 ], "point_id": "F10-1190" }, "geometry": { "type": "Polygon", "coordinates": [ [ [ -111.649278, 40.228155 ], [ -111.649044, 40.225473 ], [ -111.648465, 40.224764 ], [ -111.643719, 40.222986 ], [ -111.641582, 40.221934 ], [ -111.64087, 40.22164 ], [ -111.640322, 40.221483 ], [ -111.638403, 40.221778 ], [ -111.634979, 40.224141 ], [ -111.633724, 40.225067 ], [ -111.63206, 40.226489 ], [ -111.632012, 40.226846 ], [ -111.633322, 40.229846 ], [ -111.63348, 40.229927 ], [ -111.635262, 40.23083 ], [ -111.637456, 40.230592 ], [ -111.641204, 40.232629 ], [ -111.643014, 40.233352 ], [ -111.643176, 40.233381 ], [ -111.643536, 40.233369 ], [ -111.64675, 40.23106 ], [ -111.647784, 40.230285 ], [ -111.648202, 40.229968 ], [ -111.649194, 40.228635 ], [ -111.649276, 40.228515 ], [ -111.649278, 40.228155 ] ] ] } },
{ "type": "Feature", "properties": { "group_index": 0, "value": 900.0, "center": [ -111.64087522558992, 40.227269028962304 ], "point_id": "F10-1190" }, "geometry": { "type": "Polygon", "coordinates": [ [ [ -111.654185, 40.228174 ], [ -111.65383, 40.225537 ], [ -111.648678, 40.222928 ], [ -111.647773, 40.222316 ], [ -111.643511, 40.219408 ], [ -111.638694, 40.218294 ], [ -111.637863, 40.218247 ], [ -111.635435, 40.219523 ], [ -111.633189, 40.220954 ], [ -111.632914, 40.221187 ], [ -111.631002, 40.223368 ], [ -111.630951, 40.223455 ], [ -111.630799, 40.223796 ], [ -111.630168, 40.227471 ], [ -111.630192, 40.228157 ], [ -111.630231, 40.228514 ], [ -111.632807, 40.232338 ], [ -111.633142, 40.232571 ], [ -111.635469, 40.233844 ], [ -111.639618, 40.235673 ], [ -111.64298, 40.237101 ], [ -111.64334, 40.237094 ], [ -111.643903, 40.23673 ], [ -111.645479, 40.235716 ], [ -111.647614, 40.234311 ], [ -111.648151, 40.233885 ], [ -111.651001, 40.231617 ], [ -111.653206, 40.229966 ], [ -111.654184, 40.228534 ], [ -111.654185, 40.228174 ] ] ] } },
{ "type": "Feature", "properties": { "group_index": 0, "value": 300.0, "center": [ -111.93461675529541, 40.722992620501074 ], "point_id": "F14-38244" }, "geometry": { "type": "Polygon", "coordinates": [ [ [ -111.939287, 40.722696 ], [ -111.939287, 40.722689 ], [ -111.939286, 40.722678 ], [ -111.938921, 40.72243 ], [ -111.93815, 40.722036 ], [ -111.93787, 40.722041 ], [ -111.93759, 40.722045 ], [ -111.93213, 40.722821 ], [ -111.930273, 40.722655 ], [ -111.929913, 40.722669 ], [ -111.929672, 40.722819 ], [ -111.929673, 40.723179 ], [ -111.93041, 40.723987 ], [ -111.930651, 40.723981 ], [ -111.930891, 40.723975 ], [ -111.933869, 40.723673 ], [ -111.938812, 40.723145 ], [ -111.939287, 40.722707 ], [ -111.939287, 40.722696 ] ] ] } },
{ "type": "Feature", "properties": { "group_index": 0, "value": 600.0, "center": [ -111.93461675529541, 40.722992620501074 ], "point_id": "F14-38244" }, "geometry": { "type": "Polygon", "coordinates": [ [ [ -111.942205, 40.721186 ], [ -111.940308, 40.719619 ], [ -111.939333, 40.718902 ], [ -111.93916, 40.718776 ], [ -111.938935, 40.718716 ], [ -111.938575, 40.718713 ], [ -111.936838, 40.719956 ], [ -111.936017, 40.720559 ], [ -111.930539, 40.720553 ], [ -111.928587, 40.720419 ], [ -111.927605, 40.720435 ], [ -111.925472, 40.722098 ], [ -111.925273, 40.722296 ], [ -111.925274, 40.722656 ], [ -111.925415, 40.723894 ], [ -111.92556, 40.723992 ], [ -111.92695, 40.723904 ], [ -111.928283, 40.723864 ], [ -111.93041, 40.723987 ], [ -111.930651, 40.723981 ], [ -111.930891, 40.723975 ], [ -111.933869, 40.723673 ], [ -111.937159, 40.725846 ], [ -111.937265, 40.725971 ], [ -111.937741, 40.726346 ], [ -111.938731, 40.726955 ], [ -111.938869, 40.726954 ], [ -111.939722, 40.726266 ], [ -111.940111, 40.72595 ], [ -111.941535, 40.723268 ], [ -111.942205, 40.721546 ], [ -111.942205, 40.721186 ] ] ] } },
{ "type": "Feature", "properties": { "group_index": 0, "value": 900.0, "center": [ -111.93461675529541, 40.722992620501074 ], "point_id": "F14-38244" }, "geometry": { "type": "Polygon", "coordinates": [ [ [ -111.946942, 40.721181 ], [ -111.94669, 40.720996 ], [ -111.943265, 40.71923 ], [ -111.941702, 40.716745 ], [ -111.939323, 40.715079 ], [ -111.939177, 40.715002 ], [ -111.939151, 40.715 ], [ -111.93898, 40.714999 ], [ -111.93862, 40.715002 ], [ -111.938555, 40.715005 ], [ -111.937359, 40.715912 ], [ -111.931789, 40.717715 ], [ -111.926032, 40.718388 ], [ -111.925723, 40.718387 ], [ -111.925415, 40.718386 ], [ -111.924692, 40.718739 ], [ -111.922276, 40.720651 ], [ -111.921486, 40.721868 ], [ -111.921913, 40.723656 ], [ -111.922009, 40.724003 ], [ -111.924291, 40.724356 ], [ -111.926884, 40.723906 ], [ -111.932321, 40.725984 ], [ -111.932457, 40.72609 ], [ -111.932599, 40.726195 ], [ -111.932928, 40.726194 ], [ -111.937943, 40.728545 ], [ -111.938127, 40.729869 ], [ -111.938125, 40.730229 ], [ -111.938639, 40.730575 ], [ -111.938999, 40.730574 ], [ -111.939114, 40.730513 ], [ -111.941286, 40.728928 ], [ -111.945008, 40.726155 ], [ -111.946943, 40.721541 ], [ -111.946942, 40.721181 ] ] ] } },
{ "type": "Feature", "properties": { "group_index": 0, "value": 300.0, "center": [ -111.67140138548939, 40.25240412207135 ], "point_id": "F18-67763" }, "geometry": { "type": "Polygon", "coordinates": [ [ [ -111.67551, 40.253212 ], [ -111.675492, 40.252853 ], [ -111.672861, 40.249882 ], [ -111.671647, 40.248915 ], [ -111.671287, 40.248919 ], [ -111.669895, 40.249054 ], [ -111.667333, 40.250265 ], [ -111.667238, 40.250392 ], [ -111.667282, 40.250868 ], [ -111.667738, 40.251917 ], [ -111.667914, 40.25223 ], [ -111.669367, 40.253667 ], [ -111.672188, 40.254717 ], [ -111.672862, 40.254952 ], [ -111.673605, 40.255165 ], [ -111.67451, 40.255437 ], [ -111.674849, 40.255316 ], [ -111.67551, 40.253212 ] ] ] } },
{ "type": "Feature", "properties": { "group_index": 0, "value": 600.0, "center": [ -111.67140138548939, 40.25240412207135 ], "point_id": "F18-67763" }, "geometry": { "type": "Polygon", "coordinates": [ [ [ -111.679903, 40.25322 ], [ -111.676964, 40.248965 ], [ -111.676212, 40.248268 ], [ -111.675335, 40.247455 ], [ -111.673795, 40.246266 ], [ -111.672528, 40.246287 ], [ -111.667703, 40.246307 ], [ -111.667593, 40.246325 ], [ -111.667235, 40.246517 ], [ -111.663382, 40.249415 ], [ -111.662437, 40.250269 ], [ -111.662402, 40.250367 ], [ -111.662379, 40.250488 ], [ -111.662373, 40.250739 ], [ -111.662372, 40.250886 ], [ -111.665582, 40.255564 ], [ -111.666771, 40.256362 ], [ -111.667779, 40.25686 ], [ -111.667875, 40.256903 ], [ -111.672203, 40.258431 ], [ -111.67513, 40.258901 ], [ -111.675139, 40.258902 ], [ -111.677228, 40.25823 ], [ -111.677433, 40.257934 ], [ -111.679908, 40.25358 ], [ -111.679903, 40.25322 ] ] ] } },
{ "type": "Feature", "properties": { "group_index": 0, "value": 900.0, "center": [ -111.67140138548939, 40.25240412207135 ], "point_id": "F18-67763" }, "geometry": { "type": "Polygon", "coordinates": [ [ [ -111.684802, 40.253201 ], [ -111.681823, 40.250507 ], [ -111.678439, 40.245948 ], [ -111.676139, 40.24392 ], [ -111.673103, 40.243018 ], [ -111.667829, 40.242697 ], [ -111.667469, 40.242695 ], [ -111.666295, 40.242808 ], [ -111.664667, 40.244044 ], [ -111.664442, 40.244232 ], [ -111.663876, 40.244758 ], [ -111.66234, 40.246428 ], [ -111.658658, 40.249325 ], [ -111.658434, 40.249491 ], [ -111.657829, 40.250001 ], [ -111.65748, 40.250383 ], [ -111.657463, 40.250502 ], [ -111.657475, 40.250861 ], [ -111.657515, 40.250978 ], [ -111.658576, 40.251798 ], [ -111.66157, 40.256264 ], [ -111.66221, 40.257239 ], [ -111.663352, 40.258455 ], [ -111.663907, 40.25895 ], [ -111.667635, 40.260627 ], [ -111.671191, 40.261943 ], [ -111.671538, 40.26204 ], [ -111.677259, 40.261898 ], [ -111.677541, 40.261945 ], [ -111.680681, 40.260794 ], [ -111.680825, 40.260552 ], [ -111.682921, 40.256602 ], [ -111.684804, 40.253561 ], [ -111.684802, 40.253201 ] ] ] } },
{ "type": "Feature", "properties": { "group_index": 0, "value": 300.0, "center": [ -112.00357343142598, 40.77364042189036 ], "point_id": "F10-3635" }, "geometry": { "type": "Polygon", "coordinates": [ [ [ -112.008412, 40.773345 ], [ -112.006915, 40.77217 ], [ -112.006338, 40.771784 ], [ -112.00308, 40.770476 ], [ -112.002731, 40.77046 ], [ -112.002339, 40.770495 ], [ -112.002231, 40.770564 ], [ -112.001726, 40.771346 ], [ -112.001729, 40.771706 ], [ -112.002465, 40.776865 ], [ -112.002998, 40.777221 ], [ -112.003334, 40.777341 ], [ -112.003694, 40.777341 ], [ -112.00717, 40.775208 ], [ -112.008412, 40.773705 ], [ -112.008412, 40.773345 ] ] ] } },
{ "type": "Feature", "properties": { "group_index": 0, "value": 600.0, "center": [ -112.00357343142598, 40.77364042189036 ], "point_id": "F10-3635" }, "geometry": { "type": "Polygon", "coordinates": [ [ [ -112.013468, 40.773452 ], [ -112.013364, 40.773337 ], [ -112.0109, 40.771262 ], [ -112.010424, 40.770998 ], [ -112.009947, 40.770898 ], [ -112.009551, 40.770839 ], [ -112.0092, 40.770792 ], [ -112.007561, 40.770736 ], [ -112.00308, 40.770476 ], [ -111.997342, 40.770055 ], [ -111.997239, 40.770399 ], [ -111.998271, 40.770903 ], [ -111.999175, 40.771371 ], [ -112.000041, 40.771401 ], [ -112.002359, 40.776686 ], [ -112.002465, 40.776865 ], [ -112.003187, 40.7779 ], [ -112.005552, 40.779785 ], [ -112.005912, 40.779775 ], [ -112.00989, 40.776504 ], [ -112.012702, 40.774236 ], [ -112.013356, 40.773697 ], [ -112.013466, 40.77352 ], [ -112.013468, 40.773452 ] ] ] } },
{ "type": "Feature", "properties": { "group_index": 0, "value": 900.0, "center": [ -112.00357343142598, 40.77364042189036 ], "point_id": "F10-3635" }, "geometry": { "type": "Polygon", "coordinates": [ [ [ -112.018271, 40.774235 ], [ -112.018182, 40.774051 ], [ -112.015682, 40.771552 ], [ -112.015635, 40.771526 ], [ -112.012927, 40.771257 ], [ -112.009551, 40.770839 ], [ -112.0092, 40.770792 ], [ -112.007561, 40.770736 ], [ -112.00308, 40.770476 ], [ -112.002731, 40.77046 ], [ -111.997501, 40.770102 ], [ -111.994794, 40.768418 ], [ -111.994437, 40.768462 ], [ -111.992822, 40.771151 ], [ -111.993054, 40.771426 ], [ -111.995037, 40.770807 ], [ -111.999175, 40.771371 ], [ -112.000041, 40.771401 ], [ -112.002359, 40.776686 ], [ -112.003274, 40.781185 ], [ -112.003272, 40.781545 ], [ -112.005388, 40.783155 ], [ -112.005686, 40.783346 ], [ -112.006046, 40.783336 ], [ -112.008306, 40.781577 ], [ -112.011135, 40.779477 ], [ -112.014987, 40.776617 ], [ -112.018183, 40.774411 ], [ -112.018269, 40.774305 ], [ -112.018271, 40.774235 ] ] ] } },
{ "type": "Feature", "properties": { "group_index": 0, "value": 300.0, "center": [ -111.83347953727237, 40.577789744362455 ], "point_id": "F10-1188" }, "geometry": { "type": "Polygon", "coordinates": [ [ [ -111.837267, 40.578713 ], [ -111.837215, 40.577824 ], [ -111.836983, 40.576511 ], [ -111.836723, 40.576263 ], [ -111.833503, 40.575748 ], [ -111.83146, 40.576156 ], [ -111.830586, 40.577303 ], [ -111.830284, 40.578944 ], [ -111.830285, 40.579304 ], [ -111.83402, 40.58156 ], [ -111.83438, 40.581563 ], [ -111.836482, 40.579716 ], [ -111.837261, 40.579073 ], [ -111.837267, 40.578713 ] ] ] } },
{ "type": "Feature", "properties": { "group_index": 0, "value": 600.0, "center": [ -111.83347953727237, 40.577789744362455 ], "point_id": "F10-1188" }, "geometry": { "type": "Polygon", "coordinates": [ [ [ -111.841135, 40.576703 ], [ -111.841136, 40.576343 ], [ -111.83853, 40.573608 ], [ -111.837917, 40.573085 ], [ -111.837478, 40.572723 ], [ -111.837141, 40.572595 ], [ -111.831712, 40.575117 ], [ -111.829253, 40.574761 ], [ -111.828893, 40.574761 ], [ -111.828253, 40.575101 ], [ -111.828085, 40.575419 ], [ -111.82727, 40.580023 ], [ -111.827221, 40.58038 ], [ -111.829061, 40.581681 ], [ -111.833763, 40.584742 ], [ -111.834142, 40.58482 ], [ -111.834496, 40.584754 ], [ -111.83845, 40.582032 ], [ -111.840261, 40.580783 ], [ -111.840428, 40.580597 ], [ -111.841135, 40.576703 ] ] ] } },
{ "type": "Feature", "properties": { "group_index": 0, "value": 900.0, "center": [ -111.83347953727237, 40.577789744362455 ], "point_id": "F10-1188" }, "geometry": { "type": "Polygon", "coordinates": [ [ [ -111.845814, 40.576859 ], [ -111.845662, 40.576532 ], [ -111.844935, 40.575216 ], [ -111.844886, 40.575161 ], [ -111.841984, 40.572177 ], [ -111.838099, 40.568949 ], [ -111.837757, 40.568835 ], [ -111.834491, 40.57032 ], [ -111.830263, 40.571716 ], [ -111.827355, 40.572201 ], [ -111.826404, 40.572858 ], [ -111.826116, 40.573075 ], [ -111.822569, 40.57778 ], [ -111.822355, 40.57807 ], [ -111.823844, 40.581992 ], [ -111.824076, 40.582248 ], [ -111.825458, 40.583232 ], [ -111.829658, 40.585725 ], [ -111.831703, 40.587763 ], [ -111.833787, 40.588365 ], [ -111.834147, 40.588369 ], [ -111.834329, 40.588363 ], [ -111.834517, 40.588256 ], [ -111.836716, 40.58656 ], [ -111.841759, 40.583493 ], [ -111.845271, 40.581454 ], [ -111.845541, 40.580784 ], [ -111.845814, 40.576859 ] ] ] } },
{ "type": "Feature", "properties": { "group_index": 0, "value": 300.0, "center": [ -111.89381490832713, 40.516955572915286 ], "point_id": "F17-59345" }, "geometry": { "type": "Polygon", "coordinates": [ [ [ -111.898091, 40.516006 ], [ -111.897027, 40.515145 ], [ -111.896245, 40.514506 ], [ -111.895907, 40.514383 ], [ -111.894354, 40.513835 ], [ -111.894011, 40.513728 ], [ -111.893435, 40.51363 ], [ -111.893242, 40.513629 ], [ -111.893002, 40.513812 ], [ -111.89198, 40.51459 ], [ -111.891482, 40.514963 ], [ -111.891482, 40.515551 ], [ -111.891481, 40.516139 ], [ -111.891476, 40.518828 ], [ -111.891476, 40.518916 ], [ -111.891836, 40.518917 ], [ -111.895239, 40.518368 ], [ -111.898092, 40.516366 ], [ -111.898091, 40.516006 ] ] ] } },
{ "type": "Feature", "properties": { "group_index": 0, "value": 600.0, "center": [ -111.89381490832713, 40.516955572915286 ], "point_id": "F17-59345" }, "geometry": { "type": "Polygon", "coordinates": [ [ [ -111.902806, 40.515999 ], [ -111.900508, 40.513855 ], [ -111.896196, 40.511723 ], [ -111.891781, 40.511141 ], [ -111.891504, 40.511217 ], [ -111.891505, 40.511429 ], [ -111.891482, 40.514963 ], [ -111.891482, 40.515551 ], [ -111.891481, 40.516139 ], [ -111.891476, 40.518828 ], [ -111.891476, 40.518916 ], [ -111.891517, 40.521381 ], [ -111.891526, 40.522023 ], [ -111.891534, 40.522665 ], [ -111.891894, 40.522661 ], [ -111.895199, 40.520881 ], [ -111.895452, 40.520748 ], [ -111.899211, 40.518735 ], [ -111.902802, 40.516359 ], [ -111.902806, 40.515999 ] ] ] } },
{ "type": "Feature", "properties": { "group_index": 0, "value": 900.0, "center": [ -111.89381490832713, 40.516955572915286 ], "point_id": "F17-59345" }, "geometry": { "type": "Polygon", "coordinates": [ [ [ -111.903602, 40.513205 ], [ -111.903303, 40.511991 ], [ -111.898773, 40.50921 ], [ -111.897793, 40.508446 ], [ -111.897624, 40.508309 ], [ -111.896648, 40.507975 ], [ -111.891587, 40.507311 ], [ -111.891514, 40.507574 ], [ -111.891501, 40.507802 ], [ -111.891495, 40.507988 ], [ -111.8915, 40.509712 ], [ -111.891504, 40.511217 ], [ -111.891505, 40.511429 ], [ -111.891482, 40.514963 ], [ -111.891482, 40.515551 ], [ -111.891481, 40.516139 ], [ -111.891476, 40.518828 ], [ -111.891476, 40.518916 ], [ -111.891517, 40.521381 ], [ -111.891526, 40.522023 ], [ -111.891534, 40.522665 ], [ -111.891972, 40.525257 ], [ -111.891997, 40.525395 ], [ -111.892079, 40.525741 ], [ -111.892266, 40.526373 ], [ -111.895321, 40.524035 ], [ -111.898366, 40.522113 ], [ -111.898912, 40.521656 ], [ -111.899086, 40.521486 ], [ -111.901499, 40.518731 ], [ -111.903002, 40.516923 ], [ -111.903602, 40.513205 ] ] ] } },
{ "type": "Feature", "properties": { "group_index": 0, "value": 300.0, "center": [ -111.94375657248943, 40.71224814403601 ], "point_id": "F15-43035" }, "geometry": { "type": "Polygon", "coordinates": [ [ [ -111.94653, 40.710187 ], [ -111.946292, 40.709916 ], [ -111.945832, 40.709614 ], [ -111.944449, 40.708731 ], [ -111.94412, 40.708626 ], [ -111.942532, 40.709087 ], [ -111.940329, 40.710828 ], [ -111.940229, 40.710914 ], [ -111.940072, 40.711066 ], [ -111.940047, 40.711247 ], [ -111.940048, 40.711364 ], [ -111.940073, 40.711426 ], [ -111.940907, 40.712766 ], [ -111.942656, 40.715078 ], [ -111.944568, 40.715599 ], [ -111.944645, 40.715499 ], [ -111.944982, 40.715043 ], [ -111.946693, 40.712643 ], [ -111.94653, 40.710187 ] ] ] } },
{ "type": "Feature", "properties": { "group_index": 0, "value": 600.0, "center": [ -111.94375657248943, 40.71224814403601 ], "point_id": "F15-43035" }, "geometry": { "type": "Polygon", "coordinates": [ [ [ -111.951751, 40.712141 ], [ -111.950312, 40.709221 ], [ -111.948285, 40.70623 ], [ -111.948065, 40.705945 ], [ -111.945642, 40.706074 ], [ -111.94358, 40.70656 ], [ -111.942334, 40.706839 ], [ -111.941597, 40.707022 ], [ -111.938944, 40.70811 ], [ -111.937954, 40.708789 ], [ -111.936864, 40.709644 ], [ -111.935717, 40.710537 ], [ -111.935256, 40.711005 ], [ -111.935261, 40.711365 ], [ -111.935711, 40.711902 ], [ -111.936746, 40.712747 ], [ -111.9402, 40.71719 ], [ -111.940493, 40.717417 ], [ -111.940809, 40.717611 ], [ -111.944732, 40.718725 ], [ -111.945054, 40.718716 ], [ -111.945355, 40.718518 ], [ -111.949845, 40.715237 ], [ -111.950684, 40.714255 ], [ -111.951752, 40.712501 ], [ -111.951751, 40.712141 ] ] ] } },
{ "type": "Feature", "properties": { "group_index": 0, "value": 900.0, "center": [ -111.94375657248943, 40.71224814403601 ], "point_id": "F15-43035" }, "geometry": { "type": "Polygon", "coordinates": [ [ [ -111.956185, 40.712135 ], [ -111.956116, 40.712061 ], [ -111.952848, 40.707644 ], [ -111.952167, 40.705859 ], [ -111.950703, 40.703856 ], [ -111.950538, 40.703637 ], [ -111.949566, 40.702842 ], [ -111.9487, 40.702546 ], [ -111.948686, 40.702552 ], [ -111.948299, 40.702772 ], [ -111.946886, 40.703741 ], [ -111.94674, 40.703855 ], [ -111.946156, 40.704595 ], [ -111.94358, 40.70656 ], [ -111.93946, 40.704508 ], [ -111.939313, 40.704442 ], [ -111.938953, 40.704442 ], [ -111.938767, 40.704491 ], [ -111.936232, 40.706313 ], [ -111.93414, 40.707883 ], [ -111.933009, 40.708766 ], [ -111.931408, 40.710282 ], [ -111.930599, 40.71136 ], [ -111.930556, 40.711718 ], [ -111.933554, 40.71445 ], [ -111.935257, 40.717169 ], [ -111.938801, 40.719851 ], [ -111.938972, 40.719981 ], [ -111.939332, 40.719981 ], [ -111.944856, 40.719999 ], [ -111.95049, 40.718511 ], [ -111.951228, 40.718063 ], [ -111.952575, 40.717191 ], [ -111.956186, 40.712495 ], [ -111.956185, 40.712135 ] ] ] } },
{ "type": "Feature", "properties": { "group_index": 0, "value": 300.0, "center": [ -111.89126254783092, 40.8893123055529 ], "point_id": "F20-80240" }, "geometry": { "type": "Polygon", "coordinates": [ [ [ -111.895175, 40.888277 ], [ -111.894149, 40.88751 ], [ -111.893777, 40.887227 ], [ -111.89319, 40.886783 ], [ -111.892268, 40.886157 ], [ -111.890762, 40.885747 ], [ -111.890732, 40.885747 ], [ -111.88969, 40.88654 ], [ -111.886533, 40.888973 ], [ -111.886335, 40.889126 ], [ -111.886332, 40.889486 ], [ -111.886432, 40.88962 ], [ -111.887633, 40.890483 ], [ -111.891891, 40.892447 ], [ -111.8921, 40.892448 ], [ -111.89228, 40.892425 ], [ -111.892555, 40.892295 ], [ -111.892974, 40.891988 ], [ -111.895076, 40.890513 ], [ -111.895406, 40.890275 ], [ -111.895175, 40.888277 ] ] ] } },
{ "type": "Feature", "properties": { "group_index": 0, "value": 600.0, "center": [ -111.89126254783092, 40.8893123055529 ], "point_id": "F20-80240" }, "geometry": { "type": "Polygon", "coordinates": [ [ [ -111.89593, 40.890467 ], [ -111.895931, 40.890018 ], [ -111.895806, 40.887204 ], [ -111.895187, 40.884193 ], [ -111.895148, 40.884083 ], [ -111.892655, 40.88263 ], [ -111.892283, 40.882432 ], [ -111.891923, 40.882431 ], [ -111.888549, 40.88358 ], [ -111.887817, 40.88416 ], [ -111.885267, 40.886125 ], [ -111.882519, 40.88821 ], [ -111.881395, 40.889096 ], [ -111.881395, 40.889456 ], [ -111.88144, 40.889535 ], [ -111.881504, 40.889609 ], [ -111.882839, 40.890658 ], [ -111.885002, 40.892341 ], [ -111.885564, 40.892681 ], [ -111.889519, 40.894528 ], [ -111.891892, 40.896154 ], [ -111.892252, 40.896164 ], [ -111.89239, 40.896093 ], [ -111.892539, 40.896014 ], [ -111.893191, 40.895565 ], [ -111.895176, 40.894202 ], [ -111.89593, 40.890467 ] ] ] } },
{ "type": "Feature", "properties": { "group_index": 0, "value": 900.0, "center": [ -111.89126254783092, 40.8893123055529 ], "point_id": "F20-80240" }, "geometry": { "type": "Polygon", "coordinates": [ [ [ -111.900162, 40.893677 ], [ -111.89944, 40.893627 ], [ -111.895931, 40.890018 ], [ -111.898705, 40.885918 ], [ -111.900365, 40.884566 ], [ -111.900367, 40.884206 ], [ -111.896353, 40.881173 ], [ -111.892406, 40.878756 ], [ -111.892268, 40.878683 ], [ -111.892088, 40.878593 ], [ -111.891972, 40.878593 ], [ -111.887626, 40.880665 ], [ -111.885308, 40.882121 ], [ -111.8839, 40.883242 ], [ -111.879901, 40.886408 ], [ -111.877689, 40.888108 ], [ -111.877607, 40.888173 ], [ -111.877541, 40.88823 ], [ -111.876491, 40.889155 ], [ -111.876484, 40.889218 ], [ -111.876486, 40.889578 ], [ -111.876562, 40.889642 ], [ -111.877742, 40.890615 ], [ -111.877811, 40.890671 ], [ -111.880455, 40.892745 ], [ -111.884221, 40.895491 ], [ -111.8853, 40.896238 ], [ -111.885535, 40.89636 ], [ -111.890307, 40.898814 ], [ -111.891245, 40.899744 ], [ -111.89131, 40.899808 ], [ -111.892489, 40.899518 ], [ -111.89353, 40.898153 ], [ -111.897549, 40.894017 ], [ -111.897897, 40.894001 ], [ -111.898477, 40.893994 ], [ -111.899284, 40.894055 ], [ -111.900091, 40.894116 ], [ -111.900137, 40.894036 ], [ -111.900162, 40.893677 ] ] ] } },
{ "type": "Feature", "properties": { "group_index": 0, "value": 300.0, "center": [ -111.88699337338969, 40.64916930877778 ], "point_id": "F10-3837" }, "geometry": { "type": "Polygon", "coordinates": [ [ [ -111.891241, 40.649459 ], [ -111.890044, 40.64755 ], [ -111.888991, 40.646738 ], [ -111.888826, 40.646609 ], [ -111.888749, 40.646555 ], [ -111.88839, 40.646538 ], [ -111.888326, 40.64654 ], [ -111.883595, 40.647691 ], [ -111.883479, 40.647717 ], [ -111.882376, 40.648445 ], [ -111.882053, 40.648696 ], [ -111.882031, 40.649055 ], [ -111.882485, 40.649862 ], [ -111.884926, 40.651216 ], [ -111.888144, 40.652072 ], [ -111.888292, 40.652074 ], [ -111.888469, 40.652043 ], [ -111.890075, 40.651384 ], [ -111.890406, 40.651242 ], [ -111.891261, 40.649819 ], [ -111.891241, 40.649459 ] ] ] } },
{ "type": "Feature", "properties": { "group_index": 0, "value": 600.0, "center": [ -111.88699337338969, 40.64916930877778 ], "point_id": "F10-3837" }, "geometry": { "type": "Polygon", "coordinates": [ [ [ -111.895416, 40.650467 ], [ -111.894621, 40.648089 ], [ -111.893994, 40.646688 ], [ -111.8939, 40.646574 ], [ -111.892752, 40.645496 ], [ -111.89269, 40.645439 ], [ -111.889438, 40.643149 ], [ -111.889188, 40.642973 ], [ -111.889022, 40.642865 ], [ -111.888614, 40.642685 ], [ -111.882848, 40.644322 ], [ -111.88077, 40.64551 ], [ -111.878533, 40.647626 ], [ -111.87699, 40.649317 ], [ -111.877076, 40.649667 ], [ -111.880336, 40.652038 ], [ -111.884354, 40.654391 ], [ -111.888009, 40.655776 ], [ -111.888144, 40.655757 ], [ -111.888294, 40.655723 ], [ -111.889213, 40.655351 ], [ -111.890517, 40.654348 ], [ -111.894411, 40.651785 ], [ -111.89531, 40.650811 ], [ -111.895416, 40.650467 ] ] ] } },
{ "type": "Feature", "properties": { "group_index": 0, "value": 900.0, "center": [ -111.88699337338969, 40.64916930877778 ], "point_id": "F10-3837" }, "geometry": { "type": "Polygon", "coordinates": [ [ [ -111.897457, 40.647714 ], [ -111.897282, 40.645379 ], [ -111.896433, 40.644389 ], [ -111.896367, 40.644316 ], [ -111.8963, 40.644257 ], [ -111.893784, 40.642235 ], [ -111.89184, 40.640792 ], [ -111.889737, 40.639378 ], [ -111.889215, 40.639123 ], [ -111.88914, 40.639093 ], [ -111.88878, 40.639075 ], [ -111.888713, 40.639081 ], [ -111.882917, 40.640574 ], [ -111.882296, 40.640801 ], [ -111.87915, 40.64299 ], [ -111.875893, 40.645124 ], [ -111.872851, 40.648785 ], [ -111.872385, 40.649353 ], [ -111.872375, 40.649713 ], [ -111.872432, 40.6498 ], [ -111.873669, 40.65112 ], [ -111.878072, 40.653945 ], [ -111.87906, 40.654531 ], [ -111.880552, 40.655412 ], [ -111.88239, 40.656358 ], [ -111.885752, 40.658188 ], [ -111.887906, 40.659491 ], [ -111.888071, 40.659564 ], [ -111.888086, 40.659564 ], [ -111.888624, 40.659391 ], [ -111.888627, 40.659389 ], [ -111.893503, 40.65592 ], [ -111.893664, 40.655761 ], [ -111.896267, 40.652758 ], [ -111.897457, 40.647714 ] ] ] } },
{ "type": "Feature", "properties": { "group_index": 0, "value": 300.0, "center": [ -111.94733883597125, 40.652959321638036 ], "point_id": "F10-28008" }, "geometry": { "type": "Polygon", "coordinates": [ [ [ -111.952349, 40.652736 ], [ -111.950384, 40.651323 ], [ -111.949057, 40.650329 ], [ -111.948432, 40.649905 ], [ -111.947002, 40.649883 ], [ -111.946738, 40.64989 ], [ -111.94408, 40.651367 ], [ -111.943784, 40.651636 ], [ -111.94254, 40.652793 ], [ -111.942551, 40.653153 ], [ -111.942693, 40.653351 ], [ -111.942787, 40.653424 ], [ -111.94428, 40.654479 ], [ -111.944903, 40.654936 ], [ -111.945095, 40.655003 ], [ -111.948107, 40.655998 ], [ -111.948467, 40.655996 ], [ -111.94858, 40.655923 ], [ -111.949048, 40.655615 ], [ -111.950077, 40.654827 ], [ -111.952027, 40.653358 ], [ -111.95235, 40.653096 ], [ -111.952349, 40.652736 ] ] ] } },
{ "type": "Feature", "properties": { "group_index": 0, "value": 600.0, "center": [ -111.94733883597125, 40.652959321638036 ], "point_id": "F10-28008" }, "geometry": { "type": "Polygon", "coordinates": [ [ [ -111.957282, 40.652775 ], [ -111.956673, 40.652053 ], [ -111.953362, 40.650055 ], [ -111.949108, 40.648372 ], [ -111.947799, 40.647634 ], [ -111.943093, 40.64853 ], [ -111.941073, 40.650119 ], [ -111.937443, 40.652778 ], [ -111.937427, 40.653138 ], [ -111.937437, 40.653194 ], [ -111.938882, 40.654422 ], [ -111.942644, 40.657386 ], [ -111.943755, 40.658138 ], [ -111.948126, 40.659787 ], [ -111.94829, 40.659813 ], [ -111.948731, 40.659775 ], [ -111.950977, 40.657932 ], [ -111.951777, 40.657269 ], [ -111.956696, 40.653957 ], [ -111.957277, 40.653135 ], [ -111.957282, 40.652775 ] ] ] } },
{ "type": "Feature", "properties": { "group_index": 0, "value": 900.0, "center": [ -111.94733883597125, 40.652959321638036 ], "point_id": "F10-28008" }, "geometry": { "type": "Polygon", "coordinates": [ [ [ -111.961996, 40.652915 ], [ -111.961971, 40.652773 ], [ -111.960932, 40.651522 ], [ -111.958761, 40.649789 ], [ -111.958047, 40.649766 ], [ -111.953395, 40.649297 ], [ -111.947799, 40.647634 ], [ -111.945259, 40.646319 ], [ -111.944231, 40.645751 ], [ -111.942746, 40.645287 ], [ -111.942563, 40.645256 ], [ -111.940854, 40.646377 ], [ -111.936632, 40.649535 ], [ -111.932432, 40.652705 ], [ -111.932418, 40.653065 ], [ -111.932685, 40.653356 ], [ -111.936622, 40.656818 ], [ -111.938826, 40.65868 ], [ -111.941652, 40.661479 ], [ -111.947223, 40.662973 ], [ -111.948044, 40.663545 ], [ -111.950108, 40.663393 ], [ -111.951575, 40.661822 ], [ -111.951575, 40.6618 ], [ -111.951528, 40.661425 ], [ -111.951573, 40.659923 ], [ -111.953518, 40.657062 ], [ -111.957103, 40.656666 ], [ -111.957554, 40.656846 ], [ -111.957914, 40.65691 ], [ -111.957925, 40.65691 ], [ -111.959918, 40.65579 ], [ -111.960197, 40.655562 ], [ -111.961996, 40.653275 ], [ -111.961996, 40.652915 ] ] ] } },
{ "type": "Feature", "properties": { "group_index": 0, "value": 300.0, "center": [ -111.93859762936798, 40.63987386178179 ], "point_id": "F18-60657" }, "geometry": { "type": "Polygon", "coordinates": [ [ [ -111.942154, 40.638813 ], [ -111.942123, 40.638454 ], [ -111.93918, 40.636215 ], [ -111.938464, 40.636103 ], [ -111.936479, 40.636813 ], [ -111.935376, 40.637847 ], [ -111.935214, 40.640921 ], [ -111.935214, 40.641281 ], [ -111.936958, 40.642692 ], [ -111.938354, 40.643611 ], [ -111.938673, 40.643777 ], [ -111.940045, 40.642829 ], [ -111.941075, 40.641961 ], [ -111.942154, 40.638813 ] ] ] } },
{ "type": "Feature", "properties": { "group_index": 0, "value": 600.0, "center": [ -111.93859762936798, 40.63987386178179 ], "point_id": "F18-60657" }, "geometry": { "type": "Polygon", "coordinates": [ [ [ -111.946991, 40.638521 ], [ -111.946865, 40.63839 ], [ -111.945832, 40.637571 ], [ -111.943955, 40.636942 ], [ -111.940645, 40.633484 ], [ -111.939974, 40.632928 ], [ -111.939804, 40.632813 ], [ -111.938987, 40.632479 ], [ -111.938803, 40.63247 ], [ -111.938443, 40.632471 ], [ -111.937091, 40.632632 ], [ -111.93683, 40.63288 ], [ -111.935633, 40.634437 ], [ -111.931368, 40.637183 ], [ -111.930547, 40.637766 ], [ -111.930547, 40.638126 ], [ -111.931047, 40.641864 ], [ -111.93119, 40.642113 ], [ -111.931331, 40.642148 ], [ -111.935598, 40.643485 ], [ -111.938461, 40.647245 ], [ -111.938821, 40.647244 ], [ -111.939094, 40.647224 ], [ -111.939248, 40.647169 ], [ -111.939841, 40.646683 ], [ -111.942604, 40.643688 ], [ -111.944441, 40.641832 ], [ -111.94687, 40.63885 ], [ -111.946994, 40.638559 ], [ -111.946991, 40.638521 ] ] ] } },
{ "type": "Feature", "properties": { "group_index": 0, "value": 900.0, "center": [ -111.93859762936798, 40.63987386178179 ], "point_id": "F18-60657" }, "geometry": { "type": "Polygon", "coordinates": [ [ [ -111.951803, 40.638391 ], [ -111.951225, 40.636949 ], [ -111.948922, 40.635903 ], [ -111.948353, 40.635867 ], [ -111.948155, 40.635932 ], [ -111.943464, 40.633094 ], [ -111.94345, 40.631776 ], [ -111.941009, 40.629973 ], [ -111.939413, 40.628971 ], [ -111.939158, 40.62882 ], [ -111.93898, 40.628732 ], [ -111.938798, 40.628725 ], [ -111.938438, 40.628724 ], [ -111.938167, 40.628883 ], [ -111.93804, 40.628964 ], [ -111.93517, 40.630885 ], [ -111.933072, 40.632457 ], [ -111.929067, 40.635208 ], [ -111.9256, 40.63776 ], [ -111.925604, 40.637838 ], [ -111.925622, 40.638119 ], [ -111.928957, 40.642947 ], [ -111.929089, 40.643102 ], [ -111.931798, 40.645657 ], [ -111.934916, 40.648326 ], [ -111.93662, 40.649895 ], [ -111.938393, 40.650915 ], [ -111.938561, 40.650972 ], [ -111.938921, 40.650983 ], [ -111.939109, 40.650969 ], [ -111.939286, 40.650897 ], [ -111.940058, 40.650402 ], [ -111.941059, 40.649697 ], [ -111.941852, 40.649145 ], [ -111.943171, 40.648026 ], [ -111.947407, 40.644867 ], [ -111.94764, 40.644592 ], [ -111.95069, 40.639597 ], [ -111.951803, 40.638751 ], [ -111.951803, 40.638391 ] ] ] } },
{ "type": "Feature", "properties": { "group_index": 0, "value": 300.0, "center": [ -112.04562269473963, 41.12184909895422 ], "point_id": "F13-37076" }, "geometry": { "type": "Polygon", "coordinates": [ [ [ -112.049681, 41.12124 ], [ -112.049593, 41.121164 ], [ -112.04742, 41.119615 ], [ -112.046503, 41.118941 ], [ -112.045563, 41.118235 ], [ -112.045437, 41.118235 ], [ -112.045204, 41.118273 ], [ -112.04478, 41.118353 ], [ -112.043296, 41.118976 ], [ -112.042597, 41.119631 ], [ -112.042348, 41.119892 ], [ -112.041939, 41.120834 ], [ -112.042227, 41.121492 ], [ -112.044993, 41.12525 ], [ -112.045203, 41.125422 ], [ -112.045595, 41.125423 ], [ -112.047614, 41.124273 ], [ -112.047724, 41.12419 ], [ -112.049686, 41.121453 ], [ -112.049681, 41.12124 ] ] ] } },
{ "type": "Feature", "properties": { "group_index": 0, "value": 600.0, "center": [ -112.04562269473963, 41.12184909895422 ], "point_id": "F13-37076" }, "geometry": { "type": "Polygon", "coordinates": [ [ [ -112.052567, 41.123534 ], [ -112.052417, 41.12101 ], [ -112.052363, 41.120852 ], [ -112.051866, 41.119789 ], [ -112.051394, 41.118921 ], [ -112.049322, 41.116889 ], [ -112.045737, 41.114624 ], [ -112.045567, 41.11454 ], [ -112.045207, 41.11454 ], [ -112.041591, 41.116363 ], [ -112.039519, 41.117782 ], [ -112.039243, 41.117976 ], [ -112.039252, 41.118336 ], [ -112.040415, 41.119144 ], [ -112.040877, 41.124589 ], [ -112.040279, 41.125176 ], [ -112.040185, 41.125423 ], [ -112.040185, 41.125423 ], [ -112.040278, 41.125536 ], [ -112.040364, 41.125603 ], [ -112.045081, 41.129078 ], [ -112.045216, 41.129163 ], [ -112.045576, 41.129164 ], [ -112.048671, 41.12735 ], [ -112.052493, 41.123977 ], [ -112.052567, 41.123894 ], [ -112.052567, 41.123534 ] ] ] } },
{ "type": "Feature", "properties": { "group_index": 0, "value": 900.0, "center": [ -112.04562269473963, 41.12184909895422 ], "point_id": "F13-37076" }, "geometry": { "type": "Polygon", "coordinates": [ [ [ -112.055581, 41.125175 ], [ -112.055525, 41.124389 ], [ -112.055067, 41.1217 ], [ -112.055154, 41.118258 ], [ -112.055154, 41.117898 ], [ -112.05119, 41.114702 ], [ -112.048295, 41.112314 ], [ -112.046818, 41.11151 ], [ -112.045454, 41.110801 ], [ -112.04542, 41.110801 ], [ -112.044998, 41.110809 ], [ -112.043533, 41.111448 ], [ -112.043345, 41.111598 ], [ -112.03982, 41.113909 ], [ -112.035573, 41.1136 ], [ -112.035307, 41.113843 ], [ -112.034067, 41.117996 ], [ -112.034067, 41.118356 ], [ -112.035273, 41.119185 ], [ -112.035302, 41.125144 ], [ -112.035306, 41.125504 ], [ -112.036917, 41.127038 ], [ -112.040292, 41.129244 ], [ -112.044703, 41.132697 ], [ -112.044779, 41.13275 ], [ -112.044954, 41.132861 ], [ -112.045176, 41.132948 ], [ -112.045193, 41.13295 ], [ -112.045319, 41.132951 ], [ -112.045377, 41.13295 ], [ -112.045985, 41.132841 ], [ -112.048864, 41.131099 ], [ -112.050066, 41.129575 ], [ -112.050761, 41.128435 ], [ -112.054949, 41.125988 ], [ -112.05558, 41.125535 ], [ -112.055581, 41.125175 ] ] ] } },
{ "type": "Feature", "properties": { "group_index": 0, "value": 300.0, "center": [ -111.9705609706831, 40.63847108102784 ], "point_id": "F10-27888" }, "geometry": { "type": "Polygon", "coordinates": [ [ [ -111.975574, 40.638249 ], [ -111.97465, 40.636954 ], [ -111.971961, 40.635361 ], [ -111.971602, 40.635333 ], [ -111.971348, 40.635332 ], [ -111.971125, 40.635332 ], [ -111.967789, 40.636662 ], [ -111.96718, 40.637042 ], [ -111.965864, 40.638288 ], [ -111.965688, 40.63848 ], [ -111.965691, 40.63884 ], [ -111.967177, 40.639808 ], [ -111.967368, 40.63988 ], [ -111.97196, 40.641498 ], [ -111.972097, 40.641503 ], [ -111.972651, 40.641103 ], [ -111.974075, 40.639922 ], [ -111.974175, 40.639833 ], [ -111.97533, 40.638823 ], [ -111.975574, 40.638609 ], [ -111.975574, 40.638249 ] ] ] } },
{ "type": "Feature", "properties": { "group_index": 0, "value": 600.0, "center": [ -111.9705609706831, 40.63847108102784 ], "point_id": "F10-27888" }, "geometry": { "type": "Polygon", "coordinates": [ [ [ -111.980585, 40.637522 ], [ -111.976028, 40.634415 ], [ -111.971881, 40.631698 ], [ -111.971793, 40.63167 ], [ -111.971433, 40.631664 ], [ -111.96854, 40.632903 ], [ -111.965421, 40.633535 ], [ -111.961541, 40.6374 ], [ -111.960631, 40.638296 ], [ -111.96063, 40.638656 ], [ -111.96253, 40.640113 ], [ -111.962816, 40.640332 ], [ -111.963703, 40.640915 ], [ -111.967297, 40.644654 ], [ -111.967657, 40.644653 ], [ -111.973443, 40.643979 ], [ -111.973575, 40.643944 ], [ -111.975162, 40.642301 ], [ -111.978823, 40.639619 ], [ -111.980124, 40.638853 ], [ -111.980462, 40.638655 ], [ -111.980781, 40.637825 ], [ -111.980585, 40.637522 ] ] ] } },
{ "type": "Feature", "properties": { "group_index": 0, "value": 900.0, "center": [ -111.9705609706831, 40.63847108102784 ], "point_id": "F10-27888" }, "geometry": { "type": "Polygon", "coordinates": [ [ [ -111.985223, 40.63865 ], [ -111.985226, 40.638469 ], [ -111.985225, 40.638332 ], [ -111.985224, 40.63829 ], [ -111.984762, 40.635724 ], [ -111.984596, 40.635405 ], [ -111.980484, 40.633592 ], [ -111.980469, 40.633592 ], [ -111.975695, 40.631717 ], [ -111.975039, 40.630829 ], [ -111.972775, 40.628859 ], [ -111.972415, 40.628862 ], [ -111.969453, 40.629192 ], [ -111.967274, 40.629468 ], [ -111.966891, 40.629577 ], [ -111.963256, 40.631164 ], [ -111.96203, 40.632257 ], [ -111.958605, 40.635719 ], [ -111.955768, 40.638492 ], [ -111.955769, 40.638852 ], [ -111.957798, 40.640158 ], [ -111.961745, 40.643537 ], [ -111.962797, 40.645065 ], [ -111.964644, 40.646581 ], [ -111.967313, 40.648094 ], [ -111.967673, 40.648092 ], [ -111.971669, 40.643766 ], [ -111.972308, 40.643791 ], [ -111.973443, 40.643979 ], [ -111.973575, 40.643944 ], [ -111.977697, 40.641969 ], [ -111.98065, 40.642411 ], [ -111.980999, 40.642411 ], [ -111.985194, 40.638754 ], [ -111.985223, 40.63865 ] ] ] } },
{ "type": "Feature", "properties": { "group_index": 0, "value": 300.0, "center": [ -111.84827600006071, 40.76315828771229 ], "point_id": "F10-10826" }, "geometry": { "type": "Polygon", "coordinates": [ [ [ -111.851883, 40.762537 ], [ -111.851883, 40.762529 ], [ -111.851811, 40.762379 ], [ -111.851442, 40.761787 ], [ -111.851032, 40.761184 ], [ -111.850673, 40.760734 ], [ -111.847249, 40.76007 ], [ -111.846731, 40.760201 ], [ -111.845445, 40.760646 ], [ -111.845351, 40.760693 ], [ -111.844885, 40.761012 ], [ -111.84462, 40.761255 ], [ -111.844518, 40.761545 ], [ -111.844534, 40.761938 ], [ -111.844894, 40.763559 ], [ -111.845413, 40.764351 ], [ -111.845433, 40.764376 ], [ -111.846226, 40.764942 ], [ -111.849075, 40.766028 ], [ -111.849243, 40.766031 ], [ -111.849907, 40.765776 ], [ -111.850503, 40.765466 ], [ -111.851356, 40.764532 ], [ -111.851883, 40.762537 ] ] ] } },
{ "type": "Feature", "properties": { "group_index": 0, "value": 600.0, "center": [ -111.84827600006071, 40.76315828771229 ], "point_id": "F10-10826" }, "geometry": { "type": "Polygon", "coordinates": [ [ [ -111.856309, 40.762847 ], [ -111.856313, 40.762487 ], [ -111.855383, 40.760634 ], [ -111.855124, 40.760324 ], [ -111.85266, 40.758469 ], [ -111.852556, 40.758391 ], [ -111.852255, 40.758382 ], [ -111.846613, 40.757394 ], [ -111.845716, 40.757046 ], [ -111.845356, 40.757045 ], [ -111.844789, 40.757248 ], [ -111.841921, 40.758666 ], [ -111.841391, 40.759044 ], [ -111.841188, 40.759467 ], [ -111.840594, 40.762288 ], [ -111.840491, 40.763668 ], [ -111.840566, 40.764024 ], [ -111.840591, 40.764113 ], [ -111.840713, 40.764353 ], [ -111.841313, 40.765055 ], [ -111.84157, 40.765354 ], [ -111.841587, 40.765372 ], [ -111.843277, 40.766885 ], [ -111.845438, 40.768379 ], [ -111.848661, 40.769743 ], [ -111.849262, 40.769694 ], [ -111.850574, 40.769222 ], [ -111.852199, 40.768532 ], [ -111.853432, 40.767442 ], [ -111.855857, 40.765039 ], [ -111.856309, 40.762847 ] ] ] } },
{ "type": "Feature", "properties": { "group_index": 0, "value": 900.0, "center": [ -111.84827600006071, 40.76315828771229 ], "point_id": "F10-10826" }, "geometry": { "type": "Polygon", "coordinates": [ [ [ -111.861085, 40.762864 ], [ -111.861084, 40.762504 ], [ -111.860253, 40.760557 ], [ -111.860183, 40.760479 ], [ -111.859991, 40.760308 ], [ -111.857643, 40.758381 ], [ -111.854391, 40.755987 ], [ -111.854062, 40.755782 ], [ -111.853872, 40.755689 ], [ -111.851893, 40.75506 ], [ -111.846776, 40.753564 ], [ -111.845498, 40.753229 ], [ -111.84548, 40.753236 ], [ -111.84536, 40.753298 ], [ -111.845127, 40.75344 ], [ -111.845034, 40.753508 ], [ -111.842415, 40.755413 ], [ -111.837222, 40.757799 ], [ -111.837104, 40.758139 ], [ -111.83666, 40.761697 ], [ -111.836562, 40.762954 ], [ -111.836498, 40.765095 ], [ -111.836631, 40.765429 ], [ -111.837924, 40.766888 ], [ -111.840199, 40.769475 ], [ -111.840295, 40.769527 ], [ -111.842411, 40.770494 ], [ -111.84615, 40.772135 ], [ -111.848613, 40.772993 ], [ -111.85217, 40.77207 ], [ -111.853982, 40.770839 ], [ -111.854115, 40.770738 ], [ -111.855489, 40.769692 ], [ -111.858213, 40.767521 ], [ -111.860651, 40.765239 ], [ -111.860804, 40.765026 ], [ -111.861085, 40.762864 ] ] ] } },
{ "type": "Feature", "properties": { "group_index": 0, "value": 300.0, "center": [ -112.00219618000885, 40.5465292333233 ], "point_id": "F11-30455" }, "geometry": { "type": "Polygon", "coordinates": [ [ [ -112.005368, 40.548918 ], [ -112.005427, 40.548699 ], [ -112.00613, 40.545919 ], [ -112.006136, 40.545559 ], [ -112.006104, 40.544839 ], [ -112.004839, 40.544134 ], [ -112.003449, 40.543796 ], [ -112.001466, 40.543397 ], [ -111.99931, 40.543397 ], [ -111.999135, 40.543495 ], [ -111.99826, 40.545183 ], [ -111.997762, 40.546815 ], [ -111.997963, 40.547248 ], [ -111.998099, 40.547426 ], [ -111.999041, 40.548405 ], [ -111.999694, 40.548836 ], [ -112.003463, 40.549574 ], [ -112.004868, 40.549653 ], [ -112.004984, 40.549635 ], [ -112.005242, 40.549384 ], [ -112.005368, 40.548918 ] ] ] } },
{ "type": "Feature", "properties": { "group_index": 0, "value": 600.0, "center": [ -112.00219618000885, 40.5465292333233 ], "point_id": "F11-30455" }, "geometry": { "type": "Polygon", "coordinates": [ [ [ -112.009273, 40.549013 ], [ -112.009518, 40.548063 ], [ -112.009555, 40.547911 ], [ -112.010057, 40.544552 ], [ -112.010064, 40.544472 ], [ -112.010191, 40.543092 ], [ -112.010027, 40.542796 ], [ -112.010012, 40.542779 ], [ -112.009977, 40.542745 ], [ -112.008737, 40.542214 ], [ -112.005583, 40.541209 ], [ -112.003446, 40.540742 ], [ -111.998743, 40.539981 ], [ -111.998383, 40.539978 ], [ -111.998274, 40.540016 ], [ -111.998009, 40.540145 ], [ -111.996091, 40.541537 ], [ -111.992941, 40.545138 ], [ -111.992829, 40.54548 ], [ -111.99378, 40.547191 ], [ -111.994666, 40.548568 ], [ -111.995358, 40.549482 ], [ -111.996312, 40.550499 ], [ -111.997281, 40.551074 ], [ -111.998668, 40.551839 ], [ -111.998802, 40.551902 ], [ -111.998956, 40.551946 ], [ -112.001927, 40.55182 ], [ -112.006028, 40.552685 ], [ -112.007792, 40.552667 ], [ -112.007917, 40.552648 ], [ -112.008174, 40.552395 ], [ -112.009273, 40.549013 ] ] ] } },
{ "type": "Feature", "properties": { "group_index": 0, "value": 900.0, "center": [ -112.00219618000885, 40.5465292333233 ], "point_id": "F11-30455" }, "geometry": { "type": "Polygon", "coordinates": [ [ [ -112.012874, 40.550357 ], [ -112.013665, 40.545403 ], [ -112.013897, 40.543887 ], [ -112.01421, 40.541128 ], [ -112.014207, 40.541002 ], [ -112.014158, 40.540882 ], [ -112.013997, 40.54056 ], [ -112.012663, 40.540233 ], [ -112.009524, 40.539309 ], [ -112.006549, 40.538131 ], [ -112.00469, 40.537707 ], [ -112.00433, 40.537712 ], [ -111.998733, 40.536317 ], [ -111.998627, 40.53627 ], [ -111.998267, 40.536269 ], [ -111.995053, 40.538055 ], [ -111.992578, 40.540439 ], [ -111.988636, 40.543992 ], [ -111.98856, 40.544092 ], [ -111.98851, 40.544448 ], [ -111.98944, 40.548374 ], [ -111.989812, 40.549094 ], [ -111.991821, 40.550861 ], [ -111.992572, 40.551467 ], [ -111.994424, 40.552784 ], [ -111.994888, 40.553024 ], [ -111.998496, 40.554273 ], [ -111.999097, 40.554363 ], [ -111.999429, 40.554411 ], [ -112.001995, 40.554597 ], [ -112.005823, 40.555338 ], [ -112.007307, 40.555533 ], [ -112.008625, 40.555608 ], [ -112.010471, 40.555681 ], [ -112.010714, 40.555686 ], [ -112.010829, 40.555641 ], [ -112.011088, 40.55539 ], [ -112.012227, 40.554044 ], [ -112.012503, 40.553373 ], [ -112.012874, 40.550357 ] ] ] } },
{ "type": "Feature", "properties": { "group_index": 0, "value": 300.0, "center": [ -111.97302112517474, 40.52193263756495 ], "point_id": "F21-87744" }, "geometry": { "type": "Polygon", "coordinates": [ [ [ -111.978175, 40.521946 ], [ -111.976789, 40.521217 ], [ -111.973377, 40.520505 ], [ -111.972406, 40.520314 ], [ -111.969645, 40.520905 ], [ -111.968386, 40.521712 ], [ -111.968281, 40.521979 ], [ -111.968287, 40.522339 ], [ -111.968469, 40.522477 ], [ -111.969658, 40.523328 ], [ -111.974246, 40.52592 ], [ -111.974606, 40.52592 ], [ -111.976802, 40.523751 ], [ -111.978168, 40.522306 ], [ -111.978175, 40.521946 ] ] ] } },
{ "type": "Feature", "properties": { "group_index": 0, "value": 600.0, "center": [ -111.97302112517474, 40.52193263756495 ], "point_id": "F21-87744" }, "geometry": { "type": "Polygon", "coordinates": [ [ [ -111.983026, 40.521884 ], [ -111.979045, 40.518818 ], [ -111.977945, 40.518146 ], [ -111.97721, 40.517706 ], [ -111.976882, 40.51754 ], [ -111.976725, 40.517471 ], [ -111.976365, 40.517469 ], [ -111.970988, 40.517932 ], [ -111.969549, 40.517499 ], [ -111.969192, 40.517451 ], [ -111.967251, 40.519752 ], [ -111.963281, 40.522028 ], [ -111.963281, 40.522388 ], [ -111.966062, 40.524597 ], [ -111.967788, 40.525687 ], [ -111.970021, 40.526729 ], [ -111.971703, 40.527245 ], [ -111.976455, 40.527394 ], [ -111.976815, 40.527393 ], [ -111.976921, 40.527314 ], [ -111.981303, 40.523969 ], [ -111.983034, 40.522243 ], [ -111.983026, 40.521884 ] ] ] } },
{ "type": "Feature", "properties": { "group_index": 0, "value": 900.0, "center": [ -111.97302112517474, 40.52193263756495 ], "point_id": "F21-87744" }, "geometry": { "type": "Polygon", "coordinates": [ [ [ -111.98753, 40.52208 ], [ -111.987494, 40.521909 ], [ -111.986395, 40.521174 ], [ -111.986268, 40.521106 ], [ -111.981829, 40.519 ], [ -111.980675, 40.51571 ], [ -111.980454, 40.515427 ], [ -111.978074, 40.51375 ], [ -111.977099, 40.513393 ], [ -111.976739, 40.51339 ], [ -111.971413, 40.514861 ], [ -111.966991, 40.516027 ], [ -111.966579, 40.516299 ], [ -111.962928, 40.518648 ], [ -111.959611, 40.520389 ], [ -111.958429, 40.522003 ], [ -111.958423, 40.522363 ], [ -111.958585, 40.522553 ], [ -111.958692, 40.522643 ], [ -111.958877, 40.522794 ], [ -111.959542, 40.523327 ], [ -111.959621, 40.523384 ], [ -111.964026, 40.526168 ], [ -111.965274, 40.527384 ], [ -111.966333, 40.528602 ], [ -111.971073, 40.53041 ], [ -111.976313, 40.531202 ], [ -111.976635, 40.531213 ], [ -111.976917, 40.531143 ], [ -111.980215, 40.529238 ], [ -111.980862, 40.528514 ], [ -111.981628, 40.527196 ], [ -111.986284, 40.523429 ], [ -111.986399, 40.523401 ], [ -111.987172, 40.522822 ], [ -111.987463, 40.522588 ], [ -111.987529, 40.52244 ], [ -111.98753, 40.52208 ] ] ] } },
{ "type": "Feature", "properties": { "group_index": 0, "value": 300.0, "center": [ -111.86335530812865, 40.722569529370276 ], "point_id": "F10-3847" }, "geometry": { "type": "Polygon", "coordinates": [ [ [ -111.867252, 40.722626 ], [ -111.867089, 40.722101 ], [ -111.866876, 40.721941 ], [ -111.865247, 40.720731 ], [ -111.864887, 40.720729 ], [ -111.86046, 40.720604 ], [ -111.859669, 40.72107 ], [ -111.858789, 40.721737 ], [ -111.858764, 40.721792 ], [ -111.858709, 40.722524 ], [ -111.858705, 40.722884 ], [ -111.859051, 40.7233 ], [ -111.859927, 40.724198 ], [ -111.861269, 40.724869 ], [ -111.861629, 40.724871 ], [ -111.865435, 40.724327 ], [ -111.865544, 40.724282 ], [ -111.865793, 40.724163 ], [ -111.86677, 40.723417 ], [ -111.867265, 40.722986 ], [ -111.867252, 40.722626 ] ] ] } },
{ "type": "Feature", "properties": { "group_index": 0, "value": 600.0, "center": [ -111.86335530812865, 40.722569529370276 ], "point_id": "F10-3847" }, "geometry": { "type": "Polygon", "coordinates": [ [ [ -111.872291, 40.722576 ], [ -111.872037, 40.72202 ], [ -111.87165, 40.721639 ], [ -111.867093, 40.718331 ], [ -111.865607, 40.717244 ], [ -111.865498, 40.717197 ], [ -111.865138, 40.717194 ], [ -111.861097, 40.720119 ], [ -111.858163, 40.718723 ], [ -111.857242, 40.718475 ], [ -111.856906, 40.718441 ], [ -111.85595, 40.718926 ], [ -111.855886, 40.719002 ], [ -111.853907, 40.721951 ], [ -111.853842, 40.72205 ], [ -111.853848, 40.722141 ], [ -111.854245, 40.723334 ], [ -111.854323, 40.723448 ], [ -111.85438, 40.72353 ], [ -111.855014, 40.724184 ], [ -111.858655, 40.727011 ], [ -111.86018, 40.728087 ], [ -111.860249, 40.728128 ], [ -111.865069, 40.728061 ], [ -111.865429, 40.728062 ], [ -111.865525, 40.728022 ], [ -111.865642, 40.727961 ], [ -111.866099, 40.727665 ], [ -111.867004, 40.727017 ], [ -111.868888, 40.725702 ], [ -111.869143, 40.725512 ], [ -111.872342, 40.722932 ], [ -111.872291, 40.722576 ] ] ] } },
{ "type": "Feature", "properties": { "group_index": 0, "value": 900.0, "center": [ -111.86335530812865, 40.722569529370276 ], "point_id": "F10-3847" }, "geometry": { "type": "Polygon", "coordinates": [ [ [ -111.877122, 40.722367 ], [ -111.87712, 40.722246 ], [ -111.877093, 40.722183 ], [ -111.877038, 40.722097 ], [ -111.872878, 40.718808 ], [ -111.869364, 40.716006 ], [ -111.865743, 40.713569 ], [ -111.865635, 40.713497 ], [ -111.865545, 40.713457 ], [ -111.865185, 40.713461 ], [ -111.865143, 40.713464 ], [ -111.864559, 40.713845 ], [ -111.864473, 40.7139 ], [ -111.864476, 40.71426 ], [ -111.859287, 40.716379 ], [ -111.858466, 40.715087 ], [ -111.858362, 40.715041 ], [ -111.856173, 40.714828 ], [ -111.855829, 40.714933 ], [ -111.855738, 40.714986 ], [ -111.855336, 40.715235 ], [ -111.850343, 40.718133 ], [ -111.850342, 40.718493 ], [ -111.85007, 40.724223 ], [ -111.851139, 40.725526 ], [ -111.852201, 40.726181 ], [ -111.856648, 40.729234 ], [ -111.858351, 40.730454 ], [ -111.858434, 40.730514 ], [ -111.859462, 40.731253 ], [ -111.860298, 40.73155 ], [ -111.8624, 40.731835 ], [ -111.862407, 40.731835 ], [ -111.865042, 40.731839 ], [ -111.865239, 40.731839 ], [ -111.865419, 40.731809 ], [ -111.865524, 40.731768 ], [ -111.865711, 40.731691 ], [ -111.868488, 40.729748 ], [ -111.868587, 40.729674 ], [ -111.871629, 40.727442 ], [ -111.874019, 40.725616 ], [ -111.874168, 40.725485 ], [ -111.875902, 40.723964 ], [ -111.877012, 40.72274 ], [ -111.87712, 40.72248 ], [ -111.877122, 40.722367 ] ] ] } },
{ "type": "Feature", "properties": { "group_index": 0, "value": 300.0, "center": [ -111.8867481, 40.8931923 ], "point_id": "F20-77306" }, "geometry": { "type": "Polygon", "coordinates": [ [ [ -111.890836, 40.89374 ], [ -111.889448, 40.891315 ], [ -111.889375, 40.891255 ], [ -111.889288, 40.89119 ], [ -111.888829, 40.890888 ], [ -111.888469, 40.890883 ], [ -111.885576, 40.891111 ], [ -111.885337, 40.891224 ], [ -111.885285, 40.891281 ], [ -111.885238, 40.891347 ], [ -111.883852, 40.893347 ], [ -111.883853, 40.893707 ], [ -111.884039, 40.893992 ], [ -111.885314, 40.894948 ], [ -111.885423, 40.895031 ], [ -111.88553, 40.895112 ], [ -111.887859, 40.896005 ], [ -111.888219, 40.896011 ], [ -111.888314, 40.895954 ], [ -111.889622, 40.895166 ], [ -111.890838, 40.8941 ], [ -111.890836, 40.89374 ] ] ] } },
{ "type": "Feature", "properties": { "group_index": 0, "value": 600.0, "center": [ -111.8867481, 40.8931923 ], "point_id": "F20-77306" }, "geometry": { "type": "Polygon", "coordinates": [ [ [ -111.895662, 40.894037 ], [ -111.895637, 40.893678 ], [ -111.894275, 40.891293 ], [ -111.893142, 40.890294 ], [ -111.892561, 40.889888 ], [ -111.892275, 40.889688 ], [ -111.892162, 40.889636 ], [ -111.887586, 40.888392 ], [ -111.88612, 40.887457 ], [ -111.885939, 40.887369 ], [ -111.885579, 40.887366 ], [ -111.88533, 40.88754 ], [ -111.884571, 40.888081 ], [ -111.883015, 40.889236 ], [ -111.881775, 40.890187 ], [ -111.880329, 40.891297 ], [ -111.880285, 40.891349 ], [ -111.879135, 40.893416 ], [ -111.879098, 40.893511 ], [ -111.879098, 40.893534 ], [ -111.879138, 40.893776 ], [ -111.879149, 40.893836 ], [ -111.879158, 40.893857 ], [ -111.879209, 40.893953 ], [ -111.879367, 40.894169 ], [ -111.879405, 40.894192 ], [ -111.879507, 40.894253 ], [ -111.881147, 40.895147 ], [ -111.884925, 40.898642 ], [ -111.885536, 40.89886 ], [ -111.885896, 40.898859 ], [ -111.888704, 40.897044 ], [ -111.891927, 40.896833 ], [ -111.892059, 40.896833 ], [ -111.892236, 40.896758 ], [ -111.892538, 40.896559 ], [ -111.894915, 40.89489 ], [ -111.895657, 40.894107 ], [ -111.895662, 40.894037 ] ] ] } },
{ "type": "Feature", "properties": { "group_index": 0, "value": 900.0, "center": [ -111.8867481, 40.8931923 ], "point_id": "F20-77306" }, "geometry": { "type": "Polygon", "coordinates": [ [ [ -111.900625, 40.893795 ], [ -111.900601, 40.893708 ], [ -111.900433, 40.893696 ], [ -111.895931, 40.890018 ], [ -111.895759, 40.888453 ], [ -111.89576, 40.888426 ], [ -111.895613, 40.888272 ], [ -111.892946, 40.886308 ], [ -111.892594, 40.886094 ], [ -111.892133, 40.885824 ], [ -111.892035, 40.8858 ], [ -111.886518, 40.883993 ], [ -111.885928, 40.883639 ], [ -111.885568, 40.883636 ], [ -111.884844, 40.884085 ], [ -111.882114, 40.886135 ], [ -111.880645, 40.887218 ], [ -111.878257, 40.888967 ], [ -111.876636, 40.890258 ], [ -111.875372, 40.891308 ], [ -111.874146, 40.893647 ], [ -111.874146, 40.894007 ], [ -111.876871, 40.896591 ], [ -111.881796, 40.899866 ], [ -111.883498, 40.901142 ], [ -111.885177, 40.902394 ], [ -111.885524, 40.902604 ], [ -111.885884, 40.902605 ], [ -111.887189, 40.901641 ], [ -111.891614, 40.90027 ], [ -111.892489, 40.899518 ], [ -111.89353, 40.898153 ], [ -111.897549, 40.894017 ], [ -111.897897, 40.894001 ], [ -111.898477, 40.893994 ], [ -111.899537, 40.894074 ], [ -111.900598, 40.894154 ], [ -111.900625, 40.893795 ] ] ] } },
{ "type": "Feature", "properties": { "group_index": 0, "value": 300.0, "center": [ -111.8282122, 40.7592151 ], "point_id": "F10-4273" }, "geometry": { "type": "Polygon", "coordinates": [ [ [ -111.831644, 40.757617 ], [ -111.831614, 40.756979 ], [ -111.831545, 40.756826 ], [ -111.831258, 40.756473 ], [ -111.828658, 40.756525 ], [ -111.827099, 40.756621 ], [ -111.826413, 40.756653 ], [ -111.826332, 40.756659 ], [ -111.826135, 40.75696 ], [ -111.825269, 40.758822 ], [ -111.825133, 40.760784 ], [ -111.825668, 40.762012 ], [ -111.825727, 40.762082 ], [ -111.82589, 40.762169 ], [ -111.827702, 40.762366 ], [ -111.82819, 40.762151 ], [ -111.828338, 40.762034 ], [ -111.8314, 40.759068 ], [ -111.831639, 40.758798 ], [ -111.831644, 40.757617 ] ] ] } },
{ "type": "Feature", "properties": { "group_index": 0, "value": 600.0, "center": [ -111.8282122, 40.7592151 ], "point_id": "F10-4273" }, "geometry": { "type": "Polygon", "coordinates": [ [ [ -111.835472, 40.754484 ], [ -111.835255, 40.754397 ], [ -111.831838, 40.75309 ], [ -111.826416, 40.753248 ], [ -111.822622, 40.754519 ], [ -111.82131, 40.758651 ], [ -111.821433, 40.759591 ], [ -111.822981, 40.764135 ], [ -111.823262, 40.764609 ], [ -111.823725, 40.765194 ], [ -111.823799, 40.765287 ], [ -111.824062, 40.765302 ], [ -111.825149, 40.765188 ], [ -111.830096, 40.765106 ], [ -111.830378, 40.764949 ], [ -111.83065, 40.764779 ], [ -111.831021, 40.763609 ], [ -111.832807, 40.759858 ], [ -111.834996, 40.757002 ], [ -111.835233, 40.756731 ], [ -111.835472, 40.754484 ] ] ] } },
{ "type": "Feature", "properties": { "group_index": 0, "value": 900.0, "center": [ -111.8282122, 40.7592151 ], "point_id": "F10-4273" }, "geometry": { "type": "Polygon", "coordinates": [ [ [ -111.839525, 40.758154 ], [ -111.839052, 40.754864 ], [ -111.838888, 40.754496 ], [ -111.837809, 40.753051 ], [ -111.837296, 40.752384 ], [ -111.833797, 40.75135 ], [ -111.830575, 40.749896 ], [ -111.826805, 40.749444 ], [ -111.826658, 40.749444 ], [ -111.826657, 40.749444 ], [ -111.82651, 40.749444 ], [ -111.824636, 40.750472 ], [ -111.821285, 40.754198 ], [ -111.817736, 40.757164 ], [ -111.817464, 40.760192 ], [ -111.817512, 40.760549 ], [ -111.817813, 40.761021 ], [ -111.821535, 40.763991 ], [ -111.826356, 40.767457 ], [ -111.827824, 40.767829 ], [ -111.832157, 40.768189 ], [ -111.833301, 40.768088 ], [ -111.833327, 40.76807 ], [ -111.833542, 40.767871 ], [ -111.834405, 40.766465 ], [ -111.834418, 40.766262 ], [ -111.834421, 40.766204 ], [ -111.83492, 40.762989 ], [ -111.834928, 40.762958 ], [ -111.83704, 40.759449 ], [ -111.839104, 40.75864 ], [ -111.839481, 40.758511 ], [ -111.839525, 40.758154 ] ] ] } },
{ "type": "Feature", "properties": { "group_index": 0, "value": 300.0, "center": [ -111.9127288, 40.6183132 ], "point_id": "F16-54615" }, "geometry": { "type": "Polygon", "coordinates": [ [ [ -111.916686, 40.619285 ], [ -111.917043, 40.617255 ], [ -111.917011, 40.616897 ], [ -111.91639, 40.61662 ], [ -111.916053, 40.616494 ], [ -111.910274, 40.616959 ], [ -111.910021, 40.617153 ], [ -111.908643, 40.618321 ], [ -111.908675, 40.61868 ], [ -111.910048, 40.620122 ], [ -111.910439, 40.620365 ], [ -111.911564, 40.621005 ], [ -111.913808, 40.621238 ], [ -111.916577, 40.619628 ], [ -111.916686, 40.619285 ] ] ] } },
{ "type": "Feature", "properties": { "group_index": 0, "value": 600.0, "center": [ -111.9127288, 40.6183132 ], "point_id": "F16-54615" }, "geometry": { "type": "Polygon", "coordinates": [ [ [ -111.920314, 40.620242 ], [ -111.920782, 40.615421 ], [ -111.920138, 40.614879 ], [ -111.915967, 40.612779 ], [ -111.915608, 40.612756 ], [ -111.910094, 40.61373 ], [ -111.909874, 40.613851 ], [ -111.908382, 40.614975 ], [ -111.906535, 40.619258 ], [ -111.906207, 40.620615 ], [ -111.9062, 40.620975 ], [ -111.90623, 40.621101 ], [ -111.908604, 40.623085 ], [ -111.910144, 40.623978 ], [ -111.91033, 40.624004 ], [ -111.911945, 40.624053 ], [ -111.912598, 40.624017 ], [ -111.9176, 40.623799 ], [ -111.919892, 40.621504 ], [ -111.920314, 40.620242 ] ] ] } },
{ "type": "Feature", "properties": { "group_index": 0, "value": 900.0, "center": [ -111.9127288, 40.6183132 ], "point_id": "F16-54615" }, "geometry": { "type": "Polygon", "coordinates": [ [ [ -111.924005, 40.620617 ], [ -111.923687, 40.620447 ], [ -111.920782, 40.615421 ], [ -111.921116, 40.613481 ], [ -111.921518, 40.612355 ], [ -111.921126, 40.611493 ], [ -111.917721, 40.609818 ], [ -111.91583, 40.609207 ], [ -111.915687, 40.609162 ], [ -111.915328, 40.609136 ], [ -111.910101, 40.609986 ], [ -111.909188, 40.610545 ], [ -111.907027, 40.612265 ], [ -111.907056, 40.612605 ], [ -111.906848, 40.616047 ], [ -111.902621, 40.619666 ], [ -111.901377, 40.620391 ], [ -111.901305, 40.620508 ], [ -111.901293, 40.620868 ], [ -111.901353, 40.62087 ], [ -111.901695, 40.620859 ], [ -111.906082, 40.62486 ], [ -111.906192, 40.625203 ], [ -111.907433, 40.626175 ], [ -111.910111, 40.627726 ], [ -111.910374, 40.62783 ], [ -111.910546, 40.62783 ], [ -111.912815, 40.627534 ], [ -111.91826, 40.62649 ], [ -111.9235, 40.623871 ], [ -111.924005, 40.620617 ] ] ] } },
{ "type": "Feature", "properties": { "group_index": 0, "value": 300.0, "center": [ -111.90402744992157, 40.7679090946013 ], "point_id": "F21-85900" }, "geometry": { "type": "Polygon", "coordinates": [ [ [ -111.908226, 40.767319 ], [ -111.908225, 40.767319 ], [ -111.907944, 40.767012 ], [ -111.907755, 40.766831 ], [ -111.905605, 40.764981 ], [ -111.905477, 40.764961 ], [ -111.904226, 40.764818 ], [ -111.903738, 40.764769 ], [ -111.903378, 40.764752 ], [ -111.90266, 40.764877 ], [ -111.90253, 40.76498 ], [ -111.900538, 40.766485 ], [ -111.899999, 40.766996 ], [ -111.899876, 40.767147 ], [ -111.899737, 40.767339 ], [ -111.899736, 40.767377 ], [ -111.901183, 40.769357 ], [ -111.902151, 40.770728 ], [ -111.902492, 40.771068 ], [ -111.902632, 40.771154 ], [ -111.902706, 40.771156 ], [ -111.905038, 40.770472 ], [ -111.905504, 40.770185 ], [ -111.908226, 40.767411 ], [ -111.908226, 40.767319 ] ] ] } },
{ "type": "Feature", "properties": { "group_index": 0, "value": 600.0, "center": [ -111.90402744992157, 40.7679090946013 ], "point_id": "F21-85900" }, "geometry": { "type": "Polygon", "coordinates": [ [ [ -111.910875, 40.767019 ], [ -111.910528, 40.764851 ], [ -111.910457, 40.764748 ], [ -111.905654, 40.761301 ], [ -111.904956, 40.761123 ], [ -111.902798, 40.761111 ], [ -111.902745, 40.761111 ], [ -111.902027, 40.761441 ], [ -111.90105, 40.761892 ], [ -111.89781, 40.76445 ], [ -111.896502, 40.765889 ], [ -111.896235, 40.769012 ], [ -111.896235, 40.769372 ], [ -111.898336, 40.771762 ], [ -111.8992, 40.772482 ], [ -111.901108, 40.773879 ], [ -111.902353, 40.774695 ], [ -111.902564, 40.774731 ], [ -111.902924, 40.774727 ], [ -111.905112, 40.773948 ], [ -111.908488, 40.770989 ], [ -111.910362, 40.769686 ], [ -111.9106, 40.769502 ], [ -111.910875, 40.767019 ] ] ] } },
{ "type": "Feature", "properties": { "group_index": 0, "value": 900.0, "center": [ -111.90402744992157, 40.7679090946013 ], "point_id": "F21-85900" }, "geometry": { "type": "Polygon", "coordinates": [ [ [ -111.91549, 40.765197 ], [ -111.91549, 40.765147 ], [ -111.91549, 40.765142 ], [ -111.915489, 40.765092 ], [ -111.915482, 40.76498 ], [ -111.915477, 40.764917 ], [ -111.915386, 40.764814 ], [ -111.912817, 40.762803 ], [ -111.910456, 40.760637 ], [ -111.907252, 40.758458 ], [ -111.905653, 40.757555 ], [ -111.902912, 40.757503 ], [ -111.902552, 40.757504 ], [ -111.902282, 40.757607 ], [ -111.899702, 40.758818 ], [ -111.898308, 40.759796 ], [ -111.897593, 40.760312 ], [ -111.897489, 40.760401 ], [ -111.897274, 40.760627 ], [ -111.893689, 40.764055 ], [ -111.892705, 40.764772 ], [ -111.892468, 40.765086 ], [ -111.891168, 40.769291 ], [ -111.893421, 40.771819 ], [ -111.893578, 40.771979 ], [ -111.896078, 40.773883 ], [ -111.898542, 40.775894 ], [ -111.898731, 40.776046 ], [ -111.898941, 40.776205 ], [ -111.899729, 40.776753 ], [ -111.902208, 40.778382 ], [ -111.902352, 40.778445 ], [ -111.902566, 40.778475 ], [ -111.902926, 40.778477 ], [ -111.903563, 40.778381 ], [ -111.905136, 40.777209 ], [ -111.908717, 40.7746 ], [ -111.909689, 40.773869 ], [ -111.912631, 40.771623 ], [ -111.914874, 40.769688 ], [ -111.914945, 40.769625 ], [ -111.91549, 40.765197 ] ] ] } },
{ "type": "Feature", "properties": { "group_index": 0, "value": 300.0, "center": [ -111.7584467, 40.3599854 ], "point_id": "F18-64315" }, "geometry": { "type": "Polygon", "coordinates": [ [ [ -111.758153, 40.359135 ], [ -111.757969, 40.357701 ], [ -111.757618, 40.357652 ], [ -111.757258, 40.357657 ], [ -111.757197, 40.357661 ], [ -111.756182, 40.358113 ], [ -111.755552, 40.358647 ], [ -111.755351, 40.359535 ], [ -111.75547, 40.359914 ], [ -111.75552, 40.359993 ], [ -111.758033, 40.360356 ], [ -111.758307, 40.3604 ], [ -111.758153, 40.359135 ] ] ] } },
{ "type": "Feature", "properties": { "group_index": 0, "value": 600.0, "center": [ -111.7584467, 40.3599854 ], "point_id": "F18-64315" }, "geometry": { "type": "Polygon", "coordinates": [ [ [ -111.762524, 40.357357 ], [ -111.762526, 40.357232 ], [ -111.762506, 40.357046 ], [ -111.760092, 40.35538 ], [ -111.757526, 40.35434 ], [ -111.757273, 40.354341 ], [ -111.756881, 40.354346 ], [ -111.755547, 40.355039 ], [ -111.755376, 40.356227 ], [ -111.752643, 40.360335 ], [ -111.75224, 40.360671 ], [ -111.752237, 40.361031 ], [ -111.752549, 40.361374 ], [ -111.752631, 40.361436 ], [ -111.754527, 40.362782 ], [ -111.757435, 40.362831 ], [ -111.757554, 40.362781 ], [ -111.760517, 40.360517 ], [ -111.760635, 40.360395 ], [ -111.762513, 40.357406 ], [ -111.762524, 40.357357 ] ] ] } },
{ "type": "Feature", "properties": { "group_index": 0, "value": 900.0, "center": [ -111.7584467, 40.3599854 ], "point_id": "F18-64315" }, "geometry": { "type": "Polygon", "coordinates": [ [ [ -111.76683, 40.358039 ], [ -111.766226, 40.356093 ], [ -111.763898, 40.35406 ], [ -111.761957, 40.352492 ], [ -111.761833, 40.352411 ], [ -111.761831, 40.35241 ], [ -111.76157, 40.352242 ], [ -111.761309, 40.352074 ], [ -111.758942, 40.351789 ], [ -111.753352, 40.352571 ], [ -111.75063, 40.355012 ], [ -111.750629, 40.355372 ], [ -111.747454, 40.360406 ], [ -111.747055, 40.360832 ], [ -111.747242, 40.36114 ], [ -111.748359, 40.361687 ], [ -111.751861, 40.365348 ], [ -111.751974, 40.36554 ], [ -111.752094, 40.365629 ], [ -111.752444, 40.365769 ], [ -111.753438, 40.365426 ], [ -111.754929, 40.364998 ], [ -111.759737, 40.364544 ], [ -111.760097, 40.364556 ], [ -111.760415, 40.364439 ], [ -111.760757, 40.364199 ], [ -111.761701, 40.363477 ], [ -111.762301, 40.362903 ], [ -111.764637, 40.359806 ], [ -111.76657, 40.358534 ], [ -111.766746, 40.358389 ], [ -111.76683, 40.358039 ] ] ] } },
{ "type": "Feature", "properties": { "group_index": 0, "value": 300.0, "center": [ -111.93088245299695, 40.72341338678575 ], "point_id": "F18-61155" }, "geometry": { "type": "Polygon", "coordinates": [ [ [ -111.935218, 40.722895 ], [ -111.930063, 40.721273 ], [ -111.929329, 40.720995 ], [ -111.928969, 40.720992 ], [ -111.927059, 40.722102 ], [ -111.926316, 40.72374 ], [ -111.926325, 40.7241 ], [ -111.926607, 40.724093 ], [ -111.926889, 40.724086 ], [ -111.930887, 40.723795 ], [ -111.933869, 40.723673 ], [ -111.935167, 40.723636 ], [ -111.935207, 40.723628 ], [ -111.935218, 40.722895 ] ] ] } },
{ "type": "Feature", "properties": { "group_index": 0, "value": 600.0, "center": [ -111.93088245299695, 40.72341338678575 ], "point_id": "F18-61155" }, "geometry": { "type": "Polygon", "coordinates": [ [ [ -111.939289, 40.722978 ], [ -111.939287, 40.722696 ], [ -111.939287, 40.722689 ], [ -111.939274, 40.722407 ], [ -111.939261, 40.722125 ], [ -111.939069, 40.721752 ], [ -111.938786, 40.721583 ], [ -111.938426, 40.721584 ], [ -111.933715, 40.720544 ], [ -111.932058, 40.719084 ], [ -111.931628, 40.718556 ], [ -111.931421, 40.718539 ], [ -111.931215, 40.718522 ], [ -111.92736, 40.718499 ], [ -111.926707, 40.718662 ], [ -111.92403, 40.720644 ], [ -111.923898, 40.720786 ], [ -111.923561, 40.721228 ], [ -111.923177, 40.722969 ], [ -111.923283, 40.723192 ], [ -111.923293, 40.723212 ], [ -111.926325, 40.7241 ], [ -111.926607, 40.724093 ], [ -111.926889, 40.724086 ], [ -111.930887, 40.723795 ], [ -111.933869, 40.723673 ], [ -111.938548, 40.723882 ], [ -111.938908, 40.723881 ], [ -111.939291, 40.72326 ], [ -111.939289, 40.722978 ] ] ] } },
{ "type": "Feature", "properties": { "group_index": 0, "value": 900.0, "center": [ -111.93088245299695, 40.72341338678575 ], "point_id": "F18-61155" }, "geometry": { "type": "Polygon", "coordinates": [ [ [ -111.942728, 40.721546 ], [ -111.942728, 40.721186 ], [ -111.942588, 40.720999 ], [ -111.939538, 40.718436 ], [ -111.939249, 40.718233 ], [ -111.93924, 40.718232 ], [ -111.938981, 40.718179 ], [ -111.934156, 40.71681 ], [ -111.932222, 40.715445 ], [ -111.931862, 40.715451 ], [ -111.929886, 40.716974 ], [ -111.925816, 40.717473 ], [ -111.924343, 40.717113 ], [ -111.923983, 40.717105 ], [ -111.923155, 40.717479 ], [ -111.92016, 40.719209 ], [ -111.919946, 40.719586 ], [ -111.919732, 40.719963 ], [ -111.919721, 40.719985 ], [ -111.918152, 40.723436 ], [ -111.918114, 40.723794 ], [ -111.918696, 40.723856 ], [ -111.919278, 40.723918 ], [ -111.919806, 40.723986 ], [ -111.920338, 40.724054 ], [ -111.920574, 40.724078 ], [ -111.920807, 40.724103 ], [ -111.926334, 40.726242 ], [ -111.926418, 40.726236 ], [ -111.926616, 40.726017 ], [ -111.930887, 40.723795 ], [ -111.936236, 40.726206 ], [ -111.938392, 40.727249 ], [ -111.938633, 40.72738 ], [ -111.938993, 40.72738 ], [ -111.939101, 40.727299 ], [ -111.940308, 40.726377 ], [ -111.940673, 40.726084 ], [ -111.940841, 40.725942 ], [ -111.942158, 40.723513 ], [ -111.942264, 40.723263 ], [ -111.942728, 40.721546 ] ] ] } },
{ "type": "Feature", "properties": { "group_index": 0, "value": 300.0, "center": [ -112.1090273421668, 40.71088764960432 ], "point_id": "F20-81540" }, "geometry": { "type": "Polygon", "coordinates": [ [ [ -112.110628, 40.708215 ], [ -112.109568, 40.707436 ], [ -112.109208, 40.707441 ], [ -112.108135, 40.707639 ], [ -112.107138, 40.708408 ], [ -112.106202, 40.709098 ], [ -112.10447, 40.710348 ], [ -112.104132, 40.710783 ], [ -112.104137, 40.711143 ], [ -112.104182, 40.711211 ], [ -112.106602, 40.712999 ], [ -112.109885, 40.713854 ], [ -112.110245, 40.713853 ], [ -112.111335, 40.710936 ], [ -112.110628, 40.708215 ] ] ] } },
{ "type": "Feature", "properties": { "group_index": 0, "value": 600.0, "center": [ -112.1090273421668, 40.71088764960432 ], "point_id": "F20-81540" }, "geometry": { "type": "Polygon", "coordinates": [ [ [ -112.113352, 40.714319 ], [ -112.111335, 40.710936 ], [ -112.110611, 40.706852 ], [ -112.110582, 40.704491 ], [ -112.110582, 40.704468 ], [ -112.109631, 40.703624 ], [ -112.109425, 40.703575 ], [ -112.109259, 40.703575 ], [ -112.108063, 40.703892 ], [ -112.105693, 40.705689 ], [ -112.103695, 40.707284 ], [ -112.101701, 40.708843 ], [ -112.099193, 40.710855 ], [ -112.099197, 40.711215 ], [ -112.09924, 40.711286 ], [ -112.099313, 40.711361 ], [ -112.101579, 40.712968 ], [ -112.103256, 40.714216 ], [ -112.105293, 40.715784 ], [ -112.109863, 40.717733 ], [ -112.110222, 40.717751 ], [ -112.11329, 40.714674 ], [ -112.113352, 40.714319 ] ] ] } },
{ "type": "Feature", "properties": { "group_index": 0, "value": 900.0, "center": [ -112.1090273421668, 40.71088764960432 ], "point_id": "F20-81540" }, "geometry": { "type": "Polygon", "coordinates": [ [ [ -112.114612, 40.717874 ], [ -112.113352, 40.714319 ], [ -112.111335, 40.710936 ], [ -112.110611, 40.706852 ], [ -112.110582, 40.704491 ], [ -112.110582, 40.704468 ], [ -112.110548, 40.700744 ], [ -112.110548, 40.700722 ], [ -112.108551, 40.700144 ], [ -112.108471, 40.700141 ], [ -112.108111, 40.700144 ], [ -112.106982, 40.700605 ], [ -112.103527, 40.703516 ], [ -112.101506, 40.704987 ], [ -112.098883, 40.707256 ], [ -112.096561, 40.709064 ], [ -112.094807, 40.710434 ], [ -112.09425, 40.710925 ], [ -112.094256, 40.711285 ], [ -112.094297, 40.711361 ], [ -112.094369, 40.711427 ], [ -112.096965, 40.713514 ], [ -112.100264, 40.716427 ], [ -112.102202, 40.718259 ], [ -112.103913, 40.718263 ], [ -112.105624, 40.718268 ], [ -112.107425, 40.718266 ], [ -112.109225, 40.718264 ], [ -112.111305, 40.71827 ], [ -112.112444, 40.718267 ], [ -112.113588, 40.718265 ], [ -112.114105, 40.718249 ], [ -112.114623, 40.718234 ], [ -112.114612, 40.717874 ] ] ] } },
{ "type": "Feature", "properties": { "group_index": 0, "value": 300.0, "center": [ -111.89255727163048, 40.8959265527822 ], "point_id": "F10-15691" }, "geometry": { "type": "Polygon", "coordinates": [ [ [ -111.895175, 40.894304 ], [ -111.894849, 40.89387 ], [ -111.892568, 40.892158 ], [ -111.89221, 40.892125 ], [ -111.890201, 40.893738 ], [ -111.890072, 40.893842 ], [ -111.889954, 40.893945 ], [ -111.889951, 40.894305 ], [ -111.890048, 40.897875 ], [ -111.891333, 40.899222 ], [ -111.892311, 40.899429 ], [ -111.89267, 40.899436 ], [ -111.89353, 40.898153 ], [ -111.894983, 40.894975 ], [ -111.895175, 40.894304 ] ] ] } },
{ "type": "Feature", "properties": { "group_index": 0, "value": 600.0, "center": [ -111.89255727163048, 40.8959265527822 ], "point_id": "F10-15691" }, "geometry": { "type": "Polygon", "coordinates": [ [ [ -111.900074, 40.893753 ], [ -111.899991, 40.893665 ], [ -111.896111, 40.890504 ], [ -111.893381, 40.88906 ], [ -111.892645, 40.888676 ], [ -111.892544, 40.888644 ], [ -111.892052, 40.888602 ], [ -111.891155, 40.889259 ], [ -111.889168, 40.89071 ], [ -111.884964, 40.893384 ], [ -111.88488, 40.893734 ], [ -111.884825, 40.894017 ], [ -111.887045, 40.899369 ], [ -111.887043, 40.899729 ], [ -111.88714, 40.899815 ], [ -111.887236, 40.899898 ], [ -111.889771, 40.902111 ], [ -111.890106, 40.902323 ], [ -111.890466, 40.902328 ], [ -111.89267, 40.899436 ], [ -111.89353, 40.898153 ], [ -111.897549, 40.894017 ], [ -111.897897, 40.894001 ], [ -111.898477, 40.893994 ], [ -111.899262, 40.894053 ], [ -111.900048, 40.894112 ], [ -111.900074, 40.893753 ] ] ] } },
{ "type": "Feature", "properties": { "group_index": 0, "value": 900.0, "center": [ -111.89255727163048, 40.8959265527822 ], "point_id": "F10-15691" }, "geometry": { "type": "Polygon", "coordinates": [ [ [ -111.905034, 40.893915 ], [ -111.902874, 40.892412 ], [ -111.902213, 40.891955 ], [ -111.901853, 40.891955 ], [ -111.899604, 40.892814 ], [ -111.895978, 40.888451 ], [ -111.895982, 40.887865 ], [ -111.895986, 40.887279 ], [ -111.894512, 40.88603 ], [ -111.894079, 40.885695 ], [ -111.893881, 40.885547 ], [ -111.892664, 40.884943 ], [ -111.892557, 40.884907 ], [ -111.892198, 40.884889 ], [ -111.892042, 40.884912 ], [ -111.890716, 40.885821 ], [ -111.887226, 40.88833 ], [ -111.883071, 40.891289 ], [ -111.880948, 40.892764 ], [ -111.880311, 40.893352 ], [ -111.880022, 40.89365 ], [ -111.880026, 40.89401 ], [ -111.882088, 40.899341 ], [ -111.882086, 40.899701 ], [ -111.882197, 40.899889 ], [ -111.882197, 40.899889 ], [ -111.885734, 40.902798 ], [ -111.88676, 40.903612 ], [ -111.887532, 40.904213 ], [ -111.889687, 40.905791 ], [ -111.890047, 40.905794 ], [ -111.890166, 40.904663 ], [ -111.89267, 40.899436 ], [ -111.89353, 40.898153 ], [ -111.897452, 40.894288 ], [ -111.900507, 40.896603 ], [ -111.900867, 40.896601 ], [ -111.902175, 40.896146 ], [ -111.903126, 40.895557 ], [ -111.905035, 40.894275 ], [ -111.905034, 40.893915 ] ] ] } },
{ "type": "Feature", "properties": { "group_index": 0, "value": 300.0, "center": [ -111.93902141698878, 40.656630746080616 ], "point_id": "F21-87904" }, "geometry": { "type": "Polygon", "coordinates": [ [ [ -111.943251, 40.656899 ], [ -111.943054, 40.655247 ], [ -111.939813, 40.653168 ], [ -111.939224, 40.652848 ], [ -111.938843, 40.652834 ], [ -111.937415, 40.653151 ], [ -111.935758, 40.655928 ], [ -111.935757, 40.656121 ], [ -111.935756, 40.656313 ], [ -111.936144, 40.657413 ], [ -111.938931, 40.660481 ], [ -111.939023, 40.660481 ], [ -111.939204, 40.660372 ], [ -111.942072, 40.65848 ], [ -111.943252, 40.657259 ], [ -111.943251, 40.656899 ] ] ] } },
{ "type": "Feature", "properties": { "group_index": 0, "value": 600.0, "center": [ -111.93902141698878, 40.656630746080616 ], "point_id": "F21-87904" }, "geometry": { "type": "Polygon", "coordinates": [ [ [ -111.94791, 40.65622 ], [ -111.946885, 40.654622 ], [ -111.946841, 40.654559 ], [ -111.946779, 40.654496 ], [ -111.944418, 40.652666 ], [ -111.943079, 40.651603 ], [ -111.939562, 40.649284 ], [ -111.939298, 40.649151 ], [ -111.939223, 40.649115 ], [ -111.938886, 40.649152 ], [ -111.938482, 40.649276 ], [ -111.936087, 40.650934 ], [ -111.93288, 40.653007 ], [ -111.931308, 40.657146 ], [ -111.93131, 40.657235 ], [ -111.931371, 40.657412 ], [ -111.934828, 40.66096 ], [ -111.937969, 40.663662 ], [ -111.938925, 40.664221 ], [ -111.939024, 40.664221 ], [ -111.939204, 40.664118 ], [ -111.943615, 40.661246 ], [ -111.944298, 40.660848 ], [ -111.944754, 40.660409 ], [ -111.94791, 40.65658 ], [ -111.94791, 40.65622 ] ] ] } },
{ "type": "Feature", "properties": { "group_index": 0, "value": 900.0, "center": [ -111.93902141698878, 40.656630746080616 ], "point_id": "F21-87904" }, "geometry": { "type": "Polygon", "coordinates": [ [ [ -111.951807, 40.655552 ], [ -111.951794, 40.655385 ], [ -111.951722, 40.655262 ], [ -111.951655, 40.655169 ], [ -111.949718, 40.652771 ], [ -111.947018, 40.650352 ], [ -111.942332, 40.647373 ], [ -111.939126, 40.645354 ], [ -111.938736, 40.645308 ], [ -111.938378, 40.645275 ], [ -111.936872, 40.646433 ], [ -111.93307, 40.649243 ], [ -111.929735, 40.651504 ], [ -111.928543, 40.652832 ], [ -111.928167, 40.657398 ], [ -111.928168, 40.657758 ], [ -111.930879, 40.660209 ], [ -111.933926, 40.664219 ], [ -111.934057, 40.664322 ], [ -111.93418, 40.664418 ], [ -111.9383, 40.667683 ], [ -111.938682, 40.667882 ], [ -111.939076, 40.667971 ], [ -111.93915, 40.667969 ], [ -111.93958, 40.667678 ], [ -111.94345, 40.664951 ], [ -111.948258, 40.661867 ], [ -111.951777, 40.657362 ], [ -111.951807, 40.655552 ] ] ] } },
{ "type": "Feature", "properties": { "group_index": 0, "value": 300.0, "center": [ -112.04434428390522, 41.16199921488829 ], "point_id": "F17-58021" }, "geometry": { "type": "Polygon", "coordinates": [ [ [ -112.048551, 41.161584 ], [ -112.04841, 41.161465 ], [ -112.047324, 41.160653 ], [ -112.045375, 41.159247 ], [ -112.045015, 41.159246 ], [ -112.041548, 41.161566 ], [ -112.041551, 41.161926 ], [ -112.042915, 41.163595 ], [ -112.044746, 41.164955 ], [ -112.044941, 41.165056 ], [ -112.045301, 41.165062 ], [ -112.045372, 41.165011 ], [ -112.048186, 41.162301 ], [ -112.04855, 41.161944 ], [ -112.048551, 41.161584 ] ] ] } },
{ "type": "Feature", "properties": { "group_index": 0, "value": 600.0, "center": [ -112.04434428390522, 41.16199921488829 ], "point_id": "F17-58021" }, "geometry": { "type": "Polygon", "coordinates": [ [ [ -112.053588, 41.161554 ], [ -112.050205, 41.158995 ], [ -112.045388, 41.1555 ], [ -112.045028, 41.155499 ], [ -112.040432, 41.158338 ], [ -112.036853, 41.161496 ], [ -112.036852, 41.161856 ], [ -112.038075, 41.162819 ], [ -112.039551, 41.163505 ], [ -112.043428, 41.166132 ], [ -112.04493, 41.168806 ], [ -112.04529, 41.168806 ], [ -112.045379, 41.168758 ], [ -112.047525, 41.165223 ], [ -112.051214, 41.164011 ], [ -112.051405, 41.164011 ], [ -112.051595, 41.164011 ], [ -112.05359, 41.161914 ], [ -112.053588, 41.161554 ] ] ] } },
{ "type": "Feature", "properties": { "group_index": 0, "value": 900.0, "center": [ -112.04434428390522, 41.16199921488829 ], "point_id": "F17-58021" }, "geometry": { "type": "Polygon", "coordinates": [ [ [ -112.058677, 41.161581 ], [ -112.055973, 41.159636 ], [ -112.053055, 41.157395 ], [ -112.051981, 41.156629 ], [ -112.048715, 41.154229 ], [ -112.045974, 41.151496 ], [ -112.045615, 41.151518 ], [ -112.04418, 41.151905 ], [ -112.039219, 41.154614 ], [ -112.035958, 41.159084 ], [ -112.034729, 41.159403 ], [ -112.032712, 41.160377 ], [ -112.031875, 41.161495 ], [ -112.031797, 41.161675 ], [ -112.031797, 41.161752 ], [ -112.031875, 41.161855 ], [ -112.032902, 41.162747 ], [ -112.033655, 41.16337 ], [ -112.037177, 41.165986 ], [ -112.038131, 41.16648 ], [ -112.040249, 41.166978 ], [ -112.040609, 41.166979 ], [ -112.045202, 41.170787 ], [ -112.045026, 41.172309 ], [ -112.045026, 41.172506 ], [ -112.045386, 41.172505 ], [ -112.047274, 41.171864 ], [ -112.049852, 41.169822 ], [ -112.049971, 41.169102 ], [ -112.049972, 41.168742 ], [ -112.051926, 41.164011 ], [ -112.054624, 41.164946 ], [ -112.054984, 41.164947 ], [ -112.057241, 41.163396 ], [ -112.058682, 41.161941 ], [ -112.058677, 41.161581 ] ] ] } },
{ "type": "Feature", "properties": { "group_index": 0, "value": 300.0, "center": [ -111.81776, 40.6868079 ], "point_id": "F19-69329" }, "geometry": { "type": "Polygon", "coordinates": [ [ [ -111.822493, 40.6869 ], [ -111.82035, 40.684937 ], [ -111.820033, 40.684766 ], [ -111.81478, 40.685772 ], [ -111.812965, 40.686965 ], [ -111.81296, 40.687325 ], [ -111.814792, 40.688374 ], [ -111.81716, 40.689618 ], [ -111.81748, 40.689782 ], [ -111.81909, 40.689455 ], [ -111.822434, 40.687358 ], [ -111.822492, 40.68726 ], [ -111.822493, 40.6869 ] ] ] } },
{ "type": "Feature", "properties": { "group_index": 0, "value": 600.0, "center": [ -111.81776, 40.6868079 ], "point_id": "F19-69329" }, "geometry": { "type": "Polygon", "coordinates": [ [ [ -111.827458, 40.687167 ], [ -111.827435, 40.686906 ], [ -111.827345, 40.686584 ], [ -111.824829, 40.684929 ], [ -111.821803, 40.681977 ], [ -111.820326, 40.681492 ], [ -111.81997, 40.681435 ], [ -111.814796, 40.682024 ], [ -111.810633, 40.684764 ], [ -111.809547, 40.685569 ], [ -111.807989, 40.686898 ], [ -111.807989, 40.687258 ], [ -111.810555, 40.689059 ], [ -111.814458, 40.692032 ], [ -111.814595, 40.692117 ], [ -111.817048, 40.692976 ], [ -111.817404, 40.693103 ], [ -111.817814, 40.692936 ], [ -111.820939, 40.691691 ], [ -111.824581, 40.689418 ], [ -111.824683, 40.689341 ], [ -111.827324, 40.687349 ], [ -111.827434, 40.687266 ], [ -111.827458, 40.687202 ], [ -111.827458, 40.687167 ] ] ] } },
{ "type": "Feature", "properties": { "group_index": 0, "value": 900.0, "center": [ -111.81776, 40.6868079 ], "point_id": "F19-69329" }, "geometry": { "type": "Polygon", "coordinates": [ [ [ -111.832376, 40.686909 ], [ -111.832363, 40.686734 ], [ -111.829848, 40.684815 ], [ -111.826742, 40.681981 ], [ -111.825028, 40.6804 ], [ -111.822524, 40.679071 ], [ -111.819983, 40.678089 ], [ -111.814821, 40.678276 ], [ -111.810193, 40.680743 ], [ -111.80679, 40.683868 ], [ -111.802978, 40.686918 ], [ -111.802978, 40.687278 ], [ -111.805706, 40.689562 ], [ -111.805792, 40.689632 ], [ -111.810129, 40.693095 ], [ -111.814398, 40.695642 ], [ -111.815138, 40.695689 ], [ -111.815197, 40.695686 ], [ -111.820104, 40.69489 ], [ -111.823165, 40.693761 ], [ -111.824507, 40.693262 ], [ -111.824681, 40.693089 ], [ -111.826688, 40.690448 ], [ -111.829815, 40.689199 ], [ -111.831265, 40.688486 ], [ -111.832303, 40.687366 ], [ -111.832376, 40.687269 ], [ -111.832376, 40.686909 ] ] ] } },
{ "type": "Feature", "properties": { "group_index": 0, "value": 300.0, "center": [ -111.88043067612163, 40.76985472330288 ], "point_id": "F10-8453" }, "geometry": { "type": "Polygon", "coordinates": [ [ [ -111.885103, 40.769515 ], [ -111.884935, 40.769335 ], [ -111.884713, 40.769164 ], [ -111.884525, 40.76902 ], [ -111.882618, 40.767605 ], [ -111.882485, 40.767532 ], [ -111.879958, 40.766443 ], [ -111.879858, 40.766442 ], [ -111.879677, 40.766546 ], [ -111.879175, 40.766839 ], [ -111.878981, 40.766987 ], [ -111.878757, 40.767159 ], [ -111.876824, 40.768635 ], [ -111.876343, 40.769012 ], [ -111.875933, 40.769334 ], [ -111.875855, 40.769449 ], [ -111.875862, 40.769531 ], [ -111.876288, 40.770643 ], [ -111.876509, 40.770836 ], [ -111.87955, 40.773121 ], [ -111.880251, 40.773602 ], [ -111.880611, 40.7736 ], [ -111.881324, 40.773115 ], [ -111.882829, 40.771972 ], [ -111.882942, 40.771887 ], [ -111.883075, 40.771784 ], [ -111.883662, 40.771333 ], [ -111.884311, 40.770837 ], [ -111.884439, 40.77074 ], [ -111.884561, 40.770639 ], [ -111.885103, 40.769543 ], [ -111.885103, 40.769515 ] ] ] } },
{ "type": "Feature", "properties": { "group_index": 0, "value": 600.0, "center": [ -111.88043067612163, 40.76985472330288 ], "point_id": "F10-8453" }, "geometry": { "type": "Polygon", "coordinates": [ [ [ -111.890023, 40.769486 ], [ -111.889691, 40.769114 ], [ -111.888224, 40.767961 ], [ -111.886866, 40.766935 ], [ -111.883797, 40.764664 ], [ -111.882896, 40.764032 ], [ -111.882756, 40.763939 ], [ -111.88262, 40.763859 ], [ -111.882487, 40.763786 ], [ -111.879902, 40.762655 ], [ -111.879854, 40.762656 ], [ -111.879565, 40.762807 ], [ -111.875383, 40.765804 ], [ -111.871361, 40.769021 ], [ -111.870987, 40.76934 ], [ -111.870984, 40.7697 ], [ -111.87134, 40.770649 ], [ -111.871562, 40.770842 ], [ -111.872792, 40.77178 ], [ -111.874208, 40.77286 ], [ -111.875922, 40.77415 ], [ -111.877315, 40.775202 ], [ -111.878883, 40.776328 ], [ -111.880272, 40.777353 ], [ -111.880632, 40.777333 ], [ -111.880877, 40.777154 ], [ -111.883286, 40.7754 ], [ -111.883547, 40.77521 ], [ -111.884902, 40.774212 ], [ -111.886377, 40.773082 ], [ -111.886453, 40.773024 ], [ -111.887575, 40.772155 ], [ -111.88826, 40.771611 ], [ -111.888388, 40.77146 ], [ -111.889881, 40.769696 ], [ -111.890023, 40.769515 ], [ -111.890023, 40.769486 ] ] ] } },
{ "type": "Feature", "properties": { "group_index": 0, "value": 900.0, "center": [ -111.88043067612163, 40.76985472330288 ], "point_id": "F10-8453" }, "geometry": { "type": "Polygon", "coordinates": [ [ [ -111.89483, 40.769323 ], [ -111.894637, 40.769076 ], [ -111.894512, 40.768936 ], [ -111.892292, 40.766953 ], [ -111.891095, 40.766053 ], [ -111.886362, 40.762628 ], [ -111.882868, 40.7602 ], [ -111.882501, 40.760021 ], [ -111.880016, 40.758882 ], [ -111.87986, 40.758883 ], [ -111.877949, 40.76006 ], [ -111.873642, 40.763341 ], [ -111.872876, 40.763877 ], [ -111.872397, 40.764211 ], [ -111.871798, 40.764674 ], [ -111.871609, 40.764821 ], [ -111.867374, 40.768252 ], [ -111.866393, 40.769014 ], [ -111.866202, 40.769185 ], [ -111.866039, 40.769339 ], [ -111.866038, 40.769699 ], [ -111.866393, 40.770647 ], [ -111.866613, 40.77085 ], [ -111.8678, 40.771776 ], [ -111.867933, 40.771878 ], [ -111.868068, 40.771979 ], [ -111.869593, 40.773114 ], [ -111.870952, 40.774142 ], [ -111.87109, 40.774246 ], [ -111.872595, 40.775386 ], [ -111.874073, 40.776521 ], [ -111.875426, 40.77755 ], [ -111.877536, 40.779139 ], [ -111.878447, 40.779822 ], [ -111.878563, 40.779907 ], [ -111.88012, 40.781031 ], [ -111.880257, 40.781092 ], [ -111.880617, 40.781086 ], [ -111.880828, 40.781032 ], [ -111.882551, 40.779749 ], [ -111.883693, 40.778827 ], [ -111.8884, 40.775204 ], [ -111.888868, 40.774899 ], [ -111.890348, 40.773783 ], [ -111.891134, 40.773195 ], [ -111.8925, 40.772154 ], [ -111.892738, 40.77197 ], [ -111.892868, 40.771867 ], [ -111.8931, 40.771653 ], [ -111.894769, 40.769781 ], [ -111.894829, 40.769683 ], [ -111.89483, 40.769323 ] ] ] } },
{ "type": "Feature", "properties": { "group_index": 0, "value": 300.0, "center": [ -111.8872922, 40.5115694 ], "point_id": "F21-87865" }, "geometry": { "type": "Polygon", "coordinates": [ [ [ -111.890871, 40.51227 ], [ -111.890869, 40.511808 ], [ -111.890869, 40.511808 ], [ -111.890869, 40.511345 ], [ -111.890869, 40.510883 ], [ -111.885867, 40.509075 ], [ -111.885507, 40.509079 ], [ -111.885166, 40.513599 ], [ -111.885164, 40.513959 ], [ -111.885239, 40.514068 ], [ -111.886098, 40.514653 ], [ -111.886442, 40.514545 ], [ -111.890872, 40.512733 ], [ -111.890871, 40.51227 ] ] ] } },
{ "type": "Feature", "properties": { "group_index": 0, "value": 600.0, "center": [ -111.8872922, 40.5115694 ], "point_id": "F21-87865" }, "geometry": { "type": "Polygon", "coordinates": [ [ [ -111.890882, 40.515798 ], [ -111.89088, 40.515115 ], [ -111.890872, 40.512733 ], [ -111.890871, 40.51227 ], [ -111.890869, 40.511808 ], [ -111.890869, 40.511808 ], [ -111.890869, 40.511345 ], [ -111.890869, 40.510883 ], [ -111.890732, 40.507456 ], [ -111.890704, 40.507277 ], [ -111.890675, 40.507098 ], [ -111.885506, 40.505446 ], [ -111.885146, 40.505436 ], [ -111.884784, 40.505577 ], [ -111.882139, 40.507615 ], [ -111.881912, 40.507801 ], [ -111.881836, 40.507871 ], [ -111.881794, 40.50793 ], [ -111.880384, 40.513067 ], [ -111.880381, 40.513427 ], [ -111.880462, 40.51353 ], [ -111.881565, 40.514653 ], [ -111.881747, 40.51475 ], [ -111.882464, 40.514807 ], [ -111.88641, 40.515234 ], [ -111.890524, 40.516481 ], [ -111.890884, 40.51648 ], [ -111.890882, 40.515798 ] ] ] } },
{ "type": "Feature", "properties": { "group_index": 0, "value": 900.0, "center": [ -111.8872922, 40.5115694 ], "point_id": "F21-87865" }, "geometry": { "type": "Polygon", "coordinates": [ [ [ -111.890866, 40.520039 ], [ -111.890868, 40.519849 ], [ -111.890884, 40.51648 ], [ -111.890883, 40.516061 ], [ -111.890882, 40.515798 ], [ -111.89088, 40.515115 ], [ -111.890872, 40.512733 ], [ -111.890871, 40.51227 ], [ -111.890869, 40.511345 ], [ -111.890869, 40.510883 ], [ -111.890732, 40.507456 ], [ -111.890704, 40.507277 ], [ -111.890675, 40.507098 ], [ -111.890109, 40.506094 ], [ -111.887864, 40.502744 ], [ -111.887083, 40.50215 ], [ -111.886028, 40.502095 ], [ -111.885992, 40.502103 ], [ -111.881539, 40.503769 ], [ -111.880075, 40.50504 ], [ -111.877998, 40.506896 ], [ -111.877151, 40.508135 ], [ -111.875471, 40.512939 ], [ -111.875447, 40.513299 ], [ -111.875528, 40.513405 ], [ -111.8763, 40.514229 ], [ -111.878852, 40.516525 ], [ -111.881368, 40.518372 ], [ -111.881735, 40.518469 ], [ -111.882095, 40.518471 ], [ -111.8826, 40.517072 ], [ -111.885142, 40.515454 ], [ -111.888958, 40.518725 ], [ -111.888958, 40.519085 ], [ -111.890208, 40.520093 ], [ -111.890505, 40.520227 ], [ -111.890865, 40.520229 ], [ -111.890866, 40.520039 ] ] ] } },
{ "type": "Feature", "properties": { "group_index": 0, "value": 300.0, "center": [ -111.958295, 40.5156939 ], "point_id": "F21-87864" }, "geometry": { "type": "Polygon", "coordinates": [ [ [ -111.961065, 40.514909 ], [ -111.961066, 40.514549 ], [ -111.960969, 40.51447 ], [ -111.958023, 40.512301 ], [ -111.957663, 40.512304 ], [ -111.957523, 40.512391 ], [ -111.957387, 40.512484 ], [ -111.954842, 40.514381 ], [ -111.954736, 40.514463 ], [ -111.954636, 40.514539 ], [ -111.954594, 40.515993 ], [ -111.954595, 40.516258 ], [ -111.954595, 40.516523 ], [ -111.955208, 40.517459 ], [ -111.955823, 40.518382 ], [ -111.957673, 40.519101 ], [ -111.958033, 40.519098 ], [ -111.960188, 40.517568 ], [ -111.960336, 40.517417 ], [ -111.961065, 40.514909 ] ] ] } },
{ "type": "Feature", "properties": { "group_index": 0, "value": 600.0, "center": [ -111.958295, 40.5156939 ], "point_id": "F21-87864" }, "geometry": { "type": "Polygon", "coordinates": [ [ [ -111.965994, 40.514912 ], [ -111.965994, 40.514552 ], [ -111.965818, 40.514388 ], [ -111.962203, 40.5116 ], [ -111.959571, 40.509692 ], [ -111.957865, 40.508404 ], [ -111.957827, 40.508404 ], [ -111.956551, 40.509008 ], [ -111.953724, 40.511235 ], [ -111.953265, 40.511591 ], [ -111.953188, 40.511654 ], [ -111.950499, 40.515046 ], [ -111.951383, 40.518013 ], [ -111.951477, 40.518149 ], [ -111.953347, 40.519567 ], [ -111.953447, 40.519643 ], [ -111.956944, 40.522368 ], [ -111.957346, 40.522641 ], [ -111.957548, 40.522754 ], [ -111.95774, 40.522828 ], [ -111.958098, 40.522858 ], [ -111.95853, 40.522553 ], [ -111.958769, 40.522368 ], [ -111.960947, 40.520679 ], [ -111.96408, 40.518389 ], [ -111.965107, 40.517564 ], [ -111.965266, 40.517409 ], [ -111.965994, 40.514912 ] ] ] } },
{ "type": "Feature", "properties": { "group_index": 0, "value": 900.0, "center": [ -111.958295, 40.5156939 ], "point_id": "F21-87864" }, "geometry": { "type": "Polygon", "coordinates": [ [ [ -111.969192, 40.514326 ], [ -111.969211, 40.51424 ], [ -111.9692, 40.514154 ], [ -111.968843, 40.513127 ], [ -111.967445, 40.511876 ], [ -111.965583, 40.510407 ], [ -111.963979, 40.509119 ], [ -111.960381, 40.5063 ], [ -111.958044, 40.504814 ], [ -111.957684, 40.504807 ], [ -111.957161, 40.505051 ], [ -111.953236, 40.507615 ], [ -111.95313, 40.507694 ], [ -111.950416, 40.509968 ], [ -111.950224, 40.510148 ], [ -111.946857, 40.513809 ], [ -111.945593, 40.514521 ], [ -111.945594, 40.514881 ], [ -111.945978, 40.51563 ], [ -111.947141, 40.515755 ], [ -111.94998, 40.52014 ], [ -111.949943, 40.520379 ], [ -111.949906, 40.520626 ], [ -111.949853, 40.521141 ], [ -111.949799, 40.521656 ], [ -111.949993, 40.521736 ], [ -111.952092, 40.522665 ], [ -111.955122, 40.525635 ], [ -111.955256, 40.525789 ], [ -111.957749, 40.526694 ], [ -111.957917, 40.526695 ], [ -111.957982, 40.526696 ], [ -111.958108, 40.526665 ], [ -111.959082, 40.52601 ], [ -111.96096, 40.524592 ], [ -111.96471, 40.522388 ], [ -111.967654, 40.519365 ], [ -111.968255, 40.518489 ], [ -111.969192, 40.514326 ] ] ] } },
{ "type": "Feature", "properties": { "group_index": 0, "value": 300.0, "center": [ -111.95322495054293, 40.543622380806816 ], "point_id": "F21-87863" }, "geometry": { "type": "Polygon", "coordinates": [ [ [ -111.957762, 40.544051 ], [ -111.957619, 40.543887 ], [ -111.956272, 40.542467 ], [ -111.956097, 40.542313 ], [ -111.953718, 40.541663 ], [ -111.953359, 40.541664 ], [ -111.95113, 40.542284 ], [ -111.95031, 40.542907 ], [ -111.950149, 40.543034 ], [ -111.949245, 40.543831 ], [ -111.949251, 40.544191 ], [ -111.949346, 40.544313 ], [ -111.950426, 40.545336 ], [ -111.953405, 40.547127 ], [ -111.953765, 40.547128 ], [ -111.954419, 40.546682 ], [ -111.957479, 40.544442 ], [ -111.957765, 40.544085 ], [ -111.957762, 40.544051 ] ] ] } },
{ "type": "Feature", "properties": { "group_index": 0, "value": 600.0, "center": [ -111.95322495054293, 40.543622380806816 ], "point_id": "F21-87863" }, "geometry": { "type": "Polygon", "coordinates": [ [ [ -111.962698, 40.544001 ], [ -111.962549, 40.543848 ], [ -111.959248, 40.540866 ], [ -111.95783, 40.540025 ], [ -111.95747, 40.540026 ], [ -111.952364, 40.540086 ], [ -111.948765, 40.541018 ], [ -111.944019, 40.543832 ], [ -111.944011, 40.544192 ], [ -111.944548, 40.544661 ], [ -111.948131, 40.547274 ], [ -111.95194, 40.549904 ], [ -111.952014, 40.549949 ], [ -111.952374, 40.549949 ], [ -111.957214, 40.548376 ], [ -111.957888, 40.547964 ], [ -111.962325, 40.54449 ], [ -111.962562, 40.544208 ], [ -111.962698, 40.544029 ], [ -111.962698, 40.544001 ] ] ] } },
{ "type": "Feature", "properties": { "group_index": 0, "value": 900.0, "center": [ -111.95322495054293, 40.543622380806816 ], "point_id": "F21-87863" }, "geometry": { "type": "Polygon", "coordinates": [ [ [ -111.967477, 40.5438 ], [ -111.967201, 40.542933 ], [ -111.966913, 40.542716 ], [ -111.966818, 40.542658 ], [ -111.964386, 40.54114 ], [ -111.961833, 40.538736 ], [ -111.960792, 40.538001 ], [ -111.957937, 40.536416 ], [ -111.9578, 40.536367 ], [ -111.95744, 40.536365 ], [ -111.956573, 40.536778 ], [ -111.956243, 40.53712 ], [ -111.95403, 40.538802 ], [ -111.948882, 40.53983 ], [ -111.94451, 40.539604 ], [ -111.94416, 40.53969 ], [ -111.943142, 40.540668 ], [ -111.939267, 40.543821 ], [ -111.939277, 40.544181 ], [ -111.93938, 40.544408 ], [ -111.94159, 40.546365 ], [ -111.945897, 40.549758 ], [ -111.948136, 40.552167 ], [ -111.948496, 40.552167 ], [ -111.952854, 40.550664 ], [ -111.957473, 40.551653 ], [ -111.957833, 40.551653 ], [ -111.958062, 40.551573 ], [ -111.959426, 40.551089 ], [ -111.960901, 40.549499 ], [ -111.961089, 40.549255 ], [ -111.965609, 40.545709 ], [ -111.966524, 40.545253 ], [ -111.967363, 40.544428 ], [ -111.967482, 40.54416 ], [ -111.967477, 40.5438 ] ] ] } },
{ "type": "Feature", "properties": { "group_index": 0, "value": 300.0, "center": [ -111.82390320097986, 40.7578399463689 ], "point_id": "F10-27293" }, "geometry": { "type": "Polygon", "coordinates": [ [ [ -111.827329, 40.757312 ], [ -111.827489, 40.755936 ], [ -111.827494, 40.755838 ], [ -111.827033, 40.755228 ], [ -111.826772, 40.755035 ], [ -111.824337, 40.754888 ], [ -111.823203, 40.755666 ], [ -111.82226, 40.760445 ], [ -111.822291, 40.760479 ], [ -111.826034, 40.761129 ], [ -111.826154, 40.761144 ], [ -111.82641, 40.760892 ], [ -111.826778, 40.760178 ], [ -111.827329, 40.757312 ] ] ] } },
{ "type": "Feature", "properties": { "group_index": 0, "value": 600.0, "center": [ -111.82390320097986, 40.7578399463689 ], "point_id": "F10-27293" }, "geometry": { "type": "Polygon", "coordinates": [ [ [ -111.831124, 40.758323 ], [ -111.831001, 40.756293 ], [ -111.830875, 40.754167 ], [ -111.82981, 40.75301 ], [ -111.829446, 40.752815 ], [ -111.826975, 40.751485 ], [ -111.826776, 40.751427 ], [ -111.826416, 40.751431 ], [ -111.82597, 40.751575 ], [ -111.821619, 40.754607 ], [ -111.818647, 40.757162 ], [ -111.818515, 40.75741 ], [ -111.818472, 40.758675 ], [ -111.818725, 40.760296 ], [ -111.818828, 40.760641 ], [ -111.81906, 40.760791 ], [ -111.824164, 40.763913 ], [ -111.824237, 40.763994 ], [ -111.824556, 40.764162 ], [ -111.826953, 40.764367 ], [ -111.829371, 40.763844 ], [ -111.829649, 40.763615 ], [ -111.829706, 40.763558 ], [ -111.831124, 40.758323 ] ] ] } },
{ "type": "Feature", "properties": { "group_index": 0, "value": 900.0, "center": [ -111.82390320097986, 40.7578399463689 ], "point_id": "F10-27293" }, "geometry": { "type": "Polygon", "coordinates": [ [ [ -111.833298, 40.76373 ], [ -111.832807, 40.759858 ], [ -111.834684, 40.75673 ], [ -111.83492, 40.756459 ], [ -111.834926, 40.754827 ], [ -111.834759, 40.754508 ], [ -111.834722, 40.75446 ], [ -111.831366, 40.750761 ], [ -111.831141, 40.750587 ], [ -111.82811, 40.748617 ], [ -111.827775, 40.748578 ], [ -111.825505, 40.74858 ], [ -111.825145, 40.74858 ], [ -111.824091, 40.74863 ], [ -111.819712, 40.752417 ], [ -111.819019, 40.753043 ], [ -111.81896, 40.753107 ], [ -111.817148, 40.75756 ], [ -111.815186, 40.757894 ], [ -111.814998, 40.758201 ], [ -111.81493, 40.758332 ], [ -111.815286, 40.760288 ], [ -111.817523, 40.761073 ], [ -111.821487, 40.763563 ], [ -111.822134, 40.764114 ], [ -111.823741, 40.765283 ], [ -111.82405, 40.765513 ], [ -111.824874, 40.765873 ], [ -111.827218, 40.76655 ], [ -111.827978, 40.766717 ], [ -111.830358, 40.766829 ], [ -111.831535, 40.766888 ], [ -111.832084, 40.766877 ], [ -111.832147, 40.766844 ], [ -111.832369, 40.766552 ], [ -111.832643, 40.765993 ], [ -111.833298, 40.76373 ] ] ] } },
{ "type": "Feature", "properties": { "group_index": 0, "value": 300.0, "center": [ -111.93340759412935, 40.775820268126665 ], "point_id": "F21-85460" }, "geometry": { "type": "Polygon", "coordinates": [ [ [ -111.938154, 40.776029 ], [ -111.937965, 40.775885 ], [ -111.933339, 40.772326 ], [ -111.933159, 40.772136 ], [ -111.932979, 40.772092 ], [ -111.932863, 40.772093 ], [ -111.932799, 40.772136 ], [ -111.932586, 40.77481 ], [ -111.93258, 40.775326 ], [ -111.933141, 40.776633 ], [ -111.933925, 40.777554 ], [ -111.935027, 40.778031 ], [ -111.93651, 40.77776 ], [ -111.936551, 40.777731 ], [ -111.9377, 40.776799 ], [ -111.938154, 40.776389 ], [ -111.938154, 40.776029 ] ] ] } },
{ "type": "Feature", "properties": { "group_index": 0, "value": 600.0, "center": [ -111.93340759412935, 40.775820268126665 ], "point_id": "F21-85460" }, "geometry": { "type": "Polygon", "coordinates": [ [ [ -111.943349, 40.776162 ], [ -111.939655, 40.773469 ], [ -111.937207, 40.771451 ], [ -111.936839, 40.771158 ], [ -111.933574, 40.768649 ], [ -111.931979, 40.768984 ], [ -111.9293, 40.770992 ], [ -111.928704, 40.771444 ], [ -111.928637, 40.771524 ], [ -111.928639, 40.771884 ], [ -111.929518, 40.775591 ], [ -111.93036, 40.776644 ], [ -111.934699, 40.780294 ], [ -111.935414, 40.780787 ], [ -111.935774, 40.780779 ], [ -111.93726, 40.780375 ], [ -111.938368, 40.779979 ], [ -111.939412, 40.779531 ], [ -111.94335, 40.776522 ], [ -111.943349, 40.776162 ] ] ] } },
{ "type": "Feature", "properties": { "group_index": 0, "value": 900.0, "center": [ -111.93340759412935, 40.775820268126665 ], "point_id": "F21-85460" }, "geometry": { "type": "Polygon", "coordinates": [ [ [ -111.946417, 40.778085 ], [ -111.946417, 40.778085 ], [ -111.946417, 40.778055 ], [ -111.946332, 40.777532 ], [ -111.945242, 40.776334 ], [ -111.942427, 40.771667 ], [ -111.94226, 40.77153 ], [ -111.939205, 40.768992 ], [ -111.93832, 40.768662 ], [ -111.935172, 40.767487 ], [ -111.934812, 40.767499 ], [ -111.930242, 40.768993 ], [ -111.925397, 40.769933 ], [ -111.92378, 40.771407 ], [ -111.923711, 40.771513 ], [ -111.923711, 40.771873 ], [ -111.926342, 40.776391 ], [ -111.92682, 40.777659 ], [ -111.926966, 40.778026 ], [ -111.92714, 40.778204 ], [ -111.930235, 40.780976 ], [ -111.932223, 40.782128 ], [ -111.932583, 40.782129 ], [ -111.93621, 40.782116 ], [ -111.939086, 40.783161 ], [ -111.939222, 40.783162 ], [ -111.939757, 40.783091 ], [ -111.943968, 40.780057 ], [ -111.946275, 40.778266 ], [ -111.946417, 40.778115 ], [ -111.946417, 40.778085 ] ] ] } },
{ "type": "Feature", "properties": { "group_index": 0, "value": 300.0, "center": [ -111.88146227599256, 40.75575620670235 ], "point_id": "F10-3634" }, "geometry": { "type": "Polygon", "coordinates": [ [ [ -111.885873, 40.755971 ], [ -111.883442, 40.754108 ], [ -111.883222, 40.753942 ], [ -111.88303, 40.753797 ], [ -111.882398, 40.753324 ], [ -111.882216, 40.753309 ], [ -111.879578, 40.754103 ], [ -111.878148, 40.75514 ], [ -111.877137, 40.755976 ], [ -111.877137, 40.756336 ], [ -111.877325, 40.756481 ], [ -111.877537, 40.756646 ], [ -111.879684, 40.758227 ], [ -111.881878, 40.758825 ], [ -111.882091, 40.758826 ], [ -111.882303, 40.758827 ], [ -111.882679, 40.75883 ], [ -111.882679, 40.75883 ], [ -111.8841, 40.757851 ], [ -111.88572, 40.75648 ], [ -111.885879, 40.756331 ], [ -111.885873, 40.755971 ] ] ] } },
{ "type": "Feature", "properties": { "group_index": 0, "value": 600.0, "center": [ -111.88146227599256, 40.75575620670235 ], "point_id": "F10-3634" }, "geometry": { "type": "Polygon", "coordinates": [ [ [ -111.890812, 40.755971 ], [ -111.888175, 40.753944 ], [ -111.885716, 40.751928 ], [ -111.884501, 40.750943 ], [ -111.882318, 40.749518 ], [ -111.882296, 40.749518 ], [ -111.879674, 40.750334 ], [ -111.879403, 40.750476 ], [ -111.877672, 40.75178 ], [ -111.874907, 40.753798 ], [ -111.872191, 40.755979 ], [ -111.872189, 40.756339 ], [ -111.872362, 40.756485 ], [ -111.875364, 40.758943 ], [ -111.877932, 40.760747 ], [ -111.879851, 40.76212 ], [ -111.882118, 40.7625 ], [ -111.882478, 40.762501 ], [ -111.882625, 40.762486 ], [ -111.882764, 40.762464 ], [ -111.885348, 40.761121 ], [ -111.885681, 40.760916 ], [ -111.885928, 40.760728 ], [ -111.886044, 40.760634 ], [ -111.887306, 40.759454 ], [ -111.890667, 40.756479 ], [ -111.890811, 40.756331 ], [ -111.890812, 40.755971 ] ] ] } },
{ "type": "Feature", "properties": { "group_index": 0, "value": 900.0, "center": [ -111.88146227599256, 40.75575620670235 ], "point_id": "F10-3634" }, "geometry": { "type": "Polygon", "coordinates": [ [ [ -111.895758, 40.755969 ], [ -111.893222, 40.753689 ], [ -111.890283, 40.751619 ], [ -111.887642, 40.749507 ], [ -111.882998, 40.746193 ], [ -111.882682, 40.74601 ], [ -111.882567, 40.745983 ], [ -111.882207, 40.745982 ], [ -111.879572, 40.746699 ], [ -111.879467, 40.746747 ], [ -111.87823, 40.747586 ], [ -111.876231, 40.748976 ], [ -111.872743, 40.751631 ], [ -111.872334, 40.751938 ], [ -111.870792, 40.753105 ], [ -111.867255, 40.755981 ], [ -111.867255, 40.756341 ], [ -111.867414, 40.756496 ], [ -111.867584, 40.756652 ], [ -111.870417, 40.75883 ], [ -111.8708, 40.759119 ], [ -111.872717, 40.760579 ], [ -111.872926, 40.76074 ], [ -111.873989, 40.761547 ], [ -111.8757, 40.762857 ], [ -111.875904, 40.763012 ], [ -111.876108, 40.763166 ], [ -111.879045, 40.765345 ], [ -111.87985, 40.765841 ], [ -111.88247, 40.766408 ], [ -111.882476, 40.766407 ], [ -111.882619, 40.766379 ], [ -111.882627, 40.766377 ], [ -111.885188, 40.765029 ], [ -111.888197, 40.762931 ], [ -111.890074, 40.761528 ], [ -111.891089, 40.760741 ], [ -111.895495, 40.756722 ], [ -111.895758, 40.756329 ], [ -111.895758, 40.755969 ] ] ] } },
{ "type": "Feature", "properties": { "group_index": 0, "value": 300.0, "center": [ -111.8333957292106, 40.60733999289071 ], "point_id": "F18-63274" }, "geometry": { "type": "Polygon", "coordinates": [ [ [ -111.833659, 40.608388 ], [ -111.833663, 40.608362 ], [ -111.833681, 40.607422 ], [ -111.833403, 40.603855 ], [ -111.833044, 40.60383 ], [ -111.832854, 40.604009 ], [ -111.829218, 40.607259 ], [ -111.829391, 40.607575 ], [ -111.831071, 40.610107 ], [ -111.83161, 40.610634 ], [ -111.831702, 40.610671 ], [ -111.832054, 40.610746 ], [ -111.833013, 40.610423 ], [ -111.833071, 40.610327 ], [ -111.833659, 40.608388 ] ] ] } },
{ "type": "Feature", "properties": { "group_index": 0, "value": 600.0, "center": [ -111.8333957292106, 40.60733999289071 ], "point_id": "F18-63274" }, "geometry": { "type": "Polygon", "coordinates": [ [ [ -111.836908, 40.605 ], [ -111.836872, 40.604881 ], [ -111.83654, 40.603784 ], [ -111.83252, 40.599904 ], [ -111.832162, 40.599943 ], [ -111.829237, 40.602169 ], [ -111.826092, 40.606485 ], [ -111.824948, 40.607069 ], [ -111.82499, 40.607314 ], [ -111.825052, 40.607434 ], [ -111.825151, 40.60751 ], [ -111.825972, 40.607465 ], [ -111.829987, 40.611856 ], [ -111.830721, 40.612561 ], [ -111.833325, 40.614266 ], [ -111.833639, 40.614091 ], [ -111.835057, 40.613267 ], [ -111.836846, 40.610697 ], [ -111.837043, 40.610396 ], [ -111.836908, 40.605 ] ] ] } },
{ "type": "Feature", "properties": { "group_index": 0, "value": 900.0, "center": [ -111.8333957292106, 40.60733999289071 ], "point_id": "F18-63274" }, "geometry": { "type": "Polygon", "coordinates": [ [ [ -111.841603, 40.606412 ], [ -111.84149, 40.606183 ], [ -111.840112, 40.604698 ], [ -111.838432, 40.602908 ], [ -111.835449, 40.599981 ], [ -111.83374, 40.598004 ], [ -111.832013, 40.596576 ], [ -111.831837, 40.596539 ], [ -111.831478, 40.596568 ], [ -111.829888, 40.600016 ], [ -111.826618, 40.600795 ], [ -111.826258, 40.600794 ], [ -111.825124, 40.60127 ], [ -111.824554, 40.602038 ], [ -111.824552, 40.602398 ], [ -111.824948, 40.607069 ], [ -111.82499, 40.607314 ], [ -111.825052, 40.607434 ], [ -111.825151, 40.60751 ], [ -111.825972, 40.607465 ], [ -111.829986, 40.611639 ], [ -111.829987, 40.611856 ], [ -111.830321, 40.614145 ], [ -111.832325, 40.61657 ], [ -111.833952, 40.617819 ], [ -111.834287, 40.618081 ], [ -111.834647, 40.618094 ], [ -111.836934, 40.616453 ], [ -111.837081, 40.616125 ], [ -111.839645, 40.610962 ], [ -111.839811, 40.610642 ], [ -111.841521, 40.606658 ], [ -111.841603, 40.606412 ] ] ] } },
{ "type": "Feature", "properties": { "group_index": 0, "value": 300.0, "center": [ -111.85361763023094, 40.55612040851954 ], "point_id": "F10-11857" }, "geometry": { "type": "Polygon", "coordinates": [ [ [ -111.854679, 40.558593 ], [ -111.8545, 40.556574 ], [ -111.853627, 40.552512 ], [ -111.853267, 40.552507 ], [ -111.853116, 40.552545 ], [ -111.851869, 40.553044 ], [ -111.851761, 40.554983 ], [ -111.852077, 40.558977 ], [ -111.853038, 40.559722 ], [ -111.853085, 40.559721 ], [ -111.853495, 40.559719 ], [ -111.8536, 40.559705 ], [ -111.854595, 40.559043 ], [ -111.854693, 40.558953 ], [ -111.854679, 40.558593 ] ] ] } },
{ "type": "Feature", "properties": { "group_index": 0, "value": 600.0, "center": [ -111.85361763023094, 40.55612040851954 ], "point_id": "F10-11857" }, "geometry": { "type": "Polygon", "coordinates": [ [ [ -111.859617, 40.558578 ], [ -111.858727, 40.557957 ], [ -111.856387, 40.55611 ], [ -111.857074, 40.551699 ], [ -111.857074, 40.551339 ], [ -111.853666, 40.548516 ], [ -111.853306, 40.548514 ], [ -111.851637, 40.549896 ], [ -111.851517, 40.550032 ], [ -111.849814, 40.552132 ], [ -111.849175, 40.553701 ], [ -111.847163, 40.558547 ], [ -111.847121, 40.558904 ], [ -111.847789, 40.559525 ], [ -111.851843, 40.562589 ], [ -111.85314, 40.564286 ], [ -111.853499, 40.564297 ], [ -111.856655, 40.562358 ], [ -111.859618, 40.558938 ], [ -111.859617, 40.558578 ] ] ] } },
{ "type": "Feature", "properties": { "group_index": 0, "value": 900.0, "center": [ -111.85361763023094, 40.55612040851954 ], "point_id": "F10-11857" }, "geometry": { "type": "Polygon", "coordinates": [ [ [ -111.86455, 40.558575 ], [ -111.864478, 40.558438 ], [ -111.863807, 40.557745 ], [ -111.86367, 40.557622 ], [ -111.862831, 40.556909 ], [ -111.862004, 40.551691 ], [ -111.862006, 40.551332 ], [ -111.859092, 40.54874 ], [ -111.858949, 40.548622 ], [ -111.855287, 40.546271 ], [ -111.853627, 40.545023 ], [ -111.853267, 40.545016 ], [ -111.849917, 40.547183 ], [ -111.848031, 40.548764 ], [ -111.845357, 40.55107 ], [ -111.845208, 40.551427 ], [ -111.84521, 40.551787 ], [ -111.842495, 40.557018 ], [ -111.842448, 40.557375 ], [ -111.843399, 40.559395 ], [ -111.846916, 40.562458 ], [ -111.850914, 40.565953 ], [ -111.853008, 40.567206 ], [ -111.853368, 40.567207 ], [ -111.853473, 40.567134 ], [ -111.853909, 40.566845 ], [ -111.854472, 40.566459 ], [ -111.85991, 40.56435 ], [ -111.860158, 40.564089 ], [ -111.862944, 40.560606 ], [ -111.86455, 40.558935 ], [ -111.86455, 40.558575 ] ] ] } },
{ "type": "Feature", "properties": { "group_index": 0, "value": 300.0, "center": [ -111.97645278999843, 41.24863456450328 ], "point_id": "F10-3629" }, "geometry": { "type": "Polygon", "coordinates": [ [ [ -111.981438, 41.248545 ], [ -111.979266, 41.246798 ], [ -111.978397, 41.246158 ], [ -111.978363, 41.246158 ], [ -111.977932, 41.246203 ], [ -111.973416, 41.246691 ], [ -111.971471, 41.24841 ], [ -111.971469, 41.24877 ], [ -111.971536, 41.248851 ], [ -111.972446, 41.249473 ], [ -111.977607, 41.251042 ], [ -111.977907, 41.251135 ], [ -111.978267, 41.251144 ], [ -111.978424, 41.251035 ], [ -111.981341, 41.248979 ], [ -111.981432, 41.248905 ], [ -111.981438, 41.248545 ] ] ] } },
{ "type": "Feature", "properties": { "group_index": 0, "value": 600.0, "center": [ -111.97645278999843, 41.24863456450328 ], "point_id": "F10-3629" }, "geometry": { "type": "Polygon", "coordinates": [ [ [ -111.984511, 41.248684 ], [ -111.981085, 41.244232 ], [ -111.980888, 41.244093 ], [ -111.978744, 41.242546 ], [ -111.978384, 41.242307 ], [ -111.97837, 41.242307 ], [ -111.9728, 41.243567 ], [ -111.970525, 41.245157 ], [ -111.969943, 41.245568 ], [ -111.96853, 41.246599 ], [ -111.967205, 41.247818 ], [ -111.966959, 41.24912 ], [ -111.966955, 41.24948 ], [ -111.969816, 41.251362 ], [ -111.972046, 41.253262 ], [ -111.977817, 41.25488 ], [ -111.978177, 41.254892 ], [ -111.978353, 41.254889 ], [ -111.981576, 41.252428 ], [ -111.985933, 41.250267 ], [ -111.986108, 41.249952 ], [ -111.984511, 41.248684 ] ] ] } },
{ "type": "Feature", "properties": { "group_index": 0, "value": 900.0, "center": [ -111.97645278999843, 41.24863456450328 ], "point_id": "F10-3629" }, "geometry": { "type": "Polygon", "coordinates": [ [ [ -111.989461, 41.251617 ], [ -111.989466, 41.251242 ], [ -111.98945, 41.250963 ], [ -111.988955, 41.249649 ], [ -111.988618, 41.248953 ], [ -111.985871, 41.244165 ], [ -111.982457, 41.241251 ], [ -111.978643, 41.238733 ], [ -111.978283, 41.238727 ], [ -111.972693, 41.240003 ], [ -111.968087, 41.243039 ], [ -111.964217, 41.245979 ], [ -111.962368, 41.247702 ], [ -111.962356, 41.248051 ], [ -111.962351, 41.24937 ], [ -111.96359, 41.25034 ], [ -111.965595, 41.251924 ], [ -111.969131, 41.254738 ], [ -111.970841, 41.255937 ], [ -111.972357, 41.25696 ], [ -111.977714, 41.258627 ], [ -111.978074, 41.258638 ], [ -111.9802, 41.257265 ], [ -111.982935, 41.255419 ], [ -111.98815, 41.252685 ], [ -111.989456, 41.251992 ], [ -111.989461, 41.251617 ] ] ] } },
{ "type": "Feature", "properties": { "group_index": 0, "value": 300.0, "center": [ -111.9361629402802, 41.15740481835963 ], "point_id": "F10-3522" }, "geometry": { "type": "Polygon", "coordinates": [ [ [ -111.939518, 41.158983 ], [ -111.939653, 41.157588 ], [ -111.939659, 41.157422 ], [ -111.939679, 41.15674 ], [ -111.939686, 41.156514 ], [ -111.939694, 41.156289 ], [ -111.935555, 41.154394 ], [ -111.93448, 41.154105 ], [ -111.933958, 41.15412 ], [ -111.933677, 41.154345 ], [ -111.933268, 41.157402 ], [ -111.933155, 41.158504 ], [ -111.934605, 41.159504 ], [ -111.935302, 41.159977 ], [ -111.93596, 41.160388 ], [ -111.938671, 41.160533 ], [ -111.938951, 41.160306 ], [ -111.93906, 41.160096 ], [ -111.939359, 41.159494 ], [ -111.939464, 41.159241 ], [ -111.939518, 41.158983 ] ] ] } },
{ "type": "Feature", "properties": { "group_index": 0, "value": 600.0, "center": [ -111.9361629402802, 41.15740481835963 ], "point_id": "F10-3522" }, "geometry": { "type": "Polygon", "coordinates": [ [ [ -111.942832, 41.162292 ], [ -111.942854, 41.159665 ], [ -111.942231, 41.154561 ], [ -111.942025, 41.154266 ], [ -111.939871, 41.15415 ], [ -111.936186, 41.15194 ], [ -111.934617, 41.151397 ], [ -111.931362, 41.150922 ], [ -111.931083, 41.151149 ], [ -111.930112, 41.152484 ], [ -111.929862, 41.153908 ], [ -111.929559, 41.157465 ], [ -111.930595, 41.159891 ], [ -111.931694, 41.160337 ], [ -111.932303, 41.16055 ], [ -111.933413, 41.160862 ], [ -111.935147, 41.16143 ], [ -111.93966, 41.164004 ], [ -111.940017, 41.163958 ], [ -111.941147, 41.163616 ], [ -111.942723, 41.162635 ], [ -111.942832, 41.162292 ] ] ] } },
{ "type": "Feature", "properties": { "group_index": 0, "value": 900.0, "center": [ -111.9361629402802, 41.15740481835963 ], "point_id": "F10-3522" }, "geometry": { "type": "Polygon", "coordinates": [ [ [ -111.947127, 41.160488 ], [ -111.946532, 41.157924 ], [ -111.946091, 41.153101 ], [ -111.94591, 41.152859 ], [ -111.944741, 41.151815 ], [ -111.942813, 41.151113 ], [ -111.939741, 41.150244 ], [ -111.936808, 41.148932 ], [ -111.934636, 41.148723 ], [ -111.933111, 41.148661 ], [ -111.928776, 41.149207 ], [ -111.927025, 41.149589 ], [ -111.925838, 41.151994 ], [ -111.925764, 41.152346 ], [ -111.925557, 41.155243 ], [ -111.925677, 41.156913 ], [ -111.925946, 41.158197 ], [ -111.926593, 41.159085 ], [ -111.926797, 41.159343 ], [ -111.926959, 41.15948 ], [ -111.932068, 41.162265 ], [ -111.932265, 41.162429 ], [ -111.933921, 41.163618 ], [ -111.934247, 41.163593 ], [ -111.940053, 41.164605 ], [ -111.943677, 41.166849 ], [ -111.943957, 41.166623 ], [ -111.947533, 41.162914 ], [ -111.947127, 41.160488 ] ] ] } },
{ "type": "Feature", "properties": { "group_index": 0, "value": 300.0, "center": [ -111.8493732, 40.694614 ], "point_id": "F10-3658" }, "geometry": { "type": "Polygon", "coordinates": [ [ [ -111.851339, 40.696788 ], [ -111.849946, 40.692687 ], [ -111.84816, 40.691315 ], [ -111.847848, 40.691322 ], [ -111.847537, 40.69133 ], [ -111.847161, 40.691606 ], [ -111.844706, 40.694447 ], [ -111.844742, 40.694805 ], [ -111.846012, 40.69589 ], [ -111.848399, 40.697558 ], [ -111.850121, 40.698297 ], [ -111.850459, 40.698172 ], [ -111.851408, 40.697141 ], [ -111.851339, 40.696788 ] ] ] } },
{ "type": "Feature", "properties": { "group_index": 0, "value": 600.0, "center": [ -111.8493732, 40.694614 ], "point_id": "F10-3658" }, "geometry": { "type": "Polygon", "coordinates": [ [ [ -111.853354, 40.699636 ], [ -111.852346, 40.697861 ], [ -111.854241, 40.692682 ], [ -111.85425, 40.691646 ], [ -111.849892, 40.690012 ], [ -111.847489, 40.688787 ], [ -111.845652, 40.687828 ], [ -111.845313, 40.687949 ], [ -111.84385, 40.689376 ], [ -111.843693, 40.689699 ], [ -111.843159, 40.691716 ], [ -111.840464, 40.695625 ], [ -111.843889, 40.697346 ], [ -111.846334, 40.698954 ], [ -111.848939, 40.700604 ], [ -111.851178, 40.701628 ], [ -111.851292, 40.701667 ], [ -111.851752, 40.701586 ], [ -111.853281, 40.700097 ], [ -111.853356, 40.699996 ], [ -111.853354, 40.699636 ] ] ] } },
{ "type": "Feature", "properties": { "group_index": 0, "value": 900.0, "center": [ -111.8493732, 40.694614 ], "point_id": "F10-3658" }, "geometry": { "type": "Polygon", "coordinates": [ [ [ -111.8582, 40.699726 ], [ -111.856132, 40.697951 ], [ -111.855557, 40.694584 ], [ -111.858701, 40.691628 ], [ -111.858702, 40.69155 ], [ -111.858702, 40.691549 ], [ -111.858704, 40.691302 ], [ -111.856785, 40.689746 ], [ -111.854618, 40.688008 ], [ -111.854274, 40.687896 ], [ -111.848606, 40.686557 ], [ -111.846073, 40.685233 ], [ -111.844585, 40.684351 ], [ -111.844469, 40.684323 ], [ -111.844128, 40.684438 ], [ -111.843452, 40.684879 ], [ -111.841397, 40.687006 ], [ -111.839962, 40.688533 ], [ -111.838446, 40.691658 ], [ -111.838294, 40.691984 ], [ -111.839667, 40.697801 ], [ -111.839562, 40.698146 ], [ -111.840163, 40.698928 ], [ -111.844059, 40.700997 ], [ -111.847302, 40.702686 ], [ -111.849682, 40.7042 ], [ -111.850728, 40.704893 ], [ -111.852433, 40.705426 ], [ -111.852759, 40.705275 ], [ -111.855218, 40.703262 ], [ -111.858128, 40.700186 ], [ -111.858203, 40.700086 ], [ -111.8582, 40.699726 ] ] ] } },
{ "type": "Feature", "properties": { "group_index": 0, "value": 300.0, "center": [ -111.83992167496106, 40.67022365622969 ], "point_id": "F10-9792" }, "geometry": { "type": "Polygon", "coordinates": [ [ [ -111.844411, 40.670247 ], [ -111.840857, 40.667611 ], [ -111.839505, 40.666728 ], [ -111.8392, 40.666683 ], [ -111.839064, 40.666689 ], [ -111.834745, 40.670103 ], [ -111.834762, 40.670462 ], [ -111.837964, 40.672211 ], [ -111.84117, 40.673634 ], [ -111.841508, 40.673509 ], [ -111.842, 40.673019 ], [ -111.844396, 40.670607 ], [ -111.844411, 40.670247 ] ] ] } },
{ "type": "Feature", "properties": { "group_index": 0, "value": 600.0, "center": [ -111.83992167496106, 40.67022365622969 ], "point_id": "F10-9792" }, "geometry": { "type": "Polygon", "coordinates": [ [ [ -111.845568, 40.674099 ], [ -111.845112, 40.670456 ], [ -111.843558, 40.666144 ], [ -111.842367, 40.665116 ], [ -111.840123, 40.663733 ], [ -111.838491, 40.663096 ], [ -111.838351, 40.663085 ], [ -111.838268, 40.663137 ], [ -111.837259, 40.663822 ], [ -111.833155, 40.667232 ], [ -111.83193, 40.668314 ], [ -111.83048, 40.671603 ], [ -111.830627, 40.671712 ], [ -111.831571, 40.67225 ], [ -111.83708, 40.674431 ], [ -111.841392, 40.676857 ], [ -111.842308, 40.677241 ], [ -111.842663, 40.677183 ], [ -111.842778, 40.677151 ], [ -111.845567, 40.674459 ], [ -111.845568, 40.674099 ] ] ] } },
{ "type": "Feature", "properties": { "group_index": 0, "value": 900.0, "center": [ -111.83992167496106, 40.67022365622969 ], "point_id": "F10-9792" }, "geometry": { "type": "Polygon", "coordinates": [ [ [ -111.850508, 40.674113 ], [ -111.850264, 40.673741 ], [ -111.848329, 40.67276 ], [ -111.848011, 40.667599 ], [ -111.848022, 40.667239 ], [ -111.848023, 40.667048 ], [ -111.845934, 40.664243 ], [ -111.845627, 40.664054 ], [ -111.845079, 40.663725 ], [ -111.841142, 40.661687 ], [ -111.838092, 40.660741 ], [ -111.835332, 40.66018 ], [ -111.835058, 40.660413 ], [ -111.833183, 40.662223 ], [ -111.829798, 40.665637 ], [ -111.827263, 40.669926 ], [ -111.827171, 40.670174 ], [ -111.828903, 40.673449 ], [ -111.829644, 40.67427 ], [ -111.830099, 40.674559 ], [ -111.8332, 40.675568 ], [ -111.836719, 40.677048 ], [ -111.837793, 40.677228 ], [ -111.842132, 40.680461 ], [ -111.842274, 40.68056 ], [ -111.84281, 40.680909 ], [ -111.843081, 40.68104 ], [ -111.843428, 40.680946 ], [ -111.844574, 40.679825 ], [ -111.847835, 40.676853 ], [ -111.849408, 40.675441 ], [ -111.850507, 40.674473 ], [ -111.850508, 40.674113 ] ] ] } },
{ "type": "Feature", "properties": { "group_index": 0, "value": 300.0, "center": [ -111.9863186, 40.6713873 ], "point_id": "F10-8393" }, "geometry": { "type": "Polygon", "coordinates": [ [ [ -111.990933, 40.67147 ], [ -111.987626, 40.668466 ], [ -111.987022, 40.668013 ], [ -111.986641, 40.667725 ], [ -111.986237, 40.667698 ], [ -111.984468, 40.669052 ], [ -111.982391, 40.670979 ], [ -111.982305, 40.671061 ], [ -111.98217, 40.671586 ], [ -111.982176, 40.671829 ], [ -111.983151, 40.672698 ], [ -111.986317, 40.675164 ], [ -111.986677, 40.67517 ], [ -111.990933, 40.67183 ], [ -111.990933, 40.67147 ] ] ] } },
{ "type": "Feature", "properties": { "group_index": 0, "value": 600.0, "center": [ -111.9863186, 40.6713873 ], "point_id": "F10-8393" }, "geometry": { "type": "Polygon", "coordinates": [ [ [ -111.995824, 40.671104 ], [ -111.994699, 40.670875 ], [ -111.991216, 40.667063 ], [ -111.9901, 40.666252 ], [ -111.987216, 40.664141 ], [ -111.98709, 40.66406 ], [ -111.986815, 40.663953 ], [ -111.986455, 40.663954 ], [ -111.983978, 40.664575 ], [ -111.981565, 40.66738 ], [ -111.981562, 40.667739 ], [ -111.982176, 40.671829 ], [ -111.98256, 40.674005 ], [ -111.983932, 40.677018 ], [ -111.985465, 40.678133 ], [ -111.98643, 40.67871 ], [ -111.98679, 40.67871 ], [ -111.986974, 40.678616 ], [ -111.991275, 40.675856 ], [ -111.993389, 40.674027 ], [ -111.99592, 40.671451 ], [ -111.995824, 40.671104 ] ] ] } },
{ "type": "Feature", "properties": { "group_index": 0, "value": 900.0, "center": [ -111.9863186, 40.6713873 ], "point_id": "F10-8393" }, "geometry": { "type": "Polygon", "coordinates": [ [ [ -112.001129, 40.672152 ], [ -111.998922, 40.668586 ], [ -111.994026, 40.665316 ], [ -111.991168, 40.662677 ], [ -111.987322, 40.660428 ], [ -111.987102, 40.660352 ], [ -111.986742, 40.660348 ], [ -111.986588, 40.660414 ], [ -111.982613, 40.662165 ], [ -111.978837, 40.665587 ], [ -111.976761, 40.667263 ], [ -111.976628, 40.667399 ], [ -111.976629, 40.667759 ], [ -111.977397, 40.668489 ], [ -111.978224, 40.668923 ], [ -111.982176, 40.671829 ], [ -111.982393, 40.67481 ], [ -111.982354, 40.675211 ], [ -111.982365, 40.676836 ], [ -111.982311, 40.677751 ], [ -111.982136, 40.67901 ], [ -111.982136, 40.679196 ], [ -111.982137, 40.679381 ], [ -111.983407, 40.680358 ], [ -111.984479, 40.681175 ], [ -111.986018, 40.682328 ], [ -111.986425, 40.682458 ], [ -111.986785, 40.682456 ], [ -111.98745, 40.682074 ], [ -111.988108, 40.681694 ], [ -111.991699, 40.678982 ], [ -111.996365, 40.675375 ], [ -111.996693, 40.67533 ], [ -112.000736, 40.672801 ], [ -112.001024, 40.672496 ], [ -112.001129, 40.672152 ] ] ] } },
{ "type": "Feature", "properties": { "group_index": 0, "value": 300.0, "center": [ -111.83040754626676, 40.62366216634139 ], "point_id": "F15-42741" }, "geometry": { "type": "Polygon", "coordinates": [ [ [ -111.835079, 40.624307 ], [ -111.834922, 40.623962 ], [ -111.833272, 40.621552 ], [ -111.832912, 40.621552 ], [ -111.830393, 40.621526 ], [ -111.830034, 40.621525 ], [ -111.828119, 40.621665 ], [ -111.827887, 40.621798 ], [ -111.827363, 40.622277 ], [ -111.825761, 40.623702 ], [ -111.82576, 40.624062 ], [ -111.826019, 40.62428 ], [ -111.826231, 40.624445 ], [ -111.829746, 40.62733 ], [ -111.829834, 40.627356 ], [ -111.830194, 40.627358 ], [ -111.831224, 40.626894 ], [ -111.833531, 40.625868 ], [ -111.834295, 40.625158 ], [ -111.835078, 40.62431 ], [ -111.835079, 40.624307 ] ] ] } },
{ "type": "Feature", "properties": { "group_index": 0, "value": 600.0, "center": [ -111.83040754626676, 40.62366216634139 ], "point_id": "F15-42741" }, "geometry": { "type": "Polygon", "coordinates": [ [ [ -111.839823, 40.624569 ], [ -111.839803, 40.624471 ], [ -111.838267, 40.622582 ], [ -111.835376, 40.620073 ], [ -111.834972, 40.619746 ], [ -111.833456, 40.618523 ], [ -111.833217, 40.618344 ], [ -111.83316, 40.618316 ], [ -111.828778, 40.617855 ], [ -111.828777, 40.617855 ], [ -111.828515, 40.617854 ], [ -111.828473, 40.617854 ], [ -111.827906, 40.617929 ], [ -111.825915, 40.619138 ], [ -111.825836, 40.619198 ], [ -111.823681, 40.621125 ], [ -111.820818, 40.623704 ], [ -111.820731, 40.623898 ], [ -111.820729, 40.624258 ], [ -111.822096, 40.625266 ], [ -111.824569, 40.626953 ], [ -111.828621, 40.630057 ], [ -111.82916, 40.630056 ], [ -111.829698, 40.630055 ], [ -111.834347, 40.629407 ], [ -111.838084, 40.626218 ], [ -111.839787, 40.624927 ], [ -111.839823, 40.624569 ] ] ] } },
{ "type": "Feature", "properties": { "group_index": 0, "value": 900.0, "center": [ -111.83040754626676, 40.62366216634139 ], "point_id": "F15-42741" }, "geometry": { "type": "Polygon", "coordinates": [ [ [ -111.844894, 40.624958 ], [ -111.844738, 40.624679 ], [ -111.842401, 40.622598 ], [ -111.840253, 40.619555 ], [ -111.838005, 40.617812 ], [ -111.834226, 40.615625 ], [ -111.832294, 40.61545 ], [ -111.827308, 40.615108 ], [ -111.827136, 40.615115 ], [ -111.824658, 40.616494 ], [ -111.824097, 40.616911 ], [ -111.824013, 40.616973 ], [ -111.823099, 40.617715 ], [ -111.819913, 40.620416 ], [ -111.815884, 40.623686 ], [ -111.815884, 40.624046 ], [ -111.817371, 40.625491 ], [ -111.81772, 40.625813 ], [ -111.819551, 40.627498 ], [ -111.823455, 40.630334 ], [ -111.826078, 40.631832 ], [ -111.826956, 40.631831 ], [ -111.827835, 40.631829 ], [ -111.833743, 40.632773 ], [ -111.833928, 40.632849 ], [ -111.834285, 40.632805 ], [ -111.837004, 40.630793 ], [ -111.839705, 40.629893 ], [ -111.841538, 40.627995 ], [ -111.84486, 40.625316 ], [ -111.844894, 40.624958 ] ] ] } },
{ "type": "Feature", "properties": { "group_index": 0, "value": 300.0, "center": [ -111.65889410429808, 40.239298199626205 ], "point_id": "F20-77440" }, "geometry": { "type": "Polygon", "coordinates": [ [ [ -111.663656, 40.23902 ], [ -111.663397, 40.238814 ], [ -111.662372, 40.238053 ], [ -111.662263, 40.237971 ], [ -111.6612, 40.237163 ], [ -111.660543, 40.236658 ], [ -111.659081, 40.235551 ], [ -111.658721, 40.235551 ], [ -111.657733, 40.23616 ], [ -111.657627, 40.23624 ], [ -111.65747, 40.236362 ], [ -111.656093, 40.23747 ], [ -111.654872, 40.238417 ], [ -111.654393, 40.238784 ], [ -111.654137, 40.238989 ], [ -111.654136, 40.239349 ], [ -111.655267, 40.240468 ], [ -111.65537, 40.24056 ], [ -111.656981, 40.241797 ], [ -111.658055, 40.242651 ], [ -111.658702, 40.243115 ], [ -111.658799, 40.243181 ], [ -111.658823, 40.243189 ], [ -111.659013, 40.243115 ], [ -111.659387, 40.242854 ], [ -111.660535, 40.242036 ], [ -111.661906, 40.241038 ], [ -111.662328, 40.240701 ], [ -111.662472, 40.240581 ], [ -111.662574, 40.240495 ], [ -111.663655, 40.23938 ], [ -111.663656, 40.23902 ] ] ] } },
{ "type": "Feature", "properties": { "group_index": 0, "value": 600.0, "center": [ -111.65889410429808, 40.239298199626205 ], "point_id": "F20-77440" }, "geometry": { "type": "Polygon", "coordinates": [ [ [ -111.668565, 40.239036 ], [ -111.668306, 40.238834 ], [ -111.66673, 40.237596 ], [ -111.666616, 40.237507 ], [ -111.66503, 40.236276 ], [ -111.663476, 40.235067 ], [ -111.660145, 40.232333 ], [ -111.659954, 40.23217 ], [ -111.659096, 40.231832 ], [ -111.658736, 40.231834 ], [ -111.65864, 40.231865 ], [ -111.658313, 40.232057 ], [ -111.658005, 40.232258 ], [ -111.656531, 40.233292 ], [ -111.655239, 40.234233 ], [ -111.652658, 40.236225 ], [ -111.649482, 40.238768 ], [ -111.649229, 40.238973 ], [ -111.649227, 40.239333 ], [ -111.650459, 40.240551 ], [ -111.650592, 40.240654 ], [ -111.652643, 40.242264 ], [ -111.655629, 40.244615 ], [ -111.656417, 40.245248 ], [ -111.658048, 40.246456 ], [ -111.658581, 40.246853 ], [ -111.659001, 40.246843 ], [ -111.661293, 40.245373 ], [ -111.661318, 40.245356 ], [ -111.664796, 40.242546 ], [ -111.667268, 40.24071 ], [ -111.667483, 40.240509 ], [ -111.668563, 40.239396 ], [ -111.668565, 40.239036 ] ] ] } },
{ "type": "Feature", "properties": { "group_index": 0, "value": 900.0, "center": [ -111.65889410429808, 40.239298199626205 ], "point_id": "F20-77440" }, "geometry": { "type": "Polygon", "coordinates": [ [ [ -111.673474, 40.239061 ], [ -111.673214, 40.238853 ], [ -111.671238, 40.237251 ], [ -111.670003, 40.236281 ], [ -111.669895, 40.236196 ], [ -111.66682, 40.233729 ], [ -111.663425, 40.230957 ], [ -111.662224, 40.229977 ], [ -111.660848, 40.229072 ], [ -111.659154, 40.228105 ], [ -111.658989, 40.228107 ], [ -111.658643, 40.228123 ], [ -111.658476, 40.228184 ], [ -111.65638, 40.22954 ], [ -111.653135, 40.232048 ], [ -111.653023, 40.232133 ], [ -111.651386, 40.233368 ], [ -111.651166, 40.233536 ], [ -111.650982, 40.233678 ], [ -111.64953, 40.234809 ], [ -111.649425, 40.234891 ], [ -111.647849, 40.236126 ], [ -111.646459, 40.237296 ], [ -111.64634, 40.237422 ], [ -111.645458, 40.240298 ], [ -111.645457, 40.240364 ], [ -111.645472, 40.240663 ], [ -111.647336, 40.241961 ], [ -111.651012, 40.245722 ], [ -111.652271, 40.246939 ], [ -111.652866, 40.247404 ], [ -111.657028, 40.249844 ], [ -111.658141, 40.250356 ], [ -111.658422, 40.250467 ], [ -111.658834, 40.250624 ], [ -111.659016, 40.250625 ], [ -111.659197, 40.250625 ], [ -111.662114, 40.248526 ], [ -111.664023, 40.24716 ], [ -111.666429, 40.245207 ], [ -111.669762, 40.242736 ], [ -111.672391, 40.240523 ], [ -111.673472, 40.239421 ], [ -111.673474, 40.239061 ] ] ] } },
{ "type": "Feature", "properties": { "group_index": 0, "value": 300.0, "center": [ -111.6605063, 40.3027745 ], "point_id": "F20-80860" }, "geometry": { "type": "Polygon", "coordinates": [ [ [ -111.663404, 40.30357 ], [ -111.663009, 40.302698 ], [ -111.660844, 40.300235 ], [ -111.657182, 40.301389 ], [ -111.656113, 40.302503 ], [ -111.656108, 40.302863 ], [ -111.656175, 40.303141 ], [ -111.658523, 40.305645 ], [ -111.65885, 40.305794 ], [ -111.662601, 40.304565 ], [ -111.662913, 40.304446 ], [ -111.663454, 40.303927 ], [ -111.663404, 40.30357 ] ] ] } },
{ "type": "Feature", "properties": { "group_index": 0, "value": 600.0, "center": [ -111.6605063, 40.3027745 ], "point_id": "F20-80860" }, "geometry": { "type": "Polygon", "coordinates": [ [ [ -111.66529, 40.30066 ], [ -111.664949, 40.300263 ], [ -111.662479, 40.297552 ], [ -111.662202, 40.297548 ], [ -111.657986, 40.297891 ], [ -111.657642, 40.297949 ], [ -111.656426, 40.298339 ], [ -111.655794, 40.298791 ], [ -111.65573, 40.299146 ], [ -111.655329, 40.303331 ], [ -111.655099, 40.30552 ], [ -111.655068, 40.305878 ], [ -111.655037, 40.306246 ], [ -111.655029, 40.306503 ], [ -111.65502, 40.30676 ], [ -111.655407, 40.308159 ], [ -111.659676, 40.308362 ], [ -111.660036, 40.308365 ], [ -111.660886, 40.30785 ], [ -111.66349, 40.305655 ], [ -111.664865, 40.303372 ], [ -111.665442, 40.301765 ], [ -111.66529, 40.30066 ] ] ] } },
{ "type": "Feature", "properties": { "group_index": 0, "value": 900.0, "center": [ -111.6605063, 40.3027745 ], "point_id": "F20-80860" }, "geometry": { "type": "Polygon", "coordinates": [ [ [ -111.666349, 40.300838 ], [ -111.667371, 40.297326 ], [ -111.667367, 40.296966 ], [ -111.667136, 40.296653 ], [ -111.664521, 40.294957 ], [ -111.664068, 40.294746 ], [ -111.663288, 40.294749 ], [ -111.657821, 40.293704 ], [ -111.657468, 40.29363 ], [ -111.656786, 40.294525 ], [ -111.656046, 40.295927 ], [ -111.65596, 40.296154 ], [ -111.655841, 40.296582 ], [ -111.655726, 40.296996 ], [ -111.655719, 40.297223 ], [ -111.655723, 40.298961 ], [ -111.653634, 40.304483 ], [ -111.651794, 40.306628 ], [ -111.651596, 40.306929 ], [ -111.652016, 40.30749 ], [ -111.656007, 40.311614 ], [ -111.658292, 40.311812 ], [ -111.660272, 40.311479 ], [ -111.66042, 40.311413 ], [ -111.662002, 40.310336 ], [ -111.662165, 40.31013 ], [ -111.662328, 40.309924 ], [ -111.66349, 40.305655 ], [ -111.664546, 40.303867 ], [ -111.664865, 40.303372 ], [ -111.666284, 40.301033 ], [ -111.666349, 40.300838 ] ] ] } },
{ "type": "Feature", "properties": { "group_index": 0, "value": 300.0, "center": [ -112.0293858, 41.1733836 ], "point_id": "F10-28652" }, "geometry": { "type": "Polygon", "coordinates": [ [ [ -112.032407, 41.172828 ], [ -112.031975, 41.171846 ], [ -112.028514, 41.170144 ], [ -112.028438, 41.170144 ], [ -112.027344, 41.17072 ], [ -112.027074, 41.170923 ], [ -112.025487, 41.172368 ], [ -112.025173, 41.173379 ], [ -112.025172, 41.173454 ], [ -112.025564, 41.174386 ], [ -112.029006, 41.17634 ], [ -112.029033, 41.176341 ], [ -112.030982, 41.174861 ], [ -112.032406, 41.173188 ], [ -112.032407, 41.172828 ] ] ] } },
{ "type": "Feature", "properties": { "group_index": 0, "value": 600.0, "center": [ -112.0293858, 41.1733836 ], "point_id": "F10-28652" }, "geometry": { "type": "Polygon", "coordinates": [ [ [ -112.037067, 41.172832 ], [ -112.034892, 41.170557 ], [ -112.032675, 41.168883 ], [ -112.028615, 41.166522 ], [ -112.028255, 41.166518 ], [ -112.028178, 41.166569 ], [ -112.02603, 41.167997 ], [ -112.023492, 41.169822 ], [ -112.023489, 41.170182 ], [ -112.02326, 41.176014 ], [ -112.023263, 41.176374 ], [ -112.025792, 41.178204 ], [ -112.025974, 41.178328 ], [ -112.028281, 41.179621 ], [ -112.028507, 41.179621 ], [ -112.028733, 41.179621 ], [ -112.028733, 41.179621 ], [ -112.028959, 41.179622 ], [ -112.029186, 41.179622 ], [ -112.031037, 41.178528 ], [ -112.031776, 41.178065 ], [ -112.032374, 41.177607 ], [ -112.035927, 41.175002 ], [ -112.037068, 41.173192 ], [ -112.037067, 41.172832 ] ] ] } },
{ "type": "Feature", "properties": { "group_index": 0, "value": 900.0, "center": [ -112.0293858, 41.1733836 ], "point_id": "F10-28652" }, "geometry": { "type": "Polygon", "coordinates": [ [ [ -112.041464, 41.173268 ], [ -112.039976, 41.170933 ], [ -112.03819, 41.169282 ], [ -112.035793, 41.167522 ], [ -112.033991, 41.166183 ], [ -112.032274, 41.165121 ], [ -112.028615, 41.162771 ], [ -112.028255, 41.162774 ], [ -112.024559, 41.165133 ], [ -112.022186, 41.167888 ], [ -112.020394, 41.170368 ], [ -112.01934, 41.175292 ], [ -112.019338, 41.175309 ], [ -112.019428, 41.176039 ], [ -112.01945, 41.176162 ], [ -112.019872, 41.178277 ], [ -112.020194, 41.178439 ], [ -112.024987, 41.181493 ], [ -112.026115, 41.182238 ], [ -112.030269, 41.18257 ], [ -112.032787, 41.180814 ], [ -112.034751, 41.179112 ], [ -112.038435, 41.176794 ], [ -112.039098, 41.176343 ], [ -112.041462, 41.173628 ], [ -112.041464, 41.173268 ] ] ] } },
{ "type": "Feature", "properties": { "group_index": 0, "value": 300.0, "center": [ -111.799704142466, 40.60951268043635 ], "point_id": "F15-41798" }, "geometry": { "type": "Polygon", "coordinates": [ [ [ -111.80464, 40.609338 ], [ -111.800499, 40.606082 ], [ -111.800321, 40.606057 ], [ -111.800076, 40.606053 ], [ -111.797256, 40.606316 ], [ -111.7971, 40.606411 ], [ -111.795971, 40.6076 ], [ -111.794876, 40.609238 ], [ -111.794791, 40.609373 ], [ -111.794791, 40.609733 ], [ -111.798203, 40.612579 ], [ -111.798563, 40.612571 ], [ -111.800236, 40.612504 ], [ -111.803155, 40.611196 ], [ -111.804639, 40.609698 ], [ -111.80464, 40.609338 ] ] ] } },
{ "type": "Feature", "properties": { "group_index": 0, "value": 600.0, "center": [ -111.799704142466, 40.60951268043635 ], "point_id": "F15-41798" }, "geometry": { "type": "Polygon", "coordinates": [ [ [ -111.8095, 40.609508 ], [ -111.809502, 40.609148 ], [ -111.805392, 40.6061 ], [ -111.803905, 40.604601 ], [ -111.801862, 40.603753 ], [ -111.801511, 40.603674 ], [ -111.796166, 40.60341 ], [ -111.795806, 40.603412 ], [ -111.795699, 40.60349 ], [ -111.79167, 40.607731 ], [ -111.790467, 40.611528 ], [ -111.790766, 40.611727 ], [ -111.795821, 40.614364 ], [ -111.796181, 40.614365 ], [ -111.798541, 40.613899 ], [ -111.802338, 40.614664 ], [ -111.802548, 40.614703 ], [ -111.805024, 40.612261 ], [ -111.807703, 40.61106 ], [ -111.809497, 40.609606 ], [ -111.8095, 40.609508 ] ] ] } },
{ "type": "Feature", "properties": { "group_index": 0, "value": 900.0, "center": [ -111.799704142466, 40.60951268043635 ], "point_id": "F15-41798" }, "geometry": { "type": "Polygon", "coordinates": [ [ [ -111.814433, 40.609244 ], [ -111.813615, 40.608458 ], [ -111.812859, 40.607867 ], [ -111.808522, 40.604167 ], [ -111.808423, 40.603821 ], [ -111.804447, 40.602357 ], [ -111.804307, 40.602312 ], [ -111.801727, 40.60219 ], [ -111.797302, 40.60022 ], [ -111.796987, 40.600045 ], [ -111.796733, 40.60011 ], [ -111.794874, 40.600651 ], [ -111.794692, 40.60076 ], [ -111.794081, 40.601196 ], [ -111.790618, 40.60501 ], [ -111.789713, 40.6057 ], [ -111.789098, 40.607975 ], [ -111.789078, 40.608057 ], [ -111.789185, 40.609287 ], [ -111.788679, 40.614319 ], [ -111.789001, 40.61448 ], [ -111.792876, 40.61503 ], [ -111.796742, 40.616868 ], [ -111.796896, 40.616949 ], [ -111.797252, 40.616946 ], [ -111.797608, 40.616944 ], [ -111.798763, 40.616288 ], [ -111.802247, 40.614839 ], [ -111.807792, 40.614615 ], [ -111.80948, 40.613608 ], [ -111.81357, 40.610631 ], [ -111.814432, 40.609604 ], [ -111.814433, 40.609244 ] ] ] } },
{ "type": "Feature", "properties": { "group_index": 0, "value": 300.0, "center": [ -111.85409113598327, 40.594365721898924 ], "point_id": "F21-85380" }, "geometry": { "type": "Polygon", "coordinates": [ [ [ -111.858135, 40.594857 ], [ -111.857057, 40.594185 ], [ -111.853411, 40.592869 ], [ -111.853051, 40.59287 ], [ -111.850467, 40.594852 ], [ -111.850468, 40.595212 ], [ -111.850709, 40.595418 ], [ -111.852908, 40.597106 ], [ -111.853037, 40.597199 ], [ -111.853397, 40.5972 ], [ -111.856352, 40.596584 ], [ -111.858134, 40.595217 ], [ -111.858135, 40.594857 ] ] ] } },
{ "type": "Feature", "properties": { "group_index": 0, "value": 600.0, "center": [ -111.85409113598327, 40.594365721898924 ], "point_id": "F21-85380" }, "geometry": { "type": "Polygon", "coordinates": [ [ [ -111.863065, 40.594861 ], [ -111.861951, 40.593588 ], [ -111.860394, 40.592363 ], [ -111.85643, 40.59046 ], [ -111.85344, 40.589123 ], [ -111.85308, 40.589122 ], [ -111.852942, 40.58922 ], [ -111.850402, 40.591012 ], [ -111.84556, 40.594081 ], [ -111.845533, 40.594854 ], [ -111.845533, 40.595214 ], [ -111.846271, 40.595876 ], [ -111.847503, 40.596817 ], [ -111.851768, 40.600134 ], [ -111.85302, 40.600946 ], [ -111.85338, 40.600948 ], [ -111.857505, 40.599685 ], [ -111.859277, 40.598218 ], [ -111.863073, 40.595221 ], [ -111.863065, 40.594861 ] ] ] } },
{ "type": "Feature", "properties": { "group_index": 0, "value": 900.0, "center": [ -111.85409113598327, 40.594365721898924 ], "point_id": "F21-85380" }, "geometry": { "type": "Polygon", "coordinates": [ [ [ -111.868016, 40.595163 ], [ -111.868041, 40.595029 ], [ -111.868032, 40.594812 ], [ -111.864687, 40.590343 ], [ -111.864353, 40.59021 ], [ -111.863459, 40.590909 ], [ -111.863302, 40.591041 ], [ -111.861666, 40.592021 ], [ -111.85643, 40.59046 ], [ -111.855889, 40.589929 ], [ -111.854013, 40.585627 ], [ -111.853466, 40.585377 ], [ -111.853106, 40.585374 ], [ -111.850622, 40.586527 ], [ -111.847275, 40.589191 ], [ -111.846888, 40.589501 ], [ -111.843482, 40.592547 ], [ -111.841542, 40.594074 ], [ -111.8406, 40.594869 ], [ -111.840485, 40.594999 ], [ -111.840484, 40.595049 ], [ -111.840596, 40.595229 ], [ -111.842244, 40.596959 ], [ -111.845133, 40.599158 ], [ -111.848425, 40.601431 ], [ -111.851701, 40.603851 ], [ -111.853003, 40.604694 ], [ -111.853363, 40.604694 ], [ -111.858557, 40.602382 ], [ -111.85885, 40.602203 ], [ -111.860309, 40.601233 ], [ -111.862872, 40.599508 ], [ -111.866077, 40.596704 ], [ -111.868004, 40.595215 ], [ -111.868016, 40.595163 ] ] ] } },
{ "type": "Feature", "properties": { "group_index": 0, "value": 300.0, "center": [ -111.85671808962087, 40.640531879217775 ], "point_id": "F18-68440" }, "geometry": { "type": "Polygon", "coordinates": [ [ [ -111.86169, 40.640361 ], [ -111.860887, 40.639811 ], [ -111.858932, 40.638467 ], [ -111.854954, 40.63813 ], [ -111.854594, 40.638127 ], [ -111.854279, 40.638165 ], [ -111.851822, 40.63999 ], [ -111.851807, 40.640163 ], [ -111.851826, 40.640384 ], [ -111.85343, 40.642041 ], [ -111.854538, 40.642777 ], [ -111.859086, 40.643315 ], [ -111.861566, 40.640898 ], [ -111.861688, 40.640721 ], [ -111.86169, 40.640361 ] ] ] } },
{ "type": "Feature", "properties": { "group_index": 0, "value": 600.0, "center": [ -111.85671808962087, 40.640531879217775 ], "point_id": "F18-68440" }, "geometry": { "type": "Polygon", "coordinates": [ [ [ -111.865953, 40.641925 ], [ -111.86561, 40.641515 ], [ -111.865412, 40.641296 ], [ -111.862257, 40.638852 ], [ -111.861527, 40.638352 ], [ -111.858249, 40.636098 ], [ -111.854993, 40.634201 ], [ -111.854633, 40.634196 ], [ -111.853727, 40.634819 ], [ -111.852627, 40.636157 ], [ -111.847953, 40.639182 ], [ -111.846876, 40.639982 ], [ -111.846869, 40.640342 ], [ -111.847015, 40.641066 ], [ -111.851209, 40.64404 ], [ -111.853941, 40.64624 ], [ -111.854498, 40.646511 ], [ -111.854858, 40.646513 ], [ -111.85975, 40.646648 ], [ -111.861364, 40.646594 ], [ -111.862324, 40.6453 ], [ -111.865681, 40.642374 ], [ -111.865815, 40.642209 ], [ -111.865956, 40.642014 ], [ -111.865953, 40.641925 ] ] ] } },
{ "type": "Feature", "properties": { "group_index": 0, "value": 900.0, "center": [ -111.85671808962087, 40.640531879217775 ], "point_id": "F18-68440" }, "geometry": { "type": "Polygon", "coordinates": [ [ [ -111.870738, 40.641552 ], [ -111.870259, 40.640894 ], [ -111.869656, 40.640361 ], [ -111.866615, 40.638254 ], [ -111.866131, 40.638073 ], [ -111.865771, 40.638078 ], [ -111.861527, 40.638352 ], [ -111.859157, 40.634501 ], [ -111.859158, 40.634294 ], [ -111.859126, 40.634019 ], [ -111.859124, 40.634003 ], [ -111.859079, 40.633792 ], [ -111.859034, 40.633581 ], [ -111.858925, 40.633488 ], [ -111.855981, 40.631485 ], [ -111.855718, 40.631302 ], [ -111.854892, 40.630735 ], [ -111.854532, 40.63073 ], [ -111.853247, 40.631446 ], [ -111.8528, 40.631703 ], [ -111.849336, 40.634439 ], [ -111.845426, 40.637092 ], [ -111.842464, 40.639673 ], [ -111.842066, 40.640022 ], [ -111.842071, 40.640382 ], [ -111.843486, 40.641562 ], [ -111.844949, 40.642803 ], [ -111.847133, 40.64392 ], [ -111.850915, 40.647525 ], [ -111.851942, 40.648558 ], [ -111.853736, 40.649903 ], [ -111.854451, 40.650309 ], [ -111.854811, 40.650309 ], [ -111.860192, 40.650288 ], [ -111.860552, 40.650273 ], [ -111.862736, 40.648817 ], [ -111.865464, 40.64689 ], [ -111.869485, 40.643963 ], [ -111.869765, 40.643737 ], [ -111.870742, 40.641912 ], [ -111.870738, 40.641552 ] ] ] } },
{ "type": "Feature", "properties": { "group_index": 0, "value": 300.0, "center": [ -111.87281165198156, 40.60985907303805 ], "point_id": "F20-82540" }, "geometry": { "type": "Polygon", "coordinates": [ [ [ -111.877328, 40.609363 ], [ -111.876484, 40.608314 ], [ -111.876193, 40.608103 ], [ -111.872288, 40.606465 ], [ -111.872099, 40.606471 ], [ -111.872047, 40.606492 ], [ -111.868979, 40.608833 ], [ -111.868302, 40.609368 ], [ -111.868303, 40.609728 ], [ -111.870786, 40.612977 ], [ -111.871011, 40.613258 ], [ -111.875473, 40.611565 ], [ -111.876938, 40.610174 ], [ -111.877325, 40.609723 ], [ -111.877328, 40.609363 ] ] ] } },
{ "type": "Feature", "properties": { "group_index": 0, "value": 600.0, "center": [ -111.87281165198156, 40.60985907303805 ], "point_id": "F20-82540" }, "geometry": { "type": "Polygon", "coordinates": [ [ [ -111.88241, 40.609535 ], [ -111.881308, 40.608164 ], [ -111.878371, 40.606452 ], [ -111.874523, 40.60442 ], [ -111.872374, 40.602828 ], [ -111.872014, 40.602829 ], [ -111.870782, 40.603654 ], [ -111.867109, 40.606257 ], [ -111.863367, 40.609389 ], [ -111.863366, 40.609749 ], [ -111.864304, 40.610516 ], [ -111.867658, 40.615483 ], [ -111.867881, 40.615766 ], [ -111.869662, 40.615725 ], [ -111.870455, 40.61496 ], [ -111.876209, 40.613761 ], [ -111.876508, 40.613856 ], [ -111.876585, 40.613854 ], [ -111.878287, 40.612944 ], [ -111.882263, 40.609741 ], [ -111.88241, 40.60956 ], [ -111.88241, 40.609535 ] ] ] } },
{ "type": "Feature", "properties": { "group_index": 0, "value": 900.0, "center": [ -111.87281165198156, 40.60985907303805 ], "point_id": "F20-82540" }, "geometry": { "type": "Polygon", "coordinates": [ [ [ -111.887198, 40.609386 ], [ -111.88628, 40.608302 ], [ -111.885974, 40.608114 ], [ -111.88236, 40.605686 ], [ -111.880364, 40.603815 ], [ -111.879669, 40.603055 ], [ -111.879382, 40.602837 ], [ -111.874571, 40.600476 ], [ -111.872679, 40.599063 ], [ -111.872194, 40.59896 ], [ -111.872012, 40.598958 ], [ -111.87183, 40.598957 ], [ -111.86898, 40.60073 ], [ -111.864803, 40.604402 ], [ -111.862282, 40.605995 ], [ -111.85843, 40.609411 ], [ -111.85832, 40.609583 ], [ -111.85831, 40.609801 ], [ -111.8608, 40.611628 ], [ -111.862825, 40.614905 ], [ -111.86394, 40.616904 ], [ -111.865753, 40.618959 ], [ -111.865863, 40.619 ], [ -111.866222, 40.61903 ], [ -111.872034, 40.617883 ], [ -111.876571, 40.617601 ], [ -111.879841, 40.615153 ], [ -111.881969, 40.61378 ], [ -111.884046, 40.612139 ], [ -111.887199, 40.609746 ], [ -111.887198, 40.609386 ] ] ] } },
{ "type": "Feature", "properties": { "group_index": 0, "value": 300.0, "center": [ -111.9373863731298, 40.510228252361586 ], "point_id": "F13-37077" }, "geometry": { "type": "Polygon", "coordinates": [ [ [ -111.941632, 40.510728 ], [ -111.940192, 40.507652 ], [ -111.938522, 40.507333 ], [ -111.938162, 40.507327 ], [ -111.937689, 40.507585 ], [ -111.937046, 40.508424 ], [ -111.935836, 40.511205 ], [ -111.935834, 40.511565 ], [ -111.935909, 40.511633 ], [ -111.935986, 40.511691 ], [ -111.938199, 40.513278 ], [ -111.938559, 40.513278 ], [ -111.938784, 40.513114 ], [ -111.939712, 40.51245 ], [ -111.941282, 40.511326 ], [ -111.941634, 40.511088 ], [ -111.941632, 40.510728 ] ] ] } },
{ "type": "Feature", "properties": { "group_index": 0, "value": 600.0, "center": [ -111.9373863731298, 40.510228252361586 ], "point_id": "F13-37077" }, "geometry": { "type": "Polygon", "coordinates": [ [ [ -111.94643, 40.510787 ], [ -111.945029, 40.508907 ], [ -111.943942, 40.50767 ], [ -111.943852, 40.507587 ], [ -111.943744, 40.507497 ], [ -111.939076, 40.503851 ], [ -111.938921, 40.503747 ], [ -111.938382, 40.503431 ], [ -111.938157, 40.503427 ], [ -111.935022, 40.505602 ], [ -111.932619, 40.507564 ], [ -111.930746, 40.510892 ], [ -111.930755, 40.511131 ], [ -111.930764, 40.511371 ], [ -111.930828, 40.511545 ], [ -111.930908, 40.511671 ], [ -111.932721, 40.513009 ], [ -111.934815, 40.514572 ], [ -111.937793, 40.51677 ], [ -111.938194, 40.517011 ], [ -111.938554, 40.517009 ], [ -111.942959, 40.51479 ], [ -111.946429, 40.511147 ], [ -111.94643, 40.510787 ] ] ] } },
{ "type": "Feature", "properties": { "group_index": 0, "value": 900.0, "center": [ -111.9373863731298, 40.510228252361586 ], "point_id": "F13-37077" }, "geometry": { "type": "Polygon", "coordinates": [ [ [ -111.949013, 40.50769 ], [ -111.947706, 40.506472 ], [ -111.944406, 40.503596 ], [ -111.943299, 40.502636 ], [ -111.939186, 40.499758 ], [ -111.938826, 40.499762 ], [ -111.938248, 40.499837 ], [ -111.936633, 40.500779 ], [ -111.934638, 40.502285 ], [ -111.931917, 40.504448 ], [ -111.92905, 40.508906 ], [ -111.9276, 40.509727 ], [ -111.925685, 40.511213 ], [ -111.925683, 40.511573 ], [ -111.92827, 40.513427 ], [ -111.928928, 40.513803 ], [ -111.929046, 40.51386 ], [ -111.933597, 40.515839 ], [ -111.935619, 40.518871 ], [ -111.935683, 40.518946 ], [ -111.937035, 40.519906 ], [ -111.938339, 40.520801 ], [ -111.938698, 40.520771 ], [ -111.940952, 40.519385 ], [ -111.945703, 40.516535 ], [ -111.946532, 40.515629 ], [ -111.947222, 40.51488 ], [ -111.949432, 40.51051 ], [ -111.949013, 40.50769 ] ] ] } },
{ "type": "Feature", "properties": { "group_index": 0, "value": 300.0, "center": [ -111.73398166264987, 40.0394426921775 ], "point_id": "F21-87769" }, "geometry": { "type": "Polygon", "coordinates": [ [ [ -111.73844, 40.039616 ], [ -111.737413, 40.038102 ], [ -111.736317, 40.03724 ], [ -111.734068, 40.035793 ], [ -111.733708, 40.035791 ], [ -111.733571, 40.03585 ], [ -111.732298, 40.036796 ], [ -111.729488, 40.039577 ], [ -111.729486, 40.039937 ], [ -111.730845, 40.041328 ], [ -111.733613, 40.043156 ], [ -111.733828, 40.043155 ], [ -111.734006, 40.043088 ], [ -111.735386, 40.042277 ], [ -111.736235, 40.041675 ], [ -111.73844, 40.039976 ], [ -111.73844, 40.039616 ] ] ] } },
{ "type": "Feature", "properties": { "group_index": 0, "value": 600.0, "center": [ -111.73398166264987, 40.0394426921775 ], "point_id": "F21-87769" }, "geometry": { "type": "Polygon", "coordinates": [ [ [ -111.743335, 40.039643 ], [ -111.742307, 40.038107 ], [ -111.742204, 40.038017 ], [ -111.740892, 40.036929 ], [ -111.73812, 40.034859 ], [ -111.735038, 40.032105 ], [ -111.73493, 40.032053 ], [ -111.733706, 40.032293 ], [ -111.732314, 40.033001 ], [ -111.73055, 40.034208 ], [ -111.727639, 40.036542 ], [ -111.724594, 40.039552 ], [ -111.724452, 40.039712 ], [ -111.724454, 40.039743 ], [ -111.724591, 40.039912 ], [ -111.726076, 40.041392 ], [ -111.727815, 40.042757 ], [ -111.729208, 40.043846 ], [ -111.730259, 40.04464 ], [ -111.732011, 40.04584 ], [ -111.733659, 40.046767 ], [ -111.734019, 40.046758 ], [ -111.735494, 40.046012 ], [ -111.737122, 40.04476 ], [ -111.738392, 40.043801 ], [ -111.741147, 40.041789 ], [ -111.743333, 40.040003 ], [ -111.743335, 40.039643 ] ] ] } },
{ "type": "Feature", "properties": { "group_index": 0, "value": 900.0, "center": [ -111.73398166264987, 40.0394426921775 ], "point_id": "F21-87769" }, "geometry": { "type": "Polygon", "coordinates": [ [ [ -111.746567, 40.041243 ], [ -111.746112, 40.03728 ], [ -111.745404, 40.036658 ], [ -111.743746, 40.035385 ], [ -111.742968, 40.034812 ], [ -111.739278, 40.031048 ], [ -111.738262, 40.029568 ], [ -111.738182, 40.029476 ], [ -111.737937, 40.029212 ], [ -111.736599, 40.029037 ], [ -111.73236, 40.029333 ], [ -111.732204, 40.029397 ], [ -111.729357, 40.030687 ], [ -111.729286, 40.030723 ], [ -111.725078, 40.034728 ], [ -111.721238, 40.038048 ], [ -111.719592, 40.039501 ], [ -111.719551, 40.039859 ], [ -111.721182, 40.041352 ], [ -111.722521, 40.042566 ], [ -111.72452, 40.044142 ], [ -111.727336, 40.046565 ], [ -111.729937, 40.048833 ], [ -111.732089, 40.049569 ], [ -111.734285, 40.050056 ], [ -111.734645, 40.050048 ], [ -111.735568, 40.049628 ], [ -111.7371, 40.048576 ], [ -111.740593, 40.045951 ], [ -111.743449, 40.043747 ], [ -111.744749, 40.042746 ], [ -111.746458, 40.041383 ], [ -111.746567, 40.041253 ], [ -111.746567, 40.041243 ] ] ] } },
{ "type": "Feature", "properties": { "group_index": 0, "value": 300.0, "center": [ -111.90063286960155, 40.59801306444581 ], "point_id": "F10-5966" }, "geometry": { "type": "Polygon", "coordinates": [ [ [ -111.902085, 40.595238 ], [ -111.902038, 40.59516 ], [ -111.900963, 40.594349 ], [ -111.900747, 40.59435 ], [ -111.900566, 40.59437 ], [ -111.899898, 40.594844 ], [ -111.898758, 40.595679 ], [ -111.897176, 40.597251 ], [ -111.89641, 40.598133 ], [ -111.896884, 40.599601 ], [ -111.898433, 40.601 ], [ -111.900987, 40.601298 ], [ -111.902694, 40.600095 ], [ -111.90293, 40.599824 ], [ -111.902085, 40.595238 ] ] ] } },
{ "type": "Feature", "properties": { "group_index": 0, "value": 600.0, "center": [ -111.90063286960155, 40.59801306444581 ], "point_id": "F10-5966" }, "geometry": { "type": "Polygon", "coordinates": [ [ [ -111.903658, 40.603434 ], [ -111.903664, 40.603221 ], [ -111.903667, 40.603037 ], [ -111.90355, 40.602389 ], [ -111.903436, 40.601776 ], [ -111.903284, 40.600974 ], [ -111.903132, 40.600171 ], [ -111.902121, 40.594417 ], [ -111.9016, 40.592965 ], [ -111.900747, 40.590854 ], [ -111.900572, 40.59057 ], [ -111.900181, 40.59077 ], [ -111.898414, 40.592102 ], [ -111.894963, 40.594847 ], [ -111.893896, 40.596163 ], [ -111.891951, 40.598836 ], [ -111.891951, 40.599196 ], [ -111.894902, 40.601743 ], [ -111.89602, 40.602753 ], [ -111.898205, 40.604585 ], [ -111.898564, 40.604566 ], [ -111.903619, 40.60365 ], [ -111.903658, 40.603434 ] ] ] } },
{ "type": "Feature", "properties": { "group_index": 0, "value": 900.0, "center": [ -111.90063286960155, 40.59801306444581 ], "point_id": "F10-5966" }, "geometry": { "type": "Polygon", "coordinates": [ [ [ -111.905141, 40.605747 ], [ -111.903132, 40.600171 ], [ -111.902121, 40.594417 ], [ -111.9016, 40.592965 ], [ -111.900747, 40.590854 ], [ -111.900572, 40.59057 ], [ -111.898716, 40.588809 ], [ -111.897771, 40.588486 ], [ -111.897411, 40.588482 ], [ -111.89619, 40.589403 ], [ -111.892228, 40.592964 ], [ -111.890612, 40.594403 ], [ -111.88702, 40.598816 ], [ -111.887018, 40.599176 ], [ -111.889016, 40.601045 ], [ -111.890233, 40.602142 ], [ -111.893141, 40.604214 ], [ -111.895206, 40.605891 ], [ -111.897716, 40.6077 ], [ -111.898076, 40.607699 ], [ -111.903781, 40.607015 ], [ -111.904141, 40.607025 ], [ -111.904356, 40.607005 ], [ -111.904709, 40.606935 ], [ -111.905141, 40.606107 ], [ -111.905141, 40.605747 ] ] ] } },
{ "type": "Feature", "properties": { "group_index": 0, "value": 300.0, "center": [ -111.81033643736187, 40.63296823817077 ], "point_id": "F17-58194" }, "geometry": { "type": "Polygon", "coordinates": [ [ [ -111.815076, 40.632589 ], [ -111.815053, 40.632332 ], [ -111.814966, 40.632246 ], [ -111.814312, 40.631766 ], [ -111.810503, 40.630427 ], [ -111.810143, 40.630428 ], [ -111.806973, 40.63099 ], [ -111.806511, 40.631269 ], [ -111.806279, 40.631545 ], [ -111.806263, 40.631565 ], [ -111.806104, 40.631888 ], [ -111.806619, 40.632437 ], [ -111.807308, 40.632984 ], [ -111.809985, 40.63441 ], [ -111.811277, 40.634259 ], [ -111.81317, 40.633824 ], [ -111.8135, 40.633745 ], [ -111.815068, 40.632881 ], [ -111.815076, 40.632589 ] ] ] } },
{ "type": "Feature", "properties": { "group_index": 0, "value": 600.0, "center": [ -111.81033643736187, 40.63296823817077 ], "point_id": "F17-58194" }, "geometry": { "type": "Polygon", "coordinates": [ [ [ -111.817915, 40.633526 ], [ -111.816532, 40.630867 ], [ -111.816486, 40.630792 ], [ -111.815241, 40.628702 ], [ -111.81141, 40.627621 ], [ -111.811061, 40.627533 ], [ -111.807927, 40.627124 ], [ -111.807567, 40.627122 ], [ -111.802803, 40.62938 ], [ -111.803288, 40.632775 ], [ -111.804031, 40.634364 ], [ -111.804642, 40.635141 ], [ -111.804915, 40.63545 ], [ -111.80575, 40.636035 ], [ -111.81075, 40.636897 ], [ -111.812269, 40.637196 ], [ -111.812622, 40.63713 ], [ -111.816841, 40.633882 ], [ -111.817914, 40.633886 ], [ -111.817915, 40.633526 ] ] ] } },
{ "type": "Feature", "properties": { "group_index": 0, "value": 900.0, "center": [ -111.81033643736187, 40.63296823817077 ], "point_id": "F17-58194" }, "geometry": { "type": "Polygon", "coordinates": [ [ [ -111.820725, 40.632432 ], [ -111.818959, 40.627133 ], [ -111.818164, 40.626169 ], [ -111.817818, 40.626072 ], [ -111.817712, 40.626083 ], [ -111.812866, 40.626397 ], [ -111.810589, 40.625429 ], [ -111.808333, 40.623857 ], [ -111.808206, 40.623758 ], [ -111.807452, 40.623753 ], [ -111.805976, 40.624897 ], [ -111.800207, 40.62635 ], [ -111.800187, 40.626391 ], [ -111.80031, 40.626725 ], [ -111.800406, 40.626988 ], [ -111.80051, 40.627268 ], [ -111.800919, 40.628752 ], [ -111.800326, 40.634281 ], [ -111.800451, 40.634424 ], [ -111.800576, 40.634567 ], [ -111.801637, 40.635036 ], [ -111.801914, 40.635137 ], [ -111.802202, 40.635216 ], [ -111.80351, 40.635502 ], [ -111.804126, 40.635627 ], [ -111.804374, 40.635682 ], [ -111.806383, 40.636295 ], [ -111.808718, 40.637489 ], [ -111.81174, 40.640787 ], [ -111.811918, 40.640955 ], [ -111.812072, 40.640956 ], [ -111.81612, 40.638676 ], [ -111.819543, 40.633881 ], [ -111.820452, 40.63354 ], [ -111.820766, 40.633364 ], [ -111.820725, 40.632432 ] ] ] } },
{ "type": "Feature", "properties": { "group_index": 0, "value": 300.0, "center": [ -111.89014334193031, 40.75863459872981 ], "point_id": "F18-64114" }, "geometry": { "type": "Polygon", "coordinates": [ [ [ -111.895089, 40.758452 ], [ -111.893187, 40.756695 ], [ -111.891169, 40.755527 ], [ -111.890809, 40.755526 ], [ -111.888434, 40.755987 ], [ -111.888323, 40.756025 ], [ -111.886869, 40.757117 ], [ -111.885711, 40.758032 ], [ -111.8854, 40.758284 ], [ -111.885199, 40.758464 ], [ -111.885186, 40.758644 ], [ -111.885186, 40.75877 ], [ -111.8852, 40.758824 ], [ -111.885848, 40.759694 ], [ -111.885917, 40.759747 ], [ -111.886539, 40.760161 ], [ -111.888111, 40.761034 ], [ -111.888272, 40.761089 ], [ -111.890717, 40.761806 ], [ -111.891077, 40.761812 ], [ -111.891203, 40.761762 ], [ -111.892227, 40.761002 ], [ -111.893729, 40.759894 ], [ -111.893925, 40.759737 ], [ -111.895089, 40.758812 ], [ -111.895089, 40.758452 ] ] ] } },
{ "type": "Feature", "properties": { "group_index": 0, "value": 600.0, "center": [ -111.89014334193031, 40.75863459872981 ], "point_id": "F18-64114" }, "geometry": { "type": "Polygon", "coordinates": [ [ [ -111.900061, 40.758634 ], [ -111.900025, 40.758459 ], [ -111.899838, 40.758281 ], [ -111.89722, 40.756108 ], [ -111.897036, 40.755959 ], [ -111.896627, 40.755626 ], [ -111.893602, 40.753371 ], [ -111.891296, 40.751762 ], [ -111.891294, 40.751763 ], [ -111.890882, 40.751764 ], [ -111.890762, 40.751765 ], [ -111.888265, 40.752426 ], [ -111.888145, 40.752492 ], [ -111.887806, 40.752682 ], [ -111.885398, 40.754407 ], [ -111.883306, 40.755904 ], [ -111.880628, 40.758147 ], [ -111.880256, 40.75846 ], [ -111.880137, 40.758641 ], [ -111.880137, 40.758686 ], [ -111.881078, 40.759849 ], [ -111.881826, 40.760671 ], [ -111.882338, 40.761203 ], [ -111.884975, 40.763059 ], [ -111.885386, 40.763294 ], [ -111.888119, 40.764758 ], [ -111.890734, 40.765554 ], [ -111.891094, 40.765556 ], [ -111.891212, 40.765502 ], [ -111.891695, 40.765186 ], [ -111.894929, 40.762978 ], [ -111.897792, 40.760671 ], [ -111.900026, 40.758819 ], [ -111.900062, 40.758743 ], [ -111.900061, 40.758634 ] ] ] } },
{ "type": "Feature", "properties": { "group_index": 0, "value": 900.0, "center": [ -111.89014334193031, 40.75863459872981 ], "point_id": "F18-64114" }, "geometry": { "type": "Polygon", "coordinates": [ [ [ -111.904972, 40.758448 ], [ -111.904784, 40.758276 ], [ -111.902012, 40.755948 ], [ -111.89952, 40.753942 ], [ -111.898145, 40.75282 ], [ -111.89347, 40.749493 ], [ -111.89127, 40.748045 ], [ -111.89091, 40.748037 ], [ -111.888269, 40.748704 ], [ -111.888139, 40.748747 ], [ -111.887035, 40.749469 ], [ -111.884889, 40.750942 ], [ -111.882131, 40.75298 ], [ -111.878401, 40.755879 ], [ -111.87573, 40.758053 ], [ -111.87531, 40.758465 ], [ -111.875257, 40.758585 ], [ -111.875262, 40.758945 ], [ -111.876887, 40.760671 ], [ -111.876966, 40.760745 ], [ -111.877199, 40.760939 ], [ -111.877288, 40.761013 ], [ -111.879852, 40.763015 ], [ -111.880046, 40.763169 ], [ -111.883003, 40.765343 ], [ -111.884313, 40.766301 ], [ -111.885561, 40.767198 ], [ -111.887686, 40.768529 ], [ -111.890829, 40.769369 ], [ -111.890914, 40.769369 ], [ -111.891182, 40.76925 ], [ -111.891467, 40.769087 ], [ -111.894334, 40.76703 ], [ -111.896757, 40.765303 ], [ -111.901245, 40.762252 ], [ -111.904972, 40.758808 ], [ -111.904972, 40.758448 ] ] ] } },
{ "type": "Feature", "properties": { "group_index": 0, "value": 300.0, "center": [ -111.88283242427427, 40.64065110701539 ], "point_id": "F21-87800" }, "geometry": { "type": "Polygon", "coordinates": [ [ [ -111.885985, 40.639398 ], [ -111.886001, 40.63926 ], [ -111.885021, 40.638326 ], [ -111.884384, 40.637847 ], [ -111.883266, 40.636983 ], [ -111.882875, 40.636746 ], [ -111.882869, 40.636746 ], [ -111.882752, 40.636825 ], [ -111.881436, 40.637729 ], [ -111.878756, 40.640753 ], [ -111.878757, 40.640943 ], [ -111.878759, 40.641132 ], [ -111.882619, 40.644479 ], [ -111.882979, 40.644485 ], [ -111.885463, 40.642873 ], [ -111.885985, 40.639398 ] ] ] } },
{ "type": "Feature", "properties": { "group_index": 0, "value": 600.0, "center": [ -111.88283242427427, 40.64065110701539 ], "point_id": "F21-87800" }, "geometry": { "type": "Polygon", "coordinates": [ [ [ -111.890399, 40.642743 ], [ -111.890069, 40.63837 ], [ -111.889198, 40.637696 ], [ -111.887945, 40.636708 ], [ -111.884135, 40.633679 ], [ -111.883674, 40.633365 ], [ -111.883531, 40.633271 ], [ -111.882142, 40.633163 ], [ -111.8815, 40.633446 ], [ -111.879957, 40.634768 ], [ -111.87743, 40.63691 ], [ -111.874864, 40.641539 ], [ -111.874863, 40.641899 ], [ -111.875404, 40.64269 ], [ -111.879409, 40.646926 ], [ -111.879654, 40.647189 ], [ -111.883005, 40.64797 ], [ -111.883251, 40.647997 ], [ -111.886787, 40.645763 ], [ -111.887562, 40.645275 ], [ -111.889796, 40.643697 ], [ -111.890327, 40.643182 ], [ -111.8904, 40.643103 ], [ -111.890399, 40.642743 ] ] ] } },
{ "type": "Feature", "properties": { "group_index": 0, "value": 900.0, "center": [ -111.88283242427427, 40.64065110701539 ], "point_id": "F21-87800" }, "geometry": { "type": "Polygon", "coordinates": [ [ [ -111.895338, 40.642747 ], [ -111.894843, 40.638386 ], [ -111.893887, 40.637536 ], [ -111.890717, 40.635054 ], [ -111.887139, 40.631959 ], [ -111.882043, 40.629759 ], [ -111.881683, 40.629759 ], [ -111.881524, 40.629784 ], [ -111.881298, 40.629854 ], [ -111.88116, 40.62993 ], [ -111.878879, 40.631279 ], [ -111.878497, 40.631561 ], [ -111.877569, 40.63231 ], [ -111.874965, 40.634536 ], [ -111.87315, 40.63688 ], [ -111.872645, 40.637563 ], [ -111.869923, 40.641562 ], [ -111.869928, 40.641922 ], [ -111.87007, 40.641984 ], [ -111.872741, 40.642662 ], [ -111.875264, 40.645241 ], [ -111.876861, 40.649349 ], [ -111.876948, 40.649698 ], [ -111.87707, 40.649739 ], [ -111.877968, 40.649989 ], [ -111.882165, 40.651207 ], [ -111.882537, 40.65123 ], [ -111.883414, 40.651173 ], [ -111.884794, 40.651002 ], [ -111.884919, 40.650927 ], [ -111.885225, 40.650737 ], [ -111.889611, 40.647849 ], [ -111.893374, 40.645467 ], [ -111.895268, 40.643194 ], [ -111.895337, 40.643107 ], [ -111.895338, 40.642747 ] ] ] } },
{ "type": "Feature", "properties": { "group_index": 0, "value": 300.0, "center": [ -111.88802820541513, 40.727912273715866 ], "point_id": "F15-47114" }, "geometry": { "type": "Polygon", "coordinates": [ [ [ -111.891265, 40.729064 ], [ -111.8899, 40.725377 ], [ -111.889779, 40.725276 ], [ -111.889211, 40.724793 ], [ -111.888971, 40.724614 ], [ -111.888225, 40.724165 ], [ -111.887865, 40.724168 ], [ -111.887018, 40.724753 ], [ -111.886108, 40.725389 ], [ -111.885479, 40.726083 ], [ -111.885351, 40.726261 ], [ -111.883966, 40.728517 ], [ -111.883965, 40.728877 ], [ -111.886071, 40.730375 ], [ -111.887768, 40.731649 ], [ -111.887838, 40.731659 ], [ -111.888198, 40.731659 ], [ -111.888328, 40.731569 ], [ -111.8891, 40.731016 ], [ -111.890317, 40.730127 ], [ -111.891124, 40.729426 ], [ -111.891266, 40.729169 ], [ -111.891265, 40.729064 ] ] ] } },
{ "type": "Feature", "properties": { "group_index": 0, "value": 600.0, "center": [ -111.88802820541513, 40.727912273715866 ], "point_id": "F15-47114" }, "geometry": { "type": "Polygon", "coordinates": [ [ [ -111.895703, 40.728564 ], [ -111.894964, 40.725538 ], [ -111.894833, 40.725362 ], [ -111.894731, 40.725257 ], [ -111.892825, 40.723673 ], [ -111.892736, 40.723597 ], [ -111.889619, 40.720861 ], [ -111.888214, 40.720439 ], [ -111.887854, 40.720438 ], [ -111.885413, 40.722175 ], [ -111.883125, 40.723892 ], [ -111.883036, 40.723962 ], [ -111.881477, 40.725159 ], [ -111.881353, 40.725257 ], [ -111.881235, 40.725354 ], [ -111.879609, 40.728 ], [ -111.87935, 40.728741 ], [ -111.879351, 40.729101 ], [ -111.881562, 40.730791 ], [ -111.885994, 40.734318 ], [ -111.887481, 40.735271 ], [ -111.887942, 40.73549 ], [ -111.888019, 40.73549 ], [ -111.888325, 40.73532 ], [ -111.888502, 40.735194 ], [ -111.888629, 40.735104 ], [ -111.889915, 40.734203 ], [ -111.890605, 40.73369 ], [ -111.892839, 40.731945 ], [ -111.894537, 40.730639 ], [ -111.895296, 40.730053 ], [ -111.895702, 40.728924 ], [ -111.895703, 40.728564 ] ] ] } },
{ "type": "Feature", "properties": { "group_index": 0, "value": 900.0, "center": [ -111.88802820541513, 40.727912273715866 ], "point_id": "F15-47114" }, "geometry": { "type": "Polygon", "coordinates": [ [ [ -111.899897, 40.725614 ], [ -111.899618, 40.724978 ], [ -111.896232, 40.72252 ], [ -111.89435, 40.720934 ], [ -111.893804, 40.720518 ], [ -111.891886, 40.719184 ], [ -111.889651, 40.717609 ], [ -111.888457, 40.716779 ], [ -111.888335, 40.716754 ], [ -111.887975, 40.716751 ], [ -111.887649, 40.716912 ], [ -111.88665, 40.717492 ], [ -111.882072, 40.720774 ], [ -111.879982, 40.722152 ], [ -111.877578, 40.724188 ], [ -111.876407, 40.72525 ], [ -111.876291, 40.725362 ], [ -111.875809, 40.727092 ], [ -111.87568, 40.727736 ], [ -111.87568, 40.728096 ], [ -111.87619, 40.730455 ], [ -111.876283, 40.73053 ], [ -111.877626, 40.731591 ], [ -111.88075, 40.734126 ], [ -111.884519, 40.736976 ], [ -111.88462, 40.737053 ], [ -111.885098, 40.737369 ], [ -111.886863, 40.738457 ], [ -111.887855, 40.739069 ], [ -111.888215, 40.739072 ], [ -111.888502, 40.738941 ], [ -111.889036, 40.738605 ], [ -111.891469, 40.736946 ], [ -111.896152, 40.73379 ], [ -111.896399, 40.731729 ], [ -111.896653, 40.730636 ], [ -111.899706, 40.725791 ], [ -111.899897, 40.725615 ], [ -111.899897, 40.725614 ] ] ] } },
{ "type": "Feature", "properties": { "group_index": 0, "value": 300.0, "center": [ -111.97694968369103, 40.694043889583305 ], "point_id": "F20-82541" }, "geometry": { "type": "Polygon", "coordinates": [ [ [ -111.979157, 40.696277 ], [ -111.978335, 40.691922 ], [ -111.977767, 40.690691 ], [ -111.977646, 40.69057 ], [ -111.977259, 40.690379 ], [ -111.976899, 40.690379 ], [ -111.975333, 40.690789 ], [ -111.973517, 40.692746 ], [ -111.973481, 40.692817 ], [ -111.973481, 40.692844 ], [ -111.97355, 40.695516 ], [ -111.975136, 40.696632 ], [ -111.976227, 40.697422 ], [ -111.976821, 40.697783 ], [ -111.977181, 40.697781 ], [ -111.979148, 40.696637 ], [ -111.979157, 40.696277 ] ] ] } },
{ "type": "Feature", "properties": { "group_index": 0, "value": 600.0, "center": [ -111.97694968369103, 40.694043889583305 ], "point_id": "F20-82541" }, "geometry": { "type": "Polygon", "coordinates": [ [ [ -111.9838, 40.696589 ], [ -111.983646, 40.696413 ], [ -111.982926, 40.695868 ], [ -111.980777, 40.691896 ], [ -111.981048, 40.689508 ], [ -111.98112, 40.689268 ], [ -111.981117, 40.688929 ], [ -111.977972, 40.686954 ], [ -111.977253, 40.686632 ], [ -111.976893, 40.686632 ], [ -111.976298, 40.686876 ], [ -111.97216, 40.690034 ], [ -111.969309, 40.692195 ], [ -111.968662, 40.692675 ], [ -111.968573, 40.692753 ], [ -111.968578, 40.693113 ], [ -111.96989, 40.69666 ], [ -111.969965, 40.696729 ], [ -111.971433, 40.697884 ], [ -111.972082, 40.698346 ], [ -111.972215, 40.698437 ], [ -111.973351, 40.69923 ], [ -111.976835, 40.701546 ], [ -111.977195, 40.701545 ], [ -111.979529, 40.700121 ], [ -111.983646, 40.696773 ], [ -111.983801, 40.696608 ], [ -111.9838, 40.696589 ] ] ] } },
{ "type": "Feature", "properties": { "group_index": 0, "value": 900.0, "center": [ -111.97694968369103, 40.694043889583305 ], "point_id": "F20-82541" }, "geometry": { "type": "Polygon", "coordinates": [ [ [ -111.988575, 40.696433 ], [ -111.987429, 40.695414 ], [ -111.986911, 40.695026 ], [ -111.986378, 40.694925 ], [ -111.986054, 40.694926 ], [ -111.982926, 40.695868 ], [ -111.980777, 40.691896 ], [ -111.98129, 40.689327 ], [ -111.981317, 40.689275 ], [ -111.981105, 40.687603 ], [ -111.981172, 40.686261 ], [ -111.981156, 40.68607 ], [ -111.981088, 40.685207 ], [ -111.979835, 40.684066 ], [ -111.977529, 40.682879 ], [ -111.977245, 40.682828 ], [ -111.977134, 40.682808 ], [ -111.976775, 40.682839 ], [ -111.974056, 40.684104 ], [ -111.973884, 40.684196 ], [ -111.96988, 40.687166 ], [ -111.967884, 40.689259 ], [ -111.963597, 40.692466 ], [ -111.963598, 40.692705 ], [ -111.963599, 40.692943 ], [ -111.963633, 40.693122 ], [ -111.964959, 40.69666 ], [ -111.965186, 40.696938 ], [ -111.967059, 40.698332 ], [ -111.970822, 40.701742 ], [ -111.971752, 40.702462 ], [ -111.976822, 40.705257 ], [ -111.977082, 40.705354 ], [ -111.977442, 40.705351 ], [ -111.978394, 40.704748 ], [ -111.979388, 40.703749 ], [ -111.979544, 40.70358 ], [ -111.979544, 40.703561 ], [ -111.981075, 40.699251 ], [ -111.986063, 40.698456 ], [ -111.986423, 40.698452 ], [ -111.987163, 40.697937 ], [ -111.987476, 40.697721 ], [ -111.988576, 40.696793 ], [ -111.988575, 40.696433 ] ] ] } },
{ "type": "Feature", "properties": { "group_index": 0, "value": 300.0, "center": [ -111.92302526389061, 40.69977021118858 ], "point_id": "F15-43097" }, "geometry": { "type": "Polygon", "coordinates": [ [ [ -111.928513, 40.699296 ], [ -111.925913, 40.697884 ], [ -111.921744, 40.696591 ], [ -111.921443, 40.696788 ], [ -111.918334, 40.699379 ], [ -111.918333, 40.699739 ], [ -111.919753, 40.701174 ], [ -111.920676, 40.701883 ], [ -111.922594, 40.703222 ], [ -111.922953, 40.703206 ], [ -111.925573, 40.702135 ], [ -111.928536, 40.699656 ], [ -111.928513, 40.699296 ] ] ] } },
{ "type": "Feature", "properties": { "group_index": 0, "value": 600.0, "center": [ -111.92302526389061, 40.69977021118858 ], "point_id": "F15-43097" }, "geometry": { "type": "Polygon", "coordinates": [ [ [ -111.932324, 40.698469 ], [ -111.932146, 40.698156 ], [ -111.93199, 40.698028 ], [ -111.927868, 40.69474 ], [ -111.922281, 40.69356 ], [ -111.919633, 40.694692 ], [ -111.91759, 40.696021 ], [ -111.913458, 40.699083 ], [ -111.913422, 40.699181 ], [ -111.913374, 40.699395 ], [ -111.91332, 40.699751 ], [ -111.916661, 40.702539 ], [ -111.916941, 40.702768 ], [ -111.921269, 40.706321 ], [ -111.922106, 40.707067 ], [ -111.922458, 40.706994 ], [ -111.923185, 40.706727 ], [ -111.923296, 40.706461 ], [ -111.927799, 40.703397 ], [ -111.929282, 40.703558 ], [ -111.930243, 40.702867 ], [ -111.931307, 40.701879 ], [ -111.931521, 40.70159 ], [ -111.932304, 40.699641 ], [ -111.932324, 40.698469 ] ] ] } },
{ "type": "Feature", "properties": { "group_index": 0, "value": 900.0, "center": [ -111.92302526389061, 40.69977021118858 ], "point_id": "F15-43097" }, "geometry": { "type": "Polygon", "coordinates": [ [ [ -111.936651, 40.697737 ], [ -111.936654, 40.697476 ], [ -111.93665, 40.696883 ], [ -111.936647, 40.696813 ], [ -111.936584, 40.696527 ], [ -111.936575, 40.69649 ], [ -111.935003, 40.695495 ], [ -111.930931, 40.692598 ], [ -111.930233, 40.691764 ], [ -111.929584, 40.691138 ], [ -111.929224, 40.691138 ], [ -111.926435, 40.691655 ], [ -111.921011, 40.690544 ], [ -111.916975, 40.692538 ], [ -111.916913, 40.692588 ], [ -111.915409, 40.693792 ], [ -111.913211, 40.695693 ], [ -111.911134, 40.697511 ], [ -111.907325, 40.699786 ], [ -111.907315, 40.700146 ], [ -111.908014, 40.700164 ], [ -111.913007, 40.702504 ], [ -111.915025, 40.705271 ], [ -111.915091, 40.705358 ], [ -111.915176, 40.705424 ], [ -111.916755, 40.706367 ], [ -111.921816, 40.709136 ], [ -111.922228, 40.709448 ], [ -111.922748, 40.709852 ], [ -111.924027, 40.709925 ], [ -111.924766, 40.709968 ], [ -111.925126, 40.70997 ], [ -111.925174, 40.709506 ], [ -111.924219, 40.70787 ], [ -111.927799, 40.703397 ], [ -111.929892, 40.703965 ], [ -111.933021, 40.705016 ], [ -111.933246, 40.705018 ], [ -111.934607, 40.70425 ], [ -111.934752, 40.704024 ], [ -111.936553, 40.700505 ], [ -111.936651, 40.697737 ] ] ] } },
{ "type": "Feature", "properties": { "group_index": 0, "value": 300.0, "center": [ -111.97426095070321, 41.191627907399926 ], "point_id": "F10-26983" }, "geometry": { "type": "Polygon", "coordinates": [ [ [ -111.978074, 41.19355 ], [ -111.977955, 41.193056 ], [ -111.977727, 41.192562 ], [ -111.976205, 41.190661 ], [ -111.973843, 41.188316 ], [ -111.971225, 41.188895 ], [ -111.969743, 41.190364 ], [ -111.96975, 41.190724 ], [ -111.970488, 41.192076 ], [ -111.97149, 41.192941 ], [ -111.972999, 41.194134 ], [ -111.975921, 41.194551 ], [ -111.977384, 41.194386 ], [ -111.977754, 41.194341 ], [ -111.978023, 41.194066 ], [ -111.978074, 41.19355 ] ] ] } },
{ "type": "Feature", "properties": { "group_index": 0, "value": 600.0, "center": [ -111.97426095070321, 41.191627907399926 ], "point_id": "F10-26983" }, "geometry": { "type": "Polygon", "coordinates": [ [ [ -111.981803, 41.193207 ], [ -111.981803, 41.192847 ], [ -111.981178, 41.19094 ], [ -111.981109, 41.190753 ], [ -111.980861, 41.190492 ], [ -111.977567, 41.18724 ], [ -111.977382, 41.187247 ], [ -111.971659, 41.185554 ], [ -111.971299, 41.185546 ], [ -111.967857, 41.187735 ], [ -111.964824, 41.190219 ], [ -111.964769, 41.190329 ], [ -111.964769, 41.190689 ], [ -111.96551, 41.192003 ], [ -111.967868, 41.194008 ], [ -111.971065, 41.196558 ], [ -111.971457, 41.196786 ], [ -111.974109, 41.19751 ], [ -111.976592, 41.198035 ], [ -111.976616, 41.198035 ], [ -111.979609, 41.197072 ], [ -111.980438, 41.196678 ], [ -111.980506, 41.196582 ], [ -111.980941, 41.195914 ], [ -111.981599, 41.194715 ], [ -111.981803, 41.193207 ] ] ] } },
{ "type": "Feature", "properties": { "group_index": 0, "value": 900.0, "center": [ -111.97426095070321, 41.191627907399926 ], "point_id": "F10-26983" }, "geometry": { "type": "Polygon", "coordinates": [ [ [ -111.986009, 41.193222 ], [ -111.986023, 41.193029 ], [ -111.985448, 41.191257 ], [ -111.9842, 41.187762 ], [ -111.983953, 41.1875 ], [ -111.981636, 41.186665 ], [ -111.981086, 41.186454 ], [ -111.980742, 41.186413 ], [ -111.975101, 41.184395 ], [ -111.974426, 41.183119 ], [ -111.971746, 41.181748 ], [ -111.971386, 41.181736 ], [ -111.968103, 41.183837 ], [ -111.965488, 41.185756 ], [ -111.962689, 41.187825 ], [ -111.960132, 41.189517 ], [ -111.959914, 41.189804 ], [ -111.960378, 41.190898 ], [ -111.96143, 41.192306 ], [ -111.96289, 41.193914 ], [ -111.96541, 41.195937 ], [ -111.968102, 41.198333 ], [ -111.970918, 41.200287 ], [ -111.971273, 41.200407 ], [ -111.973762, 41.201103 ], [ -111.976339, 41.201606 ], [ -111.976699, 41.201615 ], [ -111.979512, 41.200819 ], [ -111.979876, 41.200636 ], [ -111.982849, 41.198813 ], [ -111.983881, 41.198078 ], [ -111.985995, 41.193416 ], [ -111.986009, 41.193222 ] ] ] } },
{ "type": "Feature", "properties": { "group_index": 0, "value": 300.0, "center": [ -111.9971246109382, 40.718314292956784 ], "point_id": "F17-56718" }, "geometry": { "type": "Polygon", "coordinates": [ [ [ -111.998711, 40.717934 ], [ -111.997577, 40.715651 ], [ -111.997361, 40.715364 ], [ -111.993907, 40.716963 ], [ -111.992852, 40.718215 ], [ -111.992844, 40.718575 ], [ -111.993815, 40.719292 ], [ -111.994947, 40.719919 ], [ -111.995556, 40.719938 ], [ -111.998549, 40.719945 ], [ -111.998886, 40.719964 ], [ -111.999013, 40.719897 ], [ -111.999106, 40.719845 ], [ -111.998711, 40.717934 ] ] ] } },
{ "type": "Feature", "properties": { "group_index": 0, "value": 600.0, "center": [ -111.9971246109382, 40.718314292956784 ], "point_id": "F17-56718" }, "geometry": { "type": "Polygon", "coordinates": [ [ [ -112.002751, 40.716634 ], [ -111.999533, 40.712399 ], [ -111.999173, 40.7124 ], [ -111.996583, 40.71579 ], [ -111.993322, 40.7166 ], [ -111.993133, 40.716604 ], [ -111.992857, 40.716625 ], [ -111.992468, 40.716651 ], [ -111.99123, 40.716791 ], [ -111.990904, 40.716859 ], [ -111.990266, 40.716979 ], [ -111.989721, 40.717069 ], [ -111.989612, 40.71711 ], [ -111.988798, 40.717463 ], [ -111.988079, 40.718026 ], [ -111.98821, 40.718361 ], [ -111.992537, 40.722198 ], [ -111.993819, 40.723091 ], [ -111.993988, 40.723091 ], [ -111.994168, 40.723039 ], [ -111.996203, 40.722166 ], [ -112.000554, 40.720902 ], [ -112.002968, 40.716921 ], [ -112.002751, 40.716634 ] ] ] } },
{ "type": "Feature", "properties": { "group_index": 0, "value": 900.0, "center": [ -111.9971246109382, 40.718314292956784 ], "point_id": "F17-56718" }, "geometry": { "type": "Polygon", "coordinates": [ [ [ -112.004976, 40.71535 ], [ -112.005039, 40.714803 ], [ -112.005027, 40.714735 ], [ -112.004899, 40.714352 ], [ -112.004781, 40.714091 ], [ -112.000538, 40.710053 ], [ -112.000525, 40.709769 ], [ -112.000439, 40.709551 ], [ -112.000333, 40.709362 ], [ -112.000227, 40.709174 ], [ -111.998991, 40.709007 ], [ -111.998951, 40.70909 ], [ -111.998923, 40.70923 ], [ -111.998915, 40.709664 ], [ -111.998905, 40.710155 ], [ -111.99876, 40.711442 ], [ -111.998762, 40.711563 ], [ -111.996583, 40.71579 ], [ -111.992246, 40.715543 ], [ -111.990588, 40.714813 ], [ -111.988743, 40.713647 ], [ -111.988396, 40.713744 ], [ -111.984075, 40.717516 ], [ -111.983346, 40.718165 ], [ -111.983346, 40.718525 ], [ -111.986521, 40.72089 ], [ -111.986881, 40.720893 ], [ -111.991874, 40.722271 ], [ -111.991965, 40.725095 ], [ -111.991966, 40.725455 ], [ -111.992135, 40.725674 ], [ -111.992544, 40.72569 ], [ -111.992953, 40.725705 ], [ -111.993474, 40.725715 ], [ -111.993992, 40.725725 ], [ -111.993995, 40.725725 ], [ -111.994814, 40.725729 ], [ -111.995633, 40.725732 ], [ -111.995634, 40.725372 ], [ -111.996203, 40.722166 ], [ -112.00035, 40.720922 ], [ -112.000554, 40.720902 ], [ -112.004154, 40.716415 ], [ -112.004781, 40.715863 ], [ -112.004863, 40.715763 ], [ -112.004976, 40.71535 ] ] ] } },
{ "type": "Feature", "properties": { "group_index": 0, "value": 300.0, "center": [ -112.02724824772383, 41.11798895718682 ], "point_id": "F19-71722" }, "geometry": { "type": "Polygon", "coordinates": [ [ [ -112.032147, 41.118202 ], [ -112.032147, 41.117842 ], [ -112.027633, 41.115854 ], [ -112.026371, 41.114758 ], [ -112.026012, 41.114792 ], [ -112.023706, 41.116581 ], [ -112.022256, 41.117819 ], [ -112.022257, 41.118179 ], [ -112.022533, 41.118421 ], [ -112.025598, 41.120788 ], [ -112.026039, 41.120978 ], [ -112.026399, 41.120976 ], [ -112.03169, 41.11945 ], [ -112.031958, 41.119209 ], [ -112.032147, 41.118202 ] ] ] } },
{ "type": "Feature", "properties": { "group_index": 0, "value": 600.0, "center": [ -112.02724824772383, 41.11798895718682 ], "point_id": "F19-71722" }, "geometry": { "type": "Polygon", "coordinates": [ [ [ -112.037089, 41.117815 ], [ -112.035842, 41.116742 ], [ -112.035633, 41.116588 ], [ -112.033086, 41.114957 ], [ -112.02907, 41.112543 ], [ -112.02622, 41.111572 ], [ -112.024472, 41.111534 ], [ -112.024321, 41.111593 ], [ -112.024067, 41.111848 ], [ -112.023965, 41.111957 ], [ -112.022382, 41.113735 ], [ -112.017958, 41.116966 ], [ -112.017709, 41.117225 ], [ -112.017905, 41.118065 ], [ -112.021862, 41.121094 ], [ -112.02401, 41.123503 ], [ -112.024139, 41.123591 ], [ -112.025849, 41.124665 ], [ -112.026222, 41.124857 ], [ -112.026279, 41.124856 ], [ -112.026471, 41.124706 ], [ -112.026961, 41.124302 ], [ -112.03057, 41.122405 ], [ -112.03351, 41.122177 ], [ -112.033851, 41.122061 ], [ -112.037032, 41.118248 ], [ -112.037089, 41.118175 ], [ -112.037089, 41.117815 ] ] ] } },
{ "type": "Feature", "properties": { "group_index": 0, "value": 900.0, "center": [ -112.02724824772383, 41.11798895718682 ], "point_id": "F19-71722" }, "geometry": { "type": "Polygon", "coordinates": [ [ [ -112.042007, 41.118258 ], [ -112.042007, 41.117898 ], [ -112.040704, 41.116809 ], [ -112.040456, 41.116666 ], [ -112.037401, 41.115603 ], [ -112.033851, 41.112858 ], [ -112.032682, 41.11064 ], [ -112.032544, 41.110256 ], [ -112.029447, 41.1102 ], [ -112.024499, 41.108816 ], [ -112.021231, 41.108342 ], [ -112.020978, 41.108599 ], [ -112.019793, 41.110652 ], [ -112.015137, 41.11413 ], [ -112.014874, 41.114376 ], [ -112.015474, 41.115015 ], [ -112.016073, 41.115654 ], [ -112.017905, 41.118065 ], [ -112.019451, 41.123602 ], [ -112.019454, 41.123962 ], [ -112.019559, 41.124124 ], [ -112.021421, 41.12437 ], [ -112.021631, 41.124393 ], [ -112.025857, 41.128411 ], [ -112.026069, 41.128434 ], [ -112.026429, 41.128443 ], [ -112.029123, 41.127041 ], [ -112.034321, 41.12443 ], [ -112.038553, 41.121037 ], [ -112.041067, 41.121233 ], [ -112.041353, 41.121015 ], [ -112.042007, 41.118258 ] ] ] } },
{ "type": "Feature", "properties": { "group_index": 0, "value": 300.0, "center": [ -111.99177455283106, 41.24562959392015 ], "point_id": "F10-28807" }, "geometry": { "type": "Polygon", "coordinates": [ [ [ -111.996759, 41.245474 ], [ -111.994579, 41.24373 ], [ -111.990989, 41.243665 ], [ -111.990759, 41.243661 ], [ -111.989893, 41.243838 ], [ -111.988457, 41.244201 ], [ -111.988312, 41.244378 ], [ -111.988311, 41.244406 ], [ -111.98981, 41.24809 ], [ -111.991141, 41.248965 ], [ -111.991501, 41.248972 ], [ -111.994079, 41.247773 ], [ -111.994621, 41.247431 ], [ -111.995311, 41.246956 ], [ -111.996757, 41.245834 ], [ -111.996759, 41.245474 ] ] ] } },
{ "type": "Feature", "properties": { "group_index": 0, "value": 600.0, "center": [ -111.99177455283106, 41.24562959392015 ], "point_id": "F10-28807" }, "geometry": { "type": "Polygon", "coordinates": [ [ [ -112.000188, 41.244708 ], [ -112.000193, 41.244348 ], [ -111.998927, 41.2442 ], [ -111.99457, 41.241281 ], [ -111.993778, 41.240806 ], [ -111.993457, 41.240642 ], [ -111.989776, 41.240394 ], [ -111.989416, 41.240394 ], [ -111.984385, 41.243508 ], [ -111.983474, 41.244134 ], [ -111.983457, 41.244266 ], [ -111.983444, 41.244625 ], [ -111.984356, 41.245134 ], [ -111.988085, 41.248007 ], [ -111.989757, 41.251837 ], [ -111.990117, 41.251844 ], [ -111.995762, 41.251236 ], [ -111.996043, 41.25101 ], [ -111.999267, 41.248058 ], [ -112.000188, 41.244708 ] ] ] } },
{ "type": "Feature", "properties": { "group_index": 0, "value": 900.0, "center": [ -111.99177455283106, 41.24562959392015 ], "point_id": "F10-28807" }, "geometry": { "type": "Polygon", "coordinates": [ [ [ -112.005267, 41.244613 ], [ -112.005267, 41.244613 ], [ -112.005275, 41.24455 ], [ -112.005176, 41.24441 ], [ -112.003242, 41.242698 ], [ -112.00256, 41.242754 ], [ -112.001591, 41.242925 ], [ -111.998927, 41.2442 ], [ -111.995549, 41.241513 ], [ -111.994791, 41.240717 ], [ -111.992285, 41.240129 ], [ -111.989525, 41.23734 ], [ -111.98938, 41.237015 ], [ -111.989051, 41.237161 ], [ -111.984474, 41.239761 ], [ -111.98191, 41.241244 ], [ -111.978578, 41.24391 ], [ -111.978506, 41.244015 ], [ -111.9785, 41.244159 ], [ -111.978502, 41.244519 ], [ -111.978601, 41.244598 ], [ -111.979097, 41.24493 ], [ -111.980229, 41.245571 ], [ -111.980337, 41.245621 ], [ -111.980789, 41.245775 ], [ -111.985193, 41.248326 ], [ -111.986039, 41.249623 ], [ -111.986512, 41.250467 ], [ -111.987681, 41.251736 ], [ -111.990089, 41.255405 ], [ -111.990357, 41.255646 ], [ -111.990813, 41.255865 ], [ -111.990995, 41.255554 ], [ -111.992389, 41.253703 ], [ -111.997581, 41.254479 ], [ -111.997925, 41.254372 ], [ -111.998058, 41.254316 ], [ -111.999407, 41.249027 ], [ -112.003605, 41.245769 ], [ -112.005171, 41.24477 ], [ -112.005258, 41.244677 ], [ -112.005267, 41.244613 ] ] ] } },
{ "type": "Feature", "properties": { "group_index": 0, "value": 300.0, "center": [ -111.86279462047085, 40.72458543160377 ], "point_id": "F10-3632" }, "geometry": { "type": "Polygon", "coordinates": [ [ [ -111.86691, 40.724286 ], [ -111.866911, 40.723926 ], [ -111.866241, 40.723212 ], [ -111.865494, 40.72265 ], [ -111.861576, 40.721822 ], [ -111.861217, 40.721856 ], [ -111.860979, 40.721921 ], [ -111.860489, 40.72212 ], [ -111.859394, 40.723073 ], [ -111.858833, 40.723873 ], [ -111.858749, 40.725234 ], [ -111.85875, 40.725309 ], [ -111.858858, 40.725612 ], [ -111.860965, 40.727209 ], [ -111.862203, 40.728043 ], [ -111.862563, 40.728046 ], [ -111.862661, 40.728001 ], [ -111.86421, 40.727275 ], [ -111.865578, 40.726499 ], [ -111.866615, 40.725642 ], [ -111.866765, 40.725508 ], [ -111.86691, 40.724286 ] ] ] } },
{ "type": "Feature", "properties": { "group_index": 0, "value": 600.0, "center": [ -111.86279462047085, 40.72458543160377 ], "point_id": "F10-3632" }, "geometry": { "type": "Polygon", "coordinates": [ [ [ -111.87171, 40.725124 ], [ -111.870565, 40.722772 ], [ -111.870437, 40.722622 ], [ -111.869568, 40.721947 ], [ -111.866557, 40.719637 ], [ -111.86559, 40.718968 ], [ -111.865488, 40.718919 ], [ -111.865128, 40.718916 ], [ -111.861097, 40.720119 ], [ -111.857749, 40.7198 ], [ -111.857377, 40.719924 ], [ -111.856192, 40.721022 ], [ -111.854407, 40.723098 ], [ -111.853827, 40.725182 ], [ -111.853819, 40.725475 ], [ -111.853819, 40.725517 ], [ -111.853947, 40.725659 ], [ -111.855691, 40.727248 ], [ -111.860487, 40.730709 ], [ -111.862227, 40.731788 ], [ -111.862583, 40.731833 ], [ -111.86264, 40.731833 ], [ -111.863953, 40.731149 ], [ -111.86542, 40.730307 ], [ -111.86585, 40.730046 ], [ -111.868577, 40.728008 ], [ -111.871132, 40.726023 ], [ -111.871593, 40.725656 ], [ -111.871713, 40.725484 ], [ -111.87171, 40.725124 ] ] ] } },
{ "type": "Feature", "properties": { "group_index": 0, "value": 900.0, "center": [ -111.86279462047085, 40.72458543160377 ], "point_id": "F10-3632" }, "geometry": { "type": "Polygon", "coordinates": [ [ [ -111.876615, 40.725161 ], [ -111.875687, 40.722183 ], [ -111.872009, 40.719826 ], [ -111.869565, 40.718172 ], [ -111.866269, 40.715655 ], [ -111.865518, 40.715101 ], [ -111.865158, 40.715097 ], [ -111.865149, 40.716104 ], [ -111.859262, 40.717196 ], [ -111.858696, 40.71667 ], [ -111.858465, 40.716541 ], [ -111.858035, 40.716334 ], [ -111.856561, 40.716161 ], [ -111.856438, 40.71616 ], [ -111.8562, 40.71624 ], [ -111.856115, 40.716312 ], [ -111.855234, 40.717144 ], [ -111.85116, 40.720743 ], [ -111.850972, 40.72105 ], [ -111.848528, 40.725528 ], [ -111.848525, 40.725888 ], [ -111.85226, 40.728449 ], [ -111.853638, 40.729417 ], [ -111.857417, 40.732861 ], [ -111.859354, 40.733895 ], [ -111.8623, 40.735481 ], [ -111.86266, 40.735481 ], [ -111.862764, 40.735445 ], [ -111.865687, 40.73393 ], [ -111.865868, 40.733792 ], [ -111.868111, 40.732107 ], [ -111.870213, 40.730533 ], [ -111.87145, 40.729578 ], [ -111.872581, 40.728719 ], [ -111.87377, 40.727786 ], [ -111.876448, 40.725722 ], [ -111.876584, 40.725609 ], [ -111.876647, 40.725519 ], [ -111.876615, 40.725161 ] ] ] } },
{ "type": "Feature", "properties": { "group_index": 0, "value": 300.0, "center": [ -111.8915707084293, 40.582260736963455 ], "point_id": "F10-3861" }, "geometry": { "type": "Polygon", "coordinates": [ [ [ -111.893255, 40.580789 ], [ -111.893264, 40.580429 ], [ -111.891144, 40.578947 ], [ -111.890784, 40.578954 ], [ -111.889161, 40.580057 ], [ -111.888978, 40.58025 ], [ -111.888714, 40.580529 ], [ -111.888715, 40.580889 ], [ -111.889278, 40.583465 ], [ -111.889404, 40.583803 ], [ -111.889794, 40.584437 ], [ -111.890607, 40.585484 ], [ -111.890777, 40.585601 ], [ -111.890951, 40.585634 ], [ -111.891253, 40.585645 ], [ -111.891555, 40.585657 ], [ -111.892969, 40.584273 ], [ -111.893255, 40.580789 ] ] ] } },
{ "type": "Feature", "properties": { "group_index": 0, "value": 600.0, "center": [ -111.8915707084293, 40.582260736963455 ], "point_id": "F10-3861" }, "geometry": { "type": "Polygon", "coordinates": [ [ [ -111.898191, 40.580494 ], [ -111.897634, 40.57995 ], [ -111.897359, 40.579719 ], [ -111.892874, 40.576244 ], [ -111.892623, 40.575985 ], [ -111.890985, 40.575057 ], [ -111.890941, 40.575057 ], [ -111.890498, 40.575383 ], [ -111.88559, 40.578411 ], [ -111.883941, 40.580324 ], [ -111.88378, 40.580569 ], [ -111.883782, 40.580929 ], [ -111.886125, 40.585215 ], [ -111.889093, 40.588184 ], [ -111.889416, 40.588427 ], [ -111.890251, 40.589028 ], [ -111.890759, 40.589349 ], [ -111.891119, 40.589349 ], [ -111.891782, 40.588889 ], [ -111.892294, 40.588532 ], [ -111.892571, 40.588329 ], [ -111.892742, 40.588178 ], [ -111.892971, 40.587811 ], [ -111.895954, 40.582707 ], [ -111.898191, 40.580854 ], [ -111.898191, 40.580494 ] ] ] } },
{ "type": "Feature", "properties": { "group_index": 0, "value": 900.0, "center": [ -111.8915707084293, 40.582260736963455 ], "point_id": "F10-3861" }, "geometry": { "type": "Polygon", "coordinates": [ [ [ -111.8995, 40.583349 ], [ -111.899694, 40.579623 ], [ -111.899692, 40.579087 ], [ -111.89969, 40.578545 ], [ -111.899674, 40.578155 ], [ -111.899659, 40.577765 ], [ -111.897384, 40.575422 ], [ -111.89427, 40.57357 ], [ -111.891168, 40.571298 ], [ -111.890808, 40.5713 ], [ -111.890166, 40.571616 ], [ -111.88542, 40.574206 ], [ -111.883437, 40.576459 ], [ -111.882867, 40.577087 ], [ -111.878944, 40.580495 ], [ -111.878855, 40.580605 ], [ -111.878855, 40.580675 ], [ -111.878942, 40.580855 ], [ -111.881575, 40.583261 ], [ -111.884204, 40.58831 ], [ -111.884317, 40.588445 ], [ -111.885198, 40.589136 ], [ -111.885519, 40.589364 ], [ -111.888043, 40.591158 ], [ -111.890639, 40.593089 ], [ -111.891049, 40.593091 ], [ -111.893005, 40.59186 ], [ -111.893915, 40.591124 ], [ -111.896262, 40.589277 ], [ -111.897507, 40.588302 ], [ -111.897682, 40.588132 ], [ -111.899488, 40.583552 ], [ -111.8995, 40.583349 ] ] ] } },
{ "type": "Feature", "properties": { "group_index": 0, "value": 300.0, "center": [ -111.88341255195847, 40.500389269812466 ], "point_id": "F12-32394" }, "geometry": { "type": "Polygon", "coordinates": [ [ [ -111.887892, 40.500517 ], [ -111.886913, 40.498995 ], [ -111.88484, 40.49757 ], [ -111.88482, 40.49757 ], [ -111.883203, 40.497815 ], [ -111.882222, 40.497963 ], [ -111.878957, 40.500501 ], [ -111.878957, 40.500861 ], [ -111.881045, 40.502756 ], [ -111.881646, 40.502891 ], [ -111.882006, 40.50289 ], [ -111.886185, 40.502222 ], [ -111.886421, 40.502043 ], [ -111.886679, 40.501847 ], [ -111.887135, 40.501497 ], [ -111.887893, 40.500877 ], [ -111.887892, 40.500517 ] ] ] } },
{ "type": "Feature", "properties": { "group_index": 0, "value": 600.0, "center": [ -111.88341255195847, 40.500389269812466 ], "point_id": "F12-32394" }, "geometry": { "type": "Polygon", "coordinates": [ [ [ -111.890439, 40.501938 ], [ -111.890864, 40.499383 ], [ -111.890866, 40.498955 ], [ -111.890867, 40.498527 ], [ -111.88743, 40.495356 ], [ -111.884656, 40.494181 ], [ -111.883101, 40.494347 ], [ -111.882979, 40.494429 ], [ -111.881234, 40.496067 ], [ -111.877704, 40.497767 ], [ -111.876875, 40.498373 ], [ -111.875184, 40.499614 ], [ -111.874029, 40.500494 ], [ -111.874029, 40.500854 ], [ -111.874272, 40.501275 ], [ -111.875213, 40.501839 ], [ -111.875573, 40.501836 ], [ -111.880093, 40.505403 ], [ -111.880189, 40.505488 ], [ -111.881629, 40.506645 ], [ -111.881802, 40.506758 ], [ -111.88188, 40.50676 ], [ -111.885507, 40.505347 ], [ -111.885662, 40.505271 ], [ -111.890095, 40.50316 ], [ -111.890162, 40.502978 ], [ -111.890439, 40.501938 ] ] ] } },
{ "type": "Feature", "properties": { "group_index": 0, "value": 900.0, "center": [ -111.88341255195847, 40.500389269812466 ], "point_id": "F12-32394" }, "geometry": { "type": "Polygon", "coordinates": [ [ [ -111.890439, 40.501938 ], [ -111.890864, 40.499383 ], [ -111.890866, 40.498955 ], [ -111.890867, 40.498527 ], [ -111.890818, 40.495521 ], [ -111.890795, 40.495035 ], [ -111.890773, 40.494549 ], [ -111.889477, 40.492792 ], [ -111.888695, 40.492349 ], [ -111.88489, 40.491376 ], [ -111.881916, 40.490928 ], [ -111.881563, 40.491001 ], [ -111.877313, 40.494708 ], [ -111.876349, 40.495886 ], [ -111.872305, 40.49807 ], [ -111.872266, 40.498082 ], [ -111.869101, 40.50049 ], [ -111.869101, 40.50085 ], [ -111.870554, 40.502154 ], [ -111.875027, 40.506013 ], [ -111.878452, 40.507939 ], [ -111.881331, 40.510165 ], [ -111.881612, 40.510335 ], [ -111.881972, 40.510335 ], [ -111.885866, 40.509027 ], [ -111.886138, 40.508901 ], [ -111.88696, 40.507953 ], [ -111.890095, 40.50316 ], [ -111.890162, 40.502978 ], [ -111.890439, 40.501938 ] ] ] } },
{ "type": "Feature", "properties": { "group_index": 0, "value": 300.0, "center": [ -111.95008792416336, 41.20083746095213 ], "point_id": "F21-87807" }, "geometry": { "type": "Polygon", "coordinates": [ [ [ -111.954189, 41.20147 ], [ -111.953293, 41.199346 ], [ -111.951696, 41.198145 ], [ -111.95034, 41.197095 ], [ -111.94998, 41.197091 ], [ -111.949475, 41.19741 ], [ -111.948707, 41.198014 ], [ -111.948703, 41.198125 ], [ -111.94859, 41.201017 ], [ -111.948589, 41.201072 ], [ -111.951201, 41.203677 ], [ -111.951561, 41.203687 ], [ -111.951899, 41.20356 ], [ -111.954184, 41.20183 ], [ -111.954189, 41.20147 ] ] ] } },
{ "type": "Feature", "properties": { "group_index": 0, "value": 600.0, "center": [ -111.95008792416336, 41.20083746095213 ], "point_id": "F21-87807" }, "geometry": { "type": "Polygon", "coordinates": [ [ [ -111.957158, 41.200533 ], [ -111.957265, 41.198984 ], [ -111.957269, 41.198624 ], [ -111.954891, 41.196555 ], [ -111.951767, 41.194384 ], [ -111.950407, 41.194046 ], [ -111.950047, 41.194036 ], [ -111.94874, 41.194149 ], [ -111.94856, 41.194212 ], [ -111.947921, 41.194582 ], [ -111.947846, 41.194637 ], [ -111.944453, 41.197265 ], [ -111.944449, 41.197625 ], [ -111.946475, 41.202997 ], [ -111.946476, 41.203357 ], [ -111.949067, 41.205929 ], [ -111.949765, 41.206425 ], [ -111.953372, 41.206631 ], [ -111.953507, 41.206594 ], [ -111.954841, 41.206015 ], [ -111.956342, 41.203942 ], [ -111.957158, 41.200533 ] ] ] } },
{ "type": "Feature", "properties": { "group_index": 0, "value": 900.0, "center": [ -111.95008792416336, 41.20083746095213 ], "point_id": "F21-87807" }, "geometry": { "type": "Polygon", "coordinates": [ [ [ -111.96052, 41.203379 ], [ -111.96097, 41.199896 ], [ -111.961012, 41.199077 ], [ -111.961023, 41.197491 ], [ -111.959362, 41.196249 ], [ -111.957287, 41.194791 ], [ -111.953603, 41.191866 ], [ -111.949031, 41.190479 ], [ -111.948672, 41.190469 ], [ -111.948037, 41.190719 ], [ -111.945604, 41.191825 ], [ -111.945455, 41.191896 ], [ -111.944404, 41.192987 ], [ -111.940874, 41.196186 ], [ -111.939473, 41.197211 ], [ -111.939469, 41.197571 ], [ -111.942474, 41.202666 ], [ -111.942981, 41.203751 ], [ -111.944087, 41.20586 ], [ -111.946579, 41.207981 ], [ -111.946677, 41.208063 ], [ -111.94829, 41.209263 ], [ -111.94966, 41.21022 ], [ -111.949978, 41.210227 ], [ -111.950374, 41.210232 ], [ -111.950771, 41.210237 ], [ -111.953994, 41.210059 ], [ -111.956863, 41.208857 ], [ -111.9579, 41.208361 ], [ -111.957964, 41.208323 ], [ -111.959821, 41.20608 ], [ -111.96052, 41.203379 ] ] ] } },
{ "type": "Feature", "properties": { "group_index": 0, "value": 300.0, "center": [ -111.95343172139503, 41.24277404374919 ], "point_id": "F21-87808" }, "geometry": { "type": "Polygon", "coordinates": [ [ [ -111.957142, 41.24395 ], [ -111.955976, 41.241128 ], [ -111.953571, 41.239311 ], [ -111.953179, 41.239072 ], [ -111.952819, 41.239064 ], [ -111.951624, 41.239869 ], [ -111.949816, 41.241553 ], [ -111.949828, 41.244012 ], [ -111.95348, 41.246326 ], [ -111.954286, 41.246887 ], [ -111.954412, 41.246813 ], [ -111.956978, 41.244194 ], [ -111.957141, 41.244016 ], [ -111.957142, 41.24395 ] ] ] } },
{ "type": "Feature", "properties": { "group_index": 0, "value": 600.0, "center": [ -111.95343172139503, 41.24277404374919 ], "point_id": "F21-87808" }, "geometry": { "type": "Polygon", "coordinates": [ [ [ -111.961965, 41.24389 ], [ -111.959422, 41.239483 ], [ -111.958152, 41.238436 ], [ -111.954931, 41.235798 ], [ -111.954677, 41.235767 ], [ -111.954299, 41.235749 ], [ -111.952818, 41.236014 ], [ -111.9522, 41.236292 ], [ -111.949666, 41.237736 ], [ -111.948932, 41.238205 ], [ -111.947429, 41.239434 ], [ -111.945863, 41.241816 ], [ -111.945666, 41.242117 ], [ -111.945776, 41.242502 ], [ -111.946672, 41.244429 ], [ -111.947043, 41.244607 ], [ -111.947237, 41.244611 ], [ -111.947922, 41.244444 ], [ -111.950424, 41.24471 ], [ -111.952754, 41.248536 ], [ -111.954507, 41.250208 ], [ -111.954856, 41.250299 ], [ -111.955591, 41.249688 ], [ -111.957835, 41.247231 ], [ -111.960182, 41.245632 ], [ -111.961463, 41.244673 ], [ -111.961961, 41.24425 ], [ -111.961965, 41.24389 ] ] ] } },
{ "type": "Feature", "properties": { "group_index": 0, "value": 900.0, "center": [ -111.95343172139503, 41.24277404374919 ], "point_id": "F21-87808" }, "geometry": { "type": "Polygon", "coordinates": [ [ [ -111.966948, 41.243949 ], [ -111.964384, 41.239543 ], [ -111.96269, 41.237679 ], [ -111.959265, 41.234075 ], [ -111.958999, 41.233834 ], [ -111.958673, 41.233683 ], [ -111.953648, 41.233777 ], [ -111.953337, 41.233957 ], [ -111.949041, 41.236298 ], [ -111.945878, 41.237154 ], [ -111.944051, 41.237778 ], [ -111.941533, 41.240317 ], [ -111.941463, 41.24067 ], [ -111.941654, 41.241041 ], [ -111.943636, 41.243596 ], [ -111.943991, 41.243601 ], [ -111.946672, 41.244429 ], [ -111.947836, 41.248215 ], [ -111.947835, 41.248575 ], [ -111.948025, 41.249222 ], [ -111.952141, 41.252261 ], [ -111.953558, 41.253128 ], [ -111.954965, 41.253997 ], [ -111.955137, 41.254019 ], [ -111.955444, 41.253832 ], [ -111.957342, 41.251665 ], [ -111.96039, 41.24929 ], [ -111.964573, 41.246286 ], [ -111.965727, 41.245548 ], [ -111.966943, 41.244309 ], [ -111.966948, 41.243949 ] ] ] } },
{ "type": "Feature", "properties": { "group_index": 0, "value": 300.0, "center": [ -111.98597188917711, 41.1915671025601 ], "point_id": "F21-87806" }, "geometry": { "type": "Polygon", "coordinates": [ [ [ -111.988019, 41.189461 ], [ -111.988206, 41.188873 ], [ -111.986912, 41.188167 ], [ -111.986553, 41.188186 ], [ -111.983366, 41.188584 ], [ -111.983306, 41.188616 ], [ -111.983089, 41.188857 ], [ -111.981343, 41.191506 ], [ -111.981331, 41.191577 ], [ -111.981331, 41.191577 ], [ -111.98132, 41.191647 ], [ -111.982293, 41.192545 ], [ -111.983241, 41.193385 ], [ -111.985274, 41.195165 ], [ -111.985485, 41.195291 ], [ -111.985843, 41.195323 ], [ -111.987832, 41.190049 ], [ -111.988019, 41.189461 ] ] ] } },
{ "type": "Feature", "properties": { "group_index": 0, "value": 600.0, "center": [ -111.98597188917711, 41.1915671025601 ], "point_id": "F21-87806" }, "geometry": { "type": "Polygon", "coordinates": [ [ [ -111.985333, 41.198863 ], [ -111.985843, 41.195323 ], [ -111.987832, 41.190049 ], [ -111.989232, 41.18584 ], [ -111.989329, 41.185547 ], [ -111.989425, 41.185255 ], [ -111.98832, 41.184537 ], [ -111.985519, 41.185464 ], [ -111.981965, 41.18545 ], [ -111.981788, 41.185424 ], [ -111.981354, 41.185806 ], [ -111.98092, 41.186189 ], [ -111.980762, 41.186382 ], [ -111.977824, 41.191491 ], [ -111.977641, 41.191801 ], [ -111.978211, 41.193398 ], [ -111.978306, 41.193637 ], [ -111.980587, 41.195713 ], [ -111.984901, 41.199018 ], [ -111.985309, 41.199052 ], [ -111.985333, 41.198863 ] ] ] } },
{ "type": "Feature", "properties": { "group_index": 0, "value": 900.0, "center": [ -111.98597188917711, 41.1915671025601 ], "point_id": "F21-87806" }, "geometry": { "type": "Polygon", "coordinates": [ [ [ -111.984882, 41.202353 ], [ -111.984936, 41.201926 ], [ -111.985134, 41.200395 ], [ -111.985309, 41.199052 ], [ -111.985333, 41.198863 ], [ -111.985843, 41.195323 ], [ -111.987832, 41.190049 ], [ -111.98817, 41.188984 ], [ -111.989232, 41.18584 ], [ -111.991241, 41.182391 ], [ -111.991058, 41.182081 ], [ -111.990389, 41.181541 ], [ -111.990211, 41.181592 ], [ -111.990122, 41.181783 ], [ -111.988717, 41.183362 ], [ -111.983814, 41.182708 ], [ -111.982806, 41.1821 ], [ -111.982403, 41.181972 ], [ -111.982095, 41.182159 ], [ -111.98092, 41.186189 ], [ -111.977754, 41.187554 ], [ -111.974506, 41.189032 ], [ -111.973548, 41.190373 ], [ -111.973546, 41.190733 ], [ -111.97494, 41.196215 ], [ -111.97503, 41.196371 ], [ -111.975188, 41.196477 ], [ -111.975325, 41.196553 ], [ -111.979978, 41.199206 ], [ -111.983585, 41.202396 ], [ -111.984349, 41.203013 ], [ -111.984706, 41.203054 ], [ -111.984828, 41.202781 ], [ -111.984882, 41.202353 ] ] ] } },
{ "type": "Feature", "properties": { "group_index": 0, "value": 300.0, "center": [ -111.98478198559542, 41.169786039916055 ], "point_id": "F21-87805" }, "geometry": { "type": "Polygon", "coordinates": [ [ [ -111.987477, 41.168 ], [ -111.987358, 41.167833 ], [ -111.985502, 41.166969 ], [ -111.983334, 41.167129 ], [ -111.98223, 41.167905 ], [ -111.981186, 41.168677 ], [ -111.980858, 41.170432 ], [ -111.980856, 41.170792 ], [ -111.980943, 41.170857 ], [ -111.983341, 41.172681 ], [ -111.983499, 41.172759 ], [ -111.985232, 41.17147 ], [ -111.988031, 41.169554 ], [ -111.988164, 41.169219 ], [ -111.987477, 41.168 ] ] ] } },
{ "type": "Feature", "properties": { "group_index": 0, "value": 600.0, "center": [ -111.98478198559542, 41.169786039916055 ], "point_id": "F21-87805" }, "geometry": { "type": "Polygon", "coordinates": [ [ [ -111.991284, 41.169824 ], [ -111.98959, 41.165583 ], [ -111.989517, 41.165471 ], [ -111.987353, 41.163997 ], [ -111.984463, 41.16357 ], [ -111.98274, 41.163651 ], [ -111.981235, 41.164591 ], [ -111.980128, 41.165418 ], [ -111.976057, 41.168557 ], [ -111.975983, 41.168909 ], [ -111.975965, 41.170814 ], [ -111.980408, 41.174482 ], [ -111.981516, 41.175381 ], [ -111.98283, 41.176306 ], [ -111.982948, 41.176306 ], [ -111.982948, 41.176306 ], [ -111.983065, 41.176307 ], [ -111.986805, 41.173976 ], [ -111.990455, 41.17264 ], [ -111.990808, 41.17193 ], [ -111.991284, 41.169824 ] ] ] } },
{ "type": "Feature", "properties": { "group_index": 0, "value": 900.0, "center": [ -111.98478198559542, 41.169786039916055 ], "point_id": "F21-87805" }, "geometry": { "type": "Polygon", "coordinates": [ [ [ -111.992292, 41.168578 ], [ -111.992391, 41.167964 ], [ -111.992366, 41.167626 ], [ -111.992312, 41.167514 ], [ -111.991748, 41.166573 ], [ -111.989388, 41.162559 ], [ -111.989298, 41.1624 ], [ -111.989193, 41.162277 ], [ -111.988234, 41.162024 ], [ -111.987928, 41.161992 ], [ -111.987161, 41.161942 ], [ -111.986401, 41.161893 ], [ -111.984944, 41.161853 ], [ -111.980468, 41.161816 ], [ -111.979534, 41.162152 ], [ -111.977449, 41.163358 ], [ -111.973764, 41.165664 ], [ -111.973473, 41.165877 ], [ -111.972612, 41.170586 ], [ -111.973385, 41.172625 ], [ -111.973861, 41.173176 ], [ -111.977745, 41.176277 ], [ -111.982502, 41.179885 ], [ -111.98284, 41.180011 ], [ -111.983664, 41.17958 ], [ -111.987379, 41.177451 ], [ -111.988778, 41.176354 ], [ -111.990874, 41.173034 ], [ -111.990971, 41.172869 ], [ -111.991068, 41.172704 ], [ -111.992292, 41.168578 ] ] ] } },
{ "type": "Feature", "properties": { "group_index": 0, "value": 300.0, "center": [ -111.79005770560562, 40.37687606590549 ], "point_id": "F21-84400" }, "geometry": { "type": "Polygon", "coordinates": [ [ [ -111.794948, 40.37673 ], [ -111.794648, 40.376377 ], [ -111.793937, 40.375671 ], [ -111.791729, 40.374007 ], [ -111.790886, 40.373587 ], [ -111.790526, 40.373583 ], [ -111.787838, 40.374677 ], [ -111.787701, 40.374756 ], [ -111.786563, 40.375569 ], [ -111.785281, 40.376547 ], [ -111.785141, 40.376665 ], [ -111.785126, 40.376845 ], [ -111.785125, 40.376972 ], [ -111.785138, 40.377025 ], [ -111.787094, 40.378565 ], [ -111.787861, 40.379149 ], [ -111.79043, 40.380172 ], [ -111.79079, 40.380177 ], [ -111.793027, 40.378776 ], [ -111.794945, 40.37709 ], [ -111.794948, 40.37673 ] ] ] } },
{ "type": "Feature", "properties": { "group_index": 0, "value": 600.0, "center": [ -111.79005770560562, 40.37687606590549 ], "point_id": "F21-84400" }, "geometry": { "type": "Polygon", "coordinates": [ [ [ -111.799851, 40.376753 ], [ -111.799523, 40.376342 ], [ -111.797383, 40.374535 ], [ -111.796955, 40.37417 ], [ -111.795006, 40.372611 ], [ -111.793251, 40.371342 ], [ -111.791013, 40.369889 ], [ -111.790931, 40.36984 ], [ -111.790565, 40.369823 ], [ -111.790346, 40.369822 ], [ -111.787858, 40.370933 ], [ -111.784948, 40.372409 ], [ -111.783499, 40.373308 ], [ -111.780547, 40.375663 ], [ -111.780439, 40.376007 ], [ -111.781327, 40.377852 ], [ -111.783405, 40.379914 ], [ -111.787743, 40.382793 ], [ -111.787868, 40.382872 ], [ -111.79043, 40.383917 ], [ -111.79079, 40.383921 ], [ -111.790893, 40.383865 ], [ -111.79469, 40.381229 ], [ -111.795931, 40.380308 ], [ -111.797225, 40.379326 ], [ -111.797346, 40.379226 ], [ -111.799851, 40.377113 ], [ -111.799851, 40.376753 ] ] ] } },
{ "type": "Feature", "properties": { "group_index": 0, "value": 900.0, "center": [ -111.79005770560562, 40.37687606590549 ], "point_id": "F21-84400" }, "geometry": { "type": "Polygon", "coordinates": [ [ [ -111.804769, 40.376789 ], [ -111.804638, 40.376651 ], [ -111.802302, 40.374561 ], [ -111.802211, 40.374482 ], [ -111.799882, 40.37246 ], [ -111.799792, 40.372382 ], [ -111.799193, 40.371906 ], [ -111.79905, 40.371795 ], [ -111.795525, 40.369196 ], [ -111.793386, 40.367716 ], [ -111.792204, 40.366986 ], [ -111.790464, 40.366505 ], [ -111.790104, 40.366509 ], [ -111.787961, 40.367094 ], [ -111.787791, 40.367161 ], [ -111.785024, 40.368675 ], [ -111.782253, 40.370219 ], [ -111.778994, 40.372051 ], [ -111.77881, 40.372183 ], [ -111.775807, 40.375527 ], [ -111.775806, 40.375887 ], [ -111.779303, 40.380403 ], [ -111.78223, 40.382559 ], [ -111.78665, 40.386429 ], [ -111.786787, 40.38651 ], [ -111.790084, 40.38763 ], [ -111.790383, 40.387664 ], [ -111.790743, 40.387668 ], [ -111.790852, 40.387637 ], [ -111.791462, 40.387176 ], [ -111.795904, 40.384009 ], [ -111.79716, 40.383155 ], [ -111.799586, 40.381338 ], [ -111.802256, 40.379634 ], [ -111.804768, 40.377149 ], [ -111.804769, 40.376789 ] ] ] } },
{ "type": "Feature", "properties": { "group_index": 0, "value": 300.0, "center": [ -111.86446244576615, 40.52340863561758 ], "point_id": "F17-59795" }, "geometry": { "type": "Polygon", "coordinates": [ [ [ -111.867422, 40.523406 ], [ -111.867425, 40.523046 ], [ -111.867072, 40.520977 ], [ -111.864973, 40.519768 ], [ -111.864616, 40.519729 ], [ -111.863637, 40.520182 ], [ -111.862146, 40.521362 ], [ -111.861471, 40.525066 ], [ -111.861504, 40.525424 ], [ -111.863817, 40.526967 ], [ -111.866309, 40.52576 ], [ -111.866479, 40.525665 ], [ -111.867099, 40.52524 ], [ -111.867204, 40.525149 ], [ -111.867422, 40.523406 ] ] ] } },
{ "type": "Feature", "properties": { "group_index": 0, "value": 600.0, "center": [ -111.86446244576615, 40.52340863561758 ], "point_id": "F17-59795" }, "geometry": { "type": "Polygon", "coordinates": [ [ [ -111.872409, 40.523355 ], [ -111.872418, 40.523266 ], [ -111.872354, 40.52316 ], [ -111.868591, 40.51887 ], [ -111.867125, 40.516899 ], [ -111.865453, 40.516041 ], [ -111.865095, 40.515997 ], [ -111.860939, 40.518455 ], [ -111.857239, 40.521102 ], [ -111.856492, 40.525121 ], [ -111.856487, 40.52521 ], [ -111.856488, 40.525481 ], [ -111.856497, 40.52557 ], [ -111.859411, 40.528327 ], [ -111.862085, 40.529216 ], [ -111.862451, 40.529308 ], [ -111.865938, 40.529961 ], [ -111.866236, 40.529758 ], [ -111.8686, 40.528008 ], [ -111.871273, 40.526123 ], [ -111.871392, 40.525993 ], [ -111.871954, 40.525373 ], [ -111.872027, 40.525283 ], [ -111.872409, 40.523355 ] ] ] } },
{ "type": "Feature", "properties": { "group_index": 0, "value": 900.0, "center": [ -111.86446244576615, 40.52340863561758 ], "point_id": "F17-59795" }, "geometry": { "type": "Polygon", "coordinates": [ [ [ -111.876954, 40.524879 ], [ -111.87507, 40.52349 ], [ -111.873339, 40.519651 ], [ -111.871975, 40.517412 ], [ -111.86774, 40.513698 ], [ -111.866061, 40.512347 ], [ -111.865939, 40.512313 ], [ -111.865709, 40.512272 ], [ -111.865582, 40.512268 ], [ -111.865453, 40.512353 ], [ -111.864295, 40.513408 ], [ -111.85935, 40.516706 ], [ -111.859249, 40.516663 ], [ -111.85924, 40.516659 ], [ -111.859141, 40.516623 ], [ -111.854619, 40.519154 ], [ -111.852965, 40.52092 ], [ -111.852478, 40.521533 ], [ -111.851812, 40.524724 ], [ -111.851774, 40.525082 ], [ -111.854851, 40.528353 ], [ -111.85569, 40.529206 ], [ -111.856444, 40.529734 ], [ -111.860417, 40.531547 ], [ -111.862567, 40.532945 ], [ -111.862927, 40.532944 ], [ -111.868591, 40.532786 ], [ -111.868967, 40.532734 ], [ -111.871426, 40.529928 ], [ -111.873876, 40.52803 ], [ -111.876997, 40.525237 ], [ -111.876954, 40.524879 ] ] ] } },
{ "type": "Feature", "properties": { "group_index": 0, "value": 300.0, "center": [ -111.62350765398189, 40.18308716560025 ], "point_id": "F13-36594" }, "geometry": { "type": "Polygon", "coordinates": [ [ [ -111.627449, 40.183905 ], [ -111.626477, 40.183097 ], [ -111.624235, 40.182909 ], [ -111.623561, 40.182907 ], [ -111.622888, 40.182906 ], [ -111.620459, 40.182947 ], [ -111.620101, 40.18298 ], [ -111.620111, 40.183087 ], [ -111.620276, 40.183781 ], [ -111.620478, 40.184161 ], [ -111.620679, 40.18454 ], [ -111.622803, 40.185441 ], [ -111.623069, 40.185449 ], [ -111.623832, 40.185296 ], [ -111.626543, 40.184573 ], [ -111.627407, 40.184262 ], [ -111.627449, 40.183905 ] ] ] } },
{ "type": "Feature", "properties": { "group_index": 0, "value": 600.0, "center": [ -111.62350765398189, 40.18308716560025 ], "point_id": "F13-36594" }, "geometry": { "type": "Polygon", "coordinates": [ [ [ -111.632312, 40.184374 ], [ -111.630248, 40.182207 ], [ -111.63009, 40.18209 ], [ -111.624984, 40.179693 ], [ -111.620038, 40.179253 ], [ -111.619678, 40.179253 ], [ -111.61838, 40.181533 ], [ -111.618272, 40.181995 ], [ -111.618377, 40.182274 ], [ -111.618488, 40.182569 ], [ -111.618854, 40.183314 ], [ -111.619221, 40.184059 ], [ -111.621287, 40.185646 ], [ -111.623069, 40.185449 ], [ -111.62813, 40.186116 ], [ -111.629923, 40.185929 ], [ -111.630255, 40.185882 ], [ -111.630587, 40.185834 ], [ -111.631322, 40.185434 ], [ -111.632276, 40.184733 ], [ -111.632312, 40.184374 ] ] ] } },
{ "type": "Feature", "properties": { "group_index": 0, "value": 900.0, "center": [ -111.62350765398189, 40.18308716560025 ], "point_id": "F13-36594" }, "geometry": { "type": "Polygon", "coordinates": [ [ [ -111.637209, 40.184888 ], [ -111.635785, 40.183396 ], [ -111.63009, 40.18209 ], [ -111.624738, 40.179408 ], [ -111.624184, 40.179208 ], [ -111.623538, 40.179076 ], [ -111.618408, 40.176379 ], [ -111.618048, 40.176387 ], [ -111.618058, 40.17685 ], [ -111.618067, 40.177313 ], [ -111.618272, 40.181995 ], [ -111.618377, 40.182274 ], [ -111.618488, 40.182569 ], [ -111.618854, 40.183314 ], [ -111.618921, 40.183449 ], [ -111.619221, 40.184059 ], [ -111.619358, 40.184338 ], [ -111.619797, 40.185126 ], [ -111.620344, 40.185999 ], [ -111.620594, 40.186068 ], [ -111.621931, 40.186275 ], [ -111.626413, 40.185421 ], [ -111.630426, 40.188876 ], [ -111.630837, 40.18913 ], [ -111.631197, 40.189128 ], [ -111.631347, 40.189112 ], [ -111.633012, 40.18816 ], [ -111.633513, 40.187876 ], [ -111.635436, 40.186529 ], [ -111.637022, 40.185372 ], [ -111.637119, 40.185237 ], [ -111.637209, 40.184888 ] ] ] } },
{ "type": "Feature", "properties": { "group_index": 0, "value": 300.0, "center": [ -111.71752070158962, 40.04401571702779 ], "point_id": "F21-83440" }, "geometry": { "type": "Polygon", "coordinates": [ [ [ -111.721837, 40.044319 ], [ -111.719658, 40.042294 ], [ -111.718437, 40.04122 ], [ -111.717798, 40.040799 ], [ -111.717438, 40.040786 ], [ -111.714628, 40.043038 ], [ -111.713436, 40.044094 ], [ -111.713065, 40.044698 ], [ -111.713126, 40.045053 ], [ -111.715863, 40.046722 ], [ -111.717383, 40.047703 ], [ -111.717743, 40.047711 ], [ -111.719706, 40.046283 ], [ -111.720309, 40.045868 ], [ -111.721834, 40.044679 ], [ -111.721837, 40.044319 ] ] ] } },
{ "type": "Feature", "properties": { "group_index": 0, "value": 600.0, "center": [ -111.71752070158962, 40.04401571702779 ], "point_id": "F21-83440" }, "geometry": { "type": "Polygon", "coordinates": [ [ [ -111.726731, 40.04434 ], [ -111.724622, 40.042315 ], [ -111.720935, 40.039528 ], [ -111.719748, 40.038617 ], [ -111.717453, 40.037603 ], [ -111.713945, 40.039601 ], [ -111.710169, 40.042572 ], [ -111.708469, 40.045606 ], [ -111.708528, 40.045961 ], [ -111.710691, 40.047222 ], [ -111.713499, 40.048259 ], [ -111.717833, 40.051408 ], [ -111.718147, 40.051226 ], [ -111.721472, 40.048745 ], [ -111.723617, 40.047097 ], [ -111.725204, 40.045889 ], [ -111.726621, 40.044798 ], [ -111.72673, 40.0447 ], [ -111.726731, 40.04434 ] ] ] } },
{ "type": "Feature", "properties": { "group_index": 0, "value": 900.0, "center": [ -111.71752070158962, 40.04401571702779 ], "point_id": "F21-83440" }, "geometry": { "type": "Polygon", "coordinates": [ [ [ -111.731626, 40.044363 ], [ -111.729602, 40.042454 ], [ -111.729445, 40.042323 ], [ -111.726926, 40.040344 ], [ -111.724283, 40.038032 ], [ -111.721599, 40.035894 ], [ -111.721239, 40.035881 ], [ -111.716488, 40.035229 ], [ -111.71537, 40.03432 ], [ -111.714215, 40.034774 ], [ -111.710382, 40.03844 ], [ -111.709125, 40.039675 ], [ -111.705275, 40.042554 ], [ -111.703691, 40.046419 ], [ -111.70375, 40.046774 ], [ -111.706997, 40.046928 ], [ -111.711162, 40.04869 ], [ -111.711305, 40.04879 ], [ -111.713499, 40.048259 ], [ -111.717833, 40.051408 ], [ -111.719735, 40.053184 ], [ -111.720196, 40.05371 ], [ -111.720511, 40.054068 ], [ -111.720785, 40.053834 ], [ -111.724679, 40.05018 ], [ -111.726368, 40.048763 ], [ -111.728747, 40.046909 ], [ -111.730115, 40.045911 ], [ -111.731542, 40.044863 ], [ -111.731624, 40.044723 ], [ -111.731626, 40.044363 ] ] ] } },
{ "type": "Feature", "properties": { "group_index": 0, "value": 300.0, "center": [ -112.02743601309066, 40.50847433293175 ], "point_id": "F14-40446" }, "geometry": { "type": "Polygon", "coordinates": [ [ [ -112.031721, 40.507803 ], [ -112.031479, 40.507605 ], [ -112.03077, 40.507083 ], [ -112.029491, 40.506225 ], [ -112.027706, 40.505342 ], [ -112.027535, 40.505324 ], [ -112.026934, 40.505447 ], [ -112.023889, 40.507562 ], [ -112.023749, 40.507709 ], [ -112.023494, 40.508029 ], [ -112.023494, 40.508035 ], [ -112.023668, 40.508204 ], [ -112.024893, 40.509307 ], [ -112.025676, 40.509849 ], [ -112.027915, 40.510635 ], [ -112.028215, 40.510629 ], [ -112.028224, 40.510629 ], [ -112.028524, 40.510609 ], [ -112.031199, 40.508974 ], [ -112.031744, 40.508162 ], [ -112.031721, 40.507803 ] ] ] } },
{ "type": "Feature", "properties": { "group_index": 0, "value": 600.0, "center": [ -112.02743601309066, 40.50847433293175 ], "point_id": "F14-40446" }, "geometry": { "type": "Polygon", "coordinates": [ [ [ -112.036763, 40.507601 ], [ -112.033545, 40.504492 ], [ -112.03098, 40.502995 ], [ -112.02847, 40.501971 ], [ -112.026141, 40.50223 ], [ -112.024446, 40.503394 ], [ -112.019724, 40.506748 ], [ -112.01882, 40.507703 ], [ -112.01874, 40.507835 ], [ -112.01874, 40.508195 ], [ -112.01932, 40.50875 ], [ -112.023021, 40.511691 ], [ -112.024318, 40.512634 ], [ -112.024678, 40.512634 ], [ -112.029817, 40.512091 ], [ -112.03224, 40.511503 ], [ -112.032426, 40.511445 ], [ -112.034758, 40.509609 ], [ -112.036763, 40.507961 ], [ -112.036763, 40.507601 ] ] ] } },
{ "type": "Feature", "properties": { "group_index": 0, "value": 900.0, "center": [ -112.02743601309066, 40.50847433293175 ], "point_id": "F14-40446" }, "geometry": { "type": "Polygon", "coordinates": [ [ [ -112.041417, 40.507675 ], [ -112.038268, 40.503855 ], [ -112.037044, 40.502979 ], [ -112.034633, 40.501517 ], [ -112.032605, 40.500316 ], [ -112.031611, 40.499899 ], [ -112.031241, 40.499752 ], [ -112.030284, 40.499567 ], [ -112.026288, 40.499102 ], [ -112.02615, 40.499094 ], [ -112.024557, 40.499659 ], [ -112.024269, 40.499815 ], [ -112.020081, 40.502562 ], [ -112.016809, 40.50541 ], [ -112.014052, 40.507552 ], [ -112.013892, 40.507697 ], [ -112.013664, 40.508017 ], [ -112.013664, 40.508032 ], [ -112.014732, 40.509355 ], [ -112.015137, 40.509852 ], [ -112.017463, 40.511923 ], [ -112.022102, 40.515619 ], [ -112.023731, 40.516356 ], [ -112.024067, 40.516484 ], [ -112.024212, 40.516538 ], [ -112.02644, 40.515021 ], [ -112.027833, 40.514447 ], [ -112.032838, 40.514443 ], [ -112.033199, 40.514457 ], [ -112.03333, 40.514457 ], [ -112.035165, 40.513188 ], [ -112.035691, 40.512705 ], [ -112.037117, 40.511038 ], [ -112.041414, 40.508035 ], [ -112.041417, 40.507675 ] ] ] } },
{ "type": "Feature", "properties": { "group_index": 0, "value": 300.0, "center": [ -111.94723501776379, 41.22466176454734 ], "point_id": "F17-57360" }, "geometry": { "type": "Polygon", "coordinates": [ [ [ -111.952051, 41.22442 ], [ -111.951931, 41.224308 ], [ -111.949261, 41.22218 ], [ -111.948401, 41.22159 ], [ -111.948235, 41.221514 ], [ -111.947876, 41.221483 ], [ -111.945405, 41.222131 ], [ -111.942437, 41.224285 ], [ -111.942432, 41.224645 ], [ -111.943335, 41.22561 ], [ -111.944815, 41.226772 ], [ -111.945136, 41.226976 ], [ -111.947728, 41.227975 ], [ -111.948087, 41.228003 ], [ -111.949695, 41.226966 ], [ -111.951912, 41.224902 ], [ -111.952048, 41.22478 ], [ -111.952051, 41.22442 ] ] ] } },
{ "type": "Feature", "properties": { "group_index": 0, "value": 600.0, "center": [ -111.94723501776379, 41.22466176454734 ], "point_id": "F17-57360" }, "geometry": { "type": "Polygon", "coordinates": [ [ [ -111.957034, 41.224488 ], [ -111.956911, 41.224375 ], [ -111.955114, 41.222829 ], [ -111.951777, 41.220333 ], [ -111.948775, 41.217984 ], [ -111.948335, 41.217759 ], [ -111.947975, 41.217748 ], [ -111.945326, 41.218546 ], [ -111.944505, 41.219099 ], [ -111.940097, 41.22217 ], [ -111.937455, 41.224216 ], [ -111.93745, 41.224576 ], [ -111.938474, 41.22564 ], [ -111.939834, 41.226699 ], [ -111.94256, 41.228834 ], [ -111.943425, 41.229463 ], [ -111.945055, 41.230658 ], [ -111.947559, 41.231664 ], [ -111.947909, 41.231748 ], [ -111.948756, 41.23113 ], [ -111.950334, 41.229992 ], [ -111.951755, 41.228966 ], [ -111.953617, 41.227619 ], [ -111.9544, 41.227025 ], [ -111.954549, 41.226906 ], [ -111.956891, 41.224966 ], [ -111.957029, 41.224848 ], [ -111.957034, 41.224488 ] ] ] } },
{ "type": "Feature", "properties": { "group_index": 0, "value": 900.0, "center": [ -111.94723501776379, 41.22466176454734 ], "point_id": "F17-57360" }, "geometry": { "type": "Polygon", "coordinates": [ [ [ -111.962055, 41.224627 ], [ -111.962055, 41.224615 ], [ -111.962015, 41.224557 ], [ -111.961893, 41.224443 ], [ -111.959435, 41.222433 ], [ -111.959125, 41.222178 ], [ -111.956824, 41.2204 ], [ -111.95385, 41.217619 ], [ -111.949805, 41.215044 ], [ -111.948458, 41.213989 ], [ -111.948238, 41.213895 ], [ -111.948147, 41.213894 ], [ -111.945424, 41.214801 ], [ -111.945233, 41.214897 ], [ -111.942778, 41.216556 ], [ -111.942255, 41.216935 ], [ -111.939322, 41.219031 ], [ -111.936539, 41.221064 ], [ -111.935117, 41.222101 ], [ -111.932473, 41.22416 ], [ -111.93247, 41.22452 ], [ -111.933494, 41.225577 ], [ -111.937236, 41.228767 ], [ -111.939585, 41.230362 ], [ -111.944713, 41.233319 ], [ -111.946429, 41.235331 ], [ -111.946773, 41.235437 ], [ -111.950745, 41.233347 ], [ -111.951027, 41.233196 ], [ -111.951123, 41.233126 ], [ -111.953771, 41.231198 ], [ -111.956334, 41.229562 ], [ -111.959921, 41.226864 ], [ -111.96201, 41.224917 ], [ -111.962047, 41.224865 ], [ -111.962055, 41.224627 ] ] ] } },
{ "type": "Feature", "properties": { "group_index": 0, "value": 300.0, "center": [ -111.84435754202723, 40.69985968692496 ], "point_id": "F10-13646" }, "geometry": { "type": "Polygon", "coordinates": [ [ [ -111.849313, 40.699969 ], [ -111.849315, 40.699921 ], [ -111.8493, 40.699648 ], [ -111.847881, 40.698587 ], [ -111.847273, 40.69859 ], [ -111.846664, 40.698593 ], [ -111.846664, 40.698593 ], [ -111.846055, 40.698596 ], [ -111.845446, 40.698598 ], [ -111.841776, 40.698651 ], [ -111.840209, 40.698691 ], [ -111.839417, 40.69966 ], [ -111.839414, 40.70002 ], [ -111.839505, 40.700092 ], [ -111.83965, 40.700204 ], [ -111.843355, 40.702237 ], [ -111.843715, 40.702234 ], [ -111.846309, 40.701954 ], [ -111.847162, 40.70169 ], [ -111.8492, 40.700094 ], [ -111.8493, 40.700008 ], [ -111.849313, 40.699969 ] ] ] } },
{ "type": "Feature", "properties": { "group_index": 0, "value": 600.0, "center": [ -111.84435754202723, 40.69985968692496 ], "point_id": "F10-13646" }, "geometry": { "type": "Polygon", "coordinates": [ [ [ -111.854204, 40.700017 ], [ -111.854251, 40.699641 ], [ -111.851895, 40.697933 ], [ -111.849795, 40.696759 ], [ -111.849649, 40.696702 ], [ -111.844023, 40.69688 ], [ -111.83883, 40.696605 ], [ -111.838354, 40.696591 ], [ -111.837179, 40.697506 ], [ -111.83448, 40.699603 ], [ -111.834484, 40.699962 ], [ -111.834561, 40.70005 ], [ -111.834676, 40.70014 ], [ -111.83728, 40.702115 ], [ -111.838859, 40.7033 ], [ -111.843393, 40.705985 ], [ -111.843753, 40.705979 ], [ -111.845056, 40.705047 ], [ -111.846032, 40.704295 ], [ -111.851488, 40.702489 ], [ -111.851795, 40.702512 ], [ -111.85181, 40.702508 ], [ -111.852284, 40.702058 ], [ -111.852695, 40.701659 ], [ -111.854061, 40.700328 ], [ -111.854195, 40.700056 ], [ -111.854204, 40.700017 ] ] ] } },
{ "type": "Feature", "properties": { "group_index": 0, "value": 900.0, "center": [ -111.84435754202723, 40.69985968692496 ], "point_id": "F10-13646" }, "geometry": { "type": "Polygon", "coordinates": [ [ [ -111.85907, 40.699721 ], [ -111.858855, 40.699474 ], [ -111.855922, 40.69689 ], [ -111.854019, 40.695684 ], [ -111.853923, 40.695664 ], [ -111.849822, 40.694753 ], [ -111.848456, 40.693138 ], [ -111.848233, 40.692885 ], [ -111.847904, 40.693032 ], [ -111.846977, 40.694053 ], [ -111.84558, 40.695531 ], [ -111.842377, 40.696955 ], [ -111.838905, 40.693195 ], [ -111.838907, 40.692863 ], [ -111.838841, 40.692825 ], [ -111.838481, 40.692823 ], [ -111.838009, 40.69302 ], [ -111.835517, 40.694597 ], [ -111.834255, 40.695621 ], [ -111.832611, 40.697132 ], [ -111.829541, 40.699591 ], [ -111.829541, 40.699951 ], [ -111.829622, 40.70005 ], [ -111.833604, 40.703418 ], [ -111.837635, 40.706212 ], [ -111.838556, 40.706904 ], [ -111.839994, 40.70772 ], [ -111.843426, 40.709734 ], [ -111.843733, 40.709798 ], [ -111.843782, 40.709798 ], [ -111.844842, 40.708946 ], [ -111.845059, 40.708781 ], [ -111.846087, 40.708042 ], [ -111.846184, 40.707965 ], [ -111.849273, 40.705714 ], [ -111.852653, 40.706055 ], [ -111.85279, 40.706102 ], [ -111.853053, 40.706101 ], [ -111.853101, 40.706092 ], [ -111.853313, 40.706008 ], [ -111.855368, 40.704015 ], [ -111.858995, 40.700211 ], [ -111.859071, 40.700081 ], [ -111.85907, 40.699721 ] ] ] } },
{ "type": "Feature", "properties": { "group_index": 0, "value": 300.0, "center": [ -111.9393873, 40.6694646 ], "point_id": "F10-3565" }, "geometry": { "type": "Polygon", "coordinates": [ [ [ -111.944591, 40.669424 ], [ -111.941706, 40.667329 ], [ -111.941071, 40.666896 ], [ -111.939053, 40.665832 ], [ -111.939026, 40.665833 ], [ -111.936505, 40.667344 ], [ -111.935586, 40.668083 ], [ -111.935006, 40.670193 ], [ -111.934979, 40.670467 ], [ -111.938213, 40.672696 ], [ -111.938874, 40.673047 ], [ -111.939234, 40.673047 ], [ -111.939754, 40.672844 ], [ -111.941315, 40.671978 ], [ -111.941821, 40.671683 ], [ -111.944592, 40.669784 ], [ -111.944591, 40.669424 ] ] ] } },
{ "type": "Feature", "properties": { "group_index": 0, "value": 600.0, "center": [ -111.9393873, 40.6694646 ], "point_id": "F10-3565" }, "geometry": { "type": "Polygon", "coordinates": [ [ [ -111.948835, 40.669432 ], [ -111.948531, 40.669077 ], [ -111.947022, 40.667595 ], [ -111.94675, 40.667345 ], [ -111.943471, 40.664817 ], [ -111.93921, 40.66225 ], [ -111.93885, 40.662251 ], [ -111.934017, 40.664578 ], [ -111.933808, 40.664871 ], [ -111.932711, 40.666445 ], [ -111.93099, 40.668911 ], [ -111.930552, 40.669651 ], [ -111.930677, 40.669989 ], [ -111.932118, 40.672498 ], [ -111.932157, 40.672559 ], [ -111.93223, 40.672636 ], [ -111.933905, 40.673872 ], [ -111.934006, 40.673947 ], [ -111.934108, 40.674015 ], [ -111.938881, 40.676765 ], [ -111.939241, 40.676764 ], [ -111.943158, 40.675297 ], [ -111.946182, 40.672229 ], [ -111.948822, 40.669791 ], [ -111.948835, 40.669432 ] ] ] } },
{ "type": "Feature", "properties": { "group_index": 0, "value": 900.0, "center": [ -111.9393873, 40.6694646 ], "point_id": "F10-3565" }, "geometry": { "type": "Polygon", "coordinates": [ [ [ -111.951705, 40.670272 ], [ -111.95195, 40.667646 ], [ -111.951949, 40.667286 ], [ -111.949234, 40.664895 ], [ -111.948136, 40.664103 ], [ -111.944082, 40.661313 ], [ -111.940783, 40.659147 ], [ -111.93887, 40.657828 ], [ -111.93851, 40.657832 ], [ -111.936202, 40.659824 ], [ -111.933148, 40.661241 ], [ -111.932811, 40.661369 ], [ -111.930086, 40.663415 ], [ -111.929431, 40.664063 ], [ -111.929432, 40.664423 ], [ -111.928131, 40.668938 ], [ -111.9269, 40.670137 ], [ -111.926292, 40.671176 ], [ -111.926248, 40.671257 ], [ -111.926253, 40.671323 ], [ -111.926379, 40.67166 ], [ -111.92729, 40.672639 ], [ -111.930934, 40.676496 ], [ -111.931199, 40.676739 ], [ -111.935518, 40.678198 ], [ -111.937767, 40.679863 ], [ -111.938702, 40.68044 ], [ -111.938888, 40.680507 ], [ -111.939248, 40.680507 ], [ -111.940426, 40.680337 ], [ -111.94047, 40.679557 ], [ -111.944787, 40.675651 ], [ -111.946462, 40.676337 ], [ -111.946798, 40.676336 ], [ -111.947529, 40.675765 ], [ -111.951009, 40.672239 ], [ -111.951705, 40.670272 ] ] ] } },
{ "type": "Feature", "properties": { "group_index": 0, "value": 300.0, "center": [ -111.97248459850789, 41.091684829859204 ], "point_id": "F10-9989" }, "geometry": { "type": "Polygon", "coordinates": [ [ [ -111.974591, 41.089584 ], [ -111.974591, 41.089516 ], [ -111.974503, 41.089405 ], [ -111.974179, 41.089136 ], [ -111.97387, 41.08888 ], [ -111.973475, 41.08866 ], [ -111.973115, 41.088652 ], [ -111.971733, 41.089243 ], [ -111.971615, 41.09061 ], [ -111.971607, 41.093614 ], [ -111.971631, 41.093974 ], [ -111.973086, 41.094922 ], [ -111.973446, 41.094922 ], [ -111.974591, 41.089584 ] ] ] } },
{ "type": "Feature", "properties": { "group_index": 0, "value": 600.0, "center": [ -111.97248459850789, 41.091684829859204 ], "point_id": "F10-9989" }, "geometry": { "type": "Polygon", "coordinates": [ [ [ -111.976934, 41.095806 ], [ -111.978037, 41.090416 ], [ -111.979186, 41.089488 ], [ -111.979185, 41.089128 ], [ -111.976651, 41.086768 ], [ -111.973684, 41.084979 ], [ -111.973487, 41.08491 ], [ -111.973127, 41.084909 ], [ -111.971072, 41.086191 ], [ -111.970271, 41.086747 ], [ -111.9675, 41.089012 ], [ -111.967377, 41.089119 ], [ -111.967371, 41.089479 ], [ -111.969066, 41.094719 ], [ -111.969146, 41.094864 ], [ -111.969661, 41.095472 ], [ -111.971689, 41.097472 ], [ -111.972888, 41.098532 ], [ -111.973066, 41.098615 ], [ -111.973425, 41.098633 ], [ -111.975026, 41.097546 ], [ -111.976935, 41.096166 ], [ -111.976934, 41.095806 ] ] ] } },
{ "type": "Feature", "properties": { "group_index": 0, "value": 900.0, "center": [ -111.97248459850789, 41.091684829859204 ], "point_id": "F10-9989" }, "geometry": { "type": "Polygon", "coordinates": [ [ [ -111.984266, 41.089133 ], [ -111.979622, 41.085539 ], [ -111.975189, 41.082217 ], [ -111.973839, 41.081354 ], [ -111.973507, 41.081163 ], [ -111.973147, 41.081162 ], [ -111.970614, 41.08258 ], [ -111.9701, 41.0829 ], [ -111.968057, 41.084378 ], [ -111.964374, 41.086673 ], [ -111.962427, 41.08907 ], [ -111.962424, 41.08943 ], [ -111.962802, 41.089675 ], [ -111.964884, 41.091457 ], [ -111.967042, 41.096913 ], [ -111.968893, 41.099301 ], [ -111.970765, 41.100953 ], [ -111.971041, 41.101168 ], [ -111.971963, 41.101885 ], [ -111.973047, 41.102424 ], [ -111.973206, 41.102427 ], [ -111.973208, 41.102427 ], [ -111.973344, 41.102428 ], [ -111.975281, 41.10111 ], [ -111.976169, 41.100438 ], [ -111.976944, 41.099794 ], [ -111.979571, 41.096056 ], [ -111.980459, 41.094878 ], [ -111.982119, 41.092293 ], [ -111.984248, 41.089493 ], [ -111.984266, 41.089133 ] ] ] } },
{ "type": "Feature", "properties": { "group_index": 0, "value": 300.0, "center": [ -111.93854026742649, 40.59468780354976 ], "point_id": "F10-28837" }, "geometry": { "type": "Polygon", "coordinates": [ [ [ -111.942582, 40.593828 ], [ -111.940082, 40.591924 ], [ -111.939388, 40.591397 ], [ -111.938731, 40.590939 ], [ -111.938371, 40.590943 ], [ -111.938128, 40.591086 ], [ -111.936504, 40.592197 ], [ -111.934377, 40.593835 ], [ -111.934071, 40.594867 ], [ -111.934072, 40.595227 ], [ -111.936007, 40.596847 ], [ -111.938299, 40.598172 ], [ -111.938539, 40.598311 ], [ -111.938899, 40.59831 ], [ -111.939095, 40.598163 ], [ -111.942581, 40.594188 ], [ -111.942582, 40.593828 ] ] ] } },
{ "type": "Feature", "properties": { "group_index": 0, "value": 600.0, "center": [ -111.93854026742649, 40.59468780354976 ], "point_id": "F10-28837" }, "geometry": { "type": "Polygon", "coordinates": [ [ [ -111.947516, 40.593851 ], [ -111.94455, 40.591694 ], [ -111.940942, 40.588861 ], [ -111.939626, 40.587789 ], [ -111.939236, 40.587489 ], [ -111.938761, 40.587187 ], [ -111.938401, 40.587185 ], [ -111.937789, 40.587495 ], [ -111.937554, 40.587681 ], [ -111.936087, 40.588907 ], [ -111.932382, 40.591484 ], [ -111.93081, 40.593344 ], [ -111.92988, 40.594766 ], [ -111.929894, 40.595125 ], [ -111.932881, 40.598209 ], [ -111.93295, 40.598268 ], [ -111.933116, 40.59839 ], [ -111.935104, 40.59981 ], [ -111.938444, 40.60211 ], [ -111.938804, 40.602112 ], [ -111.938998, 40.602113 ], [ -111.940606, 40.600434 ], [ -111.942355, 40.597799 ], [ -111.945543, 40.596449 ], [ -111.947516, 40.594211 ], [ -111.947516, 40.593851 ] ] ] } },
{ "type": "Feature", "properties": { "group_index": 0, "value": 900.0, "center": [ -111.93854026742649, 40.59468780354976 ], "point_id": "F10-28837" }, "geometry": { "type": "Polygon", "coordinates": [ [ [ -111.952452, 40.593885 ], [ -111.949121, 40.591356 ], [ -111.94843, 40.590837 ], [ -111.946269, 40.589191 ], [ -111.943412, 40.586196 ], [ -111.939061, 40.58366 ], [ -111.938862, 40.58355 ], [ -111.938502, 40.583555 ], [ -111.938396, 40.583593 ], [ -111.933801, 40.586403 ], [ -111.929154, 40.590193 ], [ -111.928284, 40.590743 ], [ -111.925097, 40.594762 ], [ -111.92507, 40.594829 ], [ -111.925069, 40.595189 ], [ -111.929014, 40.599224 ], [ -111.931509, 40.601272 ], [ -111.93574, 40.603863 ], [ -111.936769, 40.604748 ], [ -111.938439, 40.605824 ], [ -111.938941, 40.60585 ], [ -111.939136, 40.60585 ], [ -111.943639, 40.602606 ], [ -111.947531, 40.600047 ], [ -111.947801, 40.599809 ], [ -111.948666, 40.597093 ], [ -111.952017, 40.594804 ], [ -111.95245, 40.594245 ], [ -111.952452, 40.593885 ] ] ] } },
{ "type": "Feature", "properties": { "group_index": 0, "value": 300.0, "center": [ -111.86869412859082, 40.42672338576034 ], "point_id": "F20-78080" }, "geometry": { "type": "Polygon", "coordinates": [ [ [ -111.872603, 40.425581 ], [ -111.871434, 40.424601 ], [ -111.868949, 40.423047 ], [ -111.868844, 40.422978 ], [ -111.868484, 40.422972 ], [ -111.868402, 40.422998 ], [ -111.866536, 40.424534 ], [ -111.865029, 40.42785 ], [ -111.86503, 40.427859 ], [ -111.865196, 40.428034 ], [ -111.865304, 40.428139 ], [ -111.866725, 40.429194 ], [ -111.868439, 40.430461 ], [ -111.868551, 40.430467 ], [ -111.868911, 40.430466 ], [ -111.869041, 40.430393 ], [ -111.869636, 40.429995 ], [ -111.87177, 40.42843 ], [ -111.872307, 40.427875 ], [ -111.872603, 40.425581 ] ] ] } },
{ "type": "Feature", "properties": { "group_index": 0, "value": 600.0, "center": [ -111.86869412859082, 40.42672338576034 ], "point_id": "F20-78080" }, "geometry": { "type": "Polygon", "coordinates": [ [ [ -111.876885, 40.427393 ], [ -111.876371, 40.426661 ], [ -111.875575, 40.425946 ], [ -111.874671, 40.425246 ], [ -111.870806, 40.42077 ], [ -111.869572, 40.419672 ], [ -111.868927, 40.419299 ], [ -111.866275, 40.41854 ], [ -111.86581, 40.418576 ], [ -111.865505, 40.418767 ], [ -111.864584, 40.420586 ], [ -111.862204, 40.426088 ], [ -111.860204, 40.427699 ], [ -111.860206, 40.428059 ], [ -111.86164, 40.429338 ], [ -111.865118, 40.432911 ], [ -111.868273, 40.434438 ], [ -111.868705, 40.434307 ], [ -111.871217, 40.432724 ], [ -111.87241, 40.431687 ], [ -111.876889, 40.427753 ], [ -111.876885, 40.427393 ] ] ] } },
{ "type": "Feature", "properties": { "group_index": 0, "value": 900.0, "center": [ -111.86869412859082, 40.42672338576034 ], "point_id": "F20-78080" }, "geometry": { "type": "Polygon", "coordinates": [ [ [ -111.879877, 40.428341 ], [ -111.878523, 40.427432 ], [ -111.877278, 40.4266 ], [ -111.875448, 40.421858 ], [ -111.875248, 40.420793 ], [ -111.875128, 40.420244 ], [ -111.874012, 40.419443 ], [ -111.873502, 40.419185 ], [ -111.869327, 40.41568 ], [ -111.869129, 40.415596 ], [ -111.868932, 40.415558 ], [ -111.864178, 40.415272 ], [ -111.863875, 40.415467 ], [ -111.861695, 40.419091 ], [ -111.860349, 40.420601 ], [ -111.860195, 40.420784 ], [ -111.857643, 40.425792 ], [ -111.856888, 40.426276 ], [ -111.856636, 40.426533 ], [ -111.855361, 40.427697 ], [ -111.855361, 40.428057 ], [ -111.855481, 40.42825 ], [ -111.856522, 40.429189 ], [ -111.85924, 40.431689 ], [ -111.861135, 40.432793 ], [ -111.864973, 40.436926 ], [ -111.866124, 40.437336 ], [ -111.867399, 40.437045 ], [ -111.870405, 40.435688 ], [ -111.873991, 40.434279 ], [ -111.877386, 40.431433 ], [ -111.879965, 40.428759 ], [ -111.880111, 40.428496 ], [ -111.879877, 40.428341 ] ] ] } },
{ "type": "Feature", "properties": { "group_index": 0, "value": 300.0, "center": [ -111.8528391, 40.7524893 ], "point_id": "F10-8664" }, "geometry": { "type": "Polygon", "coordinates": [ [ [ -111.857144, 40.751946 ], [ -111.857062, 40.751797 ], [ -111.855727, 40.750644 ], [ -111.854475, 40.749779 ], [ -111.854252, 40.749623 ], [ -111.853977, 40.749472 ], [ -111.853883, 40.749473 ], [ -111.85108, 40.749543 ], [ -111.850876, 40.749545 ], [ -111.849258, 40.750494 ], [ -111.849128, 40.750608 ], [ -111.848979, 40.750751 ], [ -111.848979, 40.751111 ], [ -111.851563, 40.753283 ], [ -111.852994, 40.754332 ], [ -111.853511, 40.754677 ], [ -111.853871, 40.754677 ], [ -111.854281, 40.754481 ], [ -111.854805, 40.75417 ], [ -111.857143, 40.752306 ], [ -111.857144, 40.751946 ] ] ] } },
{ "type": "Feature", "properties": { "group_index": 0, "value": 600.0, "center": [ -111.8528391, 40.7524893 ], "point_id": "F10-8664" }, "geometry": { "type": "Polygon", "coordinates": [ [ [ -111.862089, 40.751947 ], [ -111.861972, 40.751735 ], [ -111.861842, 40.751624 ], [ -111.859311, 40.749583 ], [ -111.855409, 40.746712 ], [ -111.854079, 40.745834 ], [ -111.853958, 40.745793 ], [ -111.853607, 40.745713 ], [ -111.85159, 40.746414 ], [ -111.846561, 40.749157 ], [ -111.845272, 40.749782 ], [ -111.844314, 40.750495 ], [ -111.844181, 40.750606 ], [ -111.844053, 40.750737 ], [ -111.844017, 40.751095 ], [ -111.845513, 40.752174 ], [ -111.848877, 40.755248 ], [ -111.851057, 40.757063 ], [ -111.853448, 40.758475 ], [ -111.853637, 40.758565 ], [ -111.853674, 40.758566 ], [ -111.854006, 40.758471 ], [ -111.856675, 40.756503 ], [ -111.856886, 40.75634 ], [ -111.859349, 40.75448 ], [ -111.862089, 40.752307 ], [ -111.862089, 40.751947 ] ] ] } },
{ "type": "Feature", "properties": { "group_index": 0, "value": 900.0, "center": [ -111.8528391, 40.7524893 ], "point_id": "F10-8664" }, "geometry": { "type": "Polygon", "coordinates": [ [ [ -111.867036, 40.751939 ], [ -111.866881, 40.751744 ], [ -111.866786, 40.751624 ], [ -111.86431, 40.749578 ], [ -111.8613, 40.74705 ], [ -111.859736, 40.746062 ], [ -111.855451, 40.742493 ], [ -111.854624, 40.742111 ], [ -111.853924, 40.742017 ], [ -111.853564, 40.742016 ], [ -111.852731, 40.742256 ], [ -111.847754, 40.745375 ], [ -111.847375, 40.745376 ], [ -111.846995, 40.745378 ], [ -111.844518, 40.746818 ], [ -111.840824, 40.749271 ], [ -111.838983, 40.750469 ], [ -111.838982, 40.750829 ], [ -111.840185, 40.752576 ], [ -111.844584, 40.755282 ], [ -111.84824, 40.758536 ], [ -111.851473, 40.760866 ], [ -111.853267, 40.762018 ], [ -111.853505, 40.762156 ], [ -111.853865, 40.762155 ], [ -111.854045, 40.762073 ], [ -111.854278, 40.76195 ], [ -111.854842, 40.761557 ], [ -111.855639, 40.760995 ], [ -111.855843, 40.760839 ], [ -111.856045, 40.760683 ], [ -111.858908, 40.758569 ], [ -111.863649, 40.755639 ], [ -111.863959, 40.755455 ], [ -111.867035, 40.752299 ], [ -111.867036, 40.751939 ] ] ] } },
{ "type": "Feature", "properties": { "group_index": 0, "value": 300.0, "center": [ -111.84058485125973, 40.75823532516144 ], "point_id": "F10-4079" }, "geometry": { "type": "Polygon", "coordinates": [ [ [ -111.844967, 40.75819 ], [ -111.844968, 40.758113 ], [ -111.844007, 40.757423 ], [ -111.83995, 40.755712 ], [ -111.83887, 40.755807 ], [ -111.837121, 40.755941 ], [ -111.836787, 40.756263 ], [ -111.836741, 40.756457 ], [ -111.837665, 40.758213 ], [ -111.840278, 40.76004 ], [ -111.842453, 40.76039 ], [ -111.842594, 40.760401 ], [ -111.842705, 40.760403 ], [ -111.843739, 40.759715 ], [ -111.844785, 40.758756 ], [ -111.844906, 40.758616 ], [ -111.844967, 40.75819 ] ] ] } },
{ "type": "Feature", "properties": { "group_index": 0, "value": 600.0, "center": [ -111.84058485125973, 40.75823532516144 ], "point_id": "F10-4079" }, "geometry": { "type": "Polygon", "coordinates": [ [ [ -111.850573, 40.758166 ], [ -111.847623, 40.756395 ], [ -111.845622, 40.754509 ], [ -111.845482, 40.754454 ], [ -111.840582, 40.752533 ], [ -111.840242, 40.752414 ], [ -111.834748, 40.754503 ], [ -111.833791, 40.754615 ], [ -111.833499, 40.754824 ], [ -111.833368, 40.75497 ], [ -111.834489, 40.759569 ], [ -111.834573, 40.759854 ], [ -111.836414, 40.761973 ], [ -111.837585, 40.762491 ], [ -111.838049, 40.76266 ], [ -111.842465, 40.763336 ], [ -111.844008, 40.763454 ], [ -111.844947, 40.763471 ], [ -111.845092, 40.763433 ], [ -111.84571, 40.763246 ], [ -111.848113, 40.761233 ], [ -111.850575, 40.758526 ], [ -111.850573, 40.758166 ] ] ] } },
{ "type": "Feature", "properties": { "group_index": 0, "value": 900.0, "center": [ -111.84058485125973, 40.75823532516144 ], "point_id": "F10-4079" }, "geometry": { "type": "Polygon", "coordinates": [ [ [ -111.85477, 40.758693 ], [ -111.854799, 40.758569 ], [ -111.854799, 40.758209 ], [ -111.854722, 40.758118 ], [ -111.853985, 40.75755 ], [ -111.853867, 40.757462 ], [ -111.849375, 40.753514 ], [ -111.846694, 40.751573 ], [ -111.845364, 40.750604 ], [ -111.842822, 40.74916 ], [ -111.838604, 40.750062 ], [ -111.83801, 40.750468 ], [ -111.833669, 40.751771 ], [ -111.831194, 40.751176 ], [ -111.830897, 40.75138 ], [ -111.830805, 40.751587 ], [ -111.829597, 40.754847 ], [ -111.829605, 40.755636 ], [ -111.829771, 40.756707 ], [ -111.82997, 40.75786 ], [ -111.830055, 40.758185 ], [ -111.832266, 40.76372 ], [ -111.832287, 40.76408 ], [ -111.83239, 40.764139 ], [ -111.83624, 40.765397 ], [ -111.83866, 40.765787 ], [ -111.843992, 40.766656 ], [ -111.845148, 40.766662 ], [ -111.847351, 40.766488 ], [ -111.848139, 40.766292 ], [ -111.849707, 40.765 ], [ -111.852932, 40.760828 ], [ -111.854756, 40.758747 ], [ -111.85477, 40.758693 ] ] ] } },
{ "type": "Feature", "properties": { "group_index": 0, "value": 300.0, "center": [ -111.93340759412935, 40.775820268126665 ], "point_id": "F19-75360" }, "geometry": { "type": "Polygon", "coordinates": [ [ [ -111.938154, 40.776029 ], [ -111.937965, 40.775885 ], [ -111.933339, 40.772326 ], [ -111.933159, 40.772136 ], [ -111.932979, 40.772092 ], [ -111.932863, 40.772093 ], [ -111.932799, 40.772136 ], [ -111.932586, 40.77481 ], [ -111.93258, 40.775326 ], [ -111.933141, 40.776633 ], [ -111.933925, 40.777554 ], [ -111.935027, 40.778031 ], [ -111.93651, 40.77776 ], [ -111.936551, 40.777731 ], [ -111.9377, 40.776799 ], [ -111.938154, 40.776389 ], [ -111.938154, 40.776029 ] ] ] } },
{ "type": "Feature", "properties": { "group_index": 0, "value": 600.0, "center": [ -111.93340759412935, 40.775820268126665 ], "point_id": "F19-75360" }, "geometry": { "type": "Polygon", "coordinates": [ [ [ -111.943349, 40.776162 ], [ -111.939655, 40.773469 ], [ -111.937207, 40.771451 ], [ -111.936839, 40.771158 ], [ -111.933574, 40.768649 ], [ -111.931979, 40.768984 ], [ -111.9293, 40.770992 ], [ -111.928704, 40.771444 ], [ -111.928637, 40.771524 ], [ -111.928639, 40.771884 ], [ -111.929518, 40.775591 ], [ -111.93036, 40.776644 ], [ -111.934699, 40.780294 ], [ -111.935414, 40.780787 ], [ -111.935774, 40.780779 ], [ -111.93726, 40.780375 ], [ -111.938368, 40.779979 ], [ -111.939412, 40.779531 ], [ -111.94335, 40.776522 ], [ -111.943349, 40.776162 ] ] ] } },
{ "type": "Feature", "properties": { "group_index": 0, "value": 900.0, "center": [ -111.93340759412935, 40.775820268126665 ], "point_id": "F19-75360" }, "geometry": { "type": "Polygon", "coordinates": [ [ [ -111.946417, 40.778085 ], [ -111.946417, 40.778085 ], [ -111.946417, 40.778055 ], [ -111.946332, 40.777532 ], [ -111.945242, 40.776334 ], [ -111.942427, 40.771667 ], [ -111.94226, 40.77153 ], [ -111.939205, 40.768992 ], [ -111.93832, 40.768662 ], [ -111.935172, 40.767487 ], [ -111.934812, 40.767499 ], [ -111.930242, 40.768993 ], [ -111.925397, 40.769933 ], [ -111.92378, 40.771407 ], [ -111.923711, 40.771513 ], [ -111.923711, 40.771873 ], [ -111.926342, 40.776391 ], [ -111.92682, 40.777659 ], [ -111.926966, 40.778026 ], [ -111.92714, 40.778204 ], [ -111.930235, 40.780976 ], [ -111.932223, 40.782128 ], [ -111.932583, 40.782129 ], [ -111.93621, 40.782116 ], [ -111.939086, 40.783161 ], [ -111.939222, 40.783162 ], [ -111.939757, 40.783091 ], [ -111.943968, 40.780057 ], [ -111.946275, 40.778266 ], [ -111.946417, 40.778115 ], [ -111.946417, 40.778085 ] ] ] } },
{ "type": "Feature", "properties": { "group_index": 0, "value": 300.0, "center": [ -111.87709106018065, 40.71256465087992 ], "point_id": "F10-27766" }, "geometry": { "type": "Polygon", "coordinates": [ [ [ -111.882036, 40.712382 ], [ -111.878991, 40.710073 ], [ -111.87709, 40.70872 ], [ -111.876986, 40.708732 ], [ -111.876417, 40.709155 ], [ -111.872276, 40.712478 ], [ -111.872282, 40.712838 ], [ -111.872377, 40.712934 ], [ -111.873841, 40.714035 ], [ -111.873944, 40.714113 ], [ -111.874794, 40.714738 ], [ -111.876968, 40.716399 ], [ -111.876983, 40.716399 ], [ -111.879821, 40.714426 ], [ -111.880237, 40.714128 ], [ -111.881838, 40.712907 ], [ -111.882033, 40.712742 ], [ -111.882036, 40.712382 ] ] ] } },
{ "type": "Feature", "properties": { "group_index": 0, "value": 600.0, "center": [ -111.87709106018065, 40.71256465087992 ], "point_id": "F10-27766" }, "geometry": { "type": "Polygon", "coordinates": [ [ [ -111.887109, 40.712527 ], [ -111.886977, 40.712385 ], [ -111.885983, 40.711625 ], [ -111.885902, 40.711562 ], [ -111.884805, 40.710721 ], [ -111.884266, 40.710311 ], [ -111.882835, 40.709265 ], [ -111.878744, 40.706155 ], [ -111.877207, 40.705152 ], [ -111.876847, 40.70515 ], [ -111.876734, 40.705219 ], [ -111.87449, 40.706879 ], [ -111.871032, 40.709692 ], [ -111.867104, 40.712418 ], [ -111.867106, 40.712778 ], [ -111.870536, 40.715344 ], [ -111.873194, 40.717359 ], [ -111.873284, 40.717429 ], [ -111.875753, 40.719258 ], [ -111.875929, 40.719391 ], [ -111.876669, 40.719905 ], [ -111.876773, 40.719974 ], [ -111.877133, 40.71998 ], [ -111.880945, 40.717812 ], [ -111.883927, 40.715487 ], [ -111.886864, 40.71291 ], [ -111.887109, 40.712565 ], [ -111.887109, 40.712527 ] ] ] } },
{ "type": "Feature", "properties": { "group_index": 0, "value": 900.0, "center": [ -111.87709106018065, 40.71256465087992 ], "point_id": "F10-27766" }, "geometry": { "type": "Polygon", "coordinates": [ [ [ -111.891921, 40.712387 ], [ -111.889985, 40.71088 ], [ -111.886633, 40.708284 ], [ -111.885199, 40.707197 ], [ -111.88316, 40.705652 ], [ -111.883081, 40.705593 ], [ -111.883, 40.705533 ], [ -111.878611, 40.702422 ], [ -111.87742, 40.70152 ], [ -111.877224, 40.701414 ], [ -111.876864, 40.701411 ], [ -111.876762, 40.701474 ], [ -111.874702, 40.702927 ], [ -111.873055, 40.704193 ], [ -111.871593, 40.705326 ], [ -111.867758, 40.708336 ], [ -111.864666, 40.710622 ], [ -111.863123, 40.711818 ], [ -111.862392, 40.712506 ], [ -111.862334, 40.712589 ], [ -111.862334, 40.712604 ], [ -111.862392, 40.712866 ], [ -111.865158, 40.715105 ], [ -111.867585, 40.716857 ], [ -111.87117, 40.719577 ], [ -111.874807, 40.722571 ], [ -111.876539, 40.723592 ], [ -111.876654, 40.723655 ], [ -111.876749, 40.723679 ], [ -111.877109, 40.723681 ], [ -111.878894, 40.722518 ], [ -111.880855, 40.721135 ], [ -111.882812, 40.719706 ], [ -111.883863, 40.718916 ], [ -111.885045, 40.718024 ], [ -111.886457, 40.716977 ], [ -111.888837, 40.715215 ], [ -111.89093, 40.713589 ], [ -111.891838, 40.712828 ], [ -111.891921, 40.712747 ], [ -111.891921, 40.712387 ] ] ] } },
{ "type": "Feature", "properties": { "group_index": 0, "value": 300.0, "center": [ -111.88261686744049, 40.74175922840355 ], "point_id": "F13-34814" }, "geometry": { "type": "Polygon", "coordinates": [ [ [ -111.88764, 40.741722 ], [ -111.887407, 40.741418 ], [ -111.887317, 40.741335 ], [ -111.884258, 40.738653 ], [ -111.882829, 40.738014 ], [ -111.882469, 40.738015 ], [ -111.882343, 40.738106 ], [ -111.880816, 40.739206 ], [ -111.880048, 40.739771 ], [ -111.877527, 40.741539 ], [ -111.877538, 40.741899 ], [ -111.879012, 40.74297 ], [ -111.88081, 40.744318 ], [ -111.881764, 40.745051 ], [ -111.882438, 40.745506 ], [ -111.882798, 40.745506 ], [ -111.883624, 40.745087 ], [ -111.886057, 40.743085 ], [ -111.886951, 40.742345 ], [ -111.887475, 40.7419 ], [ -111.88764, 40.741737 ], [ -111.88764, 40.741722 ] ] ] } },
{ "type": "Feature", "properties": { "group_index": 0, "value": 600.0, "center": [ -111.88261686744049, 40.74175922840355 ], "point_id": "F13-34814" }, "geometry": { "type": "Polygon", "coordinates": [ [ [ -111.892493, 40.741264 ], [ -111.88997, 40.739457 ], [ -111.886054, 40.736608 ], [ -111.884164, 40.735253 ], [ -111.882638, 40.734147 ], [ -111.882618, 40.734147 ], [ -111.882059, 40.734517 ], [ -111.88196, 40.734589 ], [ -111.879727, 40.736253 ], [ -111.876998, 40.738294 ], [ -111.875952, 40.739072 ], [ -111.874099, 40.740489 ], [ -111.872994, 40.741381 ], [ -111.872906, 40.74147 ], [ -111.872796, 40.741897 ], [ -111.872807, 40.742256 ], [ -111.875221, 40.744176 ], [ -111.878988, 40.746715 ], [ -111.882335, 40.749179 ], [ -111.882447, 40.749246 ], [ -111.882807, 40.749242 ], [ -111.884191, 40.748276 ], [ -111.885872, 40.747027 ], [ -111.889092, 40.744735 ], [ -111.89067, 40.743455 ], [ -111.892388, 40.741867 ], [ -111.892497, 40.741624 ], [ -111.892493, 40.741264 ] ] ] } },
{ "type": "Feature", "properties": { "group_index": 0, "value": 900.0, "center": [ -111.88261686744049, 40.74175922840355 ], "point_id": "F13-34814" }, "geometry": { "type": "Polygon", "coordinates": [ [ [ -111.8973, 40.741397 ], [ -111.897198, 40.741319 ], [ -111.894294, 40.739059 ], [ -111.891036, 40.736505 ], [ -111.887162, 40.733547 ], [ -111.884024, 40.731257 ], [ -111.882698, 40.730429 ], [ -111.882638, 40.730429 ], [ -111.882435, 40.730488 ], [ -111.88091, 40.731358 ], [ -111.876407, 40.734971 ], [ -111.87433, 40.736524 ], [ -111.872773, 40.737724 ], [ -111.872695, 40.737784 ], [ -111.871714, 40.738531 ], [ -111.867814, 40.741383 ], [ -111.867816, 40.741743 ], [ -111.867914, 40.742117 ], [ -111.871459, 40.745695 ], [ -111.876326, 40.748607 ], [ -111.878444, 40.750124 ], [ -111.879376, 40.750836 ], [ -111.881104, 40.752136 ], [ -111.881319, 40.752294 ], [ -111.882115, 40.752849 ], [ -111.882304, 40.752923 ], [ -111.882525, 40.752931 ], [ -111.882885, 40.752929 ], [ -111.883947, 40.752587 ], [ -111.886934, 40.749995 ], [ -111.888953, 40.748636 ], [ -111.892655, 40.74598 ], [ -111.89374, 40.745097 ], [ -111.895613, 40.743448 ], [ -111.896856, 40.742218 ], [ -111.897299, 40.741757 ], [ -111.8973, 40.741397 ] ] ] } },
{ "type": "Feature", "properties": { "group_index": 0, "value": 300.0, "center": [ -111.89587823582481, 40.674074644662255 ], "point_id": "F19-75420" }, "geometry": { "type": "Polygon", "coordinates": [ [ [ -111.899589, 40.672976 ], [ -111.899276, 40.6728 ], [ -111.897058, 40.67159 ], [ -111.895109, 40.67093 ], [ -111.89475, 40.670912 ], [ -111.891409, 40.673533 ], [ -111.891295, 40.673636 ], [ -111.891263, 40.674312 ], [ -111.891312, 40.674373 ], [ -111.893698, 40.676502 ], [ -111.893887, 40.676566 ], [ -111.894064, 40.676618 ], [ -111.896412, 40.677098 ], [ -111.896768, 40.677046 ], [ -111.899484, 40.673321 ], [ -111.899525, 40.673247 ], [ -111.899589, 40.672976 ] ] ] } },
{ "type": "Feature", "properties": { "group_index": 0, "value": 600.0, "center": [ -111.89587823582481, 40.674074644662255 ], "point_id": "F19-75420" }, "geometry": { "type": "Polygon", "coordinates": [ [ [ -111.903295, 40.674093 ], [ -111.90073, 40.669841 ], [ -111.900033, 40.669383 ], [ -111.89699, 40.667843 ], [ -111.895104, 40.667178 ], [ -111.894744, 40.667181 ], [ -111.89431, 40.66738 ], [ -111.890114, 40.670357 ], [ -111.888321, 40.671494 ], [ -111.888212, 40.671577 ], [ -111.888029, 40.671845 ], [ -111.886423, 40.674162 ], [ -111.886424, 40.674192 ], [ -111.886564, 40.674369 ], [ -111.886629, 40.674437 ], [ -111.886792, 40.674588 ], [ -111.889635, 40.677197 ], [ -111.890953, 40.678268 ], [ -111.89248, 40.679357 ], [ -111.894075, 40.679849 ], [ -111.896886, 40.679735 ], [ -111.897058, 40.679722 ], [ -111.899743, 40.676819 ], [ -111.903294, 40.674453 ], [ -111.903295, 40.674093 ] ] ] } },
{ "type": "Feature", "properties": { "group_index": 0, "value": 900.0, "center": [ -111.89587823582481, 40.674074644662255 ], "point_id": "F19-75420" }, "geometry": { "type": "Polygon", "coordinates": [ [ [ -111.9078, 40.674559 ], [ -111.906032, 40.672586 ], [ -111.905921, 40.672536 ], [ -111.90568, 40.672511 ], [ -111.902293, 40.667601 ], [ -111.902299, 40.667241 ], [ -111.89921, 40.665736 ], [ -111.89885, 40.665739 ], [ -111.893509, 40.665571 ], [ -111.89249, 40.66493 ], [ -111.89213, 40.664932 ], [ -111.891366, 40.66542 ], [ -111.890687, 40.6659 ], [ -111.889762, 40.666648 ], [ -111.885353, 40.66962 ], [ -111.88509, 40.669865 ], [ -111.883164, 40.671742 ], [ -111.883061, 40.671855 ], [ -111.881622, 40.674022 ], [ -111.881624, 40.674382 ], [ -111.881715, 40.674516 ], [ -111.881852, 40.674647 ], [ -111.883939, 40.675196 ], [ -111.886899, 40.678125 ], [ -111.887662, 40.679404 ], [ -111.888199, 40.679835 ], [ -111.888313, 40.679922 ], [ -111.891222, 40.682172 ], [ -111.89123, 40.682172 ], [ -111.893529, 40.681127 ], [ -111.893741, 40.681052 ], [ -111.899563, 40.680398 ], [ -111.899923, 40.680397 ], [ -111.903932, 40.676793 ], [ -111.905643, 40.676272 ], [ -111.907327, 40.675223 ], [ -111.907471, 40.675129 ], [ -111.907751, 40.674915 ], [ -111.9078, 40.674559 ] ] ] } },
{ "type": "Feature", "properties": { "group_index": 0, "value": 300.0, "center": [ -112.01731443612923, 40.69680964846944 ], "point_id": "F20-80841" }, "geometry": { "type": "Polygon", "coordinates": [ [ [ -112.022175, 40.696414 ], [ -112.02213, 40.696322 ], [ -112.021985, 40.696222 ], [ -112.021453, 40.695907 ], [ -112.021093, 40.695909 ], [ -112.015565, 40.694437 ], [ -112.015206, 40.694438 ], [ -112.01501, 40.694495 ], [ -112.012684, 40.696395 ], [ -112.012685, 40.696755 ], [ -112.01311, 40.697364 ], [ -112.015956, 40.699842 ], [ -112.017126, 40.699905 ], [ -112.017671, 40.699907 ], [ -112.018215, 40.699908 ], [ -112.021399, 40.697393 ], [ -112.022185, 40.696774 ], [ -112.022175, 40.696414 ] ] ] } },
{ "type": "Feature", "properties": { "group_index": 0, "value": 600.0, "center": [ -112.01731443612923, 40.69680964846944 ], "point_id": "F20-80841" }, "geometry": { "type": "Polygon", "coordinates": [ [ [ -112.027138, 40.696605 ], [ -112.027158, 40.696246 ], [ -112.024974, 40.694567 ], [ -112.023598, 40.693567 ], [ -112.021432, 40.69216 ], [ -112.016573, 40.691114 ], [ -112.015561, 40.690674 ], [ -112.015204, 40.690723 ], [ -112.015079, 40.690765 ], [ -112.014065, 40.691447 ], [ -112.009392, 40.695091 ], [ -112.009319, 40.695144 ], [ -112.008487, 40.695739 ], [ -112.007742, 40.696398 ], [ -112.007742, 40.696758 ], [ -112.007851, 40.696866 ], [ -112.01192, 40.700719 ], [ -112.014697, 40.702784 ], [ -112.015057, 40.702783 ], [ -112.020787, 40.701041 ], [ -112.022613, 40.700397 ], [ -112.023055, 40.700081 ], [ -112.027112, 40.69682 ], [ -112.027138, 40.696605 ] ] ] } },
{ "type": "Feature", "properties": { "group_index": 0, "value": 900.0, "center": [ -112.01731443612923, 40.69680964846944 ], "point_id": "F20-80841" }, "geometry": { "type": "Polygon", "coordinates": [ [ [ -112.032193, 40.696597 ], [ -112.032196, 40.696237 ], [ -112.029189, 40.691681 ], [ -112.025158, 40.689463 ], [ -112.021854, 40.688703 ], [ -112.021545, 40.688702 ], [ -112.021236, 40.688702 ], [ -112.015528, 40.686941 ], [ -112.015318, 40.686839 ], [ -112.014958, 40.686841 ], [ -112.012203, 40.688542 ], [ -112.009392, 40.690881 ], [ -112.00542, 40.694318 ], [ -112.003157, 40.696104 ], [ -112.002892, 40.696308 ], [ -112.002799, 40.696406 ], [ -112.0028, 40.696766 ], [ -112.006849, 40.700733 ], [ -112.011248, 40.703908 ], [ -112.01144, 40.704034 ], [ -112.015444, 40.704613 ], [ -112.015562, 40.704611 ], [ -112.018186, 40.704121 ], [ -112.020949, 40.703652 ], [ -112.021091, 40.703618 ], [ -112.025244, 40.702378 ], [ -112.029643, 40.698942 ], [ -112.032154, 40.696835 ], [ -112.032193, 40.696597 ] ] ] } },
{ "type": "Feature", "properties": { "group_index": 0, "value": 300.0, "center": [ -111.71240128386037, 40.33450097438822 ], "point_id": "F20-80020" }, "geometry": { "type": "Polygon", "coordinates": [ [ [ -111.716082, 40.335296 ], [ -111.716074, 40.334936 ], [ -111.71584, 40.333933 ], [ -111.715419, 40.333622 ], [ -111.713018, 40.332873 ], [ -111.712763, 40.332848 ], [ -111.712485, 40.333076 ], [ -111.712042, 40.333553 ], [ -111.711961, 40.333642 ], [ -111.711827, 40.335033 ], [ -111.71182, 40.335558 ], [ -111.711858, 40.3357 ], [ -111.71198, 40.335835 ], [ -111.712152, 40.335895 ], [ -111.715255, 40.336705 ], [ -111.715523, 40.336796 ], [ -111.715808, 40.336577 ], [ -111.716088, 40.33633 ], [ -111.716082, 40.335296 ] ] ] } },
{ "type": "Feature", "properties": { "group_index": 0, "value": 600.0, "center": [ -111.71240128386037, 40.33450097438822 ], "point_id": "F20-80020" }, "geometry": { "type": "Polygon", "coordinates": [ [ [ -111.720071, 40.337455 ], [ -111.720093, 40.337304 ], [ -111.720245, 40.333861 ], [ -111.720245, 40.333501 ], [ -111.720155, 40.333423 ], [ -111.718368, 40.331976 ], [ -111.716483, 40.33064 ], [ -111.715351, 40.329908 ], [ -111.710426, 40.32971 ], [ -111.710147, 40.329938 ], [ -111.709171, 40.330788 ], [ -111.709105, 40.330855 ], [ -111.708377, 40.331595 ], [ -111.707039, 40.333664 ], [ -111.70704, 40.334024 ], [ -111.707708, 40.334859 ], [ -111.712462, 40.338272 ], [ -111.715271, 40.3404 ], [ -111.715631, 40.340396 ], [ -111.718147, 40.339923 ], [ -111.71839, 40.339815 ], [ -111.720039, 40.337632 ], [ -111.720071, 40.337455 ] ] ] } },
{ "type": "Feature", "properties": { "group_index": 0, "value": 900.0, "center": [ -111.71240128386037, 40.33450097438822 ], "point_id": "F20-80020" }, "geometry": { "type": "Polygon", "coordinates": [ [ [ -111.725252, 40.333716 ], [ -111.725246, 40.333645 ], [ -111.725211, 40.33347 ], [ -111.725195, 40.333445 ], [ -111.725183, 40.333426 ], [ -111.720928, 40.33037 ], [ -111.71947, 40.328976 ], [ -111.717228, 40.32742 ], [ -111.715338, 40.32616 ], [ -111.715282, 40.326158 ], [ -111.715077, 40.326259 ], [ -111.714009, 40.327103 ], [ -111.708957, 40.326546 ], [ -111.708164, 40.32641 ], [ -111.707849, 40.326416 ], [ -111.707833, 40.326416 ], [ -111.707131, 40.327218 ], [ -111.703724, 40.331714 ], [ -111.70211, 40.333687 ], [ -111.702112, 40.334047 ], [ -111.702489, 40.334883 ], [ -111.705848, 40.336858 ], [ -111.707548, 40.3382 ], [ -111.70892, 40.339429 ], [ -111.71073, 40.340813 ], [ -111.715316, 40.344147 ], [ -111.715676, 40.344142 ], [ -111.720872, 40.34318 ], [ -111.721127, 40.342925 ], [ -111.721752, 40.342025 ], [ -111.725146, 40.337297 ], [ -111.725252, 40.333716 ] ] ] } },
{ "type": "Feature", "properties": { "group_index": 0, "value": 300.0, "center": [ -112.00330213760134, 41.306064470463824 ], "point_id": "F10-16610" }, "geometry": { "type": "Polygon", "coordinates": [ [ [ -112.007702, 41.306537 ], [ -112.004359, 41.303611 ], [ -112.002377, 41.303008 ], [ -112.002195, 41.303056 ], [ -112.000468, 41.304123 ], [ -111.998701, 41.30651 ], [ -111.9987, 41.30687 ], [ -112.002892, 41.309677 ], [ -112.003252, 41.309683 ], [ -112.006195, 41.307794 ], [ -112.007701, 41.306897 ], [ -112.007702, 41.306537 ] ] ] } },
{ "type": "Feature", "properties": { "group_index": 0, "value": 600.0, "center": [ -112.00330213760134, 41.306064470463824 ], "point_id": "F10-16610" }, "geometry": { "type": "Polygon", "coordinates": [ [ [ -112.012018, 41.306538 ], [ -112.011921, 41.306266 ], [ -112.011634, 41.306271 ], [ -112.007253, 41.302473 ], [ -112.006452, 41.301406 ], [ -112.002466, 41.300016 ], [ -111.999583, 41.299905 ], [ -111.99938, 41.299966 ], [ -111.999113, 41.300207 ], [ -111.995484, 41.30406 ], [ -111.992785, 41.306024 ], [ -111.992742, 41.306381 ], [ -111.994392, 41.30742 ], [ -111.99554, 41.307441 ], [ -111.997576, 41.307671 ], [ -112.001928, 41.310376 ], [ -112.001786, 41.312493 ], [ -112.001782, 41.312853 ], [ -112.002783, 41.31342 ], [ -112.003143, 41.313432 ], [ -112.00452, 41.312493 ], [ -112.008793, 41.310974 ], [ -112.00908, 41.310757 ], [ -112.00985, 41.309852 ], [ -112.012017, 41.306898 ], [ -112.012018, 41.306538 ] ] ] } },
{ "type": "Feature", "properties": { "group_index": 0, "value": 900.0, "center": [ -112.00330213760134, 41.306064470463824 ], "point_id": "F10-16610" }, "geometry": { "type": "Polygon", "coordinates": [ [ [ -112.017364, 41.306528 ], [ -112.014644, 41.30472 ], [ -112.014429, 41.304724 ], [ -112.014214, 41.304728 ], [ -112.014214, 41.304728 ], [ -112.013998, 41.304732 ], [ -112.013783, 41.304736 ], [ -112.011634, 41.306271 ], [ -112.007253, 41.302473 ], [ -112.006452, 41.301406 ], [ -112.005676, 41.300164 ], [ -112.005555, 41.299928 ], [ -112.004678, 41.298768 ], [ -112.000907, 41.297455 ], [ -111.997656, 41.296851 ], [ -111.997024, 41.296808 ], [ -111.996788, 41.296803 ], [ -111.996362, 41.29702 ], [ -111.996282, 41.297114 ], [ -111.996244, 41.297203 ], [ -111.996168, 41.297893 ], [ -111.996166, 41.298102 ], [ -111.996163, 41.29831 ], [ -111.995898, 41.299739 ], [ -111.991836, 41.30283 ], [ -111.991497, 41.302952 ], [ -111.990495, 41.303985 ], [ -111.989005, 41.305573 ], [ -111.988961, 41.30593 ], [ -111.991879, 41.308898 ], [ -111.992175, 41.309156 ], [ -111.992218, 41.309157 ], [ -111.994384, 41.308179 ], [ -111.997576, 41.307671 ], [ -112.000559, 41.312426 ], [ -111.999692, 41.314281 ], [ -111.999682, 41.314568 ], [ -111.999672, 41.314855 ], [ -112.001247, 41.316195 ], [ -112.002579, 41.317177 ], [ -112.002939, 41.317186 ], [ -112.003029, 41.317177 ], [ -112.004511, 41.316253 ], [ -112.008072, 41.314575 ], [ -112.011238, 41.314239 ], [ -112.011526, 41.314024 ], [ -112.012394, 41.312665 ], [ -112.012459, 41.312522 ], [ -112.015664, 41.308176 ], [ -112.017366, 41.306888 ], [ -112.017364, 41.306528 ] ] ] } },
{ "type": "Feature", "properties": { "group_index": 0, "value": 300.0, "center": [ -112.01806805541068, 41.10321237606974 ], "point_id": "F22-88221" }, "geometry": { "type": "Polygon", "coordinates": [ [ [ -112.022733, 41.103109 ], [ -112.022715, 41.103027 ], [ -112.022654, 41.102757 ], [ -112.022636, 41.102676 ], [ -112.017853, 41.10001 ], [ -112.017495, 41.100191 ], [ -112.016384, 41.101255 ], [ -112.014598, 41.103227 ], [ -112.0146, 41.103587 ], [ -112.014663, 41.10374 ], [ -112.014792, 41.10388 ], [ -112.015758, 41.104573 ], [ -112.018067, 41.105816 ], [ -112.018441, 41.105875 ], [ -112.018703, 41.105902 ], [ -112.02023, 41.105825 ], [ -112.020589, 41.105806 ], [ -112.021581, 41.105535 ], [ -112.021866, 41.105314 ], [ -112.022693, 41.103721 ], [ -112.022733, 41.103109 ] ] ] } },
{ "type": "Feature", "properties": { "group_index": 0, "value": 600.0, "center": [ -112.01806805541068, 41.10321237606974 ], "point_id": "F22-88221" }, "geometry": { "type": "Polygon", "coordinates": [ [ [ -112.023235, 41.100424 ], [ -112.017853, 41.10001 ], [ -112.017188, 41.09914 ], [ -112.017065, 41.098981 ], [ -112.01691, 41.09879 ], [ -112.016293, 41.098076 ], [ -112.016108, 41.097839 ], [ -112.015888, 41.097567 ], [ -112.01574, 41.097462 ], [ -112.014312, 41.096357 ], [ -112.014027, 41.096576 ], [ -112.01172, 41.100018 ], [ -112.009647, 41.103221 ], [ -112.009647, 41.103581 ], [ -112.009695, 41.103707 ], [ -112.009826, 41.103846 ], [ -112.012824, 41.106797 ], [ -112.013357, 41.107335 ], [ -112.013506, 41.10739 ], [ -112.016138, 41.108316 ], [ -112.020795, 41.108813 ], [ -112.021159, 41.108777 ], [ -112.021411, 41.10852 ], [ -112.022046, 41.107585 ], [ -112.022544, 41.106717 ], [ -112.027286, 41.104472 ], [ -112.027462, 41.104158 ], [ -112.023235, 41.100424 ] ] ] } },
{ "type": "Feature", "properties": { "group_index": 0, "value": 900.0, "center": [ -112.01806805541068, 41.10321237606974 ], "point_id": "F22-88221" }, "geometry": { "type": "Polygon", "coordinates": [ [ [ -112.03118, 41.105034 ], [ -112.031025, 41.104709 ], [ -112.03, 41.104478 ], [ -112.025687, 41.103076 ], [ -112.024253, 41.101544 ], [ -112.023235, 41.100424 ], [ -112.023048, 41.100218 ], [ -112.021381, 41.098101 ], [ -112.020325, 41.096948 ], [ -112.019269, 41.095795 ], [ -112.013638, 41.094261 ], [ -112.013023, 41.09397 ], [ -112.012883, 41.093945 ], [ -112.012417, 41.093879 ], [ -112.01224, 41.093872 ], [ -112.012175, 41.0939 ], [ -112.008941, 41.096742 ], [ -112.007077, 41.099155 ], [ -112.004645, 41.103228 ], [ -112.004646, 41.103588 ], [ -112.004723, 41.10371 ], [ -112.008463, 41.107376 ], [ -112.010602, 41.109046 ], [ -112.012856, 41.11063 ], [ -112.016034, 41.112044 ], [ -112.016088, 41.112068 ], [ -112.016448, 41.112067 ], [ -112.022219, 41.111107 ], [ -112.023647, 41.111638 ], [ -112.023877, 41.111658 ], [ -112.024091, 41.111656 ], [ -112.02434, 41.111396 ], [ -112.024611, 41.111104 ], [ -112.024669, 41.111017 ], [ -112.025126, 41.11011 ], [ -112.030331, 41.107957 ], [ -112.030598, 41.107716 ], [ -112.03118, 41.105034 ] ] ] } },
{ "type": "Feature", "properties": { "group_index": 0, "value": 300.0, "center": [ -111.98748113157919, 40.68307545262603 ], "point_id": "F20-82700" }, "geometry": { "type": "Polygon", "coordinates": [ [ [ -111.991157, 40.681901 ], [ -111.988728, 40.680079 ], [ -111.986783, 40.679973 ], [ -111.986423, 40.679974 ], [ -111.986149, 40.680171 ], [ -111.983822, 40.681868 ], [ -111.983572, 40.682075 ], [ -111.983407, 40.682252 ], [ -111.983407, 40.682257 ], [ -111.983407, 40.682257 ], [ -111.983407, 40.682261 ], [ -111.983986, 40.683756 ], [ -111.984191, 40.684086 ], [ -111.986457, 40.685518 ], [ -111.986639, 40.685528 ], [ -111.986865, 40.685527 ], [ -111.987943, 40.68474 ], [ -111.989539, 40.683567 ], [ -111.991157, 40.682261 ], [ -111.991157, 40.681901 ] ] ] } },
{ "type": "Feature", "properties": { "group_index": 0, "value": 600.0, "center": [ -111.98748113157919, 40.68307545262603 ], "point_id": "F20-82700" }, "geometry": { "type": "Polygon", "coordinates": [ [ [ -111.99621, 40.682047 ], [ -111.996099, 40.68189 ], [ -111.995722, 40.681469 ], [ -111.992032, 40.678695 ], [ -111.990248, 40.677513 ], [ -111.987136, 40.676326 ], [ -111.986793, 40.676228 ], [ -111.986433, 40.676225 ], [ -111.985889, 40.676588 ], [ -111.981393, 40.679595 ], [ -111.978831, 40.68186 ], [ -111.978595, 40.682173 ], [ -111.978594, 40.682195 ], [ -111.978788, 40.682424 ], [ -111.982337, 40.686335 ], [ -111.98289, 40.686993 ], [ -111.986442, 40.689264 ], [ -111.986802, 40.689269 ], [ -111.987847, 40.688486 ], [ -111.992456, 40.685644 ], [ -111.995465, 40.683022 ], [ -111.996098, 40.68225 ], [ -111.996217, 40.682097 ], [ -111.99621, 40.682047 ] ] ] } },
{ "type": "Feature", "properties": { "group_index": 0, "value": 900.0, "center": [ -111.98748113157919, 40.68307545262603 ], "point_id": "F20-82700" }, "geometry": { "type": "Polygon", "coordinates": [ [ [ -112.001038, 40.681881 ], [ -111.999652, 40.680618 ], [ -111.997522, 40.679096 ], [ -111.994479, 40.676554 ], [ -111.991663, 40.674578 ], [ -111.987708, 40.672497 ], [ -111.986666, 40.672471 ], [ -111.986306, 40.67247 ], [ -111.982775, 40.673994 ], [ -111.98264, 40.674327 ], [ -111.982366, 40.675327 ], [ -111.982318, 40.67548 ], [ -111.982365, 40.676836 ], [ -111.977361, 40.679492 ], [ -111.977001, 40.679498 ], [ -111.975964, 40.679674 ], [ -111.973817, 40.681941 ], [ -111.97382, 40.682301 ], [ -111.973882, 40.68243 ], [ -111.977385, 40.685606 ], [ -111.978804, 40.686432 ], [ -111.982207, 40.690186 ], [ -111.984286, 40.691744 ], [ -111.986457, 40.693014 ], [ -111.986817, 40.693013 ], [ -111.988901, 40.691877 ], [ -111.992981, 40.689289 ], [ -111.995941, 40.687051 ], [ -111.999102, 40.683946 ], [ -112.000433, 40.683034 ], [ -112.001041, 40.682241 ], [ -112.001038, 40.681881 ] ] ] } },
{ "type": "Feature", "properties": { "group_index": 0, "value": 300.0, "center": [ -111.94052095412238, 40.60927024895407 ], "point_id": "F19-69400" }, "geometry": { "type": "Polygon", "coordinates": [ [ [ -111.944909, 40.609162 ], [ -111.941371, 40.605922 ], [ -111.941074, 40.605965 ], [ -111.93894, 40.606508 ], [ -111.938495, 40.606632 ], [ -111.936971, 40.608049 ], [ -111.935771, 40.609212 ], [ -111.935773, 40.609572 ], [ -111.935941, 40.609708 ], [ -111.936116, 40.609844 ], [ -111.937688, 40.611109 ], [ -111.938574, 40.611827 ], [ -111.938766, 40.611928 ], [ -111.939126, 40.611928 ], [ -111.943064, 40.610914 ], [ -111.944544, 40.609809 ], [ -111.944939, 40.609521 ], [ -111.944909, 40.609162 ] ] ] } },
{ "type": "Feature", "properties": { "group_index": 0, "value": 600.0, "center": [ -111.94052095412238, 40.60927024895407 ], "point_id": "F19-69400" }, "geometry": { "type": "Polygon", "coordinates": [ [ [ -111.949614, 40.609328 ], [ -111.949606, 40.609225 ], [ -111.947096, 40.606769 ], [ -111.94505, 40.60472 ], [ -111.942894, 40.602984 ], [ -111.939076, 40.60286 ], [ -111.938716, 40.602862 ], [ -111.938384, 40.603079 ], [ -111.935151, 40.60565 ], [ -111.93098, 40.609357 ], [ -111.93098, 40.609717 ], [ -111.933895, 40.612697 ], [ -111.935758, 40.614781 ], [ -111.938947, 40.615779 ], [ -111.939307, 40.615774 ], [ -111.943945, 40.613857 ], [ -111.944137, 40.613771 ], [ -111.944724, 40.613437 ], [ -111.946821, 40.612188 ], [ -111.94842, 40.610754 ], [ -111.949615, 40.609688 ], [ -111.949614, 40.609328 ] ] ] } },
{ "type": "Feature", "properties": { "group_index": 0, "value": 900.0, "center": [ -111.94052095412238, 40.60927024895407 ], "point_id": "F19-69400" }, "geometry": { "type": "Polygon", "coordinates": [ [ [ -111.954593, 40.609474 ], [ -111.954539, 40.609292 ], [ -111.954144, 40.608812 ], [ -111.952942, 40.607979 ], [ -111.949583, 40.604537 ], [ -111.948693, 40.603593 ], [ -111.94804, 40.603226 ], [ -111.946039, 40.602251 ], [ -111.940606, 40.600434 ], [ -111.940127, 40.599899 ], [ -111.939039, 40.599037 ], [ -111.93892, 40.599037 ], [ -111.93834, 40.599268 ], [ -111.935684, 40.60041 ], [ -111.934226, 40.602199 ], [ -111.934302, 40.602551 ], [ -111.934674, 40.605899 ], [ -111.929767, 40.606742 ], [ -111.92958, 40.606743 ], [ -111.929393, 40.606743 ], [ -111.929138, 40.606818 ], [ -111.927589, 40.607608 ], [ -111.926071, 40.608637 ], [ -111.926044, 40.608996 ], [ -111.929083, 40.611884 ], [ -111.933649, 40.615669 ], [ -111.93751, 40.618532 ], [ -111.938598, 40.619297 ], [ -111.938958, 40.619299 ], [ -111.939723, 40.61894 ], [ -111.939795, 40.618895 ], [ -111.945266, 40.616627 ], [ -111.945415, 40.616576 ], [ -111.948368, 40.61463 ], [ -111.949276, 40.613947 ], [ -111.950102, 40.61332 ], [ -111.952062, 40.611732 ], [ -111.954461, 40.609758 ], [ -111.95459, 40.609568 ], [ -111.954593, 40.609474 ] ] ] } },
{ "type": "Feature", "properties": { "group_index": 0, "value": 300.0, "center": [ -111.91008942679903, 40.52836764240218 ], "point_id": "F10-27326" }, "geometry": { "type": "Polygon", "coordinates": [ [ [ -111.914577, 40.527077 ], [ -111.913615, 40.526596 ], [ -111.913094, 40.526513 ], [ -111.908748, 40.526027 ], [ -111.908388, 40.526019 ], [ -111.907398, 40.526762 ], [ -111.90667, 40.527806 ], [ -111.906651, 40.52794 ], [ -111.906744, 40.528288 ], [ -111.907477, 40.529457 ], [ -111.907835, 40.529882 ], [ -111.90884, 40.531035 ], [ -111.91015, 40.531883 ], [ -111.91051, 40.531885 ], [ -111.91277, 40.53055 ], [ -111.913967, 40.528635 ], [ -111.914586, 40.527437 ], [ -111.914577, 40.527077 ] ] ] } },
{ "type": "Feature", "properties": { "group_index": 0, "value": 600.0, "center": [ -111.91008942679903, 40.52836764240218 ], "point_id": "F10-27326" }, "geometry": { "type": "Polygon", "coordinates": [ [ [ -111.918651, 40.526363 ], [ -111.918632, 40.526135 ], [ -111.918507, 40.525775 ], [ -111.91834, 40.525456 ], [ -111.917891, 40.525478 ], [ -111.917608, 40.525531 ], [ -111.917393, 40.525626 ], [ -111.911555, 40.524684 ], [ -111.911059, 40.524182 ], [ -111.906873, 40.523487 ], [ -111.906514, 40.523501 ], [ -111.902831, 40.526463 ], [ -111.902658, 40.526613 ], [ -111.902534, 40.526743 ], [ -111.902534, 40.527103 ], [ -111.902786, 40.527297 ], [ -111.905806, 40.530643 ], [ -111.906705, 40.533198 ], [ -111.910166, 40.535631 ], [ -111.910526, 40.535631 ], [ -111.911148, 40.53541 ], [ -111.911206, 40.535361 ], [ -111.911536, 40.533653 ], [ -111.915661, 40.530315 ], [ -111.916738, 40.530514 ], [ -111.917304, 40.530668 ], [ -111.917446, 40.53068 ], [ -111.918651, 40.526363 ] ] ] } },
{ "type": "Feature", "properties": { "group_index": 0, "value": 900.0, "center": [ -111.91008942679903, 40.52836764240218 ], "point_id": "F10-27326" }, "geometry": { "type": "Polygon", "coordinates": [ [ [ -111.922806, 40.526673 ], [ -111.921981, 40.523883 ], [ -111.921809, 40.523567 ], [ -111.921632, 40.523425 ], [ -111.921501, 40.523407 ], [ -111.921476, 40.523408 ], [ -111.92059, 40.523896 ], [ -111.919811, 40.524317 ], [ -111.918823, 40.524865 ], [ -111.917838, 40.525412 ], [ -111.912909, 40.522021 ], [ -111.912888, 40.521822 ], [ -111.912859, 40.521582 ], [ -111.91278, 40.521357 ], [ -111.912702, 40.521132 ], [ -111.9085, 40.520099 ], [ -111.908383, 40.52008 ], [ -111.905638, 40.519967 ], [ -111.905413, 40.520105 ], [ -111.905387, 40.520421 ], [ -111.903188, 40.524538 ], [ -111.900012, 40.524706 ], [ -111.899833, 40.524686 ], [ -111.899653, 40.524666 ], [ -111.897778, 40.526464 ], [ -111.897632, 40.526745 ], [ -111.897638, 40.527105 ], [ -111.897861, 40.527273 ], [ -111.898856, 40.527944 ], [ -111.898959, 40.527979 ], [ -111.901003, 40.528216 ], [ -111.901404, 40.528216 ], [ -111.905806, 40.530643 ], [ -111.905542, 40.532931 ], [ -111.906265, 40.536453 ], [ -111.906266, 40.536813 ], [ -111.91017, 40.539422 ], [ -111.91053, 40.539425 ], [ -111.914954, 40.53715 ], [ -111.915395, 40.536328 ], [ -111.918616, 40.531686 ], [ -111.921388, 40.529445 ], [ -111.921591, 40.529148 ], [ -111.922592, 40.527642 ], [ -111.922657, 40.527483 ], [ -111.922806, 40.526673 ] ] ] } },
{ "type": "Feature", "properties": { "group_index": 0, "value": 300.0, "center": [ -112.06757566306564, 41.303877026907124 ], "point_id": "F21-87205" }, "geometry": { "type": "Polygon", "coordinates": [ [ [ -112.07085, 41.305055 ], [ -112.066922, 41.300778 ], [ -112.066562, 41.300773 ], [ -112.064859, 41.3019 ], [ -112.064271, 41.304928 ], [ -112.064269, 41.305288 ], [ -112.064607, 41.305291 ], [ -112.064945, 41.305293 ], [ -112.069934, 41.305396 ], [ -112.070388, 41.305406 ], [ -112.070843, 41.305415 ], [ -112.07085, 41.305055 ] ] ] } },
{ "type": "Feature", "properties": { "group_index": 0, "value": 600.0, "center": [ -112.06757566306564, 41.303877026907124 ], "point_id": "F21-87205" }, "geometry": { "type": "Polygon", "coordinates": [ [ [ -112.075981, 41.305331 ], [ -112.075981, 41.30533 ], [ -112.075981, 41.305306 ], [ -112.075835, 41.305146 ], [ -112.075265, 41.304721 ], [ -112.075129, 41.304656 ], [ -112.072655, 41.304531 ], [ -112.068818, 41.303653 ], [ -112.067671, 41.297867 ], [ -112.067676, 41.297507 ], [ -112.067008, 41.297033 ], [ -112.066648, 41.297025 ], [ -112.065954, 41.29748 ], [ -112.061947, 41.300139 ], [ -112.059287, 41.304831 ], [ -112.05928, 41.305191 ], [ -112.06085, 41.306634 ], [ -112.063211, 41.308257 ], [ -112.063571, 41.308267 ], [ -112.067815, 41.305164 ], [ -112.068785, 41.305189 ], [ -112.069934, 41.305396 ], [ -112.072173, 41.30649 ], [ -112.075977, 41.305477 ], [ -112.075981, 41.305331 ] ] ] } },
{ "type": "Feature", "properties": { "group_index": 0, "value": 900.0, "center": [ -112.06757566306564, 41.303877026907124 ], "point_id": "F21-87205" }, "geometry": { "type": "Polygon", "coordinates": [ [ [ -112.080823, 41.305217 ], [ -112.079783, 41.304403 ], [ -112.078922, 41.303788 ], [ -112.076032, 41.302913 ], [ -112.072755, 41.298068 ], [ -112.072761, 41.297761 ], [ -112.072663, 41.297578 ], [ -112.070613, 41.295955 ], [ -112.069447, 41.295107 ], [ -112.066905, 41.293652 ], [ -112.06654, 41.293646 ], [ -112.066174, 41.293641 ], [ -112.062033, 41.296644 ], [ -112.060968, 41.297386 ], [ -112.058808, 41.302484 ], [ -112.054296, 41.304798 ], [ -112.054296, 41.305158 ], [ -112.057282, 41.307414 ], [ -112.057642, 41.307426 ], [ -112.063375, 41.308846 ], [ -112.063571, 41.308267 ], [ -112.067815, 41.305164 ], [ -112.068785, 41.305189 ], [ -112.069934, 41.305396 ], [ -112.072173, 41.30649 ], [ -112.075563, 41.309219 ], [ -112.075699, 41.309261 ], [ -112.075733, 41.309262 ], [ -112.075916, 41.309148 ], [ -112.079766, 41.30556 ], [ -112.080817, 41.305577 ], [ -112.080823, 41.305217 ] ] ] } },
{ "type": "Feature", "properties": { "group_index": 0, "value": 300.0, "center": [ -111.86338501981521, 40.5592924751262 ], "point_id": "F11-29803" }, "geometry": { "type": "Polygon", "coordinates": [ [ [ -111.868151, 40.558485 ], [ -111.865604, 40.557192 ], [ -111.862896, 40.556479 ], [ -111.862536, 40.556474 ], [ -111.859741, 40.558102 ], [ -111.859191, 40.558579 ], [ -111.859192, 40.558939 ], [ -111.860379, 40.56069 ], [ -111.860705, 40.560995 ], [ -111.861974, 40.561759 ], [ -111.865399, 40.562254 ], [ -111.865757, 40.562219 ], [ -111.868149, 40.558845 ], [ -111.868151, 40.558485 ] ] ] } },
{ "type": "Feature", "properties": { "group_index": 0, "value": 600.0, "center": [ -111.86338501981521, 40.5592924751262 ], "point_id": "F11-29803" }, "geometry": { "type": "Polygon", "coordinates": [ [ [ -111.872556, 40.558645 ], [ -111.872545, 40.558541 ], [ -111.872294, 40.558311 ], [ -111.87059, 40.556803 ], [ -111.868992, 40.555462 ], [ -111.86711, 40.554669 ], [ -111.862938, 40.552732 ], [ -111.862578, 40.552728 ], [ -111.861586, 40.553345 ], [ -111.859067, 40.555016 ], [ -111.855502, 40.557697 ], [ -111.854183, 40.558558 ], [ -111.854042, 40.558651 ], [ -111.85406, 40.559011 ], [ -111.855474, 40.560627 ], [ -111.857962, 40.562767 ], [ -111.862592, 40.564637 ], [ -111.866865, 40.565275 ], [ -111.869684, 40.563004 ], [ -111.872553, 40.559005 ], [ -111.872556, 40.558645 ] ] ] } },
{ "type": "Feature", "properties": { "group_index": 0, "value": 900.0, "center": [ -111.86338501981521, 40.5592924751262 ], "point_id": "F11-29803" }, "geometry": { "type": "Polygon", "coordinates": [ [ [ -111.877482, 40.558624 ], [ -111.875671, 40.557047 ], [ -111.872218, 40.553864 ], [ -111.871119, 40.552913 ], [ -111.866006, 40.550869 ], [ -111.86545, 40.550147 ], [ -111.862938, 40.548982 ], [ -111.862578, 40.548983 ], [ -111.860243, 40.550653 ], [ -111.859752, 40.550999 ], [ -111.857274, 40.552727 ], [ -111.853215, 40.55564 ], [ -111.850278, 40.557659 ], [ -111.849346, 40.55859 ], [ -111.849247, 40.55872 ], [ -111.849219, 40.559079 ], [ -111.853186, 40.562471 ], [ -111.856904, 40.564656 ], [ -111.857218, 40.564831 ], [ -111.861765, 40.565231 ], [ -111.86635, 40.566664 ], [ -111.868167, 40.56749 ], [ -111.868497, 40.567609 ], [ -111.868827, 40.567728 ], [ -111.872317, 40.56512 ], [ -111.875578, 40.560595 ], [ -111.877479, 40.558984 ], [ -111.877482, 40.558624 ] ] ] } },
{ "type": "Feature", "properties": { "group_index": 0, "value": 300.0, "center": [ -112.00726596404864, 41.24473723052072 ], "point_id": "F20-82380" }, "geometry": { "type": "Polygon", "coordinates": [ [ [ -112.012067, 41.244469 ], [ -112.011831, 41.244289 ], [ -112.00965, 41.242662 ], [ -112.00929, 41.242664 ], [ -112.005833, 41.242649 ], [ -112.00578, 41.242648 ], [ -112.005352, 41.242649 ], [ -112.005121, 41.242651 ], [ -112.004889, 41.242654 ], [ -112.002835, 41.244105 ], [ -112.002468, 41.244376 ], [ -112.002464, 41.244736 ], [ -112.003315, 41.245412 ], [ -112.0086, 41.24737 ], [ -112.00896, 41.24737 ], [ -112.009114, 41.24735 ], [ -112.010158, 41.246681 ], [ -112.012066, 41.244829 ], [ -112.012067, 41.244469 ] ] ] } },
{ "type": "Feature", "properties": { "group_index": 0, "value": 600.0, "center": [ -112.00726596404864, 41.24473723052072 ], "point_id": "F20-82380" }, "geometry": { "type": "Polygon", "coordinates": [ [ [ -112.017052, 41.244525 ], [ -112.014446, 41.242529 ], [ -112.011284, 41.240096 ], [ -112.009614, 41.238808 ], [ -112.009254, 41.238812 ], [ -112.004289, 41.240651 ], [ -112.001591, 41.242925 ], [ -111.997485, 41.244315 ], [ -111.997481, 41.244675 ], [ -112.000518, 41.247167 ], [ -112.000829, 41.247349 ], [ -112.003971, 41.248521 ], [ -112.00847, 41.25031 ], [ -112.009403, 41.250611 ], [ -112.009763, 41.250608 ], [ -112.012001, 41.249211 ], [ -112.013486, 41.247874 ], [ -112.017048, 41.244885 ], [ -112.017052, 41.244525 ] ] ] } },
{ "type": "Feature", "properties": { "group_index": 0, "value": 900.0, "center": [ -112.00726596404864, 41.24473723052072 ], "point_id": "F20-82380" }, "geometry": { "type": "Polygon", "coordinates": [ [ [ -112.022047, 41.244899 ], [ -112.022049, 41.244776 ], [ -112.022039, 41.244599 ], [ -112.021875, 41.244593 ], [ -112.016675, 41.242175 ], [ -112.01649, 41.241761 ], [ -112.016297, 41.241332 ], [ -112.016116, 41.240947 ], [ -112.016015, 41.240696 ], [ -112.015859, 41.240347 ], [ -112.015702, 41.239998 ], [ -112.013441, 41.238391 ], [ -112.009498, 41.237506 ], [ -112.006987, 41.237072 ], [ -112.006524, 41.237023 ], [ -112.006061, 41.236975 ], [ -112.001508, 41.240223 ], [ -111.999819, 41.239963 ], [ -111.996076, 41.242903 ], [ -111.99396, 41.243008 ], [ -111.993637, 41.243168 ], [ -111.992502, 41.244253 ], [ -111.992498, 41.244613 ], [ -111.99405, 41.245818 ], [ -111.998135, 41.249961 ], [ -112.001683, 41.250729 ], [ -112.005947, 41.252843 ], [ -112.008908, 41.254352 ], [ -112.009251, 41.25446 ], [ -112.013139, 41.25189 ], [ -112.013604, 41.251121 ], [ -112.013829, 41.249786 ], [ -112.013863, 41.249669 ], [ -112.013852, 41.249523 ], [ -112.01363, 41.248865 ], [ -112.017048, 41.244885 ], [ -112.01909, 41.245805 ], [ -112.019514, 41.246098 ], [ -112.019971, 41.246409 ], [ -112.020026, 41.246408 ], [ -112.022026, 41.244959 ], [ -112.022047, 41.244899 ] ] ] } },
{ "type": "Feature", "properties": { "group_index": 0, "value": 300.0, "center": [ -112.02683403879588, 41.265590469894825 ], "point_id": "F17-59674" }, "geometry": { "type": "Polygon", "coordinates": [ [ [ -112.027553, 41.263656 ], [ -112.026513, 41.262898 ], [ -112.0258, 41.262745 ], [ -112.024715, 41.263397 ], [ -112.02477, 41.263752 ], [ -112.026391, 41.265513 ], [ -112.027064, 41.264838 ], [ -112.027492, 41.264011 ], [ -112.027553, 41.263656 ] ] ] } },
{ "type": "Feature", "properties": { "group_index": 0, "value": 600.0, "center": [ -112.02683403879588, 41.265590469894825 ], "point_id": "F17-59674" }, "geometry": { "type": "Polygon", "coordinates": [ [ [ -112.032815, 41.264238 ], [ -112.030201, 41.261105 ], [ -112.025423, 41.258949 ], [ -112.02507, 41.259023 ], [ -112.02111, 41.262637 ], [ -112.020394, 41.263295 ], [ -112.020388, 41.263655 ], [ -112.020805, 41.263661 ], [ -112.021223, 41.263667 ], [ -112.023467, 41.264086 ], [ -112.02697, 41.267853 ], [ -112.027733, 41.268162 ], [ -112.027845, 41.268144 ], [ -112.028014, 41.267997 ], [ -112.032742, 41.264591 ], [ -112.032815, 41.264238 ] ] ] } },
{ "type": "Feature", "properties": { "group_index": 0, "value": 900.0, "center": [ -112.02683403879588, 41.265590469894825 ], "point_id": "F17-59674" }, "geometry": { "type": "Polygon", "coordinates": [ [ [ -112.032347, 41.26891 ], [ -112.034259, 41.263297 ], [ -112.033954, 41.261131 ], [ -112.033597, 41.261082 ], [ -112.031016, 41.260517 ], [ -112.029953, 41.260619 ], [ -112.027949, 41.260405 ], [ -112.025301, 41.256412 ], [ -112.025293, 41.25517 ], [ -112.024933, 41.255172 ], [ -112.024941, 41.256415 ], [ -112.024948, 41.257657 ], [ -112.021233, 41.262056 ], [ -112.017398, 41.262582 ], [ -112.016561, 41.262582 ], [ -112.016125, 41.262638 ], [ -112.016132, 41.262992 ], [ -112.016353, 41.26383 ], [ -112.017854, 41.265511 ], [ -112.018564, 41.266007 ], [ -112.023937, 41.268327 ], [ -112.028012, 41.27177 ], [ -112.028372, 41.271776 ], [ -112.028563, 41.271706 ], [ -112.032301, 41.269267 ], [ -112.032347, 41.26891 ] ] ] } },
{ "type": "Feature", "properties": { "group_index": 0, "value": 300.0, "center": [ -111.9398504725996, 40.56032948731958 ], "point_id": "F16-50734" }, "geometry": { "type": "Polygon", "coordinates": [ [ [ -111.943572, 40.559396 ], [ -111.943571, 40.559036 ], [ -111.940593, 40.557692 ], [ -111.939656, 40.55766 ], [ -111.939481, 40.55766 ], [ -111.938718, 40.557745 ], [ -111.938316, 40.557919 ], [ -111.93793, 40.558184 ], [ -111.937708, 40.558353 ], [ -111.9359, 40.559719 ], [ -111.935801, 40.559798 ], [ -111.935695, 40.559914 ], [ -111.935692, 40.559968 ], [ -111.93579, 40.560314 ], [ -111.936699, 40.561931 ], [ -111.937074, 40.562325 ], [ -111.938683, 40.563653 ], [ -111.939042, 40.563683 ], [ -111.939789, 40.563029 ], [ -111.940503, 40.562339 ], [ -111.943542, 40.559556 ], [ -111.943572, 40.559396 ] ] ] } },
{ "type": "Feature", "properties": { "group_index": 0, "value": 600.0, "center": [ -111.9398504725996, 40.56032948731958 ], "point_id": "F16-50734" }, "geometry": { "type": "Polygon", "coordinates": [ [ [ -111.94786, 40.559473 ], [ -111.94681, 40.557309 ], [ -111.946497, 40.557131 ], [ -111.943636, 40.556525 ], [ -111.939299, 40.554165 ], [ -111.939126, 40.554039 ], [ -111.939031, 40.554011 ], [ -111.938671, 40.554013 ], [ -111.938511, 40.554106 ], [ -111.935906, 40.555683 ], [ -111.93414, 40.556867 ], [ -111.932404, 40.558863 ], [ -111.932215, 40.561928 ], [ -111.932207, 40.562288 ], [ -111.932363, 40.562431 ], [ -111.934527, 40.564113 ], [ -111.937065, 40.565994 ], [ -111.938496, 40.566999 ], [ -111.938678, 40.56708 ], [ -111.940656, 40.567305 ], [ -111.940995, 40.567182 ], [ -111.944801, 40.562909 ], [ -111.945358, 40.562507 ], [ -111.947822, 40.559906 ], [ -111.947865, 40.559833 ], [ -111.94786, 40.559473 ] ] ] } },
{ "type": "Feature", "properties": { "group_index": 0, "value": 900.0, "center": [ -111.9398504725996, 40.56032948731958 ], "point_id": "F16-50734" }, "geometry": { "type": "Polygon", "coordinates": [ [ [ -111.950734, 40.558392 ], [ -111.950721, 40.558033 ], [ -111.949366, 40.554059 ], [ -111.948925, 40.553051 ], [ -111.948496, 40.552532 ], [ -111.948136, 40.552532 ], [ -111.942219, 40.552074 ], [ -111.939045, 40.550265 ], [ -111.938685, 40.550266 ], [ -111.938517, 40.550358 ], [ -111.936634, 40.551456 ], [ -111.935011, 40.553415 ], [ -111.931099, 40.555241 ], [ -111.930695, 40.555366 ], [ -111.929104, 40.560056 ], [ -111.927161, 40.561711 ], [ -111.926944, 40.561984 ], [ -111.926896, 40.562341 ], [ -111.929106, 40.563884 ], [ -111.932481, 40.566248 ], [ -111.934362, 40.567988 ], [ -111.936259, 40.56959 ], [ -111.938503, 40.570747 ], [ -111.938689, 40.570791 ], [ -111.939049, 40.57079 ], [ -111.942079, 40.569881 ], [ -111.942403, 40.569723 ], [ -111.946331, 40.56601 ], [ -111.94838, 40.564175 ], [ -111.950106, 40.56257 ], [ -111.950427, 40.562263 ], [ -111.950734, 40.558392 ] ] ] } },
{ "type": "Feature", "properties": { "group_index": 0, "value": 300.0, "center": [ -111.71295718997689, 40.04527356096719 ], "point_id": "F19-69860" }, "geometry": { "type": "Polygon", "coordinates": [ [ [ -111.717397, 40.04431 ], [ -111.716326, 40.04351 ], [ -111.715665, 40.043169 ], [ -111.714257, 40.042583 ], [ -111.713897, 40.042568 ], [ -111.712242, 40.04276 ], [ -111.710743, 40.042916 ], [ -111.708313, 40.045632 ], [ -111.708373, 40.045987 ], [ -111.710696, 40.047243 ], [ -111.713499, 40.048259 ], [ -111.717261, 40.044801 ], [ -111.717408, 40.04467 ], [ -111.717397, 40.04431 ] ] ] } },
{ "type": "Feature", "properties": { "group_index": 0, "value": 600.0, "center": [ -111.71295718997689, 40.04527356096719 ], "point_id": "F19-69860" }, "geometry": { "type": "Polygon", "coordinates": [ [ [ -111.722299, 40.044323 ], [ -111.719781, 40.042294 ], [ -111.718439, 40.041195 ], [ -111.7178, 40.040732 ], [ -111.714015, 40.038759 ], [ -111.709117, 40.040409 ], [ -111.706233, 40.042563 ], [ -111.703535, 40.046445 ], [ -111.703595, 40.0468 ], [ -111.706997, 40.046928 ], [ -111.711162, 40.04869 ], [ -111.711305, 40.04879 ], [ -111.717293, 40.048596 ], [ -111.717437, 40.048622 ], [ -111.720882, 40.045871 ], [ -111.722296, 40.044683 ], [ -111.722299, 40.044323 ] ] ] } },
{ "type": "Feature", "properties": { "group_index": 0, "value": 900.0, "center": [ -111.71295718997689, 40.04527356096719 ], "point_id": "F19-69860" }, "geometry": { "type": "Polygon", "coordinates": [ [ [ -111.727192, 40.044341 ], [ -111.726983, 40.044131 ], [ -111.726306, 40.043482 ], [ -111.724735, 40.042316 ], [ -111.721057, 40.03953 ], [ -111.719751, 40.038523 ], [ -111.71719, 40.037341 ], [ -111.711966, 40.036467 ], [ -111.709159, 40.036662 ], [ -111.704148, 40.039947 ], [ -111.701288, 40.042495 ], [ -111.698753, 40.047245 ], [ -111.698812, 40.0476 ], [ -111.699555, 40.047829 ], [ -111.703595, 40.0468 ], [ -111.706997, 40.046928 ], [ -111.711162, 40.04869 ], [ -111.711305, 40.04879 ], [ -111.713499, 40.048259 ], [ -111.717533, 40.050728 ], [ -111.71777, 40.05104 ], [ -111.717978, 40.051301 ], [ -111.718377, 40.051801 ], [ -111.718546, 40.051845 ], [ -111.718594, 40.051844 ], [ -111.718735, 40.051765 ], [ -111.72215, 40.048807 ], [ -111.725776, 40.045893 ], [ -111.727083, 40.044805 ], [ -111.727192, 40.044701 ], [ -111.727192, 40.044341 ] ] ] } },
{ "type": "Feature", "properties": { "group_index": 0, "value": 300.0, "center": [ -111.71232498433383, 40.043789035381664 ], "point_id": "F21-87060" }, "geometry": { "type": "Polygon", "coordinates": [ [ [ -111.716048, 40.043116 ], [ -111.716038, 40.042873 ], [ -111.715946, 40.042586 ], [ -111.714279, 40.041345 ], [ -111.714096, 40.041242 ], [ -111.713895, 40.041243 ], [ -111.709095, 40.042346 ], [ -111.708761, 40.04256 ], [ -111.708763, 40.04292 ], [ -111.709445, 40.045807 ], [ -111.710522, 40.046344 ], [ -111.71317, 40.046875 ], [ -111.713529, 40.046852 ], [ -111.715657, 40.044761 ], [ -111.71576, 40.04462 ], [ -111.716048, 40.043116 ] ] ] } },
{ "type": "Feature", "properties": { "group_index": 0, "value": 600.0, "center": [ -111.71232498433383, 40.043789035381664 ], "point_id": "F21-87060" }, "geometry": { "type": "Polygon", "coordinates": [ [ [ -111.720527, 40.044317 ], [ -111.7205, 40.042299 ], [ -111.717866, 40.040155 ], [ -111.714889, 40.038444 ], [ -111.71297, 40.038412 ], [ -111.712709, 40.038412 ], [ -111.712425, 40.038413 ], [ -111.709315, 40.038436 ], [ -111.709017, 40.038439 ], [ -111.704142, 40.041277 ], [ -111.70375, 40.042518 ], [ -111.703747, 40.042878 ], [ -111.704667, 40.046619 ], [ -111.706997, 40.046928 ], [ -111.711305, 40.04879 ], [ -111.713499, 40.048259 ], [ -111.717301, 40.047206 ], [ -111.717525, 40.047076 ], [ -111.719111, 40.045867 ], [ -111.720527, 40.044677 ], [ -111.720527, 40.044317 ] ] ] } },
{ "type": "Feature", "properties": { "group_index": 0, "value": 900.0, "center": [ -111.71232498433383, 40.043789035381664 ], "point_id": "F21-87060" }, "geometry": { "type": "Polygon", "coordinates": [ [ [ -111.725479, 40.044612 ], [ -111.725394, 40.042325 ], [ -111.723698, 40.041014 ], [ -111.720579, 40.038181 ], [ -111.719813, 40.037877 ], [ -111.716695, 40.036795 ], [ -111.711989, 40.035304 ], [ -111.709517, 40.034855 ], [ -111.709157, 40.034853 ], [ -111.704186, 40.037575 ], [ -111.70417, 40.038215 ], [ -111.704153, 40.038856 ], [ -111.699534, 40.04237 ], [ -111.699174, 40.042368 ], [ -111.698977, 40.042476 ], [ -111.698976, 40.042836 ], [ -111.699153, 40.043833 ], [ -111.699886, 40.047422 ], [ -111.699937, 40.047413 ], [ -111.701847, 40.046911 ], [ -111.702507, 40.0468 ], [ -111.706997, 40.046928 ], [ -111.711305, 40.04879 ], [ -111.713499, 40.048259 ], [ -111.717349, 40.05073 ], [ -111.717701, 40.050655 ], [ -111.720438, 40.048747 ], [ -111.724006, 40.045884 ], [ -111.72531, 40.044793 ], [ -111.725421, 40.044699 ], [ -111.725479, 40.044624 ], [ -111.725479, 40.044612 ] ] ] } },
{ "type": "Feature", "properties": { "group_index": 0, "value": 300.0, "center": [ -111.87643651530257, 40.76337774690446 ], "point_id": "F10-3636" }, "geometry": { "type": "Polygon", "coordinates": [ [ [ -111.88103, 40.76299 ], [ -111.880882, 40.762807 ], [ -111.880691, 40.762654 ], [ -111.878391, 40.760873 ], [ -111.877121, 40.759948 ], [ -111.876761, 40.759728 ], [ -111.876401, 40.759729 ], [ -111.875562, 40.760322 ], [ -111.874249, 40.761248 ], [ -111.87268, 40.762499 ], [ -111.87228, 40.762812 ], [ -111.872281, 40.763172 ], [ -111.873515, 40.765031 ], [ -111.873713, 40.765184 ], [ -111.873917, 40.765341 ], [ -111.876577, 40.767206 ], [ -111.876591, 40.767206 ], [ -111.876593, 40.767206 ], [ -111.876608, 40.767206 ], [ -111.876948, 40.766954 ], [ -111.879189, 40.765283 ], [ -111.879479, 40.76503 ], [ -111.879626, 40.76487 ], [ -111.881029, 40.763015 ], [ -111.88103, 40.76299 ] ] ] } },
{ "type": "Feature", "properties": { "group_index": 0, "value": 600.0, "center": [ -111.87643651530257, 40.76337774690446 ], "point_id": "F10-3636" }, "geometry": { "type": "Polygon", "coordinates": [ [ [ -111.885845, 40.763022 ], [ -111.885845, 40.762662 ], [ -111.882682, 40.76029 ], [ -111.880234, 40.75846 ], [ -111.880032, 40.758307 ], [ -111.876828, 40.755977 ], [ -111.876766, 40.755977 ], [ -111.876393, 40.755981 ], [ -111.876156, 40.756117 ], [ -111.873338, 40.758155 ], [ -111.869946, 40.760655 ], [ -111.867729, 40.762489 ], [ -111.867533, 40.762651 ], [ -111.86735, 40.76281 ], [ -111.86735, 40.76317 ], [ -111.868567, 40.76503 ], [ -111.869225, 40.765856 ], [ -111.873822, 40.768977 ], [ -111.873952, 40.769069 ], [ -111.876179, 40.770643 ], [ -111.876188, 40.770643 ], [ -111.87764, 40.770186 ], [ -111.87842, 40.769655 ], [ -111.879785, 40.76863 ], [ -111.880337, 40.768215 ], [ -111.880481, 40.768105 ], [ -111.881466, 40.767352 ], [ -111.884092, 40.765344 ], [ -111.884337, 40.765133 ], [ -111.884425, 40.765026 ], [ -111.885827, 40.763157 ], [ -111.885845, 40.763022 ] ] ] } },
{ "type": "Feature", "properties": { "group_index": 0, "value": 900.0, "center": [ -111.87643651530257, 40.76337774690446 ], "point_id": "F10-3636" }, "geometry": { "type": "Polygon", "coordinates": [ [ [ -111.890818, 40.762989 ], [ -111.890817, 40.762629 ], [ -111.88731, 40.759769 ], [ -111.886604, 40.759242 ], [ -111.88434, 40.757655 ], [ -111.879619, 40.754298 ], [ -111.877458, 40.752691 ], [ -111.876763, 40.752235 ], [ -111.876403, 40.752234 ], [ -111.87511, 40.753152 ], [ -111.872063, 40.755296 ], [ -111.868381, 40.758155 ], [ -111.864849, 40.76069 ], [ -111.86425, 40.761183 ], [ -111.862404, 40.762812 ], [ -111.862291, 40.762993 ], [ -111.862291, 40.763044 ], [ -111.86362, 40.76503 ], [ -111.863814, 40.765258 ], [ -111.866607, 40.767371 ], [ -111.867615, 40.768134 ], [ -111.867944, 40.768381 ], [ -111.869477, 40.76955 ], [ -111.86969, 40.769704 ], [ -111.872491, 40.77178 ], [ -111.872755, 40.771978 ], [ -111.875845, 40.774151 ], [ -111.876006, 40.774261 ], [ -111.876376, 40.774262 ], [ -111.877454, 40.774058 ], [ -111.879038, 40.772912 ], [ -111.882073, 40.770742 ], [ -111.882204, 40.770641 ], [ -111.886427, 40.767414 ], [ -111.889208, 40.76522 ], [ -111.889371, 40.765015 ], [ -111.89076, 40.763148 ], [ -111.890818, 40.762989 ] ] ] } },
{ "type": "Feature", "properties": { "group_index": 0, "value": 300.0, "center": [ -111.87220674766535, 40.57632342296596 ], "point_id": "F14-40314" }, "geometry": { "type": "Polygon", "coordinates": [ [ [ -111.876855, 40.576376 ], [ -111.873175, 40.573095 ], [ -111.872425, 40.572591 ], [ -111.872294, 40.572589 ], [ -111.871934, 40.572596 ], [ -111.871288, 40.572928 ], [ -111.868243, 40.57533 ], [ -111.868148, 40.575677 ], [ -111.868165, 40.577278 ], [ -111.869893, 40.578669 ], [ -111.870729, 40.579256 ], [ -111.87198, 40.580055 ], [ -111.872126, 40.580065 ], [ -111.872486, 40.580062 ], [ -111.875821, 40.578147 ], [ -111.876854, 40.576736 ], [ -111.876855, 40.576376 ] ] ] } },
{ "type": "Feature", "properties": { "group_index": 0, "value": 600.0, "center": [ -111.87220674766535, 40.57632342296596 ], "point_id": "F14-40314" }, "geometry": { "type": "Polygon", "coordinates": [ [ [ -111.881392, 40.576284 ], [ -111.881398, 40.576065 ], [ -111.880326, 40.57472 ], [ -111.880142, 40.574528 ], [ -111.877927, 40.57294 ], [ -111.875603, 40.571207 ], [ -111.874616, 40.570468 ], [ -111.872312, 40.568861 ], [ -111.871952, 40.568865 ], [ -111.867517, 40.570603 ], [ -111.863969, 40.574999 ], [ -111.863953, 40.575821 ], [ -111.863954, 40.576181 ], [ -111.867686, 40.580757 ], [ -111.869328, 40.582 ], [ -111.87063, 40.582937 ], [ -111.872046, 40.583808 ], [ -111.872227, 40.5839 ], [ -111.872339, 40.583899 ], [ -111.874588, 40.582407 ], [ -111.875631, 40.581687 ], [ -111.879218, 40.579222 ], [ -111.880373, 40.577779 ], [ -111.881387, 40.576503 ], [ -111.881392, 40.576284 ] ] ] } },
{ "type": "Feature", "properties": { "group_index": 0, "value": 900.0, "center": [ -111.87220674766535, 40.57632342296596 ], "point_id": "F14-40314" }, "geometry": { "type": "Polygon", "coordinates": [ [ [ -111.884905, 40.577087 ], [ -111.883447, 40.573092 ], [ -111.881832, 40.571909 ], [ -111.879648, 40.570313 ], [ -111.874909, 40.566766 ], [ -111.873875, 40.565862 ], [ -111.872418, 40.565111 ], [ -111.872266, 40.565035 ], [ -111.872136, 40.565035 ], [ -111.871957, 40.565114 ], [ -111.868987, 40.566969 ], [ -111.864665, 40.568367 ], [ -111.863238, 40.568711 ], [ -111.863106, 40.569046 ], [ -111.861595, 40.572886 ], [ -111.859429, 40.57541 ], [ -111.859427, 40.57577 ], [ -111.862785, 40.580709 ], [ -111.863085, 40.580899 ], [ -111.867549, 40.583705 ], [ -111.869195, 40.585452 ], [ -111.86929, 40.585529 ], [ -111.870744, 40.586712 ], [ -111.870987, 40.586906 ], [ -111.87199, 40.587664 ], [ -111.872068, 40.587661 ], [ -111.872417, 40.587547 ], [ -111.874131, 40.586584 ], [ -111.876798, 40.584526 ], [ -111.880783, 40.58207 ], [ -111.881627, 40.58143 ], [ -111.884332, 40.578484 ], [ -111.884905, 40.577447 ], [ -111.884905, 40.577087 ] ] ] } },
{ "type": "Feature", "properties": { "group_index": 0, "value": 300.0, "center": [ -111.8394342, 40.7737142 ], "point_id": "F10-9501" }, "geometry": { "type": "Polygon", "coordinates": [ [ [ -111.841105, 40.773121 ], [ -111.841099, 40.772761 ], [ -111.840856, 40.772551 ], [ -111.837789, 40.771864 ], [ -111.836014, 40.771807 ], [ -111.83567, 40.772528 ], [ -111.835555, 40.772801 ], [ -111.835544, 40.773634 ], [ -111.837739, 40.776535 ], [ -111.838013, 40.776768 ], [ -111.838214, 40.776533 ], [ -111.838414, 40.776297 ], [ -111.841078, 40.773336 ], [ -111.841105, 40.773121 ] ] ] } },
{ "type": "Feature", "properties": { "group_index": 0, "value": 600.0, "center": [ -111.8394342, 40.7737142 ], "point_id": "F10-9501" }, "geometry": { "type": "Polygon", "coordinates": [ [ [ -111.844605, 40.771124 ], [ -111.844602, 40.770764 ], [ -111.844369, 40.770603 ], [ -111.844205, 40.770536 ], [ -111.842413, 40.769833 ], [ -111.839109, 40.769318 ], [ -111.833668, 40.769057 ], [ -111.832964, 40.769039 ], [ -111.832714, 40.769299 ], [ -111.83216, 40.770187 ], [ -111.832064, 40.770785 ], [ -111.832582, 40.771863 ], [ -111.832708, 40.772072 ], [ -111.832892, 40.772256 ], [ -111.834606, 40.774712 ], [ -111.835115, 40.779647 ], [ -111.835437, 40.779808 ], [ -111.839059, 40.778047 ], [ -111.842102, 40.777094 ], [ -111.843977, 40.775691 ], [ -111.844147, 40.775373 ], [ -111.844605, 40.771124 ] ] ] } },
{ "type": "Feature", "properties": { "group_index": 0, "value": 900.0, "center": [ -111.8394342, 40.7737142 ], "point_id": "F10-9501" }, "geometry": { "type": "Polygon", "coordinates": [ [ [ -111.84883, 40.771273 ], [ -111.847612, 40.768613 ], [ -111.844879, 40.767411 ], [ -111.844527, 40.767297 ], [ -111.84235, 40.767033 ], [ -111.83643, 40.766072 ], [ -111.831846, 40.76609 ], [ -111.830437, 40.76622 ], [ -111.830106, 40.766369 ], [ -111.829652, 40.766591 ], [ -111.828956, 40.767387 ], [ -111.828751, 40.767683 ], [ -111.828498, 40.768403 ], [ -111.828483, 40.768536 ], [ -111.828506, 40.768651 ], [ -111.829091, 40.770582 ], [ -111.830006, 40.772268 ], [ -111.832611, 40.777604 ], [ -111.832631, 40.782516 ], [ -111.832732, 40.78276 ], [ -111.833065, 40.782622 ], [ -111.835373, 40.77988 ], [ -111.83926, 40.778852 ], [ -111.844898, 40.777328 ], [ -111.846148, 40.777511 ], [ -111.846325, 40.777547 ], [ -111.846501, 40.777583 ], [ -111.847924, 40.776355 ], [ -111.848658, 40.775297 ], [ -111.84883, 40.771273 ] ] ] } },
{ "type": "Feature", "properties": { "group_index": 0, "value": 300.0, "center": [ -111.85990806786758, 40.731964136441796 ], "point_id": "F19-72101" }, "geometry": { "type": "Polygon", "coordinates": [ [ [ -111.864444, 40.731837 ], [ -111.864445, 40.731477 ], [ -111.863747, 40.730787 ], [ -111.862649, 40.729708 ], [ -111.862578, 40.729655 ], [ -111.862498, 40.729596 ], [ -111.860675, 40.728278 ], [ -111.859601, 40.728234 ], [ -111.859448, 40.728258 ], [ -111.857066, 40.729989 ], [ -111.855941, 40.732228 ], [ -111.855937, 40.732588 ], [ -111.856398, 40.733273 ], [ -111.857053, 40.733768 ], [ -111.857188, 40.733867 ], [ -111.858553, 40.734894 ], [ -111.858656, 40.734973 ], [ -111.859615, 40.735685 ], [ -111.85963, 40.735685 ], [ -111.859908, 40.735575 ], [ -111.862723, 40.733771 ], [ -111.863468, 40.733209 ], [ -111.863998, 40.732803 ], [ -111.864188, 40.732649 ], [ -111.864444, 40.731837 ] ] ] } },
{ "type": "Feature", "properties": { "group_index": 0, "value": 600.0, "center": [ -111.85990806786758, 40.731964136441796 ], "point_id": "F19-72101" }, "geometry": { "type": "Polygon", "coordinates": [ [ [ -111.868853, 40.732033 ], [ -111.868853, 40.731673 ], [ -111.868383, 40.730635 ], [ -111.867522, 40.72969 ], [ -111.867452, 40.729616 ], [ -111.865525, 40.728114 ], [ -111.8643, 40.727133 ], [ -111.862777, 40.726037 ], [ -111.862395, 40.725792 ], [ -111.860598, 40.724858 ], [ -111.859934, 40.724522 ], [ -111.859784, 40.724464 ], [ -111.859571, 40.724439 ], [ -111.859447, 40.724452 ], [ -111.858726, 40.725006 ], [ -111.856597, 40.726635 ], [ -111.853698, 40.728811 ], [ -111.85362, 40.728881 ], [ -111.853561, 40.728961 ], [ -111.852452, 40.731701 ], [ -111.851846, 40.733255 ], [ -111.851845, 40.733615 ], [ -111.853084, 40.734651 ], [ -111.855315, 40.736471 ], [ -111.85541, 40.736548 ], [ -111.856616, 40.737348 ], [ -111.858847, 40.738872 ], [ -111.859338, 40.739216 ], [ -111.859438, 40.739264 ], [ -111.859543, 40.739308 ], [ -111.859903, 40.73931 ], [ -111.861376, 40.738425 ], [ -111.86266, 40.737526 ], [ -111.864505, 40.736168 ], [ -111.866445, 40.734738 ], [ -111.866542, 40.734666 ], [ -111.867888, 40.733617 ], [ -111.868844, 40.732106 ], [ -111.868853, 40.732033 ] ] ] } },
{ "type": "Feature", "properties": { "group_index": 0, "value": 900.0, "center": [ -111.85990806786758, 40.731964136441796 ], "point_id": "F19-72101" }, "geometry": { "type": "Polygon", "coordinates": [ [ [ -111.872814, 40.733259 ], [ -111.872487, 40.730231 ], [ -111.871622, 40.729198 ], [ -111.869848, 40.727654 ], [ -111.86844, 40.726411 ], [ -111.867034, 40.725244 ], [ -111.864199, 40.723278 ], [ -111.863135, 40.722528 ], [ -111.861533, 40.721652 ], [ -111.858302, 40.720981 ], [ -111.858194, 40.720963 ], [ -111.857957, 40.720948 ], [ -111.857912, 40.720949 ], [ -111.853454, 40.724807 ], [ -111.849703, 40.728096 ], [ -111.848754, 40.728824 ], [ -111.848675, 40.728899 ], [ -111.848617, 40.728976 ], [ -111.846906, 40.733242 ], [ -111.846907, 40.733602 ], [ -111.847066, 40.73374 ], [ -111.850522, 40.736604 ], [ -111.851386, 40.737324 ], [ -111.851483, 40.737399 ], [ -111.852623, 40.738255 ], [ -111.852738, 40.738337 ], [ -111.853554, 40.738907 ], [ -111.858018, 40.742822 ], [ -111.858929, 40.742972 ], [ -111.859519, 40.743037 ], [ -111.859879, 40.743042 ], [ -111.86039, 40.742873 ], [ -111.862653, 40.741274 ], [ -111.862765, 40.741194 ], [ -111.865497, 40.739209 ], [ -111.865702, 40.739054 ], [ -111.868949, 40.736651 ], [ -111.871597, 40.734691 ], [ -111.872736, 40.733773 ], [ -111.872813, 40.733619 ], [ -111.872814, 40.733259 ] ] ] } },
{ "type": "Feature", "properties": { "group_index": 0, "value": 300.0, "center": [ -111.70452158631376, 40.31444625739922 ], "point_id": "F10-27704" }, "geometry": { "type": "Polygon", "coordinates": [ [ [ -111.709252, 40.313877 ], [ -111.706362, 40.311705 ], [ -111.705462, 40.31139 ], [ -111.705445, 40.31139 ], [ -111.701716, 40.312045 ], [ -111.701554, 40.312185 ], [ -111.701154, 40.312808 ], [ -111.700782, 40.315194 ], [ -111.703238, 40.316838 ], [ -111.703751, 40.317015 ], [ -111.704021, 40.317011 ], [ -111.707343, 40.316152 ], [ -111.707591, 40.316095 ], [ -111.708156, 40.315734 ], [ -111.709255, 40.314237 ], [ -111.709252, 40.313877 ] ] ] } },
{ "type": "Feature", "properties": { "group_index": 0, "value": 600.0, "center": [ -111.70452158631376, 40.31444625739922 ], "point_id": "F10-27704" }, "geometry": { "type": "Polygon", "coordinates": [ [ [ -111.713005, 40.315334 ], [ -111.712694, 40.314096 ], [ -111.71134, 40.312093 ], [ -111.711185, 40.3119 ], [ -111.708057, 40.309143 ], [ -111.706294, 40.307981 ], [ -111.705385, 40.307769 ], [ -111.700414, 40.308558 ], [ -111.699881, 40.308767 ], [ -111.696839, 40.311954 ], [ -111.696842, 40.312314 ], [ -111.700085, 40.317009 ], [ -111.700886, 40.317781 ], [ -111.702855, 40.319374 ], [ -111.702991, 40.31945 ], [ -111.704813, 40.320394 ], [ -111.705318, 40.320566 ], [ -111.705803, 40.320463 ], [ -111.708062, 40.319513 ], [ -111.710166, 40.317935 ], [ -111.712866, 40.315909 ], [ -111.713008, 40.315694 ], [ -111.713005, 40.315334 ] ] ] } },
{ "type": "Feature", "properties": { "group_index": 0, "value": 900.0, "center": [ -111.70452158631376, 40.31444625739922 ], "point_id": "F10-27704" }, "geometry": { "type": "Polygon", "coordinates": [ [ [ -111.717645, 40.315468 ], [ -111.71757, 40.315049 ], [ -111.716299, 40.312005 ], [ -111.715076, 40.310759 ], [ -111.710292, 40.307544 ], [ -111.705718, 40.304088 ], [ -111.705602, 40.304069 ], [ -111.705242, 40.30407 ], [ -111.703751, 40.304435 ], [ -111.698735, 40.304931 ], [ -111.698673, 40.304948 ], [ -111.698187, 40.30532 ], [ -111.697405, 40.306175 ], [ -111.697359, 40.306228 ], [ -111.694335, 40.309898 ], [ -111.692856, 40.311167 ], [ -111.692315, 40.3116 ], [ -111.692152, 40.311738 ], [ -111.692064, 40.311836 ], [ -111.692022, 40.311954 ], [ -111.692022, 40.312314 ], [ -111.695439, 40.315458 ], [ -111.697941, 40.319355 ], [ -111.698117, 40.319512 ], [ -111.700462, 40.321572 ], [ -111.703857, 40.323109 ], [ -111.705612, 40.323785 ], [ -111.706812, 40.32413 ], [ -111.706818, 40.324128 ], [ -111.709754, 40.322284 ], [ -111.712188, 40.320429 ], [ -111.716709, 40.316642 ], [ -111.717654, 40.315816 ], [ -111.717645, 40.315468 ] ] ] } },
{ "type": "Feature", "properties": { "group_index": 0, "value": 300.0, "center": [ -111.9574832, 40.51000968137424 ], "point_id": "F10-26212" }, "geometry": { "type": "Polygon", "coordinates": [ [ [ -111.9598, 40.511401 ], [ -111.959645, 40.507718 ], [ -111.958032, 40.506349 ], [ -111.957672, 40.506332 ], [ -111.957524, 40.506419 ], [ -111.955507, 40.507699 ], [ -111.954719, 40.50829 ], [ -111.954556, 40.508415 ], [ -111.953717, 40.509264 ], [ -111.953719, 40.509624 ], [ -111.953962, 40.511246 ], [ -111.957393, 40.513702 ], [ -111.957753, 40.5137 ], [ -111.959255, 40.512961 ], [ -111.959384, 40.512809 ], [ -111.9598, 40.511401 ] ] ] } },
{ "type": "Feature", "properties": { "group_index": 0, "value": 600.0, "center": [ -111.9574832, 40.51000968137424 ], "point_id": "F10-26212" }, "geometry": { "type": "Polygon", "coordinates": [ [ [ -111.964574, 40.507714 ], [ -111.963965, 40.506949 ], [ -111.960286, 40.504437 ], [ -111.958741, 40.503274 ], [ -111.95789, 40.502674 ], [ -111.95753, 40.502676 ], [ -111.956039, 40.505317 ], [ -111.951794, 40.507066 ], [ -111.951434, 40.507074 ], [ -111.951325, 40.507107 ], [ -111.950478, 40.507665 ], [ -111.95045, 40.508024 ], [ -111.95125, 40.51073 ], [ -111.953337, 40.514601 ], [ -111.953471, 40.514744 ], [ -111.956543, 40.517566 ], [ -111.957064, 40.517564 ], [ -111.957585, 40.517561 ], [ -111.958142, 40.51724 ], [ -111.961177, 40.514909 ], [ -111.96136, 40.514757 ], [ -111.962922, 40.512114 ], [ -111.964574, 40.508074 ], [ -111.964574, 40.507714 ] ] ] } },
{ "type": "Feature", "properties": { "group_index": 0, "value": 900.0, "center": [ -111.9574832, 40.51000968137424 ], "point_id": "F10-26212" }, "geometry": { "type": "Polygon", "coordinates": [ [ [ -111.969503, 40.507725 ], [ -111.968911, 40.506839 ], [ -111.968604, 40.506651 ], [ -111.966804, 40.50553 ], [ -111.963541, 40.503018 ], [ -111.961146, 40.500932 ], [ -111.957998, 40.49872 ], [ -111.957639, 40.498735 ], [ -111.956012, 40.499591 ], [ -111.954693, 40.501184 ], [ -111.954646, 40.501243 ], [ -111.954659, 40.501387 ], [ -111.954721, 40.501437 ], [ -111.956039, 40.505317 ], [ -111.951609, 40.506866 ], [ -111.948859, 40.50568 ], [ -111.948613, 40.505677 ], [ -111.948367, 40.505674 ], [ -111.947373, 40.506042 ], [ -111.945657, 40.507667 ], [ -111.945652, 40.508027 ], [ -111.948254, 40.509408 ], [ -111.950092, 40.513254 ], [ -111.950438, 40.514841 ], [ -111.950744, 40.516463 ], [ -111.951464, 40.517379 ], [ -111.954816, 40.51933 ], [ -111.95652, 40.520664 ], [ -111.957055, 40.520991 ], [ -111.957424, 40.521198 ], [ -111.957727, 40.521252 ], [ -111.957767, 40.521252 ], [ -111.961907, 40.518463 ], [ -111.964202, 40.516586 ], [ -111.966206, 40.514839 ], [ -111.96629, 40.514747 ], [ -111.96772, 40.512236 ], [ -111.969502, 40.508085 ], [ -111.969503, 40.507725 ] ] ] } },
{ "type": "Feature", "properties": { "group_index": 0, "value": 300.0, "center": [ -112.12279694349614, 41.163617544739274 ], "point_id": "F17-57435" }, "geometry": { "type": "Polygon", "coordinates": [ [ [ -112.127337, 41.163729 ], [ -112.125697, 41.161846 ], [ -112.123042, 41.159872 ], [ -112.122682, 41.15987 ], [ -112.120778, 41.161562 ], [ -112.118235, 41.163761 ], [ -112.118235, 41.164121 ], [ -112.122543, 41.167363 ], [ -112.122903, 41.167365 ], [ -112.124419, 41.16624 ], [ -112.127339, 41.164089 ], [ -112.127337, 41.163729 ] ] ] } },
{ "type": "Feature", "properties": { "group_index": 0, "value": 600.0, "center": [ -112.12279694349614, 41.163617544739274 ], "point_id": "F17-57435" }, "geometry": { "type": "Polygon", "coordinates": [ [ [ -112.132315, 41.163739 ], [ -112.130674, 41.161871 ], [ -112.127707, 41.160219 ], [ -112.125887, 41.158188 ], [ -112.123452, 41.156289 ], [ -112.123078, 41.156121 ], [ -112.122718, 41.156127 ], [ -112.122071, 41.156253 ], [ -112.12206, 41.156613 ], [ -112.120778, 41.161562 ], [ -112.115348, 41.163097 ], [ -112.114861, 41.16271 ], [ -112.114501, 41.162711 ], [ -112.113258, 41.16374 ], [ -112.113257, 41.1641 ], [ -112.116997, 41.166504 ], [ -112.118259, 41.16793 ], [ -112.12247, 41.17111 ], [ -112.12283, 41.171111 ], [ -112.127189, 41.168367 ], [ -112.127308, 41.168027 ], [ -112.13001, 41.164093 ], [ -112.132315, 41.164099 ], [ -112.132315, 41.163739 ] ] ] } },
{ "type": "Feature", "properties": { "group_index": 0, "value": 900.0, "center": [ -112.12279694349614, 41.163617544739274 ], "point_id": "F17-57435" }, "geometry": { "type": "Polygon", "coordinates": [ [ [ -112.13808, 41.163783 ], [ -112.13691, 41.163774 ], [ -112.132842, 41.160263 ], [ -112.130864, 41.158221 ], [ -112.128322, 41.156266 ], [ -112.127956, 41.156035 ], [ -112.127596, 41.156036 ], [ -112.123051, 41.152378 ], [ -112.122691, 41.152376 ], [ -112.122689, 41.152666 ], [ -112.119934, 41.15624 ], [ -112.11784, 41.156227 ], [ -112.116564, 41.156219 ], [ -112.115287, 41.156212 ], [ -112.112731, 41.160343 ], [ -112.108281, 41.163725 ], [ -112.10828, 41.164085 ], [ -112.112676, 41.167403 ], [ -112.114642, 41.168374 ], [ -112.118038, 41.171559 ], [ -112.122472, 41.174858 ], [ -112.122832, 41.174858 ], [ -112.125778, 41.172725 ], [ -112.128138, 41.17158 ], [ -112.132436, 41.168565 ], [ -112.132817, 41.167443 ], [ -112.136907, 41.164134 ], [ -112.138077, 41.164143 ], [ -112.13808, 41.163783 ] ] ] } },
{ "type": "Feature", "properties": { "group_index": 0, "value": 300.0, "center": [ -112.10592797307825, 41.19076611940792 ], "point_id": "F10-2731" }, "geometry": { "type": "Polygon", "coordinates": [ [ [ -112.110906, 41.190547 ], [ -112.109169, 41.189066 ], [ -112.108809, 41.189063 ], [ -112.103036, 41.189355 ], [ -112.102676, 41.189355 ], [ -112.100949, 41.190613 ], [ -112.10095, 41.190973 ], [ -112.102777, 41.192353 ], [ -112.102846, 41.192353 ], [ -112.108117, 41.192426 ], [ -112.110909, 41.190907 ], [ -112.110906, 41.190547 ] ] ] } },
{ "type": "Feature", "properties": { "group_index": 0, "value": 600.0, "center": [ -112.10592797307825, 41.19076611940792 ], "point_id": "F10-2731" }, "geometry": { "type": "Polygon", "coordinates": [ [ [ -112.115887, 41.190539 ], [ -112.112889, 41.18831 ], [ -112.109231, 41.185801 ], [ -112.108946, 41.1858 ], [ -112.103037, 41.18561 ], [ -112.102677, 41.185606 ], [ -112.102309, 41.185658 ], [ -112.099769, 41.18782 ], [ -112.09597, 41.190626 ], [ -112.09597, 41.190986 ], [ -112.096716, 41.191698 ], [ -112.100842, 41.194648 ], [ -112.102641, 41.195971 ], [ -112.103001, 41.195973 ], [ -112.106555, 41.195297 ], [ -112.106844, 41.195122 ], [ -112.112446, 41.193113 ], [ -112.112806, 41.193123 ], [ -112.115886, 41.190899 ], [ -112.115887, 41.190539 ] ] ] } },
{ "type": "Feature", "properties": { "group_index": 0, "value": 900.0, "center": [ -112.10592797307825, 41.19076611940792 ], "point_id": "F10-2731" }, "geometry": { "type": "Polygon", "coordinates": [ [ [ -112.120908, 41.19041 ], [ -112.118617, 41.18897 ], [ -112.115164, 41.186203 ], [ -112.112918, 41.184563 ], [ -112.112558, 41.18456 ], [ -112.10693, 41.185262 ], [ -112.103081, 41.181863 ], [ -112.102721, 41.181859 ], [ -112.099079, 41.184021 ], [ -112.096985, 41.186132 ], [ -112.092716, 41.189292 ], [ -112.092502, 41.189426 ], [ -112.091157, 41.190466 ], [ -112.09099, 41.190594 ], [ -112.090992, 41.190954 ], [ -112.091132, 41.191072 ], [ -112.0929, 41.192331 ], [ -112.096989, 41.196539 ], [ -112.097249, 41.196789 ], [ -112.099684, 41.197638 ], [ -112.102613, 41.199718 ], [ -112.102973, 41.199721 ], [ -112.106592, 41.199096 ], [ -112.108528, 41.197231 ], [ -112.112397, 41.196865 ], [ -112.112757, 41.196865 ], [ -112.115208, 41.1954 ], [ -112.115692, 41.193899 ], [ -112.120141, 41.190887 ], [ -112.120493, 41.190864 ], [ -112.120737, 41.190813 ], [ -112.120981, 41.190763 ], [ -112.120908, 41.19041 ] ] ] } },
{ "type": "Feature", "properties": { "group_index": 0, "value": 300.0, "center": [ -112.00568847016578, 40.64816858438038 ], "point_id": "F10-3708" }, "geometry": { "type": "Polygon", "coordinates": [ [ [ -112.009157, 40.649347 ], [ -112.008002, 40.646787 ], [ -112.007788, 40.646353 ], [ -112.006856, 40.645103 ], [ -112.005824, 40.644419 ], [ -112.005464, 40.644427 ], [ -112.003368, 40.645357 ], [ -112.003296, 40.646079 ], [ -112.003296, 40.646137 ], [ -112.003342, 40.646385 ], [ -112.005361, 40.651356 ], [ -112.005463, 40.651558 ], [ -112.005641, 40.651821 ], [ -112.005813, 40.651905 ], [ -112.005988, 40.651963 ], [ -112.006313, 40.651808 ], [ -112.009048, 40.649524 ], [ -112.009157, 40.649399 ], [ -112.009157, 40.649347 ] ] ] } },
{ "type": "Feature", "properties": { "group_index": 0, "value": 600.0, "center": [ -112.00568847016578, 40.64816858438038 ], "point_id": "F10-3708" }, "geometry": { "type": "Polygon", "coordinates": [ [ [ -112.012323, 40.649517 ], [ -112.012159, 40.646859 ], [ -112.010363, 40.643935 ], [ -112.007314, 40.641766 ], [ -112.005772, 40.640673 ], [ -112.005412, 40.640676 ], [ -112.005131, 40.64084 ], [ -112.003752, 40.641881 ], [ -112.003452, 40.642117 ], [ -112.002342, 40.644457 ], [ -112.001739, 40.646667 ], [ -112.00208, 40.652491 ], [ -112.002077, 40.652851 ], [ -112.003846, 40.654063 ], [ -112.007737, 40.655467 ], [ -112.007801, 40.655452 ], [ -112.008411, 40.655112 ], [ -112.008662, 40.654853 ], [ -112.010105, 40.653099 ], [ -112.010533, 40.652475 ], [ -112.012323, 40.649877 ], [ -112.012323, 40.649517 ] ] ] } },
{ "type": "Feature", "properties": { "group_index": 0, "value": 900.0, "center": [ -112.00568847016578, 40.64816858438038 ], "point_id": "F10-3708" }, "geometry": { "type": "Polygon", "coordinates": [ [ [ -112.017203, 40.64952 ], [ -112.014793, 40.644518 ], [ -112.014713, 40.644346 ], [ -112.014552, 40.644141 ], [ -112.010933, 40.640449 ], [ -112.009951, 40.639517 ], [ -112.006044, 40.636893 ], [ -112.005916, 40.636851 ], [ -112.002917, 40.638494 ], [ -112.002918, 40.638854 ], [ -112.002342, 40.644457 ], [ -111.999948, 40.648109 ], [ -111.999796, 40.648339 ], [ -111.997367, 40.652257 ], [ -111.997267, 40.652603 ], [ -111.997381, 40.652793 ], [ -111.997514, 40.65294 ], [ -111.999804, 40.655116 ], [ -112.000596, 40.655762 ], [ -112.001116, 40.656071 ], [ -112.005917, 40.657205 ], [ -112.010463, 40.658188 ], [ -112.010564, 40.658199 ], [ -112.011488, 40.657645 ], [ -112.011792, 40.657463 ], [ -112.012096, 40.65728 ], [ -112.015561, 40.652536 ], [ -112.017203, 40.64988 ], [ -112.017203, 40.64952 ] ] ] } },
{ "type": "Feature", "properties": { "group_index": 0, "value": 300.0, "center": [ -111.92937822775957, 40.85544413536591 ], "point_id": "F14-37635" }, "geometry": { "type": "Polygon", "coordinates": [ [ [ -111.932802, 40.854978 ], [ -111.932119, 40.853818 ], [ -111.932055, 40.853749 ], [ -111.931194, 40.852881 ], [ -111.930822, 40.852556 ], [ -111.930144, 40.852056 ], [ -111.929934, 40.852016 ], [ -111.929574, 40.85202 ], [ -111.927837, 40.852698 ], [ -111.927828, 40.85275 ], [ -111.927828, 40.853007 ], [ -111.927837, 40.853058 ], [ -111.929652, 40.857304 ], [ -111.930211, 40.857297 ], [ -111.932815, 40.855338 ], [ -111.932802, 40.854978 ] ] ] } },
{ "type": "Feature", "properties": { "group_index": 0, "value": 600.0, "center": [ -111.92937822775957, 40.85544413536591 ], "point_id": "F14-37635" }, "geometry": { "type": "Polygon", "coordinates": [ [ [ -111.93664, 40.853854 ], [ -111.936576, 40.853763 ], [ -111.933204, 40.850678 ], [ -111.930091, 40.848182 ], [ -111.929731, 40.848186 ], [ -111.929537, 40.848266 ], [ -111.927828, 40.849001 ], [ -111.926465, 40.851217 ], [ -111.926139, 40.852844 ], [ -111.925485, 40.858171 ], [ -111.925484, 40.858531 ], [ -111.927182, 40.859609 ], [ -111.929713, 40.861049 ], [ -111.930073, 40.861047 ], [ -111.932231, 40.859632 ], [ -111.934799, 40.857686 ], [ -111.934892, 40.857604 ], [ -111.936639, 40.854214 ], [ -111.93664, 40.853854 ] ] ] } },
{ "type": "Feature", "properties": { "group_index": 0, "value": 900.0, "center": [ -111.92937822775957, 40.85544413536591 ], "point_id": "F14-37635" }, "geometry": { "type": "Polygon", "coordinates": [ [ [ -111.940857, 40.854294 ], [ -111.940929, 40.853941 ], [ -111.940828, 40.852583 ], [ -111.939524, 40.850661 ], [ -111.9392, 40.850503 ], [ -111.93411, 40.847634 ], [ -111.933139, 40.846852 ], [ -111.930685, 40.84445 ], [ -111.930348, 40.844324 ], [ -111.927832, 40.845254 ], [ -111.926882, 40.845927 ], [ -111.92595, 40.847807 ], [ -111.925944, 40.848342 ], [ -111.926139, 40.852844 ], [ -111.923376, 40.857583 ], [ -111.922773, 40.857826 ], [ -111.920792, 40.858188 ], [ -111.9204, 40.858307 ], [ -111.9204, 40.858383 ], [ -111.922345, 40.859857 ], [ -111.925665, 40.861803 ], [ -111.929785, 40.864796 ], [ -111.930145, 40.864793 ], [ -111.930339, 40.864717 ], [ -111.93451, 40.861709 ], [ -111.936937, 40.859807 ], [ -111.940112, 40.857605 ], [ -111.940857, 40.854294 ] ] ] } },
{ "type": "Feature", "properties": { "group_index": 0, "value": 300.0, "center": [ -111.93822206991261, 40.7593457 ], "point_id": "F10-3525" }, "geometry": { "type": "Polygon", "coordinates": [ [ [ -111.94207, 40.758672 ], [ -111.94207, 40.758312 ], [ -111.94196, 40.758219 ], [ -111.941699, 40.758023 ], [ -111.939569, 40.756429 ], [ -111.939057, 40.756072 ], [ -111.938697, 40.756077 ], [ -111.935941, 40.758011 ], [ -111.935692, 40.758241 ], [ -111.935597, 40.758335 ], [ -111.935598, 40.758695 ], [ -111.935907, 40.760713 ], [ -111.936054, 40.760824 ], [ -111.938517, 40.762613 ], [ -111.93874, 40.762637 ], [ -111.9391, 40.762628 ], [ -111.939605, 40.762439 ], [ -111.939693, 40.762377 ], [ -111.940879, 40.761333 ], [ -111.941598, 40.760213 ], [ -111.94207, 40.758672 ] ] ] } },
{ "type": "Feature", "properties": { "group_index": 0, "value": 600.0, "center": [ -111.93822206991261, 40.7593457 ], "point_id": "F10-3525" }, "geometry": { "type": "Polygon", "coordinates": [ [ [ -111.94689, 40.758266 ], [ -111.946753, 40.758163 ], [ -111.946389, 40.757931 ], [ -111.946029, 40.757923 ], [ -111.944735, 40.757998 ], [ -111.940583, 40.754778 ], [ -111.939686, 40.753105 ], [ -111.939243, 40.752382 ], [ -111.938853, 40.752155 ], [ -111.938844, 40.752155 ], [ -111.936829, 40.753257 ], [ -111.93362, 40.756028 ], [ -111.931833, 40.757397 ], [ -111.930817, 40.758202 ], [ -111.930746, 40.758262 ], [ -111.930652, 40.758362 ], [ -111.930653, 40.758722 ], [ -111.930966, 40.760721 ], [ -111.931037, 40.760822 ], [ -111.933776, 40.762904 ], [ -111.935697, 40.764744 ], [ -111.938825, 40.766382 ], [ -111.939184, 40.766374 ], [ -111.939412, 40.766272 ], [ -111.939508, 40.766205 ], [ -111.944027, 40.762702 ], [ -111.946891, 40.758626 ], [ -111.94689, 40.758266 ] ] ] } },
{ "type": "Feature", "properties": { "group_index": 0, "value": 900.0, "center": [ -111.93822206991261, 40.7593457 ], "point_id": "F10-3525" }, "geometry": { "type": "Polygon", "coordinates": [ [ [ -111.951837, 40.758258 ], [ -111.948489, 40.75795 ], [ -111.948086, 40.757862 ], [ -111.947027, 40.757812 ], [ -111.94621, 40.757881 ], [ -111.946029, 40.757923 ], [ -111.944735, 40.757998 ], [ -111.944396, 40.758001 ], [ -111.940583, 40.754778 ], [ -111.942435, 40.751426 ], [ -111.942434, 40.751066 ], [ -111.939186, 40.74865 ], [ -111.939034, 40.748588 ], [ -111.938674, 40.748588 ], [ -111.93686, 40.749505 ], [ -111.93269, 40.75299 ], [ -111.931561, 40.75384 ], [ -111.929207, 40.755512 ], [ -111.92587, 40.758207 ], [ -111.925705, 40.758368 ], [ -111.925706, 40.758728 ], [ -111.926029, 40.760722 ], [ -111.926091, 40.760824 ], [ -111.926158, 40.760928 ], [ -111.926753, 40.761371 ], [ -111.927477, 40.761912 ], [ -111.931382, 40.765848 ], [ -111.931478, 40.76593 ], [ -111.932108, 40.766081 ], [ -111.932468, 40.766091 ], [ -111.934839, 40.764961 ], [ -111.938134, 40.769263 ], [ -111.938134, 40.769623 ], [ -111.938863, 40.770119 ], [ -111.939223, 40.77011 ], [ -111.939522, 40.770018 ], [ -111.94022, 40.769582 ], [ -111.940222, 40.769222 ], [ -111.944034, 40.764923 ], [ -111.94403, 40.763547 ], [ -111.947943, 40.759125 ], [ -111.949964, 40.758621 ], [ -111.951838, 40.758618 ], [ -111.951837, 40.758258 ] ] ] } },
{ "type": "Feature", "properties": { "group_index": 0, "value": 300.0, "center": [ -111.76892503836338, 40.3800350370561 ], "point_id": "F10-8081" }, "geometry": { "type": "Polygon", "coordinates": [ [ [ -111.772543, 40.381252 ], [ -111.771061, 40.377769 ], [ -111.769491, 40.376262 ], [ -111.769176, 40.376009 ], [ -111.768816, 40.376004 ], [ -111.767243, 40.377145 ], [ -111.765981, 40.378173 ], [ -111.765927, 40.378261 ], [ -111.765524, 40.379444 ], [ -111.765202, 40.380709 ], [ -111.765202, 40.380713 ], [ -111.765377, 40.380891 ], [ -111.767137, 40.382666 ], [ -111.768215, 40.383384 ], [ -111.76876, 40.383748 ], [ -111.76912, 40.383744 ], [ -111.770144, 40.383191 ], [ -111.772544, 40.381612 ], [ -111.772543, 40.381252 ] ] ] } },
{ "type": "Feature", "properties": { "group_index": 0, "value": 600.0, "center": [ -111.76892503836338, 40.3800350370561 ], "point_id": "F10-8081" }, "geometry": { "type": "Polygon", "coordinates": [ [ [ -111.774806, 40.383045 ], [ -111.77462, 40.380357 ], [ -111.774339, 40.377132 ], [ -111.774304, 40.37707 ], [ -111.773254, 40.375599 ], [ -111.77208, 40.374377 ], [ -111.769517, 40.372717 ], [ -111.769355, 40.372655 ], [ -111.768995, 40.372656 ], [ -111.768666, 40.37281 ], [ -111.767651, 40.373481 ], [ -111.764767, 40.375466 ], [ -111.764764, 40.375826 ], [ -111.764805, 40.378273 ], [ -111.763013, 40.382934 ], [ -111.763011, 40.383294 ], [ -111.766135, 40.385832 ], [ -111.768813, 40.387477 ], [ -111.769173, 40.387471 ], [ -111.769526, 40.387411 ], [ -111.769782, 40.387342 ], [ -111.773487, 40.384211 ], [ -111.774618, 40.383387 ], [ -111.774729, 40.383303 ], [ -111.77476, 40.383237 ], [ -111.774806, 40.383045 ] ] ] } },
{ "type": "Feature", "properties": { "group_index": 0, "value": 900.0, "center": [ -111.76892503836338, 40.3800350370561 ], "point_id": "F10-8081" }, "geometry": { "type": "Polygon", "coordinates": [ [ [ -111.779787, 40.383119 ], [ -111.779679, 40.382409 ], [ -111.778555, 40.379512 ], [ -111.778057, 40.375888 ], [ -111.778056, 40.375528 ], [ -111.77674, 40.374458 ], [ -111.772041, 40.370966 ], [ -111.76994, 40.368865 ], [ -111.769307, 40.36879 ], [ -111.769241, 40.368789 ], [ -111.768807, 40.368955 ], [ -111.767643, 40.369629 ], [ -111.763273, 40.372707 ], [ -111.759847, 40.375443 ], [ -111.759846, 40.375803 ], [ -111.760588, 40.380848 ], [ -111.759108, 40.382209 ], [ -111.758092, 40.382936 ], [ -111.758094, 40.383296 ], [ -111.762508, 40.386591 ], [ -111.764149, 40.387853 ], [ -111.768111, 40.390743 ], [ -111.768783, 40.391067 ], [ -111.768948, 40.391141 ], [ -111.769308, 40.391129 ], [ -111.77344, 40.388529 ], [ -111.776931, 40.385816 ], [ -111.777893, 40.385075 ], [ -111.779689, 40.383289 ], [ -111.779786, 40.383152 ], [ -111.779787, 40.383119 ] ] ] } },
{ "type": "Feature", "properties": { "group_index": 0, "value": 300.0, "center": [ -111.95762476473669, 41.0511788041493 ], "point_id": "F10-3602" }, "geometry": { "type": "Polygon", "coordinates": [ [ [ -111.960384, 41.052485 ], [ -111.958332, 41.049209 ], [ -111.958171, 41.049021 ], [ -111.957791, 41.04879 ], [ -111.955962, 41.048119 ], [ -111.955854, 41.048112 ], [ -111.955473, 41.048086 ], [ -111.955325, 41.048081 ], [ -111.955294, 41.048101 ], [ -111.955294, 41.048101 ], [ -111.955263, 41.048122 ], [ -111.95386, 41.051001 ], [ -111.953726, 41.051597 ], [ -111.956366, 41.054428 ], [ -111.956426, 41.054472 ], [ -111.956525, 41.054525 ], [ -111.957396, 41.054923 ], [ -111.957756, 41.054926 ], [ -111.958611, 41.054356 ], [ -111.960388, 41.052491 ], [ -111.960384, 41.052485 ] ] ] } },
{ "type": "Feature", "properties": { "group_index": 0, "value": 600.0, "center": [ -111.95762476473669, 41.0511788041493 ], "point_id": "F10-3602" }, "geometry": { "type": "Polygon", "coordinates": [ [ [ -111.960873, 41.055862 ], [ -111.960388, 41.052491 ], [ -111.960384, 41.052485 ], [ -111.958332, 41.049209 ], [ -111.956302, 41.046425 ], [ -111.956005, 41.046102 ], [ -111.95384, 41.045579 ], [ -111.952103, 41.045476 ], [ -111.951909, 41.045779 ], [ -111.950955, 41.050946 ], [ -111.9501, 41.054802 ], [ -111.950279, 41.055114 ], [ -111.953861, 41.057075 ], [ -111.956223, 41.058189 ], [ -111.95734, 41.058656 ], [ -111.9577, 41.058666 ], [ -111.957855, 41.058568 ], [ -111.958339, 41.058262 ], [ -111.960905, 41.05622 ], [ -111.960873, 41.055862 ] ] ] } },
{ "type": "Feature", "properties": { "group_index": 0, "value": 900.0, "center": [ -111.95762476473669, 41.0511788041493 ], "point_id": "F10-3602" }, "geometry": { "type": "Polygon", "coordinates": [ [ [ -111.96596, 41.055334 ], [ -111.965837, 41.054995 ], [ -111.960388, 41.052491 ], [ -111.960384, 41.052485 ], [ -111.958332, 41.049209 ], [ -111.956352, 41.046504 ], [ -111.956302, 41.046425 ], [ -111.956005, 41.046102 ], [ -111.951125, 41.042702 ], [ -111.950954, 41.042614 ], [ -111.95061, 41.042508 ], [ -111.94843, 41.04296 ], [ -111.948227, 41.043257 ], [ -111.947444, 41.048648 ], [ -111.947092, 41.052344 ], [ -111.947442, 41.056771 ], [ -111.947576, 41.057105 ], [ -111.950082, 41.058964 ], [ -111.950771, 41.059206 ], [ -111.951078, 41.059288 ], [ -111.956465, 41.061816 ], [ -111.957276, 41.062401 ], [ -111.957636, 41.062407 ], [ -111.957783, 41.062326 ], [ -111.958666, 41.061811 ], [ -111.961144, 41.060161 ], [ -111.961714, 41.05976 ], [ -111.964445, 41.057678 ], [ -111.964778, 41.057318 ], [ -111.964822, 41.05727 ], [ -111.965957, 41.05557 ], [ -111.96596, 41.055334 ] ] ] } },
{ "type": "Feature", "properties": { "group_index": 0, "value": 300.0, "center": [ -112.02730238311344, 41.166395130498366 ], "point_id": "F10-28093" }, "geometry": { "type": "Polygon", "coordinates": [ [ [ -112.031019, 41.167371 ], [ -112.028622, 41.163554 ], [ -112.026387, 41.163417 ], [ -112.026027, 41.163419 ], [ -112.025829, 41.163502 ], [ -112.023804, 41.164955 ], [ -112.023611, 41.166658 ], [ -112.023555, 41.167158 ], [ -112.023955, 41.168259 ], [ -112.02414, 41.168568 ], [ -112.02601, 41.169422 ], [ -112.026031, 41.169422 ], [ -112.028618, 41.169252 ], [ -112.031019, 41.167384 ], [ -112.031019, 41.167371 ] ] ] } },
{ "type": "Feature", "properties": { "group_index": 0, "value": 600.0, "center": [ -112.02730238311344, 41.166395130498366 ], "point_id": "F10-28093" }, "geometry": { "type": "Polygon", "coordinates": [ [ [ -112.033595, 41.168881 ], [ -112.033101, 41.16522 ], [ -112.031999, 41.162635 ], [ -112.031341, 41.16187 ], [ -112.029968, 41.160432 ], [ -112.028789, 41.15994 ], [ -112.026317, 41.159528 ], [ -112.026271, 41.159527 ], [ -112.02617, 41.159549 ], [ -112.02557, 41.159947 ], [ -112.023277, 41.161509 ], [ -112.023204, 41.161824 ], [ -112.022928, 41.163917 ], [ -112.021539, 41.16801 ], [ -112.020039, 41.170561 ], [ -112.020211, 41.170878 ], [ -112.021194, 41.17164 ], [ -112.0262, 41.173215 ], [ -112.02628, 41.173215 ], [ -112.028726, 41.172949 ], [ -112.02898, 41.172802 ], [ -112.033596, 41.169241 ], [ -112.033595, 41.168881 ] ] ] } },
{ "type": "Feature", "properties": { "group_index": 0, "value": 900.0, "center": [ -112.02730238311344, 41.166395130498366 ], "point_id": "F10-28093" }, "geometry": { "type": "Polygon", "coordinates": [ [ [ -112.038553, 41.16928 ], [ -112.036685, 41.163644 ], [ -112.036687, 41.163368 ], [ -112.035886, 41.161494 ], [ -112.031974, 41.15778 ], [ -112.028431, 41.156149 ], [ -112.026394, 41.155936 ], [ -112.026034, 41.155932 ], [ -112.025719, 41.156096 ], [ -112.02458, 41.157864 ], [ -112.020227, 41.159801 ], [ -112.020207, 41.160376 ], [ -112.020187, 41.160952 ], [ -112.020491, 41.161314 ], [ -112.021675, 41.167082 ], [ -112.021629, 41.167229 ], [ -112.018464, 41.171524 ], [ -112.016615, 41.172155 ], [ -112.016211, 41.172329 ], [ -112.015807, 41.172503 ], [ -112.015949, 41.172834 ], [ -112.016062, 41.172995 ], [ -112.019388, 41.174972 ], [ -112.019743, 41.175033 ], [ -112.021213, 41.175276 ], [ -112.02599, 41.176839 ], [ -112.02635, 41.176842 ], [ -112.029171, 41.176439 ], [ -112.033999, 41.173193 ], [ -112.038555, 41.16964 ], [ -112.038553, 41.16928 ] ] ] } },
{ "type": "Feature", "properties": { "group_index": 0, "value": 300.0, "center": [ -111.7192096744109, 40.31294050769034 ], "point_id": "F20-77765" }, "geometry": { "type": "Polygon", "coordinates": [ [ [ -111.723724, 40.312748 ], [ -111.723302, 40.312104 ], [ -111.722668, 40.311563 ], [ -111.722004, 40.310987 ], [ -111.719404, 40.309425 ], [ -111.719338, 40.309426 ], [ -111.719338, 40.309426 ], [ -111.719273, 40.309427 ], [ -111.715878, 40.312009 ], [ -111.715317, 40.313043 ], [ -111.715311, 40.313066 ], [ -111.715282, 40.313332 ], [ -111.7153, 40.313426 ], [ -111.715942, 40.314397 ], [ -111.716461, 40.314783 ], [ -111.717415, 40.31548 ], [ -111.718146, 40.315953 ], [ -111.720001, 40.316045 ], [ -111.720553, 40.315844 ], [ -111.721464, 40.315381 ], [ -111.722403, 40.314817 ], [ -111.723477, 40.313702 ], [ -111.723682, 40.313406 ], [ -111.723724, 40.312748 ] ] ] } },
{ "type": "Feature", "properties": { "group_index": 0, "value": 600.0, "center": [ -111.7192096744109, 40.31294050769034 ], "point_id": "F20-77765" }, "geometry": { "type": "Polygon", "coordinates": [ [ [ -111.728021, 40.311851 ], [ -111.72496, 40.308748 ], [ -111.724625, 40.308534 ], [ -111.719429, 40.305803 ], [ -111.719069, 40.305815 ], [ -111.717235, 40.307188 ], [ -111.713641, 40.309886 ], [ -111.711115, 40.311778 ], [ -111.711037, 40.312097 ], [ -111.711041, 40.312457 ], [ -111.712583, 40.315633 ], [ -111.713681, 40.316464 ], [ -111.715043, 40.317473 ], [ -111.715906, 40.318103 ], [ -111.717366, 40.319117 ], [ -111.717545, 40.319233 ], [ -111.717625, 40.319233 ], [ -111.718636, 40.318491 ], [ -111.719809, 40.317486 ], [ -111.724499, 40.317049 ], [ -111.724614, 40.317046 ], [ -111.72479, 40.316873 ], [ -111.72802, 40.312211 ], [ -111.728021, 40.311851 ] ] ] } },
{ "type": "Feature", "properties": { "group_index": 0, "value": 900.0, "center": [ -111.7192096744109, 40.31294050769034 ], "point_id": "F20-77765" }, "geometry": { "type": "Polygon", "coordinates": [ [ [ -111.732938, 40.311826 ], [ -111.732895, 40.311539 ], [ -111.730133, 40.309662 ], [ -111.730033, 40.30964 ], [ -111.729954, 40.309623 ], [ -111.729594, 40.309628 ], [ -111.725031, 40.305802 ], [ -111.725032, 40.305573 ], [ -111.725032, 40.305563 ], [ -111.725047, 40.305334 ], [ -111.725061, 40.305096 ], [ -111.724713, 40.304845 ], [ -111.720559, 40.302349 ], [ -111.720199, 40.302353 ], [ -111.715851, 40.303905 ], [ -111.711891, 40.307468 ], [ -111.708767, 40.309721 ], [ -111.706287, 40.311885 ], [ -111.706073, 40.312091 ], [ -111.706044, 40.31245 ], [ -111.707739, 40.31574 ], [ -111.711564, 40.318637 ], [ -111.71511, 40.3215 ], [ -111.718329, 40.322202 ], [ -111.718689, 40.322192 ], [ -111.718772, 40.322184 ], [ -111.724537, 40.320626 ], [ -111.724897, 40.32062 ], [ -111.725312, 40.319115 ], [ -111.728493, 40.315246 ], [ -111.731853, 40.313146 ], [ -111.732937, 40.312186 ], [ -111.732938, 40.311826 ] ] ] } },
{ "type": "Feature", "properties": { "group_index": 0, "value": 300.0, "center": [ -111.8525358, 40.572316 ], "point_id": "F10-3589" }, "geometry": { "type": "Polygon", "coordinates": [ [ [ -111.854857, 40.574369 ], [ -111.854672, 40.573839 ], [ -111.853373, 40.569608 ], [ -111.85315, 40.569249 ], [ -111.85279, 40.569249 ], [ -111.850055, 40.574192 ], [ -111.850148, 40.574539 ], [ -111.852809, 40.576966 ], [ -111.853169, 40.576965 ], [ -111.854855, 40.574629 ], [ -111.854857, 40.574369 ] ] ] } },
{ "type": "Feature", "properties": { "group_index": 0, "value": 600.0, "center": [ -111.8525358, 40.572316 ], "point_id": "F10-3589" }, "geometry": { "type": "Polygon", "coordinates": [ [ [ -111.854867, 40.578051 ], [ -111.854855, 40.574629 ], [ -111.856233, 40.571223 ], [ -111.85745, 40.568426 ], [ -111.857477, 40.568067 ], [ -111.853232, 40.565749 ], [ -111.852872, 40.565746 ], [ -111.850322, 40.567361 ], [ -111.849527, 40.568076 ], [ -111.846589, 40.573121 ], [ -111.845609, 40.574427 ], [ -111.845527, 40.574777 ], [ -111.845607, 40.574864 ], [ -111.849788, 40.577421 ], [ -111.852269, 40.579381 ], [ -111.852373, 40.579448 ], [ -111.85284, 40.579672 ], [ -111.8532, 40.57967 ], [ -111.853498, 40.579533 ], [ -111.854867, 40.578374 ], [ -111.854867, 40.578051 ] ] ] } },
{ "type": "Feature", "properties": { "group_index": 0, "value": 900.0, "center": [ -111.8525358, 40.572316 ], "point_id": "F10-3589" }, "geometry": { "type": "Polygon", "coordinates": [ [ [ -111.860981, 40.569442 ], [ -111.86088, 40.568864 ], [ -111.860653, 40.568584 ], [ -111.85817, 40.565682 ], [ -111.856117, 40.563741 ], [ -111.853549, 40.56141 ], [ -111.853189, 40.561408 ], [ -111.848264, 40.564235 ], [ -111.847748, 40.564631 ], [ -111.844817, 40.567224 ], [ -111.844628, 40.567531 ], [ -111.842428, 40.572328 ], [ -111.841728, 40.573017 ], [ -111.841656, 40.573102 ], [ -111.841654, 40.573462 ], [ -111.841875, 40.575118 ], [ -111.842062, 40.575812 ], [ -111.843077, 40.57658 ], [ -111.843733, 40.576688 ], [ -111.844092, 40.576675 ], [ -111.848544, 40.580354 ], [ -111.848545, 40.580714 ], [ -111.85303, 40.583404 ], [ -111.853063, 40.583404 ], [ -111.854304, 40.582788 ], [ -111.856608, 40.581378 ], [ -111.857273, 40.580687 ], [ -111.857283, 40.580327 ], [ -111.856502, 40.579556 ], [ -111.854655, 40.576551 ], [ -111.858123, 40.572925 ], [ -111.859111, 40.572023 ], [ -111.860847, 40.570758 ], [ -111.861032, 40.570449 ], [ -111.860981, 40.569442 ] ] ] } },
{ "type": "Feature", "properties": { "group_index": 0, "value": 300.0, "center": [ -111.98191768037749, 40.66815202779824 ], "point_id": "F10-4092" }, "geometry": { "type": "Polygon", "coordinates": [ [ [ -111.985863, 40.667526 ], [ -111.985698, 40.667403 ], [ -111.98512, 40.666995 ], [ -111.983779, 40.666004 ], [ -111.983419, 40.666003 ], [ -111.980591, 40.66737 ], [ -111.980588, 40.66773 ], [ -111.981926, 40.668735 ], [ -111.983012, 40.669346 ], [ -111.984265, 40.669118 ], [ -111.984516, 40.669012 ], [ -111.985736, 40.667988 ], [ -111.985863, 40.667886 ], [ -111.985863, 40.667526 ] ] ] } },
{ "type": "Feature", "properties": { "group_index": 0, "value": 600.0, "center": [ -111.98191768037749, 40.66815202779824 ], "point_id": "F10-4092" }, "geometry": { "type": "Polygon", "coordinates": [ [ [ -111.990627, 40.667062 ], [ -111.987215, 40.664454 ], [ -111.986816, 40.664191 ], [ -111.98219, 40.663908 ], [ -111.978835, 40.664936 ], [ -111.976952, 40.666367 ], [ -111.975787, 40.667262 ], [ -111.975654, 40.6674 ], [ -111.975654, 40.66776 ], [ -111.976995, 40.668824 ], [ -111.977106, 40.668905 ], [ -111.978404, 40.669095 ], [ -111.979334, 40.66909 ], [ -111.984441, 40.671083 ], [ -111.986299, 40.671127 ], [ -111.986651, 40.671125 ], [ -111.987005, 40.670951 ], [ -111.987068, 40.670903 ], [ -111.987189, 40.670811 ], [ -111.987577, 40.670495 ], [ -111.988121, 40.670055 ], [ -111.990623, 40.667422 ], [ -111.990627, 40.667062 ] ] ] } },
{ "type": "Feature", "properties": { "group_index": 0, "value": 900.0, "center": [ -111.98191768037749, 40.66815202779824 ], "point_id": "F10-4092" }, "geometry": { "type": "Polygon", "coordinates": [ [ [ -111.995566, 40.667066 ], [ -111.995463, 40.666979 ], [ -111.993665, 40.665447 ], [ -111.993585, 40.665391 ], [ -111.989019, 40.662152 ], [ -111.988061, 40.661408 ], [ -111.986921, 40.660539 ], [ -111.986899, 40.660539 ], [ -111.985501, 40.661382 ], [ -111.983323, 40.662152 ], [ -111.978102, 40.661457 ], [ -111.978021, 40.661477 ], [ -111.975392, 40.663697 ], [ -111.972205, 40.666198 ], [ -111.97134, 40.666875 ], [ -111.970845, 40.667276 ], [ -111.970714, 40.66741 ], [ -111.970715, 40.66777 ], [ -111.970895, 40.667893 ], [ -111.975523, 40.671251 ], [ -111.976764, 40.672352 ], [ -111.976972, 40.672501 ], [ -111.977332, 40.672499 ], [ -111.978555, 40.672198 ], [ -111.983281, 40.672589 ], [ -111.986317, 40.675147 ], [ -111.986677, 40.675152 ], [ -111.990743, 40.671831 ], [ -111.99496, 40.667881 ], [ -111.995268, 40.667675 ], [ -111.995565, 40.667426 ], [ -111.995566, 40.667066 ] ] ] } },
{ "type": "Feature", "properties": { "group_index": 0, "value": 300.0, "center": [ -111.70775717297445, 40.30145431302964 ], "point_id": "F10-4237" }, "geometry": { "type": "Polygon", "coordinates": [ [ [ -111.710475, 40.301383 ], [ -111.710281, 40.300442 ], [ -111.710148, 40.300242 ], [ -111.709788, 40.300238 ], [ -111.705638, 40.30036 ], [ -111.705278, 40.300371 ], [ -111.705165, 40.300436 ], [ -111.704662, 40.300797 ], [ -111.704527, 40.30091 ], [ -111.703735, 40.302211 ], [ -111.705393, 40.303693 ], [ -111.707711, 40.304534 ], [ -111.707711, 40.304534 ], [ -111.71011, 40.304129 ], [ -111.710475, 40.301383 ] ] ] } },
{ "type": "Feature", "properties": { "group_index": 0, "value": 600.0, "center": [ -111.70775717297445, 40.30145431302964 ], "point_id": "F10-4237" }, "geometry": { "type": "Polygon", "coordinates": [ [ [ -111.714566, 40.30417 ], [ -111.714261, 40.301822 ], [ -111.713137, 40.299107 ], [ -111.713028, 40.299013 ], [ -111.711354, 40.297665 ], [ -111.710508, 40.297338 ], [ -111.705325, 40.296488 ], [ -111.704965, 40.296501 ], [ -111.70445, 40.296885 ], [ -111.704223, 40.297058 ], [ -111.700343, 40.300236 ], [ -111.699529, 40.300911 ], [ -111.700067, 40.302837 ], [ -111.701801, 40.304666 ], [ -111.703032, 40.305706 ], [ -111.705094, 40.307168 ], [ -111.705158, 40.307202 ], [ -111.707602, 40.308106 ], [ -111.707962, 40.308094 ], [ -111.71038, 40.30774 ], [ -111.713866, 40.305514 ], [ -111.714567, 40.30453 ], [ -111.714566, 40.30417 ] ] ] } },
{ "type": "Feature", "properties": { "group_index": 0, "value": 900.0, "center": [ -111.70775717297445, 40.30145431302964 ], "point_id": "F10-4237" }, "geometry": { "type": "Polygon", "coordinates": [ [ [ -111.719343, 40.304272 ], [ -111.717574, 40.299552 ], [ -111.716098, 40.297618 ], [ -111.71592, 40.297439 ], [ -111.714825, 40.296617 ], [ -111.714138, 40.296147 ], [ -111.713914, 40.296035 ], [ -111.712057, 40.295531 ], [ -111.707182, 40.294207 ], [ -111.70591, 40.293289 ], [ -111.705487, 40.29301 ], [ -111.705367, 40.292932 ], [ -111.705007, 40.292933 ], [ -111.704929, 40.292953 ], [ -111.704852, 40.293004 ], [ -111.701823, 40.295155 ], [ -111.697779, 40.297559 ], [ -111.697605, 40.297663 ], [ -111.694766, 40.30056 ], [ -111.694661, 40.300681 ], [ -111.694666, 40.301041 ], [ -111.69689, 40.304684 ], [ -111.697199, 40.305035 ], [ -111.697323, 40.30517 ], [ -111.697816, 40.305551 ], [ -111.699848, 40.306872 ], [ -111.704072, 40.310181 ], [ -111.705188, 40.31103 ], [ -111.705326, 40.311056 ], [ -111.710092, 40.311493 ], [ -111.710452, 40.311491 ], [ -111.71095, 40.311301 ], [ -111.715051, 40.308249 ], [ -111.717582, 40.306152 ], [ -111.719156, 40.304853 ], [ -111.719343, 40.304632 ], [ -111.719343, 40.304272 ] ] ] } },
{ "type": "Feature", "properties": { "group_index": 0, "value": 300.0, "center": [ -112.02071309660049, 41.20732552845682 ], "point_id": "F10-28770" }, "geometry": { "type": "Polygon", "coordinates": [ [ [ -112.024955, 41.205264 ], [ -112.023223, 41.204904 ], [ -112.023022, 41.204906 ], [ -112.022822, 41.204908 ], [ -112.020555, 41.206574 ], [ -112.017394, 41.20987 ], [ -112.017621, 41.210149 ], [ -112.021036, 41.208305 ], [ -112.024126, 41.206329 ], [ -112.025012, 41.205619 ], [ -112.024955, 41.205264 ] ] ] } },
{ "type": "Feature", "properties": { "group_index": 0, "value": 600.0, "center": [ -112.02071309660049, 41.20732552845682 ], "point_id": "F10-28770" }, "geometry": { "type": "Polygon", "coordinates": [ [ [ -112.029913, 41.204881 ], [ -112.029779, 41.204547 ], [ -112.027072, 41.202669 ], [ -112.025987, 41.202349 ], [ -112.025734, 41.202286 ], [ -112.025374, 41.202288 ], [ -112.021024, 41.204928 ], [ -112.018507, 41.204704 ], [ -112.018127, 41.204984 ], [ -112.015406, 41.209352 ], [ -112.014005, 41.212615 ], [ -112.014089, 41.212837 ], [ -112.01417, 41.212897 ], [ -112.01739, 41.213038 ], [ -112.01759, 41.213038 ], [ -112.018585, 41.212679 ], [ -112.018859, 41.211739 ], [ -112.021036, 41.208305 ], [ -112.025797, 41.208523 ], [ -112.025838, 41.208524 ], [ -112.029797, 41.205261 ], [ -112.029913, 41.204881 ] ] ] } },
{ "type": "Feature", "properties": { "group_index": 0, "value": 900.0, "center": [ -112.02071309660049, 41.20732552845682 ], "point_id": "F10-28770" }, "geometry": { "type": "Polygon", "coordinates": [ [ [ -112.034779, 41.204926 ], [ -112.034048, 41.202453 ], [ -112.033853, 41.20215 ], [ -112.031748, 41.2019 ], [ -112.030872, 41.201913 ], [ -112.026012, 41.198599 ], [ -112.025652, 41.198599 ], [ -112.025652, 41.199019 ], [ -112.025652, 41.199439 ], [ -112.025325, 41.201435 ], [ -112.021024, 41.204928 ], [ -112.018177, 41.202593 ], [ -112.018097, 41.202456 ], [ -112.017973, 41.202371 ], [ -112.017823, 41.20233 ], [ -112.017571, 41.202328 ], [ -112.017339, 41.20236 ], [ -112.015289, 41.203415 ], [ -112.013143, 41.204974 ], [ -112.013144, 41.205334 ], [ -112.014747, 41.209498 ], [ -112.009973, 41.212788 ], [ -112.009773, 41.212793 ], [ -112.009573, 41.212798 ], [ -112.009582, 41.213158 ], [ -112.010615, 41.215361 ], [ -112.010728, 41.215555 ], [ -112.010841, 41.215642 ], [ -112.0146, 41.215466 ], [ -112.014958, 41.215426 ], [ -112.018585, 41.212679 ], [ -112.018746, 41.2125 ], [ -112.023322, 41.210804 ], [ -112.024841, 41.211602 ], [ -112.025411, 41.212031 ], [ -112.025584, 41.21212 ], [ -112.025944, 41.212123 ], [ -112.029658, 41.209694 ], [ -112.03273, 41.206865 ], [ -112.03467, 41.205366 ], [ -112.034778, 41.205286 ], [ -112.034779, 41.204926 ] ] ] } },
{ "type": "Feature", "properties": { "group_index": 0, "value": 300.0, "center": [ -112.03465844905341, 40.69620062388798 ], "point_id": "F10-3617" }, "geometry": { "type": "Polygon", "coordinates": [ [ [ -112.039089, 40.696263 ], [ -112.038976, 40.696065 ], [ -112.036125, 40.693747 ], [ -112.034884, 40.692796 ], [ -112.034661, 40.69264 ], [ -112.034557, 40.692601 ], [ -112.034198, 40.692612 ], [ -112.034099, 40.69267 ], [ -112.031151, 40.695068 ], [ -112.029961, 40.696142 ], [ -112.029963, 40.696502 ], [ -112.030196, 40.696836 ], [ -112.03547, 40.697833 ], [ -112.036371, 40.698191 ], [ -112.03647, 40.698233 ], [ -112.03683, 40.698225 ], [ -112.039091, 40.696623 ], [ -112.039089, 40.696263 ] ] ] } },
{ "type": "Feature", "properties": { "group_index": 0, "value": 600.0, "center": [ -112.03465844905341, 40.69620062388798 ], "point_id": "F10-3617" }, "geometry": { "type": "Polygon", "coordinates": [ [ [ -112.044117, 40.696412 ], [ -112.043215, 40.695442 ], [ -112.040839, 40.693939 ], [ -112.037803, 40.691305 ], [ -112.03648, 40.690258 ], [ -112.035463, 40.689487 ], [ -112.034518, 40.688801 ], [ -112.034358, 40.688801 ], [ -112.034177, 40.688862 ], [ -112.034079, 40.688921 ], [ -112.028834, 40.691618 ], [ -112.025212, 40.696076 ], [ -112.025079, 40.69641 ], [ -112.025205, 40.696758 ], [ -112.025317, 40.696912 ], [ -112.029152, 40.700561 ], [ -112.029511, 40.70059 ], [ -112.034853, 40.700792 ], [ -112.03568, 40.701364 ], [ -112.035748, 40.70141 ], [ -112.036108, 40.70141 ], [ -112.039542, 40.699988 ], [ -112.039734, 40.699888 ], [ -112.041195, 40.69894 ], [ -112.043721, 40.696828 ], [ -112.043856, 40.696715 ], [ -112.043953, 40.696607 ], [ -112.044117, 40.696422 ], [ -112.044117, 40.696412 ] ] ] } },
{ "type": "Feature", "properties": { "group_index": 0, "value": 900.0, "center": [ -112.03465844905341, 40.69620062388798 ], "point_id": "F10-3617" }, "geometry": { "type": "Polygon", "coordinates": [ [ [ -112.04882, 40.696526 ], [ -112.048819, 40.69625 ], [ -112.048038, 40.695545 ], [ -112.047771, 40.695303 ], [ -112.045283, 40.693089 ], [ -112.040951, 40.689673 ], [ -112.039466, 40.688582 ], [ -112.03514, 40.685513 ], [ -112.034561, 40.685054 ], [ -112.034421, 40.684999 ], [ -112.034061, 40.685 ], [ -112.029544, 40.688374 ], [ -112.024816, 40.691881 ], [ -112.022019, 40.694748 ], [ -112.020249, 40.696388 ], [ -112.020249, 40.696748 ], [ -112.021114, 40.69745 ], [ -112.024059, 40.699817 ], [ -112.02488, 40.700329 ], [ -112.028562, 40.70379 ], [ -112.029108, 40.703825 ], [ -112.029468, 40.703827 ], [ -112.034156, 40.703935 ], [ -112.037491, 40.704379 ], [ -112.037544, 40.704364 ], [ -112.041241, 40.702421 ], [ -112.04375, 40.700754 ], [ -112.048253, 40.697242 ], [ -112.048798, 40.696706 ], [ -112.04882, 40.696526 ] ] ] } },
{ "type": "Feature", "properties": { "group_index": 0, "value": 300.0, "center": [ -111.92850669738097, 40.84920140484355 ], "point_id": "F20-81522" }, "geometry": { "type": "Polygon", "coordinates": [ [ [ -111.932831, 40.848492 ], [ -111.930308, 40.846442 ], [ -111.928191, 40.845837 ], [ -111.927831, 40.845836 ], [ -111.927651, 40.845928 ], [ -111.926996, 40.846346 ], [ -111.92577, 40.847805 ], [ -111.925767, 40.848047 ], [ -111.925765, 40.848289 ], [ -111.926779, 40.851389 ], [ -111.927826, 40.852578 ], [ -111.928186, 40.852575 ], [ -111.929934, 40.852022 ], [ -111.930146, 40.851899 ], [ -111.930305, 40.851737 ], [ -111.93283, 40.848852 ], [ -111.932831, 40.848492 ] ] ] } },
{ "type": "Feature", "properties": { "group_index": 0, "value": 600.0, "center": [ -111.92850669738097, 40.84920140484355 ], "point_id": "F20-81522" }, "geometry": { "type": "Polygon", "coordinates": [ [ [ -111.936629, 40.849285 ], [ -111.935814, 40.846989 ], [ -111.933222, 40.84453 ], [ -111.931344, 40.842646 ], [ -111.931292, 40.84263 ], [ -111.928195, 40.842089 ], [ -111.927835, 40.842089 ], [ -111.926446, 40.843083 ], [ -111.925683, 40.843666 ], [ -111.922698, 40.845923 ], [ -111.922698, 40.846283 ], [ -111.92297, 40.846495 ], [ -111.926465, 40.851217 ], [ -111.926139, 40.852844 ], [ -111.926142, 40.853554 ], [ -111.926384, 40.855237 ], [ -111.927821, 40.856323 ], [ -111.928181, 40.856324 ], [ -111.929988, 40.855768 ], [ -111.932048, 40.854729 ], [ -111.933262, 40.853796 ], [ -111.936419, 40.850042 ], [ -111.936521, 40.849886 ], [ -111.936629, 40.849285 ] ] ] } },
{ "type": "Feature", "properties": { "group_index": 0, "value": 900.0, "center": [ -111.92850669738097, 40.84920140484355 ], "point_id": "F20-81522" }, "geometry": { "type": "Polygon", "coordinates": [ [ [ -111.940486, 40.849583 ], [ -111.940302, 40.847863 ], [ -111.940276, 40.847676 ], [ -111.940251, 40.847489 ], [ -111.940054, 40.846888 ], [ -111.938206, 40.845102 ], [ -111.935823, 40.842018 ], [ -111.933243, 40.839096 ], [ -111.932929, 40.83892 ], [ -111.927193, 40.838965 ], [ -111.926833, 40.838965 ], [ -111.923296, 40.841392 ], [ -111.919985, 40.84406 ], [ -111.918692, 40.846609 ], [ -111.920527, 40.848844 ], [ -111.920859, 40.848983 ], [ -111.925944, 40.848342 ], [ -111.926465, 40.851217 ], [ -111.926139, 40.852844 ], [ -111.926142, 40.853554 ], [ -111.92542, 40.858171 ], [ -111.925419, 40.858531 ], [ -111.927002, 40.85959 ], [ -111.92992, 40.859777 ], [ -111.930279, 40.859756 ], [ -111.933081, 40.857772 ], [ -111.936836, 40.856288 ], [ -111.937869, 40.854584 ], [ -111.940487, 40.849589 ], [ -111.940486, 40.849583 ] ] ] } },
{ "type": "Feature", "properties": { "group_index": 0, "value": 300.0, "center": [ -111.8902936737688, 40.667309834210776 ], "point_id": "F13-36697" }, "geometry": { "type": "Polygon", "coordinates": [ [ [ -111.894729, 40.667418 ], [ -111.894611, 40.66725 ], [ -111.893135, 40.665353 ], [ -111.892429, 40.664869 ], [ -111.892347, 40.664816 ], [ -111.891361, 40.664186 ], [ -111.891138, 40.664122 ], [ -111.889937, 40.663966 ], [ -111.889719, 40.663964 ], [ -111.888688, 40.664547 ], [ -111.886128, 40.666619 ], [ -111.885873, 40.66684 ], [ -111.885818, 40.666918 ], [ -111.885826, 40.667278 ], [ -111.887266, 40.668926 ], [ -111.888327, 40.669739 ], [ -111.88847, 40.669848 ], [ -111.890023, 40.671061 ], [ -111.890383, 40.671063 ], [ -111.891684, 40.670049 ], [ -111.894716, 40.667777 ], [ -111.894729, 40.667418 ] ] ] } },
{ "type": "Feature", "properties": { "group_index": 0, "value": 600.0, "center": [ -111.8902936737688, 40.667309834210776 ], "point_id": "F13-36697" }, "geometry": { "type": "Polygon", "coordinates": [ [ [ -111.899582, 40.667243 ], [ -111.899527, 40.667156 ], [ -111.899462, 40.667083 ], [ -111.898924, 40.667087 ], [ -111.898386, 40.667091 ], [ -111.897913, 40.667195 ], [ -111.897021, 40.667293 ], [ -111.894662, 40.662091 ], [ -111.894585, 40.661739 ], [ -111.893697, 40.661232 ], [ -111.89335, 40.661137 ], [ -111.893221, 40.661103 ], [ -111.888693, 40.661102 ], [ -111.888333, 40.661106 ], [ -111.888219, 40.661149 ], [ -111.887644, 40.661379 ], [ -111.884475, 40.662747 ], [ -111.880918, 40.666864 ], [ -111.880887, 40.667004 ], [ -111.880883, 40.667364 ], [ -111.882579, 40.669287 ], [ -111.885952, 40.672007 ], [ -111.888175, 40.673421 ], [ -111.888326, 40.673488 ], [ -111.890312, 40.674231 ], [ -111.89126, 40.674433 ], [ -111.891366, 40.674438 ], [ -111.891891, 40.674223 ], [ -111.89214, 40.673963 ], [ -111.895101, 40.671109 ], [ -111.897099, 40.669654 ], [ -111.897901, 40.669087 ], [ -111.899297, 40.667972 ], [ -111.899514, 40.667596 ], [ -111.899582, 40.667243 ] ] ] } },
{ "type": "Feature", "properties": { "group_index": 0, "value": 900.0, "center": [ -111.8902936737688, 40.667309834210776 ], "point_id": "F13-36697" }, "geometry": { "type": "Polygon", "coordinates": [ [ [ -111.904515, 40.667242 ], [ -111.904467, 40.667172 ], [ -111.902192, 40.664484 ], [ -111.899187, 40.66074 ], [ -111.898963, 40.660508 ], [ -111.895461, 40.657383 ], [ -111.894817, 40.657494 ], [ -111.89318, 40.657798 ], [ -111.888693, 40.657284 ], [ -111.888333, 40.657283 ], [ -111.8878, 40.657538 ], [ -111.885908, 40.658522 ], [ -111.881845, 40.660573 ], [ -111.880185, 40.660986 ], [ -111.880032, 40.661311 ], [ -111.876191, 40.66551 ], [ -111.876049, 40.665841 ], [ -111.876652, 40.667207 ], [ -111.878185, 40.669366 ], [ -111.880047, 40.670915 ], [ -111.882837, 40.673277 ], [ -111.884733, 40.674643 ], [ -111.887484, 40.676656 ], [ -111.888155, 40.677159 ], [ -111.888318, 40.677215 ], [ -111.891242, 40.678231 ], [ -111.891281, 40.678233 ], [ -111.891657, 40.678079 ], [ -111.895972, 40.675025 ], [ -111.896737, 40.674392 ], [ -111.899647, 40.671691 ], [ -111.90391, 40.668306 ], [ -111.904514, 40.667602 ], [ -111.904515, 40.667242 ] ] ] } },
{ "type": "Feature", "properties": { "group_index": 0, "value": 300.0, "center": [ -111.949849, 41.1983264 ], "point_id": "F20-79720" }, "geometry": { "type": "Polygon", "coordinates": [ [ [ -111.953902, 41.197818 ], [ -111.953905, 41.197458 ], [ -111.952433, 41.196316 ], [ -111.951621, 41.19567 ], [ -111.950387, 41.19478 ], [ -111.950027, 41.19477 ], [ -111.948676, 41.195626 ], [ -111.9464, 41.197286 ], [ -111.946397, 41.197646 ], [ -111.948591, 41.200966 ], [ -111.950168, 41.201738 ], [ -111.950381, 41.201792 ], [ -111.950563, 41.201792 ], [ -111.950745, 41.201792 ], [ -111.953301, 41.199706 ], [ -111.953902, 41.197818 ] ] ] } },
{ "type": "Feature", "properties": { "group_index": 0, "value": 600.0, "center": [ -111.949849, 41.1983264 ], "point_id": "F20-79720" }, "geometry": { "type": "Polygon", "coordinates": [ [ [ -111.958885, 41.197469 ], [ -111.955193, 41.194582 ], [ -111.952829, 41.192783 ], [ -111.94899, 41.191908 ], [ -111.94863, 41.191898 ], [ -111.946722, 41.192869 ], [ -111.94472, 41.194576 ], [ -111.941421, 41.197232 ], [ -111.941417, 41.197592 ], [ -111.942777, 41.198918 ], [ -111.946527, 41.203357 ], [ -111.948112, 41.204509 ], [ -111.94864, 41.204768 ], [ -111.951536, 41.20472 ], [ -111.95281, 41.204422 ], [ -111.957158, 41.200543 ], [ -111.958881, 41.197829 ], [ -111.958885, 41.197469 ] ] ] } },
{ "type": "Feature", "properties": { "group_index": 0, "value": 900.0, "center": [ -111.949849, 41.1983264 ], "point_id": "F20-79720" }, "geometry": { "type": "Polygon", "coordinates": [ [ [ -111.963865, 41.197519 ], [ -111.961645, 41.195748 ], [ -111.958244, 41.192743 ], [ -111.955329, 41.190675 ], [ -111.954068, 41.189845 ], [ -111.953902, 41.189766 ], [ -111.949106, 41.188163 ], [ -111.948746, 41.188151 ], [ -111.948521, 41.188145 ], [ -111.945228, 41.189754 ], [ -111.944702, 41.190149 ], [ -111.941905, 41.192438 ], [ -111.937163, 41.196029 ], [ -111.937209, 41.197529 ], [ -111.937321, 41.198134 ], [ -111.938079, 41.199055 ], [ -111.940798, 41.201369 ], [ -111.943132, 41.203894 ], [ -111.944968, 41.205876 ], [ -111.94767, 41.207993 ], [ -111.947778, 41.208074 ], [ -111.948308, 41.208442 ], [ -111.948487, 41.208478 ], [ -111.948683, 41.208482 ], [ -111.949419, 41.208168 ], [ -111.955307, 41.207409 ], [ -111.959235, 41.203371 ], [ -111.960362, 41.202466 ], [ -111.963861, 41.197879 ], [ -111.963865, 41.197519 ] ] ] } },
{ "type": "Feature", "properties": { "group_index": 0, "value": 300.0, "center": [ -111.9695219002193, 41.2774388595069 ], "point_id": "F14-37974" }, "geometry": { "type": "Polygon", "coordinates": [ [ [ -111.974258, 41.277595 ], [ -111.974149, 41.277387 ], [ -111.973114, 41.27625 ], [ -111.972752, 41.275997 ], [ -111.972644, 41.275969 ], [ -111.971836, 41.276109 ], [ -111.969544, 41.276653 ], [ -111.969527, 41.277111 ], [ -111.969524, 41.277308 ], [ -111.969507, 41.278222 ], [ -111.97173, 41.278406 ], [ -111.972243, 41.278446 ], [ -111.973338, 41.27843 ], [ -111.974164, 41.277942 ], [ -111.974258, 41.277595 ] ] ] } },
{ "type": "Feature", "properties": { "group_index": 0, "value": 600.0, "center": [ -111.9695219002193, 41.2774388595069 ], "point_id": "F14-37974" }, "geometry": { "type": "Polygon", "coordinates": [ [ [ -111.979779, 41.277496 ], [ -111.97623, 41.27404 ], [ -111.97454, 41.272977 ], [ -111.973785, 41.273183 ], [ -111.969406, 41.274713 ], [ -111.969281, 41.274755 ], [ -111.969153, 41.275111 ], [ -111.969149, 41.275338 ], [ -111.969507, 41.278222 ], [ -111.97173, 41.278406 ], [ -111.975582, 41.280455 ], [ -111.975767, 41.280447 ], [ -111.976058, 41.280327 ], [ -111.976694, 41.27999 ], [ -111.978028, 41.279043 ], [ -111.979788, 41.277856 ], [ -111.979779, 41.277496 ] ] ] } },
{ "type": "Feature", "properties": { "group_index": 0, "value": 900.0, "center": [ -111.9695219002193, 41.2774388595069 ], "point_id": "F14-37974" }, "geometry": { "type": "Polygon", "coordinates": [ [ [ -111.983635, 41.277886 ], [ -111.983162, 41.277177 ], [ -111.982818, 41.276666 ], [ -111.982473, 41.276155 ], [ -111.978773, 41.272133 ], [ -111.978475, 41.271679 ], [ -111.97815, 41.271249 ], [ -111.977905, 41.271065 ], [ -111.977092, 41.27083 ], [ -111.97488, 41.271241 ], [ -111.969376, 41.271298 ], [ -111.969016, 41.271295 ], [ -111.968078, 41.271952 ], [ -111.96547, 41.273745 ], [ -111.965469, 41.274105 ], [ -111.967143, 41.277282 ], [ -111.967863, 41.278506 ], [ -111.971454, 41.281535 ], [ -111.973873, 41.283571 ], [ -111.975584, 41.283967 ], [ -111.97587, 41.283947 ], [ -111.977691, 41.283376 ], [ -111.978016, 41.283221 ], [ -111.981439, 41.281225 ], [ -111.982907, 41.279313 ], [ -111.983577, 41.278111 ], [ -111.983665, 41.27793 ], [ -111.983635, 41.277886 ] ] ] } },
{ "type": "Feature", "properties": { "group_index": 0, "value": 300.0, "center": [ -111.96428872659705, 41.30701826694523 ], "point_id": "F13-34654" }, "geometry": { "type": "Polygon", "coordinates": [ [ [ -111.969138, 41.307336 ], [ -111.969152, 41.306977 ], [ -111.967162, 41.305261 ], [ -111.965945, 41.304492 ], [ -111.965663, 41.304441 ], [ -111.965559, 41.304434 ], [ -111.963438, 41.304333 ], [ -111.963169, 41.304331 ], [ -111.9629, 41.304328 ], [ -111.960209, 41.306202 ], [ -111.959408, 41.306875 ], [ -111.959404, 41.307235 ], [ -111.962676, 41.309817 ], [ -111.963123, 41.310114 ], [ -111.963483, 41.310117 ], [ -111.965218, 41.310119 ], [ -111.966809, 41.309254 ], [ -111.968693, 41.307841 ], [ -111.969135, 41.307403 ], [ -111.969138, 41.307336 ] ] ] } },
{ "type": "Feature", "properties": { "group_index": 0, "value": 600.0, "center": [ -111.96428872659705, 41.30701826694523 ], "point_id": "F13-34654" }, "geometry": { "type": "Polygon", "coordinates": [ [ [ -111.973674, 41.308891 ], [ -111.97454, 41.30588 ], [ -111.974534, 41.30552 ], [ -111.969157, 41.303037 ], [ -111.968277, 41.30234 ], [ -111.968021, 41.30219 ], [ -111.965225, 41.301594 ], [ -111.962707, 41.301094 ], [ -111.962347, 41.301078 ], [ -111.960085, 41.30251 ], [ -111.959075, 41.303193 ], [ -111.957674, 41.304144 ], [ -111.955813, 41.305664 ], [ -111.955809, 41.306024 ], [ -111.955958, 41.308586 ], [ -111.959347, 41.311046 ], [ -111.962355, 41.313562 ], [ -111.962691, 41.313693 ], [ -111.963295, 41.313807 ], [ -111.965145, 41.313924 ], [ -111.965191, 41.313925 ], [ -111.966873, 41.312966 ], [ -111.96774, 41.312421 ], [ -111.97159, 41.310226 ], [ -111.973569, 41.309235 ], [ -111.973674, 41.308891 ] ] ] } },
{ "type": "Feature", "properties": { "group_index": 0, "value": 900.0, "center": [ -111.96428872659705, 41.30701826694523 ], "point_id": "F13-34654" }, "geometry": { "type": "Polygon", "coordinates": [ [ [ -111.978163, 41.306078 ], [ -111.978144, 41.305718 ], [ -111.978019, 41.305435 ], [ -111.974274, 41.303131 ], [ -111.972629, 41.301812 ], [ -111.969935, 41.299605 ], [ -111.968829, 41.298993 ], [ -111.964428, 41.298476 ], [ -111.961588, 41.297799 ], [ -111.961228, 41.297791 ], [ -111.958262, 41.30042 ], [ -111.95303, 41.303086 ], [ -111.950816, 41.306236 ], [ -111.95081, 41.306322 ], [ -111.950856, 41.306679 ], [ -111.952782, 41.3104 ], [ -111.953957, 41.311239 ], [ -111.95525, 41.31206 ], [ -111.95801, 41.313679 ], [ -111.962082, 41.31723 ], [ -111.962467, 41.317175 ], [ -111.966745, 41.316588 ], [ -111.971967, 41.314131 ], [ -111.975749, 41.312292 ], [ -111.978013, 41.310075 ], [ -111.97826, 41.30969 ], [ -111.978163, 41.306078 ] ] ] } },
{ "type": "Feature", "properties": { "group_index": 0, "value": 300.0, "center": [ -112.02942555199529, 41.15989787025673 ], "point_id": "F19-70581" }, "geometry": { "type": "Polygon", "coordinates": [ [ [ -112.034048, 41.15941 ], [ -112.034048, 41.15941 ], [ -112.033891, 41.159215 ], [ -112.032665, 41.157778 ], [ -112.03043, 41.156958 ], [ -112.02861, 41.156897 ], [ -112.02825, 41.156897 ], [ -112.02818, 41.156945 ], [ -112.026248, 41.158341 ], [ -112.02578, 41.158706 ], [ -112.025266, 41.159182 ], [ -112.025003, 41.159429 ], [ -112.025003, 41.159578 ], [ -112.025027, 41.160023 ], [ -112.026347, 41.161756 ], [ -112.026872, 41.162083 ], [ -112.028257, 41.162937 ], [ -112.028617, 41.162934 ], [ -112.03103, 41.162595 ], [ -112.032072, 41.161855 ], [ -112.033599, 41.160738 ], [ -112.034123, 41.159504 ], [ -112.034048, 41.15941 ] ] ] } },
{ "type": "Feature", "properties": { "group_index": 0, "value": 600.0, "center": [ -112.02942555199529, 41.15989787025673 ], "point_id": "F19-70581" }, "geometry": { "type": "Polygon", "coordinates": [ [ [ -112.038009, 41.159232 ], [ -112.035449, 41.156157 ], [ -112.032868, 41.154907 ], [ -112.030449, 41.154227 ], [ -112.029147, 41.154024 ], [ -112.028787, 41.154031 ], [ -112.026219, 41.154675 ], [ -112.025708, 41.155001 ], [ -112.025289, 41.155485 ], [ -112.024512, 41.158045 ], [ -112.021782, 41.161489 ], [ -112.021775, 41.161849 ], [ -112.023954, 41.163826 ], [ -112.028254, 41.16668 ], [ -112.028614, 41.166684 ], [ -112.031021, 41.166342 ], [ -112.033335, 41.164859 ], [ -112.037049, 41.161856 ], [ -112.037969, 41.160652 ], [ -112.038009, 41.159232 ] ] ] } },
{ "type": "Feature", "properties": { "group_index": 0, "value": 900.0, "center": [ -112.02942555199529, 41.15989787025673 ], "point_id": "F19-70581" }, "geometry": { "type": "Polygon", "coordinates": [ [ [ -112.042474, 41.161559 ], [ -112.038479, 41.158029 ], [ -112.038136, 41.154664 ], [ -112.038126, 41.154304 ], [ -112.037501, 41.153792 ], [ -112.032425, 41.151107 ], [ -112.030929, 41.150846 ], [ -112.030569, 41.150838 ], [ -112.026052, 41.151075 ], [ -112.025882, 41.151164 ], [ -112.025882, 41.151223 ], [ -112.025589, 41.154036 ], [ -112.025411, 41.155055 ], [ -112.025289, 41.155485 ], [ -112.020378, 41.158501 ], [ -112.019371, 41.159121 ], [ -112.019372, 41.159481 ], [ -112.020367, 41.160958 ], [ -112.021077, 41.161852 ], [ -112.023268, 41.167236 ], [ -112.023299, 41.16761 ], [ -112.024199, 41.16821 ], [ -112.02448, 41.16837 ], [ -112.028257, 41.170428 ], [ -112.028437, 41.170504 ], [ -112.028577, 41.170504 ], [ -112.030733, 41.16986 ], [ -112.032193, 41.169243 ], [ -112.034538, 41.167565 ], [ -112.035952, 41.166517 ], [ -112.040196, 41.163692 ], [ -112.040482, 41.163474 ], [ -112.042477, 41.161919 ], [ -112.042474, 41.161559 ] ] ] } },
{ "type": "Feature", "properties": { "group_index": 0, "value": 300.0, "center": [ -111.85583275053173, 40.529333628700094 ], "point_id": "F10-13325" }, "geometry": { "type": "Polygon", "coordinates": [ [ [ -111.859688, 40.528168 ], [ -111.859487, 40.527947 ], [ -111.858487, 40.527424 ], [ -111.85423, 40.526302 ], [ -111.85239, 40.527169 ], [ -111.85229, 40.527515 ], [ -111.852202, 40.528333 ], [ -111.852555, 40.530514 ], [ -111.857328, 40.532304 ], [ -111.857634, 40.532114 ], [ -111.858287, 40.531562 ], [ -111.858865, 40.530888 ], [ -111.859756, 40.528521 ], [ -111.859688, 40.528168 ] ] ] } },
{ "type": "Feature", "properties": { "group_index": 0, "value": 600.0, "center": [ -111.85583275053173, 40.529333628700094 ], "point_id": "F10-13325" }, "geometry": { "type": "Polygon", "coordinates": [ [ [ -111.864375, 40.526926 ], [ -111.861386, 40.525966 ], [ -111.860952, 40.5259 ], [ -111.860517, 40.525834 ], [ -111.856649, 40.525045 ], [ -111.854755, 40.523919 ], [ -111.853456, 40.522931 ], [ -111.853153, 40.522903 ], [ -111.853039, 40.522898 ], [ -111.851585, 40.522987 ], [ -111.851386, 40.523288 ], [ -111.850195, 40.525117 ], [ -111.847811, 40.528279 ], [ -111.847994, 40.528589 ], [ -111.852781, 40.53138 ], [ -111.853023, 40.53246 ], [ -111.85303, 40.533704 ], [ -111.853036, 40.534948 ], [ -111.858898, 40.535253 ], [ -111.859707, 40.535132 ], [ -111.862386, 40.531508 ], [ -111.864391, 40.527373 ], [ -111.864427, 40.527282 ], [ -111.864375, 40.526926 ] ] ] } },
{ "type": "Feature", "properties": { "group_index": 0, "value": 900.0, "center": [ -111.85583275053173, 40.529333628700094 ], "point_id": "F10-13325" }, "geometry": { "type": "Polygon", "coordinates": [ [ [ -111.869005, 40.526783 ], [ -111.868493, 40.526339 ], [ -111.866464, 40.524782 ], [ -111.864495, 40.523608 ], [ -111.864137, 40.523573 ], [ -111.8634, 40.523551 ], [ -111.857592, 40.522188 ], [ -111.856369, 40.521253 ], [ -111.853949, 40.519517 ], [ -111.853844, 40.519437 ], [ -111.853439, 40.519178 ], [ -111.85308, 40.51919 ], [ -111.847763, 40.519927 ], [ -111.847536, 40.520207 ], [ -111.84568, 40.525883 ], [ -111.845263, 40.530908 ], [ -111.845327, 40.531181 ], [ -111.845999, 40.532446 ], [ -111.846352, 40.532517 ], [ -111.846451, 40.53203 ], [ -111.846549, 40.531543 ], [ -111.846595, 40.531253 ], [ -111.846639, 40.530972 ], [ -111.852562, 40.530551 ], [ -111.852781, 40.53138 ], [ -111.852995, 40.532179 ], [ -111.853023, 40.53246 ], [ -111.85303, 40.533704 ], [ -111.851667, 40.536359 ], [ -111.851665, 40.536719 ], [ -111.853084, 40.537733 ], [ -111.853444, 40.537719 ], [ -111.858593, 40.537298 ], [ -111.859981, 40.537506 ], [ -111.860005, 40.537506 ], [ -111.862756, 40.536768 ], [ -111.865769, 40.532871 ], [ -111.867258, 40.530858 ], [ -111.869002, 40.527143 ], [ -111.869005, 40.526783 ] ] ] } },
{ "type": "Feature", "properties": { "group_index": 0, "value": 300.0, "center": [ -111.91065192745708, 41.00022203135644 ], "point_id": "F10-27989" }, "geometry": { "type": "Polygon", "coordinates": [ [ [ -111.914762, 41.000556 ], [ -111.911338, 40.997746 ], [ -111.908958, 40.99681 ], [ -111.908712, 40.997073 ], [ -111.907627, 40.998261 ], [ -111.906251, 41.000467 ], [ -111.906275, 41.001026 ], [ -111.906403, 41.001107 ], [ -111.910722, 41.003593 ], [ -111.911082, 41.003606 ], [ -111.911969, 41.003161 ], [ -111.91476, 41.000916 ], [ -111.914762, 41.000556 ] ] ] } },
{ "type": "Feature", "properties": { "group_index": 0, "value": 600.0, "center": [ -111.91065192745708, 41.00022203135644 ], "point_id": "F10-27989" }, "geometry": { "type": "Polygon", "coordinates": [ [ [ -111.919726, 41.000938 ], [ -111.919726, 41.000578 ], [ -111.917864, 40.998344 ], [ -111.913544, 40.995275 ], [ -111.912475, 40.994726 ], [ -111.91074, 40.993896 ], [ -111.90902, 40.993618 ], [ -111.908178, 40.993614 ], [ -111.907409, 40.993974 ], [ -111.905885, 40.994946 ], [ -111.905249, 40.995645 ], [ -111.902555, 40.999681 ], [ -111.901338, 41.000595 ], [ -111.901339, 41.000955 ], [ -111.901369, 41.001083 ], [ -111.901496, 41.001222 ], [ -111.902107, 41.001734 ], [ -111.90541, 41.003877 ], [ -111.905548, 41.003957 ], [ -111.908195, 41.004801 ], [ -111.911674, 41.007286 ], [ -111.912195, 41.007097 ], [ -111.913677, 41.005938 ], [ -111.913892, 41.005649 ], [ -111.918505, 41.002327 ], [ -111.918611, 41.002287 ], [ -111.919572, 41.001374 ], [ -111.919726, 41.000938 ] ] ] } },
{ "type": "Feature", "properties": { "group_index": 0, "value": 900.0, "center": [ -111.91065192745708, 41.00022203135644 ], "point_id": "F10-27989" }, "geometry": { "type": "Polygon", "coordinates": [ [ [ -111.924862, 41.001811 ], [ -111.92418, 41.001381 ], [ -111.923909, 41.001233 ], [ -111.919316, 40.99802 ], [ -111.918757, 40.997481 ], [ -111.918437, 40.997294 ], [ -111.91458, 40.995123 ], [ -111.914364, 40.995065 ], [ -111.9114, 40.99415 ], [ -111.908421, 40.991922 ], [ -111.907836, 40.991488 ], [ -111.907696, 40.99143 ], [ -111.906672, 40.992726 ], [ -111.904714, 40.994654 ], [ -111.902922, 40.997651 ], [ -111.898072, 40.997568 ], [ -111.897754, 40.997738 ], [ -111.897092, 40.99998 ], [ -111.897121, 41.000062 ], [ -111.899846, 41.003406 ], [ -111.901799, 41.004334 ], [ -111.905743, 41.006993 ], [ -111.906797, 41.00732 ], [ -111.907505, 41.007074 ], [ -111.912085, 41.008016 ], [ -111.913059, 41.009705 ], [ -111.913277, 41.01005 ], [ -111.913514, 41.01042 ], [ -111.913651, 41.010568 ], [ -111.91382, 41.0107 ], [ -111.914074, 41.010835 ], [ -111.915214, 41.009047 ], [ -111.919128, 41.00463 ], [ -111.921313, 41.003442 ], [ -111.925352, 41.002545 ], [ -111.925544, 41.002241 ], [ -111.924862, 41.001811 ] ] ] } },
{ "type": "Feature", "properties": { "group_index": 0, "value": 300.0, "center": [ -111.90184596337627, 40.85549724827479 ], "point_id": "F10-3616" }, "geometry": { "type": "Polygon", "coordinates": [ [ [ -111.905037, 40.854154 ], [ -111.905037, 40.853794 ], [ -111.904046, 40.852368 ], [ -111.903766, 40.852142 ], [ -111.902337, 40.851885 ], [ -111.901977, 40.851884 ], [ -111.901053, 40.852476 ], [ -111.89948, 40.853656 ], [ -111.89863, 40.854507 ], [ -111.89811, 40.855612 ], [ -111.898112, 40.855972 ], [ -111.899053, 40.858126 ], [ -111.899333, 40.858352 ], [ -111.902253, 40.858196 ], [ -111.902634, 40.857949 ], [ -111.902924, 40.857736 ], [ -111.903934, 40.856971 ], [ -111.905019, 40.854933 ], [ -111.905037, 40.854154 ] ] ] } },
{ "type": "Feature", "properties": { "group_index": 0, "value": 600.0, "center": [ -111.90184596337627, 40.85549724827479 ], "point_id": "F10-3616" }, "geometry": { "type": "Polygon", "coordinates": [ [ [ -111.908794, 40.852994 ], [ -111.908516, 40.851652 ], [ -111.908055, 40.850894 ], [ -111.907093, 40.849379 ], [ -111.906816, 40.849149 ], [ -111.906333, 40.848955 ], [ -111.902231, 40.848279 ], [ -111.902072, 40.848281 ], [ -111.902072, 40.848281 ], [ -111.901913, 40.848283 ], [ -111.901806, 40.848362 ], [ -111.900799, 40.849096 ], [ -111.896315, 40.85211 ], [ -111.894741, 40.853687 ], [ -111.893574, 40.855483 ], [ -111.893381, 40.855787 ], [ -111.895645, 40.858204 ], [ -111.896743, 40.861029 ], [ -111.897024, 40.861254 ], [ -111.899991, 40.861358 ], [ -111.901484, 40.86143 ], [ -111.901664, 40.861332 ], [ -111.904632, 40.857962 ], [ -111.904797, 40.857779 ], [ -111.90522, 40.857283 ], [ -111.907124, 40.855012 ], [ -111.907214, 40.854907 ], [ -111.908742, 40.853161 ], [ -111.908794, 40.85306 ], [ -111.908794, 40.852994 ] ] ] } },
{ "type": "Feature", "properties": { "group_index": 0, "value": 900.0, "center": [ -111.90184596337627, 40.85549724827479 ], "point_id": "F10-3616" }, "geometry": { "type": "Polygon", "coordinates": [ [ [ -111.912022, 40.850037 ], [ -111.912022, 40.850034 ], [ -111.91202, 40.84995 ], [ -111.910859, 40.848165 ], [ -111.908538, 40.845718 ], [ -111.908222, 40.845546 ], [ -111.908077, 40.845562 ], [ -111.907902, 40.845595 ], [ -111.903975, 40.845884 ], [ -111.901369, 40.844987 ], [ -111.901094, 40.845117 ], [ -111.899719, 40.846171 ], [ -111.895756, 40.849089 ], [ -111.893462, 40.850387 ], [ -111.892275, 40.85125 ], [ -111.889025, 40.855213 ], [ -111.889024, 40.855573 ], [ -111.890095, 40.85795 ], [ -111.892172, 40.861612 ], [ -111.894124, 40.864335 ], [ -111.894409, 40.864555 ], [ -111.89446, 40.864558 ], [ -111.899405, 40.864438 ], [ -111.902035, 40.864144 ], [ -111.905928, 40.862077 ], [ -111.906338, 40.861807 ], [ -111.906424, 40.861702 ], [ -111.906427, 40.861633 ], [ -111.906338, 40.861447 ], [ -111.906252, 40.861361 ], [ -111.90634, 40.855601 ], [ -111.907124, 40.855012 ], [ -111.907214, 40.854907 ], [ -111.908612, 40.853279 ], [ -111.908742, 40.853161 ], [ -111.910056, 40.852179 ], [ -111.912022, 40.85012 ], [ -111.912022, 40.850037 ] ] ] } },
{ "type": "Feature", "properties": { "group_index": 0, "value": 300.0, "center": [ -111.6772537852215, 40.27569013658336 ], "point_id": "F10-1148" }, "geometry": { "type": "Polygon", "coordinates": [ [ [ -111.679524, 40.274167 ], [ -111.678979, 40.273642 ], [ -111.676326, 40.272631 ], [ -111.676061, 40.272616 ], [ -111.67599, 40.272617 ], [ -111.675435, 40.272717 ], [ -111.675237, 40.272895 ], [ -111.673105, 40.27497 ], [ -111.67294, 40.275244 ], [ -111.672937, 40.275487 ], [ -111.672934, 40.275731 ], [ -111.674935, 40.27789 ], [ -111.676402, 40.278786 ], [ -111.677842, 40.278974 ], [ -111.677917, 40.278973 ], [ -111.678509, 40.278886 ], [ -111.680342, 40.277391 ], [ -111.680611, 40.276642 ], [ -111.679524, 40.274167 ] ] ] } },
{ "type": "Feature", "properties": { "group_index": 0, "value": 600.0, "center": [ -111.6772537852215, 40.27569013658336 ], "point_id": "F10-1148" }, "geometry": { "type": "Polygon", "coordinates": [ [ [ -111.685278, 40.276351 ], [ -111.685276, 40.276264 ], [ -111.684343, 40.274359 ], [ -111.683475, 40.273468 ], [ -111.683317, 40.273353 ], [ -111.682838, 40.273065 ], [ -111.678092, 40.270303 ], [ -111.677136, 40.269549 ], [ -111.677051, 40.269487 ], [ -111.676261, 40.268956 ], [ -111.675901, 40.26896 ], [ -111.672105, 40.270652 ], [ -111.671794, 40.270927 ], [ -111.671568, 40.271633 ], [ -111.671503, 40.271988 ], [ -111.671994, 40.275622 ], [ -111.671821, 40.278899 ], [ -111.671821, 40.279259 ], [ -111.673517, 40.280573 ], [ -111.676224, 40.282406 ], [ -111.676508, 40.282524 ], [ -111.676572, 40.282526 ], [ -111.67872, 40.282328 ], [ -111.678863, 40.282313 ], [ -111.679972, 40.281647 ], [ -111.680445, 40.281317 ], [ -111.681081, 40.280824 ], [ -111.685272, 40.276711 ], [ -111.685278, 40.276351 ] ] ] } },
{ "type": "Feature", "properties": { "group_index": 0, "value": 900.0, "center": [ -111.6772537852215, 40.27569013658336 ], "point_id": "F10-1148" }, "geometry": { "type": "Polygon", "coordinates": [ [ [ -111.689665, 40.276814 ], [ -111.688514, 40.273491 ], [ -111.687977, 40.273039 ], [ -111.685609, 40.27122 ], [ -111.684191, 40.27047 ], [ -111.680186, 40.268028 ], [ -111.676557, 40.265298 ], [ -111.675974, 40.265406 ], [ -111.672183, 40.266685 ], [ -111.671859, 40.266843 ], [ -111.67169, 40.267109 ], [ -111.671019, 40.268652 ], [ -111.669394, 40.273481 ], [ -111.67045, 40.279277 ], [ -111.67144, 40.282585 ], [ -111.672357, 40.283598 ], [ -111.675666, 40.285827 ], [ -111.676164, 40.286131 ], [ -111.676524, 40.286128 ], [ -111.681327, 40.284375 ], [ -111.683901, 40.282618 ], [ -111.687522, 40.279534 ], [ -111.689358, 40.277622 ], [ -111.689663, 40.277174 ], [ -111.689665, 40.276814 ] ] ] } },
{ "type": "Feature", "properties": { "group_index": 0, "value": 300.0, "center": [ -111.8530464868449, 40.58494728975962 ], "point_id": "F10-3660" }, "geometry": { "type": "Polygon", "coordinates": [ [ [ -111.85743, 40.584384 ], [ -111.855677, 40.582921 ], [ -111.853918, 40.581486 ], [ -111.853642, 40.581309 ], [ -111.853256, 40.581205 ], [ -111.852896, 40.581202 ], [ -111.852177, 40.581619 ], [ -111.851422, 40.582119 ], [ -111.84884, 40.584084 ], [ -111.848244, 40.584542 ], [ -111.848167, 40.584893 ], [ -111.8494, 40.585945 ], [ -111.852417, 40.588439 ], [ -111.852946, 40.588605 ], [ -111.853333, 40.588672 ], [ -111.853693, 40.588669 ], [ -111.857427, 40.584744 ], [ -111.85743, 40.584384 ] ] ] } },
{ "type": "Feature", "properties": { "group_index": 0, "value": 600.0, "center": [ -111.8530464868449, 40.58494728975962 ], "point_id": "F10-3660" }, "geometry": { "type": "Polygon", "coordinates": [ [ [ -111.857488, 40.585401 ], [ -111.858209, 40.583826 ], [ -111.858309, 40.582063 ], [ -111.858318, 40.581865 ], [ -111.858327, 40.581668 ], [ -111.857156, 40.580324 ], [ -111.853167, 40.576216 ], [ -111.852807, 40.576217 ], [ -111.852275, 40.577012 ], [ -111.850599, 40.578993 ], [ -111.8475, 40.580714 ], [ -111.847419, 40.58077 ], [ -111.844545, 40.582645 ], [ -111.844464, 40.583977 ], [ -111.844471, 40.584024 ], [ -111.847606, 40.588241 ], [ -111.849154, 40.589826 ], [ -111.850767, 40.591372 ], [ -111.852924, 40.592352 ], [ -111.853284, 40.592354 ], [ -111.855269, 40.591604 ], [ -111.856409, 40.590422 ], [ -111.857488, 40.585401 ] ] ] } },
{ "type": "Feature", "properties": { "group_index": 0, "value": 900.0, "center": [ -111.8530464868449, 40.58494728975962 ], "point_id": "F10-3660" }, "geometry": { "type": "Polygon", "coordinates": [ [ [ -111.861954, 40.580831 ], [ -111.861766, 40.580524 ], [ -111.861692, 40.580427 ], [ -111.859901, 40.578698 ], [ -111.858951, 40.577973 ], [ -111.858076, 40.577342 ], [ -111.853397, 40.573871 ], [ -111.85326, 40.573753 ], [ -111.853147, 40.57369 ], [ -111.852787, 40.573687 ], [ -111.852433, 40.573879 ], [ -111.849332, 40.575857 ], [ -111.849049, 40.57608 ], [ -111.848225, 40.577448 ], [ -111.843743, 40.579649 ], [ -111.842914, 40.580365 ], [ -111.840266, 40.583348 ], [ -111.840223, 40.583439 ], [ -111.840162, 40.583634 ], [ -111.840698, 40.586208 ], [ -111.840952, 40.586463 ], [ -111.841082, 40.586569 ], [ -111.84295, 40.588048 ], [ -111.843409, 40.588398 ], [ -111.846268, 40.590675 ], [ -111.84822, 40.592832 ], [ -111.851589, 40.595211 ], [ -111.852908, 40.596101 ], [ -111.853268, 40.596099 ], [ -111.853559, 40.595929 ], [ -111.857059, 40.593834 ], [ -111.857061, 40.593595 ], [ -111.856856, 40.592739 ], [ -111.858199, 40.587295 ], [ -111.858192, 40.586352 ], [ -111.861717, 40.581542 ], [ -111.861828, 40.581477 ], [ -111.862039, 40.581185 ], [ -111.861954, 40.580831 ] ] ] } },
{ "type": "Feature", "properties": { "group_index": 0, "value": 300.0, "center": [ -112.0446279, 41.1402905 ], "point_id": "F19-70780" }, "geometry": { "type": "Polygon", "coordinates": [ [ [ -112.04988, 41.139813 ], [ -112.046665, 41.137492 ], [ -112.04497, 41.136507 ], [ -112.044611, 41.13653 ], [ -112.041696, 41.138273 ], [ -112.041569, 41.138365 ], [ -112.040036, 41.13982 ], [ -112.040038, 41.14018 ], [ -112.042862, 41.142988 ], [ -112.042955, 41.14308 ], [ -112.043195, 41.143109 ], [ -112.043555, 41.143112 ], [ -112.045025, 41.143093 ], [ -112.045384, 41.14307 ], [ -112.045664, 41.142926 ], [ -112.04988, 41.140173 ], [ -112.04988, 41.139813 ] ] ] } },
{ "type": "Feature", "properties": { "group_index": 0, "value": 600.0, "center": [ -112.0446279, 41.1402905 ], "point_id": "F19-70780" }, "geometry": { "type": "Polygon", "coordinates": [ [ [ -112.05421, 41.140057 ], [ -112.05413, 41.139824 ], [ -112.053983, 41.139601 ], [ -112.052128, 41.138134 ], [ -112.049285, 41.135624 ], [ -112.046128, 41.133653 ], [ -112.045452, 41.13329 ], [ -112.044793, 41.133022 ], [ -112.044433, 41.133044 ], [ -112.040466, 41.135722 ], [ -112.039277, 41.136555 ], [ -112.036199, 41.13863 ], [ -112.035193, 41.139641 ], [ -112.035073, 41.139771 ], [ -112.034978, 41.139889 ], [ -112.03498, 41.140055 ], [ -112.037365, 41.142266 ], [ -112.040788, 41.145243 ], [ -112.043133, 41.146902 ], [ -112.043493, 41.146907 ], [ -112.045439, 41.146792 ], [ -112.045907, 41.146713 ], [ -112.046845, 41.145971 ], [ -112.04976, 41.143683 ], [ -112.05413, 41.140184 ], [ -112.054189, 41.140125 ], [ -112.05421, 41.140057 ] ] ] } },
{ "type": "Feature", "properties": { "group_index": 0, "value": 900.0, "center": [ -112.0446279, 41.1402905 ], "point_id": "F19-70780" }, "geometry": { "type": "Polygon", "coordinates": [ [ [ -112.059071, 41.139881 ], [ -112.059008, 41.1397 ], [ -112.056699, 41.138009 ], [ -112.053849, 41.135566 ], [ -112.051834, 41.134219 ], [ -112.048522, 41.131579 ], [ -112.047694, 41.130962 ], [ -112.045359, 41.129273 ], [ -112.044999, 41.129273 ], [ -112.0442, 41.129428 ], [ -112.041271, 41.131822 ], [ -112.036006, 41.133924 ], [ -112.03275, 41.13782 ], [ -112.031827, 41.138476 ], [ -112.030617, 41.13918 ], [ -112.030125, 41.139772 ], [ -112.030125, 41.140132 ], [ -112.030774, 41.140616 ], [ -112.031652, 41.141283 ], [ -112.031995, 41.141504 ], [ -112.036375, 41.14469 ], [ -112.036766, 41.145579 ], [ -112.037672, 41.146526 ], [ -112.038667, 41.147329 ], [ -112.038764, 41.147403 ], [ -112.041052, 41.149107 ], [ -112.042049, 41.149787 ], [ -112.042164, 41.149846 ], [ -112.045578, 41.150913 ], [ -112.045937, 41.150891 ], [ -112.049276, 41.148017 ], [ -112.049997, 41.147417 ], [ -112.054223, 41.144153 ], [ -112.056665, 41.142201 ], [ -112.059007, 41.14006 ], [ -112.05907, 41.139991 ], [ -112.059071, 41.139881 ] ] ] } },
{ "type": "Feature", "properties": { "group_index": 0, "value": 300.0, "center": [ -111.82999811038441, 40.59504855391923 ], "point_id": "F10-3717" }, "geometry": { "type": "Polygon", "coordinates": [ [ [ -111.83459, 40.594755 ], [ -111.834499, 40.594663 ], [ -111.832995, 40.593131 ], [ -111.832704, 40.59292 ], [ -111.832077, 40.592456 ], [ -111.831997, 40.592443 ], [ -111.830252, 40.592157 ], [ -111.828685, 40.592127 ], [ -111.828337, 40.592221 ], [ -111.826784, 40.592929 ], [ -111.8265, 40.59315 ], [ -111.82563, 40.593951 ], [ -111.825665, 40.59451 ], [ -111.825849, 40.594819 ], [ -111.82864, 40.596382 ], [ -111.829561, 40.596773 ], [ -111.831539, 40.597335 ], [ -111.831898, 40.597306 ], [ -111.834585, 40.595115 ], [ -111.83459, 40.594755 ] ] ] } },
{ "type": "Feature", "properties": { "group_index": 0, "value": 600.0, "center": [ -111.82999811038441, 40.59504855391923 ], "point_id": "F10-3717" }, "geometry": { "type": "Polygon", "coordinates": [ [ [ -111.837, 40.595904 ], [ -111.836884, 40.595795 ], [ -111.835006, 40.59372 ], [ -111.834786, 40.590014 ], [ -111.834787, 40.589654 ], [ -111.834458, 40.58949 ], [ -111.834327, 40.589469 ], [ -111.833967, 40.589472 ], [ -111.8338, 40.589552 ], [ -111.828504, 40.592145 ], [ -111.822589, 40.591736 ], [ -111.82202, 40.592554 ], [ -111.820811, 40.594925 ], [ -111.820866, 40.595281 ], [ -111.823952, 40.597602 ], [ -111.825843, 40.598364 ], [ -111.828757, 40.599626 ], [ -111.83196, 40.60102 ], [ -111.832304, 40.600914 ], [ -111.832474, 40.600838 ], [ -111.833419, 40.599836 ], [ -111.838381, 40.597538 ], [ -111.838549, 40.597219 ], [ -111.837, 40.595904 ] ] ] } },
{ "type": "Feature", "properties": { "group_index": 0, "value": 900.0, "center": [ -111.82999811038441, 40.59504855391923 ], "point_id": "F10-3717" }, "geometry": { "type": "Polygon", "coordinates": [ [ [ -111.841263, 40.598034 ], [ -111.841237, 40.597958 ], [ -111.841009, 40.597679 ], [ -111.838549, 40.597219 ], [ -111.837351, 40.592193 ], [ -111.838972, 40.590133 ], [ -111.838919, 40.589777 ], [ -111.834553, 40.585867 ], [ -111.834356, 40.585726 ], [ -111.833996, 40.585721 ], [ -111.831417, 40.587432 ], [ -111.829031, 40.588895 ], [ -111.828871, 40.58904 ], [ -111.824145, 40.592424 ], [ -111.822589, 40.591736 ], [ -111.821026, 40.591901 ], [ -111.819991, 40.591966 ], [ -111.817263, 40.592183 ], [ -111.816556, 40.59438 ], [ -111.816411, 40.595281 ], [ -111.816446, 40.595639 ], [ -111.816756, 40.595609 ], [ -111.817066, 40.595579 ], [ -111.821712, 40.599189 ], [ -111.821733, 40.59991 ], [ -111.822076, 40.60002 ], [ -111.825012, 40.600034 ], [ -111.825372, 40.600033 ], [ -111.830859, 40.602454 ], [ -111.832619, 40.605089 ], [ -111.832978, 40.605113 ], [ -111.833149, 40.605021 ], [ -111.834527, 40.604118 ], [ -111.837783, 40.601151 ], [ -111.841312, 40.599967 ], [ -111.841454, 40.599637 ], [ -111.841263, 40.598034 ] ] ] } },
{ "type": "Feature", "properties": { "group_index": 0, "value": 300.0, "center": [ -111.82465070805704, 40.625002379005586 ], "point_id": "F10-3889" }, "geometry": { "type": "Polygon", "coordinates": [ [ [ -111.828433, 40.625442 ], [ -111.828407, 40.623932 ], [ -111.827561, 40.623232 ], [ -111.825461, 40.621641 ], [ -111.824671, 40.621108 ], [ -111.824638, 40.621108 ], [ -111.82069, 40.623898 ], [ -111.820688, 40.624258 ], [ -111.822381, 40.627374 ], [ -111.822465, 40.627438 ], [ -111.824565, 40.628673 ], [ -111.824925, 40.628674 ], [ -111.825742, 40.628291 ], [ -111.82844, 40.625786 ], [ -111.828433, 40.625442 ] ] ] } },
{ "type": "Feature", "properties": { "group_index": 0, "value": 600.0, "center": [ -111.82465070805704, 40.625002379005586 ], "point_id": "F10-3889" }, "geometry": { "type": "Polygon", "coordinates": [ [ [ -111.833316, 40.624076 ], [ -111.832896, 40.623435 ], [ -111.829445, 40.620757 ], [ -111.82672, 40.618614 ], [ -111.825069, 40.617517 ], [ -111.824932, 40.617501 ], [ -111.82451, 40.617516 ], [ -111.82437, 40.617577 ], [ -111.820139, 40.620428 ], [ -111.816065, 40.623778 ], [ -111.815959, 40.623879 ], [ -111.815825, 40.624059 ], [ -111.815825, 40.624168 ], [ -111.817429, 40.62714 ], [ -111.820115, 40.6294 ], [ -111.8202, 40.629466 ], [ -111.821248, 40.63021 ], [ -111.824557, 40.63242 ], [ -111.824917, 40.632421 ], [ -111.827449, 40.630966 ], [ -111.829708, 40.628992 ], [ -111.833281, 40.624435 ], [ -111.833316, 40.624076 ] ] ] } },
{ "type": "Feature", "properties": { "group_index": 0, "value": 900.0, "center": [ -111.82465070805704, 40.625002379005586 ], "point_id": "F10-3889" }, "geometry": { "type": "Polygon", "coordinates": [ [ [ -111.838163, 40.624509 ], [ -111.838118, 40.624408 ], [ -111.838004, 40.624301 ], [ -111.835481, 40.621921 ], [ -111.833355, 40.619758 ], [ -111.830522, 40.617871 ], [ -111.827751, 40.615096 ], [ -111.827669, 40.615007 ], [ -111.82749, 40.614906 ], [ -111.825172, 40.613869 ], [ -111.824726, 40.613686 ], [ -111.824599, 40.613684 ], [ -111.823944, 40.614175 ], [ -111.822754, 40.615046 ], [ -111.817733, 40.617942 ], [ -111.817393, 40.617987 ], [ -111.816507, 40.6184 ], [ -111.813129, 40.622313 ], [ -111.812064, 40.623109 ], [ -111.811129, 40.62377 ], [ -111.81103, 40.62387 ], [ -111.811029, 40.62423 ], [ -111.81384, 40.629383 ], [ -111.813996, 40.629503 ], [ -111.814946, 40.629938 ], [ -111.818975, 40.632156 ], [ -111.820369, 40.633211 ], [ -111.824429, 40.636232 ], [ -111.824733, 40.636231 ], [ -111.824913, 40.636168 ], [ -111.825671, 40.635834 ], [ -111.829349, 40.632749 ], [ -111.829429, 40.632398 ], [ -111.832128, 40.628395 ], [ -111.833644, 40.628102 ], [ -111.834004, 40.628099 ], [ -111.834258, 40.627952 ], [ -111.837072, 40.626076 ], [ -111.837677, 40.625512 ], [ -111.838121, 40.624867 ], [ -111.838163, 40.624509 ] ] ] } },
{ "type": "Feature", "properties": { "group_index": 0, "value": 300.0, "center": [ -111.9724280171801, 41.08243960610814 ], "point_id": "F10-3740" }, "geometry": { "type": "Polygon", "coordinates": [ [ [ -111.976826, 41.082998 ], [ -111.976567, 41.082677 ], [ -111.974403, 41.0805 ], [ -111.973516, 41.079876 ], [ -111.973156, 41.079872 ], [ -111.96924, 41.081407 ], [ -111.968041, 41.082149 ], [ -111.968048, 41.082328 ], [ -111.968147, 41.082584 ], [ -111.968195, 41.082679 ], [ -111.969365, 41.084087 ], [ -111.970163, 41.084758 ], [ -111.970334, 41.08482 ], [ -111.971077, 41.08504 ], [ -111.973126, 41.085281 ], [ -111.973486, 41.085282 ], [ -111.97679, 41.083356 ], [ -111.976826, 41.082998 ] ] ] } },
{ "type": "Feature", "properties": { "group_index": 0, "value": 600.0, "center": [ -111.9724280171801, 41.08243960610814 ], "point_id": "F10-3740" }, "geometry": { "type": "Polygon", "coordinates": [ [ [ -111.981615, 41.083278 ], [ -111.981389, 41.082878 ], [ -111.979375, 41.080395 ], [ -111.978665, 41.079676 ], [ -111.974698, 41.076808 ], [ -111.973569, 41.076035 ], [ -111.973219, 41.075949 ], [ -111.970215, 41.077857 ], [ -111.968652, 41.079467 ], [ -111.964414, 41.081041 ], [ -111.963029, 41.082411 ], [ -111.963024, 41.082771 ], [ -111.96506, 41.084852 ], [ -111.966234, 41.085716 ], [ -111.968393, 41.087113 ], [ -111.971065, 41.088575 ], [ -111.973115, 41.089028 ], [ -111.973475, 41.089028 ], [ -111.975747, 41.087943 ], [ -111.979622, 41.085486 ], [ -111.980264, 41.084896 ], [ -111.981467, 41.083711 ], [ -111.981615, 41.083278 ] ] ] } },
{ "type": "Feature", "properties": { "group_index": 0, "value": 900.0, "center": [ -111.9724280171801, 41.08243960610814 ], "point_id": "F10-3740" }, "geometry": { "type": "Polygon", "coordinates": [ [ [ -111.984069, 41.079714 ], [ -111.983922, 41.079385 ], [ -111.979379, 41.077291 ], [ -111.977127, 41.074146 ], [ -111.976954, 41.07383 ], [ -111.976766, 41.073477 ], [ -111.973839, 41.07305 ], [ -111.973331, 41.073061 ], [ -111.969953, 41.074559 ], [ -111.969783, 41.074685 ], [ -111.968915, 41.075354 ], [ -111.967495, 41.076512 ], [ -111.962565, 41.078868 ], [ -111.96242, 41.078944 ], [ -111.960742, 41.080491 ], [ -111.960649, 41.080578 ], [ -111.959629, 41.083509 ], [ -111.959586, 41.083867 ], [ -111.95958, 41.084023 ], [ -111.962289, 41.086509 ], [ -111.963019, 41.087056 ], [ -111.966749, 41.089709 ], [ -111.966854, 41.089781 ], [ -111.968907, 41.091001 ], [ -111.973086, 41.092764 ], [ -111.973446, 41.092769 ], [ -111.978037, 41.090323 ], [ -111.9802, 41.088849 ], [ -111.981946, 41.087468 ], [ -111.985793, 41.084723 ], [ -111.986057, 41.084479 ], [ -111.984069, 41.079714 ] ] ] } },
{ "type": "Feature", "properties": { "group_index": 0, "value": 300.0, "center": [ -111.86246288887537, 40.54560629810423 ], "point_id": "F10-4281" }, "geometry": { "type": "Polygon", "coordinates": [ [ [ -111.865788, 40.544485 ], [ -111.865789, 40.544125 ], [ -111.865745, 40.544036 ], [ -111.863587, 40.542523 ], [ -111.862909, 40.542076 ], [ -111.862549, 40.542077 ], [ -111.859849, 40.544092 ], [ -111.859849, 40.544452 ], [ -111.86086, 40.54784 ], [ -111.861493, 40.548336 ], [ -111.862579, 40.549135 ], [ -111.862939, 40.549134 ], [ -111.863208, 40.549098 ], [ -111.865208, 40.547616 ], [ -111.865788, 40.544485 ] ] ] } },
{ "type": "Feature", "properties": { "group_index": 0, "value": 600.0, "center": [ -111.86246288887537, 40.54560629810423 ], "point_id": "F10-4281" }, "geometry": { "type": "Polygon", "coordinates": [ [ [ -111.870615, 40.544098 ], [ -111.869872, 40.543533 ], [ -111.868803, 40.542721 ], [ -111.866309, 40.540845 ], [ -111.862901, 40.538245 ], [ -111.862541, 40.538245 ], [ -111.862043, 40.538603 ], [ -111.860101, 40.540067 ], [ -111.856776, 40.542668 ], [ -111.854918, 40.544093 ], [ -111.854918, 40.544453 ], [ -111.8555, 40.54493 ], [ -111.856865, 40.545901 ], [ -111.859649, 40.550649 ], [ -111.861136, 40.551878 ], [ -111.862265, 40.552684 ], [ -111.862576, 40.55288 ], [ -111.862936, 40.552884 ], [ -111.863297, 40.552694 ], [ -111.866541, 40.55031 ], [ -111.868965, 40.546223 ], [ -111.870614, 40.544458 ], [ -111.870615, 40.544098 ] ] ] } },
{ "type": "Feature", "properties": { "group_index": 0, "value": 900.0, "center": [ -111.86246288887537, 40.54560629810423 ], "point_id": "F10-4281" }, "geometry": { "type": "Polygon", "coordinates": [ [ [ -111.875635, 40.544232 ], [ -111.875536, 40.544111 ], [ -111.873628, 40.542607 ], [ -111.871924, 40.541251 ], [ -111.868865, 40.538575 ], [ -111.864157, 40.534888 ], [ -111.862929, 40.534582 ], [ -111.862569, 40.534582 ], [ -111.858611, 40.537119 ], [ -111.854755, 40.540163 ], [ -111.851032, 40.543337 ], [ -111.849986, 40.544106 ], [ -111.849987, 40.544466 ], [ -111.850407, 40.544758 ], [ -111.85167, 40.545755 ], [ -111.853179, 40.547037 ], [ -111.856035, 40.551697 ], [ -111.858334, 40.554076 ], [ -111.861991, 40.556478 ], [ -111.862534, 40.556626 ], [ -111.862894, 40.556631 ], [ -111.864167, 40.555671 ], [ -111.869349, 40.552821 ], [ -111.87039, 40.552421 ], [ -111.870445, 40.552066 ], [ -111.872474, 40.547327 ], [ -111.874595, 40.545307 ], [ -111.875534, 40.544471 ], [ -111.875634, 40.544293 ], [ -111.875635, 40.544232 ] ] ] } },
{ "type": "Feature", "properties": { "group_index": 0, "value": 300.0, "center": [ -111.85770742728644, 40.390950340845684 ], "point_id": "F21-85600" }, "geometry": { "type": "Polygon", "coordinates": [ [ [ -111.86199, 40.390846 ], [ -111.857595, 40.387695 ], [ -111.857055, 40.387522 ], [ -111.855536, 40.388718 ], [ -111.854454, 40.391469 ], [ -111.855179, 40.39261 ], [ -111.856111, 40.393829 ], [ -111.856824, 40.394232 ], [ -111.857184, 40.394232 ], [ -111.861751, 40.391566 ], [ -111.861991, 40.391206 ], [ -111.86199, 40.390846 ] ] ] } },
{ "type": "Feature", "properties": { "group_index": 0, "value": 600.0, "center": [ -111.85770742728644, 40.390950340845684 ], "point_id": "F21-85600" }, "geometry": { "type": "Polygon", "coordinates": [ [ [ -111.867058, 40.391002 ], [ -111.866915, 40.39085 ], [ -111.864622, 40.389143 ], [ -111.861839, 40.386936 ], [ -111.85698, 40.38365 ], [ -111.856621, 40.383667 ], [ -111.85341, 40.386491 ], [ -111.852092, 40.387636 ], [ -111.852053, 40.387692 ], [ -111.849746, 40.391178 ], [ -111.849751, 40.391538 ], [ -111.851213, 40.393873 ], [ -111.855772, 40.397311 ], [ -111.856789, 40.397977 ], [ -111.857149, 40.39798 ], [ -111.857152, 40.397556 ], [ -111.862427, 40.395062 ], [ -111.862787, 40.395064 ], [ -111.866906, 40.39121 ], [ -111.867043, 40.391068 ], [ -111.867058, 40.391002 ] ] ] } },
{ "type": "Feature", "properties": { "group_index": 0, "value": 900.0, "center": [ -111.85770742728644, 40.390950340845684 ], "point_id": "F21-85600" }, "geometry": { "type": "Polygon", "coordinates": [ [ [ -111.87183, 40.390841 ], [ -111.868449, 40.3882 ], [ -111.867331, 40.387393 ], [ -111.866793, 40.387024 ], [ -111.86313, 40.384757 ], [ -111.861829, 40.38282 ], [ -111.857562, 40.380348 ], [ -111.857482, 40.380331 ], [ -111.857122, 40.380328 ], [ -111.854925, 40.381895 ], [ -111.85188, 40.38383 ], [ -111.851448, 40.384131 ], [ -111.850105, 40.385251 ], [ -111.847597, 40.387369 ], [ -111.847177, 40.387749 ], [ -111.844829, 40.391248 ], [ -111.844831, 40.391608 ], [ -111.846293, 40.393951 ], [ -111.847751, 40.395034 ], [ -111.849228, 40.396062 ], [ -111.849428, 40.396202 ], [ -111.854113, 40.399943 ], [ -111.856761, 40.401724 ], [ -111.857121, 40.401727 ], [ -111.859534, 40.401068 ], [ -111.859795, 40.40082 ], [ -111.861181, 40.398742 ], [ -111.86517, 40.397136 ], [ -111.868446, 40.393938 ], [ -111.871747, 40.391268 ], [ -111.871831, 40.391201 ], [ -111.87183, 40.390841 ] ] ] } },
{ "type": "Feature", "properties": { "group_index": 0, "value": 300.0, "center": [ -111.83172352624598, 40.42821708556552 ], "point_id": "F21-85601" }, "geometry": { "type": "Polygon", "coordinates": [ [ [ -111.836432, 40.427791 ], [ -111.835148, 40.426842 ], [ -111.834007, 40.426016 ], [ -111.83073, 40.425259 ], [ -111.83037, 40.425262 ], [ -111.826777, 40.427792 ], [ -111.826777, 40.428152 ], [ -111.830584, 40.431162 ], [ -111.830742, 40.431177 ], [ -111.830846, 40.431173 ], [ -111.833301, 40.430821 ], [ -111.835183, 40.430085 ], [ -111.836434, 40.428151 ], [ -111.836432, 40.427791 ] ] ] } },
{ "type": "Feature", "properties": { "group_index": 0, "value": 600.0, "center": [ -111.83172352624598, 40.42821708556552 ], "point_id": "F21-85601" }, "geometry": { "type": "Polygon", "coordinates": [ [ [ -111.841624, 40.427913 ], [ -111.837713, 40.424731 ], [ -111.835815, 40.422909 ], [ -111.834651, 40.4226 ], [ -111.8307, 40.421572 ], [ -111.830213, 40.421578 ], [ -111.830212, 40.421938 ], [ -111.828361, 40.425818 ], [ -111.825226, 40.426137 ], [ -111.825136, 40.426116 ], [ -111.82235, 40.429214 ], [ -111.82244, 40.429563 ], [ -111.826201, 40.431793 ], [ -111.826232, 40.431805 ], [ -111.826584, 40.431806 ], [ -111.831832, 40.434164 ], [ -111.832143, 40.434347 ], [ -111.832555, 40.434249 ], [ -111.837261, 40.431413 ], [ -111.841623, 40.428273 ], [ -111.841624, 40.427913 ] ] ] } },
{ "type": "Feature", "properties": { "group_index": 0, "value": 900.0, "center": [ -111.83172352624598, 40.42821708556552 ], "point_id": "F21-85601" }, "geometry": { "type": "Polygon", "coordinates": [ [ [ -111.846276, 40.427819 ], [ -111.843131, 40.425806 ], [ -111.840315, 40.422889 ], [ -111.839314, 40.420702 ], [ -111.839228, 40.420608 ], [ -111.839085, 40.420549 ], [ -111.838742, 40.420648 ], [ -111.83855, 40.420739 ], [ -111.838386, 40.420818 ], [ -111.83606, 40.42159 ], [ -111.831724, 40.418565 ], [ -111.83057, 40.417832 ], [ -111.830193, 40.417796 ], [ -111.829999, 40.417871 ], [ -111.829934, 40.41795 ], [ -111.82621, 40.422599 ], [ -111.822144, 40.425795 ], [ -111.821967, 40.425936 ], [ -111.820869, 40.426827 ], [ -111.820001, 40.431318 ], [ -111.820007, 40.431678 ], [ -111.821613, 40.432543 ], [ -111.821968, 40.432482 ], [ -111.824903, 40.432001 ], [ -111.826109, 40.432015 ], [ -111.83083, 40.435128 ], [ -111.831586, 40.436269 ], [ -111.831857, 40.436576 ], [ -111.83265, 40.436866 ], [ -111.836354, 40.435968 ], [ -111.836626, 40.435733 ], [ -111.839759, 40.43234 ], [ -111.841871, 40.431566 ], [ -111.842683, 40.431078 ], [ -111.846185, 40.428262 ], [ -111.846277, 40.428179 ], [ -111.846276, 40.427819 ] ] ] } },
{ "type": "Feature", "properties": { "group_index": 0, "value": 300.0, "center": [ -111.96557089843623, 41.282260207918476 ], "point_id": "F15-44455" }, "geometry": { "type": "Polygon", "coordinates": [ [ [ -111.969369, 41.282786 ], [ -111.969372, 41.282624 ], [ -111.968899, 41.2819 ], [ -111.968689, 41.281608 ], [ -111.967181, 41.279785 ], [ -111.965456, 41.279323 ], [ -111.964258, 41.279517 ], [ -111.962866, 41.279792 ], [ -111.960769, 41.28039 ], [ -111.960763, 41.28075 ], [ -111.961351, 41.282982 ], [ -111.962422, 41.284025 ], [ -111.963236, 41.284554 ], [ -111.964099, 41.284938 ], [ -111.965489, 41.28512 ], [ -111.965667, 41.28512 ], [ -111.969137, 41.283707 ], [ -111.969369, 41.282786 ] ] ] } },
{ "type": "Feature", "properties": { "group_index": 0, "value": 600.0, "center": [ -111.96557089843623, 41.282260207918476 ], "point_id": "F15-44455" }, "geometry": { "type": "Polygon", "coordinates": [ [ [ -111.973582, 41.281172 ], [ -111.970693, 41.279083 ], [ -111.969232, 41.278037 ], [ -111.964128, 41.275626 ], [ -111.963768, 41.27563 ], [ -111.959493, 41.277906 ], [ -111.957439, 41.279648 ], [ -111.956886, 41.283084 ], [ -111.956884, 41.283444 ], [ -111.959471, 41.285057 ], [ -111.959811, 41.28506 ], [ -111.960152, 41.285062 ], [ -111.9627, 41.284936 ], [ -111.964888, 41.285175 ], [ -111.968716, 41.287147 ], [ -111.969109, 41.287161 ], [ -111.969469, 41.287167 ], [ -111.971247, 41.285922 ], [ -111.972255, 41.28516 ], [ -111.973583, 41.281532 ], [ -111.973582, 41.281172 ] ] ] } },
{ "type": "Feature", "properties": { "group_index": 0, "value": 900.0, "center": [ -111.96557089843623, 41.282260207918476 ], "point_id": "F15-44455" }, "geometry": { "type": "Polygon", "coordinates": [ [ [ -111.977171, 41.279983 ], [ -111.97724, 41.27963 ], [ -111.976358, 41.278946 ], [ -111.976078, 41.278807 ], [ -111.975718, 41.278807 ], [ -111.971469, 41.278964 ], [ -111.97005, 41.275027 ], [ -111.969916, 41.274693 ], [ -111.969317, 41.274298 ], [ -111.96391, 41.272315 ], [ -111.963551, 41.272308 ], [ -111.958896, 41.274875 ], [ -111.956657, 41.276355 ], [ -111.955721, 41.276994 ], [ -111.955615, 41.27709 ], [ -111.955161, 41.277967 ], [ -111.951922, 41.282726 ], [ -111.951725, 41.283027 ], [ -111.951796, 41.28318 ], [ -111.952028, 41.283579 ], [ -111.952498, 41.283823 ], [ -111.9537, 41.284434 ], [ -111.954717, 41.284827 ], [ -111.958913, 41.28521 ], [ -111.959092, 41.285208 ], [ -111.960152, 41.285062 ], [ -111.964857, 41.287595 ], [ -111.966316, 41.28917 ], [ -111.968632, 41.290891 ], [ -111.969034, 41.290907 ], [ -111.969394, 41.290914 ], [ -111.969675, 41.290752 ], [ -111.971838, 41.289315 ], [ -111.973365, 41.285538 ], [ -111.975659, 41.283744 ], [ -111.975958, 41.283577 ], [ -111.977171, 41.279983 ] ] ] } },
{ "type": "Feature", "properties": { "group_index": 0, "value": 300.0, "center": [ -111.98780391871554, 41.0844444341424 ], "point_id": "F10-3490" }, "geometry": { "type": "Polygon", "coordinates": [ [ [ -111.992275, 41.084535 ], [ -111.992277, 41.084478 ], [ -111.992267, 41.084423 ], [ -111.990437, 41.082501 ], [ -111.988151, 41.080854 ], [ -111.988034, 41.080766 ], [ -111.987751, 41.0807 ], [ -111.987607, 41.080703 ], [ -111.98695, 41.081257 ], [ -111.986409, 41.083304 ], [ -111.986516, 41.083782 ], [ -111.98667, 41.083968 ], [ -111.987669, 41.085101 ], [ -111.990337, 41.087614 ], [ -111.99051, 41.087677 ], [ -111.990775, 41.087434 ], [ -111.992227, 41.084858 ], [ -111.992267, 41.084783 ], [ -111.992275, 41.084535 ] ] ] } },
{ "type": "Feature", "properties": { "group_index": 0, "value": 600.0, "center": [ -111.98780391871554, 41.0844444341424 ], "point_id": "F10-3490" }, "geometry": { "type": "Polygon", "coordinates": [ [ [ -111.995604, 41.083514 ], [ -111.995358, 41.083252 ], [ -111.992924, 41.082388 ], [ -111.989973, 41.078618 ], [ -111.988476, 41.077665 ], [ -111.988143, 41.077461 ], [ -111.987783, 41.07746 ], [ -111.985505, 41.077891 ], [ -111.984032, 41.07935 ], [ -111.983386, 41.080132 ], [ -111.983386, 41.080328 ], [ -111.983386, 41.080524 ], [ -111.983481, 41.080846 ], [ -111.983729, 41.081122 ], [ -111.987669, 41.085101 ], [ -111.990337, 41.087614 ], [ -111.991261, 41.088474 ], [ -111.991442, 41.088581 ], [ -111.991625, 41.088661 ], [ -111.993494, 41.089251 ], [ -111.993834, 41.089248 ], [ -111.994701, 41.088859 ], [ -111.99477, 41.0888 ], [ -111.996469, 41.085963 ], [ -111.995604, 41.083514 ] ] ] } },
{ "type": "Feature", "properties": { "group_index": 0, "value": 900.0, "center": [ -111.98780391871554, 41.0844444341424 ], "point_id": "F10-3490" }, "geometry": { "type": "Polygon", "coordinates": [ [ [ -111.999579, 41.087602 ], [ -112.000181, 41.082844 ], [ -112.000188, 41.08268 ], [ -112.000186, 41.082509 ], [ -111.998519, 41.081364 ], [ -111.998485, 41.081364 ], [ -111.995866, 41.080805 ], [ -111.99359, 41.077651 ], [ -111.99023, 41.075208 ], [ -111.989115, 41.074384 ], [ -111.988162, 41.073731 ], [ -111.987802, 41.073729 ], [ -111.987668, 41.073768 ], [ -111.982359, 41.075332 ], [ -111.981803, 41.075438 ], [ -111.981572, 41.075715 ], [ -111.981558, 41.075748 ], [ -111.979637, 41.080488 ], [ -111.979637, 41.080848 ], [ -111.979643, 41.080927 ], [ -111.980236, 41.081264 ], [ -111.980596, 41.08128 ], [ -111.985288, 41.082051 ], [ -111.986516, 41.083782 ], [ -111.98667, 41.083968 ], [ -111.988523, 41.088907 ], [ -111.988524, 41.089267 ], [ -111.988741, 41.089266 ], [ -111.988957, 41.089266 ], [ -111.990051, 41.089131 ], [ -111.994845, 41.090849 ], [ -111.994845, 41.090849 ], [ -111.997502, 41.090585 ], [ -111.997581, 41.090574 ], [ -111.999358, 41.089212 ], [ -111.999526, 41.089035 ], [ -111.999579, 41.087602 ] ] ] } },
{ "type": "Feature", "properties": { "group_index": 0, "value": 300.0, "center": [ -111.8658833892592, 40.6732647015677 ], "point_id": "F10-15797" }, "geometry": { "type": "Polygon", "coordinates": [ [ [ -111.869262, 40.674389 ], [ -111.86926, 40.674029 ], [ -111.866025, 40.670043 ], [ -111.865646, 40.66962 ], [ -111.865284, 40.669639 ], [ -111.865143, 40.669653 ], [ -111.863, 40.671489 ], [ -111.862197, 40.674129 ], [ -111.862196, 40.674489 ], [ -111.864484, 40.676242 ], [ -111.865263, 40.676737 ], [ -111.865359, 40.67679 ], [ -111.865719, 40.676791 ], [ -111.869082, 40.674612 ], [ -111.869153, 40.674559 ], [ -111.869243, 40.674475 ], [ -111.869262, 40.674389 ] ] ] } },
{ "type": "Feature", "properties": { "group_index": 0, "value": 600.0, "center": [ -111.8658833892592, 40.6732647015677 ], "point_id": "F10-15797" }, "geometry": { "type": "Polygon", "coordinates": [ [ [ -111.874336, 40.674181 ], [ -111.874188, 40.67403 ], [ -111.871459, 40.671295 ], [ -111.868744, 40.668155 ], [ -111.866713, 40.666477 ], [ -111.865172, 40.665789 ], [ -111.865116, 40.665777 ], [ -111.865064, 40.665799 ], [ -111.864689, 40.665999 ], [ -111.863846, 40.668393 ], [ -111.859142, 40.669797 ], [ -111.858782, 40.669794 ], [ -111.858164, 40.671397 ], [ -111.857255, 40.67412 ], [ -111.857256, 40.67448 ], [ -111.85966, 40.676823 ], [ -111.86002, 40.676823 ], [ -111.863429, 40.677922 ], [ -111.865364, 40.680537 ], [ -111.865724, 40.680538 ], [ -111.866238, 40.68019 ], [ -111.869215, 40.677922 ], [ -111.871405, 40.676799 ], [ -111.873838, 40.675248 ], [ -111.874337, 40.674205 ], [ -111.874336, 40.674181 ] ] ] } },
{ "type": "Feature", "properties": { "group_index": 0, "value": 900.0, "center": [ -111.8658833892592, 40.6732647015677 ], "point_id": "F10-15797" }, "geometry": { "type": "Polygon", "coordinates": [ [ [ -111.879168, 40.674106 ], [ -111.879165, 40.673874 ], [ -111.879163, 40.673642 ], [ -111.875574, 40.67109 ], [ -111.873321, 40.669557 ], [ -111.872281, 40.668703 ], [ -111.869083, 40.664566 ], [ -111.867959, 40.663628 ], [ -111.864908, 40.662243 ], [ -111.86456, 40.662151 ], [ -111.864381, 40.662222 ], [ -111.860764, 40.66393 ], [ -111.860554, 40.664044 ], [ -111.860394, 40.664367 ], [ -111.860126, 40.665549 ], [ -111.858278, 40.668632 ], [ -111.854349, 40.670084 ], [ -111.85399, 40.670078 ], [ -111.85383, 40.670309 ], [ -111.852337, 40.674113 ], [ -111.852337, 40.674473 ], [ -111.853948, 40.675677 ], [ -111.85842, 40.679221 ], [ -111.858553, 40.679556 ], [ -111.859638, 40.680081 ], [ -111.864248, 40.683695 ], [ -111.864801, 40.684122 ], [ -111.865348, 40.684284 ], [ -111.865708, 40.684285 ], [ -111.866016, 40.684094 ], [ -111.868541, 40.682225 ], [ -111.871395, 40.680542 ], [ -111.872786, 40.679806 ], [ -111.873618, 40.679202 ], [ -111.87774, 40.675591 ], [ -111.878956, 40.674655 ], [ -111.879033, 40.674592 ], [ -111.879127, 40.674463 ], [ -111.879168, 40.674106 ] ] ] } },
{ "type": "Feature", "properties": { "group_index": 0, "value": 300.0, "center": [ -111.96085816733793, 40.609362600843234 ], "point_id": "F10-15799" }, "geometry": { "type": "Polygon", "coordinates": [ [ [ -111.965794, 40.609176 ], [ -111.965653, 40.609047 ], [ -111.964918, 40.608414 ], [ -111.963489, 40.607326 ], [ -111.963142, 40.607233 ], [ -111.957738, 40.607733 ], [ -111.955881, 40.60918 ], [ -111.955874, 40.60954 ], [ -111.956047, 40.609681 ], [ -111.959486, 40.61248 ], [ -111.959551, 40.612519 ], [ -111.959626, 40.612557 ], [ -111.959708, 40.612558 ], [ -111.96017, 40.612559 ], [ -111.963321, 40.611835 ], [ -111.963646, 40.611682 ], [ -111.963982, 40.611478 ], [ -111.965794, 40.609536 ], [ -111.965794, 40.609176 ] ] ] } },
{ "type": "Feature", "properties": { "group_index": 0, "value": 600.0, "center": [ -111.96085816733793, 40.609362600843234 ], "point_id": "F10-15799" }, "geometry": { "type": "Polygon", "coordinates": [ [ [ -111.970677, 40.609176 ], [ -111.970289, 40.608734 ], [ -111.969927, 40.608337 ], [ -111.969636, 40.608125 ], [ -111.967691, 40.606805 ], [ -111.964011, 40.603263 ], [ -111.958167, 40.60407 ], [ -111.957934, 40.60407 ], [ -111.957755, 40.604072 ], [ -111.957626, 40.60417 ], [ -111.955614, 40.606969 ], [ -111.951484, 40.60875 ], [ -111.951116, 40.609274 ], [ -111.951115, 40.609634 ], [ -111.952703, 40.61109 ], [ -111.956642, 40.614431 ], [ -111.957736, 40.615243 ], [ -111.958096, 40.615242 ], [ -111.963956, 40.615766 ], [ -111.964316, 40.615769 ], [ -111.968862, 40.611991 ], [ -111.970678, 40.609536 ], [ -111.970677, 40.609176 ] ] ] } },
{ "type": "Feature", "properties": { "group_index": 0, "value": 900.0, "center": [ -111.96085816733793, 40.609362600843234 ], "point_id": "F10-15799" }, "geometry": { "type": "Polygon", "coordinates": [ [ [ -111.975626, 40.609176 ], [ -111.972925, 40.605768 ], [ -111.97208, 40.604873 ], [ -111.971662, 40.604645 ], [ -111.967567, 40.602958 ], [ -111.963377, 40.599201 ], [ -111.957746, 40.60032 ], [ -111.955219, 40.601865 ], [ -111.955219, 40.602225 ], [ -111.953567, 40.606256 ], [ -111.949468, 40.606504 ], [ -111.94912, 40.606598 ], [ -111.94631, 40.609127 ], [ -111.94602, 40.609424 ], [ -111.946026, 40.609784 ], [ -111.948089, 40.611214 ], [ -111.951699, 40.61446 ], [ -111.953355, 40.615773 ], [ -111.956877, 40.618756 ], [ -111.9578, 40.618909 ], [ -111.958324, 40.61891 ], [ -111.958849, 40.61891 ], [ -111.964642, 40.619232 ], [ -111.964964, 40.619071 ], [ -111.967667, 40.615969 ], [ -111.970949, 40.613784 ], [ -111.971916, 40.613205 ], [ -111.972702, 40.612768 ], [ -111.975415, 40.609853 ], [ -111.975624, 40.609536 ], [ -111.975626, 40.609176 ] ] ] } },
{ "type": "Feature", "properties": { "group_index": 0, "value": 300.0, "center": [ -111.9787241, 40.7195268 ], "point_id": "F10-15796" }, "geometry": { "type": "Polygon", "coordinates": [ [ [ -111.983306, 40.719883 ], [ -111.983194, 40.719754 ], [ -111.981543, 40.718364 ], [ -111.9775, 40.717789 ], [ -111.97714, 40.717788 ], [ -111.976331, 40.71828 ], [ -111.975622, 40.718811 ], [ -111.974865, 40.719512 ], [ -111.974863, 40.719872 ], [ -111.976112, 40.72135 ], [ -111.977006, 40.721979 ], [ -111.977366, 40.721978 ], [ -111.980352, 40.721831 ], [ -111.981, 40.721782 ], [ -111.982921, 40.720333 ], [ -111.983099, 40.720193 ], [ -111.983194, 40.720114 ], [ -111.983306, 40.719935 ], [ -111.983306, 40.719883 ] ] ] } },
{ "type": "Feature", "properties": { "group_index": 0, "value": 600.0, "center": [ -111.9787241, 40.7195268 ], "point_id": "F10-15796" }, "geometry": { "type": "Polygon", "coordinates": [ [ [ -111.98634, 40.718509 ], [ -111.986342, 40.718149 ], [ -111.982247, 40.715279 ], [ -111.982153, 40.715251 ], [ -111.977494, 40.713909 ], [ -111.977134, 40.71391 ], [ -111.976452, 40.714445 ], [ -111.976262, 40.7146 ], [ -111.971574, 40.718228 ], [ -111.971398, 40.718437 ], [ -111.971399, 40.718797 ], [ -111.971398, 40.720626 ], [ -111.971399, 40.720986 ], [ -111.973807, 40.723779 ], [ -111.973823, 40.72379 ], [ -111.976532, 40.725646 ], [ -111.977199, 40.725695 ], [ -111.98218, 40.724577 ], [ -111.983987, 40.723658 ], [ -111.984274, 40.723433 ], [ -111.985848, 40.721823 ], [ -111.98634, 40.718509 ] ] ] } },
{ "type": "Feature", "properties": { "group_index": 0, "value": 900.0, "center": [ -111.9787241, 40.7195268 ], "point_id": "F10-15796" }, "geometry": { "type": "Polygon", "coordinates": [ [ [ -111.990904, 40.71817 ], [ -111.990395, 40.716814 ], [ -111.990263, 40.716616 ], [ -111.989744, 40.716069 ], [ -111.989499, 40.715844 ], [ -111.989155, 40.715953 ], [ -111.983919, 40.716211 ], [ -111.981737, 40.7135 ], [ -111.98017, 40.712255 ], [ -111.978644, 40.711078 ], [ -111.977834, 40.710522 ], [ -111.977473, 40.710312 ], [ -111.977113, 40.710314 ], [ -111.977, 40.710354 ], [ -111.976862, 40.710434 ], [ -111.972827, 40.712716 ], [ -111.972103, 40.713364 ], [ -111.969063, 40.716142 ], [ -111.9669, 40.718115 ], [ -111.966903, 40.718475 ], [ -111.969082, 40.722938 ], [ -111.969146, 40.723028 ], [ -111.971624, 40.725915 ], [ -111.972706, 40.725915 ], [ -111.973787, 40.725915 ], [ -111.977199, 40.725695 ], [ -111.980808, 40.725487 ], [ -111.982106, 40.725399 ], [ -111.983469, 40.725082 ], [ -111.988186, 40.724055 ], [ -111.988516, 40.723911 ], [ -111.988722, 40.723506 ], [ -111.990896, 40.71853 ], [ -111.990904, 40.71817 ] ] ] } },
{ "type": "Feature", "properties": { "group_index": 0, "value": 300.0, "center": [ -111.67249956437087, 40.23361034824026 ], "point_id": "F18-66780" }, "geometry": { "type": "Polygon", "coordinates": [ [ [ -111.677572, 40.233772 ], [ -111.677463, 40.233429 ], [ -111.675827, 40.232198 ], [ -111.674107, 40.230875 ], [ -111.673095, 40.230141 ], [ -111.672951, 40.230038 ], [ -111.672591, 40.230034 ], [ -111.670805, 40.230981 ], [ -111.668255, 40.232769 ], [ -111.667972, 40.232992 ], [ -111.667593, 40.233415 ], [ -111.667547, 40.233487 ], [ -111.667541, 40.233585 ], [ -111.66759, 40.233775 ], [ -111.668002, 40.234199 ], [ -111.669476, 40.235232 ], [ -111.670817, 40.236226 ], [ -111.670969, 40.236334 ], [ -111.671822, 40.236882 ], [ -111.672418, 40.237263 ], [ -111.672708, 40.23736 ], [ -111.672725, 40.23736 ], [ -111.674593, 40.235983 ], [ -111.675344, 40.235456 ], [ -111.677523, 40.233933 ], [ -111.677572, 40.233772 ] ] ] } },
{ "type": "Feature", "properties": { "group_index": 0, "value": 600.0, "center": [ -111.67249956437087, 40.23361034824026 ], "point_id": "F18-66780" }, "geometry": { "type": "Polygon", "coordinates": [ [ [ -111.682158, 40.235071 ], [ -111.681263, 40.23151 ], [ -111.681125, 40.231177 ], [ -111.676976, 40.229922 ], [ -111.675742, 40.228391 ], [ -111.674784, 40.227551 ], [ -111.673951, 40.227024 ], [ -111.673852, 40.226974 ], [ -111.672794, 40.226612 ], [ -111.671746, 40.226906 ], [ -111.670873, 40.227243 ], [ -111.667211, 40.229442 ], [ -111.665189, 40.230962 ], [ -111.66361, 40.232162 ], [ -111.663485, 40.232278 ], [ -111.662685, 40.233414 ], [ -111.662681, 40.233774 ], [ -111.66305, 40.234082 ], [ -111.665147, 40.235802 ], [ -111.669628, 40.239198 ], [ -111.670942, 40.24008 ], [ -111.672024, 40.240596 ], [ -111.672739, 40.240781 ], [ -111.673099, 40.24078 ], [ -111.67326, 40.240697 ], [ -111.67339, 40.240602 ], [ -111.674763, 40.239586 ], [ -111.676211, 40.238538 ], [ -111.676883, 40.238075 ], [ -111.681915, 40.235466 ], [ -111.682175, 40.235218 ], [ -111.682158, 40.235071 ] ] ] } },
{ "type": "Feature", "properties": { "group_index": 0, "value": 900.0, "center": [ -111.67249956437087, 40.23361034824026 ], "point_id": "F18-66780" }, "geometry": { "type": "Polygon", "coordinates": [ [ [ -111.685069, 40.233171 ], [ -111.683765, 40.231894 ], [ -111.68355, 40.231696 ], [ -111.681542, 40.231254 ], [ -111.678145, 40.22757 ], [ -111.678087, 40.227414 ], [ -111.677137, 40.225692 ], [ -111.676967, 40.22554 ], [ -111.674149, 40.224169 ], [ -111.673897, 40.224043 ], [ -111.67132, 40.223388 ], [ -111.671238, 40.223421 ], [ -111.670872, 40.223578 ], [ -111.670738, 40.223654 ], [ -111.667366, 40.225512 ], [ -111.666268, 40.226214 ], [ -111.661864, 40.229671 ], [ -111.660207, 40.230944 ], [ -111.658924, 40.232055 ], [ -111.657814, 40.233394 ], [ -111.657812, 40.233754 ], [ -111.657884, 40.233848 ], [ -111.657989, 40.233968 ], [ -111.659664, 40.235407 ], [ -111.661368, 40.236713 ], [ -111.662022, 40.23721 ], [ -111.666403, 40.240588 ], [ -111.666563, 40.240708 ], [ -111.670422, 40.243555 ], [ -111.670643, 40.243713 ], [ -111.670865, 40.243826 ], [ -111.672864, 40.244674 ], [ -111.672908, 40.244674 ], [ -111.673149, 40.244611 ], [ -111.675952, 40.242989 ], [ -111.677671, 40.241253 ], [ -111.680599, 40.239252 ], [ -111.684405, 40.238453 ], [ -111.684675, 40.238214 ], [ -111.684717, 40.238122 ], [ -111.685069, 40.233171 ] ] ] } },
{ "type": "Feature", "properties": { "group_index": 0, "value": 300.0, "center": [ -111.8311938, 40.7457149 ], "point_id": "F10-13336" }, "geometry": { "type": "Polygon", "coordinates": [ [ [ -111.83467, 40.746321 ], [ -111.83467, 40.745961 ], [ -111.833979, 40.743213 ], [ -111.832307, 40.742595 ], [ -111.831058, 40.742125 ], [ -111.830764, 40.74201 ], [ -111.830749, 40.74201 ], [ -111.828807, 40.742878 ], [ -111.828533, 40.743111 ], [ -111.828357, 40.743413 ], [ -111.830324, 40.748295 ], [ -111.830504, 40.749195 ], [ -111.83062, 40.749281 ], [ -111.83098, 40.749278 ], [ -111.834011, 40.748978 ], [ -111.834417, 40.747863 ], [ -111.83467, 40.746321 ] ] ] } },
{ "type": "Feature", "properties": { "group_index": 0, "value": 600.0, "center": [ -111.8311938, 40.7457149 ], "point_id": "F10-13336" }, "geometry": { "type": "Polygon", "coordinates": [ [ [ -111.839394, 40.746306 ], [ -111.83939, 40.745946 ], [ -111.838554, 40.743201 ], [ -111.838476, 40.743112 ], [ -111.836894, 40.741537 ], [ -111.836704, 40.741395 ], [ -111.832187, 40.738698 ], [ -111.830968, 40.738431 ], [ -111.830609, 40.738433 ], [ -111.826087, 40.739748 ], [ -111.825814, 40.739982 ], [ -111.825231, 40.740667 ], [ -111.82454, 40.741552 ], [ -111.824657, 40.741892 ], [ -111.827605, 40.747057 ], [ -111.827517, 40.749363 ], [ -111.827518, 40.749723 ], [ -111.827655, 40.750829 ], [ -111.827917, 40.751151 ], [ -111.82819, 40.751348 ], [ -111.831454, 40.753227 ], [ -111.832517, 40.753566 ], [ -111.836763, 40.751073 ], [ -111.837896, 40.749903 ], [ -111.838615, 40.748905 ], [ -111.839366, 40.747861 ], [ -111.839394, 40.746306 ] ] ] } },
{ "type": "Feature", "properties": { "group_index": 0, "value": 900.0, "center": [ -111.8311938, 40.7457149 ], "point_id": "F10-13336" }, "geometry": { "type": "Polygon", "coordinates": [ [ [ -111.843353, 40.747815 ], [ -111.843719, 40.745415 ], [ -111.843703, 40.745055 ], [ -111.84293, 40.742668 ], [ -111.841838, 40.74154 ], [ -111.841676, 40.741387 ], [ -111.839496, 40.739373 ], [ -111.836735, 40.737666 ], [ -111.832929, 40.735412 ], [ -111.830958, 40.734684 ], [ -111.830598, 40.734685 ], [ -111.824849, 40.736258 ], [ -111.823393, 40.736628 ], [ -111.823174, 40.736687 ], [ -111.823008, 40.736847 ], [ -111.822388, 40.737801 ], [ -111.819769, 40.742021 ], [ -111.819769, 40.742381 ], [ -111.820803, 40.743142 ], [ -111.822763, 40.748785 ], [ -111.82276, 40.749145 ], [ -111.822623, 40.75047 ], [ -111.822622, 40.75083 ], [ -111.823355, 40.75178 ], [ -111.826416, 40.75395 ], [ -111.826612, 40.754056 ], [ -111.831987, 40.756123 ], [ -111.8327, 40.756168 ], [ -111.834323, 40.756128 ], [ -111.83453, 40.756085 ], [ -111.834816, 40.755867 ], [ -111.836973, 40.754227 ], [ -111.840624, 40.751979 ], [ -111.841783, 40.75095 ], [ -111.842912, 40.749838 ], [ -111.843063, 40.74967 ], [ -111.843353, 40.747815 ] ] ] } },
{ "type": "Feature", "properties": { "group_index": 0, "value": 300.0, "center": [ -112.04278723431601, 41.090587656332744 ], "point_id": "F11-29842" }, "geometry": { "type": "Polygon", "coordinates": [ [ [ -112.046045, 41.089377 ], [ -112.046032, 41.089017 ], [ -112.043661, 41.087256 ], [ -112.041264, 41.087904 ], [ -112.038831, 41.088842 ], [ -112.038831, 41.089202 ], [ -112.043255, 41.09208 ], [ -112.043665, 41.092175 ], [ -112.045046, 41.092296 ], [ -112.045406, 41.092297 ], [ -112.045454, 41.09225 ], [ -112.046045, 41.089377 ] ] ] } },
{ "type": "Feature", "properties": { "group_index": 0, "value": 600.0, "center": [ -112.04278723431601, 41.090587656332744 ], "point_id": "F11-29842" }, "geometry": { "type": "Polygon", "coordinates": [ [ [ -112.051018, 41.089093 ], [ -112.050919, 41.088908 ], [ -112.050737, 41.088748 ], [ -112.047357, 41.08612 ], [ -112.045525, 41.084956 ], [ -112.045165, 41.084959 ], [ -112.040638, 41.084978 ], [ -112.040469, 41.084986 ], [ -112.038874, 41.085819 ], [ -112.035392, 41.087929 ], [ -112.035251, 41.08805 ], [ -112.034655, 41.088995 ], [ -112.034635, 41.089166 ], [ -112.034626, 41.089391 ], [ -112.035414, 41.089974 ], [ -112.035774, 41.089962 ], [ -112.039105, 41.090224 ], [ -112.043255, 41.09208 ], [ -112.045035, 41.096051 ], [ -112.045395, 41.096052 ], [ -112.046153, 41.095709 ], [ -112.047726, 41.094358 ], [ -112.047875, 41.094199 ], [ -112.051016, 41.089153 ], [ -112.051018, 41.089093 ] ] ] } },
{ "type": "Feature", "properties": { "group_index": 0, "value": 900.0, "center": [ -112.04278723431601, 41.090587656332744 ], "point_id": "F11-29842" }, "geometry": { "type": "Polygon", "coordinates": [ [ [ -112.05589, 41.088913 ], [ -112.055687, 41.088743 ], [ -112.055558, 41.088638 ], [ -112.051948, 41.085743 ], [ -112.049784, 41.084079 ], [ -112.047572, 41.082524 ], [ -112.0455, 41.081211 ], [ -112.04514, 41.08121 ], [ -112.040249, 41.081281 ], [ -112.039889, 41.081291 ], [ -112.038879, 41.081317 ], [ -112.034375, 41.085117 ], [ -112.0298, 41.088908 ], [ -112.029684, 41.089023 ], [ -112.029685, 41.089383 ], [ -112.03086, 41.090642 ], [ -112.032662, 41.091166 ], [ -112.035418, 41.090658 ], [ -112.039105, 41.090224 ], [ -112.043255, 41.09208 ], [ -112.04379, 41.096494 ], [ -112.043549, 41.097129 ], [ -112.043761, 41.097909 ], [ -112.044017, 41.09837 ], [ -112.045026, 41.100089 ], [ -112.045386, 41.100089 ], [ -112.047782, 41.098723 ], [ -112.05084, 41.095736 ], [ -112.052081, 41.094068 ], [ -112.052543, 41.093458 ], [ -112.05589, 41.089273 ], [ -112.05589, 41.088913 ] ] ] } },
{ "type": "Feature", "properties": { "group_index": 0, "value": 300.0, "center": [ -111.87297101841034, 40.72252809486127 ], "point_id": "F10-13224" }, "geometry": { "type": "Polygon", "coordinates": [ [ [ -111.878081, 40.722184 ], [ -111.877063, 40.721452 ], [ -111.874577, 40.719552 ], [ -111.874083, 40.719349 ], [ -111.873723, 40.719346 ], [ -111.871311, 40.720251 ], [ -111.870835, 40.720615 ], [ -111.86885, 40.722107 ], [ -111.868301, 40.722526 ], [ -111.868188, 40.722615 ], [ -111.868055, 40.722793 ], [ -111.868054, 40.72283 ], [ -111.868184, 40.722975 ], [ -111.869712, 40.724226 ], [ -111.871334, 40.725426 ], [ -111.874049, 40.725401 ], [ -111.874245, 40.725265 ], [ -111.878081, 40.722544 ], [ -111.878081, 40.722184 ] ] ] } },
{ "type": "Feature", "properties": { "group_index": 0, "value": 600.0, "center": [ -111.87297101841034, 40.72252809486127 ], "point_id": "F10-13224" }, "geometry": { "type": "Polygon", "coordinates": [ [ [ -111.882872, 40.722362 ], [ -111.881389, 40.720775 ], [ -111.877073, 40.717691 ], [ -111.874294, 40.715723 ], [ -111.874189, 40.715659 ], [ -111.874092, 40.715601 ], [ -111.873732, 40.7156 ], [ -111.871139, 40.716555 ], [ -111.867146, 40.719637 ], [ -111.865129, 40.721134 ], [ -111.86439, 40.721712 ], [ -111.863244, 40.722632 ], [ -111.863242, 40.722992 ], [ -111.863742, 40.723419 ], [ -111.866328, 40.725602 ], [ -111.867955, 40.726789 ], [ -111.871265, 40.72912 ], [ -111.871624, 40.729133 ], [ -111.873661, 40.729133 ], [ -111.874021, 40.729134 ], [ -111.874849, 40.728947 ], [ -111.87954, 40.725254 ], [ -111.881469, 40.723621 ], [ -111.881536, 40.723561 ], [ -111.882697, 40.722541 ], [ -111.882872, 40.722365 ], [ -111.882872, 40.722362 ] ] ] } },
{ "type": "Feature", "properties": { "group_index": 0, "value": 900.0, "center": [ -111.87297101841034, 40.72252809486127 ], "point_id": "F10-13224" }, "geometry": { "type": "Polygon", "coordinates": [ [ [ -111.887641, 40.722178 ], [ -111.885402, 40.720132 ], [ -111.885301, 40.720046 ], [ -111.884382, 40.719344 ], [ -111.883346, 40.718555 ], [ -111.879461, 40.715496 ], [ -111.879274, 40.715358 ], [ -111.875706, 40.712957 ], [ -111.875007, 40.712476 ], [ -111.874517, 40.712476 ], [ -111.874027, 40.712476 ], [ -111.874027, 40.712476 ], [ -111.873537, 40.712474 ], [ -111.873047, 40.712473 ], [ -111.87108, 40.712861 ], [ -111.868221, 40.715078 ], [ -111.865528, 40.71714 ], [ -111.865137, 40.717435 ], [ -111.861757, 40.719917 ], [ -111.859619, 40.721151 ], [ -111.858921, 40.721654 ], [ -111.858815, 40.721736 ], [ -111.858764, 40.721812 ], [ -111.858487, 40.722398 ], [ -111.858514, 40.722701 ], [ -111.858552, 40.72278 ], [ -111.858601, 40.722883 ], [ -111.858928, 40.723368 ], [ -111.859686, 40.7242 ], [ -111.861495, 40.725666 ], [ -111.863944, 40.727649 ], [ -111.867412, 40.730128 ], [ -111.870147, 40.732108 ], [ -111.871228, 40.732844 ], [ -111.871587, 40.732871 ], [ -111.873649, 40.732876 ], [ -111.874009, 40.732876 ], [ -111.874117, 40.73284 ], [ -111.874229, 40.732762 ], [ -111.875386, 40.731953 ], [ -111.876943, 40.730827 ], [ -111.877048, 40.730752 ], [ -111.880597, 40.728226 ], [ -111.88298, 40.7265 ], [ -111.884031, 40.725622 ], [ -111.887641, 40.722538 ], [ -111.887641, 40.722178 ] ] ] } },
{ "type": "Feature", "properties": { "group_index": 0, "value": 300.0, "center": [ -111.94348626108443, 40.666694170619955 ], "point_id": "F19-70560" }, "geometry": { "type": "Polygon", "coordinates": [ [ [ -111.947216, 40.667504 ], [ -111.947204, 40.667321 ], [ -111.946108, 40.664261 ], [ -111.94381, 40.663074 ], [ -111.94345, 40.663073 ], [ -111.943347, 40.6631 ], [ -111.942256, 40.663607 ], [ -111.941574, 40.66405 ], [ -111.940737, 40.664841 ], [ -111.939574, 40.665948 ], [ -111.939451, 40.667318 ], [ -111.939452, 40.667678 ], [ -111.939953, 40.668196 ], [ -111.944311, 40.66967 ], [ -111.94461, 40.66967 ], [ -111.947139, 40.667856 ], [ -111.947207, 40.667681 ], [ -111.947216, 40.667504 ] ] ] } },
{ "type": "Feature", "properties": { "group_index": 0, "value": 600.0, "center": [ -111.94348626108443, 40.666694170619955 ], "point_id": "F19-70560" }, "geometry": { "type": "Polygon", "coordinates": [ [ [ -111.952302, 40.667285 ], [ -111.949297, 40.6631 ], [ -111.948729, 40.662673 ], [ -111.948476, 40.662486 ], [ -111.945156, 40.660064 ], [ -111.943893, 40.659347 ], [ -111.943533, 40.659346 ], [ -111.942388, 40.659679 ], [ -111.937639, 40.663267 ], [ -111.936766, 40.664055 ], [ -111.933942, 40.667639 ], [ -111.934007, 40.667993 ], [ -111.937051, 40.669998 ], [ -111.938864, 40.671104 ], [ -111.939224, 40.671106 ], [ -111.940067, 40.670811 ], [ -111.944311, 40.66967 ], [ -111.948077, 40.670704 ], [ -111.949901, 40.670549 ], [ -111.952304, 40.667645 ], [ -111.952302, 40.667285 ] ] ] } },
{ "type": "Feature", "properties": { "group_index": 0, "value": 900.0, "center": [ -111.94348626108443, 40.666694170619955 ], "point_id": "F19-70560" }, "geometry": { "type": "Polygon", "coordinates": [ [ [ -111.957085, 40.667479 ], [ -111.957085, 40.667472 ], [ -111.957002, 40.667368 ], [ -111.956135, 40.666462 ], [ -111.955961, 40.6663 ], [ -111.955413, 40.665958 ], [ -111.951337, 40.663094 ], [ -111.951129, 40.660277 ], [ -111.951128, 40.659917 ], [ -111.946581, 40.657377 ], [ -111.945769, 40.656768 ], [ -111.944976, 40.656142 ], [ -111.943029, 40.656058 ], [ -111.943008, 40.656058 ], [ -111.942052, 40.656062 ], [ -111.941918, 40.656139 ], [ -111.938828, 40.658323 ], [ -111.9368, 40.659741 ], [ -111.933983, 40.662111 ], [ -111.931826, 40.664061 ], [ -111.929467, 40.669193 ], [ -111.929597, 40.669528 ], [ -111.934112, 40.672216 ], [ -111.939052, 40.67497 ], [ -111.939117, 40.67497 ], [ -111.940215, 40.67455 ], [ -111.941907, 40.673316 ], [ -111.947431, 40.67389 ], [ -111.94777, 40.674124 ], [ -111.948082, 40.674352 ], [ -111.948806, 40.67425 ], [ -111.949021, 40.674196 ], [ -111.951788, 40.67243 ], [ -111.956108, 40.668459 ], [ -111.956653, 40.668056 ], [ -111.956812, 40.667933 ], [ -111.956919, 40.667848 ], [ -111.957004, 40.667728 ], [ -111.957085, 40.667479 ] ] ] } },
{ "type": "Feature", "properties": { "group_index": 0, "value": 300.0, "center": [ -111.97518748882027, 41.22647816357796 ], "point_id": "F17-59694" }, "geometry": { "type": "Polygon", "coordinates": [ [ [ -111.979521, 41.226884 ], [ -111.978123, 41.22477 ], [ -111.97801, 41.224667 ], [ -111.977398, 41.22413 ], [ -111.976099, 41.223216 ], [ -111.975916, 41.223125 ], [ -111.975741, 41.223125 ], [ -111.972964, 41.224033 ], [ -111.972011, 41.224809 ], [ -111.970883, 41.22586 ], [ -111.970819, 41.225925 ], [ -111.970752, 41.226647 ], [ -111.970748, 41.227007 ], [ -111.970803, 41.227115 ], [ -111.971122, 41.227425 ], [ -111.972183, 41.228187 ], [ -111.973616, 41.229244 ], [ -111.975639, 41.229861 ], [ -111.976073, 41.229677 ], [ -111.976672, 41.229286 ], [ -111.978744, 41.227783 ], [ -111.979515, 41.227244 ], [ -111.979521, 41.226884 ] ] ] } },
{ "type": "Feature", "properties": { "group_index": 0, "value": 600.0, "center": [ -111.97518748882027, 41.22647816357796 ], "point_id": "F17-59694" }, "geometry": { "type": "Polygon", "coordinates": [ [ [ -111.98389, 41.228299 ], [ -111.983091, 41.227747 ], [ -111.980723, 41.222693 ], [ -111.977544, 41.220453 ], [ -111.976297, 41.219556 ], [ -111.976155, 41.219501 ], [ -111.975796, 41.219489 ], [ -111.973119, 41.22039 ], [ -111.969785, 41.222686 ], [ -111.967466, 41.224518 ], [ -111.967326, 41.224629 ], [ -111.967237, 41.224736 ], [ -111.965771, 41.226583 ], [ -111.965767, 41.226943 ], [ -111.965822, 41.22705 ], [ -111.965951, 41.227299 ], [ -111.969485, 41.229911 ], [ -111.971319, 41.231297 ], [ -111.972166, 41.231954 ], [ -111.972949, 41.232565 ], [ -111.975626, 41.233417 ], [ -111.975986, 41.233426 ], [ -111.97613, 41.233342 ], [ -111.979242, 41.231411 ], [ -111.980552, 41.230559 ], [ -111.983888, 41.228375 ], [ -111.98389, 41.228299 ] ] ] } },
{ "type": "Feature", "properties": { "group_index": 0, "value": 900.0, "center": [ -111.97518748882027, 41.22647816357796 ], "point_id": "F17-59694" }, "geometry": { "type": "Polygon", "coordinates": [ [ [ -111.986466, 41.230537 ], [ -111.986347, 41.230392 ], [ -111.986022, 41.230173 ], [ -111.984997, 41.229243 ], [ -111.98389, 41.228299 ], [ -111.986397, 41.223122 ], [ -111.987823, 41.223139 ], [ -111.987827, 41.222779 ], [ -111.986401, 41.222762 ], [ -111.984975, 41.222744 ], [ -111.982933, 41.22272 ], [ -111.979573, 41.218675 ], [ -111.979298, 41.217936 ], [ -111.97883, 41.21756 ], [ -111.977024, 41.216255 ], [ -111.976543, 41.215924 ], [ -111.976369, 41.215812 ], [ -111.976235, 41.215753 ], [ -111.975875, 41.215745 ], [ -111.973114, 41.21669 ], [ -111.970471, 41.218375 ], [ -111.968954, 41.219382 ], [ -111.965021, 41.222493 ], [ -111.962345, 41.224562 ], [ -111.960845, 41.226627 ], [ -111.960841, 41.226987 ], [ -111.961351, 41.227425 ], [ -111.962867, 41.228626 ], [ -111.963708, 41.229244 ], [ -111.967611, 41.233006 ], [ -111.969359, 41.234524 ], [ -111.972777, 41.236206 ], [ -111.975396, 41.237685 ], [ -111.975756, 41.237696 ], [ -111.978727, 41.235219 ], [ -111.978893, 41.235079 ], [ -111.982581, 41.232617 ], [ -111.986621, 41.231208 ], [ -111.986766, 41.230879 ], [ -111.986466, 41.230537 ] ] ] } },
{ "type": "Feature", "properties": { "group_index": 0, "value": 300.0, "center": [ -112.01881302368709, 41.485816418042496 ], "point_id": "F10-26433" }, "geometry": { "type": "Polygon", "coordinates": [ [ [ -112.022918, 41.485032 ], [ -112.022874, 41.484967 ], [ -112.018038, 41.48338 ], [ -112.017303, 41.483516 ], [ -112.014828, 41.485707 ], [ -112.014498, 41.486341 ], [ -112.014498, 41.486701 ], [ -112.016037, 41.487942 ], [ -112.016226, 41.487963 ], [ -112.016586, 41.487973 ], [ -112.022234, 41.486024 ], [ -112.02269, 41.485595 ], [ -112.022906, 41.485392 ], [ -112.022918, 41.485032 ] ] ] } },
{ "type": "Feature", "properties": { "group_index": 0, "value": 600.0, "center": [ -112.01881302368709, 41.485816418042496 ], "point_id": "F10-26433" }, "geometry": { "type": "Polygon", "coordinates": [ [ [ -112.027061, 41.484388 ], [ -112.026744, 41.484388 ], [ -112.021651, 41.481517 ], [ -112.02089, 41.480417 ], [ -112.020842, 41.480346 ], [ -112.020665, 41.480331 ], [ -112.020231, 41.480377 ], [ -112.015102, 41.481362 ], [ -112.013475, 41.482264 ], [ -112.009843, 41.485735 ], [ -112.009449, 41.486288 ], [ -112.009402, 41.486392 ], [ -112.009411, 41.486646 ], [ -112.009434, 41.486751 ], [ -112.012452, 41.489202 ], [ -112.015483, 41.491397 ], [ -112.015967, 41.49169 ], [ -112.016344, 41.491799 ], [ -112.01643, 41.491797 ], [ -112.016726, 41.491653 ], [ -112.018124, 41.490776 ], [ -112.018578, 41.490211 ], [ -112.019276, 41.488 ], [ -112.023665, 41.486521 ], [ -112.024151, 41.486527 ], [ -112.0255, 41.486706 ], [ -112.025845, 41.486707 ], [ -112.02619, 41.486707 ], [ -112.027061, 41.484748 ], [ -112.027061, 41.484388 ] ] ] } },
{ "type": "Feature", "properties": { "group_index": 0, "value": 900.0, "center": [ -112.01881302368709, 41.485816418042496 ], "point_id": "F10-26433" }, "geometry": { "type": "Polygon", "coordinates": [ [ [ -112.031952, 41.484589 ], [ -112.031954, 41.484285 ], [ -112.030748, 41.483256 ], [ -112.029894, 41.482564 ], [ -112.025008, 41.479166 ], [ -112.023626, 41.477395 ], [ -112.023387, 41.477162 ], [ -112.023363, 41.477143 ], [ -112.023153, 41.477164 ], [ -112.017419, 41.478236 ], [ -112.013435, 41.479262 ], [ -112.013282, 41.479321 ], [ -112.009009, 41.483012 ], [ -112.005016, 41.487316 ], [ -112.00473, 41.487473 ], [ -112.002861, 41.488782 ], [ -112.003053, 41.489086 ], [ -112.007792, 41.489654 ], [ -112.009284, 41.490655 ], [ -112.010683, 41.491767 ], [ -112.014098, 41.494358 ], [ -112.015769, 41.495389 ], [ -112.015892, 41.495439 ], [ -112.016252, 41.495442 ], [ -112.016421, 41.495427 ], [ -112.016629, 41.495394 ], [ -112.016937, 41.495213 ], [ -112.019129, 41.493831 ], [ -112.020422, 41.492753 ], [ -112.021239, 41.490978 ], [ -112.026503, 41.488871 ], [ -112.027111, 41.488684 ], [ -112.029157, 41.488181 ], [ -112.029503, 41.487959 ], [ -112.029612, 41.487886 ], [ -112.031371, 41.486712 ], [ -112.031952, 41.484589 ] ] ] } },
{ "type": "Feature", "properties": { "group_index": 0, "value": 300.0, "center": [ -111.98336429150801, 40.6091018122773 ], "point_id": "F10-27930" }, "geometry": { "type": "Polygon", "coordinates": [ [ [ -111.988514, 40.609378 ], [ -111.988071, 40.609026 ], [ -111.986335, 40.607863 ], [ -111.981908, 40.605453 ], [ -111.981576, 40.605591 ], [ -111.978616, 40.609164 ], [ -111.978615, 40.609245 ], [ -111.978614, 40.609524 ], [ -111.978615, 40.609605 ], [ -111.980818, 40.611448 ], [ -111.983053, 40.61254 ], [ -111.986244, 40.610981 ], [ -111.988513, 40.609738 ], [ -111.988514, 40.609378 ] ] ] } },
{ "type": "Feature", "properties": { "group_index": 0, "value": 600.0, "center": [ -111.98336429150801, 40.6091018122773 ], "point_id": "F10-27930" }, "geometry": { "type": "Polygon", "coordinates": [ [ [ -111.993224, 40.609118 ], [ -111.989112, 40.606597 ], [ -111.986732, 40.604396 ], [ -111.986687, 40.604367 ], [ -111.986453, 40.604245 ], [ -111.980906, 40.602615 ], [ -111.980562, 40.602722 ], [ -111.979301, 40.6038 ], [ -111.977128, 40.606462 ], [ -111.973995, 40.60904 ], [ -111.973861, 40.609141 ], [ -111.973805, 40.609371 ], [ -111.973916, 40.609658 ], [ -111.973982, 40.609789 ], [ -111.977315, 40.612613 ], [ -111.97844, 40.613862 ], [ -111.979376, 40.614692 ], [ -111.979597, 40.614854 ], [ -111.979775, 40.614916 ], [ -111.98012, 40.61502 ], [ -111.981121, 40.615288 ], [ -111.9831, 40.615286 ], [ -111.985411, 40.614895 ], [ -111.985766, 40.614835 ], [ -111.987778, 40.613441 ], [ -111.991407, 40.609623 ], [ -111.992537, 40.609626 ], [ -111.992765, 40.609641 ], [ -111.992993, 40.609657 ], [ -111.993201, 40.609477 ], [ -111.993224, 40.609118 ] ] ] } },
{ "type": "Feature", "properties": { "group_index": 0, "value": 900.0, "center": [ -111.98336429150801, 40.6091018122773 ], "point_id": "F10-27930" }, "geometry": { "type": "Polygon", "coordinates": [ [ [ -111.997759, 40.609231 ], [ -111.995852, 40.606842 ], [ -111.990915, 40.603442 ], [ -111.986482, 40.600497 ], [ -111.986122, 40.600496 ], [ -111.985015, 40.60129 ], [ -111.979747, 40.599277 ], [ -111.979266, 40.598115 ], [ -111.978933, 40.598253 ], [ -111.977809, 40.600974 ], [ -111.977812, 40.601274 ], [ -111.977815, 40.601574 ], [ -111.974172, 40.606137 ], [ -111.971082, 40.607886 ], [ -111.970446, 40.608123 ], [ -111.969997, 40.608394 ], [ -111.968883, 40.609132 ], [ -111.968841, 40.609241 ], [ -111.968844, 40.609601 ], [ -111.968945, 40.609728 ], [ -111.970152, 40.610506 ], [ -111.973397, 40.61288 ], [ -111.976907, 40.616931 ], [ -111.977451, 40.617366 ], [ -111.978957, 40.618502 ], [ -111.979217, 40.618614 ], [ -111.982102, 40.618925 ], [ -111.986137, 40.618968 ], [ -111.986492, 40.618905 ], [ -111.988555, 40.613328 ], [ -111.988726, 40.613224 ], [ -111.989023, 40.61298 ], [ -111.989326, 40.612732 ], [ -111.989458, 40.612613 ], [ -111.991458, 40.611201 ], [ -111.997157, 40.609804 ], [ -111.997511, 40.609744 ], [ -111.997624, 40.609702 ], [ -111.997756, 40.609591 ], [ -111.997759, 40.609231 ] ] ] } },
{ "type": "Feature", "properties": { "group_index": 0, "value": 300.0, "center": [ -111.87377885809758, 40.42049458415591 ], "point_id": "F21-86080" }, "geometry": { "type": "Polygon", "coordinates": [ [ [ -111.877432, 40.420421 ], [ -111.87724, 40.420274 ], [ -111.875238, 40.418808 ], [ -111.871826, 40.418085 ], [ -111.871735, 40.418085 ], [ -111.871697, 40.418089 ], [ -111.87071, 40.418625 ], [ -111.869372, 40.420502 ], [ -111.869345, 40.420861 ], [ -111.869494, 40.421045 ], [ -111.871168, 40.422364 ], [ -111.871283, 40.422448 ], [ -111.874424, 40.423257 ], [ -111.874728, 40.423238 ], [ -111.875031, 40.423218 ], [ -111.875253, 40.423009 ], [ -111.877404, 40.420854 ], [ -111.877623, 40.420569 ], [ -111.877432, 40.420421 ] ] ] } },
{ "type": "Feature", "properties": { "group_index": 0, "value": 600.0, "center": [ -111.87377885809758, 40.42049458415591 ], "point_id": "F21-86080" }, "geometry": { "type": "Polygon", "coordinates": [ [ [ -111.88103, 40.423362 ], [ -111.880928, 40.423212 ], [ -111.880729, 40.422967 ], [ -111.880523, 40.422765 ], [ -111.88033, 40.422578 ], [ -111.877432, 40.420421 ], [ -111.87724, 40.420274 ], [ -111.875238, 40.418808 ], [ -111.871533, 40.415783 ], [ -111.871178, 40.415507 ], [ -111.870823, 40.41523 ], [ -111.870621, 40.415183 ], [ -111.868765, 40.41594 ], [ -111.868564, 40.416073 ], [ -111.866795, 40.418555 ], [ -111.866614, 40.418866 ], [ -111.867226, 40.421012 ], [ -111.868485, 40.423859 ], [ -111.868586, 40.423939 ], [ -111.868771, 40.42399 ], [ -111.86913, 40.423981 ], [ -111.874789, 40.424167 ], [ -111.878279, 40.424176 ], [ -111.880771, 40.423728 ], [ -111.881063, 40.423517 ], [ -111.88103, 40.423362 ] ] ] } },
{ "type": "Feature", "properties": { "group_index": 0, "value": 900.0, "center": [ -111.87377885809758, 40.42049458415591 ], "point_id": "F21-86080" }, "geometry": { "type": "Polygon", "coordinates": [ [ [ -111.884309, 40.423289 ], [ -111.884107, 40.42299 ], [ -111.882088, 40.42244 ], [ -111.87724, 40.420274 ], [ -111.875238, 40.418808 ], [ -111.872845, 40.416925 ], [ -111.87147, 40.413168 ], [ -111.869743, 40.412325 ], [ -111.868367, 40.412183 ], [ -111.866174, 40.41319 ], [ -111.863842, 40.415087 ], [ -111.863063, 40.42059 ], [ -111.863064, 40.42095 ], [ -111.865577, 40.42595 ], [ -111.868521, 40.427629 ], [ -111.868633, 40.427693 ], [ -111.868795, 40.427722 ], [ -111.869155, 40.427723 ], [ -111.873096, 40.426202 ], [ -111.878234, 40.426414 ], [ -111.879707, 40.426921 ], [ -111.880063, 40.426974 ], [ -111.882112, 40.426803 ], [ -111.884303, 40.426624 ], [ -111.884554, 40.426366 ], [ -111.884309, 40.423289 ] ] ] } },
{ "type": "Feature", "properties": { "group_index": 0, "value": 300.0, "center": [ -111.86582044072085, 40.617223543228526 ], "point_id": "F18-65716" }, "geometry": { "type": "Polygon", "coordinates": [ [ [ -111.869587, 40.616729 ], [ -111.869562, 40.616014 ], [ -111.869274, 40.61523 ], [ -111.869115, 40.614785 ], [ -111.868889, 40.614505 ], [ -111.868208, 40.614578 ], [ -111.865569, 40.615116 ], [ -111.864343, 40.616855 ], [ -111.864345, 40.61702 ], [ -111.865254, 40.620046 ], [ -111.865733, 40.620636 ], [ -111.865884, 40.620636 ], [ -111.866093, 40.620634 ], [ -111.866244, 40.620627 ], [ -111.869541, 40.617086 ], [ -111.869587, 40.616729 ] ] ] } },
{ "type": "Feature", "properties": { "group_index": 0, "value": 600.0, "center": [ -111.86582044072085, 40.617223543228526 ], "point_id": "F18-65716" }, "geometry": { "type": "Polygon", "coordinates": [ [ [ -111.873199, 40.617452 ], [ -111.873644, 40.615073 ], [ -111.873667, 40.614734 ], [ -111.873667, 40.614722 ], [ -111.872226, 40.611775 ], [ -111.871894, 40.611636 ], [ -111.870107, 40.611477 ], [ -111.866702, 40.611968 ], [ -111.865711, 40.612677 ], [ -111.862453, 40.615232 ], [ -111.860683, 40.618464 ], [ -111.860605, 40.618816 ], [ -111.862416, 40.62217 ], [ -111.862933, 40.622779 ], [ -111.863246, 40.622958 ], [ -111.865792, 40.624347 ], [ -111.866152, 40.624346 ], [ -111.866603, 40.624105 ], [ -111.867467, 40.623624 ], [ -111.869626, 40.621741 ], [ -111.872901, 40.618431 ], [ -111.873199, 40.617452 ] ] ] } },
{ "type": "Feature", "properties": { "group_index": 0, "value": 900.0, "center": [ -111.86582044072085, 40.617223543228526 ], "point_id": "F18-65716" }, "geometry": { "type": "Polygon", "coordinates": [ [ [ -111.878656, 40.614956 ], [ -111.878652, 40.614922 ], [ -111.878635, 40.614829 ], [ -111.878584, 40.614777 ], [ -111.877771, 40.614132 ], [ -111.874607, 40.609362 ], [ -111.874039, 40.608943 ], [ -111.873727, 40.608764 ], [ -111.872377, 40.608003 ], [ -111.872017, 40.608005 ], [ -111.868889, 40.608833 ], [ -111.868065, 40.609236 ], [ -111.863144, 40.610851 ], [ -111.860969, 40.612567 ], [ -111.859745, 40.613508 ], [ -111.856218, 40.617112 ], [ -111.856157, 40.61722 ], [ -111.856687, 40.619258 ], [ -111.856774, 40.619538 ], [ -111.856792, 40.61959 ], [ -111.859245, 40.624948 ], [ -111.859434, 40.625255 ], [ -111.861063, 40.625782 ], [ -111.865701, 40.628256 ], [ -111.865983, 40.628264 ], [ -111.867227, 40.627697 ], [ -111.870922, 40.625109 ], [ -111.872859, 40.623426 ], [ -111.874735, 40.620929 ], [ -111.876876, 40.618644 ], [ -111.878655, 40.615225 ], [ -111.878656, 40.614956 ] ] ] } },
{ "type": "Feature", "properties": { "group_index": 0, "value": 300.0, "center": [ -111.73544155138579, 40.35403336070191 ], "point_id": "F21-86682" }, "geometry": { "type": "Polygon", "coordinates": [ [ [ -111.739359, 40.354973 ], [ -111.735702, 40.35251 ], [ -111.733611, 40.35165 ], [ -111.732852, 40.351675 ], [ -111.732139, 40.351731 ], [ -111.731904, 40.352003 ], [ -111.73171, 40.352359 ], [ -111.731328, 40.353368 ], [ -111.731364, 40.355305 ], [ -111.731397, 40.355366 ], [ -111.731902, 40.355826 ], [ -111.734478, 40.356959 ], [ -111.735542, 40.357377 ], [ -111.735902, 40.35738 ], [ -111.737664, 40.356916 ], [ -111.738705, 40.356327 ], [ -111.739362, 40.355333 ], [ -111.739359, 40.354973 ] ] ] } },
{ "type": "Feature", "properties": { "group_index": 0, "value": 600.0, "center": [ -111.73544155138579, 40.35403336070191 ], "point_id": "F21-86682" }, "geometry": { "type": "Polygon", "coordinates": [ [ [ -111.744205, 40.35501 ], [ -111.742017, 40.353184 ], [ -111.741443, 40.352731 ], [ -111.741036, 40.352414 ], [ -111.740766, 40.352259 ], [ -111.737264, 40.350237 ], [ -111.733659, 40.349242 ], [ -111.730522, 40.34897 ], [ -111.730126, 40.348932 ], [ -111.729935, 40.348926 ], [ -111.728801, 40.348995 ], [ -111.728569, 40.34927 ], [ -111.727146, 40.35216 ], [ -111.727146, 40.35252 ], [ -111.727304, 40.356614 ], [ -111.727332, 40.356852 ], [ -111.72755, 40.35702 ], [ -111.732489, 40.359376 ], [ -111.735503, 40.360903 ], [ -111.735577, 40.360912 ], [ -111.735937, 40.360924 ], [ -111.738921, 40.360284 ], [ -111.741868, 40.359337 ], [ -111.744207, 40.35537 ], [ -111.744205, 40.35501 ] ] ] } },
{ "type": "Feature", "properties": { "group_index": 0, "value": 900.0, "center": [ -111.73544155138579, 40.35403336070191 ], "point_id": "F21-86682" }, "geometry": { "type": "Polygon", "coordinates": [ [ [ -111.749124, 40.355008 ], [ -111.749024, 40.354757 ], [ -111.748022, 40.354206 ], [ -111.743944, 40.350547 ], [ -111.740937, 40.348636 ], [ -111.739287, 40.347969 ], [ -111.73531, 40.347354 ], [ -111.729472, 40.346431 ], [ -111.729201, 40.346359 ], [ -111.725757, 40.346229 ], [ -111.725565, 40.346281 ], [ -111.725227, 40.346507 ], [ -111.72303, 40.349157 ], [ -111.722166, 40.352066 ], [ -111.722137, 40.352425 ], [ -111.723588, 40.356334 ], [ -111.723652, 40.35647 ], [ -111.72432, 40.357639 ], [ -111.725216, 40.358801 ], [ -111.725296, 40.358898 ], [ -111.725588, 40.359219 ], [ -111.725694, 40.359275 ], [ -111.728862, 40.360497 ], [ -111.733149, 40.362911 ], [ -111.734655, 40.36406 ], [ -111.734744, 40.364131 ], [ -111.735477, 40.364639 ], [ -111.735575, 40.364662 ], [ -111.735934, 40.364668 ], [ -111.739003, 40.363983 ], [ -111.74091, 40.363238 ], [ -111.746181, 40.360519 ], [ -111.749123, 40.355368 ], [ -111.749124, 40.355008 ] ] ] } },
{ "type": "Feature", "properties": { "group_index": 0, "value": 300.0, "center": [ -111.87680360407158, 40.70635330654734 ], "point_id": "F19-75720" }, "geometry": { "type": "Polygon", "coordinates": [ [ [ -111.880032, 40.706208 ], [ -111.879324, 40.704642 ], [ -111.87906, 40.704228 ], [ -111.877219, 40.702761 ], [ -111.876821, 40.702448 ], [ -111.876686, 40.702449 ], [ -111.874445, 40.704203 ], [ -111.873007, 40.70524 ], [ -111.872984, 40.705326 ], [ -111.872983, 40.705506 ], [ -111.872983, 40.705642 ], [ -111.872984, 40.705686 ], [ -111.873023, 40.707047 ], [ -111.876721, 40.710018 ], [ -111.877081, 40.710019 ], [ -111.877712, 40.709584 ], [ -111.877818, 40.709461 ], [ -111.880014, 40.706567 ], [ -111.880032, 40.706208 ] ] ] } },
{ "type": "Feature", "properties": { "group_index": 0, "value": 600.0, "center": [ -111.87680360407158, 40.70635330654734 ], "point_id": "F19-75720" }, "geometry": { "type": "Polygon", "coordinates": [ [ [ -111.884405, 40.70647 ], [ -111.884115, 40.705593 ], [ -111.883504, 40.704508 ], [ -111.882779, 40.703457 ], [ -111.882447, 40.702994 ], [ -111.880572, 40.701391 ], [ -111.878687, 40.69977 ], [ -111.877125, 40.69894 ], [ -111.876765, 40.698934 ], [ -111.87612, 40.699068 ], [ -111.872795, 40.701303 ], [ -111.870161, 40.703716 ], [ -111.868533, 40.705703 ], [ -111.868533, 40.706063 ], [ -111.870153, 40.707296 ], [ -111.871119, 40.70803 ], [ -111.871538, 40.708325 ], [ -111.875437, 40.712837 ], [ -111.875534, 40.712921 ], [ -111.876051, 40.713317 ], [ -111.876695, 40.713765 ], [ -111.877055, 40.713767 ], [ -111.877161, 40.713696 ], [ -111.879301, 40.712276 ], [ -111.879551, 40.711976 ], [ -111.883447, 40.707557 ], [ -111.884326, 40.706892 ], [ -111.884405, 40.70683 ], [ -111.884405, 40.70647 ] ] ] } },
{ "type": "Feature", "properties": { "group_index": 0, "value": 900.0, "center": [ -111.87680360407158, 40.70635330654734 ], "point_id": "F19-75720" }, "geometry": { "type": "Polygon", "coordinates": [ [ [ -111.888357, 40.706921 ], [ -111.888359, 40.706632 ], [ -111.888359, 40.706631 ], [ -111.88836, 40.706342 ], [ -111.888363, 40.70512 ], [ -111.888363, 40.705116 ], [ -111.888363, 40.705091 ], [ -111.888261, 40.70494 ], [ -111.885678, 40.701677 ], [ -111.883318, 40.699785 ], [ -111.883059, 40.699578 ], [ -111.882699, 40.699302 ], [ -111.877976, 40.695732 ], [ -111.877145, 40.69519 ], [ -111.876785, 40.69519 ], [ -111.875823, 40.695525 ], [ -111.871265, 40.698611 ], [ -111.869872, 40.699605 ], [ -111.869748, 40.6997 ], [ -111.869616, 40.699806 ], [ -111.868278, 40.701341 ], [ -111.864851, 40.704381 ], [ -111.864343, 40.705105 ], [ -111.863801, 40.705902 ], [ -111.863974, 40.706321 ], [ -111.864123, 40.706474 ], [ -111.866097, 40.707965 ], [ -111.868037, 40.709412 ], [ -111.870493, 40.712852 ], [ -111.870587, 40.712949 ], [ -111.870917, 40.713221 ], [ -111.873829, 40.715391 ], [ -111.875975, 40.717153 ], [ -111.876682, 40.717512 ], [ -111.877042, 40.717514 ], [ -111.87747, 40.717246 ], [ -111.878589, 40.716447 ], [ -111.880674, 40.714855 ], [ -111.881641, 40.714126 ], [ -111.883245, 40.712908 ], [ -111.883457, 40.712746 ], [ -111.886739, 40.708832 ], [ -111.887813, 40.708005 ], [ -111.88833, 40.707579 ], [ -111.888354, 40.707517 ], [ -111.888357, 40.706921 ] ] ] } },
{ "type": "Feature", "properties": { "group_index": 0, "value": 300.0, "center": [ -111.8856525625093, 40.71622931768791 ], "point_id": "F10-3925" }, "geometry": { "type": "Polygon", "coordinates": [ [ [ -111.889795, 40.716783 ], [ -111.889293, 40.715101 ], [ -111.889121, 40.714924 ], [ -111.889035, 40.714854 ], [ -111.888249, 40.714282 ], [ -111.885551, 40.712462 ], [ -111.885421, 40.71246 ], [ -111.885419, 40.71246 ], [ -111.884787, 40.712909 ], [ -111.882555, 40.71459 ], [ -111.881644, 40.715429 ], [ -111.881311, 40.716567 ], [ -111.881313, 40.716927 ], [ -111.881846, 40.717334 ], [ -111.882557, 40.717871 ], [ -111.882609, 40.717871 ], [ -111.887962, 40.718078 ], [ -111.888322, 40.718078 ], [ -111.88862, 40.717967 ], [ -111.889621, 40.717155 ], [ -111.889784, 40.717016 ], [ -111.889795, 40.716783 ] ] ] } },
{ "type": "Feature", "properties": { "group_index": 0, "value": 600.0, "center": [ -111.8856525625093, 40.71622931768791 ], "point_id": "F10-3925" }, "geometry": { "type": "Polygon", "coordinates": [ [ [ -111.894057, 40.71591 ], [ -111.894056, 40.715872 ], [ -111.894056, 40.715872 ], [ -111.894056, 40.715833 ], [ -111.892057, 40.713391 ], [ -111.891078, 40.712552 ], [ -111.889873, 40.711635 ], [ -111.888649, 40.710801 ], [ -111.888359, 40.710618 ], [ -111.885718, 40.708916 ], [ -111.885635, 40.708881 ], [ -111.885275, 40.708877 ], [ -111.885183, 40.708944 ], [ -111.882573, 40.710818 ], [ -111.880556, 40.712384 ], [ -111.88044, 40.712475 ], [ -111.880345, 40.71255 ], [ -111.87862, 40.713894 ], [ -111.877264, 40.714957 ], [ -111.876815, 40.716728 ], [ -111.876794, 40.717064 ], [ -111.876792, 40.717216 ], [ -111.877823, 40.718049 ], [ -111.881514, 40.721135 ], [ -111.882509, 40.721544 ], [ -111.882739, 40.721633 ], [ -111.887979, 40.721824 ], [ -111.888339, 40.721825 ], [ -111.888525, 40.721759 ], [ -111.889486, 40.721103 ], [ -111.891386, 40.719625 ], [ -111.892299, 40.718908 ], [ -111.893422, 40.718029 ], [ -111.893501, 40.717967 ], [ -111.894057, 40.71591 ] ] ] } },
{ "type": "Feature", "properties": { "group_index": 0, "value": 900.0, "center": [ -111.8856525625093, 40.71622931768791 ], "point_id": "F10-3925" }, "geometry": { "type": "Polygon", "coordinates": [ [ [ -111.896799, 40.716967 ], [ -111.896791, 40.713425 ], [ -111.896124, 40.712555 ], [ -111.895864, 40.712301 ], [ -111.894356, 40.711015 ], [ -111.891178, 40.708832 ], [ -111.888701, 40.707089 ], [ -111.885524, 40.705009 ], [ -111.884911, 40.7052 ], [ -111.882151, 40.707324 ], [ -111.881193, 40.708053 ], [ -111.878642, 40.710073 ], [ -111.875481, 40.712477 ], [ -111.874912, 40.712992 ], [ -111.873837, 40.714423 ], [ -111.872295, 40.717001 ], [ -111.872295, 40.717361 ], [ -111.875155, 40.719893 ], [ -111.878446, 40.72254 ], [ -111.882375, 40.725226 ], [ -111.882488, 40.725246 ], [ -111.887999, 40.725644 ], [ -111.888034, 40.725644 ], [ -111.888575, 40.725529 ], [ -111.889685, 40.724742 ], [ -111.892761, 40.722528 ], [ -111.896332, 40.719628 ], [ -111.896429, 40.719532 ], [ -111.896799, 40.716967 ] ] ] } },
{ "type": "Feature", "properties": { "group_index": 0, "value": 300.0, "center": [ -112.02626867248343, 41.12591653594031 ], "point_id": "F11-30074" }, "geometry": { "type": "Polygon", "coordinates": [ [ [ -112.030573, 41.125337 ], [ -112.030572, 41.125281 ], [ -112.030533, 41.12521 ], [ -112.030466, 41.125158 ], [ -112.027643, 41.122837 ], [ -112.026393, 41.122213 ], [ -112.026033, 41.12221 ], [ -112.025802, 41.122277 ], [ -112.025007, 41.12275 ], [ -112.024781, 41.122962 ], [ -112.024829, 41.123318 ], [ -112.02586, 41.129139 ], [ -112.02586, 41.12934 ], [ -112.02622, 41.129339 ], [ -112.030537, 41.12557 ], [ -112.030573, 41.125337 ] ] ] } },
{ "type": "Feature", "properties": { "group_index": 0, "value": 600.0, "center": [ -112.02626867248343, 41.12591653594031 ], "point_id": "F11-30074" }, "geometry": { "type": "Polygon", "coordinates": [ [ [ -112.035493, 41.125194 ], [ -112.035441, 41.125143 ], [ -112.032312, 41.122694 ], [ -112.031324, 41.1219 ], [ -112.030483, 41.121334 ], [ -112.026407, 41.11846 ], [ -112.026047, 41.118458 ], [ -112.021938, 41.119472 ], [ -112.021672, 41.119714 ], [ -112.020434, 41.123808 ], [ -112.020343, 41.124156 ], [ -112.020839, 41.124362 ], [ -112.021631, 41.124393 ], [ -112.021916, 41.124384 ], [ -112.025852, 41.127202 ], [ -112.02586, 41.129139 ], [ -112.02586, 41.12934 ], [ -112.025861, 41.129706 ], [ -112.025863, 41.130806 ], [ -112.025873, 41.132683 ], [ -112.025871, 41.132935 ], [ -112.025868, 41.133082 ], [ -112.026228, 41.133091 ], [ -112.02685, 41.132705 ], [ -112.027891, 41.132072 ], [ -112.031102, 41.12892 ], [ -112.032913, 41.127787 ], [ -112.035489, 41.125554 ], [ -112.035493, 41.125194 ] ] ] } },
{ "type": "Feature", "properties": { "group_index": 0, "value": 900.0, "center": [ -112.02626867248343, 41.12591653594031 ], "point_id": "F11-30074" }, "geometry": { "type": "Polygon", "coordinates": [ [ [ -112.040545, 41.125424 ], [ -112.04046, 41.125242 ], [ -112.040417, 41.125177 ], [ -112.038984, 41.124099 ], [ -112.038897, 41.124035 ], [ -112.03866, 41.124034 ], [ -112.038423, 41.124034 ], [ -112.033276, 41.121036 ], [ -112.03314, 41.120788 ], [ -112.032701, 41.120212 ], [ -112.032262, 41.119636 ], [ -112.030978, 41.117971 ], [ -112.030765, 41.117811 ], [ -112.029541, 41.116918 ], [ -112.026363, 41.114672 ], [ -112.026004, 41.114706 ], [ -112.025681, 41.114867 ], [ -112.022813, 41.116533 ], [ -112.019024, 41.117885 ], [ -112.018195, 41.12358 ], [ -112.018266, 41.123933 ], [ -112.020839, 41.124362 ], [ -112.021631, 41.124393 ], [ -112.021916, 41.124384 ], [ -112.025852, 41.127202 ], [ -112.02586, 41.129139 ], [ -112.02586, 41.12934 ], [ -112.025861, 41.129706 ], [ -112.025863, 41.130806 ], [ -112.025873, 41.132683 ], [ -112.025871, 41.132935 ], [ -112.025868, 41.133082 ], [ -112.025861, 41.133344 ], [ -112.025866, 41.135005 ], [ -112.02587, 41.136666 ], [ -112.02587, 41.136834 ], [ -112.02623, 41.136833 ], [ -112.030936, 41.13344 ], [ -112.03422, 41.131177 ], [ -112.034719, 41.130746 ], [ -112.037371, 41.126577 ], [ -112.040466, 41.125601 ], [ -112.040544, 41.125498 ], [ -112.040545, 41.125424 ] ] ] } },
{ "type": "Feature", "properties": { "group_index": 0, "value": 300.0, "center": [ -111.97359898217488, 41.259091179208426 ], "point_id": "F10-28653" }, "geometry": { "type": "Polygon", "coordinates": [ [ [ -111.978451, 41.259116 ], [ -111.976463, 41.257582 ], [ -111.976336, 41.257579 ], [ -111.973153, 41.257866 ], [ -111.969727, 41.258245 ], [ -111.9695, 41.258396 ], [ -111.968817, 41.258918 ], [ -111.968735, 41.258991 ], [ -111.968662, 41.259075 ], [ -111.968661, 41.259095 ], [ -111.96871, 41.259288 ], [ -111.96873, 41.259351 ], [ -111.969467, 41.260143 ], [ -111.97018, 41.260709 ], [ -111.972399, 41.262243 ], [ -111.972588, 41.262244 ], [ -111.972777, 41.262244 ], [ -111.973548, 41.261955 ], [ -111.977884, 41.259886 ], [ -111.978441, 41.259476 ], [ -111.978451, 41.259116 ] ] ] } },
{ "type": "Feature", "properties": { "group_index": 0, "value": 600.0, "center": [ -111.97359898217488, 41.259091179208426 ], "point_id": "F10-28653" }, "geometry": { "type": "Polygon", "coordinates": [ [ [ -111.983612, 41.259056 ], [ -111.982373, 41.257889 ], [ -111.978392, 41.255143 ], [ -111.978169, 41.25511 ], [ -111.972762, 41.254534 ], [ -111.969813, 41.25445 ], [ -111.968509, 41.255368 ], [ -111.966379, 41.256909 ], [ -111.965235, 41.257741 ], [ -111.963834, 41.258859 ], [ -111.963752, 41.258936 ], [ -111.963746, 41.259296 ], [ -111.963829, 41.259374 ], [ -111.964801, 41.260136 ], [ -111.968557, 41.263294 ], [ -111.968634, 41.263355 ], [ -111.969578, 41.264025 ], [ -111.973149, 41.265002 ], [ -111.977799, 41.263633 ], [ -111.97924, 41.262798 ], [ -111.981606, 41.261151 ], [ -111.983624, 41.259416 ], [ -111.983612, 41.259056 ] ] ] } },
{ "type": "Feature", "properties": { "group_index": 0, "value": 900.0, "center": [ -111.97359898217488, 41.259091179208426 ], "point_id": "F10-28653" }, "geometry": { "type": "Polygon", "coordinates": [ [ [ -111.988454, 41.259297 ], [ -111.988455, 41.259248 ], [ -111.988412, 41.259169 ], [ -111.988338, 41.259111 ], [ -111.988272, 41.259112 ], [ -111.987548, 41.259107 ], [ -111.983226, 41.255942 ], [ -111.98305, 41.254695 ], [ -111.982769, 41.254451 ], [ -111.978654, 41.251624 ], [ -111.978261, 41.251364 ], [ -111.972814, 41.250787 ], [ -111.969868, 41.250768 ], [ -111.969616, 41.250909 ], [ -111.968823, 41.251436 ], [ -111.964681, 41.254173 ], [ -111.960407, 41.257514 ], [ -111.958766, 41.258872 ], [ -111.958713, 41.258959 ], [ -111.958715, 41.258994 ], [ -111.958763, 41.259232 ], [ -111.959892, 41.26014 ], [ -111.964263, 41.263881 ], [ -111.965405, 41.264807 ], [ -111.966126, 41.265375 ], [ -111.968977, 41.267421 ], [ -111.969308, 41.267633 ], [ -111.975242, 41.268404 ], [ -111.979146, 41.266917 ], [ -111.980872, 41.264267 ], [ -111.986219, 41.262073 ], [ -111.988404, 41.259628 ], [ -111.988454, 41.259297 ] ] ] } },
{ "type": "Feature", "properties": { "group_index": 0, "value": 300.0, "center": [ -111.95189909488789, 41.07533167505361 ], "point_id": "F20-78322" }, "geometry": { "type": "Polygon", "coordinates": [ [ [ -111.956463, 41.074528 ], [ -111.954814, 41.073256 ], [ -111.950517, 41.072623 ], [ -111.950157, 41.072621 ], [ -111.950028, 41.072691 ], [ -111.948986, 41.07337 ], [ -111.948405, 41.073757 ], [ -111.947878, 41.074158 ], [ -111.947876, 41.074518 ], [ -111.948922, 41.077014 ], [ -111.950154, 41.078107 ], [ -111.950514, 41.078107 ], [ -111.950693, 41.077817 ], [ -111.955894, 41.074884 ], [ -111.956461, 41.074888 ], [ -111.956463, 41.074528 ] ] ] } },
{ "type": "Feature", "properties": { "group_index": 0, "value": 600.0, "center": [ -111.95189909488789, 41.07533167505361 ], "point_id": "F20-78322" }, "geometry": { "type": "Polygon", "coordinates": [ [ [ -111.960972, 41.07456 ], [ -111.960292, 41.073783 ], [ -111.957658, 41.071007 ], [ -111.956504, 41.070262 ], [ -111.954416, 41.069558 ], [ -111.950523, 41.068874 ], [ -111.950163, 41.068875 ], [ -111.949668, 41.069119 ], [ -111.947783, 41.070217 ], [ -111.946088, 41.071651 ], [ -111.94301, 41.074057 ], [ -111.942908, 41.074141 ], [ -111.942906, 41.074501 ], [ -111.946626, 41.07792 ], [ -111.947754, 41.080092 ], [ -111.950848, 41.082045 ], [ -111.951208, 41.082054 ], [ -111.951217, 41.081727 ], [ -111.951225, 41.081399 ], [ -111.951187, 41.081027 ], [ -111.951113, 41.078728 ], [ -111.953115, 41.075573 ], [ -111.957965, 41.076266 ], [ -111.958234, 41.076505 ], [ -111.958983, 41.076615 ], [ -111.959069, 41.076615 ], [ -111.96012, 41.075961 ], [ -111.960968, 41.07492 ], [ -111.960972, 41.07456 ] ] ] } },
{ "type": "Feature", "properties": { "group_index": 0, "value": 900.0, "center": [ -111.95189909488789, 41.07533167505361 ], "point_id": "F20-78322" }, "geometry": { "type": "Polygon", "coordinates": [ [ [ -111.965981, 41.074797 ], [ -111.965928, 41.074615 ], [ -111.964147, 41.071686 ], [ -111.963242, 41.070715 ], [ -111.96129, 41.069627 ], [ -111.95785, 41.067111 ], [ -111.956567, 41.066516 ], [ -111.955461, 41.066174 ], [ -111.949604, 41.065337 ], [ -111.948904, 41.065322 ], [ -111.948795, 41.06538 ], [ -111.94853, 41.065623 ], [ -111.947009, 41.067151 ], [ -111.944921, 41.069039 ], [ -111.94072, 41.072052 ], [ -111.938062, 41.07394 ], [ -111.937938, 41.074146 ], [ -111.937938, 41.074506 ], [ -111.938226, 41.0751 ], [ -111.939914, 41.076008 ], [ -111.942781, 41.080638 ], [ -111.942855, 41.08099 ], [ -111.946588, 41.082606 ], [ -111.949912, 41.085255 ], [ -111.950271, 41.085276 ], [ -111.950605, 41.08529 ], [ -111.950718, 41.085284 ], [ -111.951054, 41.083386 ], [ -111.955563, 41.079613 ], [ -111.958892, 41.080364 ], [ -111.958973, 41.080365 ], [ -111.959155, 41.080247 ], [ -111.960624, 41.079262 ], [ -111.962651, 41.077868 ], [ -111.964039, 41.076648 ], [ -111.965925, 41.074975 ], [ -111.96598, 41.074891 ], [ -111.965981, 41.074797 ] ] ] } },
{ "type": "Feature", "properties": { "group_index": 0, "value": 300.0, "center": [ -111.59692072530801, 40.1372385986582 ], "point_id": "F20-76760" }, "geometry": { "type": "Polygon", "coordinates": [ [ [ -111.601829, 40.137287 ], [ -111.599366, 40.135125 ], [ -111.598278, 40.134377 ], [ -111.598103, 40.134264 ], [ -111.597743, 40.134266 ], [ -111.596523, 40.135012 ], [ -111.592253, 40.137404 ], [ -111.592308, 40.13776 ], [ -111.594469, 40.139502 ], [ -111.597371, 40.14022 ], [ -111.597664, 40.140217 ], [ -111.597957, 40.140213 ], [ -111.598974, 40.140185 ], [ -111.599262, 40.13997 ], [ -111.601828, 40.137647 ], [ -111.601829, 40.137287 ] ] ] } },
{ "type": "Feature", "properties": { "group_index": 0, "value": 600.0, "center": [ -111.59692072530801, 40.1372385986582 ], "point_id": "F20-76760" }, "geometry": { "type": "Polygon", "coordinates": [ [ [ -111.606313, 40.137686 ], [ -111.604489, 40.134999 ], [ -111.60348, 40.134239 ], [ -111.599371, 40.131482 ], [ -111.598015, 40.130513 ], [ -111.597655, 40.130524 ], [ -111.597275, 40.130768 ], [ -111.592463, 40.134126 ], [ -111.592155, 40.134123 ], [ -111.590503, 40.135041 ], [ -111.587575, 40.137961 ], [ -111.587567, 40.138321 ], [ -111.588248, 40.138813 ], [ -111.590886, 40.140051 ], [ -111.595013, 40.141669 ], [ -111.59786, 40.143802 ], [ -111.59822, 40.143797 ], [ -111.601571, 40.143298 ], [ -111.601847, 40.143066 ], [ -111.603955, 40.139639 ], [ -111.606315, 40.138046 ], [ -111.606313, 40.137686 ] ] ] } },
{ "type": "Feature", "properties": { "group_index": 0, "value": 900.0, "center": [ -111.59692072530801, 40.1372385986582 ], "point_id": "F20-76760" }, "geometry": { "type": "Polygon", "coordinates": [ [ [ -111.608769, 40.139054 ], [ -111.608063, 40.133231 ], [ -111.606544, 40.131067 ], [ -111.601265, 40.128547 ], [ -111.600955, 40.128364 ], [ -111.597832, 40.126613 ], [ -111.597802, 40.126614 ], [ -111.59356, 40.129691 ], [ -111.591258, 40.131204 ], [ -111.588067, 40.133363 ], [ -111.585286, 40.135225 ], [ -111.58267, 40.137921 ], [ -111.58267, 40.138281 ], [ -111.58671, 40.141425 ], [ -111.588076, 40.142425 ], [ -111.593058, 40.143875 ], [ -111.594494, 40.145028 ], [ -111.596868, 40.146844 ], [ -111.597878, 40.147646 ], [ -111.598054, 40.147646 ], [ -111.603283, 40.146713 ], [ -111.603624, 40.1466 ], [ -111.604225, 40.146203 ], [ -111.604291, 40.145849 ], [ -111.605325, 40.143021 ], [ -111.608558, 40.141082 ], [ -111.608706, 40.140754 ], [ -111.608769, 40.139054 ] ] ] } },
{ "type": "Feature", "properties": { "group_index": 0, "value": 300.0, "center": [ -111.98718427209305, 40.537016165213394 ], "point_id": "F10-27056" }, "geometry": { "type": "Polygon", "coordinates": [ [ [ -111.99211, 40.53685 ], [ -111.99199, 40.536754 ], [ -111.98827, 40.53507 ], [ -111.98659, 40.53385 ], [ -111.98623, 40.533853 ], [ -111.984931, 40.534594 ], [ -111.982365, 40.536396 ], [ -111.982363, 40.536593 ], [ -111.982362, 40.536791 ], [ -111.982376, 40.537091 ], [ -111.982624, 40.537495 ], [ -111.986251, 40.540315 ], [ -111.986611, 40.540313 ], [ -111.991516, 40.537569 ], [ -111.992109, 40.53721 ], [ -111.99211, 40.53685 ] ] ] } },
{ "type": "Feature", "properties": { "group_index": 0, "value": 600.0, "center": [ -111.98718427209305, 40.537016165213394 ], "point_id": "F10-27056" }, "geometry": { "type": "Polygon", "coordinates": [ [ [ -111.997003, 40.536863 ], [ -111.996922, 40.53675 ], [ -111.994367, 40.534184 ], [ -111.994138, 40.534056 ], [ -111.989419, 40.532161 ], [ -111.986617, 40.530035 ], [ -111.986273, 40.529999 ], [ -111.986065, 40.530127 ], [ -111.985937, 40.53027 ], [ -111.982153, 40.533712 ], [ -111.980723, 40.534256 ], [ -111.977569, 40.536623 ], [ -111.977444, 40.536742 ], [ -111.977446, 40.537102 ], [ -111.978838, 40.538837 ], [ -111.979044, 40.538993 ], [ -111.980988, 40.540456 ], [ -111.984915, 40.543022 ], [ -111.985968, 40.543849 ], [ -111.98628, 40.54391 ], [ -111.98664, 40.543905 ], [ -111.986773, 40.543843 ], [ -111.989377, 40.542305 ], [ -111.994437, 40.539306 ], [ -111.995569, 40.538654 ], [ -111.997002, 40.537223 ], [ -111.997003, 40.536863 ] ] ] } },
{ "type": "Feature", "properties": { "group_index": 0, "value": 900.0, "center": [ -111.98718427209305, 40.537016165213394 ], "point_id": "F10-27056" }, "geometry": { "type": "Polygon", "coordinates": [ [ [ -112.001852, 40.537127 ], [ -112.001852, 40.536767 ], [ -112.001797, 40.536669 ], [ -111.998189, 40.532531 ], [ -111.996406, 40.531307 ], [ -111.994932, 40.531014 ], [ -111.991366, 40.529971 ], [ -111.991097, 40.529924 ], [ -111.986389, 40.526407 ], [ -111.986029, 40.526412 ], [ -111.985717, 40.52661 ], [ -111.984817, 40.529693 ], [ -111.980877, 40.533738 ], [ -111.97919, 40.533686 ], [ -111.979069, 40.533672 ], [ -111.977049, 40.533549 ], [ -111.976689, 40.533547 ], [ -111.976503, 40.533671 ], [ -111.975203, 40.534518 ], [ -111.972662, 40.536609 ], [ -111.972516, 40.536737 ], [ -111.972398, 40.536918 ], [ -111.972398, 40.536965 ], [ -111.972514, 40.537097 ], [ -111.975572, 40.540179 ], [ -111.977889, 40.542209 ], [ -111.979497, 40.54337 ], [ -111.981269, 40.544424 ], [ -111.984755, 40.547574 ], [ -111.985056, 40.547772 ], [ -111.9866, 40.547563 ], [ -111.991776, 40.545413 ], [ -111.995537, 40.542826 ], [ -111.999455, 40.53924 ], [ -112.000324, 40.538568 ], [ -112.001133, 40.53793 ], [ -112.001823, 40.537385 ], [ -112.001852, 40.537127 ] ] ] } },
{ "type": "Feature", "properties": { "group_index": 0, "value": 300.0, "center": [ -111.8970877, 40.6691768 ], "point_id": "F21-88180" }, "geometry": { "type": "Polygon", "coordinates": [ [ [ -111.899945, 40.66763 ], [ -111.899945, 40.667504 ], [ -111.899842, 40.667398 ], [ -111.899407, 40.667084 ], [ -111.894926, 40.66694 ], [ -111.894677, 40.666937 ], [ -111.89421, 40.667281 ], [ -111.894153, 40.667636 ], [ -111.894172, 40.66772 ], [ -111.896715, 40.672098 ], [ -111.897075, 40.672085 ], [ -111.89824, 40.67134 ], [ -111.899861, 40.668913 ], [ -111.899945, 40.66763 ] ] ] } },
{ "type": "Feature", "properties": { "group_index": 0, "value": 600.0, "center": [ -111.8970877, 40.6691768 ], "point_id": "F21-88180" }, "geometry": { "type": "Polygon", "coordinates": [ [ [ -111.904662, 40.667242 ], [ -111.902192, 40.664473 ], [ -111.899549, 40.663889 ], [ -111.899136, 40.663802 ], [ -111.898778, 40.663833 ], [ -111.898658, 40.663885 ], [ -111.896826, 40.6652 ], [ -111.892489, 40.664737 ], [ -111.892129, 40.664739 ], [ -111.891332, 40.665222 ], [ -111.890473, 40.665934 ], [ -111.889497, 40.666755 ], [ -111.889481, 40.666821 ], [ -111.889492, 40.667181 ], [ -111.89016, 40.667704 ], [ -111.891391, 40.668612 ], [ -111.892148, 40.669228 ], [ -111.894918, 40.674334 ], [ -111.894982, 40.674405 ], [ -111.895416, 40.674687 ], [ -111.895776, 40.674686 ], [ -111.899634, 40.673993 ], [ -111.899957, 40.673917 ], [ -111.900002, 40.673879 ], [ -111.900399, 40.673453 ], [ -111.900742, 40.672182 ], [ -111.903905, 40.668336 ], [ -111.904661, 40.667602 ], [ -111.904662, 40.667242 ] ] ] } },
{ "type": "Feature", "properties": { "group_index": 0, "value": 900.0, "center": [ -111.8970877, 40.6691768 ], "point_id": "F21-88180" }, "geometry": { "type": "Polygon", "coordinates": [ [ [ -111.909665, 40.666632 ], [ -111.907896, 40.665691 ], [ -111.906691, 40.665105 ], [ -111.902743, 40.661566 ], [ -111.902472, 40.661329 ], [ -111.89864, 40.659924 ], [ -111.898605, 40.659926 ], [ -111.893166, 40.661281 ], [ -111.888222, 40.663708 ], [ -111.887752, 40.663985 ], [ -111.887656, 40.664042 ], [ -111.887556, 40.664107 ], [ -111.88413, 40.666967 ], [ -111.884144, 40.667327 ], [ -111.886716, 40.668839 ], [ -111.887357, 40.669335 ], [ -111.890251, 40.674178 ], [ -111.890617, 40.674719 ], [ -111.891192, 40.675487 ], [ -111.893291, 40.676994 ], [ -111.893776, 40.6773 ], [ -111.896529, 40.677909 ], [ -111.896885, 40.677858 ], [ -111.899915, 40.677313 ], [ -111.904505, 40.674488 ], [ -111.907104, 40.669219 ], [ -111.908627, 40.66836 ], [ -111.909719, 40.666988 ], [ -111.909665, 40.666632 ] ] ] } },
{ "type": "Feature", "properties": { "group_index": 0, "value": 300.0, "center": [ -112.09252314365628, 40.700318036360244 ], "point_id": "F10-3622" }, "geometry": { "type": "Polygon", "coordinates": [ [ [ -112.096584, 40.700485 ], [ -112.095786, 40.699344 ], [ -112.095683, 40.699247 ], [ -112.092159, 40.697277 ], [ -112.091799, 40.697268 ], [ -112.09147, 40.697348 ], [ -112.088903, 40.698777 ], [ -112.088668, 40.699663 ], [ -112.088986, 40.701307 ], [ -112.089791, 40.702127 ], [ -112.0918, 40.703725 ], [ -112.091875, 40.703774 ], [ -112.091919, 40.703774 ], [ -112.094126, 40.703001 ], [ -112.096615, 40.701189 ], [ -112.096584, 40.700485 ] ] ] } },
{ "type": "Feature", "properties": { "group_index": 0, "value": 600.0, "center": [ -112.09252314365628, 40.700318036360244 ], "point_id": "F10-3622" }, "geometry": { "type": "Polygon", "coordinates": [ [ [ -112.100977, 40.700043 ], [ -112.10089, 40.699694 ], [ -112.096873, 40.696408 ], [ -112.096652, 40.696229 ], [ -112.096188, 40.695943 ], [ -112.09218, 40.693533 ], [ -112.09182, 40.693532 ], [ -112.091412, 40.6937 ], [ -112.091012, 40.693955 ], [ -112.088969, 40.69524 ], [ -112.08716, 40.6964 ], [ -112.084022, 40.699589 ], [ -112.084037, 40.699663 ], [ -112.084136, 40.700009 ], [ -112.087028, 40.703868 ], [ -112.088594, 40.705586 ], [ -112.088665, 40.705633 ], [ -112.091665, 40.707294 ], [ -112.092025, 40.707295 ], [ -112.096112, 40.705354 ], [ -112.097702, 40.704588 ], [ -112.098221, 40.704339 ], [ -112.09925, 40.703851 ], [ -112.100232, 40.703114 ], [ -112.100977, 40.700043 ] ] ] } },
{ "type": "Feature", "properties": { "group_index": 0, "value": 900.0, "center": [ -112.09252314365628, 40.700318036360244 ], "point_id": "F10-3622" }, "geometry": { "type": "Polygon", "coordinates": [ [ [ -112.104213, 40.703517 ], [ -112.104201, 40.702239 ], [ -112.103248, 40.700623 ], [ -112.101809, 40.696432 ], [ -112.101184, 40.695591 ], [ -112.097799, 40.692622 ], [ -112.092443, 40.689955 ], [ -112.092198, 40.689817 ], [ -112.091838, 40.689816 ], [ -112.091595, 40.689855 ], [ -112.089202, 40.690995 ], [ -112.088905, 40.691198 ], [ -112.08554, 40.693559 ], [ -112.082538, 40.696213 ], [ -112.079427, 40.699554 ], [ -112.079428, 40.699914 ], [ -112.081997, 40.703774 ], [ -112.082085, 40.703884 ], [ -112.083497, 40.705008 ], [ -112.084327, 40.705609 ], [ -112.088587, 40.708856 ], [ -112.089613, 40.709851 ], [ -112.091433, 40.711035 ], [ -112.091935, 40.711103 ], [ -112.092032, 40.711105 ], [ -112.096149, 40.709097 ], [ -112.097526, 40.708403 ], [ -112.101883, 40.705797 ], [ -112.104213, 40.703877 ], [ -112.104213, 40.703517 ] ] ] } },
{ "type": "Feature", "properties": { "group_index": 0, "value": 300.0, "center": [ -111.8701782869907, 40.67396428288644 ], "point_id": "F12-34034" }, "geometry": { "type": "Polygon", "coordinates": [ [ [ -111.874653, 40.67403 ], [ -111.871461, 40.671134 ], [ -111.871101, 40.67113 ], [ -111.868694, 40.671559 ], [ -111.868375, 40.671725 ], [ -111.867834, 40.67218 ], [ -111.865738, 40.673992 ], [ -111.865565, 40.674272 ], [ -111.865565, 40.674273 ], [ -111.865742, 40.674469 ], [ -111.866384, 40.674958 ], [ -111.866597, 40.6751 ], [ -111.871045, 40.676797 ], [ -111.871405, 40.6768 ], [ -111.873838, 40.675379 ], [ -111.874653, 40.67439 ], [ -111.874653, 40.67403 ] ] ] } },
{ "type": "Feature", "properties": { "group_index": 0, "value": 600.0, "center": [ -111.8701782869907, 40.67396428288644 ], "point_id": "F12-34034" }, "geometry": { "type": "Polygon", "coordinates": [ [ [ -111.879594, 40.674381 ], [ -111.879594, 40.674021 ], [ -111.877474, 40.672471 ], [ -111.875144, 40.670645 ], [ -111.872693, 40.668564 ], [ -111.87113, 40.667788 ], [ -111.870342, 40.66804 ], [ -111.865355, 40.670434 ], [ -111.864036, 40.671483 ], [ -111.860808, 40.674121 ], [ -111.860806, 40.674481 ], [ -111.861907, 40.675401 ], [ -111.865031, 40.677775 ], [ -111.865248, 40.677929 ], [ -111.865359, 40.677976 ], [ -111.870591, 40.680254 ], [ -111.871035, 40.680543 ], [ -111.871395, 40.680544 ], [ -111.873618, 40.679203 ], [ -111.877277, 40.67614 ], [ -111.879592, 40.67446 ], [ -111.879594, 40.674381 ] ] ] } },
{ "type": "Feature", "properties": { "group_index": 0, "value": 900.0, "center": [ -111.8701782869907, 40.67396428288644 ], "point_id": "F12-34034" }, "geometry": { "type": "Polygon", "coordinates": [ [ [ -111.884534, 40.674014 ], [ -111.883315, 40.672786 ], [ -111.88324, 40.672738 ], [ -111.88277, 40.672471 ], [ -111.879919, 40.671739 ], [ -111.876746, 40.67017 ], [ -111.874961, 40.668044 ], [ -111.874855, 40.667977 ], [ -111.869466, 40.666417 ], [ -111.868624, 40.666182 ], [ -111.868289, 40.666106 ], [ -111.867796, 40.666011 ], [ -111.867304, 40.665916 ], [ -111.866746, 40.665889 ], [ -111.86495, 40.666644 ], [ -111.864649, 40.666878 ], [ -111.863846, 40.668393 ], [ -111.859569, 40.670536 ], [ -111.859294, 40.670768 ], [ -111.855852, 40.67403 ], [ -111.855851, 40.67439 ], [ -111.855866, 40.67448 ], [ -111.859588, 40.677761 ], [ -111.864645, 40.680954 ], [ -111.865358, 40.681724 ], [ -111.865539, 40.681904 ], [ -111.871009, 40.68429 ], [ -111.871369, 40.68429 ], [ -111.871823, 40.684258 ], [ -111.875984, 40.680586 ], [ -111.877068, 40.68006 ], [ -111.882171, 40.677498 ], [ -111.884535, 40.674374 ], [ -111.884534, 40.674014 ] ] ] } },
{ "type": "Feature", "properties": { "group_index": 0, "value": 300.0, "center": [ -111.93913723341052, 40.534656493723354 ], "point_id": "F15-44174" }, "geometry": { "type": "Polygon", "coordinates": [ [ [ -111.940858, 40.536802 ], [ -111.940769, 40.533278 ], [ -111.940767, 40.533046 ], [ -111.940756, 40.532979 ], [ -111.940487, 40.532095 ], [ -111.939091, 40.531113 ], [ -111.938732, 40.531105 ], [ -111.938369, 40.531288 ], [ -111.936046, 40.533024 ], [ -111.934591, 40.534785 ], [ -111.934592, 40.535145 ], [ -111.938713, 40.538862 ], [ -111.939073, 40.538863 ], [ -111.94086, 40.537162 ], [ -111.940858, 40.536802 ] ] ] } },
{ "type": "Feature", "properties": { "group_index": 0, "value": 600.0, "center": [ -111.93913723341052, 40.534656493723354 ], "point_id": "F15-44174" }, "geometry": { "type": "Polygon", "coordinates": [ [ [ -111.945623, 40.536704 ], [ -111.944947, 40.532823 ], [ -111.943834, 40.530668 ], [ -111.939095, 40.527205 ], [ -111.938735, 40.527204 ], [ -111.937417, 40.527653 ], [ -111.933889, 40.530556 ], [ -111.932184, 40.532268 ], [ -111.931744, 40.532719 ], [ -111.931744, 40.533079 ], [ -111.934275, 40.538116 ], [ -111.93459, 40.538654 ], [ -111.937086, 40.54085 ], [ -111.938341, 40.541912 ], [ -111.938712, 40.541958 ], [ -111.939072, 40.541944 ], [ -111.940467, 40.540929 ], [ -111.944559, 40.53783 ], [ -111.945624, 40.537064 ], [ -111.945623, 40.536704 ] ] ] } },
{ "type": "Feature", "properties": { "group_index": 0, "value": 900.0, "center": [ -111.93913723341052, 40.534656493723354 ], "point_id": "F15-44174" }, "geometry": { "type": "Polygon", "coordinates": [ [ [ -111.950554, 40.536696 ], [ -111.949269, 40.534333 ], [ -111.947978, 40.531076 ], [ -111.947507, 40.529862 ], [ -111.94699, 40.52906 ], [ -111.944366, 40.527371 ], [ -111.941836, 40.525684 ], [ -111.939206, 40.523638 ], [ -111.938989, 40.523636 ], [ -111.938805, 40.523651 ], [ -111.938196, 40.523912 ], [ -111.934773, 40.526413 ], [ -111.934654, 40.526537 ], [ -111.934537, 40.526758 ], [ -111.934449, 40.527606 ], [ -111.934361, 40.528454 ], [ -111.929483, 40.530996 ], [ -111.929123, 40.530995 ], [ -111.926839, 40.532552 ], [ -111.926775, 40.532906 ], [ -111.929151, 40.53501 ], [ -111.929511, 40.534995 ], [ -111.934275, 40.538116 ], [ -111.934335, 40.541806 ], [ -111.934202, 40.542139 ], [ -111.934127, 40.542463 ], [ -111.934127, 40.542739 ], [ -111.934127, 40.543014 ], [ -111.938084, 40.545383 ], [ -111.938292, 40.545509 ], [ -111.938451, 40.545599 ], [ -111.938799, 40.545688 ], [ -111.939159, 40.545702 ], [ -111.941069, 40.544326 ], [ -111.945174, 40.541769 ], [ -111.949625, 40.537789 ], [ -111.950554, 40.537056 ], [ -111.950554, 40.536696 ] ] ] } },
{ "type": "Feature", "properties": { "group_index": 0, "value": 300.0, "center": [ -111.89146882915304, 40.731037313140305 ], "point_id": "F21-87869" }, "geometry": { "type": "Polygon", "coordinates": [ [ [ -111.894047, 40.731361 ], [ -111.894047, 40.731361 ], [ -111.894048, 40.731345 ], [ -111.892882, 40.729762 ], [ -111.891961, 40.729066 ], [ -111.891491, 40.728756 ], [ -111.891131, 40.728757 ], [ -111.890741, 40.728993 ], [ -111.889673, 40.729768 ], [ -111.889117, 40.730601 ], [ -111.888769, 40.731215 ], [ -111.888769, 40.731575 ], [ -111.888825, 40.731638 ], [ -111.889588, 40.732435 ], [ -111.891127, 40.733322 ], [ -111.891487, 40.733319 ], [ -111.891729, 40.733183 ], [ -111.893365, 40.731948 ], [ -111.893889, 40.731539 ], [ -111.894047, 40.731377 ], [ -111.894047, 40.731361 ] ] ] } },
{ "type": "Feature", "properties": { "group_index": 0, "value": 600.0, "center": [ -111.89146882915304, 40.731037313140305 ], "point_id": "F21-87869" }, "geometry": { "type": "Polygon", "coordinates": [ [ [ -111.896653, 40.730636 ], [ -111.896652, 40.730276 ], [ -111.896621, 40.729099 ], [ -111.894339, 40.726979 ], [ -111.891782, 40.725155 ], [ -111.891444, 40.725005 ], [ -111.891396, 40.725004 ], [ -111.891061, 40.725025 ], [ -111.890797, 40.725168 ], [ -111.889016, 40.726414 ], [ -111.886942, 40.728049 ], [ -111.886514, 40.728504 ], [ -111.886362, 40.733266 ], [ -111.886363, 40.733626 ], [ -111.88693, 40.734328 ], [ -111.887415, 40.734683 ], [ -111.891005, 40.737029 ], [ -111.891092, 40.737029 ], [ -111.891482, 40.736996 ], [ -111.891667, 40.736945 ], [ -111.891803, 40.736864 ], [ -111.896408, 40.733786 ], [ -111.896653, 40.730636 ] ] ] } },
{ "type": "Feature", "properties": { "group_index": 0, "value": 900.0, "center": [ -111.89146882915304, 40.731037313140305 ], "point_id": "F21-87869" }, "geometry": { "type": "Polygon", "coordinates": [ [ [ -111.901182, 40.733228 ], [ -111.899863, 40.732215 ], [ -111.899738, 40.732165 ], [ -111.896706, 40.7276 ], [ -111.897086, 40.725724 ], [ -111.897126, 40.725566 ], [ -111.897125, 40.725206 ], [ -111.892818, 40.722168 ], [ -111.891471, 40.721141 ], [ -111.891251, 40.721141 ], [ -111.888915, 40.722677 ], [ -111.88523, 40.725361 ], [ -111.8851, 40.725463 ], [ -111.882321, 40.727873 ], [ -111.881826, 40.728738 ], [ -111.881418, 40.733267 ], [ -111.881418, 40.733627 ], [ -111.881585, 40.73379 ], [ -111.88234, 40.734518 ], [ -111.884603, 40.736463 ], [ -111.8879, 40.738579 ], [ -111.88961, 40.739835 ], [ -111.89065, 40.740519 ], [ -111.890902, 40.740663 ], [ -111.891112, 40.74074 ], [ -111.891472, 40.740742 ], [ -111.895991, 40.737812 ], [ -111.900526, 40.734169 ], [ -111.901145, 40.733668 ], [ -111.901181, 40.733588 ], [ -111.901182, 40.733228 ] ] ] } },
{ "type": "Feature", "properties": { "group_index": 0, "value": 300.0, "center": [ -111.84471520501589, 40.6870080245781 ], "point_id": "F14-37376" }, "geometry": { "type": "Polygon", "coordinates": [ [ [ -111.849758, 40.686747 ], [ -111.848605, 40.686068 ], [ -111.84674, 40.68498 ], [ -111.844113, 40.683411 ], [ -111.843907, 40.683434 ], [ -111.843565, 40.683546 ], [ -111.843427, 40.683624 ], [ -111.839774, 40.686823 ], [ -111.839773, 40.687183 ], [ -111.841392, 40.688901 ], [ -111.846397, 40.690424 ], [ -111.846705, 40.690237 ], [ -111.849436, 40.687368 ], [ -111.849642, 40.68716 ], [ -111.849761, 40.686979 ], [ -111.849758, 40.686747 ] ] ] } },
{ "type": "Feature", "properties": { "group_index": 0, "value": 600.0, "center": [ -111.84471520501589, 40.6870080245781 ], "point_id": "F14-37376" }, "geometry": { "type": "Polygon", "coordinates": [ [ [ -111.854595, 40.686754 ], [ -111.854184, 40.686426 ], [ -111.850924, 40.684048 ], [ -111.849184, 40.682717 ], [ -111.848599, 40.68232 ], [ -111.843293, 40.67993 ], [ -111.843069, 40.679827 ], [ -111.842789, 40.679752 ], [ -111.842506, 40.679756 ], [ -111.841745, 40.680437 ], [ -111.839235, 40.68267 ], [ -111.838386, 40.683684 ], [ -111.834832, 40.686826 ], [ -111.834833, 40.687186 ], [ -111.834932, 40.687273 ], [ -111.839378, 40.691175 ], [ -111.84403, 40.692862 ], [ -111.848423, 40.694308 ], [ -111.848761, 40.694184 ], [ -111.850216, 40.691804 ], [ -111.852893, 40.68868 ], [ -111.854366, 40.687393 ], [ -111.854596, 40.687114 ], [ -111.854595, 40.686754 ] ] ] } },
{ "type": "Feature", "properties": { "group_index": 0, "value": 900.0, "center": [ -111.84471520501589, 40.6870080245781 ], "point_id": "F14-37376" }, "geometry": { "type": "Polygon", "coordinates": [ [ [ -111.859509, 40.686737 ], [ -111.858855, 40.68615 ], [ -111.858807, 40.686111 ], [ -111.857697, 40.685321 ], [ -111.855852, 40.68398 ], [ -111.852148, 40.680822 ], [ -111.848602, 40.678573 ], [ -111.8432, 40.676363 ], [ -111.842499, 40.67594 ], [ -111.842017, 40.676037 ], [ -111.83787, 40.678323 ], [ -111.836551, 40.679215 ], [ -111.833057, 40.684072 ], [ -111.831284, 40.685495 ], [ -111.829904, 40.686819 ], [ -111.829908, 40.687179 ], [ -111.829986, 40.687349 ], [ -111.833278, 40.6898 ], [ -111.836991, 40.693388 ], [ -111.83851, 40.694669 ], [ -111.844137, 40.695749 ], [ -111.849374, 40.697468 ], [ -111.849539, 40.69746 ], [ -111.849851, 40.697394 ], [ -111.850185, 40.697258 ], [ -111.850656, 40.696793 ], [ -111.854243, 40.692246 ], [ -111.858391, 40.68821 ], [ -111.859301, 40.687381 ], [ -111.859424, 40.687229 ], [ -111.859513, 40.687097 ], [ -111.859509, 40.686737 ] ] ] } },
{ "type": "Feature", "properties": { "group_index": 0, "value": 300.0, "center": [ -111.95379149109053, 41.187872103168296 ], "point_id": "F10-3523" }, "geometry": { "type": "Polygon", "coordinates": [ [ [ -111.958415, 41.18869 ], [ -111.955715, 41.184533 ], [ -111.955357, 41.184501 ], [ -111.952487, 41.184698 ], [ -111.951992, 41.184834 ], [ -111.951062, 41.185157 ], [ -111.950096, 41.185748 ], [ -111.949826, 41.186007 ], [ -111.94967, 41.186181 ], [ -111.949502, 41.187497 ], [ -111.949498, 41.187857 ], [ -111.949549, 41.188624 ], [ -111.949635, 41.188859 ], [ -111.950942, 41.189918 ], [ -111.951365, 41.190221 ], [ -111.951674, 41.190414 ], [ -111.953605, 41.191613 ], [ -111.953965, 41.19162 ], [ -111.956133, 41.19062 ], [ -111.958264, 41.18927 ], [ -111.958399, 41.188936 ], [ -111.958415, 41.18869 ] ] ] } },
{ "type": "Feature", "properties": { "group_index": 0, "value": 600.0, "center": [ -111.95379149109053, 41.187872103168296 ], "point_id": "F10-3523" }, "geometry": { "type": "Polygon", "coordinates": [ [ [ -111.962893, 41.190369 ], [ -111.959814, 41.185885 ], [ -111.959709, 41.185817 ], [ -111.958621, 41.185031 ], [ -111.9553, 41.181321 ], [ -111.955186, 41.181309 ], [ -111.954626, 41.181323 ], [ -111.951134, 41.181731 ], [ -111.950787, 41.18183 ], [ -111.950019, 41.182115 ], [ -111.945423, 41.184419 ], [ -111.945257, 41.184802 ], [ -111.945137, 41.185141 ], [ -111.944943, 41.185826 ], [ -111.944943, 41.186186 ], [ -111.945928, 41.188234 ], [ -111.947962, 41.191289 ], [ -111.948398, 41.19175 ], [ -111.948941, 41.192323 ], [ -111.952794, 41.19484 ], [ -111.953154, 41.194849 ], [ -111.954354, 41.194887 ], [ -111.954664, 41.194891 ], [ -111.959572, 41.192079 ], [ -111.960878, 41.191641 ], [ -111.961655, 41.191417 ], [ -111.961732, 41.191382 ], [ -111.962747, 41.190675 ], [ -111.962893, 41.190371 ], [ -111.962893, 41.190369 ] ] ] } },
{ "type": "Feature", "properties": { "group_index": 0, "value": 900.0, "center": [ -111.95379149109053, 41.187872103168296 ], "point_id": "F10-3523" }, "geometry": { "type": "Polygon", "coordinates": [ [ [ -111.967746, 41.190364 ], [ -111.964572, 41.185744 ], [ -111.964496, 41.185657 ], [ -111.963864, 41.185063 ], [ -111.962321, 41.183793 ], [ -111.959382, 41.18155 ], [ -111.956916, 41.17864 ], [ -111.956663, 41.178385 ], [ -111.955786, 41.177889 ], [ -111.955428, 41.177852 ], [ -111.953567, 41.178501 ], [ -111.949023, 41.179208 ], [ -111.945828, 41.180609 ], [ -111.942327, 41.182703 ], [ -111.940837, 41.183727 ], [ -111.940345, 41.184068 ], [ -111.940363, 41.18459 ], [ -111.941871, 41.189895 ], [ -111.945667, 41.193795 ], [ -111.946667, 41.194543 ], [ -111.947542, 41.195105 ], [ -111.947859, 41.195301 ], [ -111.952701, 41.198586 ], [ -111.953061, 41.198597 ], [ -111.954444, 41.198484 ], [ -111.957548, 41.196961 ], [ -111.961314, 41.194956 ], [ -111.963369, 41.193922 ], [ -111.965603, 41.192295 ], [ -111.967746, 41.190724 ], [ -111.967746, 41.190364 ] ] ] } },
{ "type": "Feature", "properties": { "group_index": 0, "value": 300.0, "center": [ -111.862171388684, 40.67675276952005 ], "point_id": "F10-3810" }, "geometry": { "type": "Polygon", "coordinates": [ [ [ -111.86209, 40.675574 ], [ -111.86225, 40.674489 ], [ -111.862251, 40.674129 ], [ -111.862095, 40.674129 ], [ -111.862094, 40.674129 ], [ -111.861938, 40.674128 ], [ -111.861247, 40.675496 ], [ -111.861151, 40.676195 ], [ -111.861158, 40.676727 ], [ -111.861191, 40.676841 ], [ -111.861326, 40.676957 ], [ -111.861661, 40.676977 ], [ -111.86209, 40.675574 ] ] ] } },
{ "type": "Feature", "properties": { "group_index": 0, "value": 600.0, "center": [ -111.862171388684, 40.67675276952005 ], "point_id": "F10-3810" }, "geometry": { "type": "Polygon", "coordinates": [ [ [ -111.867189, 40.674496 ], [ -111.867189, 40.674436 ], [ -111.867187, 40.674112 ], [ -111.865592, 40.672647 ], [ -111.865232, 40.672647 ], [ -111.862071, 40.673155 ], [ -111.859014, 40.672717 ], [ -111.858929, 40.672717 ], [ -111.858929, 40.672717 ], [ -111.858843, 40.672717 ], [ -111.856996, 40.67412 ], [ -111.856892, 40.674242 ], [ -111.856893, 40.6743 ], [ -111.856996, 40.67448 ], [ -111.85966, 40.6769 ], [ -111.863259, 40.677502 ], [ -111.863619, 40.677496 ], [ -111.867176, 40.674547 ], [ -111.867189, 40.674496 ] ] ] } },
{ "type": "Feature", "properties": { "group_index": 0, "value": 900.0, "center": [ -111.862171388684, 40.67675276952005 ], "point_id": "F10-3810" }, "geometry": { "type": "Polygon", "coordinates": [ [ [ -111.872127, 40.674481 ], [ -111.872128, 40.674121 ], [ -111.872018, 40.674032 ], [ -111.871251, 40.673429 ], [ -111.86865, 40.671474 ], [ -111.865597, 40.669196 ], [ -111.865239, 40.669229 ], [ -111.865056, 40.66926 ], [ -111.859623, 40.670599 ], [ -111.857598, 40.670633 ], [ -111.856181, 40.670903 ], [ -111.85411, 40.672469 ], [ -111.853422, 40.673024 ], [ -111.852248, 40.673975 ], [ -111.852078, 40.674114 ], [ -111.852078, 40.674474 ], [ -111.853948, 40.675875 ], [ -111.858448, 40.679597 ], [ -111.859637, 40.680278 ], [ -111.859997, 40.680279 ], [ -111.865612, 40.679813 ], [ -111.868576, 40.677258 ], [ -111.871519, 40.675204 ], [ -111.872119, 40.674689 ], [ -111.872127, 40.674481 ] ] ] } },
{ "type": "Feature", "properties": { "group_index": 0, "value": 300.0, "center": [ -111.88537632130716, 40.661328876473604 ], "point_id": "F10-3679" }, "geometry": { "type": "Polygon", "coordinates": [ [ [ -111.889521, 40.660672 ], [ -111.88952, 40.660622 ], [ -111.888576, 40.659739 ], [ -111.88829, 40.659498 ], [ -111.88621, 40.658098 ], [ -111.885853, 40.658054 ], [ -111.885489, 40.658174 ], [ -111.883542, 40.659863 ], [ -111.883491, 40.660219 ], [ -111.884105, 40.662996 ], [ -111.884318, 40.663317 ], [ -111.884853, 40.664063 ], [ -111.885191, 40.664187 ], [ -111.886443, 40.664333 ], [ -111.886792, 40.664184 ], [ -111.886964, 40.664068 ], [ -111.888141, 40.663159 ], [ -111.888413, 40.662908 ], [ -111.888716, 40.66261 ], [ -111.889427, 40.661063 ], [ -111.889521, 40.660672 ] ] ] } },
{ "type": "Feature", "properties": { "group_index": 0, "value": 600.0, "center": [ -111.88537632130716, 40.661328876473604 ], "point_id": "F10-3679" }, "geometry": { "type": "Polygon", "coordinates": [ [ [ -111.89148, 40.657427 ], [ -111.891412, 40.657267 ], [ -111.887402, 40.655079 ], [ -111.885253, 40.655016 ], [ -111.88525, 40.655017 ], [ -111.882191, 40.656872 ], [ -111.880316, 40.657993 ], [ -111.879421, 40.659562 ], [ -111.879525, 40.660321 ], [ -111.879827, 40.661215 ], [ -111.880408, 40.662562 ], [ -111.883062, 40.667209 ], [ -111.883259, 40.667278 ], [ -111.886717, 40.667325 ], [ -111.887077, 40.667325 ], [ -111.88828, 40.66707 ], [ -111.888388, 40.667026 ], [ -111.889007, 40.666635 ], [ -111.890388, 40.66577 ], [ -111.890552, 40.665648 ], [ -111.891258, 40.664982 ], [ -111.891321, 40.6649 ], [ -111.892935, 40.662722 ], [ -111.893001, 40.662569 ], [ -111.89148, 40.657427 ] ] ] } },
{ "type": "Feature", "properties": { "group_index": 0, "value": 900.0, "center": [ -111.88537632130716, 40.661328876473604 ], "point_id": "F10-3679" }, "geometry": { "type": "Polygon", "coordinates": [ [ [ -111.897219, 40.661185 ], [ -111.89565, 40.655529 ], [ -111.895487, 40.655482 ], [ -111.892655, 40.654574 ], [ -111.88907, 40.652247 ], [ -111.888471, 40.651983 ], [ -111.888112, 40.651968 ], [ -111.885324, 40.652163 ], [ -111.884027, 40.652325 ], [ -111.882069, 40.653234 ], [ -111.877054, 40.655821 ], [ -111.87695, 40.655897 ], [ -111.876824, 40.65599 ], [ -111.875832, 40.658176 ], [ -111.875179, 40.659669 ], [ -111.875178, 40.660029 ], [ -111.8774, 40.662327 ], [ -111.877849, 40.666655 ], [ -111.877928, 40.666784 ], [ -111.880474, 40.669177 ], [ -111.882644, 40.670249 ], [ -111.886714, 40.671072 ], [ -111.887074, 40.671072 ], [ -111.888276, 40.670846 ], [ -111.89309, 40.668057 ], [ -111.893852, 40.667194 ], [ -111.893904, 40.666838 ], [ -111.895218, 40.663426 ], [ -111.897296, 40.661536 ], [ -111.897219, 40.661185 ] ] ] } },
{ "type": "Feature", "properties": { "group_index": 0, "value": 300.0, "center": [ -111.89791083384053, 40.752102687155876 ], "point_id": "F10-3711" }, "geometry": { "type": "Polygon", "coordinates": [ [ [ -111.902926, 40.752105 ], [ -111.902847, 40.751923 ], [ -111.902644, 40.751759 ], [ -111.899705, 40.749504 ], [ -111.898422, 40.748709 ], [ -111.898062, 40.748713 ], [ -111.896771, 40.749073 ], [ -111.896582, 40.749134 ], [ -111.893544, 40.751154 ], [ -111.892964, 40.751926 ], [ -111.892965, 40.752286 ], [ -111.893861, 40.752983 ], [ -111.896269, 40.754889 ], [ -111.896628, 40.755116 ], [ -111.896833, 40.755188 ], [ -111.897193, 40.755189 ], [ -111.899646, 40.754797 ], [ -111.900378, 40.754301 ], [ -111.900564, 40.754153 ], [ -111.902925, 40.752355 ], [ -111.902926, 40.752105 ] ] ] } },
{ "type": "Feature", "properties": { "group_index": 0, "value": 600.0, "center": [ -111.89791083384053, 40.752102687155876 ], "point_id": "F10-3711" }, "geometry": { "type": "Polygon", "coordinates": [ [ [ -111.907794, 40.751918 ], [ -111.907413, 40.751609 ], [ -111.904734, 40.749428 ], [ -111.903547, 40.748523 ], [ -111.900917, 40.746593 ], [ -111.900765, 40.746481 ], [ -111.899851, 40.745887 ], [ -111.89952, 40.745751 ], [ -111.897095, 40.745337 ], [ -111.896735, 40.745335 ], [ -111.896703, 40.745348 ], [ -111.896539, 40.745429 ], [ -111.895157, 40.746268 ], [ -111.890953, 40.749631 ], [ -111.889109, 40.751035 ], [ -111.888525, 40.751494 ], [ -111.888359, 40.751625 ], [ -111.88802, 40.751927 ], [ -111.887969, 40.752009 ], [ -111.887968, 40.752108 ], [ -111.887968, 40.752108 ], [ -111.887967, 40.752206 ], [ -111.888016, 40.752287 ], [ -111.890541, 40.754303 ], [ -111.894013, 40.757167 ], [ -111.896484, 40.758813 ], [ -111.896838, 40.758935 ], [ -111.897198, 40.758936 ], [ -111.899621, 40.758535 ], [ -111.899925, 40.758415 ], [ -111.90126, 40.757584 ], [ -111.904628, 40.755273 ], [ -111.907794, 40.752278 ], [ -111.907794, 40.751918 ] ] ] } },
{ "type": "Feature", "properties": { "group_index": 0, "value": 900.0, "center": [ -111.89791083384053, 40.752102687155876 ], "point_id": "F10-3711" }, "geometry": { "type": "Polygon", "coordinates": [ [ [ -111.9128, 40.752094 ], [ -111.912697, 40.751916 ], [ -111.912537, 40.751751 ], [ -111.910011, 40.749599 ], [ -111.906884, 40.746971 ], [ -111.90318, 40.74432 ], [ -111.901599, 40.74323 ], [ -111.900153, 40.742278 ], [ -111.89999, 40.742199 ], [ -111.899711, 40.74207 ], [ -111.896545, 40.741629 ], [ -111.89653, 40.741629 ], [ -111.895123, 40.742258 ], [ -111.891915, 40.744752 ], [ -111.887904, 40.748164 ], [ -111.886722, 40.74904 ], [ -111.885321, 40.750133 ], [ -111.883415, 40.751619 ], [ -111.883074, 40.75193 ], [ -111.88307, 40.75229 ], [ -111.883585, 40.752804 ], [ -111.885788, 40.754471 ], [ -111.888701, 40.756853 ], [ -111.891316, 40.758949 ], [ -111.891835, 40.75936 ], [ -111.892085, 40.759555 ], [ -111.892355, 40.759763 ], [ -111.892442, 40.75983 ], [ -111.89335, 40.760513 ], [ -111.896415, 40.762501 ], [ -111.897011, 40.762841 ], [ -111.897045, 40.762842 ], [ -111.897058, 40.762843 ], [ -111.899641, 40.762268 ], [ -111.900226, 40.762099 ], [ -111.900805, 40.761873 ], [ -111.904882, 40.758636 ], [ -111.9076, 40.756659 ], [ -111.911933, 40.752943 ], [ -111.912698, 40.752276 ], [ -111.912801, 40.752153 ], [ -111.9128, 40.752094 ] ] ] } },
{ "type": "Feature", "properties": { "group_index": 0, "value": 300.0, "center": [ -111.95817457663868, 40.6310013 ], "point_id": "F10-3691" }, "geometry": { "type": "Polygon", "coordinates": [ [ [ -111.961657, 40.630217 ], [ -111.961032, 40.629717 ], [ -111.957997, 40.627518 ], [ -111.957637, 40.627518 ], [ -111.957425, 40.627637 ], [ -111.956618, 40.628162 ], [ -111.953882, 40.630549 ], [ -111.953148, 40.632814 ], [ -111.953236, 40.633163 ], [ -111.957661, 40.634485 ], [ -111.957866, 40.634539 ], [ -111.95822, 40.634472 ], [ -111.95933, 40.633598 ], [ -111.959849, 40.633142 ], [ -111.96178, 40.630556 ], [ -111.961657, 40.630217 ] ] ] } },
{ "type": "Feature", "properties": { "group_index": 0, "value": 600.0, "center": [ -111.95817457663868, 40.6310013 ], "point_id": "F10-3691" }, "geometry": { "type": "Polygon", "coordinates": [ [ [ -111.964448, 40.63233 ], [ -111.964766, 40.62743 ], [ -111.964447, 40.627264 ], [ -111.963461, 40.626982 ], [ -111.959279, 40.623943 ], [ -111.957885, 40.623551 ], [ -111.957525, 40.623552 ], [ -111.954985, 40.625646 ], [ -111.951841, 40.628176 ], [ -111.948688, 40.630607 ], [ -111.94869, 40.630967 ], [ -111.948683, 40.633695 ], [ -111.948775, 40.634043 ], [ -111.952962, 40.635499 ], [ -111.957536, 40.638144 ], [ -111.95766, 40.638231 ], [ -111.95802, 40.638233 ], [ -111.958246, 40.638148 ], [ -111.961786, 40.636361 ], [ -111.961855, 40.636286 ], [ -111.961914, 40.636208 ], [ -111.964305, 40.632743 ], [ -111.964347, 40.632675 ], [ -111.964448, 40.63233 ] ] ] } },
{ "type": "Feature", "properties": { "group_index": 0, "value": 900.0, "center": [ -111.95817457663868, 40.6310013 ], "point_id": "F10-3691" }, "geometry": { "type": "Polygon", "coordinates": [ [ [ -111.967855, 40.633608 ], [ -111.967648, 40.6325 ], [ -111.966684, 40.631782 ], [ -111.964845, 40.627209 ], [ -111.965183, 40.625971 ], [ -111.965278, 40.625717 ], [ -111.965519, 40.624186 ], [ -111.96517, 40.624097 ], [ -111.962995, 40.623746 ], [ -111.959334, 40.620917 ], [ -111.959288, 40.620863 ], [ -111.95903, 40.620612 ], [ -111.957988, 40.620023 ], [ -111.95767, 40.619943 ], [ -111.957666, 40.619943 ], [ -111.957506, 40.619994 ], [ -111.953959, 40.62247 ], [ -111.951117, 40.624631 ], [ -111.951034, 40.624701 ], [ -111.948136, 40.627438 ], [ -111.948023, 40.627549 ], [ -111.947151, 40.628688 ], [ -111.944139, 40.633725 ], [ -111.944089, 40.634081 ], [ -111.946117, 40.635466 ], [ -111.948153, 40.636606 ], [ -111.952398, 40.638649 ], [ -111.955958, 40.640777 ], [ -111.957676, 40.64198 ], [ -111.958036, 40.641978 ], [ -111.958714, 40.641689 ], [ -111.959651, 40.641162 ], [ -111.962813, 40.63866 ], [ -111.965058, 40.637213 ], [ -111.966961, 40.635502 ], [ -111.967324, 40.635176 ], [ -111.967419, 40.63509 ], [ -111.967878, 40.634292 ], [ -111.967855, 40.633608 ] ] ] } },
{ "type": "Feature", "properties": { "group_index": 0, "value": 300.0, "center": [ -112.0093771, 41.4960143 ], "point_id": "F19-72060" }, "geometry": { "type": "Polygon", "coordinates": [ [ [ -112.014474, 41.496066 ], [ -112.014238, 41.495794 ], [ -112.013502, 41.49505 ], [ -112.012292, 41.493994 ], [ -112.011691, 41.493479 ], [ -112.010812, 41.4928 ], [ -112.00942, 41.492899 ], [ -112.005407, 41.494922 ], [ -112.004582, 41.495434 ], [ -112.004365, 41.49564 ], [ -112.004361, 41.495656 ], [ -112.004515, 41.495873 ], [ -112.005175, 41.496638 ], [ -112.006341, 41.49756 ], [ -112.007549, 41.498494 ], [ -112.008083, 41.498895 ], [ -112.009482, 41.49941 ], [ -112.009842, 41.499413 ], [ -112.011498, 41.498269 ], [ -112.01401, 41.49653 ], [ -112.014025, 41.49652 ], [ -112.014372, 41.49622 ], [ -112.014474, 41.496067 ], [ -112.014474, 41.496066 ] ] ] } },
{ "type": "Feature", "properties": { "group_index": 0, "value": 600.0, "center": [ -112.0093771, 41.4960143 ], "point_id": "F19-72060" }, "geometry": { "type": "Polygon", "coordinates": [ [ [ -112.019409, 41.496049 ], [ -112.019242, 41.495874 ], [ -112.017204, 41.493911 ], [ -112.015539, 41.492603 ], [ -112.01284, 41.49052 ], [ -112.008153, 41.490105 ], [ -112.007793, 41.490106 ], [ -112.007322, 41.490311 ], [ -112.007226, 41.490382 ], [ -112.007156, 41.490561 ], [ -112.004676, 41.494302 ], [ -112.000604, 41.495045 ], [ -112.000415, 41.49506 ], [ -111.999948, 41.495399 ], [ -111.999779, 41.495807 ], [ -111.999897, 41.495862 ], [ -112.002279, 41.497203 ], [ -112.004444, 41.499979 ], [ -112.004567, 41.500071 ], [ -112.006296, 41.50128 ], [ -112.011004, 41.502002 ], [ -112.011364, 41.502012 ], [ -112.011481, 41.501989 ], [ -112.014873, 41.499712 ], [ -112.016363, 41.498558 ], [ -112.019268, 41.496315 ], [ -112.019409, 41.496056 ], [ -112.019409, 41.496049 ] ] ] } },
{ "type": "Feature", "properties": { "group_index": 0, "value": 900.0, "center": [ -112.0093771, 41.4960143 ], "point_id": "F19-72060" }, "geometry": { "type": "Polygon", "coordinates": [ [ [ -112.024269, 41.496061 ], [ -112.024242, 41.495981 ], [ -112.024226, 41.495945 ], [ -112.023021, 41.494664 ], [ -112.020354, 41.492394 ], [ -112.015715, 41.48878 ], [ -112.01466, 41.488012 ], [ -112.014473, 41.48801 ], [ -112.010822, 41.487966 ], [ -112.006593, 41.48762 ], [ -112.00632, 41.487588 ], [ -112.004949, 41.488437 ], [ -112.000271, 41.491853 ], [ -111.996341, 41.495173 ], [ -111.996492, 41.495539 ], [ -112.00019, 41.498893 ], [ -112.00026, 41.501462 ], [ -112.000248, 41.501822 ], [ -112.004615, 41.504122 ], [ -112.005744, 41.504883 ], [ -112.006418, 41.505148 ], [ -112.010908, 41.505783 ], [ -112.011282, 41.505804 ], [ -112.011309, 41.505804 ], [ -112.013422, 41.504422 ], [ -112.017824, 41.501272 ], [ -112.021365, 41.498618 ], [ -112.024262, 41.496421 ], [ -112.024269, 41.496061 ] ] ] } },
{ "type": "Feature", "properties": { "group_index": 0, "value": 300.0, "center": [ -111.85932455324686, 40.74156509883153 ], "point_id": "F10-3722" }, "geometry": { "type": "Polygon", "coordinates": [ [ [ -111.864241, 40.741382 ], [ -111.861382, 40.738958 ], [ -111.861083, 40.738758 ], [ -111.859601, 40.737843 ], [ -111.859532, 40.737846 ], [ -111.858848, 40.738285 ], [ -111.857203, 40.739478 ], [ -111.854379, 40.74139 ], [ -111.85438, 40.74175 ], [ -111.854547, 40.741881 ], [ -111.85529, 40.742461 ], [ -111.859073, 40.745029 ], [ -111.85929, 40.74515 ], [ -111.85965, 40.745154 ], [ -111.861456, 40.744286 ], [ -111.861673, 40.74416 ], [ -111.862491, 40.743507 ], [ -111.864241, 40.741742 ], [ -111.864241, 40.741382 ] ] ] } },
{ "type": "Feature", "properties": { "group_index": 0, "value": 600.0, "center": [ -111.85932455324686, 40.74156509883153 ], "point_id": "F10-3722" }, "geometry": { "type": "Polygon", "coordinates": [ [ [ -111.869177, 40.741383 ], [ -111.868545, 40.740795 ], [ -111.865835, 40.73877 ], [ -111.862659, 40.736253 ], [ -111.85966, 40.734128 ], [ -111.859635, 40.734128 ], [ -111.8594, 40.734168 ], [ -111.856484, 40.735767 ], [ -111.855907, 40.736113 ], [ -111.855705, 40.736264 ], [ -111.854947, 40.736908 ], [ -111.852852, 40.738753 ], [ -111.849805, 40.740668 ], [ -111.849419, 40.741396 ], [ -111.84942, 40.741756 ], [ -111.849758, 40.742583 ], [ -111.851661, 40.744186 ], [ -111.856515, 40.747037 ], [ -111.859247, 40.748898 ], [ -111.859607, 40.748901 ], [ -111.862033, 40.747604 ], [ -111.862239, 40.747493 ], [ -111.864901, 40.74555 ], [ -111.865037, 40.745443 ], [ -111.866618, 40.744159 ], [ -111.869108, 40.74182 ], [ -111.869176, 40.741743 ], [ -111.869177, 40.741383 ] ] ] } },
{ "type": "Feature", "properties": { "group_index": 0, "value": 900.0, "center": [ -111.85932455324686, 40.74156509883153 ], "point_id": "F10-3722" }, "geometry": { "type": "Polygon", "coordinates": [ [ [ -111.874217, 40.741505 ], [ -111.874104, 40.741377 ], [ -111.870511, 40.738521 ], [ -111.866128, 40.734827 ], [ -111.863757, 40.73326 ], [ -111.860756, 40.730623 ], [ -111.860444, 40.730444 ], [ -111.859374, 40.73051 ], [ -111.856573, 40.732234 ], [ -111.853444, 40.734215 ], [ -111.850865, 40.736111 ], [ -111.849856, 40.737101 ], [ -111.845386, 40.739916 ], [ -111.84441, 40.741513 ], [ -111.84441, 40.741568 ], [ -111.844478, 40.741871 ], [ -111.846998, 40.744614 ], [ -111.847163, 40.744733 ], [ -111.847705, 40.745097 ], [ -111.852383, 40.748553 ], [ -111.856668, 40.750851 ], [ -111.85853, 40.751987 ], [ -111.858704, 40.75209 ], [ -111.85943, 40.752465 ], [ -111.85979, 40.752468 ], [ -111.860833, 40.751994 ], [ -111.862595, 40.750959 ], [ -111.863186, 40.750569 ], [ -111.866544, 40.74829 ], [ -111.870523, 40.745209 ], [ -111.87384, 40.74225 ], [ -111.874217, 40.741555 ], [ -111.874217, 40.741505 ] ] ] } },
{ "type": "Feature", "properties": { "group_index": 0, "value": 300.0, "center": [ -111.81253723257831, 40.69979697145369 ], "point_id": "F10-3630" }, "geometry": { "type": "Polygon", "coordinates": [ [ [ -111.817474, 40.699686 ], [ -111.815139, 40.697886 ], [ -111.814779, 40.697885 ], [ -111.80903, 40.698417 ], [ -111.807488, 40.699676 ], [ -111.807487, 40.699793 ], [ -111.807596, 40.699975 ], [ -111.807755, 40.700097 ], [ -111.809134, 40.701179 ], [ -111.809951, 40.701762 ], [ -111.810175, 40.701899 ], [ -111.810258, 40.701899 ], [ -111.815157, 40.701711 ], [ -111.817348, 40.700156 ], [ -111.817473, 40.700046 ], [ -111.817474, 40.699686 ] ] ] } },
{ "type": "Feature", "properties": { "group_index": 0, "value": 600.0, "center": [ -111.81253723257831, 40.69979697145369 ], "point_id": "F10-3630" }, "geometry": { "type": "Polygon", "coordinates": [ [ [ -111.822416, 40.699691 ], [ -111.818309, 40.696566 ], [ -111.814972, 40.695202 ], [ -111.814397, 40.695156 ], [ -111.809079, 40.695512 ], [ -111.807512, 40.695424 ], [ -111.80347, 40.698938 ], [ -111.802724, 40.699552 ], [ -111.802655, 40.699617 ], [ -111.802651, 40.699977 ], [ -111.80402, 40.701599 ], [ -111.808009, 40.704485 ], [ -111.809667, 40.705447 ], [ -111.810036, 40.70553 ], [ -111.810396, 40.705528 ], [ -111.814796, 40.705459 ], [ -111.815156, 40.705454 ], [ -111.817529, 40.703727 ], [ -111.819346, 40.702404 ], [ -111.822416, 40.700051 ], [ -111.822416, 40.699691 ] ] ] } },
{ "type": "Feature", "properties": { "group_index": 0, "value": 900.0, "center": [ -111.81253723257831, 40.69979697145369 ], "point_id": "F10-3630" }, "geometry": { "type": "Polygon", "coordinates": [ [ [ -111.827358, 40.699689 ], [ -111.82513, 40.697814 ], [ -111.82325, 40.696549 ], [ -111.822577, 40.696098 ], [ -111.817803, 40.692575 ], [ -111.81737, 40.692392 ], [ -111.815146, 40.691683 ], [ -111.814494, 40.691674 ], [ -111.813107, 40.692644 ], [ -111.810931, 40.693958 ], [ -111.806788, 40.695346 ], [ -111.803782, 40.694395 ], [ -111.803738, 40.694366 ], [ -111.803063, 40.694788 ], [ -111.801033, 40.697039 ], [ -111.798054, 40.699043 ], [ -111.79771, 40.699603 ], [ -111.79771, 40.699963 ], [ -111.79821, 40.70086 ], [ -111.801493, 40.703328 ], [ -111.80312, 40.705029 ], [ -111.808096, 40.707848 ], [ -111.80939, 40.708327 ], [ -111.81077, 40.708709 ], [ -111.814802, 40.709206 ], [ -111.815162, 40.7092 ], [ -111.816176, 40.708715 ], [ -111.816939, 40.708201 ], [ -111.820781, 40.705553 ], [ -111.824281, 40.702633 ], [ -111.827358, 40.700049 ], [ -111.827358, 40.699689 ] ] ] } },
{ "type": "Feature", "properties": { "group_index": 0, "value": 300.0, "center": [ -111.88477498670001, 40.58921322051632 ], "point_id": "F11-30077" }, "geometry": { "type": "Polygon", "coordinates": [ [ [ -111.887037, 40.589549 ], [ -111.887042, 40.588334 ], [ -111.887036, 40.587974 ], [ -111.886864, 40.587846 ], [ -111.886323, 40.58748 ], [ -111.886182, 40.587398 ], [ -111.88185, 40.586919 ], [ -111.88149, 40.586918 ], [ -111.880635, 40.588122 ], [ -111.880406, 40.588536 ], [ -111.880404, 40.588896 ], [ -111.881816, 40.590862 ], [ -111.883071, 40.591854 ], [ -111.883813, 40.592377 ], [ -111.884173, 40.592381 ], [ -111.885147, 40.591852 ], [ -111.885227, 40.591791 ], [ -111.887036, 40.58959 ], [ -111.887037, 40.589549 ] ] ] } },
{ "type": "Feature", "properties": { "group_index": 0, "value": 600.0, "center": [ -111.88477498670001, 40.58921322051632 ], "point_id": "F11-30077" }, "geometry": { "type": "Polygon", "coordinates": [ [ [ -111.891974, 40.587964 ], [ -111.891907, 40.587816 ], [ -111.891175, 40.587255 ], [ -111.887219, 40.584187 ], [ -111.886586, 40.583738 ], [ -111.886463, 40.583657 ], [ -111.886104, 40.58363 ], [ -111.881731, 40.583524 ], [ -111.881727, 40.583524 ], [ -111.881553, 40.583677 ], [ -111.877891, 40.586489 ], [ -111.87574, 40.587773 ], [ -111.875708, 40.58846 ], [ -111.876919, 40.590402 ], [ -111.878135, 40.591844 ], [ -111.880913, 40.593972 ], [ -111.881529, 40.594394 ], [ -111.885341, 40.595308 ], [ -111.885785, 40.595224 ], [ -111.886133, 40.595133 ], [ -111.890079, 40.591897 ], [ -111.89107, 40.590358 ], [ -111.891971, 40.588324 ], [ -111.891974, 40.587964 ] ] ] } },
{ "type": "Feature", "properties": { "group_index": 0, "value": 900.0, "center": [ -111.88477498670001, 40.58921322051632 ], "point_id": "F11-30077" }, "geometry": { "type": "Polygon", "coordinates": [ [ [ -111.896906, 40.587943 ], [ -111.896841, 40.58779 ], [ -111.89377, 40.585349 ], [ -111.890504, 40.582714 ], [ -111.886796, 40.579488 ], [ -111.886436, 40.579478 ], [ -111.88151, 40.579955 ], [ -111.879253, 40.581256 ], [ -111.876016, 40.583725 ], [ -111.875239, 40.584302 ], [ -111.870801, 40.588053 ], [ -111.870787, 40.588413 ], [ -111.8732, 40.591821 ], [ -111.875979, 40.593953 ], [ -111.880216, 40.597965 ], [ -111.885728, 40.598867 ], [ -111.886085, 40.598822 ], [ -111.886577, 40.598641 ], [ -111.888164, 40.597477 ], [ -111.891044, 40.59487 ], [ -111.893349, 40.593171 ], [ -111.894343, 40.59241 ], [ -111.896908, 40.588303 ], [ -111.896906, 40.587943 ] ] ] } },
{ "type": "Feature", "properties": { "group_index": 0, "value": 300.0, "center": [ -111.82970376395083, 40.62388477446413 ], "point_id": "F10-3906" }, "geometry": { "type": "Polygon", "coordinates": [ [ [ -111.83463, 40.623968 ], [ -111.833272, 40.621738 ], [ -111.829477, 40.621095 ], [ -111.828479, 40.620912 ], [ -111.828119, 40.620912 ], [ -111.826897, 40.621797 ], [ -111.824912, 40.623497 ], [ -111.824767, 40.623696 ], [ -111.824769, 40.624056 ], [ -111.825027, 40.624271 ], [ -111.82687, 40.625715 ], [ -111.827062, 40.625781 ], [ -111.830133, 40.62686 ], [ -111.830384, 40.626826 ], [ -111.831784, 40.626371 ], [ -111.833191, 40.625853 ], [ -111.833349, 40.625736 ], [ -111.834486, 40.624433 ], [ -111.83463, 40.623968 ] ] ] } },
{ "type": "Feature", "properties": { "group_index": 0, "value": 600.0, "center": [ -111.82970376395083, 40.62388477446413 ], "point_id": "F10-3906" }, "geometry": { "type": "Polygon", "coordinates": [ [ [ -111.839424, 40.62453 ], [ -111.839428, 40.624437 ], [ -111.83826, 40.623034 ], [ -111.834681, 40.619857 ], [ -111.833468, 40.61881 ], [ -111.833362, 40.618755 ], [ -111.829724, 40.617791 ], [ -111.82968, 40.61779 ], [ -111.827622, 40.617791 ], [ -111.827089, 40.617925 ], [ -111.825608, 40.618735 ], [ -111.825029, 40.619136 ], [ -111.823568, 40.620396 ], [ -111.819777, 40.623693 ], [ -111.819776, 40.624053 ], [ -111.820376, 40.624669 ], [ -111.823708, 40.627185 ], [ -111.824688, 40.627842 ], [ -111.828993, 40.630057 ], [ -111.829345, 40.630056 ], [ -111.829698, 40.630055 ], [ -111.834348, 40.62925 ], [ -111.838092, 40.626023 ], [ -111.83939, 40.624888 ], [ -111.839424, 40.62453 ] ] ] } },
{ "type": "Feature", "properties": { "group_index": 0, "value": 900.0, "center": [ -111.82970376395083, 40.62388477446413 ], "point_id": "F10-3906" }, "geometry": { "type": "Polygon", "coordinates": [ [ [ -111.844413, 40.62491 ], [ -111.844222, 40.624632 ], [ -111.842401, 40.622812 ], [ -111.839892, 40.620126 ], [ -111.837163, 40.61771 ], [ -111.834271, 40.615749 ], [ -111.832302, 40.615511 ], [ -111.827503, 40.614262 ], [ -111.827488, 40.614262 ], [ -111.824627, 40.615749 ], [ -111.822874, 40.617017 ], [ -111.819288, 40.620163 ], [ -111.814819, 40.623677 ], [ -111.814814, 40.624037 ], [ -111.816854, 40.625892 ], [ -111.818528, 40.627433 ], [ -111.820286, 40.628725 ], [ -111.822792, 40.630336 ], [ -111.824442, 40.631408 ], [ -111.824559, 40.631453 ], [ -111.827836, 40.631829 ], [ -111.833724, 40.632628 ], [ -111.83408, 40.632578 ], [ -111.834251, 40.632506 ], [ -111.839415, 40.629683 ], [ -111.841282, 40.62801 ], [ -111.844287, 40.62536 ], [ -111.844365, 40.625267 ], [ -111.844413, 40.62491 ] ] ] } },
{ "type": "Feature", "properties": { "group_index": 0, "value": 300.0, "center": [ -111.871600946824, 40.6010263 ], "point_id": "F10-13633" }, "geometry": { "type": "Polygon", "coordinates": [ [ [ -111.874993, 40.601324 ], [ -111.875004, 40.600987 ], [ -111.874983, 40.60066 ], [ -111.873625, 40.598666 ], [ -111.873469, 40.598504 ], [ -111.872372, 40.597729 ], [ -111.872012, 40.597731 ], [ -111.868874, 40.598939 ], [ -111.866761, 40.600708 ], [ -111.866564, 40.60097 ], [ -111.866631, 40.601031 ], [ -111.867738, 40.601993 ], [ -111.870722, 40.604358 ], [ -111.871082, 40.604358 ], [ -111.872375, 40.604323 ], [ -111.87244, 40.604318 ], [ -111.874701, 40.602989 ], [ -111.874993, 40.601324 ] ] ] } },
{ "type": "Feature", "properties": { "group_index": 0, "value": 600.0, "center": [ -111.871600946824, 40.6010263 ], "point_id": "F10-13633" }, "geometry": { "type": "Polygon", "coordinates": [ [ [ -111.878404, 40.598487 ], [ -111.878169, 40.597613 ], [ -111.875263, 40.596132 ], [ -111.873158, 40.594255 ], [ -111.872907, 40.593997 ], [ -111.872313, 40.593963 ], [ -111.871953, 40.593956 ], [ -111.87065, 40.594849 ], [ -111.86604, 40.597119 ], [ -111.86404, 40.59902 ], [ -111.863837, 40.602889 ], [ -111.86794, 40.606059 ], [ -111.872017, 40.608056 ], [ -111.872377, 40.608055 ], [ -111.873925, 40.607013 ], [ -111.875208, 40.606059 ], [ -111.87535, 40.605102 ], [ -111.875348, 40.604392 ], [ -111.877661, 40.599371 ], [ -111.878404, 40.598847 ], [ -111.878404, 40.598487 ] ] ] } },
{ "type": "Feature", "properties": { "group_index": 0, "value": 900.0, "center": [ -111.871600946824, 40.6010263 ], "point_id": "F10-13633" }, "geometry": { "type": "Polygon", "coordinates": [ [ [ -111.880145, 40.605685 ], [ -111.881894, 40.600074 ], [ -111.881898, 40.598661 ], [ -111.881894, 40.59738 ], [ -111.877738, 40.593596 ], [ -111.873247, 40.590592 ], [ -111.872384, 40.590254 ], [ -111.872024, 40.590252 ], [ -111.871631, 40.590411 ], [ -111.868316, 40.592403 ], [ -111.867414, 40.593129 ], [ -111.8625, 40.596299 ], [ -111.862103, 40.596557 ], [ -111.861868, 40.596734 ], [ -111.861188, 40.598192 ], [ -111.860672, 40.600881 ], [ -111.86063, 40.601239 ], [ -111.862058, 40.604198 ], [ -111.86329, 40.606461 ], [ -111.866309, 40.608572 ], [ -111.871391, 40.611642 ], [ -111.871813, 40.611828 ], [ -111.872145, 40.611968 ], [ -111.875219, 40.609722 ], [ -111.878368, 40.607351 ], [ -111.880142, 40.606045 ], [ -111.880145, 40.605685 ] ] ] } },
{ "type": "Feature", "properties": { "group_index": 0, "value": 300.0, "center": [ -111.9718175, 40.5608832 ], "point_id": "F14-37254" }, "geometry": { "type": "Polygon", "coordinates": [ [ [ -111.976047, 40.560762 ], [ -111.975876, 40.559987 ], [ -111.973323, 40.55748 ], [ -111.972955, 40.557201 ], [ -111.972732, 40.557084 ], [ -111.97097, 40.558647 ], [ -111.967883, 40.561875 ], [ -111.967879, 40.562235 ], [ -111.971689, 40.564423 ], [ -111.972049, 40.564424 ], [ -111.973417, 40.563971 ], [ -111.975359, 40.562232 ], [ -111.975593, 40.561887 ], [ -111.976047, 40.561122 ], [ -111.976047, 40.560762 ] ] ] } },
{ "type": "Feature", "properties": { "group_index": 0, "value": 600.0, "center": [ -111.9718175, 40.5608832 ], "point_id": "F14-37254" }, "geometry": { "type": "Polygon", "coordinates": [ [ [ -111.980497, 40.561917 ], [ -111.980504, 40.561557 ], [ -111.979834, 40.561017 ], [ -111.976717, 40.557386 ], [ -111.976072, 40.555693 ], [ -111.975705, 40.554837 ], [ -111.975396, 40.554239 ], [ -111.975308, 40.554152 ], [ -111.975011, 40.553948 ], [ -111.970286, 40.554074 ], [ -111.969959, 40.554224 ], [ -111.967048, 40.55907 ], [ -111.96565, 40.559998 ], [ -111.963301, 40.561891 ], [ -111.963301, 40.562251 ], [ -111.963455, 40.562374 ], [ -111.967119, 40.56507 ], [ -111.970838, 40.566156 ], [ -111.972604, 40.567633 ], [ -111.972964, 40.567632 ], [ -111.976126, 40.565065 ], [ -111.98049, 40.561998 ], [ -111.980497, 40.561917 ] ] ] } },
{ "type": "Feature", "properties": { "group_index": 0, "value": 900.0, "center": [ -111.9718175, 40.5608832 ], "point_id": "F14-37254" }, "geometry": { "type": "Polygon", "coordinates": [ [ [ -111.98551, 40.562225 ], [ -111.985364, 40.561781 ], [ -111.983521, 40.559901 ], [ -111.981234, 40.558475 ], [ -111.980517, 40.558217 ], [ -111.979518, 40.557751 ], [ -111.978022, 40.552107 ], [ -111.978081, 40.55194 ], [ -111.978081, 40.55186 ], [ -111.977899, 40.550595 ], [ -111.977645, 40.55034 ], [ -111.972319, 40.552257 ], [ -111.969993, 40.552427 ], [ -111.968836, 40.553338 ], [ -111.967027, 40.555354 ], [ -111.963573, 40.557883 ], [ -111.963093, 40.55815 ], [ -111.959702, 40.560665 ], [ -111.958446, 40.561916 ], [ -111.958458, 40.562276 ], [ -111.958542, 40.56248 ], [ -111.960146, 40.56389 ], [ -111.963537, 40.566153 ], [ -111.965254, 40.567458 ], [ -111.967013, 40.56874 ], [ -111.967123, 40.56882 ], [ -111.972495, 40.571235 ], [ -111.97284, 40.571133 ], [ -111.975944, 40.569252 ], [ -111.976165, 40.568364 ], [ -111.980183, 40.564418 ], [ -111.982406, 40.564563 ], [ -111.982749, 40.564453 ], [ -111.983623, 40.563945 ], [ -111.985046, 40.562893 ], [ -111.985468, 40.562582 ], [ -111.98551, 40.562225 ] ] ] } },
{ "type": "Feature", "properties": { "group_index": 0, "value": 300.0, "center": [ -111.939767, 40.5778086 ], "point_id": "F10-28511" }, "geometry": { "type": "Polygon", "coordinates": [ [ [ -111.942343, 40.577029 ], [ -111.939469, 40.575006 ], [ -111.939404, 40.574959 ], [ -111.9393, 40.574896 ], [ -111.939054, 40.57477 ], [ -111.938694, 40.574771 ], [ -111.938291, 40.575026 ], [ -111.936444, 40.576189 ], [ -111.936445, 40.576549 ], [ -111.936517, 40.577251 ], [ -111.937438, 40.578936 ], [ -111.938518, 40.58077 ], [ -111.93869, 40.580866 ], [ -111.93905, 40.580866 ], [ -111.939402, 40.580724 ], [ -111.93973, 40.580572 ], [ -111.942344, 40.577389 ], [ -111.942343, 40.577029 ] ] ] } },
{ "type": "Feature", "properties": { "group_index": 0, "value": 600.0, "center": [ -111.939767, 40.5778086 ], "point_id": "F10-28511" }, "geometry": { "type": "Polygon", "coordinates": [ [ [ -111.946637, 40.577323 ], [ -111.946637, 40.576963 ], [ -111.945518, 40.575911 ], [ -111.943548, 40.57405 ], [ -111.942339, 40.573122 ], [ -111.942249, 40.573054 ], [ -111.939049, 40.571051 ], [ -111.938689, 40.571052 ], [ -111.938505, 40.571151 ], [ -111.935334, 40.57285 ], [ -111.935333, 40.57321 ], [ -111.936139, 40.576434 ], [ -111.935025, 40.581577 ], [ -111.935025, 40.581937 ], [ -111.938188, 40.584323 ], [ -111.938506, 40.584519 ], [ -111.938708, 40.5846 ], [ -111.939068, 40.584597 ], [ -111.942395, 40.582347 ], [ -111.944268, 40.58091 ], [ -111.944576, 40.580641 ], [ -111.946534, 40.577943 ], [ -111.946637, 40.577323 ] ] ] } },
{ "type": "Feature", "properties": { "group_index": 0, "value": 900.0, "center": [ -111.939767, 40.5778086 ], "point_id": "F10-28511" }, "geometry": { "type": "Polygon", "coordinates": [ [ [ -111.949719, 40.577519 ], [ -111.94972, 40.577159 ], [ -111.947286, 40.573116 ], [ -111.947184, 40.573035 ], [ -111.945354, 40.572169 ], [ -111.941673, 40.569787 ], [ -111.939274, 40.567478 ], [ -111.939039, 40.56734 ], [ -111.938679, 40.567341 ], [ -111.938465, 40.567372 ], [ -111.93824, 40.567404 ], [ -111.938102, 40.567453 ], [ -111.936106, 40.569264 ], [ -111.932196, 40.571018 ], [ -111.931878, 40.571187 ], [ -111.931072, 40.572896 ], [ -111.930982, 40.573244 ], [ -111.931694, 40.573808 ], [ -111.934342, 40.575478 ], [ -111.931956, 40.580738 ], [ -111.931831, 40.580763 ], [ -111.931716, 40.580969 ], [ -111.933806, 40.585642 ], [ -111.938028, 40.588038 ], [ -111.938314, 40.588193 ], [ -111.938806, 40.588456 ], [ -111.938807, 40.588456 ], [ -111.940282, 40.587722 ], [ -111.941342, 40.587002 ], [ -111.945546, 40.58384 ], [ -111.948481, 40.581468 ], [ -111.948497, 40.581455 ], [ -111.948515, 40.581434 ], [ -111.949343, 40.579908 ], [ -111.949719, 40.577519 ] ] ] } },
{ "type": "Feature", "properties": { "group_index": 0, "value": 300.0, "center": [ -111.80122205906116, 40.68693570886158 ], "point_id": "F10-6888" }, "geometry": { "type": "Polygon", "coordinates": [ [ [ -111.806172, 40.68675 ], [ -111.8033, 40.683971 ], [ -111.801919, 40.683677 ], [ -111.801559, 40.683678 ], [ -111.799487, 40.68401 ], [ -111.796405, 40.686793 ], [ -111.796405, 40.687153 ], [ -111.796409, 40.68726 ], [ -111.796441, 40.687359 ], [ -111.796746, 40.6876 ], [ -111.799287, 40.689697 ], [ -111.799684, 40.68977 ], [ -111.799807, 40.68977 ], [ -111.799808, 40.68977 ], [ -111.800169, 40.68977 ], [ -111.80053, 40.689769 ], [ -111.802617, 40.688875 ], [ -111.805647, 40.687438 ], [ -111.806018, 40.687195 ], [ -111.806076, 40.687096 ], [ -111.806172, 40.68675 ] ] ] } },
{ "type": "Feature", "properties": { "group_index": 0, "value": 600.0, "center": [ -111.80122205906116, 40.68693570886158 ], "point_id": "F10-6888" }, "geometry": { "type": "Polygon", "coordinates": [ [ [ -111.811054, 40.686762 ], [ -111.810455, 40.686328 ], [ -111.807159, 40.682171 ], [ -111.807089, 40.682085 ], [ -111.80563, 40.681156 ], [ -111.802484, 40.680274 ], [ -111.801444, 40.680132 ], [ -111.801084, 40.680133 ], [ -111.799434, 40.681324 ], [ -111.795851, 40.683488 ], [ -111.791986, 40.685701 ], [ -111.791823, 40.685848 ], [ -111.791963, 40.68618 ], [ -111.793824, 40.689127 ], [ -111.797089, 40.692333 ], [ -111.797206, 40.692377 ], [ -111.797552, 40.692477 ], [ -111.800677, 40.691524 ], [ -111.805273, 40.691182 ], [ -111.805633, 40.691184 ], [ -111.808774, 40.689153 ], [ -111.81087, 40.687294 ], [ -111.810956, 40.687216 ], [ -111.811055, 40.687122 ], [ -111.811054, 40.686762 ] ] ] } },
{ "type": "Feature", "properties": { "group_index": 0, "value": 900.0, "center": [ -111.80122205906116, 40.68693570886158 ], "point_id": "F10-6888" }, "geometry": { "type": "Polygon", "coordinates": [ [ [ -111.815899, 40.686893 ], [ -111.814774, 40.685481 ], [ -111.811739, 40.680886 ], [ -111.808156, 40.678748 ], [ -111.806387, 40.677619 ], [ -111.806153, 40.677487 ], [ -111.805793, 40.677487 ], [ -111.800831, 40.677478 ], [ -111.798579, 40.678176 ], [ -111.794283, 40.680511 ], [ -111.791069, 40.68185 ], [ -111.789919, 40.682946 ], [ -111.789772, 40.684117 ], [ -111.788283, 40.689016 ], [ -111.788284, 40.689376 ], [ -111.791226, 40.690837 ], [ -111.7951, 40.69363 ], [ -111.796451, 40.69615 ], [ -111.796811, 40.696148 ], [ -111.799099, 40.694859 ], [ -111.804347, 40.693057 ], [ -111.805662, 40.693416 ], [ -111.806772, 40.693468 ], [ -111.808403, 40.693511 ], [ -111.809146, 40.692975 ], [ -111.81088, 40.691634 ], [ -111.815047, 40.688316 ], [ -111.815899, 40.687253 ], [ -111.815899, 40.686893 ] ] ] } },
{ "type": "Feature", "properties": { "group_index": 0, "value": 300.0, "center": [ -111.93007885541817, 40.5610659478575 ], "point_id": "F18-66016" }, "geometry": { "type": "Polygon", "coordinates": [ [ [ -111.933783, 40.56196 ], [ -111.9335, 40.561636 ], [ -111.929469, 40.558526 ], [ -111.929109, 40.558525 ], [ -111.927729, 40.559395 ], [ -111.926306, 40.56158 ], [ -111.92623, 40.562019 ], [ -111.926278, 40.562139 ], [ -111.929107, 40.564322 ], [ -111.929467, 40.564321 ], [ -111.933396, 40.562615 ], [ -111.933623, 40.562441 ], [ -111.933775, 40.56232 ], [ -111.933783, 40.56196 ] ] ] } },
{ "type": "Feature", "properties": { "group_index": 0, "value": 600.0, "center": [ -111.93007885541817, 40.5610659478575 ], "point_id": "F18-66016" }, "geometry": { "type": "Polygon", "coordinates": [ [ [ -111.938636, 40.561938 ], [ -111.935898, 40.559584 ], [ -111.932104, 40.556381 ], [ -111.931801, 40.556187 ], [ -111.929958, 40.555248 ], [ -111.929333, 40.554949 ], [ -111.928973, 40.55494 ], [ -111.928488, 40.55528 ], [ -111.924311, 40.558461 ], [ -111.921683, 40.560439 ], [ -111.9216, 40.560789 ], [ -111.922337, 40.562016 ], [ -111.922443, 40.562186 ], [ -111.923657, 40.563342 ], [ -111.927289, 40.566545 ], [ -111.928841, 40.567775 ], [ -111.929112, 40.567953 ], [ -111.929472, 40.567953 ], [ -111.930088, 40.567532 ], [ -111.930767, 40.567072 ], [ -111.935768, 40.564296 ], [ -111.936908, 40.56379 ], [ -111.937819, 40.563109 ], [ -111.938528, 40.562552 ], [ -111.938634, 40.562298 ], [ -111.938636, 40.561938 ] ] ] } },
{ "type": "Feature", "properties": { "group_index": 0, "value": 900.0, "center": [ -111.93007885541817, 40.5610659478575 ], "point_id": "F18-66016" }, "geometry": { "type": "Polygon", "coordinates": [ [ [ -111.943626, 40.561962 ], [ -111.943598, 40.560124 ], [ -111.94343, 40.559806 ], [ -111.938165, 40.557666 ], [ -111.936401, 40.55645 ], [ -111.93633, 40.556396 ], [ -111.931852, 40.553059 ], [ -111.930081, 40.551723 ], [ -111.929329, 40.551197 ], [ -111.928969, 40.551198 ], [ -111.928728, 40.5513 ], [ -111.927642, 40.552006 ], [ -111.9257, 40.553651 ], [ -111.923593, 40.555546 ], [ -111.920368, 40.557098 ], [ -111.916945, 40.55943 ], [ -111.916874, 40.559783 ], [ -111.917209, 40.560632 ], [ -111.918236, 40.562481 ], [ -111.918709, 40.563 ], [ -111.920187, 40.564468 ], [ -111.923632, 40.567501 ], [ -111.92784, 40.570786 ], [ -111.928841, 40.57152 ], [ -111.928991, 40.571622 ], [ -111.929167, 40.571711 ], [ -111.929504, 40.571721 ], [ -111.931561, 40.570703 ], [ -111.93249, 40.570096 ], [ -111.934939, 40.567283 ], [ -111.938308, 40.56623 ], [ -111.938668, 40.566223 ], [ -111.940416, 40.565682 ], [ -111.943499, 40.562465 ], [ -111.943626, 40.562322 ], [ -111.943626, 40.561962 ] ] ] } },
{ "type": "Feature", "properties": { "group_index": 0, "value": 300.0, "center": [ -111.92129870117026, 40.758804 ], "point_id": "F10-3839" }, "geometry": { "type": "Polygon", "coordinates": [ [ [ -111.925393, 40.758368 ], [ -111.925187, 40.758207 ], [ -111.92428, 40.757482 ], [ -111.922359, 40.75657 ], [ -111.919742, 40.756083 ], [ -111.919716, 40.756083 ], [ -111.919527, 40.756201 ], [ -111.916811, 40.75828 ], [ -111.91669, 40.758438 ], [ -111.916655, 40.758587 ], [ -111.916654, 40.758699 ], [ -111.916699, 40.758798 ], [ -111.918644, 40.760723 ], [ -111.919516, 40.761637 ], [ -111.920873, 40.762495 ], [ -111.921233, 40.762491 ], [ -111.923198, 40.760978 ], [ -111.923335, 40.76084 ], [ -111.925393, 40.758728 ], [ -111.925393, 40.758368 ] ] ] } },
{ "type": "Feature", "properties": { "group_index": 0, "value": 600.0, "center": [ -111.92129870117026, 40.758804 ], "point_id": "F10-3839" }, "geometry": { "type": "Polygon", "coordinates": [ [ [ -111.93034, 40.758363 ], [ -111.930231, 40.758264 ], [ -111.928748, 40.757117 ], [ -111.928142, 40.756656 ], [ -111.927438, 40.756116 ], [ -111.925758, 40.75486 ], [ -111.924816, 40.754201 ], [ -111.923493, 40.75357 ], [ -111.922478, 40.753228 ], [ -111.919772, 40.752639 ], [ -111.919412, 40.752642 ], [ -111.919303, 40.7527 ], [ -111.91816, 40.75343 ], [ -111.917641, 40.753773 ], [ -111.915392, 40.755515 ], [ -111.914825, 40.755948 ], [ -111.914428, 40.756268 ], [ -111.9138, 40.760381 ], [ -111.913784, 40.760528 ], [ -111.913791, 40.760888 ], [ -111.916539, 40.762984 ], [ -111.916764, 40.763154 ], [ -111.919406, 40.765162 ], [ -111.919632, 40.765325 ], [ -111.919692, 40.765324 ], [ -111.919692, 40.765324 ], [ -111.919752, 40.765323 ], [ -111.924146, 40.764345 ], [ -111.925403, 40.763694 ], [ -111.926433, 40.763119 ], [ -111.930341, 40.758723 ], [ -111.93034, 40.758363 ] ] ] } },
{ "type": "Feature", "properties": { "group_index": 0, "value": 900.0, "center": [ -111.92129870117026, 40.758804 ], "point_id": "F10-3839" }, "geometry": { "type": "Polygon", "coordinates": [ [ [ -111.935285, 40.758335 ], [ -111.932418, 40.755767 ], [ -111.929441, 40.753846 ], [ -111.927328, 40.752171 ], [ -111.925169, 40.750613 ], [ -111.924924, 40.750491 ], [ -111.923613, 40.74989 ], [ -111.921642, 40.749576 ], [ -111.916851, 40.750588 ], [ -111.916634, 40.750756 ], [ -111.911737, 40.753952 ], [ -111.911017, 40.758336 ], [ -111.908274, 40.760385 ], [ -111.908262, 40.760745 ], [ -111.908471, 40.760946 ], [ -111.911693, 40.763552 ], [ -111.913993, 40.765072 ], [ -111.918665, 40.768548 ], [ -111.919502, 40.768941 ], [ -111.919553, 40.76894 ], [ -111.921845, 40.767491 ], [ -111.926164, 40.766459 ], [ -111.928329, 40.765344 ], [ -111.930888, 40.763108 ], [ -111.93314, 40.760925 ], [ -111.935285, 40.758695 ], [ -111.935285, 40.758335 ] ] ] } },
{ "type": "Feature", "properties": { "group_index": 0, "value": 300.0, "center": [ -111.86846115641633, 40.700212352160506 ], "point_id": "F20-81401" }, "geometry": { "type": "Polygon", "coordinates": [ [ [ -111.873055, 40.6998 ], [ -111.87297, 40.699696 ], [ -111.872857, 40.699601 ], [ -111.871921, 40.698889 ], [ -111.871302, 40.698459 ], [ -111.868354, 40.697759 ], [ -111.865437, 40.698559 ], [ -111.865128, 40.698693 ], [ -111.86381, 40.699793 ], [ -111.863811, 40.700153 ], [ -111.865288, 40.701741 ], [ -111.865401, 40.701826 ], [ -111.868059, 40.703824 ], [ -111.86845, 40.704065 ], [ -111.86851, 40.704065 ], [ -111.868596, 40.704001 ], [ -111.871288, 40.701949 ], [ -111.871387, 40.701875 ], [ -111.873056, 40.70016 ], [ -111.873055, 40.6998 ] ] ] } },
{ "type": "Feature", "properties": { "group_index": 0, "value": 600.0, "center": [ -111.86846115641633, 40.700212352160506 ], "point_id": "F20-81401" }, "geometry": { "type": "Polygon", "coordinates": [ [ [ -111.878426, 40.69977 ], [ -111.873729, 40.696545 ], [ -111.872002, 40.695183 ], [ -111.871417, 40.694781 ], [ -111.871057, 40.694779 ], [ -111.865574, 40.694779 ], [ -111.865214, 40.694776 ], [ -111.862657, 40.696869 ], [ -111.859684, 40.699112 ], [ -111.859128, 40.699616 ], [ -111.859014, 40.699721 ], [ -111.859015, 40.700081 ], [ -111.86255, 40.703025 ], [ -111.865028, 40.705339 ], [ -111.868037, 40.707546 ], [ -111.868155, 40.707633 ], [ -111.868515, 40.707632 ], [ -111.869112, 40.707353 ], [ -111.869256, 40.70724 ], [ -111.871276, 40.705696 ], [ -111.874763, 40.703287 ], [ -111.878427, 40.70013 ], [ -111.878426, 40.69977 ] ] ] } },
{ "type": "Feature", "properties": { "group_index": 0, "value": 900.0, "center": [ -111.86846115641633, 40.700212352160506 ], "point_id": "F20-81401" }, "geometry": { "type": "Polygon", "coordinates": [ [ [ -111.88291, 40.69979 ], [ -111.882901, 40.699729 ], [ -111.882856, 40.699681 ], [ -111.882747, 40.699573 ], [ -111.882699, 40.699532 ], [ -111.880004, 40.697819 ], [ -111.87773, 40.695731 ], [ -111.876895, 40.694871 ], [ -111.876806, 40.694794 ], [ -111.875699, 40.69429 ], [ -111.871783, 40.691299 ], [ -111.87166, 40.691204 ], [ -111.871436, 40.691034 ], [ -111.871257, 40.690981 ], [ -111.865647, 40.690892 ], [ -111.865645, 40.690892 ], [ -111.86394, 40.691717 ], [ -111.859827, 40.69513 ], [ -111.858905, 40.695867 ], [ -111.854551, 40.699331 ], [ -111.854154, 40.699628 ], [ -111.85399, 40.699833 ], [ -111.854029, 40.700067 ], [ -111.854043, 40.700115 ], [ -111.855907, 40.701698 ], [ -111.860028, 40.705334 ], [ -111.861881, 40.707203 ], [ -111.86367, 40.708357 ], [ -111.868255, 40.711564 ], [ -111.868615, 40.711565 ], [ -111.872161, 40.708818 ], [ -111.874252, 40.70724 ], [ -111.877634, 40.704852 ], [ -111.880064, 40.702507 ], [ -111.882914, 40.70015 ], [ -111.88291, 40.69979 ] ] ] } },
{ "type": "Feature", "properties": { "group_index": 0, "value": 300.0, "center": [ -111.93979887065153, 41.04092301574279 ], "point_id": "F19-72743" }, "geometry": { "type": "Polygon", "coordinates": [ [ [ -111.944067, 41.040947 ], [ -111.94401, 41.040758 ], [ -111.943502, 41.039619 ], [ -111.942941, 41.039194 ], [ -111.942122, 41.038606 ], [ -111.940972, 41.037923 ], [ -111.940821, 41.037922 ], [ -111.940821, 41.037922 ], [ -111.94067, 41.037921 ], [ -111.938724, 41.038255 ], [ -111.93857, 41.038284 ], [ -111.938222, 41.038375 ], [ -111.938034, 41.038532 ], [ -111.936921, 41.042429 ], [ -111.936935, 41.04258 ], [ -111.937007, 41.042933 ], [ -111.937372, 41.043196 ], [ -111.939328, 41.043851 ], [ -111.942627, 41.043059 ], [ -111.943038, 41.042633 ], [ -111.943258, 41.042348 ], [ -111.943921, 41.041384 ], [ -111.944067, 41.040947 ] ] ] } },
{ "type": "Feature", "properties": { "group_index": 0, "value": 600.0, "center": [ -111.93979887065153, 41.04092301574279 ], "point_id": "F19-72743" }, "geometry": { "type": "Polygon", "coordinates": [ [ [ -111.948198, 41.0428 ], [ -111.948188, 41.042057 ], [ -111.946309, 41.037961 ], [ -111.946134, 41.03778 ], [ -111.942289, 41.034883 ], [ -111.942193, 41.03486 ], [ -111.940101, 41.034369 ], [ -111.939741, 41.034364 ], [ -111.938253, 41.034683 ], [ -111.935862, 41.036349 ], [ -111.933957, 41.037765 ], [ -111.933812, 41.037872 ], [ -111.933687, 41.037989 ], [ -111.9323, 41.043507 ], [ -111.932377, 41.043859 ], [ -111.937223, 41.046285 ], [ -111.937794, 41.046311 ], [ -111.938146, 41.046238 ], [ -111.943966, 41.046087 ], [ -111.944622, 41.045843 ], [ -111.944906, 41.045623 ], [ -111.947992, 41.043246 ], [ -111.948196, 41.043002 ], [ -111.948198, 41.0428 ] ] ] } },
{ "type": "Feature", "properties": { "group_index": 0, "value": 900.0, "center": [ -111.93979887065153, 41.04092301574279 ], "point_id": "F19-72743" }, "geometry": { "type": "Polygon", "coordinates": [ [ [ -111.951875, 41.04532 ], [ -111.951517, 41.042241 ], [ -111.951277, 41.038013 ], [ -111.950928, 41.037806 ], [ -111.946399, 41.034275 ], [ -111.944431, 41.032614 ], [ -111.941893, 41.031421 ], [ -111.940093, 41.031157 ], [ -111.939592, 41.031088 ], [ -111.939234, 41.031057 ], [ -111.936214, 41.031469 ], [ -111.936061, 41.031645 ], [ -111.932869, 41.03473 ], [ -111.93077, 41.036236 ], [ -111.928967, 41.037726 ], [ -111.92883, 41.037848 ], [ -111.928686, 41.043083 ], [ -111.928692, 41.043147 ], [ -111.929116, 41.044458 ], [ -111.929454, 41.045284 ], [ -111.930446, 41.04635 ], [ -111.934883, 41.049359 ], [ -111.938926, 41.04998 ], [ -111.944232, 41.048924 ], [ -111.946019, 41.048689 ], [ -111.947523, 41.048341 ], [ -111.947632, 41.048289 ], [ -111.951668, 41.045749 ], [ -111.951863, 41.045446 ], [ -111.951875, 41.04532 ] ] ] } },
{ "type": "Feature", "properties": { "group_index": 0, "value": 300.0, "center": [ -111.9273459, 40.7757759 ], "point_id": "F10-3846" }, "geometry": { "type": "Polygon", "coordinates": [ [ [ -111.930114, 40.777408 ], [ -111.930071, 40.775519 ], [ -111.929354, 40.775056 ], [ -111.928637, 40.774594 ], [ -111.928514, 40.774514 ], [ -111.927139, 40.773604 ], [ -111.922362, 40.775613 ], [ -111.922362, 40.775973 ], [ -111.925461, 40.778204 ], [ -111.926817, 40.778635 ], [ -111.927177, 40.778635 ], [ -111.927328, 40.778606 ], [ -111.930117, 40.777768 ], [ -111.930114, 40.777408 ] ] ] } },
{ "type": "Feature", "properties": { "group_index": 0, "value": 600.0, "center": [ -111.9273459, 40.7757759 ], "point_id": "F10-3846" }, "geometry": { "type": "Polygon", "coordinates": [ [ [ -111.932967, 40.776513 ], [ -111.932769, 40.776393 ], [ -111.932477, 40.77623 ], [ -111.932191, 40.77607 ], [ -111.931872, 40.775911 ], [ -111.931615, 40.775849 ], [ -111.929354, 40.775056 ], [ -111.927071, 40.771686 ], [ -111.926847, 40.771416 ], [ -111.925566, 40.771039 ], [ -111.925345, 40.771044 ], [ -111.924955, 40.771183 ], [ -111.919722, 40.774042 ], [ -111.918102, 40.775136 ], [ -111.91771, 40.775527 ], [ -111.917691, 40.775692 ], [ -111.917691, 40.776052 ], [ -111.917847, 40.776194 ], [ -111.920489, 40.778205 ], [ -111.920702, 40.778369 ], [ -111.923483, 40.780551 ], [ -111.924603, 40.781399 ], [ -111.924698, 40.781472 ], [ -111.924795, 40.781545 ], [ -111.925034, 40.781682 ], [ -111.925277, 40.781814 ], [ -111.925471, 40.781912 ], [ -111.926877, 40.782485 ], [ -111.926937, 40.782484 ], [ -111.928736, 40.781811 ], [ -111.929823, 40.780992 ], [ -111.934212, 40.778366 ], [ -111.934485, 40.777767 ], [ -111.934613, 40.777431 ], [ -111.932967, 40.776513 ] ] ] } },
{ "type": "Feature", "properties": { "group_index": 0, "value": 900.0, "center": [ -111.9273459, 40.7757759 ], "point_id": "F10-3846" }, "geometry": { "type": "Polygon", "coordinates": [ [ [ -111.937897, 40.776029 ], [ -111.937808, 40.775962 ], [ -111.937489, 40.775961 ], [ -111.937169, 40.775961 ], [ -111.933991, 40.775539 ], [ -111.932252, 40.77152 ], [ -111.932248, 40.77116 ], [ -111.92969, 40.769666 ], [ -111.926197, 40.767637 ], [ -111.925839, 40.767679 ], [ -111.922412, 40.769039 ], [ -111.919731, 40.770295 ], [ -111.919527, 40.770416 ], [ -111.919316, 40.770544 ], [ -111.917797, 40.771503 ], [ -111.915043, 40.773663 ], [ -111.913447, 40.774926 ], [ -111.912762, 40.775553 ], [ -111.912743, 40.775694 ], [ -111.912744, 40.776054 ], [ -111.912898, 40.776199 ], [ -111.913915, 40.776976 ], [ -111.914783, 40.777636 ], [ -111.915339, 40.778058 ], [ -111.915754, 40.778378 ], [ -111.918336, 40.780392 ], [ -111.921681, 40.783717 ], [ -111.922422, 40.784227 ], [ -111.924729, 40.785355 ], [ -111.926345, 40.78611 ], [ -111.926705, 40.786114 ], [ -111.927682, 40.78591 ], [ -111.928715, 40.785557 ], [ -111.931238, 40.784246 ], [ -111.935475, 40.781013 ], [ -111.936586, 40.780299 ], [ -111.937492, 40.779044 ], [ -111.938111, 40.777538 ], [ -111.937897, 40.776029 ] ] ] } },
{ "type": "Feature", "properties": { "group_index": 0, "value": 300.0, "center": [ -112.04094851818049, 41.11104400150211 ], "point_id": "F21-85022" }, "geometry": { "type": "Polygon", "coordinates": [ [ [ -112.045205, 41.111861 ], [ -112.045435, 41.110991 ], [ -112.045446, 41.110631 ], [ -112.04527, 41.110495 ], [ -112.045091, 41.110495 ], [ -112.045091, 41.110495 ], [ -112.044912, 41.110495 ], [ -112.04083, 41.11072 ], [ -112.037774, 41.110717 ], [ -112.036968, 41.110717 ], [ -112.036162, 41.110716 ], [ -112.036161, 41.111076 ], [ -112.037559, 41.11178 ], [ -112.04093, 41.112066 ], [ -112.045145, 41.112032 ], [ -112.045205, 41.111861 ] ] ] } },
{ "type": "Feature", "properties": { "group_index": 0, "value": 600.0, "center": [ -112.04094851818049, 41.11104400150211 ], "point_id": "F21-85022" }, "geometry": { "type": "Polygon", "coordinates": [ [ [ -112.052096, 41.110663 ], [ -112.048388, 41.109087 ], [ -112.045468, 41.10693 ], [ -112.045108, 41.106929 ], [ -112.040654, 41.11 ], [ -112.036968, 41.110717 ], [ -112.031639, 41.109305 ], [ -112.031372, 41.109546 ], [ -112.031132, 41.111108 ], [ -112.031129, 41.111136 ], [ -112.031252, 41.111216 ], [ -112.03346, 41.112572 ], [ -112.036286, 41.113823 ], [ -112.036551, 41.113579 ], [ -112.040822, 41.112045 ], [ -112.042993, 41.114196 ], [ -112.043077, 41.114347 ], [ -112.044991, 41.115326 ], [ -112.045104, 41.115344 ], [ -112.045463, 41.115346 ], [ -112.045569, 41.115315 ], [ -112.04581, 41.115133 ], [ -112.046999, 41.114231 ], [ -112.047821, 41.113612 ], [ -112.052095, 41.111023 ], [ -112.052096, 41.110663 ] ] ] } },
{ "type": "Feature", "properties": { "group_index": 0, "value": 900.0, "center": [ -112.04094851818049, 41.11104400150211 ], "point_id": "F21-85022" }, "geometry": { "type": "Polygon", "coordinates": [ [ [ -112.055667, 41.110406 ], [ -112.050743, 41.1073 ], [ -112.046913, 41.104193 ], [ -112.045901, 41.103458 ], [ -112.045478, 41.103183 ], [ -112.045118, 41.103181 ], [ -112.040807, 41.106237 ], [ -112.039432, 41.107161 ], [ -112.039404, 41.107289 ], [ -112.036306, 41.110716 ], [ -112.032911, 41.110024 ], [ -112.032603, 41.109801 ], [ -112.03176, 41.109017 ], [ -112.031507, 41.108724 ], [ -112.030976, 41.108135 ], [ -112.030445, 41.107546 ], [ -112.029008, 41.106438 ], [ -112.028741, 41.10668 ], [ -112.02691, 41.110582 ], [ -112.026807, 41.110927 ], [ -112.028042, 41.113482 ], [ -112.028209, 41.113801 ], [ -112.032451, 41.114456 ], [ -112.036739, 41.115412 ], [ -112.041591, 41.116465 ], [ -112.043656, 41.118169 ], [ -112.045085, 41.119092 ], [ -112.045445, 41.119092 ], [ -112.045566, 41.119018 ], [ -112.050211, 41.116195 ], [ -112.054443, 41.112307 ], [ -112.055668, 41.110766 ], [ -112.055667, 41.110406 ] ] ] } },
{ "type": "Feature", "properties": { "group_index": 0, "value": 300.0, "center": [ -112.05234534052549, 41.13960721328863 ], "point_id": "F21-87820" }, "geometry": { "type": "Polygon", "coordinates": [ [ [ -112.056958, 41.1397 ], [ -112.056304, 41.138945 ], [ -112.055035, 41.138081 ], [ -112.052761, 41.136611 ], [ -112.050787, 41.137241 ], [ -112.050631, 41.137311 ], [ -112.047708, 41.139206 ], [ -112.047607, 41.139614 ], [ -112.047609, 41.139974 ], [ -112.048355, 41.140829 ], [ -112.048673, 41.140996 ], [ -112.048773, 41.141031 ], [ -112.054566, 41.141714 ], [ -112.054926, 41.141714 ], [ -112.056958, 41.14006 ], [ -112.056958, 41.1397 ] ] ] } },
{ "type": "Feature", "properties": { "group_index": 0, "value": 600.0, "center": [ -112.05234534052549, 41.13960721328863 ], "point_id": "F21-87820" }, "geometry": { "type": "Polygon", "coordinates": [ [ [ -112.061934, 41.139699 ], [ -112.057882, 41.136119 ], [ -112.055065, 41.134333 ], [ -112.05395, 41.134021 ], [ -112.05359, 41.134021 ], [ -112.050145, 41.134728 ], [ -112.044633, 41.136861 ], [ -112.042463, 41.139623 ], [ -112.042464, 41.139983 ], [ -112.046721, 41.14367 ], [ -112.048506, 41.144544 ], [ -112.048589, 41.144543 ], [ -112.048858, 41.144487 ], [ -112.054764, 41.145537 ], [ -112.054807, 41.145517 ], [ -112.055319, 41.14526 ], [ -112.059199, 41.142274 ], [ -112.061881, 41.140194 ], [ -112.061933, 41.140059 ], [ -112.061934, 41.139699 ] ] ] } },
{ "type": "Feature", "properties": { "group_index": 0, "value": 900.0, "center": [ -112.05234534052549, 41.13960721328863 ], "point_id": "F21-87820" }, "geometry": { "type": "Polygon", "coordinates": [ [ [ -112.066983, 41.139873 ], [ -112.066909, 41.139695 ], [ -112.066786, 41.139593 ], [ -112.063819, 41.137239 ], [ -112.062608, 41.136309 ], [ -112.058873, 41.133321 ], [ -112.055049, 41.130584 ], [ -112.054689, 41.130587 ], [ -112.052678, 41.130921 ], [ -112.051989, 41.131456 ], [ -112.050691, 41.132439 ], [ -112.044822, 41.133496 ], [ -112.044463, 41.133519 ], [ -112.041696, 41.136611 ], [ -112.039528, 41.137947 ], [ -112.038672, 41.138471 ], [ -112.037731, 41.139612 ], [ -112.037701, 41.139719 ], [ -112.037702, 41.140079 ], [ -112.038584, 41.140817 ], [ -112.042201, 41.143814 ], [ -112.045188, 41.146045 ], [ -112.047222, 41.147319 ], [ -112.049278, 41.14802 ], [ -112.054557, 41.14894 ], [ -112.054917, 41.148938 ], [ -112.055019, 41.148936 ], [ -112.057878, 41.147231 ], [ -112.060783, 41.144998 ], [ -112.063266, 41.143518 ], [ -112.064984, 41.141986 ], [ -112.065091, 41.14188 ], [ -112.066908, 41.140055 ], [ -112.066984, 41.139953 ], [ -112.066983, 41.139873 ] ] ] } },
{ "type": "Feature", "properties": { "group_index": 0, "value": 300.0, "center": [ -112.02655596496855, 41.15507804240841 ], "point_id": "F16-52283" }, "geometry": { "type": "Polygon", "coordinates": [ [ [ -112.029974, 41.154254 ], [ -112.029197, 41.153384 ], [ -112.026411, 41.151638 ], [ -112.026051, 41.151636 ], [ -112.025882, 41.151749 ], [ -112.025295, 41.155549 ], [ -112.025009, 41.157588 ], [ -112.025011, 41.157892 ], [ -112.025688, 41.158401 ], [ -112.026029, 41.158613 ], [ -112.026208, 41.158701 ], [ -112.026331, 41.158702 ], [ -112.026814, 41.15835 ], [ -112.029976, 41.154614 ], [ -112.029974, 41.154254 ] ] ] } },
{ "type": "Feature", "properties": { "group_index": 0, "value": 600.0, "center": [ -112.02655596496855, 41.15507804240841 ], "point_id": "F16-52283" }, "geometry": { "type": "Polygon", "coordinates": [ [ [ -112.034952, 41.15425 ], [ -112.034268, 41.153531 ], [ -112.03085, 41.151022 ], [ -112.029224, 41.149853 ], [ -112.027061, 41.148395 ], [ -112.026426, 41.147997 ], [ -112.026066, 41.147994 ], [ -112.02589, 41.148004 ], [ -112.025894, 41.14832 ], [ -112.025898, 41.148636 ], [ -112.025589, 41.154036 ], [ -112.024512, 41.158045 ], [ -112.024745, 41.16089 ], [ -112.024921, 41.161768 ], [ -112.026202, 41.162465 ], [ -112.02629, 41.162465 ], [ -112.030164, 41.159823 ], [ -112.032968, 41.156217 ], [ -112.03486, 41.154696 ], [ -112.034951, 41.15461 ], [ -112.034952, 41.15425 ] ] ] } },
{ "type": "Feature", "properties": { "group_index": 0, "value": 900.0, "center": [ -112.02655596496855, 41.15507804240841 ], "point_id": "F16-52283" }, "geometry": { "type": "Polygon", "coordinates": [ [ [ -112.039912, 41.154229 ], [ -112.035907, 41.150985 ], [ -112.032647, 41.148595 ], [ -112.029801, 41.146223 ], [ -112.026423, 41.144254 ], [ -112.026063, 41.144253 ], [ -112.025883, 41.144256 ], [ -112.02589, 41.145446 ], [ -112.025896, 41.146637 ], [ -112.02589, 41.148004 ], [ -112.025894, 41.14832 ], [ -112.025898, 41.148636 ], [ -112.025589, 41.154036 ], [ -112.025411, 41.155055 ], [ -112.025295, 41.155549 ], [ -112.024512, 41.158045 ], [ -112.02058, 41.161114 ], [ -112.020273, 41.161301 ], [ -112.020337, 41.161408 ], [ -112.020426, 41.161509 ], [ -112.023835, 41.165217 ], [ -112.025657, 41.166024 ], [ -112.026022, 41.166094 ], [ -112.026382, 41.166089 ], [ -112.02735, 41.16553 ], [ -112.027518, 41.165405 ], [ -112.030335, 41.163251 ], [ -112.032172, 41.161855 ], [ -112.033676, 41.160738 ], [ -112.034573, 41.159953 ], [ -112.035258, 41.158897 ], [ -112.039573, 41.15492 ], [ -112.039915, 41.154589 ], [ -112.039912, 41.154229 ] ] ] } },
{ "type": "Feature", "properties": { "group_index": 0, "value": 300.0, "center": [ -111.94113291185715, 40.523842643292085 ], "point_id": "F10-28144" }, "geometry": { "type": "Polygon", "coordinates": [ [ [ -111.945255, 40.524239 ], [ -111.944911, 40.522923 ], [ -111.944389, 40.522359 ], [ -111.944299, 40.52227 ], [ -111.943909, 40.521989 ], [ -111.94303, 40.521359 ], [ -111.941481, 40.520326 ], [ -111.941049, 40.520382 ], [ -111.938795, 40.521684 ], [ -111.93834, 40.521978 ], [ -111.937003, 40.523048 ], [ -111.936952, 40.523536 ], [ -111.938404, 40.524974 ], [ -111.938759, 40.525245 ], [ -111.939119, 40.525263 ], [ -111.943487, 40.525626 ], [ -111.943709, 40.525626 ], [ -111.943931, 40.525626 ], [ -111.943932, 40.525626 ], [ -111.943992, 40.525625 ], [ -111.945082, 40.524756 ], [ -111.945168, 40.524679 ], [ -111.945255, 40.524599 ], [ -111.945255, 40.524239 ] ] ] } },
{ "type": "Feature", "properties": { "group_index": 0, "value": 600.0, "center": [ -111.94113291185715, 40.523842643292085 ], "point_id": "F10-28144" }, "geometry": { "type": "Polygon", "coordinates": [ [ [ -111.949226, 40.522596 ], [ -111.949229, 40.522236 ], [ -111.949088, 40.520343 ], [ -111.943559, 40.518091 ], [ -111.941451, 40.51666 ], [ -111.941183, 40.51652 ], [ -111.941001, 40.516517 ], [ -111.938468, 40.517963 ], [ -111.937502, 40.518595 ], [ -111.933349, 40.521972 ], [ -111.933173, 40.522111 ], [ -111.933046, 40.522249 ], [ -111.933045, 40.522609 ], [ -111.934638, 40.526152 ], [ -111.937057, 40.528089 ], [ -111.938724, 40.529207 ], [ -111.939084, 40.529201 ], [ -111.943858, 40.529166 ], [ -111.944218, 40.529161 ], [ -111.946143, 40.527732 ], [ -111.947267, 40.526877 ], [ -111.948331, 40.525848 ], [ -111.949226, 40.522596 ] ] ] } },
{ "type": "Feature", "properties": { "group_index": 0, "value": 900.0, "center": [ -111.94113291185715, 40.523842643292085 ], "point_id": "F10-28144" }, "geometry": { "type": "Polygon", "coordinates": [ [ [ -111.954161, 40.522397 ], [ -111.954155, 40.522309 ], [ -111.953958, 40.522046 ], [ -111.95097, 40.519069 ], [ -111.949322, 40.51805 ], [ -111.944836, 40.514522 ], [ -111.943041, 40.513532 ], [ -111.942893, 40.513469 ], [ -111.941237, 40.512754 ], [ -111.941191, 40.512773 ], [ -111.938428, 40.514295 ], [ -111.935705, 40.515883 ], [ -111.932777, 40.518423 ], [ -111.929746, 40.520392 ], [ -111.928247, 40.522077 ], [ -111.928104, 40.522272 ], [ -111.928094, 40.522632 ], [ -111.930086, 40.524431 ], [ -111.932487, 40.526362 ], [ -111.93403, 40.529859 ], [ -111.938347, 40.532521 ], [ -111.938545, 40.53264 ], [ -111.938716, 40.532706 ], [ -111.939076, 40.532714 ], [ -111.944589, 40.532731 ], [ -111.944949, 40.532729 ], [ -111.945042, 40.532725 ], [ -111.945148, 40.532651 ], [ -111.945795, 40.532193 ], [ -111.949443, 40.529431 ], [ -111.949545, 40.529355 ], [ -111.950096, 40.528735 ], [ -111.9494, 40.527759 ], [ -111.953307, 40.523281 ], [ -111.953556, 40.52328 ], [ -111.954162, 40.522757 ], [ -111.954161, 40.522397 ] ] ] } },
{ "type": "Feature", "properties": { "group_index": 0, "value": 300.0, "center": [ -111.9395852010071, 40.78223663455695 ], "point_id": "F16-50356" }, "geometry": { "type": "Polygon", "coordinates": [ [ [ -111.942246, 40.78054 ], [ -111.942251, 40.78025 ], [ -111.942251, 40.780219 ], [ -111.942128, 40.78007 ], [ -111.93998, 40.778433 ], [ -111.939441, 40.778423 ], [ -111.939053, 40.778629 ], [ -111.937243, 40.779941 ], [ -111.936372, 40.781464 ], [ -111.936366, 40.781715 ], [ -111.936359, 40.781966 ], [ -111.936585, 40.783688 ], [ -111.936807, 40.783971 ], [ -111.937274, 40.78443 ], [ -111.93902, 40.785704 ], [ -111.939393, 40.785982 ], [ -111.939753, 40.785985 ], [ -111.940185, 40.785706 ], [ -111.941201, 40.78494 ], [ -111.942246, 40.78054 ] ] ] } },
{ "type": "Feature", "properties": { "group_index": 0, "value": 600.0, "center": [ -111.9395852010071, 40.78223663455695 ], "point_id": "F16-50356" }, "geometry": { "type": "Polygon", "coordinates": [ [ [ -111.947142, 40.780613 ], [ -111.947162, 40.780515 ], [ -111.947147, 40.780357 ], [ -111.947127, 40.780157 ], [ -111.94598, 40.779226 ], [ -111.944236, 40.777902 ], [ -111.943804, 40.7776 ], [ -111.941593, 40.776043 ], [ -111.941318, 40.775856 ], [ -111.939741, 40.774761 ], [ -111.93967, 40.77475 ], [ -111.93931, 40.774754 ], [ -111.939127, 40.77488 ], [ -111.935009, 40.777615 ], [ -111.932407, 40.779945 ], [ -111.932336, 40.780019 ], [ -111.932287, 40.780099 ], [ -111.932287, 40.780459 ], [ -111.933127, 40.782939 ], [ -111.935614, 40.786851 ], [ -111.936473, 40.787807 ], [ -111.93907, 40.78984 ], [ -111.93943, 40.789854 ], [ -111.939596, 40.789757 ], [ -111.940538, 40.789129 ], [ -111.943847, 40.78675 ], [ -111.946151, 40.784944 ], [ -111.947142, 40.780613 ] ] ] } },
{ "type": "Feature", "properties": { "group_index": 0, "value": 900.0, "center": [ -111.9395852010071, 40.78223663455695 ], "point_id": "F16-50356" }, "geometry": { "type": "Polygon", "coordinates": [ [ [ -111.951114, 40.784641 ], [ -111.951112, 40.78454 ], [ -111.95095, 40.784466 ], [ -111.947679, 40.781087 ], [ -111.948131, 40.778887 ], [ -111.948143, 40.77825 ], [ -111.947959, 40.77697 ], [ -111.946757, 40.775984 ], [ -111.946303, 40.775725 ], [ -111.942064, 40.772838 ], [ -111.941117, 40.772015 ], [ -111.940461, 40.771541 ], [ -111.940354, 40.771465 ], [ -111.940041, 40.771247 ], [ -111.93966, 40.771009 ], [ -111.9393, 40.771017 ], [ -111.939092, 40.771045 ], [ -111.934933, 40.773549 ], [ -111.930706, 40.775794 ], [ -111.928846, 40.77742 ], [ -111.927341, 40.780105 ], [ -111.927344, 40.780465 ], [ -111.928266, 40.782652 ], [ -111.928346, 40.782735 ], [ -111.929459, 40.783538 ], [ -111.932314, 40.787925 ], [ -111.934216, 40.790261 ], [ -111.938828, 40.7932 ], [ -111.939285, 40.793586 ], [ -111.939463, 40.793583 ], [ -111.93968, 40.793515 ], [ -111.94458, 40.790484 ], [ -111.948129, 40.788177 ], [ -111.9511, 40.784937 ], [ -111.951114, 40.784641 ] ] ] } },
{ "type": "Feature", "properties": { "group_index": 0, "value": 300.0, "center": [ -111.96060475243083, 40.668103015437296 ], "point_id": "F20-77020" }, "geometry": { "type": "Polygon", "coordinates": [ [ [ -111.965071, 40.667545 ], [ -111.96492, 40.667428 ], [ -111.96472, 40.667277 ], [ -111.964527, 40.667175 ], [ -111.960358, 40.665112 ], [ -111.959998, 40.665109 ], [ -111.958189, 40.666376 ], [ -111.957696, 40.666746 ], [ -111.95688, 40.667369 ], [ -111.956727, 40.667536 ], [ -111.95671, 40.667573 ], [ -111.95671, 40.667933 ], [ -111.957274, 40.668455 ], [ -111.957849, 40.668901 ], [ -111.958974, 40.669479 ], [ -111.962057, 40.669819 ], [ -111.962417, 40.669826 ], [ -111.962532, 40.669759 ], [ -111.963707, 40.668964 ], [ -111.964794, 40.668171 ], [ -111.965072, 40.667905 ], [ -111.965071, 40.667545 ] ] ] } },
{ "type": "Feature", "properties": { "group_index": 0, "value": 600.0, "center": [ -111.96060475243083, 40.668103015437296 ], "point_id": "F20-77020" }, "geometry": { "type": "Polygon", "coordinates": [ [ [ -111.970039, 40.667545 ], [ -111.969713, 40.667265 ], [ -111.96804, 40.665805 ], [ -111.966707, 40.664613 ], [ -111.964616, 40.663424 ], [ -111.964256, 40.663425 ], [ -111.958769, 40.663008 ], [ -111.958091, 40.662745 ], [ -111.958024, 40.662745 ], [ -111.956964, 40.663421 ], [ -111.954044, 40.665649 ], [ -111.951955, 40.667286 ], [ -111.951798, 40.667609 ], [ -111.951807, 40.667969 ], [ -111.953953, 40.669972 ], [ -111.95422, 40.670214 ], [ -111.957275, 40.672354 ], [ -111.957982, 40.672697 ], [ -111.958342, 40.672697 ], [ -111.962352, 40.670801 ], [ -111.967368, 40.669817 ], [ -111.96766, 40.669657 ], [ -111.968046, 40.669447 ], [ -111.970039, 40.667905 ], [ -111.970039, 40.667545 ] ] ] } },
{ "type": "Feature", "properties": { "group_index": 0, "value": 900.0, "center": [ -111.96060475243083, 40.668103015437296 ], "point_id": "F20-77020" }, "geometry": { "type": "Polygon", "coordinates": [ [ [ -111.974943, 40.667537 ], [ -111.974801, 40.6674 ], [ -111.97257, 40.665517 ], [ -111.968192, 40.66221 ], [ -111.967508, 40.661752 ], [ -111.962962, 40.660114 ], [ -111.962613, 40.660027 ], [ -111.958269, 40.659114 ], [ -111.957909, 40.659118 ], [ -111.953375, 40.661186 ], [ -111.953378, 40.661848 ], [ -111.953381, 40.662511 ], [ -111.948742, 40.666162 ], [ -111.948382, 40.666174 ], [ -111.947081, 40.667322 ], [ -111.946982, 40.667453 ], [ -111.946905, 40.667805 ], [ -111.946969, 40.667955 ], [ -111.948459, 40.669182 ], [ -111.948468, 40.669188 ], [ -111.948781, 40.66914 ], [ -111.953911, 40.67111 ], [ -111.953551, 40.673402 ], [ -111.953511, 40.673523 ], [ -111.953504, 40.673653 ], [ -111.957606, 40.67621 ], [ -111.957799, 40.676308 ], [ -111.958159, 40.676306 ], [ -111.959464, 40.67567 ], [ -111.959709, 40.67545 ], [ -111.959804, 40.675368 ], [ -111.960231, 40.674598 ], [ -111.965218, 40.671931 ], [ -111.966054, 40.672611 ], [ -111.96721, 40.673453 ], [ -111.967424, 40.6736 ], [ -111.967467, 40.673579 ], [ -111.970524, 40.671782 ], [ -111.973889, 40.669883 ], [ -111.974058, 40.669565 ], [ -111.974943, 40.667897 ], [ -111.974943, 40.667537 ] ] ] } },
{ "type": "Feature", "properties": { "group_index": 0, "value": 300.0, "center": [ -111.98976194432738, 40.65364171514012 ], "point_id": "F18-60235" }, "geometry": { "type": "Polygon", "coordinates": [ [ [ -111.993902, 40.653293 ], [ -111.992103, 40.651759 ], [ -111.98961, 40.650242 ], [ -111.989509, 40.65022 ], [ -111.989149, 40.650221 ], [ -111.989081, 40.650246 ], [ -111.988969, 40.650314 ], [ -111.987823, 40.651136 ], [ -111.986758, 40.651966 ], [ -111.985629, 40.653019 ], [ -111.985522, 40.653142 ], [ -111.985262, 40.653603 ], [ -111.985263, 40.653963 ], [ -111.987043, 40.655509 ], [ -111.988455, 40.65624 ], [ -111.992077, 40.656407 ], [ -111.992579, 40.65638 ], [ -111.992762, 40.656342 ], [ -111.994001, 40.65364 ], [ -111.993902, 40.653293 ] ] ] } },
{ "type": "Feature", "properties": { "group_index": 0, "value": 600.0, "center": [ -111.98976194432738, 40.65364171514012 ], "point_id": "F18-60235" }, "geometry": { "type": "Polygon", "coordinates": [ [ [ -111.998101, 40.653091 ], [ -111.998101, 40.652731 ], [ -111.997959, 40.65258 ], [ -111.997051, 40.651763 ], [ -111.994105, 40.649619 ], [ -111.992999, 40.648836 ], [ -111.988076, 40.647564 ], [ -111.987716, 40.647562 ], [ -111.986891, 40.64781 ], [ -111.983858, 40.65041 ], [ -111.980782, 40.652956 ], [ -111.980632, 40.653402 ], [ -111.983363, 40.656505 ], [ -111.985295, 40.658015 ], [ -111.986312, 40.658751 ], [ -111.986744, 40.659036 ], [ -111.986887, 40.659077 ], [ -111.991457, 40.659758 ], [ -111.991624, 40.659735 ], [ -111.993287, 40.6591 ], [ -111.995752, 40.657992 ], [ -111.995829, 40.657949 ], [ -111.997384, 40.65659 ], [ -111.997453, 40.656481 ], [ -111.998101, 40.653091 ] ] ] } },
{ "type": "Feature", "properties": { "group_index": 0, "value": 900.0, "center": [ -111.98976194432738, 40.65364171514012 ], "point_id": "F18-60235" }, "geometry": { "type": "Polygon", "coordinates": [ [ [ -112.003188, 40.653113 ], [ -112.003191, 40.652753 ], [ -112.001245, 40.651105 ], [ -111.99935, 40.649716 ], [ -111.995365, 40.646844 ], [ -111.994238, 40.645977 ], [ -111.993196, 40.645245 ], [ -111.993002, 40.645144 ], [ -111.992642, 40.645143 ], [ -111.98689, 40.644516 ], [ -111.986814, 40.644506 ], [ -111.986454, 40.644509 ], [ -111.98613, 40.644698 ], [ -111.98398, 40.646689 ], [ -111.980924, 40.649475 ], [ -111.977181, 40.652042 ], [ -111.976034, 40.652761 ], [ -111.975864, 40.652896 ], [ -111.975825, 40.653028 ], [ -111.975826, 40.653388 ], [ -111.976779, 40.654106 ], [ -111.976906, 40.654198 ], [ -111.977266, 40.654195 ], [ -111.977341, 40.654181 ], [ -111.982893, 40.656376 ], [ -111.984022, 40.660409 ], [ -111.984021, 40.660769 ], [ -111.985101, 40.661605 ], [ -111.986735, 40.662782 ], [ -111.986877, 40.662821 ], [ -111.990806, 40.663346 ], [ -111.991166, 40.663347 ], [ -111.996528, 40.661006 ], [ -111.99784, 40.660126 ], [ -111.998764, 40.659403 ], [ -111.999744, 40.658635 ], [ -112.000615, 40.657936 ], [ -112.002323, 40.65659 ], [ -112.002406, 40.65649 ], [ -112.003188, 40.653113 ] ] ] } },
{ "type": "Feature", "properties": { "group_index": 0, "value": 300.0, "center": [ -111.9694493753584, 41.06142845084852 ], "point_id": "F10-27207" }, "geometry": { "type": "Polygon", "coordinates": [ [ [ -111.972993, 41.06025 ], [ -111.97291, 41.06007 ], [ -111.97117, 41.059417 ], [ -111.967408, 41.058583 ], [ -111.967244, 41.058669 ], [ -111.966221, 41.05989 ], [ -111.966045, 41.060122 ], [ -111.96604, 41.060482 ], [ -111.970083, 41.064368 ], [ -111.970344, 41.064644 ], [ -111.970514, 41.064813 ], [ -111.970684, 41.064982 ], [ -111.970938, 41.064728 ], [ -111.972993, 41.060323 ], [ -111.972993, 41.06025 ] ] ] } },
{ "type": "Feature", "properties": { "group_index": 0, "value": 600.0, "center": [ -111.9694493753584, 41.06142845084852 ], "point_id": "F10-27207" }, "geometry": { "type": "Polygon", "coordinates": [ [ [ -111.977871, 41.060078 ], [ -111.977655, 41.059904 ], [ -111.972752, 41.057163 ], [ -111.970602, 41.056312 ], [ -111.969742, 41.0561 ], [ -111.964755, 41.056424 ], [ -111.964116, 41.056462 ], [ -111.963829, 41.056679 ], [ -111.961274, 41.059802 ], [ -111.961113, 41.060051 ], [ -111.961103, 41.060411 ], [ -111.961496, 41.060651 ], [ -111.961856, 41.060636 ], [ -111.966831, 41.063413 ], [ -111.967139, 41.063599 ], [ -111.970921, 41.065225 ], [ -111.972523, 41.067617 ], [ -111.973076, 41.067757 ], [ -111.973736, 41.067882 ], [ -111.973986, 41.067622 ], [ -111.974183, 41.06729 ], [ -111.974489, 41.066473 ], [ -111.975212, 41.064725 ], [ -111.977865, 41.060438 ], [ -111.977871, 41.060078 ] ] ] } },
{ "type": "Feature", "properties": { "group_index": 0, "value": 900.0, "center": [ -111.9694493753584, 41.06142845084852 ], "point_id": "F10-27207" }, "geometry": { "type": "Polygon", "coordinates": [ [ [ -111.982948, 41.060244 ], [ -111.982947, 41.060224 ], [ -111.982945, 41.0602 ], [ -111.982659, 41.059908 ], [ -111.980837, 41.059906 ], [ -111.976144, 41.056706 ], [ -111.974936, 41.054628 ], [ -111.972869, 41.053211 ], [ -111.971565, 41.053039 ], [ -111.971552, 41.053044 ], [ -111.971552, 41.053044 ], [ -111.971451, 41.053081 ], [ -111.967018, 41.05453 ], [ -111.96657, 41.054743 ], [ -111.962457, 41.055905 ], [ -111.960401, 41.055907 ], [ -111.960068, 41.055933 ], [ -111.959736, 41.05596 ], [ -111.959468, 41.056177 ], [ -111.956144, 41.05999 ], [ -111.956123, 41.060503 ], [ -111.957022, 41.06115 ], [ -111.961034, 41.063946 ], [ -111.964945, 41.066787 ], [ -111.965259, 41.066963 ], [ -111.967191, 41.066927 ], [ -111.969511, 41.067141 ], [ -111.97356, 41.069831 ], [ -111.974266, 41.070709 ], [ -111.974334, 41.070756 ], [ -111.976924, 41.070662 ], [ -111.976961, 41.070642 ], [ -111.976966, 41.070639 ], [ -111.97721, 41.070495 ], [ -111.978788, 41.067771 ], [ -111.978872, 41.067545 ], [ -111.978874, 41.067185 ], [ -111.980557, 41.062563 ], [ -111.9817, 41.061514 ], [ -111.982885, 41.060467 ], [ -111.982944, 41.060422 ], [ -111.982948, 41.060244 ] ] ] } },
{ "type": "Feature", "properties": { "group_index": 0, "value": 300.0, "center": [ -111.88122566217943, 40.905657521588125 ], "point_id": "F13-35534" }, "geometry": { "type": "Polygon", "coordinates": [ [ [ -111.885028, 40.906313 ], [ -111.882384, 40.904257 ], [ -111.881909, 40.903965 ], [ -111.879311, 40.903509 ], [ -111.878951, 40.903509 ], [ -111.878157, 40.903995 ], [ -111.87754, 40.905235 ], [ -111.877292, 40.906327 ], [ -111.877293, 40.906687 ], [ -111.877378, 40.906757 ], [ -111.878938, 40.907913 ], [ -111.881566, 40.908561 ], [ -111.881926, 40.90856 ], [ -111.883971, 40.907626 ], [ -111.885028, 40.906673 ], [ -111.885028, 40.906313 ] ] ] } },
{ "type": "Feature", "properties": { "group_index": 0, "value": 600.0, "center": [ -111.88122566217943, 40.905657521588125 ], "point_id": "F13-35534" }, "geometry": { "type": "Polygon", "coordinates": [ [ [ -111.890042, 40.906476 ], [ -111.889942, 40.906355 ], [ -111.886304, 40.903311 ], [ -111.885885, 40.903037 ], [ -111.885766, 40.902972 ], [ -111.885655, 40.902915 ], [ -111.885474, 40.902877 ], [ -111.88053, 40.900854 ], [ -111.879282, 40.899761 ], [ -111.878922, 40.899762 ], [ -111.87837, 40.899782 ], [ -111.878188, 40.899839 ], [ -111.875135, 40.902601 ], [ -111.873221, 40.904069 ], [ -111.872339, 40.906333 ], [ -111.872334, 40.906372 ], [ -111.872332, 40.906693 ], [ -111.872419, 40.906767 ], [ -111.874033, 40.90806 ], [ -111.876402, 40.909836 ], [ -111.877302, 40.910527 ], [ -111.878298, 40.911299 ], [ -111.87891, 40.911679 ], [ -111.87927, 40.911697 ], [ -111.879788, 40.911357 ], [ -111.885254, 40.9102 ], [ -111.885614, 40.910205 ], [ -111.88649, 40.909756 ], [ -111.889317, 40.907362 ], [ -111.889938, 40.906715 ], [ -111.890042, 40.906535 ], [ -111.890042, 40.906476 ] ] ] } },
{ "type": "Feature", "properties": { "group_index": 0, "value": 900.0, "center": [ -111.88122566217943, 40.905657521588125 ], "point_id": "F13-35534" }, "geometry": { "type": "Polygon", "coordinates": [ [ [ -111.894886, 40.906368 ], [ -111.893447, 40.905089 ], [ -111.890551, 40.902687 ], [ -111.88629, 40.899535 ], [ -111.886055, 40.899364 ], [ -111.885677, 40.899146 ], [ -111.880434, 40.896615 ], [ -111.879387, 40.896058 ], [ -111.8793, 40.896028 ], [ -111.87894, 40.896025 ], [ -111.87689, 40.896919 ], [ -111.873765, 40.899634 ], [ -111.869502, 40.903025 ], [ -111.867379, 40.906312 ], [ -111.86738, 40.906672 ], [ -111.867461, 40.906753 ], [ -111.86892, 40.908102 ], [ -111.871304, 40.910063 ], [ -111.871587, 40.910285 ], [ -111.875158, 40.912866 ], [ -111.878893, 40.915381 ], [ -111.879253, 40.915382 ], [ -111.880105, 40.914778 ], [ -111.885257, 40.913946 ], [ -111.885617, 40.913951 ], [ -111.885708, 40.913897 ], [ -111.885838, 40.913814 ], [ -111.886494, 40.913367 ], [ -111.88659, 40.913293 ], [ -111.890966, 40.909644 ], [ -111.893407, 40.907831 ], [ -111.893531, 40.907743 ], [ -111.89473, 40.906887 ], [ -111.894883, 40.906728 ], [ -111.894886, 40.906368 ] ] ] } },
{ "type": "Feature", "properties": { "group_index": 0, "value": 300.0, "center": [ -111.82145590386081, 40.71139572557652 ], "point_id": "F18-60734" }, "geometry": { "type": "Polygon", "coordinates": [ [ [ -111.82617, 40.711788 ], [ -111.825871, 40.710667 ], [ -111.824878, 40.709911 ], [ -111.824534, 40.709697 ], [ -111.824174, 40.709694 ], [ -111.821741, 40.709647 ], [ -111.821381, 40.709647 ], [ -111.81969, 40.711131 ], [ -111.819691, 40.711491 ], [ -111.819922, 40.712345 ], [ -111.821484, 40.712638 ], [ -111.823429, 40.713018 ], [ -111.824412, 40.713177 ], [ -111.825, 40.713002 ], [ -111.82617, 40.712148 ], [ -111.82617, 40.711788 ] ] ] } },
{ "type": "Feature", "properties": { "group_index": 0, "value": 600.0, "center": [ -111.82145590386081, 40.71139572557652 ], "point_id": "F18-60734" }, "geometry": { "type": "Polygon", "coordinates": [ [ [ -111.830607, 40.710856 ], [ -111.830607, 40.710496 ], [ -111.826186, 40.707148 ], [ -111.824624, 40.706022 ], [ -111.824516, 40.705957 ], [ -111.824156, 40.705958 ], [ -111.819059, 40.707717 ], [ -111.818437, 40.708008 ], [ -111.815766, 40.710121 ], [ -111.814699, 40.711174 ], [ -111.814699, 40.711182 ], [ -111.814699, 40.711182 ], [ -111.814699, 40.71119 ], [ -111.814813, 40.711501 ], [ -111.815482, 40.712675 ], [ -111.815692, 40.712637 ], [ -111.821484, 40.712638 ], [ -111.823429, 40.713018 ], [ -111.828119, 40.714453 ], [ -111.828442, 40.714564 ], [ -111.828766, 40.714674 ], [ -111.830046, 40.712912 ], [ -111.830607, 40.710856 ] ] ] } },
{ "type": "Feature", "properties": { "group_index": 0, "value": 900.0, "center": [ -111.82145590386081, 40.71139572557652 ], "point_id": "F18-60734" }, "geometry": { "type": "Polygon", "coordinates": [ [ [ -111.834988, 40.71254 ], [ -111.834257, 40.709602 ], [ -111.834128, 40.70942 ], [ -111.829697, 40.70611 ], [ -111.827046, 40.70408 ], [ -111.824855, 40.702397 ], [ -111.824534, 40.702214 ], [ -111.824174, 40.702208 ], [ -111.818996, 40.704133 ], [ -111.814629, 40.706648 ], [ -111.811286, 40.709171 ], [ -111.81094, 40.711206 ], [ -111.810791, 40.712686 ], [ -111.810879, 40.713249 ], [ -111.811111, 40.713297 ], [ -111.812646, 40.713411 ], [ -111.812921, 40.713426 ], [ -111.813303, 40.713365 ], [ -111.814392, 40.713212 ], [ -111.814671, 40.713162 ], [ -111.814942, 40.713114 ], [ -111.815103, 40.713061 ], [ -111.821018, 40.712538 ], [ -111.821484, 40.712638 ], [ -111.823429, 40.713018 ], [ -111.828119, 40.714453 ], [ -111.828442, 40.714564 ], [ -111.82845, 40.714567 ], [ -111.828766, 40.714674 ], [ -111.828794, 40.714684 ], [ -111.833089, 40.716034 ], [ -111.833352, 40.716112 ], [ -111.833615, 40.71619 ], [ -111.834991, 40.7129 ], [ -111.834988, 40.71254 ] ] ] } },
{ "type": "Feature", "properties": { "group_index": 0, "value": 300.0, "center": [ -111.88812155304639, 40.92231208479972 ], "point_id": "F18-66298" }, "geometry": { "type": "Polygon", "coordinates": [ [ [ -111.892306, 40.921468 ], [ -111.892223, 40.921362 ], [ -111.889787, 40.919374 ], [ -111.888763, 40.918865 ], [ -111.888739, 40.918865 ], [ -111.886851, 40.918999 ], [ -111.884171, 40.921189 ], [ -111.88403, 40.921326 ], [ -111.883967, 40.921448 ], [ -111.883969, 40.921808 ], [ -111.885521, 40.923174 ], [ -111.887638, 40.924221 ], [ -111.890432, 40.925404 ], [ -111.89079, 40.925363 ], [ -111.892305, 40.921828 ], [ -111.892306, 40.921468 ] ] ] } },
{ "type": "Feature", "properties": { "group_index": 0, "value": 600.0, "center": [ -111.88812155304639, 40.92231208479972 ], "point_id": "F18-66298" }, "geometry": { "type": "Polygon", "coordinates": [ [ [ -111.897185, 40.921332 ], [ -111.896944, 40.921014 ], [ -111.896584, 40.921011 ], [ -111.894748, 40.921328 ], [ -111.890665, 40.917356 ], [ -111.890906, 40.916381 ], [ -111.890917, 40.91605 ], [ -111.88712, 40.915545 ], [ -111.88676, 40.915544 ], [ -111.88563, 40.916142 ], [ -111.884448, 40.917133 ], [ -111.880701, 40.920034 ], [ -111.879069, 40.921328 ], [ -111.879012, 40.921455 ], [ -111.878938, 40.921704 ], [ -111.878934, 40.921802 ], [ -111.882666, 40.924797 ], [ -111.885134, 40.926661 ], [ -111.885487, 40.926846 ], [ -111.890716, 40.929186 ], [ -111.890968, 40.929069 ], [ -111.890981, 40.928374 ], [ -111.890994, 40.927679 ], [ -111.890978, 40.927209 ], [ -111.890962, 40.926748 ], [ -111.890926, 40.926371 ], [ -111.890891, 40.926005 ], [ -111.89508, 40.921763 ], [ -111.895314, 40.921776 ], [ -111.895557, 40.92179 ], [ -111.896727, 40.921918 ], [ -111.897087, 40.921924 ], [ -111.897182, 40.921692 ], [ -111.897185, 40.921332 ] ] ] } },
{ "type": "Feature", "properties": { "group_index": 0, "value": 900.0, "center": [ -111.88812155304639, 40.92231208479972 ], "point_id": "F18-66298" }, "geometry": { "type": "Polygon", "coordinates": [ [ [ -111.901042, 40.923125 ], [ -111.901302, 40.921829 ], [ -111.901364, 40.92152 ], [ -111.901462, 40.921009 ], [ -111.901561, 40.920497 ], [ -111.900326, 40.919403 ], [ -111.900007, 40.919236 ], [ -111.897099, 40.917558 ], [ -111.896739, 40.917555 ], [ -111.894523, 40.918739 ], [ -111.890917, 40.91605 ], [ -111.89075, 40.914668 ], [ -111.890753, 40.914182 ], [ -111.890756, 40.913622 ], [ -111.890946, 40.912362 ], [ -111.890947, 40.912298 ], [ -111.890783, 40.912182 ], [ -111.890698, 40.912174 ], [ -111.885476, 40.912635 ], [ -111.883469, 40.913881 ], [ -111.878878, 40.917682 ], [ -111.878566, 40.917871 ], [ -111.87542, 40.92016 ], [ -111.874186, 40.921231 ], [ -111.874112, 40.921312 ], [ -111.874062, 40.921383 ], [ -111.87406, 40.921743 ], [ -111.875194, 40.922991 ], [ -111.877895, 40.925106 ], [ -111.878877, 40.92567 ], [ -111.882994, 40.929373 ], [ -111.88545, 40.930588 ], [ -111.890475, 40.932776 ], [ -111.890568, 40.93278 ], [ -111.890928, 40.932784 ], [ -111.890935, 40.932115 ], [ -111.890942, 40.931446 ], [ -111.890955, 40.930266 ], [ -111.890968, 40.929086 ], [ -111.890968, 40.929069 ], [ -111.890981, 40.928383 ], [ -111.890981, 40.928374 ], [ -111.890994, 40.927679 ], [ -111.895273, 40.92463 ], [ -111.896687, 40.925664 ], [ -111.897047, 40.925671 ], [ -111.900781, 40.924421 ], [ -111.901042, 40.923125 ] ] ] } },
{ "type": "Feature", "properties": { "group_index": 0, "value": 300.0, "center": [ -111.96380856496975, 41.19769871686145 ], "point_id": "F10-3485" }, "geometry": { "type": "Polygon", "coordinates": [ [ [ -111.96879, 41.197603 ], [ -111.966242, 41.195586 ], [ -111.964299, 41.194123 ], [ -111.963939, 41.194112 ], [ -111.963148, 41.194354 ], [ -111.96283, 41.194544 ], [ -111.962742, 41.194608 ], [ -111.958831, 41.197468 ], [ -111.958827, 41.197828 ], [ -111.961602, 41.199619 ], [ -111.964479, 41.200767 ], [ -111.964839, 41.200774 ], [ -111.968254, 41.198589 ], [ -111.968784, 41.197963 ], [ -111.96879, 41.197603 ] ] ] } },
{ "type": "Feature", "properties": { "group_index": 0, "value": 600.0, "center": [ -111.96380856496975, 41.19769871686145 ], "point_id": "F10-3485" }, "geometry": { "type": "Polygon", "coordinates": [ [ [ -111.973929, 41.197672 ], [ -111.973694, 41.197399 ], [ -111.972672, 41.196654 ], [ -111.9687, 41.193659 ], [ -111.96565, 41.191215 ], [ -111.964382, 41.190329 ], [ -111.964019, 41.190327 ], [ -111.963234, 41.190607 ], [ -111.960418, 41.192573 ], [ -111.955534, 41.195522 ], [ -111.953851, 41.197457 ], [ -111.953848, 41.197817 ], [ -111.956077, 41.19974 ], [ -111.956801, 41.200248 ], [ -111.957161, 41.200252 ], [ -111.960919, 41.200383 ], [ -111.964333, 41.203467 ], [ -111.965102, 41.204011 ], [ -111.965462, 41.20402 ], [ -111.966179, 41.203747 ], [ -111.96838, 41.201985 ], [ -111.971122, 41.20006 ], [ -111.971345, 41.199916 ], [ -111.971945, 41.199529 ], [ -111.973607, 41.198212 ], [ -111.973888, 41.197949 ], [ -111.973891, 41.197946 ], [ -111.973929, 41.197672 ] ] ] } },
{ "type": "Feature", "properties": { "group_index": 0, "value": 900.0, "center": [ -111.96380856496975, 41.19769871686145 ], "point_id": "F10-3485" }, "geometry": { "type": "Polygon", "coordinates": [ [ [ -111.978888, 41.197864 ], [ -111.976938, 41.194876 ], [ -111.976911, 41.194837 ], [ -111.976663, 41.194576 ], [ -111.971463, 41.19188 ], [ -111.969455, 41.190365 ], [ -111.969127, 41.190117 ], [ -111.967176, 41.188673 ], [ -111.96582, 41.187705 ], [ -111.963061, 41.187353 ], [ -111.962701, 41.187343 ], [ -111.959772, 41.18843 ], [ -111.958917, 41.189113 ], [ -111.954223, 41.192768 ], [ -111.950927, 41.195673 ], [ -111.948876, 41.1974 ], [ -111.948721, 41.19755 ], [ -111.94872, 41.197573 ], [ -111.94872, 41.197576 ], [ -111.948719, 41.197598 ], [ -111.948865, 41.197759 ], [ -111.949155, 41.198057 ], [ -111.951096, 41.199674 ], [ -111.953852, 41.201825 ], [ -111.956596, 41.203945 ], [ -111.956716, 41.203993 ], [ -111.962135, 41.206165 ], [ -111.964838, 41.207678 ], [ -111.965013, 41.207758 ], [ -111.965373, 41.207767 ], [ -111.966094, 41.207428 ], [ -111.96755, 41.206274 ], [ -111.971482, 41.203605 ], [ -111.974512, 41.201548 ], [ -111.977671, 41.198974 ], [ -111.978744, 41.198062 ], [ -111.978886, 41.197894 ], [ -111.978888, 41.197864 ] ] ] } },
{ "type": "Feature", "properties": { "group_index": 0, "value": 300.0, "center": [ -111.952768636593, 40.787155105373145 ], "point_id": "F10-3597" }, "geometry": { "type": "Polygon", "coordinates": [ [ [ -111.953743, 40.790006 ], [ -111.95374, 40.784165 ], [ -111.953735, 40.783961 ], [ -111.953375, 40.78397 ], [ -111.95228, 40.784705 ], [ -111.951084, 40.786841 ], [ -111.950969, 40.788 ], [ -111.950967, 40.78836 ], [ -111.95098, 40.788533 ], [ -111.952095, 40.789443 ], [ -111.952997, 40.790158 ], [ -111.953385, 40.790275 ], [ -111.953745, 40.790272 ], [ -111.953743, 40.790006 ] ] ] } },
{ "type": "Feature", "properties": { "group_index": 0, "value": 600.0, "center": [ -111.952768636593, 40.787155105373145 ], "point_id": "F10-3597" }, "geometry": { "type": "Polygon", "coordinates": [ [ [ -111.955991, 40.782277 ], [ -111.953731, 40.780219 ], [ -111.953371, 40.780218 ], [ -111.94979, 40.782405 ], [ -111.947533, 40.784585 ], [ -111.947533, 40.784945 ], [ -111.950155, 40.788681 ], [ -111.949947, 40.791137 ], [ -111.949948, 40.791461 ], [ -111.950751, 40.792212 ], [ -111.952835, 40.793768 ], [ -111.953391, 40.794021 ], [ -111.953751, 40.79402 ], [ -111.95375, 40.793838 ], [ -111.95375, 40.793655 ], [ -111.953745, 40.790272 ], [ -111.953743, 40.790006 ], [ -111.953874, 40.787275 ], [ -111.957411, 40.783788 ], [ -111.955991, 40.782277 ] ] ] } },
{ "type": "Feature", "properties": { "group_index": 0, "value": 900.0, "center": [ -111.952768636593, 40.787155105373145 ], "point_id": "F10-3597" }, "geometry": { "type": "Polygon", "coordinates": [ [ [ -111.95512, 40.795003 ], [ -111.953745, 40.790272 ], [ -111.953743, 40.790006 ], [ -111.953826, 40.787982 ], [ -111.957411, 40.783788 ], [ -111.957141, 40.779008 ], [ -111.953721, 40.776468 ], [ -111.953361, 40.776474 ], [ -111.953095, 40.776558 ], [ -111.949988, 40.778674 ], [ -111.949988, 40.778691 ], [ -111.950061, 40.780023 ], [ -111.945426, 40.782765 ], [ -111.945066, 40.782767 ], [ -111.941973, 40.784464 ], [ -111.941972, 40.784824 ], [ -111.94496, 40.78675 ], [ -111.945056, 40.786811 ], [ -111.945235, 40.786872 ], [ -111.945262, 40.786872 ], [ -111.9454, 40.786812 ], [ -111.950155, 40.788681 ], [ -111.949947, 40.791137 ], [ -111.949837, 40.792 ], [ -111.949839, 40.792163 ], [ -111.949841, 40.792325 ], [ -111.949843, 40.792494 ], [ -111.949987, 40.795104 ], [ -111.949989, 40.795464 ], [ -111.953231, 40.797687 ], [ -111.953395, 40.797767 ], [ -111.953755, 40.797769 ], [ -111.954303, 40.797411 ], [ -111.9547, 40.797061 ], [ -111.95512, 40.795003 ] ] ] } },
{ "type": "Feature", "properties": { "group_index": 0, "value": 300.0, "center": [ -111.6694911, 40.247425 ], "point_id": "F10-1209" }, "geometry": { "type": "Polygon", "coordinates": [ [ [ -111.673099, 40.245779 ], [ -111.671109, 40.244617 ], [ -111.669521, 40.244151 ], [ -111.669021, 40.244165 ], [ -111.667412, 40.245023 ], [ -111.666181, 40.24582 ], [ -111.66596, 40.246104 ], [ -111.665956, 40.246208 ], [ -111.66596, 40.246341 ], [ -111.667078, 40.248618 ], [ -111.667446, 40.248822 ], [ -111.667806, 40.248823 ], [ -111.673042, 40.24644 ], [ -111.673109, 40.246365 ], [ -111.673248, 40.24618 ], [ -111.673387, 40.245995 ], [ -111.673099, 40.245779 ] ] ] } },
{ "type": "Feature", "properties": { "group_index": 0, "value": 600.0, "center": [ -111.6694911, 40.247425 ], "point_id": "F10-1209" }, "geometry": { "type": "Polygon", "coordinates": [ [ [ -111.678028, 40.245954 ], [ -111.676442, 40.243869 ], [ -111.673102, 40.242223 ], [ -111.671138, 40.240873 ], [ -111.669158, 40.240328 ], [ -111.669076, 40.240335 ], [ -111.66429, 40.243022 ], [ -111.662959, 40.244029 ], [ -111.66272, 40.244236 ], [ -111.661572, 40.246412 ], [ -111.661571, 40.246772 ], [ -111.664442, 40.250533 ], [ -111.664946, 40.250923 ], [ -111.665011, 40.250971 ], [ -111.665221, 40.251093 ], [ -111.667335, 40.252229 ], [ -111.668545, 40.252416 ], [ -111.668699, 40.252406 ], [ -111.669939, 40.251709 ], [ -111.673817, 40.249608 ], [ -111.677464, 40.2468 ], [ -111.678033, 40.246314 ], [ -111.678028, 40.245954 ] ] ] } },
{ "type": "Feature", "properties": { "group_index": 0, "value": 900.0, "center": [ -111.6694911, 40.247425 ], "point_id": "F10-1209" }, "geometry": { "type": "Polygon", "coordinates": [ [ [ -111.681361, 40.244418 ], [ -111.680955, 40.243003 ], [ -111.680815, 40.242671 ], [ -111.680422, 40.242506 ], [ -111.675765, 40.240343 ], [ -111.67352, 40.238853 ], [ -111.672775, 40.238326 ], [ -111.67132, 40.237206 ], [ -111.671168, 40.237125 ], [ -111.670872, 40.237087 ], [ -111.667682, 40.237504 ], [ -111.667501, 40.237565 ], [ -111.667221, 40.237712 ], [ -111.666439, 40.238175 ], [ -111.661726, 40.241019 ], [ -111.659356, 40.24297 ], [ -111.658552, 40.243645 ], [ -111.658038, 40.244078 ], [ -111.657834, 40.24427 ], [ -111.656766, 40.2464 ], [ -111.656766, 40.24676 ], [ -111.659663, 40.250654 ], [ -111.65995, 40.25092 ], [ -111.661152, 40.251926 ], [ -111.661947, 40.252576 ], [ -111.665725, 40.255432 ], [ -111.668121, 40.255505 ], [ -111.671128, 40.255587 ], [ -111.671497, 40.255427 ], [ -111.673518, 40.254264 ], [ -111.673716, 40.254142 ], [ -111.673943, 40.253862 ], [ -111.678275, 40.249876 ], [ -111.680818, 40.246225 ], [ -111.681354, 40.244778 ], [ -111.681361, 40.244418 ] ] ] } },
{ "type": "Feature", "properties": { "group_index": 0, "value": 300.0, "center": [ -111.93882156730601, 40.732079859539716 ], "point_id": "F20-78580" }, "geometry": { "type": "Polygon", "coordinates": [ [ [ -111.942684, 40.73286 ], [ -111.939573, 40.728754 ], [ -111.939477, 40.728639 ], [ -111.938995, 40.728332 ], [ -111.938635, 40.728333 ], [ -111.938211, 40.728387 ], [ -111.937285, 40.729364 ], [ -111.934947, 40.73285 ], [ -111.934948, 40.73321 ], [ -111.936118, 40.734091 ], [ -111.936492, 40.734355 ], [ -111.938715, 40.735835 ], [ -111.939075, 40.735835 ], [ -111.940102, 40.735077 ], [ -111.942684, 40.73322 ], [ -111.942684, 40.73286 ] ] ] } },
{ "type": "Feature", "properties": { "group_index": 0, "value": 600.0, "center": [ -111.93882156730601, 40.732079859539716 ], "point_id": "F20-78580" }, "geometry": { "type": "Polygon", "coordinates": [ [ [ -111.947373, 40.732957 ], [ -111.944335, 40.728564 ], [ -111.94225, 40.727005 ], [ -111.939439, 40.724698 ], [ -111.938908, 40.724474 ], [ -111.938548, 40.724474 ], [ -111.936127, 40.725842 ], [ -111.936115, 40.726202 ], [ -111.937285, 40.729364 ], [ -111.931602, 40.730983 ], [ -111.931515, 40.73092 ], [ -111.931241, 40.731153 ], [ -111.930158, 40.732747 ], [ -111.930103, 40.732902 ], [ -111.930124, 40.733261 ], [ -111.930266, 40.733389 ], [ -111.931835, 40.734756 ], [ -111.932031, 40.734754 ], [ -111.932227, 40.734751 ], [ -111.935138, 40.735228 ], [ -111.938717, 40.73956 ], [ -111.939077, 40.739564 ], [ -111.939724, 40.739317 ], [ -111.942874, 40.736702 ], [ -111.944949, 40.735116 ], [ -111.947373, 40.733317 ], [ -111.947373, 40.732957 ] ] ] } },
{ "type": "Feature", "properties": { "group_index": 0, "value": 900.0, "center": [ -111.93882156730601, 40.732079859539716 ], "point_id": "F20-78580" }, "geometry": { "type": "Polygon", "coordinates": [ [ [ -111.952318, 40.732946 ], [ -111.948574, 40.729102 ], [ -111.945904, 40.726011 ], [ -111.944651, 40.725919 ], [ -111.944415, 40.725889 ], [ -111.940225, 40.721765 ], [ -111.938849, 40.720744 ], [ -111.938811, 40.720726 ], [ -111.937859, 40.721078 ], [ -111.933648, 40.724525 ], [ -111.932141, 40.725449 ], [ -111.928568, 40.727828 ], [ -111.928307, 40.728076 ], [ -111.925356, 40.733018 ], [ -111.925148, 40.733186 ], [ -111.925169, 40.733546 ], [ -111.925248, 40.733798 ], [ -111.929161, 40.736443 ], [ -111.929342, 40.736562 ], [ -111.929702, 40.736556 ], [ -111.9304, 40.736135 ], [ -111.934939, 40.735904 ], [ -111.935185, 40.740158 ], [ -111.935185, 40.740518 ], [ -111.936804, 40.74196 ], [ -111.938643, 40.743298 ], [ -111.939003, 40.743305 ], [ -111.939203, 40.743242 ], [ -111.94353, 40.74158 ], [ -111.946357, 40.737886 ], [ -111.948744, 40.735997 ], [ -111.950327, 40.734782 ], [ -111.952194, 40.733409 ], [ -111.952318, 40.733306 ], [ -111.952318, 40.732946 ] ] ] } },
{ "type": "Feature", "properties": { "group_index": 0, "value": 300.0, "center": [ -111.89136613571557, 40.89147739729262 ], "point_id": "F21-87020" }, "geometry": { "type": "Polygon", "coordinates": [ [ [ -111.895053, 40.890289 ], [ -111.89356, 40.88906 ], [ -111.89335, 40.888882 ], [ -111.892421, 40.888305 ], [ -111.892273, 40.888251 ], [ -111.891861, 40.888249 ], [ -111.891545, 40.888414 ], [ -111.886556, 40.891212 ], [ -111.886415, 40.891339 ], [ -111.88642, 40.891699 ], [ -111.887427, 40.892438 ], [ -111.891992, 40.894755 ], [ -111.892021, 40.894755 ], [ -111.892278, 40.894657 ], [ -111.89288, 40.894324 ], [ -111.893547, 40.893767 ], [ -111.893744, 40.893594 ], [ -111.895489, 40.891468 ], [ -111.895053, 40.890289 ] ] ] } },
{ "type": "Feature", "properties": { "group_index": 0, "value": 600.0, "center": [ -111.89136613571557, 40.89147739729262 ], "point_id": "F21-87020" }, "geometry": { "type": "Polygon", "coordinates": [ [ [ -111.898107, 40.893574 ], [ -111.895798, 40.888449 ], [ -111.895806, 40.887204 ], [ -111.895764, 40.886981 ], [ -111.89451, 40.885864 ], [ -111.89397, 40.885488 ], [ -111.892432, 40.884538 ], [ -111.892261, 40.884494 ], [ -111.891998, 40.884465 ], [ -111.891901, 40.884492 ], [ -111.891685, 40.884624 ], [ -111.889951, 40.88581 ], [ -111.885575, 40.888261 ], [ -111.884361, 40.889129 ], [ -111.882904, 40.890241 ], [ -111.882828, 40.890298 ], [ -111.881603, 40.891227 ], [ -111.881528, 40.891295 ], [ -111.881529, 40.891655 ], [ -111.882722, 40.892691 ], [ -111.885316, 40.894682 ], [ -111.885532, 40.894765 ], [ -111.887958, 40.895669 ], [ -111.891014, 40.898121 ], [ -111.891796, 40.898449 ], [ -111.892156, 40.898465 ], [ -111.892535, 40.898242 ], [ -111.892875, 40.897803 ], [ -111.894983, 40.894975 ], [ -111.898118, 40.893933 ], [ -111.898107, 40.893574 ] ] ] } },
{ "type": "Feature", "properties": { "group_index": 0, "value": 900.0, "center": [ -111.89136613571557, 40.89147739729262 ], "point_id": "F21-87020" }, "geometry": { "type": "Polygon", "coordinates": [ [ [ -111.903078, 40.893909 ], [ -111.902858, 40.893749 ], [ -111.902205, 40.893256 ], [ -111.901845, 40.893257 ], [ -111.900835, 40.893233 ], [ -111.900197, 40.893194 ], [ -111.89979, 40.893132 ], [ -111.895931, 40.890018 ], [ -111.895798, 40.888449 ], [ -111.897202, 40.884457 ], [ -111.897291, 40.884323 ], [ -111.897187, 40.884098 ], [ -111.895717, 40.882977 ], [ -111.892903, 40.881163 ], [ -111.892556, 40.880942 ], [ -111.892403, 40.880846 ], [ -111.89228, 40.880777 ], [ -111.892099, 40.880693 ], [ -111.891879, 40.880694 ], [ -111.888021, 40.883547 ], [ -111.885578, 40.884473 ], [ -111.884728, 40.885086 ], [ -111.881993, 40.887034 ], [ -111.879217, 40.88918 ], [ -111.877915, 40.890188 ], [ -111.877836, 40.890254 ], [ -111.876572, 40.891305 ], [ -111.876572, 40.891665 ], [ -111.878083, 40.893031 ], [ -111.879008, 40.893777 ], [ -111.879182, 40.893912 ], [ -111.879581, 40.894197 ], [ -111.881147, 40.895147 ], [ -111.885308, 40.898341 ], [ -111.885429, 40.898427 ], [ -111.885535, 40.898496 ], [ -111.89015, 40.901356 ], [ -111.890258, 40.90139 ], [ -111.890605, 40.901488 ], [ -111.892489, 40.899518 ], [ -111.89353, 40.898153 ], [ -111.894983, 40.894975 ], [ -111.900048, 40.894932 ], [ -111.900729, 40.895404 ], [ -111.901109, 40.895425 ], [ -111.901227, 40.895425 ], [ -111.903077, 40.894269 ], [ -111.903078, 40.893909 ] ] ] } },
{ "type": "Feature", "properties": { "group_index": 0, "value": 300.0, "center": [ -111.87344077424758, 40.88728074650416 ], "point_id": "F10-15363" }, "geometry": { "type": "Polygon", "coordinates": [ [ [ -111.878489, 40.887275 ], [ -111.878361, 40.887079 ], [ -111.877024, 40.886022 ], [ -111.874464, 40.884113 ], [ -111.874203, 40.884113 ], [ -111.873942, 40.884114 ], [ -111.873942, 40.884114 ], [ -111.873681, 40.884115 ], [ -111.87342, 40.884116 ], [ -111.872489, 40.88421 ], [ -111.872311, 40.88427 ], [ -111.871891, 40.8845 ], [ -111.870726, 40.885251 ], [ -111.868844, 40.886556 ], [ -111.868555, 40.88677 ], [ -111.868548, 40.88678 ], [ -111.868627, 40.887045 ], [ -111.86896, 40.887597 ], [ -111.871781, 40.889943 ], [ -111.872202, 40.890216 ], [ -111.872312, 40.890279 ], [ -111.873658, 40.890666 ], [ -111.874041, 40.890683 ], [ -111.874129, 40.890683 ], [ -111.8743, 40.890561 ], [ -111.875492, 40.889642 ], [ -111.8769, 40.888593 ], [ -111.878334, 40.887489 ], [ -111.878377, 40.887439 ], [ -111.878491, 40.887285 ], [ -111.878489, 40.887275 ] ] ] } },
{ "type": "Feature", "properties": { "group_index": 0, "value": 600.0, "center": [ -111.87344077424758, 40.88728074650416 ], "point_id": "F10-15363" }, "geometry": { "type": "Polygon", "coordinates": [ [ [ -111.883281, 40.887107 ], [ -111.883242, 40.887039 ], [ -111.881312, 40.885435 ], [ -111.876636, 40.881881 ], [ -111.873165, 40.880614 ], [ -111.872817, 40.880521 ], [ -111.872749, 40.880522 ], [ -111.872153, 40.880814 ], [ -111.870461, 40.881784 ], [ -111.866425, 40.884136 ], [ -111.866344, 40.884207 ], [ -111.866345, 40.884567 ], [ -111.866801, 40.889759 ], [ -111.868938, 40.891635 ], [ -111.872099, 40.894067 ], [ -111.872331, 40.894093 ], [ -111.874683, 40.894001 ], [ -111.874803, 40.893951 ], [ -111.876512, 40.892644 ], [ -111.880325, 40.889912 ], [ -111.883282, 40.887467 ], [ -111.883281, 40.887107 ] ] ] } },
{ "type": "Feature", "properties": { "group_index": 0, "value": 900.0, "center": [ -111.87344077424758, 40.88728074650416 ], "point_id": "F10-15363" }, "geometry": { "type": "Polygon", "coordinates": [ [ [ -111.887325, 40.88631 ], [ -111.887297, 40.886251 ], [ -111.884259, 40.883868 ], [ -111.880751, 40.881165 ], [ -111.879403, 40.880267 ], [ -111.878486, 40.879654 ], [ -111.874381, 40.87701 ], [ -111.874054, 40.876861 ], [ -111.873761, 40.876978 ], [ -111.871813, 40.87779 ], [ -111.870636, 40.878294 ], [ -111.868347, 40.879302 ], [ -111.8677, 40.879602 ], [ -111.864426, 40.881208 ], [ -111.860862, 40.884222 ], [ -111.860865, 40.884582 ], [ -111.862055, 40.889064 ], [ -111.86229, 40.889683 ], [ -111.862786, 40.890601 ], [ -111.864592, 40.892364 ], [ -111.869082, 40.89587 ], [ -111.872036, 40.897624 ], [ -111.872216, 40.89771 ], [ -111.872323, 40.897727 ], [ -111.872683, 40.897726 ], [ -111.876943, 40.896591 ], [ -111.881154, 40.893124 ], [ -111.882229, 40.892248 ], [ -111.885573, 40.889613 ], [ -111.885643, 40.889554 ], [ -111.885699, 40.889489 ], [ -111.885939, 40.889194 ], [ -111.887323, 40.88667 ], [ -111.887325, 40.88631 ] ] ] } },
{ "type": "Feature", "properties": { "group_index": 0, "value": 300.0, "center": [ -111.86004201803134, 40.687925167658534 ], "point_id": "F10-3671" }, "geometry": { "type": "Polygon", "coordinates": [ [ [ -111.863832, 40.686982 ], [ -111.859898, 40.684075 ], [ -111.859538, 40.684074 ], [ -111.85684, 40.686207 ], [ -111.856049, 40.686993 ], [ -111.856054, 40.687353 ], [ -111.857614, 40.690106 ], [ -111.858383, 40.690684 ], [ -111.859513, 40.691474 ], [ -111.859616, 40.691503 ], [ -111.859976, 40.691504 ], [ -111.861327, 40.690557 ], [ -111.862273, 40.6899 ], [ -111.863832, 40.687342 ], [ -111.863832, 40.686982 ] ] ] } },
{ "type": "Feature", "properties": { "group_index": 0, "value": 600.0, "center": [ -111.86004201803134, 40.687925167658534 ], "point_id": "F10-3671" }, "geometry": { "type": "Polygon", "coordinates": [ [ [ -111.868817, 40.686984 ], [ -111.865706, 40.684696 ], [ -111.865608, 40.684622 ], [ -111.861309, 40.68176 ], [ -111.859997, 40.680607 ], [ -111.859637, 40.680609 ], [ -111.858369, 40.68096 ], [ -111.853928, 40.68473 ], [ -111.851362, 40.686795 ], [ -111.851125, 40.687005 ], [ -111.850959, 40.687186 ], [ -111.850959, 40.687197 ], [ -111.853042, 40.690126 ], [ -111.854011, 40.691173 ], [ -111.855615, 40.69252 ], [ -111.856739, 40.693325 ], [ -111.859602, 40.695249 ], [ -111.859962, 40.695252 ], [ -111.863153, 40.693243 ], [ -111.864641, 40.692027 ], [ -111.867612, 40.688395 ], [ -111.868818, 40.687344 ], [ -111.868817, 40.686984 ] ] ] } },
{ "type": "Feature", "properties": { "group_index": 0, "value": 900.0, "center": [ -111.86004201803134, 40.687925167658534 ], "point_id": "F10-3671" }, "geometry": { "type": "Polygon", "coordinates": [ [ [ -111.873596, 40.686994 ], [ -111.87348, 40.686878 ], [ -111.87134, 40.68517 ], [ -111.866836, 40.681751 ], [ -111.865596, 40.680706 ], [ -111.861874, 40.678506 ], [ -111.860507, 40.676803 ], [ -111.86002, 40.676515 ], [ -111.85966, 40.676514 ], [ -111.858468, 40.677045 ], [ -111.857002, 40.678589 ], [ -111.853753, 40.680817 ], [ -111.850318, 40.683629 ], [ -111.846311, 40.686906 ], [ -111.846184, 40.687017 ], [ -111.846183, 40.687377 ], [ -111.846227, 40.687419 ], [ -111.848218, 40.688874 ], [ -111.850751, 40.69303 ], [ -111.852079, 40.693992 ], [ -111.85253, 40.694301 ], [ -111.857029, 40.697389 ], [ -111.859028, 40.698754 ], [ -111.859684, 40.699052 ], [ -111.860044, 40.699054 ], [ -111.860546, 40.698796 ], [ -111.862719, 40.697046 ], [ -111.865756, 40.694948 ], [ -111.867329, 40.693784 ], [ -111.869411, 40.69138 ], [ -111.873495, 40.687558 ], [ -111.873597, 40.687354 ], [ -111.873596, 40.686994 ] ] ] } },
{ "type": "Feature", "properties": { "group_index": 0, "value": 300.0, "center": [ -111.93798287092284, 40.5428714326134 ], "point_id": "F17-56859" }, "geometry": { "type": "Polygon", "coordinates": [ [ [ -111.941265, 40.543826 ], [ -111.940188, 40.540569 ], [ -111.939073, 40.539159 ], [ -111.938713, 40.539159 ], [ -111.937906, 40.53973 ], [ -111.93689, 40.540559 ], [ -111.936802, 40.540633 ], [ -111.936726, 40.540718 ], [ -111.936686, 40.540837 ], [ -111.935617, 40.543876 ], [ -111.93561, 40.544236 ], [ -111.936453, 40.545061 ], [ -111.938337, 40.546087 ], [ -111.938499, 40.546122 ], [ -111.938697, 40.546088 ], [ -111.938843, 40.546018 ], [ -111.941141, 40.544326 ], [ -111.94126, 40.544196 ], [ -111.941265, 40.544186 ], [ -111.941265, 40.543826 ] ] ] } },
{ "type": "Feature", "properties": { "group_index": 0, "value": 600.0, "center": [ -111.93798287092284, 40.5428714326134 ], "point_id": "F17-56859" }, "geometry": { "type": "Polygon", "coordinates": [ [ [ -111.946324, 40.544108 ], [ -111.94619, 40.543846 ], [ -111.945212, 40.543111 ], [ -111.942714, 40.541993 ], [ -111.94104, 40.537984 ], [ -111.940302, 40.536803 ], [ -111.938816, 40.535775 ], [ -111.938715, 40.53577 ], [ -111.938355, 40.535768 ], [ -111.936759, 40.53676 ], [ -111.93514, 40.537866 ], [ -111.93514, 40.538226 ], [ -111.934642, 40.541399 ], [ -111.930919, 40.543714 ], [ -111.930497, 40.54384 ], [ -111.930487, 40.5442 ], [ -111.931575, 40.54503 ], [ -111.9361, 40.548402 ], [ -111.938295, 40.550015 ], [ -111.938655, 40.550017 ], [ -111.942999, 40.546823 ], [ -111.946323, 40.544468 ], [ -111.946324, 40.544108 ] ] ] } },
{ "type": "Feature", "properties": { "group_index": 0, "value": 900.0, "center": [ -111.93798287092284, 40.5428714326134 ], "point_id": "F17-56859" }, "geometry": { "type": "Polygon", "coordinates": [ [ [ -111.951065, 40.543765 ], [ -111.950385, 40.54225 ], [ -111.950291, 40.54212 ], [ -111.94905, 40.541093 ], [ -111.945034, 40.536705 ], [ -111.94266, 40.534941 ], [ -111.940417, 40.532652 ], [ -111.938841, 40.53202 ], [ -111.938729, 40.53202 ], [ -111.938344, 40.532061 ], [ -111.936681, 40.533024 ], [ -111.934034, 40.535023 ], [ -111.934449, 40.537029 ], [ -111.934407, 40.537975 ], [ -111.93054, 40.541809 ], [ -111.92935, 40.541391 ], [ -111.92899, 40.541391 ], [ -111.924372, 40.54408 ], [ -111.924264, 40.544152 ], [ -111.924267, 40.544512 ], [ -111.929121, 40.546868 ], [ -111.929481, 40.546869 ], [ -111.930267, 40.546551 ], [ -111.93275, 40.545261 ], [ -111.9361, 40.548402 ], [ -111.9361, 40.548906 ], [ -111.93585, 40.550017 ], [ -111.936812, 40.552281 ], [ -111.937769, 40.553094 ], [ -111.938324, 40.55345 ], [ -111.938511, 40.553502 ], [ -111.938871, 40.553502 ], [ -111.939333, 40.553201 ], [ -111.939501, 40.553074 ], [ -111.940297, 40.552483 ], [ -111.941705, 40.551432 ], [ -111.945419, 40.548291 ], [ -111.947024, 40.548003 ], [ -111.947383, 40.547976 ], [ -111.947917, 40.547468 ], [ -111.950667, 40.544756 ], [ -111.950718, 40.544693 ], [ -111.951002, 40.544296 ], [ -111.951066, 40.544125 ], [ -111.951065, 40.543765 ] ] ] } },
{ "type": "Feature", "properties": { "group_index": 0, "value": 300.0, "center": [ -111.83444366847135, 40.65372908236184 ], "point_id": "F19-72228" }, "geometry": { "type": "Polygon", "coordinates": [ [ [ -111.838418, 40.653245 ], [ -111.838192, 40.652331 ], [ -111.835703, 40.650337 ], [ -111.835279, 40.650274 ], [ -111.83492, 40.650249 ], [ -111.834627, 40.650303 ], [ -111.832464, 40.651877 ], [ -111.831795, 40.654841 ], [ -111.834501, 40.657255 ], [ -111.83486, 40.657267 ], [ -111.835333, 40.656971 ], [ -111.836783, 40.656087 ], [ -111.838415, 40.653605 ], [ -111.838418, 40.653245 ] ] ] } },
{ "type": "Feature", "properties": { "group_index": 0, "value": 600.0, "center": [ -111.83444366847135, 40.65372908236184 ], "point_id": "F19-72228" }, "geometry": { "type": "Polygon", "coordinates": [ [ [ -111.843079, 40.652247 ], [ -111.838993, 40.648996 ], [ -111.837395, 40.647781 ], [ -111.835038, 40.646555 ], [ -111.834678, 40.646552 ], [ -111.831981, 40.647997 ], [ -111.827396, 40.651556 ], [ -111.827433, 40.651793 ], [ -111.827469, 40.65203 ], [ -111.827522, 40.652181 ], [ -111.829205, 40.656707 ], [ -111.829386, 40.65698 ], [ -111.830646, 40.65809 ], [ -111.834347, 40.66055 ], [ -111.834531, 40.660654 ], [ -111.835693, 40.661093 ], [ -111.835942, 40.660833 ], [ -111.84038, 40.656969 ], [ -111.841611, 40.656124 ], [ -111.843269, 40.652553 ], [ -111.843079, 40.652247 ] ] ] } },
{ "type": "Feature", "properties": { "group_index": 0, "value": 900.0, "center": [ -111.83444366847135, 40.65372908236184 ], "point_id": "F19-72228" }, "geometry": { "type": "Polygon", "coordinates": [ [ [ -111.847716, 40.652922 ], [ -111.847716, 40.652562 ], [ -111.846353, 40.650981 ], [ -111.843884, 40.648895 ], [ -111.840617, 40.646397 ], [ -111.83565, 40.643171 ], [ -111.835171, 40.64287 ], [ -111.835081, 40.64282 ], [ -111.834721, 40.642816 ], [ -111.834663, 40.642818 ], [ -111.833426, 40.643455 ], [ -111.829499, 40.64636 ], [ -111.82815, 40.646693 ], [ -111.827802, 40.646786 ], [ -111.824454, 40.650267 ], [ -111.82222, 40.651846 ], [ -111.822233, 40.652206 ], [ -111.824108, 40.653942 ], [ -111.827593, 40.657531 ], [ -111.830398, 40.661157 ], [ -111.832429, 40.662672 ], [ -111.836569, 40.663908 ], [ -111.838629, 40.663867 ], [ -111.83892, 40.663656 ], [ -111.839458, 40.662934 ], [ -111.839566, 40.662776 ], [ -111.840368, 40.661499 ], [ -111.843934, 40.658504 ], [ -111.845978, 40.657645 ], [ -111.846142, 40.657587 ], [ -111.847716, 40.652922 ] ] ] } },
{ "type": "Feature", "properties": { "group_index": 0, "value": 300.0, "center": [ -111.89089857693598, 40.760348390395464 ], "point_id": "F17-59358" }, "geometry": { "type": "Polygon", "coordinates": [ [ [ -111.895671, 40.760309 ], [ -111.893578, 40.758455 ], [ -111.893381, 40.7583 ], [ -111.892055, 40.757254 ], [ -111.891066, 40.756601 ], [ -111.890706, 40.756602 ], [ -111.888589, 40.758151 ], [ -111.888398, 40.758296 ], [ -111.886945, 40.759389 ], [ -111.886253, 40.759923 ], [ -111.886145, 40.760274 ], [ -111.886148, 40.760634 ], [ -111.886222, 40.760726 ], [ -111.888922, 40.763003 ], [ -111.890731, 40.764081 ], [ -111.891012, 40.764174 ], [ -111.891058, 40.764174 ], [ -111.895291, 40.761253 ], [ -111.895671, 40.760669 ], [ -111.895671, 40.760309 ] ] ] } },
{ "type": "Feature", "properties": { "group_index": 0, "value": 600.0, "center": [ -111.89089857693598, 40.760348390395464 ], "point_id": "F17-59358" }, "geometry": { "type": "Polygon", "coordinates": [ [ [ -111.900606, 40.760298 ], [ -111.898527, 40.758453 ], [ -111.898327, 40.758291 ], [ -111.89571, 40.756117 ], [ -111.895078, 40.755633 ], [ -111.891183, 40.752829 ], [ -111.891089, 40.752829 ], [ -111.890706, 40.753003 ], [ -111.887884, 40.75489 ], [ -111.885404, 40.756489 ], [ -111.883848, 40.757485 ], [ -111.882587, 40.758468 ], [ -111.88241, 40.758641 ], [ -111.881838, 40.759391 ], [ -111.881075, 40.760423 ], [ -111.881074, 40.760459 ], [ -111.881115, 40.760581 ], [ -111.881275, 40.760744 ], [ -111.882083, 40.761474 ], [ -111.886662, 40.765032 ], [ -111.886859, 40.765183 ], [ -111.889081, 40.766753 ], [ -111.889745, 40.767205 ], [ -111.890767, 40.767807 ], [ -111.891127, 40.767803 ], [ -111.891189, 40.767775 ], [ -111.89138, 40.767668 ], [ -111.891803, 40.767399 ], [ -111.894578, 40.76539 ], [ -111.897409, 40.763162 ], [ -111.900238, 40.761133 ], [ -111.900323, 40.761049 ], [ -111.900511, 40.760819 ], [ -111.900604, 40.760658 ], [ -111.900606, 40.760298 ] ] ] } },
{ "type": "Feature", "properties": { "group_index": 0, "value": 900.0, "center": [ -111.89089857693598, 40.760348390395464 ], "point_id": "F17-59358" }, "geometry": { "type": "Polygon", "coordinates": [ [ [ -111.905482, 40.760829 ], [ -111.90548, 40.760607 ], [ -111.905477, 40.760488 ], [ -111.905457, 40.760432 ], [ -111.905358, 40.760185 ], [ -111.903463, 40.75845 ], [ -111.903275, 40.758278 ], [ -111.900502, 40.755949 ], [ -111.89801, 40.753946 ], [ -111.894191, 40.751034 ], [ -111.891356, 40.749202 ], [ -111.891262, 40.74919 ], [ -111.890902, 40.74919 ], [ -111.890701, 40.749258 ], [ -111.890304, 40.749514 ], [ -111.885388, 40.752741 ], [ -111.881198, 40.755624 ], [ -111.877832, 40.758308 ], [ -111.877638, 40.758465 ], [ -111.87628, 40.760326 ], [ -111.876277, 40.760686 ], [ -111.876329, 40.760748 ], [ -111.876552, 40.760941 ], [ -111.879167, 40.763013 ], [ -111.882046, 40.765342 ], [ -111.886135, 40.768495 ], [ -111.887448, 40.7695 ], [ -111.887706, 40.769692 ], [ -111.888249, 40.770056 ], [ -111.88952, 40.770838 ], [ -111.890709, 40.771382 ], [ -111.891069, 40.771385 ], [ -111.893229, 40.77009 ], [ -111.893991, 40.769602 ], [ -111.894591, 40.769191 ], [ -111.896989, 40.767343 ], [ -111.897179, 40.767201 ], [ -111.899587, 40.765333 ], [ -111.902518, 40.763728 ], [ -111.902628, 40.763678 ], [ -111.903618, 40.763003 ], [ -111.903763, 40.762845 ], [ -111.905475, 40.760993 ], [ -111.905482, 40.760829 ] ] ] } },
{ "type": "Feature", "properties": { "group_index": 0, "value": 300.0, "center": [ -111.85842580679265, 40.77159135759971 ], "point_id": "F10-27070" }, "geometry": { "type": "Polygon", "coordinates": [ [ [ -111.863374, 40.771413 ], [ -111.862622, 40.770844 ], [ -111.861882, 40.770282 ], [ -111.860245, 40.769022 ], [ -111.859774, 40.768709 ], [ -111.859565, 40.768643 ], [ -111.859205, 40.768641 ], [ -111.856763, 40.768949 ], [ -111.856608, 40.769028 ], [ -111.856192, 40.769332 ], [ -111.854829, 40.770376 ], [ -111.85348, 40.771408 ], [ -111.85348, 40.771768 ], [ -111.85361, 40.771874 ], [ -111.854964, 40.772912 ], [ -111.85522, 40.773107 ], [ -111.856541, 40.774114 ], [ -111.857165, 40.774571 ], [ -111.857649, 40.774885 ], [ -111.858008, 40.774898 ], [ -111.860025, 40.774278 ], [ -111.860169, 40.774211 ], [ -111.860301, 40.774115 ], [ -111.860381, 40.774055 ], [ -111.861089, 40.773511 ], [ -111.861622, 40.773109 ], [ -111.861752, 40.77301 ], [ -111.863108, 40.771978 ], [ -111.863242, 40.771879 ], [ -111.863372, 40.771773 ], [ -111.863374, 40.771413 ] ] ] } },
{ "type": "Feature", "properties": { "group_index": 0, "value": 600.0, "center": [ -111.85842580679265, 40.77159135759971 ], "point_id": "F10-27070" }, "geometry": { "type": "Polygon", "coordinates": [ [ [ -111.868321, 40.771415 ], [ -111.866961, 40.77038 ], [ -111.862918, 40.767158 ], [ -111.862508, 40.766847 ], [ -111.85987, 40.76499 ], [ -111.85957, 40.764896 ], [ -111.859391, 40.764874 ], [ -111.859178, 40.764875 ], [ -111.858964, 40.764875 ], [ -111.85677, 40.7652 ], [ -111.856437, 40.765416 ], [ -111.851666, 40.768696 ], [ -111.851313, 40.769029 ], [ -111.849656, 40.770851 ], [ -111.8489, 40.771709 ], [ -111.848901, 40.772069 ], [ -111.848984, 40.772151 ], [ -111.850141, 40.773042 ], [ -111.850793, 40.77354 ], [ -111.85374, 40.775838 ], [ -111.856322, 40.777735 ], [ -111.856947, 40.778205 ], [ -111.857759, 40.778759 ], [ -111.857837, 40.77876 ], [ -111.860018, 40.778023 ], [ -111.860818, 40.777624 ], [ -111.862651, 40.776177 ], [ -111.86511, 40.774242 ], [ -111.865251, 40.774133 ], [ -111.866581, 40.77311 ], [ -111.866705, 40.773015 ], [ -111.868064, 40.771979 ], [ -111.868321, 40.771775 ], [ -111.868321, 40.771415 ] ] ] } },
{ "type": "Feature", "properties": { "group_index": 0, "value": 900.0, "center": [ -111.85842580679265, 40.77159135759971 ], "point_id": "F10-27070" }, "geometry": { "type": "Polygon", "coordinates": [ [ [ -111.873366, 40.771537 ], [ -111.873269, 40.77142 ], [ -111.868737, 40.767702 ], [ -111.866936, 40.76618 ], [ -111.863809, 40.763955 ], [ -111.8604, 40.761634 ], [ -111.859786, 40.761218 ], [ -111.85949, 40.761085 ], [ -111.859287, 40.761086 ], [ -111.856361, 40.761727 ], [ -111.855281, 40.762493 ], [ -111.853518, 40.763771 ], [ -111.848977, 40.766536 ], [ -111.848617, 40.766728 ], [ -111.848359, 40.766919 ], [ -111.847087, 40.767865 ], [ -111.844459, 40.772299 ], [ -111.844352, 40.772516 ], [ -111.845733, 40.774488 ], [ -111.845796, 40.774552 ], [ -111.847852, 40.775767 ], [ -111.852208, 40.778346 ], [ -111.853899, 40.779602 ], [ -111.85594, 40.779718 ], [ -111.859888, 40.781017 ], [ -111.860168, 40.781116 ], [ -111.8615, 40.781094 ], [ -111.865756, 40.777604 ], [ -111.867183, 40.776502 ], [ -111.867316, 40.7764 ], [ -111.867443, 40.776301 ], [ -111.870197, 40.774141 ], [ -111.871529, 40.773115 ], [ -111.871788, 40.772916 ], [ -111.873141, 40.771884 ], [ -111.873268, 40.77178 ], [ -111.873367, 40.771599 ], [ -111.873366, 40.771537 ] ] ] } },
{ "type": "Feature", "properties": { "group_index": 0, "value": 300.0, "center": [ -111.97689736291969, 40.53792440174062 ], "point_id": "F20-82320" }, "geometry": { "type": "Polygon", "coordinates": [ [ [ -111.980852, 40.538482 ], [ -111.980573, 40.536733 ], [ -111.980467, 40.536608 ], [ -111.978332, 40.535073 ], [ -111.977047, 40.534199 ], [ -111.976687, 40.534205 ], [ -111.976582, 40.53426 ], [ -111.975554, 40.534901 ], [ -111.973436, 40.536611 ], [ -111.973292, 40.536734 ], [ -111.973291, 40.537094 ], [ -111.974501, 40.539993 ], [ -111.974633, 40.54017 ], [ -111.976211, 40.541354 ], [ -111.976711, 40.541663 ], [ -111.977071, 40.541661 ], [ -111.979065, 40.540203 ], [ -111.979295, 40.540028 ], [ -111.980758, 40.538946 ], [ -111.980849, 40.538842 ], [ -111.980852, 40.538482 ] ] ] } },
{ "type": "Feature", "properties": { "group_index": 0, "value": 600.0, "center": [ -111.97689736291969, 40.53792440174062 ], "point_id": "F20-82320" }, "geometry": { "type": "Polygon", "coordinates": [ [ [ -111.985504, 40.536736 ], [ -111.983533, 40.534913 ], [ -111.979024, 40.531634 ], [ -111.977064, 40.530467 ], [ -111.976704, 40.530469 ], [ -111.97657, 40.53051 ], [ -111.976473, 40.530542 ], [ -111.975895, 40.530742 ], [ -111.971179, 40.533683 ], [ -111.969897, 40.535015 ], [ -111.968362, 40.536721 ], [ -111.968188, 40.537501 ], [ -111.9684, 40.537792 ], [ -111.969997, 40.539142 ], [ -111.973707, 40.543366 ], [ -111.974906, 40.544461 ], [ -111.978145, 40.54467 ], [ -111.978579, 40.544514 ], [ -111.981167, 40.542634 ], [ -111.982261, 40.541776 ], [ -111.982936, 40.541217 ], [ -111.98373, 40.539987 ], [ -111.985503, 40.537096 ], [ -111.985504, 40.536736 ] ] ] } },
{ "type": "Feature", "properties": { "group_index": 0, "value": 900.0, "center": [ -111.97689736291969, 40.53792440174062 ], "point_id": "F20-82320" }, "geometry": { "type": "Polygon", "coordinates": [ [ [ -111.990435, 40.536752 ], [ -111.988451, 40.535273 ], [ -111.98659, 40.533859 ], [ -111.98278, 40.530679 ], [ -111.978447, 40.527217 ], [ -111.97819, 40.52707 ], [ -111.977052, 40.526706 ], [ -111.976692, 40.526702 ], [ -111.976499, 40.526743 ], [ -111.972001, 40.530141 ], [ -111.9688, 40.53234 ], [ -111.966978, 40.533691 ], [ -111.963514, 40.536624 ], [ -111.96343, 40.536728 ], [ -111.96332, 40.536872 ], [ -111.963327, 40.536928 ], [ -111.964956, 40.540361 ], [ -111.967091, 40.542469 ], [ -111.967384, 40.542679 ], [ -111.971126, 40.545031 ], [ -111.972556, 40.546165 ], [ -111.973722, 40.547026 ], [ -111.974214, 40.547357 ], [ -111.974574, 40.547356 ], [ -111.978936, 40.547126 ], [ -111.979796, 40.54678 ], [ -111.982001, 40.5459 ], [ -111.982832, 40.54536 ], [ -111.98421, 40.544189 ], [ -111.986611, 40.540163 ], [ -111.989034, 40.538554 ], [ -111.990434, 40.537112 ], [ -111.990435, 40.536752 ] ] ] } },
{ "type": "Feature", "properties": { "group_index": 0, "value": 300.0, "center": [ -112.02768137416903, 40.508214836441034 ], "point_id": "F19-73380" }, "geometry": { "type": "Polygon", "coordinates": [ [ [ -112.032359, 40.507835 ], [ -112.031174, 40.506944 ], [ -112.028466, 40.505225 ], [ -112.027356, 40.504733 ], [ -112.027001, 40.504789 ], [ -112.023961, 40.507066 ], [ -112.023467, 40.507436 ], [ -112.023305, 40.507564 ], [ -112.02316, 40.507709 ], [ -112.02308, 40.507839 ], [ -112.023076, 40.508199 ], [ -112.024583, 40.509462 ], [ -112.025007, 40.509732 ], [ -112.025602, 40.510094 ], [ -112.027645, 40.510839 ], [ -112.028005, 40.510836 ], [ -112.0291, 40.51059 ], [ -112.029211, 40.510526 ], [ -112.031195, 40.509165 ], [ -112.032312, 40.508192 ], [ -112.032359, 40.507835 ] ] ] } },
{ "type": "Feature", "properties": { "group_index": 0, "value": 600.0, "center": [ -112.02768137416903, 40.508214836441034 ], "point_id": "F19-73380" }, "geometry": { "type": "Polygon", "coordinates": [ [ [ -112.037074, 40.507681 ], [ -112.03656, 40.506791 ], [ -112.035763, 40.505699 ], [ -112.033812, 40.504459 ], [ -112.030981, 40.502839 ], [ -112.029626, 40.502045 ], [ -112.028816, 40.501773 ], [ -112.025501, 40.50231 ], [ -112.023998, 40.503275 ], [ -112.019925, 40.505872 ], [ -112.019144, 40.506724 ], [ -112.018232, 40.507703 ], [ -112.018152, 40.507835 ], [ -112.018116, 40.50809 ], [ -112.018117, 40.508105 ], [ -112.018152, 40.508195 ], [ -112.01941, 40.509356 ], [ -112.02264, 40.511967 ], [ -112.024202, 40.513069 ], [ -112.02432, 40.513082 ], [ -112.024815, 40.513137 ], [ -112.024906, 40.513136 ], [ -112.029817, 40.512091 ], [ -112.032829, 40.511501 ], [ -112.034067, 40.510647 ], [ -112.035346, 40.50961 ], [ -112.037076, 40.508041 ], [ -112.037074, 40.507681 ] ] ] } },
{ "type": "Feature", "properties": { "group_index": 0, "value": 900.0, "center": [ -112.02768137416903, 40.508214836441034 ], "point_id": "F19-73380" }, "geometry": { "type": "Polygon", "coordinates": [ [ [ -112.042005, 40.50768 ], [ -112.039561, 40.505114 ], [ -112.038649, 40.504137 ], [ -112.037402, 40.502792 ], [ -112.036599, 40.502147 ], [ -112.032667, 40.499911 ], [ -112.031515, 40.499561 ], [ -112.029558, 40.498973 ], [ -112.026629, 40.498699 ], [ -112.024375, 40.499331 ], [ -112.024269, 40.499368 ], [ -112.019843, 40.50255 ], [ -112.018405, 40.504209 ], [ -112.014711, 40.506625 ], [ -112.013472, 40.50752 ], [ -112.013304, 40.507696 ], [ -112.013142, 40.507865 ], [ -112.013143, 40.50788 ], [ -112.013236, 40.508195 ], [ -112.014695, 40.50976 ], [ -112.016857, 40.511848 ], [ -112.021041, 40.515577 ], [ -112.023758, 40.516902 ], [ -112.024113, 40.516964 ], [ -112.026539, 40.515502 ], [ -112.02814, 40.514448 ], [ -112.032706, 40.514804 ], [ -112.032871, 40.514858 ], [ -112.033231, 40.514858 ], [ -112.033892, 40.514458 ], [ -112.036156, 40.512798 ], [ -112.036279, 40.512704 ], [ -112.037247, 40.510887 ], [ -112.042002, 40.50804 ], [ -112.042005, 40.50768 ] ] ] } },
{ "type": "Feature", "properties": { "group_index": 0, "value": 300.0, "center": [ -112.0515158, 40.6089119 ], "point_id": "F10-28001" }, "geometry": { "type": "Polygon", "coordinates": [ [ [ -112.055793, 40.609203 ], [ -112.055189, 40.608325 ], [ -112.05394, 40.607018 ], [ -112.052912, 40.606346 ], [ -112.050648, 40.605677 ], [ -112.050599, 40.605677 ], [ -112.050318, 40.605814 ], [ -112.050229, 40.605931 ], [ -112.048787, 40.608014 ], [ -112.048603, 40.609083 ], [ -112.048604, 40.609443 ], [ -112.048706, 40.610056 ], [ -112.049976, 40.610702 ], [ -112.050441, 40.610872 ], [ -112.050641, 40.610945 ], [ -112.055516, 40.609577 ], [ -112.05572, 40.609422 ], [ -112.055778, 40.609283 ], [ -112.055793, 40.609203 ] ] ] } },
{ "type": "Feature", "properties": { "group_index": 0, "value": 600.0, "center": [ -112.0515158, 40.6089119 ], "point_id": "F10-28001" }, "geometry": { "type": "Polygon", "coordinates": [ [ [ -112.0606, 40.609258 ], [ -112.059832, 40.607598 ], [ -112.056482, 40.605493 ], [ -112.051694, 40.602665 ], [ -112.05104, 40.602045 ], [ -112.050771, 40.602043 ], [ -112.050502, 40.602041 ], [ -112.050369, 40.602039 ], [ -112.050317, 40.602039 ], [ -112.048662, 40.602534 ], [ -112.047014, 40.604294 ], [ -112.044828, 40.607441 ], [ -112.043793, 40.609206 ], [ -112.043718, 40.609367 ], [ -112.043711, 40.609557 ], [ -112.043788, 40.60972 ], [ -112.046741, 40.612112 ], [ -112.050225, 40.61409 ], [ -112.050562, 40.614218 ], [ -112.055028, 40.613138 ], [ -112.058837, 40.611342 ], [ -112.060565, 40.609616 ], [ -112.0606, 40.609258 ] ] ] } },
{ "type": "Feature", "properties": { "group_index": 0, "value": 900.0, "center": [ -112.0515158, 40.6089119 ], "point_id": "F10-28001" }, "geometry": { "type": "Polygon", "coordinates": [ [ [ -112.065554, 40.609349 ], [ -112.063698, 40.606768 ], [ -112.062298, 40.605222 ], [ -112.057927, 40.602237 ], [ -112.057759, 40.602129 ], [ -112.057128, 40.60178 ], [ -112.052024, 40.599416 ], [ -112.051105, 40.598721 ], [ -112.050591, 40.598409 ], [ -112.050231, 40.598415 ], [ -112.0501, 40.598438 ], [ -112.049422, 40.598777 ], [ -112.048814, 40.5991 ], [ -112.046859, 40.600748 ], [ -112.042687, 40.603562 ], [ -112.042375, 40.60388 ], [ -112.040914, 40.606095 ], [ -112.039019, 40.60924 ], [ -112.039019, 40.6096 ], [ -112.039051, 40.6096 ], [ -112.040293, 40.609419 ], [ -112.043433, 40.613819 ], [ -112.043438, 40.614087 ], [ -112.044298, 40.614662 ], [ -112.048371, 40.616826 ], [ -112.050242, 40.616933 ], [ -112.054353, 40.616808 ], [ -112.059133, 40.613755 ], [ -112.059675, 40.613702 ], [ -112.06014, 40.613625 ], [ -112.0621, 40.612458 ], [ -112.064065, 40.610948 ], [ -112.065551, 40.609709 ], [ -112.065554, 40.609349 ] ] ] } },
{ "type": "Feature", "properties": { "group_index": 0, "value": 300.0, "center": [ -111.8947612, 40.6539475 ], "point_id": "F10-26968" }, "geometry": { "type": "Polygon", "coordinates": [ [ [ -111.896955, 40.653527 ], [ -111.896849, 40.653476 ], [ -111.892274, 40.653419 ], [ -111.89192, 40.653484 ], [ -111.891463, 40.653877 ], [ -111.891537, 40.65561 ], [ -111.891572, 40.655968 ], [ -111.891643, 40.656167 ], [ -111.893835, 40.657376 ], [ -111.894465, 40.657622 ], [ -111.894592, 40.657579 ], [ -111.894894, 40.657383 ], [ -111.897334, 40.655617 ], [ -111.897794, 40.654533 ], [ -111.896955, 40.653527 ] ] ] } },
{ "type": "Feature", "properties": { "group_index": 0, "value": 600.0, "center": [ -111.8947612, 40.6539475 ], "point_id": "F10-26968" }, "geometry": { "type": "Polygon", "coordinates": [ [ [ -111.901711, 40.65438 ], [ -111.900441, 40.653332 ], [ -111.896393, 40.649913 ], [ -111.896317, 40.649847 ], [ -111.896044, 40.649723 ], [ -111.896043, 40.649723 ], [ -111.890355, 40.65063 ], [ -111.888417, 40.652597 ], [ -111.886713, 40.655839 ], [ -111.886724, 40.656198 ], [ -111.886833, 40.656374 ], [ -111.890062, 40.659334 ], [ -111.893273, 40.660934 ], [ -111.893617, 40.661041 ], [ -111.893904, 40.660992 ], [ -111.89517, 40.66068 ], [ -111.895345, 40.660544 ], [ -111.895379, 40.660491 ], [ -111.89601, 40.659568 ], [ -111.900101, 40.65626 ], [ -111.901659, 40.654931 ], [ -111.901744, 40.654739 ], [ -111.901711, 40.65438 ] ] ] } },
{ "type": "Feature", "properties": { "group_index": 0, "value": 900.0, "center": [ -111.8947612, 40.6539475 ], "point_id": "F10-26968" }, "geometry": { "type": "Polygon", "coordinates": [ [ [ -111.906555, 40.654206 ], [ -111.906556, 40.654136 ], [ -111.906515, 40.653778 ], [ -111.904975, 40.65274 ], [ -111.901631, 40.649847 ], [ -111.901508, 40.64978 ], [ -111.90115, 40.649742 ], [ -111.895582, 40.64815 ], [ -111.893422, 40.648341 ], [ -111.888598, 40.648872 ], [ -111.88823, 40.64906 ], [ -111.887965, 40.64921 ], [ -111.885824, 40.650592 ], [ -111.88483, 40.651627 ], [ -111.884586, 40.651893 ], [ -111.884544, 40.651948 ], [ -111.881715, 40.655998 ], [ -111.881714, 40.656358 ], [ -111.885728, 40.659839 ], [ -111.887419, 40.661309 ], [ -111.887971, 40.661785 ], [ -111.891308, 40.664376 ], [ -111.891679, 40.664448 ], [ -111.892391, 40.664439 ], [ -111.893483, 40.664213 ], [ -111.895011, 40.663548 ], [ -111.89774, 40.662063 ], [ -111.897964, 40.661935 ], [ -111.898605, 40.661015 ], [ -111.899989, 40.658879 ], [ -111.903019, 40.656858 ], [ -111.904119, 40.656348 ], [ -111.904609, 40.655992 ], [ -111.905212, 40.655544 ], [ -111.906429, 40.654494 ], [ -111.906515, 40.654412 ], [ -111.906555, 40.654206 ] ] ] } },
{ "type": "Feature", "properties": { "group_index": 0, "value": 300.0, "center": [ -111.97065672248732, 40.6076190009709 ], "point_id": "F10-27674" }, "geometry": { "type": "Polygon", "coordinates": [ [ [ -111.974016, 40.605877 ], [ -111.973303, 40.604425 ], [ -111.972097, 40.604171 ], [ -111.969473, 40.605069 ], [ -111.966576, 40.608259 ], [ -111.966578, 40.608619 ], [ -111.967396, 40.609513 ], [ -111.967697, 40.609817 ], [ -111.968044, 40.610058 ], [ -111.970149, 40.610618 ], [ -111.970509, 40.610627 ], [ -111.972691, 40.609799 ], [ -111.972846, 40.609662 ], [ -111.972954, 40.609523 ], [ -111.973082, 40.60934 ], [ -111.973996, 40.606843 ], [ -111.974016, 40.605877 ] ] ] } },
{ "type": "Feature", "properties": { "group_index": 0, "value": 600.0, "center": [ -111.97065672248732, 40.6076190009709 ], "point_id": "F10-27674" }, "geometry": { "type": "Polygon", "coordinates": [ [ [ -111.978036, 40.609522 ], [ -111.978037, 40.609162 ], [ -111.976477, 40.603429 ], [ -111.974105, 40.601218 ], [ -111.973187, 40.60061 ], [ -111.972834, 40.600542 ], [ -111.972739, 40.600557 ], [ -111.970962, 40.601414 ], [ -111.967108, 40.603979 ], [ -111.966522, 40.604452 ], [ -111.964862, 40.605779 ], [ -111.962906, 40.608444 ], [ -111.962469, 40.60918 ], [ -111.96247, 40.60954 ], [ -111.963108, 40.610297 ], [ -111.964865, 40.611624 ], [ -111.967289, 40.613305 ], [ -111.967361, 40.613316 ], [ -111.967721, 40.61332 ], [ -111.96869, 40.612821 ], [ -111.973967, 40.612549 ], [ -111.974327, 40.61254 ], [ -111.974528, 40.612519 ], [ -111.978018, 40.609605 ], [ -111.978036, 40.609522 ] ] ] } },
{ "type": "Feature", "properties": { "group_index": 0, "value": 900.0, "center": [ -111.97065672248732, 40.6076190009709 ], "point_id": "F10-27674" }, "geometry": { "type": "Polygon", "coordinates": [ [ [ -111.982759, 40.609519 ], [ -111.982792, 40.609322 ], [ -111.982739, 40.608824 ], [ -111.982686, 40.608326 ], [ -111.980121, 40.606244 ], [ -111.976408, 40.601928 ], [ -111.976433, 40.601247 ], [ -111.976432, 40.600887 ], [ -111.976605, 40.599574 ], [ -111.976604, 40.599257 ], [ -111.974023, 40.596861 ], [ -111.973712, 40.596679 ], [ -111.973597, 40.596677 ], [ -111.973461, 40.596718 ], [ -111.971577, 40.597824 ], [ -111.967313, 40.599593 ], [ -111.965585, 40.601463 ], [ -111.963912, 40.604574 ], [ -111.960582, 40.608048 ], [ -111.957939, 40.608907 ], [ -111.95753, 40.609179 ], [ -111.957484, 40.609246 ], [ -111.957463, 40.609367 ], [ -111.957468, 40.609449 ], [ -111.957538, 40.609539 ], [ -111.957771, 40.60979 ], [ -111.957872, 40.609891 ], [ -111.959963, 40.611357 ], [ -111.960083, 40.611442 ], [ -111.963979, 40.614352 ], [ -111.964812, 40.615202 ], [ -111.967335, 40.617062 ], [ -111.967695, 40.617065 ], [ -111.968989, 40.616124 ], [ -111.974206, 40.616339 ], [ -111.974344, 40.61635 ], [ -111.974566, 40.616342 ], [ -111.974663, 40.616303 ], [ -111.979154, 40.612463 ], [ -111.981197, 40.611025 ], [ -111.982634, 40.609826 ], [ -111.982706, 40.609725 ], [ -111.982759, 40.609519 ] ] ] } },
{ "type": "Feature", "properties": { "group_index": 0, "value": 300.0, "center": [ -111.97717593420174, 40.68116659145088 ], "point_id": "F10-26987" }, "geometry": { "type": "Polygon", "coordinates": [ [ [ -111.981113, 40.681747 ], [ -111.980431, 40.679702 ], [ -111.977331, 40.677005 ], [ -111.976971, 40.677005 ], [ -111.97617, 40.677941 ], [ -111.973394, 40.681805 ], [ -111.973392, 40.682165 ], [ -111.973525, 40.682303 ], [ -111.973698, 40.682429 ], [ -111.977017, 40.684944 ], [ -111.977377, 40.684947 ], [ -111.979522, 40.683654 ], [ -111.981034, 40.682225 ], [ -111.98111, 40.682107 ], [ -111.981113, 40.681747 ] ] ] } },
{ "type": "Feature", "properties": { "group_index": 0, "value": 600.0, "center": [ -111.97717593420174, 40.68116659145088 ], "point_id": "F10-26987" }, "geometry": { "type": "Polygon", "coordinates": [ [ [ -111.986087, 40.681856 ], [ -111.984618, 40.680816 ], [ -111.980996, 40.676338 ], [ -111.98092, 40.676277 ], [ -111.980079, 40.675644 ], [ -111.978112, 40.674203 ], [ -111.97734, 40.673696 ], [ -111.97698, 40.673698 ], [ -111.976868, 40.673753 ], [ -111.974383, 40.675327 ], [ -111.971407, 40.67779 ], [ -111.971319, 40.677864 ], [ -111.968468, 40.681823 ], [ -111.968467, 40.682183 ], [ -111.968583, 40.682311 ], [ -111.970576, 40.684103 ], [ -111.974213, 40.686618 ], [ -111.977017, 40.688808 ], [ -111.977377, 40.688806 ], [ -111.979639, 40.68713 ], [ -111.983549, 40.684134 ], [ -111.985949, 40.682436 ], [ -111.98609, 40.682216 ], [ -111.986087, 40.681856 ] ] ] } },
{ "type": "Feature", "properties": { "group_index": 0, "value": 900.0, "center": [ -111.97717593420174, 40.68116659145088 ], "point_id": "F10-26987" }, "geometry": { "type": "Polygon", "coordinates": [ [ [ -111.990904, 40.681901 ], [ -111.988614, 40.680077 ], [ -111.986949, 40.678835 ], [ -111.985825, 40.67803 ], [ -111.984852, 40.677294 ], [ -111.980765, 40.674053 ], [ -111.979207, 40.671321 ], [ -111.977583, 40.669929 ], [ -111.977463, 40.669854 ], [ -111.975703, 40.669825 ], [ -111.975336, 40.670132 ], [ -111.971877, 40.673308 ], [ -111.970243, 40.674599 ], [ -111.966467, 40.676751 ], [ -111.965768, 40.677859 ], [ -111.963556, 40.681834 ], [ -111.96356, 40.682194 ], [ -111.963642, 40.682308 ], [ -111.964612, 40.683368 ], [ -111.966756, 40.685107 ], [ -111.967496, 40.685707 ], [ -111.971536, 40.688471 ], [ -111.975249, 40.691139 ], [ -111.976801, 40.692249 ], [ -111.976902, 40.692309 ], [ -111.977017, 40.692347 ], [ -111.977377, 40.692346 ], [ -111.978515, 40.691868 ], [ -111.979146, 40.691492 ], [ -111.980933, 40.689779 ], [ -111.985467, 40.686324 ], [ -111.986746, 40.685527 ], [ -111.987936, 40.684702 ], [ -111.990463, 40.682738 ], [ -111.990904, 40.682261 ], [ -111.990904, 40.681901 ] ] ] } },
{ "type": "Feature", "properties": { "group_index": 0, "value": 300.0, "center": [ -111.95011536523307, 40.63821170749565 ], "point_id": "F10-27827" }, "geometry": { "type": "Polygon", "coordinates": [ [ [ -111.954924, 40.638492 ], [ -111.954697, 40.638286 ], [ -111.952412, 40.636471 ], [ -111.951244, 40.635664 ], [ -111.94862, 40.635368 ], [ -111.94826, 40.635369 ], [ -111.946819, 40.636327 ], [ -111.945652, 40.638389 ], [ -111.945652, 40.638749 ], [ -111.945787, 40.638849 ], [ -111.948099, 40.639881 ], [ -111.952325, 40.641284 ], [ -111.954925, 40.638852 ], [ -111.954924, 40.638492 ] ] ] } },
{ "type": "Feature", "properties": { "group_index": 0, "value": 600.0, "center": [ -111.95011536523307, 40.63821170749565 ], "point_id": "F10-27827" }, "geometry": { "type": "Polygon", "coordinates": [ [ [ -111.960241, 40.638295 ], [ -111.95576, 40.635226 ], [ -111.953078, 40.633299 ], [ -111.948502, 40.632065 ], [ -111.948142, 40.632067 ], [ -111.946951, 40.6324 ], [ -111.942277, 40.635851 ], [ -111.940926, 40.637553 ], [ -111.940518, 40.638439 ], [ -111.940517, 40.638799 ], [ -111.940688, 40.638941 ], [ -111.940798, 40.639008 ], [ -111.9423, 40.639809 ], [ -111.946602, 40.641554 ], [ -111.948508, 40.642007 ], [ -111.951314, 40.642638 ], [ -111.955876, 40.643485 ], [ -111.956048, 40.643169 ], [ -111.958029, 40.639851 ], [ -111.96024, 40.638655 ], [ -111.960241, 40.638295 ] ] ] } },
{ "type": "Feature", "properties": { "group_index": 0, "value": 900.0, "center": [ -111.95011536523307, 40.63821170749565 ], "point_id": "F10-27827" }, "geometry": { "type": "Polygon", "coordinates": [ [ [ -111.964615, 40.63865 ], [ -111.964614, 40.63829 ], [ -111.964475, 40.638184 ], [ -111.96042, 40.635165 ], [ -111.957828, 40.632188 ], [ -111.956959, 40.63183 ], [ -111.952284, 40.630618 ], [ -111.950525, 40.629273 ], [ -111.948582, 40.628206 ], [ -111.948349, 40.628164 ], [ -111.948316, 40.628164 ], [ -111.948138, 40.628319 ], [ -111.947224, 40.629169 ], [ -111.946333, 40.631778 ], [ -111.945981, 40.632398 ], [ -111.94224, 40.635305 ], [ -111.940212, 40.635034 ], [ -111.939156, 40.634528 ], [ -111.9388, 40.634432 ], [ -111.938776, 40.634434 ], [ -111.938631, 40.634596 ], [ -111.935944, 40.637754 ], [ -111.935921, 40.638211 ], [ -111.936677, 40.639522 ], [ -111.938243, 40.641203 ], [ -111.941075, 40.641961 ], [ -111.944981, 40.642898 ], [ -111.950254, 40.643421 ], [ -111.95339, 40.644616 ], [ -111.957517, 40.646134 ], [ -111.957677, 40.646142 ], [ -111.958037, 40.646142 ], [ -111.960425, 40.643583 ], [ -111.964383, 40.639183 ], [ -111.964552, 40.638849 ], [ -111.964615, 40.63865 ] ] ] } },
{ "type": "Feature", "properties": { "group_index": 0, "value": 300.0, "center": [ -112.01015208392405, 40.6593933362261 ], "point_id": "F14-40637" }, "geometry": { "type": "Polygon", "coordinates": [ [ [ -112.01136, 40.66062 ], [ -112.011266, 40.660345 ], [ -112.009524, 40.65835 ], [ -112.008318, 40.657634 ], [ -112.008005, 40.657558 ], [ -112.007696, 40.657743 ], [ -112.007661, 40.659047 ], [ -112.008196, 40.660845 ], [ -112.009281, 40.661621 ], [ -112.009536, 40.661764 ], [ -112.009896, 40.661765 ], [ -112.011255, 40.660964 ], [ -112.01136, 40.66062 ] ] ] } },
{ "type": "Feature", "properties": { "group_index": 0, "value": 600.0, "center": [ -112.01015208392405, 40.6593933362261 ], "point_id": "F14-40637" }, "geometry": { "type": "Polygon", "coordinates": [ [ [ -112.014461, 40.662569 ], [ -112.01065, 40.659067 ], [ -112.010033, 40.658489 ], [ -112.006294, 40.655203 ], [ -112.00598, 40.655027 ], [ -112.005652, 40.655181 ], [ -112.004891, 40.655679 ], [ -112.004744, 40.655785 ], [ -112.004283, 40.656231 ], [ -112.002916, 40.659098 ], [ -112.002915, 40.659458 ], [ -112.003347, 40.660803 ], [ -112.004223, 40.661523 ], [ -112.008685, 40.665421 ], [ -112.011114, 40.665075 ], [ -112.011219, 40.665029 ], [ -112.01132, 40.664983 ], [ -112.014466, 40.663397 ], [ -112.014658, 40.663093 ], [ -112.014461, 40.662569 ] ] ] } },
{ "type": "Feature", "properties": { "group_index": 0, "value": 900.0, "center": [ -112.01015208392405, 40.6593933362261 ], "point_id": "F14-40637" }, "geometry": { "type": "Polygon", "coordinates": [ [ [ -112.018379, 40.665444 ], [ -112.018148, 40.665162 ], [ -112.014461, 40.662569 ], [ -112.01065, 40.659067 ], [ -112.010033, 40.658489 ], [ -112.006377, 40.654664 ], [ -112.005017, 40.652613 ], [ -112.004698, 40.652497 ], [ -112.003289, 40.651994 ], [ -112.00325, 40.652004 ], [ -112.002465, 40.652749 ], [ -111.999343, 40.656227 ], [ -111.998807, 40.659767 ], [ -111.99872, 40.660529 ], [ -111.998719, 40.660889 ], [ -111.999379, 40.661575 ], [ -111.999444, 40.661635 ], [ -112.000199, 40.662242 ], [ -112.004178, 40.666626 ], [ -112.004283, 40.666731 ], [ -112.004893, 40.667343 ], [ -112.005473, 40.667721 ], [ -112.005833, 40.667725 ], [ -112.006663, 40.667483 ], [ -112.008392, 40.666835 ], [ -112.011411, 40.665546 ], [ -112.014604, 40.665671 ], [ -112.016146, 40.66601 ], [ -112.017597, 40.665881 ], [ -112.018325, 40.6658 ], [ -112.018379, 40.665444 ] ] ] } },
{ "type": "Feature", "properties": { "group_index": 0, "value": 300.0, "center": [ -111.9382544, 40.6604938 ], "point_id": "F14-40638" }, "geometry": { "type": "Polygon", "coordinates": [ [ [ -111.942935, 40.660122 ], [ -111.941222, 40.657931 ], [ -111.940933, 40.657717 ], [ -111.938858, 40.656741 ], [ -111.938498, 40.656745 ], [ -111.934669, 40.659393 ], [ -111.93454, 40.659518 ], [ -111.934342, 40.659818 ], [ -111.937939, 40.663662 ], [ -111.938512, 40.663929 ], [ -111.938872, 40.66393 ], [ -111.939144, 40.663764 ], [ -111.940429, 40.662748 ], [ -111.942876, 40.660555 ], [ -111.942934, 40.660482 ], [ -111.942935, 40.660122 ] ] ] } },
{ "type": "Feature", "properties": { "group_index": 0, "value": 600.0, "center": [ -111.9382544, 40.6604938 ], "point_id": "F14-40638" }, "geometry": { "type": "Polygon", "coordinates": [ [ [ -111.947132, 40.659558 ], [ -111.947128, 40.659546 ], [ -111.945785, 40.657469 ], [ -111.943825, 40.656221 ], [ -111.939106, 40.653459 ], [ -111.938717, 40.653238 ], [ -111.938437, 40.65334 ], [ -111.935238, 40.655258 ], [ -111.93208, 40.657052 ], [ -111.931392, 40.657585 ], [ -111.931313, 40.658558 ], [ -111.933447, 40.663174 ], [ -111.933853, 40.664219 ], [ -111.936788, 40.666468 ], [ -111.93837, 40.667683 ], [ -111.938471, 40.667683 ], [ -111.939094, 40.667529 ], [ -111.939513, 40.667253 ], [ -111.939754, 40.667068 ], [ -111.940957, 40.666157 ], [ -111.942136, 40.665281 ], [ -111.945935, 40.661972 ], [ -111.946879, 40.661222 ], [ -111.946962, 40.661152 ], [ -111.947132, 40.659558 ] ] ] } },
{ "type": "Feature", "properties": { "group_index": 0, "value": 900.0, "center": [ -111.9382544, 40.6604938 ], "point_id": "F14-40638" }, "geometry": { "type": "Polygon", "coordinates": [ [ [ -111.951287, 40.660215 ], [ -111.951286, 40.659855 ], [ -111.949177, 40.656146 ], [ -111.949099, 40.656087 ], [ -111.945854, 40.653815 ], [ -111.941382, 40.6512 ], [ -111.939242, 40.649767 ], [ -111.939118, 40.649713 ], [ -111.93883, 40.649619 ], [ -111.938481, 40.649532 ], [ -111.936449, 40.650933 ], [ -111.932902, 40.653008 ], [ -111.930518, 40.654016 ], [ -111.93049, 40.654028 ], [ -111.929655, 40.654701 ], [ -111.927823, 40.657111 ], [ -111.927706, 40.657455 ], [ -111.927708, 40.657815 ], [ -111.927756, 40.657876 ], [ -111.930561, 40.660574 ], [ -111.928917, 40.663873 ], [ -111.928918, 40.664233 ], [ -111.932732, 40.668391 ], [ -111.937573, 40.670745 ], [ -111.938467, 40.671272 ], [ -111.938525, 40.671274 ], [ -111.938703, 40.671275 ], [ -111.938885, 40.671274 ], [ -111.939054, 40.671263 ], [ -111.940082, 40.670821 ], [ -111.941577, 40.669727 ], [ -111.943667, 40.667967 ], [ -111.943846, 40.667821 ], [ -111.944337, 40.667362 ], [ -111.946171, 40.665718 ], [ -111.950355, 40.663393 ], [ -111.951287, 40.660215 ] ] ] } },
{ "type": "Feature", "properties": { "group_index": 0, "value": 300.0, "center": [ -111.92939555761728, 40.62428748858717 ], "point_id": "F12-32714" }, "geometry": { "type": "Polygon", "coordinates": [ [ [ -111.934098, 40.623874 ], [ -111.93359, 40.623424 ], [ -111.929402, 40.621023 ], [ -111.929042, 40.621024 ], [ -111.924634, 40.62352 ], [ -111.924592, 40.623878 ], [ -111.926602, 40.626082 ], [ -111.928901, 40.627822 ], [ -111.929048, 40.627902 ], [ -111.929221, 40.62796 ], [ -111.92937, 40.627961 ], [ -111.934106, 40.624319 ], [ -111.934098, 40.623874 ] ] ] } },
{ "type": "Feature", "properties": { "group_index": 0, "value": 600.0, "center": [ -111.92939555761728, 40.62428748858717 ], "point_id": "F12-32714" }, "geometry": { "type": "Polygon", "coordinates": [ [ [ -111.939067, 40.624203 ], [ -111.939038, 40.623873 ], [ -111.93889, 40.623696 ], [ -111.938655, 40.62352 ], [ -111.937447, 40.622619 ], [ -111.93678, 40.622201 ], [ -111.933542, 40.620467 ], [ -111.930968, 40.618431 ], [ -111.929599, 40.617389 ], [ -111.929381, 40.617226 ], [ -111.929331, 40.617226 ], [ -111.929027, 40.617278 ], [ -111.927581, 40.618331 ], [ -111.927152, 40.618648 ], [ -111.92631, 40.619754 ], [ -111.921673, 40.622467 ], [ -111.919691, 40.623646 ], [ -111.91969, 40.624006 ], [ -111.921701, 40.625411 ], [ -111.924413, 40.626807 ], [ -111.926666, 40.629934 ], [ -111.926799, 40.630195 ], [ -111.928479, 40.631274 ], [ -111.929065, 40.631641 ], [ -111.929425, 40.631638 ], [ -111.930416, 40.631217 ], [ -111.93462, 40.627615 ], [ -111.9386, 40.624633 ], [ -111.938894, 40.624382 ], [ -111.939067, 40.624207 ], [ -111.939067, 40.624203 ] ] ] } },
{ "type": "Feature", "properties": { "group_index": 0, "value": 900.0, "center": [ -111.92939555761728, 40.62428748858717 ], "point_id": "F12-32714" }, "geometry": { "type": "Polygon", "coordinates": [ [ [ -111.943972, 40.624234 ], [ -111.943975, 40.623874 ], [ -111.94333, 40.623243 ], [ -111.941223, 40.621509 ], [ -111.939148, 40.620106 ], [ -111.938955, 40.619985 ], [ -111.934632, 40.617457 ], [ -111.933012, 40.616238 ], [ -111.930289, 40.613971 ], [ -111.929378, 40.613528 ], [ -111.929018, 40.613529 ], [ -111.927068, 40.614927 ], [ -111.924728, 40.616661 ], [ -111.920024, 40.619931 ], [ -111.915622, 40.621873 ], [ -111.915394, 40.622151 ], [ -111.91552, 40.622705 ], [ -111.915979, 40.624369 ], [ -111.916232, 40.624625 ], [ -111.917938, 40.626328 ], [ -111.91827, 40.626468 ], [ -111.922027, 40.630739 ], [ -111.92324, 40.631423 ], [ -111.927608, 40.634159 ], [ -111.929067, 40.635387 ], [ -111.929427, 40.635387 ], [ -111.931235, 40.634088 ], [ -111.934237, 40.631771 ], [ -111.93789, 40.629324 ], [ -111.939512, 40.627766 ], [ -111.943908, 40.625387 ], [ -111.943972, 40.624234 ] ] ] } },
{ "type": "Feature", "properties": { "group_index": 0, "value": 300.0, "center": [ -111.88558459879368, 40.68755223183503 ], "point_id": "F10-26760" }, "geometry": { "type": "Polygon", "coordinates": [ [ [ -111.890039, 40.686961 ], [ -111.889893, 40.686776 ], [ -111.888366, 40.685559 ], [ -111.88571, 40.683876 ], [ -111.88535, 40.68388 ], [ -111.881955, 40.686289 ], [ -111.881287, 40.686889 ], [ -111.881176, 40.68699 ], [ -111.881175, 40.68735 ], [ -111.882713, 40.689229 ], [ -111.883996, 40.690265 ], [ -111.88534, 40.691228 ], [ -111.885452, 40.691279 ], [ -111.885812, 40.691277 ], [ -111.886138, 40.691108 ], [ -111.88826, 40.689471 ], [ -111.888378, 40.689382 ], [ -111.890038, 40.687321 ], [ -111.890039, 40.686961 ] ] ] } },
{ "type": "Feature", "properties": { "group_index": 0, "value": 600.0, "center": [ -111.88558459879368, 40.68755223183503 ], "point_id": "F10-26760" }, "geometry": { "type": "Polygon", "coordinates": [ [ [ -111.894991, 40.686931 ], [ -111.894964, 40.686668 ], [ -111.892366, 40.684743 ], [ -111.888494, 40.681981 ], [ -111.888383, 40.681956 ], [ -111.888023, 40.681962 ], [ -111.882767, 40.682023 ], [ -111.882084, 40.68247 ], [ -111.879946, 40.684647 ], [ -111.877216, 40.686201 ], [ -111.876347, 40.686881 ], [ -111.876234, 40.686991 ], [ -111.876234, 40.687351 ], [ -111.878277, 40.689755 ], [ -111.878362, 40.689817 ], [ -111.882709, 40.693048 ], [ -111.887898, 40.693216 ], [ -111.888258, 40.693208 ], [ -111.890866, 40.691569 ], [ -111.892215, 40.690237 ], [ -111.892553, 40.689898 ], [ -111.894998, 40.687291 ], [ -111.894991, 40.686931 ] ] ] } },
{ "type": "Feature", "properties": { "group_index": 0, "value": 900.0, "center": [ -111.88558459879368, 40.68755223183503 ], "point_id": "F10-26760" }, "geometry": { "type": "Polygon", "coordinates": [ [ [ -111.899795, 40.686456 ], [ -111.897419, 40.68475 ], [ -111.89484, 40.682842 ], [ -111.891336, 40.680272 ], [ -111.88868, 40.678409 ], [ -111.888382, 40.678212 ], [ -111.888022, 40.678211 ], [ -111.88414, 40.678652 ], [ -111.883908, 40.678927 ], [ -111.883162, 40.679759 ], [ -111.88053, 40.68172 ], [ -111.876931, 40.682639 ], [ -111.874887, 40.684375 ], [ -111.871532, 40.686746 ], [ -111.871404, 40.686883 ], [ -111.871292, 40.687036 ], [ -111.871295, 40.687396 ], [ -111.871958, 40.687907 ], [ -111.874735, 40.690116 ], [ -111.876593, 40.692499 ], [ -111.880378, 40.695075 ], [ -111.882554, 40.696661 ], [ -111.882671, 40.696741 ], [ -111.887895, 40.696999 ], [ -111.88808, 40.696999 ], [ -111.888259, 40.69696 ], [ -111.88847, 40.696865 ], [ -111.89163, 40.694648 ], [ -111.895918, 40.691225 ], [ -111.899798, 40.687377 ], [ -111.899856, 40.68727 ], [ -111.899795, 40.686456 ] ] ] } },
{ "type": "Feature", "properties": { "group_index": 0, "value": 300.0, "center": [ -111.95816984739359, 40.683336053792296 ], "point_id": "F18-65816" }, "geometry": { "type": "Polygon", "coordinates": [ [ [ -111.961766, 40.682058 ], [ -111.960561, 40.681176 ], [ -111.958154, 40.679721 ], [ -111.957794, 40.67972 ], [ -111.957262, 40.68008 ], [ -111.957131, 40.68017 ], [ -111.954574, 40.681923 ], [ -111.954533, 40.68202 ], [ -111.953845, 40.683637 ], [ -111.953845, 40.683997 ], [ -111.954219, 40.684763 ], [ -111.954359, 40.684895 ], [ -111.957203, 40.686637 ], [ -111.957967, 40.687097 ], [ -111.958327, 40.687098 ], [ -111.960195, 40.68607 ], [ -111.961767, 40.682418 ], [ -111.961766, 40.682058 ] ] ] } },
{ "type": "Feature", "properties": { "group_index": 0, "value": 600.0, "center": [ -111.95816984739359, 40.683336053792296 ], "point_id": "F18-65816" }, "geometry": { "type": "Polygon", "coordinates": [ [ [ -111.966835, 40.682074 ], [ -111.964058, 40.679329 ], [ -111.961224, 40.677828 ], [ -111.958158, 40.675972 ], [ -111.957798, 40.675974 ], [ -111.957611, 40.676039 ], [ -111.952636, 40.679389 ], [ -111.952515, 40.679473 ], [ -111.9495, 40.682134 ], [ -111.949502, 40.682494 ], [ -111.952636, 40.687349 ], [ -111.954332, 40.688828 ], [ -111.954434, 40.688887 ], [ -111.955484, 40.689497 ], [ -111.957653, 40.690701 ], [ -111.957775, 40.690754 ], [ -111.958569, 40.69083 ], [ -111.958929, 40.690832 ], [ -111.962177, 40.688665 ], [ -111.964141, 40.687679 ], [ -111.966796, 40.682432 ], [ -111.966835, 40.682074 ] ] ] } },
{ "type": "Feature", "properties": { "group_index": 0, "value": 900.0, "center": [ -111.95816984739359, 40.683336053792296 ], "point_id": "F18-65816" }, "geometry": { "type": "Polygon", "coordinates": [ [ [ -111.971616, 40.682267 ], [ -111.971581, 40.682072 ], [ -111.971224, 40.681235 ], [ -111.970259, 40.680418 ], [ -111.969135, 40.679792 ], [ -111.965153, 40.676577 ], [ -111.960196, 40.673378 ], [ -111.958146, 40.672226 ], [ -111.957786, 40.672226 ], [ -111.956, 40.673185 ], [ -111.954039, 40.674448 ], [ -111.952879, 40.676373 ], [ -111.948547, 40.679288 ], [ -111.948367, 40.679382 ], [ -111.948262, 40.67945 ], [ -111.945559, 40.681112 ], [ -111.944847, 40.68199 ], [ -111.94477, 40.682134 ], [ -111.944768, 40.682494 ], [ -111.946276, 40.6838 ], [ -111.948366, 40.685398 ], [ -111.95042, 40.689512 ], [ -111.95064, 40.689676 ], [ -111.953642, 40.691943 ], [ -111.953844, 40.69207 ], [ -111.957876, 40.694598 ], [ -111.957926, 40.694595 ], [ -111.958276, 40.694489 ], [ -111.959206, 40.694177 ], [ -111.962633, 40.692116 ], [ -111.967117, 40.688658 ], [ -111.969156, 40.684399 ], [ -111.971581, 40.682432 ], [ -111.971617, 40.682355 ], [ -111.971616, 40.682267 ] ] ] } },
{ "type": "Feature", "properties": { "group_index": 0, "value": 300.0, "center": [ -112.01048606352526, 41.10366670915137 ], "point_id": "F22-88231" }, "geometry": { "type": "Polygon", "coordinates": [ [ [ -112.015516, 41.103684 ], [ -112.015457, 41.103536 ], [ -112.014996, 41.10293 ], [ -112.014989, 41.102923 ], [ -112.01084, 41.100946 ], [ -112.010296, 41.100781 ], [ -112.009936, 41.100781 ], [ -112.00863, 41.101345 ], [ -112.006578, 41.102658 ], [ -112.005465, 41.103481 ], [ -112.005487, 41.103841 ], [ -112.00806, 41.105828 ], [ -112.010498, 41.107382 ], [ -112.010648, 41.107382 ], [ -112.010648, 41.107382 ], [ -112.010797, 41.107383 ], [ -112.010946, 41.107313 ], [ -112.015456, 41.103896 ], [ -112.015516, 41.103684 ] ] ] } },
{ "type": "Feature", "properties": { "group_index": 0, "value": 600.0, "center": [ -112.01048606352526, 41.10366670915137 ], "point_id": "F22-88231" }, "geometry": { "type": "Polygon", "coordinates": [ [ [ -112.020364, 41.103482 ], [ -112.020191, 41.103325 ], [ -112.018889, 41.102343 ], [ -112.016331, 41.100372 ], [ -112.015137, 41.099451 ], [ -112.010633, 41.098498 ], [ -112.010392, 41.098476 ], [ -112.007017, 41.098681 ], [ -112.006599, 41.098917 ], [ -112.006249, 41.09919 ], [ -112.004614, 41.100565 ], [ -112.000641, 41.10297 ], [ -112.000719, 41.103712 ], [ -112.001931, 41.104353 ], [ -112.0022, 41.104478 ], [ -112.007051, 41.106042 ], [ -112.007929, 41.107137 ], [ -112.0092, 41.107984 ], [ -112.010453, 41.108928 ], [ -112.011945, 41.110051 ], [ -112.012305, 41.110048 ], [ -112.013053, 41.109539 ], [ -112.013234, 41.109362 ], [ -112.018495, 41.106806 ], [ -112.018728, 41.106531 ], [ -112.01883, 41.10638 ], [ -112.019929, 41.104731 ], [ -112.020359, 41.103842 ], [ -112.020364, 41.103482 ] ] ] } },
{ "type": "Feature", "properties": { "group_index": 0, "value": 900.0, "center": [ -112.01048606352526, 41.10366670915137 ], "point_id": "F22-88231" }, "geometry": { "type": "Polygon", "coordinates": [ [ [ -112.025354, 41.103772 ], [ -112.025365, 41.103412 ], [ -112.024388, 41.101896 ], [ -112.02377, 41.102204 ], [ -112.018414, 41.101041 ], [ -112.017928, 41.100404 ], [ -112.017188, 41.09914 ], [ -112.017065, 41.098981 ], [ -112.01691, 41.09879 ], [ -112.016293, 41.098076 ], [ -112.016119, 41.097853 ], [ -112.015945, 41.097629 ], [ -112.011155, 41.095948 ], [ -112.010972, 41.09589 ], [ -112.007121, 41.094976 ], [ -112.006935, 41.095023 ], [ -112.006688, 41.095114 ], [ -112.005767, 41.09575 ], [ -112.004485, 41.096784 ], [ -112.003491, 41.097543 ], [ -112.003494, 41.097903 ], [ -111.999333, 41.101727 ], [ -111.998639, 41.101448 ], [ -111.997953, 41.101174 ], [ -111.997699, 41.101056 ], [ -111.99744, 41.100936 ], [ -111.997365, 41.100904 ], [ -111.997191, 41.101035 ], [ -111.995747, 41.103359 ], [ -111.995747, 41.103719 ], [ -111.996191, 41.103718 ], [ -111.996635, 41.103718 ], [ -112.0022, 41.104478 ], [ -112.005853, 41.106977 ], [ -112.008187, 41.111006 ], [ -112.00829, 41.11108 ], [ -112.012913, 41.112539 ], [ -112.015011, 41.113268 ], [ -112.015211, 41.112969 ], [ -112.016525, 41.111002 ], [ -112.021704, 41.109713 ], [ -112.021799, 41.109703 ], [ -112.022279, 41.10899 ], [ -112.025334, 41.103865 ], [ -112.025354, 41.103772 ] ] ] } },
{ "type": "Feature", "properties": { "group_index": 0, "value": 300.0, "center": [ -111.69597788169509, 40.28974897881959 ], "point_id": "F20-79361" }, "geometry": { "type": "Polygon", "coordinates": [ [ [ -111.70089, 40.289627 ], [ -111.698231, 40.287797 ], [ -111.696281, 40.286546 ], [ -111.695694, 40.286271 ], [ -111.695334, 40.28628 ], [ -111.692966, 40.287353 ], [ -111.691111, 40.289509 ], [ -111.691108, 40.289868 ], [ -111.691154, 40.289948 ], [ -111.69306, 40.291616 ], [ -111.6933, 40.291776 ], [ -111.694713, 40.29245 ], [ -111.695441, 40.292612 ], [ -111.69611, 40.292608 ], [ -111.696465, 40.292547 ], [ -111.698044, 40.292119 ], [ -111.698324, 40.291943 ], [ -111.699138, 40.291347 ], [ -111.700887, 40.289987 ], [ -111.70089, 40.289627 ] ] ] } },
{ "type": "Feature", "properties": { "group_index": 0, "value": 600.0, "center": [ -111.69597788169509, 40.28974897881959 ], "point_id": "F20-79361" }, "geometry": { "type": "Polygon", "coordinates": [ [ [ -111.705774, 40.289681 ], [ -111.703392, 40.287851 ], [ -111.70142, 40.286343 ], [ -111.696667, 40.283188 ], [ -111.695505, 40.28235 ], [ -111.69542, 40.282365 ], [ -111.69158, 40.283792 ], [ -111.68958, 40.285822 ], [ -111.686187, 40.289462 ], [ -111.686183, 40.289822 ], [ -111.686242, 40.289896 ], [ -111.686317, 40.289967 ], [ -111.688058, 40.291412 ], [ -111.690756, 40.294027 ], [ -111.693004, 40.29487 ], [ -111.693751, 40.295107 ], [ -111.694205, 40.295212 ], [ -111.697109, 40.295835 ], [ -111.697481, 40.295904 ], [ -111.697816, 40.295773 ], [ -111.700114, 40.294713 ], [ -111.703051, 40.292678 ], [ -111.705608, 40.290207 ], [ -111.7057, 40.29012 ], [ -111.70577, 40.290041 ], [ -111.705774, 40.289681 ] ] ] } },
{ "type": "Feature", "properties": { "group_index": 0, "value": 900.0, "center": [ -111.69597788169509, 40.28974897881959 ], "point_id": "F20-79361" }, "geometry": { "type": "Polygon", "coordinates": [ [ [ -111.710685, 40.289714 ], [ -111.707173, 40.286613 ], [ -111.70382, 40.284278 ], [ -111.70301, 40.283722 ], [ -111.701003, 40.28233 ], [ -111.696493, 40.279181 ], [ -111.695515, 40.278794 ], [ -111.695155, 40.278802 ], [ -111.690369, 40.280216 ], [ -111.690274, 40.28025 ], [ -111.689946, 40.280397 ], [ -111.689509, 40.280781 ], [ -111.687973, 40.28226 ], [ -111.687901, 40.282351 ], [ -111.686504, 40.284025 ], [ -111.683395, 40.28752 ], [ -111.68184, 40.288806 ], [ -111.681129, 40.289398 ], [ -111.681125, 40.289758 ], [ -111.683248, 40.291679 ], [ -111.687027, 40.295011 ], [ -111.690809, 40.297293 ], [ -111.691916, 40.297861 ], [ -111.692031, 40.297898 ], [ -111.695244, 40.298736 ], [ -111.69835, 40.2995 ], [ -111.698855, 40.299368 ], [ -111.701451, 40.297198 ], [ -111.70359, 40.295584 ], [ -111.706315, 40.293622 ], [ -111.710529, 40.29023 ], [ -111.710618, 40.290147 ], [ -111.710683, 40.290074 ], [ -111.710685, 40.289714 ] ] ] } },
{ "type": "Feature", "properties": { "group_index": 0, "value": 300.0, "center": [ -111.87265178881789, 40.89805434137957 ], "point_id": "F16-52139" }, "geometry": { "type": "Polygon", "coordinates": [ [ [ -111.876918, 40.898422 ], [ -111.8734, 40.895266 ], [ -111.87268, 40.894899 ], [ -111.87232, 40.894903 ], [ -111.871643, 40.895129 ], [ -111.869137, 40.897261 ], [ -111.868284, 40.898543 ], [ -111.868269, 40.898592 ], [ -111.868389, 40.898776 ], [ -111.87023, 40.900926 ], [ -111.872513, 40.90184 ], [ -111.87256, 40.90184 ], [ -111.87283, 40.901714 ], [ -111.875378, 40.900073 ], [ -111.876917, 40.898782 ], [ -111.876918, 40.898422 ] ] ] } },
{ "type": "Feature", "properties": { "group_index": 0, "value": 600.0, "center": [ -111.87265178881789, 40.89805434137957 ], "point_id": "F16-52139" }, "geometry": { "type": "Polygon", "coordinates": [ [ [ -111.880731, 40.899334 ], [ -111.88067, 40.897665 ], [ -111.879849, 40.896611 ], [ -111.878202, 40.895213 ], [ -111.877085, 40.894302 ], [ -111.875776, 40.89336 ], [ -111.874105, 40.892165 ], [ -111.872905, 40.891313 ], [ -111.872681, 40.891162 ], [ -111.87209, 40.89117 ], [ -111.869653, 40.892763 ], [ -111.869566, 40.892828 ], [ -111.865535, 40.896235 ], [ -111.863493, 40.89848 ], [ -111.863492, 40.89884 ], [ -111.863545, 40.8989 ], [ -111.866897, 40.901679 ], [ -111.87068, 40.904264 ], [ -111.872134, 40.905423 ], [ -111.872287, 40.905423 ], [ -111.872693, 40.905423 ], [ -111.874269, 40.904494 ], [ -111.876831, 40.902567 ], [ -111.880486, 40.900219 ], [ -111.880729, 40.899694 ], [ -111.880731, 40.899334 ] ] ] } },
{ "type": "Feature", "properties": { "group_index": 0, "value": 900.0, "center": [ -111.87265178881789, 40.89805434137957 ], "point_id": "F16-52139" }, "geometry": { "type": "Polygon", "coordinates": [ [ [ -111.885791, 40.899481 ], [ -111.883674, 40.896797 ], [ -111.881414, 40.89364 ], [ -111.881343, 40.893541 ], [ -111.88109, 40.893328 ], [ -111.876579, 40.890197 ], [ -111.875174, 40.889163 ], [ -111.87394, 40.888243 ], [ -111.872671, 40.887456 ], [ -111.872311, 40.887454 ], [ -111.872197, 40.887464 ], [ -111.870969, 40.88805 ], [ -111.867922, 40.890271 ], [ -111.86585, 40.892009 ], [ -111.863984, 40.893534 ], [ -111.863546, 40.893922 ], [ -111.8605, 40.896685 ], [ -111.859347, 40.898153 ], [ -111.859304, 40.898351 ], [ -111.859416, 40.898709 ], [ -111.859588, 40.898905 ], [ -111.859646, 40.898968 ], [ -111.863686, 40.902934 ], [ -111.865044, 40.90417 ], [ -111.866041, 40.904821 ], [ -111.870425, 40.907851 ], [ -111.872196, 40.909111 ], [ -111.872314, 40.909166 ], [ -111.872674, 40.909168 ], [ -111.874357, 40.90793 ], [ -111.874442, 40.907867 ], [ -111.8756, 40.907031 ], [ -111.879347, 40.904661 ], [ -111.880989, 40.903854 ], [ -111.883129, 40.901896 ], [ -111.88552, 40.89989 ], [ -111.885675, 40.899731 ], [ -111.885682, 40.899721 ], [ -111.885791, 40.899539 ], [ -111.885791, 40.899481 ] ] ] } },
{ "type": "Feature", "properties": { "group_index": 0, "value": 300.0, "center": [ -111.87225466863455, 40.884498005112206 ], "point_id": "F19-75721" }, "geometry": { "type": "Polygon", "coordinates": [ [ [ -111.877001, 40.884191 ], [ -111.876923, 40.884106 ], [ -111.876818, 40.88402 ], [ -111.872863, 40.88074 ], [ -111.872509, 40.880806 ], [ -111.872132, 40.880918 ], [ -111.870458, 40.881808 ], [ -111.867597, 40.884051 ], [ -111.867503, 40.884134 ], [ -111.867429, 40.884201 ], [ -111.867348, 40.884384 ], [ -111.867348, 40.884459 ], [ -111.867432, 40.884561 ], [ -111.869272, 40.886368 ], [ -111.872003, 40.8882 ], [ -111.87208, 40.888234 ], [ -111.87244, 40.888241 ], [ -111.872668, 40.88809 ], [ -111.873412, 40.887567 ], [ -111.873564, 40.88746 ], [ -111.874829, 40.886503 ], [ -111.876445, 40.885278 ], [ -111.876448, 40.885275 ], [ -111.877001, 40.884551 ], [ -111.877001, 40.884191 ] ] ] } },
{ "type": "Feature", "properties": { "group_index": 0, "value": 600.0, "center": [ -111.87225466863455, 40.884498005112206 ], "point_id": "F19-75721" }, "geometry": { "type": "Polygon", "coordinates": [ [ [ -111.881929, 40.884187 ], [ -111.881932, 40.883913 ], [ -111.878473, 40.881511 ], [ -111.87612, 40.879199 ], [ -111.875976, 40.879052 ], [ -111.874136, 40.877229 ], [ -111.8737, 40.877118 ], [ -111.871805, 40.877832 ], [ -111.868496, 40.87933 ], [ -111.867814, 40.879664 ], [ -111.864936, 40.882058 ], [ -111.862291, 40.884215 ], [ -111.862292, 40.884575 ], [ -111.864662, 40.886572 ], [ -111.868714, 40.889832 ], [ -111.868823, 40.889918 ], [ -111.872082, 40.892056 ], [ -111.872442, 40.892064 ], [ -111.874433, 40.890562 ], [ -111.877049, 40.888592 ], [ -111.880804, 40.885816 ], [ -111.881239, 40.885386 ], [ -111.88192, 40.884538 ], [ -111.881929, 40.884187 ] ] ] } },
{ "type": "Feature", "properties": { "group_index": 0, "value": 900.0, "center": [ -111.87225466863455, 40.884498005112206 ], "point_id": "F19-75721" }, "geometry": { "type": "Polygon", "coordinates": [ [ [ -111.88688, 40.884164 ], [ -111.886836, 40.884076 ], [ -111.885845, 40.883231 ], [ -111.882009, 40.879676 ], [ -111.877665, 40.875737 ], [ -111.876639, 40.874614 ], [ -111.875652, 40.87362 ], [ -111.875323, 40.873474 ], [ -111.872089, 40.874196 ], [ -111.8719, 40.874249 ], [ -111.867925, 40.876134 ], [ -111.864879, 40.87763 ], [ -111.863214, 40.878636 ], [ -111.863147, 40.878707 ], [ -111.85958, 40.882918 ], [ -111.858238, 40.883227 ], [ -111.857457, 40.884135 ], [ -111.857443, 40.884273 ], [ -111.857442, 40.884633 ], [ -111.858474, 40.885806 ], [ -111.86059, 40.88794 ], [ -111.863364, 40.889624 ], [ -111.865774, 40.891579 ], [ -111.867606, 40.893109 ], [ -111.87154, 40.895635 ], [ -111.8721, 40.895679 ], [ -111.87246, 40.895679 ], [ -111.872945, 40.895619 ], [ -111.874891, 40.894329 ], [ -111.879299, 40.890667 ], [ -111.880395, 40.889912 ], [ -111.882157, 40.888571 ], [ -111.883714, 40.887398 ], [ -111.884884, 40.886487 ], [ -111.88503, 40.886362 ], [ -111.885819, 40.885625 ], [ -111.886881, 40.884524 ], [ -111.88688, 40.884164 ] ] ] } },
{ "type": "Feature", "properties": { "group_index": 0, "value": 300.0, "center": [ -111.9392733, 40.5539163 ], "point_id": "F20-77762" }, "geometry": { "type": "Polygon", "coordinates": [ [ [ -111.941537, 40.553135 ], [ -111.941536, 40.552775 ], [ -111.941206, 40.552416 ], [ -111.939299, 40.551062 ], [ -111.939047, 40.550911 ], [ -111.938687, 40.550913 ], [ -111.938541, 40.550966 ], [ -111.936632, 40.552131 ], [ -111.935875, 40.55444 ], [ -111.935854, 40.554713 ], [ -111.93634, 40.555254 ], [ -111.938288, 40.556813 ], [ -111.938865, 40.557127 ], [ -111.939248, 40.557128 ], [ -111.939631, 40.557129 ], [ -111.939981, 40.55706 ], [ -111.940979, 40.556093 ], [ -111.941159, 40.555599 ], [ -111.941537, 40.553135 ] ] ] } },
{ "type": "Feature", "properties": { "group_index": 0, "value": 600.0, "center": [ -111.9392733, 40.5539163 ], "point_id": "F20-77762" }, "geometry": { "type": "Polygon", "coordinates": [ [ [ -111.945075, 40.55496 ], [ -111.942952, 40.551163 ], [ -111.94048, 40.548145 ], [ -111.939054, 40.547059 ], [ -111.938694, 40.54706 ], [ -111.938154, 40.547394 ], [ -111.936646, 40.548506 ], [ -111.936643, 40.549103 ], [ -111.935011, 40.553415 ], [ -111.931541, 40.555237 ], [ -111.931544, 40.555597 ], [ -111.931578, 40.555662 ], [ -111.933376, 40.557312 ], [ -111.935323, 40.55896 ], [ -111.938268, 40.560609 ], [ -111.938679, 40.56071 ], [ -111.939039, 40.560712 ], [ -111.941266, 40.559417 ], [ -111.942482, 40.558692 ], [ -111.943261, 40.557934 ], [ -111.944055, 40.557017 ], [ -111.945073, 40.55532 ], [ -111.945075, 40.55496 ] ] ] } },
{ "type": "Feature", "properties": { "group_index": 0, "value": 900.0, "center": [ -111.9392733, 40.5539163 ], "point_id": "F20-77762" }, "geometry": { "type": "Polygon", "coordinates": [ [ [ -111.949433, 40.554505 ], [ -111.949391, 40.553958 ], [ -111.948959, 40.552954 ], [ -111.948496, 40.552304 ], [ -111.948136, 40.552304 ], [ -111.942952, 40.551163 ], [ -111.942241, 40.550519 ], [ -111.940619, 40.54508 ], [ -111.94062, 40.54472 ], [ -111.94015, 40.543986 ], [ -111.939123, 40.543418 ], [ -111.938763, 40.543427 ], [ -111.938476, 40.543533 ], [ -111.93792, 40.543859 ], [ -111.936453, 40.544769 ], [ -111.935377, 40.545552 ], [ -111.935374, 40.545912 ], [ -111.93585, 40.550017 ], [ -111.935011, 40.553415 ], [ -111.930603, 40.554465 ], [ -111.930011, 40.554241 ], [ -111.929337, 40.553927 ], [ -111.928977, 40.553929 ], [ -111.927231, 40.555281 ], [ -111.927231, 40.555641 ], [ -111.92914, 40.557004 ], [ -111.93171, 40.558923 ], [ -111.935346, 40.562349 ], [ -111.935455, 40.562446 ], [ -111.935809, 40.562756 ], [ -111.938313, 40.564285 ], [ -111.938669, 40.564446 ], [ -111.939029, 40.564447 ], [ -111.942197, 40.562331 ], [ -111.944863, 40.560576 ], [ -111.94509, 40.560346 ], [ -111.945166, 40.560248 ], [ -111.948269, 40.555996 ], [ -111.949378, 40.55466 ], [ -111.949433, 40.554505 ] ] ] } },
{ "type": "Feature", "properties": { "group_index": 0, "value": 300.0, "center": [ -111.8847491, 40.7097371 ], "point_id": "F15-44515" }, "geometry": { "type": "Polygon", "coordinates": [ [ [ -111.888911, 40.709592 ], [ -111.888898, 40.709472 ], [ -111.885744, 40.707221 ], [ -111.885661, 40.707163 ], [ -111.885213, 40.707159 ], [ -111.884059, 40.707969 ], [ -111.883967, 40.708039 ], [ -111.883866, 40.708115 ], [ -111.883006, 40.708769 ], [ -111.882928, 40.708829 ], [ -111.882843, 40.708896 ], [ -111.881967, 40.710377 ], [ -111.881796, 40.711085 ], [ -111.8818, 40.711445 ], [ -111.882458, 40.711892 ], [ -111.885133, 40.713111 ], [ -111.885493, 40.713106 ], [ -111.885601, 40.713082 ], [ -111.886097, 40.712911 ], [ -111.887554, 40.711754 ], [ -111.88816, 40.711144 ], [ -111.888246, 40.711038 ], [ -111.888661, 40.710424 ], [ -111.888912, 40.709952 ], [ -111.888911, 40.709592 ] ] ] } },
{ "type": "Feature", "properties": { "group_index": 0, "value": 600.0, "center": [ -111.8847491, 40.7097371 ], "point_id": "F15-44515" }, "geometry": { "type": "Polygon", "coordinates": [ [ [ -111.89367, 40.709699 ], [ -111.893509, 40.709541 ], [ -111.892714, 40.708825 ], [ -111.890518, 40.70709 ], [ -111.887817, 40.70488 ], [ -111.885689, 40.703406 ], [ -111.885604, 40.703407 ], [ -111.885206, 40.703428 ], [ -111.885033, 40.703473 ], [ -111.883486, 40.704383 ], [ -111.881383, 40.706201 ], [ -111.879983, 40.708059 ], [ -111.87857, 40.71239 ], [ -111.878569, 40.71275 ], [ -111.879467, 40.713617 ], [ -111.882439, 40.715643 ], [ -111.885528, 40.716968 ], [ -111.885564, 40.716965 ], [ -111.888969, 40.714419 ], [ -111.890067, 40.713591 ], [ -111.89165, 40.712328 ], [ -111.892527, 40.711637 ], [ -111.892627, 40.711559 ], [ -111.893669, 40.710059 ], [ -111.89367, 40.709699 ] ] ] } },
{ "type": "Feature", "properties": { "group_index": 0, "value": 900.0, "center": [ -111.8847491, 40.7097371 ], "point_id": "F15-44515" }, "geometry": { "type": "Polygon", "coordinates": [ [ [ -111.89663, 40.709232 ], [ -111.896461, 40.707965 ], [ -111.896351, 40.707867 ], [ -111.895422, 40.707128 ], [ -111.892277, 40.704569 ], [ -111.892179, 40.704493 ], [ -111.889447, 40.702405 ], [ -111.886147, 40.699918 ], [ -111.88593, 40.699783 ], [ -111.885721, 40.69968 ], [ -111.885346, 40.699571 ], [ -111.885286, 40.699582 ], [ -111.884935, 40.699801 ], [ -111.88172, 40.702138 ], [ -111.878384, 40.704403 ], [ -111.878236, 40.704524 ], [ -111.876735, 40.706053 ], [ -111.876738, 40.706349 ], [ -111.876738, 40.706352 ], [ -111.876735, 40.706647 ], [ -111.876721, 40.710061 ], [ -111.873734, 40.712475 ], [ -111.873733, 40.712835 ], [ -111.874215, 40.713361 ], [ -111.877742, 40.716049 ], [ -111.879477, 40.717459 ], [ -111.882565, 40.719544 ], [ -111.882597, 40.719543 ], [ -111.888131, 40.71879 ], [ -111.890067, 40.717565 ], [ -111.893923, 40.714414 ], [ -111.894916, 40.713666 ], [ -111.895925, 40.712915 ], [ -111.896156, 40.712616 ], [ -111.896772, 40.710928 ], [ -111.89663, 40.709232 ] ] ] } },
{ "type": "Feature", "properties": { "group_index": 0, "value": 300.0, "center": [ -111.87737674203441, 40.746535391527 ], "point_id": "F10-5798" }, "geometry": { "type": "Polygon", "coordinates": [ [ [ -111.882323, 40.746354 ], [ -111.882126, 40.746194 ], [ -111.880243, 40.74477 ], [ -111.880048, 40.744621 ], [ -111.878444, 40.743448 ], [ -111.876768, 40.74301 ], [ -111.876408, 40.743017 ], [ -111.874756, 40.744495 ], [ -111.873313, 40.746392 ], [ -111.873218, 40.746739 ], [ -111.873651, 40.748044 ], [ -111.874939, 40.749321 ], [ -111.874993, 40.749352 ], [ -111.876731, 40.74998 ], [ -111.876777, 40.74998 ], [ -111.878189, 40.749835 ], [ -111.879183, 40.749231 ], [ -111.882323, 40.746714 ], [ -111.882323, 40.746354 ] ] ] } },
{ "type": "Feature", "properties": { "group_index": 0, "value": 600.0, "center": [ -111.87737674203441, 40.746535391527 ], "point_id": "F10-5798" }, "geometry": { "type": "Polygon", "coordinates": [ [ [ -111.886779, 40.746618 ], [ -111.886702, 40.745924 ], [ -111.886665, 40.745878 ], [ -111.885801, 40.745209 ], [ -111.883283, 40.743296 ], [ -111.880978, 40.741526 ], [ -111.879859, 40.740683 ], [ -111.87708, 40.739416 ], [ -111.87672, 40.739416 ], [ -111.876513, 40.739528 ], [ -111.87584, 40.739903 ], [ -111.873854, 40.741089 ], [ -111.8734, 40.74138 ], [ -111.87269, 40.7419 ], [ -111.871668, 40.743764 ], [ -111.870767, 40.74949 ], [ -111.870749, 40.749606 ], [ -111.870862, 40.749814 ], [ -111.870884, 40.749846 ], [ -111.871198, 40.750128 ], [ -111.873719, 40.751989 ], [ -111.876597, 40.753583 ], [ -111.876957, 40.753581 ], [ -111.877169, 40.753575 ], [ -111.879617, 40.752508 ], [ -111.880176, 40.752137 ], [ -111.88286, 40.750122 ], [ -111.883266, 40.749815 ], [ -111.885246, 40.748276 ], [ -111.886716, 40.747032 ], [ -111.886779, 40.746978 ], [ -111.886779, 40.746618 ] ] ] } },
{ "type": "Feature", "properties": { "group_index": 0, "value": 900.0, "center": [ -111.87737674203441, 40.746535391527 ], "point_id": "F10-5798" }, "geometry": { "type": "Polygon", "coordinates": [ [ [ -111.891476, 40.746499 ], [ -111.889954, 40.744417 ], [ -111.885948, 40.741518 ], [ -111.881549, 40.737725 ], [ -111.876896, 40.735494 ], [ -111.876889, 40.735494 ], [ -111.873749, 40.737409 ], [ -111.873271, 40.737724 ], [ -111.872213, 40.738531 ], [ -111.871076, 40.739386 ], [ -111.87036, 40.739933 ], [ -111.868367, 40.741458 ], [ -111.868297, 40.741523 ], [ -111.868138, 40.741712 ], [ -111.868138, 40.741728 ], [ -111.868305, 40.741883 ], [ -111.86801, 40.747852 ], [ -111.86648, 40.748855 ], [ -111.865972, 40.749478 ], [ -111.865878, 40.74959 ], [ -111.865877, 40.749636 ], [ -111.865972, 40.749838 ], [ -111.866076, 40.750019 ], [ -111.866211, 40.750137 ], [ -111.870879, 40.75372 ], [ -111.873693, 40.755715 ], [ -111.876551, 40.757345 ], [ -111.876993, 40.757442 ], [ -111.877163, 40.757443 ], [ -111.879615, 40.756258 ], [ -111.880686, 40.755634 ], [ -111.883864, 40.753249 ], [ -111.886137, 40.75152 ], [ -111.887999, 40.749995 ], [ -111.889607, 40.74865 ], [ -111.891476, 40.746551 ], [ -111.891476, 40.746499 ] ] ] } },
{ "type": "Feature", "properties": { "group_index": 0, "value": 300.0, "center": [ -111.88357538644823, 40.662923378684276 ], "point_id": "F16-47856" }, "geometry": { "type": "Polygon", "coordinates": [ [ [ -111.888068, 40.664283 ], [ -111.887278, 40.662693 ], [ -111.886045, 40.661618 ], [ -111.882719, 40.660101 ], [ -111.882082, 40.659922 ], [ -111.879764, 40.660767 ], [ -111.879525, 40.660866 ], [ -111.879373, 40.661193 ], [ -111.88008, 40.663001 ], [ -111.881208, 40.66523 ], [ -111.882211, 40.666744 ], [ -111.882571, 40.666747 ], [ -111.884221, 40.666178 ], [ -111.887981, 40.664632 ], [ -111.888068, 40.664283 ] ] ] } },
{ "type": "Feature", "properties": { "group_index": 0, "value": 600.0, "center": [ -111.88357538644823, 40.662923378684276 ], "point_id": "F16-47856" }, "geometry": { "type": "Polygon", "coordinates": [ [ [ -111.892629, 40.663955 ], [ -111.892449, 40.663544 ], [ -111.88952, 40.660496 ], [ -111.888889, 40.65996 ], [ -111.888576, 40.659712 ], [ -111.888409, 40.659584 ], [ -111.88829, 40.659493 ], [ -111.886211, 40.658094 ], [ -111.881178, 40.657388 ], [ -111.878747, 40.657507 ], [ -111.876119, 40.65795 ], [ -111.875803, 40.658123 ], [ -111.874838, 40.659668 ], [ -111.874837, 40.660028 ], [ -111.8774, 40.662327 ], [ -111.877823, 40.666639 ], [ -111.877896, 40.666763 ], [ -111.880459, 40.669212 ], [ -111.882657, 40.670288 ], [ -111.882998, 40.670174 ], [ -111.888284, 40.668061 ], [ -111.888399, 40.667989 ], [ -111.889038, 40.667531 ], [ -111.891502, 40.66578 ], [ -111.891588, 40.665712 ], [ -111.89164, 40.665646 ], [ -111.892249, 40.664856 ], [ -111.892623, 40.664227 ], [ -111.892629, 40.663955 ] ] ] } },
{ "type": "Feature", "properties": { "group_index": 0, "value": 900.0, "center": [ -111.88357538644823, 40.662923378684276 ], "point_id": "F16-47856" }, "geometry": { "type": "Polygon", "coordinates": [ [ [ -111.894873, 40.667344 ], [ -111.896075, 40.661794 ], [ -111.895994, 40.661443 ], [ -111.895841, 40.661327 ], [ -111.891476, 40.657233 ], [ -111.891441, 40.657201 ], [ -111.891417, 40.657187 ], [ -111.889292, 40.656052 ], [ -111.887402, 40.655062 ], [ -111.88528, 40.655007 ], [ -111.879663, 40.655689 ], [ -111.876895, 40.655581 ], [ -111.876592, 40.655578 ], [ -111.872843, 40.655613 ], [ -111.872621, 40.655927 ], [ -111.872481, 40.656627 ], [ -111.872669, 40.656934 ], [ -111.8744, 40.659821 ], [ -111.873625, 40.665006 ], [ -111.873571, 40.665362 ], [ -111.874183, 40.666652 ], [ -111.875526, 40.6681 ], [ -111.879971, 40.671471 ], [ -111.883055, 40.674082 ], [ -111.883077, 40.674082 ], [ -111.883267, 40.673995 ], [ -111.888269, 40.671813 ], [ -111.888389, 40.671738 ], [ -111.888572, 40.671607 ], [ -111.893149, 40.668606 ], [ -111.894868, 40.667704 ], [ -111.894873, 40.667344 ] ] ] } },
{ "type": "Feature", "properties": { "group_index": 0, "value": 300.0, "center": [ -111.85989265997507, 40.738603952549596 ], "point_id": "F20-78220" }, "geometry": { "type": "Polygon", "coordinates": [ [ [ -111.862767, 40.740022 ], [ -111.862553, 40.736957 ], [ -111.861593, 40.736182 ], [ -111.859914, 40.735003 ], [ -111.859554, 40.735 ], [ -111.859445, 40.735065 ], [ -111.856605, 40.736912 ], [ -111.856453, 40.737048 ], [ -111.855597, 40.737907 ], [ -111.855527, 40.737985 ], [ -111.855365, 40.738749 ], [ -111.855364, 40.739109 ], [ -111.856611, 40.740099 ], [ -111.857528, 40.740807 ], [ -111.858936, 40.741817 ], [ -111.85971, 40.742375 ], [ -111.859725, 40.742375 ], [ -111.860561, 40.741819 ], [ -111.860654, 40.74175 ], [ -111.862767, 40.740125 ], [ -111.862767, 40.740022 ] ] ] } },
{ "type": "Feature", "properties": { "group_index": 0, "value": 600.0, "center": [ -111.85989265997507, 40.738603952549596 ], "point_id": "F20-78220" }, "geometry": { "type": "Polygon", "coordinates": [ [ [ -111.86657, 40.73885 ], [ -111.865716, 40.735499 ], [ -111.865622, 40.735428 ], [ -111.862696, 40.733258 ], [ -111.860205, 40.731391 ], [ -111.860047, 40.731315 ], [ -111.859813, 40.731213 ], [ -111.859556, 40.731261 ], [ -111.859024, 40.731521 ], [ -111.85742, 40.732501 ], [ -111.853742, 40.735294 ], [ -111.852469, 40.736182 ], [ -111.850652, 40.737896 ], [ -111.85042, 40.738754 ], [ -111.850419, 40.739114 ], [ -111.852338, 40.741021 ], [ -111.854796, 40.742945 ], [ -111.859349, 40.745946 ], [ -111.859492, 40.74595 ], [ -111.859852, 40.745956 ], [ -111.861576, 40.745209 ], [ -111.861668, 40.745149 ], [ -111.862383, 40.744646 ], [ -111.863744, 40.743508 ], [ -111.865636, 40.741739 ], [ -111.86657, 40.73921 ], [ -111.86657, 40.73885 ] ] ] } },
{ "type": "Feature", "properties": { "group_index": 0, "value": 900.0, "center": [ -111.85989265997507, 40.738603952549596 ], "point_id": "F20-78220" }, "geometry": { "type": "Polygon", "coordinates": [ [ [ -111.871282, 40.738899 ], [ -111.871282, 40.738793 ], [ -111.871282, 40.738793 ], [ -111.871282, 40.738686 ], [ -111.870661, 40.735494 ], [ -111.870585, 40.735422 ], [ -111.87049, 40.735343 ], [ -111.869051, 40.734233 ], [ -111.867964, 40.733413 ], [ -111.863459, 40.729711 ], [ -111.863388, 40.729655 ], [ -111.863311, 40.729598 ], [ -111.862555, 40.729066 ], [ -111.860618, 40.727885 ], [ -111.859931, 40.72751 ], [ -111.859571, 40.72752 ], [ -111.859338, 40.727567 ], [ -111.858849, 40.727887 ], [ -111.856715, 40.729418 ], [ -111.85298, 40.731956 ], [ -111.850844, 40.733622 ], [ -111.84891, 40.735092 ], [ -111.847671, 40.736016 ], [ -111.847572, 40.736092 ], [ -111.845829, 40.737689 ], [ -111.84574, 40.73777 ], [ -111.84574, 40.73813 ], [ -111.845872, 40.738932 ], [ -111.846319, 40.739758 ], [ -111.846704, 40.740341 ], [ -111.850095, 40.743814 ], [ -111.855146, 40.746845 ], [ -111.859222, 40.749715 ], [ -111.859572, 40.749814 ], [ -111.859643, 40.749834 ], [ -111.859701, 40.749819 ], [ -111.862637, 40.748146 ], [ -111.864625, 40.746718 ], [ -111.864732, 40.746636 ], [ -111.864829, 40.746562 ], [ -111.868048, 40.744155 ], [ -111.870454, 40.741913 ], [ -111.870572, 40.741735 ], [ -111.871282, 40.738899 ] ] ] } },
{ "type": "Feature", "properties": { "group_index": 0, "value": 300.0, "center": [ -111.87219523942106, 40.595350147605046 ], "point_id": "F18-68380" }, "geometry": { "type": "Polygon", "coordinates": [ [ [ -111.875937, 40.593953 ], [ -111.875938, 40.593593 ], [ -111.875697, 40.593405 ], [ -111.875137, 40.593036 ], [ -111.872837, 40.591798 ], [ -111.872213, 40.591457 ], [ -111.872095, 40.59145 ], [ -111.867672, 40.594817 ], [ -111.867655, 40.595037 ], [ -111.867656, 40.59514 ], [ -111.8677, 40.595216 ], [ -111.869823, 40.597479 ], [ -111.871051, 40.598457 ], [ -111.871893, 40.599126 ], [ -111.872192, 40.599124 ], [ -111.872372, 40.599096 ], [ -111.872743, 40.598863 ], [ -111.875002, 40.59721 ], [ -111.87586, 40.596494 ], [ -111.875937, 40.593953 ] ] ] } },
{ "type": "Feature", "properties": { "group_index": 0, "value": 600.0, "center": [ -111.87219523942106, 40.595350147605046 ], "point_id": "F18-68380" }, "geometry": { "type": "Polygon", "coordinates": [ [ [ -111.880871, 40.593972 ], [ -111.880873, 40.593612 ], [ -111.877447, 40.591482 ], [ -111.875681, 40.590169 ], [ -111.873305, 40.58846 ], [ -111.872297, 40.587748 ], [ -111.872071, 40.587738 ], [ -111.872035, 40.587737 ], [ -111.871843, 40.587843 ], [ -111.870514, 40.588648 ], [ -111.867413, 40.590595 ], [ -111.865649, 40.591708 ], [ -111.862762, 40.594868 ], [ -111.862769, 40.595228 ], [ -111.864695, 40.5974 ], [ -111.868224, 40.600151 ], [ -111.870655, 40.601929 ], [ -111.872014, 40.602845 ], [ -111.872195, 40.60293 ], [ -111.872319, 40.60293 ], [ -111.87326, 40.60261 ], [ -111.877679, 40.598849 ], [ -111.880796, 40.596511 ], [ -111.880871, 40.593972 ] ] ] } },
{ "type": "Feature", "properties": { "group_index": 0, "value": 900.0, "center": [ -111.87219523942106, 40.595350147605046 ], "point_id": "F18-68380" }, "geometry": { "type": "Polygon", "coordinates": [ [ [ -111.885923, 40.593818 ], [ -111.885923, 40.593769 ], [ -111.885809, 40.59364 ], [ -111.884869, 40.592916 ], [ -111.88394, 40.5922 ], [ -111.883027, 40.591495 ], [ -111.882313, 40.590999 ], [ -111.878228, 40.58814 ], [ -111.873424, 40.58463 ], [ -111.872608, 40.584156 ], [ -111.872407, 40.584144 ], [ -111.872044, 40.584129 ], [ -111.87175, 40.58413 ], [ -111.869582, 40.584696 ], [ -111.868984, 40.58524 ], [ -111.864525, 40.588662 ], [ -111.860753, 40.593177 ], [ -111.858186, 40.594631 ], [ -111.857831, 40.594857 ], [ -111.857831, 40.595217 ], [ -111.859636, 40.597068 ], [ -111.863505, 40.600106 ], [ -111.866887, 40.602908 ], [ -111.869282, 40.604652 ], [ -111.872025, 40.606741 ], [ -111.872345, 40.606577 ], [ -111.873211, 40.606053 ], [ -111.875233, 40.604569 ], [ -111.878732, 40.602172 ], [ -111.881891, 40.599848 ], [ -111.885731, 40.596515 ], [ -111.885805, 40.596411 ], [ -111.885923, 40.593818 ] ] ] } },
{ "type": "Feature", "properties": { "group_index": 0, "value": 300.0, "center": [ -111.86504046524409, 40.763592898916066 ], "point_id": "F13-37075" }, "geometry": { "type": "Polygon", "coordinates": [ [ [ -111.869246, 40.763169 ], [ -111.86925, 40.762809 ], [ -111.869048, 40.76265 ], [ -111.868848, 40.762498 ], [ -111.866492, 40.760646 ], [ -111.8657, 40.760109 ], [ -111.865303, 40.759889 ], [ -111.864943, 40.759889 ], [ -111.864787, 40.75996 ], [ -111.863583, 40.76066 ], [ -111.861043, 40.76281 ], [ -111.861042, 40.76317 ], [ -111.861912, 40.765025 ], [ -111.862035, 40.765125 ], [ -111.863504, 40.766249 ], [ -111.864791, 40.767207 ], [ -111.864992, 40.767361 ], [ -111.865143, 40.767361 ], [ -111.865326, 40.767289 ], [ -111.865983, 40.766942 ], [ -111.866935, 40.766287 ], [ -111.868229, 40.76518 ], [ -111.868372, 40.765029 ], [ -111.868799, 40.764435 ], [ -111.869246, 40.763169 ] ] ] } },
{ "type": "Feature", "properties": { "group_index": 0, "value": 600.0, "center": [ -111.86504046524409, 40.763592898916066 ], "point_id": "F13-37075" }, "geometry": { "type": "Polygon", "coordinates": [ [ [ -111.874312, 40.762989 ], [ -111.874312, 40.762982 ], [ -111.874311, 40.762947 ], [ -111.874179, 40.762809 ], [ -111.874006, 40.762653 ], [ -111.873806, 40.762497 ], [ -111.871477, 40.760654 ], [ -111.871027, 40.7603 ], [ -111.868583, 40.758473 ], [ -111.865609, 40.756292 ], [ -111.865152, 40.755979 ], [ -111.865131, 40.755979 ], [ -111.860816, 40.758389 ], [ -111.856442, 40.762489 ], [ -111.856227, 40.762659 ], [ -111.856229, 40.763019 ], [ -111.856253, 40.763168 ], [ -111.856871, 40.765127 ], [ -111.860184, 40.76752 ], [ -111.861527, 40.76849 ], [ -111.862281, 40.769043 ], [ -111.864076, 40.770376 ], [ -111.865292, 40.770797 ], [ -111.865601, 40.770846 ], [ -111.865643, 40.770846 ], [ -111.869551, 40.76812 ], [ -111.87302, 40.765344 ], [ -111.873323, 40.765031 ], [ -111.874312, 40.763025 ], [ -111.874312, 40.762989 ] ] ] } },
{ "type": "Feature", "properties": { "group_index": 0, "value": 900.0, "center": [ -111.86504046524409, 40.763592898916066 ], "point_id": "F13-37075" }, "geometry": { "type": "Polygon", "coordinates": [ [ [ -111.879126, 40.762807 ], [ -111.878138, 40.76185 ], [ -111.874521, 40.759194 ], [ -111.873243, 40.758155 ], [ -111.872619, 40.757636 ], [ -111.868451, 40.754623 ], [ -111.865598, 40.752533 ], [ -111.865308, 40.752397 ], [ -111.864948, 40.752398 ], [ -111.864832, 40.752426 ], [ -111.862502, 40.753598 ], [ -111.862173, 40.753802 ], [ -111.858783, 40.756142 ], [ -111.856184, 40.758123 ], [ -111.855861, 40.758382 ], [ -111.8518, 40.762305 ], [ -111.851525, 40.762641 ], [ -111.851525, 40.762668 ], [ -111.851985, 40.764979 ], [ -111.852018, 40.765047 ], [ -111.852336, 40.765338 ], [ -111.854714, 40.767207 ], [ -111.854904, 40.767356 ], [ -111.855117, 40.767518 ], [ -111.857725, 40.76954 ], [ -111.859174, 40.770642 ], [ -111.859301, 40.770738 ], [ -111.859439, 40.770841 ], [ -111.860837, 40.771874 ], [ -111.864014, 40.774134 ], [ -111.865296, 40.774544 ], [ -111.865656, 40.774544 ], [ -111.866124, 40.774242 ], [ -111.869287, 40.771979 ], [ -111.872475, 40.76975 ], [ -111.875228, 40.76764 ], [ -111.87697, 40.766254 ], [ -111.878, 40.765342 ], [ -111.87827, 40.765029 ], [ -111.879127, 40.763167 ], [ -111.879126, 40.762807 ] ] ] } },
{ "type": "Feature", "properties": { "group_index": 0, "value": 300.0, "center": [ -111.85684741998669, 40.55842377825216 ], "point_id": "F10-3633" }, "geometry": { "type": "Polygon", "coordinates": [ [ [ -111.861335, 40.558573 ], [ -111.860678, 40.558072 ], [ -111.858657, 40.556554 ], [ -111.855716, 40.556108 ], [ -111.855682, 40.556108 ], [ -111.853386, 40.557766 ], [ -111.852383, 40.558618 ], [ -111.85232, 40.558708 ], [ -111.85232, 40.558797 ], [ -111.852382, 40.558978 ], [ -111.853235, 40.559716 ], [ -111.853915, 40.560195 ], [ -111.854459, 40.56033 ], [ -111.858663, 40.561431 ], [ -111.858981, 40.561262 ], [ -111.861336, 40.558933 ], [ -111.861335, 40.558573 ] ] ] } },
{ "type": "Feature", "properties": { "group_index": 0, "value": 600.0, "center": [ -111.85684741998669, 40.55842377825216 ], "point_id": "F10-3633" }, "geometry": { "type": "Polygon", "coordinates": [ [ [ -111.866268, 40.558578 ], [ -111.866139, 40.558432 ], [ -111.865883, 40.55817 ], [ -111.862908, 40.555693 ], [ -111.861963, 40.555117 ], [ -111.86076, 40.555036 ], [ -111.860357, 40.555016 ], [ -111.860023, 40.555016 ], [ -111.859689, 40.555016 ], [ -111.855716, 40.556108 ], [ -111.8536, 40.554206 ], [ -111.853541, 40.554158 ], [ -111.853181, 40.554168 ], [ -111.850621, 40.556337 ], [ -111.848284, 40.557642 ], [ -111.847243, 40.558556 ], [ -111.847201, 40.558914 ], [ -111.847949, 40.559517 ], [ -111.852008, 40.562589 ], [ -111.853139, 40.564315 ], [ -111.853499, 40.564326 ], [ -111.858856, 40.563889 ], [ -111.859707, 40.564092 ], [ -111.861278, 40.56394 ], [ -111.861582, 40.563748 ], [ -111.862366, 40.563152 ], [ -111.866267, 40.558938 ], [ -111.866268, 40.558578 ] ] ] } },
{ "type": "Feature", "properties": { "group_index": 0, "value": 900.0, "center": [ -111.85684741998669, 40.55842377825216 ], "point_id": "F10-3633" }, "geometry": { "type": "Polygon", "coordinates": [ [ [ -111.871199, 40.558594 ], [ -111.868863, 40.556553 ], [ -111.867112, 40.554995 ], [ -111.8651, 40.55347 ], [ -111.863502, 40.552332 ], [ -111.862943, 40.551944 ], [ -111.861496, 40.551853 ], [ -111.861136, 40.551849 ], [ -111.858675, 40.552289 ], [ -111.853652, 40.550458 ], [ -111.853292, 40.550455 ], [ -111.853147, 40.550493 ], [ -111.849955, 40.552951 ], [ -111.84715, 40.553977 ], [ -111.84306, 40.557093 ], [ -111.843021, 40.557451 ], [ -111.843515, 40.559011 ], [ -111.843662, 40.559339 ], [ -111.846982, 40.562461 ], [ -111.850949, 40.565952 ], [ -111.853113, 40.567182 ], [ -111.853473, 40.567187 ], [ -111.856863, 40.566293 ], [ -111.860413, 40.566044 ], [ -111.863195, 40.566406 ], [ -111.865155, 40.566775 ], [ -111.865906, 40.566156 ], [ -111.866113, 40.565861 ], [ -111.86834, 40.561966 ], [ -111.870111, 40.559956 ], [ -111.8712, 40.558954 ], [ -111.871199, 40.558594 ] ] ] } },
{ "type": "Feature", "properties": { "group_index": 0, "value": 300.0, "center": [ -111.8906698, 40.7212203 ], "point_id": "F20-82120" }, "geometry": { "type": "Polygon", "coordinates": [ [ [ -111.895023, 40.720932 ], [ -111.895023, 40.720572 ], [ -111.894926, 40.720486 ], [ -111.894164, 40.719943 ], [ -111.893561, 40.719504 ], [ -111.891188, 40.717668 ], [ -111.890383, 40.717678 ], [ -111.887954, 40.719479 ], [ -111.887158, 40.720044 ], [ -111.886948, 40.721596 ], [ -111.886962, 40.721629 ], [ -111.887855, 40.722538 ], [ -111.88796, 40.72263 ], [ -111.888558, 40.723132 ], [ -111.889816, 40.724028 ], [ -111.890799, 40.724738 ], [ -111.891157, 40.724709 ], [ -111.891423, 40.72453 ], [ -111.892162, 40.724028 ], [ -111.892256, 40.723958 ], [ -111.893731, 40.722831 ], [ -111.894838, 40.721983 ], [ -111.895023, 40.720932 ] ] ] } },
{ "type": "Feature", "properties": { "group_index": 0, "value": 600.0, "center": [ -111.8906698, 40.7212203 ], "point_id": "F20-82120" }, "geometry": { "type": "Polygon", "coordinates": [ [ [ -111.899738, 40.721415 ], [ -111.899733, 40.721177 ], [ -111.899701, 40.721142 ], [ -111.899584, 40.72102 ], [ -111.898867, 40.720493 ], [ -111.895035, 40.716802 ], [ -111.893549, 40.715693 ], [ -111.892431, 40.714844 ], [ -111.891186, 40.713907 ], [ -111.890826, 40.713895 ], [ -111.890547, 40.714063 ], [ -111.888161, 40.715549 ], [ -111.886253, 40.716914 ], [ -111.884205, 40.718482 ], [ -111.882306, 40.719975 ], [ -111.882214, 40.72005 ], [ -111.882214, 40.72041 ], [ -111.882912, 40.722541 ], [ -111.88337, 40.72296 ], [ -111.885091, 40.72438 ], [ -111.887776, 40.726479 ], [ -111.88943, 40.727561 ], [ -111.890726, 40.728429 ], [ -111.891086, 40.728431 ], [ -111.891259, 40.72839 ], [ -111.891491, 40.728263 ], [ -111.894282, 40.72624 ], [ -111.896176, 40.724775 ], [ -111.896277, 40.724697 ], [ -111.896642, 40.724378 ], [ -111.899701, 40.721502 ], [ -111.899738, 40.721428 ], [ -111.899738, 40.721415 ] ] ] } },
{ "type": "Feature", "properties": { "group_index": 0, "value": 900.0, "center": [ -111.8906698, 40.7212203 ], "point_id": "F20-82120" }, "geometry": { "type": "Polygon", "coordinates": [ [ [ -111.902614, 40.721892 ], [ -111.90262, 40.721532 ], [ -111.902056, 40.719362 ], [ -111.899891, 40.71752 ], [ -111.896653, 40.714221 ], [ -111.894671, 40.712555 ], [ -111.891431, 40.71033 ], [ -111.891175, 40.710211 ], [ -111.890815, 40.71021 ], [ -111.888079, 40.711856 ], [ -111.886895, 40.71255 ], [ -111.883292, 40.715128 ], [ -111.880349, 40.717454 ], [ -111.877362, 40.719975 ], [ -111.87727, 40.720056 ], [ -111.87727, 40.720416 ], [ -111.877602, 40.722544 ], [ -111.879627, 40.723849 ], [ -111.883176, 40.727215 ], [ -111.88666, 40.72949 ], [ -111.890583, 40.732349 ], [ -111.890904, 40.732328 ], [ -111.891519, 40.732031 ], [ -111.895325, 40.729461 ], [ -111.898929, 40.726471 ], [ -111.900094, 40.725596 ], [ -111.90217, 40.723368 ], [ -111.902614, 40.721892 ] ] ] } },
{ "type": "Feature", "properties": { "group_index": 0, "value": 300.0, "center": [ -111.8906698, 40.7212203 ], "point_id": "F20-79280" }, "geometry": { "type": "Polygon", "coordinates": [ [ [ -111.895023, 40.720932 ], [ -111.895023, 40.720572 ], [ -111.894926, 40.720486 ], [ -111.894164, 40.719943 ], [ -111.893561, 40.719504 ], [ -111.891188, 40.717668 ], [ -111.890383, 40.717678 ], [ -111.887954, 40.719479 ], [ -111.887158, 40.720044 ], [ -111.886948, 40.721596 ], [ -111.886962, 40.721629 ], [ -111.887855, 40.722538 ], [ -111.88796, 40.72263 ], [ -111.888558, 40.723132 ], [ -111.889816, 40.724028 ], [ -111.890799, 40.724738 ], [ -111.891157, 40.724709 ], [ -111.891423, 40.72453 ], [ -111.892162, 40.724028 ], [ -111.892256, 40.723958 ], [ -111.893731, 40.722831 ], [ -111.894838, 40.721983 ], [ -111.895023, 40.720932 ] ] ] } },
{ "type": "Feature", "properties": { "group_index": 0, "value": 600.0, "center": [ -111.8906698, 40.7212203 ], "point_id": "F20-79280" }, "geometry": { "type": "Polygon", "coordinates": [ [ [ -111.899738, 40.721415 ], [ -111.899733, 40.721177 ], [ -111.899701, 40.721142 ], [ -111.899584, 40.72102 ], [ -111.898867, 40.720493 ], [ -111.895035, 40.716802 ], [ -111.893549, 40.715693 ], [ -111.892431, 40.714844 ], [ -111.891186, 40.713907 ], [ -111.890826, 40.713895 ], [ -111.890547, 40.714063 ], [ -111.888161, 40.715549 ], [ -111.886253, 40.716914 ], [ -111.884205, 40.718482 ], [ -111.882306, 40.719975 ], [ -111.882214, 40.72005 ], [ -111.882214, 40.72041 ], [ -111.882912, 40.722541 ], [ -111.88337, 40.72296 ], [ -111.885091, 40.72438 ], [ -111.887776, 40.726479 ], [ -111.88943, 40.727561 ], [ -111.890726, 40.728429 ], [ -111.891086, 40.728431 ], [ -111.891259, 40.72839 ], [ -111.891491, 40.728263 ], [ -111.894282, 40.72624 ], [ -111.896176, 40.724775 ], [ -111.896277, 40.724697 ], [ -111.896642, 40.724378 ], [ -111.899701, 40.721502 ], [ -111.899738, 40.721428 ], [ -111.899738, 40.721415 ] ] ] } },
{ "type": "Feature", "properties": { "group_index": 0, "value": 900.0, "center": [ -111.8906698, 40.7212203 ], "point_id": "F20-79280" }, "geometry": { "type": "Polygon", "coordinates": [ [ [ -111.902614, 40.721892 ], [ -111.90262, 40.721532 ], [ -111.902056, 40.719362 ], [ -111.899891, 40.71752 ], [ -111.896653, 40.714221 ], [ -111.894671, 40.712555 ], [ -111.891431, 40.71033 ], [ -111.891175, 40.710211 ], [ -111.890815, 40.71021 ], [ -111.888079, 40.711856 ], [ -111.886895, 40.71255 ], [ -111.883292, 40.715128 ], [ -111.880349, 40.717454 ], [ -111.877362, 40.719975 ], [ -111.87727, 40.720056 ], [ -111.87727, 40.720416 ], [ -111.877602, 40.722544 ], [ -111.879627, 40.723849 ], [ -111.883176, 40.727215 ], [ -111.88666, 40.72949 ], [ -111.890583, 40.732349 ], [ -111.890904, 40.732328 ], [ -111.891519, 40.732031 ], [ -111.895325, 40.729461 ], [ -111.898929, 40.726471 ], [ -111.900094, 40.725596 ], [ -111.90217, 40.723368 ], [ -111.902614, 40.721892 ] ] ] } },
{ "type": "Feature", "properties": { "group_index": 0, "value": 300.0, "center": [ -111.99597069072492, 41.18156370022306 ], "point_id": "F10-8504" }, "geometry": { "type": "Polygon", "coordinates": [ [ [ -112.000172, 41.182153 ], [ -111.998698, 41.180479 ], [ -111.997557, 41.179298 ], [ -111.997379, 41.179194 ], [ -111.99569, 41.178514 ], [ -111.995576, 41.178514 ], [ -111.995457, 41.178606 ], [ -111.994365, 41.179578 ], [ -111.992819, 41.181292 ], [ -111.991881, 41.182503 ], [ -111.991776, 41.182702 ], [ -111.99175, 41.182901 ], [ -111.995595, 41.18529 ], [ -111.99595, 41.185226 ], [ -111.998685, 41.183664 ], [ -112.000157, 41.182513 ], [ -112.000172, 41.182153 ] ] ] } },
{ "type": "Feature", "properties": { "group_index": 0, "value": 600.0, "center": [ -111.99597069072492, 41.18156370022306 ], "point_id": "F10-8504" }, "geometry": { "type": "Polygon", "coordinates": [ [ [ -112.005144, 41.182361 ], [ -112.002015, 41.177697 ], [ -112.001867, 41.177571 ], [ -111.997859, 41.175325 ], [ -111.997372, 41.175325 ], [ -111.994195, 41.176095 ], [ -111.99256, 41.176521 ], [ -111.992167, 41.177759 ], [ -111.989691, 41.182553 ], [ -111.98898, 41.183452 ], [ -111.989193, 41.183742 ], [ -111.99288, 41.186896 ], [ -111.996235, 41.188935 ], [ -111.99659, 41.18888 ], [ -112.000375, 41.186214 ], [ -112.004945, 41.182867 ], [ -112.005127, 41.18272 ], [ -112.005144, 41.182361 ] ] ] } },
{ "type": "Feature", "properties": { "group_index": 0, "value": 900.0, "center": [ -111.99597069072492, 41.18156370022306 ], "point_id": "F10-8504" }, "geometry": { "type": "Polygon", "coordinates": [ [ [ -112.010162, 41.182548 ], [ -112.009708, 41.182156 ], [ -112.007742, 41.180039 ], [ -112.006608, 41.176408 ], [ -112.006486, 41.176069 ], [ -112.006354, 41.17595 ], [ -112.004538, 41.175072 ], [ -112.000179, 41.172326 ], [ -111.999916, 41.172413 ], [ -111.994155, 41.172808 ], [ -111.993861, 41.172878 ], [ -111.993729, 41.173001 ], [ -111.993276, 41.173856 ], [ -111.993001, 41.175045 ], [ -111.99256, 41.176521 ], [ -111.990113, 41.181018 ], [ -111.986003, 41.184962 ], [ -111.985928, 41.185228 ], [ -111.985943, 41.185373 ], [ -111.985983, 41.185543 ], [ -111.98608, 41.185941 ], [ -111.986323, 41.186207 ], [ -111.987968, 41.186116 ], [ -111.991688, 41.190174 ], [ -111.994423, 41.192015 ], [ -111.994766, 41.192124 ], [ -111.996961, 41.192692 ], [ -111.997061, 41.19266 ], [ -111.997284, 41.192534 ], [ -111.999806, 41.191077 ], [ -112.002324, 41.188948 ], [ -112.006505, 41.186036 ], [ -112.010094, 41.182994 ], [ -112.010174, 41.182908 ], [ -112.010162, 41.182548 ] ] ] } },
{ "type": "Feature", "properties": { "group_index": 0, "value": 300.0, "center": [ -111.64669534621241, 40.23069826644351 ], "point_id": "F16-52035" }, "geometry": { "type": "Polygon", "coordinates": [ [ [ -111.651366, 40.230717 ], [ -111.650482, 40.229591 ], [ -111.65033, 40.229448 ], [ -111.650263, 40.229386 ], [ -111.648844, 40.228274 ], [ -111.648581, 40.228072 ], [ -111.648345, 40.227972 ], [ -111.645748, 40.227393 ], [ -111.645078, 40.227262 ], [ -111.644911, 40.227321 ], [ -111.644622, 40.227535 ], [ -111.644061, 40.2281 ], [ -111.642822, 40.229614 ], [ -111.643058, 40.231556 ], [ -111.643139, 40.231906 ], [ -111.643235, 40.232015 ], [ -111.645497, 40.233868 ], [ -111.645751, 40.234033 ], [ -111.646432, 40.234338 ], [ -111.646792, 40.23434 ], [ -111.647583, 40.234098 ], [ -111.651104, 40.231283 ], [ -111.651364, 40.231077 ], [ -111.651366, 40.230717 ] ] ] } },
{ "type": "Feature", "properties": { "group_index": 0, "value": 600.0, "center": [ -111.64669534621241, 40.23069826644351 ], "point_id": "F16-52035" }, "geometry": { "type": "Polygon", "coordinates": [ [ [ -111.656274, 40.230733 ], [ -111.655382, 40.229613 ], [ -111.65524, 40.229448 ], [ -111.653767, 40.228284 ], [ -111.64947, 40.224614 ], [ -111.648578, 40.224052 ], [ -111.648218, 40.224054 ], [ -111.642649, 40.224018 ], [ -111.64247, 40.224069 ], [ -111.642181, 40.224285 ], [ -111.641103, 40.22571 ], [ -111.638173, 40.229611 ], [ -111.63817, 40.229971 ], [ -111.640576, 40.233992 ], [ -111.641841, 40.234943 ], [ -111.644078, 40.236605 ], [ -111.645694, 40.237809 ], [ -111.646416, 40.238086 ], [ -111.646776, 40.238087 ], [ -111.646844, 40.238046 ], [ -111.648295, 40.237177 ], [ -111.648416, 40.237101 ], [ -111.649171, 40.236576 ], [ -111.650764, 40.235436 ], [ -111.652548, 40.234137 ], [ -111.656161, 40.231181 ], [ -111.656272, 40.231093 ], [ -111.656274, 40.230733 ] ] ] } },
{ "type": "Feature", "properties": { "group_index": 0, "value": 900.0, "center": [ -111.64669534621241, 40.23069826644351 ], "point_id": "F16-52035" }, "geometry": { "type": "Polygon", "coordinates": [ [ [ -111.661138, 40.230746 ], [ -111.660234, 40.229415 ], [ -111.659812, 40.228975 ], [ -111.655299, 40.225649 ], [ -111.655152, 40.225553 ], [ -111.654317, 40.225543 ], [ -111.648999, 40.223235 ], [ -111.648678, 40.222928 ], [ -111.646815, 40.221447 ], [ -111.646455, 40.221444 ], [ -111.642933, 40.221924 ], [ -111.640335, 40.22081 ], [ -111.640215, 40.220767 ], [ -111.640016, 40.220822 ], [ -111.63973, 40.22104 ], [ -111.638903, 40.221901 ], [ -111.637679, 40.223538 ], [ -111.635666, 40.22718 ], [ -111.633543, 40.228995 ], [ -111.633171, 40.229483 ], [ -111.633146, 40.229561 ], [ -111.63314, 40.229921 ], [ -111.635805, 40.233934 ], [ -111.637593, 40.236559 ], [ -111.637836, 40.236824 ], [ -111.637992, 40.236966 ], [ -111.643096, 40.239585 ], [ -111.644199, 40.240399 ], [ -111.64592, 40.241578 ], [ -111.646391, 40.241832 ], [ -111.646652, 40.241959 ], [ -111.646659, 40.241959 ], [ -111.648838, 40.240642 ], [ -111.652253, 40.238021 ], [ -111.654137, 40.236598 ], [ -111.65593, 40.235273 ], [ -111.657924, 40.233755 ], [ -111.658256, 40.233502 ], [ -111.659483, 40.232529 ], [ -111.660994, 40.2313 ], [ -111.661078, 40.231196 ], [ -111.661137, 40.231106 ], [ -111.661138, 40.230746 ] ] ] } },
{ "type": "Feature", "properties": { "group_index": 0, "value": 300.0, "center": [ -111.6885542, 40.2805965 ], "point_id": "F20-78520" }, "geometry": { "type": "Polygon", "coordinates": [ [ [ -111.69242, 40.281339 ], [ -111.689833, 40.278628 ], [ -111.689719, 40.278569 ], [ -111.689484, 40.278455 ], [ -111.68766, 40.277715 ], [ -111.686742, 40.277402 ], [ -111.686413, 40.277546 ], [ -111.686199, 40.277679 ], [ -111.685797, 40.278108 ], [ -111.68367, 40.280413 ], [ -111.683672, 40.280773 ], [ -111.684774, 40.281602 ], [ -111.685469, 40.28209 ], [ -111.685566, 40.282158 ], [ -111.687303, 40.283203 ], [ -111.68931, 40.283847 ], [ -111.689311, 40.283847 ], [ -111.691464, 40.282698 ], [ -111.691565, 40.28261 ], [ -111.691635, 40.282547 ], [ -111.692086, 40.282069 ], [ -111.692418, 40.281699 ], [ -111.69242, 40.281339 ] ] ] } },
{ "type": "Feature", "properties": { "group_index": 0, "value": 600.0, "center": [ -111.6885542, 40.2805965 ], "point_id": "F20-78520" }, "geometry": { "type": "Polygon", "coordinates": [ [ [ -111.696638, 40.282325 ], [ -111.694708, 40.278688 ], [ -111.694697, 40.278669 ], [ -111.694664, 40.27861 ], [ -111.692327, 40.276782 ], [ -111.691254, 40.275938 ], [ -111.6906, 40.275593 ], [ -111.686337, 40.274095 ], [ -111.685197, 40.273824 ], [ -111.684865, 40.273964 ], [ -111.684504, 40.274228 ], [ -111.682503, 40.276286 ], [ -111.681245, 40.27875 ], [ -111.681019, 40.28208 ], [ -111.681006, 40.282378 ], [ -111.681007, 40.282607 ], [ -111.685033, 40.285544 ], [ -111.685325, 40.285764 ], [ -111.6856, 40.285965 ], [ -111.6907, 40.287295 ], [ -111.69103, 40.28715 ], [ -111.692927, 40.286259 ], [ -111.693012, 40.286178 ], [ -111.694291, 40.284865 ], [ -111.696417, 40.2827 ], [ -111.696519, 40.282555 ], [ -111.696639, 40.282371 ], [ -111.696638, 40.282325 ] ] ] } },
{ "type": "Feature", "properties": { "group_index": 0, "value": 900.0, "center": [ -111.6885542, 40.2805965 ], "point_id": "F20-78520" }, "geometry": { "type": "Polygon", "coordinates": [ [ [ -111.701844, 40.282349 ], [ -111.701575, 40.282117 ], [ -111.698488, 40.278528 ], [ -111.69784, 40.27714 ], [ -111.6931, 40.273637 ], [ -111.692347, 40.273069 ], [ -111.690513, 40.271772 ], [ -111.685564, 40.270674 ], [ -111.683627, 40.270243 ], [ -111.683297, 40.270386 ], [ -111.683078, 40.270526 ], [ -111.680031, 40.273419 ], [ -111.677939, 40.276715 ], [ -111.676028, 40.282285 ], [ -111.676038, 40.282366 ], [ -111.676038, 40.282366 ], [ -111.676048, 40.282447 ], [ -111.676108, 40.282523 ], [ -111.676519, 40.282937 ], [ -111.679111, 40.285165 ], [ -111.683315, 40.28798 ], [ -111.684544, 40.288931 ], [ -111.685742, 40.289721 ], [ -111.690764, 40.290452 ], [ -111.692304, 40.290911 ], [ -111.692466, 40.290888 ], [ -111.692538, 40.290867 ], [ -111.694517, 40.289893 ], [ -111.696633, 40.286784 ], [ -111.69814, 40.285239 ], [ -111.701833, 40.282709 ], [ -111.701844, 40.282349 ] ] ] } },
{ "type": "Feature", "properties": { "group_index": 0, "value": 300.0, "center": [ -111.96833502703159, 41.19133453412425 ], "point_id": "F17-58044" }, "geometry": { "type": "Polygon", "coordinates": [ [ [ -111.972582, 41.191753 ], [ -111.972489, 41.190297 ], [ -111.971577, 41.189284 ], [ -111.96856, 41.18759 ], [ -111.9682, 41.187586 ], [ -111.967935, 41.187736 ], [ -111.964549, 41.190219 ], [ -111.964423, 41.190329 ], [ -111.964155, 41.191809 ], [ -111.965604, 41.193221 ], [ -111.966614, 41.193992 ], [ -111.967806, 41.194944 ], [ -111.968045, 41.195081 ], [ -111.968405, 41.195079 ], [ -111.96993, 41.194034 ], [ -111.971441, 41.192941 ], [ -111.972576, 41.192113 ], [ -111.972582, 41.191753 ] ] ] } },
{ "type": "Feature", "properties": { "group_index": 0, "value": 600.0, "center": [ -111.96833502703159, 41.19133453412425 ], "point_id": "F17-58044" }, "geometry": { "type": "Polygon", "coordinates": [ [ [ -111.977342, 41.191265 ], [ -111.975225, 41.188187 ], [ -111.971651, 41.185935 ], [ -111.968599, 41.183843 ], [ -111.96818, 41.183838 ], [ -111.965566, 41.185757 ], [ -111.962804, 41.18749 ], [ -111.959864, 41.189139 ], [ -111.959763, 41.189204 ], [ -111.959673, 41.189715 ], [ -111.959681, 41.18981 ], [ -111.960373, 41.191078 ], [ -111.962999, 41.19497 ], [ -111.964156, 41.195923 ], [ -111.966716, 41.197908 ], [ -111.967987, 41.198822 ], [ -111.968347, 41.198832 ], [ -111.96961, 41.198305 ], [ -111.971419, 41.196703 ], [ -111.972699, 41.195732 ], [ -111.976697, 41.193517 ], [ -111.976914, 41.193289 ], [ -111.977342, 41.191265 ] ] ] } },
{ "type": "Feature", "properties": { "group_index": 0, "value": 900.0, "center": [ -111.96833502703159, 41.19133453412425 ], "point_id": "F17-58044" }, "geometry": { "type": "Polygon", "coordinates": [ [ [ -111.981259, 41.193034 ], [ -111.981263, 41.19295 ], [ -111.981047, 41.191303 ], [ -111.980975, 41.19088 ], [ -111.980506, 41.189118 ], [ -111.979779, 41.188049 ], [ -111.979528, 41.187791 ], [ -111.974816, 41.1844 ], [ -111.973981, 41.183253 ], [ -111.973714, 41.183073 ], [ -111.970913, 41.181199 ], [ -111.968351, 41.179988 ], [ -111.968021, 41.180132 ], [ -111.966992, 41.180837 ], [ -111.962822, 41.183762 ], [ -111.959286, 41.18568 ], [ -111.957243, 41.186654 ], [ -111.954958, 41.188165 ], [ -111.954885, 41.188266 ], [ -111.954792, 41.188613 ], [ -111.95674, 41.191052 ], [ -111.958021, 41.194933 ], [ -111.959439, 41.196102 ], [ -111.961725, 41.197858 ], [ -111.964274, 41.19984 ], [ -111.967771, 41.202788 ], [ -111.968131, 41.202798 ], [ -111.972114, 41.200032 ], [ -111.973996, 41.198549 ], [ -111.974582, 41.198118 ], [ -111.979644, 41.195925 ], [ -111.980484, 41.195396 ], [ -111.981259, 41.193034 ] ] ] } },
{ "type": "Feature", "properties": { "group_index": 0, "value": 300.0, "center": [ -111.88549627427042, 40.88896528647045 ], "point_id": "F10-3773" }, "geometry": { "type": "Polygon", "coordinates": [ [ [ -111.889977, 40.889127 ], [ -111.887298, 40.886251 ], [ -111.885557, 40.885105 ], [ -111.885465, 40.885086 ], [ -111.885408, 40.885086 ], [ -111.884036, 40.88613 ], [ -111.882651, 40.887175 ], [ -111.881371, 40.88816 ], [ -111.881321, 40.888215 ], [ -111.880997, 40.8891 ], [ -111.881003, 40.88946 ], [ -111.881099, 40.889607 ], [ -111.882457, 40.890664 ], [ -111.885109, 40.892622 ], [ -111.885309, 40.892698 ], [ -111.885669, 40.892689 ], [ -111.885797, 40.892615 ], [ -111.88629, 40.892281 ], [ -111.887263, 40.891567 ], [ -111.888875, 40.890385 ], [ -111.889914, 40.889559 ], [ -111.889977, 40.889487 ], [ -111.889977, 40.889127 ] ] ] } },
{ "type": "Feature", "properties": { "group_index": 0, "value": 600.0, "center": [ -111.88549627427042, 40.88896528647045 ], "point_id": "F10-3773" }, "geometry": { "type": "Polygon", "coordinates": [ [ [ -111.894655, 40.889605 ], [ -111.89448, 40.889068 ], [ -111.894259, 40.888715 ], [ -111.893877, 40.888293 ], [ -111.891642, 40.885803 ], [ -111.889257, 40.883993 ], [ -111.887112, 40.882463 ], [ -111.885532, 40.881356 ], [ -111.885482, 40.881356 ], [ -111.882726, 40.883342 ], [ -111.882555, 40.883466 ], [ -111.879945, 40.885419 ], [ -111.877811, 40.887075 ], [ -111.876494, 40.888111 ], [ -111.87642, 40.888178 ], [ -111.876107, 40.889221 ], [ -111.876064, 40.889517 ], [ -111.876109, 40.889581 ], [ -111.877365, 40.890616 ], [ -111.877434, 40.890672 ], [ -111.88012, 40.892699 ], [ -111.882013, 40.894111 ], [ -111.884417, 40.895834 ], [ -111.885314, 40.896435 ], [ -111.885674, 40.896432 ], [ -111.885909, 40.896355 ], [ -111.888237, 40.894709 ], [ -111.888985, 40.894197 ], [ -111.893037, 40.890981 ], [ -111.893266, 40.890806 ], [ -111.893464, 40.890653 ], [ -111.894656, 40.889716 ], [ -111.894655, 40.889605 ] ] ] } },
{ "type": "Feature", "properties": { "group_index": 0, "value": 900.0, "center": [ -111.88549627427042, 40.88896528647045 ], "point_id": "F10-3773" }, "geometry": { "type": "Polygon", "coordinates": [ [ [ -111.895931, 40.890018 ], [ -111.895806, 40.887204 ], [ -111.89489, 40.884525 ], [ -111.894539, 40.883943 ], [ -111.892512, 40.88263 ], [ -111.888915, 40.87938 ], [ -111.886663, 40.877718 ], [ -111.886349, 40.877543 ], [ -111.886105, 40.877509 ], [ -111.885387, 40.877758 ], [ -111.880526, 40.881071 ], [ -111.876654, 40.884017 ], [ -111.876422, 40.884189 ], [ -111.871783, 40.887791 ], [ -111.871494, 40.888138 ], [ -111.871399, 40.888485 ], [ -111.871371, 40.888609 ], [ -111.871743, 40.890029 ], [ -111.872408, 40.890629 ], [ -111.873693, 40.891605 ], [ -111.877038, 40.894725 ], [ -111.878323, 40.895623 ], [ -111.878941, 40.895898 ], [ -111.879022, 40.895901 ], [ -111.879301, 40.895901 ], [ -111.884129, 40.89848 ], [ -111.884636, 40.899719 ], [ -111.884873, 40.899887 ], [ -111.885313, 40.900178 ], [ -111.885673, 40.900179 ], [ -111.885789, 40.900135 ], [ -111.88589, 40.900092 ], [ -111.886197, 40.899895 ], [ -111.886417, 40.899726 ], [ -111.890383, 40.896328 ], [ -111.892269, 40.895452 ], [ -111.892937, 40.894998 ], [ -111.893171, 40.894836 ], [ -111.89382, 40.894322 ], [ -111.893894, 40.894261 ], [ -111.893938, 40.894216 ], [ -111.895489, 40.891468 ], [ -111.89593, 40.890467 ], [ -111.895931, 40.890018 ] ] ] } },
{ "type": "Feature", "properties": { "group_index": 0, "value": 300.0, "center": [ -111.94080581485848, 41.074323196326866 ], "point_id": "F10-27640" }, "geometry": { "type": "Polygon", "coordinates": [ [ [ -111.945776, 41.074153 ], [ -111.945684, 41.07407 ], [ -111.943739, 41.07248 ], [ -111.94355, 41.072413 ], [ -111.940912, 41.071793 ], [ -111.940122, 41.071662 ], [ -111.93982, 41.071667 ], [ -111.938326, 41.07213 ], [ -111.938096, 41.072276 ], [ -111.935938, 41.074058 ], [ -111.935839, 41.074165 ], [ -111.935748, 41.074342 ], [ -111.935747, 41.074407 ], [ -111.935843, 41.074525 ], [ -111.938274, 41.077074 ], [ -111.938322, 41.077106 ], [ -111.938427, 41.077161 ], [ -111.939201, 41.077402 ], [ -111.941354, 41.077533 ], [ -111.941714, 41.07753 ], [ -111.941794, 41.077476 ], [ -111.943102, 41.076491 ], [ -111.945776, 41.074513 ], [ -111.945776, 41.074153 ] ] ] } },
{ "type": "Feature", "properties": { "group_index": 0, "value": 600.0, "center": [ -111.94080581485848, 41.074323196326866 ], "point_id": "F10-27640" }, "geometry": { "type": "Polygon", "coordinates": [ [ [ -111.950721, 41.074487 ], [ -111.950665, 41.074296 ], [ -111.950062, 41.07353 ], [ -111.946845, 41.070864 ], [ -111.94517, 41.069495 ], [ -111.945088, 41.069453 ], [ -111.940405, 41.069645 ], [ -111.939043, 41.069242 ], [ -111.938684, 41.069155 ], [ -111.937766, 41.068992 ], [ -111.93577, 41.070194 ], [ -111.931664, 41.074336 ], [ -111.93054, 41.074583 ], [ -111.930479, 41.074938 ], [ -111.933258, 41.076878 ], [ -111.935641, 41.07881 ], [ -111.940023, 41.081032 ], [ -111.940383, 41.081029 ], [ -111.943263, 41.080383 ], [ -111.943428, 41.08034 ], [ -111.945972, 41.078086 ], [ -111.950644, 41.074839 ], [ -111.950721, 41.074487 ] ] ] } },
{ "type": "Feature", "properties": { "group_index": 0, "value": 900.0, "center": [ -111.94080581485848, 41.074323196326866 ], "point_id": "F10-27640" }, "geometry": { "type": "Polygon", "coordinates": [ [ [ -111.956273, 41.074526 ], [ -111.95367, 41.072505 ], [ -111.950393, 41.069747 ], [ -111.948768, 41.067673 ], [ -111.948615, 41.067513 ], [ -111.947324, 41.067019 ], [ -111.943852, 41.066321 ], [ -111.940863, 41.066816 ], [ -111.936217, 41.067014 ], [ -111.933592, 41.068139 ], [ -111.92972, 41.071972 ], [ -111.926156, 41.074886 ], [ -111.926198, 41.075243 ], [ -111.930456, 41.078843 ], [ -111.934109, 41.08164 ], [ -111.935349, 41.082574 ], [ -111.937543, 41.083134 ], [ -111.93764, 41.083154 ], [ -111.93778, 41.083122 ], [ -111.941471, 41.082389 ], [ -111.946744, 41.08221 ], [ -111.947119, 41.082179 ], [ -111.950824, 41.078764 ], [ -111.952414, 41.077395 ], [ -111.956271, 41.074886 ], [ -111.956273, 41.074526 ] ] ] } },
{ "type": "Feature", "properties": { "group_index": 0, "value": 300.0, "center": [ -112.06702881773646, 40.69639351608831 ], "point_id": "F10-27588" }, "geometry": { "type": "Polygon", "coordinates": [ [ [ -112.071818, 40.696308 ], [ -112.069984, 40.694374 ], [ -112.069575, 40.693975 ], [ -112.06929, 40.693754 ], [ -112.068544, 40.69335 ], [ -112.068184, 40.69335 ], [ -112.068103, 40.693358 ], [ -112.067153, 40.693551 ], [ -112.065908, 40.693832 ], [ -112.063418, 40.695098 ], [ -112.061644, 40.696429 ], [ -112.061645, 40.696789 ], [ -112.065676, 40.699533 ], [ -112.066036, 40.699533 ], [ -112.067906, 40.699237 ], [ -112.06903, 40.698747 ], [ -112.070314, 40.697804 ], [ -112.071353, 40.697031 ], [ -112.071818, 40.696668 ], [ -112.071818, 40.696308 ] ] ] } },
{ "type": "Feature", "properties": { "group_index": 0, "value": 600.0, "center": [ -112.06702881773646, 40.69639351608831 ], "point_id": "F10-27588" }, "geometry": { "type": "Polygon", "coordinates": [ [ [ -112.076785, 40.696414 ], [ -112.076761, 40.696303 ], [ -112.073838, 40.693154 ], [ -112.073134, 40.692453 ], [ -112.068852, 40.689532 ], [ -112.06876, 40.689505 ], [ -112.0684, 40.689498 ], [ -112.067582, 40.689518 ], [ -112.062903, 40.69182 ], [ -112.062784, 40.691904 ], [ -112.062325, 40.692226 ], [ -112.058476, 40.695236 ], [ -112.057276, 40.69633 ], [ -112.057276, 40.69669 ], [ -112.057307, 40.696795 ], [ -112.058652, 40.697776 ], [ -112.062785, 40.700979 ], [ -112.065815, 40.703005 ], [ -112.066172, 40.702954 ], [ -112.070202, 40.701799 ], [ -112.071784, 40.700793 ], [ -112.071838, 40.700748 ], [ -112.07439, 40.698524 ], [ -112.076785, 40.696774 ], [ -112.076785, 40.696414 ] ] ] } },
{ "type": "Feature", "properties": { "group_index": 0, "value": 900.0, "center": [ -112.06702881773646, 40.69639351608831 ], "point_id": "F10-27588" }, "geometry": { "type": "Polygon", "coordinates": [ [ [ -112.081703, 40.696314 ], [ -112.081671, 40.696236 ], [ -112.077582, 40.692245 ], [ -112.076796, 40.691257 ], [ -112.073909, 40.688606 ], [ -112.07371, 40.688445 ], [ -112.073017, 40.687908 ], [ -112.072931, 40.687846 ], [ -112.072571, 40.687839 ], [ -112.066778, 40.68764 ], [ -112.066043, 40.687546 ], [ -112.065724, 40.687507 ], [ -112.065391, 40.687467 ], [ -112.065172, 40.687458 ], [ -112.064953, 40.68745 ], [ -112.062916, 40.688078 ], [ -112.060832, 40.689151 ], [ -112.058726, 40.691468 ], [ -112.054449, 40.693973 ], [ -112.052134, 40.696465 ], [ -112.052123, 40.696825 ], [ -112.056278, 40.700231 ], [ -112.060327, 40.703381 ], [ -112.063079, 40.704855 ], [ -112.065837, 40.706517 ], [ -112.066196, 40.706516 ], [ -112.071373, 40.705143 ], [ -112.075039, 40.702441 ], [ -112.075571, 40.702016 ], [ -112.079224, 40.698611 ], [ -112.081573, 40.696773 ], [ -112.081702, 40.696674 ], [ -112.081703, 40.696314 ] ] ] } },
{ "type": "Feature", "properties": { "group_index": 0, "value": 300.0, "center": [ -111.77931700467414, 40.44740669774641 ], "point_id": "F10-28499" }, "geometry": { "type": "Polygon", "coordinates": [ [ [ -111.783362, 40.445161 ], [ -111.783117, 40.444896 ], [ -111.782965, 40.444861 ], [ -111.781884, 40.444707 ], [ -111.781524, 40.444713 ], [ -111.77654, 40.445928 ], [ -111.774792, 40.446348 ], [ -111.774674, 40.446689 ], [ -111.774698, 40.447365 ], [ -111.776025, 40.449275 ], [ -111.7761, 40.449351 ], [ -111.776444, 40.449682 ], [ -111.777773, 40.450688 ], [ -111.778133, 40.450691 ], [ -111.78166, 40.45037 ], [ -111.781988, 40.450292 ], [ -111.783362, 40.445161 ] ] ] } },
{ "type": "Feature", "properties": { "group_index": 0, "value": 600.0, "center": [ -111.77931700467414, 40.44740669774641 ], "point_id": "F10-28499" }, "geometry": { "type": "Polygon", "coordinates": [ [ [ -111.786696, 40.449474 ], [ -111.786695, 40.449464 ], [ -111.786609, 40.449223 ], [ -111.785761, 40.447311 ], [ -111.785329, 40.442384 ], [ -111.785285, 40.442322 ], [ -111.784445, 40.441626 ], [ -111.784088, 40.44158 ], [ -111.779825, 40.44188 ], [ -111.779332, 40.442187 ], [ -111.773728, 40.443006 ], [ -111.773369, 40.443001 ], [ -111.770727, 40.445308 ], [ -111.770715, 40.445442 ], [ -111.770717, 40.445802 ], [ -111.770873, 40.447261 ], [ -111.771907, 40.44945 ], [ -111.774614, 40.452125 ], [ -111.776027, 40.453466 ], [ -111.777802, 40.454522 ], [ -111.777837, 40.454523 ], [ -111.778114, 40.454422 ], [ -111.783128, 40.45201 ], [ -111.7857, 40.451547 ], [ -111.786671, 40.449645 ], [ -111.786696, 40.449474 ] ] ] } },
{ "type": "Feature", "properties": { "group_index": 0, "value": 900.0, "center": [ -111.77931700467414, 40.44740669774641 ], "point_id": "F10-28499" }, "geometry": { "type": "Polygon", "coordinates": [ [ [ -111.790719, 40.451078 ], [ -111.7908, 40.449804 ], [ -111.790487, 40.448644 ], [ -111.790059, 40.447156 ], [ -111.789021, 40.44129 ], [ -111.784837, 40.437642 ], [ -111.784752, 40.437574 ], [ -111.784487, 40.437557 ], [ -111.784393, 40.437605 ], [ -111.779998, 40.439361 ], [ -111.777728, 40.439693 ], [ -111.773783, 40.439393 ], [ -111.773423, 40.439396 ], [ -111.772283, 40.440009 ], [ -111.771094, 40.441076 ], [ -111.768483, 40.445295 ], [ -111.767237, 40.44612 ], [ -111.766678, 40.446598 ], [ -111.766617, 40.447059 ], [ -111.766588, 40.447747 ], [ -111.768355, 40.450908 ], [ -111.770906, 40.453375 ], [ -111.774663, 40.455952 ], [ -111.776531, 40.457432 ], [ -111.77764, 40.458116 ], [ -111.777735, 40.458161 ], [ -111.778095, 40.458157 ], [ -111.781531, 40.455813 ], [ -111.783028, 40.453576 ], [ -111.787423, 40.452983 ], [ -111.79051, 40.451562 ], [ -111.790654, 40.45149 ], [ -111.790719, 40.451078 ] ] ] } },
{ "type": "Feature", "properties": { "group_index": 0, "value": 300.0, "center": [ -111.98635974171039, 40.68306050047423 ], "point_id": "F12-33034" }, "geometry": { "type": "Polygon", "coordinates": [ [ [ -111.990749, 40.683221 ], [ -111.990255, 40.682025 ], [ -111.990148, 40.681902 ], [ -111.989204, 40.681198 ], [ -111.986785, 40.679478 ], [ -111.986425, 40.679474 ], [ -111.985885, 40.679724 ], [ -111.982465, 40.682096 ], [ -111.982458, 40.682456 ], [ -111.98259, 40.683599 ], [ -111.982843, 40.684334 ], [ -111.983876, 40.685556 ], [ -111.98663, 40.686826 ], [ -111.986669, 40.686826 ], [ -111.987934, 40.686056 ], [ -111.988241, 40.685867 ], [ -111.990747, 40.683581 ], [ -111.990749, 40.683221 ] ] ] } },
{ "type": "Feature", "properties": { "group_index": 0, "value": 600.0, "center": [ -111.98635974171039, 40.68306050047423 ], "point_id": "F12-33034" }, "geometry": { "type": "Polygon", "coordinates": [ [ [ -111.995258, 40.682076 ], [ -111.995088, 40.681892 ], [ -111.994886, 40.681697 ], [ -111.991159, 40.678698 ], [ -111.988013, 40.676291 ], [ -111.986797, 40.675731 ], [ -111.986437, 40.675727 ], [ -111.986322, 40.675797 ], [ -111.981317, 40.679067 ], [ -111.978274, 40.681453 ], [ -111.977929, 40.681795 ], [ -111.977861, 40.68187 ], [ -111.977814, 40.681998 ], [ -111.977815, 40.682358 ], [ -111.979589, 40.683715 ], [ -111.982144, 40.687782 ], [ -111.986295, 40.690584 ], [ -111.986621, 40.690583 ], [ -111.986622, 40.690583 ], [ -111.986933, 40.69058 ], [ -111.987697, 40.689296 ], [ -111.991655, 40.686844 ], [ -111.992009, 40.686782 ], [ -111.992973, 40.686389 ], [ -111.995258, 40.682084 ], [ -111.995258, 40.682076 ] ] ] } },
{ "type": "Feature", "properties": { "group_index": 0, "value": 900.0, "center": [ -111.98635974171039, 40.68306050047423 ], "point_id": "F12-33034" }, "geometry": { "type": "Polygon", "coordinates": [ [ [ -112.00003, 40.681885 ], [ -111.999988, 40.681438 ], [ -111.997555, 40.679801 ], [ -111.993726, 40.676555 ], [ -111.991365, 40.67523 ], [ -111.988042, 40.672497 ], [ -111.986787, 40.671981 ], [ -111.986427, 40.671983 ], [ -111.986307, 40.672034 ], [ -111.982534, 40.67386 ], [ -111.982329, 40.674156 ], [ -111.982219, 40.674863 ], [ -111.98218, 40.675168 ], [ -111.977492, 40.678648 ], [ -111.977175, 40.678647 ], [ -111.977124, 40.678646 ], [ -111.975965, 40.679307 ], [ -111.974373, 40.680601 ], [ -111.972886, 40.681944 ], [ -111.972723, 40.682116 ], [ -111.972723, 40.682129 ], [ -111.972948, 40.682432 ], [ -111.973271, 40.682737 ], [ -111.976449, 40.685572 ], [ -111.977023, 40.686039 ], [ -111.978462, 40.686433 ], [ -111.982212, 40.690963 ], [ -111.982222, 40.691521 ], [ -111.983796, 40.692604 ], [ -111.984156, 40.692829 ], [ -111.986465, 40.694172 ], [ -111.986825, 40.694167 ], [ -111.986892, 40.69416 ], [ -111.987758, 40.693712 ], [ -111.989114, 40.692597 ], [ -111.993565, 40.68991 ], [ -111.994716, 40.689068 ], [ -111.996442, 40.687438 ], [ -111.998315, 40.685585 ], [ -111.998359, 40.685515 ], [ -112.000031, 40.682245 ], [ -112.00003, 40.681885 ] ] ] } },
{ "type": "Feature", "properties": { "group_index": 0, "value": 300.0, "center": [ -112.02232149375037, 41.22875920076948 ], "point_id": "F15-45595" }, "geometry": { "type": "Polygon", "coordinates": [ [ [ -112.027634, 41.22846 ], [ -112.025786, 41.227405 ], [ -112.025426, 41.227396 ], [ -112.019887, 41.22798 ], [ -112.017346, 41.228529 ], [ -112.017336, 41.228889 ], [ -112.020912, 41.231741 ], [ -112.021247, 41.231873 ], [ -112.025754, 41.230055 ], [ -112.027648, 41.22882 ], [ -112.027634, 41.22846 ] ] ] } },
{ "type": "Feature", "properties": { "group_index": 0, "value": 600.0, "center": [ -112.02232149375037, 41.22875920076948 ], "point_id": "F15-45595" }, "geometry": { "type": "Polygon", "coordinates": [ [ [ -112.029985, 41.226744 ], [ -112.026445, 41.223961 ], [ -112.02583, 41.223656 ], [ -112.02547, 41.223651 ], [ -112.025204, 41.223755 ], [ -112.024648, 41.224647 ], [ -112.019887, 41.22798 ], [ -112.01398, 41.227039 ], [ -112.013741, 41.22699 ], [ -112.013591, 41.227094 ], [ -112.011934, 41.228512 ], [ -112.011974, 41.22887 ], [ -112.015799, 41.232913 ], [ -112.01883, 41.233434 ], [ -112.018984, 41.233431 ], [ -112.024778, 41.233624 ], [ -112.025352, 41.2338 ], [ -112.025712, 41.233805 ], [ -112.026187, 41.233592 ], [ -112.028269, 41.231247 ], [ -112.030761, 41.229226 ], [ -112.031254, 41.228637 ], [ -112.029985, 41.226744 ] ] ] } },
{ "type": "Feature", "properties": { "group_index": 0, "value": 900.0, "center": [ -112.02232149375037, 41.22875920076948 ], "point_id": "F15-45595" }, "geometry": { "type": "Polygon", "coordinates": [ [ [ -112.034968, 41.226734 ], [ -112.032785, 41.225119 ], [ -112.032425, 41.225115 ], [ -112.028012, 41.221229 ], [ -112.026667, 41.220322 ], [ -112.025878, 41.219908 ], [ -112.025518, 41.219904 ], [ -112.024862, 41.220298 ], [ -112.024512, 41.220658 ], [ -112.023369, 41.224243 ], [ -112.019887, 41.22798 ], [ -112.016266, 41.22723 ], [ -112.013258, 41.224659 ], [ -112.012943, 41.224705 ], [ -112.008807, 41.228995 ], [ -112.00843, 41.229029 ], [ -112.007795, 41.229071 ], [ -112.007161, 41.229113 ], [ -112.007185, 41.229473 ], [ -112.007819, 41.22943 ], [ -112.008454, 41.229388 ], [ -112.008839, 41.229354 ], [ -112.00922, 41.22932 ], [ -112.01067, 41.22889 ], [ -112.014691, 41.2318 ], [ -112.015786, 41.234038 ], [ -112.021023, 41.235858 ], [ -112.025267, 41.237571 ], [ -112.025485, 41.237566 ], [ -112.025659, 41.237552 ], [ -112.029502, 41.235431 ], [ -112.030928, 41.234444 ], [ -112.030987, 41.234272 ], [ -112.03099, 41.234184 ], [ -112.030921, 41.234084 ], [ -112.030176, 41.232601 ], [ -112.033603, 41.227986 ], [ -112.033891, 41.227769 ], [ -112.034968, 41.227094 ], [ -112.034968, 41.226734 ] ] ] } },
{ "type": "Feature", "properties": { "group_index": 0, "value": 300.0, "center": [ -111.61014946661156, 40.162384915066134 ], "point_id": "F20-76761" }, "geometry": { "type": "Polygon", "coordinates": [ [ [ -111.615002, 40.162213 ], [ -111.613425, 40.160936 ], [ -111.610917, 40.158928 ], [ -111.610564, 40.158858 ], [ -111.608622, 40.159658 ], [ -111.606924, 40.160926 ], [ -111.605335, 40.162276 ], [ -111.605335, 40.162636 ], [ -111.607185, 40.164037 ], [ -111.608629, 40.165106 ], [ -111.610462, 40.165785 ], [ -111.610822, 40.16579 ], [ -111.612418, 40.16476 ], [ -111.613248, 40.164061 ], [ -111.614964, 40.162649 ], [ -111.615, 40.162573 ], [ -111.615002, 40.162213 ] ] ] } },
{ "type": "Feature", "properties": { "group_index": 0, "value": 600.0, "center": [ -111.61014946661156, 40.162384915066134 ], "point_id": "F20-76761" }, "geometry": { "type": "Polygon", "coordinates": [ [ [ -111.619239, 40.161451 ], [ -111.619241, 40.161091 ], [ -111.616111, 40.159253 ], [ -111.614457, 40.157061 ], [ -111.611272, 40.155294 ], [ -111.610919, 40.155222 ], [ -111.610181, 40.155088 ], [ -111.608619, 40.155906 ], [ -111.607575, 40.156677 ], [ -111.603128, 40.159944 ], [ -111.60202, 40.160877 ], [ -111.601264, 40.161778 ], [ -111.601081, 40.162088 ], [ -111.601248, 40.163225 ], [ -111.602187, 40.164111 ], [ -111.606768, 40.167446 ], [ -111.608602, 40.168851 ], [ -111.610437, 40.169533 ], [ -111.610797, 40.169536 ], [ -111.610896, 40.169515 ], [ -111.612991, 40.168317 ], [ -111.616391, 40.165483 ], [ -111.61799, 40.164158 ], [ -111.618516, 40.163683 ], [ -111.619239, 40.161451 ] ] ] } },
{ "type": "Feature", "properties": { "group_index": 0, "value": 900.0, "center": [ -111.61014946661156, 40.162384915066134 ], "point_id": "F20-76761" }, "geometry": { "type": "Polygon", "coordinates": [ [ [ -111.62348, 40.161063 ], [ -111.622793, 40.160445 ], [ -111.618401, 40.157178 ], [ -111.618042, 40.157162 ], [ -111.616317, 40.157103 ], [ -111.61279, 40.153236 ], [ -111.612035, 40.150635 ], [ -111.611676, 40.150612 ], [ -111.606741, 40.152349 ], [ -111.606481, 40.152598 ], [ -111.602475, 40.156663 ], [ -111.601262, 40.157493 ], [ -111.600223, 40.158123 ], [ -111.597413, 40.160447 ], [ -111.597117, 40.160861 ], [ -111.597052, 40.160955 ], [ -111.596456, 40.162692 ], [ -111.596443, 40.162761 ], [ -111.596441, 40.163121 ], [ -111.596808, 40.163447 ], [ -111.597888, 40.164379 ], [ -111.599719, 40.165955 ], [ -111.602811, 40.168238 ], [ -111.604664, 40.169656 ], [ -111.608805, 40.172783 ], [ -111.610423, 40.17328 ], [ -111.610783, 40.173284 ], [ -111.612336, 40.172563 ], [ -111.614441, 40.171292 ], [ -111.614772, 40.171081 ], [ -111.618002, 40.167986 ], [ -111.619502, 40.166933 ], [ -111.619501, 40.166573 ], [ -111.622863, 40.161605 ], [ -111.623053, 40.161603 ], [ -111.623246, 40.161601 ], [ -111.623483, 40.161423 ], [ -111.62348, 40.161063 ] ] ] } },
{ "type": "Feature", "properties": { "group_index": 0, "value": 300.0, "center": [ -111.92162679861259, 40.7513258410008 ], "point_id": "F10-4004" }, "geometry": { "type": "Polygon", "coordinates": [ [ [ -111.926547, 40.751011 ], [ -111.926089, 40.750609 ], [ -111.924477, 40.749276 ], [ -111.924159, 40.749029 ], [ -111.923506, 40.748585 ], [ -111.922308, 40.747751 ], [ -111.919065, 40.749258 ], [ -111.918711, 40.749568 ], [ -111.916782, 40.751603 ], [ -111.91678, 40.751963 ], [ -111.916903, 40.75212 ], [ -111.917104, 40.752272 ], [ -111.918036, 40.752946 ], [ -111.919302, 40.753881 ], [ -111.920627, 40.754629 ], [ -111.920833, 40.754695 ], [ -111.921193, 40.754688 ], [ -111.922679, 40.754642 ], [ -111.926374, 40.75154 ], [ -111.926469, 40.751451 ], [ -111.926549, 40.751371 ], [ -111.926547, 40.751011 ] ] ] } },
{ "type": "Feature", "properties": { "group_index": 0, "value": 600.0, "center": [ -111.92162679861259, 40.7513258410008 ], "point_id": "F10-4004" }, "geometry": { "type": "Polygon", "coordinates": [ [ [ -111.931457, 40.751002 ], [ -111.930314, 40.750004 ], [ -111.926921, 40.746696 ], [ -111.922559, 40.74425 ], [ -111.922199, 40.744254 ], [ -111.922109, 40.74428 ], [ -111.920234, 40.745129 ], [ -111.916663, 40.747385 ], [ -111.916559, 40.747462 ], [ -111.913864, 40.749508 ], [ -111.913713, 40.749631 ], [ -111.911834, 40.751603 ], [ -111.911835, 40.751963 ], [ -111.91226, 40.752451 ], [ -111.914773, 40.754332 ], [ -111.918745, 40.757567 ], [ -111.91954, 40.757663 ], [ -111.922831, 40.758024 ], [ -111.923191, 40.758021 ], [ -111.926705, 40.755261 ], [ -111.927928, 40.754285 ], [ -111.931315, 40.751526 ], [ -111.931414, 40.751444 ], [ -111.931456, 40.751362 ], [ -111.931457, 40.751002 ] ] ] } },
{ "type": "Feature", "properties": { "group_index": 0, "value": 900.0, "center": [ -111.92162679861259, 40.7513258410008 ], "point_id": "F10-4004" }, "geometry": { "type": "Polygon", "coordinates": [ [ [ -111.936394, 40.751354 ], [ -111.936393, 40.750994 ], [ -111.934712, 40.749416 ], [ -111.931361, 40.746067 ], [ -111.928506, 40.744261 ], [ -111.924909, 40.74205 ], [ -111.924796, 40.741992 ], [ -111.923439, 40.741328 ], [ -111.918473, 40.74273 ], [ -111.916824, 40.74353 ], [ -111.916536, 40.743715 ], [ -111.913791, 40.745589 ], [ -111.91073, 40.748064 ], [ -111.908393, 40.749559 ], [ -111.906929, 40.751609 ], [ -111.906929, 40.751969 ], [ -111.907051, 40.752118 ], [ -111.907218, 40.752279 ], [ -111.907865, 40.752724 ], [ -111.907969, 40.752792 ], [ -111.912528, 40.754675 ], [ -111.913766, 40.756167 ], [ -111.915215, 40.758401 ], [ -111.915725, 40.758801 ], [ -111.919516, 40.761565 ], [ -111.923706, 40.762004 ], [ -111.92405, 40.7619 ], [ -111.927502, 40.758565 ], [ -111.92998, 40.756555 ], [ -111.931726, 40.755171 ], [ -111.931831, 40.755088 ], [ -111.932781, 40.754356 ], [ -111.935292, 40.752366 ], [ -111.936335, 40.75152 ], [ -111.936394, 40.751354 ] ] ] } },
{ "type": "Feature", "properties": { "group_index": 0, "value": 300.0, "center": [ -112.03163042714493, 41.08882981056979 ], "point_id": "F10-28203" }, "geometry": { "type": "Polygon", "coordinates": [ [ [ -112.036986, 41.088849 ], [ -112.034491, 41.086944 ], [ -112.031523, 41.085919 ], [ -112.031227, 41.08592 ], [ -112.030932, 41.085921 ], [ -112.030195, 41.086002 ], [ -112.029746, 41.086288 ], [ -112.027798, 41.088909 ], [ -112.027798, 41.089269 ], [ -112.028133, 41.089543 ], [ -112.030111, 41.090785 ], [ -112.032995, 41.091564 ], [ -112.036992, 41.089209 ], [ -112.036986, 41.088849 ] ] ] } },
{ "type": "Feature", "properties": { "group_index": 0, "value": 600.0, "center": [ -112.03163042714493, 41.08882981056979 ], "point_id": "F10-28203" }, "geometry": { "type": "Polygon", "coordinates": [ [ [ -112.041271, 41.089134 ], [ -112.041244, 41.088842 ], [ -112.040629, 41.087747 ], [ -112.035816, 41.084342 ], [ -112.035743, 41.084294 ], [ -112.030197, 41.082908 ], [ -112.027212, 41.083968 ], [ -112.025738, 41.085366 ], [ -112.022834, 41.088891 ], [ -112.022608, 41.089165 ], [ -112.022607, 41.089525 ], [ -112.025173, 41.091296 ], [ -112.025525, 41.091223 ], [ -112.030111, 41.090785 ], [ -112.03237, 41.092128 ], [ -112.035625, 41.094743 ], [ -112.035903, 41.094513 ], [ -112.039105, 41.090224 ], [ -112.040222, 41.08999 ], [ -112.041125, 41.089311 ], [ -112.041244, 41.089202 ], [ -112.041271, 41.089158 ], [ -112.041271, 41.089134 ] ] ] } },
{ "type": "Feature", "properties": { "group_index": 0, "value": 900.0, "center": [ -112.03163042714493, 41.08882981056979 ], "point_id": "F10-28203" }, "geometry": { "type": "Polygon", "coordinates": [ [ [ -112.046088, 41.089015 ], [ -112.046078, 41.088908 ], [ -112.046037, 41.088818 ], [ -112.043897, 41.086632 ], [ -112.041665, 41.08429 ], [ -112.037828, 41.081317 ], [ -112.035741, 41.080547 ], [ -112.035381, 41.080546 ], [ -112.02967, 41.080647 ], [ -112.027648, 41.080225 ], [ -112.027522, 41.080228 ], [ -112.027441, 41.080265 ], [ -112.02599, 41.081498 ], [ -112.022356, 41.083959 ], [ -112.022161, 41.084281 ], [ -112.021043, 41.086304 ], [ -112.017868, 41.088773 ], [ -112.017745, 41.088852 ], [ -112.017809, 41.089019 ], [ -112.017862, 41.089133 ], [ -112.018006, 41.089277 ], [ -112.018176, 41.089416 ], [ -112.018403, 41.089569 ], [ -112.020132, 41.089475 ], [ -112.024314, 41.091013 ], [ -112.025881, 41.092739 ], [ -112.026221, 41.09273 ], [ -112.030111, 41.090785 ], [ -112.03237, 41.092128 ], [ -112.033213, 41.094967 ], [ -112.032533, 41.096721 ], [ -112.03269, 41.097044 ], [ -112.035226, 41.097392 ], [ -112.037673, 41.0969 ], [ -112.037879, 41.096814 ], [ -112.037088, 41.095928 ], [ -112.036407, 41.095103 ], [ -112.039105, 41.090224 ], [ -112.041153, 41.090412 ], [ -112.042435, 41.090944 ], [ -112.043067, 41.091392 ], [ -112.043427, 41.091386 ], [ -112.043838, 41.09122 ], [ -112.045476, 41.090072 ], [ -112.046102, 41.089375 ], [ -112.046088, 41.089015 ] ] ] } },
{ "type": "Feature", "properties": { "group_index": 0, "value": 300.0, "center": [ -111.93340759412935, 40.775820268126665 ], "point_id": "F11-30249" }, "geometry": { "type": "Polygon", "coordinates": [ [ [ -111.938154, 40.776029 ], [ -111.937965, 40.775885 ], [ -111.933339, 40.772326 ], [ -111.933159, 40.772136 ], [ -111.932979, 40.772092 ], [ -111.932863, 40.772093 ], [ -111.932799, 40.772136 ], [ -111.932586, 40.77481 ], [ -111.93258, 40.775326 ], [ -111.933141, 40.776633 ], [ -111.933925, 40.777554 ], [ -111.935027, 40.778031 ], [ -111.93651, 40.77776 ], [ -111.936551, 40.777731 ], [ -111.9377, 40.776799 ], [ -111.938154, 40.776389 ], [ -111.938154, 40.776029 ] ] ] } },
{ "type": "Feature", "properties": { "group_index": 0, "value": 600.0, "center": [ -111.93340759412935, 40.775820268126665 ], "point_id": "F11-30249" }, "geometry": { "type": "Polygon", "coordinates": [ [ [ -111.943349, 40.776162 ], [ -111.939655, 40.773469 ], [ -111.937207, 40.771451 ], [ -111.936839, 40.771158 ], [ -111.933574, 40.768649 ], [ -111.931979, 40.768984 ], [ -111.9293, 40.770992 ], [ -111.928704, 40.771444 ], [ -111.928637, 40.771524 ], [ -111.928639, 40.771884 ], [ -111.929518, 40.775591 ], [ -111.93036, 40.776644 ], [ -111.934699, 40.780294 ], [ -111.935414, 40.780787 ], [ -111.935774, 40.780779 ], [ -111.93726, 40.780375 ], [ -111.938368, 40.779979 ], [ -111.939412, 40.779531 ], [ -111.94335, 40.776522 ], [ -111.943349, 40.776162 ] ] ] } },
{ "type": "Feature", "properties": { "group_index": 0, "value": 900.0, "center": [ -111.93340759412935, 40.775820268126665 ], "point_id": "F11-30249" }, "geometry": { "type": "Polygon", "coordinates": [ [ [ -111.946417, 40.778085 ], [ -111.946417, 40.778085 ], [ -111.946417, 40.778055 ], [ -111.946332, 40.777532 ], [ -111.945242, 40.776334 ], [ -111.942427, 40.771667 ], [ -111.94226, 40.77153 ], [ -111.939205, 40.768992 ], [ -111.93832, 40.768662 ], [ -111.935172, 40.767487 ], [ -111.934812, 40.767499 ], [ -111.930242, 40.768993 ], [ -111.925397, 40.769933 ], [ -111.92378, 40.771407 ], [ -111.923711, 40.771513 ], [ -111.923711, 40.771873 ], [ -111.926342, 40.776391 ], [ -111.92682, 40.777659 ], [ -111.926966, 40.778026 ], [ -111.92714, 40.778204 ], [ -111.930235, 40.780976 ], [ -111.932223, 40.782128 ], [ -111.932583, 40.782129 ], [ -111.93621, 40.782116 ], [ -111.939086, 40.783161 ], [ -111.939222, 40.783162 ], [ -111.939757, 40.783091 ], [ -111.943968, 40.780057 ], [ -111.946275, 40.778266 ], [ -111.946417, 40.778115 ], [ -111.946417, 40.778085 ] ] ] } },
{ "type": "Feature", "properties": { "group_index": 0, "value": 300.0, "center": [ -112.04200611286916, 41.09058109985781 ], "point_id": "F17-56916" }, "geometry": { "type": "Polygon", "coordinates": [ [ [ -112.045766, 41.08984 ], [ -112.045767, 41.08948 ], [ -112.045074, 41.088933 ], [ -112.043347, 41.087597 ], [ -112.043195, 41.087598 ], [ -112.041263, 41.087986 ], [ -112.039862, 41.088846 ], [ -112.039735, 41.088961 ], [ -112.039737, 41.089321 ], [ -112.040098, 41.089908 ], [ -112.043255, 41.09208 ], [ -112.043665, 41.092175 ], [ -112.045408, 41.091708 ], [ -112.045476, 41.091662 ], [ -112.045766, 41.08984 ] ] ] } },
{ "type": "Feature", "properties": { "group_index": 0, "value": 600.0, "center": [ -112.04200611286916, 41.09058109985781 ], "point_id": "F17-56916" }, "geometry": { "type": "Polygon", "coordinates": [ [ [ -112.050138, 41.088905 ], [ -112.049956, 41.08875 ], [ -112.049332, 41.088272 ], [ -112.048914, 41.08795 ], [ -112.046484, 41.086187 ], [ -112.045398, 41.085369 ], [ -112.045391, 41.085368 ], [ -112.040641, 41.084982 ], [ -112.040481, 41.084996 ], [ -112.038924, 41.085819 ], [ -112.035392, 41.087973 ], [ -112.035251, 41.088095 ], [ -112.034635, 41.089166 ], [ -112.034627, 41.089367 ], [ -112.035412, 41.089917 ], [ -112.035772, 41.089906 ], [ -112.039105, 41.090224 ], [ -112.043255, 41.09208 ], [ -112.045037, 41.095474 ], [ -112.045397, 41.095475 ], [ -112.047663, 41.094023 ], [ -112.050136, 41.089265 ], [ -112.050138, 41.088905 ] ] ] } },
{ "type": "Feature", "properties": { "group_index": 0, "value": 900.0, "center": [ -112.04200611286916, 41.09058109985781 ], "point_id": "F17-56916" }, "geometry": { "type": "Polygon", "coordinates": [ [ [ -112.055145, 41.089104 ], [ -112.055145, 41.088744 ], [ -112.051175, 41.085748 ], [ -112.049785, 41.084691 ], [ -112.046947, 41.082595 ], [ -112.045497, 41.081793 ], [ -112.040309, 41.081433 ], [ -112.039956, 41.081433 ], [ -112.039808, 41.081478 ], [ -112.035644, 41.084218 ], [ -112.035505, 41.084323 ], [ -112.034424, 41.085167 ], [ -112.029908, 41.088908 ], [ -112.029792, 41.089023 ], [ -112.029793, 41.089383 ], [ -112.030952, 41.0906 ], [ -112.032604, 41.091098 ], [ -112.032753, 41.091069 ], [ -112.035418, 41.090658 ], [ -112.039105, 41.090224 ], [ -112.043255, 41.09208 ], [ -112.04379, 41.096494 ], [ -112.043549, 41.097129 ], [ -112.043836, 41.098325 ], [ -112.045026, 41.099548 ], [ -112.045386, 41.099549 ], [ -112.047394, 41.098723 ], [ -112.050836, 41.095147 ], [ -112.051602, 41.093891 ], [ -112.055109, 41.089273 ], [ -112.055145, 41.089104 ] ] ] } },
{ "type": "Feature", "properties": { "group_index": 0, "value": 300.0, "center": [ -111.85990780459963, 40.73232444492778 ], "point_id": "F15-46316" }, "geometry": { "type": "Polygon", "coordinates": [ [ [ -111.864664, 40.732289 ], [ -111.863969, 40.731476 ], [ -111.863271, 40.730786 ], [ -111.862175, 40.729714 ], [ -111.862102, 40.729653 ], [ -111.861241, 40.729053 ], [ -111.860714, 40.728752 ], [ -111.859682, 40.728581 ], [ -111.859477, 40.728688 ], [ -111.8573, 40.72999 ], [ -111.855651, 40.73205 ], [ -111.855621, 40.732409 ], [ -111.855649, 40.732759 ], [ -111.85631, 40.733614 ], [ -111.857016, 40.734204 ], [ -111.859346, 40.735805 ], [ -111.859556, 40.735932 ], [ -111.859916, 40.735931 ], [ -111.862552, 40.734214 ], [ -111.862662, 40.734133 ], [ -111.862765, 40.734056 ], [ -111.864473, 40.732803 ], [ -111.864664, 40.732649 ], [ -111.864664, 40.732289 ] ] ] } },
{ "type": "Feature", "properties": { "group_index": 0, "value": 600.0, "center": [ -111.85990780459963, 40.73232444492778 ], "point_id": "F15-46316" }, "geometry": { "type": "Polygon", "coordinates": [ [ [ -111.868582, 40.732105 ], [ -111.868591, 40.732033 ], [ -111.868591, 40.731673 ], [ -111.868288, 40.731032 ], [ -111.867046, 40.729689 ], [ -111.866976, 40.729615 ], [ -111.86611, 40.728948 ], [ -111.86381, 40.727128 ], [ -111.862778, 40.726397 ], [ -111.862669, 40.726337 ], [ -111.860643, 40.725202 ], [ -111.859938, 40.724828 ], [ -111.859578, 40.724832 ], [ -111.859118, 40.725124 ], [ -111.856089, 40.727284 ], [ -111.854017, 40.728937 ], [ -111.852557, 40.730407 ], [ -111.851845, 40.731414 ], [ -111.85137, 40.733253 ], [ -111.851369, 40.733613 ], [ -111.852609, 40.73465 ], [ -111.854839, 40.73647 ], [ -111.854935, 40.736548 ], [ -111.858841, 40.739271 ], [ -111.85934, 40.739565 ], [ -111.859441, 40.739625 ], [ -111.85954, 40.739668 ], [ -111.8599, 40.73967 ], [ -111.862552, 40.737958 ], [ -111.862659, 40.737887 ], [ -111.864981, 40.736166 ], [ -111.86692, 40.734739 ], [ -111.867017, 40.734668 ], [ -111.868268, 40.733693 ], [ -111.868365, 40.733618 ], [ -111.86839, 40.733558 ], [ -111.868582, 40.732105 ] ] ] } },
{ "type": "Feature", "properties": { "group_index": 0, "value": 900.0, "center": [ -111.85990780459963, 40.73232444492778 ], "point_id": "F15-46316" }, "geometry": { "type": "Polygon", "coordinates": [ [ [ -111.873429, 40.733325 ], [ -111.872012, 40.730228 ], [ -111.871297, 40.729375 ], [ -111.869376, 40.727653 ], [ -111.867966, 40.726429 ], [ -111.866448, 40.725242 ], [ -111.865238, 40.72434 ], [ -111.862796, 40.72263 ], [ -111.861677, 40.722155 ], [ -111.861231, 40.722032 ], [ -111.858462, 40.721319 ], [ -111.858357, 40.721302 ], [ -111.857945, 40.721431 ], [ -111.85359, 40.725353 ], [ -111.851672, 40.726905 ], [ -111.849229, 40.728824 ], [ -111.84915, 40.728897 ], [ -111.849092, 40.728975 ], [ -111.846701, 40.732522 ], [ -111.84643, 40.733243 ], [ -111.846431, 40.733603 ], [ -111.84659, 40.733739 ], [ -111.850046, 40.736601 ], [ -111.850907, 40.73732 ], [ -111.851006, 40.737398 ], [ -111.852148, 40.738256 ], [ -111.853298, 40.739113 ], [ -111.857705, 40.742822 ], [ -111.859411, 40.743366 ], [ -111.859514, 40.743398 ], [ -111.859874, 40.743401 ], [ -111.860612, 40.743238 ], [ -111.860921, 40.743053 ], [ -111.863372, 40.741096 ], [ -111.865974, 40.739211 ], [ -111.868407, 40.737447 ], [ -111.868509, 40.737367 ], [ -111.869424, 40.736651 ], [ -111.870534, 40.735782 ], [ -111.873169, 40.733773 ], [ -111.873427, 40.733444 ], [ -111.873429, 40.733325 ] ] ] } },
{ "type": "Feature", "properties": { "group_index": 0, "value": 300.0, "center": [ -111.92492494290508, 40.67061920380878 ], "point_id": "F10-11896" }, "geometry": { "type": "Polygon", "coordinates": [ [ [ -111.929049, 40.669353 ], [ -111.925416, 40.666867 ], [ -111.925056, 40.666855 ], [ -111.924691, 40.666969 ], [ -111.924005, 40.667856 ], [ -111.921839, 40.670783 ], [ -111.919803, 40.672397 ], [ -111.91989, 40.672747 ], [ -111.922642, 40.672958 ], [ -111.922746, 40.67293 ], [ -111.923078, 40.67279 ], [ -111.928243, 40.670032 ], [ -111.928708, 40.669861 ], [ -111.929173, 40.66969 ], [ -111.929049, 40.669353 ] ] ] } },
{ "type": "Feature", "properties": { "group_index": 0, "value": 600.0, "center": [ -111.92492494290508, 40.67061920380878 ], "point_id": "F10-11896" }, "geometry": { "type": "Polygon", "coordinates": [ [ [ -111.933977, 40.667744 ], [ -111.933616, 40.667722 ], [ -111.932958, 40.667938 ], [ -111.9323, 40.668154 ], [ -111.932127, 40.668195 ], [ -111.93158, 40.668389 ], [ -111.931052, 40.668578 ], [ -111.926743, 40.664473 ], [ -111.926744, 40.66425 ], [ -111.9267, 40.66407 ], [ -111.926579, 40.663973 ], [ -111.924098, 40.663576 ], [ -111.923739, 40.663572 ], [ -111.921498, 40.66592 ], [ -111.920745, 40.666852 ], [ -111.916562, 40.670313 ], [ -111.916013, 40.673353 ], [ -111.916104, 40.673701 ], [ -111.916223, 40.673813 ], [ -111.922008, 40.675371 ], [ -111.92517, 40.675975 ], [ -111.925695, 40.675612 ], [ -111.925729, 40.675534 ], [ -111.926827, 40.672563 ], [ -111.93109, 40.669258 ], [ -111.93274, 40.66864 ], [ -111.933088, 40.668523 ], [ -111.933436, 40.668407 ], [ -111.934064, 40.668093 ], [ -111.933977, 40.667744 ] ] ] } },
{ "type": "Feature", "properties": { "group_index": 0, "value": 900.0, "center": [ -111.92492494290508, 40.67061920380878 ], "point_id": "F10-11896" }, "geometry": { "type": "Polygon", "coordinates": [ [ [ -111.938093, 40.667323 ], [ -111.934985, 40.665745 ], [ -111.931546, 40.663896 ], [ -111.929468, 40.662231 ], [ -111.928289, 40.661368 ], [ -111.927918, 40.661263 ], [ -111.924137, 40.660169 ], [ -111.923777, 40.660163 ], [ -111.922904, 40.660617 ], [ -111.921629, 40.661533 ], [ -111.920572, 40.662362 ], [ -111.919485, 40.663728 ], [ -111.917637, 40.66571 ], [ -111.913318, 40.668889 ], [ -111.912204, 40.66989 ], [ -111.911956, 40.670218 ], [ -111.911883, 40.67057 ], [ -111.91159, 40.674631 ], [ -111.911666, 40.674983 ], [ -111.914789, 40.67595 ], [ -111.916669, 40.676543 ], [ -111.916792, 40.676511 ], [ -111.917168, 40.676229 ], [ -111.92312, 40.676753 ], [ -111.923226, 40.676835 ], [ -111.92335, 40.676901 ], [ -111.923397, 40.676916 ], [ -111.923438, 40.676928 ], [ -111.923532, 40.676947 ], [ -111.923748, 40.676955 ], [ -111.923977, 40.676954 ], [ -111.924209, 40.676954 ], [ -111.924439, 40.676953 ], [ -111.924669, 40.676953 ], [ -111.925313, 40.676952 ], [ -111.925545, 40.676953 ], [ -111.925775, 40.676953 ], [ -111.926008, 40.676953 ], [ -111.926223, 40.676949 ], [ -111.92941, 40.676802 ], [ -111.930747, 40.675849 ], [ -111.93085, 40.675505 ], [ -111.931578, 40.672938 ], [ -111.931656, 40.672485 ], [ -111.931656, 40.672454 ], [ -111.93432, 40.668185 ], [ -111.937412, 40.667875 ], [ -111.937652, 40.667877 ], [ -111.937891, 40.667879 ], [ -111.93804, 40.667767 ], [ -111.938094, 40.667683 ], [ -111.938093, 40.667323 ] ] ] } },
{ "type": "Feature", "properties": { "group_index": 0, "value": 300.0, "center": [ -111.887458, 40.73527838914666 ], "point_id": "F10-28506" }, "geometry": { "type": "Polygon", "coordinates": [ [ [ -111.890719, 40.736506 ], [ -111.890423, 40.733435 ], [ -111.890285, 40.733332 ], [ -111.888621, 40.732079 ], [ -111.888198, 40.731814 ], [ -111.887838, 40.731814 ], [ -111.886654, 40.73243 ], [ -111.886569, 40.732481 ], [ -111.88541, 40.73327 ], [ -111.885216, 40.733428 ], [ -111.88471, 40.734281 ], [ -111.884706, 40.734641 ], [ -111.885213, 40.736864 ], [ -111.885223, 40.736882 ], [ -111.885322, 40.736976 ], [ -111.88671, 40.737969 ], [ -111.887858, 40.738744 ], [ -111.888218, 40.738743 ], [ -111.888455, 40.738609 ], [ -111.888554, 40.738533 ], [ -111.890526, 40.737029 ], [ -111.89063, 40.736949 ], [ -111.890718, 40.736866 ], [ -111.890719, 40.736506 ] ] ] } },
{ "type": "Feature", "properties": { "group_index": 0, "value": 600.0, "center": [ -111.887458, 40.73527838914666 ], "point_id": "F10-28506" }, "geometry": { "type": "Polygon", "coordinates": [ [ [ -111.894618, 40.737462 ], [ -111.895291, 40.733467 ], [ -111.895234, 40.733329 ], [ -111.893174, 40.731665 ], [ -111.892973, 40.731509 ], [ -111.892539, 40.731183 ], [ -111.890967, 40.730008 ], [ -111.889613, 40.729002 ], [ -111.888208, 40.728067 ], [ -111.887848, 40.728066 ], [ -111.887462, 40.728253 ], [ -111.884519, 40.730088 ], [ -111.881446, 40.732516 ], [ -111.880943, 40.732897 ], [ -111.880463, 40.733267 ], [ -111.880271, 40.73343 ], [ -111.880271, 40.73379 ], [ -111.880321, 40.734126 ], [ -111.880452, 40.734949 ], [ -111.880892, 40.73658 ], [ -111.881931, 40.738153 ], [ -111.883456, 40.739343 ], [ -111.885438, 40.74083 ], [ -111.886671, 40.741704 ], [ -111.887606, 40.742346 ], [ -111.887845, 40.742483 ], [ -111.888205, 40.742484 ], [ -111.888329, 40.742409 ], [ -111.889134, 40.741877 ], [ -111.890406, 40.740947 ], [ -111.89367, 40.738443 ], [ -111.894503, 40.737803 ], [ -111.894618, 40.737462 ] ] ] } },
{ "type": "Feature", "properties": { "group_index": 0, "value": 900.0, "center": [ -111.887458, 40.73527838914666 ], "point_id": "F10-28506" }, "geometry": { "type": "Polygon", "coordinates": [ [ [ -111.900251, 40.733225 ], [ -111.896313, 40.730277 ], [ -111.895265, 40.729101 ], [ -111.891581, 40.726626 ], [ -111.888878, 40.724616 ], [ -111.888044, 40.724169 ], [ -111.888007, 40.72417 ], [ -111.884568, 40.726265 ], [ -111.880918, 40.728813 ], [ -111.877978, 40.73134 ], [ -111.875913, 40.732814 ], [ -111.87533, 40.733413 ], [ -111.875281, 40.733595 ], [ -111.875281, 40.733697 ], [ -111.876313, 40.736886 ], [ -111.876359, 40.736965 ], [ -111.877565, 40.738584 ], [ -111.87816, 40.739205 ], [ -111.881811, 40.741885 ], [ -111.884175, 40.743646 ], [ -111.885186, 40.744357 ], [ -111.887706, 40.746171 ], [ -111.887791, 40.746231 ], [ -111.887866, 40.746282 ], [ -111.888014, 40.746282 ], [ -111.888215, 40.746236 ], [ -111.8885, 40.746121 ], [ -111.888764, 40.745979 ], [ -111.889854, 40.745278 ], [ -111.892013, 40.743532 ], [ -111.894172, 40.741859 ], [ -111.896863, 40.739905 ], [ -111.896866, 40.739693 ], [ -111.896868, 40.739481 ], [ -111.896555, 40.737726 ], [ -111.899742, 40.734056 ], [ -111.900178, 40.733671 ], [ -111.900245, 40.733585 ], [ -111.900251, 40.733225 ] ] ] } },
{ "type": "Feature", "properties": { "group_index": 0, "value": 300.0, "center": [ -111.95721901022745, 41.04175466475133 ], "point_id": "F11-29462" }, "geometry": { "type": "Polygon", "coordinates": [ [ [ -111.960919, 41.042015 ], [ -111.960819, 41.041669 ], [ -111.960324, 41.040509 ], [ -111.959653, 41.039538 ], [ -111.958267, 41.038727 ], [ -111.956867, 41.038095 ], [ -111.956806, 41.038094 ], [ -111.956164, 41.038353 ], [ -111.954645, 41.039605 ], [ -111.954637, 41.039965 ], [ -111.955481, 41.042342 ], [ -111.955606, 41.04254 ], [ -111.957654, 41.044424 ], [ -111.958212, 41.044866 ], [ -111.95886, 41.044961 ], [ -111.959185, 41.044807 ], [ -111.959385, 41.044525 ], [ -111.960114, 41.043386 ], [ -111.960826, 41.042312 ], [ -111.960919, 41.042015 ] ] ] } },
{ "type": "Feature", "properties": { "group_index": 0, "value": 600.0, "center": [ -111.95721901022745, 41.04175466475133 ], "point_id": "F11-29462" }, "geometry": { "type": "Polygon", "coordinates": [ [ [ -111.963238, 41.038311 ], [ -111.959698, 41.035826 ], [ -111.957352, 41.034688 ], [ -111.956118, 41.034504 ], [ -111.9558, 41.034671 ], [ -111.954647, 41.035471 ], [ -111.952647, 41.036959 ], [ -111.951435, 41.038015 ], [ -111.951431, 41.038375 ], [ -111.955606, 41.04254 ], [ -111.957565, 41.045593 ], [ -111.957728, 41.045898 ], [ -111.960607, 41.047608 ], [ -111.961419, 41.047431 ], [ -111.961618, 41.047368 ], [ -111.961817, 41.047306 ], [ -111.964272, 41.04308 ], [ -111.963238, 41.038311 ] ] ] } },
{ "type": "Feature", "properties": { "group_index": 0, "value": 900.0, "center": [ -111.95721901022745, 41.04175466475133 ], "point_id": "F11-29462" }, "geometry": { "type": "Polygon", "coordinates": [ [ [ -111.967853, 41.043315 ], [ -111.967816, 41.038346 ], [ -111.967681, 41.038239 ], [ -111.96753, 41.038138 ], [ -111.965164, 41.036629 ], [ -111.96301, 41.035091 ], [ -111.960114, 41.031871 ], [ -111.955585, 41.031373 ], [ -111.954407, 41.031323 ], [ -111.954249, 41.031473 ], [ -111.953947, 41.031944 ], [ -111.949342, 41.03523 ], [ -111.946468, 41.037963 ], [ -111.946463, 41.038323 ], [ -111.951775, 41.039862 ], [ -111.953256, 41.040912 ], [ -111.955606, 41.04254 ], [ -111.957565, 41.045593 ], [ -111.957728, 41.045898 ], [ -111.95988, 41.048562 ], [ -111.961905, 41.048769 ], [ -111.962854, 41.048512 ], [ -111.96395, 41.048082 ], [ -111.965547, 41.047017 ], [ -111.967207, 41.044629 ], [ -111.967798, 41.043478 ], [ -111.967853, 41.043315 ] ] ] } },
{ "type": "Feature", "properties": { "group_index": 0, "value": 300.0, "center": [ -111.87984616913484, 40.88514063753777 ], "point_id": "F18-68482" }, "geometry": { "type": "Polygon", "coordinates": [ [ [ -111.884796, 40.884959 ], [ -111.882762, 40.883342 ], [ -111.880722, 40.881857 ], [ -111.880675, 40.881849 ], [ -111.88067, 40.881849 ], [ -111.880362, 40.881862 ], [ -111.878333, 40.882372 ], [ -111.878226, 40.882448 ], [ -111.875787, 40.884191 ], [ -111.874929, 40.884964 ], [ -111.874929, 40.885324 ], [ -111.874975, 40.885382 ], [ -111.875039, 40.885435 ], [ -111.876423, 40.886493 ], [ -111.87767, 40.887436 ], [ -111.878368, 40.887913 ], [ -111.880479, 40.888464 ], [ -111.880541, 40.888463 ], [ -111.882227, 40.887392 ], [ -111.88332, 40.886493 ], [ -111.884649, 40.885446 ], [ -111.884795, 40.885319 ], [ -111.884796, 40.884959 ] ] ] } },
{ "type": "Feature", "properties": { "group_index": 0, "value": 600.0, "center": [ -111.87984616913484, 40.88514063753777 ], "point_id": "F18-68482" }, "geometry": { "type": "Polygon", "coordinates": [ [ [ -111.888716, 40.884158 ], [ -111.88863, 40.884072 ], [ -111.886674, 40.882462 ], [ -111.882621, 40.878536 ], [ -111.882339, 40.878447 ], [ -111.878326, 40.878629 ], [ -111.873953, 40.880798 ], [ -111.87092, 40.884199 ], [ -111.87089, 40.885896 ], [ -111.872402, 40.887231 ], [ -111.87283, 40.887568 ], [ -111.874209, 40.888607 ], [ -111.875565, 40.889641 ], [ -111.878265, 40.891563 ], [ -111.878415, 40.891603 ], [ -111.880366, 40.892046 ], [ -111.880726, 40.892046 ], [ -111.880874, 40.891989 ], [ -111.881506, 40.891586 ], [ -111.884171, 40.889614 ], [ -111.885813, 40.888294 ], [ -111.887952, 40.886608 ], [ -111.888717, 40.884518 ], [ -111.888716, 40.884158 ] ] ] } },
{ "type": "Feature", "properties": { "group_index": 0, "value": 900.0, "center": [ -111.87984616913484, 40.88514063753777 ], "point_id": "F18-68482" }, "geometry": { "type": "Polygon", "coordinates": [ [ [ -111.893642, 40.884165 ], [ -111.893586, 40.884057 ], [ -111.89349, 40.883956 ], [ -111.892734, 40.883353 ], [ -111.888916, 40.879738 ], [ -111.885144, 40.875265 ], [ -111.884994, 40.875189 ], [ -111.879063, 40.875404 ], [ -111.878703, 40.875406 ], [ -111.877432, 40.875481 ], [ -111.877099, 40.875664 ], [ -111.873375, 40.877861 ], [ -111.869515, 40.879889 ], [ -111.865973, 40.884208 ], [ -111.865974, 40.884568 ], [ -111.866434, 40.885236 ], [ -111.868779, 40.888047 ], [ -111.870458, 40.889481 ], [ -111.871001, 40.889916 ], [ -111.871228, 40.890092 ], [ -111.873326, 40.891732 ], [ -111.875954, 40.89372 ], [ -111.876121, 40.8938 ], [ -111.878949, 40.895029 ], [ -111.881324, 40.895322 ], [ -111.881525, 40.895325 ], [ -111.881726, 40.895328 ], [ -111.884011, 40.893707 ], [ -111.888397, 40.890386 ], [ -111.889194, 40.889558 ], [ -111.892395, 40.886088 ], [ -111.893646, 40.884525 ], [ -111.893642, 40.884165 ] ] ] } },
{ "type": "Feature", "properties": { "group_index": 0, "value": 300.0, "center": [ -111.92586192593232, 40.72074595304366 ], "point_id": "F20-81500" }, "geometry": { "type": "Polygon", "coordinates": [ [ [ -111.930948, 40.720448 ], [ -111.930951, 40.720163 ], [ -111.92754, 40.718484 ], [ -111.926032, 40.718388 ], [ -111.924132, 40.718289 ], [ -111.923772, 40.71829 ], [ -111.921462, 40.719881 ], [ -111.921403, 40.719974 ], [ -111.921241, 40.72023 ], [ -111.921258, 40.720303 ], [ -111.921416, 40.720545 ], [ -111.921538, 40.72071 ], [ -111.923344, 40.722825 ], [ -111.923652, 40.723011 ], [ -111.926948, 40.723817 ], [ -111.927013, 40.723817 ], [ -111.928141, 40.723093 ], [ -111.928726, 40.722646 ], [ -111.929708, 40.721822 ], [ -111.930808, 40.720918 ], [ -111.930945, 40.720733 ], [ -111.930948, 40.720448 ] ] ] } },
{ "type": "Feature", "properties": { "group_index": 0, "value": 600.0, "center": [ -111.92586192593232, 40.72074595304366 ], "point_id": "F20-81500" }, "geometry": { "type": "Polygon", "coordinates": [ [ [ -111.935729, 40.720559 ], [ -111.935495, 40.72025 ], [ -111.932134, 40.717533 ], [ -111.926296, 40.716228 ], [ -111.925936, 40.716227 ], [ -111.924177, 40.716457 ], [ -111.92043, 40.7175 ], [ -111.919517, 40.720304 ], [ -111.919282, 40.723919 ], [ -111.91981, 40.723986 ], [ -111.920338, 40.724054 ], [ -111.920574, 40.724078 ], [ -111.926206, 40.726064 ], [ -111.926508, 40.725867 ], [ -111.930887, 40.723795 ], [ -111.932552, 40.723742 ], [ -111.935652, 40.720989 ], [ -111.935728, 40.720919 ], [ -111.935729, 40.720559 ] ] ] } },
{ "type": "Feature", "properties": { "group_index": 0, "value": 900.0, "center": [ -111.92586192593232, 40.72074595304366 ], "point_id": "F20-81500" }, "geometry": { "type": "Polygon", "coordinates": [ [ [ -111.940088, 40.720034 ], [ -111.936176, 40.716816 ], [ -111.93424, 40.71538 ], [ -111.932488, 40.71409 ], [ -111.932255, 40.71409 ], [ -111.932023, 40.71409 ], [ -111.926279, 40.712525 ], [ -111.925926, 40.712456 ], [ -111.921264, 40.716127 ], [ -111.921061, 40.716288 ], [ -111.920876, 40.716469 ], [ -111.920706, 40.716687 ], [ -111.920577, 40.716911 ], [ -111.920479, 40.717171 ], [ -111.917177, 40.72213 ], [ -111.91572, 40.72318 ], [ -111.91571, 40.72354 ], [ -111.916743, 40.724581 ], [ -111.916995, 40.724837 ], [ -111.920338, 40.724054 ], [ -111.923843, 40.726214 ], [ -111.927767, 40.729009 ], [ -111.929214, 40.729021 ], [ -111.929472, 40.72877 ], [ -111.930926, 40.726357 ], [ -111.935431, 40.723398 ], [ -111.936906, 40.723271 ], [ -111.937313, 40.723211 ], [ -111.939182, 40.722106 ], [ -111.940301, 40.721294 ], [ -111.940498, 40.721131 ], [ -111.940631, 40.720796 ], [ -111.940088, 40.720034 ] ] ] } },
{ "type": "Feature", "properties": { "group_index": 0, "value": 300.0, "center": [ -111.88129094794137, 40.68682016721446 ], "point_id": "F21-86180" }, "geometry": { "type": "Polygon", "coordinates": [ [ [ -111.885335, 40.686888 ], [ -111.885095, 40.686707 ], [ -111.882993, 40.685129 ], [ -111.879946, 40.684647 ], [ -111.877543, 40.686208 ], [ -111.876674, 40.686884 ], [ -111.876671, 40.687244 ], [ -111.876795, 40.687352 ], [ -111.87694, 40.687457 ], [ -111.879593, 40.689462 ], [ -111.879905, 40.689705 ], [ -111.879915, 40.689705 ], [ -111.880298, 40.689642 ], [ -111.882867, 40.689099 ], [ -111.883302, 40.688842 ], [ -111.88465, 40.687848 ], [ -111.884813, 40.687706 ], [ -111.885335, 40.687248 ], [ -111.885368, 40.687189 ], [ -111.885335, 40.686888 ] ] ] } },
{ "type": "Feature", "properties": { "group_index": 0, "value": 600.0, "center": [ -111.88129094794137, 40.68682016721446 ], "point_id": "F21-86180" }, "geometry": { "type": "Polygon", "coordinates": [ [ [ -111.890259, 40.687134 ], [ -111.890257, 40.686774 ], [ -111.890007, 40.686588 ], [ -111.888663, 40.685627 ], [ -111.885765, 40.683425 ], [ -111.883246, 40.681326 ], [ -111.882886, 40.681303 ], [ -111.877291, 40.682748 ], [ -111.876931, 40.682747 ], [ -111.874887, 40.684623 ], [ -111.871857, 40.686751 ], [ -111.871731, 40.686882 ], [ -111.871732, 40.687242 ], [ -111.871857, 40.687391 ], [ -111.875441, 40.69029 ], [ -111.876921, 40.69137 ], [ -111.882501, 40.692882 ], [ -111.882528, 40.692882 ], [ -111.882842, 40.692838 ], [ -111.88305, 40.692709 ], [ -111.883836, 40.692168 ], [ -111.88581, 40.69069 ], [ -111.887018, 40.689813 ], [ -111.888253, 40.68888 ], [ -111.888367, 40.68879 ], [ -111.890152, 40.687321 ], [ -111.890258, 40.687225 ], [ -111.890259, 40.687134 ] ] ] } },
{ "type": "Feature", "properties": { "group_index": 0, "value": 900.0, "center": [ -111.88129094794137, 40.68682016721446 ], "point_id": "F21-86180" }, "geometry": { "type": "Polygon", "coordinates": [ [ [ -111.89519, 40.686794 ], [ -111.895172, 40.686666 ], [ -111.892847, 40.68449 ], [ -111.88875, 40.681897 ], [ -111.88534, 40.679437 ], [ -111.883512, 40.677997 ], [ -111.877736, 40.679273 ], [ -111.877301, 40.679217 ], [ -111.876941, 40.679225 ], [ -111.876741, 40.679301 ], [ -111.876711, 40.67937 ], [ -111.876711, 40.679417 ], [ -111.876742, 40.679661 ], [ -111.876893, 40.680691 ], [ -111.871822, 40.683274 ], [ -111.871462, 40.683274 ], [ -111.870934, 40.68351 ], [ -111.86676, 40.686749 ], [ -111.866767, 40.686967 ], [ -111.866789, 40.687234 ], [ -111.866833, 40.687335 ], [ -111.868466, 40.688586 ], [ -111.872423, 40.692128 ], [ -111.875161, 40.693969 ], [ -111.876785, 40.695037 ], [ -111.876902, 40.695097 ], [ -111.877081, 40.695187 ], [ -111.882459, 40.696571 ], [ -111.882819, 40.696573 ], [ -111.882915, 40.696519 ], [ -111.883033, 40.696453 ], [ -111.883356, 40.696261 ], [ -111.883816, 40.695973 ], [ -111.887567, 40.693125 ], [ -111.890167, 40.691367 ], [ -111.891864, 40.68995 ], [ -111.895095, 40.687289 ], [ -111.895196, 40.687154 ], [ -111.89519, 40.686794 ] ] ] } },
{ "type": "Feature", "properties": { "group_index": 0, "value": 300.0, "center": [ -111.85031731162708, 40.76413062739278 ], "point_id": "F10-28009" }, "geometry": { "type": "Polygon", "coordinates": [ [ [ -111.854483, 40.764674 ], [ -111.853264, 40.762805 ], [ -111.851843, 40.761354 ], [ -111.851145, 40.760805 ], [ -111.851017, 40.76071 ], [ -111.850576, 40.760561 ], [ -111.849018, 40.760826 ], [ -111.847039, 40.762161 ], [ -111.846797, 40.762454 ], [ -111.84577, 40.76403 ], [ -111.845824, 40.764387 ], [ -111.845966, 40.764926 ], [ -111.846766, 40.766104 ], [ -111.848614, 40.767278 ], [ -111.84883, 40.767396 ], [ -111.848944, 40.76744 ], [ -111.850813, 40.76799 ], [ -111.852187, 40.766878 ], [ -111.854307, 40.765192 ], [ -111.854489, 40.765034 ], [ -111.854483, 40.764674 ] ] ] } },
{ "type": "Feature", "properties": { "group_index": 0, "value": 600.0, "center": [ -111.85031731162708, 40.76413062739278 ], "point_id": "F10-28009" }, "geometry": { "type": "Polygon", "coordinates": [ [ [ -111.85957, 40.764855 ], [ -111.858092, 40.762732 ], [ -111.858032, 40.76266 ], [ -111.855635, 40.760323 ], [ -111.853226, 40.758489 ], [ -111.853065, 40.758394 ], [ -111.852363, 40.758079 ], [ -111.852166, 40.758034 ], [ -111.848697, 40.758232 ], [ -111.84605, 40.758699 ], [ -111.843929, 40.759853 ], [ -111.84366, 40.760093 ], [ -111.843237, 40.760502 ], [ -111.842238, 40.762359 ], [ -111.84167, 40.763815 ], [ -111.841643, 40.763896 ], [ -111.841578, 40.764797 ], [ -111.841689, 40.765006 ], [ -111.841753, 40.765111 ], [ -111.844292, 40.768482 ], [ -111.848894, 40.771319 ], [ -111.852431, 40.770855 ], [ -111.856446, 40.767518 ], [ -111.859336, 40.765234 ], [ -111.85957, 40.764887 ], [ -111.85957, 40.764855 ] ] ] } },
{ "type": "Feature", "properties": { "group_index": 0, "value": 900.0, "center": [ -111.85031731162708, 40.76413062739278 ], "point_id": "F10-28009" }, "geometry": { "type": "Polygon", "coordinates": [ [ [ -111.86438, 40.76467 ], [ -111.86298, 40.762656 ], [ -111.862842, 40.7625 ], [ -111.860696, 40.760482 ], [ -111.85994, 40.759835 ], [ -111.858156, 40.75838 ], [ -111.854265, 40.755501 ], [ -111.854062, 40.755394 ], [ -111.853872, 40.755301 ], [ -111.851892, 40.754686 ], [ -111.851532, 40.754687 ], [ -111.845718, 40.755528 ], [ -111.845358, 40.755528 ], [ -111.844732, 40.755783 ], [ -111.839932, 40.758238 ], [ -111.837776, 40.762308 ], [ -111.837735, 40.76257 ], [ -111.83747, 40.764778 ], [ -111.837801, 40.766227 ], [ -111.837867, 40.766405 ], [ -111.839437, 40.769366 ], [ -111.839726, 40.769761 ], [ -111.844454, 40.772648 ], [ -111.847187, 40.773906 ], [ -111.851983, 40.774325 ], [ -111.852343, 40.774318 ], [ -111.852502, 40.774231 ], [ -111.853644, 40.773459 ], [ -111.854165, 40.773108 ], [ -111.855677, 40.771974 ], [ -111.857182, 40.770837 ], [ -111.857311, 40.770737 ], [ -111.858668, 40.769699 ], [ -111.861274, 40.767654 ], [ -111.864115, 40.765348 ], [ -111.864228, 40.765255 ], [ -111.86438, 40.76503 ], [ -111.86438, 40.76467 ] ] ] } },
{ "type": "Feature", "properties": { "group_index": 0, "value": 300.0, "center": [ -111.8435526, 40.7571123 ], "point_id": "F17-57558" }, "geometry": { "type": "Polygon", "coordinates": [ [ [ -111.847353, 40.758194 ], [ -111.845027, 40.754872 ], [ -111.844846, 40.75468 ], [ -111.844646, 40.75468 ], [ -111.84449, 40.754699 ], [ -111.843052, 40.755216 ], [ -111.842608, 40.75553 ], [ -111.840498, 40.758199 ], [ -111.840498, 40.758559 ], [ -111.841605, 40.759418 ], [ -111.842119, 40.75952 ], [ -111.844915, 40.759732 ], [ -111.844978, 40.75973 ], [ -111.846371, 40.759284 ], [ -111.847352, 40.758554 ], [ -111.847353, 40.758194 ] ] ] } },
{ "type": "Feature", "properties": { "group_index": 0, "value": 600.0, "center": [ -111.8435526, 40.7571123 ], "point_id": "F17-57558" }, "geometry": { "type": "Polygon", "coordinates": [ [ [ -111.85214, 40.758138 ], [ -111.851808, 40.75815 ], [ -111.847036, 40.754897 ], [ -111.84696, 40.754707 ], [ -111.846715, 40.75398 ], [ -111.846205, 40.751976 ], [ -111.845989, 40.751811 ], [ -111.845402, 40.751445 ], [ -111.845042, 40.751443 ], [ -111.840238, 40.752427 ], [ -111.838619, 40.754142 ], [ -111.836102, 40.757231 ], [ -111.836193, 40.757511 ], [ -111.837454, 40.761034 ], [ -111.837621, 40.761353 ], [ -111.83809, 40.761568 ], [ -111.840312, 40.76215 ], [ -111.842813, 40.76258 ], [ -111.844358, 40.76263 ], [ -111.847106, 40.762692 ], [ -111.847128, 40.762682 ], [ -111.848039, 40.762187 ], [ -111.850071, 40.76101 ], [ -111.852094, 40.758574 ], [ -111.852154, 40.758498 ], [ -111.85214, 40.758138 ] ] ] } },
{ "type": "Feature", "properties": { "group_index": 0, "value": 900.0, "center": [ -111.8435526, 40.7571123 ], "point_id": "F17-57558" }, "geometry": { "type": "Polygon", "coordinates": [ [ [ -111.856864, 40.758497 ], [ -111.856903, 40.758308 ], [ -111.856903, 40.758192 ], [ -111.856887, 40.758137 ], [ -111.854415, 40.756148 ], [ -111.854202, 40.755988 ], [ -111.853872, 40.755829 ], [ -111.852717, 40.755265 ], [ -111.849545, 40.750751 ], [ -111.849378, 40.750494 ], [ -111.848695, 40.749761 ], [ -111.847328, 40.748881 ], [ -111.845036, 40.747923 ], [ -111.844879, 40.747889 ], [ -111.842813, 40.749169 ], [ -111.838604, 40.750122 ], [ -111.83809, 40.750468 ], [ -111.832935, 40.753516 ], [ -111.832651, 40.753737 ], [ -111.832494, 40.7551 ], [ -111.832427, 40.755927 ], [ -111.832657, 40.756203 ], [ -111.834485, 40.759334 ], [ -111.833501, 40.763221 ], [ -111.833667, 40.76354 ], [ -111.836223, 40.76445 ], [ -111.839868, 40.765225 ], [ -111.84521, 40.765808 ], [ -111.846703, 40.766103 ], [ -111.846908, 40.766112 ], [ -111.847268, 40.766116 ], [ -111.848028, 40.766105 ], [ -111.84925, 40.765434 ], [ -111.849819, 40.76508 ], [ -111.851939, 40.763165 ], [ -111.854516, 40.760999 ], [ -111.854714, 40.760833 ], [ -111.856775, 40.758742 ], [ -111.856822, 40.758664 ], [ -111.856864, 40.758497 ] ] ] } },
{ "type": "Feature", "properties": { "group_index": 0, "value": 300.0, "center": [ -111.70490150289058, 40.276304952734 ], "point_id": "F10-13414" }, "geometry": { "type": "Polygon", "coordinates": [ [ [ -111.709056, 40.275289 ], [ -111.708007, 40.274557 ], [ -111.706586, 40.273517 ], [ -111.704981, 40.272531 ], [ -111.704631, 40.272448 ], [ -111.702968, 40.273636 ], [ -111.701317, 40.274915 ], [ -111.701142, 40.275097 ], [ -111.701093, 40.275171 ], [ -111.70109, 40.275531 ], [ -111.704376, 40.279787 ], [ -111.704721, 40.279995 ], [ -111.705019, 40.280163 ], [ -111.705179, 40.280146 ], [ -111.705696, 40.279694 ], [ -111.708304, 40.276845 ], [ -111.709049, 40.275649 ], [ -111.709056, 40.275289 ] ] ] } },
{ "type": "Feature", "properties": { "group_index": 0, "value": 600.0, "center": [ -111.70490150289058, 40.276304952734 ], "point_id": "F10-13414" }, "geometry": { "type": "Polygon", "coordinates": [ [ [ -111.713477, 40.275743 ], [ -111.713378, 40.275336 ], [ -111.712929, 40.274403 ], [ -111.708402, 40.270566 ], [ -111.705055, 40.269905 ], [ -111.699682, 40.272312 ], [ -111.698592, 40.273146 ], [ -111.696229, 40.275062 ], [ -111.696037, 40.275317 ], [ -111.696036, 40.275336 ], [ -111.696309, 40.275833 ], [ -111.699526, 40.278938 ], [ -111.700615, 40.280662 ], [ -111.701215, 40.281186 ], [ -111.7031, 40.2826 ], [ -111.704113, 40.283308 ], [ -111.704762, 40.283741 ], [ -111.704902, 40.283777 ], [ -111.705262, 40.283773 ], [ -111.706756, 40.282849 ], [ -111.71076, 40.279609 ], [ -111.713498, 40.276103 ], [ -111.713477, 40.275743 ] ] ] } },
{ "type": "Feature", "properties": { "group_index": 0, "value": 900.0, "center": [ -111.70490150289058, 40.276304952734 ], "point_id": "F10-13414" }, "geometry": { "type": "Polygon", "coordinates": [ [ [ -111.718241, 40.275617 ], [ -111.718225, 40.275257 ], [ -111.718028, 40.275079 ], [ -111.715875, 40.273271 ], [ -111.712637, 40.270247 ], [ -111.711735, 40.269567 ], [ -111.711719, 40.269568 ], [ -111.708499, 40.269723 ], [ -111.705055, 40.269905 ], [ -111.699682, 40.272312 ], [ -111.696421, 40.271917 ], [ -111.69586, 40.271923 ], [ -111.695299, 40.27193 ], [ -111.695167, 40.271985 ], [ -111.694679, 40.272323 ], [ -111.693668, 40.273064 ], [ -111.691378, 40.274961 ], [ -111.691318, 40.275031 ], [ -111.691281, 40.275104 ], [ -111.691279, 40.275464 ], [ -111.693333, 40.27715 ], [ -111.695779, 40.280789 ], [ -111.695849, 40.280848 ], [ -111.696633, 40.281445 ], [ -111.70085, 40.284763 ], [ -111.702424, 40.28605 ], [ -111.704612, 40.287488 ], [ -111.705177, 40.287583 ], [ -111.705507, 40.287579 ], [ -111.705836, 40.287574 ], [ -111.708857, 40.285326 ], [ -111.711196, 40.283222 ], [ -111.714892, 40.280573 ], [ -111.715163, 40.280368 ], [ -111.715406, 40.280103 ], [ -111.71813, 40.276472 ], [ -111.718261, 40.276137 ], [ -111.718241, 40.275617 ] ] ] } },
{ "type": "Feature", "properties": { "group_index": 0, "value": 300.0, "center": [ -111.95714603980024, 40.35208007407179 ], "point_id": "F21-84900" }, "geometry": { "type": "Polygon", "coordinates": [ [ [ -111.961539, 40.351996 ], [ -111.959245, 40.349481 ], [ -111.958198, 40.348984 ], [ -111.957919, 40.348934 ], [ -111.957652, 40.348935 ], [ -111.954981, 40.349809 ], [ -111.953054, 40.352068 ], [ -111.952825, 40.352346 ], [ -111.953061, 40.353303 ], [ -111.953189, 40.353351 ], [ -111.957806, 40.355203 ], [ -111.958165, 40.35518 ], [ -111.959, 40.354665 ], [ -111.960138, 40.353929 ], [ -111.961637, 40.352343 ], [ -111.961539, 40.351996 ] ] ] } },
{ "type": "Feature", "properties": { "group_index": 0, "value": 600.0, "center": [ -111.95714603980024, 40.35208007407179 ], "point_id": "F21-84900" }, "geometry": { "type": "Polygon", "coordinates": [ [ [ -111.964443, 40.350564 ], [ -111.964452, 40.350451 ], [ -111.964135, 40.349999 ], [ -111.96167, 40.347635 ], [ -111.960768, 40.347559 ], [ -111.958013, 40.347499 ], [ -111.955124, 40.34747 ], [ -111.952416, 40.348036 ], [ -111.951245, 40.34853 ], [ -111.950562, 40.349051 ], [ -111.948751, 40.350601 ], [ -111.948602, 40.350757 ], [ -111.948602, 40.350786 ], [ -111.948746, 40.35159 ], [ -111.950046, 40.351958 ], [ -111.950535, 40.352165 ], [ -111.954374, 40.35647 ], [ -111.9545, 40.356598 ], [ -111.955594, 40.357734 ], [ -111.956903, 40.358543 ], [ -111.957263, 40.358549 ], [ -111.957731, 40.358555 ], [ -111.958091, 40.358552 ], [ -111.959015, 40.358451 ], [ -111.962865, 40.355736 ], [ -111.963148, 40.355514 ], [ -111.963211, 40.355448 ], [ -111.963686, 40.354738 ], [ -111.964443, 40.350564 ] ] ] } },
{ "type": "Feature", "properties": { "group_index": 0, "value": 900.0, "center": [ -111.95714603980024, 40.35208007407179 ], "point_id": "F21-84900" }, "geometry": { "type": "Polygon", "coordinates": [ [ [ -111.969266, 40.350622 ], [ -111.968801, 40.350128 ], [ -111.968024, 40.349295 ], [ -111.967916, 40.349203 ], [ -111.966595, 40.348094 ], [ -111.964233, 40.346241 ], [ -111.963874, 40.346216 ], [ -111.958013, 40.347499 ], [ -111.955124, 40.34747 ], [ -111.953156, 40.347515 ], [ -111.948533, 40.34738 ], [ -111.947419, 40.34753 ], [ -111.946356, 40.348389 ], [ -111.946286, 40.348449 ], [ -111.945785, 40.348957 ], [ -111.945183, 40.350664 ], [ -111.945868, 40.353834 ], [ -111.94791, 40.355035 ], [ -111.950575, 40.357643 ], [ -111.952855, 40.359217 ], [ -111.955143, 40.36061 ], [ -111.959788, 40.361292 ], [ -111.961864, 40.361276 ], [ -111.962889, 40.360528 ], [ -111.963139, 40.360268 ], [ -111.965074, 40.35797 ], [ -111.967764, 40.355308 ], [ -111.969266, 40.350622 ] ] ] } },
{ "type": "Feature", "properties": { "group_index": 0, "value": 300.0, "center": [ -111.9047432, 40.6629388 ], "point_id": "F21-87462" }, "geometry": { "type": "Polygon", "coordinates": [ [ [ -111.907307, 40.664116 ], [ -111.907294, 40.664003 ], [ -111.906943, 40.662467 ], [ -111.905328, 40.660227 ], [ -111.904004, 40.65966 ], [ -111.903927, 40.659636 ], [ -111.903774, 40.659687 ], [ -111.902871, 40.660292 ], [ -111.902731, 40.660405 ], [ -111.902783, 40.660761 ], [ -111.903506, 40.66435 ], [ -111.904631, 40.665226 ], [ -111.904771, 40.665338 ], [ -111.906001, 40.665989 ], [ -111.906127, 40.666009 ], [ -111.906466, 40.66589 ], [ -111.906568, 40.665794 ], [ -111.907111, 40.664993 ], [ -111.907307, 40.664116 ] ] ] } },
{ "type": "Feature", "properties": { "group_index": 0, "value": 600.0, "center": [ -111.9047432, 40.6629388 ], "point_id": "F21-87462" }, "geometry": { "type": "Polygon", "coordinates": [ [ [ -111.909933, 40.662005 ], [ -111.909211, 40.659145 ], [ -111.907799, 40.657222 ], [ -111.907712, 40.657154 ], [ -111.907604, 40.657101 ], [ -111.907479, 40.657041 ], [ -111.905644, 40.65649 ], [ -111.904391, 40.656212 ], [ -111.904038, 40.656284 ], [ -111.902773, 40.656823 ], [ -111.899274, 40.659537 ], [ -111.898846, 40.659912 ], [ -111.897899, 40.660922 ], [ -111.897963, 40.661276 ], [ -111.898097, 40.661381 ], [ -111.898683, 40.661684 ], [ -111.899043, 40.661667 ], [ -111.903506, 40.66435 ], [ -111.902996, 40.667094 ], [ -111.902996, 40.667454 ], [ -111.905736, 40.66954 ], [ -111.90608, 40.669644 ], [ -111.908622, 40.668369 ], [ -111.909848, 40.666968 ], [ -111.909933, 40.662005 ] ] ] } },
{ "type": "Feature", "properties": { "group_index": 0, "value": 900.0, "center": [ -111.9047432, 40.6629388 ], "point_id": "F21-87462" }, "geometry": { "type": "Polygon", "coordinates": [ [ [ -111.914534, 40.665795 ], [ -111.913717, 40.660156 ], [ -111.913628, 40.659807 ], [ -111.913593, 40.659681 ], [ -111.911009, 40.654748 ], [ -111.910817, 40.654533 ], [ -111.910606, 40.654397 ], [ -111.905023, 40.653037 ], [ -111.904665, 40.65307 ], [ -111.904375, 40.653206 ], [ -111.90145, 40.65479 ], [ -111.897904, 40.656562 ], [ -111.894846, 40.66018 ], [ -111.893364, 40.661549 ], [ -111.893177, 40.661762 ], [ -111.893087, 40.662044 ], [ -111.893148, 40.662175 ], [ -111.894915, 40.663208 ], [ -111.898292, 40.667611 ], [ -111.899264, 40.668277 ], [ -111.899405, 40.66837 ], [ -111.903915, 40.671612 ], [ -111.904742, 40.672793 ], [ -111.905473, 40.673585 ], [ -111.905829, 40.673642 ], [ -111.908763, 40.671761 ], [ -111.911246, 40.670575 ], [ -111.911351, 40.670458 ], [ -111.914484, 40.666354 ], [ -111.914519, 40.666264 ], [ -111.914558, 40.666154 ], [ -111.914534, 40.665795 ] ] ] } },
{ "type": "Feature", "properties": { "group_index": 0, "value": 300.0, "center": [ -111.96521641522159, 41.19181996235388 ], "point_id": "F10-28515" }, "geometry": { "type": "Polygon", "coordinates": [ [ [ -111.970193, 41.191709 ], [ -111.96856, 41.190365 ], [ -111.967586, 41.189625 ], [ -111.967164, 41.189347 ], [ -111.965793, 41.188618 ], [ -111.965434, 41.188607 ], [ -111.964448, 41.188759 ], [ -111.962769, 41.189439 ], [ -111.96202, 41.19008 ], [ -111.961936, 41.19043 ], [ -111.962832, 41.193913 ], [ -111.963921, 41.194751 ], [ -111.965307, 41.195178 ], [ -111.965667, 41.195186 ], [ -111.968462, 41.193341 ], [ -111.970185, 41.192069 ], [ -111.970193, 41.191709 ] ] ] } },
{ "type": "Feature", "properties": { "group_index": 0, "value": 600.0, "center": [ -111.96521641522159, 41.19181996235388 ], "point_id": "F10-28515" }, "geometry": { "type": "Polygon", "coordinates": [ [ [ -111.973636, 41.190373 ], [ -111.971595, 41.188462 ], [ -111.967549, 41.185783 ], [ -111.967256, 41.185601 ], [ -111.965892, 41.184871 ], [ -111.965532, 41.184861 ], [ -111.964553, 41.185237 ], [ -111.962836, 41.186054 ], [ -111.959731, 41.187501 ], [ -111.957548, 41.188504 ], [ -111.957458, 41.188852 ], [ -111.957556, 41.189017 ], [ -111.959233, 41.194578 ], [ -111.95923, 41.194938 ], [ -111.960663, 41.196106 ], [ -111.961785, 41.196958 ], [ -111.962958, 41.19787 ], [ -111.963272, 41.198067 ], [ -111.963896, 41.198447 ], [ -111.965203, 41.198923 ], [ -111.965563, 41.198934 ], [ -111.968388, 41.197087 ], [ -111.969952, 41.195989 ], [ -111.971334, 41.194985 ], [ -111.974989, 41.192287 ], [ -111.975177, 41.19198 ], [ -111.973636, 41.190373 ] ] ] } },
{ "type": "Feature", "properties": { "group_index": 0, "value": 900.0, "center": [ -111.96521641522159, 41.19181996235388 ], "point_id": "F10-28515" }, "geometry": { "type": "Polygon", "coordinates": [ [ [ -111.978848, 41.194321 ], [ -111.978863, 41.194156 ], [ -111.978713, 41.193206 ], [ -111.978698, 41.193123 ], [ -111.978356, 41.191708 ], [ -111.977872, 41.190306 ], [ -111.975663, 41.187515 ], [ -111.97546, 41.187392 ], [ -111.97162, 41.185055 ], [ -111.96735, 41.181221 ], [ -111.965972, 41.181124 ], [ -111.965612, 41.181115 ], [ -111.963046, 41.182258 ], [ -111.959289, 41.183752 ], [ -111.95726, 41.18513 ], [ -111.95298, 41.187418 ], [ -111.952898, 41.1875 ], [ -111.95269, 41.187794 ], [ -111.953255, 41.188762 ], [ -111.954378, 41.194527 ], [ -111.954374, 41.194887 ], [ -111.956653, 41.196948 ], [ -111.958539, 41.198339 ], [ -111.961602, 41.199619 ], [ -111.965125, 41.202674 ], [ -111.965224, 41.202729 ], [ -111.965584, 41.202737 ], [ -111.968301, 41.200834 ], [ -111.969554, 41.2 ], [ -111.970946, 41.199081 ], [ -111.971445, 41.19876 ], [ -111.974842, 41.196362 ], [ -111.978708, 41.194819 ], [ -111.978848, 41.194321 ] ] ] } },
{ "type": "Feature", "properties": { "group_index": 0, "value": 300.0, "center": [ -111.79811102225153, 40.3813737561801 ], "point_id": "F11-30222" }, "geometry": { "type": "Polygon", "coordinates": [ [ [ -111.802802, 40.380997 ], [ -111.802734, 40.380929 ], [ -111.802628, 40.380839 ], [ -111.801546, 40.380041 ], [ -111.799411, 40.378437 ], [ -111.798793, 40.37797 ], [ -111.798433, 40.377963 ], [ -111.795884, 40.379177 ], [ -111.795603, 40.379367 ], [ -111.795318, 40.379558 ], [ -111.793573, 40.380861 ], [ -111.793571, 40.381221 ], [ -111.79366, 40.381294 ], [ -111.795856, 40.383127 ], [ -111.795989, 40.383234 ], [ -111.798188, 40.38487 ], [ -111.798548, 40.384874 ], [ -111.798709, 40.384792 ], [ -111.798881, 40.384674 ], [ -111.80071, 40.383349 ], [ -111.800903, 40.383175 ], [ -111.802799, 40.381357 ], [ -111.802802, 40.380997 ] ] ] } },
{ "type": "Feature", "properties": { "group_index": 0, "value": 600.0, "center": [ -111.79811102225153, 40.3813737561801 ], "point_id": "F11-30222" }, "geometry": { "type": "Polygon", "coordinates": [ [ [ -111.805865, 40.380458 ], [ -111.805231, 40.379014 ], [ -111.80249, 40.376773 ], [ -111.802333, 40.376647 ], [ -111.800813, 40.375574 ], [ -111.798997, 40.374339 ], [ -111.798825, 40.374222 ], [ -111.798465, 40.374217 ], [ -111.79589, 40.375437 ], [ -111.795635, 40.375587 ], [ -111.794209, 40.376451 ], [ -111.793892, 40.376664 ], [ -111.791295, 40.378836 ], [ -111.788747, 40.380742 ], [ -111.788654, 40.380818 ], [ -111.788653, 40.381178 ], [ -111.7896, 40.382134 ], [ -111.791155, 40.383277 ], [ -111.794454, 40.385894 ], [ -111.796225, 40.387242 ], [ -111.798139, 40.388642 ], [ -111.798326, 40.388644 ], [ -111.798506, 40.388609 ], [ -111.798662, 40.388539 ], [ -111.798835, 40.388429 ], [ -111.800465, 40.387255 ], [ -111.801793, 40.386283 ], [ -111.801992, 40.386129 ], [ -111.803115, 40.385269 ], [ -111.805624, 40.383379 ], [ -111.805732, 40.383293 ], [ -111.805865, 40.380458 ] ] ] } },
{ "type": "Feature", "properties": { "group_index": 0, "value": 900.0, "center": [ -111.79811102225153, 40.3813737561801 ], "point_id": "F11-30222" }, "geometry": { "type": "Polygon", "coordinates": [ [ [ -111.810247, 40.382162 ], [ -111.810176, 40.382005 ], [ -111.809415, 40.380349 ], [ -111.807388, 40.376803 ], [ -111.807249, 40.376661 ], [ -111.806239, 40.375669 ], [ -111.801618, 40.372391 ], [ -111.799027, 40.370545 ], [ -111.79888, 40.370475 ], [ -111.79852, 40.37047 ], [ -111.795477, 40.371851 ], [ -111.790504, 40.37458 ], [ -111.790048, 40.374814 ], [ -111.789954, 40.374935 ], [ -111.786376, 40.378774 ], [ -111.785303, 40.379634 ], [ -111.783741, 40.380798 ], [ -111.783739, 40.381158 ], [ -111.783827, 40.381249 ], [ -111.787647, 40.385155 ], [ -111.787794, 40.385246 ], [ -111.791146, 40.387174 ], [ -111.79332, 40.389106 ], [ -111.795518, 40.391813 ], [ -111.795878, 40.391808 ], [ -111.801218, 40.390377 ], [ -111.802047, 40.390014 ], [ -111.803929, 40.388532 ], [ -111.806473, 40.386513 ], [ -111.810011, 40.383842 ], [ -111.810247, 40.382162 ] ] ] } },
{ "type": "Feature", "properties": { "group_index": 0, "value": 300.0, "center": [ -111.83254409647942, 40.608376198184665 ], "point_id": "F16-50696" }, "geometry": { "type": "Polygon", "coordinates": [ [ [ -111.834205, 40.609379 ], [ -111.83332, 40.605082 ], [ -111.833034, 40.604306 ], [ -111.832675, 40.604281 ], [ -111.829152, 40.607317 ], [ -111.829001, 40.607534 ], [ -111.830668, 40.610814 ], [ -111.831614, 40.611857 ], [ -111.832627, 40.61301 ], [ -111.832942, 40.612835 ], [ -111.834203, 40.609739 ], [ -111.834205, 40.609379 ] ] ] } },
{ "type": "Feature", "properties": { "group_index": 0, "value": 600.0, "center": [ -111.83254409647942, 40.608376198184665 ], "point_id": "F16-50696" }, "geometry": { "type": "Polygon", "coordinates": [ [ [ -111.837843, 40.610741 ], [ -111.835711, 40.609608 ], [ -111.83509, 40.604505 ], [ -111.835249, 40.604182 ], [ -111.835063, 40.60376 ], [ -111.834368, 40.602372 ], [ -111.832832, 40.601224 ], [ -111.832369, 40.601078 ], [ -111.832052, 40.601247 ], [ -111.830588, 40.602162 ], [ -111.830584, 40.602522 ], [ -111.826092, 40.606485 ], [ -111.824931, 40.606794 ], [ -111.824941, 40.607019 ], [ -111.82499, 40.607314 ], [ -111.825052, 40.607434 ], [ -111.825151, 40.60751 ], [ -111.825972, 40.607465 ], [ -111.829986, 40.611639 ], [ -111.830405, 40.612149 ], [ -111.833291, 40.615397 ], [ -111.833414, 40.615391 ], [ -111.833755, 40.615334 ], [ -111.83409, 40.615204 ], [ -111.835818, 40.613747 ], [ -111.835967, 40.613607 ], [ -111.837943, 40.611113 ], [ -111.837843, 40.610741 ] ] ] } },
{ "type": "Feature", "properties": { "group_index": 0, "value": 900.0, "center": [ -111.83254409647942, 40.608376198184665 ], "point_id": "F16-50696" }, "geometry": { "type": "Polygon", "coordinates": [ [ [ -111.84099, 40.610512 ], [ -111.839579, 40.605809 ], [ -111.837468, 40.603192 ], [ -111.83476, 40.599565 ], [ -111.831914, 40.597504 ], [ -111.831555, 40.597532 ], [ -111.827492, 40.601037 ], [ -111.825465, 40.601945 ], [ -111.824931, 40.606794 ], [ -111.824941, 40.607019 ], [ -111.82499, 40.607314 ], [ -111.825052, 40.607434 ], [ -111.825151, 40.60751 ], [ -111.825972, 40.607465 ], [ -111.826079, 40.607453 ], [ -111.829684, 40.609568 ], [ -111.829145, 40.613166 ], [ -111.829118, 40.6132 ], [ -111.829072, 40.613306 ], [ -111.829052, 40.613514 ], [ -111.82906, 40.613658 ], [ -111.829128, 40.613811 ], [ -111.83061, 40.616557 ], [ -111.831437, 40.617297 ], [ -111.831513, 40.617358 ], [ -111.832409, 40.618001 ], [ -111.832482, 40.618054 ], [ -111.834186, 40.619052 ], [ -111.834545, 40.619024 ], [ -111.838567, 40.61665 ], [ -111.841014, 40.61126 ], [ -111.84099, 40.610512 ] ] ] } },
{ "type": "Feature", "properties": { "group_index": 0, "value": 300.0, "center": [ -111.82387309298846, 40.57922890857656 ], "point_id": "F10-16089" }, "geometry": { "type": "Polygon", "coordinates": [ [ [ -111.828689, 40.58015 ], [ -111.826648, 40.577288 ], [ -111.825336, 40.57595 ], [ -111.824397, 40.575385 ], [ -111.82404, 40.575341 ], [ -111.820138, 40.576575 ], [ -111.820055, 40.576926 ], [ -111.820325, 40.580316 ], [ -111.821677, 40.582335 ], [ -111.8241, 40.582924 ], [ -111.82446, 40.582922 ], [ -111.828, 40.581161 ], [ -111.828678, 40.58051 ], [ -111.828689, 40.58015 ] ] ] } },
{ "type": "Feature", "properties": { "group_index": 0, "value": 600.0, "center": [ -111.82387309298846, 40.57922890857656 ], "point_id": "F10-16089" }, "geometry": { "type": "Polygon", "coordinates": [ [ [ -111.83331, 40.580392 ], [ -111.833272, 40.580035 ], [ -111.83252, 40.579573 ], [ -111.829426, 40.57535 ], [ -111.826463, 40.573074 ], [ -111.826191, 40.572869 ], [ -111.824899, 40.571913 ], [ -111.824766, 40.571864 ], [ -111.824406, 40.571861 ], [ -111.824339, 40.571869 ], [ -111.821565, 40.573315 ], [ -111.818016, 40.574602 ], [ -111.816424, 40.575441 ], [ -111.81532, 40.576567 ], [ -111.81532, 40.576927 ], [ -111.816971, 40.581165 ], [ -111.818435, 40.582941 ], [ -111.823045, 40.585812 ], [ -111.823892, 40.586605 ], [ -111.824252, 40.586607 ], [ -111.827971, 40.584554 ], [ -111.83166, 40.581996 ], [ -111.833184, 40.580784 ], [ -111.833268, 40.580669 ], [ -111.83331, 40.580392 ] ] ] } },
{ "type": "Feature", "properties": { "group_index": 0, "value": 900.0, "center": [ -111.82387309298846, 40.57922890857656 ], "point_id": "F10-16089" }, "geometry": { "type": "Polygon", "coordinates": [ [ [ -111.838184, 40.580243 ], [ -111.835807, 40.577337 ], [ -111.835805, 40.577336 ], [ -111.833461, 40.575537 ], [ -111.831488, 40.573072 ], [ -111.830623, 40.571806 ], [ -111.829897, 40.570999 ], [ -111.824792, 40.567954 ], [ -111.824438, 40.568017 ], [ -111.822505, 40.569331 ], [ -111.818988, 40.57166 ], [ -111.813749, 40.572696 ], [ -111.810635, 40.576444 ], [ -111.810382, 40.576774 ], [ -111.810449, 40.577128 ], [ -111.812027, 40.581688 ], [ -111.812113, 40.581754 ], [ -111.814837, 40.583869 ], [ -111.819402, 40.586875 ], [ -111.822549, 40.589631 ], [ -111.823024, 40.589949 ], [ -111.823384, 40.589945 ], [ -111.824336, 40.5899 ], [ -111.826202, 40.58912 ], [ -111.826693, 40.588861 ], [ -111.828428, 40.587906 ], [ -111.830035, 40.586962 ], [ -111.834012, 40.584085 ], [ -111.838099, 40.580743 ], [ -111.838186, 40.580603 ], [ -111.838184, 40.580243 ] ] ] } },
{ "type": "Feature", "properties": { "group_index": 0, "value": 300.0, "center": [ -111.83213059442981, 40.63983397212796 ], "point_id": "F10-3763" }, "geometry": { "type": "Polygon", "coordinates": [ [ [ -111.83551, 40.638359 ], [ -111.833897, 40.636611 ], [ -111.833415, 40.636568 ], [ -111.833259, 40.636599 ], [ -111.829113, 40.638074 ], [ -111.829109, 40.638292 ], [ -111.829105, 40.63851 ], [ -111.829116, 40.638692 ], [ -111.831769, 40.641572 ], [ -111.832113, 40.641678 ], [ -111.835246, 40.639041 ], [ -111.835472, 40.638717 ], [ -111.83551, 40.638359 ] ] ] } },
{ "type": "Feature", "properties": { "group_index": 0, "value": 600.0, "center": [ -111.83213059442981, 40.63983397212796 ], "point_id": "F10-3763" }, "geometry": { "type": "Polygon", "coordinates": [ [ [ -111.83882, 40.637719 ], [ -111.836677, 40.634482 ], [ -111.836382, 40.634256 ], [ -111.834338, 40.633234 ], [ -111.834151, 40.633149 ], [ -111.833794, 40.633193 ], [ -111.828985, 40.636117 ], [ -111.827494, 40.63632 ], [ -111.824565, 40.63806 ], [ -111.824178, 40.638314 ], [ -111.824179, 40.638674 ], [ -111.824573, 40.638929 ], [ -111.826523, 40.639614 ], [ -111.831769, 40.641572 ], [ -111.83472, 40.642937 ], [ -111.834812, 40.642968 ], [ -111.840013, 40.643085 ], [ -111.840262, 40.643002 ], [ -111.840429, 40.642683 ], [ -111.83882, 40.637719 ] ] ] } },
{ "type": "Feature", "properties": { "group_index": 0, "value": 900.0, "center": [ -111.83213059442981, 40.63983397212796 ], "point_id": "F10-3763" }, "geometry": { "type": "Polygon", "coordinates": [ [ [ -111.843869, 40.640203 ], [ -111.843791, 40.640024 ], [ -111.841616, 40.634496 ], [ -111.841601, 40.634288 ], [ -111.841085, 40.633882 ], [ -111.839702, 40.632995 ], [ -111.838829, 40.632471 ], [ -111.834348, 40.629027 ], [ -111.833988, 40.629025 ], [ -111.833573, 40.629533 ], [ -111.833519, 40.629714 ], [ -111.833465, 40.629895 ], [ -111.830299, 40.634968 ], [ -111.828047, 40.634857 ], [ -111.824914, 40.634309 ], [ -111.824554, 40.63431 ], [ -111.8228, 40.635342 ], [ -111.821314, 40.63642 ], [ -111.8191, 40.638178 ], [ -111.81915, 40.638361 ], [ -111.819199, 40.638543 ], [ -111.81924, 40.638676 ], [ -111.822953, 40.641591 ], [ -111.82446, 40.642651 ], [ -111.82479, 40.642796 ], [ -111.825383, 40.642389 ], [ -111.831009, 40.643376 ], [ -111.832938, 40.645606 ], [ -111.834371, 40.646481 ], [ -111.834677, 40.646673 ], [ -111.834785, 40.646717 ], [ -111.835145, 40.64671 ], [ -111.835861, 40.646669 ], [ -111.837712, 40.645023 ], [ -111.843529, 40.644922 ], [ -111.843967, 40.64494 ], [ -111.844133, 40.644621 ], [ -111.843869, 40.640203 ] ] ] } },
{ "type": "Feature", "properties": { "group_index": 0, "value": 300.0, "center": [ -111.884324, 40.7674224 ], "point_id": "F19-70840" }, "geometry": { "type": "Polygon", "coordinates": [ [ [ -111.889181, 40.767362 ], [ -111.889178, 40.767002 ], [ -111.887692, 40.765911 ], [ -111.886351, 40.764969 ], [ -111.885928, 40.764674 ], [ -111.88535, 40.764305 ], [ -111.88499, 40.764309 ], [ -111.882717, 40.76483 ], [ -111.882494, 40.764981 ], [ -111.881969, 40.765381 ], [ -111.880046, 40.766836 ], [ -111.87965, 40.767158 ], [ -111.879478, 40.767338 ], [ -111.879478, 40.767343 ], [ -111.879653, 40.767518 ], [ -111.882357, 40.769625 ], [ -111.882528, 40.769693 ], [ -111.884467, 40.76987 ], [ -111.884827, 40.769864 ], [ -111.886364, 40.76969 ], [ -111.887952, 40.768505 ], [ -111.889155, 40.767515 ], [ -111.889181, 40.767362 ] ] ] } },
{ "type": "Feature", "properties": { "group_index": 0, "value": 600.0, "center": [ -111.884324, 40.7674224 ], "point_id": "F19-70840" }, "geometry": { "type": "Polygon", "coordinates": [ [ [ -111.894102, 40.767156 ], [ -111.893945, 40.76695 ], [ -111.893841, 40.766834 ], [ -111.891308, 40.764827 ], [ -111.888611, 40.762662 ], [ -111.885525, 40.760643 ], [ -111.885168, 40.760458 ], [ -111.88508, 40.760457 ], [ -111.882531, 40.76126 ], [ -111.882054, 40.761539 ], [ -111.880737, 40.762493 ], [ -111.877868, 40.764669 ], [ -111.876136, 40.765951 ], [ -111.8752, 40.766692 ], [ -111.874705, 40.76716 ], [ -111.874623, 40.767342 ], [ -111.874625, 40.767612 ], [ -111.87808, 40.770185 ], [ -111.880533, 40.771982 ], [ -111.881741, 40.772836 ], [ -111.881995, 40.773002 ], [ -111.882174, 40.773027 ], [ -111.882378, 40.773028 ], [ -111.883727, 40.772893 ], [ -111.888027, 40.772102 ], [ -111.888556, 40.77186 ], [ -111.890295, 40.770709 ], [ -111.89054, 40.770515 ], [ -111.894102, 40.767516 ], [ -111.894178, 40.767335 ], [ -111.894102, 40.767156 ] ] ] } },
{ "type": "Feature", "properties": { "group_index": 0, "value": 900.0, "center": [ -111.884324, 40.7674224 ], "point_id": "F19-70840" }, "geometry": { "type": "Polygon", "coordinates": [ [ [ -111.8972, 40.769186 ], [ -111.897199, 40.769171 ], [ -111.897198, 40.769159 ], [ -111.896382, 40.764962 ], [ -111.896266, 40.76482 ], [ -111.896093, 40.764662 ], [ -111.893678, 40.762639 ], [ -111.893293, 40.762327 ], [ -111.891178, 40.760809 ], [ -111.888452, 40.758455 ], [ -111.888251, 40.758295 ], [ -111.888067, 40.758154 ], [ -111.88535, 40.756824 ], [ -111.88499, 40.756824 ], [ -111.882473, 40.757439 ], [ -111.881032, 40.758461 ], [ -111.879117, 40.759936 ], [ -111.878727, 40.760244 ], [ -111.878221, 40.760648 ], [ -111.87644, 40.761991 ], [ -111.872877, 40.764341 ], [ -111.869756, 40.767157 ], [ -111.869758, 40.767517 ], [ -111.872349, 40.769549 ], [ -111.873961, 40.770836 ], [ -111.875338, 40.771883 ], [ -111.875467, 40.771981 ], [ -111.876825, 40.773008 ], [ -111.876985, 40.773128 ], [ -111.878555, 40.774265 ], [ -111.881333, 40.776336 ], [ -111.881593, 40.776534 ], [ -111.881878, 40.776689 ], [ -111.881999, 40.776749 ], [ -111.882359, 40.776748 ], [ -111.883731, 40.776639 ], [ -111.888382, 40.775746 ], [ -111.891476, 40.773715 ], [ -111.893374, 40.772186 ], [ -111.89666, 40.76969 ], [ -111.897037, 40.769369 ], [ -111.8972, 40.769198 ], [ -111.8972, 40.769186 ] ] ] } },
{ "type": "Feature", "properties": { "group_index": 0, "value": 300.0, "center": [ -111.65564982130644, 40.218499427474015 ], "point_id": "F16-51695" }, "geometry": { "type": "Polygon", "coordinates": [ [ [ -111.65962, 40.21855 ], [ -111.658769, 40.216916 ], [ -111.658475, 40.216557 ], [ -111.658315, 40.216376 ], [ -111.656307, 40.215102 ], [ -111.656103, 40.215007 ], [ -111.655743, 40.215015 ], [ -111.654219, 40.216158 ], [ -111.654127, 40.216227 ], [ -111.652395, 40.218857 ], [ -111.652395, 40.218909 ], [ -111.652445, 40.220204 ], [ -111.653812, 40.221335 ], [ -111.656357, 40.221794 ], [ -111.656717, 40.221779 ], [ -111.658043, 40.220783 ], [ -111.659062, 40.219881 ], [ -111.659231, 40.219701 ], [ -111.659574, 40.219198 ], [ -111.65962, 40.21855 ] ] ] } },
{ "type": "Feature", "properties": { "group_index": 0, "value": 600.0, "center": [ -111.65564982130644, 40.218499427474015 ], "point_id": "F16-51695" }, "geometry": { "type": "Polygon", "coordinates": [ [ [ -111.664, 40.21944 ], [ -111.663753, 40.218572 ], [ -111.660825, 40.214142 ], [ -111.657938, 40.212244 ], [ -111.657101, 40.211877 ], [ -111.656825, 40.211891 ], [ -111.656549, 40.211905 ], [ -111.654853, 40.212047 ], [ -111.652609, 40.212677 ], [ -111.652463, 40.212796 ], [ -111.649221, 40.21624 ], [ -111.649222, 40.2166 ], [ -111.649865, 40.222172 ], [ -111.649907, 40.222237 ], [ -111.650006, 40.222265 ], [ -111.65543, 40.224665 ], [ -111.656973, 40.224895 ], [ -111.658002, 40.224588 ], [ -111.658267, 40.224424 ], [ -111.659471, 40.223602 ], [ -111.660799, 40.222647 ], [ -111.663995, 40.2198 ], [ -111.664, 40.21944 ] ] ] } },
{ "type": "Feature", "properties": { "group_index": 0, "value": 900.0, "center": [ -111.65564982130644, 40.218499427474015 ], "point_id": "F16-51695" }, "geometry": { "type": "Polygon", "coordinates": [ [ [ -111.667168, 40.21799 ], [ -111.664147, 40.214696 ], [ -111.662048, 40.212578 ], [ -111.660075, 40.209779 ], [ -111.659778, 40.209575 ], [ -111.658979, 40.209348 ], [ -111.657776, 40.209223 ], [ -111.655684, 40.209075 ], [ -111.655324, 40.209073 ], [ -111.654198, 40.209151 ], [ -111.652205, 40.209301 ], [ -111.651883, 40.209344 ], [ -111.651735, 40.209433 ], [ -111.651145, 40.209872 ], [ -111.646492, 40.212359 ], [ -111.646488, 40.213239 ], [ -111.646485, 40.214118 ], [ -111.646534, 40.219453 ], [ -111.646876, 40.219835 ], [ -111.647217, 40.220217 ], [ -111.648632, 40.221389 ], [ -111.648879, 40.221583 ], [ -111.649118, 40.22177 ], [ -111.649332, 40.221918 ], [ -111.649538, 40.222061 ], [ -111.649877, 40.222225 ], [ -111.649907, 40.222237 ], [ -111.650006, 40.222265 ], [ -111.65543, 40.224665 ], [ -111.657727, 40.227133 ], [ -111.657786, 40.227217 ], [ -111.657935, 40.227338 ], [ -111.658094, 40.227446 ], [ -111.658324, 40.227583 ], [ -111.658842, 40.227612 ], [ -111.658991, 40.227582 ], [ -111.661977, 40.225599 ], [ -111.664555, 40.223567 ], [ -111.666485, 40.222058 ], [ -111.666554, 40.221956 ], [ -111.667168, 40.21799 ] ] ] } },
{ "type": "Feature", "properties": { "group_index": 0, "value": 300.0, "center": [ -111.70213600188654, 40.31518562039661 ], "point_id": "F20-78460" }, "geometry": { "type": "Polygon", "coordinates": [ [ [ -111.705986, 40.314561 ], [ -111.705985, 40.314201 ], [ -111.705431, 40.31361 ], [ -111.701969, 40.311916 ], [ -111.701743, 40.311854 ], [ -111.701353, 40.3118 ], [ -111.701119, 40.311803 ], [ -111.700781, 40.31219 ], [ -111.700299, 40.31277 ], [ -111.700299, 40.31313 ], [ -111.700782, 40.315194 ], [ -111.702354, 40.317598 ], [ -111.702556, 40.31778 ], [ -111.702801, 40.31793 ], [ -111.703928, 40.318391 ], [ -111.704257, 40.318246 ], [ -111.704869, 40.317679 ], [ -111.705623, 40.316957 ], [ -111.705986, 40.314561 ] ] ] } },
{ "type": "Feature", "properties": { "group_index": 0, "value": 600.0, "center": [ -111.70213600188654, 40.31518562039661 ], "point_id": "F20-78460" }, "geometry": { "type": "Polygon", "coordinates": [ [ [ -111.710799, 40.31387 ], [ -111.708522, 40.312286 ], [ -111.705822, 40.310331 ], [ -111.705622, 40.310256 ], [ -111.701855, 40.30886 ], [ -111.700334, 40.308375 ], [ -111.700089, 40.308316 ], [ -111.699875, 40.308277 ], [ -111.69946, 40.308355 ], [ -111.697149, 40.310592 ], [ -111.696005, 40.311949 ], [ -111.695981, 40.312308 ], [ -111.697651, 40.316108 ], [ -111.700707, 40.319381 ], [ -111.70092, 40.319537 ], [ -111.705263, 40.321888 ], [ -111.705491, 40.321943 ], [ -111.705821, 40.321798 ], [ -111.706138, 40.321591 ], [ -111.70808, 40.320315 ], [ -111.70964, 40.315721 ], [ -111.710801, 40.31423 ], [ -111.710799, 40.31387 ] ] ] } },
{ "type": "Feature", "properties": { "group_index": 0, "value": 900.0, "center": [ -111.70213600188654, 40.31518562039661 ], "point_id": "F20-78460" }, "geometry": { "type": "Polygon", "coordinates": [ [ [ -111.714551, 40.315319 ], [ -111.713129, 40.312047 ], [ -111.712953, 40.311755 ], [ -111.710136, 40.30984 ], [ -111.706758, 40.307153 ], [ -111.705513, 40.306506 ], [ -111.700079, 40.305297 ], [ -111.699481, 40.305071 ], [ -111.698973, 40.304868 ], [ -111.698778, 40.304807 ], [ -111.698328, 40.30472 ], [ -111.697997, 40.304793 ], [ -111.696706, 40.306116 ], [ -111.696614, 40.306224 ], [ -111.693562, 40.309907 ], [ -111.692444, 40.310879 ], [ -111.691542, 40.311602 ], [ -111.69138, 40.31174 ], [ -111.691291, 40.311838 ], [ -111.691249, 40.311954 ], [ -111.691249, 40.312314 ], [ -111.693418, 40.315094 ], [ -111.695691, 40.319058 ], [ -111.695747, 40.319168 ], [ -111.695899, 40.319426 ], [ -111.69601, 40.319521 ], [ -111.697115, 40.320381 ], [ -111.700429, 40.322962 ], [ -111.705949, 40.324944 ], [ -111.706779, 40.325399 ], [ -111.70703, 40.325498 ], [ -111.707361, 40.325355 ], [ -111.707615, 40.325185 ], [ -111.708014, 40.324791 ], [ -111.709641, 40.322897 ], [ -111.712188, 40.32042 ], [ -111.71307, 40.319364 ], [ -111.713091, 40.319335 ], [ -111.714352, 40.316199 ], [ -111.714555, 40.315679 ], [ -111.714551, 40.315319 ] ] ] } },
{ "type": "Feature", "properties": { "group_index": 0, "value": 300.0, "center": [ -111.93575910821376, 40.67926250338482 ], "point_id": "F16-49819" }, "geometry": { "type": "Polygon", "coordinates": [ [ [ -111.940091, 40.679349 ], [ -111.938441, 40.67788 ], [ -111.938368, 40.677821 ], [ -111.934328, 40.676235 ], [ -111.933982, 40.676136 ], [ -111.932673, 40.67644 ], [ -111.932505, 40.676759 ], [ -111.93174, 40.679492 ], [ -111.931735, 40.679852 ], [ -111.933269, 40.681497 ], [ -111.933933, 40.682002 ], [ -111.93408, 40.682078 ], [ -111.935149, 40.682323 ], [ -111.936182, 40.682351 ], [ -111.936325, 40.682309 ], [ -111.936602, 40.68222 ], [ -111.937887, 40.681633 ], [ -111.939335, 40.680708 ], [ -111.940229, 40.679682 ], [ -111.940091, 40.679349 ] ] ] } },
{ "type": "Feature", "properties": { "group_index": 0, "value": 600.0, "center": [ -111.93575910821376, 40.67926250338482 ], "point_id": "F16-49819" }, "geometry": { "type": "Polygon", "coordinates": [ [ [ -111.945165, 40.678736 ], [ -111.943106, 40.677277 ], [ -111.940912, 40.675802 ], [ -111.938888, 40.674449 ], [ -111.934469, 40.672637 ], [ -111.934364, 40.672597 ], [ -111.934004, 40.672598 ], [ -111.930208, 40.673761 ], [ -111.928161, 40.675248 ], [ -111.928086, 40.675324 ], [ -111.927995, 40.675416 ], [ -111.927211, 40.679023 ], [ -111.927222, 40.679142 ], [ -111.929264, 40.68227 ], [ -111.931015, 40.684252 ], [ -111.934577, 40.685177 ], [ -111.934581, 40.685178 ], [ -111.938947, 40.684644 ], [ -111.939794, 40.684075 ], [ -111.941546, 40.682773 ], [ -111.941965, 40.682459 ], [ -111.942141, 40.682322 ], [ -111.942268, 40.682188 ], [ -111.945165, 40.679096 ], [ -111.945165, 40.678736 ] ] ] } },
{ "type": "Feature", "properties": { "group_index": 0, "value": 900.0, "center": [ -111.93575910821376, 40.67926250338482 ], "point_id": "F16-49819" }, "geometry": { "type": "Polygon", "coordinates": [ [ [ -111.949717, 40.678595 ], [ -111.945978, 40.675836 ], [ -111.941158, 40.672412 ], [ -111.940674, 40.671883 ], [ -111.940149, 40.671509 ], [ -111.937424, 40.669711 ], [ -111.935787, 40.668906 ], [ -111.935529, 40.668929 ], [ -111.935272, 40.668953 ], [ -111.934979, 40.668987 ], [ -111.930406, 40.670096 ], [ -111.930335, 40.670113 ], [ -111.929138, 40.670794 ], [ -111.92904, 40.670852 ], [ -111.927111, 40.672076 ], [ -111.923728, 40.674267 ], [ -111.923454, 40.674501 ], [ -111.923318, 40.675132 ], [ -111.92333, 40.675491 ], [ -111.923899, 40.679241 ], [ -111.925148, 40.679565 ], [ -111.92713, 40.684584 ], [ -111.927132, 40.684616 ], [ -111.927381, 40.685164 ], [ -111.929054, 40.686072 ], [ -111.930606, 40.686863 ], [ -111.931764, 40.687378 ], [ -111.93185, 40.687416 ], [ -111.93221, 40.687405 ], [ -111.934362, 40.687039 ], [ -111.938324, 40.688108 ], [ -111.938713, 40.688326 ], [ -111.938735, 40.688325 ], [ -111.939259, 40.688228 ], [ -111.939408, 40.688193 ], [ -111.940794, 40.686929 ], [ -111.942364, 40.685646 ], [ -111.9471, 40.682978 ], [ -111.949717, 40.678955 ], [ -111.949717, 40.678595 ] ] ] } },
{ "type": "Feature", "properties": { "group_index": 0, "value": 300.0, "center": [ -111.88073446702586, 40.76267266339994 ], "point_id": "F10-10761" }, "geometry": { "type": "Polygon", "coordinates": [ [ [ -111.885743, 40.762749 ], [ -111.885681, 40.762497 ], [ -111.885135, 40.762065 ], [ -111.883265, 40.760637 ], [ -111.882822, 40.760286 ], [ -111.8825, 40.760084 ], [ -111.879962, 40.759493 ], [ -111.879856, 40.759494 ], [ -111.879677, 40.759593 ], [ -111.879116, 40.759936 ], [ -111.878727, 40.760243 ], [ -111.876453, 40.761992 ], [ -111.875787, 40.762497 ], [ -111.875787, 40.762857 ], [ -111.875991, 40.763012 ], [ -111.879008, 40.765345 ], [ -111.879673, 40.765751 ], [ -111.87985, 40.765841 ], [ -111.879968, 40.765842 ], [ -111.882308, 40.765342 ], [ -111.882488, 40.76528 ], [ -111.88283, 40.765095 ], [ -111.882916, 40.765029 ], [ -111.885347, 40.76316 ], [ -111.885473, 40.76306 ], [ -111.885682, 40.762857 ], [ -111.885743, 40.762768 ], [ -111.885743, 40.762749 ] ] ] } },
{ "type": "Feature", "properties": { "group_index": 0, "value": 600.0, "center": [ -111.88073446702586, 40.76267266339994 ], "point_id": "F10-10761" }, "geometry": { "type": "Polygon", "coordinates": [ [ [ -111.89063, 40.762505 ], [ -111.890461, 40.762314 ], [ -111.887309, 40.75966 ], [ -111.886442, 40.758973 ], [ -111.88251, 40.756286 ], [ -111.880048, 40.755844 ], [ -111.879688, 40.755849 ], [ -111.879429, 40.755976 ], [ -111.876336, 40.75816 ], [ -111.876148, 40.758308 ], [ -111.87149, 40.76185 ], [ -111.870842, 40.762499 ], [ -111.870678, 40.762665 ], [ -111.870678, 40.76269 ], [ -111.870838, 40.762859 ], [ -111.873521, 40.765031 ], [ -111.87372, 40.765184 ], [ -111.873923, 40.765341 ], [ -111.876437, 40.767205 ], [ -111.878338, 40.768617 ], [ -111.879382, 40.76938 ], [ -111.879677, 40.769499 ], [ -111.879857, 40.769524 ], [ -111.880059, 40.769524 ], [ -111.882493, 40.769025 ], [ -111.882861, 40.768825 ], [ -111.886132, 40.76647 ], [ -111.888715, 40.764476 ], [ -111.889413, 40.763917 ], [ -111.890344, 40.763155 ], [ -111.890627, 40.762865 ], [ -111.89063, 40.762505 ] ] ] } },
{ "type": "Feature", "properties": { "group_index": 0, "value": 900.0, "center": [ -111.88073446702586, 40.76267266339994 ], "point_id": "F10-10761" }, "geometry": { "type": "Polygon", "coordinates": [ [ [ -111.895578, 40.762829 ], [ -111.895578, 40.762822 ], [ -111.895574, 40.762496 ], [ -111.895454, 40.762388 ], [ -111.891154, 40.758451 ], [ -111.890773, 40.758146 ], [ -111.888285, 40.756261 ], [ -111.883782, 40.753396 ], [ -111.882667, 40.75272 ], [ -111.880027, 40.752099 ], [ -111.879667, 40.7521 ], [ -111.879076, 40.752324 ], [ -111.876741, 40.754111 ], [ -111.875889, 40.754752 ], [ -111.874252, 40.755977 ], [ -111.873836, 40.756288 ], [ -111.872135, 40.757593 ], [ -111.871392, 40.758156 ], [ -111.8712, 40.758304 ], [ -111.867096, 40.761401 ], [ -111.865893, 40.762493 ], [ -111.865894, 40.762853 ], [ -111.869228, 40.765856 ], [ -111.87367, 40.768861 ], [ -111.874532, 40.769539 ], [ -111.874734, 40.769694 ], [ -111.876214, 40.770837 ], [ -111.877616, 40.771888 ], [ -111.879023, 40.772912 ], [ -111.879063, 40.772912 ], [ -111.880608, 40.772806 ], [ -111.88224, 40.772562 ], [ -111.883672, 40.771975 ], [ -111.884585, 40.77148 ], [ -111.888794, 40.768317 ], [ -111.891102, 40.766622 ], [ -111.894572, 40.763805 ], [ -111.895291, 40.763161 ], [ -111.895577, 40.762856 ], [ -111.895578, 40.762829 ] ] ] } },
{ "type": "Feature", "properties": { "group_index": 0, "value": 300.0, "center": [ -111.74574978349683, 40.36441509746635 ], "point_id": "F10-3835" }, "geometry": { "type": "Polygon", "coordinates": [ [ [ -111.749618, 40.365573 ], [ -111.749539, 40.365442 ], [ -111.747174, 40.363496 ], [ -111.746865, 40.363311 ], [ -111.744824, 40.362542 ], [ -111.744122, 40.362466 ], [ -111.743674, 40.362458 ], [ -111.742695, 40.362488 ], [ -111.741553, 40.363344 ], [ -111.741171, 40.363659 ], [ -111.741152, 40.364018 ], [ -111.741185, 40.36415 ], [ -111.743581, 40.366423 ], [ -111.744087, 40.366729 ], [ -111.745052, 40.367217 ], [ -111.747686, 40.367529 ], [ -111.747996, 40.367346 ], [ -111.749539, 40.365924 ], [ -111.749618, 40.365573 ] ] ] } },
{ "type": "Feature", "properties": { "group_index": 0, "value": 600.0, "center": [ -111.74574978349683, 40.36441509746635 ], "point_id": "F10-3835" }, "geometry": { "type": "Polygon", "coordinates": [ [ [ -111.754169, 40.366585 ], [ -111.754177, 40.366401 ], [ -111.754095, 40.365774 ], [ -111.753836, 40.364839 ], [ -111.753372, 40.3641 ], [ -111.753323, 40.36403 ], [ -111.753061, 40.363784 ], [ -111.752976, 40.363711 ], [ -111.748714, 40.361541 ], [ -111.746674, 40.361029 ], [ -111.742116, 40.359513 ], [ -111.741905, 40.35947 ], [ -111.741695, 40.359426 ], [ -111.737905, 40.362199 ], [ -111.73627, 40.3637 ], [ -111.736269, 40.36406 ], [ -111.737843, 40.365364 ], [ -111.741148, 40.368282 ], [ -111.74176, 40.368773 ], [ -111.741941, 40.368868 ], [ -111.742301, 40.368868 ], [ -111.746008, 40.368089 ], [ -111.749475, 40.369782 ], [ -111.749835, 40.369782 ], [ -111.750866, 40.369315 ], [ -111.754088, 40.366936 ], [ -111.754169, 40.366585 ] ] ] } },
{ "type": "Feature", "properties": { "group_index": 0, "value": 900.0, "center": [ -111.74574978349683, 40.36441509746635 ], "point_id": "F10-3835" }, "geometry": { "type": "Polygon", "coordinates": [ [ [ -111.758886, 40.367643 ], [ -111.758849, 40.367519 ], [ -111.758377, 40.36587 ], [ -111.757409, 40.361458 ], [ -111.757255, 40.361133 ], [ -111.757195, 40.361091 ], [ -111.756007, 40.361103 ], [ -111.750441, 40.35948 ], [ -111.750084, 40.35921 ], [ -111.749724, 40.359214 ], [ -111.746373, 40.359016 ], [ -111.742543, 40.357435 ], [ -111.740891, 40.356312 ], [ -111.740722, 40.356209 ], [ -111.740362, 40.356207 ], [ -111.738116, 40.357075 ], [ -111.734635, 40.360989 ], [ -111.733151, 40.362176 ], [ -111.733047, 40.362256 ], [ -111.731387, 40.363672 ], [ -111.731387, 40.364032 ], [ -111.732254, 40.365204 ], [ -111.735344, 40.367314 ], [ -111.737621, 40.369322 ], [ -111.741014, 40.37194 ], [ -111.74215, 40.372603 ], [ -111.74251, 40.372603 ], [ -111.747862, 40.372677 ], [ -111.749432, 40.373527 ], [ -111.749792, 40.373531 ], [ -111.750816, 40.37313 ], [ -111.752302, 40.372072 ], [ -111.754447, 40.370188 ], [ -111.758807, 40.367995 ], [ -111.758886, 40.367643 ] ] ] } },
{ "type": "Feature", "properties": { "group_index": 0, "value": 300.0, "center": [ -111.89728387335697, 40.52633654890248 ], "point_id": "F16-47814" }, "geometry": { "type": "Polygon", "coordinates": [ [ [ -111.901871, 40.526475 ], [ -111.900162, 40.525243 ], [ -111.899851, 40.525062 ], [ -111.894403, 40.524338 ], [ -111.894043, 40.524336 ], [ -111.893229, 40.525131 ], [ -111.892456, 40.526396 ], [ -111.892454, 40.526756 ], [ -111.893907, 40.527802 ], [ -111.895141, 40.528606 ], [ -111.895585, 40.528882 ], [ -111.895945, 40.528873 ], [ -111.898959, 40.52886 ], [ -111.899319, 40.528866 ], [ -111.901611, 40.527157 ], [ -111.901863, 40.526835 ], [ -111.901871, 40.526475 ] ] ] } },
{ "type": "Feature", "properties": { "group_index": 0, "value": 600.0, "center": [ -111.89728387335697, 40.52633654890248 ], "point_id": "F16-47814" }, "geometry": { "type": "Polygon", "coordinates": [ [ [ -111.90676, 40.526467 ], [ -111.906232, 40.525975 ], [ -111.903188, 40.524538 ], [ -111.899292, 40.524807 ], [ -111.895699, 40.521162 ], [ -111.895085, 40.520576 ], [ -111.895047, 40.520569 ], [ -111.894128, 40.521088 ], [ -111.893985, 40.521178 ], [ -111.891534, 40.522676 ], [ -111.887869, 40.526418 ], [ -111.88787, 40.526778 ], [ -111.887946, 40.526862 ], [ -111.888273, 40.527147 ], [ -111.888805, 40.527551 ], [ -111.892527, 40.53015 ], [ -111.896153, 40.532674 ], [ -111.896288, 40.532692 ], [ -111.896638, 40.532604 ], [ -111.901647, 40.531008 ], [ -111.903022, 40.529906 ], [ -111.906494, 40.527118 ], [ -111.906661, 40.526961 ], [ -111.906754, 40.526827 ], [ -111.90676, 40.526467 ] ] ] } },
{ "type": "Feature", "properties": { "group_index": 0, "value": 900.0, "center": [ -111.89728387335697, 40.52633654890248 ], "point_id": "F16-47814" }, "geometry": { "type": "Polygon", "coordinates": [ [ [ -111.912068, 40.526447 ], [ -111.907864, 40.523008 ], [ -111.906695, 40.522593 ], [ -111.906337, 40.522629 ], [ -111.903188, 40.524538 ], [ -111.89994, 40.521393 ], [ -111.899918, 40.521267 ], [ -111.899817, 40.521027 ], [ -111.897998, 40.518558 ], [ -111.896883, 40.517503 ], [ -111.896524, 40.517168 ], [ -111.896185, 40.517047 ], [ -111.895312, 40.517058 ], [ -111.891476, 40.518927 ], [ -111.891475, 40.519387 ], [ -111.891474, 40.519847 ], [ -111.890444, 40.522699 ], [ -111.886499, 40.523994 ], [ -111.886139, 40.523995 ], [ -111.885727, 40.524197 ], [ -111.8834, 40.52598 ], [ -111.882946, 40.526412 ], [ -111.882935, 40.526772 ], [ -111.88307, 40.526995 ], [ -111.885179, 40.528798 ], [ -111.888698, 40.530558 ], [ -111.893278, 40.534083 ], [ -111.894087, 40.534702 ], [ -111.894967, 40.535314 ], [ -111.896689, 40.536229 ], [ -111.896947, 40.536367 ], [ -111.897409, 40.536242 ], [ -111.899964, 40.535105 ], [ -111.902055, 40.532186 ], [ -111.907044, 40.530357 ], [ -111.908147, 40.530213 ], [ -111.908959, 40.530154 ], [ -111.909177, 40.530112 ], [ -111.909314, 40.530055 ], [ -111.912083, 40.526806 ], [ -111.912068, 40.526447 ] ] ] } },
{ "type": "Feature", "properties": { "group_index": 0, "value": 300.0, "center": [ -111.96707208998428, 40.69586490513838 ], "point_id": "F19-73944" }, "geometry": { "type": "Polygon", "coordinates": [ [ [ -111.970441, 40.696299 ], [ -111.968344, 40.692836 ], [ -111.967727, 40.692447 ], [ -111.967619, 40.692379 ], [ -111.967259, 40.692375 ], [ -111.966582, 40.692822 ], [ -111.964633, 40.694323 ], [ -111.96442, 40.696631 ], [ -111.964909, 40.696966 ], [ -111.967268, 40.698642 ], [ -111.967628, 40.698636 ], [ -111.967734, 40.698585 ], [ -111.967913, 40.698496 ], [ -111.96927, 40.697591 ], [ -111.970442, 40.696659 ], [ -111.970441, 40.696299 ] ] ] } },
{ "type": "Feature", "properties": { "group_index": 0, "value": 600.0, "center": [ -111.96707208998428, 40.69586490513838 ], "point_id": "F19-73944" }, "geometry": { "type": "Polygon", "coordinates": [ [ [ -111.975552, 40.696329 ], [ -111.972919, 40.692051 ], [ -111.968617, 40.68927 ], [ -111.967623, 40.688602 ], [ -111.967263, 40.688615 ], [ -111.963301, 40.691444 ], [ -111.960736, 40.6935 ], [ -111.959861, 40.694243 ], [ -111.959456, 40.696399 ], [ -111.959472, 40.696758 ], [ -111.960454, 40.697552 ], [ -111.961289, 40.698132 ], [ -111.963987, 40.700019 ], [ -111.965452, 40.701086 ], [ -111.967278, 40.702376 ], [ -111.967638, 40.702376 ], [ -111.967744, 40.702332 ], [ -111.967855, 40.702273 ], [ -111.969126, 40.701471 ], [ -111.973615, 40.697939 ], [ -111.975554, 40.696689 ], [ -111.975552, 40.696329 ] ] ] } },
{ "type": "Feature", "properties": { "group_index": 0, "value": 900.0, "center": [ -111.96707208998428, 40.69586490513838 ], "point_id": "F19-73944" }, "geometry": { "type": "Polygon", "coordinates": [ [ [ -111.980256, 40.696259 ], [ -111.978088, 40.69274 ], [ -111.97677, 40.691283 ], [ -111.976667, 40.691205 ], [ -111.973456, 40.689147 ], [ -111.972273, 40.688638 ], [ -111.968576, 40.685444 ], [ -111.967924, 40.685068 ], [ -111.967715, 40.684952 ], [ -111.967486, 40.684857 ], [ -111.967387, 40.684831 ], [ -111.967335, 40.684831 ], [ -111.966465, 40.685521 ], [ -111.962792, 40.688301 ], [ -111.959728, 40.689723 ], [ -111.956714, 40.692743 ], [ -111.955965, 40.693506 ], [ -111.954428, 40.696295 ], [ -111.954406, 40.696654 ], [ -111.957936, 40.700461 ], [ -111.959752, 40.701645 ], [ -111.964609, 40.704181 ], [ -111.967269, 40.706738 ], [ -111.967629, 40.706738 ], [ -111.971056, 40.703716 ], [ -111.973726, 40.701536 ], [ -111.977182, 40.699071 ], [ -111.979524, 40.697917 ], [ -111.980086, 40.696965 ], [ -111.980273, 40.696619 ], [ -111.980256, 40.696259 ] ] ] } }
]
}
