,layer,polygon_id,CM,CU,CC,CN,AA,AT,TT,TF,TA,AC,AH,AE,AG,AP,AM,area_acres
0,CityCenters,Bingham Junction,0.0,0.0,0.9952360355404236,0.0,0.9114187578941522,0.541582721322959,0.6281298454822736,0.47191920098108486,1.0,0.8402011684477969,0.3682478130565711,0.122796378383314,0.9211402646223126,0.13065002421316266,0.11896597634223624,403.21539446875636
1,CityCenters,Jordan Bluffs,0.0,0.0,0.9761435390690373,0.0,0.9138598611708434,0.3571967117511449,0.3564413163339277,0.25,1.0,0.47161951172805594,0.3522254809683287,0.277794387336993,0.5671832381638171,1.933901582238501e-05,0.3275376484972883,249.11374123501943
2,CityCenters,Midvale Main Street,0.0,0.0,0.9796752662339513,0.0,0.921421784416648,0.6013149786651613,0.6911769628047395,0.6249781462170821,1.0,0.8988999812762193,0.5672179614709512,0.46391253779962155,1.0,0.8933265950929574,0.25,86.13876022604936
3,CityCenters,Union Park,0.0,0.0,0.917484489784274,0.0,0.9113170900587815,0.37162410130326173,0.43858937410909526,0.46888625172061,0.999125096779412,0.8686937767942794,0.10764228404000206,0.7444277745094353,0.9933529049245244,0.33885427680792174,0.2467547936349743,292.9148963960239
4,Communities,Midvale,0.0,1.5294200867760453e-05,0.32469979379394714,0.02991648794951378,0.9305858089863603,0.48030406722662544,0.5497566460045636,0.41610642001915576,0.9182801248081809,0.6337544369529201,0.5020223806401305,0.5937966097659031,0.7069220182647692,0.28268937908395414,0.35335211940745054,3072.37074323657
5,NeighborhoodCenters,Midvale Center Station,0.0,0.0,0.0,0.861047094605111,0.9548750643048171,0.7330598383062138,0.9516994127420845,0.27184921937309986,1.0,0.4233340061062625,0.6655689522811615,0.6966349202159251,0.4544182764441596,0.18090833504095805,0.7546092674004153,64.35331124244725
6,NeighborhoodCenters,Midvale Fort Union Station,0.0,0.0,0.0,0.9981608828301672,0.9762194601307946,0.7410632472089138,0.9981464232224367,0.9883661101306054,1.0,0.5170230778171432,1.0,0.29680981393525524,0.5016634917000924,0.2506284912454328,0.25,35.77993715691996
7,UtahQualifiedOpportunityZones,DESIGNATEDQOZ,0.0,0.0,0.8029170825534608,0.0,0.9153924116160752,0.4551786914361379,0.5346256193892917,0.4067021661046625,1.0,0.7055646774128,0.4399016961148663,0.2766624509555974,0.8120329104809952,0.1627946340902247,0.24359726006983912,905.1478551865887
