{
"type": "FeatureCollection",
"name": "BRT_Stops_iso_foot-walking_10min",
"crs": { "type": "name", "properties": { "name": "urn:ogc:def:crs:OGC:1.3:CRS84" } },
"features": [
{ "type": "Feature", "properties": { "group_index": 0, "value": 600.0, "center": [ -111.97877442515171, 41.22495849223337 ], "point_id": 1 }, "geometry": { "type": "Polygon", "coordinates": [ [ [ -111.984802, 41.229052 ], [ -111.983855, 41.228041 ], [ -111.983666, 41.223088 ], [ -111.98367, 41.222728 ], [ -111.979573, 41.218675 ], [ -111.979316, 41.217606 ], [ -111.979185, 41.217437 ], [ -111.979153, 41.217437 ], [ -111.978754, 41.217469 ], [ -111.978284, 41.217655 ], [ -111.977676, 41.2181 ], [ -111.97297, 41.221277 ], [ -111.968958, 41.224537 ], [ -111.968814, 41.224652 ], [ -111.96881, 41.225012 ], [ -111.968909, 41.225133 ], [ -111.971558, 41.227389 ], [ -111.971917, 41.227678 ], [ -111.976656, 41.231272 ], [ -111.978357, 41.232427 ], [ -111.978498, 41.232523 ], [ -111.978678, 41.232581 ], [ -111.978725, 41.232582 ], [ -111.978858, 41.232531 ], [ -111.980232, 41.23147 ], [ -111.985228, 41.230094 ], [ -111.985416, 41.229787 ], [ -111.984802, 41.229052 ] ] ] } },
{ "type": "Feature", "properties": { "group_index": 0, "value": 600.0, "center": [ -111.97047206782226, 41.22164035931753 ], "point_id": 2 }, "geometry": { "type": "Polygon", "coordinates": [ [ [ -111.980243, 41.222687 ], [ -111.979219, 41.220628 ], [ -111.976926, 41.218588 ], [ -111.975862, 41.217669 ], [ -111.973875, 41.216214 ], [ -111.971276, 41.214321 ], [ -111.970908, 41.214183 ], [ -111.970835, 41.214182 ], [ -111.970416, 41.214177 ], [ -111.970357, 41.214176 ], [ -111.969105, 41.214962 ], [ -111.96734, 41.216235 ], [ -111.967172, 41.216354 ], [ -111.964644, 41.218184 ], [ -111.961803, 41.220361 ], [ -111.961679, 41.220463 ], [ -111.961672, 41.220823 ], [ -111.961885, 41.222715 ], [ -111.96195, 41.222812 ], [ -111.964499, 41.224844 ], [ -111.964792, 41.225077 ], [ -111.967159, 41.226961 ], [ -111.967295, 41.227069 ], [ -111.967468, 41.227205 ], [ -111.970009, 41.229098 ], [ -111.970067, 41.229099 ], [ -111.970557, 41.2291 ], [ -111.970613, 41.229091 ], [ -111.973184, 41.227419 ], [ -111.975872, 41.225518 ], [ -111.980239, 41.223047 ], [ -111.980243, 41.222687 ] ] ] } },
{ "type": "Feature", "properties": { "group_index": 0, "value": 600.0, "center": [ -111.96488672455834, 41.220581711625734 ], "point_id": 2 }, "geometry": { "type": "Polygon", "coordinates": [ [ [ -111.974836, 41.220533 ], [ -111.973022, 41.21891 ], [ -111.969782, 41.216394 ], [ -111.969614, 41.216265 ], [ -111.966512, 41.214021 ], [ -111.965366, 41.213174 ], [ -111.965246, 41.213093 ], [ -111.965065, 41.213056 ], [ -111.964869, 41.213054 ], [ -111.963266, 41.214209 ], [ -111.962214, 41.214953 ], [ -111.960657, 41.216039 ], [ -111.960347, 41.216266 ], [ -111.959133, 41.217179 ], [ -111.955063, 41.219507 ], [ -111.954942, 41.22027 ], [ -111.954938, 41.22063 ], [ -111.956201, 41.22175 ], [ -111.960359, 41.224894 ], [ -111.964054, 41.227899 ], [ -111.964497, 41.228094 ], [ -111.964563, 41.228094 ], [ -111.964889, 41.228079 ], [ -111.965209, 41.228045 ], [ -111.968932, 41.225249 ], [ -111.970552, 41.224101 ], [ -111.973309, 41.222229 ], [ -111.974831, 41.220893 ], [ -111.974836, 41.220533 ] ] ] } },
{ "type": "Feature", "properties": { "group_index": 0, "value": 600.0, "center": [ -111.97137426152992, 41.224867645911644 ], "point_id": 3 }, "geometry": { "type": "Polygon", "coordinates": [ [ [ -111.980657, 41.224226 ], [ -111.980266, 41.222687 ], [ -111.976569, 41.220666 ], [ -111.973654, 41.218546 ], [ -111.973527, 41.218502 ], [ -111.971998, 41.218096 ], [ -111.970849, 41.217784 ], [ -111.970758, 41.217781 ], [ -111.969834, 41.218275 ], [ -111.968977, 41.218844 ], [ -111.968885, 41.218908 ], [ -111.964324, 41.222084 ], [ -111.961414, 41.224549 ], [ -111.961409, 41.224909 ], [ -111.961984, 41.225686 ], [ -111.966577, 41.229046 ], [ -111.966885, 41.229287 ], [ -111.969552, 41.231404 ], [ -111.97006, 41.231668 ], [ -111.970272, 41.231776 ], [ -111.970453, 41.231812 ], [ -111.970648, 41.231815 ], [ -111.973189, 41.231229 ], [ -111.975961, 41.229406 ], [ -111.978749, 41.22755 ], [ -111.979204, 41.227239 ], [ -111.980619, 41.225745 ], [ -111.980657, 41.224226 ] ] ] } },
{ "type": "Feature", "properties": { "group_index": 0, "value": 600.0, "center": [ -111.95931690137128, 41.22050811798694 ], "point_id": 3 }, "geometry": { "type": "Polygon", "coordinates": [ [ [ -111.969274, 41.220472 ], [ -111.969113, 41.220342 ], [ -111.96664, 41.218325 ], [ -111.966499, 41.218214 ], [ -111.962883, 41.215328 ], [ -111.961158, 41.214059 ], [ -111.959664, 41.21302 ], [ -111.959304, 41.21301 ], [ -111.959183, 41.213047 ], [ -111.957799, 41.214017 ], [ -111.957633, 41.21414 ], [ -111.95513, 41.215973 ], [ -111.951555, 41.218019 ], [ -111.949364, 41.220197 ], [ -111.949359, 41.220557 ], [ -111.952239, 41.22333 ], [ -111.954679, 41.224816 ], [ -111.957707, 41.227065 ], [ -111.95897, 41.227998 ], [ -111.95933, 41.228005 ], [ -111.959498, 41.227892 ], [ -111.960631, 41.22711 ], [ -111.964818, 41.224833 ], [ -111.965509, 41.224412 ], [ -111.967558, 41.222897 ], [ -111.967709, 41.222778 ], [ -111.96927, 41.220832 ], [ -111.969274, 41.220472 ] ] ] } },
{ "type": "Feature", "properties": { "group_index": 0, "value": 600.0, "center": [ -111.94823375552679, 41.22036182824087 ], "point_id": 3 }, "geometry": { "type": "Polygon", "coordinates": [ [ [ -111.95824, 41.220598 ], [ -111.95821, 41.220368 ], [ -111.958196, 41.220312 ], [ -111.95804, 41.220189 ], [ -111.955481, 41.218178 ], [ -111.954111, 41.217114 ], [ -111.954019, 41.217043 ], [ -111.952622, 41.21594 ], [ -111.951499, 41.215065 ], [ -111.951392, 41.214982 ], [ -111.951296, 41.214907 ], [ -111.95, 41.213918 ], [ -111.948745, 41.213017 ], [ -111.948565, 41.212892 ], [ -111.948205, 41.212883 ], [ -111.948079, 41.212924 ], [ -111.946979, 41.213668 ], [ -111.942404, 41.216937 ], [ -111.938282, 41.220056 ], [ -111.938277, 41.220416 ], [ -111.939619, 41.221462 ], [ -111.940989, 41.222545 ], [ -111.942363, 41.223612 ], [ -111.943719, 41.224663 ], [ -111.944965, 41.225637 ], [ -111.946583, 41.226927 ], [ -111.94784, 41.227859 ], [ -111.947923, 41.22786 ], [ -111.948285, 41.227865 ], [ -111.949795, 41.226967 ], [ -111.952535, 41.225353 ], [ -111.955291, 41.22317 ], [ -111.958238, 41.220773 ], [ -111.95824, 41.220598 ] ] ] } },
{ "type": "Feature", "properties": { "group_index": 0, "value": 600.0, "center": [ -111.94835571344676, 41.21409282558037 ], "point_id": 3 }, "geometry": { "type": "Polygon", "coordinates": [ [ [ -111.958341, 41.214331 ], [ -111.958295, 41.214023 ], [ -111.958163, 41.213908 ], [ -111.955776, 41.212026 ], [ -111.95563, 41.211914 ], [ -111.95547, 41.211791 ], [ -111.952908, 41.209783 ], [ -111.950128, 41.20742 ], [ -111.948919, 41.206498 ], [ -111.948565, 41.206434 ], [ -111.948219, 41.206648 ], [ -111.946806, 41.207624 ], [ -111.943906, 41.209586 ], [ -111.941145, 41.21171 ], [ -111.938466, 41.213742 ], [ -111.938338, 41.214078 ], [ -111.940868, 41.216247 ], [ -111.943787, 41.218384 ], [ -111.946539, 41.220514 ], [ -111.947942, 41.22159 ], [ -111.948061, 41.221592 ], [ -111.948371, 41.221596 ], [ -111.948452, 41.221598 ], [ -111.949883, 41.220564 ], [ -111.954155, 41.217895 ], [ -111.958188, 41.214507 ], [ -111.958341, 41.214353 ], [ -111.958341, 41.214331 ] ] ] } },
{ "type": "Feature", "properties": { "group_index": 0, "value": 600.0, "center": [ -111.94857487801421, 41.205743169762584 ], "point_id": 3 }, "geometry": { "type": "Polygon", "coordinates": [ [ [ -111.956448, 41.205676 ], [ -111.955735, 41.204741 ], [ -111.953172, 41.201456 ], [ -111.951643, 41.200311 ], [ -111.948992, 41.198307 ], [ -111.94852, 41.198189 ], [ -111.948497, 41.198189 ], [ -111.945024, 41.200435 ], [ -111.940938, 41.202255 ], [ -111.939962, 41.204207 ], [ -111.93938, 41.205666 ], [ -111.939364, 41.205871 ], [ -111.939347, 41.206077 ], [ -111.94118, 41.208296 ], [ -111.945376, 41.211088 ], [ -111.947094, 41.2124 ], [ -111.948007, 41.213085 ], [ -111.948198, 41.213178 ], [ -111.948558, 41.213187 ], [ -111.950086, 41.212198 ], [ -111.950242, 41.212082 ], [ -111.951504, 41.211177 ], [ -111.956863, 41.208762 ], [ -111.957386, 41.208154 ], [ -111.95752, 41.20782 ], [ -111.956448, 41.205676 ] ] ] } },
{ "type": "Feature", "properties": { "group_index": 0, "value": 600.0, "center": [ -111.94876513807013, 41.19757617907169 ], "point_id": 3 }, "geometry": { "type": "Polygon", "coordinates": [ [ [ -111.958802, 41.197655 ], [ -111.958726, 41.197467 ], [ -111.957255, 41.196347 ], [ -111.95276, 41.192783 ], [ -111.949566, 41.190424 ], [ -111.94904, 41.190217 ], [ -111.94868, 41.190205 ], [ -111.948552, 41.190232 ], [ -111.947795, 41.190433 ], [ -111.944994, 41.191608 ], [ -111.943693, 41.192948 ], [ -111.941026, 41.195558 ], [ -111.938861, 41.197084 ], [ -111.938734, 41.197421 ], [ -111.940166, 41.199142 ], [ -111.94467, 41.202753 ], [ -111.948103, 41.204861 ], [ -111.948345, 41.204927 ], [ -111.948878, 41.205065 ], [ -111.94888, 41.205065 ], [ -111.949786, 41.204604 ], [ -111.953478, 41.20182 ], [ -111.956199, 41.199741 ], [ -111.958722, 41.197827 ], [ -111.958798, 41.197732 ], [ -111.958802, 41.197655 ] ] ] } },
{ "type": "Feature", "properties": { "group_index": 0, "value": 600.0, "center": [ -111.94598644363411, 41.19244249181747 ], "point_id": 3 }, "geometry": { "type": "Polygon", "coordinates": [ [ [ -111.950828, 41.189487 ], [ -111.949183, 41.186655 ], [ -111.949033, 41.186546 ], [ -111.945536, 41.186055 ], [ -111.945183, 41.186128 ], [ -111.94072, 41.188125 ], [ -111.938212, 41.193253 ], [ -111.938428, 41.194792 ], [ -111.939221, 41.195763 ], [ -111.940328, 41.196852 ], [ -111.942286, 41.197698 ], [ -111.942646, 41.197695 ], [ -111.948339, 41.198005 ], [ -111.948699, 41.198007 ], [ -111.949187, 41.197765 ], [ -111.94929, 41.197684 ], [ -111.95105, 41.195973 ], [ -111.953191, 41.193398 ], [ -111.953548, 41.192854 ], [ -111.950828, 41.189487 ] ] ] } },
{ "type": "Feature", "properties": { "group_index": 0, "value": 600.0, "center": [ -111.94585276393198, 41.18747183020707 ], "point_id": 3 }, "geometry": { "type": "Polygon", "coordinates": [ [ [ -111.95327, 41.187602 ], [ -111.951424, 41.185064 ], [ -111.949218, 41.183445 ], [ -111.946059, 41.18201 ], [ -111.94605, 41.182007 ], [ -111.945941, 41.182009 ], [ -111.942208, 41.183644 ], [ -111.941544, 41.184068 ], [ -111.941443, 41.184155 ], [ -111.941376, 41.184261 ], [ -111.939356, 41.187584 ], [ -111.940885, 41.191889 ], [ -111.940955, 41.192071 ], [ -111.941209, 41.19235 ], [ -111.941279, 41.192427 ], [ -111.942072, 41.19324 ], [ -111.942636, 41.193536 ], [ -111.943444, 41.193925 ], [ -111.944465, 41.194243 ], [ -111.944564, 41.19424 ], [ -111.944582, 41.194238 ], [ -111.94468, 41.194224 ], [ -111.946678, 41.193964 ], [ -111.947521, 41.193734 ], [ -111.949173, 41.192987 ], [ -111.951161, 41.191766 ], [ -111.953322, 41.187765 ], [ -111.95327, 41.187602 ] ] ] } },
{ "type": "Feature", "properties": { "group_index": 0, "value": 600.0, "center": [ -111.95228076574404, 41.183639162557974 ], "point_id": 3 }, "geometry": { "type": "Polygon", "coordinates": [ [ [ -111.956792, 41.188602 ], [ -111.955414, 41.18425 ], [ -111.955414, 41.182457 ], [ -111.955547, 41.181023 ], [ -111.955549, 41.180547 ], [ -111.955552, 41.180071 ], [ -111.954854, 41.179043 ], [ -111.954682, 41.178938 ], [ -111.95451, 41.178832 ], [ -111.954248, 41.178675 ], [ -111.954135, 41.178631 ], [ -111.953998, 41.178579 ], [ -111.949412, 41.177957 ], [ -111.949052, 41.177949 ], [ -111.945879, 41.179464 ], [ -111.945734, 41.179571 ], [ -111.944663, 41.180415 ], [ -111.944628, 41.180497 ], [ -111.944557, 41.180677 ], [ -111.944456, 41.180934 ], [ -111.945981, 41.186186 ], [ -111.947542, 41.187492 ], [ -111.948509, 41.18833 ], [ -111.953628, 41.190558 ], [ -111.953988, 41.190566 ], [ -111.95592, 41.189265 ], [ -111.956648, 41.188788 ], [ -111.956793, 41.188631 ], [ -111.956792, 41.188602 ] ] ] } },
{ "type": "Feature", "properties": { "group_index": 0, "value": 600.0, "center": [ -111.94651800804769, 41.18168263281762 ], "point_id": 5 }, "geometry": { "type": "Polygon", "coordinates": [ [ [ -111.953161, 41.183438 ], [ -111.952581, 41.178904 ], [ -111.952452, 41.178568 ], [ -111.948402, 41.176015 ], [ -111.947779, 41.175791 ], [ -111.947569, 41.175827 ], [ -111.942826, 41.17796 ], [ -111.939307, 41.179021 ], [ -111.939213, 41.179368 ], [ -111.939141, 41.184572 ], [ -111.939372, 41.184847 ], [ -111.94125, 41.186768 ], [ -111.941562, 41.186949 ], [ -111.946127, 41.188361 ], [ -111.946338, 41.188336 ], [ -111.94657, 41.188308 ], [ -111.948116, 41.187498 ], [ -111.948365, 41.187353 ], [ -111.94957, 41.186661 ], [ -111.95284, 41.184104 ], [ -111.953168, 41.183798 ], [ -111.953161, 41.183438 ] ] ] } },
{ "type": "Feature", "properties": { "group_index": 0, "value": 600.0, "center": [ -111.90199423712079, 40.881634554978696 ], "point_id": 7 }, "geometry": { "type": "Polygon", "coordinates": [ [ [ -111.908128, 40.883947 ], [ -111.906871, 40.88315 ], [ -111.905175, 40.881717 ], [ -111.904525, 40.877056 ], [ -111.904834, 40.876209 ], [ -111.905142, 40.875361 ], [ -111.902196, 40.874144 ], [ -111.901836, 40.874141 ], [ -111.901151, 40.874477 ], [ -111.898034, 40.876696 ], [ -111.897716, 40.878597 ], [ -111.897598, 40.880167 ], [ -111.89474, 40.883938 ], [ -111.89475, 40.884298 ], [ -111.894793, 40.884407 ], [ -111.894962, 40.884538 ], [ -111.89804, 40.886699 ], [ -111.898304, 40.886867 ], [ -111.901576, 40.88859 ], [ -111.901796, 40.888594 ], [ -111.902016, 40.888598 ], [ -111.902201, 40.888502 ], [ -111.905648, 40.885849 ], [ -111.908129, 40.884307 ], [ -111.908128, 40.883947 ] ] ] } },
{ "type": "Feature", "properties": { "group_index": 0, "value": 600.0, "center": [ -111.88592112244777, 40.87474356413249 ], "point_id": 7 }, "geometry": { "type": "Polygon", "coordinates": [ [ [ -111.895731, 40.87454 ], [ -111.894412, 40.872767 ], [ -111.891089, 40.868337 ], [ -111.890775, 40.868189 ], [ -111.88589, 40.86733 ], [ -111.88553, 40.867328 ], [ -111.883965, 40.868385 ], [ -111.882783, 40.869227 ], [ -111.879334, 40.871771 ], [ -111.877985, 40.872927 ], [ -111.876102, 40.874563 ], [ -111.876102, 40.874923 ], [ -111.876904, 40.876099 ], [ -111.877913, 40.877586 ], [ -111.88042, 40.881013 ], [ -111.880513, 40.881125 ], [ -111.880626, 40.881155 ], [ -111.880862, 40.881213 ], [ -111.880976, 40.881237 ], [ -111.885351, 40.882008 ], [ -111.885711, 40.88201 ], [ -111.88875, 40.880421 ], [ -111.888828, 40.880377 ], [ -111.892935, 40.877046 ], [ -111.895623, 40.874988 ], [ -111.89573, 40.8749 ], [ -111.895731, 40.87454 ] ] ] } },
{ "type": "Feature", "properties": { "group_index": 0, "value": 600.0, "center": [ -111.89228893817129, 40.86712801416483 ], "point_id": 7 }, "geometry": { "type": "Polygon", "coordinates": [ [ [ -111.896997, 40.869974 ], [ -111.898465, 40.864703 ], [ -111.898502, 40.864345 ], [ -111.898044, 40.861497 ], [ -111.897931, 40.861374 ], [ -111.897244, 40.860722 ], [ -111.896962, 40.860498 ], [ -111.892364, 40.86024 ], [ -111.89235, 40.86024 ], [ -111.890933, 40.861257 ], [ -111.888118, 40.863263 ], [ -111.887289, 40.863951 ], [ -111.887178, 40.864088 ], [ -111.887175, 40.864448 ], [ -111.887448, 40.866613 ], [ -111.88818, 40.871248 ], [ -111.888241, 40.871399 ], [ -111.888814, 40.872164 ], [ -111.889388, 40.872826 ], [ -111.889687, 40.873027 ], [ -111.891908, 40.874521 ], [ -111.892052, 40.874596 ], [ -111.892412, 40.874597 ], [ -111.89255, 40.874546 ], [ -111.892728, 40.874454 ], [ -111.893093, 40.874262 ], [ -111.896664, 40.871794 ], [ -111.896997, 40.869974 ] ] ] } },
{ "type": "Feature", "properties": { "group_index": 0, "value": 600.0, "center": [ -111.89631315763577, 40.86160401160543 ], "point_id": 7 }, "geometry": { "type": "Polygon", "coordinates": [ [ [ -111.905926, 40.861719 ], [ -111.905921, 40.86145 ], [ -111.903708, 40.85852 ], [ -111.901481, 40.855103 ], [ -111.901198, 40.854879 ], [ -111.896817, 40.854912 ], [ -111.894029, 40.855665 ], [ -111.892048, 40.856835 ], [ -111.891945, 40.856906 ], [ -111.890387, 40.858336 ], [ -111.886504, 40.861334 ], [ -111.886404, 40.861417 ], [ -111.886404, 40.861777 ], [ -111.886462, 40.861862 ], [ -111.886713, 40.862074 ], [ -111.890533, 40.86664 ], [ -111.89175, 40.868547 ], [ -111.892108, 40.868579 ], [ -111.892773, 40.868392 ], [ -111.897948, 40.86716 ], [ -111.902216, 40.86381 ], [ -111.90585, 40.861897 ], [ -111.905928, 40.86181 ], [ -111.905926, 40.861719 ] ] ] } },
{ "type": "Feature", "properties": { "group_index": 0, "value": 600.0, "center": [ -111.90140228543007, 40.85521915669211 ], "point_id": 7 }, "geometry": { "type": "Polygon", "coordinates": [ [ [ -111.908597, 40.851768 ], [ -111.90819, 40.850894 ], [ -111.906902, 40.848769 ], [ -111.906606, 40.848563 ], [ -111.902675, 40.848273 ], [ -111.902374, 40.848277 ], [ -111.902072, 40.848281 ], [ -111.902072, 40.848281 ], [ -111.90177, 40.848285 ], [ -111.901468, 40.848289 ], [ -111.901361, 40.848367 ], [ -111.898938, 40.850203 ], [ -111.895938, 40.851601 ], [ -111.895276, 40.852092 ], [ -111.895146, 40.852238 ], [ -111.892732, 40.855485 ], [ -111.89273, 40.855611 ], [ -111.892972, 40.855878 ], [ -111.894065, 40.857265 ], [ -111.896011, 40.861174 ], [ -111.896247, 40.861649 ], [ -111.896649, 40.861769 ], [ -111.902183, 40.861812 ], [ -111.902226, 40.861757 ], [ -111.90522, 40.857283 ], [ -111.907124, 40.855012 ], [ -111.908938, 40.853062 ], [ -111.908974, 40.853008 ], [ -111.908597, 40.851768 ] ] ] } },
{ "type": "Feature", "properties": { "group_index": 0, "value": 600.0, "center": [ -111.90671596841368, 40.84841602008888 ], "point_id": 7 }, "geometry": { "type": "Polygon", "coordinates": [ [ [ -111.914066, 40.845873 ], [ -111.913951, 40.845672 ], [ -111.910785, 40.841438 ], [ -111.91046, 40.841283 ], [ -111.905891, 40.842928 ], [ -111.903874, 40.843487 ], [ -111.901798, 40.844248 ], [ -111.899624, 40.846275 ], [ -111.897144, 40.848153 ], [ -111.896972, 40.84847 ], [ -111.896999, 40.848748 ], [ -111.897132, 40.849067 ], [ -111.898549, 40.850565 ], [ -111.901173, 40.854911 ], [ -111.901455, 40.855135 ], [ -111.901894, 40.855074 ], [ -111.903022, 40.854556 ], [ -111.907163, 40.85285 ], [ -111.912034, 40.85196 ], [ -111.912126, 40.851867 ], [ -111.912932, 40.850485 ], [ -111.914066, 40.845873 ] ] ] } },
{ "type": "Feature", "properties": { "group_index": 0, "value": 600.0, "center": [ -111.91023672950563, 40.84185300147015 ], "point_id": 7 }, "geometry": { "type": "Polygon", "coordinates": [ [ [ -111.920148, 40.841649 ], [ -111.92004, 40.841624 ], [ -111.918759, 40.841711 ], [ -111.917454, 40.841612 ], [ -111.91385, 40.838562 ], [ -111.914284, 40.834906 ], [ -111.91402, 40.834661 ], [ -111.913535, 40.834838 ], [ -111.911572, 40.835646 ], [ -111.911015, 40.835893 ], [ -111.907944, 40.837535 ], [ -111.904562, 40.838087 ], [ -111.903576, 40.838101 ], [ -111.899659, 40.841549 ], [ -111.899622, 40.84168 ], [ -111.899623, 40.84204 ], [ -111.901954, 40.844989 ], [ -111.906116, 40.848733 ], [ -111.906408, 40.848943 ], [ -111.906724, 40.849024 ], [ -111.912106, 40.848696 ], [ -111.913118, 40.84743 ], [ -111.917378, 40.844025 ], [ -111.920088, 40.842082 ], [ -111.920148, 40.841649 ] ] ] } },
{ "type": "Feature", "properties": { "group_index": 0, "value": 600.0, "center": [ -111.91599408100441, 40.80424516820155 ], "point_id": 7 }, "geometry": { "type": "Polygon", "coordinates": [ [ [ -111.920999, 40.807677 ], [ -111.921025, 40.80699 ], [ -111.921024, 40.806706 ], [ -111.921023, 40.80643 ], [ -111.921004, 40.806164 ], [ -111.920985, 40.80591 ], [ -111.920683, 40.802828 ], [ -111.917076, 40.800152 ], [ -111.915868, 40.799233 ], [ -111.915542, 40.799232 ], [ -111.915216, 40.799231 ], [ -111.911347, 40.799417 ], [ -111.908297, 40.797831 ], [ -111.908074, 40.798113 ], [ -111.909246, 40.799791 ], [ -111.910054, 40.800237 ], [ -111.912668, 40.802655 ], [ -111.913699, 40.80853 ], [ -111.913728, 40.808856 ], [ -111.913772, 40.809523 ], [ -111.913787, 40.809871 ], [ -111.918244, 40.811176 ], [ -111.918601, 40.811134 ], [ -111.920973, 40.808365 ], [ -111.920999, 40.807677 ] ] ] } },
{ "type": "Feature", "properties": { "group_index": 0, "value": 600.0, "center": [ -111.908549023737, 40.79826097234693 ], "point_id": 7 }, "geometry": { "type": "Polygon", "coordinates": [ [ [ -111.916039, 40.799234 ], [ -111.915627, 40.799232 ], [ -111.915216, 40.799231 ], [ -111.911347, 40.799417 ], [ -111.9085, 40.797992 ], [ -111.907271, 40.797017 ], [ -111.904412, 40.794136 ], [ -111.902704, 40.792302 ], [ -111.9024, 40.792161 ], [ -111.902091, 40.792348 ], [ -111.901566, 40.793122 ], [ -111.90181, 40.793323 ], [ -111.902054, 40.793524 ], [ -111.9064, 40.797445 ], [ -111.909246, 40.799791 ], [ -111.912668, 40.802655 ], [ -111.914955, 40.803842 ], [ -111.915222, 40.80386 ], [ -111.915444, 40.803577 ], [ -111.91716, 40.800332 ], [ -111.916039, 40.799234 ] ] ] } },
{ "type": "Feature", "properties": { "group_index": 0, "value": 600.0, "center": [ -111.9025151976947, 40.78901402117049 ], "point_id": 7 }, "geometry": { "type": "Polygon", "coordinates": [ [ [ -111.909918, 40.791056 ], [ -111.908512, 40.788669 ], [ -111.904788, 40.786701 ], [ -111.903837, 40.782735 ], [ -111.903836, 40.782375 ], [ -111.903803, 40.782334 ], [ -111.903512, 40.782044 ], [ -111.902926, 40.781688 ], [ -111.902723, 40.781579 ], [ -111.902363, 40.781583 ], [ -111.902155, 40.781683 ], [ -111.901623, 40.782038 ], [ -111.896813, 40.784763 ], [ -111.896713, 40.784835 ], [ -111.896682, 40.784879 ], [ -111.896542, 40.785211 ], [ -111.897662, 40.78707 ], [ -111.898799, 40.788694 ], [ -111.901567, 40.793124 ], [ -111.90181, 40.793324 ], [ -111.902054, 40.793524 ], [ -111.90389, 40.794998 ], [ -111.904273, 40.795304 ], [ -111.904656, 40.795609 ], [ -111.905884, 40.796375 ], [ -111.910192, 40.792343 ], [ -111.910403, 40.792052 ], [ -111.909918, 40.791056 ] ] ] } },
{ "type": "Feature", "properties": { "group_index": 0, "value": 600.0, "center": [ -111.90261471279172, 40.78237997673449 ], "point_id": 7 }, "geometry": { "type": "Polygon", "coordinates": [ [ [ -111.912502, 40.782262 ], [ -111.912373, 40.782118 ], [ -111.91175, 40.781966 ], [ -111.910936, 40.782109 ], [ -111.906911, 40.778226 ], [ -111.906911, 40.778199 ], [ -111.906711, 40.777832 ], [ -111.903943, 40.775529 ], [ -111.902927, 40.775025 ], [ -111.902711, 40.774921 ], [ -111.902351, 40.774918 ], [ -111.90133, 40.775517 ], [ -111.899448, 40.777025 ], [ -111.894712, 40.779855 ], [ -111.893549, 40.781117 ], [ -111.893493, 40.781198 ], [ -111.893446, 40.781376 ], [ -111.893816, 40.783494 ], [ -111.893829, 40.783509 ], [ -111.896068, 40.785198 ], [ -111.899309, 40.78764 ], [ -111.901876, 40.789839 ], [ -111.902001, 40.78988 ], [ -111.903053, 40.789588 ], [ -111.905405, 40.788043 ], [ -111.905399, 40.787483 ], [ -111.905394, 40.786923 ], [ -111.908872, 40.78244 ], [ -111.910304, 40.782442 ], [ -111.911341, 40.782631 ], [ -111.911923, 40.782627 ], [ -111.912505, 40.782622 ], [ -111.912502, 40.782262 ] ] ] } },
{ "type": "Feature", "properties": { "group_index": 0, "value": 600.0, "center": [ -111.90253175875492, 40.775821307013636 ], "point_id": 7 }, "geometry": { "type": "Polygon", "coordinates": [ [ [ -111.912377, 40.775736 ], [ -111.912378, 40.775678 ], [ -111.912336, 40.775623 ], [ -111.912272, 40.775554 ], [ -111.909677, 40.773508 ], [ -111.909488, 40.773356 ], [ -111.905698, 40.7702 ], [ -111.904368, 40.769259 ], [ -111.902911, 40.768382 ], [ -111.902803, 40.76834 ], [ -111.902443, 40.768331 ], [ -111.902223, 40.768337 ], [ -111.901861, 40.76845 ], [ -111.901272, 40.768876 ], [ -111.899573, 40.770237 ], [ -111.898326, 40.771185 ], [ -111.894009, 40.774134 ], [ -111.89272, 40.775789 ], [ -111.892718, 40.776149 ], [ -111.893193, 40.776522 ], [ -111.895649, 40.778388 ], [ -111.89644, 40.779001 ], [ -111.8983, 40.780396 ], [ -111.899, 40.780925 ], [ -111.899413, 40.781237 ], [ -111.901524, 40.782741 ], [ -111.902153, 40.783172 ], [ -111.902571, 40.783457 ], [ -111.902931, 40.783459 ], [ -111.905179, 40.781922 ], [ -111.90988, 40.778214 ], [ -111.912238, 40.776198 ], [ -111.912361, 40.776055 ], [ -111.912377, 40.775736 ] ] ] } },
{ "type": "Feature", "properties": { "group_index": 0, "value": 600.0, "center": [ -111.90253175875492, 40.775821307013636 ], "point_id": 7 }, "geometry": { "type": "Polygon", "coordinates": [ [ [ -111.912377, 40.775736 ], [ -111.912378, 40.775678 ], [ -111.912336, 40.775623 ], [ -111.912272, 40.775554 ], [ -111.909677, 40.773508 ], [ -111.909488, 40.773356 ], [ -111.905698, 40.7702 ], [ -111.904368, 40.769259 ], [ -111.902911, 40.768382 ], [ -111.902803, 40.76834 ], [ -111.902443, 40.768331 ], [ -111.902223, 40.768337 ], [ -111.901861, 40.76845 ], [ -111.901272, 40.768876 ], [ -111.899573, 40.770237 ], [ -111.898326, 40.771185 ], [ -111.894009, 40.774134 ], [ -111.89272, 40.775789 ], [ -111.892718, 40.776149 ], [ -111.893193, 40.776522 ], [ -111.895649, 40.778388 ], [ -111.89644, 40.779001 ], [ -111.8983, 40.780396 ], [ -111.899, 40.780925 ], [ -111.899413, 40.781237 ], [ -111.901524, 40.782741 ], [ -111.902153, 40.783172 ], [ -111.902571, 40.783457 ], [ -111.902931, 40.783459 ], [ -111.905179, 40.781922 ], [ -111.90988, 40.778214 ], [ -111.912238, 40.776198 ], [ -111.912361, 40.776055 ], [ -111.912377, 40.775736 ] ] ] } },
{ "type": "Feature", "properties": { "group_index": 0, "value": 600.0, "center": [ -111.90261471279172, 40.78237997673449 ], "point_id": 7 }, "geometry": { "type": "Polygon", "coordinates": [ [ [ -111.912502, 40.782262 ], [ -111.912373, 40.782118 ], [ -111.91175, 40.781966 ], [ -111.910936, 40.782109 ], [ -111.906911, 40.778226 ], [ -111.906911, 40.778199 ], [ -111.906711, 40.777832 ], [ -111.903943, 40.775529 ], [ -111.902927, 40.775025 ], [ -111.902711, 40.774921 ], [ -111.902351, 40.774918 ], [ -111.90133, 40.775517 ], [ -111.899448, 40.777025 ], [ -111.894712, 40.779855 ], [ -111.893549, 40.781117 ], [ -111.893493, 40.781198 ], [ -111.893446, 40.781376 ], [ -111.893816, 40.783494 ], [ -111.893829, 40.783509 ], [ -111.896068, 40.785198 ], [ -111.899309, 40.78764 ], [ -111.901876, 40.789839 ], [ -111.902001, 40.78988 ], [ -111.903053, 40.789588 ], [ -111.905405, 40.788043 ], [ -111.905399, 40.787483 ], [ -111.905394, 40.786923 ], [ -111.908872, 40.78244 ], [ -111.910304, 40.782442 ], [ -111.911341, 40.782631 ], [ -111.911923, 40.782627 ], [ -111.912505, 40.782622 ], [ -111.912502, 40.782262 ] ] ] } },
{ "type": "Feature", "properties": { "group_index": 0, "value": 600.0, "center": [ -111.9025151976947, 40.78901402117049 ], "point_id": 7 }, "geometry": { "type": "Polygon", "coordinates": [ [ [ -111.909918, 40.791056 ], [ -111.908512, 40.788669 ], [ -111.904788, 40.786701 ], [ -111.903837, 40.782735 ], [ -111.903836, 40.782375 ], [ -111.903803, 40.782334 ], [ -111.903512, 40.782044 ], [ -111.902926, 40.781688 ], [ -111.902723, 40.781579 ], [ -111.902363, 40.781583 ], [ -111.902155, 40.781683 ], [ -111.901623, 40.782038 ], [ -111.896813, 40.784763 ], [ -111.896713, 40.784835 ], [ -111.896682, 40.784879 ], [ -111.896542, 40.785211 ], [ -111.897662, 40.78707 ], [ -111.898799, 40.788694 ], [ -111.901567, 40.793124 ], [ -111.90181, 40.793324 ], [ -111.902054, 40.793524 ], [ -111.90389, 40.794998 ], [ -111.904273, 40.795304 ], [ -111.904656, 40.795609 ], [ -111.905884, 40.796375 ], [ -111.910192, 40.792343 ], [ -111.910403, 40.792052 ], [ -111.909918, 40.791056 ] ] ] } },
{ "type": "Feature", "properties": { "group_index": 0, "value": 600.0, "center": [ -111.908549023737, 40.79826097234693 ], "point_id": 7 }, "geometry": { "type": "Polygon", "coordinates": [ [ [ -111.916039, 40.799234 ], [ -111.915627, 40.799232 ], [ -111.915216, 40.799231 ], [ -111.911347, 40.799417 ], [ -111.9085, 40.797992 ], [ -111.907271, 40.797017 ], [ -111.904412, 40.794136 ], [ -111.902704, 40.792302 ], [ -111.9024, 40.792161 ], [ -111.902091, 40.792348 ], [ -111.901566, 40.793122 ], [ -111.90181, 40.793323 ], [ -111.902054, 40.793524 ], [ -111.9064, 40.797445 ], [ -111.909246, 40.799791 ], [ -111.912668, 40.802655 ], [ -111.914955, 40.803842 ], [ -111.915222, 40.80386 ], [ -111.915444, 40.803577 ], [ -111.91716, 40.800332 ], [ -111.916039, 40.799234 ] ] ] } },
{ "type": "Feature", "properties": { "group_index": 0, "value": 600.0, "center": [ -111.91599408100441, 40.80424516820155 ], "point_id": 7 }, "geometry": { "type": "Polygon", "coordinates": [ [ [ -111.920999, 40.807677 ], [ -111.921025, 40.80699 ], [ -111.921024, 40.806706 ], [ -111.921023, 40.80643 ], [ -111.921004, 40.806164 ], [ -111.920985, 40.80591 ], [ -111.920683, 40.802828 ], [ -111.917076, 40.800152 ], [ -111.915868, 40.799233 ], [ -111.915542, 40.799232 ], [ -111.915216, 40.799231 ], [ -111.911347, 40.799417 ], [ -111.908297, 40.797831 ], [ -111.908074, 40.798113 ], [ -111.909246, 40.799791 ], [ -111.910054, 40.800237 ], [ -111.912668, 40.802655 ], [ -111.913699, 40.80853 ], [ -111.913728, 40.808856 ], [ -111.913772, 40.809523 ], [ -111.913787, 40.809871 ], [ -111.918244, 40.811176 ], [ -111.918601, 40.811134 ], [ -111.920973, 40.808365 ], [ -111.920999, 40.807677 ] ] ] } },
{ "type": "Feature", "properties": { "group_index": 0, "value": 600.0, "center": [ -111.91023672950563, 40.84185300147015 ], "point_id": 7 }, "geometry": { "type": "Polygon", "coordinates": [ [ [ -111.920148, 40.841649 ], [ -111.92004, 40.841624 ], [ -111.918759, 40.841711 ], [ -111.917454, 40.841612 ], [ -111.91385, 40.838562 ], [ -111.914284, 40.834906 ], [ -111.91402, 40.834661 ], [ -111.913535, 40.834838 ], [ -111.911572, 40.835646 ], [ -111.911015, 40.835893 ], [ -111.907944, 40.837535 ], [ -111.904562, 40.838087 ], [ -111.903576, 40.838101 ], [ -111.899659, 40.841549 ], [ -111.899622, 40.84168 ], [ -111.899623, 40.84204 ], [ -111.901954, 40.844989 ], [ -111.906116, 40.848733 ], [ -111.906408, 40.848943 ], [ -111.906724, 40.849024 ], [ -111.912106, 40.848696 ], [ -111.913118, 40.84743 ], [ -111.917378, 40.844025 ], [ -111.920088, 40.842082 ], [ -111.920148, 40.841649 ] ] ] } },
{ "type": "Feature", "properties": { "group_index": 0, "value": 600.0, "center": [ -111.90671596841368, 40.84841602008888 ], "point_id": 7 }, "geometry": { "type": "Polygon", "coordinates": [ [ [ -111.914066, 40.845873 ], [ -111.913951, 40.845672 ], [ -111.910785, 40.841438 ], [ -111.91046, 40.841283 ], [ -111.905891, 40.842928 ], [ -111.903874, 40.843487 ], [ -111.901798, 40.844248 ], [ -111.899624, 40.846275 ], [ -111.897144, 40.848153 ], [ -111.896972, 40.84847 ], [ -111.896999, 40.848748 ], [ -111.897132, 40.849067 ], [ -111.898549, 40.850565 ], [ -111.901173, 40.854911 ], [ -111.901455, 40.855135 ], [ -111.901894, 40.855074 ], [ -111.903022, 40.854556 ], [ -111.907163, 40.85285 ], [ -111.912034, 40.85196 ], [ -111.912126, 40.851867 ], [ -111.912932, 40.850485 ], [ -111.914066, 40.845873 ] ] ] } },
{ "type": "Feature", "properties": { "group_index": 0, "value": 600.0, "center": [ -111.90140228543007, 40.85521915669211 ], "point_id": 7 }, "geometry": { "type": "Polygon", "coordinates": [ [ [ -111.908597, 40.851768 ], [ -111.90819, 40.850894 ], [ -111.906902, 40.848769 ], [ -111.906606, 40.848563 ], [ -111.902675, 40.848273 ], [ -111.902374, 40.848277 ], [ -111.902072, 40.848281 ], [ -111.902072, 40.848281 ], [ -111.90177, 40.848285 ], [ -111.901468, 40.848289 ], [ -111.901361, 40.848367 ], [ -111.898938, 40.850203 ], [ -111.895938, 40.851601 ], [ -111.895276, 40.852092 ], [ -111.895146, 40.852238 ], [ -111.892732, 40.855485 ], [ -111.89273, 40.855611 ], [ -111.892972, 40.855878 ], [ -111.894065, 40.857265 ], [ -111.896011, 40.861174 ], [ -111.896247, 40.861649 ], [ -111.896649, 40.861769 ], [ -111.902183, 40.861812 ], [ -111.902226, 40.861757 ], [ -111.90522, 40.857283 ], [ -111.907124, 40.855012 ], [ -111.908938, 40.853062 ], [ -111.908974, 40.853008 ], [ -111.908597, 40.851768 ] ] ] } },
{ "type": "Feature", "properties": { "group_index": 0, "value": 600.0, "center": [ -111.89631315763577, 40.86160401160543 ], "point_id": 7 }, "geometry": { "type": "Polygon", "coordinates": [ [ [ -111.905926, 40.861719 ], [ -111.905921, 40.86145 ], [ -111.903708, 40.85852 ], [ -111.901481, 40.855103 ], [ -111.901198, 40.854879 ], [ -111.896817, 40.854912 ], [ -111.894029, 40.855665 ], [ -111.892048, 40.856835 ], [ -111.891945, 40.856906 ], [ -111.890387, 40.858336 ], [ -111.886504, 40.861334 ], [ -111.886404, 40.861417 ], [ -111.886404, 40.861777 ], [ -111.886462, 40.861862 ], [ -111.886713, 40.862074 ], [ -111.890533, 40.86664 ], [ -111.89175, 40.868547 ], [ -111.892108, 40.868579 ], [ -111.892773, 40.868392 ], [ -111.897948, 40.86716 ], [ -111.902216, 40.86381 ], [ -111.90585, 40.861897 ], [ -111.905928, 40.86181 ], [ -111.905926, 40.861719 ] ] ] } },
{ "type": "Feature", "properties": { "group_index": 0, "value": 600.0, "center": [ -111.89228893817129, 40.86712801416483 ], "point_id": 7 }, "geometry": { "type": "Polygon", "coordinates": [ [ [ -111.896997, 40.869974 ], [ -111.898465, 40.864703 ], [ -111.898502, 40.864345 ], [ -111.898044, 40.861497 ], [ -111.897931, 40.861374 ], [ -111.897244, 40.860722 ], [ -111.896962, 40.860498 ], [ -111.892364, 40.86024 ], [ -111.89235, 40.86024 ], [ -111.890933, 40.861257 ], [ -111.888118, 40.863263 ], [ -111.887289, 40.863951 ], [ -111.887178, 40.864088 ], [ -111.887175, 40.864448 ], [ -111.887448, 40.866613 ], [ -111.88818, 40.871248 ], [ -111.888241, 40.871399 ], [ -111.888814, 40.872164 ], [ -111.889388, 40.872826 ], [ -111.889687, 40.873027 ], [ -111.891908, 40.874521 ], [ -111.892052, 40.874596 ], [ -111.892412, 40.874597 ], [ -111.89255, 40.874546 ], [ -111.892728, 40.874454 ], [ -111.893093, 40.874262 ], [ -111.896664, 40.871794 ], [ -111.896997, 40.869974 ] ] ] } },
{ "type": "Feature", "properties": { "group_index": 0, "value": 600.0, "center": [ -111.88068625457375, 40.88427593367508 ], "point_id": 7 }, "geometry": { "type": "Polygon", "coordinates": [ [ [ -111.890598, 40.884067 ], [ -111.889837, 40.883116 ], [ -111.887248, 40.881424 ], [ -111.88455, 40.878541 ], [ -111.883765, 40.877358 ], [ -111.883675, 40.877329 ], [ -111.883439, 40.87728 ], [ -111.88332, 40.877293 ], [ -111.878326, 40.878374 ], [ -111.878213, 40.878438 ], [ -111.873909, 40.88078 ], [ -111.870845, 40.88404 ], [ -111.870773, 40.884127 ], [ -111.870774, 40.884487 ], [ -111.870868, 40.884559 ], [ -111.873387, 40.886506 ], [ -111.874635, 40.887456 ], [ -111.877473, 40.889635 ], [ -111.878883, 40.890671 ], [ -111.880269, 40.891658 ], [ -111.880354, 40.891709 ], [ -111.880514, 40.891762 ], [ -111.880874, 40.891762 ], [ -111.881071, 40.891656 ], [ -111.881178, 40.891585 ], [ -111.883871, 40.889613 ], [ -111.886247, 40.887817 ], [ -111.888408, 40.886121 ], [ -111.890496, 40.884512 ], [ -111.890599, 40.884427 ], [ -111.890598, 40.884067 ] ] ] } },
{ "type": "Feature", "properties": { "group_index": 0, "value": 600.0, "center": [ -111.96001826380362, 40.692940501738775 ], "point_id": 9 }, "geometry": { "type": "Polygon", "coordinates": [ [ [ -111.969893, 40.692752 ], [ -111.967591, 40.690728 ], [ -111.963653, 40.688297 ], [ -111.960507, 40.685777 ], [ -111.960219, 40.685561 ], [ -111.959699, 40.685504 ], [ -111.959634, 40.685538 ], [ -111.958487, 40.68618 ], [ -111.955432, 40.687955 ], [ -111.954332, 40.688597 ], [ -111.952275, 40.690747 ], [ -111.952286, 40.690977 ], [ -111.952297, 40.691206 ], [ -111.952324, 40.691773 ], [ -111.952343, 40.692095 ], [ -111.952362, 40.692424 ], [ -111.952389, 40.692716 ], [ -111.952416, 40.693008 ], [ -111.953635, 40.69576 ], [ -111.954372, 40.696652 ], [ -111.957722, 40.699103 ], [ -111.957963, 40.699103 ], [ -111.958323, 40.699089 ], [ -111.958988, 40.69885 ], [ -111.964255, 40.697564 ], [ -111.965226, 40.696897 ], [ -111.967837, 40.694748 ], [ -111.969804, 40.693195 ], [ -111.969892, 40.693112 ], [ -111.969893, 40.692752 ] ] ] } },
{ "type": "Feature", "properties": { "group_index": 0, "value": 600.0, "center": [ -111.94017977188905, 40.667696930995895 ], "point_id": 10 }, "geometry": { "type": "Polygon", "coordinates": [ [ [ -111.950333, 40.667734 ], [ -111.950346, 40.667374 ], [ -111.947433, 40.664262 ], [ -111.944007, 40.662558 ], [ -111.943733, 40.662464 ], [ -111.93905, 40.660906 ], [ -111.939026, 40.660906 ], [ -111.937011, 40.662211 ], [ -111.933196, 40.663865 ], [ -111.932972, 40.66406 ], [ -111.929728, 40.669092 ], [ -111.929858, 40.669427 ], [ -111.934347, 40.671825 ], [ -111.938527, 40.674191 ], [ -111.9387, 40.674285 ], [ -111.938868, 40.674377 ], [ -111.939228, 40.674376 ], [ -111.939423, 40.674367 ], [ -111.939681, 40.674266 ], [ -111.94242, 40.672732 ], [ -111.942886, 40.672337 ], [ -111.947914, 40.669774 ], [ -111.950252, 40.667979 ], [ -111.950333, 40.667734 ] ] ] } },
{ "type": "Feature", "properties": { "group_index": 0, "value": 600.0, "center": [ -111.89222646302973, 40.884243868964944 ], "point_id": 12 }, "geometry": { "type": "Polygon", "coordinates": [ [ [ -111.902485, 40.884095 ], [ -111.902316, 40.883913 ], [ -111.900311, 40.882163 ], [ -111.895759, 40.879231 ], [ -111.893277, 40.877187 ], [ -111.892381, 40.876682 ], [ -111.89237, 40.876682 ], [ -111.892077, 40.876682 ], [ -111.890443, 40.877658 ], [ -111.889292, 40.878645 ], [ -111.885566, 40.88147 ], [ -111.884639, 40.882119 ], [ -111.882412, 40.884003 ], [ -111.882313, 40.884092 ], [ -111.882314, 40.884452 ], [ -111.882411, 40.884536 ], [ -111.883534, 40.885385 ], [ -111.887225, 40.888482 ], [ -111.891885, 40.891655 ], [ -111.892049, 40.891729 ], [ -111.892409, 40.891729 ], [ -111.892552, 40.891699 ], [ -111.892593, 40.891687 ], [ -111.894666, 40.890245 ], [ -111.894862, 40.89008 ], [ -111.899358, 40.886588 ], [ -111.900553, 40.885863 ], [ -111.902497, 40.884455 ], [ -111.902485, 40.884095 ] ] ] } },
{ "type": "Feature", "properties": { "group_index": 0, "value": 600.0, "center": [ -111.8938984897702, 40.65987328909023 ], "point_id": 15 }, "geometry": { "type": "Polygon", "coordinates": [ [ [ -111.900724, 40.66054 ], [ -111.898515, 40.655479 ], [ -111.898619, 40.653191 ], [ -111.898514, 40.653142 ], [ -111.898157, 40.653096 ], [ -111.892314, 40.653634 ], [ -111.89196, 40.6537 ], [ -111.891644, 40.653863 ], [ -111.888702, 40.656054 ], [ -111.888329, 40.660727 ], [ -111.887919, 40.664183 ], [ -111.887944, 40.664428 ], [ -111.887988, 40.664523 ], [ -111.888114, 40.66464 ], [ -111.888448, 40.664905 ], [ -111.889401, 40.665672 ], [ -111.890202, 40.666074 ], [ -111.89196, 40.666984 ], [ -111.8923, 40.667089 ], [ -111.892483, 40.667122 ], [ -111.893607, 40.666435 ], [ -111.895046, 40.663372 ], [ -111.898612, 40.663095 ], [ -111.898971, 40.663064 ], [ -111.899853, 40.662175 ], [ -111.900721, 40.66097 ], [ -111.900753, 40.660898 ], [ -111.900724, 40.66054 ] ] ] } },
{ "type": "Feature", "properties": { "group_index": 0, "value": 600.0, "center": [ -111.95797359499794, 40.67527676488414 ], "point_id": 27 }, "geometry": { "type": "Polygon", "coordinates": [ [ [ -111.966824, 40.676331 ], [ -111.966818, 40.675636 ], [ -111.966762, 40.674233 ], [ -111.965463, 40.674235 ], [ -111.964163, 40.674003 ], [ -111.959925, 40.670071 ], [ -111.95911, 40.668481 ], [ -111.95839, 40.667926 ], [ -111.958166, 40.667784 ], [ -111.957806, 40.667781 ], [ -111.957599, 40.667875 ], [ -111.95674, 40.66847 ], [ -111.955911, 40.669086 ], [ -111.954099, 40.67212 ], [ -111.952951, 40.674394 ], [ -111.952918, 40.675048 ], [ -111.952957, 40.678677 ], [ -111.953011, 40.67889 ], [ -111.953486, 40.679776 ], [ -111.955902, 40.682209 ], [ -111.95781, 40.682768 ], [ -111.95817, 40.682774 ], [ -111.958814, 40.682434 ], [ -111.961688, 40.680802 ], [ -111.96527, 40.678221 ], [ -111.96683, 40.677025 ], [ -111.966824, 40.676331 ] ] ] } },
{ "type": "Feature", "properties": { "group_index": 0, "value": 600.0, "center": [ -111.89869390436253, 40.660960517544204 ], "point_id": 28 }, "geometry": { "type": "Polygon", "coordinates": [ [ [ -111.908584, 40.66061 ], [ -111.907616, 40.659042 ], [ -111.906572, 40.65776 ], [ -111.906507, 40.657685 ], [ -111.901546, 40.654784 ], [ -111.900305, 40.653997 ], [ -111.899991, 40.65382 ], [ -111.899882, 40.653791 ], [ -111.899572, 40.653994 ], [ -111.897711, 40.655191 ], [ -111.894646, 40.657451 ], [ -111.894357, 40.657666 ], [ -111.891442, 40.659958 ], [ -111.889803, 40.662261 ], [ -111.890129, 40.664441 ], [ -111.892038, 40.665076 ], [ -111.89211, 40.665096 ], [ -111.896475, 40.666293 ], [ -111.898259, 40.667465 ], [ -111.899394, 40.668275 ], [ -111.899527, 40.668371 ], [ -111.899571, 40.668371 ], [ -111.899856, 40.668264 ], [ -111.900931, 40.667581 ], [ -111.901036, 40.667449 ], [ -111.905534, 40.663721 ], [ -111.905885, 40.663641 ], [ -111.905984, 40.663552 ], [ -111.908478, 40.661065 ], [ -111.908641, 40.660744 ], [ -111.908584, 40.66061 ] ] ] } },
{ "type": "Feature", "properties": { "group_index": 0, "value": 600.0, "center": [ -111.90518480907528, 40.66258963981374 ], "point_id": 28 }, "geometry": { "type": "Polygon", "coordinates": [ [ [ -111.910142, 40.661948 ], [ -111.910139, 40.661875 ], [ -111.909767, 40.660199 ], [ -111.909354, 40.658864 ], [ -111.908433, 40.656979 ], [ -111.908354, 40.656871 ], [ -111.908221, 40.656811 ], [ -111.90568, 40.656034 ], [ -111.904342, 40.655648 ], [ -111.904112, 40.655678 ], [ -111.902632, 40.656213 ], [ -111.89905, 40.659185 ], [ -111.89816, 40.659926 ], [ -111.896869, 40.661262 ], [ -111.896946, 40.661613 ], [ -111.898394, 40.662184 ], [ -111.90184, 40.666283 ], [ -111.902763, 40.667453 ], [ -111.905598, 40.670011 ], [ -111.905946, 40.670102 ], [ -111.908605, 40.668402 ], [ -111.909153, 40.667987 ], [ -111.909543, 40.667667 ], [ -111.910167, 40.666919 ], [ -111.910142, 40.661948 ] ] ] } },
{ "type": "Feature", "properties": { "group_index": 0, "value": 600.0, "center": [ -111.90960479383965, 40.669484066144 ], "point_id": 28 }, "geometry": { "type": "Polygon", "coordinates": [ [ [ -111.918694, 40.670625 ], [ -111.918621, 40.670479 ], [ -111.915464, 40.665933 ], [ -111.913377, 40.664427 ], [ -111.913247, 40.664361 ], [ -111.908771, 40.663361 ], [ -111.905565, 40.664159 ], [ -111.902825, 40.667093 ], [ -111.90276, 40.667251 ], [ -111.902756, 40.667611 ], [ -111.903625, 40.668533 ], [ -111.905548, 40.670201 ], [ -111.908244, 40.675156 ], [ -111.908374, 40.675233 ], [ -111.908559, 40.675275 ], [ -111.908744, 40.675316 ], [ -111.913915, 40.674745 ], [ -111.914192, 40.674665 ], [ -111.91592, 40.674075 ], [ -111.918646, 40.670982 ], [ -111.918694, 40.670625 ] ] ] } },
{ "type": "Feature", "properties": { "group_index": 0, "value": 600.0, "center": [ -111.91401778007284, 40.67165783033634 ], "point_id": 28 }, "geometry": { "type": "Polygon", "coordinates": [ [ [ -111.922683, 40.670506 ], [ -111.922505, 40.669692 ], [ -111.922217, 40.669476 ], [ -111.921512, 40.669089 ], [ -111.917285, 40.668012 ], [ -111.916926, 40.668026 ], [ -111.912844, 40.668111 ], [ -111.90973, 40.666622 ], [ -111.909222, 40.666592 ], [ -111.908918, 40.666641 ], [ -111.908593, 40.666696 ], [ -111.908587, 40.666697 ], [ -111.90852, 40.666763 ], [ -111.908284, 40.670092 ], [ -111.907244, 40.674484 ], [ -111.907196, 40.674841 ], [ -111.908202, 40.675279 ], [ -111.912962, 40.67809 ], [ -111.914399, 40.67875 ], [ -111.916736, 40.67848 ], [ -111.916867, 40.678453 ], [ -111.916897, 40.678441 ], [ -111.91708, 40.678347 ], [ -111.917353, 40.678108 ], [ -111.918167, 40.675776 ], [ -111.922494, 40.672023 ], [ -111.922516, 40.671988 ], [ -111.922674, 40.671692 ], [ -111.922683, 40.670506 ] ] ] } },
{ "type": "Feature", "properties": { "group_index": 0, "value": 600.0, "center": [ -111.91437923843833, 40.674295573061556 ], "point_id": 28 }, "geometry": { "type": "Polygon", "coordinates": [ [ [ -111.92412, 40.671474 ], [ -111.922274, 40.671048 ], [ -111.917306, 40.668771 ], [ -111.916339, 40.668584 ], [ -111.91266, 40.66868 ], [ -111.90983, 40.669307 ], [ -111.909733, 40.669352 ], [ -111.909638, 40.669402 ], [ -111.909459, 40.669715 ], [ -111.905441, 40.673825 ], [ -111.90471, 40.674135 ], [ -111.904529, 40.674459 ], [ -111.904519, 40.674819 ], [ -111.905281, 40.675505 ], [ -111.905397, 40.675593 ], [ -111.905575, 40.675726 ], [ -111.906817, 40.675841 ], [ -111.908718, 40.675751 ], [ -111.911776, 40.679398 ], [ -111.911798, 40.679594 ], [ -111.911881, 40.679789 ], [ -111.912321, 40.679879 ], [ -111.914401, 40.679873 ], [ -111.917252, 40.679705 ], [ -111.917353, 40.679699 ], [ -111.917701, 40.679668 ], [ -111.918032, 40.679639 ], [ -111.918404, 40.679347 ], [ -111.921061, 40.675374 ], [ -111.923162, 40.673093 ], [ -111.924235, 40.671815 ], [ -111.92412, 40.671474 ] ] ] } },
{ "type": "Feature", "properties": { "group_index": 0, "value": 600.0, "center": [ -111.9225336617004, 40.67203870730203 ], "point_id": 28 }, "geometry": { "type": "Polygon", "coordinates": [ [ [ -111.932415, 40.668206 ], [ -111.931927, 40.668265 ], [ -111.93149, 40.668421 ], [ -111.931052, 40.668578 ], [ -111.928596, 40.668812 ], [ -111.925517, 40.665883 ], [ -111.925456, 40.665646 ], [ -111.925097, 40.665632 ], [ -111.924183, 40.666186 ], [ -111.918669, 40.668432 ], [ -111.91509, 40.668965 ], [ -111.914964, 40.669071 ], [ -111.91423, 40.67002 ], [ -111.914035, 40.670349 ], [ -111.913871, 40.67067 ], [ -111.912315, 40.674307 ], [ -111.912406, 40.674656 ], [ -111.917235, 40.676056 ], [ -111.92312, 40.676753 ], [ -111.923226, 40.676835 ], [ -111.92335, 40.676901 ], [ -111.923397, 40.676916 ], [ -111.923438, 40.676928 ], [ -111.923532, 40.676947 ], [ -111.923748, 40.676955 ], [ -111.923977, 40.676954 ], [ -111.924209, 40.676954 ], [ -111.924439, 40.676953 ], [ -111.924669, 40.676953 ], [ -111.9251, 40.676952 ], [ -111.925313, 40.676952 ], [ -111.925545, 40.676953 ], [ -111.925775, 40.676953 ], [ -111.926008, 40.676953 ], [ -111.926223, 40.676949 ], [ -111.926351, 40.676922 ], [ -111.928394, 40.676486 ], [ -111.929411, 40.675962 ], [ -111.929855, 40.675685 ], [ -111.930573, 40.672472 ], [ -111.932536, 40.668545 ], [ -111.932415, 40.668206 ] ] ] } },
{ "type": "Feature", "properties": { "group_index": 0, "value": 600.0, "center": [ -111.92949199898557, 40.66947156732613 ], "point_id": 28 }, "geometry": { "type": "Polygon", "coordinates": [ [ [ -111.938891, 40.667719 ], [ -111.938891, 40.66735 ], [ -111.938767, 40.667112 ], [ -111.934778, 40.665412 ], [ -111.934426, 40.665364 ], [ -111.93343, 40.6653 ], [ -111.933204, 40.665301 ], [ -111.932517, 40.666061 ], [ -111.928815, 40.668492 ], [ -111.925476, 40.6672 ], [ -111.925376, 40.667178 ], [ -111.925116, 40.667188 ], [ -111.92425, 40.667775 ], [ -111.921181, 40.670486 ], [ -111.919529, 40.672466 ], [ -111.919364, 40.672803 ], [ -111.919452, 40.673152 ], [ -111.924976, 40.674857 ], [ -111.925336, 40.674857 ], [ -111.926266, 40.674265 ], [ -111.928091, 40.672717 ], [ -111.928191, 40.672639 ], [ -111.928277, 40.672564 ], [ -111.928359, 40.672473 ], [ -111.93274, 40.66864 ], [ -111.933114, 40.668515 ], [ -111.933798, 40.668306 ], [ -111.93432, 40.668185 ], [ -111.938709, 40.667882 ], [ -111.938735, 40.667883 ], [ -111.938882, 40.667767 ], [ -111.938891, 40.667719 ] ] ] } },
{ "type": "Feature", "properties": { "group_index": 0, "value": 600.0, "center": [ -111.9472922819122, 40.66769160598123 ], "point_id": 28 }, "geometry": { "type": "Polygon", "coordinates": [ [ [ -111.957172, 40.667487 ], [ -111.956658, 40.666961 ], [ -111.955367, 40.666096 ], [ -111.950607, 40.662662 ], [ -111.948739, 40.66115 ], [ -111.948523, 40.661006 ], [ -111.948163, 40.661007 ], [ -111.947781, 40.661173 ], [ -111.943347, 40.663123 ], [ -111.941583, 40.66405 ], [ -111.941399, 40.664168 ], [ -111.938449, 40.666486 ], [ -111.937806, 40.667051 ], [ -111.93743, 40.667405 ], [ -111.937428, 40.667876 ], [ -111.939157, 40.669361 ], [ -111.939243, 40.66942 ], [ -111.940125, 40.669803 ], [ -111.945372, 40.672287 ], [ -111.94726, 40.673951 ], [ -111.947947, 40.674342 ], [ -111.948096, 40.674388 ], [ -111.948627, 40.674349 ], [ -111.948882, 40.674318 ], [ -111.951788, 40.672535 ], [ -111.955597, 40.669407 ], [ -111.957173, 40.667847 ], [ -111.957172, 40.667487 ] ] ] } },
{ "type": "Feature", "properties": { "group_index": 0, "value": 600.0, "center": [ -111.95798146861799, 40.66829948080885 ], "point_id": 28 }, "geometry": { "type": "Polygon", "coordinates": [ [ [ -111.967267, 40.667541 ], [ -111.965958, 40.666372 ], [ -111.965774, 40.666251 ], [ -111.962955, 40.664261 ], [ -111.960863, 40.662453 ], [ -111.958888, 40.661191 ], [ -111.958271, 40.660797 ], [ -111.957754, 40.660807 ], [ -111.957584, 40.660896 ], [ -111.953833, 40.66348 ], [ -111.949274, 40.667257 ], [ -111.948882, 40.667368 ], [ -111.948705, 40.667607 ], [ -111.948686, 40.667966 ], [ -111.948998, 40.667982 ], [ -111.950108, 40.667979 ], [ -111.953911, 40.67111 ], [ -111.95363, 40.672958 ], [ -111.953616, 40.673076 ], [ -111.953638, 40.673281 ], [ -111.95764, 40.675755 ], [ -111.957797, 40.675794 ], [ -111.958157, 40.675793 ], [ -111.958614, 40.675519 ], [ -111.959814, 40.674673 ], [ -111.960121, 40.674271 ], [ -111.962352, 40.670801 ], [ -111.967267, 40.667901 ], [ -111.967267, 40.667541 ] ] ] } },
{ "type": "Feature", "properties": { "group_index": 0, "value": 600.0, "center": [ -111.95799803369495, 40.68214705219696 ], "point_id": 28 }, "geometry": { "type": "Polygon", "coordinates": [ [ [ -111.967917, 40.682133 ], [ -111.967917, 40.682033 ], [ -111.967868, 40.681953 ], [ -111.964051, 40.678755 ], [ -111.961408, 40.676669 ], [ -111.958143, 40.67465 ], [ -111.957783, 40.674656 ], [ -111.957715, 40.674667 ], [ -111.957073, 40.675013 ], [ -111.953354, 40.677894 ], [ -111.952446, 40.679273 ], [ -111.948363, 40.681824 ], [ -111.947824, 40.681941 ], [ -111.947822, 40.682301 ], [ -111.948228, 40.682498 ], [ -111.952445, 40.6862 ], [ -111.954331, 40.688074 ], [ -111.954428, 40.688132 ], [ -111.955733, 40.688863 ], [ -111.957239, 40.689485 ], [ -111.957812, 40.689641 ], [ -111.958172, 40.689641 ], [ -111.958333, 40.689568 ], [ -111.963022, 40.687009 ], [ -111.966568, 40.683301 ], [ -111.967817, 40.682421 ], [ -111.967917, 40.682234 ], [ -111.967917, 40.682133 ] ] ] } },
{ "type": "Feature", "properties": { "group_index": 0, "value": 600.0, "center": [ -111.95799209392493, 40.68941515786429 ], "point_id": 28 }, "geometry": { "type": "Polygon", "coordinates": [ [ [ -111.966671, 40.688658 ], [ -111.966671, 40.688298 ], [ -111.962516, 40.684099 ], [ -111.96238, 40.683978 ], [ -111.958765, 40.682075 ], [ -111.958012, 40.681801 ], [ -111.957935, 40.681795 ], [ -111.955265, 40.68303 ], [ -111.952823, 40.685277 ], [ -111.9484, 40.689075 ], [ -111.948229, 40.68914 ], [ -111.947912, 40.689319 ], [ -111.947914, 40.689679 ], [ -111.949786, 40.691257 ], [ -111.952424, 40.693093 ], [ -111.955808, 40.695672 ], [ -111.957198, 40.696761 ], [ -111.957657, 40.69694 ], [ -111.957764, 40.696942 ], [ -111.95833, 40.696946 ], [ -111.959074, 40.696377 ], [ -111.959707, 40.695872 ], [ -111.964167, 40.693182 ], [ -111.964245, 40.693124 ], [ -111.966055, 40.691479 ], [ -111.966671, 40.688658 ] ] ] } },
{ "type": "Feature", "properties": { "group_index": 0, "value": 600.0, "center": [ -112.08226935005212, 40.69649601374258 ], "point_id": 0 }, "geometry": { "type": "Polygon", "coordinates": [ [ [ -112.092167, 40.696311 ], [ -112.092149, 40.696282 ], [ -112.091388, 40.69552 ], [ -112.089837, 40.694215 ], [ -112.08577, 40.691519 ], [ -112.084891, 40.690674 ], [ -112.082563, 40.689081 ], [ -112.082454, 40.68901 ], [ -112.082094, 40.689011 ], [ -112.07813, 40.690593 ], [ -112.076973, 40.692109 ], [ -112.073071, 40.695641 ], [ -112.072973, 40.695718 ], [ -112.072384, 40.696307 ], [ -112.072385, 40.696667 ], [ -112.073389, 40.697883 ], [ -112.07608, 40.700231 ], [ -112.076712, 40.70054 ], [ -112.076878, 40.70061 ], [ -112.081819, 40.703812 ], [ -112.081917, 40.703885 ], [ -112.082104, 40.70398 ], [ -112.082464, 40.703983 ], [ -112.082844, 40.703818 ], [ -112.084397, 40.70265 ], [ -112.089264, 40.699143 ], [ -112.091715, 40.697356 ], [ -112.092125, 40.69666 ], [ -112.092167, 40.696311 ] ] ] } },
{ "type": "Feature", "properties": { "group_index": 0, "value": 600.0, "center": [ -111.95747096461464, 40.6965834881213 ], "point_id": 0 }, "geometry": { "type": "Polygon", "coordinates": [ [ [ -111.967357, 40.696377 ], [ -111.967275, 40.696276 ], [ -111.963162, 40.692839 ], [ -111.962701, 40.692465 ], [ -111.961689, 40.691735 ], [ -111.959994, 40.690583 ], [ -111.958127, 40.689275 ], [ -111.957851, 40.68921 ], [ -111.957797, 40.68921 ], [ -111.955473, 40.690442 ], [ -111.952326, 40.691799 ], [ -111.948412, 40.69607 ], [ -111.94794, 40.69627 ], [ -111.947578, 40.696437 ], [ -111.947578, 40.696797 ], [ -111.948675, 40.697008 ], [ -111.948827, 40.697048 ], [ -111.948947, 40.697041 ], [ -111.953565, 40.700664 ], [ -111.953578, 40.700857 ], [ -111.956769, 40.703556 ], [ -111.95771, 40.7039 ], [ -111.95807, 40.703888 ], [ -111.958366, 40.703764 ], [ -111.961206, 40.702471 ], [ -111.962381, 40.701958 ], [ -111.965555, 40.698337 ], [ -111.967006, 40.697141 ], [ -111.967209, 40.696989 ], [ -111.967283, 40.6969 ], [ -111.967352, 40.696737 ], [ -111.967357, 40.696377 ] ] ] } },
{ "type": "Feature", "properties": { "group_index": 0, "value": 600.0, "center": [ -112.11037977895381, 40.70375481105439 ], "point_id": 0 }, "geometry": { "type": "Polygon", "coordinates": [ [ [ -112.110876, 40.710758 ], [ -112.110599, 40.705821 ], [ -112.110445, 40.699973 ], [ -112.110396, 40.699747 ], [ -112.110308, 40.699578 ], [ -112.110179, 40.699421 ], [ -112.110019, 40.699227 ], [ -112.106804, 40.697426 ], [ -112.105232, 40.697522 ], [ -112.105063, 40.697839 ], [ -112.104013, 40.700877 ], [ -112.101177, 40.703063 ], [ -112.100502, 40.703508 ], [ -112.100495, 40.703568 ], [ -112.100494, 40.703928 ], [ -112.101245, 40.704523 ], [ -112.101497, 40.704718 ], [ -112.103269, 40.706094 ], [ -112.105532, 40.707747 ], [ -112.107802, 40.70944 ], [ -112.108664, 40.710076 ], [ -112.110092, 40.711126 ], [ -112.110878, 40.711118 ], [ -112.110876, 40.710758 ] ] ] } },
{ "type": "Feature", "properties": { "group_index": 0, "value": 600.0, "center": [ -111.9770928, 40.69662228826507 ], "point_id": 0 }, "geometry": { "type": "Polygon", "coordinates": [ [ [ -111.98682, 40.696742 ], [ -111.98683, 40.696471 ], [ -111.98683, 40.696429 ], [ -111.986822, 40.696382 ], [ -111.985929, 40.695679 ], [ -111.985772, 40.69568 ], [ -111.984909, 40.695865 ], [ -111.984026, 40.696041 ], [ -111.980173, 40.691577 ], [ -111.978747, 40.689948 ], [ -111.978531, 40.689814 ], [ -111.977602, 40.689242 ], [ -111.977323, 40.689125 ], [ -111.977163, 40.689105 ], [ -111.976803, 40.68911 ], [ -111.973583, 40.690188 ], [ -111.970902, 40.693578 ], [ -111.968102, 40.695656 ], [ -111.967505, 40.696219 ], [ -111.967381, 40.696378 ], [ -111.967368, 40.696406 ], [ -111.96732, 40.69654 ], [ -111.967319, 40.6969 ], [ -111.967436, 40.697001 ], [ -111.967685, 40.697216 ], [ -111.972345, 40.700786 ], [ -111.976306, 40.703995 ], [ -111.976972, 40.704198 ], [ -111.976981, 40.704199 ], [ -111.977657, 40.704146 ], [ -111.977907, 40.703999 ], [ -111.979534, 40.702371 ], [ -111.979533, 40.702179 ], [ -111.979531, 40.701987 ], [ -111.982683, 40.697613 ], [ -111.98419, 40.697534 ], [ -111.985747, 40.697707 ], [ -111.985799, 40.697708 ], [ -111.986624, 40.697058 ], [ -111.986775, 40.696908 ], [ -111.986806, 40.69684 ], [ -111.98682, 40.696742 ] ] ] } },
{ "type": "Feature", "properties": { "group_index": 0, "value": 600.0, "center": [ -112.09991641362834, 40.69652436567313 ], "point_id": 0 }, "geometry": { "type": "Polygon", "coordinates": [ [ [ -112.108817, 40.694786 ], [ -112.108635, 40.694476 ], [ -112.108082, 40.694801 ], [ -112.107528, 40.695126 ], [ -112.103514, 40.695742 ], [ -112.101175, 40.694466 ], [ -112.100981, 40.694338 ], [ -112.097854, 40.692494 ], [ -112.097524, 40.692351 ], [ -112.097474, 40.692332 ], [ -112.096768, 40.692246 ], [ -112.096062, 40.692161 ], [ -112.092952, 40.69365 ], [ -112.092587, 40.693877 ], [ -112.091894, 40.694394 ], [ -112.090042, 40.696179 ], [ -112.090028, 40.696358 ], [ -112.090026, 40.696718 ], [ -112.091494, 40.69788 ], [ -112.095294, 40.701387 ], [ -112.096352, 40.701713 ], [ -112.101176, 40.703235 ], [ -112.101536, 40.703236 ], [ -112.101935, 40.703099 ], [ -112.106682, 40.700501 ], [ -112.108455, 40.699779 ], [ -112.109086, 40.699171 ], [ -112.109237, 40.698844 ], [ -112.108817, 40.694786 ] ] ] } },
{ "type": "Feature", "properties": { "group_index": 0, "value": 600.0, "center": [ -112.10106098796716, 40.711080834951446 ], "point_id": 0 }, "geometry": { "type": "Polygon", "coordinates": [ [ [ -112.110945, 40.710758 ], [ -112.109537, 40.709707 ], [ -112.10644, 40.707378 ], [ -112.104193, 40.705705 ], [ -112.101537, 40.703856 ], [ -112.101178, 40.703884 ], [ -112.099237, 40.7048 ], [ -112.098664, 40.705197 ], [ -112.098371, 40.705407 ], [ -112.095541, 40.70758 ], [ -112.091497, 40.710532 ], [ -112.091066, 40.711053 ], [ -112.09108, 40.711413 ], [ -112.091584, 40.71273 ], [ -112.096409, 40.714835 ], [ -112.100862, 40.713663 ], [ -112.104919, 40.71521 ], [ -112.105657, 40.715348 ], [ -112.106017, 40.715345 ], [ -112.108694, 40.713035 ], [ -112.110885, 40.711184 ], [ -112.110947, 40.711118 ], [ -112.110945, 40.710758 ] ] ] } },
{ "type": "Feature", "properties": { "group_index": 0, "value": 600.0, "center": [ -112.06307875602994, 40.69649868502337 ], "point_id": 0 }, "geometry": { "type": "Polygon", "coordinates": [ [ [ -112.072963, 40.696306 ], [ -112.069881, 40.693152 ], [ -112.065707, 40.690629 ], [ -112.0635, 40.689031 ], [ -112.063259, 40.689002 ], [ -112.062949, 40.688994 ], [ -112.062845, 40.689 ], [ -112.061861, 40.689154 ], [ -112.057617, 40.69289 ], [ -112.053222, 40.695595 ], [ -112.052993, 40.69646 ], [ -112.052975, 40.696819 ], [ -112.056805, 40.699947 ], [ -112.061426, 40.703166 ], [ -112.062899, 40.704028 ], [ -112.062989, 40.704029 ], [ -112.063079, 40.704029 ], [ -112.063428, 40.703969 ], [ -112.06828, 40.701211 ], [ -112.070312, 40.699165 ], [ -112.072964, 40.696666 ], [ -112.072963, 40.696306 ] ] ] } },
{ "type": "Feature", "properties": { "group_index": 0, "value": 600.0, "center": [ -112.0439399523583, 40.69652606013512 ], "point_id": 0 }, "geometry": { "type": "Polygon", "coordinates": [ [ [ -112.053813, 40.696336 ], [ -112.05373, 40.695847 ], [ -112.053582, 40.69555 ], [ -112.050509, 40.693843 ], [ -112.048388, 40.691971 ], [ -112.044754, 40.689407 ], [ -112.044117, 40.689032 ], [ -112.043757, 40.689032 ], [ -112.043157, 40.689403 ], [ -112.038549, 40.69206 ], [ -112.034789, 40.695841 ], [ -112.03414, 40.69624 ], [ -112.033732, 40.696474 ], [ -112.033733, 40.696834 ], [ -112.035656, 40.698014 ], [ -112.039092, 40.701084 ], [ -112.040744, 40.70261 ], [ -112.043735, 40.704023 ], [ -112.044085, 40.704035 ], [ -112.044234, 40.704034 ], [ -112.046354, 40.702599 ], [ -112.048809, 40.70087 ], [ -112.052753, 40.698067 ], [ -112.052993, 40.697799 ], [ -112.053818, 40.696723 ], [ -112.053813, 40.696336 ] ] ] } },
{ "type": "Feature", "properties": { "group_index": 0, "value": 600.0, "center": [ -112.09180470657972, 40.70370034715232 ], "point_id": 0 }, "geometry": { "type": "Polygon", "coordinates": [ [ [ -112.101693, 40.703923 ], [ -112.101689, 40.703501 ], [ -112.099231, 40.701154 ], [ -112.097721, 40.699673 ], [ -112.097178, 40.699318 ], [ -112.092352, 40.696389 ], [ -112.092119, 40.696241 ], [ -112.091809, 40.696158 ], [ -112.091449, 40.696151 ], [ -112.090578, 40.696575 ], [ -112.087893, 40.698333 ], [ -112.085505, 40.700207 ], [ -112.081918, 40.703525 ], [ -112.08192, 40.703885 ], [ -112.083498, 40.705128 ], [ -112.084326, 40.705725 ], [ -112.088587, 40.708965 ], [ -112.089612, 40.709969 ], [ -112.0912, 40.711013 ], [ -112.091724, 40.711311 ], [ -112.092068, 40.711294 ], [ -112.092596, 40.710937 ], [ -112.092745, 40.710827 ], [ -112.096153, 40.708202 ], [ -112.098076, 40.706866 ], [ -112.101553, 40.704318 ], [ -112.101693, 40.703923 ] ] ] } },
{ "type": "Feature", "properties": { "group_index": 0, "value": 600.0, "center": [ -112.02485522705908, 40.69655667003086 ], "point_id": 0 }, "geometry": { "type": "Polygon", "coordinates": [ [ [ -112.034901, 40.696468 ], [ -112.032871, 40.694467 ], [ -112.029908, 40.691237 ], [ -112.025152, 40.688567 ], [ -112.024792, 40.68857 ], [ -112.02107, 40.691815 ], [ -112.021071, 40.691981 ], [ -112.01691, 40.696292 ], [ -112.015421, 40.696101 ], [ -112.015305, 40.696101 ], [ -112.015008, 40.696393 ], [ -112.015008, 40.696753 ], [ -112.016233, 40.697944 ], [ -112.019036, 40.700425 ], [ -112.021566, 40.701847 ], [ -112.02436, 40.703895 ], [ -112.024742, 40.704124 ], [ -112.02488, 40.704126 ], [ -112.025441, 40.703931 ], [ -112.028911, 40.70224 ], [ -112.029486, 40.700892 ], [ -112.033488, 40.696835 ], [ -112.034195, 40.696831 ], [ -112.034903, 40.696828 ], [ -112.034901, 40.696468 ] ] ] } },
{ "type": "Feature", "properties": { "group_index": 0, "value": 600.0, "center": [ -112.00572651277362, 40.696579697061864 ], "point_id": 0 }, "geometry": { "type": "Polygon", "coordinates": [ [ [ -112.015619, 40.696404 ], [ -112.015598, 40.696342 ], [ -112.01237, 40.693356 ], [ -112.012078, 40.693145 ], [ -112.010198, 40.69192 ], [ -112.006405, 40.689441 ], [ -112.005875, 40.689092 ], [ -112.005515, 40.689091 ], [ -112.004242, 40.689355 ], [ -112.004106, 40.689454 ], [ -112.000904, 40.691922 ], [ -111.999979, 40.692774 ], [ -111.996252, 40.696058 ], [ -111.995844, 40.696421 ], [ -111.995683, 40.696589 ], [ -111.995683, 40.696603 ], [ -111.995684, 40.696608 ], [ -111.995684, 40.696622 ], [ -111.997499, 40.698471 ], [ -111.998515, 40.699447 ], [ -112.00011, 40.700691 ], [ -112.002341, 40.702391 ], [ -112.005485, 40.704124 ], [ -112.00551, 40.704134 ], [ -112.005553, 40.704149 ], [ -112.006045, 40.704046 ], [ -112.009342, 40.70187 ], [ -112.012106, 40.70011 ], [ -112.015611, 40.696752 ], [ -112.015619, 40.696404 ] ] ] } },
{ "type": "Feature", "properties": { "group_index": 0, "value": 600.0, "center": [ -111.986651, 40.6966104414934 ], "point_id": 0 }, "geometry": { "type": "Polygon", "coordinates": [ [ [ -111.996485, 40.696486 ], [ -111.996485, 40.696476 ], [ -111.99646, 40.696421 ], [ -111.996321, 40.696311 ], [ -111.996209, 40.696257 ], [ -111.993036, 40.694775 ], [ -111.991179, 40.692418 ], [ -111.988407, 40.689954 ], [ -111.986804, 40.689119 ], [ -111.986444, 40.689114 ], [ -111.982222, 40.692035 ], [ -111.979518, 40.695326 ], [ -111.977026, 40.696193 ], [ -111.976885, 40.696319 ], [ -111.976767, 40.696449 ], [ -111.976766, 40.696493 ], [ -111.97688, 40.696885 ], [ -111.979166, 40.69901 ], [ -111.98021, 40.699976 ], [ -111.980692, 40.70034 ], [ -111.982761, 40.701534 ], [ -111.986189, 40.703996 ], [ -111.986457, 40.704166 ], [ -111.986506, 40.704181 ], [ -111.986562, 40.704189 ], [ -111.986921, 40.704209 ], [ -111.990077, 40.701903 ], [ -111.994115, 40.698524 ], [ -111.995872, 40.697232 ], [ -111.996269, 40.696947 ], [ -111.996368, 40.696872 ], [ -111.996462, 40.696781 ], [ -111.996485, 40.696486 ] ] ] } },
{ "type": "Feature", "properties": { "group_index": 0, "value": 600.0, "center": [ -111.91695902239637, 40.69942052906072 ], "point_id": 0 }, "geometry": { "type": "Polygon", "coordinates": [ [ [ -111.926799, 40.699426 ], [ -111.926759, 40.69922 ], [ -111.926533, 40.699044 ], [ -111.926085, 40.698724 ], [ -111.925925, 40.698674 ], [ -111.921743, 40.696589 ], [ -111.920902, 40.694926 ], [ -111.920381, 40.69434 ], [ -111.92025, 40.69424 ], [ -111.917908, 40.692498 ], [ -111.917185, 40.691976 ], [ -111.917081, 40.691924 ], [ -111.916721, 40.691929 ], [ -111.91504, 40.693177 ], [ -111.914789, 40.69337 ], [ -111.911308, 40.696239 ], [ -111.910062, 40.697223 ], [ -111.906836, 40.699774 ], [ -111.906827, 40.700134 ], [ -111.912276, 40.702483 ], [ -111.914881, 40.705672 ], [ -111.916938, 40.707086 ], [ -111.916949, 40.707086 ], [ -111.920316, 40.705585 ], [ -111.922788, 40.70279 ], [ -111.924864, 40.701259 ], [ -111.926189, 40.700312 ], [ -111.926795, 40.699786 ], [ -111.926799, 40.699426 ] ] ] } },
{ "type": "Feature", "properties": { "group_index": 0, "value": 600.0, "center": [ -111.93892932132678, 40.696622375294105 ], "point_id": 0 }, "geometry": { "type": "Polygon", "coordinates": [ [ [ -111.949825, 40.696417 ], [ -111.944821, 40.693229 ], [ -111.943407, 40.69232 ], [ -111.939171, 40.689033 ], [ -111.939071, 40.689027 ], [ -111.938741, 40.689022 ], [ -111.938738, 40.689022 ], [ -111.936969, 40.690314 ], [ -111.936447, 40.690715 ], [ -111.934749, 40.692242 ], [ -111.934269, 40.692976 ], [ -111.93149, 40.696297 ], [ -111.930052, 40.697398 ], [ -111.929747, 40.699021 ], [ -111.929803, 40.699376 ], [ -111.930141, 40.699508 ], [ -111.931243, 40.699709 ], [ -111.935748, 40.702303 ], [ -111.938229, 40.703937 ], [ -111.938406, 40.704024 ], [ -111.938679, 40.704125 ], [ -111.939194, 40.704122 ], [ -111.939485, 40.703951 ], [ -111.941961, 40.702237 ], [ -111.943966, 40.700487 ], [ -111.947876, 40.697877 ], [ -111.949831, 40.696777 ], [ -111.949825, 40.696417 ] ] ] } },
{ "type": "Feature", "properties": { "group_index": 0, "value": 600.0, "center": [ -111.96001826380362, 40.692940501738775 ], "point_id": 0 }, "geometry": { "type": "Polygon", "coordinates": [ [ [ -111.969893, 40.692752 ], [ -111.967591, 40.690728 ], [ -111.963653, 40.688297 ], [ -111.960507, 40.685777 ], [ -111.960219, 40.685561 ], [ -111.959699, 40.685504 ], [ -111.959634, 40.685538 ], [ -111.958487, 40.68618 ], [ -111.955432, 40.687955 ], [ -111.954332, 40.688597 ], [ -111.952275, 40.690747 ], [ -111.952286, 40.690977 ], [ -111.952297, 40.691206 ], [ -111.952324, 40.691773 ], [ -111.952343, 40.692095 ], [ -111.952362, 40.692424 ], [ -111.952389, 40.692716 ], [ -111.952416, 40.693008 ], [ -111.953635, 40.69576 ], [ -111.954372, 40.696652 ], [ -111.957722, 40.699103 ], [ -111.957963, 40.699103 ], [ -111.958323, 40.699089 ], [ -111.958988, 40.69885 ], [ -111.964255, 40.697564 ], [ -111.965226, 40.696897 ], [ -111.967837, 40.694748 ], [ -111.969804, 40.693195 ], [ -111.969892, 40.693112 ], [ -111.969893, 40.692752 ] ] ] } },
{ "type": "Feature", "properties": { "group_index": 0, "value": 600.0, "center": [ -111.8976899, 40.6998826 ], "point_id": 0 }, "geometry": { "type": "Polygon", "coordinates": [ [ [ -111.908167, 40.699807 ], [ -111.907943, 40.69953 ], [ -111.906253, 40.698537 ], [ -111.905662, 40.698201 ], [ -111.90086, 40.695292 ], [ -111.900307, 40.694106 ], [ -111.899939, 40.693874 ], [ -111.899579, 40.693874 ], [ -111.894091, 40.694889 ], [ -111.892786, 40.69571 ], [ -111.89027, 40.697686 ], [ -111.888809, 40.698808 ], [ -111.887613, 40.699783 ], [ -111.887608, 40.700143 ], [ -111.891696, 40.7032 ], [ -111.893704, 40.704531 ], [ -111.893808, 40.704597 ], [ -111.893918, 40.704663 ], [ -111.899689, 40.706146 ], [ -111.899727, 40.706146 ], [ -111.899984, 40.705981 ], [ -111.902571, 40.704068 ], [ -111.9058, 40.701421 ], [ -111.908157, 40.700167 ], [ -111.908167, 40.699807 ] ] ] } },
{ "type": "Feature", "properties": { "group_index": 0, "value": 600.0, "center": [ -111.72686242064214, 40.28065904761377 ], "point_id": 0 }, "geometry": { "type": "Polygon", "coordinates": [ [ [ -111.735016, 40.282257 ], [ -111.735022, 40.281897 ], [ -111.734754, 40.278757 ], [ -111.731335, 40.276848 ], [ -111.72932, 40.275236 ], [ -111.725813, 40.274414 ], [ -111.725376, 40.274348 ], [ -111.725125, 40.274422 ], [ -111.723832, 40.275176 ], [ -111.720329, 40.278056 ], [ -111.720052, 40.278285 ], [ -111.719477, 40.280169 ], [ -111.719603, 40.280507 ], [ -111.722813, 40.281567 ], [ -111.725228, 40.282622 ], [ -111.7301, 40.28565 ], [ -111.73046, 40.285646 ], [ -111.730522, 40.285632 ], [ -111.732131, 40.285275 ], [ -111.733282, 40.284795 ], [ -111.733602, 40.284629 ], [ -111.734992, 40.282337 ], [ -111.735016, 40.282257 ] ] ] } },
{ "type": "Feature", "properties": { "group_index": 0, "value": 600.0, "center": [ -111.9257730506777, 40.69941923569567 ], "point_id": 0 }, "geometry": { "type": "Polygon", "coordinates": [ [ [ -111.935089, 40.697134 ], [ -111.934986, 40.696789 ], [ -111.934246, 40.696572 ], [ -111.929567, 40.692833 ], [ -111.929218, 40.692746 ], [ -111.929105, 40.692746 ], [ -111.92746, 40.692778 ], [ -111.927111, 40.692866 ], [ -111.923186, 40.693835 ], [ -111.919727, 40.696359 ], [ -111.914812, 40.699301 ], [ -111.914814, 40.699661 ], [ -111.914835, 40.699732 ], [ -111.917827, 40.701171 ], [ -111.922656, 40.704681 ], [ -111.923016, 40.704666 ], [ -111.926562, 40.703931 ], [ -111.930389, 40.704144 ], [ -111.930728, 40.704144 ], [ -111.931067, 40.704143 ], [ -111.931943, 40.704149 ], [ -111.932043, 40.70414 ], [ -111.932341, 40.704081 ], [ -111.934518, 40.700497 ], [ -111.935089, 40.697134 ] ] ] } },
{ "type": "Feature", "properties": { "group_index": 0, "value": 600.0, "center": [ -111.81458925233858, 40.376851120052144 ], "point_id": 2 }, "geometry": { "type": "Polygon", "coordinates": [ [ [ -111.825747, 40.376512 ], [ -111.822363, 40.376236 ], [ -111.821009, 40.376279 ], [ -111.820861, 40.376291 ], [ -111.819669, 40.376359 ], [ -111.814181, 40.375569 ], [ -111.813335, 40.375236 ], [ -111.811966, 40.374757 ], [ -111.810659, 40.374496 ], [ -111.810523, 40.374485 ], [ -111.808691, 40.374476 ], [ -111.808543, 40.374501 ], [ -111.806233, 40.375427 ], [ -111.805701, 40.375672 ], [ -111.804661, 40.376718 ], [ -111.804661, 40.376723 ], [ -111.804764, 40.377011 ], [ -111.804936, 40.377149 ], [ -111.80787, 40.379377 ], [ -111.810926, 40.381675 ], [ -111.811675, 40.382241 ], [ -111.812547, 40.382847 ], [ -111.813899, 40.383324 ], [ -111.814071, 40.383381 ], [ -111.814207, 40.383426 ], [ -111.814649, 40.383531 ], [ -111.815022, 40.383619 ], [ -111.816096, 40.383521 ], [ -111.817848, 40.382474 ], [ -111.819686, 40.38122 ], [ -111.819789, 40.381142 ], [ -111.820366, 40.380679 ], [ -111.822851, 40.378314 ], [ -111.825737, 40.376871 ], [ -111.825747, 40.376512 ] ] ] } },
{ "type": "Feature", "properties": { "group_index": 0, "value": 600.0, "center": [ -111.83379966874895, 40.37288033555353 ], "point_id": 2 }, "geometry": { "type": "Polygon", "coordinates": [ [ [ -111.840356, 40.369336 ], [ -111.840095, 40.368968 ], [ -111.83945, 40.368314 ], [ -111.839351, 40.368215 ], [ -111.838317, 40.367378 ], [ -111.837834, 40.367 ], [ -111.835897, 40.366282 ], [ -111.835811, 40.366272 ], [ -111.834328, 40.366445 ], [ -111.83417, 40.366465 ], [ -111.831067, 40.36733 ], [ -111.826505, 40.370994 ], [ -111.826147, 40.371027 ], [ -111.825902, 40.371175 ], [ -111.825743, 40.371269 ], [ -111.823966, 40.372619 ], [ -111.823967, 40.372979 ], [ -111.824153, 40.372978 ], [ -111.828328, 40.377104 ], [ -111.828607, 40.37754 ], [ -111.833395, 40.379924 ], [ -111.833638, 40.379712 ], [ -111.837408, 40.375402 ], [ -111.839554, 40.370832 ], [ -111.840271, 40.369686 ], [ -111.840356, 40.369336 ] ] ] } },
{ "type": "Feature", "properties": { "group_index": 0, "value": 600.0, "center": [ -111.81971127040427, 40.37278890677239 ], "point_id": 2 }, "geometry": { "type": "Polygon", "coordinates": [ [ [ -111.829549, 40.372646 ], [ -111.82715, 40.370742 ], [ -111.824527, 40.368662 ], [ -111.822298, 40.366967 ], [ -111.821832, 40.366644 ], [ -111.821357, 40.366647 ], [ -111.81752, 40.366833 ], [ -111.816276, 40.367542 ], [ -111.813366, 40.369931 ], [ -111.810705, 40.37174 ], [ -111.809791, 40.372488 ], [ -111.809788, 40.372848 ], [ -111.810736, 40.372877 ], [ -111.814742, 40.372911 ], [ -111.819315, 40.374349 ], [ -111.819997, 40.374594 ], [ -111.821944, 40.375061 ], [ -111.826318, 40.372986 ], [ -111.827932, 40.372996 ], [ -111.829547, 40.373006 ], [ -111.829549, 40.372646 ] ] ] } },
{ "type": "Feature", "properties": { "group_index": 0, "value": 600.0, "center": [ -111.90826054210758, 40.76281742692352 ], "point_id": 22 }, "geometry": { "type": "Polygon", "coordinates": [ [ [ -111.916305, 40.764666 ], [ -111.912945, 40.761998 ], [ -111.910426, 40.760439 ], [ -111.908336, 40.755333 ], [ -111.907976, 40.755333 ], [ -111.907051, 40.755937 ], [ -111.90658, 40.756277 ], [ -111.902299, 40.759423 ], [ -111.901144, 40.7603 ], [ -111.901002, 40.760459 ], [ -111.900921, 40.760639 ], [ -111.900922, 40.760999 ], [ -111.900941, 40.765069 ], [ -111.900966, 40.765104 ], [ -111.904027, 40.7677 ], [ -111.906847, 40.769742 ], [ -111.907872, 40.770337 ], [ -111.908232, 40.770336 ], [ -111.908439, 40.770294 ], [ -111.908643, 40.770228 ], [ -111.909418, 40.769502 ], [ -111.911367, 40.767304 ], [ -111.91549, 40.765595 ], [ -111.915902, 40.765325 ], [ -111.91632, 40.765026 ], [ -111.916305, 40.764666 ] ] ] } },
{ "type": "Feature", "properties": { "group_index": 0, "value": 600.0, "center": [ -111.90149479153244, 40.764996566724854 ], "point_id": 22 }, "geometry": { "type": "Polygon", "coordinates": [ [ [ -111.911505, 40.765011 ], [ -111.911505, 40.76498 ], [ -111.911444, 40.76482 ], [ -111.911287, 40.764659 ], [ -111.908778, 40.76276 ], [ -111.906076, 40.760379 ], [ -111.902792, 40.758128 ], [ -111.902512, 40.758114 ], [ -111.902152, 40.758102 ], [ -111.902072, 40.758119 ], [ -111.899702, 40.758685 ], [ -111.898159, 40.75962 ], [ -111.894256, 40.762658 ], [ -111.891785, 40.764676 ], [ -111.891764, 40.764959 ], [ -111.891768, 40.765319 ], [ -111.893312, 40.766499 ], [ -111.897015, 40.769369 ], [ -111.897087, 40.769425 ], [ -111.899789, 40.771458 ], [ -111.899804, 40.771469 ], [ -111.902148, 40.77187 ], [ -111.9023, 40.771869 ], [ -111.902658, 40.771846 ], [ -111.903426, 40.771521 ], [ -111.905619, 40.770144 ], [ -111.905754, 40.770046 ], [ -111.908829, 40.7675 ], [ -111.911381, 40.765623 ], [ -111.911505, 40.765011 ] ] ] } },
{ "type": "Feature", "properties": { "group_index": 0, "value": 600.0, "center": [ -111.89210064537316, 40.76500408883045 ], "point_id": 22 }, "geometry": { "type": "Polygon", "coordinates": [ [ [ -111.901852, 40.764974 ], [ -111.90182, 40.764668 ], [ -111.899253, 40.762641 ], [ -111.898175, 40.761802 ], [ -111.895983, 40.760213 ], [ -111.894228, 40.758899 ], [ -111.893925, 40.758767 ], [ -111.89154, 40.758147 ], [ -111.890994, 40.758146 ], [ -111.890983, 40.758146 ], [ -111.890745, 40.758304 ], [ -111.887873, 40.760301 ], [ -111.886511, 40.761227 ], [ -111.884657, 40.762687 ], [ -111.88229, 40.76467 ], [ -111.882128, 40.764837 ], [ -111.882128, 40.764862 ], [ -111.882263, 40.765255 ], [ -111.882324, 40.765342 ], [ -111.884786, 40.767348 ], [ -111.886176, 40.768495 ], [ -111.887401, 40.769501 ], [ -111.888388, 40.770248 ], [ -111.889403, 40.770844 ], [ -111.890864, 40.771657 ], [ -111.89091, 40.771657 ], [ -111.893944, 40.771298 ], [ -111.894136, 40.771209 ], [ -111.896592, 40.769689 ], [ -111.900566, 40.76648 ], [ -111.900944, 40.766149 ], [ -111.901851, 40.765334 ], [ -111.901852, 40.764974 ] ] ] } },
{ "type": "Feature", "properties": { "group_index": 0, "value": 600.0, "center": [ -111.88250582800876, 40.76501076560179 ], "point_id": 22 }, "geometry": { "type": "Polygon", "coordinates": [ [ [ -111.892374, 40.765133 ], [ -111.892236, 40.764674 ], [ -111.890573, 40.763239 ], [ -111.889756, 40.762579 ], [ -111.886352, 40.760037 ], [ -111.884151, 40.75847 ], [ -111.88289, 40.757648 ], [ -111.882508, 40.757439 ], [ -111.882447, 40.757438 ], [ -111.88086, 40.75846 ], [ -111.878143, 40.760574 ], [ -111.876278, 40.76199 ], [ -111.872878, 40.764407 ], [ -111.872614, 40.76482 ], [ -111.872613, 40.76518 ], [ -111.872743, 40.765344 ], [ -111.873527, 40.766065 ], [ -111.87682, 40.768603 ], [ -111.878578, 40.769886 ], [ -111.881515, 40.771975 ], [ -111.881741, 40.7721 ], [ -111.88188, 40.772169 ], [ -111.88224, 40.772169 ], [ -111.882354, 40.772151 ], [ -111.883715, 40.771797 ], [ -111.884478, 40.771479 ], [ -111.888814, 40.768169 ], [ -111.891105, 40.766245 ], [ -111.892235, 40.765315 ], [ -111.892374, 40.765162 ], [ -111.892374, 40.765133 ] ] ] } },
{ "type": "Feature", "properties": { "group_index": 0, "value": 600.0, "center": [ -111.87109236278562, 40.765001035884296 ], "point_id": 22 }, "geometry": { "type": "Polygon", "coordinates": [ [ [ -111.880987, 40.764831 ], [ -111.880799, 40.76467 ], [ -111.877371, 40.761772 ], [ -111.872609, 40.758464 ], [ -111.871754, 40.757814 ], [ -111.871336, 40.757557 ], [ -111.870976, 40.757552 ], [ -111.870776, 40.757606 ], [ -111.870672, 40.757663 ], [ -111.869974, 40.758146 ], [ -111.868113, 40.759503 ], [ -111.867019, 40.760321 ], [ -111.866936, 40.760383 ], [ -111.865021, 40.761811 ], [ -111.864646, 40.762094 ], [ -111.862157, 40.764037 ], [ -111.861327, 40.764665 ], [ -111.861203, 40.764774 ], [ -111.8612, 40.765243 ], [ -111.861315, 40.765348 ], [ -111.862417, 40.766184 ], [ -111.864177, 40.76752 ], [ -111.867711, 40.770217 ], [ -111.869869, 40.77178 ], [ -111.870184, 40.771978 ], [ -111.871384, 40.772139 ], [ -111.871744, 40.772138 ], [ -111.872039, 40.771982 ], [ -111.872173, 40.771882 ], [ -111.876765, 40.768576 ], [ -111.878236, 40.767518 ], [ -111.878463, 40.767346 ], [ -111.878646, 40.767198 ], [ -111.880862, 40.765342 ], [ -111.880987, 40.765191 ], [ -111.880987, 40.764831 ] ] ] } },
{ "type": "Feature", "properties": { "group_index": 0, "value": 600.0, "center": [ -111.86246579944556, 40.76501219494677 ], "point_id": 22 }, "geometry": { "type": "Polygon", "coordinates": [ [ [ -111.872262, 40.76482 ], [ -111.872145, 40.764672 ], [ -111.871414, 40.764115 ], [ -111.869533, 40.762654 ], [ -111.869333, 40.762498 ], [ -111.866993, 40.760646 ], [ -111.866904, 40.760578 ], [ -111.865652, 40.75969 ], [ -111.865305, 40.75951 ], [ -111.861164, 40.75847 ], [ -111.860787, 40.758387 ], [ -111.860447, 40.758387 ], [ -111.860358, 40.758465 ], [ -111.85676, 40.761643 ], [ -111.855583, 40.762487 ], [ -111.853384, 40.764209 ], [ -111.852793, 40.764677 ], [ -111.852674, 40.764824 ], [ -111.852672, 40.765184 ], [ -111.852866, 40.765341 ], [ -111.855179, 40.767207 ], [ -111.858104, 40.769541 ], [ -111.858313, 40.769698 ], [ -111.859551, 40.770641 ], [ -111.860886, 40.771578 ], [ -111.862379, 40.772433 ], [ -111.862739, 40.772431 ], [ -111.86288, 40.772359 ], [ -111.863441, 40.771978 ], [ -111.863574, 40.771879 ], [ -111.86455, 40.771136 ], [ -111.868818, 40.768062 ], [ -111.872154, 40.765345 ], [ -111.872262, 40.76518 ], [ -111.872262, 40.76482 ] ] ] } },
{ "type": "Feature", "properties": { "group_index": 0, "value": 600.0, "center": [ -111.8539127480691, 40.765013136128566 ], "point_id": 22 }, "geometry": { "type": "Polygon", "coordinates": [ [ [ -111.863802, 40.765126 ], [ -111.863798, 40.764766 ], [ -111.860596, 40.762091 ], [ -111.8582, 40.760486 ], [ -111.855439, 40.758381 ], [ -111.854177, 40.757557 ], [ -111.85369, 40.757515 ], [ -111.853614, 40.757514 ], [ -111.85278, 40.757957 ], [ -111.850015, 40.759851 ], [ -111.846823, 40.761865 ], [ -111.84566, 40.762683 ], [ -111.845388, 40.76292 ], [ -111.84476, 40.764104 ], [ -111.844793, 40.764457 ], [ -111.844916, 40.765688 ], [ -111.844995, 40.765846 ], [ -111.845777, 40.766931 ], [ -111.846527, 40.767582 ], [ -111.846605, 40.767643 ], [ -111.850134, 40.77036 ], [ -111.850223, 40.770426 ], [ -111.850967, 40.770978 ], [ -111.851977, 40.771639 ], [ -111.853549, 40.77232 ], [ -111.853909, 40.772322 ], [ -111.855123, 40.771771 ], [ -111.856634, 40.770637 ], [ -111.857909, 40.769703 ], [ -111.858123, 40.769541 ], [ -111.861019, 40.767398 ], [ -111.862579, 40.766184 ], [ -111.863674, 40.765348 ], [ -111.863786, 40.765258 ], [ -111.863802, 40.765126 ] ] ] } },
{ "type": "Feature", "properties": { "group_index": 0, "value": 600.0, "center": [ -111.81021518973044, 40.699846918402194 ], "point_id": 26 }, "geometry": { "type": "Polygon", "coordinates": [ [ [ -111.820031, 40.699688 ], [ -111.81605, 40.696464 ], [ -111.814821, 40.696117 ], [ -111.811661, 40.695634 ], [ -111.805695, 40.695028 ], [ -111.802316, 40.697953 ], [ -111.800395, 40.699604 ], [ -111.800374, 40.699667 ], [ -111.800375, 40.699741 ], [ -111.800387, 40.700065 ], [ -111.800418, 40.700169 ], [ -111.802292, 40.701785 ], [ -111.804113, 40.703162 ], [ -111.805269, 40.704041 ], [ -111.809334, 40.70688 ], [ -111.810032, 40.70734 ], [ -111.810392, 40.707336 ], [ -111.81098, 40.706932 ], [ -111.815147, 40.703751 ], [ -111.815847, 40.703272 ], [ -111.818653, 40.701153 ], [ -111.820031, 40.700048 ], [ -111.820031, 40.699688 ] ] ] } },
{ "type": "Feature", "properties": { "group_index": 0, "value": 600.0, "center": [ -111.8244221625478, 40.69987058187365 ], "point_id": 26 }, "geometry": { "type": "Polygon", "coordinates": [ [ [ -111.834374, 40.699865 ], [ -111.834308, 40.699689 ], [ -111.834063, 40.699485 ], [ -111.830404, 40.696548 ], [ -111.827115, 40.694199 ], [ -111.824782, 40.692487 ], [ -111.824681, 40.692427 ], [ -111.824321, 40.692427 ], [ -111.824212, 40.69251 ], [ -111.82304, 40.693406 ], [ -111.818666, 40.696567 ], [ -111.814962, 40.699298 ], [ -111.814543, 40.699618 ], [ -111.814538, 40.699735 ], [ -111.814541, 40.700095 ], [ -111.814617, 40.700172 ], [ -111.81729, 40.702385 ], [ -111.820242, 40.704215 ], [ -111.8224, 40.706034 ], [ -111.824235, 40.707424 ], [ -111.824279, 40.70744 ], [ -111.824722, 40.707272 ], [ -111.82609, 40.706442 ], [ -111.829728, 40.703532 ], [ -111.832787, 40.701394 ], [ -111.834306, 40.700049 ], [ -111.834375, 40.699951 ], [ -111.834374, 40.699865 ] ] ] } },
{ "type": "Feature", "properties": { "group_index": 0, "value": 600.0, "center": [ -111.83870266914941, 40.699903973258316 ], "point_id": 26 }, "geometry": { "type": "Polygon", "coordinates": [ [ [ -111.848573, 40.699737 ], [ -111.848482, 40.69965 ], [ -111.84837, 40.699558 ], [ -111.847932, 40.699221 ], [ -111.847064, 40.698591 ], [ -111.844916, 40.696994 ], [ -111.844648, 40.696838 ], [ -111.844531, 40.696801 ], [ -111.844264, 40.6968 ], [ -111.844089, 40.69685 ], [ -111.842547, 40.69697 ], [ -111.8393, 40.692987 ], [ -111.839272, 40.692629 ], [ -111.838903, 40.692401 ], [ -111.838543, 40.692404 ], [ -111.837545, 40.693024 ], [ -111.835522, 40.694314 ], [ -111.832644, 40.696605 ], [ -111.829031, 40.699421 ], [ -111.828818, 40.69969 ], [ -111.828818, 40.70005 ], [ -111.828928, 40.700135 ], [ -111.83228, 40.702738 ], [ -111.833333, 40.703537 ], [ -111.835997, 40.705416 ], [ -111.838047, 40.706904 ], [ -111.83863, 40.707248 ], [ -111.838722, 40.707297 ], [ -111.839082, 40.7073 ], [ -111.839665, 40.7069 ], [ -111.843131, 40.704303 ], [ -111.846549, 40.701703 ], [ -111.848575, 40.700097 ], [ -111.848573, 40.699737 ] ] ] } },
{ "type": "Feature", "properties": { "group_index": 0, "value": 600.0, "center": [ -111.852333753732, 40.6998214885889 ], "point_id": 26 }, "geometry": { "type": "Polygon", "coordinates": [ [ [ -111.86213, 40.699713 ], [ -111.860615, 40.69844 ], [ -111.858608, 40.696823 ], [ -111.855459, 40.694432 ], [ -111.854314, 40.693551 ], [ -111.854237, 40.693549 ], [ -111.853877, 40.693547 ], [ -111.848785, 40.693619 ], [ -111.848559, 40.693631 ], [ -111.848221, 40.693754 ], [ -111.846332, 40.695529 ], [ -111.842143, 40.699678 ], [ -111.842141, 40.700038 ], [ -111.844125, 40.701308 ], [ -111.848159, 40.704188 ], [ -111.849936, 40.705819 ], [ -111.852672, 40.706388 ], [ -111.852899, 40.706387 ], [ -111.85551, 40.705866 ], [ -111.855988, 40.70564 ], [ -111.858708, 40.703787 ], [ -111.860293, 40.702295 ], [ -111.86194, 40.700301 ], [ -111.862128, 40.700073 ], [ -111.86213, 40.699713 ] ] ] } },
{ "type": "Feature", "properties": { "group_index": 0, "value": 600.0, "center": [ -111.86546296670694, 40.69988432991283 ], "point_id": 26 }, "geometry": { "type": "Polygon", "coordinates": [ [ [ -111.875345, 40.699691 ], [ -111.875228, 40.699591 ], [ -111.874944, 40.699365 ], [ -111.872208, 40.697283 ], [ -111.87068, 40.696148 ], [ -111.866389, 40.692883 ], [ -111.865784, 40.692417 ], [ -111.865503, 40.692259 ], [ -111.865438, 40.692259 ], [ -111.863794, 40.693497 ], [ -111.859157, 40.696737 ], [ -111.856089, 40.698806 ], [ -111.855498, 40.699783 ], [ -111.855487, 40.700038 ], [ -111.855599, 40.700128 ], [ -111.856785, 40.701067 ], [ -111.860374, 40.703317 ], [ -111.862299, 40.705274 ], [ -111.863972, 40.706533 ], [ -111.865282, 40.707378 ], [ -111.865642, 40.707379 ], [ -111.866144, 40.707043 ], [ -111.866223, 40.706983 ], [ -111.866301, 40.706925 ], [ -111.867458, 40.706049 ], [ -111.868437, 40.705328 ], [ -111.870102, 40.704076 ], [ -111.873489, 40.701903 ], [ -111.875347, 40.700051 ], [ -111.875345, 40.699691 ] ] ] } },
{ "type": "Feature", "properties": { "group_index": 0, "value": 600.0, "center": [ -111.87695454476967, 40.69986954374691 ], "point_id": 26 }, "geometry": { "type": "Polygon", "coordinates": [ [ [ -111.887006, 40.699778 ], [ -111.885508, 40.698631 ], [ -111.883945, 40.697411 ], [ -111.881442, 40.695569 ], [ -111.877556, 40.692389 ], [ -111.876808, 40.692377 ], [ -111.875822, 40.692697 ], [ -111.871276, 40.696356 ], [ -111.871047, 40.696528 ], [ -111.86716, 40.699607 ], [ -111.867069, 40.699696 ], [ -111.86707, 40.700056 ], [ -111.867187, 40.700147 ], [ -111.868257, 40.700987 ], [ -111.870232, 40.702505 ], [ -111.871799, 40.703666 ], [ -111.874467, 40.705685 ], [ -111.876502, 40.707234 ], [ -111.87673, 40.707356 ], [ -111.87709, 40.707359 ], [ -111.879053, 40.706125 ], [ -111.881976, 40.703913 ], [ -111.884136, 40.702102 ], [ -111.887008, 40.700138 ], [ -111.887006, 40.699778 ] ] ] } },
{ "type": "Feature", "properties": { "group_index": 0, "value": 600.0, "center": [ -111.90567771929204, 40.5154328623244 ], "point_id": 15 }, "geometry": { "type": "Polygon", "coordinates": [ [ [ -111.911426, 40.512225 ], [ -111.909954, 40.510868 ], [ -111.906113, 40.508613 ], [ -111.905165, 40.50882 ], [ -111.905074, 40.508888 ], [ -111.90492, 40.509214 ], [ -111.904379, 40.514986 ], [ -111.904406, 40.516472 ], [ -111.904935, 40.51878 ], [ -111.905399, 40.5205 ], [ -111.905782, 40.52179 ], [ -111.905866, 40.521909 ], [ -111.906337, 40.522557 ], [ -111.906479, 40.522583 ], [ -111.906694, 40.5226 ], [ -111.906839, 40.522571 ], [ -111.907134, 40.522256 ], [ -111.908273, 40.520661 ], [ -111.91064, 40.516561 ], [ -111.911426, 40.512225 ] ] ] } },
{ "type": "Feature", "properties": { "group_index": 0, "value": 600.0, "center": [ -111.888527, 40.52673348408156 ], "point_id": 15 }, "geometry": { "type": "Polygon", "coordinates": [ [ [ -111.898317, 40.526546 ], [ -111.898268, 40.526464 ], [ -111.898087, 40.526362 ], [ -111.894697, 40.525091 ], [ -111.894462, 40.525048 ], [ -111.890864, 40.520404 ], [ -111.890866, 40.520135 ], [ -111.890868, 40.519866 ], [ -111.890508, 40.519864 ], [ -111.886062, 40.520916 ], [ -111.885294, 40.521479 ], [ -111.880782, 40.52468 ], [ -111.879132, 40.525909 ], [ -111.878855, 40.52626 ], [ -111.878758, 40.526548 ], [ -111.878756, 40.526908 ], [ -111.878803, 40.527073 ], [ -111.881493, 40.52949 ], [ -111.881726, 40.529649 ], [ -111.881912, 40.529736 ], [ -111.885116, 40.531257 ], [ -111.887204, 40.533092 ], [ -111.88793, 40.53338 ], [ -111.891213, 40.533849 ], [ -111.891386, 40.533861 ], [ -111.891746, 40.53386 ], [ -111.891745, 40.533611 ], [ -111.891744, 40.533362 ], [ -111.895584, 40.528817 ], [ -111.895944, 40.528808 ], [ -111.896238, 40.528711 ], [ -111.897272, 40.527956 ], [ -111.898261, 40.527033 ], [ -111.898316, 40.526906 ], [ -111.898317, 40.526546 ] ] ] } },
{ "type": "Feature", "properties": { "group_index": 0, "value": 600.0, "center": [ -111.89083345892055, 40.551582057956516 ], "point_id": 15 }, "geometry": { "type": "Polygon", "coordinates": [ [ [ -111.896639, 40.55492 ], [ -111.896442, 40.553698 ], [ -111.896131, 40.552372 ], [ -111.895226, 40.548757 ], [ -111.895127, 40.548395 ], [ -111.893835, 40.545741 ], [ -111.891866, 40.544357 ], [ -111.89161, 40.544235 ], [ -111.891421, 40.544164 ], [ -111.890917, 40.544072 ], [ -111.890878, 40.544072 ], [ -111.888047, 40.545904 ], [ -111.88439, 40.549756 ], [ -111.883397, 40.550298 ], [ -111.880971, 40.551391 ], [ -111.880889, 40.551496 ], [ -111.880888, 40.55157 ], [ -111.880971, 40.551751 ], [ -111.881588, 40.552232 ], [ -111.886231, 40.555868 ], [ -111.889391, 40.558359 ], [ -111.890566, 40.559094 ], [ -111.890885, 40.559223 ], [ -111.89089, 40.559223 ], [ -111.891431, 40.558854 ], [ -111.892702, 40.557988 ], [ -111.895247, 40.556307 ], [ -111.895356, 40.556232 ], [ -111.896635, 40.55528 ], [ -111.896639, 40.55492 ] ] ] } },
{ "type": "Feature", "properties": { "group_index": 0, "value": 600.0, "center": [ -111.89085776062535, 40.56966045896278 ], "point_id": 15 }, "geometry": { "type": "Polygon", "coordinates": [ [ [ -111.900723, 40.569539 ], [ -111.90065, 40.569413 ], [ -111.899337, 40.567982 ], [ -111.894915, 40.56447 ], [ -111.894419, 40.563935 ], [ -111.894263, 40.563821 ], [ -111.891027, 40.562085 ], [ -111.89094, 40.562086 ], [ -111.887315, 40.563831 ], [ -111.884168, 40.567816 ], [ -111.88413, 40.56791 ], [ -111.883585, 40.570609 ], [ -111.883534, 40.570862 ], [ -111.883276, 40.573184 ], [ -111.883289, 40.573292 ], [ -111.883356, 40.573452 ], [ -111.883547, 40.573816 ], [ -111.884142, 40.574493 ], [ -111.885825, 40.575882 ], [ -111.890595, 40.577826 ], [ -111.890955, 40.577824 ], [ -111.894871, 40.574642 ], [ -111.897895, 40.572366 ], [ -111.900642, 40.570014 ], [ -111.900716, 40.569899 ], [ -111.900723, 40.569539 ] ] ] } },
{ "type": "Feature", "properties": { "group_index": 0, "value": 600.0, "center": [ -111.89085776062535, 40.56966045896278 ], "point_id": 15 }, "geometry": { "type": "Polygon", "coordinates": [ [ [ -111.900723, 40.569539 ], [ -111.90065, 40.569413 ], [ -111.899337, 40.567982 ], [ -111.894915, 40.56447 ], [ -111.894419, 40.563935 ], [ -111.894263, 40.563821 ], [ -111.891027, 40.562085 ], [ -111.89094, 40.562086 ], [ -111.887315, 40.563831 ], [ -111.884168, 40.567816 ], [ -111.88413, 40.56791 ], [ -111.883585, 40.570609 ], [ -111.883534, 40.570862 ], [ -111.883276, 40.573184 ], [ -111.883289, 40.573292 ], [ -111.883356, 40.573452 ], [ -111.883547, 40.573816 ], [ -111.884142, 40.574493 ], [ -111.885825, 40.575882 ], [ -111.890595, 40.577826 ], [ -111.890955, 40.577824 ], [ -111.894871, 40.574642 ], [ -111.897895, 40.572366 ], [ -111.900642, 40.570014 ], [ -111.900716, 40.569899 ], [ -111.900723, 40.569539 ] ] ] } },
{ "type": "Feature", "properties": { "group_index": 0, "value": 600.0, "center": [ -111.89095044765224, 40.58809249631378 ], "point_id": 15 }, "geometry": { "type": "Polygon", "coordinates": [ [ [ -111.900757, 40.587928 ], [ -111.900697, 40.587764 ], [ -111.898142, 40.585348 ], [ -111.894797, 40.582895 ], [ -111.891037, 40.580449 ], [ -111.890997, 40.580449 ], [ -111.890993, 40.580449 ], [ -111.890952, 40.58045 ], [ -111.88906, 40.581515 ], [ -111.888855, 40.581636 ], [ -111.888695, 40.581732 ], [ -111.886963, 40.582834 ], [ -111.883806, 40.585839 ], [ -111.881643, 40.5874 ], [ -111.88149, 40.587565 ], [ -111.881277, 40.5878 ], [ -111.881004, 40.588132 ], [ -111.880978, 40.588491 ], [ -111.883918, 40.590707 ], [ -111.885435, 40.591793 ], [ -111.888516, 40.594019 ], [ -111.890678, 40.595575 ], [ -111.891038, 40.595579 ], [ -111.891285, 40.595439 ], [ -111.89159, 40.595202 ], [ -111.896148, 40.59184 ], [ -111.898874, 40.58994 ], [ -111.900757, 40.588288 ], [ -111.900757, 40.587928 ] ] ] } },
{ "type": "Feature", "properties": { "group_index": 0, "value": 600.0, "center": [ -111.89080714440081, 40.601759364912965 ], "point_id": 15 }, "geometry": { "type": "Polygon", "coordinates": [ [ [ -111.897245, 40.599616 ], [ -111.897303, 40.599252 ], [ -111.897298, 40.598892 ], [ -111.896389, 40.598168 ], [ -111.8919, 40.594843 ], [ -111.891047, 40.594265 ], [ -111.890687, 40.594265 ], [ -111.885714, 40.596581 ], [ -111.885749, 40.596908 ], [ -111.885785, 40.597235 ], [ -111.885817, 40.597362 ], [ -111.886308, 40.599936 ], [ -111.886193, 40.605672 ], [ -111.886194, 40.606032 ], [ -111.890744, 40.609395 ], [ -111.891103, 40.609359 ], [ -111.89152, 40.60907 ], [ -111.893302, 40.607757 ], [ -111.895265, 40.606099 ], [ -111.896426, 40.604687 ], [ -111.897245, 40.599616 ] ] ] } },
{ "type": "Feature", "properties": { "group_index": 0, "value": 600.0, "center": [ -111.89056406564579, 40.620841475555245 ], "point_id": 15 }, "geometry": { "type": "Polygon", "coordinates": [ [ [ -111.900402, 40.620643 ], [ -111.900379, 40.620477 ], [ -111.900288, 40.620355 ], [ -111.900091, 40.62014 ], [ -111.900015, 40.620084 ], [ -111.898396, 40.618853 ], [ -111.897235, 40.618017 ], [ -111.893154, 40.614919 ], [ -111.892279, 40.614258 ], [ -111.890879, 40.61343 ], [ -111.890519, 40.613422 ], [ -111.890069, 40.613715 ], [ -111.888356, 40.614912 ], [ -111.885613, 40.616882 ], [ -111.881676, 40.619828 ], [ -111.880835, 40.620481 ], [ -111.880697, 40.62059 ], [ -111.880696, 40.62095 ], [ -111.88157, 40.621985 ], [ -111.88598, 40.625423 ], [ -111.887617, 40.627081 ], [ -111.889584, 40.628218 ], [ -111.889621, 40.628227 ], [ -111.890078, 40.628252 ], [ -111.890251, 40.62824 ], [ -111.890357, 40.628199 ], [ -111.893372, 40.626398 ], [ -111.897321, 40.623434 ], [ -111.899794, 40.621529 ], [ -111.900387, 40.621003 ], [ -111.900402, 40.620643 ] ] ] } },
{ "type": "Feature", "properties": { "group_index": 0, "value": 600.0, "center": [ -111.88889925700515, 40.642937607242985 ], "point_id": 15 }, "geometry": { "type": "Polygon", "coordinates": [ [ [ -111.898759, 40.643185 ], [ -111.898775, 40.643102 ], [ -111.898776, 40.642742 ], [ -111.894868, 40.639086 ], [ -111.890095, 40.635935 ], [ -111.889404, 40.635362 ], [ -111.889392, 40.635362 ], [ -111.88899, 40.635487 ], [ -111.887915, 40.636018 ], [ -111.885634, 40.637827 ], [ -111.882854, 40.639275 ], [ -111.882144, 40.639705 ], [ -111.879044, 40.641609 ], [ -111.879016, 40.641968 ], [ -111.881905, 40.6456 ], [ -111.881916, 40.64561 ], [ -111.882112, 40.645753 ], [ -111.882822, 40.646235 ], [ -111.88698, 40.649423 ], [ -111.888222, 40.650379 ], [ -111.888371, 40.650385 ], [ -111.888631, 40.650389 ], [ -111.888802, 40.650353 ], [ -111.888882, 40.650308 ], [ -111.889424, 40.649925 ], [ -111.894422, 40.647392 ], [ -111.896267, 40.646191 ], [ -111.898709, 40.643361 ], [ -111.898759, 40.643185 ] ] ] } },
{ "type": "Feature", "properties": { "group_index": 0, "value": 600.0, "center": [ -111.88819196747939, 40.656100734100235 ], "point_id": 15 }, "geometry": { "type": "Polygon", "coordinates": [ [ [ -111.898354, 40.655142 ], [ -111.898273, 40.654894 ], [ -111.897195, 40.654323 ], [ -111.892685, 40.651775 ], [ -111.89006, 40.649528 ], [ -111.888722, 40.648621 ], [ -111.888362, 40.648602 ], [ -111.888207, 40.648669 ], [ -111.88304, 40.65166 ], [ -111.881431, 40.652869 ], [ -111.878055, 40.655995 ], [ -111.878055, 40.656355 ], [ -111.882688, 40.660011 ], [ -111.88276, 40.660097 ], [ -111.887149, 40.663002 ], [ -111.887921, 40.663509 ], [ -111.888052, 40.663593 ], [ -111.888412, 40.663596 ], [ -111.888581, 40.663544 ], [ -111.890734, 40.662784 ], [ -111.893522, 40.65968 ], [ -111.895372, 40.658623 ], [ -111.895632, 40.658374 ], [ -111.898419, 40.655496 ], [ -111.898354, 40.655142 ] ] ] } },
{ "type": "Feature", "properties": { "group_index": 0, "value": 600.0, "center": [ -111.88820955329643, 40.6742895119918 ], "point_id": 15 }, "geometry": { "type": "Polygon", "coordinates": [ [ [ -111.897689, 40.674032 ], [ -111.897637, 40.673979 ], [ -111.893698, 40.670929 ], [ -111.892431, 40.669839 ], [ -111.891258, 40.668893 ], [ -111.891177, 40.668827 ], [ -111.888792, 40.66698 ], [ -111.88839, 40.666799 ], [ -111.888202, 40.66672 ], [ -111.88803, 40.666791 ], [ -111.887869, 40.66686 ], [ -111.884577, 40.668714 ], [ -111.881463, 40.671481 ], [ -111.879868, 40.672761 ], [ -111.878436, 40.674025 ], [ -111.878384, 40.674115 ], [ -111.87839, 40.674475 ], [ -111.878393, 40.674591 ], [ -111.878556, 40.674826 ], [ -111.87974, 40.675286 ], [ -111.881006, 40.675039 ], [ -111.883939, 40.675196 ], [ -111.886361, 40.680122 ], [ -111.886383, 40.680299 ], [ -111.887073, 40.681041 ], [ -111.887702, 40.68173 ], [ -111.88802, 40.681785 ], [ -111.88838, 40.681783 ], [ -111.889732, 40.681416 ], [ -111.893314, 40.678276 ], [ -111.897688, 40.674392 ], [ -111.897689, 40.674032 ] ] ] } },
{ "type": "Feature", "properties": { "group_index": 0, "value": 600.0, "center": [ -111.88821818945591, 40.68702343417967 ], "point_id": 15 }, "geometry": { "type": "Polygon", "coordinates": [ [ [ -111.898125, 40.686847 ], [ -111.898096, 40.686488 ], [ -111.89758, 40.686143 ], [ -111.894137, 40.68365 ], [ -111.892408, 40.681979 ], [ -111.888785, 40.679658 ], [ -111.888378, 40.679566 ], [ -111.888018, 40.679565 ], [ -111.887191, 40.679955 ], [ -111.887107, 40.680008 ], [ -111.882874, 40.68343 ], [ -111.881292, 40.684582 ], [ -111.878425, 40.686737 ], [ -111.878339, 40.68689 ], [ -111.878338, 40.68725 ], [ -111.881271, 40.689644 ], [ -111.882126, 40.690258 ], [ -111.884603, 40.692084 ], [ -111.886429, 40.693453 ], [ -111.887721, 40.69442 ], [ -111.887993, 40.694478 ], [ -111.888352, 40.694486 ], [ -111.888746, 40.694337 ], [ -111.89027, 40.693481 ], [ -111.892708, 40.6916 ], [ -111.894066, 40.69044 ], [ -111.897533, 40.687755 ], [ -111.898124, 40.687231 ], [ -111.898125, 40.686847 ] ] ] } },
{ "type": "Feature", "properties": { "group_index": 0, "value": 600.0, "center": [ -111.88823468138018, 40.69985534485849 ], "point_id": 15 }, "geometry": { "type": "Polygon", "coordinates": [ [ [ -111.898092, 40.699968 ], [ -111.898102, 40.699608 ], [ -111.896129, 40.698041 ], [ -111.894477, 40.696788 ], [ -111.891768, 40.694717 ], [ -111.891361, 40.694404 ], [ -111.889199, 40.692726 ], [ -111.888437, 40.692331 ], [ -111.88837, 40.692331 ], [ -111.888015, 40.692392 ], [ -111.887853, 40.692458 ], [ -111.887435, 40.692765 ], [ -111.887313, 40.692855 ], [ -111.8859, 40.693897 ], [ -111.884981, 40.694599 ], [ -111.882459, 40.696578 ], [ -111.879979, 40.698423 ], [ -111.878471, 40.69959 ], [ -111.878365, 40.699676 ], [ -111.878283, 40.699771 ], [ -111.878285, 40.700131 ], [ -111.881393, 40.7025 ], [ -111.883907, 40.704383 ], [ -111.884949, 40.705173 ], [ -111.885922, 40.705867 ], [ -111.887265, 40.706802 ], [ -111.887994, 40.707317 ], [ -111.888403, 40.707329 ], [ -111.888544, 40.707249 ], [ -111.888671, 40.707175 ], [ -111.889479, 40.706646 ], [ -111.890753, 40.705693 ], [ -111.89487, 40.702912 ], [ -111.898081, 40.700123 ], [ -111.898092, 40.699968 ] ] ] } },
{ "type": "Feature", "properties": { "group_index": 0, "value": 600.0, "center": [ -111.88815334436882, 40.7134889887772 ], "point_id": 15 }, "geometry": { "type": "Polygon", "coordinates": [ [ [ -111.897105, 40.712581 ], [ -111.897009, 40.712471 ], [ -111.896936, 40.712401 ], [ -111.894838, 40.710745 ], [ -111.893262, 40.709541 ], [ -111.892341, 40.708825 ], [ -111.891449, 40.708191 ], [ -111.888652, 40.706175 ], [ -111.88836, 40.705995 ], [ -111.888, 40.705995 ], [ -111.8879, 40.70606 ], [ -111.887327, 40.706443 ], [ -111.885222, 40.707971 ], [ -111.88503, 40.708115 ], [ -111.882577, 40.709926 ], [ -111.879381, 40.712296 ], [ -111.879197, 40.712553 ], [ -111.879046, 40.713895 ], [ -111.879045, 40.714255 ], [ -111.879804, 40.714858 ], [ -111.882468, 40.716922 ], [ -111.886957, 40.720404 ], [ -111.887853, 40.720913 ], [ -111.887981, 40.720982 ], [ -111.888341, 40.720983 ], [ -111.888528, 40.720917 ], [ -111.888642, 40.720871 ], [ -111.889136, 40.720493 ], [ -111.889243, 40.720411 ], [ -111.890373, 40.719545 ], [ -111.891196, 40.71891 ], [ -111.892318, 40.718027 ], [ -111.892397, 40.717966 ], [ -111.896306, 40.713604 ], [ -111.897085, 40.712943 ], [ -111.897105, 40.712581 ] ] ] } },
{ "type": "Feature", "properties": { "group_index": 0, "value": 600.0, "center": [ -111.88815865860423, 40.72543049173693 ], "point_id": 15 }, "geometry": { "type": "Polygon", "coordinates": [ [ [ -111.897977, 40.725166 ], [ -111.897788, 40.725021 ], [ -111.896044, 40.72364 ], [ -111.892963, 40.720841 ], [ -111.888544, 40.718069 ], [ -111.888321, 40.717935 ], [ -111.887961, 40.717939 ], [ -111.886901, 40.718551 ], [ -111.884913, 40.720131 ], [ -111.882286, 40.722138 ], [ -111.878609, 40.72484 ], [ -111.878315, 40.725256 ], [ -111.878315, 40.725616 ], [ -111.878435, 40.725718 ], [ -111.882468, 40.729098 ], [ -111.885293, 40.731349 ], [ -111.888026, 40.733035 ], [ -111.888326, 40.732925 ], [ -111.889033, 40.732442 ], [ -111.890893, 40.731125 ], [ -111.891492, 40.730697 ], [ -111.893045, 40.729609 ], [ -111.895797, 40.727395 ], [ -111.897891, 40.725725 ], [ -111.897992, 40.72563 ], [ -111.89811, 40.725412 ], [ -111.898123, 40.725378 ], [ -111.897977, 40.725166 ] ] ] } },
{ "type": "Feature", "properties": { "group_index": 0, "value": 600.0, "center": [ -111.8881445390435, 40.73768232162387 ], "point_id": 15 }, "geometry": { "type": "Polygon", "coordinates": [ [ [ -111.89635, 40.73781 ], [ -111.896348, 40.73745 ], [ -111.894808, 40.734956 ], [ -111.891989, 40.732826 ], [ -111.890874, 40.731969 ], [ -111.888635, 40.730408 ], [ -111.888507, 40.730318 ], [ -111.888028, 40.730276 ], [ -111.887891, 40.730277 ], [ -111.885108, 40.731679 ], [ -111.882341, 40.734233 ], [ -111.87989, 40.73622 ], [ -111.87989, 40.73658 ], [ -111.88121, 40.740126 ], [ -111.881309, 40.740208 ], [ -111.883784, 40.742277 ], [ -111.886921, 40.744485 ], [ -111.887782, 40.745099 ], [ -111.887965, 40.745176 ], [ -111.888325, 40.745177 ], [ -111.888501, 40.745139 ], [ -111.888611, 40.745109 ], [ -111.889094, 40.744766 ], [ -111.892751, 40.742034 ], [ -111.895964, 40.739424 ], [ -111.89635, 40.73781 ] ] ] } },
{ "type": "Feature", "properties": { "group_index": 0, "value": 600.0, "center": [ -111.88821364920157, 40.74981129654867 ], "point_id": 15 }, "geometry": { "type": "Polygon", "coordinates": [ [ [ -111.898119, 40.749804 ], [ -111.898089, 40.749509 ], [ -111.898073, 40.749447 ], [ -111.896945, 40.748448 ], [ -111.89228, 40.744751 ], [ -111.888747, 40.742474 ], [ -111.888499, 40.742394 ], [ -111.888329, 40.742369 ], [ -111.887969, 40.742373 ], [ -111.887526, 40.742658 ], [ -111.887418, 40.742736 ], [ -111.883989, 40.74517 ], [ -111.881346, 40.747266 ], [ -111.878823, 40.748981 ], [ -111.878322, 40.749619 ], [ -111.878321, 40.749979 ], [ -111.878357, 40.75002 ], [ -111.878474, 40.750124 ], [ -111.879404, 40.750836 ], [ -111.883568, 40.754161 ], [ -111.887896, 40.757256 ], [ -111.887956, 40.757258 ], [ -111.888316, 40.757252 ], [ -111.888508, 40.757221 ], [ -111.888648, 40.757134 ], [ -111.889342, 40.756644 ], [ -111.892341, 40.754471 ], [ -111.892439, 40.754394 ], [ -111.895165, 40.752288 ], [ -111.895391, 40.752117 ], [ -111.898003, 40.750116 ], [ -111.898105, 40.750031 ], [ -111.898119, 40.749804 ] ] ] } },
{ "type": "Feature", "properties": { "group_index": 0, "value": 600.0, "center": [ -111.88815445358179, 40.76068179791353 ], "point_id": 15 }, "geometry": { "type": "Polygon", "coordinates": [ [ [ -111.897968, 40.760532 ], [ -111.89786, 40.760401 ], [ -111.897753, 40.760312 ], [ -111.89554, 40.758452 ], [ -111.895142, 40.758143 ], [ -111.893189, 40.756603 ], [ -111.889222, 40.753794 ], [ -111.888326, 40.753186 ], [ -111.887966, 40.753189 ], [ -111.885398, 40.754479 ], [ -111.883306, 40.755821 ], [ -111.881833, 40.756961 ], [ -111.881207, 40.757439 ], [ -111.880315, 40.758148 ], [ -111.879932, 40.75846 ], [ -111.878439, 40.760387 ], [ -111.878344, 40.760574 ], [ -111.878343, 40.760934 ], [ -111.878428, 40.761008 ], [ -111.881119, 40.763287 ], [ -111.883942, 40.765344 ], [ -111.885273, 40.766355 ], [ -111.888015, 40.768281 ], [ -111.888025, 40.768281 ], [ -111.888427, 40.768166 ], [ -111.891234, 40.766201 ], [ -111.892702, 40.765104 ], [ -111.89512, 40.763162 ], [ -111.897969, 40.760892 ], [ -111.897968, 40.760532 ] ] ] } },
{ "type": "Feature", "properties": { "group_index": 0, "value": 600.0, "center": [ -111.88820439448949, 40.771545246344125 ], "point_id": 15 }, "geometry": { "type": "Polygon", "coordinates": [ [ [ -111.898049, 40.771404 ], [ -111.898036, 40.771283 ], [ -111.897969, 40.771185 ], [ -111.895179, 40.768364 ], [ -111.892699, 40.766855 ], [ -111.890044, 40.764899 ], [ -111.888526, 40.764101 ], [ -111.888335, 40.764053 ], [ -111.887975, 40.764051 ], [ -111.887057, 40.764673 ], [ -111.886625, 40.764969 ], [ -111.885239, 40.765937 ], [ -111.884055, 40.766832 ], [ -111.881188, 40.768928 ], [ -111.879611, 40.770382 ], [ -111.879507, 40.770478 ], [ -111.878476, 40.771422 ], [ -111.878409, 40.771527 ], [ -111.878409, 40.771887 ], [ -111.878431, 40.771981 ], [ -111.880597, 40.774263 ], [ -111.884863, 40.778175 ], [ -111.88497, 40.778209 ], [ -111.885318, 40.7783 ], [ -111.886252, 40.778369 ], [ -111.890163, 40.778272 ], [ -111.894373, 40.775662 ], [ -111.898052, 40.771764 ], [ -111.898049, 40.771404 ] ] ] } },
{ "type": "Feature", "properties": { "group_index": 0, "value": 600.0, "center": [ -111.90517421872916, 40.77158641434177 ], "point_id": 15 }, "geometry": { "type": "Polygon", "coordinates": [ [ [ -111.914874, 40.771501 ], [ -111.914748, 40.771237 ], [ -111.914657, 40.771152 ], [ -111.912487, 40.769107 ], [ -111.910394, 40.767727 ], [ -111.908621, 40.766752 ], [ -111.908229, 40.766534 ], [ -111.902794, 40.765991 ], [ -111.902742, 40.765991 ], [ -111.901331, 40.766841 ], [ -111.899727, 40.767917 ], [ -111.899427, 40.768142 ], [ -111.899292, 40.768244 ], [ -111.895722, 40.771189 ], [ -111.895433, 40.771502 ], [ -111.895304, 40.771678 ], [ -111.895303, 40.771716 ], [ -111.895433, 40.771862 ], [ -111.900007, 40.775526 ], [ -111.9007, 40.776087 ], [ -111.902157, 40.777037 ], [ -111.902565, 40.777217 ], [ -111.902925, 40.777217 ], [ -111.908053, 40.776912 ], [ -111.908229, 40.776902 ], [ -111.908435, 40.776809 ], [ -111.909814, 40.775881 ], [ -111.914259, 40.772335 ], [ -111.914869, 40.771861 ], [ -111.914874, 40.771501 ] ] ] } },
{ "type": "Feature", "properties": { "group_index": 0, "value": 600.0, "center": [ -111.83856981808655, 40.76937574103481 ], "point_id": 19 }, "geometry": { "type": "Polygon", "coordinates": [ [ [ -111.846805, 40.76838 ], [ -111.846805, 40.76802 ], [ -111.846462, 40.766796 ], [ -111.846427, 40.766726 ], [ -111.846005, 40.766103 ], [ -111.845362, 40.765603 ], [ -111.84523, 40.765515 ], [ -111.845076, 40.765461 ], [ -111.844532, 40.7653 ], [ -111.844407, 40.765286 ], [ -111.839798, 40.764749 ], [ -111.839295, 40.764686 ], [ -111.836626, 40.764435 ], [ -111.836311, 40.764609 ], [ -111.834129, 40.766119 ], [ -111.832662, 40.767562 ], [ -111.832536, 40.768051 ], [ -111.832519, 40.768156 ], [ -111.833393, 40.769645 ], [ -111.836801, 40.773673 ], [ -111.837344, 40.773894 ], [ -111.838476, 40.77419 ], [ -111.840977, 40.774868 ], [ -111.843315, 40.775406 ], [ -111.843514, 40.775106 ], [ -111.846013, 40.771157 ], [ -111.846805, 40.76838 ] ] ] } },
{ "type": "Feature", "properties": { "group_index": 0, "value": 600.0, "center": [ -111.83564942486639, 40.762342996749524 ], "point_id": 19 }, "geometry": { "type": "Polygon", "coordinates": [ [ [ -111.844467, 40.759954 ], [ -111.844532, 40.7596 ], [ -111.844084, 40.758411 ], [ -111.843115, 40.758148 ], [ -111.837813, 40.755608 ], [ -111.837772, 40.755582 ], [ -111.837704, 40.755549 ], [ -111.837618, 40.75551 ], [ -111.836786, 40.75546 ], [ -111.834409, 40.755332 ], [ -111.834161, 40.755364 ], [ -111.833398, 40.755476 ], [ -111.833227, 40.755793 ], [ -111.830902, 40.760903 ], [ -111.830284, 40.761371 ], [ -111.828344, 40.762454 ], [ -111.828142, 40.762696 ], [ -111.828181, 40.762853 ], [ -111.829713, 40.766813 ], [ -111.829842, 40.766944 ], [ -111.830898, 40.767543 ], [ -111.834719, 40.769114 ], [ -111.8354, 40.769397 ], [ -111.83917, 40.76892 ], [ -111.840534, 40.768703 ], [ -111.840538, 40.768701 ], [ -111.840541, 40.768698 ], [ -111.840544, 40.768695 ], [ -111.843388, 40.764074 ], [ -111.844467, 40.759954 ] ] ] } },
{ "type": "Feature", "properties": { "group_index": 0, "value": 600.0, "center": [ -111.83373014565315, 40.75513257102114 ], "point_id": 19 }, "geometry": { "type": "Polygon", "coordinates": [ [ [ -111.841869, 40.758258 ], [ -111.841416, 40.753748 ], [ -111.841185, 40.753489 ], [ -111.841105, 40.753405 ], [ -111.837779, 40.750726 ], [ -111.83762, 40.750607 ], [ -111.834832, 40.750047 ], [ -111.830682, 40.747734 ], [ -111.83059, 40.747692 ], [ -111.83023, 40.747694 ], [ -111.828393, 40.749365 ], [ -111.826931, 40.750738 ], [ -111.825581, 40.754113 ], [ -111.825576, 40.754473 ], [ -111.826487, 40.757981 ], [ -111.827105, 40.760704 ], [ -111.827339, 40.760978 ], [ -111.827763, 40.761085 ], [ -111.828657, 40.761004 ], [ -111.8295, 40.760837 ], [ -111.835182, 40.762036 ], [ -111.835332, 40.762032 ], [ -111.835671, 40.761909 ], [ -111.838412, 40.760384 ], [ -111.841757, 40.758772 ], [ -111.841869, 40.758618 ], [ -111.841869, 40.758258 ] ] ] } },
{ "type": "Feature", "properties": { "group_index": 0, "value": 600.0, "center": [ -111.83042787448693, 40.74614446838086 ], "point_id": 19 }, "geometry": { "type": "Polygon", "coordinates": [ [ [ -111.83826, 40.746238 ], [ -111.83826, 40.745878 ], [ -111.837582, 40.743203 ], [ -111.837548, 40.743113 ], [ -111.836103, 40.741543 ], [ -111.832749, 40.739362 ], [ -111.830672, 40.738701 ], [ -111.830585, 40.738701 ], [ -111.825714, 40.739555 ], [ -111.825446, 40.739795 ], [ -111.825329, 40.739901 ], [ -111.825128, 40.740114 ], [ -111.824146, 40.741494 ], [ -111.823923, 40.741867 ], [ -111.823908, 40.741944 ], [ -111.824106, 40.742245 ], [ -111.826143, 40.746157 ], [ -111.824638, 40.749387 ], [ -111.82464, 40.749747 ], [ -111.827341, 40.751528 ], [ -111.831788, 40.753567 ], [ -111.832704, 40.753805 ], [ -111.832988, 40.753584 ], [ -111.835843, 40.750064 ], [ -111.836682, 40.748917 ], [ -111.837385, 40.747863 ], [ -111.838256, 40.746308 ], [ -111.83826, 40.746238 ] ] ] } },
{ "type": "Feature", "properties": { "group_index": 0, "value": 600.0, "center": [ -111.82502201665872, 40.73902560961584 ], "point_id": 19 }, "geometry": { "type": "Polygon", "coordinates": [ [ [ -111.833635, 40.738907 ], [ -111.833557, 40.738556 ], [ -111.831677, 40.736186 ], [ -111.82878, 40.734239 ], [ -111.826628, 40.732204 ], [ -111.826307, 40.732066 ], [ -111.82509, 40.731696 ], [ -111.82473, 40.7317 ], [ -111.819767, 40.732643 ], [ -111.819498, 40.732882 ], [ -111.819384, 40.732993 ], [ -111.818033, 40.734395 ], [ -111.817427, 40.736318 ], [ -111.816727, 40.738567 ], [ -111.816795, 40.738993 ], [ -111.818728, 40.742401 ], [ -111.819911, 40.74313 ], [ -111.821128, 40.743866 ], [ -111.821464, 40.743846 ], [ -111.826352, 40.743339 ], [ -111.829915, 40.745443 ], [ -111.830157, 40.745533 ], [ -111.830214, 40.745518 ], [ -111.830215, 40.745518 ], [ -111.830365, 40.745477 ], [ -111.830391, 40.745471 ], [ -111.830394, 40.74547 ], [ -111.830419, 40.745462 ], [ -111.830734, 40.745077 ], [ -111.833096, 40.741752 ], [ -111.833635, 40.738907 ] ] ] } },
{ "type": "Feature", "properties": { "group_index": 0, "value": 600.0, "center": [ -111.81771547163197, 40.73010464824978 ], "point_id": 19 }, "geometry": { "type": "Polygon", "coordinates": [ [ [ -111.825011, 40.733325 ], [ -111.824946, 40.731787 ], [ -111.824928, 40.731427 ], [ -111.823479, 40.727016 ], [ -111.8207, 40.72397 ], [ -111.815506, 40.723284 ], [ -111.812701, 40.722604 ], [ -111.812412, 40.72282 ], [ -111.810975, 40.725538 ], [ -111.811231, 40.726071 ], [ -111.813698, 40.731408 ], [ -111.813636, 40.73165 ], [ -111.813649, 40.733131 ], [ -111.815275, 40.735371 ], [ -111.816932, 40.735651 ], [ -111.821223, 40.736601 ], [ -111.822731, 40.736722 ], [ -111.822796, 40.736693 ], [ -111.822928, 40.736612 ], [ -111.823688, 40.735753 ], [ -111.825017, 40.733685 ], [ -111.825011, 40.733325 ] ] ] } },
{ "type": "Feature", "properties": { "group_index": 0, "value": 600.0, "center": [ -111.81205173318672, 40.72183408903125 ], "point_id": 19 }, "geometry": { "type": "Polygon", "coordinates": [ [ [ -111.82077, 40.722832 ], [ -111.820774, 40.722724 ], [ -111.820772, 40.7226 ], [ -111.820738, 40.722484 ], [ -111.818367, 40.718912 ], [ -111.818329, 40.718854 ], [ -111.8143, 40.716031 ], [ -111.813967, 40.716169 ], [ -111.812882, 40.716532 ], [ -111.811572, 40.716787 ], [ -111.80686, 40.715133 ], [ -111.806606, 40.715388 ], [ -111.805915, 40.717683 ], [ -111.805777, 40.720514 ], [ -111.806657, 40.724545 ], [ -111.806804, 40.724658 ], [ -111.80903, 40.726062 ], [ -111.812932, 40.727737 ], [ -111.814915, 40.729003 ], [ -111.815275, 40.729002 ], [ -111.81676, 40.728481 ], [ -111.818762, 40.726027 ], [ -111.818826, 40.72595 ], [ -111.820744, 40.72305 ], [ -111.82077, 40.722832 ] ] ] } },
{ "type": "Feature", "properties": { "group_index": 0, "value": 600.0, "center": [ -111.79510120814227, 40.6870770783624 ], "point_id": 19 }, "geometry": { "type": "Polygon", "coordinates": [ [ [ -111.804932, 40.686939 ], [ -111.804929, 40.686841 ], [ -111.803119, 40.684943 ], [ -111.801923, 40.684652 ], [ -111.798053, 40.680464 ], [ -111.797764, 40.68025 ], [ -111.79427, 40.680864 ], [ -111.79161, 40.681135 ], [ -111.790257, 40.681246 ], [ -111.788385, 40.68247 ], [ -111.788393, 40.68283 ], [ -111.788434, 40.684739 ], [ -111.78907, 40.689372 ], [ -111.791306, 40.690787 ], [ -111.795318, 40.693717 ], [ -111.795669, 40.693863 ], [ -111.795706, 40.693872 ], [ -111.79602, 40.693941 ], [ -111.800078, 40.691601 ], [ -111.802482, 40.689733 ], [ -111.804403, 40.688023 ], [ -111.804933, 40.687299 ], [ -111.804932, 40.686939 ] ] ] } },
{ "type": "Feature", "properties": { "group_index": 0, "value": 600.0, "center": [ -111.79292787030822, 40.70005776079551 ], "point_id": 19 }, "geometry": { "type": "Polygon", "coordinates": [ [ [ -111.802438, 40.699552 ], [ -111.801518, 40.69856 ], [ -111.798516, 40.696208 ], [ -111.796023, 40.693927 ], [ -111.795929, 40.693844 ], [ -111.795577, 40.693766 ], [ -111.794643, 40.694138 ], [ -111.793148, 40.694862 ], [ -111.791499, 40.695837 ], [ -111.790072, 40.697076 ], [ -111.78988, 40.69738 ], [ -111.788318, 40.700703 ], [ -111.788325, 40.701021 ], [ -111.792135, 40.705369 ], [ -111.792771, 40.70582 ], [ -111.795275, 40.706628 ], [ -111.795462, 40.706618 ], [ -111.795806, 40.706511 ], [ -111.799577, 40.702076 ], [ -111.799748, 40.701973 ], [ -111.800138, 40.70172 ], [ -111.800959, 40.701134 ], [ -111.802251, 40.700163 ], [ -111.802308, 40.7001 ], [ -111.802438, 40.699912 ], [ -111.802438, 40.699552 ] ] ] } },
{ "type": "Feature", "properties": { "group_index": 0, "value": 600.0, "center": [ -111.85690263790666, 40.378335931970426 ], "point_id": 0 }, "geometry": { "type": "Polygon", "coordinates": [ [ [ -111.866036, 40.377411 ], [ -111.865059, 40.376536 ], [ -111.860766, 40.373248 ], [ -111.857477, 40.37119 ], [ -111.857117, 40.371194 ], [ -111.852547, 40.373539 ], [ -111.85126, 40.374106 ], [ -111.849273, 40.375484 ], [ -111.847516, 40.376814 ], [ -111.847514, 40.377174 ], [ -111.849408, 40.379885 ], [ -111.8495, 40.379972 ], [ -111.853724, 40.382094 ], [ -111.855272, 40.384502 ], [ -111.856345, 40.385481 ], [ -111.856615, 40.385535 ], [ -111.856879, 40.385541 ], [ -111.856916, 40.385542 ], [ -111.857146, 40.385477 ], [ -111.860852, 40.383753 ], [ -111.864868, 40.380009 ], [ -111.864927, 40.379956 ], [ -111.866034, 40.377771 ], [ -111.866036, 40.377411 ] ] ] } },
{ "type": "Feature", "properties": { "group_index": 0, "value": 600.0, "center": [ -111.88653308180348, 40.37860312722464 ], "point_id": 0 }, "geometry": { "type": "Polygon", "coordinates": [ [ [ -111.895375, 40.380339 ], [ -111.895356, 40.376265 ], [ -111.895357, 40.375905 ], [ -111.893378, 40.375902 ], [ -111.892382, 40.375982 ], [ -111.88861, 40.372046 ], [ -111.886691, 40.371118 ], [ -111.886589, 40.371081 ], [ -111.886229, 40.37108 ], [ -111.884779, 40.372231 ], [ -111.883594, 40.37306 ], [ -111.882637, 40.373836 ], [ -111.878049, 40.375762 ], [ -111.877854, 40.376025 ], [ -111.877852, 40.376385 ], [ -111.878216, 40.379932 ], [ -111.878941, 40.381521 ], [ -111.883642, 40.384068 ], [ -111.884734, 40.384998 ], [ -111.886327, 40.386098 ], [ -111.886687, 40.386097 ], [ -111.888039, 40.384766 ], [ -111.891025, 40.382129 ], [ -111.895369, 40.380699 ], [ -111.895375, 40.380339 ] ] ] } },
{ "type": "Feature", "properties": { "group_index": 0, "value": 600.0, "center": [ -111.91633999243746, 40.378821514512104 ], "point_id": 0 }, "geometry": { "type": "Polygon", "coordinates": [ [ [ -111.924557, 40.376721 ], [ -111.924415, 40.376541 ], [ -111.924274, 40.37636 ], [ -111.924202, 40.376268 ], [ -111.923817, 40.375779 ], [ -111.923433, 40.375291 ], [ -111.919613, 40.373108 ], [ -111.919161, 40.372849 ], [ -111.91659, 40.371351 ], [ -111.91623, 40.371355 ], [ -111.915933, 40.371492 ], [ -111.915716, 40.371598 ], [ -111.914202, 40.372504 ], [ -111.913943, 40.372667 ], [ -111.911724, 40.374755 ], [ -111.911689, 40.375001 ], [ -111.911724, 40.375115 ], [ -111.912155, 40.376277 ], [ -111.912129, 40.382204 ], [ -111.911991, 40.382304 ], [ -111.911788, 40.382981 ], [ -111.911788, 40.383015 ], [ -111.911791, 40.383111 ], [ -111.911791, 40.38312 ], [ -111.911945, 40.38328 ], [ -111.912791, 40.384125 ], [ -111.915985, 40.386338 ], [ -111.916435, 40.38632 ], [ -111.91854, 40.38521 ], [ -111.922478, 40.383506 ], [ -111.923343, 40.381846 ], [ -111.924557, 40.376721 ] ] ] } },
{ "type": "Feature", "properties": { "group_index": 0, "value": 600.0, "center": [ -111.93548922206413, 40.376664649356435 ], "point_id": 0 }, "geometry": { "type": "Polygon", "coordinates": [ [ [ -111.939965, 40.374038 ], [ -111.939965, 40.373611 ], [ -111.939965, 40.373183 ], [ -111.939872, 40.373053 ], [ -111.938954, 40.371983 ], [ -111.935965, 40.369362 ], [ -111.935649, 40.369168 ], [ -111.935289, 40.369173 ], [ -111.934903, 40.369294 ], [ -111.934043, 40.370336 ], [ -111.933455, 40.372887 ], [ -111.933416, 40.373123 ], [ -111.932996, 40.376031 ], [ -111.935309, 40.379607 ], [ -111.93421, 40.383538 ], [ -111.93425, 40.383896 ], [ -111.935227, 40.384154 ], [ -111.935777, 40.384208 ], [ -111.937613, 40.38321 ], [ -111.939468, 40.379747 ], [ -111.93999, 40.378803 ], [ -111.939965, 40.374038 ] ] ] } },
{ "type": "Feature", "properties": { "group_index": 0, "value": 600.0, "center": [ -112.00418695148109, 40.35517008397292 ], "point_id": 0 }, "geometry": { "type": "Polygon", "coordinates": [ [ [ -112.011066, 40.357788 ], [ -112.011076, 40.35768 ], [ -112.011065, 40.357219 ], [ -112.008769, 40.354984 ], [ -112.005237, 40.350486 ], [ -112.004251, 40.349053 ], [ -112.003765, 40.348752 ], [ -112.003414, 40.348672 ], [ -112.00039, 40.349445 ], [ -111.999699, 40.350395 ], [ -111.999502, 40.350695 ], [ -111.996915, 40.354952 ], [ -111.99694, 40.355311 ], [ -111.997569, 40.355675 ], [ -112.002279, 40.359369 ], [ -112.002377, 40.359624 ], [ -112.002524, 40.359924 ], [ -112.002665, 40.360208 ], [ -112.00289, 40.360357 ], [ -112.005917, 40.361493 ], [ -112.006276, 40.361512 ], [ -112.008319, 40.360401 ], [ -112.010758, 40.35897 ], [ -112.011066, 40.357788 ] ] ] } },
{ "type": "Feature", "properties": { "group_index": 0, "value": 600.0, "center": [ -112.0187299458984, 40.305619546409766 ], "point_id": 0 }, "geometry": { "type": "Polygon", "coordinates": [ [ [ -112.027516, 40.308463 ], [ -112.026942, 40.302687 ], [ -112.026747, 40.302384 ], [ -112.022695, 40.300619 ], [ -112.019221, 40.300659 ], [ -112.015683, 40.300237 ], [ -112.015323, 40.300244 ], [ -112.015089, 40.300394 ], [ -112.015023, 40.300465 ], [ -112.014456, 40.301081 ], [ -112.011287, 40.305455 ], [ -112.010318, 40.305759 ], [ -112.010266, 40.306115 ], [ -112.013148, 40.310229 ], [ -112.014149, 40.310796 ], [ -112.014591, 40.310859 ], [ -112.015234, 40.310649 ], [ -112.020912, 40.309061 ], [ -112.021818, 40.309449 ], [ -112.026206, 40.30996 ], [ -112.027193, 40.309605 ], [ -112.027367, 40.309291 ], [ -112.027516, 40.308463 ] ] ] } },
{ "type": "Feature", "properties": { "group_index": 0, "value": 600.0, "center": [ -111.97658649243337, 40.36783349117747 ], "point_id": 0 }, "geometry": { "type": "Polygon", "coordinates": [ [ [ -111.983539, 40.367325 ], [ -111.983584, 40.366968 ], [ -111.98266, 40.365327 ], [ -111.980718, 40.363006 ], [ -111.980482, 40.362734 ], [ -111.977318, 40.360259 ], [ -111.975832, 40.360431 ], [ -111.973654, 40.36224 ], [ -111.96887, 40.365546 ], [ -111.968782, 40.365633 ], [ -111.968651, 40.365935 ], [ -111.968356, 40.369561 ], [ -111.969475, 40.371861 ], [ -111.969508, 40.371911 ], [ -111.969745, 40.372181 ], [ -111.970834, 40.37329 ], [ -111.973897, 40.375084 ], [ -111.974288, 40.375128 ], [ -111.97477, 40.375048 ], [ -111.974943, 40.375004 ], [ -111.975292, 40.374916 ], [ -111.976022, 40.374223 ], [ -111.978184, 40.371238 ], [ -111.981905, 40.371482 ], [ -111.982265, 40.371471 ], [ -111.982363, 40.371439 ], [ -111.983539, 40.367325 ] ] ] } },
{ "type": "Feature", "properties": { "group_index": 0, "value": 600.0, "center": [ -112.01591541877663, 40.333172004091836 ], "point_id": 0 }, "geometry": { "type": "Polygon", "coordinates": [ [ [ -112.021006, 40.335098 ], [ -112.021406, 40.332809 ], [ -112.02139, 40.329952 ], [ -112.02042, 40.327856 ], [ -112.020184, 40.327584 ], [ -112.014399, 40.327215 ], [ -112.013973, 40.326989 ], [ -112.013613, 40.326994 ], [ -112.013385, 40.327237 ], [ -112.013386, 40.327359 ], [ -112.012037, 40.333156 ], [ -112.011095, 40.33461 ], [ -112.010464, 40.335488 ], [ -112.009386, 40.337482 ], [ -112.009773, 40.337793 ], [ -112.010085, 40.337973 ], [ -112.013312, 40.338083 ], [ -112.013404, 40.338083 ], [ -112.018147, 40.337875 ], [ -112.020667, 40.335816 ], [ -112.020883, 40.335624 ], [ -112.021006, 40.335098 ] ] ] } },
{ "type": "Feature", "properties": { "group_index": 0, "value": 600.0, "center": [ -111.74738606842455, 40.03131285112341 ], "point_id": 0 }, "geometry": { "type": "Polygon", "coordinates": [ [ [ -111.75714, 40.031248 ], [ -111.755987, 40.029814 ], [ -111.755911, 40.029735 ], [ -111.755706, 40.029584 ], [ -111.751539, 40.026557 ], [ -111.749205, 40.024327 ], [ -111.749078, 40.024202 ], [ -111.747419, 40.023525 ], [ -111.747059, 40.023535 ], [ -111.743187, 40.026609 ], [ -111.739479, 40.029644 ], [ -111.737635, 40.03114 ], [ -111.737633, 40.0315 ], [ -111.738865, 40.032452 ], [ -111.739985, 40.033322 ], [ -111.742238, 40.035079 ], [ -111.744809, 40.037108 ], [ -111.745286, 40.037419 ], [ -111.745749, 40.037723 ], [ -111.745758, 40.037723 ], [ -111.746025, 40.037555 ], [ -111.746576, 40.03709 ], [ -111.748966, 40.035246 ], [ -111.75223, 40.034645 ], [ -111.752387, 40.034633 ], [ -111.75275, 40.034538 ], [ -111.757135, 40.031608 ], [ -111.75714, 40.031248 ] ] ] } },
{ "type": "Feature", "properties": { "group_index": 0, "value": 600.0, "center": [ -111.73778728530641, 40.031320085441926 ], "point_id": 0 }, "geometry": { "type": "Polygon", "coordinates": [ [ [ -111.747564, 40.03121 ], [ -111.747563, 40.03116 ], [ -111.747405, 40.031034 ], [ -111.745702, 40.02964 ], [ -111.744037, 40.028384 ], [ -111.741517, 40.025302 ], [ -111.741177, 40.025181 ], [ -111.737769, 40.026297 ], [ -111.734321, 40.026645 ], [ -111.734175, 40.026651 ], [ -111.731357, 40.028444 ], [ -111.731204, 40.028558 ], [ -111.727894, 40.031088 ], [ -111.727888, 40.031448 ], [ -111.731186, 40.035105 ], [ -111.731274, 40.035186 ], [ -111.733617, 40.036937 ], [ -111.737646, 40.038782 ], [ -111.738006, 40.038782 ], [ -111.738478, 40.038466 ], [ -111.740233, 40.037236 ], [ -111.740636, 40.036948 ], [ -111.745127, 40.033438 ], [ -111.747419, 40.031679 ], [ -111.747562, 40.03152 ], [ -111.747564, 40.03121 ] ] ] } },
{ "type": "Feature", "properties": { "group_index": 0, "value": 600.0, "center": [ -111.7338475897341, 40.03827859958601 ], "point_id": 0 }, "geometry": { "type": "Polygon", "coordinates": [ [ [ -111.743697, 40.0382 ], [ -111.743697, 40.038187 ], [ -111.743637, 40.038108 ], [ -111.743533, 40.038018 ], [ -111.741949, 40.036732 ], [ -111.739915, 40.035235 ], [ -111.73617, 40.031232 ], [ -111.735885, 40.031143 ], [ -111.734236, 40.031128 ], [ -111.734056, 40.031127 ], [ -111.733875, 40.031127 ], [ -111.733875, 40.031127 ], [ -111.733695, 40.031126 ], [ -111.733515, 40.031126 ], [ -111.73231, 40.031799 ], [ -111.732043, 40.031954 ], [ -111.730577, 40.03292 ], [ -111.726049, 40.036538 ], [ -111.725976, 40.03956 ], [ -111.725975, 40.03992 ], [ -111.727459, 40.041402 ], [ -111.729205, 40.042762 ], [ -111.730439, 40.043709 ], [ -111.730517, 40.04377 ], [ -111.732053, 40.044817 ], [ -111.732084, 40.044836 ], [ -111.733634, 40.045706 ], [ -111.733994, 40.0457 ], [ -111.735489, 40.045349 ], [ -111.738507, 40.04264 ], [ -111.741687, 40.039995 ], [ -111.743636, 40.038468 ], [ -111.743697, 40.0382 ] ] ] } },
{ "type": "Feature", "properties": { "group_index": 0, "value": 600.0, "center": [ -111.73382504735727, 40.044542746648986 ], "point_id": 0 }, "geometry": { "type": "Polygon", "coordinates": [ [ [ -111.742528, 40.04355 ], [ -111.741686, 40.042506 ], [ -111.737308, 40.039508 ], [ -111.735511, 40.038165 ], [ -111.734164, 40.037195 ], [ -111.734069, 40.037141 ], [ -111.733709, 40.037134 ], [ -111.730927, 40.038848 ], [ -111.729864, 40.039581 ], [ -111.729753, 40.039666 ], [ -111.726554, 40.042327 ], [ -111.725231, 40.043387 ], [ -111.724206, 40.044246 ], [ -111.724135, 40.044334 ], [ -111.724133, 40.044694 ], [ -111.72419, 40.044779 ], [ -111.725474, 40.045891 ], [ -111.729088, 40.048831 ], [ -111.731772, 40.050691 ], [ -111.731965, 40.050803 ], [ -111.732087, 40.050865 ], [ -111.732204, 40.050918 ], [ -111.734552, 40.051642 ], [ -111.734705, 40.051644 ], [ -111.738474, 40.048837 ], [ -111.74055, 40.047114 ], [ -111.741972, 40.045851 ], [ -111.743251, 40.044589 ], [ -111.742528, 40.04355 ] ] ] } },
{ "type": "Feature", "properties": { "group_index": 0, "value": 600.0, "center": [ -111.7234040263097, 40.04451079058743 ], "point_id": 0 }, "geometry": { "type": "Polygon", "coordinates": [ [ [ -111.733189, 40.04436 ], [ -111.733089, 40.044229 ], [ -111.731988, 40.043346 ], [ -111.73069, 40.042324 ], [ -111.727064, 40.039563 ], [ -111.725592, 40.038468 ], [ -111.723656, 40.037035 ], [ -111.723296, 40.037038 ], [ -111.721307, 40.038457 ], [ -111.71981, 40.039516 ], [ -111.715438, 40.042699 ], [ -111.713633, 40.0446 ], [ -111.713631, 40.04471 ], [ -111.713692, 40.045064 ], [ -111.716694, 40.047072 ], [ -111.718775, 40.048737 ], [ -111.721958, 40.051225 ], [ -111.723211, 40.051989 ], [ -111.723571, 40.051984 ], [ -111.727876, 40.048929 ], [ -111.731744, 40.045919 ], [ -111.731842, 40.045841 ], [ -111.7323, 40.04547 ], [ -111.733077, 40.044821 ], [ -111.733191, 40.04472 ], [ -111.733189, 40.04436 ] ] ] } },
{ "type": "Feature", "properties": { "group_index": 0, "value": 600.0, "center": [ -111.70621616724627, 40.0461676222007 ], "point_id": 0 }, "geometry": { "type": "Polygon", "coordinates": [ [ [ -111.715759, 40.044388 ], [ -111.715579, 40.044283 ], [ -111.712909, 40.042701 ], [ -111.709471, 40.040891 ], [ -111.704508, 40.040006 ], [ -111.704148, 40.040005 ], [ -111.701395, 40.042496 ], [ -111.701391, 40.042856 ], [ -111.697947, 40.047378 ], [ -111.696625, 40.047597 ], [ -111.696683, 40.047952 ], [ -111.699555, 40.047829 ], [ -111.702594, 40.046785 ], [ -111.706997, 40.046928 ], [ -111.711305, 40.04879 ], [ -111.713631, 40.047053 ], [ -111.715797, 40.044746 ], [ -111.715759, 40.044388 ] ] ] } },
{ "type": "Feature", "properties": { "group_index": 0, "value": 600.0, "center": [ -111.6933315177361, 40.04832112771239 ], "point_id": 0 }, "geometry": { "type": "Polygon", "coordinates": [ [ [ -111.702867, 40.046557 ], [ -111.699511, 40.043968 ], [ -111.694622, 40.041503 ], [ -111.694262, 40.041503 ], [ -111.691837, 40.042184 ], [ -111.691443, 40.042442 ], [ -111.691441, 40.042802 ], [ -111.691888, 40.04531 ], [ -111.691866, 40.045568 ], [ -111.691731, 40.046397 ], [ -111.687002, 40.049317 ], [ -111.684696, 40.04928 ], [ -111.684336, 40.049269 ], [ -111.68386, 40.049755 ], [ -111.683919, 40.05011 ], [ -111.684062, 40.050488 ], [ -111.684243, 40.0508 ], [ -111.684383, 40.050815 ], [ -111.684423, 40.05079 ], [ -111.685361, 40.050267 ], [ -111.689815, 40.053451 ], [ -111.689918, 40.053796 ], [ -111.693403, 40.054967 ], [ -111.695313, 40.051888 ], [ -111.699555, 40.047829 ], [ -111.702624, 40.046963 ], [ -111.702927, 40.046912 ], [ -111.702867, 40.046557 ] ] ] } },
{ "type": "Feature", "properties": { "group_index": 0, "value": 600.0, "center": [ -111.68579397234122, 40.049767390665 ], "point_id": 0 }, "geometry": { "type": "Polygon", "coordinates": [ [ [ -111.695262, 40.04782 ], [ -111.694571, 40.046695 ], [ -111.69221, 40.045693 ], [ -111.691855, 40.045636 ], [ -111.688909, 40.048892 ], [ -111.68477, 40.044928 ], [ -111.684778, 40.044152 ], [ -111.684785, 40.043377 ], [ -111.684425, 40.043373 ], [ -111.681596, 40.046804 ], [ -111.679357, 40.047356 ], [ -111.678528, 40.047929 ], [ -111.676185, 40.049665 ], [ -111.676127, 40.049738 ], [ -111.676111, 40.050098 ], [ -111.677781, 40.054015 ], [ -111.677919, 40.054267 ], [ -111.67799, 40.05436 ], [ -111.679134, 40.054846 ], [ -111.68458, 40.055644 ], [ -111.684934, 40.05558 ], [ -111.686172, 40.054908 ], [ -111.68607, 40.054563 ], [ -111.686847, 40.049527 ], [ -111.688968, 40.049247 ], [ -111.691997, 40.050945 ], [ -111.692347, 40.051468 ], [ -111.692698, 40.051991 ], [ -111.692997, 40.05179 ], [ -111.694378, 40.049973 ], [ -111.69532, 40.048175 ], [ -111.695262, 40.04782 ] ] ] } },
{ "type": "Feature", "properties": { "group_index": 0, "value": 600.0, "center": [ -111.67335313074179, 40.05701721841888 ], "point_id": 0 }, "geometry": { "type": "Polygon", "coordinates": [ [ [ -111.681896, 40.055 ], [ -111.681406, 40.052295 ], [ -111.68123, 40.051981 ], [ -111.678131, 40.051244 ], [ -111.673875, 40.049554 ], [ -111.67372, 40.049559 ], [ -111.673598, 40.04958 ], [ -111.672938, 40.049695 ], [ -111.671355, 40.050822 ], [ -111.66672, 40.054346 ], [ -111.664751, 40.055843 ], [ -111.664448, 40.058901 ], [ -111.664483, 40.05926 ], [ -111.667328, 40.062586 ], [ -111.667635, 40.062774 ], [ -111.672772, 40.064498 ], [ -111.673034, 40.064509 ], [ -111.673132, 40.064511 ], [ -111.673394, 40.06451 ], [ -111.674393, 40.063785 ], [ -111.678647, 40.060995 ], [ -111.678645, 40.060635 ], [ -111.681308, 40.055333 ], [ -111.681879, 40.055359 ], [ -111.681896, 40.055 ] ] ] } },
{ "type": "Feature", "properties": { "group_index": 0, "value": 600.0, "center": [ -111.66300520782987, 40.071058523661144 ], "point_id": 0 }, "geometry": { "type": "Polygon", "coordinates": [ [ [ -111.668808, 40.066151 ], [ -111.666983, 40.064287 ], [ -111.666665, 40.064119 ], [ -111.663068, 40.065558 ], [ -111.660021, 40.069172 ], [ -111.654545, 40.070251 ], [ -111.654185, 40.070256 ], [ -111.653212, 40.070976 ], [ -111.653215, 40.071336 ], [ -111.654208, 40.072291 ], [ -111.658724, 40.074601 ], [ -111.659585, 40.07798 ], [ -111.659923, 40.078106 ], [ -111.664227, 40.077388 ], [ -111.664738, 40.07695 ], [ -111.666281, 40.071272 ], [ -111.667249, 40.069514 ], [ -111.669013, 40.067157 ], [ -111.668808, 40.066151 ] ] ] } },
{ "type": "Feature", "properties": { "group_index": 0, "value": 600.0, "center": [ -111.6556830314652, 40.0917213027255 ], "point_id": 0 }, "geometry": { "type": "Polygon", "coordinates": [ [ [ -111.660893, 40.091244 ], [ -111.660695, 40.090943 ], [ -111.657121, 40.089575 ], [ -111.656855, 40.085792 ], [ -111.65714, 40.085239 ], [ -111.657301, 40.084896 ], [ -111.657465, 40.084548 ], [ -111.657676, 40.084058 ], [ -111.657887, 40.083568 ], [ -111.657556, 40.083426 ], [ -111.657162, 40.083885 ], [ -111.65681, 40.084632 ], [ -111.656366, 40.085549 ], [ -111.652543, 40.089834 ], [ -111.652336, 40.090129 ], [ -111.651259, 40.093317 ], [ -111.652989, 40.09778 ], [ -111.65514, 40.0992 ], [ -111.655499, 40.099217 ], [ -111.656751, 40.098704 ], [ -111.659916, 40.0971 ], [ -111.660893, 40.091244 ] ] ] } },
{ "type": "Feature", "properties": { "group_index": 0, "value": 600.0, "center": [ -111.65522951416376, 40.102046779479174 ], "point_id": 0 }, "geometry": { "type": "Polygon", "coordinates": [ [ [ -111.66319, 40.101863 ], [ -111.66294, 40.100378 ], [ -111.6629, 40.100285 ], [ -111.662251, 40.099442 ], [ -111.659967, 40.097379 ], [ -111.655699, 40.094564 ], [ -111.655306, 40.094504 ], [ -111.653107, 40.094857 ], [ -111.652837, 40.095095 ], [ -111.651, 40.097067 ], [ -111.649869, 40.10221 ], [ -111.649867, 40.102357 ], [ -111.649896, 40.105902 ], [ -111.650033, 40.106023 ], [ -111.650189, 40.106145 ], [ -111.653283, 40.108638 ], [ -111.653384, 40.108717 ], [ -111.654619, 40.109513 ], [ -111.654979, 40.109521 ], [ -111.655268, 40.109385 ], [ -111.658247, 40.107679 ], [ -111.658542, 40.107473 ], [ -111.659607, 40.106505 ], [ -111.659678, 40.106419 ], [ -111.663179, 40.102156 ], [ -111.66319, 40.101863 ] ] ] } },
{ "type": "Feature", "properties": { "group_index": 0, "value": 600.0, "center": [ -111.90247993072303, 40.526793016090906 ], "point_id": 0 }, "geometry": { "type": "Polygon", "coordinates": [ [ [ -111.912295, 40.526582 ], [ -111.912284, 40.526438 ], [ -111.910378, 40.524925 ], [ -111.908675, 40.523597 ], [ -111.907689, 40.522812 ], [ -111.906689, 40.522143 ], [ -111.906331, 40.522187 ], [ -111.903188, 40.524538 ], [ -111.900645, 40.524895 ], [ -111.900334, 40.524891 ], [ -111.899292, 40.524807 ], [ -111.898987, 40.524774 ], [ -111.8944, 40.52481 ], [ -111.89404, 40.524808 ], [ -111.892449, 40.526396 ], [ -111.892447, 40.526756 ], [ -111.892623, 40.527038 ], [ -111.892736, 40.527162 ], [ -111.893495, 40.527851 ], [ -111.895803, 40.529452 ], [ -111.896018, 40.529566 ], [ -111.899575, 40.530675 ], [ -111.900108, 40.530694 ], [ -111.900642, 40.530714 ], [ -111.902342, 40.529781 ], [ -111.906684, 40.531005 ], [ -111.907044, 40.531008 ], [ -111.909563, 40.530521 ], [ -111.911162, 40.528435 ], [ -111.912205, 40.527082 ], [ -111.912306, 40.526941 ], [ -111.912295, 40.526582 ] ] ] } },
{ "type": "Feature", "properties": { "group_index": 0, "value": 600.0, "center": [ -111.89080532598805, 40.566028738422425 ], "point_id": 0 }, "geometry": { "type": "Polygon", "coordinates": [ [ [ -111.899232, 40.566238 ], [ -111.899182, 40.565987 ], [ -111.898793, 40.564077 ], [ -111.898575, 40.563501 ], [ -111.897988, 40.562851 ], [ -111.897857, 40.562773 ], [ -111.893549, 40.560563 ], [ -111.892709, 40.559513 ], [ -111.890897, 40.558499 ], [ -111.890874, 40.5585 ], [ -111.890417, 40.55854 ], [ -111.886882, 40.560257 ], [ -111.883148, 40.563461 ], [ -111.882476, 40.564184 ], [ -111.882657, 40.566795 ], [ -111.885128, 40.571156 ], [ -111.890417, 40.573367 ], [ -111.890572, 40.573428 ], [ -111.890747, 40.573456 ], [ -111.891107, 40.573454 ], [ -111.891179, 40.573433 ], [ -111.894008, 40.571426 ], [ -111.895884, 40.570139 ], [ -111.896351, 40.569827 ], [ -111.899227, 40.566466 ], [ -111.899232, 40.566238 ] ] ] } }
]
}
