{
"type": "FeatureCollection",
"name": "Community_Centers_iso_driving-car_10min",
"crs": { "type": "name", "properties": { "name": "urn:ogc:def:crs:OGC:1.3:CRS84" } },
"features": [
{ "type": "Feature", "properties": { "group_index": 0, "value": 600.0, "center": [ -112.0316002538786, 41.17841079088537 ], "point_id": 1 }, "geometry": { "type": "Polygon", "coordinates": [ [ [ -112.09922, 41.188998 ], [ -112.096902, 41.185217 ], [ -112.099092, 41.179579 ], [ -112.100458, 41.178469 ], [ -112.101131, 41.177526 ], [ -112.102138, 41.173122 ], [ -112.104811, 41.16569 ], [ -112.10482, 41.162544 ], [ -112.10482, 41.16209 ], [ -112.103007, 41.162086 ], [ -112.100899, 41.162083 ], [ -112.098792, 41.162079 ], [ -112.092995, 41.160409 ], [ -112.09281, 41.160341 ], [ -112.087195, 41.153342 ], [ -112.087197, 41.153168 ], [ -112.086708, 41.150482 ], [ -112.085513, 41.149069 ], [ -112.08441, 41.148018 ], [ -112.081199, 41.145329 ], [ -112.076545, 41.144433 ], [ -112.070594, 41.139418 ], [ -112.069442, 41.138083 ], [ -112.064673, 41.136731 ], [ -112.058436, 41.130843 ], [ -112.056665, 41.130154 ], [ -112.053066, 41.130187 ], [ -112.051638, 41.130819 ], [ -112.045513, 41.132072 ], [ -112.040241, 41.125324 ], [ -112.040238, 41.125158 ], [ -112.03881, 41.123554 ], [ -112.0349, 41.116262 ], [ -112.027227, 41.112717 ], [ -112.026216, 41.11202 ], [ -112.025765, 41.112018 ], [ -112.025748, 41.112018 ], [ -112.02541, 41.112021 ], [ -112.024308, 41.113627 ], [ -112.015712, 41.113383 ], [ -112.01601, 41.104427 ], [ -112.016012, 41.104424 ], [ -112.016562, 41.103709 ], [ -112.016563, 41.103692 ], [ -112.014823, 41.101763 ], [ -112.014204, 41.101377 ], [ -112.006962, 41.097482 ], [ -112.00689, 41.097482 ], [ -111.99855, 41.094715 ], [ -111.994843, 41.089316 ], [ -111.993071, 41.087431 ], [ -111.987992, 41.083282 ], [ -111.985342, 41.085718 ], [ -111.987275, 41.08782 ], [ -111.989208, 41.089923 ], [ -111.991408, 41.092315 ], [ -111.993435, 41.094488 ], [ -111.995472, 41.103051 ], [ -111.995471, 41.103221 ], [ -111.996252, 41.105338 ], [ -111.996636, 41.105338 ], [ -112.002906, 41.106589 ], [ -112.008016, 41.110259 ], [ -112.009441, 41.111839 ], [ -112.011471, 41.114065 ], [ -112.013046, 41.115801 ], [ -112.01763, 41.12295 ], [ -112.019442, 41.123943 ], [ -112.023348, 41.130777 ], [ -112.023355, 41.134184 ], [ -112.023361, 41.137592 ], [ -112.023367, 41.141 ], [ -112.023373, 41.144407 ], [ -112.02338, 41.147774 ], [ -112.020558, 41.15437 ], [ -112.013934, 41.158293 ], [ -112.006104, 41.156735 ], [ -112.005379, 41.156241 ], [ -112.004884, 41.15597 ], [ -111.998046, 41.152906 ], [ -111.989919, 41.154225 ], [ -111.987767, 41.153205 ], [ -111.986494, 41.152726 ], [ -111.985292, 41.152321 ], [ -111.98325, 41.151785 ], [ -111.980822, 41.1513 ], [ -111.978458, 41.150829 ], [ -111.970735, 41.146495 ], [ -111.96956, 41.145359 ], [ -111.961397, 41.143401 ], [ -111.959337, 41.146353 ], [ -111.960461, 41.147137 ], [ -111.96169, 41.147957 ], [ -111.962506, 41.148462 ], [ -111.964185, 41.149426 ], [ -111.965637, 41.150179 ], [ -111.967092, 41.150878 ], [ -111.969468, 41.15189 ], [ -111.971751, 41.152728 ], [ -111.973336, 41.153219 ], [ -111.974609, 41.153608 ], [ -111.977623, 41.15433 ], [ -111.980116, 41.15483 ], [ -111.982544, 41.155315 ], [ -111.984372, 41.155802 ], [ -111.985334, 41.156134 ], [ -111.986497, 41.156574 ], [ -111.988944, 41.157825 ], [ -111.989936, 41.158451 ], [ -111.990908, 41.159173 ], [ -111.991917, 41.160016 ], [ -111.993689, 41.161983 ], [ -111.994143, 41.162638 ], [ -111.995379, 41.164606 ], [ -111.995976, 41.165375 ], [ -111.995957, 41.174361 ], [ -111.993915, 41.177556 ], [ -111.99157, 41.179694 ], [ -111.993132, 41.182938 ], [ -111.995245, 41.183743 ], [ -111.995285, 41.183757 ], [ -111.999619, 41.186255 ], [ -111.998643, 41.194607 ], [ -111.995776, 41.196823 ], [ -111.994761, 41.197734 ], [ -111.993703, 41.198902 ], [ -111.992779, 41.200172 ], [ -111.987578, 41.204144 ], [ -111.987033, 41.206029 ], [ -111.987068, 41.206216 ], [ -111.987949, 41.207725 ], [ -111.988755, 41.207684 ], [ -111.996233, 41.211885 ], [ -111.998012, 41.21416 ], [ -111.999619, 41.216409 ], [ -112.001078, 41.218515 ], [ -112.00225, 41.219536 ], [ -112.005625, 41.22129 ], [ -112.010109, 41.221345 ], [ -112.010144, 41.221345 ], [ -112.011368, 41.221344 ], [ -112.012326, 41.221359 ], [ -112.01853, 41.222691 ], [ -112.023994, 41.226332 ], [ -112.024196, 41.226431 ], [ -112.025634, 41.227049 ], [ -112.026497, 41.227341 ], [ -112.026548, 41.227322 ], [ -112.027424, 41.225933 ], [ -112.035318, 41.22194 ], [ -112.043058, 41.224324 ], [ -112.044005, 41.225074 ], [ -112.044866, 41.225736 ], [ -112.045028, 41.225736 ], [ -112.051016, 41.221541 ], [ -112.053239, 41.21557 ], [ -112.053509, 41.215273 ], [ -112.06231, 41.21381 ], [ -112.06411, 41.215614 ], [ -112.064118, 41.215614 ], [ -112.06591, 41.213871 ], [ -112.06591, 41.213844 ], [ -112.07137, 41.20712 ], [ -112.073386, 41.207125 ], [ -112.075403, 41.207129 ], [ -112.075411, 41.203529 ], [ -112.0764, 41.196679 ], [ -112.081123, 41.193317 ], [ -112.085421, 41.193953 ], [ -112.091398, 41.197321 ], [ -112.094997, 41.197281 ], [ -112.099232, 41.192598 ], [ -112.09922, 41.188998 ] ] ] } },
{ "type": "Feature", "properties": { "group_index": 0, "value": 600.0, "center": [ -112.02024771000299, 41.511128328185286 ], "point_id": 2 }, "geometry": { "type": "Polygon", "coordinates": [ [ [ -112.086629, 41.539555 ], [ -112.084345, 41.53856 ], [ -112.080628, 41.536898 ], [ -112.076836, 41.535891 ], [ -112.0743, 41.535341 ], [ -112.067733, 41.531925 ], [ -112.067315, 41.529002 ], [ -112.066881, 41.525771 ], [ -112.066444, 41.52252 ], [ -112.066226, 41.521043 ], [ -112.066062, 41.520247 ], [ -112.068112, 41.512199 ], [ -112.072161, 41.511599 ], [ -112.0769, 41.511594 ], [ -112.077057, 41.511594 ], [ -112.077324, 41.509424 ], [ -112.077335, 41.509186 ], [ -112.077046, 41.507994 ], [ -112.07108, 41.506663 ], [ -112.070805, 41.506595 ], [ -112.070137, 41.506457 ], [ -112.070016, 41.506489 ], [ -112.069107, 41.506806 ], [ -112.063232, 41.506842 ], [ -112.060054, 41.503861 ], [ -112.059038, 41.501125 ], [ -112.058022, 41.498388 ], [ -112.057265, 41.49635 ], [ -112.056509, 41.494311 ], [ -112.053134, 41.495564 ], [ -112.049106, 41.487777 ], [ -112.049246, 41.48418 ], [ -112.048323, 41.484122 ], [ -112.048002, 41.48414 ], [ -112.044958, 41.484322 ], [ -112.039845, 41.484589 ], [ -112.031877, 41.480753 ], [ -112.026824, 41.476712 ], [ -112.025376, 41.473816 ], [ -112.02524, 41.473767 ], [ -112.02341, 41.47433 ], [ -112.018968, 41.477708 ], [ -112.017603, 41.478806 ], [ -112.016605, 41.479732 ], [ -112.012765, 41.482276 ], [ -112.007126, 41.482583 ], [ -112.006902, 41.482731 ], [ -112.005516, 41.483949 ], [ -112.000014, 41.488521 ], [ -111.995027, 41.491202 ], [ -111.994882, 41.491317 ], [ -111.993421, 41.493154 ], [ -111.986468, 41.497884 ], [ -111.98551, 41.497891 ], [ -111.98336, 41.49771 ], [ -111.982665, 41.497548 ], [ -111.982065, 41.497378 ], [ -111.980455, 41.496821 ], [ -111.97948, 41.49652 ], [ -111.978679, 41.496324 ], [ -111.978159, 41.496223 ], [ -111.977292, 41.496095 ], [ -111.976693, 41.496035 ], [ -111.975779, 41.495988 ], [ -111.975053, 41.495989 ], [ -111.974466, 41.496013 ], [ -111.965709, 41.494934 ], [ -111.964423, 41.49451 ], [ -111.963586, 41.494316 ], [ -111.962474, 41.494154 ], [ -111.961482, 41.494111 ], [ -111.961046, 41.494119 ], [ -111.960544, 41.494149 ], [ -111.959869, 41.494229 ], [ -111.953064, 41.493601 ], [ -111.947956, 41.491253 ], [ -111.944011, 41.48615 ], [ -111.942144, 41.48473 ], [ -111.942041, 41.484735 ], [ -111.940419, 41.486387 ], [ -111.939919, 41.489308 ], [ -111.938327, 41.496878 ], [ -111.938738, 41.497635 ], [ -111.938742, 41.497643 ], [ -111.939507, 41.499069 ], [ -111.940406, 41.500882 ], [ -111.938611, 41.509041 ], [ -111.93857, 41.517592 ], [ -111.938676, 41.518369 ], [ -111.938922, 41.519134 ], [ -111.939271, 41.519823 ], [ -111.939679, 41.520404 ], [ -111.940092, 41.520861 ], [ -111.940635, 41.521349 ], [ -111.947199, 41.527074 ], [ -111.948033, 41.527825 ], [ -111.948718, 41.528407 ], [ -111.949532, 41.529046 ], [ -111.951757, 41.526217 ], [ -111.950944, 41.525577 ], [ -111.950368, 41.525085 ], [ -111.949607, 41.524399 ], [ -111.94895, 41.523732 ], [ -111.948403, 41.523132 ], [ -111.947613, 41.522201 ], [ -111.947125, 41.521668 ], [ -111.946727, 41.521287 ], [ -111.944878, 41.51311 ], [ -111.945904, 41.51165 ], [ -111.946341, 41.510843 ], [ -111.94666, 41.510103 ], [ -111.948039, 41.507335 ], [ -111.953761, 41.500704 ], [ -111.954165, 41.500685 ], [ -111.954904, 41.500624 ], [ -111.956682, 41.499371 ], [ -111.965428, 41.498775 ], [ -111.966194, 41.499022 ], [ -111.966684, 41.499156 ], [ -111.967219, 41.499268 ], [ -111.968936, 41.499658 ], [ -111.97015, 41.499973 ], [ -111.971006, 41.500113 ], [ -111.971305, 41.500132 ], [ -111.973389, 41.499943 ], [ -111.976919, 41.499676 ], [ -111.977625, 41.499784 ], [ -111.977985, 41.499856 ], [ -111.978613, 41.500014 ], [ -111.979383, 41.500257 ], [ -111.980886, 41.500779 ], [ -111.981668, 41.501007 ], [ -111.982532, 41.501214 ], [ -111.985299, 41.509371 ], [ -111.984849, 41.510288 ], [ -111.987765, 41.512237 ], [ -111.990513, 41.514189 ], [ -111.991103, 41.514516 ], [ -111.991604, 41.514652 ], [ -111.996011, 41.516203 ], [ -111.997936, 41.522945 ], [ -111.999488, 41.526315 ], [ -111.999667, 41.52671 ], [ -112.001348, 41.527144 ], [ -112.006526, 41.532751 ], [ -112.011458, 41.537951 ], [ -112.015456, 41.54574 ], [ -112.017993, 41.553476 ], [ -112.018561, 41.556253 ], [ -112.018742, 41.556838 ], [ -112.019032, 41.557463 ], [ -112.022822, 41.565051 ], [ -112.023123, 41.565677 ], [ -112.023548, 41.566358 ], [ -112.024616, 41.567637 ], [ -112.026135, 41.56941 ], [ -112.030399, 41.576595 ], [ -112.031119, 41.577728 ], [ -112.032176, 41.577411 ], [ -112.034157, 41.575797 ], [ -112.033437, 41.574664 ], [ -112.02981, 41.56823 ], [ -112.029329, 41.567584 ], [ -112.028804, 41.566994 ], [ -112.027349, 41.565295 ], [ -112.025785, 41.5627 ], [ -112.02418, 41.558466 ], [ -112.023811, 41.557774 ], [ -112.023487, 41.557335 ], [ -112.021696, 41.553471 ], [ -112.021489, 41.552616 ], [ -112.018477, 41.550513 ], [ -112.017802, 41.549115 ], [ -112.017261, 41.548068 ], [ -112.017003, 41.547442 ], [ -112.022106, 41.541123 ], [ -112.025645, 41.544415 ], [ -112.029244, 41.544319 ], [ -112.02922, 41.54345 ], [ -112.029214, 41.541444 ], [ -112.036459, 41.536917 ], [ -112.036828, 41.534029 ], [ -112.036886, 41.532098 ], [ -112.042564, 41.525187 ], [ -112.04861, 41.529293 ], [ -112.052256, 41.534574 ], [ -112.057167, 41.536216 ], [ -112.057916, 41.536438 ], [ -112.063484, 41.543302 ], [ -112.066265, 41.550538 ], [ -112.066583, 41.553017 ], [ -112.066909, 41.555283 ], [ -112.067231, 41.557525 ], [ -112.06757, 41.560129 ], [ -112.067913, 41.562763 ], [ -112.068212, 41.564804 ], [ -112.068511, 41.566845 ], [ -112.072073, 41.566322 ], [ -112.071774, 41.564281 ], [ -112.071475, 41.56224 ], [ -112.071139, 41.559665 ], [ -112.0708, 41.55706 ], [ -112.070472, 41.554771 ], [ -112.070147, 41.552506 ], [ -112.069836, 41.550081 ], [ -112.069522, 41.547628 ], [ -112.075745, 41.541298 ], [ -112.081801, 41.542677 ], [ -112.087476, 41.543851 ], [ -112.088914, 41.54055 ], [ -112.086629, 41.539555 ] ] ] } },
{ "type": "Feature", "properties": { "group_index": 0, "value": 600.0, "center": [ -112.0274173, 41.5114018 ], "point_id": 3 }, "geometry": { "type": "Polygon", "coordinates": [ [ [ -112.093436, 41.542627 ], [ -112.089836, 41.540535 ], [ -112.089575, 41.54041 ], [ -112.089193, 41.540282 ], [ -112.086925, 41.539684 ], [ -112.080197, 41.53491 ], [ -112.0743, 41.535341 ], [ -112.06734, 41.531458 ], [ -112.06687, 41.52805 ], [ -112.0664, 41.524642 ], [ -112.065929, 41.521234 ], [ -112.065752, 41.520332 ], [ -112.06793, 41.513655 ], [ -112.072161, 41.511599 ], [ -112.07817, 41.511586 ], [ -112.081048, 41.511571 ], [ -112.081028, 41.507971 ], [ -112.07815, 41.507986 ], [ -112.072159, 41.507999 ], [ -112.068369, 41.507521 ], [ -112.067915, 41.507521 ], [ -112.060054, 41.503861 ], [ -112.059038, 41.501125 ], [ -112.058022, 41.498388 ], [ -112.057006, 41.495652 ], [ -112.055997, 41.492933 ], [ -112.055276, 41.490204 ], [ -112.053654, 41.486463 ], [ -112.053477, 41.486206 ], [ -112.053079, 41.485743 ], [ -112.052584, 41.485305 ], [ -112.052077, 41.484969 ], [ -112.050728, 41.484094 ], [ -112.049698, 41.484061 ], [ -112.04817, 41.484138 ], [ -112.044958, 41.484322 ], [ -112.036909, 41.480729 ], [ -112.034334, 41.478213 ], [ -112.033684, 41.478878 ], [ -112.028378, 41.480941 ], [ -112.023423, 41.477556 ], [ -112.023075, 41.476936 ], [ -112.02293, 41.47686 ], [ -112.020934, 41.477291 ], [ -112.019703, 41.478248 ], [ -112.012174, 41.482523 ], [ -112.005257, 41.484374 ], [ -112.000014, 41.488521 ], [ -111.997707, 41.489969 ], [ -111.995974, 41.491375 ], [ -111.995572, 41.491823 ], [ -111.994203, 41.49319 ], [ -111.987209, 41.49786 ], [ -111.986468, 41.497884 ], [ -111.98551, 41.497891 ], [ -111.982665, 41.497548 ], [ -111.982065, 41.497378 ], [ -111.980455, 41.496821 ], [ -111.97948, 41.49652 ], [ -111.978679, 41.496324 ], [ -111.978159, 41.496223 ], [ -111.977292, 41.496095 ], [ -111.976693, 41.496035 ], [ -111.975779, 41.495988 ], [ -111.975053, 41.495989 ], [ -111.974466, 41.496013 ], [ -111.965709, 41.494934 ], [ -111.964423, 41.49451 ], [ -111.963586, 41.494316 ], [ -111.962474, 41.494154 ], [ -111.961482, 41.494111 ], [ -111.961046, 41.494119 ], [ -111.960544, 41.494149 ], [ -111.959869, 41.494229 ], [ -111.959356, 41.494317 ], [ -111.953453, 41.494378 ], [ -111.950169, 41.493684 ], [ -111.944694, 41.489803 ], [ -111.942733, 41.488495 ], [ -111.94271, 41.488498 ], [ -111.941182, 41.490593 ], [ -111.941007, 41.49308 ], [ -111.941288, 41.498669 ], [ -111.941186, 41.501977 ], [ -111.93943, 41.508555 ], [ -111.938597, 41.516811 ], [ -111.93857, 41.517592 ], [ -111.938676, 41.518369 ], [ -111.938922, 41.519134 ], [ -111.939271, 41.519823 ], [ -111.939679, 41.520404 ], [ -111.940092, 41.520861 ], [ -111.940635, 41.521349 ], [ -111.941224, 41.521791 ], [ -111.94209, 41.522395 ], [ -111.94379, 41.523548 ], [ -111.94581, 41.520568 ], [ -111.945904, 41.51165 ], [ -111.947767, 41.510138 ], [ -111.948922, 41.509149 ], [ -111.948977, 41.505549 ], [ -111.95355, 41.500702 ], [ -111.955908, 41.499706 ], [ -111.956391, 41.499522 ], [ -111.956682, 41.499371 ], [ -111.965428, 41.498775 ], [ -111.966194, 41.499022 ], [ -111.966684, 41.499156 ], [ -111.967219, 41.499268 ], [ -111.968936, 41.499658 ], [ -111.97015, 41.499973 ], [ -111.970827, 41.500088 ], [ -111.97278, 41.49973 ], [ -111.974706, 41.499605 ], [ -111.975197, 41.499586 ], [ -111.975778, 41.499588 ], [ -111.976497, 41.49963 ], [ -111.976919, 41.499676 ], [ -111.977625, 41.499784 ], [ -111.977985, 41.499856 ], [ -111.978613, 41.500014 ], [ -111.979383, 41.500257 ], [ -111.980886, 41.500779 ], [ -111.981668, 41.501007 ], [ -111.982532, 41.501214 ], [ -111.985752, 41.501483 ], [ -111.985709, 41.510404 ], [ -111.98571, 41.510434 ], [ -111.98659, 41.511906 ], [ -111.987662, 41.513332 ], [ -111.988338, 41.513808 ], [ -111.991103, 41.514516 ], [ -111.991604, 41.514652 ], [ -111.996011, 41.516203 ], [ -111.997936, 41.522945 ], [ -111.999488, 41.526315 ], [ -111.999667, 41.52671 ], [ -112.001283, 41.527138 ], [ -112.006526, 41.532751 ], [ -112.011458, 41.537951 ], [ -112.015456, 41.54574 ], [ -112.017993, 41.553476 ], [ -112.018561, 41.556253 ], [ -112.018742, 41.556838 ], [ -112.019032, 41.557463 ], [ -112.022822, 41.565051 ], [ -112.023123, 41.565677 ], [ -112.023548, 41.566358 ], [ -112.028362, 41.572934 ], [ -112.029873, 41.572929 ], [ -112.030173, 41.572856 ], [ -112.031503, 41.571175 ], [ -112.031014, 41.570302 ], [ -112.02981, 41.56823 ], [ -112.029329, 41.567584 ], [ -112.028804, 41.566994 ], [ -112.027349, 41.565295 ], [ -112.025785, 41.5627 ], [ -112.02418, 41.558466 ], [ -112.023811, 41.557774 ], [ -112.023487, 41.557335 ], [ -112.021696, 41.553471 ], [ -112.02724, 41.546624 ], [ -112.029221, 41.544114 ], [ -112.02922, 41.54345 ], [ -112.029214, 41.541444 ], [ -112.036459, 41.536917 ], [ -112.036828, 41.534029 ], [ -112.039449, 41.530021 ], [ -112.046739, 41.526368 ], [ -112.04861, 41.529293 ], [ -112.052256, 41.534574 ], [ -112.057167, 41.536216 ], [ -112.057916, 41.536438 ], [ -112.063484, 41.543302 ], [ -112.066265, 41.550538 ], [ -112.066583, 41.553017 ], [ -112.066909, 41.555283 ], [ -112.067231, 41.557525 ], [ -112.06757, 41.560129 ], [ -112.067913, 41.562763 ], [ -112.068222, 41.564869 ], [ -112.068526, 41.566941 ], [ -112.068792, 41.569037 ], [ -112.069058, 41.571134 ], [ -112.072629, 41.570681 ], [ -112.072363, 41.568584 ], [ -112.072097, 41.566487 ], [ -112.071783, 41.564347 ], [ -112.071475, 41.56224 ], [ -112.071139, 41.559665 ], [ -112.0708, 41.55706 ], [ -112.070472, 41.554771 ], [ -112.070147, 41.552506 ], [ -112.069836, 41.550081 ], [ -112.069522, 41.547628 ], [ -112.075748, 41.542929 ], [ -112.081828, 41.545319 ], [ -112.085428, 41.545282 ], [ -112.093804, 41.546709 ], [ -112.095234, 41.543405 ], [ -112.093436, 41.542627 ] ] ] } },
{ "type": "Feature", "properties": { "group_index": 0, "value": 600.0, "center": [ -111.9733219, 41.3029678 ], "point_id": 4 }, "geometry": { "type": "Polygon", "coordinates": [ [ [ -112.035541, 41.335335 ], [ -112.034176, 41.332273 ], [ -112.033686, 41.331217 ], [ -112.032779, 41.329133 ], [ -112.031703, 41.326721 ], [ -112.031447, 41.32015 ], [ -112.032709, 41.314808 ], [ -112.035091, 41.30852 ], [ -112.039312, 41.308506 ], [ -112.041723, 41.308518 ], [ -112.041741, 41.304918 ], [ -112.037892, 41.304318 ], [ -112.037639, 41.304319 ], [ -112.037106, 41.304431 ], [ -112.03242, 41.302861 ], [ -112.030887, 41.301195 ], [ -112.035646, 41.293843 ], [ -112.036279, 41.293912 ], [ -112.037012, 41.293951 ], [ -112.038837, 41.293963 ], [ -112.038862, 41.290363 ], [ -112.037037, 41.290351 ], [ -112.036482, 41.290317 ], [ -112.036053, 41.290266 ], [ -112.035571, 41.290179 ], [ -112.030648, 41.290039 ], [ -112.029161, 41.283123 ], [ -112.030548, 41.281573 ], [ -112.030553, 41.281362 ], [ -112.029891, 41.277981 ], [ -112.028387, 41.276819 ], [ -112.028095, 41.276816 ], [ -112.026291, 41.277933 ], [ -112.024418, 41.280809 ], [ -112.017215, 41.277699 ], [ -112.016865, 41.277524 ], [ -112.016026, 41.277291 ], [ -112.014753, 41.277243 ], [ -112.012175, 41.268978 ], [ -112.013704, 41.267199 ], [ -112.01371, 41.26675 ], [ -112.010731, 41.262729 ], [ -112.008947, 41.260928 ], [ -112.00894, 41.260928 ], [ -112.007314, 41.262013 ], [ -112.005526, 41.263125 ], [ -112.000801, 41.265707 ], [ -111.999353, 41.267652 ], [ -111.999359, 41.267721 ], [ -111.997871, 41.274509 ], [ -111.989277, 41.276734 ], [ -111.987756, 41.274766 ], [ -111.983936, 41.268398 ], [ -111.983965, 41.267228 ], [ -111.983971, 41.266902 ], [ -111.980766, 41.261471 ], [ -111.980251, 41.260336 ], [ -111.979663, 41.259848 ], [ -111.972525, 41.257413 ], [ -111.969691, 41.256218 ], [ -111.969657, 41.256218 ], [ -111.966795, 41.257352 ], [ -111.965183, 41.259042 ], [ -111.961889, 41.264711 ], [ -111.957376, 41.26973 ], [ -111.951136, 41.272176 ], [ -111.950148, 41.272476 ], [ -111.949519, 41.274366 ], [ -111.947844, 41.27928 ], [ -111.947658, 41.280121 ], [ -111.944629, 41.288218 ], [ -111.940404, 41.294384 ], [ -111.940183, 41.294686 ], [ -111.9397, 41.295582 ], [ -111.937211, 41.298762 ], [ -111.930921, 41.301875 ], [ -111.930193, 41.303996 ], [ -111.930096, 41.304288 ], [ -111.925143, 41.31054 ], [ -111.923269, 41.310184 ], [ -111.922791, 41.310049 ], [ -111.922354, 41.309998 ], [ -111.921697, 41.310052 ], [ -111.920529, 41.310102 ], [ -111.920164, 41.310092 ], [ -111.919345, 41.310032 ], [ -111.918642, 41.309999 ], [ -111.918473, 41.313595 ], [ -111.923121, 41.314405 ], [ -111.923636, 41.314511 ], [ -111.931074, 41.317194 ], [ -111.932062, 41.318199 ], [ -111.932559, 41.318574 ], [ -111.936769, 41.321838 ], [ -111.939862, 41.323697 ], [ -111.948096, 41.325997 ], [ -111.95145, 41.330734 ], [ -111.95153, 41.330949 ], [ -111.957754, 41.331937 ], [ -111.962012, 41.330823 ], [ -111.967224, 41.331199 ], [ -111.967679, 41.331188 ], [ -111.975421, 41.335215 ], [ -111.976271, 41.3366 ], [ -111.978301, 41.339573 ], [ -111.979565, 41.34033 ], [ -111.983015, 41.341359 ], [ -111.984157, 41.340994 ], [ -111.984659, 41.340838 ], [ -111.993459, 41.33922 ], [ -111.999932, 41.337806 ], [ -111.999934, 41.334206 ], [ -112.005684, 41.330551 ], [ -112.007696, 41.330387 ], [ -112.016213, 41.329898 ], [ -112.017898, 41.330611 ], [ -112.022885, 41.334471 ], [ -112.028807, 41.340485 ], [ -112.030098, 41.343266 ], [ -112.030641, 41.344668 ], [ -112.033998, 41.343368 ], [ -112.035541, 41.335335 ] ] ] } },
{ "type": "Feature", "properties": { "group_index": 0, "value": 600.0, "center": [ -112.0245178, 41.2918791 ], "point_id": 5 }, "geometry": { "type": "Polygon", "coordinates": [ [ [ -112.108119, 41.295757 ], [ -112.108098, 41.295694 ], [ -112.106803, 41.29438 ], [ -112.104596, 41.293241 ], [ -112.10335, 41.285371 ], [ -112.103347, 41.285191 ], [ -112.103267, 41.284914 ], [ -112.101755, 41.283411 ], [ -112.094463, 41.278794 ], [ -112.09306, 41.278919 ], [ -112.090925, 41.279457 ], [ -112.084179, 41.285135 ], [ -112.082492, 41.285131 ], [ -112.075677, 41.283371 ], [ -112.072374, 41.280987 ], [ -112.069078, 41.278091 ], [ -112.067583, 41.276548 ], [ -112.067311, 41.276543 ], [ -112.062061, 41.277191 ], [ -112.059962, 41.277038 ], [ -112.054746, 41.275341 ], [ -112.054317, 41.275059 ], [ -112.050018, 41.270298 ], [ -112.05007, 41.266985 ], [ -112.046472, 41.259445 ], [ -112.046478, 41.256622 ], [ -112.046478, 41.253927 ], [ -112.048794, 41.248961 ], [ -112.055214, 41.246095 ], [ -112.058042, 41.24611 ], [ -112.06087, 41.246125 ], [ -112.0637, 41.246141 ], [ -112.065233, 41.246188 ], [ -112.066378, 41.246152 ], [ -112.069057, 41.246163 ], [ -112.069072, 41.242563 ], [ -112.066393, 41.242552 ], [ -112.063715, 41.242541 ], [ -112.061977, 41.242615 ], [ -112.060889, 41.242525 ], [ -112.054508, 41.239696 ], [ -112.053159, 41.235329 ], [ -112.049614, 41.234703 ], [ -112.049245, 41.236788 ], [ -112.044133, 41.242653 ], [ -112.039945, 41.242955 ], [ -112.035902, 41.243252 ], [ -112.030915, 41.236047 ], [ -112.032609, 41.234293 ], [ -112.037185, 41.228703 ], [ -112.037167, 41.225103 ], [ -112.033433, 41.224756 ], [ -112.02749, 41.220655 ], [ -112.025997, 41.218933 ], [ -112.025738, 41.218926 ], [ -112.025302, 41.219196 ], [ -112.02389, 41.220614 ], [ -112.023889, 41.220705 ], [ -112.023383, 41.226959 ], [ -112.01589, 41.225176 ], [ -112.012622, 41.222445 ], [ -112.012272, 41.221948 ], [ -112.011848, 41.221427 ], [ -112.010934, 41.220547 ], [ -112.010066, 41.219899 ], [ -112.009328, 41.219495 ], [ -112.008411, 41.219068 ], [ -112.00402, 41.215612 ], [ -112.002653, 41.206865 ], [ -112.003774, 41.205232 ], [ -112.003768, 41.205029 ], [ -112.003767, 41.205011 ], [ -112.003739, 41.204506 ], [ -112.003573, 41.203928 ], [ -112.00397, 41.19526 ], [ -112.004673, 41.194632 ], [ -112.005983, 41.193485 ], [ -112.006342, 41.193163 ], [ -112.00394, 41.190482 ], [ -112.003468, 41.190776 ], [ -111.998477, 41.195054 ], [ -111.996078, 41.196949 ], [ -111.995018, 41.197837 ], [ -111.994122, 41.198889 ], [ -111.993771, 41.199309 ], [ -111.993199, 41.200295 ], [ -111.992848, 41.201102 ], [ -111.992611, 41.201878 ], [ -111.992107, 41.203794 ], [ -111.992377, 41.207384 ], [ -111.99576, 41.210841 ], [ -111.995897, 41.211039 ], [ -111.998004, 41.21371 ], [ -111.999421, 41.21551 ], [ -112.001154, 41.217791 ], [ -111.997476, 41.224837 ], [ -111.994905, 41.228267 ], [ -111.994018, 41.22995 ], [ -111.99403, 41.230114 ], [ -111.99403, 41.230114 ], [ -111.994037, 41.230212 ], [ -111.99391, 41.235159 ], [ -111.987739, 41.241572 ], [ -111.984565, 41.241196 ], [ -111.984562, 41.241196 ], [ -111.982418, 41.242497 ], [ -111.981022, 41.244304 ], [ -111.981021, 41.244425 ], [ -111.977966, 41.251744 ], [ -111.97322, 41.249951 ], [ -111.969915, 41.248433 ], [ -111.969829, 41.248433 ], [ -111.964999, 41.249868 ], [ -111.958826, 41.256098 ], [ -111.954941, 41.255393 ], [ -111.954704, 41.255454 ], [ -111.953241, 41.257192 ], [ -111.952421, 41.258958 ], [ -111.950504, 41.263764 ], [ -111.950434, 41.266486 ], [ -111.949042, 41.275095 ], [ -111.947887, 41.279156 ], [ -111.949772, 41.280969 ], [ -111.956796, 41.285064 ], [ -111.960142, 41.286682 ], [ -111.958431, 41.294494 ], [ -111.958402, 41.298094 ], [ -111.961425, 41.298118 ], [ -111.966501, 41.303986 ], [ -111.966919, 41.304743 ], [ -111.967789, 41.305699 ], [ -111.970231, 41.307674 ], [ -111.971098, 41.307687 ], [ -111.978079, 41.30843 ], [ -111.978638, 41.308452 ], [ -111.981865, 41.307383 ], [ -111.986539, 41.315042 ], [ -111.985671, 41.316689 ], [ -111.986406, 41.319539 ], [ -111.987284, 41.320715 ], [ -111.988, 41.32151 ], [ -111.989588, 41.323151 ], [ -111.989811, 41.32315 ], [ -111.991949, 41.323152 ], [ -111.994256, 41.321967 ], [ -112.002779, 41.320799 ], [ -112.004469, 41.32082 ], [ -112.011582, 41.320737 ], [ -112.014369, 41.322664 ], [ -112.01866, 41.326816 ], [ -112.019351, 41.327733 ], [ -112.022312, 41.334024 ], [ -112.022885, 41.334471 ], [ -112.028216, 41.339527 ], [ -112.028807, 41.340485 ], [ -112.029244, 41.341264 ], [ -112.030538, 41.349872 ], [ -112.030914, 41.351819 ], [ -112.033812, 41.359558 ], [ -112.036779, 41.360425 ], [ -112.041136, 41.364707 ], [ -112.040917, 41.368885 ], [ -112.040735, 41.371972 ], [ -112.040552, 41.37506 ], [ -112.04037, 41.378147 ], [ -112.040188, 41.381235 ], [ -112.040006, 41.384322 ], [ -112.039821, 41.387479 ], [ -112.039813, 41.388312 ], [ -112.03991, 41.389458 ], [ -112.040061, 41.390217 ], [ -112.040378, 41.391187 ], [ -112.041314, 41.393331 ], [ -112.042249, 41.395474 ], [ -112.043103, 41.397428 ], [ -112.043956, 41.399383 ], [ -112.047255, 41.397942 ], [ -112.046402, 41.395988 ], [ -112.045549, 41.394033 ], [ -112.044613, 41.39189 ], [ -112.0436, 41.384534 ], [ -112.043782, 41.381447 ], [ -112.043964, 41.378359 ], [ -112.044146, 41.375272 ], [ -112.044328, 41.372184 ], [ -112.04451, 41.369097 ], [ -112.044731, 41.364901 ], [ -112.044939, 41.36103 ], [ -112.044957, 41.359643 ], [ -112.044826, 41.358155 ], [ -112.044673, 41.357291 ], [ -112.044487, 41.356491 ], [ -112.043686, 41.353891 ], [ -112.042852, 41.349962 ], [ -112.041423, 41.34672 ], [ -112.041174, 41.345858 ], [ -112.041025, 41.34183 ], [ -112.0477, 41.337692 ], [ -112.049554, 41.337695 ], [ -112.051398, 41.337699 ], [ -112.053822, 41.337717 ], [ -112.056246, 41.337735 ], [ -112.059909, 41.337761 ], [ -112.063374, 41.33807 ], [ -112.063622, 41.338116 ], [ -112.066158, 41.33782 ], [ -112.066205, 41.33422 ], [ -112.063701, 41.333916 ], [ -112.063226, 41.333886 ], [ -112.059936, 41.334161 ], [ -112.056272, 41.334135 ], [ -112.049392, 41.328771 ], [ -112.051867, 41.322929 ], [ -112.055185, 41.320316 ], [ -112.05619, 41.320004 ], [ -112.0569, 41.319406 ], [ -112.061128, 41.31635 ], [ -112.061267, 41.316264 ], [ -112.065693, 41.31393 ], [ -112.072593, 41.317533 ], [ -112.07515, 41.320067 ], [ -112.075587, 41.319626 ], [ -112.07732, 41.317686 ], [ -112.080523, 41.311485 ], [ -112.085372, 41.309393 ], [ -112.085623, 41.309008 ], [ -112.085974, 41.307161 ], [ -112.087675, 41.303405 ], [ -112.095443, 41.299698 ], [ -112.097865, 41.299418 ], [ -112.098344, 41.299404 ], [ -112.101464, 41.299516 ], [ -112.107359, 41.297937 ], [ -112.108119, 41.295757 ] ] ] } },
{ "type": "Feature", "properties": { "group_index": 0, "value": 600.0, "center": [ -112.00961780546989, 41.18388114600938 ], "point_id": 6 }, "geometry": { "type": "Polygon", "coordinates": [ [ [ -112.025987, 41.260484 ], [ -112.025718, 41.259717 ], [ -112.025303, 41.258803 ], [ -112.024809, 41.257925 ], [ -112.024174, 41.257025 ], [ -112.022525, 41.255205 ], [ -112.018704, 41.248998 ], [ -112.018191, 41.246738 ], [ -112.018037, 41.242917 ], [ -112.018047, 41.242678 ], [ -112.018016, 41.242598 ], [ -112.01663, 41.239824 ], [ -112.020421, 41.232516 ], [ -112.024843, 41.231277 ], [ -112.024896, 41.231277 ], [ -112.027369, 41.230939 ], [ -112.02747, 41.230448 ], [ -112.027417, 41.226952 ], [ -112.03016, 41.219891 ], [ -112.030164, 41.219727 ], [ -112.028384, 41.217885 ], [ -112.026061, 41.217167 ], [ -112.022855, 41.216609 ], [ -112.020869, 41.209603 ], [ -112.023501, 41.207616 ], [ -112.024302, 41.207374 ], [ -112.025148, 41.207238 ], [ -112.025381, 41.200132 ], [ -112.024344, 41.196685 ], [ -112.023374, 41.196935 ], [ -112.021599, 41.197854 ], [ -112.01986, 41.198697 ], [ -112.019587, 41.198816 ], [ -112.018871, 41.199062 ], [ -112.017998, 41.199342 ], [ -112.015566, 41.200108 ], [ -112.013125, 41.200877 ], [ -112.008651, 41.193278 ], [ -112.009186, 41.19216 ], [ -112.01101, 41.190342 ], [ -112.012224, 41.188876 ], [ -112.012699, 41.188417 ], [ -112.014249, 41.18723 ], [ -112.014947, 41.186552 ], [ -112.015359, 41.186169 ], [ -112.016752, 41.184313 ], [ -112.02064, 41.18193 ], [ -112.026078, 41.179783 ], [ -112.029279, 41.177962 ], [ -112.030927, 41.176275 ], [ -112.035398, 41.170857 ], [ -112.036848, 41.169307 ], [ -112.036846, 41.169045 ], [ -112.032652, 41.16168 ], [ -112.031022, 41.159876 ], [ -112.02721, 41.152878 ], [ -112.0274, 41.15123 ], [ -112.027393, 41.147592 ], [ -112.027386, 41.143954 ], [ -112.023786, 41.143961 ], [ -112.023793, 41.147599 ], [ -112.0238, 41.151237 ], [ -112.023637, 41.152433 ], [ -112.018611, 41.159648 ], [ -112.011328, 41.163354 ], [ -112.008734, 41.160886 ], [ -112.003999, 41.156341 ], [ -112.002287, 41.154339 ], [ -112.001238, 41.152743 ], [ -111.99621, 41.15197 ], [ -111.992345, 41.150162 ], [ -111.991512, 41.149803 ], [ -111.990804, 41.149541 ], [ -111.990298, 41.149456 ], [ -111.986565, 41.148581 ], [ -111.981548, 41.146301 ], [ -111.975139, 41.140955 ], [ -111.97236, 41.13922 ], [ -111.971097, 41.138493 ], [ -111.970282, 41.13813 ], [ -111.968413, 41.137367 ], [ -111.967586, 41.137272 ], [ -111.963244, 41.136903 ], [ -111.954485, 41.13742 ], [ -111.953945, 41.137051 ], [ -111.953416, 41.136741 ], [ -111.95274, 41.136389 ], [ -111.951976, 41.136036 ], [ -111.951283, 41.135773 ], [ -111.950453, 41.135501 ], [ -111.949637, 41.135296 ], [ -111.948784, 41.135131 ], [ -111.948175, 41.135045 ], [ -111.946728, 41.134927 ], [ -111.945828, 41.134905 ], [ -111.944289, 41.134917 ], [ -111.941607, 41.13497 ], [ -111.933514, 41.134668 ], [ -111.931718, 41.134535 ], [ -111.931453, 41.138126 ], [ -111.933249, 41.138258 ], [ -111.935045, 41.138391 ], [ -111.936894, 41.138511 ], [ -111.938429, 41.138569 ], [ -111.940013, 41.138584 ], [ -111.94164, 41.13857 ], [ -111.94436, 41.138516 ], [ -111.945854, 41.138505 ], [ -111.953247, 41.141006 ], [ -111.955605, 41.143242 ], [ -111.958909, 41.14753 ], [ -111.95918, 41.147873 ], [ -111.95937, 41.148009 ], [ -111.960538, 41.148749 ], [ -111.961097, 41.149092 ], [ -111.963114, 41.150331 ], [ -111.965004, 41.151476 ], [ -111.968628, 41.154937 ], [ -111.968934, 41.155231 ], [ -111.969799, 41.156084 ], [ -111.970189, 41.156483 ], [ -111.970737, 41.156884 ], [ -111.971223, 41.157143 ], [ -111.973287, 41.158759 ], [ -111.974399, 41.159144 ], [ -111.978479, 41.163864 ], [ -111.974437, 41.169782 ], [ -111.971499, 41.17002 ], [ -111.969022, 41.173408 ], [ -111.966118, 41.18026 ], [ -111.963097, 41.188699 ], [ -111.961617, 41.190459 ], [ -111.957018, 41.197001 ], [ -111.955209, 41.198568 ], [ -111.952351, 41.203195 ], [ -111.947325, 41.208092 ], [ -111.946665, 41.209483 ], [ -111.946656, 41.20987 ], [ -111.946656, 41.209872 ], [ -111.946636, 41.210745 ], [ -111.947261, 41.211691 ], [ -111.952142, 41.215925 ], [ -111.958238, 41.220195 ], [ -111.964738, 41.224468 ], [ -111.967569, 41.225582 ], [ -111.967949, 41.225585 ], [ -111.973263, 41.225136 ], [ -111.977276, 41.226739 ], [ -111.977926, 41.226748 ], [ -111.979243, 41.22677 ], [ -111.97928, 41.22677 ], [ -111.980562, 41.225834 ], [ -111.988315, 41.225981 ], [ -111.989853, 41.227416 ], [ -111.994986, 41.231878 ], [ -111.99601, 41.231772 ], [ -112.003406, 41.231328 ], [ -112.006411, 41.232442 ], [ -112.012598, 41.238755 ], [ -112.011198, 41.243576 ], [ -112.010567, 41.244506 ], [ -112.010565, 41.244612 ], [ -112.011529, 41.246668 ], [ -112.016305, 41.253236 ], [ -112.016803, 41.254068 ], [ -112.017479, 41.254987 ], [ -112.018355, 41.25598 ], [ -112.01987, 41.257636 ], [ -112.023263, 41.264026 ], [ -112.026722, 41.263027 ], [ -112.025987, 41.260484 ] ] ] } },
{ "type": "Feature", "properties": { "group_index": 0, "value": 600.0, "center": [ -111.94943421191802, 41.13207530270972 ], "point_id": 7 }, "geometry": { "type": "Polygon", "coordinates": [ [ [ -112.017288, 41.171982 ], [ -112.017252, 41.167075 ], [ -112.017197, 41.166965 ], [ -112.016633, 41.166309 ], [ -112.00958, 41.161607 ], [ -112.003875, 41.156258 ], [ -111.997303, 41.152406 ], [ -111.996518, 41.152063 ], [ -111.991201, 41.149665 ], [ -111.990495, 41.149482 ], [ -111.986641, 41.148607 ], [ -111.985802, 41.148338 ], [ -111.981721, 41.146422 ], [ -111.978201, 41.14335 ], [ -111.977761, 41.142945 ], [ -111.97236, 41.13922 ], [ -111.971097, 41.138493 ], [ -111.970282, 41.13813 ], [ -111.967714, 41.137283 ], [ -111.960157, 41.134306 ], [ -111.956927, 41.133025 ], [ -111.952592, 41.130868 ], [ -111.952397, 41.130778 ], [ -111.951821, 41.130583 ], [ -111.944852, 41.129196 ], [ -111.942812, 41.129153 ], [ -111.936788, 41.127957 ], [ -111.934063, 41.125793 ], [ -111.932853, 41.124664 ], [ -111.929618, 41.119791 ], [ -111.927063, 41.118509 ], [ -111.924613, 41.118808 ], [ -111.921709, 41.110728 ], [ -111.922624, 41.109453 ], [ -111.929128, 41.104872 ], [ -111.930874, 41.104219 ], [ -111.931719, 41.103956 ], [ -111.932527, 41.103763 ], [ -111.931689, 41.100262 ], [ -111.930881, 41.100455 ], [ -111.927801, 41.100873 ], [ -111.927591, 41.100914 ], [ -111.927476, 41.10097 ], [ -111.926313, 41.101398 ], [ -111.920733, 41.102379 ], [ -111.913174, 41.099229 ], [ -111.914093, 41.094723 ], [ -111.914484, 41.094143 ], [ -111.919636, 41.091839 ], [ -111.92028, 41.091858 ], [ -111.920778, 41.091166 ], [ -111.920171, 41.089221 ], [ -111.920018, 41.089056 ], [ -111.91895, 41.088065 ], [ -111.91302, 41.08414 ], [ -111.916483, 41.078739 ], [ -111.916714, 41.078169 ], [ -111.916719, 41.078157 ], [ -111.916957, 41.077556 ], [ -111.915702, 41.075794 ], [ -111.913059, 41.067629 ], [ -111.909467, 41.067391 ], [ -111.909312, 41.069074 ], [ -111.909267, 41.069762 ], [ -111.90927, 41.070509 ], [ -111.909265, 41.072251 ], [ -111.909332, 41.073751 ], [ -111.909363, 41.075926 ], [ -111.909395, 41.078158 ], [ -111.907348, 41.085992 ], [ -111.907306, 41.08632 ], [ -111.905604, 41.095011 ], [ -111.90561, 41.095141 ], [ -111.906299, 41.096736 ], [ -111.908319, 41.102812 ], [ -111.907322, 41.107299 ], [ -111.907259, 41.107996 ], [ -111.907322, 41.109414 ], [ -111.907042, 41.112164 ], [ -111.906874, 41.113991 ], [ -111.900747, 41.120219 ], [ -111.899762, 41.120979 ], [ -111.898518, 41.122575 ], [ -111.901283, 41.124881 ], [ -111.900207, 41.13175 ], [ -111.897574, 41.133595 ], [ -111.895677, 41.133994 ], [ -111.895072, 41.134092 ], [ -111.894418, 41.134289 ], [ -111.893955, 41.134407 ], [ -111.892758, 41.134812 ], [ -111.885229, 41.135363 ], [ -111.88439, 41.135223 ], [ -111.883979, 41.135199 ], [ -111.883557, 41.135206 ], [ -111.883009, 41.135257 ], [ -111.878211, 41.135493 ], [ -111.877725, 41.135501 ], [ -111.876923, 41.135598 ], [ -111.870694, 41.136104 ], [ -111.865213, 41.135583 ], [ -111.86455, 41.135485 ], [ -111.863915, 41.135437 ], [ -111.863642, 41.139027 ], [ -111.866979, 41.139646 ], [ -111.867715, 41.139724 ], [ -111.868615, 41.139746 ], [ -111.873018, 41.139872 ], [ -111.873839, 41.139895 ], [ -111.874219, 41.139891 ], [ -111.874927, 41.13979 ], [ -111.880235, 41.139229 ], [ -111.886764, 41.139711 ], [ -111.887403, 41.139812 ], [ -111.887841, 41.139845 ], [ -111.888341, 41.139851 ], [ -111.889016, 41.139791 ], [ -111.890308, 41.139544 ], [ -111.892628, 41.139026 ], [ -111.90108, 41.138236 ], [ -111.903649, 41.138561 ], [ -111.906217, 41.138886 ], [ -111.908785, 41.13921 ], [ -111.912887, 41.146303 ], [ -111.912814, 41.147056 ], [ -111.912839, 41.147343 ], [ -111.913812, 41.148426 ], [ -111.91466, 41.148425 ], [ -111.922741, 41.148823 ], [ -111.924163, 41.14908 ], [ -111.92617, 41.149416 ], [ -111.928178, 41.149753 ], [ -111.933477, 41.14495 ], [ -111.936745, 41.146461 ], [ -111.942279, 41.146737 ], [ -111.942592, 41.146775 ], [ -111.942811, 41.146775 ], [ -111.943133, 41.146775 ], [ -111.946228, 41.146475 ], [ -111.947485, 41.146747 ], [ -111.948987, 41.147267 ], [ -111.950695, 41.147842 ], [ -111.955115, 41.152931 ], [ -111.952503, 41.156882 ], [ -111.950685, 41.157508 ], [ -111.948117, 41.159201 ], [ -111.946222, 41.162261 ], [ -111.949397, 41.164415 ], [ -111.951578, 41.165981 ], [ -111.951941, 41.166242 ], [ -111.952351, 41.16646 ], [ -111.955826, 41.168365 ], [ -111.962197, 41.173345 ], [ -111.962859, 41.174161 ], [ -111.969663, 41.17667 ], [ -111.972518, 41.177851 ], [ -111.972918, 41.177853 ], [ -111.974323, 41.175958 ], [ -111.982271, 41.174295 ], [ -111.98345, 41.174302 ], [ -111.983715, 41.174303 ], [ -111.984415, 41.174308 ], [ -111.985129, 41.17374 ], [ -111.987136, 41.172524 ], [ -111.988957, 41.171191 ], [ -111.990516, 41.167803 ], [ -111.997826, 41.167644 ], [ -112.000835, 41.175887 ], [ -112.000024, 41.17718 ], [ -112.000034, 41.177476 ], [ -112.001762, 41.179573 ], [ -112.001856, 41.179658 ], [ -112.002437, 41.180137 ], [ -112.004033, 41.180744 ], [ -112.004453, 41.18938 ], [ -112.003692, 41.190219 ], [ -112.002864, 41.19107 ], [ -112.001986, 41.191879 ], [ -112.000706, 41.192991 ], [ -111.998643, 41.194607 ], [ -111.996179, 41.196507 ], [ -111.998377, 41.199358 ], [ -112.000841, 41.197458 ], [ -112.002926, 41.195824 ], [ -112.004343, 41.1946 ], [ -112.005302, 41.193719 ], [ -112.006267, 41.192735 ], [ -112.007117, 41.191802 ], [ -112.009379, 41.189276 ], [ -112.011513, 41.186559 ], [ -112.011864, 41.18601 ], [ -112.012137, 41.185482 ], [ -112.012368, 41.184902 ], [ -112.012524, 41.184386 ], [ -112.012607, 41.183948 ], [ -112.012907, 41.179967 ], [ -112.016567, 41.174332 ], [ -112.017288, 41.171982 ] ] ] } },
{ "type": "Feature", "properties": { "group_index": 0, "value": 600.0, "center": [ -112.01229887619532, 41.10215857085214 ], "point_id": 8 }, "geometry": { "type": "Polygon", "coordinates": [ [ [ -112.114287, 41.110365 ], [ -112.114462, 41.106769 ], [ -112.11446, 41.104475 ], [ -112.11086, 41.104465 ], [ -112.103965, 41.101904 ], [ -112.103056, 41.101904 ], [ -112.097468, 41.101128 ], [ -112.09483, 41.100475 ], [ -112.092839, 41.100211 ], [ -112.089112, 41.098116 ], [ -112.088399, 41.091029 ], [ -112.088798, 41.090157 ], [ -112.088807, 41.090134 ], [ -112.088401, 41.087429 ], [ -112.085663, 41.086391 ], [ -112.07915, 41.083436 ], [ -112.076254, 41.085574 ], [ -112.068533, 41.086243 ], [ -112.066423, 41.081117 ], [ -112.066425, 41.080582 ], [ -112.064586, 41.079313 ], [ -112.064408, 41.079317 ], [ -112.062825, 41.080572 ], [ -112.055866, 41.074999 ], [ -112.055857, 41.074655 ], [ -112.055696, 41.0729 ], [ -112.050244, 41.069841 ], [ -112.048759, 41.062879 ], [ -112.043073, 41.058425 ], [ -112.036701, 41.055066 ], [ -112.035904, 41.05469 ], [ -112.035146, 41.05437 ], [ -112.034321, 41.054056 ], [ -112.033508, 41.05378 ], [ -112.03271, 41.053539 ], [ -112.028124, 41.052082 ], [ -112.02017, 41.049305 ], [ -112.019343, 41.048972 ], [ -112.018913, 41.048833 ], [ -112.011873, 41.046195 ], [ -112.0081, 41.044494 ], [ -112.00315, 41.040752 ], [ -112.001401, 41.039128 ], [ -111.997175, 41.042495 ], [ -111.992949, 41.042898 ], [ -111.990914, 41.042564 ], [ -111.985042, 41.041597 ], [ -111.983788, 41.042142 ], [ -111.983453, 41.042339 ], [ -111.978977, 41.045602 ], [ -111.97206, 41.040251 ], [ -111.972086, 41.036651 ], [ -111.969645, 41.036633 ], [ -111.962489, 41.032794 ], [ -111.959021, 41.027839 ], [ -111.958686, 41.027462 ], [ -111.951234, 41.025661 ], [ -111.945016, 41.020544 ], [ -111.94332, 41.016932 ], [ -111.941585, 41.013243 ], [ -111.94098, 41.012135 ], [ -111.940374, 41.011295 ], [ -111.93966, 41.010433 ], [ -111.936375, 41.006885 ], [ -111.935699, 41.006369 ], [ -111.93213, 41.003632 ], [ -111.931401, 41.0031 ], [ -111.929998, 41.002185 ], [ -111.927519, 41.000623 ], [ -111.92504, 40.999061 ], [ -111.923121, 41.002106 ], [ -111.9256, 41.003669 ], [ -111.928078, 41.005231 ], [ -111.931819, 41.008221 ], [ -111.933265, 41.009625 ], [ -111.934559, 41.010727 ], [ -111.938403, 41.014927 ], [ -111.940061, 41.018462 ], [ -111.941757, 41.022074 ], [ -111.943453, 41.025687 ], [ -111.942934, 41.033084 ], [ -111.938607, 41.035797 ], [ -111.937655, 41.036279 ], [ -111.936771, 41.037436 ], [ -111.936391, 41.03793 ], [ -111.936072, 41.038579 ], [ -111.935018, 41.041026 ], [ -111.935113, 41.041235 ], [ -111.937133, 41.042019 ], [ -111.940222, 41.043689 ], [ -111.940293, 41.043743 ], [ -111.940295, 41.043744 ], [ -111.940366, 41.043799 ], [ -111.946248, 41.049748 ], [ -111.943097, 41.056953 ], [ -111.941539, 41.058282 ], [ -111.93932, 41.06132 ], [ -111.939276, 41.061365 ], [ -111.938822, 41.062256 ], [ -111.938818, 41.062293 ], [ -111.938818, 41.062299 ], [ -111.940321, 41.06432 ], [ -111.936356, 41.071487 ], [ -111.93179, 41.073072 ], [ -111.931449, 41.073082 ], [ -111.930041, 41.074841 ], [ -111.930041, 41.074862 ], [ -111.93155, 41.07668 ], [ -111.931892, 41.076671 ], [ -111.933998, 41.07683 ], [ -111.93978, 41.082188 ], [ -111.940145, 41.088528 ], [ -111.940145, 41.088886 ], [ -111.938677, 41.095354 ], [ -111.931914, 41.100208 ], [ -111.930773, 41.100485 ], [ -111.92987, 41.100762 ], [ -111.930926, 41.104203 ], [ -111.93718, 41.105074 ], [ -111.939399, 41.105378 ], [ -111.943454, 41.10656 ], [ -111.947844, 41.111049 ], [ -111.949484, 41.112791 ], [ -111.953271, 41.11289 ], [ -111.958308, 41.108975 ], [ -111.96413, 41.105376 ], [ -111.966815, 41.10528 ], [ -111.96898, 41.105287 ], [ -111.977171, 41.103542 ], [ -111.985875, 41.105345 ], [ -111.994652, 41.105339 ], [ -112.002521, 41.10641 ], [ -112.006051, 41.112445 ], [ -112.006739, 41.112671 ], [ -112.013814, 41.117272 ], [ -112.01763, 41.12295 ], [ -112.019442, 41.123943 ], [ -112.023348, 41.130777 ], [ -112.023355, 41.134184 ], [ -112.023361, 41.137592 ], [ -112.023367, 41.141 ], [ -112.023373, 41.144407 ], [ -112.02338, 41.147815 ], [ -112.020558, 41.15437 ], [ -112.015636, 41.156306 ], [ -112.015523, 41.156331 ], [ -112.014257, 41.158445 ], [ -112.014702, 41.161218 ], [ -112.015781, 41.162621 ], [ -112.015013, 41.171082 ], [ -112.015821, 41.172693 ], [ -112.013542, 41.180825 ], [ -112.011536, 41.182372 ], [ -112.00945, 41.183985 ], [ -112.008957, 41.184416 ], [ -112.008538, 41.184822 ], [ -112.00824, 41.185141 ], [ -112.006697, 41.186874 ], [ -112.004453, 41.18938 ], [ -111.999007, 41.194322 ], [ -112.001227, 41.197156 ], [ -112.002926, 41.195824 ], [ -112.004343, 41.1946 ], [ -112.005302, 41.193719 ], [ -112.006267, 41.192735 ], [ -112.007117, 41.191802 ], [ -112.009379, 41.189276 ], [ -112.015741, 41.183675 ], [ -112.017261, 41.182485 ], [ -112.01773, 41.18207 ], [ -112.018235, 41.181558 ], [ -112.018554, 41.181193 ], [ -112.018988, 41.180628 ], [ -112.019321, 41.180124 ], [ -112.019732, 41.179369 ], [ -112.020028, 41.178683 ], [ -112.026269, 41.172992 ], [ -112.032635, 41.168059 ], [ -112.033822, 41.167107 ], [ -112.040666, 41.163473 ], [ -112.040799, 41.162225 ], [ -112.040802, 41.161687 ], [ -112.04066, 41.159873 ], [ -112.040528, 41.159873 ], [ -112.035116, 41.157414 ], [ -112.037279, 41.148951 ], [ -112.044011, 41.14894 ], [ -112.04469, 41.148939 ], [ -112.04709, 41.148938 ], [ -112.047467, 41.148939 ], [ -112.05473, 41.147218 ], [ -112.054843, 41.147218 ], [ -112.056642, 41.145671 ], [ -112.062897, 41.142179 ], [ -112.064974, 41.141659 ], [ -112.066248, 41.140084 ], [ -112.072868, 41.134435 ], [ -112.073397, 41.134423 ], [ -112.081985, 41.132022 ], [ -112.085518, 41.132713 ], [ -112.092494, 41.127176 ], [ -112.097894, 41.121703 ], [ -112.105155, 41.119905 ], [ -112.109799, 41.119881 ], [ -112.109864, 41.119881 ], [ -112.111591, 41.11813 ], [ -112.114287, 41.110365 ] ] ] } },
{ "type": "Feature", "properties": { "group_index": 0, "value": 600.0, "center": [ -112.06335824732109, 41.086553099265174 ], "point_id": 9 }, "geometry": { "type": "Polygon", "coordinates": [ [ [ -112.163534, 41.087502 ], [ -112.159493, 41.087498 ], [ -112.155453, 41.087495 ], [ -112.151244, 41.087491 ], [ -112.147036, 41.087487 ], [ -112.142827, 41.087483 ], [ -112.138619, 41.087479 ], [ -112.13441, 41.087475 ], [ -112.130201, 41.087472 ], [ -112.125993, 41.087468 ], [ -112.121784, 41.087464 ], [ -112.114393, 41.082771 ], [ -112.11366, 41.08209 ], [ -112.109552, 41.080279 ], [ -112.10491, 41.074946 ], [ -112.104158, 41.073446 ], [ -112.103145, 41.072028 ], [ -112.096187, 41.072956 ], [ -112.094001, 41.072965 ], [ -112.085711, 41.069822 ], [ -112.08572, 41.067807 ], [ -112.085724, 41.06549 ], [ -112.080868, 41.061624 ], [ -112.075907, 41.058711 ], [ -112.075278, 41.058553 ], [ -112.074911, 41.05849 ], [ -112.074316, 41.058451 ], [ -112.071881, 41.058422 ], [ -112.068282, 41.058416 ], [ -112.064701, 41.058411 ], [ -112.064692, 41.058411 ], [ -112.062303, 41.058419 ], [ -112.059913, 41.058427 ], [ -112.054884, 41.052944 ], [ -112.054887, 41.05082 ], [ -112.054768, 41.049885 ], [ -112.054738, 41.049803 ], [ -112.051288, 41.05094 ], [ -112.051284, 41.052938 ], [ -112.044187, 41.058423 ], [ -112.040681, 41.057112 ], [ -112.038353, 41.055695 ], [ -112.037665, 41.0553 ], [ -112.036944, 41.054922 ], [ -112.036178, 41.054558 ], [ -112.03492, 41.054031 ], [ -112.02861, 41.047644 ], [ -112.027945, 41.044889 ], [ -112.02746, 41.044852 ], [ -112.026143, 41.044968 ], [ -112.020689, 41.049525 ], [ -112.01792, 41.048924 ], [ -112.015752, 41.047948 ], [ -112.011873, 41.046195 ], [ -112.0081, 41.044494 ], [ -112.004899, 41.042376 ], [ -112.002542, 41.040188 ], [ -112.000185, 41.037999 ], [ -111.996649, 41.032978 ], [ -111.99524, 41.031712 ], [ -111.993832, 41.030445 ], [ -111.993826, 41.03044 ], [ -111.992824, 41.029588 ], [ -111.990285, 41.028094 ], [ -111.983765, 41.026828 ], [ -111.979517, 41.023967 ], [ -111.977217, 41.021602 ], [ -111.974917, 41.019237 ], [ -111.972617, 41.016871 ], [ -111.970317, 41.014506 ], [ -111.968143, 41.012271 ], [ -111.96597, 41.010036 ], [ -111.963389, 41.012546 ], [ -111.965562, 41.014781 ], [ -111.967736, 41.017016 ], [ -111.970036, 41.019381 ], [ -111.972336, 41.021746 ], [ -111.974636, 41.024112 ], [ -111.976936, 41.026477 ], [ -111.977477, 41.026999 ], [ -111.978124, 41.027556 ], [ -111.978691, 41.035125 ], [ -111.974426, 41.036667 ], [ -111.974242, 41.036666 ], [ -111.972615, 41.038401 ], [ -111.972607, 41.038623 ], [ -111.972622, 41.038642 ], [ -111.974216, 41.040266 ], [ -111.974401, 41.040267 ], [ -111.979412, 41.041379 ], [ -111.980945, 41.049581 ], [ -111.980969, 41.049646 ], [ -111.98245, 41.05091 ], [ -111.987981, 41.053509 ], [ -111.988776, 41.053513 ], [ -111.996884, 41.053453 ], [ -111.99574, 41.060078 ], [ -111.995729, 41.060379 ], [ -111.997287, 41.061944 ], [ -112.000325, 41.069372 ], [ -112.005189, 41.075984 ], [ -112.005183, 41.077862 ], [ -112.004277, 41.081446 ], [ -111.99681, 41.082737 ], [ -111.996549, 41.082558 ], [ -111.994727, 41.082771 ], [ -111.994664, 41.082818 ], [ -111.993662, 41.089231 ], [ -111.993665, 41.089348 ], [ -111.998974, 41.094626 ], [ -112.005089, 41.09954 ], [ -112.006797, 41.101166 ], [ -112.009042, 41.103506 ], [ -112.012386, 41.111345 ], [ -112.013327, 41.112716 ], [ -112.016556, 41.113571 ], [ -112.020884, 41.119357 ], [ -112.025719, 41.122408 ], [ -112.026049, 41.122407 ], [ -112.027149, 41.122126 ], [ -112.030929, 41.119951 ], [ -112.036641, 41.125695 ], [ -112.036635, 41.125882 ], [ -112.03712, 41.12714 ], [ -112.039535, 41.132671 ], [ -112.040871, 41.134409 ], [ -112.045282, 41.135674 ], [ -112.045838, 41.135689 ], [ -112.053058, 41.137645 ], [ -112.0544, 41.138681 ], [ -112.054859, 41.138682 ], [ -112.055366, 41.138436 ], [ -112.064219, 41.138288 ], [ -112.064471, 41.138288 ], [ -112.071873, 41.136306 ], [ -112.072228, 41.136305 ], [ -112.072228, 41.136305 ], [ -112.07244, 41.136305 ], [ -112.078266, 41.135305 ], [ -112.081983, 41.140591 ], [ -112.082704, 41.141647 ], [ -112.083717, 41.142055 ], [ -112.083799, 41.142055 ], [ -112.084882, 41.141636 ], [ -112.085583, 41.140596 ], [ -112.085584, 41.140257 ], [ -112.085794, 41.137102 ], [ -112.09259, 41.134414 ], [ -112.093286, 41.134414 ], [ -112.09439, 41.132766 ], [ -112.09439, 41.132609 ], [ -112.095222, 41.12859 ], [ -112.103565, 41.128248 ], [ -112.103738, 41.128415 ], [ -112.106366, 41.134396 ], [ -112.110731, 41.138146 ], [ -112.112498, 41.139454 ], [ -112.113194, 41.139467 ], [ -112.114331, 41.138139 ], [ -112.116873, 41.13422 ], [ -112.121204, 41.126953 ], [ -112.122622, 41.118645 ], [ -112.122238, 41.112756 ], [ -112.122154, 41.112462 ], [ -112.116666, 41.105487 ], [ -112.116644, 41.101887 ], [ -112.121016, 41.097153 ], [ -112.12599, 41.091068 ], [ -112.130198, 41.091072 ], [ -112.134407, 41.091075 ], [ -112.138615, 41.091079 ], [ -112.142824, 41.091083 ], [ -112.147033, 41.091087 ], [ -112.151241, 41.091091 ], [ -112.15545, 41.091095 ], [ -112.15949, 41.091098 ], [ -112.163531, 41.091102 ], [ -112.163534, 41.087502 ] ] ] } },
{ "type": "Feature", "properties": { "group_index": 0, "value": 600.0, "center": [ -111.93675273396434, 41.035879831606316 ], "point_id": 10 }, "geometry": { "type": "Polygon", "coordinates": [ [ [ -112.016356, 41.114717 ], [ -112.014616, 41.112824 ], [ -112.013401, 41.111429 ], [ -112.012155, 41.11 ], [ -112.009653, 41.107205 ], [ -112.006476, 41.102056 ], [ -112.006199, 41.101713 ], [ -112.005797, 41.101355 ], [ -112.005398, 41.101097 ], [ -112.004447, 41.100602 ], [ -112.003822, 41.100195 ], [ -112.001126, 41.097958 ], [ -112.00081, 41.090956 ], [ -112.002088, 41.089312 ], [ -112.002167, 41.089155 ], [ -112.002167, 41.089057 ], [ -112.000791, 41.087357 ], [ -111.996075, 41.082239 ], [ -111.995712, 41.074542 ], [ -111.995616, 41.073989 ], [ -111.995292, 41.073355 ], [ -111.995195, 41.073232 ], [ -111.994394, 41.072868 ], [ -111.990207, 41.06999 ], [ -111.990855, 41.061948 ], [ -111.992436, 41.060216 ], [ -111.992436, 41.060146 ], [ -111.997517, 41.052731 ], [ -111.998394, 41.052754 ], [ -112.006367, 41.052511 ], [ -112.009325, 41.051331 ], [ -112.01621, 41.052757 ], [ -112.018883, 41.053559 ], [ -112.019742, 41.053904 ], [ -112.021084, 41.050564 ], [ -112.019512, 41.049908 ], [ -112.017555, 41.049023 ], [ -112.015574, 41.048127 ], [ -112.011744, 41.046393 ], [ -112.007913, 41.04466 ], [ -112.002376, 41.040384 ], [ -111.997247, 41.033516 ], [ -111.995539, 41.031981 ], [ -111.993832, 41.030445 ], [ -111.993826, 41.03044 ], [ -111.992824, 41.029588 ], [ -111.990091, 41.027972 ], [ -111.989209, 41.027493 ], [ -111.981035, 41.025261 ], [ -111.980466, 41.024822 ], [ -111.979517, 41.023967 ], [ -111.977217, 41.021602 ], [ -111.974917, 41.019237 ], [ -111.972617, 41.016871 ], [ -111.970317, 41.014506 ], [ -111.968229, 41.01236 ], [ -111.966142, 41.010214 ], [ -111.958627, 41.005619 ], [ -111.956582, 41.003593 ], [ -111.954537, 41.001566 ], [ -111.95234, 40.999389 ], [ -111.950142, 40.997212 ], [ -111.949417, 40.996603 ], [ -111.94863, 40.996058 ], [ -111.947683, 40.995522 ], [ -111.942658, 40.99237 ], [ -111.937343, 40.986664 ], [ -111.933747, 40.986484 ], [ -111.933723, 40.986975 ], [ -111.928991, 40.994274 ], [ -111.920438, 40.995974 ], [ -111.915217, 40.989294 ], [ -111.915733, 40.983822 ], [ -111.9145, 40.980534 ], [ -111.914203, 40.980603 ], [ -111.912934, 40.98089 ], [ -111.911452, 40.981189 ], [ -111.909895, 40.981519 ], [ -111.908478, 40.981755 ], [ -111.900356, 40.979004 ], [ -111.899553, 40.976945 ], [ -111.898752, 40.974811 ], [ -111.897832, 40.972291 ], [ -111.896884, 40.969699 ], [ -111.896175, 40.967991 ], [ -111.894622, 40.961997 ], [ -111.894818, 40.958675 ], [ -111.892973, 40.953339 ], [ -111.889373, 40.953352 ], [ -111.889377, 40.954434 ], [ -111.889566, 40.961076 ], [ -111.889538, 40.96383 ], [ -111.88954, 40.966429 ], [ -111.889641, 40.967499 ], [ -111.889813, 40.968297 ], [ -111.890242, 40.969581 ], [ -111.890601, 40.970301 ], [ -111.891595, 40.971881 ], [ -111.892317, 40.973088 ], [ -111.892663, 40.973753 ], [ -111.893101, 40.974683 ], [ -111.894449, 40.978159 ], [ -111.895847, 40.981752 ], [ -111.89261, 40.98874 ], [ -111.889404, 40.988444 ], [ -111.889252, 40.988456 ], [ -111.887748, 40.990373 ], [ -111.886259, 40.998627 ], [ -111.886218, 40.998982 ], [ -111.886212, 40.999193 ], [ -111.887676, 41.000544 ], [ -111.889431, 41.001977 ], [ -111.894267, 41.009404 ], [ -111.894908, 41.01003 ], [ -111.894982, 41.010107 ], [ -111.895387, 41.010558 ], [ -111.897475, 41.018946 ], [ -111.897262, 41.019631 ], [ -111.895549, 41.026931 ], [ -111.895696, 41.027765 ], [ -111.898531, 41.033934 ], [ -111.898711, 41.034328 ], [ -111.900393, 41.038333 ], [ -111.900139, 41.046937 ], [ -111.900775, 41.050898 ], [ -111.902815, 41.059203 ], [ -111.901808, 41.060245 ], [ -111.90278, 41.061986 ], [ -111.903807, 41.063238 ], [ -111.908255, 41.070792 ], [ -111.906028, 41.073528 ], [ -111.904128, 41.077291 ], [ -111.903943, 41.077635 ], [ -111.904878, 41.08563 ], [ -111.906963, 41.091028 ], [ -111.90662, 41.095306 ], [ -111.906598, 41.095925 ], [ -111.906633, 41.096297 ], [ -111.908006, 41.105078 ], [ -111.907954, 41.107337 ], [ -111.911523, 41.107805 ], [ -111.911702, 41.106441 ], [ -111.911842, 41.104765 ], [ -111.91188, 41.104123 ], [ -111.911965, 41.101386 ], [ -111.912089, 41.098921 ], [ -111.91348, 41.093113 ], [ -111.913525, 41.092935 ], [ -111.913592, 41.092184 ], [ -111.913591, 41.092054 ], [ -111.91354, 41.091357 ], [ -111.913485, 41.091084 ], [ -111.912745, 41.088671 ], [ -111.914253, 41.082893 ], [ -111.918099, 41.080281 ], [ -111.92049, 41.079217 ], [ -111.92165, 41.078809 ], [ -111.923129, 41.078286 ], [ -111.93111, 41.082084 ], [ -111.932996, 41.083496 ], [ -111.936396, 41.084114 ], [ -111.942916, 41.088898 ], [ -111.94441, 41.090637 ], [ -111.948239, 41.093804 ], [ -111.951839, 41.093751 ], [ -111.956587, 41.090805 ], [ -111.957655, 41.089259 ], [ -111.960916, 41.085671 ], [ -111.969334, 41.084972 ], [ -111.970097, 41.086424 ], [ -111.970769, 41.087403 ], [ -111.971337, 41.088636 ], [ -111.971658, 41.08912 ], [ -111.973457, 41.090585 ], [ -111.979286, 41.092588 ], [ -111.985607, 41.098694 ], [ -111.985881, 41.099761 ], [ -111.988165, 41.100791 ], [ -111.993843, 41.105339 ], [ -111.994652, 41.105339 ], [ -112.002521, 41.10641 ], [ -112.003738, 41.107049 ], [ -112.006971, 41.109606 ], [ -112.009441, 41.112366 ], [ -112.010687, 41.113795 ], [ -112.011965, 41.11526 ], [ -112.013705, 41.117153 ], [ -112.015445, 41.119046 ], [ -112.018096, 41.11661 ], [ -112.016356, 41.114717 ] ] ] } },
{ "type": "Feature", "properties": { "group_index": 0, "value": 600.0, "center": [ -111.96201363201975, 41.06708186298325 ], "point_id": 11 }, "geometry": { "type": "Polygon", "coordinates": [ [ [ -112.026954, 41.134021 ], [ -112.026948, 41.13077 ], [ -112.026943, 41.127812 ], [ -112.026927, 41.12735 ], [ -112.02686, 41.126753 ], [ -112.026764, 41.126223 ], [ -112.025927, 41.122165 ], [ -112.02588, 41.122102 ], [ -112.025334, 41.121504 ], [ -112.024878, 41.121048 ], [ -112.024401, 41.120701 ], [ -112.024007, 41.12047 ], [ -112.022475, 41.119682 ], [ -112.018275, 41.116807 ], [ -112.016465, 41.114836 ], [ -112.018058, 41.106611 ], [ -112.019523, 41.103561 ], [ -112.019517, 41.103374 ], [ -112.017905, 41.101822 ], [ -112.014841, 41.100493 ], [ -112.012794, 41.091757 ], [ -112.010009, 41.087287 ], [ -112.008774, 41.078734 ], [ -112.010479, 41.076455 ], [ -112.012048, 41.075076 ], [ -112.014805, 41.069437 ], [ -112.015983, 41.067685 ], [ -112.020932, 41.061965 ], [ -112.023162, 41.06197 ], [ -112.027457, 41.056134 ], [ -112.028199, 41.052611 ], [ -112.020603, 41.049174 ], [ -112.020009, 41.048883 ], [ -112.01878, 41.048535 ], [ -112.016415, 41.04817 ], [ -112.010374, 41.04789 ], [ -112.004045, 41.041934 ], [ -112.002062, 41.040093 ], [ -112.00008, 41.038251 ], [ -111.99488, 41.031388 ], [ -111.993832, 41.030445 ], [ -111.993826, 41.03044 ], [ -111.992824, 41.029588 ], [ -111.991998, 41.029229 ], [ -111.99167, 41.02917 ], [ -111.983765, 41.026828 ], [ -111.982864, 41.026396 ], [ -111.976157, 41.029668 ], [ -111.969766, 41.02754 ], [ -111.967702, 41.025885 ], [ -111.96421, 41.021366 ], [ -111.963767, 41.020931 ], [ -111.963256, 41.020531 ], [ -111.96291, 41.020304 ], [ -111.961276, 41.019516 ], [ -111.953373, 41.016442 ], [ -111.951832, 41.016311 ], [ -111.943552, 41.01309 ], [ -111.937509, 41.008232 ], [ -111.93274, 41.004111 ], [ -111.93213, 41.003632 ], [ -111.931401, 41.0031 ], [ -111.929998, 41.002185 ], [ -111.926485, 40.999971 ], [ -111.920438, 40.995974 ], [ -111.917489, 40.994056 ], [ -111.914475, 40.992098 ], [ -111.911577, 40.990261 ], [ -111.910368, 40.989491 ], [ -111.907024, 40.987558 ], [ -111.903168, 40.983185 ], [ -111.900285, 40.982997 ], [ -111.897297, 40.985004 ], [ -111.897807, 40.985764 ], [ -111.899323, 40.98748 ], [ -111.900358, 40.988345 ], [ -111.901197, 40.988904 ], [ -111.902105, 40.989453 ], [ -111.904168, 40.990511 ], [ -111.905948, 40.991408 ], [ -111.906118, 40.991507 ], [ -111.908295, 40.992703 ], [ -111.91035, 40.993829 ], [ -111.910548, 40.993958 ], [ -111.912642, 40.995197 ], [ -111.915526, 40.997074 ], [ -111.918475, 40.998992 ], [ -111.920977, 41.000753 ], [ -111.924566, 41.003017 ], [ -111.928078, 41.005231 ], [ -111.929435, 41.006116 ], [ -111.93, 41.006534 ], [ -111.930512, 41.006939 ], [ -111.931819, 41.008221 ], [ -111.933265, 41.009625 ], [ -111.934559, 41.010727 ], [ -111.935936, 41.011836 ], [ -111.937742, 41.016763 ], [ -111.937864, 41.018058 ], [ -111.931916, 41.024032 ], [ -111.928447, 41.021331 ], [ -111.926983, 41.021058 ], [ -111.92533, 41.021006 ], [ -111.925105, 41.021185 ], [ -111.92485, 41.021394 ], [ -111.924718, 41.021523 ], [ -111.924667, 41.023814 ], [ -111.924643, 41.028349 ], [ -111.922931, 41.031312 ], [ -111.915322, 41.035831 ], [ -111.914655, 41.035614 ], [ -111.910614, 41.029887 ], [ -111.910558, 41.029392 ], [ -111.910342, 41.026664 ], [ -111.91013, 41.024037 ], [ -111.910116, 41.02346 ], [ -111.910118, 41.022859 ], [ -111.910242, 41.021584 ], [ -111.910348, 41.020896 ], [ -111.910582, 41.019867 ], [ -111.910931, 41.018687 ], [ -111.90748, 41.017664 ], [ -111.90713, 41.018843 ], [ -111.90684, 41.020087 ], [ -111.906687, 41.021014 ], [ -111.906536, 41.022501 ], [ -111.906516, 41.023409 ], [ -111.906531, 41.024119 ], [ -111.906753, 41.026948 ], [ -111.90697, 41.029677 ], [ -111.907082, 41.03097 ], [ -111.905795, 41.03947 ], [ -111.907722, 41.045768 ], [ -111.907515, 41.050937 ], [ -111.903882, 41.055773 ], [ -111.902709, 41.061171 ], [ -111.902669, 41.061371 ], [ -111.90278, 41.061986 ], [ -111.904021, 41.062337 ], [ -111.907889, 41.0651 ], [ -111.908255, 41.070792 ], [ -111.902631, 41.077769 ], [ -111.902489, 41.077884 ], [ -111.902065, 41.078392 ], [ -111.901988, 41.07889 ], [ -111.904586, 41.086954 ], [ -111.90391, 41.089566 ], [ -111.905383, 41.097252 ], [ -111.907462, 41.100821 ], [ -111.908132, 41.105973 ], [ -111.907906, 41.107705 ], [ -111.90738, 41.111191 ], [ -111.907154, 41.112977 ], [ -111.906982, 41.114788 ], [ -111.906888, 41.115864 ], [ -111.906671, 41.119037 ], [ -111.910263, 41.119283 ], [ -111.91048, 41.116111 ], [ -111.910568, 41.115102 ], [ -111.915195, 41.109804 ], [ -111.919241, 41.110893 ], [ -111.919436, 41.110869 ], [ -111.920161, 41.11019 ], [ -111.920978, 41.109428 ], [ -111.929371, 41.107791 ], [ -111.931197, 41.109994 ], [ -111.933002, 41.111457 ], [ -111.933167, 41.111458 ], [ -111.934795, 41.11012 ], [ -111.938482, 41.10853 ], [ -111.94519, 41.110487 ], [ -111.949823, 41.116019 ], [ -111.950442, 41.117671 ], [ -111.951226, 41.118258 ], [ -111.951712, 41.118261 ], [ -111.954756, 41.115026 ], [ -111.956225, 41.112165 ], [ -111.957641, 41.107967 ], [ -111.96413, 41.105376 ], [ -111.966815, 41.10528 ], [ -111.96898, 41.105287 ], [ -111.977171, 41.103542 ], [ -111.979353, 41.103822 ], [ -111.980759, 41.10383 ], [ -111.985838, 41.103655 ], [ -111.994652, 41.105339 ], [ -112.002521, 41.10641 ], [ -112.005271, 41.112174 ], [ -112.006005, 41.112419 ], [ -112.006665, 41.112659 ], [ -112.013814, 41.117272 ], [ -112.017644, 41.123811 ], [ -112.020558, 41.12504 ], [ -112.023348, 41.130777 ], [ -112.023354, 41.134027 ], [ -112.02336, 41.137278 ], [ -112.02696, 41.137271 ], [ -112.026954, 41.134021 ] ] ] } },
{ "type": "Feature", "properties": { "group_index": 0, "value": 600.0, "center": [ -111.8887354247332, 40.97823682318386 ], "point_id": 12 }, "geometry": { "type": "Polygon", "coordinates": [ [ [ -111.949281, 41.032537 ], [ -111.94922, 41.031584 ], [ -111.949037, 41.030532 ], [ -111.948714, 41.029449 ], [ -111.948066, 41.027909 ], [ -111.946979, 41.025586 ], [ -111.945581, 41.022559 ], [ -111.944179, 41.019523 ], [ -111.942777, 41.016487 ], [ -111.941375, 41.01345 ], [ -111.940798, 41.012417 ], [ -111.943515, 41.004058 ], [ -111.947248, 40.999472 ], [ -111.949275, 40.996497 ], [ -111.94863, 40.996058 ], [ -111.947683, 40.995522 ], [ -111.947303, 40.995336 ], [ -111.942658, 40.99237 ], [ -111.940902, 40.991304 ], [ -111.936648, 40.989774 ], [ -111.936991, 40.980862 ], [ -111.936977, 40.977297 ], [ -111.934298, 40.974068 ], [ -111.932064, 40.967116 ], [ -111.931664, 40.965104 ], [ -111.93127, 40.964284 ], [ -111.930261, 40.963615 ], [ -111.929581, 40.963225 ], [ -111.925982, 40.963263 ], [ -111.921302, 40.963506 ], [ -111.917793, 40.963487 ], [ -111.913951, 40.963436 ], [ -111.912255, 40.963255 ], [ -111.911665, 40.963183 ], [ -111.905766, 40.96435 ], [ -111.904104, 40.957682 ], [ -111.903425, 40.954912 ], [ -111.902742, 40.952125 ], [ -111.902081, 40.94954 ], [ -111.90142, 40.946954 ], [ -111.894619, 40.942654 ], [ -111.894773, 40.940056 ], [ -111.89481, 40.938728 ], [ -111.896343, 40.932633 ], [ -111.898659, 40.929664 ], [ -111.899029, 40.929277 ], [ -111.899418, 40.928798 ], [ -111.900062, 40.92767 ], [ -111.900248, 40.927233 ], [ -111.902109, 40.922054 ], [ -111.908151, 40.917402 ], [ -111.909829, 40.916541 ], [ -111.910969, 40.915733 ], [ -111.911881, 40.914963 ], [ -111.914341, 40.912349 ], [ -111.91673, 40.909807 ], [ -111.923982, 40.904603 ], [ -111.925631, 40.90358 ], [ -111.923733, 40.900521 ], [ -111.922084, 40.901544 ], [ -111.920776, 40.902203 ], [ -111.919186, 40.903118 ], [ -111.916916, 40.904835 ], [ -111.916082, 40.905522 ], [ -111.915116, 40.906377 ], [ -111.914252, 40.907195 ], [ -111.91172, 40.909881 ], [ -111.903783, 40.910647 ], [ -111.902274, 40.909337 ], [ -111.897137, 40.906968 ], [ -111.895314, 40.900136 ], [ -111.900302, 40.895672 ], [ -111.900559, 40.892081 ], [ -111.905569, 40.886045 ], [ -111.907287, 40.884288 ], [ -111.907288, 40.884265 ], [ -111.905559, 40.882445 ], [ -111.901276, 40.880804 ], [ -111.898732, 40.874507 ], [ -111.898778, 40.873082 ], [ -111.89891, 40.871901 ], [ -111.899069, 40.870822 ], [ -111.899553, 40.869088 ], [ -111.901235, 40.865859 ], [ -111.90148, 40.865386 ], [ -111.898464, 40.86342 ], [ -111.897904, 40.86428 ], [ -111.897281, 40.865328 ], [ -111.896677, 40.866505 ], [ -111.896171, 40.867856 ], [ -111.8958, 40.868967 ], [ -111.895553, 40.870053 ], [ -111.895351, 40.871363 ], [ -111.895201, 40.872677 ], [ -111.895134, 40.874378 ], [ -111.895085, 40.877461 ], [ -111.891102, 40.883903 ], [ -111.891006, 40.884256 ], [ -111.890416, 40.886211 ], [ -111.884017, 40.891858 ], [ -111.879895, 40.897791 ], [ -111.878512, 40.899577 ], [ -111.878507, 40.900131 ], [ -111.877074, 40.906261 ], [ -111.871835, 40.910279 ], [ -111.870561, 40.911173 ], [ -111.868123, 40.915245 ], [ -111.866514, 40.920298 ], [ -111.866073, 40.921773 ], [ -111.866927, 40.927802 ], [ -111.867048, 40.928299 ], [ -111.867227, 40.928707 ], [ -111.868864, 40.933635 ], [ -111.869132, 40.941948 ], [ -111.869559, 40.943368 ], [ -111.869791, 40.944011 ], [ -111.870822, 40.946044 ], [ -111.875882, 40.948576 ], [ -111.877116, 40.949403 ], [ -111.879355, 40.952074 ], [ -111.879885, 40.952902 ], [ -111.881543, 40.956284 ], [ -111.881535, 40.962071 ], [ -111.875025, 40.964752 ], [ -111.871986, 40.964472 ], [ -111.871884, 40.964491 ], [ -111.871424, 40.964892 ], [ -111.871051, 40.96542 ], [ -111.870865, 40.965798 ], [ -111.870736, 40.966803 ], [ -111.871472, 40.96806 ], [ -111.872484, 40.976369 ], [ -111.872501, 40.977276 ], [ -111.872711, 40.978164 ], [ -111.872933, 40.978936 ], [ -111.873371, 40.979872 ], [ -111.875943, 40.985534 ], [ -111.876849, 40.988207 ], [ -111.878231, 40.992115 ], [ -111.879439, 40.994103 ], [ -111.886178, 40.995305 ], [ -111.887399, 40.99874 ], [ -111.888067, 41.000134 ], [ -111.890505, 41.005337 ], [ -111.891854, 41.012463 ], [ -111.892364, 41.014952 ], [ -111.89336, 41.0163 ], [ -111.897627, 41.021573 ], [ -111.898495, 41.026606 ], [ -111.898119, 41.030415 ], [ -111.89821, 41.030563 ], [ -111.898543, 41.030966 ], [ -111.899135, 41.031379 ], [ -111.901619, 41.032802 ], [ -111.905523, 41.039258 ], [ -111.90832, 41.04732 ], [ -111.908425, 41.04932 ], [ -111.91202, 41.049131 ], [ -111.911915, 41.047131 ], [ -111.911913, 41.04313 ], [ -111.911884, 41.041913 ], [ -111.91182, 41.041076 ], [ -111.911727, 41.040291 ], [ -111.91156, 41.039209 ], [ -111.9112, 41.037043 ], [ -111.910864, 41.035089 ], [ -111.910843, 41.034896 ], [ -111.910615, 41.03309 ], [ -111.910478, 41.031534 ], [ -111.911313, 41.028558 ], [ -111.918516, 41.026422 ], [ -111.918709, 41.026446 ], [ -111.919033, 41.026448 ], [ -111.919438, 41.026405 ], [ -111.920817, 41.026278 ], [ -111.921501, 41.02617 ], [ -111.929921, 41.028301 ], [ -111.930933, 41.028037 ], [ -111.93153, 41.027656 ], [ -111.932292, 41.025592 ], [ -111.93162, 41.019993 ], [ -111.939509, 41.017996 ], [ -111.940911, 41.021032 ], [ -111.942313, 41.024068 ], [ -111.943719, 41.027114 ], [ -111.944756, 41.029323 ], [ -111.945504, 41.033464 ], [ -111.945672, 41.033971 ], [ -111.949056, 41.034046 ], [ -111.949272, 41.033995 ], [ -111.949281, 41.032537 ] ] ] } },
{ "type": "Feature", "properties": { "group_index": 0, "value": 600.0, "center": [ -111.8837879, 40.8957387 ], "point_id": 13 }, "geometry": { "type": "Polygon", "coordinates": [ [ [ -111.938772, 40.981833 ], [ -111.938892, 40.981059 ], [ -111.93893, 40.980084 ], [ -111.938848, 40.979073 ], [ -111.938707, 40.978318 ], [ -111.938164, 40.976299 ], [ -111.937649, 40.974397 ], [ -111.93738, 40.97359 ], [ -111.93702, 40.972777 ], [ -111.936692, 40.972179 ], [ -111.936367, 40.97167 ], [ -111.936036, 40.971219 ], [ -111.93572, 40.970838 ], [ -111.935315, 40.970399 ], [ -111.934811, 40.969906 ], [ -111.934054, 40.969277 ], [ -111.933291, 40.968746 ], [ -111.932717, 40.968399 ], [ -111.931806, 40.967928 ], [ -111.931104, 40.96762 ], [ -111.930365, 40.967343 ], [ -111.929601, 40.967104 ], [ -111.928817, 40.966904 ], [ -111.928006, 40.966743 ], [ -111.927568, 40.966674 ], [ -111.926756, 40.966579 ], [ -111.925637, 40.966514 ], [ -111.921807, 40.966504 ], [ -111.918073, 40.966498 ], [ -111.911127, 40.964234 ], [ -111.908634, 40.962281 ], [ -111.908164, 40.961938 ], [ -111.907715, 40.961651 ], [ -111.907245, 40.961388 ], [ -111.906624, 40.961082 ], [ -111.90611, 40.960863 ], [ -111.90556, 40.960672 ], [ -111.904864, 40.960485 ], [ -111.904061, 40.960322 ], [ -111.903433, 40.960226 ], [ -111.902811, 40.960158 ], [ -111.900296, 40.960087 ], [ -111.894393, 40.954935 ], [ -111.894429, 40.952118 ], [ -111.894466, 40.949307 ], [ -111.894448, 40.948169 ], [ -111.894301, 40.944818 ], [ -111.89431, 40.942523 ], [ -111.900014, 40.936253 ], [ -111.900619, 40.933308 ], [ -111.90062, 40.933302 ], [ -111.901287, 40.930113 ], [ -111.902109, 40.922054 ], [ -111.908151, 40.917402 ], [ -111.909829, 40.916541 ], [ -111.910969, 40.915733 ], [ -111.911881, 40.914963 ], [ -111.914341, 40.912349 ], [ -111.91673, 40.909807 ], [ -111.923982, 40.904603 ], [ -111.925767, 40.903491 ], [ -111.927054, 40.902563 ], [ -111.928172, 40.901606 ], [ -111.930713, 40.89922 ], [ -111.93229, 40.897831 ], [ -111.933912, 40.896401 ], [ -111.934726, 40.895629 ], [ -111.936765, 40.893493 ], [ -111.941031, 40.886565 ], [ -111.94144, 40.885906 ], [ -111.941655, 40.884951 ], [ -111.941555, 40.884144 ], [ -111.94121, 40.88342 ], [ -111.939884, 40.876172 ], [ -111.942403, 40.868752 ], [ -111.944444, 40.865869 ], [ -111.944948, 40.865125 ], [ -111.945509, 40.864172 ], [ -111.945866, 40.863305 ], [ -111.946068, 40.862568 ], [ -111.946179, 40.861747 ], [ -111.946177, 40.860895 ], [ -111.945933, 40.85843 ], [ -111.945688, 40.855965 ], [ -111.945446, 40.853527 ], [ -111.945204, 40.851088 ], [ -111.942179, 40.843797 ], [ -111.942421, 40.842241 ], [ -111.94212, 40.839678 ], [ -111.944202, 40.832719 ], [ -111.947402, 40.831481 ], [ -111.948107, 40.830454 ], [ -111.948354, 40.830007 ], [ -111.948717, 40.829257 ], [ -111.949795, 40.826493 ], [ -111.950937, 40.823534 ], [ -111.951145, 40.822713 ], [ -111.951288, 40.821806 ], [ -111.951372, 40.820833 ], [ -111.951605, 40.815117 ], [ -111.951614, 40.814886 ], [ -111.951571, 40.811287 ], [ -111.951184, 40.802982 ], [ -111.947589, 40.802783 ], [ -111.947422, 40.80579 ], [ -111.947489, 40.809615 ], [ -111.947558, 40.813308 ], [ -111.947637, 40.815551 ], [ -111.947719, 40.817565 ], [ -111.947715, 40.817765 ], [ -111.947772, 40.820899 ], [ -111.947706, 40.821453 ], [ -111.947456, 40.822615 ], [ -111.946441, 40.825185 ], [ -111.937957, 40.826162 ], [ -111.937392, 40.82613 ], [ -111.935533, 40.827192 ], [ -111.928732, 40.832136 ], [ -111.928374, 40.832171 ], [ -111.926472, 40.832178 ], [ -111.923526, 40.832199 ], [ -111.918324, 40.826725 ], [ -111.918481, 40.824337 ], [ -111.923655, 40.819541 ], [ -111.927848, 40.818568 ], [ -111.927851, 40.814968 ], [ -111.927259, 40.812803 ], [ -111.927149, 40.812034 ], [ -111.926981, 40.811631 ], [ -111.925911, 40.808254 ], [ -111.925742, 40.8076 ], [ -111.925396, 40.806608 ], [ -111.92453, 40.804865 ], [ -111.923459, 40.802708 ], [ -111.922364, 40.800504 ], [ -111.92141, 40.79872 ], [ -111.919368, 40.793464 ], [ -111.917398, 40.789736 ], [ -111.917055, 40.789096 ], [ -111.91659, 40.788304 ], [ -111.915827, 40.787084 ], [ -111.912775, 40.788992 ], [ -111.914944, 40.793353 ], [ -111.915706, 40.795263 ], [ -111.91608, 40.796373 ], [ -111.916579, 40.797422 ], [ -111.917278, 40.798753 ], [ -111.918289, 40.800514 ], [ -111.919189, 40.8022 ], [ -111.916859, 40.810124 ], [ -111.915525, 40.818494 ], [ -111.915232, 40.819111 ], [ -111.915041, 40.819603 ], [ -111.91488, 40.820158 ], [ -111.914791, 40.820657 ], [ -111.914652, 40.822084 ], [ -111.914521, 40.823915 ], [ -111.914409, 40.826315 ], [ -111.910824, 40.831805 ], [ -111.904929, 40.831726 ], [ -111.904635, 40.831779 ], [ -111.903085, 40.832795 ], [ -111.899092, 40.838216 ], [ -111.896372, 40.839103 ], [ -111.896283, 40.839118 ], [ -111.89598, 40.839214 ], [ -111.895421, 40.842054 ], [ -111.893527, 40.848039 ], [ -111.885427, 40.851686 ], [ -111.885261, 40.851686 ], [ -111.881043, 40.853327 ], [ -111.880084, 40.853651 ], [ -111.872317, 40.857073 ], [ -111.865338, 40.862526 ], [ -111.86357, 40.863341 ], [ -111.857125, 40.867235 ], [ -111.849078, 40.865457 ], [ -111.847696, 40.86527 ], [ -111.845369, 40.865784 ], [ -111.841152, 40.871164 ], [ -111.841066, 40.871317 ], [ -111.842854, 40.878865 ], [ -111.843051, 40.887648 ], [ -111.842207, 40.895529 ], [ -111.842089, 40.896302 ], [ -111.842239, 40.899805 ], [ -111.842551, 40.901541 ], [ -111.843219, 40.902072 ], [ -111.843989, 40.902265 ], [ -111.845388, 40.902312 ], [ -111.848287, 40.901524 ], [ -111.855043, 40.89947 ], [ -111.861818, 40.900944 ], [ -111.862985, 40.903889 ], [ -111.861502, 40.91157 ], [ -111.861059, 40.915129 ], [ -111.861329, 40.915478 ], [ -111.862434, 40.916536 ], [ -111.86289, 40.916949 ], [ -111.863452, 40.917369 ], [ -111.867561, 40.921775 ], [ -111.868441, 40.925703 ], [ -111.868872, 40.931931 ], [ -111.868837, 40.933969 ], [ -111.87272, 40.940071 ], [ -111.873899, 40.943324 ], [ -111.874997, 40.945777 ], [ -111.878891, 40.952228 ], [ -111.880516, 40.9573 ], [ -111.881543, 40.959907 ], [ -111.883655, 40.966929 ], [ -111.885119, 40.970455 ], [ -111.88262, 40.977102 ], [ -111.882619, 40.977114 ], [ -111.88426, 40.980372 ], [ -111.885718, 40.982314 ], [ -111.886999, 40.982793 ], [ -111.887594, 40.982791 ], [ -111.895994, 40.984924 ], [ -111.898109, 40.98959 ], [ -111.898269, 40.991387 ], [ -111.898167, 40.993189 ], [ -111.903906, 40.998062 ], [ -111.905216, 41.000661 ], [ -111.907661, 41.004797 ], [ -111.910859, 41.003143 ], [ -111.918318, 40.999215 ], [ -111.920585, 41.000805 ], [ -111.922652, 40.997858 ], [ -111.920386, 40.996268 ], [ -111.917717, 40.994557 ], [ -111.91608, 40.993509 ], [ -111.914444, 40.992461 ], [ -111.912856, 40.99148 ], [ -111.909916, 40.989824 ], [ -111.905783, 40.987677 ], [ -111.903481, 40.986503 ], [ -111.902397, 40.985768 ], [ -111.899543, 40.982267 ], [ -111.898684, 40.980016 ], [ -111.897804, 40.977713 ], [ -111.897569, 40.972859 ], [ -111.896816, 40.971081 ], [ -111.900203, 40.963686 ], [ -111.902428, 40.963738 ], [ -111.902901, 40.963787 ], [ -111.903357, 40.963853 ], [ -111.903957, 40.963969 ], [ -111.905498, 40.964535 ], [ -111.906416, 40.965116 ], [ -111.909048, 40.967173 ], [ -111.909786, 40.967691 ], [ -111.910463, 40.968104 ], [ -111.911364, 40.968571 ], [ -111.912253, 40.968949 ], [ -111.912998, 40.969233 ], [ -111.913372, 40.969357 ], [ -111.914072, 40.969557 ], [ -111.915078, 40.969787 ], [ -111.915786, 40.96991 ], [ -111.91679, 40.97003 ], [ -111.917626, 40.970084 ], [ -111.918067, 40.970097 ], [ -111.9218, 40.970104 ], [ -111.925437, 40.970108 ], [ -111.926342, 40.970155 ], [ -111.927018, 40.970232 ], [ -111.927318, 40.970277 ], [ -111.92794, 40.970396 ], [ -111.928537, 40.970543 ], [ -111.929115, 40.970719 ], [ -111.934689, 40.97724 ], [ -111.935166, 40.981433 ], [ -111.938667, 40.982272 ], [ -111.938772, 40.981833 ] ] ] } },
{ "type": "Feature", "properties": { "group_index": 0, "value": 600.0, "center": [ -111.86806340060323, 40.85631614442029 ], "point_id": 14 }, "geometry": { "type": "Polygon", "coordinates": [ [ [ -111.930569, 40.861631 ], [ -111.929044, 40.859822 ], [ -111.928769, 40.859822 ], [ -111.921186, 40.856546 ], [ -111.921003, 40.856546 ], [ -111.914798, 40.850197 ], [ -111.915341, 40.849372 ], [ -111.915771, 40.848588 ], [ -111.916125, 40.847861 ], [ -111.916345, 40.847344 ], [ -111.92136, 40.843703 ], [ -111.922666, 40.84193 ], [ -111.928071, 40.835989 ], [ -111.928042, 40.832389 ], [ -111.924557, 40.832417 ], [ -111.918004, 40.826504 ], [ -111.914409, 40.826313 ], [ -111.909876, 40.827803 ], [ -111.904224, 40.823262 ], [ -111.903632, 40.821509 ], [ -111.903331, 40.820771 ], [ -111.90301, 40.820726 ], [ -111.901503, 40.820905 ], [ -111.90136, 40.82105 ], [ -111.90104, 40.821429 ], [ -111.896922, 40.82628 ], [ -111.895695, 40.827108 ], [ -111.890921, 40.828738 ], [ -111.886187, 40.827584 ], [ -111.88444, 40.827419 ], [ -111.876101, 40.827819 ], [ -111.87364, 40.830446 ], [ -111.86833, 40.836388 ], [ -111.866067, 40.838119 ], [ -111.865623, 40.838516 ], [ -111.865201, 40.83924 ], [ -111.861683, 40.844343 ], [ -111.855199, 40.844992 ], [ -111.854093, 40.844601 ], [ -111.852578, 40.846116 ], [ -111.852554, 40.846311 ], [ -111.853173, 40.848082 ], [ -111.853981, 40.848379 ], [ -111.855007, 40.848829 ], [ -111.855343, 40.849027 ], [ -111.858, 40.855642 ], [ -111.850365, 40.859395 ], [ -111.8482, 40.857623 ], [ -111.847862, 40.857445 ], [ -111.844728, 40.857432 ], [ -111.840097, 40.857478 ], [ -111.837989, 40.857961 ], [ -111.829518, 40.859848 ], [ -111.829075, 40.860471 ], [ -111.828898, 40.86143 ], [ -111.828981, 40.861969 ], [ -111.82906, 40.862315 ], [ -111.829365, 40.862968 ], [ -111.829861, 40.863572 ], [ -111.830298, 40.863946 ], [ -111.831435, 40.864602 ], [ -111.831755, 40.864725 ], [ -111.83629, 40.867108 ], [ -111.838916, 40.874692 ], [ -111.838898, 40.874826 ], [ -111.838939, 40.875022 ], [ -111.839019, 40.875159 ], [ -111.839079, 40.875225 ], [ -111.840721, 40.877212 ], [ -111.842384, 40.879599 ], [ -111.843169, 40.886983 ], [ -111.84306, 40.887524 ], [ -111.843046, 40.88782 ], [ -111.842207, 40.895529 ], [ -111.842089, 40.896302 ], [ -111.842095, 40.896397 ], [ -111.845884, 40.899206 ], [ -111.852231, 40.898404 ], [ -111.860971, 40.899315 ], [ -111.862464, 40.900133 ], [ -111.863088, 40.90046 ], [ -111.863271, 40.90046 ], [ -111.864889, 40.898794 ], [ -111.872388, 40.896276 ], [ -111.872442, 40.896276 ], [ -111.874944, 40.89553 ], [ -111.876423, 40.893906 ], [ -111.880705, 40.891614 ], [ -111.88292, 40.891163 ], [ -111.88563, 40.891174 ], [ -111.886388, 40.891174 ], [ -111.891828, 40.89822 ], [ -111.890242, 40.900412 ], [ -111.889908, 40.901044 ], [ -111.889761, 40.901385 ], [ -111.893064, 40.902816 ], [ -111.895159, 40.899735 ], [ -111.895548, 40.89913 ], [ -111.896401, 40.897416 ], [ -111.897377, 40.894853 ], [ -111.897652, 40.89394 ], [ -111.90107, 40.886114 ], [ -111.902962, 40.883799 ], [ -111.903566, 40.882904 ], [ -111.904022, 40.882294 ], [ -111.904172, 40.881967 ], [ -111.906838, 40.877646 ], [ -111.911804, 40.876518 ], [ -111.912539, 40.876518 ], [ -111.91361, 40.87526 ], [ -111.913606, 40.874717 ], [ -111.917831, 40.866773 ], [ -111.925719, 40.863414 ], [ -111.92877, 40.863422 ], [ -111.929045, 40.863422 ], [ -111.930569, 40.861701 ], [ -111.930569, 40.861631 ] ] ] } },
{ "type": "Feature", "properties": { "group_index": 0, "value": 600.0, "center": [ -111.87903370934198, 40.754125078949414 ], "point_id": 15 }, "geometry": { "type": "Polygon", "coordinates": [ [ [ -111.978517, 40.762793 ], [ -111.976502, 40.762793 ], [ -111.974487, 40.762793 ], [ -111.971325, 40.762821 ], [ -111.971196, 40.762817 ], [ -111.968341, 40.762853 ], [ -111.966158, 40.762932 ], [ -111.961074, 40.763192 ], [ -111.953329, 40.759047 ], [ -111.953159, 40.758684 ], [ -111.949899, 40.760211 ], [ -111.948139, 40.76277 ], [ -111.940922, 40.761247 ], [ -111.939512, 40.760459 ], [ -111.936202, 40.753057 ], [ -111.937611, 40.751346 ], [ -111.937615, 40.751341 ], [ -111.937617, 40.751221 ], [ -111.937613, 40.751215 ], [ -111.936196, 40.749457 ], [ -111.932711, 40.748464 ], [ -111.930065, 40.747477 ], [ -111.92518, 40.740478 ], [ -111.923697, 40.738676 ], [ -111.918634, 40.735085 ], [ -111.920531, 40.727703 ], [ -111.924951, 40.726237 ], [ -111.928577, 40.726169 ], [ -111.932043, 40.726098 ], [ -111.932999, 40.726164 ], [ -111.934318, 40.726209 ], [ -111.934467, 40.726222 ], [ -111.935639, 40.726372 ], [ -111.938541, 40.725949 ], [ -111.939242, 40.725938 ], [ -111.939185, 40.722339 ], [ -111.938484, 40.72235 ], [ -111.935298, 40.722426 ], [ -111.932296, 40.722507 ], [ -111.932126, 40.722503 ], [ -111.92851, 40.72257 ], [ -111.924884, 40.722637 ], [ -111.920794, 40.722624 ], [ -111.918733, 40.722547 ], [ -111.912063, 40.720652 ], [ -111.908741, 40.712659 ], [ -111.908741, 40.712562 ], [ -111.905745, 40.705885 ], [ -111.905707, 40.703748 ], [ -111.905583, 40.703078 ], [ -111.905125, 40.701398 ], [ -111.903979, 40.699157 ], [ -111.900591, 40.700374 ], [ -111.900756, 40.700833 ], [ -111.901908, 40.703882 ], [ -111.902061, 40.704754 ], [ -111.902149, 40.706027 ], [ -111.902153, 40.706138 ], [ -111.894761, 40.710851 ], [ -111.894018, 40.71035 ], [ -111.892932, 40.709773 ], [ -111.891165, 40.708011 ], [ -111.891151, 40.708011 ], [ -111.891142, 40.708011 ], [ -111.891128, 40.708011 ], [ -111.882897, 40.709997 ], [ -111.878703, 40.708262 ], [ -111.877243, 40.707101 ], [ -111.873227, 40.703174 ], [ -111.871534, 40.701686 ], [ -111.871429, 40.701686 ], [ -111.871414, 40.701686 ], [ -111.871308, 40.701687 ], [ -111.869627, 40.703161 ], [ -111.864923, 40.709004 ], [ -111.863147, 40.710886 ], [ -111.861616, 40.712667 ], [ -111.854854, 40.717777 ], [ -111.852754, 40.717784 ], [ -111.84924, 40.717724 ], [ -111.847506, 40.717675 ], [ -111.846287, 40.717559 ], [ -111.845946, 40.721143 ], [ -111.849083, 40.729004 ], [ -111.848012, 40.730098 ], [ -111.847105, 40.730774 ], [ -111.845298, 40.731682 ], [ -111.84529, 40.735282 ], [ -111.8383, 40.739045 ], [ -111.838073, 40.739046 ], [ -111.835403, 40.739847 ], [ -111.8309, 40.743097 ], [ -111.828987, 40.744512 ], [ -111.82818, 40.745455 ], [ -111.826202, 40.750265 ], [ -111.826201, 40.750769 ], [ -111.826846, 40.758631 ], [ -111.827446, 40.759997 ], [ -111.830614, 40.764904 ], [ -111.830748, 40.765065 ], [ -111.831202, 40.765603 ], [ -111.831373, 40.765792 ], [ -111.833999, 40.765781 ], [ -111.840862, 40.771328 ], [ -111.841382, 40.771892 ], [ -111.843371, 40.77391 ], [ -111.849836, 40.779761 ], [ -111.851158, 40.780005 ], [ -111.858168, 40.783069 ], [ -111.860654, 40.786515 ], [ -111.861284, 40.786677 ], [ -111.867518, 40.787878 ], [ -111.873179, 40.78852 ], [ -111.876944, 40.790835 ], [ -111.880306, 40.792123 ], [ -111.880409, 40.791853 ], [ -111.887508, 40.786361 ], [ -111.887999, 40.786329 ], [ -111.895133, 40.788323 ], [ -111.896803, 40.790309 ], [ -111.898481, 40.792304 ], [ -111.899119, 40.793051 ], [ -111.901857, 40.790714 ], [ -111.904336, 40.785014 ], [ -111.911209, 40.787129 ], [ -111.912818, 40.789526 ], [ -111.913366, 40.790413 ], [ -111.913794, 40.791154 ], [ -111.914124, 40.791922 ], [ -111.914852, 40.793873 ], [ -111.916253, 40.797422 ], [ -111.917622, 40.799888 ], [ -111.917894, 40.800437 ], [ -111.918327, 40.801274 ], [ -111.921524, 40.799619 ], [ -111.921091, 40.798782 ], [ -111.920849, 40.798292 ], [ -111.919402, 40.795677 ], [ -111.918206, 40.792565 ], [ -111.917497, 40.790663 ], [ -111.917106, 40.789741 ], [ -111.916504, 40.788649 ], [ -111.915884, 40.787639 ], [ -111.914198, 40.785123 ], [ -111.913156, 40.780637 ], [ -111.916844, 40.775095 ], [ -111.919392, 40.773411 ], [ -111.920815, 40.771672 ], [ -111.926606, 40.766778 ], [ -111.931242, 40.769611 ], [ -111.93292, 40.771233 ], [ -111.934848, 40.773216 ], [ -111.939241, 40.774628 ], [ -111.93936, 40.774624 ], [ -111.940593, 40.774034 ], [ -111.946991, 40.779964 ], [ -111.946768, 40.781915 ], [ -111.947174, 40.784822 ], [ -111.950774, 40.784808 ], [ -111.950773, 40.784512 ], [ -111.950788, 40.781377 ], [ -111.950792, 40.778424 ], [ -111.950803, 40.778228 ], [ -111.950837, 40.776425 ], [ -111.95087, 40.774598 ], [ -111.9508, 40.77377 ], [ -111.950815, 40.771802 ], [ -111.956911, 40.767007 ], [ -111.961256, 40.766787 ], [ -111.966289, 40.76653 ], [ -111.968386, 40.766453 ], [ -111.971094, 40.766414 ], [ -111.971223, 40.766417 ], [ -111.97455, 40.766636 ], [ -111.976551, 40.766509 ], [ -111.978517, 40.766393 ], [ -111.978517, 40.762793 ] ] ] } },
{ "type": "Feature", "properties": { "group_index": 0, "value": 600.0, "center": [ -111.83764212269271, 40.76537894309128 ], "point_id": 16 }, "geometry": { "type": "Polygon", "coordinates": [ [ [ -111.883713, 40.760712 ], [ -111.881954, 40.758949 ], [ -111.878823, 40.756687 ], [ -111.872966, 40.751943 ], [ -111.871195, 40.750167 ], [ -111.867943, 40.748004 ], [ -111.865366, 40.746232 ], [ -111.860874, 40.741623 ], [ -111.859137, 40.739837 ], [ -111.855725, 40.736288 ], [ -111.853841, 40.734569 ], [ -111.853807, 40.734568 ], [ -111.847892, 40.734473 ], [ -111.840183, 40.731825 ], [ -111.838316, 40.731005 ], [ -111.83263, 40.725823 ], [ -111.831865, 40.724572 ], [ -111.831783, 40.724536 ], [ -111.830823, 40.724148 ], [ -111.830736, 40.724148 ], [ -111.82536, 40.724585 ], [ -111.816673, 40.725281 ], [ -111.813682, 40.727285 ], [ -111.813196, 40.730897 ], [ -111.813203, 40.732396 ], [ -111.813375, 40.733175 ], [ -111.814107, 40.734934 ], [ -111.814116, 40.740805 ], [ -111.80867, 40.745042 ], [ -111.807954, 40.745825 ], [ -111.800506, 40.749968 ], [ -111.80013, 40.750063 ], [ -111.799886, 40.750155 ], [ -111.798111, 40.750883 ], [ -111.799371, 40.754255 ], [ -111.805099, 40.753803 ], [ -111.805663, 40.75377 ], [ -111.806152, 40.753677 ], [ -111.806689, 40.753489 ], [ -111.807212, 40.753221 ], [ -111.809828, 40.752102 ], [ -111.815097, 40.752831 ], [ -111.817534, 40.757345 ], [ -111.82097, 40.761043 ], [ -111.823922, 40.764925 ], [ -111.824455, 40.765618 ], [ -111.82962, 40.770418 ], [ -111.829938, 40.770748 ], [ -111.835657, 40.773567 ], [ -111.842151, 40.776579 ], [ -111.846762, 40.782574 ], [ -111.84817, 40.782837 ], [ -111.85554, 40.781285 ], [ -111.85999, 40.785204 ], [ -111.860114, 40.785367 ], [ -111.861423, 40.785915 ], [ -111.861444, 40.785915 ], [ -111.867484, 40.783682 ], [ -111.8689, 40.782009 ], [ -111.871654, 40.776891 ], [ -111.874775, 40.774634 ], [ -111.87626, 40.773504 ], [ -111.87786, 40.771793 ], [ -111.87936, 40.769367 ], [ -111.881993, 40.762549 ], [ -111.883714, 40.760739 ], [ -111.883713, 40.760712 ] ] ] } },
{ "type": "Feature", "properties": { "group_index": 0, "value": 600.0, "center": [ -111.86193125774375, 40.766007213896216 ], "point_id": 17 }, "geometry": { "type": "Polygon", "coordinates": [ [ [ -111.915225, 40.759086 ], [ -111.914085, 40.756054 ], [ -111.907035, 40.753019 ], [ -111.905288, 40.75014 ], [ -111.900058, 40.745651 ], [ -111.892881, 40.741193 ], [ -111.891367, 40.739776 ], [ -111.886213, 40.733407 ], [ -111.884755, 40.731728 ], [ -111.882663, 40.730467 ], [ -111.876897, 40.725402 ], [ -111.873139, 40.722375 ], [ -111.872056, 40.72153 ], [ -111.865391, 40.718242 ], [ -111.865332, 40.718242 ], [ -111.863597, 40.719952 ], [ -111.859424, 40.723603 ], [ -111.853283, 40.725283 ], [ -111.852098, 40.726653 ], [ -111.846447, 40.731684 ], [ -111.846196, 40.732453 ], [ -111.846196, 40.732462 ], [ -111.845073, 40.736948 ], [ -111.840459, 40.73985 ], [ -111.838395, 40.739847 ], [ -111.836725, 40.739853 ], [ -111.830913, 40.739354 ], [ -111.830811, 40.739352 ], [ -111.826775, 40.739342 ], [ -111.826594, 40.739349 ], [ -111.826382, 40.739498 ], [ -111.8261, 40.73985 ], [ -111.825182, 40.74197 ], [ -111.821375, 40.748974 ], [ -111.819606, 40.75045 ], [ -111.818372, 40.758113 ], [ -111.818368, 40.758242 ], [ -111.823242, 40.765629 ], [ -111.829938, 40.770748 ], [ -111.835687, 40.77408 ], [ -111.838644, 40.77426 ], [ -111.8426, 40.780598 ], [ -111.842448, 40.783386 ], [ -111.843498, 40.784058 ], [ -111.848898, 40.783808 ], [ -111.849695, 40.783889 ], [ -111.857939, 40.78734 ], [ -111.861158, 40.790354 ], [ -111.861857, 40.791047 ], [ -111.8658, 40.791238 ], [ -111.871821, 40.789263 ], [ -111.880503, 40.79082 ], [ -111.881034, 40.790369 ], [ -111.881384, 40.789898 ], [ -111.882886, 40.787721 ], [ -111.88313, 40.7874 ], [ -111.891887, 40.785367 ], [ -111.89351, 40.786633 ], [ -111.894147, 40.787191 ], [ -111.896521, 40.784486 ], [ -111.901373, 40.779095 ], [ -111.906621, 40.773273 ], [ -111.90944, 40.766811 ], [ -111.915489, 40.762202 ], [ -111.915689, 40.761781 ], [ -111.915225, 40.759086 ] ] ] } },
{ "type": "Feature", "properties": { "group_index": 0, "value": 600.0, "center": [ -111.89446218892468, 40.74192492626795 ], "point_id": 18 }, "geometry": { "type": "Polygon", "coordinates": [ [ [ -112.029146, 40.769371 ], [ -112.026706, 40.769394 ], [ -112.024449, 40.769393 ], [ -112.022175, 40.769393 ], [ -112.019901, 40.769393 ], [ -112.017628, 40.769393 ], [ -112.015926, 40.76941 ], [ -112.014496, 40.769375 ], [ -112.012884, 40.769272 ], [ -112.011969, 40.769194 ], [ -112.011437, 40.769134 ], [ -112.010758, 40.769051 ], [ -112.004837, 40.767329 ], [ -112.004086, 40.767095 ], [ -112.002699, 40.766807 ], [ -112.002135, 40.766662 ], [ -111.99836, 40.765581 ], [ -111.995974, 40.764593 ], [ -111.995048, 40.764267 ], [ -111.993721, 40.763854 ], [ -111.991793, 40.763375 ], [ -111.990849, 40.763195 ], [ -111.989993, 40.763057 ], [ -111.988458, 40.762892 ], [ -111.98734, 40.762835 ], [ -111.984923, 40.762795 ], [ -111.982292, 40.762794 ], [ -111.97969, 40.762794 ], [ -111.977089, 40.762793 ], [ -111.974586, 40.762796 ], [ -111.974487, 40.762793 ], [ -111.971325, 40.762821 ], [ -111.971196, 40.762817 ], [ -111.968341, 40.762853 ], [ -111.966158, 40.762932 ], [ -111.959116, 40.758363 ], [ -111.957454, 40.756635 ], [ -111.957304, 40.756636 ], [ -111.950497, 40.751335 ], [ -111.950359, 40.749502 ], [ -111.950488, 40.747679 ], [ -111.952825, 40.742817 ], [ -111.95323, 40.742278 ], [ -111.954372, 40.740575 ], [ -111.954368, 40.740425 ], [ -111.953223, 40.738678 ], [ -111.952786, 40.73821 ], [ -111.951152, 40.733776 ], [ -111.95605, 40.727704 ], [ -111.960887, 40.729046 ], [ -111.963062, 40.731563 ], [ -111.966076, 40.736079 ], [ -111.967888, 40.73711 ], [ -111.969174, 40.736853 ], [ -111.969448, 40.736746 ], [ -111.976146, 40.732663 ], [ -111.977824, 40.731426 ], [ -111.985784, 40.732296 ], [ -111.986482, 40.732685 ], [ -111.986556, 40.732685 ], [ -111.987416, 40.732678 ], [ -111.987735, 40.732677 ], [ -111.989161, 40.731048 ], [ -111.996495, 40.727709 ], [ -111.999508, 40.727718 ], [ -112.002521, 40.727726 ], [ -112.005542, 40.727734 ], [ -112.008575, 40.727728 ], [ -112.011608, 40.727722 ], [ -112.011601, 40.724122 ], [ -112.008568, 40.724128 ], [ -112.005535, 40.724135 ], [ -112.002531, 40.724126 ], [ -111.999518, 40.724118 ], [ -111.996505, 40.724109 ], [ -111.988279, 40.723361 ], [ -111.984407, 40.723328 ], [ -111.975598, 40.721799 ], [ -111.975501, 40.721723 ], [ -111.969414, 40.716682 ], [ -111.967797, 40.715317 ], [ -111.967634, 40.715316 ], [ -111.965814, 40.716645 ], [ -111.965406, 40.717551 ], [ -111.960872, 40.722481 ], [ -111.955585, 40.717002 ], [ -111.955706, 40.715466 ], [ -111.955702, 40.713381 ], [ -111.955588, 40.711472 ], [ -111.955373, 40.708884 ], [ -111.955159, 40.706295 ], [ -111.954945, 40.703706 ], [ -111.954806, 40.700373 ], [ -111.955004, 40.698543 ], [ -111.954203, 40.694098 ], [ -111.954038, 40.692069 ], [ -111.95045, 40.692361 ], [ -111.950615, 40.694389 ], [ -111.95078, 40.696418 ], [ -111.951001, 40.699444 ], [ -111.951142, 40.701129 ], [ -111.951141, 40.701395 ], [ -111.951357, 40.704003 ], [ -111.947024, 40.710667 ], [ -111.9407, 40.709405 ], [ -111.938959, 40.70892 ], [ -111.938763, 40.70892 ], [ -111.937153, 40.710488 ], [ -111.936076, 40.711638 ], [ -111.934513, 40.713225 ], [ -111.932263, 40.714853 ], [ -111.930276, 40.717533 ], [ -111.923305, 40.711953 ], [ -111.923453, 40.70694 ], [ -111.923999, 40.705694 ], [ -111.927618, 40.701156 ], [ -111.927848, 40.69894 ], [ -111.927531, 40.697559 ], [ -111.927483, 40.697431 ], [ -111.927443, 40.697384 ], [ -111.920364, 40.693133 ], [ -111.917125, 40.690816 ], [ -111.916123, 40.689893 ], [ -111.914081, 40.68861 ], [ -111.912986, 40.687466 ], [ -111.911384, 40.68595 ], [ -111.908587, 40.679099 ], [ -111.912292, 40.676681 ], [ -111.914436, 40.676143 ], [ -111.916451, 40.67561 ], [ -111.915532, 40.67213 ], [ -111.907727, 40.669797 ], [ -111.9063, 40.668077 ], [ -111.906114, 40.667861 ], [ -111.90349, 40.659328 ], [ -111.903545, 40.658528 ], [ -111.903928, 40.656388 ], [ -111.904152, 40.653855 ], [ -111.904187, 40.652824 ], [ -111.904288, 40.649036 ], [ -111.904589, 40.646183 ], [ -111.904935, 40.64289 ], [ -111.904982, 40.642428 ], [ -111.9014, 40.642066 ], [ -111.901353, 40.642528 ], [ -111.901009, 40.645805 ], [ -111.900708, 40.648658 ], [ -111.899235, 40.655804 ], [ -111.899311, 40.656472 ], [ -111.899745, 40.659392 ], [ -111.899768, 40.663287 ], [ -111.89788, 40.668826 ], [ -111.891045, 40.671754 ], [ -111.890965, 40.671753 ], [ -111.89007, 40.67178 ], [ -111.888298, 40.672474 ], [ -111.886592, 40.674023 ], [ -111.886593, 40.674285 ], [ -111.888258, 40.676074 ], [ -111.891061, 40.676998 ], [ -111.890456, 40.685151 ], [ -111.886561, 40.687654 ], [ -111.882388, 40.693222 ], [ -111.880961, 40.694362 ], [ -111.873284, 40.690145 ], [ -111.869684, 40.690128 ], [ -111.865199, 40.697074 ], [ -111.864021, 40.698087 ], [ -111.863676, 40.698557 ], [ -111.862722, 40.699786 ], [ -111.862722, 40.69987 ], [ -111.862417, 40.705314 ], [ -111.855362, 40.705309 ], [ -111.855326, 40.705309 ], [ -111.853557, 40.706012 ], [ -111.846002, 40.710894 ], [ -111.844919, 40.712688 ], [ -111.836785, 40.715605 ], [ -111.834432, 40.714686 ], [ -111.833124, 40.71402 ], [ -111.82625, 40.708227 ], [ -111.825949, 40.707812 ], [ -111.824533, 40.706555 ], [ -111.824486, 40.706554 ], [ -111.820197, 40.70951 ], [ -111.81653, 40.710807 ], [ -111.815925, 40.710955 ], [ -111.807415, 40.710638 ], [ -111.806739, 40.710444 ], [ -111.800655, 40.707933 ], [ -111.798434, 40.710766 ], [ -111.798549, 40.713039 ], [ -111.804196, 40.715129 ], [ -111.807031, 40.715987 ], [ -111.807901, 40.716123 ], [ -111.808669, 40.71618 ], [ -111.811185, 40.716292 ], [ -111.813666, 40.716403 ], [ -111.814416, 40.716369 ], [ -111.814977, 40.716296 ], [ -111.815554, 40.716173 ], [ -111.822839, 40.715353 ], [ -111.826911, 40.716176 ], [ -111.83277, 40.717879 ], [ -111.834457, 40.718663 ], [ -111.835785, 40.719063 ], [ -111.838834, 40.719706 ], [ -111.840716, 40.720133 ], [ -111.842628, 40.720566 ], [ -111.844491, 40.720933 ], [ -111.845742, 40.721121 ], [ -111.850646, 40.726529 ], [ -111.848847, 40.73169 ], [ -111.848547, 40.733955 ], [ -111.844727, 40.739844 ], [ -111.843533, 40.741861 ], [ -111.843533, 40.741861 ], [ -111.844718, 40.743444 ], [ -111.847913, 40.745502 ], [ -111.850526, 40.752644 ], [ -111.855516, 40.758394 ], [ -111.856957, 40.760188 ], [ -111.861067, 40.766756 ], [ -111.865295, 40.769754 ], [ -111.869738, 40.771804 ], [ -111.870901, 40.772365 ], [ -111.875299, 40.774633 ], [ -111.882063, 40.779638 ], [ -111.889715, 40.783112 ], [ -111.890442, 40.784011 ], [ -111.891058, 40.784651 ], [ -111.891426, 40.784988 ], [ -111.891855, 40.785342 ], [ -111.896803, 40.790309 ], [ -111.898473, 40.792294 ], [ -111.899323, 40.793291 ], [ -111.899705, 40.793674 ], [ -111.900141, 40.794048 ], [ -111.90288, 40.796265 ], [ -111.905518, 40.798369 ], [ -111.909354, 40.801446 ], [ -111.913796, 40.805792 ], [ -111.915982, 40.808653 ], [ -111.915207, 40.81723 ], [ -111.914906, 40.817614 ], [ -111.914565, 40.818148 ], [ -111.914316, 40.818692 ], [ -111.914167, 40.819202 ], [ -111.914085, 40.819676 ], [ -111.914048, 40.820255 ], [ -111.913977, 40.823009 ], [ -111.913887, 40.825559 ], [ -111.912663, 40.833216 ], [ -111.913501, 40.838679 ], [ -111.913417, 40.841922 ], [ -111.910339, 40.849343 ], [ -111.908327, 40.85159 ], [ -111.91101, 40.853991 ], [ -111.913021, 40.851744 ], [ -111.913894, 40.850779 ], [ -111.914752, 40.849725 ], [ -111.91538, 40.848729 ], [ -111.915982, 40.847503 ], [ -111.916254, 40.846826 ], [ -111.916449, 40.846242 ], [ -111.916639, 40.845412 ], [ -111.916856, 40.844247 ], [ -111.916945, 40.843442 ], [ -111.917013, 40.842094 ], [ -111.9171, 40.838768 ], [ -111.917173, 40.835779 ], [ -111.917221, 40.83378 ], [ -111.917347, 40.831417 ], [ -111.917612, 40.828217 ], [ -111.917743, 40.825728 ], [ -111.917869, 40.823294 ], [ -111.92447, 40.818529 ], [ -111.925161, 40.818566 ], [ -111.92807, 40.818529 ], [ -111.934432, 40.818572 ], [ -111.936412, 40.818577 ], [ -111.936419, 40.814977 ], [ -111.93444, 40.814973 ], [ -111.932356, 40.815002 ], [ -111.926722, 40.810315 ], [ -111.926185, 40.808516 ], [ -111.925734, 40.807164 ], [ -111.925415, 40.806368 ], [ -111.925169, 40.805879 ], [ -111.924596, 40.804889 ], [ -111.924344, 40.804567 ], [ -111.922966, 40.802402 ], [ -111.921529, 40.799629 ], [ -111.924443, 40.792015 ], [ -111.925736, 40.790701 ], [ -111.927327, 40.789266 ], [ -111.936006, 40.787054 ], [ -111.937434, 40.790657 ], [ -111.939241, 40.792118 ], [ -111.939641, 40.792117 ], [ -111.94737, 40.795763 ], [ -111.947423, 40.798473 ], [ -111.947425, 40.800225 ], [ -111.947404, 40.801563 ], [ -111.947364, 40.802325 ], [ -111.947202, 40.804494 ], [ -111.947171, 40.805804 ], [ -111.945762, 40.811014 ], [ -111.945523, 40.811689 ], [ -111.945457, 40.812255 ], [ -111.945503, 40.812727 ], [ -111.945711, 40.813329 ], [ -111.946071, 40.813867 ], [ -111.947382, 40.817543 ], [ -111.947479, 40.820049 ], [ -111.947503, 40.82068 ], [ -111.947412, 40.82166 ], [ -111.947195, 40.822552 ], [ -111.946857, 40.823436 ], [ -111.945919, 40.825759 ], [ -111.945833, 40.825967 ], [ -111.945241, 40.827155 ], [ -111.94848, 40.828727 ], [ -111.948928, 40.828052 ], [ -111.950193, 40.82479 ], [ -111.950557, 40.823838 ], [ -111.950699, 40.823426 ], [ -111.950928, 40.822434 ], [ -111.951084, 40.821053 ], [ -111.952108, 40.812953 ], [ -111.951924, 40.811516 ], [ -111.951755, 40.811063 ], [ -111.951502, 40.810243 ], [ -111.950765, 40.807169 ], [ -111.95538, 40.799524 ], [ -111.956339, 40.795471 ], [ -111.956341, 40.795383 ], [ -111.953548, 40.788273 ], [ -111.953549, 40.787868 ], [ -111.95355, 40.787235 ], [ -111.95376, 40.785591 ], [ -111.959191, 40.779692 ], [ -111.959184, 40.779165 ], [ -111.959996, 40.772443 ], [ -111.966084, 40.767215 ], [ -111.971094, 40.766414 ], [ -111.971223, 40.766417 ], [ -111.973588, 40.766574 ], [ -111.976024, 40.76673 ], [ -111.980242, 40.774633 ], [ -111.980158, 40.774894 ], [ -111.982144, 40.777689 ], [ -111.98238, 40.777727 ], [ -111.983172, 40.777252 ], [ -111.985537, 40.775984 ], [ -111.98593, 40.775663 ], [ -111.986298, 40.775309 ], [ -111.986559, 40.775017 ], [ -111.986852, 40.774631 ], [ -111.987132, 40.774181 ], [ -111.987394, 40.773636 ], [ -111.987527, 40.773266 ], [ -111.994597, 40.76792 ], [ -111.996931, 40.768886 ], [ -112.001685, 40.773673 ], [ -112.002028, 40.77451 ], [ -112.003875, 40.776029 ], [ -112.005123, 40.776766 ], [ -112.005314, 40.776766 ], [ -112.007475, 40.776026 ], [ -112.009083, 40.775325 ], [ -112.015962, 40.77301 ], [ -112.017823, 40.773035 ], [ -112.022613, 40.773729 ], [ -112.022897, 40.773802 ], [ -112.031265, 40.772968 ], [ -112.031259, 40.769368 ], [ -112.029146, 40.769371 ] ] ] } },
{ "type": "Feature", "properties": { "group_index": 0, "value": 600.0, "center": [ -111.890598367347, 40.765021436822515 ], "point_id": 19 }, "geometry": { "type": "Polygon", "coordinates": [ [ [ -112.00308, 40.767364 ], [ -111.995974, 40.764593 ], [ -111.995048, 40.764267 ], [ -111.993721, 40.763854 ], [ -111.991793, 40.763375 ], [ -111.990849, 40.763195 ], [ -111.989993, 40.763057 ], [ -111.988458, 40.762892 ], [ -111.98734, 40.762835 ], [ -111.984923, 40.762795 ], [ -111.982292, 40.762794 ], [ -111.97969, 40.762794 ], [ -111.977089, 40.762793 ], [ -111.974586, 40.762796 ], [ -111.974487, 40.762793 ], [ -111.971325, 40.762821 ], [ -111.971196, 40.762817 ], [ -111.968341, 40.762853 ], [ -111.966158, 40.762932 ], [ -111.961074, 40.763192 ], [ -111.953589, 40.759895 ], [ -111.952219, 40.756947 ], [ -111.950497, 40.751335 ], [ -111.95085, 40.745847 ], [ -111.95112, 40.744412 ], [ -111.951005, 40.743584 ], [ -111.947412, 40.74336 ], [ -111.947312, 40.745184 ], [ -111.947285, 40.745404 ], [ -111.946906, 40.751088 ], [ -111.939022, 40.752185 ], [ -111.935474, 40.749458 ], [ -111.933919, 40.748956 ], [ -111.932402, 40.748463 ], [ -111.929756, 40.747478 ], [ -111.929495, 40.747478 ], [ -111.925153, 40.745963 ], [ -111.923627, 40.740501 ], [ -111.923631, 40.740041 ], [ -111.923002, 40.738684 ], [ -111.918632, 40.7357 ], [ -111.916578, 40.733476 ], [ -111.920757, 40.726224 ], [ -111.924951, 40.726237 ], [ -111.92745, 40.72619 ], [ -111.927383, 40.722591 ], [ -111.924884, 40.722637 ], [ -111.920794, 40.722624 ], [ -111.918733, 40.722547 ], [ -111.91222, 40.722827 ], [ -111.909742, 40.718215 ], [ -111.908734, 40.716328 ], [ -111.905834, 40.709446 ], [ -111.905749, 40.705996 ], [ -111.905745, 40.705885 ], [ -111.905707, 40.703748 ], [ -111.905583, 40.703078 ], [ -111.904612, 40.694165 ], [ -111.904883, 40.69333 ], [ -111.90509, 40.692592 ], [ -111.905222, 40.691899 ], [ -111.905299, 40.691005 ], [ -111.905264, 40.690062 ], [ -111.904896, 40.68676 ], [ -111.901318, 40.687158 ], [ -111.90034, 40.695539 ], [ -111.900235, 40.696083 ], [ -111.900164, 40.696593 ], [ -111.900122, 40.697608 ], [ -111.900191, 40.698618 ], [ -111.900262, 40.699098 ], [ -111.900476, 40.700021 ], [ -111.901908, 40.703882 ], [ -111.902061, 40.704754 ], [ -111.902149, 40.706027 ], [ -111.902153, 40.706138 ], [ -111.902235, 40.709534 ], [ -111.902474, 40.711966 ], [ -111.896388, 40.718143 ], [ -111.895525, 40.718144 ], [ -111.891422, 40.716849 ], [ -111.888774, 40.715116 ], [ -111.88871, 40.715116 ], [ -111.882292, 40.716352 ], [ -111.879729, 40.716344 ], [ -111.873636, 40.716281 ], [ -111.873052, 40.716305 ], [ -111.865926, 40.71751 ], [ -111.866159, 40.721102 ], [ -111.867331, 40.721026 ], [ -111.871149, 40.728474 ], [ -111.869482, 40.729951 ], [ -111.86713, 40.733037 ], [ -111.865349, 40.734591 ], [ -111.863547, 40.736248 ], [ -111.860433, 40.739839 ], [ -111.853615, 40.745664 ], [ -111.849477, 40.747834 ], [ -111.846581, 40.748987 ], [ -111.845414, 40.750195 ], [ -111.840346, 40.753729 ], [ -111.837566, 40.754635 ], [ -111.835491, 40.754989 ], [ -111.835237, 40.755197 ], [ -111.833296, 40.757655 ], [ -111.833165, 40.757912 ], [ -111.837593, 40.761937 ], [ -111.839051, 40.762495 ], [ -111.84554, 40.768596 ], [ -111.84603, 40.77248 ], [ -111.846073, 40.772584 ], [ -111.849948, 40.779782 ], [ -111.851158, 40.780005 ], [ -111.854802, 40.78099 ], [ -111.860572, 40.787575 ], [ -111.86403, 40.788573 ], [ -111.868428, 40.788319 ], [ -111.870089, 40.788373 ], [ -111.873884, 40.788737 ], [ -111.880667, 40.792009 ], [ -111.883038, 40.793862 ], [ -111.886517, 40.794366 ], [ -111.886868, 40.794435 ], [ -111.891522, 40.793364 ], [ -111.899802, 40.793762 ], [ -111.90233, 40.795746 ], [ -111.90288, 40.796265 ], [ -111.905518, 40.798369 ], [ -111.909354, 40.801446 ], [ -111.912758, 40.806808 ], [ -111.915639, 40.808966 ], [ -111.915207, 40.81723 ], [ -111.914906, 40.817614 ], [ -111.914565, 40.818148 ], [ -111.914316, 40.818692 ], [ -111.914167, 40.819202 ], [ -111.914085, 40.819676 ], [ -111.914048, 40.820255 ], [ -111.914062, 40.820968 ], [ -111.914072, 40.821089 ], [ -111.914139, 40.825696 ], [ -111.917735, 40.825883 ], [ -111.917869, 40.823294 ], [ -111.92189, 40.816905 ], [ -111.923086, 40.815857 ], [ -111.923968, 40.814841 ], [ -111.924892, 40.813392 ], [ -111.925129, 40.812943 ], [ -111.925383, 40.812247 ], [ -111.925582, 40.8115 ], [ -111.925766, 40.810311 ], [ -111.92579, 40.809232 ], [ -111.925603, 40.808114 ], [ -111.924988, 40.806403 ], [ -111.924428, 40.805222 ], [ -111.922966, 40.802402 ], [ -111.921529, 40.799629 ], [ -111.920849, 40.798292 ], [ -111.919402, 40.795677 ], [ -111.918657, 40.789659 ], [ -111.924118, 40.784689 ], [ -111.924245, 40.784645 ], [ -111.924612, 40.784464 ], [ -111.924932, 40.78421 ], [ -111.925807, 40.783293 ], [ -111.925908, 40.782958 ], [ -111.926112, 40.78236 ], [ -111.927232, 40.779856 ], [ -111.93543, 40.777938 ], [ -111.93954, 40.784782 ], [ -111.93954, 40.784788 ], [ -111.941311, 40.78656 ], [ -111.947316, 40.793021 ], [ -111.94737, 40.795763 ], [ -111.947423, 40.798473 ], [ -111.947425, 40.800225 ], [ -111.947404, 40.801563 ], [ -111.947364, 40.802325 ], [ -111.947202, 40.804494 ], [ -111.947171, 40.805804 ], [ -111.947166, 40.807083 ], [ -111.950766, 40.807098 ], [ -111.950771, 40.805819 ], [ -111.950954, 40.802596 ], [ -111.950999, 40.801754 ], [ -111.951025, 40.800285 ], [ -111.951023, 40.798469 ], [ -111.950969, 40.795693 ], [ -111.950915, 40.79295 ], [ -111.955352, 40.785904 ], [ -111.955353, 40.785136 ], [ -111.955359, 40.784123 ], [ -111.955355, 40.783947 ], [ -111.95105, 40.778406 ], [ -111.952969, 40.773297 ], [ -111.954582, 40.77172 ], [ -111.961256, 40.766787 ], [ -111.966289, 40.76653 ], [ -111.968386, 40.766453 ], [ -111.971094, 40.766414 ], [ -111.971223, 40.766417 ], [ -111.973588, 40.766574 ], [ -111.976024, 40.76673 ], [ -111.983918, 40.770468 ], [ -111.986963, 40.768548 ], [ -111.994597, 40.76792 ], [ -111.996931, 40.768886 ], [ -111.998743, 40.769666 ], [ -112.000893, 40.770441 ], [ -112.001973, 40.77079 ], [ -112.00308, 40.767364 ] ] ] } },
{ "type": "Feature", "properties": { "group_index": 0, "value": 600.0, "center": [ -111.8394095, 40.7736854 ], "point_id": 20 }, "geometry": { "type": "Polygon", "coordinates": [ [ [ -111.883158, 40.769389 ], [ -111.883392, 40.767257 ], [ -111.883392, 40.767167 ], [ -111.880552, 40.760732 ], [ -111.879083, 40.758956 ], [ -111.872963, 40.754212 ], [ -111.867875, 40.75017 ], [ -111.865379, 40.748039 ], [ -111.865351, 40.748039 ], [ -111.859759, 40.748157 ], [ -111.855691, 40.743387 ], [ -111.854569, 40.742957 ], [ -111.8545, 40.742957 ], [ -111.852091, 40.743407 ], [ -111.847984, 40.743662 ], [ -111.847517, 40.743664 ], [ -111.846752, 40.744502 ], [ -111.846468, 40.744789 ], [ -111.838307, 40.741654 ], [ -111.838308, 40.740924 ], [ -111.837627, 40.739849 ], [ -111.830789, 40.735434 ], [ -111.830636, 40.735434 ], [ -111.825042, 40.736194 ], [ -111.823278, 40.73665 ], [ -111.822834, 40.737263 ], [ -111.81937, 40.742035 ], [ -111.819367, 40.742254 ], [ -111.819367, 40.742281 ], [ -111.819367, 40.742537 ], [ -111.814962, 40.748977 ], [ -111.812504, 40.748377 ], [ -111.811376, 40.74787 ], [ -111.809451, 40.748507 ], [ -111.808362, 40.749973 ], [ -111.808346, 40.750136 ], [ -111.809497, 40.752107 ], [ -111.809828, 40.752102 ], [ -111.814647, 40.752578 ], [ -111.817534, 40.757345 ], [ -111.82097, 40.761043 ], [ -111.823922, 40.764925 ], [ -111.824455, 40.765618 ], [ -111.829938, 40.770748 ], [ -111.835687, 40.77408 ], [ -111.838644, 40.77426 ], [ -111.843078, 40.77993 ], [ -111.845478, 40.782614 ], [ -111.848706, 40.782946 ], [ -111.849266, 40.78303 ], [ -111.849969, 40.783071 ], [ -111.850685, 40.783071 ], [ -111.851639, 40.78307 ], [ -111.856148, 40.781376 ], [ -111.860553, 40.78764 ], [ -111.864012, 40.788639 ], [ -111.871862, 40.7848 ], [ -111.873778, 40.783698 ], [ -111.87486, 40.782166 ], [ -111.877781, 40.77646 ], [ -111.880918, 40.774642 ], [ -111.882354, 40.772948 ], [ -111.883158, 40.769389 ] ] ] } },
{ "type": "Feature", "properties": { "group_index": 0, "value": 600.0, "center": [ -111.8347585, 40.75279 ], "point_id": 21 }, "geometry": { "type": "Polygon", "coordinates": [ [ [ -111.878578, 40.751718 ], [ -111.877233, 40.75016 ], [ -111.873059, 40.74362 ], [ -111.868569, 40.739838 ], [ -111.867148, 40.73852 ], [ -111.861439, 40.732124 ], [ -111.855792, 40.725267 ], [ -111.853923, 40.724541 ], [ -111.853881, 40.724542 ], [ -111.849758, 40.72411 ], [ -111.843859, 40.720725 ], [ -111.840273, 40.720409 ], [ -111.835755, 40.716089 ], [ -111.833411, 40.715106 ], [ -111.832175, 40.71571 ], [ -111.824314, 40.716785 ], [ -111.822974, 40.716655 ], [ -111.816237, 40.717221 ], [ -111.812829, 40.716103 ], [ -111.808636, 40.713533 ], [ -111.806018, 40.716004 ], [ -111.805039, 40.724825 ], [ -111.80501, 40.725171 ], [ -111.806377, 40.726743 ], [ -111.807981, 40.735105 ], [ -111.805277, 40.738253 ], [ -111.803583, 40.740399 ], [ -111.801644, 40.743432 ], [ -111.797644, 40.751005 ], [ -111.79643, 40.751301 ], [ -111.79454, 40.751849 ], [ -111.793931, 40.752163 ], [ -111.793375, 40.752577 ], [ -111.793021, 40.752945 ], [ -111.784891, 40.756199 ], [ -111.78043, 40.758847 ], [ -111.779939, 40.759128 ], [ -111.779536, 40.759469 ], [ -111.779195, 40.759924 ], [ -111.77893, 40.760685 ], [ -111.778861, 40.763768 ], [ -111.779866, 40.767225 ], [ -111.780136, 40.767147 ], [ -111.780586, 40.766973 ], [ -111.781339, 40.76659 ], [ -111.78189, 40.766192 ], [ -111.787174, 40.763082 ], [ -111.792381, 40.762277 ], [ -111.792985, 40.761923 ], [ -111.793645, 40.761387 ], [ -111.79422, 40.760525 ], [ -111.799982, 40.754027 ], [ -111.803701, 40.753681 ], [ -111.804646, 40.753778 ], [ -111.805099, 40.753803 ], [ -111.805663, 40.75377 ], [ -111.806152, 40.753677 ], [ -111.806689, 40.753489 ], [ -111.807212, 40.753221 ], [ -111.809828, 40.752102 ], [ -111.815097, 40.752831 ], [ -111.817534, 40.757345 ], [ -111.82097, 40.761043 ], [ -111.823922, 40.764925 ], [ -111.824455, 40.765618 ], [ -111.82804, 40.769284 ], [ -111.829423, 40.770254 ], [ -111.833436, 40.773444 ], [ -111.836808, 40.776287 ], [ -111.837267, 40.776708 ], [ -111.837814, 40.776973 ], [ -111.838418, 40.777075 ], [ -111.84394, 40.777534 ], [ -111.845216, 40.777237 ], [ -111.845456, 40.777006 ], [ -111.848657, 40.772151 ], [ -111.852677, 40.771156 ], [ -111.852888, 40.771155 ], [ -111.855758, 40.771159 ], [ -111.856504, 40.771159 ], [ -111.859107, 40.768969 ], [ -111.865347, 40.768485 ], [ -111.865642, 40.768482 ], [ -111.870945, 40.763213 ], [ -111.872756, 40.761665 ], [ -111.874245, 40.758521 ], [ -111.878575, 40.752314 ], [ -111.878578, 40.751718 ] ] ] } },
{ "type": "Feature", "properties": { "group_index": 0, "value": 600.0, "center": [ -111.9409883, 40.7173007 ], "point_id": 22 }, "geometry": { "type": "Polygon", "coordinates": [ [ [ -112.064993, 40.718564 ], [ -112.064993, 40.718447 ], [ -112.064451, 40.71726 ], [ -112.064301, 40.717143 ], [ -112.064016, 40.716961 ], [ -112.063766, 40.716832 ], [ -112.059496, 40.716919 ], [ -112.058034, 40.716923 ], [ -112.0571, 40.716973 ], [ -112.055826, 40.717107 ], [ -112.055132, 40.717215 ], [ -112.053296, 40.717626 ], [ -112.052337, 40.717906 ], [ -112.051375, 40.718233 ], [ -112.050545, 40.718546 ], [ -112.04981, 40.718857 ], [ -112.049217, 40.719125 ], [ -112.046564, 40.720422 ], [ -112.043956, 40.721697 ], [ -112.043374, 40.721963 ], [ -112.042855, 40.722188 ], [ -112.041541, 40.722713 ], [ -112.040832, 40.722965 ], [ -112.039636, 40.723299 ], [ -112.038591, 40.723536 ], [ -112.031994, 40.717923 ], [ -112.032725, 40.714562 ], [ -112.0328, 40.714076 ], [ -112.032887, 40.71299 ], [ -112.0329, 40.712464 ], [ -112.032877, 40.711536 ], [ -112.032752, 40.71045 ], [ -112.032614, 40.709716 ], [ -112.032361, 40.708796 ], [ -112.031099, 40.701051 ], [ -112.03122, 40.699564 ], [ -112.027631, 40.699272 ], [ -112.027511, 40.700759 ], [ -112.027486, 40.704016 ], [ -112.027506, 40.704446 ], [ -112.0276, 40.705486 ], [ -112.024886, 40.713394 ], [ -112.023151, 40.715162 ], [ -112.021582, 40.716538 ], [ -112.019367, 40.71842 ], [ -112.017641, 40.720052 ], [ -112.011015, 40.714235 ], [ -112.010867, 40.71149 ], [ -112.011022, 40.710635 ], [ -112.007539, 40.709002 ], [ -112.004446, 40.703825 ], [ -112.003507, 40.702074 ], [ -111.997986, 40.697041 ], [ -111.996118, 40.695242 ], [ -111.996099, 40.695243 ], [ -111.987654, 40.692172 ], [ -111.987081, 40.69171 ], [ -111.983532, 40.684073 ], [ -111.983504, 40.681859 ], [ -111.983501, 40.681111 ], [ -111.982437, 40.680365 ], [ -111.981328, 40.680246 ], [ -111.980514, 40.680242 ], [ -111.979198, 40.680316 ], [ -111.978421, 40.680318 ], [ -111.974607, 40.679806 ], [ -111.969303, 40.675241 ], [ -111.969229, 40.669394 ], [ -111.96927, 40.66807 ], [ -111.96927, 40.668042 ], [ -111.969265, 40.667148 ], [ -111.969263, 40.667017 ], [ -111.969218, 40.665795 ], [ -111.965849, 40.665169 ], [ -111.964556, 40.664699 ], [ -111.959717, 40.657863 ], [ -111.957909, 40.656586 ], [ -111.953833, 40.650328 ], [ -111.953371, 40.649276 ], [ -111.952826, 40.648417 ], [ -111.952294, 40.647713 ], [ -111.951568, 40.64686 ], [ -111.950726, 40.646093 ], [ -111.949625, 40.645296 ], [ -111.948464, 40.644603 ], [ -111.947168, 40.643984 ], [ -111.946359, 40.643596 ], [ -111.939042, 40.639983 ], [ -111.938652, 40.639983 ], [ -111.937018, 40.641365 ], [ -111.931969, 40.642725 ], [ -111.927042, 40.640564 ], [ -111.925234, 40.638796 ], [ -111.924762, 40.638387 ], [ -111.924073, 40.637846 ], [ -111.921851, 40.640678 ], [ -111.922864, 40.641506 ], [ -111.924523, 40.643135 ], [ -111.925199, 40.643768 ], [ -111.925792, 40.644248 ], [ -111.926479, 40.644705 ], [ -111.927102, 40.645047 ], [ -111.927721, 40.645345 ], [ -111.928337, 40.645594 ], [ -111.928993, 40.645818 ], [ -111.929539, 40.645974 ], [ -111.93017, 40.646118 ], [ -111.930961, 40.646245 ], [ -111.931645, 40.646311 ], [ -111.935347, 40.646352 ], [ -111.937618, 40.646355 ], [ -111.941466, 40.646395 ], [ -111.942254, 40.646464 ], [ -111.943043, 40.646568 ], [ -111.943487, 40.646643 ], [ -111.943833, 40.646718 ], [ -111.944674, 40.646949 ], [ -111.945875, 40.647344 ], [ -111.946897, 40.647844 ], [ -111.947762, 40.648377 ], [ -111.949522, 40.65001 ], [ -111.950506, 40.651705 ], [ -111.950928, 40.652945 ], [ -111.950968, 40.657074 ], [ -111.946647, 40.660946 ], [ -111.938911, 40.665085 ], [ -111.937614, 40.665786 ], [ -111.936468, 40.667278 ], [ -111.935788, 40.66817 ], [ -111.930464, 40.672994 ], [ -111.92677, 40.673632 ], [ -111.926427, 40.673632 ], [ -111.924971, 40.6754 ], [ -111.924968, 40.675575 ], [ -111.922574, 40.683191 ], [ -111.916778, 40.684848 ], [ -111.916277, 40.684857 ], [ -111.912822, 40.685531 ], [ -111.911571, 40.685531 ], [ -111.909901, 40.676885 ], [ -111.910118, 40.673292 ], [ -111.909499, 40.673254 ], [ -111.903391, 40.66715 ], [ -111.903368, 40.663266 ], [ -111.90349, 40.659328 ], [ -111.903973, 40.656729 ], [ -111.904002, 40.65661 ], [ -111.904051, 40.651344 ], [ -111.904194, 40.649948 ], [ -111.900613, 40.649581 ], [ -111.90047, 40.650977 ], [ -111.900099, 40.654129 ], [ -111.899852, 40.657095 ], [ -111.899749, 40.658653 ], [ -111.899745, 40.659392 ], [ -111.899768, 40.663287 ], [ -111.899791, 40.667171 ], [ -111.893316, 40.67265 ], [ -111.893298, 40.67625 ], [ -111.89401, 40.676254 ], [ -111.900172, 40.68099 ], [ -111.898415, 40.685248 ], [ -111.893989, 40.689912 ], [ -111.892187, 40.691708 ], [ -111.88933, 40.695412 ], [ -111.886571, 40.698145 ], [ -111.882682, 40.70289 ], [ -111.87599, 40.699848 ], [ -111.874324, 40.698075 ], [ -111.873255, 40.696482 ], [ -111.871888, 40.695663 ], [ -111.871453, 40.695662 ], [ -111.869655, 40.696463 ], [ -111.867935, 40.699846 ], [ -111.863667, 40.706033 ], [ -111.859358, 40.710429 ], [ -111.853406, 40.709465 ], [ -111.850874, 40.710891 ], [ -111.84961, 40.712539 ], [ -111.843424, 40.717055 ], [ -111.841512, 40.716622 ], [ -111.83957, 40.716182 ], [ -111.836785, 40.715605 ], [ -111.834432, 40.714686 ], [ -111.833124, 40.71402 ], [ -111.831827, 40.713547 ], [ -111.825929, 40.710945 ], [ -111.824854, 40.710318 ], [ -111.823913, 40.710133 ], [ -111.823861, 40.710133 ], [ -111.81811, 40.710592 ], [ -111.817194, 40.71069 ], [ -111.81653, 40.710807 ], [ -111.811912, 40.711741 ], [ -111.810771, 40.71267 ], [ -111.810611, 40.716267 ], [ -111.813666, 40.716403 ], [ -111.814416, 40.716369 ], [ -111.814977, 40.716296 ], [ -111.815554, 40.716173 ], [ -111.81598, 40.716037 ], [ -111.824503, 40.715265 ], [ -111.825705, 40.715617 ], [ -111.827633, 40.716114 ], [ -111.827795, 40.716164 ], [ -111.83277, 40.717879 ], [ -111.834457, 40.718663 ], [ -111.835785, 40.719063 ], [ -111.838834, 40.719706 ], [ -111.840716, 40.720133 ], [ -111.842628, 40.720566 ], [ -111.844491, 40.720933 ], [ -111.85193, 40.724368 ], [ -111.853851, 40.725068 ], [ -111.854002, 40.725068 ], [ -111.85652, 40.723359 ], [ -111.857707, 40.722931 ], [ -111.865654, 40.725365 ], [ -111.867112, 40.727224 ], [ -111.869316, 40.729847 ], [ -111.871004, 40.731507 ], [ -111.871055, 40.731509 ], [ -111.872916, 40.729859 ], [ -111.880733, 40.730274 ], [ -111.882267, 40.731691 ], [ -111.882535, 40.731918 ], [ -111.882652, 40.731918 ], [ -111.887826, 40.730837 ], [ -111.8909, 40.738538 ], [ -111.889283, 40.740184 ], [ -111.889283, 40.740341 ], [ -111.88928, 40.74365 ], [ -111.889281, 40.74373 ], [ -111.891473, 40.749739 ], [ -111.893518, 40.75669 ], [ -111.894729, 40.758104 ], [ -111.899688, 40.762441 ], [ -111.904025, 40.763566 ], [ -111.904117, 40.763566 ], [ -111.911549, 40.768584 ], [ -111.90848, 40.771648 ], [ -111.908346, 40.772568 ], [ -111.908312, 40.77358 ], [ -111.908434, 40.776492 ], [ -111.90833, 40.777744 ], [ -111.908218, 40.780719 ], [ -111.908215, 40.780746 ], [ -111.908718, 40.782454 ], [ -111.909055, 40.783546 ], [ -111.909363, 40.784229 ], [ -111.909687, 40.784821 ], [ -111.9112, 40.787115 ], [ -111.914205, 40.785134 ], [ -111.912105, 40.779019 ], [ -111.912021, 40.776796 ], [ -111.912026, 40.776585 ], [ -111.911908, 40.773404 ], [ -111.912035, 40.772215 ], [ -111.916704, 40.766101 ], [ -111.919118, 40.765946 ], [ -111.921775, 40.766448 ], [ -111.923874, 40.766459 ], [ -111.925945, 40.766324 ], [ -111.927029, 40.766339 ], [ -111.928122, 40.766437 ], [ -111.93552, 40.771241 ], [ -111.938376, 40.773228 ], [ -111.939148, 40.773432 ], [ -111.941477, 40.782082 ], [ -111.938406, 40.782918 ], [ -111.938226, 40.782907 ], [ -111.936497, 40.784696 ], [ -111.936498, 40.784751 ], [ -111.93759, 40.786253 ], [ -111.938008, 40.786501 ], [ -111.940518, 40.788022 ], [ -111.940656, 40.788022 ], [ -111.943018, 40.788346 ], [ -111.94737, 40.795763 ], [ -111.947423, 40.798473 ], [ -111.947425, 40.800225 ], [ -111.947404, 40.801563 ], [ -111.947364, 40.802325 ], [ -111.947202, 40.804494 ], [ -111.947171, 40.805804 ], [ -111.946917, 40.809826 ], [ -111.946785, 40.812355 ], [ -111.947388, 40.815931 ], [ -111.950987, 40.81584 ], [ -111.950936, 40.813832 ], [ -111.950846, 40.810857 ], [ -111.950805, 40.809021 ], [ -111.950765, 40.807169 ], [ -111.950771, 40.805819 ], [ -111.950801, 40.804581 ], [ -111.950954, 40.802596 ], [ -111.950999, 40.801754 ], [ -111.951025, 40.800285 ], [ -111.953599, 40.793931 ], [ -111.95538, 40.792222 ], [ -111.957144, 40.785588 ], [ -111.957809, 40.783767 ], [ -111.9578, 40.783051 ], [ -111.957142, 40.781988 ], [ -111.955352, 40.778868 ], [ -111.95376, 40.777389 ], [ -111.951138, 40.773876 ], [ -111.955678, 40.767803 ], [ -111.956244, 40.767747 ], [ -111.95674, 40.767654 ], [ -111.957796, 40.767364 ], [ -111.958674, 40.767163 ], [ -111.960711, 40.767017 ], [ -111.960798, 40.767011 ], [ -111.963135, 40.766917 ], [ -111.965291, 40.766646 ], [ -111.967314, 40.766707 ], [ -111.969104, 40.766609 ], [ -111.970193, 40.766601 ], [ -111.972195, 40.766731 ], [ -111.974735, 40.767031 ], [ -111.978579, 40.767008 ], [ -111.980495, 40.766928 ], [ -111.984865, 40.766394 ], [ -111.98857, 40.760907 ], [ -111.988575, 40.758767 ], [ -111.988579, 40.754954 ], [ -111.994729, 40.749065 ], [ -111.99644, 40.749823 ], [ -111.99741, 40.749813 ], [ -111.998306, 40.748657 ], [ -112.004153, 40.742094 ], [ -112.00594, 40.740656 ], [ -112.007644, 40.739248 ], [ -112.009244, 40.738039 ], [ -112.017998, 40.737277 ], [ -112.02042, 40.740229 ], [ -112.022038, 40.741994 ], [ -112.023117, 40.743011 ], [ -112.026716, 40.743105 ], [ -112.034634, 40.742055 ], [ -112.036006, 40.742056 ], [ -112.036443, 40.740106 ], [ -112.036447, 40.739292 ], [ -112.036008, 40.738456 ], [ -112.03239, 40.732002 ], [ -112.037492, 40.727372 ], [ -112.038787, 40.727163 ], [ -112.039394, 40.727045 ], [ -112.040616, 40.726763 ], [ -112.042042, 40.726355 ], [ -112.042879, 40.726055 ], [ -112.044293, 40.725489 ], [ -112.044874, 40.725235 ], [ -112.045537, 40.724931 ], [ -112.048145, 40.723656 ], [ -112.050707, 40.722403 ], [ -112.059373, 40.720517 ], [ -112.061389, 40.720616 ], [ -112.061758, 40.720646 ], [ -112.06312, 40.720617 ], [ -112.064893, 40.719008 ], [ -112.064993, 40.718564 ] ] ] } },
{ "type": "Feature", "properties": { "group_index": 0, "value": 600.0, "center": [ -111.89357689072389, 40.69511658878544 ], "point_id": 23 }, "geometry": { "type": "Polygon", "coordinates": [ [ [ -112.00495, 40.724133 ], [ -112.002234, 40.724125 ], [ -111.999518, 40.724118 ], [ -111.996505, 40.724109 ], [ -111.993492, 40.724101 ], [ -111.986756, 40.723299 ], [ -111.980965, 40.724143 ], [ -111.980093, 40.724171 ], [ -111.973962, 40.723014 ], [ -111.969424, 40.719784 ], [ -111.965824, 40.719789 ], [ -111.962406, 40.722287 ], [ -111.955585, 40.717002 ], [ -111.955706, 40.715466 ], [ -111.955702, 40.713381 ], [ -111.955588, 40.711472 ], [ -111.958703, 40.704174 ], [ -111.961879, 40.696732 ], [ -111.961876, 40.696668 ], [ -111.960131, 40.694935 ], [ -111.956411, 40.688547 ], [ -111.95635, 40.683958 ], [ -111.956363, 40.680358 ], [ -111.950244, 40.677325 ], [ -111.948563, 40.675765 ], [ -111.945081, 40.667624 ], [ -111.943337, 40.665843 ], [ -111.941673, 40.665568 ], [ -111.939758, 40.665088 ], [ -111.939575, 40.665087 ], [ -111.932225, 40.662345 ], [ -111.931385, 40.662176 ], [ -111.930826, 40.66206 ], [ -111.930632, 40.66206 ], [ -111.924792, 40.660547 ], [ -111.924446, 40.654826 ], [ -111.924405, 40.651227 ], [ -111.931084, 40.646517 ], [ -111.932289, 40.646586 ], [ -111.932474, 40.646596 ], [ -111.936214, 40.647806 ], [ -111.936862, 40.648061 ], [ -111.937428, 40.648217 ], [ -111.93887, 40.648302 ], [ -111.9389, 40.648303 ], [ -111.947547, 40.648533 ], [ -111.949741, 40.65072 ], [ -111.952661, 40.648615 ], [ -111.9522, 40.647976 ], [ -111.951585, 40.647237 ], [ -111.950811, 40.646497 ], [ -111.949711, 40.645656 ], [ -111.948561, 40.644953 ], [ -111.947298, 40.644322 ], [ -111.94614, 40.643878 ], [ -111.945627, 40.643709 ], [ -111.944659, 40.643453 ], [ -111.944124, 40.643335 ], [ -111.943626, 40.643241 ], [ -111.942565, 40.643085 ], [ -111.941496, 40.643003 ], [ -111.939576, 40.642987 ], [ -111.935432, 40.642994 ], [ -111.932657, 40.643005 ], [ -111.924907, 40.63877 ], [ -111.924101, 40.638083 ], [ -111.923129, 40.637453 ], [ -111.921018, 40.636306 ], [ -111.92035, 40.636025 ], [ -111.919746, 40.635795 ], [ -111.918421, 40.635374 ], [ -111.917613, 40.63517 ], [ -111.916842, 40.635017 ], [ -111.915953, 40.634884 ], [ -111.915276, 40.634805 ], [ -111.913408, 40.634641 ], [ -111.911589, 40.634483 ], [ -111.906851, 40.632849 ], [ -111.90464, 40.62744 ], [ -111.910014, 40.62353 ], [ -111.910183, 40.623533 ], [ -111.911998, 40.622791 ], [ -111.912013, 40.622049 ], [ -111.912013, 40.622037 ], [ -111.912024, 40.62083 ], [ -111.912026, 40.620495 ], [ -111.912012, 40.619191 ], [ -111.908039, 40.612126 ], [ -111.907842, 40.610312 ], [ -111.907766, 40.609793 ], [ -111.907388, 40.607821 ], [ -111.906919, 40.605353 ], [ -111.906446, 40.602894 ], [ -111.905973, 40.600432 ], [ -111.905554, 40.598273 ], [ -111.905135, 40.596113 ], [ -111.901601, 40.596799 ], [ -111.90202, 40.598959 ], [ -111.902439, 40.601118 ], [ -111.902911, 40.603574 ], [ -111.903383, 40.606033 ], [ -111.903853, 40.608498 ], [ -111.90423, 40.61047 ], [ -111.901431, 40.617739 ], [ -111.900402, 40.618857 ], [ -111.898799, 40.620511 ], [ -111.898796, 40.620607 ], [ -111.900104, 40.625753 ], [ -111.892886, 40.630996 ], [ -111.891641, 40.629926 ], [ -111.890563, 40.62849 ], [ -111.890221, 40.628452 ], [ -111.881676, 40.628988 ], [ -111.878258, 40.628647 ], [ -111.874737, 40.628299 ], [ -111.873152, 40.628235 ], [ -111.87063, 40.628238 ], [ -111.870634, 40.631838 ], [ -111.873155, 40.631835 ], [ -111.874588, 40.631896 ], [ -111.877901, 40.63223 ], [ -111.881318, 40.632571 ], [ -111.888275, 40.635015 ], [ -111.890906, 40.642919 ], [ -111.886935, 40.648157 ], [ -111.885695, 40.648966 ], [ -111.884291, 40.650348 ], [ -111.878939, 40.653902 ], [ -111.875601, 40.653097 ], [ -111.871248, 40.651106 ], [ -111.871154, 40.651107 ], [ -111.869856, 40.652024 ], [ -111.869471, 40.652742 ], [ -111.8688, 40.653771 ], [ -111.86594, 40.656876 ], [ -111.864546, 40.658093 ], [ -111.855874, 40.657766 ], [ -111.85342, 40.660401 ], [ -111.852832, 40.664149 ], [ -111.852605, 40.665031 ], [ -111.852604, 40.665136 ], [ -111.852566, 40.666201 ], [ -111.845898, 40.67223 ], [ -111.844576, 40.672327 ], [ -111.843527, 40.672469 ], [ -111.841606, 40.672468 ], [ -111.841182, 40.672466 ], [ -111.836316, 40.675045 ], [ -111.835514, 40.675467 ], [ -111.835385, 40.675557 ], [ -111.835001, 40.67585 ], [ -111.834827, 40.677819 ], [ -111.830243, 40.684634 ], [ -111.827162, 40.685285 ], [ -111.826858, 40.685286 ], [ -111.825365, 40.686705 ], [ -111.825364, 40.687083 ], [ -111.825479, 40.687223 ], [ -111.826863, 40.688886 ], [ -111.833531, 40.693471 ], [ -111.834109, 40.699866 ], [ -111.834107, 40.700031 ], [ -111.83558, 40.701681 ], [ -111.838834, 40.702596 ], [ -111.838891, 40.702596 ], [ -111.841464, 40.70249 ], [ -111.842754, 40.710897 ], [ -111.841468, 40.712701 ], [ -111.833124, 40.71402 ], [ -111.831827, 40.713547 ], [ -111.829, 40.710935 ], [ -111.826931, 40.708405 ], [ -111.826243, 40.706586 ], [ -111.824727, 40.705533 ], [ -111.824454, 40.705405 ], [ -111.824208, 40.705403 ], [ -111.822643, 40.706584 ], [ -111.818454, 40.709514 ], [ -111.814305, 40.711415 ], [ -111.807415, 40.710638 ], [ -111.806739, 40.710444 ], [ -111.80598, 40.71027 ], [ -111.800352, 40.707696 ], [ -111.797939, 40.705445 ], [ -111.795023, 40.707556 ], [ -111.793801, 40.709823 ], [ -111.794718, 40.713304 ], [ -111.802415, 40.714339 ], [ -111.804196, 40.715129 ], [ -111.807031, 40.715987 ], [ -111.807901, 40.716123 ], [ -111.808669, 40.71618 ], [ -111.811185, 40.716292 ], [ -111.813666, 40.716403 ], [ -111.814416, 40.716369 ], [ -111.814977, 40.716296 ], [ -111.815554, 40.716173 ], [ -111.822839, 40.715353 ], [ -111.827096, 40.716226 ], [ -111.829827, 40.716973 ], [ -111.834457, 40.718663 ], [ -111.835785, 40.719063 ], [ -111.838834, 40.719706 ], [ -111.840716, 40.720133 ], [ -111.842628, 40.720566 ], [ -111.844491, 40.720933 ], [ -111.850512, 40.727593 ], [ -111.852392, 40.728136 ], [ -111.852398, 40.728136 ], [ -111.856825, 40.727241 ], [ -111.857281, 40.727231 ], [ -111.864934, 40.729189 ], [ -111.868366, 40.734629 ], [ -111.869303, 40.737475 ], [ -111.870997, 40.738987 ], [ -111.871101, 40.738987 ], [ -111.876526, 40.738585 ], [ -111.883296, 40.743427 ], [ -111.88564, 40.749789 ], [ -111.883673, 40.754497 ], [ -111.882141, 40.756343 ], [ -111.882148, 40.756599 ], [ -111.883668, 40.758097 ], [ -111.888319, 40.762344 ], [ -111.892043, 40.763542 ], [ -111.896553, 40.767159 ], [ -111.897808, 40.769002 ], [ -111.898909, 40.769686 ], [ -111.902351, 40.77107 ], [ -111.902122, 40.778413 ], [ -111.900732, 40.779395 ], [ -111.899197, 40.78204 ], [ -111.899199, 40.782388 ], [ -111.899317, 40.782772 ], [ -111.900736, 40.785855 ], [ -111.902492, 40.787461 ], [ -111.902541, 40.787461 ], [ -111.911209, 40.787129 ], [ -111.912818, 40.789526 ], [ -111.913366, 40.790413 ], [ -111.914124, 40.791922 ], [ -111.914852, 40.793873 ], [ -111.916253, 40.797422 ], [ -111.917622, 40.799888 ], [ -111.918333, 40.801286 ], [ -111.91977, 40.804058 ], [ -111.922072, 40.810697 ], [ -111.925635, 40.811212 ], [ -111.925766, 40.810311 ], [ -111.92579, 40.809232 ], [ -111.925603, 40.808114 ], [ -111.924988, 40.806403 ], [ -111.924428, 40.805222 ], [ -111.922966, 40.802402 ], [ -111.921529, 40.799629 ], [ -111.920849, 40.798292 ], [ -111.919402, 40.795677 ], [ -111.918206, 40.792565 ], [ -111.917497, 40.790663 ], [ -111.918639, 40.782373 ], [ -111.918639, 40.782347 ], [ -111.917594, 40.773429 ], [ -111.918639, 40.772203 ], [ -111.919533, 40.771015 ], [ -111.926606, 40.766778 ], [ -111.931672, 40.769403 ], [ -111.933305, 40.771233 ], [ -111.935386, 40.77323 ], [ -111.937813, 40.773755 ], [ -111.940381, 40.773634 ], [ -111.940633, 40.773633 ], [ -111.940705, 40.773633 ], [ -111.940752, 40.773633 ], [ -111.941471, 40.773574 ], [ -111.947203, 40.77821 ], [ -111.946841, 40.781279 ], [ -111.947178, 40.783449 ], [ -111.950778, 40.783466 ], [ -111.950791, 40.780847 ], [ -111.950792, 40.778424 ], [ -111.950803, 40.778228 ], [ -111.950837, 40.776425 ], [ -111.95087, 40.774598 ], [ -111.9508, 40.77377 ], [ -111.950815, 40.771802 ], [ -111.956911, 40.767007 ], [ -111.961256, 40.766787 ], [ -111.966289, 40.76653 ], [ -111.968386, 40.766453 ], [ -111.971094, 40.766414 ], [ -111.971223, 40.766417 ], [ -111.973986, 40.7666 ], [ -111.974218, 40.763007 ], [ -111.973634, 40.762799 ], [ -111.971325, 40.762821 ], [ -111.971196, 40.762817 ], [ -111.968341, 40.762853 ], [ -111.966158, 40.762932 ], [ -111.961074, 40.763192 ], [ -111.953414, 40.759261 ], [ -111.950009, 40.760431 ], [ -111.948139, 40.76277 ], [ -111.940478, 40.760462 ], [ -111.940406, 40.760412 ], [ -111.939263, 40.760075 ], [ -111.937324, 40.761546 ], [ -111.932238, 40.763443 ], [ -111.926545, 40.760356 ], [ -111.925199, 40.758847 ], [ -111.921761, 40.753217 ], [ -111.921358, 40.751463 ], [ -111.921059, 40.749687 ], [ -111.924256, 40.742266 ], [ -111.925181, 40.740752 ], [ -111.929318, 40.73684 ], [ -111.937178, 40.737161 ], [ -111.939374, 40.737351 ], [ -111.939613, 40.737349 ], [ -111.940778, 40.73715 ], [ -111.9472, 40.742897 ], [ -111.946897, 40.747425 ], [ -111.946765, 40.749279 ], [ -111.950356, 40.749533 ], [ -111.950488, 40.747679 ], [ -111.950792, 40.743131 ], [ -111.950919, 40.741186 ], [ -111.950634, 40.739434 ], [ -111.950947, 40.736527 ], [ -111.95095, 40.73554 ], [ -111.951152, 40.733776 ], [ -111.95605, 40.727704 ], [ -111.959325, 40.727681 ], [ -111.960203, 40.727929 ], [ -111.963073, 40.72986 ], [ -111.964082, 40.730785 ], [ -111.964827, 40.73153 ], [ -111.96641, 40.733905 ], [ -111.970009, 40.733996 ], [ -111.972775, 40.732662 ], [ -111.974547, 40.730927 ], [ -111.980632, 40.727831 ], [ -111.98525, 40.730861 ], [ -111.988672, 40.729741 ], [ -111.996495, 40.727709 ], [ -111.999508, 40.727718 ], [ -112.002224, 40.727725 ], [ -112.00494, 40.727733 ], [ -112.00495, 40.724133 ] ] ] } },
{ "type": "Feature", "properties": { "group_index": 0, "value": 600.0, "center": [ -111.88460139267622, 40.65944761603597 ], "point_id": 24 }, "geometry": { "type": "Polygon", "coordinates": [ [ [ -111.954108, 40.676254 ], [ -111.954199, 40.675358 ], [ -111.954256, 40.674427 ], [ -111.954287, 40.671811 ], [ -111.954268, 40.669727 ], [ -111.95423, 40.664615 ], [ -111.95422, 40.657189 ], [ -111.95423, 40.653784 ], [ -111.953963, 40.651482 ], [ -111.953724, 40.650723 ], [ -111.953267, 40.649648 ], [ -111.952791, 40.648809 ], [ -111.9522, 40.647976 ], [ -111.951585, 40.647237 ], [ -111.950811, 40.646497 ], [ -111.949711, 40.645656 ], [ -111.948561, 40.644953 ], [ -111.943125, 40.639846 ], [ -111.942128, 40.636827 ], [ -111.9397, 40.636792 ], [ -111.938873, 40.636715 ], [ -111.938843, 40.636714 ], [ -111.937316, 40.637542 ], [ -111.93633, 40.639324 ], [ -111.92759, 40.641407 ], [ -111.927033, 40.640935 ], [ -111.924907, 40.63877 ], [ -111.923068, 40.632265 ], [ -111.922729, 40.628681 ], [ -111.921445, 40.622016 ], [ -111.919719, 40.619092 ], [ -111.919449, 40.618667 ], [ -111.918168, 40.616869 ], [ -111.912446, 40.613484 ], [ -111.912306, 40.613415 ], [ -111.907388, 40.607821 ], [ -111.906919, 40.605353 ], [ -111.906446, 40.602894 ], [ -111.905973, 40.600432 ], [ -111.905321, 40.597074 ], [ -111.906031, 40.588418 ], [ -111.906029, 40.587895 ], [ -111.90484, 40.586274 ], [ -111.902113, 40.578649 ], [ -111.902123, 40.574988 ], [ -111.902093, 40.5717 ], [ -111.901915, 40.56923 ], [ -111.901725, 40.567465 ], [ -111.898146, 40.56785 ], [ -111.898336, 40.569615 ], [ -111.898502, 40.571956 ], [ -111.898523, 40.575018 ], [ -111.898513, 40.578639 ], [ -111.898503, 40.582281 ], [ -111.895492, 40.588011 ], [ -111.895494, 40.588051 ], [ -111.897162, 40.589766 ], [ -111.90121, 40.594672 ], [ -111.901787, 40.59776 ], [ -111.902439, 40.601118 ], [ -111.902911, 40.603574 ], [ -111.903383, 40.606033 ], [ -111.903853, 40.608498 ], [ -111.895867, 40.612496 ], [ -111.895741, 40.612496 ], [ -111.892686, 40.613284 ], [ -111.89068, 40.614227 ], [ -111.888863, 40.615783 ], [ -111.88284, 40.618977 ], [ -111.881066, 40.620785 ], [ -111.872158, 40.62077 ], [ -111.871866, 40.620765 ], [ -111.866314, 40.621216 ], [ -111.858542, 40.621335 ], [ -111.857501, 40.621924 ], [ -111.857261, 40.622176 ], [ -111.857084, 40.622369 ], [ -111.856927, 40.622561 ], [ -111.854719, 40.626874 ], [ -111.849398, 40.628953 ], [ -111.846731, 40.628946 ], [ -111.844829, 40.628942 ], [ -111.843783, 40.628988 ], [ -111.842187, 40.629152 ], [ -111.841136, 40.629343 ], [ -111.839106, 40.629727 ], [ -111.83616, 40.630106 ], [ -111.829259, 40.632326 ], [ -111.830086, 40.640313 ], [ -111.833162, 40.6462 ], [ -111.831431, 40.650446 ], [ -111.83316, 40.652256 ], [ -111.83331, 40.660553 ], [ -111.831123, 40.664116 ], [ -111.8297, 40.665919 ], [ -111.829706, 40.666012 ], [ -111.831651, 40.667677 ], [ -111.838256, 40.671374 ], [ -111.839999, 40.675152 ], [ -111.840161, 40.675618 ], [ -111.841129, 40.676066 ], [ -111.84293, 40.677153 ], [ -111.845354, 40.685286 ], [ -111.843681, 40.687133 ], [ -111.843681, 40.68715 ], [ -111.845367, 40.688886 ], [ -111.85226, 40.692787 ], [ -111.857952, 40.698625 ], [ -111.859559, 40.700394 ], [ -111.86547, 40.703714 ], [ -111.87088, 40.70768 ], [ -111.871195, 40.70768 ], [ -111.876922, 40.70815 ], [ -111.877097, 40.70815 ], [ -111.880743, 40.716347 ], [ -111.880731, 40.719947 ], [ -111.88228, 40.719952 ], [ -111.885647, 40.719958 ], [ -111.887832, 40.719971 ], [ -111.891257, 40.719808 ], [ -111.891592, 40.719806 ], [ -111.895525, 40.718144 ], [ -111.900234, 40.725041 ], [ -111.900195, 40.72516 ], [ -111.900114, 40.725803 ], [ -111.900114, 40.72611 ], [ -111.900612, 40.727201 ], [ -111.902397, 40.733468 ], [ -111.902678, 40.736227 ], [ -111.902228, 40.741712 ], [ -111.902129, 40.743376 ], [ -111.902221, 40.744229 ], [ -111.902466, 40.745133 ], [ -111.902805, 40.74593 ], [ -111.903254, 40.74669 ], [ -111.903469, 40.746979 ], [ -111.906358, 40.744831 ], [ -111.905819, 40.741967 ], [ -111.906267, 40.736506 ], [ -111.906298, 40.735075 ], [ -111.906259, 40.733675 ], [ -111.906212, 40.731394 ], [ -111.912543, 40.726631 ], [ -111.913012, 40.726645 ], [ -111.916516, 40.726015 ], [ -111.917582, 40.726063 ], [ -111.917744, 40.722467 ], [ -111.916677, 40.722419 ], [ -111.91533, 40.722382 ], [ -111.914413, 40.722412 ], [ -111.913468, 40.722473 ], [ -111.911538, 40.722654 ], [ -111.906062, 40.716776 ], [ -111.905996, 40.715275 ], [ -111.905705, 40.711858 ], [ -111.905698, 40.711662 ], [ -111.905476, 40.709328 ], [ -111.905331, 40.705959 ], [ -111.910056, 40.701691 ], [ -111.915139, 40.704108 ], [ -111.916934, 40.705748 ], [ -111.917056, 40.705748 ], [ -111.918739, 40.704126 ], [ -111.920741, 40.701229 ], [ -111.921588, 40.699689 ], [ -111.921619, 40.699424 ], [ -111.921619, 40.699042 ], [ -111.920745, 40.697629 ], [ -111.917475, 40.696194 ], [ -111.916525, 40.688819 ], [ -111.917817, 40.687013 ], [ -111.917816, 40.686782 ], [ -111.918326, 40.679152 ], [ -111.924283, 40.677112 ], [ -111.929317, 40.678058 ], [ -111.929663, 40.678061 ], [ -111.932031, 40.675951 ], [ -111.932089, 40.675747 ], [ -111.936105, 40.669539 ], [ -111.939585, 40.668286 ], [ -111.948273, 40.669354 ], [ -111.950568, 40.675596 ], [ -111.949943, 40.678962 ], [ -111.953482, 40.679619 ], [ -111.954108, 40.676254 ] ] ] } },
{ "type": "Feature", "properties": { "group_index": 0, "value": 600.0, "center": [ -111.88168132744457, 40.66026569240386 ], "point_id": 25 }, "geometry": { "type": "Polygon", "coordinates": [ [ [ -111.95422, 40.657189 ], [ -111.95423, 40.653784 ], [ -111.953963, 40.651482 ], [ -111.953724, 40.650723 ], [ -111.953267, 40.649648 ], [ -111.952791, 40.648809 ], [ -111.9522, 40.647976 ], [ -111.951585, 40.647237 ], [ -111.950811, 40.646497 ], [ -111.949711, 40.645656 ], [ -111.948561, 40.644953 ], [ -111.947298, 40.644322 ], [ -111.94614, 40.643878 ], [ -111.945627, 40.643709 ], [ -111.940615, 40.641783 ], [ -111.938855, 40.641514 ], [ -111.937149, 40.641441 ], [ -111.931369, 40.642928 ], [ -111.927033, 40.640935 ], [ -111.924907, 40.63877 ], [ -111.924101, 40.638083 ], [ -111.923129, 40.637453 ], [ -111.921018, 40.636306 ], [ -111.917703, 40.629173 ], [ -111.917267, 40.621393 ], [ -111.916677, 40.619081 ], [ -111.914538, 40.617071 ], [ -111.912507, 40.61645 ], [ -111.907842, 40.610312 ], [ -111.907766, 40.609793 ], [ -111.907388, 40.607821 ], [ -111.906919, 40.605353 ], [ -111.906446, 40.602894 ], [ -111.905973, 40.600432 ], [ -111.905321, 40.597074 ], [ -111.904622, 40.593114 ], [ -111.904473, 40.592617 ], [ -111.904155, 40.591668 ], [ -111.903033, 40.588509 ], [ -111.902103, 40.582291 ], [ -111.902109, 40.580364 ], [ -111.902114, 40.578437 ], [ -111.898514, 40.578427 ], [ -111.898509, 40.580354 ], [ -111.898503, 40.582281 ], [ -111.898419, 40.584835 ], [ -111.898485, 40.586475 ], [ -111.898655, 40.587892 ], [ -111.899275, 40.590099 ], [ -111.899746, 40.591252 ], [ -111.901787, 40.59776 ], [ -111.902439, 40.601118 ], [ -111.902911, 40.603574 ], [ -111.903383, 40.606033 ], [ -111.900124, 40.613312 ], [ -111.898545, 40.615115 ], [ -111.891055, 40.619006 ], [ -111.890037, 40.61905 ], [ -111.889986, 40.61907 ], [ -111.888752, 40.620369 ], [ -111.887333, 40.62178 ], [ -111.887235, 40.622146 ], [ -111.886657, 40.623787 ], [ -111.881676, 40.628988 ], [ -111.878258, 40.628647 ], [ -111.874653, 40.621729 ], [ -111.874653, 40.621724 ], [ -111.873985, 40.620073 ], [ -111.87285, 40.618943 ], [ -111.87232, 40.618482 ], [ -111.871863, 40.618401 ], [ -111.86601, 40.618206 ], [ -111.864443, 40.619139 ], [ -111.863603, 40.619918 ], [ -111.861478, 40.621608 ], [ -111.855115, 40.623438 ], [ -111.853311, 40.624529 ], [ -111.846731, 40.628946 ], [ -111.845342, 40.628941 ], [ -111.837743, 40.630487 ], [ -111.836343, 40.631018 ], [ -111.835915, 40.631217 ], [ -111.83231, 40.63297 ], [ -111.827062, 40.635874 ], [ -111.822438, 40.636698 ], [ -111.822446, 40.640298 ], [ -111.824759, 40.640293 ], [ -111.829547, 40.646043 ], [ -111.829371, 40.647948 ], [ -111.829161, 40.651698 ], [ -111.829156, 40.65201 ], [ -111.830228, 40.653832 ], [ -111.831263, 40.659274 ], [ -111.82705, 40.664841 ], [ -111.826814, 40.665019 ], [ -111.825212, 40.666089 ], [ -111.824811, 40.668403 ], [ -111.824931, 40.668583 ], [ -111.826348, 40.669505 ], [ -111.826804, 40.669487 ], [ -111.833743, 40.675 ], [ -111.833863, 40.675259 ], [ -111.834536, 40.676063 ], [ -111.835459, 40.676739 ], [ -111.837202, 40.678515 ], [ -111.838973, 40.687111 ], [ -111.838975, 40.687158 ], [ -111.84065, 40.688885 ], [ -111.843839, 40.690283 ], [ -111.844299, 40.69048 ], [ -111.849224, 40.693222 ], [ -111.85222, 40.698989 ], [ -111.85236, 40.699284 ], [ -111.852708, 40.699967 ], [ -111.852807, 40.700057 ], [ -111.85851, 40.703608 ], [ -111.865097, 40.707638 ], [ -111.869369, 40.712323 ], [ -111.87071, 40.713858 ], [ -111.87117, 40.713858 ], [ -111.878697, 40.71116 ], [ -111.882515, 40.709999 ], [ -111.883298, 40.709232 ], [ -111.884463, 40.708429 ], [ -111.891116, 40.707313 ], [ -111.891136, 40.707313 ], [ -111.896743, 40.709108 ], [ -111.891605, 40.71638 ], [ -111.891521, 40.716379 ], [ -111.891595, 40.71818 ], [ -111.891502, 40.719979 ], [ -111.891586, 40.71998 ], [ -111.894214, 40.71989 ], [ -111.89427, 40.719894 ], [ -111.901782, 40.724221 ], [ -111.901696, 40.725498 ], [ -111.901847, 40.726339 ], [ -111.902613, 40.731466 ], [ -111.90266, 40.733781 ], [ -111.902698, 40.735005 ], [ -111.902678, 40.736227 ], [ -111.902463, 40.739004 ], [ -111.906052, 40.739282 ], [ -111.906267, 40.736506 ], [ -111.906298, 40.735075 ], [ -111.908324, 40.726484 ], [ -111.908946, 40.723041 ], [ -111.905996, 40.715275 ], [ -111.905705, 40.711858 ], [ -111.905698, 40.711662 ], [ -111.905476, 40.709328 ], [ -111.910056, 40.701691 ], [ -111.911476, 40.701528 ], [ -111.912548, 40.701383 ], [ -111.913462, 40.701301 ], [ -111.913819, 40.701286 ], [ -111.916929, 40.701747 ], [ -111.916951, 40.701747 ], [ -111.918757, 40.700045 ], [ -111.918757, 40.69995 ], [ -111.91876, 40.699439 ], [ -111.917792, 40.698236 ], [ -111.917216, 40.697663 ], [ -111.915354, 40.690505 ], [ -111.919225, 40.688578 ], [ -111.920169, 40.68837 ], [ -111.920585, 40.686653 ], [ -111.920587, 40.686479 ], [ -111.920571, 40.686335 ], [ -111.924989, 40.678752 ], [ -111.929335, 40.679847 ], [ -111.929618, 40.679846 ], [ -111.933617, 40.677625 ], [ -111.933803, 40.677428 ], [ -111.938737, 40.670184 ], [ -111.940058, 40.669498 ], [ -111.940606, 40.669082 ], [ -111.940661, 40.669015 ], [ -111.941887, 40.667699 ], [ -111.942687, 40.666651 ], [ -111.950632, 40.664858 ], [ -111.954232, 40.66483 ], [ -111.95422, 40.657189 ] ] ] } },
{ "type": "Feature", "properties": { "group_index": 0, "value": 600.0, "center": [ -111.93371026028798, 40.646932544894334 ], "point_id": 26 }, "geometry": { "type": "Polygon", "coordinates": [ [ [ -112.004963, 40.652762 ], [ -112.003319, 40.651 ], [ -112.000352, 40.649787 ], [ -111.993969, 40.646626 ], [ -111.988272, 40.640026 ], [ -111.986528, 40.638343 ], [ -111.986478, 40.638343 ], [ -111.981241, 40.636774 ], [ -111.978382, 40.63096 ], [ -111.973307, 40.624027 ], [ -111.971743, 40.622243 ], [ -111.967406, 40.618783 ], [ -111.961893, 40.615631 ], [ -111.960619, 40.612577 ], [ -111.959589, 40.61061 ], [ -111.957791, 40.609174 ], [ -111.950354, 40.607705 ], [ -111.94559, 40.606282 ], [ -111.940452, 40.600911 ], [ -111.940141, 40.600544 ], [ -111.938355, 40.600463 ], [ -111.931672, 40.594934 ], [ -111.930976, 40.593741 ], [ -111.929171, 40.591915 ], [ -111.929165, 40.591915 ], [ -111.927377, 40.593657 ], [ -111.924497, 40.600439 ], [ -111.924343, 40.601249 ], [ -111.924351, 40.601323 ], [ -111.924818, 40.602997 ], [ -111.918595, 40.608886 ], [ -111.918262, 40.608957 ], [ -111.915582, 40.609582 ], [ -111.907388, 40.607821 ], [ -111.906919, 40.605353 ], [ -111.906446, 40.602894 ], [ -111.905973, 40.600432 ], [ -111.905321, 40.597074 ], [ -111.904702, 40.594037 ], [ -111.904622, 40.593114 ], [ -111.904473, 40.592617 ], [ -111.904155, 40.591668 ], [ -111.903681, 40.590455 ], [ -111.903456, 40.589936 ], [ -111.902082, 40.586274 ], [ -111.898509, 40.586716 ], [ -111.898655, 40.587892 ], [ -111.899275, 40.590099 ], [ -111.899746, 40.591252 ], [ -111.900667, 40.593142 ], [ -111.90121, 40.594672 ], [ -111.901787, 40.59776 ], [ -111.902439, 40.601118 ], [ -111.902911, 40.603574 ], [ -111.903383, 40.606033 ], [ -111.903853, 40.608498 ], [ -111.897282, 40.612914 ], [ -111.896916, 40.612915 ], [ -111.894516, 40.613287 ], [ -111.894157, 40.613285 ], [ -111.890759, 40.613502 ], [ -111.890631, 40.613505 ], [ -111.888861, 40.615199 ], [ -111.881991, 40.618975 ], [ -111.882142, 40.621142 ], [ -111.881979, 40.622575 ], [ -111.876621, 40.628712 ], [ -111.874737, 40.628299 ], [ -111.873152, 40.628235 ], [ -111.866465, 40.623351 ], [ -111.866505, 40.621884 ], [ -111.866437, 40.621681 ], [ -111.866108, 40.621388 ], [ -111.864991, 40.620404 ], [ -111.864316, 40.620213 ], [ -111.861096, 40.619402 ], [ -111.85677, 40.618926 ], [ -111.854989, 40.619061 ], [ -111.854426, 40.61954 ], [ -111.854362, 40.619637 ], [ -111.853862, 40.622776 ], [ -111.853855, 40.622831 ], [ -111.849398, 40.628953 ], [ -111.846731, 40.628946 ], [ -111.844829, 40.628942 ], [ -111.843783, 40.628988 ], [ -111.842187, 40.629152 ], [ -111.841136, 40.629343 ], [ -111.835789, 40.629373 ], [ -111.83219, 40.629407 ], [ -111.823931, 40.632601 ], [ -111.820902, 40.632608 ], [ -111.819793, 40.632584 ], [ -111.817758, 40.632464 ], [ -111.815648, 40.632341 ], [ -111.814901, 40.632328 ], [ -111.81484, 40.635927 ], [ -111.817546, 40.636058 ], [ -111.81958, 40.636178 ], [ -111.820823, 40.636207 ], [ -111.823939, 40.636201 ], [ -111.827012, 40.636194 ], [ -111.828127, 40.636161 ], [ -111.829206, 40.636038 ], [ -111.831805, 40.635393 ], [ -111.834176, 40.634791 ], [ -111.836547, 40.634188 ], [ -111.838918, 40.633586 ], [ -111.84672, 40.632545 ], [ -111.8544, 40.633518 ], [ -111.856589, 40.633796 ], [ -111.864151, 40.634904 ], [ -111.866026, 40.635983 ], [ -111.86639, 40.63597 ], [ -111.867751, 40.634936 ], [ -111.871248, 40.633738 ], [ -111.875593, 40.635304 ], [ -111.877143, 40.641776 ], [ -111.877142, 40.642034 ], [ -111.878016, 40.64355 ], [ -111.88071, 40.646705 ], [ -111.883414, 40.654288 ], [ -111.883114, 40.655664 ], [ -111.883113, 40.655821 ], [ -111.8834, 40.657888 ], [ -111.883617, 40.662629 ], [ -111.884662, 40.665003 ], [ -111.88641, 40.667269 ], [ -111.886592, 40.674116 ], [ -111.886593, 40.674285 ], [ -111.888299, 40.676074 ], [ -111.891116, 40.676997 ], [ -111.891271, 40.676997 ], [ -111.897938, 40.679367 ], [ -111.900775, 40.685812 ], [ -111.901028, 40.688141 ], [ -111.900412, 40.693703 ], [ -111.899915, 40.694945 ], [ -111.899691, 40.69571 ], [ -111.899815, 40.697837 ], [ -111.899886, 40.698648 ], [ -111.900042, 40.699523 ], [ -111.900442, 40.700784 ], [ -111.901045, 40.702457 ], [ -111.904431, 40.701236 ], [ -111.903876, 40.695063 ], [ -111.904657, 40.692795 ], [ -111.904811, 40.69206 ], [ -111.904888, 40.691211 ], [ -111.90487, 40.690224 ], [ -111.904607, 40.687752 ], [ -111.906888, 40.682617 ], [ -111.913544, 40.68174 ], [ -111.920382, 40.684649 ], [ -111.92113, 40.68817 ], [ -111.921731, 40.688042 ], [ -111.927604, 40.691006 ], [ -111.92484, 40.697536 ], [ -111.923944, 40.698704 ], [ -111.923974, 40.699508 ], [ -111.924012, 40.700071 ], [ -111.92404, 40.700234 ], [ -111.925377, 40.701233 ], [ -111.925744, 40.701239 ], [ -111.928126, 40.700626 ], [ -111.93609, 40.703696 ], [ -111.936321, 40.70577 ], [ -111.938338, 40.71082 ], [ -111.939323, 40.712826 ], [ -111.938761, 40.720922 ], [ -111.934713, 40.722271 ], [ -111.930944, 40.722357 ], [ -111.928728, 40.722399 ], [ -111.926512, 40.722441 ], [ -111.926581, 40.726041 ], [ -111.928796, 40.725998 ], [ -111.931012, 40.725956 ], [ -111.934795, 40.72587 ], [ -111.93857, 40.725784 ], [ -111.940762, 40.725749 ], [ -111.941945, 40.725769 ], [ -111.942898, 40.725827 ], [ -111.947573, 40.733387 ], [ -111.94735, 40.735528 ], [ -111.947347, 40.73655 ], [ -111.947327, 40.740951 ], [ -111.9472, 40.742897 ], [ -111.946897, 40.747425 ], [ -111.946768, 40.749248 ], [ -111.946634, 40.751166 ], [ -111.94663, 40.751431 ], [ -111.950229, 40.751495 ], [ -111.950359, 40.749502 ], [ -111.950488, 40.747679 ], [ -111.950792, 40.743131 ], [ -111.950983, 40.741394 ], [ -111.950947, 40.736527 ], [ -111.95095, 40.73554 ], [ -111.951152, 40.733776 ], [ -111.95605, 40.727704 ], [ -111.959325, 40.727681 ], [ -111.959398, 40.727683 ], [ -111.959918, 40.727708 ], [ -111.960205, 40.727687 ], [ -111.960225, 40.724087 ], [ -111.955144, 40.717413 ], [ -111.955312, 40.715528 ], [ -111.95537, 40.713544 ], [ -111.959149, 40.706401 ], [ -111.961531, 40.705719 ], [ -111.962727, 40.704031 ], [ -111.966638, 40.698517 ], [ -111.968019, 40.696812 ], [ -111.968018, 40.696707 ], [ -111.966626, 40.694917 ], [ -111.967706, 40.687047 ], [ -111.969337, 40.685603 ], [ -111.973184, 40.683924 ], [ -111.977365, 40.681681 ], [ -111.978867, 40.680641 ], [ -111.983285, 40.678183 ], [ -111.988407, 40.672101 ], [ -111.989522, 40.669892 ], [ -111.993597, 40.663697 ], [ -112.00011, 40.658209 ], [ -112.002973, 40.655002 ], [ -112.004963, 40.652808 ], [ -112.004963, 40.652762 ] ] ] } },
{ "type": "Feature", "properties": { "group_index": 0, "value": 600.0, "center": [ -111.8787565, 40.5933424 ], "point_id": 27 }, "geometry": { "type": "Polygon", "coordinates": [ [ [ -111.944683, 40.587372 ], [ -111.943026, 40.585943 ], [ -111.937488, 40.582345 ], [ -111.932586, 40.578474 ], [ -111.93145, 40.574964 ], [ -111.930967, 40.574297 ], [ -111.929162, 40.572554 ], [ -111.929135, 40.572554 ], [ -111.928561, 40.573307 ], [ -111.927367, 40.574312 ], [ -111.919562, 40.570668 ], [ -111.92159, 40.562669 ], [ -111.923122, 40.56155 ], [ -111.923179, 40.561388 ], [ -111.922871, 40.559888 ], [ -111.922742, 40.559383 ], [ -111.92273, 40.559355 ], [ -111.918547, 40.552241 ], [ -111.916992, 40.550466 ], [ -111.913492, 40.542551 ], [ -111.911199, 40.541424 ], [ -111.910297, 40.541439 ], [ -111.901783, 40.539457 ], [ -111.899049, 40.536179 ], [ -111.898315, 40.528653 ], [ -111.8997, 40.527038 ], [ -111.899699, 40.526851 ], [ -111.898302, 40.525053 ], [ -111.893211, 40.51925 ], [ -111.89323, 40.516784 ], [ -111.893221, 40.513136 ], [ -111.89321, 40.509578 ], [ -111.893297, 40.50773 ], [ -111.893138, 40.506571 ], [ -111.889539, 40.506664 ], [ -111.889613, 40.50954 ], [ -111.889621, 40.513145 ], [ -111.88963, 40.516792 ], [ -111.886873, 40.525345 ], [ -111.886194, 40.526574 ], [ -111.886193, 40.526651 ], [ -111.886737, 40.527187 ], [ -111.887828, 40.528482 ], [ -111.889645, 40.531685 ], [ -111.890185, 40.533904 ], [ -111.889601, 40.538017 ], [ -111.883439, 40.542516 ], [ -111.883626, 40.544339 ], [ -111.883629, 40.544614 ], [ -111.883432, 40.546116 ], [ -111.876764, 40.549743 ], [ -111.874092, 40.547831 ], [ -111.873157, 40.547518 ], [ -111.87279, 40.547516 ], [ -111.870492, 40.547814 ], [ -111.868048, 40.549726 ], [ -111.862021, 40.554498 ], [ -111.854054, 40.555048 ], [ -111.853689, 40.555045 ], [ -111.849165, 40.556971 ], [ -111.841699, 40.561665 ], [ -111.841403, 40.561728 ], [ -111.838201, 40.563125 ], [ -111.834602, 40.569867 ], [ -111.828966, 40.571355 ], [ -111.828956, 40.571355 ], [ -111.823926, 40.573434 ], [ -111.818759, 40.574954 ], [ -111.817853, 40.576407 ], [ -111.81256, 40.581364 ], [ -111.807012, 40.582342 ], [ -111.806982, 40.582494 ], [ -111.806942, 40.583618 ], [ -111.806962, 40.583912 ], [ -111.80729, 40.584766 ], [ -111.809497, 40.588563 ], [ -111.811638, 40.597214 ], [ -111.814263, 40.605531 ], [ -111.818252, 40.606073 ], [ -111.825546, 40.607104 ], [ -111.82783, 40.609476 ], [ -111.829264, 40.61327 ], [ -111.829324, 40.613332 ], [ -111.832274, 40.616915 ], [ -111.832573, 40.616993 ], [ -111.833462, 40.617215 ], [ -111.833633, 40.617231 ], [ -111.834168, 40.6172 ], [ -111.834261, 40.617181 ], [ -111.840822, 40.62304 ], [ -111.839297, 40.624744 ], [ -111.839298, 40.624896 ], [ -111.842829, 40.6327 ], [ -111.849859, 40.634849 ], [ -111.851326, 40.636499 ], [ -111.854626, 40.637926 ], [ -111.85486, 40.637929 ], [ -111.85645, 40.636344 ], [ -111.863004, 40.6363 ], [ -111.864159, 40.641592 ], [ -111.864161, 40.641629 ], [ -111.865433, 40.642859 ], [ -111.865976, 40.643092 ], [ -111.866363, 40.643109 ], [ -111.871182, 40.643515 ], [ -111.871437, 40.643523 ], [ -111.871905, 40.643517 ], [ -111.872242, 40.643513 ], [ -111.873743, 40.643516 ], [ -111.874042, 40.64161 ], [ -111.880475, 40.635466 ], [ -111.888984, 40.636913 ], [ -111.889155, 40.636916 ], [ -111.895021, 40.636167 ], [ -111.90082, 40.64298 ], [ -111.900607, 40.645571 ], [ -111.900268, 40.648254 ], [ -111.899959, 40.650246 ], [ -111.898167, 40.654454 ], [ -111.898159, 40.654791 ], [ -111.898154, 40.655001 ], [ -111.899359, 40.662457 ], [ -111.899354, 40.664399 ], [ -111.89938, 40.667143 ], [ -111.899381, 40.667262 ], [ -111.902981, 40.667226 ], [ -111.90298, 40.667108 ], [ -111.902954, 40.664366 ], [ -111.902959, 40.662465 ], [ -111.902963, 40.660544 ], [ -111.904152, 40.653855 ], [ -111.904199, 40.652464 ], [ -111.903981, 40.648475 ], [ -111.904195, 40.645866 ], [ -111.904408, 40.643274 ], [ -111.911276, 40.638069 ], [ -111.913094, 40.638228 ], [ -111.914862, 40.638381 ], [ -111.915428, 40.638446 ], [ -111.916152, 40.638551 ], [ -111.916749, 40.638665 ], [ -111.917337, 40.638806 ], [ -111.918471, 40.639161 ], [ -111.919005, 40.639364 ], [ -111.920281, 40.635997 ], [ -111.919746, 40.635795 ], [ -111.918421, 40.635374 ], [ -111.917613, 40.63517 ], [ -111.916842, 40.635017 ], [ -111.915953, 40.634884 ], [ -111.912366, 40.626796 ], [ -111.915909, 40.624744 ], [ -111.916461, 40.624254 ], [ -111.916591, 40.624145 ], [ -111.91899, 40.622233 ], [ -111.920075, 40.621611 ], [ -111.920752, 40.620966 ], [ -111.920779, 40.62086 ], [ -111.92447, 40.612936 ], [ -111.928249, 40.61133 ], [ -111.929125, 40.611199 ], [ -111.930998, 40.609565 ], [ -111.931, 40.609444 ], [ -111.931001, 40.609438 ], [ -111.931003, 40.609343 ], [ -111.93099, 40.601945 ], [ -111.931574, 40.599443 ], [ -111.938707, 40.594115 ], [ -111.93927, 40.593906 ], [ -111.940496, 40.592969 ], [ -111.944685, 40.587733 ], [ -111.944683, 40.587372 ] ] ] } },
{ "type": "Feature", "properties": { "group_index": 0, "value": 600.0, "center": [ -111.81603643105817, 40.61480517676465 ], "point_id": 28 }, "geometry": { "type": "Polygon", "coordinates": [ [ [ -111.881345, 40.629194 ], [ -111.87865, 40.628926 ], [ -111.878559, 40.628915 ], [ -111.876621, 40.628712 ], [ -111.874674, 40.628507 ], [ -111.87377, 40.628442 ], [ -111.872919, 40.62842 ], [ -111.870223, 40.628421 ], [ -111.866746, 40.628423 ], [ -111.864465, 40.620285 ], [ -111.864618, 40.619921 ], [ -111.864931, 40.616833 ], [ -111.868209, 40.611348 ], [ -111.869279, 40.609856 ], [ -111.869279, 40.60955 ], [ -111.86919, 40.609323 ], [ -111.868203, 40.607748 ], [ -111.864455, 40.604196 ], [ -111.862879, 40.60278 ], [ -111.862642, 40.60278 ], [ -111.855001, 40.600677 ], [ -111.853647, 40.599706 ], [ -111.853207, 40.599704 ], [ -111.853042, 40.599703 ], [ -111.85274, 40.599706 ], [ -111.851401, 40.600659 ], [ -111.844476, 40.595031 ], [ -111.844475, 40.594498 ], [ -111.842313, 40.589508 ], [ -111.836343, 40.582957 ], [ -111.83593, 40.582947 ], [ -111.835511, 40.582964 ], [ -111.833342, 40.583206 ], [ -111.832855, 40.583252 ], [ -111.83247, 40.583316 ], [ -111.827508, 40.585052 ], [ -111.825949, 40.585138 ], [ -111.819488, 40.585058 ], [ -111.818325, 40.576765 ], [ -111.818327, 40.576576 ], [ -111.817205, 40.574947 ], [ -111.814623, 40.574625 ], [ -111.80831, 40.569166 ], [ -111.805906, 40.562824 ], [ -111.805731, 40.561874 ], [ -111.805383, 40.561178 ], [ -111.805112, 40.560838 ], [ -111.80475, 40.560506 ], [ -111.804158, 40.560112 ], [ -111.803745, 40.559921 ], [ -111.802416, 40.559393 ], [ -111.800526, 40.562458 ], [ -111.797784, 40.567731 ], [ -111.797059, 40.56874 ], [ -111.788739, 40.570038 ], [ -111.788682, 40.570023 ], [ -111.782999, 40.571666 ], [ -111.776538, 40.57067 ], [ -111.775843, 40.570568 ], [ -111.772921, 40.570091 ], [ -111.77243, 40.570039 ], [ -111.771564, 40.569942 ], [ -111.767396, 40.569878 ], [ -111.767233, 40.569882 ], [ -111.767314, 40.573481 ], [ -111.768361, 40.573741 ], [ -111.769044, 40.573838 ], [ -111.769566, 40.573849 ], [ -111.777835, 40.575422 ], [ -111.778527, 40.575692 ], [ -111.781432, 40.576525 ], [ -111.784518, 40.577749 ], [ -111.785402, 40.578025 ], [ -111.790362, 40.585003 ], [ -111.790339, 40.585768 ], [ -111.790393, 40.586458 ], [ -111.79055, 40.587213 ], [ -111.79067, 40.592108 ], [ -111.791988, 40.598109 ], [ -111.791159, 40.602498 ], [ -111.786817, 40.609251 ], [ -111.786596, 40.609692 ], [ -111.786446, 40.61036 ], [ -111.781799, 40.617356 ], [ -111.779744, 40.61855 ], [ -111.783825, 40.620347 ], [ -111.784863, 40.620606 ], [ -111.789508, 40.622587 ], [ -111.789869, 40.622821 ], [ -111.791736, 40.623928 ], [ -111.795809, 40.629816 ], [ -111.793553, 40.636235 ], [ -111.793331, 40.638524 ], [ -111.795113, 40.640991 ], [ -111.796597, 40.642052 ], [ -111.800897, 40.646529 ], [ -111.801965, 40.647766 ], [ -111.803064, 40.648917 ], [ -111.80512, 40.655611 ], [ -111.804471, 40.658152 ], [ -111.80392, 40.660948 ], [ -111.80366, 40.662973 ], [ -111.803467, 40.665794 ], [ -111.801294, 40.673 ], [ -111.799732, 40.67505 ], [ -111.79807, 40.677246 ], [ -111.795113, 40.681268 ], [ -111.79505, 40.681371 ], [ -111.794593, 40.68221 ], [ -111.794543, 40.682351 ], [ -111.795054, 40.690996 ], [ -111.798567, 40.691784 ], [ -111.798863, 40.690465 ], [ -111.798994, 40.689783 ], [ -111.799179, 40.684305 ], [ -111.802596, 40.677232 ], [ -111.804158, 40.675181 ], [ -111.805789, 40.672972 ], [ -111.806345, 40.672124 ], [ -111.806746, 40.671305 ], [ -111.806965, 40.670615 ], [ -111.80707, 40.670085 ], [ -111.807115, 40.669587 ], [ -111.807093, 40.667593 ], [ -111.807067, 40.665744 ], [ -111.807251, 40.663227 ], [ -111.80749, 40.66141 ], [ -111.814631, 40.657901 ], [ -111.816651, 40.658547 ], [ -111.818761, 40.65563 ], [ -111.81704, 40.651727 ], [ -111.82303, 40.646994 ], [ -111.823611, 40.646957 ], [ -111.830457, 40.649586 ], [ -111.833164, 40.652084 ], [ -111.834908, 40.65386 ], [ -111.834976, 40.65386 ], [ -111.83992, 40.651202 ], [ -111.848475, 40.653753 ], [ -111.851739, 40.652236 ], [ -111.850899, 40.650427 ], [ -111.850311, 40.648602 ], [ -111.852894, 40.640584 ], [ -111.852908, 40.640344 ], [ -111.853416, 40.635331 ], [ -111.860614, 40.63337 ], [ -111.860799, 40.633369 ], [ -111.863856, 40.633701 ], [ -111.864056, 40.633701 ], [ -111.864906, 40.63337 ], [ -111.872834, 40.632019 ], [ -111.874298, 40.632088 ], [ -111.876245, 40.632292 ], [ -111.878109, 40.632486 ], [ -111.8782, 40.632497 ], [ -111.879857, 40.632751 ], [ -111.880987, 40.632776 ], [ -111.881345, 40.629194 ] ] ] } },
{ "type": "Feature", "properties": { "group_index": 0, "value": 600.0, "center": [ -111.833531, 40.5778351 ], "point_id": 29 }, "geometry": { "type": "Polygon", "coordinates": [ [ [ -111.899216, 40.578853 ], [ -111.894594, 40.573779 ], [ -111.891484, 40.572419 ], [ -111.887106, 40.570872 ], [ -111.886972, 40.570817 ], [ -111.886915, 40.570795 ], [ -111.8869, 40.57079 ], [ -111.881652, 40.569876 ], [ -111.881948, 40.561774 ], [ -111.883822, 40.560639 ], [ -111.885405, 40.558778 ], [ -111.885392, 40.558389 ], [ -111.883839, 40.557039 ], [ -111.883614, 40.557038 ], [ -111.880409, 40.556217 ], [ -111.877663, 40.549748 ], [ -111.874095, 40.547072 ], [ -111.869486, 40.542477 ], [ -111.864521, 40.538361 ], [ -111.862122, 40.53806 ], [ -111.856062, 40.534088 ], [ -111.855006, 40.533041 ], [ -111.851406, 40.53306 ], [ -111.845552, 40.537712 ], [ -111.841953, 40.537778 ], [ -111.840034, 40.538518 ], [ -111.8357, 40.543352 ], [ -111.831288, 40.545772 ], [ -111.829026, 40.547118 ], [ -111.829033, 40.547556 ], [ -111.82902, 40.549283 ], [ -111.823787, 40.555281 ], [ -111.818703, 40.554713 ], [ -111.818329, 40.554534 ], [ -111.817357, 40.554153 ], [ -111.817062, 40.554056 ], [ -111.816506, 40.553919 ], [ -111.815447, 40.553746 ], [ -111.814377, 40.553686 ], [ -111.810627, 40.552439 ], [ -111.808618, 40.546692 ], [ -111.806945, 40.545386 ], [ -111.806783, 40.545361 ], [ -111.805108, 40.545891 ], [ -111.800998, 40.551281 ], [ -111.797289, 40.556798 ], [ -111.796357, 40.558857 ], [ -111.796133, 40.559391 ], [ -111.796034, 40.560037 ], [ -111.797087, 40.561852 ], [ -111.797104, 40.561894 ], [ -111.796736, 40.569695 ], [ -111.793127, 40.570962 ], [ -111.789621, 40.570825 ], [ -111.78414, 40.571283 ], [ -111.783718, 40.571216 ], [ -111.782936, 40.571123 ], [ -111.78029, 40.570613 ], [ -111.779798, 40.570518 ], [ -111.772921, 40.570091 ], [ -111.77243, 40.570039 ], [ -111.771564, 40.569942 ], [ -111.767396, 40.569878 ], [ -111.762425, 40.570014 ], [ -111.759755, 40.570014 ], [ -111.759281, 40.570011 ], [ -111.754318, 40.569825 ], [ -111.753072, 40.569785 ], [ -111.752955, 40.573383 ], [ -111.756408, 40.573945 ], [ -111.756867, 40.573999 ], [ -111.757228, 40.574 ], [ -111.757896, 40.573924 ], [ -111.764686, 40.573931 ], [ -111.765194, 40.573932 ], [ -111.769044, 40.573838 ], [ -111.769566, 40.573849 ], [ -111.778089, 40.575536 ], [ -111.778709, 40.575747 ], [ -111.781394, 40.57651 ], [ -111.784655, 40.577797 ], [ -111.785525, 40.578058 ], [ -111.790362, 40.585003 ], [ -111.789623, 40.586781 ], [ -111.789622, 40.58708 ], [ -111.789622, 40.58709 ], [ -111.78962, 40.587272 ], [ -111.79067, 40.592108 ], [ -111.791169, 40.595454 ], [ -111.791753, 40.596306 ], [ -111.796114, 40.601974 ], [ -111.802453, 40.606705 ], [ -111.808757, 40.608502 ], [ -111.809222, 40.608495 ], [ -111.817207, 40.609396 ], [ -111.824847, 40.613487 ], [ -111.825973, 40.614895 ], [ -111.827899, 40.616281 ], [ -111.83316, 40.6221 ], [ -111.835952, 40.622167 ], [ -111.836345, 40.622169 ], [ -111.837759, 40.620364 ], [ -111.838639, 40.618191 ], [ -111.84227, 40.614444 ], [ -111.848582, 40.615595 ], [ -111.855314, 40.618589 ], [ -111.855521, 40.618771 ], [ -111.862387, 40.618528 ], [ -111.862647, 40.618526 ], [ -111.864432, 40.616804 ], [ -111.871164, 40.6114 ], [ -111.872827, 40.609644 ], [ -111.874509, 40.60768 ], [ -111.876138, 40.605615 ], [ -111.876142, 40.604716 ], [ -111.876143, 40.604373 ], [ -111.88243, 40.598132 ], [ -111.888803, 40.596476 ], [ -111.89105, 40.595924 ], [ -111.892666, 40.594691 ], [ -111.892667, 40.594607 ], [ -111.89408, 40.588352 ], [ -111.899376, 40.582449 ], [ -111.899216, 40.578853 ] ] ] } },
{ "type": "Feature", "properties": { "group_index": 0, "value": 600.0, "center": [ -111.86247706381518, 40.562669878079845 ], "point_id": 30 }, "geometry": { "type": "Polygon", "coordinates": [ [ [ -111.905911, 40.602144 ], [ -111.905312, 40.598991 ], [ -111.904712, 40.595838 ], [ -111.904284, 40.593733 ], [ -111.904144, 40.59317 ], [ -111.903961, 40.592607 ], [ -111.903531, 40.591499 ], [ -111.902522, 40.58841 ], [ -111.901748, 40.582546 ], [ -111.90165, 40.580241 ], [ -111.905548, 40.572501 ], [ -111.905989, 40.571501 ], [ -111.906598, 40.570057 ], [ -111.90715, 40.567008 ], [ -111.907531, 40.565943 ], [ -111.913106, 40.560913 ], [ -111.916698, 40.562197 ], [ -111.916875, 40.562221 ], [ -111.917081, 40.562227 ], [ -111.918473, 40.561976 ], [ -111.919982, 40.561018 ], [ -111.920046, 40.560879 ], [ -111.919193, 40.558449 ], [ -111.91598, 40.555208 ], [ -111.914807, 40.55338 ], [ -111.913145, 40.546151 ], [ -111.91314, 40.542551 ], [ -111.91112, 40.541425 ], [ -111.910297, 40.541439 ], [ -111.901659, 40.539457 ], [ -111.899107, 40.536456 ], [ -111.897937, 40.535631 ], [ -111.893714, 40.528001 ], [ -111.893762, 40.527551 ], [ -111.893177, 40.52244 ], [ -111.889578, 40.522365 ], [ -111.881789, 40.518956 ], [ -111.881414, 40.518955 ], [ -111.875292, 40.517139 ], [ -111.873593, 40.513748 ], [ -111.872859, 40.513022 ], [ -111.87199, 40.512351 ], [ -111.869006, 40.510803 ], [ -111.868419, 40.510531 ], [ -111.866802, 40.509799 ], [ -111.865994, 40.509733 ], [ -111.864231, 40.509871 ], [ -111.863125, 40.510072 ], [ -111.854626, 40.509752 ], [ -111.8526, 40.509748 ], [ -111.85147, 40.510521 ], [ -111.850678, 40.512711 ], [ -111.848214, 40.517023 ], [ -111.843022, 40.522345 ], [ -111.836337, 40.524271 ], [ -111.835043, 40.526159 ], [ -111.835056, 40.526419 ], [ -111.836335, 40.527871 ], [ -111.836552, 40.527871 ], [ -111.841451, 40.529867 ], [ -111.837083, 40.537309 ], [ -111.83537, 40.537042 ], [ -111.835219, 40.537032 ], [ -111.831146, 40.535725 ], [ -111.830403, 40.535305 ], [ -111.830219, 40.535207 ], [ -111.824455, 40.532636 ], [ -111.824297, 40.532502 ], [ -111.822509, 40.532383 ], [ -111.818258, 40.533302 ], [ -111.817132, 40.534055 ], [ -111.816987, 40.534176 ], [ -111.812723, 40.538243 ], [ -111.81207, 40.539193 ], [ -111.810081, 40.542448 ], [ -111.807033, 40.549526 ], [ -111.802628, 40.552161 ], [ -111.802737, 40.552591 ], [ -111.802927, 40.553061 ], [ -111.803201, 40.553518 ], [ -111.803695, 40.554095 ], [ -111.806365, 40.559753 ], [ -111.804743, 40.566036 ], [ -111.804363, 40.566964 ], [ -111.804133, 40.569603 ], [ -111.804187, 40.570063 ], [ -111.804236, 40.570261 ], [ -111.805285, 40.570827 ], [ -111.805529, 40.570908 ], [ -111.805669, 40.57094 ], [ -111.805883, 40.570942 ], [ -111.807548, 40.570336 ], [ -111.807972, 40.569804 ], [ -111.809257, 40.568064 ], [ -111.809215, 40.564464 ], [ -111.817965, 40.562725 ], [ -111.818474, 40.564382 ], [ -111.818433, 40.567982 ], [ -111.818103, 40.572715 ], [ -111.8181, 40.573159 ], [ -111.8181, 40.573163 ], [ -111.818099, 40.57335 ], [ -111.819453, 40.57497 ], [ -111.821926, 40.580031 ], [ -111.822432, 40.580303 ], [ -111.828817, 40.582923 ], [ -111.830299, 40.58476 ], [ -111.833487, 40.5868 ], [ -111.83856, 40.589157 ], [ -111.839055, 40.589108 ], [ -111.839424, 40.589041 ], [ -111.840125, 40.588792 ], [ -111.846607, 40.594634 ], [ -111.846604, 40.59502 ], [ -111.847134, 40.596835 ], [ -111.852709, 40.600022 ], [ -111.853078, 40.600022 ], [ -111.854875, 40.599004 ], [ -111.857424, 40.596836 ], [ -111.859171, 40.595683 ], [ -111.864984, 40.591387 ], [ -111.867728, 40.592668 ], [ -111.870396, 40.595148 ], [ -111.871292, 40.596199 ], [ -111.87182, 40.596824 ], [ -111.872224, 40.596817 ], [ -111.87516, 40.595571 ], [ -111.883564, 40.593473 ], [ -111.890894, 40.59217 ], [ -111.890945, 40.59217 ], [ -111.899686, 40.59261 ], [ -111.900181, 40.593597 ], [ -111.900435, 40.594353 ], [ -111.900494, 40.594515 ], [ -111.9009, 40.596619 ], [ -111.901313, 40.598753 ], [ -111.901799, 40.601056 ], [ -111.902433, 40.6043 ], [ -111.905966, 40.603608 ], [ -111.905911, 40.602144 ] ] ] } },
{ "type": "Feature", "properties": { "group_index": 0, "value": 600.0, "center": [ -111.9993992, 40.5389682 ], "point_id": 31 }, "geometry": { "type": "Polygon", "coordinates": [ [ [ -112.067405, 40.56422 ], [ -112.065328, 40.564215 ], [ -112.063251, 40.564211 ], [ -112.059607, 40.564202 ], [ -112.056003, 40.562837 ], [ -112.052484, 40.562075 ], [ -112.04653, 40.561455 ], [ -112.045195, 40.561389 ], [ -112.042854, 40.561137 ], [ -112.04043, 40.560833 ], [ -112.03953, 40.56083 ], [ -112.037876, 40.560999 ], [ -112.032664, 40.556313 ], [ -112.037693, 40.551017 ], [ -112.038611, 40.551017 ], [ -112.039109, 40.551018 ], [ -112.040949, 40.551208 ], [ -112.042334, 40.551402 ], [ -112.04305, 40.551395 ], [ -112.044409, 40.551049 ], [ -112.046629, 40.551148 ], [ -112.052217, 40.549625 ], [ -112.054918, 40.550432 ], [ -112.055601, 40.550855 ], [ -112.056089, 40.551115 ], [ -112.056862, 40.551459 ], [ -112.05748, 40.551682 ], [ -112.058114, 40.551865 ], [ -112.058765, 40.55201 ], [ -112.059413, 40.552115 ], [ -112.061524, 40.549098 ], [ -112.061575, 40.548894 ], [ -112.060517, 40.54475 ], [ -112.067144, 40.538909 ], [ -112.06716, 40.535309 ], [ -112.066126, 40.535163 ], [ -112.064917, 40.535299 ], [ -112.062667, 40.535165 ], [ -112.061384, 40.535291 ], [ -112.058849, 40.534859 ], [ -112.056444, 40.526224 ], [ -112.058778, 40.524772 ], [ -112.056877, 40.521715 ], [ -112.053126, 40.518938 ], [ -112.048465, 40.512608 ], [ -112.047842, 40.510701 ], [ -112.045334, 40.509666 ], [ -112.037629, 40.506058 ], [ -112.036896, 40.504808 ], [ -112.036425, 40.504289 ], [ -112.035145, 40.504191 ], [ -112.029869, 40.504604 ], [ -112.026249, 40.499832 ], [ -112.026244, 40.496494 ], [ -112.026244, 40.496315 ], [ -112.024508, 40.494694 ], [ -112.02398, 40.494678 ], [ -112.016611, 40.491493 ], [ -112.017323, 40.487964 ], [ -112.011546, 40.483257 ], [ -112.011319, 40.483181 ], [ -112.002483, 40.483706 ], [ -112.002003, 40.483658 ], [ -111.998168, 40.483167 ], [ -111.989857, 40.479945 ], [ -111.988477, 40.479127 ], [ -111.986918, 40.478206 ], [ -111.985359, 40.477284 ], [ -111.983527, 40.480383 ], [ -111.985086, 40.481304 ], [ -111.986645, 40.482226 ], [ -111.987349, 40.482657 ], [ -111.988071, 40.483071 ], [ -111.990054, 40.489886 ], [ -111.985912, 40.492922 ], [ -111.984408, 40.49449 ], [ -111.978888, 40.49866 ], [ -111.975806, 40.498714 ], [ -111.974666, 40.498719 ], [ -111.970699, 40.498958 ], [ -111.967765, 40.498957 ], [ -111.961369, 40.496753 ], [ -111.959548, 40.49458 ], [ -111.957749, 40.492798 ], [ -111.957744, 40.492797 ], [ -111.955948, 40.494595 ], [ -111.948977, 40.498491 ], [ -111.946342, 40.498792 ], [ -111.943769, 40.498866 ], [ -111.941943, 40.498807 ], [ -111.939572, 40.498626 ], [ -111.934958, 40.498225 ], [ -111.933917, 40.501671 ], [ -111.934567, 40.501868 ], [ -111.935357, 40.502055 ], [ -111.936333, 40.50222 ], [ -111.937048, 40.502294 ], [ -111.93787, 40.502344 ], [ -111.939998, 40.502446 ], [ -111.94171, 40.5024 ], [ -111.943049, 40.50252 ], [ -111.944098, 40.502497 ], [ -111.944256, 40.502501 ], [ -111.944758, 40.502494 ], [ -111.946563, 40.502386 ], [ -111.949384, 40.502067 ], [ -111.950205, 40.501994 ], [ -111.954899, 40.509307 ], [ -111.953995, 40.510516 ], [ -111.95318, 40.511837 ], [ -111.951717, 40.51437 ], [ -111.944731, 40.517658 ], [ -111.943858, 40.517656 ], [ -111.938061, 40.521139 ], [ -111.937248, 40.521713 ], [ -111.932907, 40.527634 ], [ -111.932512, 40.5297 ], [ -111.932449, 40.53006 ], [ -111.932718, 40.5347 ], [ -111.931122, 40.54236 ], [ -111.92937, 40.544148 ], [ -111.92937, 40.544168 ], [ -111.931129, 40.54596 ], [ -111.936896, 40.550619 ], [ -111.938443, 40.552073 ], [ -111.944653, 40.556939 ], [ -111.946392, 40.562353 ], [ -111.948076, 40.563996 ], [ -111.948234, 40.564106 ], [ -111.948247, 40.564105 ], [ -111.95556, 40.568466 ], [ -111.956003, 40.570877 ], [ -111.956, 40.571961 ], [ -111.956, 40.572007 ], [ -111.955997, 40.573835 ], [ -111.955997, 40.574479 ], [ -111.956463, 40.575014 ], [ -111.963357, 40.579856 ], [ -111.964118, 40.587146 ], [ -111.964077, 40.587326 ], [ -111.964069, 40.587379 ], [ -111.964975, 40.589554 ], [ -111.967314, 40.590469 ], [ -111.971746, 40.593151 ], [ -111.975311, 40.599013 ], [ -111.975294, 40.601855 ], [ -111.975251, 40.602347 ], [ -111.974892, 40.604298 ], [ -111.97475, 40.604955 ], [ -111.974477, 40.606334 ], [ -111.974407, 40.608474 ], [ -111.974615, 40.611358 ], [ -111.978215, 40.611386 ], [ -111.978226, 40.609888 ], [ -111.978267, 40.607268 ], [ -111.978411, 40.60506 ], [ -111.978791, 40.602999 ], [ -111.978876, 40.602214 ], [ -111.978911, 40.599044 ], [ -111.978899, 40.596052 ], [ -111.981793, 40.591053 ], [ -111.987119, 40.590668 ], [ -111.98797, 40.590633 ], [ -111.993211, 40.589626 ], [ -111.996798, 40.589696 ], [ -112.0034, 40.592249 ], [ -112.005192, 40.592962 ], [ -112.00562, 40.592964 ], [ -112.007, 40.592241 ], [ -112.012904, 40.588475 ], [ -112.018088, 40.589714 ], [ -112.022389, 40.595565 ], [ -112.023649, 40.596695 ], [ -112.027959, 40.603574 ], [ -112.028145, 40.604059 ], [ -112.028762, 40.605371 ], [ -112.028987, 40.605776 ], [ -112.02972, 40.606993 ], [ -112.030056, 40.607501 ], [ -112.03059, 40.608273 ], [ -112.032291, 40.611121 ], [ -112.032692, 40.611697 ], [ -112.033153, 40.612197 ], [ -112.033694, 40.612651 ], [ -112.03499, 40.613506 ], [ -112.036973, 40.610502 ], [ -112.035016, 40.607639 ], [ -112.033019, 40.605457 ], [ -112.032728, 40.605013 ], [ -112.032073, 40.603921 ], [ -112.030841, 40.599435 ], [ -112.034251, 40.591707 ], [ -112.039875, 40.588243 ], [ -112.040183, 40.588095 ], [ -112.040478, 40.585467 ], [ -112.045831, 40.578832 ], [ -112.047302, 40.577029 ], [ -112.050069, 40.574002 ], [ -112.050093, 40.573302 ], [ -112.05828, 40.569577 ], [ -112.05831, 40.569577 ], [ -112.06532, 40.567815 ], [ -112.067397, 40.56782 ], [ -112.067405, 40.56422 ] ] ] } },
{ "type": "Feature", "properties": { "group_index": 0, "value": 600.0, "center": [ -112.0085146212046, 40.56408041632314 ], "point_id": 32 }, "geometry": { "type": "Polygon", "coordinates": [ [ [ -112.07522, 40.564237 ], [ -112.072681, 40.564232 ], [ -112.066751, 40.5596 ], [ -112.063653, 40.555108 ], [ -112.061724, 40.549932 ], [ -112.059442, 40.543386 ], [ -112.057964, 40.537568 ], [ -112.055112, 40.535154 ], [ -112.054663, 40.535165 ], [ -112.048457, 40.53514 ], [ -112.041996, 40.533533 ], [ -112.03989, 40.532591 ], [ -112.034804, 40.525927 ], [ -112.033614, 40.525307 ], [ -112.028684, 40.523796 ], [ -112.025643, 40.522821 ], [ -112.022044, 40.522736 ], [ -112.017305, 40.518757 ], [ -112.016876, 40.51806 ], [ -112.016721, 40.5179 ], [ -112.015252, 40.51704 ], [ -112.013902, 40.516768 ], [ -112.008671, 40.509818 ], [ -112.00698, 40.507955 ], [ -112.00523, 40.50623 ], [ -112.005143, 40.506232 ], [ -112.003381, 40.50791 ], [ -112.000775, 40.509669 ], [ -112.000766, 40.513269 ], [ -111.99582, 40.520535 ], [ -111.990762, 40.520479 ], [ -111.986171, 40.515439 ], [ -111.984355, 40.511242 ], [ -111.984275, 40.510703 ], [ -111.984083, 40.5097 ], [ -111.984027, 40.5079 ], [ -111.984087, 40.5061 ], [ -111.983173, 40.505024 ], [ -111.980068, 40.506846 ], [ -111.980223, 40.50711 ], [ -111.980724, 40.507751 ], [ -111.982571, 40.515413 ], [ -111.979703, 40.520431 ], [ -111.978616, 40.521904 ], [ -111.974936, 40.529296 ], [ -111.974336, 40.530097 ], [ -111.974334, 40.530101 ], [ -111.96705, 40.535093 ], [ -111.966765, 40.535095 ], [ -111.965533, 40.535943 ], [ -111.965471, 40.536043 ], [ -111.965262, 40.536836 ], [ -111.965262, 40.536901 ], [ -111.962667, 40.543354 ], [ -111.957705, 40.546003 ], [ -111.957337, 40.546241 ], [ -111.955966, 40.547691 ], [ -111.953329, 40.550558 ], [ -111.946406, 40.556037 ], [ -111.942009, 40.560497 ], [ -111.941191, 40.562008 ], [ -111.941194, 40.562301 ], [ -111.942044, 40.564097 ], [ -111.946403, 40.5684 ], [ -111.947777, 40.569317 ], [ -111.948195, 40.569566 ], [ -111.953478, 40.573562 ], [ -111.955182, 40.575011 ], [ -111.955997, 40.575699 ], [ -111.958524, 40.575621 ], [ -111.963357, 40.579856 ], [ -111.958193, 40.585962 ], [ -111.958034, 40.585963 ], [ -111.956404, 40.587737 ], [ -111.956404, 40.58777 ], [ -111.958057, 40.589563 ], [ -111.963079, 40.594938 ], [ -111.965575, 40.600173 ], [ -111.967133, 40.601801 ], [ -111.969868, 40.604773 ], [ -111.974612, 40.611729 ], [ -111.978212, 40.611757 ], [ -111.98566, 40.612268 ], [ -111.985669, 40.61227 ], [ -111.987867, 40.611552 ], [ -111.989143, 40.611348 ], [ -111.98984, 40.611265 ], [ -111.996694, 40.616587 ], [ -111.997323, 40.620239 ], [ -111.997369, 40.620498 ], [ -111.999282, 40.621711 ], [ -111.999339, 40.621705 ], [ -112.005898, 40.620241 ], [ -112.007205, 40.619787 ], [ -112.013556, 40.614234 ], [ -112.018249, 40.611255 ], [ -112.023758, 40.610274 ], [ -112.030213, 40.614231 ], [ -112.030234, 40.614242 ], [ -112.031478, 40.614198 ], [ -112.039233, 40.618182 ], [ -112.040928, 40.620706 ], [ -112.041973, 40.622949 ], [ -112.043019, 40.625193 ], [ -112.046282, 40.623673 ], [ -112.045237, 40.621429 ], [ -112.044192, 40.619186 ], [ -112.043803, 40.618433 ], [ -112.043458, 40.617839 ], [ -112.041466, 40.609437 ], [ -112.041477, 40.608267 ], [ -112.040377, 40.607619 ], [ -112.035633, 40.601549 ], [ -112.039783, 40.59702 ], [ -112.040799, 40.595229 ], [ -112.040803, 40.594627 ], [ -112.045113, 40.586999 ], [ -112.046832, 40.584948 ], [ -112.04945, 40.579463 ], [ -112.053973, 40.575068 ], [ -112.061788, 40.575006 ], [ -112.062119, 40.575006 ], [ -112.063862, 40.573683 ], [ -112.070134, 40.567826 ], [ -112.072673, 40.567832 ], [ -112.075212, 40.567837 ], [ -112.07522, 40.564237 ] ] ] } },
{ "type": "Feature", "properties": { "group_index": 0, "value": 600.0, "center": [ -111.99461015912863, 40.55571567803135 ], "point_id": 33 }, "geometry": { "type": "Polygon", "coordinates": [ [ [ -112.050469, 40.545972 ], [ -112.048231, 40.54063 ], [ -112.047123, 40.53936 ], [ -112.043601, 40.535132 ], [ -112.039965, 40.533888 ], [ -112.035456, 40.527345 ], [ -112.035384, 40.523746 ], [ -112.033021, 40.523367 ], [ -112.025682, 40.519895 ], [ -112.017793, 40.516641 ], [ -112.017317, 40.516139 ], [ -112.017261, 40.516085 ], [ -112.012551, 40.509786 ], [ -112.012458, 40.509602 ], [ -112.012221, 40.509354 ], [ -112.006913, 40.502205 ], [ -112.003313, 40.502256 ], [ -111.997824, 40.505988 ], [ -111.995891, 40.506538 ], [ -111.989992, 40.505034 ], [ -111.988058, 40.501684 ], [ -111.98703, 40.500908 ], [ -111.98626, 40.500911 ], [ -111.98626, 40.500911 ], [ -111.985595, 40.500914 ], [ -111.97724, 40.500517 ], [ -111.976257, 40.500074 ], [ -111.97489, 40.499619 ], [ -111.973534, 40.499281 ], [ -111.972274, 40.49909 ], [ -111.970699, 40.498958 ], [ -111.967765, 40.498957 ], [ -111.960144, 40.498263 ], [ -111.959483, 40.498202 ], [ -111.958814, 40.498165 ], [ -111.957757, 40.498156 ], [ -111.957725, 40.501756 ], [ -111.958783, 40.501765 ], [ -111.959275, 40.501796 ], [ -111.960817, 40.50201 ], [ -111.962025, 40.502273 ], [ -111.962756, 40.502403 ], [ -111.963689, 40.502503 ], [ -111.964236, 40.50254 ], [ -111.964779, 40.502556 ], [ -111.967765, 40.502557 ], [ -111.970698, 40.502558 ], [ -111.971957, 40.502676 ], [ -111.972984, 40.502838 ], [ -111.973999, 40.503106 ], [ -111.975107, 40.503485 ], [ -111.975728, 40.503784 ], [ -111.97689, 40.50444 ], [ -111.978379, 40.505491 ], [ -111.979242, 40.506167 ], [ -111.97669, 40.514654 ], [ -111.974949, 40.515928 ], [ -111.969125, 40.520481 ], [ -111.967407, 40.522276 ], [ -111.96741, 40.522346 ], [ -111.968038, 40.522922 ], [ -111.968291, 40.530009 ], [ -111.963394, 40.531564 ], [ -111.962967, 40.531486 ], [ -111.962638, 40.531458 ], [ -111.961878, 40.531456 ], [ -111.957944, 40.530242 ], [ -111.957751, 40.530242 ], [ -111.955952, 40.531685 ], [ -111.949541, 40.535076 ], [ -111.94954, 40.538676 ], [ -111.946475, 40.543911 ], [ -111.946447, 40.54444 ], [ -111.946384, 40.549698 ], [ -111.944808, 40.553339 ], [ -111.938644, 40.557518 ], [ -111.936875, 40.559283 ], [ -111.935074, 40.562208 ], [ -111.935074, 40.562236 ], [ -111.936874, 40.564178 ], [ -111.938569, 40.565636 ], [ -111.944758, 40.569855 ], [ -111.946426, 40.574667 ], [ -111.948246, 40.576277 ], [ -111.948334, 40.576276 ], [ -111.955027, 40.578719 ], [ -111.953458, 40.585947 ], [ -111.953441, 40.589547 ], [ -111.957789, 40.590902 ], [ -111.965585, 40.594401 ], [ -111.966993, 40.594674 ], [ -111.972569, 40.597954 ], [ -111.972825, 40.598126 ], [ -111.974892, 40.604298 ], [ -111.971421, 40.607685 ], [ -111.969916, 40.609496 ], [ -111.969919, 40.609566 ], [ -111.970012, 40.609685 ], [ -111.971401, 40.611284 ], [ -111.974534, 40.619382 ], [ -111.974454, 40.619923 ], [ -111.978016, 40.620447 ], [ -111.978096, 40.619906 ], [ -111.978115, 40.619628 ], [ -111.980914, 40.611351 ], [ -111.98641, 40.604675 ], [ -111.988206, 40.604123 ], [ -111.989699, 40.603074 ], [ -111.992326, 40.601169 ], [ -111.992219, 40.599238 ], [ -111.992232, 40.598955 ], [ -111.992354, 40.597569 ], [ -111.992242, 40.594173 ], [ -111.99511, 40.58974 ], [ -112.001778, 40.591967 ], [ -112.003472, 40.596569 ], [ -112.003422, 40.598557 ], [ -112.003422, 40.598575 ], [ -112.005212, 40.600358 ], [ -112.005217, 40.600358 ], [ -112.007022, 40.598577 ], [ -112.01291, 40.592085 ], [ -112.01651, 40.592074 ], [ -112.02141, 40.589716 ], [ -112.021413, 40.586116 ], [ -112.024241, 40.578955 ], [ -112.030425, 40.579441 ], [ -112.033378, 40.581499 ], [ -112.033719, 40.581011 ], [ -112.034106, 40.580377 ], [ -112.034517, 40.5796 ], [ -112.034822, 40.57891 ], [ -112.035094, 40.578197 ], [ -112.035385, 40.577202 ], [ -112.035526, 40.576602 ], [ -112.035651, 40.575867 ], [ -112.035727, 40.575073 ], [ -112.040219, 40.567789 ], [ -112.040221, 40.564189 ], [ -112.034205, 40.561068 ], [ -112.032794, 40.557618 ], [ -112.037693, 40.551017 ], [ -112.040441, 40.550898 ], [ -112.040459, 40.550898 ], [ -112.04629, 40.55173 ], [ -112.049694, 40.547912 ], [ -112.050459, 40.546511 ], [ -112.050469, 40.545972 ] ] ] } },
{ "type": "Feature", "properties": { "group_index": 0, "value": 600.0, "center": [ -111.8111859, 40.5525501 ], "point_id": 34 }, "geometry": { "type": "Polygon", "coordinates": [ [ [ -111.885391, 40.558376 ], [ -111.883954, 40.55704 ], [ -111.883614, 40.557038 ], [ -111.880403, 40.556173 ], [ -111.877793, 40.549749 ], [ -111.873718, 40.544029 ], [ -111.87166, 40.541987 ], [ -111.869396, 40.541101 ], [ -111.864549, 40.534659 ], [ -111.865039, 40.532462 ], [ -111.864533, 40.529541 ], [ -111.862777, 40.527954 ], [ -111.859233, 40.526475 ], [ -111.854022, 40.523583 ], [ -111.853853, 40.523554 ], [ -111.85234, 40.523998 ], [ -111.846924, 40.526922 ], [ -111.841451, 40.529867 ], [ -111.837083, 40.537309 ], [ -111.831146, 40.535725 ], [ -111.830403, 40.535305 ], [ -111.830219, 40.535207 ], [ -111.82391, 40.533794 ], [ -111.821867, 40.532888 ], [ -111.819513, 40.532156 ], [ -111.818887, 40.532577 ], [ -111.81782, 40.533832 ], [ -111.817448, 40.534571 ], [ -111.813517, 40.540264 ], [ -111.809391, 40.542207 ], [ -111.807206, 40.543347 ], [ -111.806865, 40.543513 ], [ -111.802964, 40.545477 ], [ -111.80109, 40.551075 ], [ -111.797276, 40.556996 ], [ -111.796357, 40.558857 ], [ -111.796133, 40.559391 ], [ -111.796034, 40.560037 ], [ -111.797087, 40.561852 ], [ -111.797104, 40.561894 ], [ -111.796736, 40.569695 ], [ -111.793127, 40.570962 ], [ -111.789621, 40.570825 ], [ -111.78414, 40.571283 ], [ -111.783718, 40.571216 ], [ -111.782936, 40.571123 ], [ -111.78029, 40.570613 ], [ -111.779798, 40.570518 ], [ -111.772921, 40.570091 ], [ -111.77243, 40.570039 ], [ -111.771564, 40.569942 ], [ -111.767396, 40.569878 ], [ -111.762425, 40.570014 ], [ -111.759755, 40.570014 ], [ -111.759281, 40.570011 ], [ -111.754318, 40.569825 ], [ -111.752877, 40.569772 ], [ -111.752612, 40.573362 ], [ -111.756408, 40.573945 ], [ -111.756867, 40.573999 ], [ -111.757228, 40.574 ], [ -111.757896, 40.573924 ], [ -111.764686, 40.573931 ], [ -111.765194, 40.573932 ], [ -111.769044, 40.573838 ], [ -111.769566, 40.573849 ], [ -111.778089, 40.575536 ], [ -111.778709, 40.575747 ], [ -111.781394, 40.57651 ], [ -111.784655, 40.577797 ], [ -111.785525, 40.578058 ], [ -111.786751, 40.578339 ], [ -111.789665, 40.586303 ], [ -111.789652, 40.586377 ], [ -111.789622, 40.58708 ], [ -111.789622, 40.58709 ], [ -111.789619, 40.58749 ], [ -111.79067, 40.592108 ], [ -111.791173, 40.595595 ], [ -111.791198, 40.595966 ], [ -111.794848, 40.600587 ], [ -111.79612, 40.601311 ], [ -111.798009, 40.602308 ], [ -111.803145, 40.604601 ], [ -111.804934, 40.60506 ], [ -111.805297, 40.60499 ], [ -111.806537, 40.603394 ], [ -111.806286, 40.60269 ], [ -111.80516, 40.599891 ], [ -111.805876, 40.59262 ], [ -111.805289, 40.591712 ], [ -111.804845, 40.591193 ], [ -111.804467, 40.590864 ], [ -111.804358, 40.590779 ], [ -111.802715, 40.58198 ], [ -111.806736, 40.580508 ], [ -111.807188, 40.580497 ], [ -111.812107, 40.583374 ], [ -111.813353, 40.584109 ], [ -111.814121, 40.584825 ], [ -111.815217, 40.585448 ], [ -111.818399, 40.586719 ], [ -111.820959, 40.58877 ], [ -111.822362, 40.589271 ], [ -111.825993, 40.590437 ], [ -111.826535, 40.590474 ], [ -111.832523, 40.589243 ], [ -111.835946, 40.589165 ], [ -111.843674, 40.584558 ], [ -111.849044, 40.582209 ], [ -111.854972, 40.579686 ], [ -111.856455, 40.575889 ], [ -111.861057, 40.571788 ], [ -111.865595, 40.572434 ], [ -111.86666, 40.572401 ], [ -111.867758, 40.572359 ], [ -111.874461, 40.57016 ], [ -111.874822, 40.569719 ], [ -111.879651, 40.563959 ], [ -111.883937, 40.56064 ], [ -111.884761, 40.559718 ], [ -111.885405, 40.558778 ], [ -111.885391, 40.558376 ] ] ] } },
{ "type": "Feature", "properties": { "group_index": 0, "value": 600.0, "center": [ -111.8889934, 40.7171916 ], "point_id": 35 }, "geometry": { "type": "Polygon", "coordinates": [ [ [ -112.008114, 40.724129 ], [ -112.005535, 40.724135 ], [ -112.002531, 40.724126 ], [ -111.999518, 40.724118 ], [ -111.996505, 40.724109 ], [ -111.993492, 40.724101 ], [ -111.990843, 40.724103 ], [ -111.984407, 40.723328 ], [ -111.983157, 40.723634 ], [ -111.974918, 40.72214 ], [ -111.969421, 40.717802 ], [ -111.967958, 40.716168 ], [ -111.967604, 40.716172 ], [ -111.965821, 40.717806 ], [ -111.965211, 40.719657 ], [ -111.960877, 40.722797 ], [ -111.955585, 40.717002 ], [ -111.955706, 40.715466 ], [ -111.955702, 40.713381 ], [ -111.955588, 40.711472 ], [ -111.955373, 40.708884 ], [ -111.955159, 40.706295 ], [ -111.954945, 40.703706 ], [ -111.954806, 40.700373 ], [ -111.954937, 40.698681 ], [ -111.954206, 40.694139 ], [ -111.950618, 40.69443 ], [ -111.942012, 40.696624 ], [ -111.940712, 40.694804 ], [ -111.93898, 40.693135 ], [ -111.938918, 40.693135 ], [ -111.931812, 40.689376 ], [ -111.931159, 40.687427 ], [ -111.924946, 40.684821 ], [ -111.923913, 40.684388 ], [ -111.92321, 40.684039 ], [ -111.91845, 40.677129 ], [ -111.921637, 40.674271 ], [ -111.92252, 40.674031 ], [ -111.921575, 40.670557 ], [ -111.920691, 40.670798 ], [ -111.915343, 40.671056 ], [ -111.909363, 40.666498 ], [ -111.907348, 40.665275 ], [ -111.905891, 40.657744 ], [ -111.907312, 40.65611 ], [ -111.90741, 40.655946 ], [ -111.908407, 40.654214 ], [ -111.908279, 40.653749 ], [ -111.907086, 40.652361 ], [ -111.904589, 40.646183 ], [ -111.904935, 40.64289 ], [ -111.909278, 40.638156 ], [ -111.907853, 40.63485 ], [ -111.906706, 40.632207 ], [ -111.903194, 40.632996 ], [ -111.90187, 40.639419 ], [ -111.901626, 40.64039 ], [ -111.901514, 40.640993 ], [ -111.901353, 40.642528 ], [ -111.901009, 40.645805 ], [ -111.896834, 40.65356 ], [ -111.897372, 40.657119 ], [ -111.897232, 40.665952 ], [ -111.888426, 40.665156 ], [ -111.88836, 40.665158 ], [ -111.881954, 40.668564 ], [ -111.873449, 40.666695 ], [ -111.870862, 40.665402 ], [ -111.870176, 40.665027 ], [ -111.86978, 40.664858 ], [ -111.869409, 40.664727 ], [ -111.868984, 40.664602 ], [ -111.868595, 40.664515 ], [ -111.867611, 40.664326 ], [ -111.863064, 40.666055 ], [ -111.85848, 40.671096 ], [ -111.855733, 40.6725 ], [ -111.85233, 40.676885 ], [ -111.84792, 40.682052 ], [ -111.844189, 40.681026 ], [ -111.843332, 40.680551 ], [ -111.843276, 40.680558 ], [ -111.843238, 40.680563 ], [ -111.843082, 40.680586 ], [ -111.841757, 40.6828 ], [ -111.840382, 40.685287 ], [ -111.832528, 40.685289 ], [ -111.828129, 40.682129 ], [ -111.826335, 40.680365 ], [ -111.824908, 40.679489 ], [ -111.824695, 40.679468 ], [ -111.824545, 40.679459 ], [ -111.824352, 40.679456 ], [ -111.822683, 40.68036 ], [ -111.821564, 40.682194 ], [ -111.817477, 40.685274 ], [ -111.814333, 40.685268 ], [ -111.813621, 40.677042 ], [ -111.814381, 40.675815 ], [ -111.814423, 40.675369 ], [ -111.813767, 40.673445 ], [ -111.813712, 40.673443 ], [ -111.807482, 40.6677 ], [ -111.807533, 40.665983 ], [ -111.807636, 40.664667 ], [ -111.807666, 40.6634 ], [ -111.807915, 40.661664 ], [ -111.808513, 40.659041 ], [ -111.80937, 40.655681 ], [ -111.809674, 40.654079 ], [ -111.806137, 40.653407 ], [ -111.805833, 40.65501 ], [ -111.805025, 40.658147 ], [ -111.804405, 40.660863 ], [ -111.804104, 40.662878 ], [ -111.804038, 40.664549 ], [ -111.803945, 40.665698 ], [ -111.7983, 40.671793 ], [ -111.796712, 40.672497 ], [ -111.796418, 40.672811 ], [ -111.796461, 40.674888 ], [ -111.790335, 40.67979 ], [ -111.789984, 40.679814 ], [ -111.788649, 40.681634 ], [ -111.788485, 40.683584 ], [ -111.788543, 40.68397 ], [ -111.788573, 40.684023 ], [ -111.790526, 40.690101 ], [ -111.786667, 40.695566 ], [ -111.786668, 40.696172 ], [ -111.786703, 40.69655 ], [ -111.786853, 40.697082 ], [ -111.788536, 40.702536 ], [ -111.788762, 40.702986 ], [ -111.787449, 40.711032 ], [ -111.786196, 40.71177 ], [ -111.784857, 40.712617 ], [ -111.784027, 40.713228 ], [ -111.78346, 40.713763 ], [ -111.777239, 40.718782 ], [ -111.774271, 40.720776 ], [ -111.772417, 40.721934 ], [ -111.768211, 40.724108 ], [ -111.76769, 40.724381 ], [ -111.761611, 40.727591 ], [ -111.760663, 40.728013 ], [ -111.753635, 40.730721 ], [ -111.749943, 40.731378 ], [ -111.748859, 40.731627 ], [ -111.748132, 40.731879 ], [ -111.74755, 40.73215 ], [ -111.746973, 40.732485 ], [ -111.746607, 40.732767 ], [ -111.742686, 40.735807 ], [ -111.742045, 40.736378 ], [ -111.741181, 40.737507 ], [ -111.73925, 40.740173 ], [ -111.740263, 40.743628 ], [ -111.740612, 40.743525 ], [ -111.741164, 40.74333 ], [ -111.741738, 40.743065 ], [ -111.742335, 40.742696 ], [ -111.743068, 40.742104 ], [ -111.743561, 40.741573 ], [ -111.743884, 40.741138 ], [ -111.746996, 40.737444 ], [ -111.752901, 40.734672 ], [ -111.756176, 40.73394 ], [ -111.75702, 40.733832 ], [ -111.75776, 40.733687 ], [ -111.759117, 40.733232 ], [ -111.759511, 40.733058 ], [ -111.766429, 40.729848 ], [ -111.766935, 40.729606 ], [ -111.773955, 40.726076 ], [ -111.775482, 40.72476 ], [ -111.782183, 40.721108 ], [ -111.782751, 40.720864 ], [ -111.783395, 40.720489 ], [ -111.784505, 40.719647 ], [ -111.784948, 40.719145 ], [ -111.785462, 40.718285 ], [ -111.79295, 40.713706 ], [ -111.793349, 40.713673 ], [ -111.793938, 40.71359 ], [ -111.801641, 40.714061 ], [ -111.806335, 40.720534 ], [ -111.806621, 40.722216 ], [ -111.810299, 40.727047 ], [ -111.810731, 40.727502 ], [ -111.812972, 40.729025 ], [ -111.816612, 40.731692 ], [ -111.817924, 40.732225 ], [ -111.818031, 40.732225 ], [ -111.818471, 40.731827 ], [ -111.819603, 40.729689 ], [ -111.827456, 40.72729 ], [ -111.830504, 40.729072 ], [ -111.835827, 40.733615 ], [ -111.837433, 40.735418 ], [ -111.841106, 40.736526 ], [ -111.845811, 40.743445 ], [ -111.847895, 40.744711 ], [ -111.852545, 40.750092 ], [ -111.85389, 40.750093 ], [ -111.862114, 40.750417 ], [ -111.863537, 40.752581 ], [ -111.864528, 40.753772 ], [ -111.868438, 40.758123 ], [ -111.86915, 40.758335 ], [ -111.872749, 40.758367 ], [ -111.87931, 40.758102 ], [ -111.881896, 40.759419 ], [ -111.883573, 40.760687 ], [ -111.885119, 40.762347 ], [ -111.887774, 40.764053 ], [ -111.888135, 40.764056 ], [ -111.893941, 40.763551 ], [ -111.897806, 40.766313 ], [ -111.899323, 40.76752 ], [ -111.901485, 40.767821 ], [ -111.902368, 40.767837 ], [ -111.908312, 40.77358 ], [ -111.903131, 40.780462 ], [ -111.902897, 40.780513 ], [ -111.902697, 40.784036 ], [ -111.902931, 40.784113 ], [ -111.903423, 40.784108 ], [ -111.911209, 40.787129 ], [ -111.912818, 40.789526 ], [ -111.913366, 40.790413 ], [ -111.914124, 40.791922 ], [ -111.914852, 40.793873 ], [ -111.916253, 40.797422 ], [ -111.917622, 40.799888 ], [ -111.918333, 40.801286 ], [ -111.919985, 40.804472 ], [ -111.923181, 40.802816 ], [ -111.921529, 40.799629 ], [ -111.920849, 40.798292 ], [ -111.919402, 40.795677 ], [ -111.918206, 40.792565 ], [ -111.917497, 40.790663 ], [ -111.917106, 40.789741 ], [ -111.916504, 40.788649 ], [ -111.915884, 40.787639 ], [ -111.913926, 40.780633 ], [ -111.91259, 40.778333 ], [ -111.916838, 40.771866 ], [ -111.918433, 40.770949 ], [ -111.919438, 40.770028 ], [ -111.923907, 40.766777 ], [ -111.929719, 40.765004 ], [ -111.934478, 40.767616 ], [ -111.936609, 40.771242 ], [ -111.939156, 40.772807 ], [ -111.947261, 40.775098 ], [ -111.95086, 40.775165 ], [ -111.95087, 40.774598 ], [ -111.9508, 40.77377 ], [ -111.950815, 40.771802 ], [ -111.956911, 40.767007 ], [ -111.959833, 40.766859 ], [ -111.962756, 40.766711 ], [ -111.962574, 40.763116 ], [ -111.959651, 40.763264 ], [ -111.956729, 40.763412 ], [ -111.955038, 40.763503 ], [ -111.949098, 40.761887 ], [ -111.950297, 40.753314 ], [ -111.950212, 40.752538 ], [ -111.950359, 40.749502 ], [ -111.950488, 40.747679 ], [ -111.950792, 40.743131 ], [ -111.95153, 40.740194 ], [ -111.951553, 40.739975 ], [ -111.950947, 40.736527 ], [ -111.95095, 40.73554 ], [ -111.951152, 40.733776 ], [ -111.95605, 40.727704 ], [ -111.961898, 40.729395 ], [ -111.962786, 40.730487 ], [ -111.963066, 40.730941 ], [ -111.964477, 40.732291 ], [ -111.966635, 40.735948 ], [ -111.966879, 40.735949 ], [ -111.968204, 40.735778 ], [ -111.974915, 40.732664 ], [ -111.976599, 40.73094 ], [ -111.985563, 40.731697 ], [ -111.987011, 40.732684 ], [ -111.987183, 40.732684 ], [ -111.987233, 40.732683 ], [ -111.987319, 40.732681 ], [ -111.98894, 40.730449 ], [ -111.996495, 40.727709 ], [ -111.999508, 40.727718 ], [ -112.002521, 40.727726 ], [ -112.005542, 40.727734 ], [ -112.008121, 40.727729 ], [ -112.0107, 40.727724 ], [ -112.010692, 40.724124 ], [ -112.008114, 40.724129 ] ] ] } },
{ "type": "Feature", "properties": { "group_index": 0, "value": 600.0, "center": [ -111.98247078911974, 40.66822923046353 ], "point_id": 36 }, "geometry": { "type": "Polygon", "coordinates": [ [ [ -112.045662, 40.673146 ], [ -112.045645, 40.669728 ], [ -112.045697, 40.663953 ], [ -112.045723, 40.658089 ], [ -112.045545, 40.656935 ], [ -112.041533, 40.651411 ], [ -112.035482, 40.648845 ], [ -112.035383, 40.648846 ], [ -112.029852, 40.647301 ], [ -112.027649, 40.642194 ], [ -112.027644, 40.641942 ], [ -112.026362, 40.639559 ], [ -112.025422, 40.638321 ], [ -112.024087, 40.636761 ], [ -112.017231, 40.631294 ], [ -112.01601, 40.629492 ], [ -112.009583, 40.624024 ], [ -112.008075, 40.622235 ], [ -112.007213, 40.621564 ], [ -112.005868, 40.621028 ], [ -112.000639, 40.618289 ], [ -111.998763, 40.61692 ], [ -111.998692, 40.616896 ], [ -111.99195, 40.611245 ], [ -111.991959, 40.607645 ], [ -111.986685, 40.605547 ], [ -111.986393, 40.605547 ], [ -111.982905, 40.605663 ], [ -111.979115, 40.599023 ], [ -111.979104, 40.595883 ], [ -111.979092, 40.592806 ], [ -111.98062, 40.587927 ], [ -111.980618, 40.587842 ], [ -111.979107, 40.580614 ], [ -111.975516, 40.580359 ], [ -111.975466, 40.581065 ], [ -111.975501, 40.582893 ], [ -111.97532, 40.5879 ], [ -111.975568, 40.591425 ], [ -111.975494, 40.592691 ], [ -111.975504, 40.595895 ], [ -111.972284, 40.601785 ], [ -111.970633, 40.603034 ], [ -111.967268, 40.605204 ], [ -111.966201, 40.605872 ], [ -111.9637, 40.607695 ], [ -111.962121, 40.60947 ], [ -111.962119, 40.609607 ], [ -111.96421, 40.613949 ], [ -111.95853, 40.61924 ], [ -111.957786, 40.619249 ], [ -111.956008, 40.620665 ], [ -111.953746, 40.622252 ], [ -111.952432, 40.623914 ], [ -111.952431, 40.624036 ], [ -111.953153, 40.629825 ], [ -111.948904, 40.63243 ], [ -111.948817, 40.632458 ], [ -111.946525, 40.632771 ], [ -111.940595, 40.627551 ], [ -111.938818, 40.625784 ], [ -111.938799, 40.625784 ], [ -111.93876, 40.625807 ], [ -111.936995, 40.627537 ], [ -111.936633, 40.62859 ], [ -111.935769, 40.630382 ], [ -111.928943, 40.635132 ], [ -111.92028, 40.635778 ], [ -111.91951, 40.63551 ], [ -111.918905, 40.635326 ], [ -111.917318, 40.634909 ], [ -111.91674, 40.6348 ], [ -111.916105, 40.634704 ], [ -111.9151, 40.634588 ], [ -111.913085, 40.634392 ], [ -111.909533, 40.634041 ], [ -111.905651, 40.628759 ], [ -111.905776, 40.624209 ], [ -111.906318, 40.622353 ], [ -111.902861, 40.621346 ], [ -111.902402, 40.622161 ], [ -111.902036, 40.623198 ], [ -111.901821, 40.62396 ], [ -111.901727, 40.62447 ], [ -111.901616, 40.625543 ], [ -111.90161, 40.626211 ], [ -111.901747, 40.628105 ], [ -111.893537, 40.631395 ], [ -111.892886, 40.630996 ], [ -111.890717, 40.628878 ], [ -111.890607, 40.628839 ], [ -111.889988, 40.62872 ], [ -111.881676, 40.628988 ], [ -111.878662, 40.628688 ], [ -111.875649, 40.628387 ], [ -111.875292, 40.631969 ], [ -111.878305, 40.63227 ], [ -111.881318, 40.632571 ], [ -111.88764, 40.633281 ], [ -111.893235, 40.635439 ], [ -111.894155, 40.635872 ], [ -111.895021, 40.636167 ], [ -111.90082, 40.64298 ], [ -111.900604, 40.64561 ], [ -111.904192, 40.645905 ], [ -111.904408, 40.643274 ], [ -111.908757, 40.637557 ], [ -111.912737, 40.637975 ], [ -111.914753, 40.638171 ], [ -111.915688, 40.63828 ], [ -111.916199, 40.638359 ], [ -111.916639, 40.638445 ], [ -111.917983, 40.638805 ], [ -111.918453, 40.638951 ], [ -111.91909, 40.639176 ], [ -111.919767, 40.639464 ], [ -111.920833, 40.640019 ], [ -111.921563, 40.640473 ], [ -111.921868, 40.640689 ], [ -111.922541, 40.641219 ], [ -111.922864, 40.641506 ], [ -111.924523, 40.643135 ], [ -111.924485, 40.651226 ], [ -111.924348, 40.651606 ], [ -111.924138, 40.652969 ], [ -111.924526, 40.654825 ], [ -111.920429, 40.662279 ], [ -111.919027, 40.662861 ], [ -111.914474, 40.664282 ], [ -111.913807, 40.664329 ], [ -111.912799, 40.666083 ], [ -111.91008, 40.673158 ], [ -111.910299, 40.676751 ], [ -111.915068, 40.677017 ], [ -111.924043, 40.677302 ], [ -111.924412, 40.677429 ], [ -111.930057, 40.68153 ], [ -111.931737, 40.685883 ], [ -111.937108, 40.69168 ], [ -111.936535, 40.696559 ], [ -111.936535, 40.696576 ], [ -111.938149, 40.698356 ], [ -111.938704, 40.698785 ], [ -111.940575, 40.699546 ], [ -111.946762, 40.704408 ], [ -111.948224, 40.705725 ], [ -111.951771, 40.713445 ], [ -111.951726, 40.715209 ], [ -111.948365, 40.72192 ], [ -111.948429, 40.728277 ], [ -111.951967, 40.728943 ], [ -111.952141, 40.728016 ], [ -111.95251, 40.726396 ], [ -111.953682, 40.723137 ], [ -111.954353, 40.721283 ], [ -111.954788, 40.719471 ], [ -111.954841, 40.719293 ], [ -111.95502, 40.718414 ], [ -111.955144, 40.717413 ], [ -111.955312, 40.715528 ], [ -111.963528, 40.71372 ], [ -111.963572, 40.713762 ], [ -111.963848, 40.714007 ], [ -111.967399, 40.715371 ], [ -111.969141, 40.716592 ], [ -111.975387, 40.722351 ], [ -111.977183, 40.723398 ], [ -111.982305, 40.727416 ], [ -111.990698, 40.727228 ], [ -111.992406, 40.725453 ], [ -111.992407, 40.725409 ], [ -111.993057, 40.718787 ], [ -111.993061, 40.718374 ], [ -111.994844, 40.712666 ], [ -111.998358, 40.708574 ], [ -112.00516, 40.711712 ], [ -112.005194, 40.711738 ], [ -112.005863, 40.711939 ], [ -112.007235, 40.712071 ], [ -112.008066, 40.712129 ], [ -112.008175, 40.7121 ], [ -112.010725, 40.711187 ], [ -112.014349, 40.705644 ], [ -112.021317, 40.700225 ], [ -112.0248, 40.699899 ], [ -112.024865, 40.699899 ], [ -112.030264, 40.698782 ], [ -112.030201, 40.697775 ], [ -112.030257, 40.694371 ], [ -112.030921, 40.691344 ], [ -112.034521, 40.686295 ], [ -112.037577, 40.683865 ], [ -112.043883, 40.680231 ], [ -112.045685, 40.678834 ], [ -112.045662, 40.673146 ] ] ] } },
{ "type": "Feature", "properties": { "group_index": 0, "value": 600.0, "center": [ -111.90856768360807, 40.686767572067794 ], "point_id": 37 }, "geometry": { "type": "Polygon", "coordinates": [ [ [ -111.970489, 40.724932 ], [ -111.969473, 40.724981 ], [ -111.968405, 40.724982 ], [ -111.966231, 40.724897 ], [ -111.965001, 40.724759 ], [ -111.962159, 40.724267 ], [ -111.961279, 40.724155 ], [ -111.960409, 40.724092 ], [ -111.955144, 40.717413 ], [ -111.955312, 40.715528 ], [ -111.95537, 40.713544 ], [ -111.959164, 40.705721 ], [ -111.960378, 40.704028 ], [ -111.962637, 40.698523 ], [ -111.96894, 40.694729 ], [ -111.970729, 40.693033 ], [ -111.977341, 40.687156 ], [ -111.978872, 40.686063 ], [ -111.981469, 40.683964 ], [ -111.98262, 40.682535 ], [ -111.983006, 40.681321 ], [ -111.982578, 40.680758 ], [ -111.982536, 40.680719 ], [ -111.977485, 40.677027 ], [ -111.977072, 40.677026 ], [ -111.970481, 40.674341 ], [ -111.969283, 40.670684 ], [ -111.969279, 40.670193 ], [ -111.967486, 40.6689 ], [ -111.962401, 40.665816 ], [ -111.959757, 40.663969 ], [ -111.958103, 40.662561 ], [ -111.954568, 40.657065 ], [ -111.95423, 40.653784 ], [ -111.954333, 40.651775 ], [ -111.953833, 40.650328 ], [ -111.953371, 40.649276 ], [ -111.952826, 40.648417 ], [ -111.952294, 40.647713 ], [ -111.951747, 40.647053 ], [ -111.949711, 40.645656 ], [ -111.948561, 40.644953 ], [ -111.947298, 40.644322 ], [ -111.94614, 40.643878 ], [ -111.938866, 40.639256 ], [ -111.938813, 40.639221 ], [ -111.938371, 40.639222 ], [ -111.93702, 40.640944 ], [ -111.929633, 40.642522 ], [ -111.92759, 40.641407 ], [ -111.927033, 40.640935 ], [ -111.924907, 40.63877 ], [ -111.924101, 40.638083 ], [ -111.923129, 40.637453 ], [ -111.921018, 40.636306 ], [ -111.92035, 40.636025 ], [ -111.919746, 40.635795 ], [ -111.918421, 40.635374 ], [ -111.917613, 40.63517 ], [ -111.916842, 40.635017 ], [ -111.915953, 40.634884 ], [ -111.91356, 40.626624 ], [ -111.916028, 40.624806 ], [ -111.916705, 40.624282 ], [ -111.91677, 40.624225 ], [ -111.917686, 40.621611 ], [ -111.917767, 40.620223 ], [ -111.91776, 40.620163 ], [ -111.917266, 40.619368 ], [ -111.915737, 40.617388 ], [ -111.915411, 40.617291 ], [ -111.914723, 40.61711 ], [ -111.914033, 40.616987 ], [ -111.912421, 40.616446 ], [ -111.907842, 40.610312 ], [ -111.907766, 40.609793 ], [ -111.907388, 40.607821 ], [ -111.906919, 40.605353 ], [ -111.906446, 40.602894 ], [ -111.905973, 40.600432 ], [ -111.905321, 40.597074 ], [ -111.904622, 40.593114 ], [ -111.904473, 40.592617 ], [ -111.904155, 40.591668 ], [ -111.902895, 40.587829 ], [ -111.902103, 40.582291 ], [ -111.90211, 40.579794 ], [ -111.902117, 40.577297 ], [ -111.898517, 40.577287 ], [ -111.89851, 40.579784 ], [ -111.898503, 40.582281 ], [ -111.898419, 40.584835 ], [ -111.898485, 40.586475 ], [ -111.898655, 40.587892 ], [ -111.899275, 40.590099 ], [ -111.899746, 40.591252 ], [ -111.901787, 40.59776 ], [ -111.902439, 40.601118 ], [ -111.902911, 40.603574 ], [ -111.903383, 40.606033 ], [ -111.898845, 40.613308 ], [ -111.897464, 40.615124 ], [ -111.894987, 40.618619 ], [ -111.89026, 40.622011 ], [ -111.88851, 40.62351 ], [ -111.881676, 40.628988 ], [ -111.878258, 40.628647 ], [ -111.874737, 40.628299 ], [ -111.873152, 40.628235 ], [ -111.870381, 40.628245 ], [ -111.8628, 40.624796 ], [ -111.854764, 40.628573 ], [ -111.85334, 40.628705 ], [ -111.85126, 40.628876 ], [ -111.849398, 40.628953 ], [ -111.847234, 40.628947 ], [ -111.847224, 40.632547 ], [ -111.849387, 40.632553 ], [ -111.851405, 40.632473 ], [ -111.853633, 40.632293 ], [ -111.855096, 40.632158 ], [ -111.857309, 40.631953 ], [ -111.858845, 40.631887 ], [ -111.861638, 40.631876 ], [ -111.864502, 40.631864 ], [ -111.867367, 40.631851 ], [ -111.870066, 40.631832 ], [ -111.870232, 40.631838 ], [ -111.873155, 40.631835 ], [ -111.874588, 40.631896 ], [ -111.877901, 40.63223 ], [ -111.881543, 40.633765 ], [ -111.883456, 40.642393 ], [ -111.883452, 40.64248 ], [ -111.883456, 40.642536 ], [ -111.88281, 40.648927 ], [ -111.879112, 40.652153 ], [ -111.872354, 40.652196 ], [ -111.872096, 40.65214 ], [ -111.871463, 40.652076 ], [ -111.87089, 40.652066 ], [ -111.870682, 40.652063 ], [ -111.869515, 40.653696 ], [ -111.86387, 40.659724 ], [ -111.858732, 40.660427 ], [ -111.856279, 40.663062 ], [ -111.852349, 40.670116 ], [ -111.84905, 40.672489 ], [ -111.847781, 40.674252 ], [ -111.842814, 40.679075 ], [ -111.837149, 40.685291 ], [ -111.835871, 40.686932 ], [ -111.835871, 40.687089 ], [ -111.837156, 40.688891 ], [ -111.842416, 40.690784 ], [ -111.84935, 40.695756 ], [ -111.850904, 40.699968 ], [ -111.852881, 40.702807 ], [ -111.853074, 40.703129 ], [ -111.854778, 40.703657 ], [ -111.85741, 40.704943 ], [ -111.857578, 40.705084 ], [ -111.857949, 40.705331 ], [ -111.858336, 40.705519 ], [ -111.858961, 40.705699 ], [ -111.863661, 40.711241 ], [ -111.86366, 40.711512 ], [ -111.863653, 40.713123 ], [ -111.855049, 40.715107 ], [ -111.851746, 40.715543 ], [ -111.845186, 40.7174 ], [ -111.843424, 40.717055 ], [ -111.841512, 40.716622 ], [ -111.83957, 40.716182 ], [ -111.836785, 40.715605 ], [ -111.834432, 40.714686 ], [ -111.833124, 40.71402 ], [ -111.831827, 40.713547 ], [ -111.829012, 40.712766 ], [ -111.82805, 40.716235 ], [ -111.834457, 40.718663 ], [ -111.835785, 40.719063 ], [ -111.838834, 40.719706 ], [ -111.840716, 40.720133 ], [ -111.842628, 40.720566 ], [ -111.844491, 40.720933 ], [ -111.845742, 40.721121 ], [ -111.854183, 40.722534 ], [ -111.859658, 40.721295 ], [ -111.862434, 40.72123 ], [ -111.869319, 40.724588 ], [ -111.871026, 40.726265 ], [ -111.871096, 40.726266 ], [ -111.879208, 40.725477 ], [ -111.880883, 40.727236 ], [ -111.882494, 40.728112 ], [ -111.889299, 40.732046 ], [ -111.890754, 40.733237 ], [ -111.892135, 40.741119 ], [ -111.892134, 40.74134 ], [ -111.892142, 40.741978 ], [ -111.892143, 40.742066 ], [ -111.893581, 40.743384 ], [ -111.896333, 40.749171 ], [ -111.893515, 40.756312 ], [ -111.893515, 40.756381 ], [ -111.893518, 40.756617 ], [ -111.895177, 40.758101 ], [ -111.899865, 40.76244 ], [ -111.900438, 40.762439 ], [ -111.904103, 40.763071 ], [ -111.904271, 40.763071 ], [ -111.905571, 40.762576 ], [ -111.906828, 40.762466 ], [ -111.911549, 40.768584 ], [ -111.90848, 40.771648 ], [ -111.908346, 40.772568 ], [ -111.908312, 40.77358 ], [ -111.908434, 40.776492 ], [ -111.90833, 40.777744 ], [ -111.908265, 40.779566 ], [ -111.908219, 40.780608 ], [ -111.908718, 40.782454 ], [ -111.909055, 40.783546 ], [ -111.909363, 40.784229 ], [ -111.909687, 40.784821 ], [ -111.911069, 40.786918 ], [ -111.914075, 40.784936 ], [ -111.912105, 40.779019 ], [ -111.912021, 40.776796 ], [ -111.912026, 40.776585 ], [ -111.911908, 40.773404 ], [ -111.912035, 40.772215 ], [ -111.915963, 40.76634 ], [ -111.921775, 40.766448 ], [ -111.923874, 40.766459 ], [ -111.929719, 40.765004 ], [ -111.934478, 40.767616 ], [ -111.936034, 40.767978 ], [ -111.937973, 40.768034 ], [ -111.938506, 40.768052 ], [ -111.938628, 40.764455 ], [ -111.937571, 40.764396 ], [ -111.935261, 40.764102 ], [ -111.9351, 40.764074 ], [ -111.929204, 40.76492 ], [ -111.923894, 40.76286 ], [ -111.91862, 40.757296 ], [ -111.916932, 40.755631 ], [ -111.912516, 40.750874 ], [ -111.911935, 40.74964 ], [ -111.912905, 40.743284 ], [ -111.916878, 40.741466 ], [ -111.917488, 40.74101 ], [ -111.918663, 40.740233 ], [ -111.924244, 40.735843 ], [ -111.92626, 40.735238 ], [ -111.926078, 40.731642 ], [ -111.932523, 40.727507 ], [ -111.937649, 40.730159 ], [ -111.938553, 40.730799 ], [ -111.938923, 40.7308 ], [ -111.939909, 40.730551 ], [ -111.947942, 40.728446 ], [ -111.951129, 40.728832 ], [ -111.951502, 40.728919 ], [ -111.952029, 40.728956 ], [ -111.95269, 40.72885 ], [ -111.953231, 40.728658 ], [ -111.961204, 40.727846 ], [ -111.964662, 40.728655 ], [ -111.965342, 40.728763 ], [ -111.968415, 40.728582 ], [ -111.969645, 40.728577 ], [ -111.97066, 40.728528 ], [ -111.970489, 40.724932 ] ] ] } },
{ "type": "Feature", "properties": { "group_index": 0, "value": 600.0, "center": [ -111.9359531652783, 40.67926258583032 ], "point_id": 38 }, "geometry": { "type": "Polygon", "coordinates": [ [ [ -112.00797, 40.682091 ], [ -112.007464, 40.680805 ], [ -112.005663, 40.679144 ], [ -112.00544, 40.679144 ], [ -112.000258, 40.678797 ], [ -111.99809, 40.678961 ], [ -111.993131, 40.675773 ], [ -111.994315, 40.669042 ], [ -111.995624, 40.667242 ], [ -111.995624, 40.667075 ], [ -111.992734, 40.661828 ], [ -111.987501, 40.657501 ], [ -111.982988, 40.652396 ], [ -111.981728, 40.651343 ], [ -111.979594, 40.650388 ], [ -111.977863, 40.649498 ], [ -111.977405, 40.649491 ], [ -111.971286, 40.647284 ], [ -111.96917, 40.642425 ], [ -111.968424, 40.640847 ], [ -111.962023, 40.636773 ], [ -111.959641, 40.635397 ], [ -111.957852, 40.635339 ], [ -111.957021, 40.635337 ], [ -111.948538, 40.632728 ], [ -111.942016, 40.628298 ], [ -111.940675, 40.625754 ], [ -111.93896, 40.624217 ], [ -111.938805, 40.624216 ], [ -111.937327, 40.624982 ], [ -111.937075, 40.625755 ], [ -111.936684, 40.627274 ], [ -111.936177, 40.628974 ], [ -111.935769, 40.630382 ], [ -111.931047, 40.63497 ], [ -111.927447, 40.634975 ], [ -111.918905, 40.635326 ], [ -111.917318, 40.634909 ], [ -111.91674, 40.6348 ], [ -111.916105, 40.634704 ], [ -111.9151, 40.634588 ], [ -111.913085, 40.634392 ], [ -111.911589, 40.634483 ], [ -111.905651, 40.628759 ], [ -111.906497, 40.622725 ], [ -111.906736, 40.620735 ], [ -111.907244, 40.617597 ], [ -111.907603, 40.616425 ], [ -111.907758, 40.615747 ], [ -111.90794, 40.614705 ], [ -111.908029, 40.613825 ], [ -111.908056, 40.613189 ], [ -111.908039, 40.612126 ], [ -111.907842, 40.610312 ], [ -111.907766, 40.609793 ], [ -111.907502, 40.608415 ], [ -111.903966, 40.609092 ], [ -111.903807, 40.616527 ], [ -111.902688, 40.619748 ], [ -111.901595, 40.623058 ], [ -111.901345, 40.624229 ], [ -111.90124, 40.625428 ], [ -111.901262, 40.626623 ], [ -111.895126, 40.632376 ], [ -111.893537, 40.631395 ], [ -111.892886, 40.630996 ], [ -111.891643, 40.629899 ], [ -111.890609, 40.628495 ], [ -111.890221, 40.628452 ], [ -111.881676, 40.628988 ], [ -111.878258, 40.628647 ], [ -111.874737, 40.628299 ], [ -111.873152, 40.628235 ], [ -111.87057, 40.628238 ], [ -111.870574, 40.631838 ], [ -111.873155, 40.631835 ], [ -111.874588, 40.631896 ], [ -111.877901, 40.63223 ], [ -111.881318, 40.632571 ], [ -111.888206, 40.63501 ], [ -111.88869, 40.635045 ], [ -111.889233, 40.635078 ], [ -111.889393, 40.635085 ], [ -111.894155, 40.635872 ], [ -111.899779, 40.642801 ], [ -111.900048, 40.644725 ], [ -111.900268, 40.648254 ], [ -111.892092, 40.651401 ], [ -111.891941, 40.651417 ], [ -111.888403, 40.654222 ], [ -111.884649, 40.659113 ], [ -111.8807, 40.659525 ], [ -111.873728, 40.663443 ], [ -111.872042, 40.665387 ], [ -111.865385, 40.669845 ], [ -111.862652, 40.67251 ], [ -111.861541, 40.674313 ], [ -111.861541, 40.674488 ], [ -111.862642, 40.67611 ], [ -111.869509, 40.681027 ], [ -111.873759, 40.687178 ], [ -111.874564, 40.688856 ], [ -111.875202, 40.689473 ], [ -111.876997, 40.690873 ], [ -111.880959, 40.693988 ], [ -111.886568, 40.699742 ], [ -111.888375, 40.701554 ], [ -111.891152, 40.704624 ], [ -111.892187, 40.705915 ], [ -111.893845, 40.707372 ], [ -111.896383, 40.709107 ], [ -111.893163, 40.716375 ], [ -111.893174, 40.719975 ], [ -111.893298, 40.719974 ], [ -111.894746, 40.719914 ], [ -111.895453, 40.719943 ], [ -111.901664, 40.725997 ], [ -111.902613, 40.731466 ], [ -111.90266, 40.733781 ], [ -111.902698, 40.735005 ], [ -111.902678, 40.736227 ], [ -111.902517, 40.738294 ], [ -111.906107, 40.738573 ], [ -111.906267, 40.736506 ], [ -111.906298, 40.735075 ], [ -111.906259, 40.733675 ], [ -111.906212, 40.731394 ], [ -111.912571, 40.725583 ], [ -111.914261, 40.725906 ], [ -111.915393, 40.725874 ], [ -111.918641, 40.726475 ], [ -111.918653, 40.726475 ], [ -111.92163, 40.726087 ], [ -111.923707, 40.726082 ], [ -111.92852, 40.726004 ], [ -111.931012, 40.725956 ], [ -111.938673, 40.727711 ], [ -111.938866, 40.72771 ], [ -111.938872, 40.72771 ], [ -111.938966, 40.72771 ], [ -111.942215, 40.726092 ], [ -111.943845, 40.725925 ], [ -111.947573, 40.733387 ], [ -111.944205, 40.7387 ], [ -111.942574, 40.740556 ], [ -111.942576, 40.740587 ], [ -111.944337, 40.742298 ], [ -111.946768, 40.749248 ], [ -111.946633, 40.75293 ], [ -111.946835, 40.754492 ], [ -111.947238, 40.755822 ], [ -111.947544, 40.756821 ], [ -111.948318, 40.759115 ], [ -111.949, 40.76091 ], [ -111.952583, 40.760562 ], [ -111.952543, 40.760158 ], [ -111.951647, 40.757666 ], [ -111.950947, 40.755644 ], [ -111.950359, 40.749502 ], [ -111.950488, 40.747679 ], [ -111.953629, 40.741038 ], [ -111.95363, 40.740887 ], [ -111.95363, 40.740122 ], [ -111.953553, 40.739584 ], [ -111.953503, 40.739412 ], [ -111.951152, 40.733776 ], [ -111.95605, 40.727704 ], [ -111.959325, 40.727681 ], [ -111.959398, 40.727683 ], [ -111.959904, 40.727706 ], [ -111.960556, 40.727761 ], [ -111.960861, 40.727795 ], [ -111.961204, 40.727846 ], [ -111.964428, 40.728563 ], [ -111.964792, 40.7287 ], [ -111.96523, 40.728825 ], [ -111.96556, 40.728891 ], [ -111.968415, 40.728582 ], [ -111.969645, 40.728577 ], [ -111.970825, 40.728519 ], [ -111.972591, 40.728363 ], [ -111.972275, 40.724777 ], [ -111.970509, 40.724933 ], [ -111.969473, 40.724981 ], [ -111.968405, 40.724982 ], [ -111.966231, 40.724897 ], [ -111.965001, 40.724759 ], [ -111.960752, 40.716912 ], [ -111.967503, 40.714381 ], [ -111.967599, 40.714381 ], [ -111.968813, 40.713712 ], [ -111.970629, 40.711911 ], [ -111.977142, 40.707559 ], [ -111.977408, 40.707495 ], [ -111.978952, 40.706321 ], [ -111.981437, 40.703596 ], [ -111.986766, 40.699557 ], [ -111.988314, 40.698414 ], [ -111.989509, 40.696617 ], [ -111.996603, 40.692398 ], [ -111.997981, 40.691215 ], [ -111.997978, 40.690596 ], [ -111.999252, 40.687138 ], [ -112.005274, 40.685044 ], [ -112.005652, 40.685044 ], [ -112.007454, 40.683282 ], [ -112.007968, 40.68219 ], [ -112.00797, 40.682091 ] ] ] } },
{ "type": "Feature", "properties": { "group_index": 0, "value": 600.0, "center": [ -111.93478348023694, 40.56587426938467 ], "point_id": 39 }, "geometry": { "type": "Polygon", "coordinates": [ [ [ -111.99161, 40.587582 ], [ -111.990992, 40.586146 ], [ -111.986679, 40.584286 ], [ -111.986434, 40.584289 ], [ -111.986403, 40.584289 ], [ -111.986064, 40.584288 ], [ -111.979145, 40.578897 ], [ -111.985839, 40.573851 ], [ -111.986361, 40.57385 ], [ -111.98735, 40.573302 ], [ -111.988153, 40.572937 ], [ -111.991524, 40.569208 ], [ -111.997254, 40.567785 ], [ -111.998293, 40.561728 ], [ -111.998182, 40.559512 ], [ -111.997623, 40.559059 ], [ -111.997084, 40.558795 ], [ -111.995939, 40.558478 ], [ -111.995309, 40.558336 ], [ -111.992824, 40.557356 ], [ -111.988304, 40.550712 ], [ -111.989797, 40.546438 ], [ -111.991376, 40.544794 ], [ -111.991404, 40.544649 ], [ -111.990546, 40.542916 ], [ -111.988106, 40.540657 ], [ -111.986069, 40.53436 ], [ -111.986068, 40.532063 ], [ -111.986067, 40.530197 ], [ -111.986066, 40.528331 ], [ -111.982466, 40.528334 ], [ -111.97652, 40.532413 ], [ -111.976259, 40.532489 ], [ -111.972126, 40.533008 ], [ -111.966531, 40.530719 ], [ -111.964809, 40.522344 ], [ -111.964809, 40.522207 ], [ -111.963528, 40.520624 ], [ -111.96346, 40.520548 ], [ -111.959512, 40.517403 ], [ -111.957905, 40.516129 ], [ -111.957698, 40.516131 ], [ -111.956836, 40.516426 ], [ -111.955912, 40.517406 ], [ -111.947791, 40.520066 ], [ -111.94552, 40.517726 ], [ -111.9404, 40.511641 ], [ -111.938926, 40.510471 ], [ -111.938601, 40.510472 ], [ -111.929699, 40.509637 ], [ -111.92921, 40.509639 ], [ -111.929208, 40.509639 ], [ -111.929045, 40.50964 ], [ -111.927412, 40.511086 ], [ -111.921617, 40.517663 ], [ -111.921164, 40.518438 ], [ -111.921135, 40.518536 ], [ -111.915555, 40.524636 ], [ -111.914613, 40.524825 ], [ -111.914206, 40.524871 ], [ -111.912565, 40.524999 ], [ -111.906844, 40.522965 ], [ -111.906666, 40.522955 ], [ -111.906029, 40.523359 ], [ -111.904888, 40.523956 ], [ -111.903482, 40.524991 ], [ -111.903672, 40.526791 ], [ -111.903492, 40.528591 ], [ -111.89777, 40.533188 ], [ -111.893714, 40.528001 ], [ -111.893703, 40.527741 ], [ -111.89367, 40.527373 ], [ -111.893124, 40.524952 ], [ -111.893192, 40.521698 ], [ -111.893219, 40.51826 ], [ -111.889619, 40.518233 ], [ -111.889593, 40.521671 ], [ -111.889525, 40.524876 ], [ -111.889531, 40.526406 ], [ -111.889594, 40.528301 ], [ -111.88979, 40.529945 ], [ -111.890081, 40.531349 ], [ -111.890555, 40.533795 ], [ -111.890776, 40.534791 ], [ -111.889481, 40.543556 ], [ -111.889268, 40.54414 ], [ -111.886049, 40.551343 ], [ -111.882944, 40.558821 ], [ -111.882942, 40.558987 ], [ -111.883092, 40.565309 ], [ -111.877767, 40.571475 ], [ -111.875227, 40.571476 ], [ -111.875116, 40.571476 ], [ -111.873428, 40.573292 ], [ -111.873429, 40.573338 ], [ -111.875117, 40.575076 ], [ -111.875229, 40.575076 ], [ -111.880327, 40.576182 ], [ -111.886574, 40.58229 ], [ -111.887687, 40.588065 ], [ -111.887695, 40.588156 ], [ -111.889208, 40.589803 ], [ -111.894779, 40.59403 ], [ -111.895868, 40.594863 ], [ -111.901706, 40.599302 ], [ -111.90579, 40.604579 ], [ -111.907998, 40.607735 ], [ -111.910293, 40.608664 ], [ -111.91653, 40.612052 ], [ -111.919018, 40.612477 ], [ -111.919276, 40.612422 ], [ -111.925884, 40.616284 ], [ -111.9258, 40.619052 ], [ -111.927427, 40.622568 ], [ -111.929087, 40.624189 ], [ -111.929215, 40.62419 ], [ -111.936933, 40.625958 ], [ -111.937889, 40.626742 ], [ -111.938695, 40.626737 ], [ -111.940526, 40.625749 ], [ -111.941356, 40.624298 ], [ -111.941835, 40.623236 ], [ -111.948297, 40.61825 ], [ -111.9501, 40.61725 ], [ -111.957567, 40.612774 ], [ -111.961633, 40.611298 ], [ -111.967435, 40.609082 ], [ -111.969235, 40.607283 ], [ -111.974882, 40.604349 ], [ -111.978422, 40.605001 ], [ -111.978791, 40.602999 ], [ -111.978876, 40.602214 ], [ -111.978911, 40.599044 ], [ -111.980604, 40.594307 ], [ -111.986433, 40.591934 ], [ -111.987019, 40.59181 ], [ -111.990933, 40.589745 ], [ -111.9912, 40.58925 ], [ -111.991626, 40.588049 ], [ -111.99161, 40.587582 ] ] ] } },
{ "type": "Feature", "properties": { "group_index": 0, "value": 600.0, "center": [ -112.002558, 40.5461617 ], "point_id": 40 }, "geometry": { "type": "Polygon", "coordinates": [ [ [ -112.07428, 40.564235 ], [ -112.072211, 40.564231 ], [ -112.070142, 40.564226 ], [ -112.06377, 40.560171 ], [ -112.063074, 40.559385 ], [ -112.059413, 40.552115 ], [ -112.060155, 40.550207 ], [ -112.061533, 40.546982 ], [ -112.065155, 40.5389 ], [ -112.067653, 40.538911 ], [ -112.068355, 40.538799 ], [ -112.071123, 40.538869 ], [ -112.071809, 40.538421 ], [ -112.074565, 40.537083 ], [ -112.077322, 40.535744 ], [ -112.075749, 40.532506 ], [ -112.072993, 40.533844 ], [ -112.068111, 40.535164 ], [ -112.065352, 40.535164 ], [ -112.059743, 40.529817 ], [ -112.058744, 40.524794 ], [ -112.056842, 40.521737 ], [ -112.052752, 40.518949 ], [ -112.048421, 40.5125 ], [ -112.048291, 40.512185 ], [ -112.047418, 40.510809 ], [ -112.045331, 40.509897 ], [ -112.041732, 40.509863 ], [ -112.036724, 40.506063 ], [ -112.035915, 40.505286 ], [ -112.035868, 40.505239 ], [ -112.035652, 40.505036 ], [ -112.034398, 40.504611 ], [ -112.027367, 40.499783 ], [ -112.026243, 40.497008 ], [ -112.024772, 40.496069 ], [ -112.02443, 40.496071 ], [ -112.02443, 40.496071 ], [ -112.024088, 40.496073 ], [ -112.022643, 40.496999 ], [ -112.016148, 40.491399 ], [ -112.01686, 40.48787 ], [ -112.011414, 40.484646 ], [ -112.009173, 40.484018 ], [ -112.00236, 40.483694 ], [ -112.002003, 40.483658 ], [ -111.998168, 40.483167 ], [ -111.989857, 40.479945 ], [ -111.988502, 40.479143 ], [ -111.987043, 40.479821 ], [ -111.986782, 40.480071 ], [ -111.986624, 40.482213 ], [ -111.987349, 40.482657 ], [ -111.986588, 40.491352 ], [ -111.985147, 40.49173 ], [ -111.985051, 40.491809 ], [ -111.977392, 40.493919 ], [ -111.97676, 40.493919 ], [ -111.974961, 40.494704 ], [ -111.969099, 40.498722 ], [ -111.962038, 40.495223 ], [ -111.959553, 40.490374 ], [ -111.957731, 40.488791 ], [ -111.957634, 40.488792 ], [ -111.955954, 40.490316 ], [ -111.954763, 40.4942 ], [ -111.948977, 40.498491 ], [ -111.946342, 40.498792 ], [ -111.938894, 40.496451 ], [ -111.938739, 40.49645 ], [ -111.930683, 40.49603 ], [ -111.929708, 40.495651 ], [ -111.928843, 40.495383 ], [ -111.927738, 40.49514 ], [ -111.926952, 40.495026 ], [ -111.926092, 40.494945 ], [ -111.925753, 40.498529 ], [ -111.931509, 40.500591 ], [ -111.932054, 40.500893 ], [ -111.93282, 40.501259 ], [ -111.933313, 40.50146 ], [ -111.933755, 40.50162 ], [ -111.934567, 40.501868 ], [ -111.936809, 40.502849 ], [ -111.937681, 40.503224 ], [ -111.938051, 40.503228 ], [ -111.93816, 40.503223 ], [ -111.940408, 40.502928 ], [ -111.942213, 40.502823 ], [ -111.942925, 40.502814 ], [ -111.949828, 40.507825 ], [ -111.951293, 40.509588 ], [ -111.954114, 40.515479 ], [ -111.946806, 40.520489 ], [ -111.946551, 40.520492 ], [ -111.945023, 40.522345 ], [ -111.937274, 40.526109 ], [ -111.935403, 40.529569 ], [ -111.932418, 40.535347 ], [ -111.932609, 40.537896 ], [ -111.932815, 40.538818 ], [ -111.934292, 40.544495 ], [ -111.935306, 40.545976 ], [ -111.938424, 40.547523 ], [ -111.942292, 40.550366 ], [ -111.943506, 40.555145 ], [ -111.943506, 40.555161 ], [ -111.942816, 40.561706 ], [ -111.942815, 40.562275 ], [ -111.94283, 40.562514 ], [ -111.942856, 40.562711 ], [ -111.943754, 40.564083 ], [ -111.946409, 40.567017 ], [ -111.948223, 40.568575 ], [ -111.951471, 40.575011 ], [ -111.955995, 40.579227 ], [ -111.956404, 40.587748 ], [ -111.956404, 40.58777 ], [ -111.958111, 40.589563 ], [ -111.965652, 40.592749 ], [ -111.967206, 40.594122 ], [ -111.967457, 40.594121 ], [ -111.971243, 40.595005 ], [ -111.975251, 40.602347 ], [ -111.974892, 40.604298 ], [ -111.97475, 40.604955 ], [ -111.974477, 40.606334 ], [ -111.974188, 40.60768 ], [ -111.974156, 40.61128 ], [ -111.974524, 40.616501 ], [ -111.974522, 40.617001 ], [ -111.978122, 40.617011 ], [ -111.978124, 40.616512 ], [ -111.978681, 40.611367 ], [ -111.978619, 40.608839 ], [ -111.978691, 40.607767 ], [ -111.978791, 40.602999 ], [ -111.978876, 40.602214 ], [ -111.978911, 40.599044 ], [ -111.98646, 40.595483 ], [ -111.986528, 40.595482 ], [ -111.988249, 40.593853 ], [ -111.992464, 40.589626 ], [ -111.99968, 40.591964 ], [ -112.000382, 40.595471 ], [ -112.000377, 40.595527 ], [ -112.001563, 40.597345 ], [ -112.002753, 40.601804 ], [ -112.002755, 40.602019 ], [ -112.004983, 40.604735 ], [ -112.005816, 40.605065 ], [ -112.005831, 40.605065 ], [ -112.00745, 40.604006 ], [ -112.007484, 40.603919 ], [ -112.007534, 40.603531 ], [ -112.007953, 40.6 ], [ -112.015051, 40.597971 ], [ -112.022377, 40.600947 ], [ -112.028145, 40.604059 ], [ -112.02849, 40.609038 ], [ -112.028507, 40.609519 ], [ -112.029132, 40.611901 ], [ -112.029205, 40.612209 ], [ -112.036625, 40.615106 ], [ -112.037933, 40.616649 ], [ -112.039233, 40.618182 ], [ -112.040959, 40.620768 ], [ -112.044154, 40.61911 ], [ -112.043803, 40.618433 ], [ -112.043458, 40.617839 ], [ -112.043085, 40.617271 ], [ -112.042602, 40.616605 ], [ -112.041996, 40.615873 ], [ -112.039349, 40.60762 ], [ -112.034614, 40.605827 ], [ -112.032148, 40.602852 ], [ -112.030851, 40.59839 ], [ -112.032982, 40.593681 ], [ -112.034252, 40.592404 ], [ -112.035615, 40.591226 ], [ -112.043159, 40.586665 ], [ -112.043547, 40.586478 ], [ -112.047959, 40.580129 ], [ -112.049465, 40.578949 ], [ -112.052565, 40.575061 ], [ -112.060605, 40.571491 ], [ -112.064146, 40.572141 ], [ -112.070134, 40.567826 ], [ -112.072203, 40.567831 ], [ -112.074272, 40.567835 ], [ -112.07428, 40.564235 ] ] ] } },
{ "type": "Feature", "properties": { "group_index": 0, "value": 600.0, "center": [ -111.93986957267757, 40.517904752704816 ], "point_id": 41 }, "geometry": { "type": "Polygon", "coordinates": [ [ [ -112.01581, 40.507756 ], [ -112.014589, 40.506078 ], [ -112.012055, 40.505254 ], [ -112.007886, 40.499907 ], [ -112.006755, 40.496024 ], [ -112.003171, 40.496365 ], [ -111.997545, 40.496334 ], [ -111.991801, 40.496889 ], [ -111.987104, 40.491659 ], [ -111.986593, 40.491355 ], [ -111.980635, 40.487721 ], [ -111.973014, 40.483429 ], [ -111.970858, 40.478381 ], [ -111.969388, 40.476662 ], [ -111.966891, 40.474851 ], [ -111.959196, 40.471534 ], [ -111.958872, 40.471528 ], [ -111.957364, 40.473162 ], [ -111.956123, 40.474179 ], [ -111.948881, 40.469533 ], [ -111.948622, 40.468789 ], [ -111.948341, 40.468044 ], [ -111.945754, 40.464662 ], [ -111.942503, 40.466209 ], [ -111.938147, 40.470734 ], [ -111.931294, 40.475996 ], [ -111.930897, 40.476265 ], [ -111.925877, 40.483407 ], [ -111.920867, 40.485144 ], [ -111.918761, 40.488063 ], [ -111.913498, 40.495174 ], [ -111.913005, 40.495275 ], [ -111.912173, 40.49553 ], [ -111.911499, 40.495765 ], [ -111.910856, 40.496033 ], [ -111.91026, 40.496275 ], [ -111.907312, 40.496955 ], [ -111.905518, 40.496881 ], [ -111.903827, 40.497024 ], [ -111.900961, 40.498879 ], [ -111.893449, 40.494336 ], [ -111.897006, 40.490436 ], [ -111.897915, 40.490142 ], [ -111.900035, 40.487977 ], [ -111.901247, 40.487125 ], [ -111.903993, 40.481206 ], [ -111.906014, 40.478381 ], [ -111.907325, 40.476528 ], [ -111.908637, 40.474675 ], [ -111.905699, 40.472596 ], [ -111.904387, 40.474449 ], [ -111.903076, 40.476302 ], [ -111.897959, 40.482598 ], [ -111.896007, 40.484551 ], [ -111.894598, 40.485972 ], [ -111.892418, 40.488079 ], [ -111.891583, 40.488907 ], [ -111.883737, 40.492856 ], [ -111.882611, 40.493874 ], [ -111.882492, 40.493998 ], [ -111.882358, 40.494143 ], [ -111.877804, 40.500696 ], [ -111.877804, 40.500707 ], [ -111.879552, 40.502482 ], [ -111.882727, 40.509745 ], [ -111.881708, 40.518248 ], [ -111.879983, 40.519837 ], [ -111.876676, 40.523281 ], [ -111.875472, 40.525664 ], [ -111.875513, 40.525774 ], [ -111.878754, 40.529508 ], [ -111.87885, 40.529618 ], [ -111.87934, 40.530029 ], [ -111.88424, 40.533416 ], [ -111.886011, 40.535163 ], [ -111.886031, 40.535164 ], [ -111.891417, 40.5387 ], [ -111.889452, 40.543958 ], [ -111.88944, 40.544125 ], [ -111.891087, 40.546052 ], [ -111.894752, 40.55283 ], [ -111.89377, 40.558675 ], [ -111.893771, 40.558874 ], [ -111.897151, 40.563231 ], [ -111.900693, 40.562593 ], [ -111.909199, 40.560654 ], [ -111.910143, 40.560802 ], [ -111.911176, 40.560814 ], [ -111.919304, 40.564114 ], [ -111.926261, 40.568147 ], [ -111.927367, 40.571921 ], [ -111.929179, 40.573499 ], [ -111.929675, 40.573497 ], [ -111.930967, 40.57198 ], [ -111.938674, 40.571481 ], [ -111.938928, 40.571482 ], [ -111.940481, 40.570076 ], [ -111.948002, 40.569319 ], [ -111.948172, 40.569321 ], [ -111.949995, 40.567707 ], [ -111.957832, 40.567623 ], [ -111.958258, 40.567608 ], [ -111.95958, 40.566768 ], [ -111.963454, 40.563994 ], [ -111.969119, 40.558235 ], [ -111.97543, 40.554494 ], [ -111.978875, 40.555537 ], [ -111.984053, 40.549392 ], [ -111.984471, 40.548895 ], [ -111.984719, 40.548566 ], [ -111.985035, 40.548074 ], [ -111.985425, 40.547262 ], [ -111.985957, 40.546067 ], [ -111.988113, 40.542051 ], [ -111.992292, 40.538732 ], [ -111.993376, 40.537662 ], [ -111.993407, 40.537533 ], [ -111.993457, 40.536922 ], [ -111.992265, 40.535132 ], [ -111.99413, 40.526377 ], [ -111.994546, 40.52638 ], [ -111.9973, 40.524738 ], [ -112.000244, 40.524204 ], [ -112.003565, 40.524204 ], [ -112.004736, 40.524215 ], [ -112.006558, 40.522433 ], [ -112.006549, 40.522299 ], [ -112.00654, 40.520892 ], [ -112.010482, 40.513164 ], [ -112.014584, 40.509678 ], [ -112.015809, 40.507888 ], [ -112.01581, 40.507756 ] ] ] } },
{ "type": "Feature", "properties": { "group_index": 0, "value": 600.0, "center": [ -111.93928545099999, 40.77361368374384 ], "point_id": 42 }, "geometry": { "type": "Polygon", "coordinates": [ [ [ -112.086502, 40.769254 ], [ -112.082678, 40.769264 ], [ -112.07882, 40.769275 ], [ -112.074963, 40.769286 ], [ -112.072325, 40.76933 ], [ -112.069301, 40.769332 ], [ -112.062584, 40.768093 ], [ -112.062039, 40.7681 ], [ -112.061668, 40.768134 ], [ -112.060796, 40.768275 ], [ -112.060047, 40.768458 ], [ -112.051245, 40.769336 ], [ -112.04845, 40.76933 ], [ -112.045654, 40.769324 ], [ -112.042859, 40.769318 ], [ -112.039557, 40.769351 ], [ -112.036733, 40.769358 ], [ -112.034686, 40.769362 ], [ -112.031916, 40.769367 ], [ -112.026863, 40.762132 ], [ -112.026857, 40.761024 ], [ -112.02558, 40.760336 ], [ -112.025071, 40.760341 ], [ -112.025048, 40.760341 ], [ -112.024406, 40.760338 ], [ -112.023258, 40.761042 ], [ -112.020454, 40.764017 ], [ -112.019293, 40.765894 ], [ -112.011437, 40.769134 ], [ -112.010758, 40.769051 ], [ -112.008872, 40.768779 ], [ -112.004837, 40.767329 ], [ -112.004086, 40.767095 ], [ -112.002699, 40.766807 ], [ -112.002111, 40.766656 ], [ -112.001324, 40.76643 ], [ -112.000259, 40.766041 ], [ -111.996993, 40.76456 ], [ -111.995276, 40.756524 ], [ -111.9953, 40.752924 ], [ -111.990943, 40.745108 ], [ -111.987619, 40.743725 ], [ -111.985223, 40.740593 ], [ -111.98754, 40.732677 ], [ -111.989098, 40.730877 ], [ -111.996495, 40.727709 ], [ -111.999508, 40.727718 ], [ -112.002521, 40.727726 ], [ -112.005542, 40.727734 ], [ -112.008446, 40.727729 ], [ -112.011349, 40.727723 ], [ -112.011342, 40.724123 ], [ -112.008438, 40.724129 ], [ -112.005535, 40.724135 ], [ -112.002531, 40.724126 ], [ -111.999518, 40.724118 ], [ -111.996505, 40.724109 ], [ -111.993492, 40.724101 ], [ -111.98828, 40.723509 ], [ -111.984407, 40.723328 ], [ -111.977292, 40.723076 ], [ -111.974901, 40.721948 ], [ -111.969419, 40.716959 ], [ -111.96768, 40.715316 ], [ -111.967634, 40.715316 ], [ -111.965819, 40.717019 ], [ -111.962687, 40.720893 ], [ -111.955706, 40.715466 ], [ -111.955702, 40.713381 ], [ -111.955588, 40.711472 ], [ -111.955373, 40.708884 ], [ -111.958047, 40.701069 ], [ -111.959693, 40.699932 ], [ -111.960991, 40.697078 ], [ -111.96099, 40.696901 ], [ -111.959966, 40.694936 ], [ -111.958231, 40.69425 ], [ -111.95358, 40.686841 ], [ -111.953418, 40.684761 ], [ -111.953408, 40.682875 ], [ -111.953498, 40.681487 ], [ -111.954009, 40.678954 ], [ -111.954225, 40.678135 ], [ -111.95455, 40.676573 ], [ -111.954613, 40.676151 ], [ -111.95459, 40.673329 ], [ -111.954605, 40.672354 ], [ -111.951005, 40.672299 ], [ -111.95099, 40.673273 ], [ -111.950749, 40.67622 ], [ -111.950138, 40.679209 ], [ -111.949921, 40.681088 ], [ -111.949828, 40.682255 ], [ -111.94981, 40.682761 ], [ -111.949818, 40.684777 ], [ -111.94999, 40.687112 ], [ -111.946604, 40.694876 ], [ -111.945474, 40.696135 ], [ -111.945467, 40.696178 ], [ -111.945429, 40.69719 ], [ -111.945428, 40.697347 ], [ -111.946544, 40.698476 ], [ -111.947234, 40.698996 ], [ -111.951571, 40.706592 ], [ -111.951786, 40.709181 ], [ -111.952, 40.71177 ], [ -111.952109, 40.713596 ], [ -111.952105, 40.715466 ], [ -111.951873, 40.717132 ], [ -111.943655, 40.719566 ], [ -111.942385, 40.71765 ], [ -111.94218, 40.717003 ], [ -111.940419, 40.715211 ], [ -111.938972, 40.714292 ], [ -111.938803, 40.714292 ], [ -111.937171, 40.71599 ], [ -111.93282, 40.719015 ], [ -111.924884, 40.722637 ], [ -111.923525, 40.722382 ], [ -111.921546, 40.7223 ], [ -111.920634, 40.722249 ], [ -111.919471, 40.722078 ], [ -111.91837, 40.721987 ], [ -111.912245, 40.720667 ], [ -111.908741, 40.712454 ], [ -111.908742, 40.712295 ], [ -111.906936, 40.710651 ], [ -111.905749, 40.705996 ], [ -111.910056, 40.701691 ], [ -111.911476, 40.701528 ], [ -111.912548, 40.701383 ], [ -111.913462, 40.701301 ], [ -111.913819, 40.701286 ], [ -111.915315, 40.701279 ], [ -111.915299, 40.697679 ], [ -111.913803, 40.697686 ], [ -111.913322, 40.697703 ], [ -111.912234, 40.697797 ], [ -111.907295, 40.696113 ], [ -111.905299, 40.691005 ], [ -111.905264, 40.690062 ], [ -111.904998, 40.687675 ], [ -111.904733, 40.685289 ], [ -111.904467, 40.682902 ], [ -111.904211, 40.680642 ], [ -111.904198, 40.680483 ], [ -111.904112, 40.678213 ], [ -111.904022, 40.675683 ], [ -111.903416, 40.670709 ], [ -111.899816, 40.670696 ], [ -111.899809, 40.672582 ], [ -111.899829, 40.674101 ], [ -111.900204, 40.677424 ], [ -111.900418, 40.679324 ], [ -111.900627, 40.680946 ], [ -111.900889, 40.6833 ], [ -111.901155, 40.685687 ], [ -111.90142, 40.688073 ], [ -111.897955, 40.696269 ], [ -111.894333, 40.697937 ], [ -111.893536, 40.699277 ], [ -111.893378, 40.699982 ], [ -111.89337, 40.7002 ], [ -111.894284, 40.701537 ], [ -111.897935, 40.703087 ], [ -111.899602, 40.704597 ], [ -111.901892, 40.70967 ], [ -111.902079, 40.711632 ], [ -111.897281, 40.71813 ], [ -111.894413, 40.716702 ], [ -111.892926, 40.71371 ], [ -111.891362, 40.712509 ], [ -111.888785, 40.711684 ], [ -111.888356, 40.711684 ], [ -111.882623, 40.712145 ], [ -111.882494, 40.712145 ], [ -111.874398, 40.712688 ], [ -111.873188, 40.711174 ], [ -111.872974, 40.710853 ], [ -111.872602, 40.710853 ], [ -111.869804, 40.710871 ], [ -111.869795, 40.710871 ], [ -111.869588, 40.711158 ], [ -111.868607, 40.712677 ], [ -111.862428, 40.717631 ], [ -111.859417, 40.717572 ], [ -111.854822, 40.717533 ], [ -111.854339, 40.717457 ], [ -111.854311, 40.717457 ], [ -111.84924, 40.717724 ], [ -111.843424, 40.717055 ], [ -111.840409, 40.716372 ], [ -111.839613, 40.719883 ], [ -111.842628, 40.720566 ], [ -111.844491, 40.720933 ], [ -111.845742, 40.721121 ], [ -111.847165, 40.721259 ], [ -111.849132, 40.721322 ], [ -111.852692, 40.721383 ], [ -111.854865, 40.721377 ], [ -111.857001, 40.72137 ], [ -111.859658, 40.721295 ], [ -111.862434, 40.72123 ], [ -111.862509, 40.72123 ], [ -111.869332, 40.722008 ], [ -111.872932, 40.722022 ], [ -111.880784, 40.721995 ], [ -111.882247, 40.723285 ], [ -111.882548, 40.723407 ], [ -111.882678, 40.723409 ], [ -111.887995, 40.72425 ], [ -111.891051, 40.731711 ], [ -111.889271, 40.733445 ], [ -111.886518, 40.736971 ], [ -111.884286, 40.74133 ], [ -111.881014, 40.747999 ], [ -111.879219, 40.749816 ], [ -111.876265, 40.752331 ], [ -111.873162, 40.754501 ], [ -111.872206, 40.755739 ], [ -111.872037, 40.756469 ], [ -111.872037, 40.75668 ], [ -111.873177, 40.758101 ], [ -111.874863, 40.759293 ], [ -111.876373, 40.760565 ], [ -111.878074, 40.762367 ], [ -111.878169, 40.762367 ], [ -111.879641, 40.762558 ], [ -111.88264, 40.769906 ], [ -111.880871, 40.771681 ], [ -111.880871, 40.771695 ], [ -111.882627, 40.773506 ], [ -111.887994, 40.777619 ], [ -111.888604, 40.778157 ], [ -111.893893, 40.784495 ], [ -111.896365, 40.789788 ], [ -111.898473, 40.792294 ], [ -111.899323, 40.793291 ], [ -111.899705, 40.793674 ], [ -111.900141, 40.794048 ], [ -111.90288, 40.796265 ], [ -111.905518, 40.798369 ], [ -111.908657, 40.800876 ], [ -111.909216, 40.801334 ], [ -111.916547, 40.806527 ], [ -111.918897, 40.811244 ], [ -111.916448, 40.816208 ], [ -111.915935, 40.816558 ], [ -111.915207, 40.81723 ], [ -111.914906, 40.817614 ], [ -111.914565, 40.818148 ], [ -111.914316, 40.818692 ], [ -111.914167, 40.819202 ], [ -111.914085, 40.819676 ], [ -111.914048, 40.820255 ], [ -111.913977, 40.823009 ], [ -111.913892, 40.825401 ], [ -111.913807, 40.827792 ], [ -111.912524, 40.836581 ], [ -111.912389, 40.8371 ], [ -111.912314, 40.837628 ], [ -111.912309, 40.838261 ], [ -111.912398, 40.838899 ], [ -111.912498, 40.839281 ], [ -111.912657, 40.839725 ], [ -111.911232, 40.848356 ], [ -111.910339, 40.849343 ], [ -111.908744, 40.851125 ], [ -111.907149, 40.852906 ], [ -111.905555, 40.854688 ], [ -111.904044, 40.856381 ], [ -111.902313, 40.85807 ], [ -111.900965, 40.85987 ], [ -111.903667, 40.862249 ], [ -111.905159, 40.860554 ], [ -111.906558, 40.858958 ], [ -111.906652, 40.858859 ], [ -111.908237, 40.857089 ], [ -111.909832, 40.855307 ], [ -111.911426, 40.853526 ], [ -111.913021, 40.851744 ], [ -111.913894, 40.850779 ], [ -111.914752, 40.849725 ], [ -111.91538, 40.848729 ], [ -111.915982, 40.847503 ], [ -111.916254, 40.846826 ], [ -111.916449, 40.846242 ], [ -111.916639, 40.845412 ], [ -111.916856, 40.844247 ], [ -111.916945, 40.843442 ], [ -111.917013, 40.842094 ], [ -111.916918, 40.840912 ], [ -111.923551, 40.835799 ], [ -111.927426, 40.841921 ], [ -111.927427, 40.842055 ], [ -111.928324, 40.845356 ], [ -111.929792, 40.846583 ], [ -111.930013, 40.846608 ], [ -111.930266, 40.846607 ], [ -111.931828, 40.846182 ], [ -111.934317, 40.843729 ], [ -111.941126, 40.848414 ], [ -111.941267, 40.851428 ], [ -111.941453, 40.853546 ], [ -111.941791, 40.856964 ], [ -111.941152, 40.863666 ], [ -111.939139, 40.866471 ], [ -111.937052, 40.869387 ], [ -111.936701, 40.869988 ], [ -111.936416, 40.87062 ], [ -111.936161, 40.871343 ], [ -111.936028, 40.872029 ], [ -111.935972, 40.872557 ], [ -111.935942, 40.873066 ], [ -111.935788, 40.87575 ], [ -111.935635, 40.878434 ], [ -111.939229, 40.87864 ], [ -111.939382, 40.875956 ], [ -111.942063, 40.86857 ], [ -111.944076, 40.865765 ], [ -111.944352, 40.86533 ], [ -111.94459, 40.86492 ], [ -111.94483, 40.864451 ], [ -111.945186, 40.863598 ], [ -111.945514, 40.862507 ], [ -111.945666, 40.86163 ], [ -111.945716, 40.861056 ], [ -111.945721, 40.860206 ], [ -111.945374, 40.85661 ], [ -111.945036, 40.853191 ], [ -111.944853, 40.851113 ], [ -111.944722, 40.848247 ], [ -111.944693, 40.846302 ], [ -111.944662, 40.844302 ], [ -111.944587, 40.843261 ], [ -111.944448, 40.842261 ], [ -111.94422, 40.841078 ], [ -111.943622, 40.838911 ], [ -111.946181, 40.832379 ], [ -111.951701, 40.833498 ], [ -111.95223, 40.833848 ], [ -111.953509, 40.833846 ], [ -111.9553, 40.833477 ], [ -111.9553, 40.833423 ], [ -111.958918, 40.825761 ], [ -111.965989, 40.824625 ], [ -111.969589, 40.824617 ], [ -111.969585, 40.82252 ], [ -111.96958, 40.820423 ], [ -111.976462, 40.814824 ], [ -111.978471, 40.814806 ], [ -111.97889, 40.814825 ], [ -111.98164, 40.814823 ], [ -111.984487, 40.814818 ], [ -111.985248, 40.81476 ], [ -111.985881, 40.814622 ], [ -111.986516, 40.814389 ], [ -111.986852, 40.814217 ], [ -111.985213, 40.811011 ], [ -111.981637, 40.811223 ], [ -111.978887, 40.811225 ], [ -111.978124, 40.81115 ], [ -111.977686, 40.811129 ], [ -111.977283, 40.811135 ], [ -111.976125, 40.81124 ], [ -111.972028, 40.811233 ], [ -111.967763, 40.811235 ], [ -111.964365, 40.811242 ], [ -111.96097, 40.811249 ], [ -111.955379, 40.806205 ], [ -111.953575, 40.801096 ], [ -111.954518, 40.79723 ], [ -111.954539, 40.795422 ], [ -111.954543, 40.795284 ], [ -111.954545, 40.795006 ], [ -111.953563, 40.790007 ], [ -111.953547, 40.789065 ], [ -111.953548, 40.788273 ], [ -111.953549, 40.787868 ], [ -111.957392, 40.77985 ], [ -111.957385, 40.779186 ], [ -111.957485, 40.777288 ], [ -111.957599, 40.776147 ], [ -111.961679, 40.768562 ], [ -111.963144, 40.768027 ], [ -111.9644, 40.767664 ], [ -111.96615, 40.767194 ], [ -111.967014, 40.767013 ], [ -111.968073, 40.766836 ], [ -111.974945, 40.771492 ], [ -111.975957, 40.772236 ], [ -111.977603, 40.780204 ], [ -111.979125, 40.783299 ], [ -111.979357, 40.784054 ], [ -111.97956, 40.784555 ], [ -111.979804, 40.784913 ], [ -111.980149, 40.785268 ], [ -111.980477, 40.785499 ], [ -111.980973, 40.785736 ], [ -111.981541, 40.785877 ], [ -111.982136, 40.785913 ], [ -111.984379, 40.785767 ], [ -111.989442, 40.784792 ], [ -111.990532, 40.784712 ], [ -111.990945, 40.784632 ], [ -111.991382, 40.784493 ], [ -111.991831, 40.784281 ], [ -112.000284, 40.786492 ], [ -112.004325, 40.788675 ], [ -112.00677, 40.789913 ], [ -112.009386, 40.787441 ], [ -112.014736, 40.784529 ], [ -112.019517, 40.78339 ], [ -112.026484, 40.784435 ], [ -112.030456, 40.783115 ], [ -112.036422, 40.78125 ], [ -112.03804, 40.779842 ], [ -112.038042, 40.77946 ], [ -112.042851, 40.772918 ], [ -112.045646, 40.772924 ], [ -112.048442, 40.77293 ], [ -112.051237, 40.772936 ], [ -112.060051, 40.774459 ], [ -112.060691, 40.774723 ], [ -112.061385, 40.774927 ], [ -112.062096, 40.77506 ], [ -112.063075, 40.775112 ], [ -112.063233, 40.77511 ], [ -112.063725, 40.77508 ], [ -112.064149, 40.775025 ], [ -112.064773, 40.774903 ], [ -112.065143, 40.774796 ], [ -112.065691, 40.774595 ], [ -112.072386, 40.77293 ], [ -112.074973, 40.772886 ], [ -112.07883, 40.772875 ], [ -112.082688, 40.772864 ], [ -112.086512, 40.772854 ], [ -112.090337, 40.772843 ], [ -112.090327, 40.769243 ], [ -112.086502, 40.769254 ] ] ] } },
{ "type": "Feature", "properties": { "group_index": 0, "value": 600.0, "center": [ -111.90401539241319, 40.759997256395906 ], "point_id": 43 }, "geometry": { "type": "Polygon", "coordinates": [ [ [ -112.070398, 40.769331 ], [ -112.068323, 40.769333 ], [ -112.066248, 40.769334 ], [ -112.063195, 40.769336 ], [ -112.060142, 40.769338 ], [ -112.057088, 40.76934 ], [ -112.054035, 40.769342 ], [ -112.051245, 40.769336 ], [ -112.04845, 40.76933 ], [ -112.045654, 40.769324 ], [ -112.042859, 40.769318 ], [ -112.039557, 40.769351 ], [ -112.036733, 40.769358 ], [ -112.034686, 40.769362 ], [ -112.026931, 40.766131 ], [ -112.023331, 40.766077 ], [ -112.017359, 40.769137 ], [ -112.014496, 40.769375 ], [ -112.012884, 40.769272 ], [ -112.011969, 40.769194 ], [ -112.011437, 40.769134 ], [ -112.010758, 40.769051 ], [ -112.004837, 40.767329 ], [ -112.004086, 40.767095 ], [ -112.002699, 40.766807 ], [ -112.000259, 40.766041 ], [ -111.996993, 40.76456 ], [ -111.996374, 40.764269 ], [ -111.995518, 40.763913 ], [ -111.9947, 40.763642 ], [ -111.98881, 40.756849 ], [ -111.988806, 40.75437 ], [ -111.9888, 40.753653 ], [ -111.985201, 40.753679 ], [ -111.985206, 40.754397 ], [ -111.98521, 40.756851 ], [ -111.978882, 40.762613 ], [ -111.973909, 40.757856 ], [ -111.972573, 40.756596 ], [ -111.971082, 40.756334 ], [ -111.969643, 40.756337 ], [ -111.96341, 40.755462 ], [ -111.960948, 40.747579 ], [ -111.964171, 40.743927 ], [ -111.970209, 40.742292 ], [ -111.970797, 40.742289 ], [ -111.971997, 40.740436 ], [ -111.971994, 40.740347 ], [ -111.970776, 40.738689 ], [ -111.970187, 40.738692 ], [ -111.965907, 40.739104 ], [ -111.961888, 40.734924 ], [ -111.967096, 40.729077 ], [ -111.96722, 40.729078 ], [ -111.967871, 40.72906 ], [ -111.969645, 40.728577 ], [ -111.970825, 40.728519 ], [ -111.973248, 40.728305 ], [ -111.975673, 40.728092 ], [ -111.977755, 40.727905 ], [ -111.979493, 40.727805 ], [ -111.979286, 40.724211 ], [ -111.977548, 40.724311 ], [ -111.975353, 40.724506 ], [ -111.972932, 40.724719 ], [ -111.970509, 40.724933 ], [ -111.969473, 40.724981 ], [ -111.968405, 40.724982 ], [ -111.966231, 40.724897 ], [ -111.965001, 40.724759 ], [ -111.962159, 40.724267 ], [ -111.961279, 40.724155 ], [ -111.960409, 40.724092 ], [ -111.955585, 40.717002 ], [ -111.955706, 40.715466 ], [ -111.955702, 40.713381 ], [ -111.955588, 40.711472 ], [ -111.955373, 40.708884 ], [ -111.955159, 40.706295 ], [ -111.954945, 40.703706 ], [ -111.954806, 40.700373 ], [ -111.954818, 40.69927 ], [ -111.954466, 40.697444 ], [ -111.950875, 40.697702 ], [ -111.951008, 40.699548 ], [ -111.951141, 40.701395 ], [ -111.951357, 40.704003 ], [ -111.951571, 40.706592 ], [ -111.951786, 40.709181 ], [ -111.952, 40.71177 ], [ -111.952109, 40.713596 ], [ -111.952105, 40.715466 ], [ -111.951873, 40.717132 ], [ -111.949065, 40.72185 ], [ -111.940922, 40.719191 ], [ -111.939367, 40.718426 ], [ -111.938973, 40.718386 ], [ -111.938518, 40.718388 ], [ -111.93745, 40.719009 ], [ -111.935702, 40.72064 ], [ -111.931235, 40.722308 ], [ -111.930944, 40.722357 ], [ -111.928585, 40.722402 ], [ -111.924884, 40.722637 ], [ -111.923605, 40.714617 ], [ -111.923605, 40.714557 ], [ -111.923279, 40.705664 ], [ -111.927147, 40.701181 ], [ -111.927528, 40.699376 ], [ -111.927538, 40.698534 ], [ -111.927533, 40.697813 ], [ -111.925959, 40.696742 ], [ -111.920007, 40.693109 ], [ -111.916982, 40.690818 ], [ -111.915817, 40.689893 ], [ -111.912986, 40.687647 ], [ -111.911384, 40.68595 ], [ -111.908745, 40.678697 ], [ -111.912292, 40.676681 ], [ -111.914436, 40.676143 ], [ -111.91607, 40.675711 ], [ -111.915654, 40.673751 ], [ -111.915151, 40.67223 ], [ -111.90763, 40.670115 ], [ -111.906206, 40.668061 ], [ -111.906114, 40.667861 ], [ -111.90349, 40.659328 ], [ -111.903545, 40.658528 ], [ -111.903693, 40.656421 ], [ -111.904081, 40.654404 ], [ -111.90413, 40.654083 ], [ -111.904288, 40.649036 ], [ -111.904579, 40.646273 ], [ -111.904871, 40.643509 ], [ -111.901291, 40.643131 ], [ -111.900999, 40.645895 ], [ -111.900708, 40.648658 ], [ -111.899235, 40.655804 ], [ -111.899305, 40.656416 ], [ -111.899745, 40.659392 ], [ -111.899768, 40.663287 ], [ -111.897883, 40.669115 ], [ -111.891295, 40.671756 ], [ -111.891111, 40.671754 ], [ -111.89043, 40.67192 ], [ -111.888487, 40.672475 ], [ -111.887269, 40.673991 ], [ -111.887269, 40.674274 ], [ -111.888487, 40.676075 ], [ -111.891252, 40.676997 ], [ -111.891271, 40.676997 ], [ -111.893896, 40.676343 ], [ -111.895215, 40.685174 ], [ -111.893587, 40.687048 ], [ -111.892188, 40.688222 ], [ -111.889324, 40.691546 ], [ -111.88835, 40.692941 ], [ -111.886569, 40.694753 ], [ -111.886569, 40.69477 ], [ -111.884924, 40.69922 ], [ -111.876064, 40.698071 ], [ -111.873264, 40.694725 ], [ -111.87174, 40.693563 ], [ -111.871457, 40.693564 ], [ -111.869664, 40.694711 ], [ -111.866571, 40.6996 ], [ -111.863669, 40.705005 ], [ -111.862764, 40.706668 ], [ -111.85527, 40.708433 ], [ -111.855191, 40.708433 ], [ -111.853729, 40.709156 ], [ -111.849529, 40.710893 ], [ -111.848417, 40.712493 ], [ -111.841512, 40.716622 ], [ -111.83957, 40.716182 ], [ -111.836785, 40.715605 ], [ -111.834432, 40.714686 ], [ -111.833124, 40.71402 ], [ -111.831827, 40.713547 ], [ -111.824813, 40.710185 ], [ -111.819024, 40.710555 ], [ -111.81811, 40.710592 ], [ -111.817194, 40.71069 ], [ -111.81653, 40.710807 ], [ -111.807697, 40.710737 ], [ -111.806444, 40.714112 ], [ -111.808809, 40.716186 ], [ -111.811237, 40.716295 ], [ -111.813666, 40.716403 ], [ -111.814416, 40.716369 ], [ -111.814977, 40.716296 ], [ -111.815554, 40.716173 ], [ -111.81598, 40.716037 ], [ -111.824503, 40.715265 ], [ -111.825705, 40.715617 ], [ -111.827633, 40.716114 ], [ -111.827795, 40.716164 ], [ -111.83277, 40.717879 ], [ -111.834457, 40.718663 ], [ -111.835785, 40.719063 ], [ -111.838834, 40.719706 ], [ -111.840716, 40.720133 ], [ -111.842628, 40.720566 ], [ -111.844491, 40.720933 ], [ -111.851948, 40.725014 ], [ -111.854945, 40.725069 ], [ -111.854959, 40.725069 ], [ -111.855547, 40.724958 ], [ -111.858728, 40.723281 ], [ -111.864985, 40.725661 ], [ -111.86649, 40.727175 ], [ -111.869311, 40.731456 ], [ -111.869467, 40.738381 ], [ -111.865325, 40.743101 ], [ -111.863538, 40.744877 ], [ -111.857567, 40.750181 ], [ -111.853424, 40.751654 ], [ -111.852088, 40.753049 ], [ -111.844053, 40.756637 ], [ -111.843639, 40.758088 ], [ -111.843639, 40.758226 ], [ -111.844052, 40.760237 ], [ -111.845312, 40.760374 ], [ -111.852092, 40.765443 ], [ -111.853959, 40.76937 ], [ -111.855644, 40.771159 ], [ -111.86328, 40.774631 ], [ -111.869762, 40.780146 ], [ -111.871457, 40.781867 ], [ -111.874997, 40.783702 ], [ -111.879862, 40.786195 ], [ -111.883972, 40.789376 ], [ -111.884407, 40.78972 ], [ -111.884578, 40.789826 ], [ -111.885825, 40.789776 ], [ -111.886862, 40.789659 ], [ -111.887176, 40.788715 ], [ -111.891493, 40.785045 ], [ -111.897662, 40.78707 ], [ -111.899875, 40.791811 ], [ -111.901403, 40.794339 ], [ -111.901858, 40.795143 ], [ -111.90233, 40.795746 ], [ -111.90288, 40.796265 ], [ -111.905518, 40.798369 ], [ -111.908497, 40.800518 ], [ -111.912085, 40.808672 ], [ -111.912138, 40.809247 ], [ -111.912182, 40.810123 ], [ -111.912326, 40.81135 ], [ -111.914085, 40.819676 ], [ -111.914048, 40.820255 ], [ -111.912165, 40.827609 ], [ -111.911884, 40.828272 ], [ -111.909521, 40.836469 ], [ -111.909484, 40.836626 ], [ -111.909571, 40.839244 ], [ -111.91, 40.839927 ], [ -111.911232, 40.848356 ], [ -111.910339, 40.849343 ], [ -111.908744, 40.851125 ], [ -111.907149, 40.852906 ], [ -111.905555, 40.854688 ], [ -111.904044, 40.856381 ], [ -111.90395, 40.85648 ], [ -111.900711, 40.859383 ], [ -111.90018, 40.859904 ], [ -111.899894, 40.860396 ], [ -111.89846, 40.862872 ], [ -111.896879, 40.865516 ], [ -111.896565, 40.866198 ], [ -111.896089, 40.867407 ], [ -111.895696, 40.868612 ], [ -111.899118, 40.869729 ], [ -111.903069, 40.862941 ], [ -111.905091, 40.860632 ], [ -111.906652, 40.858859 ], [ -111.908237, 40.857089 ], [ -111.909832, 40.855307 ], [ -111.911426, 40.853526 ], [ -111.913021, 40.851744 ], [ -111.913894, 40.850779 ], [ -111.914752, 40.849725 ], [ -111.91538, 40.848729 ], [ -111.915982, 40.847503 ], [ -111.916254, 40.846826 ], [ -111.916449, 40.846242 ], [ -111.916639, 40.845412 ], [ -111.916856, 40.844247 ], [ -111.916945, 40.843442 ], [ -111.917013, 40.842094 ], [ -111.920707, 40.835816 ], [ -111.923551, 40.835799 ], [ -111.926498, 40.835778 ], [ -111.928799, 40.835736 ], [ -111.932901, 40.835701 ], [ -111.940154, 40.839878 ], [ -111.940687, 40.841766 ], [ -111.940884, 40.842768 ], [ -111.940997, 40.843534 ], [ -111.941063, 40.844357 ], [ -111.941093, 40.846357 ], [ -111.941126, 40.848414 ], [ -111.941256, 40.851237 ], [ -111.944852, 40.851071 ], [ -111.944722, 40.848247 ], [ -111.944693, 40.846302 ], [ -111.944662, 40.844302 ], [ -111.944587, 40.843261 ], [ -111.944448, 40.842261 ], [ -111.94422, 40.841078 ], [ -111.946181, 40.832379 ], [ -111.946659, 40.831918 ], [ -111.947098, 40.831454 ], [ -111.947761, 40.830616 ], [ -111.948339, 40.829558 ], [ -111.948841, 40.828302 ], [ -111.949243, 40.827123 ], [ -111.955323, 40.820887 ], [ -111.956336, 40.818478 ], [ -111.963785, 40.814843 ], [ -111.966593, 40.814837 ], [ -111.966586, 40.811237 ], [ -111.963778, 40.811243 ], [ -111.95795, 40.808906 ], [ -111.955824, 40.806388 ], [ -111.953575, 40.801096 ], [ -111.954518, 40.79723 ], [ -111.954539, 40.795422 ], [ -111.954543, 40.795284 ], [ -111.954545, 40.795006 ], [ -111.953563, 40.790007 ], [ -111.953547, 40.789065 ], [ -111.953548, 40.788273 ], [ -111.953549, 40.787868 ], [ -111.957392, 40.77985 ], [ -111.957385, 40.779186 ], [ -111.957485, 40.777288 ], [ -111.957599, 40.776147 ], [ -111.961679, 40.768562 ], [ -111.963144, 40.768027 ], [ -111.9644, 40.767664 ], [ -111.96615, 40.767194 ], [ -111.967014, 40.767013 ], [ -111.968073, 40.766836 ], [ -111.969379, 40.766718 ], [ -111.97038, 40.766686 ], [ -111.971404, 40.766691 ], [ -111.972195, 40.766731 ], [ -111.976881, 40.774347 ], [ -111.97707, 40.780551 ], [ -111.977135, 40.781094 ], [ -111.977888, 40.781988 ], [ -111.979906, 40.784543 ], [ -111.980309, 40.784955 ], [ -111.980772, 40.785257 ], [ -111.982635, 40.785537 ], [ -111.984436, 40.785417 ], [ -111.984198, 40.781825 ], [ -111.985862, 40.777024 ], [ -111.986852, 40.774631 ], [ -111.987132, 40.774181 ], [ -111.987394, 40.773636 ], [ -111.987527, 40.773266 ], [ -111.994597, 40.76792 ], [ -111.996931, 40.768886 ], [ -112.001295, 40.773009 ], [ -112.002974, 40.779564 ], [ -112.002955, 40.783164 ], [ -112.004086, 40.784217 ], [ -112.005832, 40.785587 ], [ -112.005953, 40.785587 ], [ -112.010106, 40.783193 ], [ -112.01558, 40.778235 ], [ -112.022702, 40.779003 ], [ -112.023181, 40.779238 ], [ -112.024977, 40.780363 ], [ -112.026566, 40.779674 ], [ -112.027496, 40.778934 ], [ -112.028386, 40.777563 ], [ -112.029639, 40.776042 ], [ -112.036739, 40.772958 ], [ -112.039593, 40.772951 ], [ -112.042851, 40.772918 ], [ -112.045646, 40.772924 ], [ -112.048442, 40.77293 ], [ -112.051237, 40.772936 ], [ -112.060181, 40.773591 ], [ -112.068326, 40.772933 ], [ -112.070401, 40.772931 ], [ -112.070398, 40.769331 ] ] ] } },
{ "type": "Feature", "properties": { "group_index": 0, "value": 600.0, "center": [ -111.89077567678957, 40.760731958844836 ], "point_id": 44 }, "geometry": { "type": "Polygon", "coordinates": [ [ [ -112.028897, 40.769373 ], [ -112.026706, 40.769394 ], [ -112.024449, 40.769393 ], [ -112.022175, 40.769393 ], [ -112.019901, 40.769393 ], [ -112.017628, 40.769393 ], [ -112.015926, 40.76941 ], [ -112.014496, 40.769375 ], [ -112.012884, 40.769272 ], [ -112.004837, 40.767329 ], [ -112.004086, 40.767095 ], [ -111.995974, 40.764593 ], [ -111.995048, 40.764267 ], [ -111.993721, 40.763854 ], [ -111.991793, 40.763375 ], [ -111.990849, 40.763195 ], [ -111.989993, 40.763057 ], [ -111.988458, 40.762892 ], [ -111.98734, 40.762835 ], [ -111.984923, 40.762795 ], [ -111.982292, 40.762794 ], [ -111.97969, 40.762794 ], [ -111.977089, 40.762793 ], [ -111.974586, 40.762796 ], [ -111.974487, 40.762793 ], [ -111.971325, 40.762821 ], [ -111.971196, 40.762817 ], [ -111.968341, 40.762853 ], [ -111.966158, 40.762932 ], [ -111.958774, 40.758387 ], [ -111.957062, 40.756636 ], [ -111.953592, 40.755318 ], [ -111.950497, 40.751335 ], [ -111.95085, 40.745847 ], [ -111.953087, 40.742525 ], [ -111.953177, 40.7424 ], [ -111.953428, 40.741942 ], [ -111.954368, 40.740432 ], [ -111.954368, 40.740425 ], [ -111.953053, 40.738563 ], [ -111.952947, 40.738425 ], [ -111.951656, 40.732463 ], [ -111.954458, 40.728351 ], [ -111.954011, 40.723353 ], [ -111.950619, 40.722146 ], [ -111.943698, 40.722451 ], [ -111.942669, 40.722364 ], [ -111.941582, 40.722316 ], [ -111.939419, 40.722335 ], [ -111.935298, 40.722426 ], [ -111.932296, 40.722507 ], [ -111.932126, 40.722503 ], [ -111.92851, 40.72257 ], [ -111.924884, 40.722637 ], [ -111.919216, 40.718046 ], [ -111.917428, 40.71633 ], [ -111.917411, 40.71633 ], [ -111.917136, 40.716703 ], [ -111.915616, 40.718072 ], [ -111.909479, 40.718003 ], [ -111.906938, 40.713752 ], [ -111.906941, 40.712656 ], [ -111.906941, 40.712451 ], [ -111.908455, 40.708347 ], [ -111.913819, 40.701286 ], [ -111.915821, 40.701277 ], [ -111.915806, 40.697677 ], [ -111.913803, 40.697686 ], [ -111.913322, 40.697703 ], [ -111.907296, 40.695746 ], [ -111.905299, 40.691005 ], [ -111.905264, 40.690062 ], [ -111.904998, 40.687675 ], [ -111.904733, 40.685289 ], [ -111.904467, 40.682902 ], [ -111.904211, 40.680642 ], [ -111.904198, 40.680483 ], [ -111.904112, 40.678213 ], [ -111.90404, 40.675287 ], [ -111.90339, 40.669317 ], [ -111.899792, 40.669421 ], [ -111.899818, 40.670325 ], [ -111.899809, 40.672582 ], [ -111.899829, 40.674101 ], [ -111.900204, 40.677424 ], [ -111.900418, 40.679324 ], [ -111.900627, 40.680946 ], [ -111.900889, 40.6833 ], [ -111.901155, 40.685687 ], [ -111.899085, 40.693897 ], [ -111.893999, 40.69798 ], [ -111.892182, 40.699763 ], [ -111.892182, 40.699774 ], [ -111.892183, 40.699829 ], [ -111.892183, 40.699836 ], [ -111.890905, 40.707216 ], [ -111.88933, 40.708431 ], [ -111.882299, 40.711365 ], [ -111.873748, 40.710855 ], [ -111.873191, 40.710441 ], [ -111.871442, 40.708796 ], [ -111.871377, 40.708796 ], [ -111.869021, 40.71087 ], [ -111.867492, 40.7126 ], [ -111.862428, 40.717631 ], [ -111.859417, 40.717572 ], [ -111.85457, 40.717455 ], [ -111.853924, 40.717446 ], [ -111.84924, 40.717724 ], [ -111.843424, 40.717055 ], [ -111.839958, 40.71627 ], [ -111.839162, 40.719781 ], [ -111.842628, 40.720566 ], [ -111.844491, 40.720933 ], [ -111.845742, 40.721121 ], [ -111.847165, 40.721259 ], [ -111.849132, 40.721322 ], [ -111.852692, 40.721383 ], [ -111.854865, 40.721377 ], [ -111.857001, 40.72137 ], [ -111.859658, 40.721295 ], [ -111.862434, 40.72123 ], [ -111.865297, 40.729241 ], [ -111.863546, 40.730907 ], [ -111.859624, 40.737126 ], [ -111.859489, 40.737212 ], [ -111.853568, 40.739841 ], [ -111.85208, 40.741269 ], [ -111.847898, 40.745963 ], [ -111.844054, 40.747995 ], [ -111.840528, 40.749166 ], [ -111.840463, 40.749201 ], [ -111.834388, 40.753043 ], [ -111.832303, 40.754079 ], [ -111.83069, 40.754957 ], [ -111.830489, 40.755128 ], [ -111.830867, 40.757231 ], [ -111.83404, 40.763401 ], [ -111.835291, 40.764531 ], [ -111.83634, 40.764512 ], [ -111.836477, 40.764451 ], [ -111.842211, 40.763643 ], [ -111.84554, 40.768596 ], [ -111.846005, 40.770108 ], [ -111.846201, 40.772774 ], [ -111.85223, 40.7783 ], [ -111.859144, 40.783104 ], [ -111.859859, 40.784245 ], [ -111.859933, 40.784292 ], [ -111.860426, 40.784517 ], [ -111.86736, 40.785918 ], [ -111.871095, 40.78777 ], [ -111.871333, 40.787866 ], [ -111.87281, 40.78839 ], [ -111.880667, 40.792009 ], [ -111.883038, 40.793862 ], [ -111.883734, 40.793668 ], [ -111.886766, 40.792642 ], [ -111.888493, 40.791801 ], [ -111.889865, 40.791035 ], [ -111.89091, 40.789169 ], [ -111.897662, 40.78707 ], [ -111.899875, 40.791811 ], [ -111.901403, 40.794339 ], [ -111.901858, 40.795143 ], [ -111.90233, 40.795746 ], [ -111.90288, 40.796265 ], [ -111.905518, 40.798369 ], [ -111.909354, 40.801446 ], [ -111.9138, 40.80579 ], [ -111.915986, 40.80865 ], [ -111.915207, 40.81723 ], [ -111.914906, 40.817614 ], [ -111.914565, 40.818148 ], [ -111.914316, 40.818692 ], [ -111.914167, 40.819202 ], [ -111.914085, 40.819676 ], [ -111.914048, 40.820255 ], [ -111.913977, 40.823009 ], [ -111.913887, 40.825559 ], [ -111.913239, 40.831345 ], [ -111.913501, 40.838679 ], [ -111.912876, 40.845582 ], [ -111.916296, 40.846707 ], [ -111.916449, 40.846242 ], [ -111.916639, 40.845412 ], [ -111.916856, 40.844247 ], [ -111.916945, 40.843442 ], [ -111.917013, 40.842094 ], [ -111.9171, 40.838768 ], [ -111.917173, 40.835779 ], [ -111.917221, 40.83378 ], [ -111.917347, 40.831417 ], [ -111.917612, 40.828217 ], [ -111.917743, 40.825728 ], [ -111.917869, 40.823294 ], [ -111.925145, 40.819502 ], [ -111.925362, 40.819536 ], [ -111.931502, 40.818572 ], [ -111.932142, 40.818574 ], [ -111.93235, 40.816777 ], [ -111.932352, 40.816294 ], [ -111.932154, 40.814974 ], [ -111.926226, 40.808653 ], [ -111.924988, 40.806403 ], [ -111.924428, 40.805222 ], [ -111.922966, 40.802402 ], [ -111.921529, 40.799629 ], [ -111.920849, 40.798292 ], [ -111.921542, 40.791256 ], [ -111.925527, 40.788426 ], [ -111.927326, 40.787006 ], [ -111.935565, 40.785918 ], [ -111.937436, 40.790307 ], [ -111.937435, 40.790418 ], [ -111.939241, 40.792118 ], [ -111.939511, 40.792117 ], [ -111.94737, 40.795763 ], [ -111.947423, 40.798473 ], [ -111.947425, 40.800225 ], [ -111.947404, 40.801563 ], [ -111.947364, 40.802325 ], [ -111.947202, 40.804494 ], [ -111.947171, 40.805804 ], [ -111.945762, 40.811014 ], [ -111.945523, 40.811689 ], [ -111.945457, 40.812255 ], [ -111.945503, 40.812727 ], [ -111.945711, 40.813329 ], [ -111.946071, 40.813867 ], [ -111.947382, 40.817543 ], [ -111.947479, 40.820049 ], [ -111.946857, 40.823436 ], [ -111.945945, 40.825683 ], [ -111.949281, 40.827037 ], [ -111.950193, 40.82479 ], [ -111.950557, 40.823838 ], [ -111.950699, 40.823426 ], [ -111.950928, 40.822434 ], [ -111.951084, 40.821053 ], [ -111.952108, 40.812953 ], [ -111.952031, 40.812035 ], [ -111.950765, 40.807169 ], [ -111.953575, 40.800409 ], [ -111.955377, 40.798904 ], [ -111.955375, 40.7986 ], [ -111.954522, 40.793622 ], [ -111.953547, 40.789065 ], [ -111.957252, 40.781575 ], [ -111.957297, 40.78153 ], [ -111.959188, 40.779453 ], [ -111.959184, 40.779165 ], [ -111.959996, 40.772204 ], [ -111.965936, 40.767255 ], [ -111.971094, 40.766414 ], [ -111.971223, 40.766417 ], [ -111.973588, 40.766574 ], [ -111.976024, 40.76673 ], [ -111.980846, 40.7743 ], [ -111.982256, 40.777612 ], [ -111.982673, 40.777529 ], [ -111.983374, 40.777162 ], [ -111.985537, 40.775984 ], [ -111.98593, 40.775663 ], [ -111.986298, 40.775309 ], [ -111.986559, 40.775017 ], [ -111.986852, 40.774631 ], [ -111.987132, 40.774181 ], [ -111.987394, 40.773636 ], [ -111.987527, 40.773266 ], [ -111.994597, 40.76792 ], [ -111.996931, 40.768886 ], [ -111.998743, 40.769666 ], [ -112.002901, 40.775182 ], [ -112.005343, 40.776766 ], [ -112.00565, 40.77677 ], [ -112.00858, 40.775325 ], [ -112.015962, 40.77301 ], [ -112.017823, 40.773035 ], [ -112.022397, 40.773663 ], [ -112.02893, 40.772973 ], [ -112.028897, 40.769373 ] ] ] } },
{ "type": "Feature", "properties": { "group_index": 0, "value": 600.0, "center": [ -111.8968946294841, 40.75232106726775 ], "point_id": 45 }, "geometry": { "type": "Polygon", "coordinates": [ [ [ -112.025613, 40.769394 ], [ -112.022175, 40.769393 ], [ -112.019901, 40.769393 ], [ -112.017628, 40.769393 ], [ -112.015926, 40.76941 ], [ -112.014496, 40.769375 ], [ -112.012884, 40.769272 ], [ -112.005148, 40.767464 ], [ -111.99836, 40.765581 ], [ -111.995974, 40.764593 ], [ -111.995048, 40.764267 ], [ -111.993721, 40.763854 ], [ -111.991793, 40.763375 ], [ -111.990849, 40.763195 ], [ -111.989993, 40.763057 ], [ -111.988458, 40.762892 ], [ -111.98734, 40.762835 ], [ -111.984923, 40.762795 ], [ -111.982292, 40.762794 ], [ -111.97969, 40.762794 ], [ -111.977089, 40.762793 ], [ -111.974586, 40.762796 ], [ -111.974487, 40.762793 ], [ -111.971325, 40.762821 ], [ -111.971196, 40.762817 ], [ -111.968341, 40.762853 ], [ -111.966158, 40.762932 ], [ -111.962143, 40.763355 ], [ -111.961074, 40.763192 ], [ -111.955202, 40.756637 ], [ -111.960357, 40.750667 ], [ -111.965389, 40.751367 ], [ -111.965535, 40.751368 ], [ -111.967198, 40.749492 ], [ -111.967196, 40.749448 ], [ -111.965557, 40.747768 ], [ -111.959845, 40.74392 ], [ -111.958089, 40.742232 ], [ -111.952453, 40.738789 ], [ -111.951208, 40.735666 ], [ -111.951152, 40.733776 ], [ -111.95605, 40.727704 ], [ -111.959325, 40.727681 ], [ -111.959398, 40.727683 ], [ -111.959904, 40.727706 ], [ -111.960556, 40.727761 ], [ -111.960861, 40.727795 ], [ -111.961204, 40.727846 ], [ -111.965426, 40.72925 ], [ -111.968084, 40.730786 ], [ -111.968206, 40.730786 ], [ -111.968828, 40.730541 ], [ -111.975673, 40.728092 ], [ -111.977755, 40.727905 ], [ -111.980632, 40.727831 ], [ -111.983879, 40.728291 ], [ -111.988204, 40.727706 ], [ -111.991639, 40.727703 ], [ -111.991636, 40.724103 ], [ -111.9882, 40.724106 ], [ -111.985558, 40.724108 ], [ -111.982915, 40.724111 ], [ -111.980965, 40.724143 ], [ -111.980093, 40.724171 ], [ -111.977548, 40.724311 ], [ -111.975353, 40.724506 ], [ -111.969076, 40.723967 ], [ -111.968959, 40.723939 ], [ -111.968883, 40.72394 ], [ -111.966546, 40.723965 ], [ -111.966501, 40.723965 ], [ -111.963793, 40.724167 ], [ -111.961279, 40.724155 ], [ -111.960409, 40.724092 ], [ -111.955585, 40.717002 ], [ -111.955706, 40.715466 ], [ -111.955702, 40.713381 ], [ -111.955588, 40.711472 ], [ -111.955419, 40.709432 ], [ -111.95525, 40.707391 ], [ -111.951662, 40.707688 ], [ -111.951831, 40.709729 ], [ -111.952, 40.71177 ], [ -111.952109, 40.713596 ], [ -111.952105, 40.715466 ], [ -111.951873, 40.717132 ], [ -111.944235, 40.719566 ], [ -111.942789, 40.717039 ], [ -111.941116, 40.715193 ], [ -111.939358, 40.714439 ], [ -111.938972, 40.714292 ], [ -111.938127, 40.714292 ], [ -111.937169, 40.715601 ], [ -111.93214, 40.719015 ], [ -111.930994, 40.720602 ], [ -111.928451, 40.722404 ], [ -111.924884, 40.722637 ], [ -111.923054, 40.714688 ], [ -111.925104, 40.711987 ], [ -111.925105, 40.711965 ], [ -111.92356, 40.710511 ], [ -111.921757, 40.708819 ], [ -111.919903, 40.701228 ], [ -111.921588, 40.699458 ], [ -111.921619, 40.699424 ], [ -111.921619, 40.699389 ], [ -111.919906, 40.697628 ], [ -111.917247, 40.696196 ], [ -111.911204, 40.693056 ], [ -111.904998, 40.687675 ], [ -111.904733, 40.685289 ], [ -111.904467, 40.682902 ], [ -111.905323, 40.676388 ], [ -111.905921, 40.674847 ], [ -111.905922, 40.674837 ], [ -111.905505, 40.672792 ], [ -111.903391, 40.66715 ], [ -111.90337, 40.663625 ], [ -111.903349, 40.660099 ], [ -111.899749, 40.66012 ], [ -111.89977, 40.663646 ], [ -111.899791, 40.667171 ], [ -111.897918, 40.674364 ], [ -111.897918, 40.674393 ], [ -111.900627, 40.680946 ], [ -111.900889, 40.6833 ], [ -111.897964, 40.690834 ], [ -111.893688, 40.694119 ], [ -111.892192, 40.695807 ], [ -111.89064, 40.697936 ], [ -111.888859, 40.699639 ], [ -111.887531, 40.701736 ], [ -111.882156, 40.705743 ], [ -111.882078, 40.70577 ], [ -111.873867, 40.702579 ], [ -111.873242, 40.700668 ], [ -111.871452, 40.699 ], [ -111.871438, 40.699 ], [ -111.869642, 40.700676 ], [ -111.869642, 40.700804 ], [ -111.864408, 40.708111 ], [ -111.863665, 40.708843 ], [ -111.860941, 40.710888 ], [ -111.855348, 40.712882 ], [ -111.851752, 40.712713 ], [ -111.845186, 40.7174 ], [ -111.843424, 40.717055 ], [ -111.841512, 40.716622 ], [ -111.83957, 40.716182 ], [ -111.834432, 40.714686 ], [ -111.833124, 40.71402 ], [ -111.831827, 40.713547 ], [ -111.827031, 40.712062 ], [ -111.825714, 40.711576 ], [ -111.821581, 40.710827 ], [ -111.821565, 40.710825 ], [ -111.820981, 40.714377 ], [ -111.824503, 40.715265 ], [ -111.825705, 40.715617 ], [ -111.827795, 40.716164 ], [ -111.83277, 40.717879 ], [ -111.834457, 40.718663 ], [ -111.835785, 40.719063 ], [ -111.838834, 40.719706 ], [ -111.840716, 40.720133 ], [ -111.842628, 40.720566 ], [ -111.844491, 40.720933 ], [ -111.845742, 40.721121 ], [ -111.847165, 40.721259 ], [ -111.85134, 40.722649 ], [ -111.852208, 40.722935 ], [ -111.854819, 40.723441 ], [ -111.855523, 40.722993 ], [ -111.859658, 40.721295 ], [ -111.863549, 40.72719 ], [ -111.860342, 40.73154 ], [ -111.859868, 40.73171 ], [ -111.858487, 40.733278 ], [ -111.853202, 40.738283 ], [ -111.853116, 40.738316 ], [ -111.852059, 40.739968 ], [ -111.852059, 40.739985 ], [ -111.85209, 40.743291 ], [ -111.847213, 40.748 ], [ -111.844756, 40.748985 ], [ -111.843541, 40.750171 ], [ -111.843506, 40.750934 ], [ -111.843507, 40.7515 ], [ -111.843506, 40.758448 ], [ -111.843506, 40.758482 ], [ -111.845103, 40.760237 ], [ -111.852089, 40.765097 ], [ -111.855061, 40.769361 ], [ -111.856464, 40.771159 ], [ -111.860671, 40.772359 ], [ -111.865375, 40.774634 ], [ -111.869762, 40.7783 ], [ -111.871021, 40.779151 ], [ -111.877343, 40.783708 ], [ -111.879508, 40.785525 ], [ -111.884216, 40.784919 ], [ -111.888387, 40.784896 ], [ -111.888664, 40.784895 ], [ -111.891493, 40.785045 ], [ -111.897662, 40.78707 ], [ -111.899875, 40.791811 ], [ -111.901403, 40.794339 ], [ -111.901858, 40.795143 ], [ -111.90233, 40.795746 ], [ -111.90288, 40.796265 ], [ -111.905518, 40.798369 ], [ -111.909354, 40.801446 ], [ -111.91098, 40.802567 ], [ -111.912606, 40.804057 ], [ -111.913132, 40.804439 ], [ -111.91428, 40.805372 ], [ -111.918897, 40.811244 ], [ -111.916448, 40.816208 ], [ -111.915935, 40.816558 ], [ -111.915207, 40.81723 ], [ -111.914906, 40.817614 ], [ -111.914565, 40.818148 ], [ -111.914316, 40.818692 ], [ -111.914167, 40.819202 ], [ -111.914085, 40.819676 ], [ -111.914048, 40.820255 ], [ -111.913977, 40.823009 ], [ -111.913907, 40.824988 ], [ -111.913837, 40.826967 ], [ -111.913752, 40.831225 ], [ -111.913622, 40.833694 ], [ -111.913574, 40.835691 ], [ -111.913556, 40.836422 ], [ -111.917155, 40.836511 ], [ -111.917173, 40.835779 ], [ -111.917221, 40.83378 ], [ -111.917347, 40.831417 ], [ -111.917612, 40.828217 ], [ -111.917743, 40.825728 ], [ -111.923369, 40.819286 ], [ -111.925982, 40.818567 ], [ -111.926958, 40.816891 ], [ -111.926971, 40.816705 ], [ -111.925766, 40.810311 ], [ -111.92579, 40.809232 ], [ -111.925603, 40.808114 ], [ -111.924988, 40.806403 ], [ -111.924428, 40.805222 ], [ -111.922966, 40.802402 ], [ -111.921529, 40.799629 ], [ -111.920849, 40.798292 ], [ -111.919402, 40.795677 ], [ -111.919715, 40.789303 ], [ -111.925502, 40.785455 ], [ -111.927258, 40.784229 ], [ -111.936015, 40.786112 ], [ -111.937478, 40.789261 ], [ -111.939303, 40.790826 ], [ -111.939399, 40.790826 ], [ -111.942945, 40.789752 ], [ -111.94737, 40.795763 ], [ -111.947423, 40.798473 ], [ -111.947425, 40.800225 ], [ -111.947404, 40.801563 ], [ -111.947364, 40.802325 ], [ -111.947202, 40.804494 ], [ -111.947171, 40.805804 ], [ -111.945762, 40.811014 ], [ -111.945523, 40.811689 ], [ -111.945457, 40.812255 ], [ -111.945503, 40.812727 ], [ -111.945711, 40.813329 ], [ -111.947382, 40.817543 ], [ -111.947479, 40.820049 ], [ -111.947172, 40.822617 ], [ -111.950581, 40.823772 ], [ -111.950699, 40.823426 ], [ -111.950928, 40.822434 ], [ -111.951084, 40.821053 ], [ -111.951078, 40.819986 ], [ -111.950996, 40.816245 ], [ -111.950936, 40.813832 ], [ -111.950846, 40.810857 ], [ -111.950805, 40.809021 ], [ -111.950765, 40.807169 ], [ -111.950771, 40.805819 ], [ -111.950801, 40.804581 ], [ -111.955377, 40.797088 ], [ -111.955379, 40.796604 ], [ -111.954141, 40.791397 ], [ -111.953548, 40.788273 ], [ -111.956742, 40.780992 ], [ -111.957854, 40.779676 ], [ -111.958273, 40.779171 ], [ -111.958272, 40.779108 ], [ -111.959999, 40.771499 ], [ -111.96322, 40.768004 ], [ -111.968386, 40.766453 ], [ -111.971094, 40.766414 ], [ -111.971223, 40.766417 ], [ -111.973588, 40.766574 ], [ -111.976024, 40.76673 ], [ -111.977387, 40.766862 ], [ -111.982237, 40.773719 ], [ -111.983773, 40.776975 ], [ -111.984431, 40.776664 ], [ -111.985537, 40.775984 ], [ -111.98593, 40.775663 ], [ -111.986298, 40.775309 ], [ -111.986559, 40.775017 ], [ -111.986852, 40.774631 ], [ -111.987132, 40.774181 ], [ -111.987394, 40.773636 ], [ -111.987527, 40.773266 ], [ -111.994597, 40.76792 ], [ -111.996931, 40.768886 ], [ -111.998743, 40.769666 ], [ -112.004743, 40.77533 ], [ -112.005753, 40.775325 ], [ -112.00664, 40.775325 ], [ -112.00709, 40.775325 ], [ -112.01441, 40.772974 ], [ -112.015962, 40.77301 ], [ -112.017823, 40.773035 ], [ -112.021, 40.773235 ], [ -112.025613, 40.772994 ], [ -112.025613, 40.769394 ] ] ] } },
{ "type": "Feature", "properties": { "group_index": 0, "value": 600.0, "center": [ -111.90904086339096, 40.845624148701305 ], "point_id": 46 }, "geometry": { "type": "Polygon", "coordinates": [ [ [ -111.970269, 40.841765 ], [ -111.970149, 40.840151 ], [ -111.969614, 40.833327 ], [ -111.966014, 40.833326 ], [ -111.958949, 40.830657 ], [ -111.957829, 40.829216 ], [ -111.955315, 40.826846 ], [ -111.953704, 40.823136 ], [ -111.959223, 40.818314 ], [ -111.964373, 40.814842 ], [ -111.967765, 40.814835 ], [ -111.970754, 40.814834 ], [ -111.973744, 40.814833 ], [ -111.973743, 40.811233 ], [ -111.970753, 40.811234 ], [ -111.967763, 40.811235 ], [ -111.964365, 40.811242 ], [ -111.96097, 40.811249 ], [ -111.956153, 40.808682 ], [ -111.954475, 40.799861 ], [ -111.955377, 40.796271 ], [ -111.955377, 40.796144 ], [ -111.953647, 40.794481 ], [ -111.95281, 40.786565 ], [ -111.953694, 40.784795 ], [ -111.9537, 40.784523 ], [ -111.95284, 40.782965 ], [ -111.951095, 40.776125 ], [ -111.951129, 40.774004 ], [ -111.951138, 40.773876 ], [ -111.951312, 40.772315 ], [ -111.952446, 40.767266 ], [ -111.952229, 40.763672 ], [ -111.949323, 40.763848 ], [ -111.946417, 40.764023 ], [ -111.94371, 40.764193 ], [ -111.941006, 40.764362 ], [ -111.9351, 40.764074 ], [ -111.929204, 40.76492 ], [ -111.923894, 40.76286 ], [ -111.918626, 40.75708 ], [ -111.917039, 40.755633 ], [ -111.910022, 40.750053 ], [ -111.906967, 40.743608 ], [ -111.906589, 40.736229 ], [ -111.90663, 40.73489 ], [ -111.906603, 40.733312 ], [ -111.906596, 40.732928 ], [ -111.902996, 40.732993 ], [ -111.902532, 40.74115 ], [ -111.902424, 40.742639 ], [ -111.902449, 40.743552 ], [ -111.902554, 40.744299 ], [ -111.902817, 40.745195 ], [ -111.903936, 40.74634 ], [ -111.907667, 40.747973 ], [ -111.909672, 40.754415 ], [ -111.90848, 40.758771 ], [ -111.908357, 40.762369 ], [ -111.910835, 40.767293 ], [ -111.909056, 40.771884 ], [ -111.902714, 40.773194 ], [ -111.902526, 40.773195 ], [ -111.901121, 40.773956 ], [ -111.900378, 40.775103 ], [ -111.899412, 40.776794 ], [ -111.891498, 40.779532 ], [ -111.888495, 40.781334 ], [ -111.888657, 40.781744 ], [ -111.888804, 40.781932 ], [ -111.890442, 40.784011 ], [ -111.891058, 40.784651 ], [ -111.891426, 40.784988 ], [ -111.891855, 40.785342 ], [ -111.895145, 40.788338 ], [ -111.896803, 40.790309 ], [ -111.898473, 40.792294 ], [ -111.899323, 40.793291 ], [ -111.899705, 40.793674 ], [ -111.900141, 40.794048 ], [ -111.90233, 40.795746 ], [ -111.90288, 40.796265 ], [ -111.905518, 40.798369 ], [ -111.908497, 40.800518 ], [ -111.912085, 40.808672 ], [ -111.912138, 40.809247 ], [ -111.912182, 40.810123 ], [ -111.914316, 40.818692 ], [ -111.914167, 40.819202 ], [ -111.907299, 40.823692 ], [ -111.903579, 40.821054 ], [ -111.90344, 40.821123 ], [ -111.903344, 40.821197 ], [ -111.900053, 40.824252 ], [ -111.896922, 40.82628 ], [ -111.895695, 40.827108 ], [ -111.890921, 40.828738 ], [ -111.886187, 40.827584 ], [ -111.88349, 40.827574 ], [ -111.876333, 40.827915 ], [ -111.874635, 40.831089 ], [ -111.872064, 40.838718 ], [ -111.868228, 40.83881 ], [ -111.867704, 40.838694 ], [ -111.864161, 40.845366 ], [ -111.859347, 40.847001 ], [ -111.857043, 40.846904 ], [ -111.856963, 40.846973 ], [ -111.856726, 40.849469 ], [ -111.858, 40.855642 ], [ -111.855221, 40.859478 ], [ -111.853554, 40.860801 ], [ -111.852567, 40.861601 ], [ -111.84944, 40.868162 ], [ -111.847193, 40.870975 ], [ -111.847711, 40.871388 ], [ -111.848042, 40.871622 ], [ -111.849196, 40.872293 ], [ -111.851286, 40.872028 ], [ -111.854195, 40.872706 ], [ -111.857879, 40.879299 ], [ -111.857885, 40.879801 ], [ -111.858308, 40.882611 ], [ -111.860711, 40.886128 ], [ -111.867224, 40.888628 ], [ -111.869202, 40.893987 ], [ -111.870247, 40.895807 ], [ -111.872338, 40.896697 ], [ -111.877202, 40.902336 ], [ -111.879005, 40.904105 ], [ -111.883049, 40.905587 ], [ -111.883759, 40.90624 ], [ -111.883726, 40.914705 ], [ -111.878699, 40.919708 ], [ -111.87717, 40.92124 ], [ -111.877172, 40.92179 ], [ -111.878701, 40.923308 ], [ -111.88375, 40.927526 ], [ -111.885431, 40.929129 ], [ -111.889365, 40.9366 ], [ -111.889338, 40.940797 ], [ -111.88931, 40.944994 ], [ -111.889298, 40.946934 ], [ -111.888864, 40.951605 ], [ -111.888775, 40.952369 ], [ -111.88872, 40.953376 ], [ -111.888718, 40.955049 ], [ -111.889121, 40.956239 ], [ -111.892719, 40.956121 ], [ -111.892763, 40.951459 ], [ -111.892883, 40.948974 ], [ -111.892898, 40.946957 ], [ -111.89291, 40.945017 ], [ -111.892937, 40.94082 ], [ -111.892965, 40.936623 ], [ -111.892992, 40.932426 ], [ -111.897378, 40.925536 ], [ -111.900699, 40.925089 ], [ -111.901116, 40.922967 ], [ -111.899894, 40.919732 ], [ -111.899098, 40.919221 ], [ -111.902002, 40.910859 ], [ -111.902168, 40.910859 ], [ -111.904882, 40.908439 ], [ -111.905827, 40.907063 ], [ -111.913668, 40.903915 ], [ -111.915393, 40.899902 ], [ -111.917534, 40.894367 ], [ -111.918064, 40.892608 ], [ -111.919159, 40.890841 ], [ -111.926014, 40.885957 ], [ -111.929994, 40.885833 ], [ -111.931304, 40.893477 ], [ -111.929685, 40.894839 ], [ -111.92799, 40.896227 ], [ -111.926862, 40.897207 ], [ -111.929222, 40.899925 ], [ -111.931965, 40.897625 ], [ -111.933621, 40.896233 ], [ -111.934069, 40.89581 ], [ -111.93487, 40.894932 ], [ -111.935312, 40.894363 ], [ -111.935837, 40.89357 ], [ -111.936638, 40.892106 ], [ -111.941325, 40.886133 ], [ -111.94144, 40.885906 ], [ -111.941655, 40.884951 ], [ -111.941555, 40.884144 ], [ -111.939949, 40.875326 ], [ -111.940723, 40.868757 ], [ -111.941876, 40.864213 ], [ -111.941892, 40.864157 ], [ -111.943476, 40.860017 ], [ -111.943465, 40.858535 ], [ -111.9417, 40.852546 ], [ -111.943392, 40.845476 ], [ -111.948508, 40.841965 ], [ -111.952743, 40.843763 ], [ -111.952845, 40.843857 ], [ -111.953274, 40.844105 ], [ -111.954742, 40.845173 ], [ -111.956209, 40.846241 ], [ -111.957295, 40.846957 ], [ -111.959337, 40.848584 ], [ -111.960281, 40.848081 ], [ -111.961044, 40.84709 ], [ -111.968477, 40.843772 ], [ -111.970194, 40.843751 ], [ -111.970269, 40.841765 ] ] ] } },
{ "type": "Feature", "properties": { "group_index": 0, "value": 600.0, "center": [ -112.02340608829138, 41.11348681903735 ], "point_id": 47 }, "geometry": { "type": "Polygon", "coordinates": [ [ [ -112.116386, 41.116135 ], [ -112.115533, 41.10885 ], [ -112.116142, 41.105487 ], [ -112.116142, 41.101887 ], [ -112.114487, 41.098478 ], [ -112.112711, 41.096771 ], [ -112.112565, 41.096769 ], [ -112.104854, 41.098001 ], [ -112.103048, 41.096341 ], [ -112.097224, 41.089899 ], [ -112.097231, 41.089254 ], [ -112.09723, 41.089182 ], [ -112.097224, 41.088939 ], [ -112.096398, 41.087434 ], [ -112.095432, 41.087433 ], [ -112.092994, 41.087877 ], [ -112.091309, 41.087942 ], [ -112.08567, 41.081383 ], [ -112.083868, 41.080535 ], [ -112.083488, 41.080535 ], [ -112.076134, 41.080251 ], [ -112.074209, 41.078339 ], [ -112.072913, 41.075967 ], [ -112.064583, 41.07501 ], [ -112.063365, 41.073714 ], [ -112.059666, 41.072884 ], [ -112.054489, 41.066867 ], [ -112.049702, 41.063457 ], [ -112.048945, 41.062987 ], [ -112.041406, 41.058428 ], [ -112.040183, 41.058407 ], [ -112.040031, 41.058453 ], [ -112.039299, 41.061497 ], [ -112.033559, 41.065693 ], [ -112.026236, 41.063641 ], [ -112.02198, 41.058367 ], [ -112.018468, 41.056142 ], [ -112.014868, 41.056118 ], [ -112.008873, 41.049709 ], [ -112.007709, 41.04917 ], [ -112.006935, 41.048994 ], [ -112.006249, 41.049048 ], [ -112.006134, 41.049077 ], [ -112.005275, 41.049599 ], [ -112.005239, 41.050786 ], [ -112.006367, 41.052511 ], [ -112.005264, 41.058093 ], [ -111.999203, 41.058342 ], [ -111.998089, 41.058343 ], [ -111.997981, 41.058477 ], [ -111.997404, 41.060113 ], [ -111.991168, 41.065699 ], [ -111.989265, 41.064716 ], [ -111.986523, 41.062956 ], [ -111.982553, 41.058374 ], [ -111.978891, 41.051921 ], [ -111.978418, 41.049763 ], [ -111.978321, 41.049654 ], [ -111.978238, 41.049566 ], [ -111.978133, 41.049462 ], [ -111.977262, 41.048711 ], [ -111.96964, 41.04835 ], [ -111.969509, 41.04839 ], [ -111.969503, 41.048392 ], [ -111.969326, 41.048446 ], [ -111.960494, 41.048197 ], [ -111.959295, 41.046244 ], [ -111.95866, 41.045151 ], [ -111.957831, 41.043867 ], [ -111.955123, 41.036448 ], [ -111.949317, 41.030258 ], [ -111.948997, 41.029228 ], [ -111.948407, 41.027769 ], [ -111.946812, 41.024372 ], [ -111.945217, 41.020974 ], [ -111.941959, 41.022504 ], [ -111.943554, 41.025902 ], [ -111.945149, 41.029299 ], [ -111.943582, 41.038104 ], [ -111.943581, 41.038127 ], [ -111.944353, 41.03906 ], [ -111.945326, 41.039937 ], [ -111.946181, 41.040728 ], [ -111.949623, 41.042011 ], [ -111.951423, 41.043151 ], [ -111.954614, 41.051366 ], [ -111.953907, 41.054083 ], [ -111.953171, 41.058263 ], [ -111.952944, 41.06024 ], [ -111.952973, 41.060565 ], [ -111.953136, 41.061862 ], [ -111.955697, 41.069805 ], [ -111.951422, 41.072403 ], [ -111.949365, 41.072458 ], [ -111.949221, 41.072458 ], [ -111.948218, 41.073445 ], [ -111.947563, 41.074274 ], [ -111.947563, 41.074303 ], [ -111.9484, 41.075133 ], [ -111.949215, 41.076058 ], [ -111.950075, 41.076664 ], [ -111.955316, 41.079881 ], [ -111.95521, 41.087154 ], [ -111.953414, 41.088911 ], [ -111.953413, 41.088931 ], [ -111.949699, 41.097053 ], [ -111.948294, 41.097837 ], [ -111.944444, 41.099932 ], [ -111.942943, 41.101457 ], [ -111.942852, 41.101662 ], [ -111.942851, 41.101688 ], [ -111.942873, 41.102075 ], [ -111.944054, 41.10351 ], [ -111.950084, 41.107305 ], [ -111.952428, 41.108121 ], [ -111.952539, 41.108122 ], [ -111.952895, 41.107892 ], [ -111.959901, 41.105349 ], [ -111.961554, 41.105365 ], [ -111.96413, 41.105376 ], [ -111.966708, 41.105388 ], [ -111.967818, 41.105392 ], [ -111.96898, 41.105287 ], [ -111.977171, 41.103542 ], [ -111.985875, 41.105345 ], [ -111.994652, 41.105339 ], [ -112.002923, 41.106597 ], [ -112.006051, 41.112445 ], [ -112.006739, 41.112671 ], [ -112.013814, 41.117272 ], [ -112.01763, 41.12295 ], [ -112.019442, 41.123943 ], [ -112.023348, 41.130777 ], [ -112.023355, 41.134184 ], [ -112.023361, 41.137592 ], [ -112.023367, 41.141 ], [ -112.023373, 41.144407 ], [ -112.02338, 41.147815 ], [ -112.020558, 41.15437 ], [ -112.015812, 41.156158 ], [ -112.013722, 41.156194 ], [ -112.013054, 41.156416 ], [ -112.012929, 41.156486 ], [ -112.012135, 41.158351 ], [ -112.01215, 41.158815 ], [ -112.013265, 41.16136 ], [ -112.01408, 41.164004 ], [ -112.011718, 41.172283 ], [ -112.012948, 41.175666 ], [ -112.011536, 41.182372 ], [ -112.00945, 41.183985 ], [ -112.008957, 41.184416 ], [ -112.008538, 41.184822 ], [ -112.00824, 41.185141 ], [ -112.006697, 41.186874 ], [ -112.004453, 41.18938 ], [ -112.001986, 41.191879 ], [ -112.000706, 41.192991 ], [ -111.998643, 41.194607 ], [ -111.995776, 41.196823 ], [ -111.994761, 41.197734 ], [ -111.993703, 41.198902 ], [ -111.992935, 41.199934 ], [ -111.992507, 41.201277 ], [ -111.992376, 41.201721 ], [ -111.995827, 41.202744 ], [ -112.000841, 41.197458 ], [ -112.002926, 41.195824 ], [ -112.004343, 41.1946 ], [ -112.005302, 41.193719 ], [ -112.006267, 41.192735 ], [ -112.007117, 41.191802 ], [ -112.009379, 41.189276 ], [ -112.015741, 41.183675 ], [ -112.017261, 41.182485 ], [ -112.01773, 41.18207 ], [ -112.018235, 41.181558 ], [ -112.026169, 41.177669 ], [ -112.026988, 41.177315 ], [ -112.027787, 41.17612 ], [ -112.031127, 41.171994 ], [ -112.035075, 41.170775 ], [ -112.036022, 41.169944 ], [ -112.036847, 41.16908 ], [ -112.038936, 41.166837 ], [ -112.044106, 41.163457 ], [ -112.044087, 41.159857 ], [ -112.041247, 41.159872 ], [ -112.037854, 41.151969 ], [ -112.040434, 41.150179 ], [ -112.04287, 41.150072 ], [ -112.046468, 41.1502 ], [ -112.049346, 41.151184 ], [ -112.053034, 41.154166 ], [ -112.054342, 41.154833 ], [ -112.054789, 41.154845 ], [ -112.056634, 41.154174 ], [ -112.063698, 41.148942 ], [ -112.064964, 41.14722 ], [ -112.066262, 41.145151 ], [ -112.072841, 41.142508 ], [ -112.073326, 41.142507 ], [ -112.079054, 41.141677 ], [ -112.079196, 41.141676 ], [ -112.085583, 41.136881 ], [ -112.088805, 41.134415 ], [ -112.089825, 41.132991 ], [ -112.095274, 41.127696 ], [ -112.099159, 41.127168 ], [ -112.10308, 41.122663 ], [ -112.110775, 41.122307 ], [ -112.11256, 41.123439 ], [ -112.112594, 41.12344 ], [ -112.114375, 41.122312 ], [ -112.116398, 41.119735 ], [ -112.116386, 41.116135 ] ] ] } },
{ "type": "Feature", "properties": { "group_index": 0, "value": 600.0, "center": [ -111.945906, 41.1791071 ], "point_id": 48 }, "geometry": { "type": "Polygon", "coordinates": [ [ [ -111.986337, 41.203757 ], [ -111.98694, 41.199072 ], [ -111.989376, 41.190539 ], [ -111.989578, 41.189905 ], [ -111.990048, 41.184904 ], [ -111.989367, 41.180458 ], [ -111.988831, 41.176175 ], [ -111.99407, 41.168864 ], [ -111.994156, 41.168328 ], [ -111.992496, 41.161472 ], [ -111.994922, 41.158812 ], [ -111.99353, 41.157543 ], [ -111.991656, 41.156117 ], [ -111.989696, 41.154914 ], [ -111.987628, 41.153949 ], [ -111.985363, 41.153129 ], [ -111.98327, 41.15254 ], [ -111.981076, 41.1521 ], [ -111.976355, 41.148028 ], [ -111.976368, 41.144428 ], [ -111.973199, 41.139895 ], [ -111.97236, 41.13922 ], [ -111.971097, 41.138493 ], [ -111.970282, 41.13813 ], [ -111.968413, 41.137367 ], [ -111.967586, 41.137272 ], [ -111.966043, 41.137197 ], [ -111.958075, 41.140624 ], [ -111.955441, 41.138152 ], [ -111.954485, 41.13742 ], [ -111.953945, 41.137051 ], [ -111.953416, 41.136741 ], [ -111.952816, 41.136426 ], [ -111.951145, 41.139615 ], [ -111.953314, 41.144901 ], [ -111.947766, 41.150092 ], [ -111.945104, 41.149853 ], [ -111.939625, 41.14935 ], [ -111.935075, 41.148523 ], [ -111.933759, 41.147931 ], [ -111.93312, 41.147557 ], [ -111.933038, 41.138702 ], [ -111.933378, 41.135118 ], [ -111.931497, 41.13494 ], [ -111.929055, 41.134784 ], [ -111.927666, 41.134764 ], [ -111.925088, 41.134773 ], [ -111.922523, 41.134919 ], [ -111.919326, 41.135194 ], [ -111.912177, 41.131314 ], [ -111.909172, 41.133297 ], [ -111.910246, 41.134925 ], [ -111.910851, 41.142623 ], [ -111.909146, 41.145043 ], [ -111.90743, 41.147909 ], [ -111.909632, 41.156159 ], [ -111.911843, 41.158648 ], [ -111.912298, 41.159176 ], [ -111.916407, 41.164039 ], [ -111.922529, 41.170206 ], [ -111.923015, 41.172318 ], [ -111.923186, 41.17281 ], [ -111.923762, 41.173602 ], [ -111.924186, 41.173922 ], [ -111.929034, 41.179192 ], [ -111.931743, 41.186526 ], [ -111.931401, 41.188457 ], [ -111.93146, 41.189841 ], [ -111.93517, 41.194116 ], [ -111.937644, 41.201433 ], [ -111.938253, 41.203515 ], [ -111.938481, 41.205937 ], [ -111.932704, 41.211232 ], [ -111.931875, 41.211764 ], [ -111.930018, 41.214789 ], [ -111.928091, 41.217953 ], [ -111.928086, 41.218077 ], [ -111.93235, 41.224043 ], [ -111.93634, 41.227231 ], [ -111.942572, 41.232954 ], [ -111.943267, 41.234834 ], [ -111.944383, 41.236494 ], [ -111.947844, 41.237486 ], [ -111.953759, 41.232689 ], [ -111.960392, 41.228602 ], [ -111.96787, 41.226617 ], [ -111.970818, 41.224561 ], [ -111.972202, 41.223072 ], [ -111.979223, 41.218451 ], [ -111.980741, 41.217062 ], [ -111.983094, 41.212587 ], [ -111.983956, 41.210864 ], [ -111.985994, 41.205757 ], [ -111.986337, 41.203757 ] ] ] } },
{ "type": "Feature", "properties": { "group_index": 0, "value": 600.0, "center": [ -111.96493040928551, 41.21877965821501 ], "point_id": 49 }, "geometry": { "type": "Polygon", "coordinates": [ [ [ -112.047039, 41.217932 ], [ -112.046717, 41.21704 ], [ -112.043118, 41.216995 ], [ -112.040096, 41.217911 ], [ -112.034836, 41.215086 ], [ -112.037672, 41.206904 ], [ -112.039168, 41.206912 ], [ -112.039464, 41.20536 ], [ -112.039482, 41.205156 ], [ -112.039492, 41.204818 ], [ -112.040828, 41.199384 ], [ -112.039609, 41.197363 ], [ -112.038653, 41.196516 ], [ -112.036154, 41.197748 ], [ -112.027619, 41.196096 ], [ -112.027613, 41.196096 ], [ -112.024046, 41.196399 ], [ -112.021599, 41.197854 ], [ -112.01986, 41.198697 ], [ -112.018871, 41.199062 ], [ -112.017998, 41.199342 ], [ -112.015566, 41.200108 ], [ -112.013125, 41.200877 ], [ -112.008651, 41.193278 ], [ -112.009186, 41.19216 ], [ -112.01101, 41.190342 ], [ -112.015382, 41.18581 ], [ -112.016103, 41.185345 ], [ -112.016635, 41.185015 ], [ -112.016669, 41.184984 ], [ -112.018418, 41.181746 ], [ -112.019021, 41.181033 ], [ -112.019523, 41.18028 ], [ -112.019848, 41.179723 ], [ -112.020083, 41.17925 ], [ -112.020367, 41.178537 ], [ -112.02062, 41.177705 ], [ -112.020771, 41.176945 ], [ -112.021011, 41.175065 ], [ -112.022273, 41.169721 ], [ -112.02638, 41.161784 ], [ -112.026381, 41.161738 ], [ -112.026431, 41.156376 ], [ -112.022929, 41.155541 ], [ -112.022719, 41.156423 ], [ -112.021852, 41.159977 ], [ -112.021581, 41.160842 ], [ -112.020785, 41.163197 ], [ -112.020272, 41.164743 ], [ -112.020172, 41.164978 ], [ -112.014014, 41.171267 ], [ -112.007172, 41.169065 ], [ -112.005763, 41.167605 ], [ -112.004983, 41.166957 ], [ -112.004297, 41.166454 ], [ -112.003004, 41.165704 ], [ -111.997089, 41.160569 ], [ -111.996476, 41.159705 ], [ -111.995473, 41.158491 ], [ -111.994362, 41.15738 ], [ -111.991816, 41.159926 ], [ -111.983892, 41.162526 ], [ -111.983606, 41.162651 ], [ -111.982798, 41.16318 ], [ -111.981998, 41.165509 ], [ -111.973341, 41.16549 ], [ -111.973239, 41.165399 ], [ -111.973202, 41.165367 ], [ -111.973123, 41.1653 ], [ -111.970443, 41.16266 ], [ -111.969006, 41.161391 ], [ -111.968379, 41.161387 ], [ -111.967899, 41.161683 ], [ -111.966844, 41.16261 ], [ -111.958218, 41.163906 ], [ -111.956198, 41.164518 ], [ -111.956188, 41.164532 ], [ -111.956172, 41.164552 ], [ -111.956147, 41.164587 ], [ -111.956816, 41.167222 ], [ -111.952779, 41.172181 ], [ -111.947961, 41.16897 ], [ -111.947695, 41.168646 ], [ -111.946536, 41.16857 ], [ -111.943435, 41.168719 ], [ -111.942365, 41.170056 ], [ -111.94145, 41.171723 ], [ -111.935851, 41.176388 ], [ -111.931872, 41.175215 ], [ -111.931672, 41.175235 ], [ -111.92983, 41.175766 ], [ -111.928066, 41.177582 ], [ -111.928081, 41.17769 ], [ -111.92825, 41.178248 ], [ -111.929489, 41.182908 ], [ -111.931785, 41.188834 ], [ -111.935166, 41.1943 ], [ -111.937644, 41.201433 ], [ -111.938253, 41.203515 ], [ -111.937783, 41.210275 ], [ -111.932704, 41.211232 ], [ -111.931875, 41.211764 ], [ -111.930748, 41.213184 ], [ -111.927981, 41.21841 ], [ -111.927256, 41.219874 ], [ -111.927324, 41.220925 ], [ -111.928018, 41.223841 ], [ -111.924666, 41.230228 ], [ -111.923542, 41.231628 ], [ -111.916716, 41.235266 ], [ -111.915931, 41.235388 ], [ -111.915171, 41.235599 ], [ -111.912541, 41.236111 ], [ -111.91177, 41.236215 ], [ -111.90901, 41.23654 ], [ -111.908628, 41.236644 ], [ -111.901186, 41.239048 ], [ -111.900729, 41.239217 ], [ -111.898355, 41.240203 ], [ -111.894233, 41.241731 ], [ -111.893869, 41.241848 ], [ -111.893313, 41.242067 ], [ -111.892699, 41.242395 ], [ -111.892328, 41.242687 ], [ -111.889548, 41.245294 ], [ -111.891666, 41.248206 ], [ -111.89724, 41.244999 ], [ -111.897999, 41.24464 ], [ -111.905245, 41.241926 ], [ -111.906775, 41.241518 ], [ -111.907372, 41.241331 ], [ -111.914394, 41.240078 ], [ -111.914858, 41.24002 ], [ -111.915479, 41.239787 ], [ -111.919672, 41.238666 ], [ -111.92073, 41.238685 ], [ -111.921591, 41.238646 ], [ -111.922138, 41.238659 ], [ -111.922582, 41.238642 ], [ -111.923059, 41.238579 ], [ -111.923507, 41.238466 ], [ -111.928667, 41.239405 ], [ -111.93031, 41.24439 ], [ -111.929564, 41.246441 ], [ -111.930859, 41.247361 ], [ -111.936552, 41.253841 ], [ -111.936732, 41.254467 ], [ -111.93703, 41.256242 ], [ -111.940879, 41.259829 ], [ -111.94308, 41.263389 ], [ -111.943463, 41.263793 ], [ -111.947408, 41.271565 ], [ -111.947331, 41.272129 ], [ -111.947338, 41.272952 ], [ -111.951101, 41.275776 ], [ -111.951147, 41.275777 ], [ -111.952574, 41.275035 ], [ -111.952608, 41.274988 ], [ -111.952872, 41.274384 ], [ -111.952882, 41.274339 ], [ -111.957398, 41.268205 ], [ -111.960997, 41.268295 ], [ -111.961332, 41.268304 ], [ -111.961555, 41.268307 ], [ -111.963154, 41.266581 ], [ -111.970578, 41.262989 ], [ -111.971847, 41.263317 ], [ -111.979608, 41.262447 ], [ -111.981347, 41.261972 ], [ -111.990034, 41.262517 ], [ -111.992483, 41.263298 ], [ -111.998957, 41.267114 ], [ -111.999022, 41.267111 ], [ -112.000661, 41.265338 ], [ -112.00723, 41.259998 ], [ -112.010751, 41.256534 ], [ -112.018355, 41.25598 ], [ -112.01987, 41.257636 ], [ -112.021251, 41.259127 ], [ -112.022528, 41.261483 ], [ -112.023421, 41.264498 ], [ -112.023534, 41.265382 ], [ -112.023775, 41.266457 ], [ -112.024274, 41.267613 ], [ -112.02774, 41.266638 ], [ -112.026942, 41.263802 ], [ -112.025987, 41.260484 ], [ -112.025718, 41.259717 ], [ -112.025303, 41.258803 ], [ -112.024809, 41.257925 ], [ -112.024174, 41.257025 ], [ -112.022525, 41.255205 ], [ -112.02101, 41.25355 ], [ -112.021804, 41.244982 ], [ -112.021809, 41.244797 ], [ -112.020363, 41.242948 ], [ -112.023719, 41.234704 ], [ -112.025147, 41.235058 ], [ -112.026034, 41.235238 ], [ -112.026776, 41.235463 ], [ -112.028103, 41.234438 ], [ -112.033242, 41.228714 ], [ -112.034491, 41.226858 ], [ -112.040084, 41.221511 ], [ -112.042481, 41.221519 ], [ -112.043085, 41.221596 ], [ -112.04488, 41.221527 ], [ -112.046685, 41.221593 ], [ -112.047031, 41.221532 ], [ -112.047039, 41.217932 ] ] ] } },
{ "type": "Feature", "properties": { "group_index": 0, "value": 600.0, "center": [ -111.97218286502316, 41.22277589681143 ], "point_id": 50 }, "geometry": { "type": "Polygon", "coordinates": [ [ [ -112.063473, 41.218007 ], [ -112.061146, 41.217997 ], [ -112.055676, 41.214289 ], [ -112.055712, 41.210689 ], [ -112.055591, 41.207027 ], [ -112.055805, 41.205942 ], [ -112.055808, 41.205221 ], [ -112.055618, 41.203427 ], [ -112.053784, 41.197859 ], [ -112.052848, 41.19614 ], [ -112.051335, 41.18886 ], [ -112.048187, 41.188275 ], [ -112.047109, 41.1885 ], [ -112.044108, 41.188848 ], [ -112.040707, 41.191135 ], [ -112.037971, 41.195507 ], [ -112.029539, 41.192973 ], [ -112.029003, 41.190944 ], [ -112.028301, 41.188914 ], [ -112.025931, 41.187817 ], [ -112.025882, 41.187816 ], [ -112.018541, 41.183429 ], [ -112.019523, 41.18028 ], [ -112.019848, 41.179723 ], [ -112.020083, 41.17925 ], [ -112.020367, 41.178537 ], [ -112.02062, 41.177705 ], [ -112.020771, 41.176945 ], [ -112.021011, 41.175065 ], [ -112.02645, 41.16916 ], [ -112.027011, 41.168558 ], [ -112.028065, 41.16747 ], [ -112.032467, 41.163475 ], [ -112.034165, 41.161716 ], [ -112.034165, 41.161674 ], [ -112.032448, 41.159875 ], [ -112.030326, 41.157843 ], [ -112.0274, 41.15123 ], [ -112.027393, 41.147356 ], [ -112.027385, 41.143481 ], [ -112.027379, 41.14072 ], [ -112.027374, 41.13796 ], [ -112.023774, 41.137967 ], [ -112.023779, 41.140728 ], [ -112.023785, 41.143488 ], [ -112.023793, 41.147363 ], [ -112.0238, 41.151237 ], [ -112.018874, 41.1579 ], [ -112.018797, 41.158094 ], [ -112.018659, 41.15868 ], [ -112.018627, 41.159247 ], [ -112.019956, 41.163805 ], [ -112.015791, 41.168758 ], [ -112.01456, 41.169207 ], [ -112.005763, 41.167605 ], [ -112.004983, 41.166957 ], [ -112.004297, 41.166454 ], [ -112.003004, 41.165704 ], [ -111.997089, 41.160569 ], [ -111.996476, 41.159705 ], [ -111.995473, 41.158491 ], [ -111.994219, 41.157248 ], [ -111.993043, 41.156274 ], [ -111.991856, 41.155406 ], [ -111.990785, 41.154731 ], [ -111.989919, 41.154225 ], [ -111.987767, 41.153205 ], [ -111.986494, 41.152726 ], [ -111.985292, 41.152321 ], [ -111.98325, 41.151785 ], [ -111.980822, 41.1513 ], [ -111.978458, 41.150829 ], [ -111.976377, 41.150332 ], [ -111.975542, 41.153834 ], [ -111.977623, 41.15433 ], [ -111.980116, 41.15483 ], [ -111.982544, 41.155315 ], [ -111.984372, 41.155802 ], [ -111.985334, 41.156134 ], [ -111.986497, 41.156574 ], [ -111.988368, 41.157474 ], [ -111.988944, 41.157825 ], [ -111.989936, 41.158451 ], [ -111.990908, 41.159173 ], [ -111.991917, 41.160016 ], [ -111.992928, 41.161037 ], [ -111.993689, 41.161983 ], [ -111.994143, 41.162638 ], [ -111.995379, 41.164606 ], [ -111.995976, 41.165375 ], [ -111.996844, 41.166227 ], [ -111.997781, 41.166993 ], [ -111.998743, 41.16762 ], [ -111.999631, 41.168095 ], [ -112.001727, 41.175698 ], [ -111.995842, 41.178646 ], [ -111.995713, 41.178644 ], [ -111.988909, 41.174594 ], [ -111.985629, 41.170715 ], [ -111.98356, 41.168892 ], [ -111.983499, 41.168892 ], [ -111.983496, 41.168892 ], [ -111.983436, 41.168892 ], [ -111.975743, 41.170617 ], [ -111.97038, 41.167584 ], [ -111.969518, 41.166476 ], [ -111.968603, 41.165932 ], [ -111.968498, 41.16593 ], [ -111.96164, 41.168192 ], [ -111.96123, 41.16856 ], [ -111.961528, 41.17179 ], [ -111.95514, 41.177318 ], [ -111.949296, 41.174725 ], [ -111.949284, 41.174725 ], [ -111.94755, 41.176256 ], [ -111.945982, 41.177522 ], [ -111.940586, 41.180901 ], [ -111.935548, 41.182375 ], [ -111.934496, 41.182744 ], [ -111.934015, 41.182932 ], [ -111.932378, 41.184081 ], [ -111.933443, 41.189596 ], [ -111.93366, 41.190222 ], [ -111.935166, 41.1943 ], [ -111.937644, 41.201433 ], [ -111.938253, 41.203515 ], [ -111.937783, 41.210275 ], [ -111.932704, 41.211232 ], [ -111.931875, 41.211764 ], [ -111.930748, 41.213184 ], [ -111.927981, 41.21841 ], [ -111.927256, 41.219874 ], [ -111.927324, 41.220925 ], [ -111.928018, 41.223841 ], [ -111.924666, 41.230228 ], [ -111.923542, 41.231628 ], [ -111.916716, 41.235266 ], [ -111.915931, 41.235388 ], [ -111.915171, 41.235599 ], [ -111.912541, 41.236111 ], [ -111.91177, 41.236215 ], [ -111.90901, 41.23654 ], [ -111.908628, 41.236644 ], [ -111.901186, 41.239048 ], [ -111.900729, 41.239217 ], [ -111.898355, 41.240203 ], [ -111.893869, 41.241848 ], [ -111.893313, 41.242067 ], [ -111.892699, 41.242395 ], [ -111.892328, 41.242687 ], [ -111.891893, 41.243189 ], [ -111.891208, 41.244137 ], [ -111.893505, 41.246909 ], [ -111.89724, 41.244999 ], [ -111.897999, 41.24464 ], [ -111.905245, 41.241926 ], [ -111.906775, 41.241518 ], [ -111.907372, 41.241331 ], [ -111.914394, 41.240078 ], [ -111.914858, 41.24002 ], [ -111.915479, 41.239787 ], [ -111.92073, 41.238685 ], [ -111.921591, 41.238646 ], [ -111.922138, 41.238659 ], [ -111.922582, 41.238642 ], [ -111.923059, 41.238579 ], [ -111.923507, 41.238466 ], [ -111.928667, 41.239405 ], [ -111.93031, 41.24439 ], [ -111.929816, 41.246503 ], [ -111.930859, 41.247361 ], [ -111.936552, 41.253841 ], [ -111.936732, 41.254467 ], [ -111.93703, 41.256242 ], [ -111.940879, 41.259829 ], [ -111.944446, 41.263846 ], [ -111.947331, 41.272129 ], [ -111.947336, 41.272762 ], [ -111.949375, 41.274351 ], [ -111.952883, 41.273811 ], [ -111.959675, 41.270703 ], [ -111.960974, 41.270215 ], [ -111.968131, 41.268417 ], [ -111.970918, 41.269295 ], [ -111.971268, 41.269476 ], [ -111.97371, 41.270751 ], [ -111.975999, 41.272262 ], [ -111.97657, 41.272728 ], [ -111.976755, 41.27286 ], [ -111.979167, 41.272205 ], [ -111.979251, 41.272026 ], [ -111.979956, 41.270135 ], [ -111.98889, 41.269087 ], [ -111.990751, 41.270476 ], [ -111.997871, 41.274537 ], [ -112.00147, 41.274448 ], [ -112.004021, 41.273545 ], [ -112.009591, 41.269965 ], [ -112.010574, 41.2689 ], [ -112.010619, 41.268092 ], [ -112.012249, 41.261428 ], [ -112.01987, 41.257636 ], [ -112.021251, 41.259127 ], [ -112.021683, 41.25971 ], [ -112.022037, 41.260317 ], [ -112.022326, 41.260922 ], [ -112.022528, 41.261483 ], [ -112.021183, 41.267051 ], [ -112.021015, 41.267916 ], [ -112.021046, 41.268479 ], [ -112.021069, 41.268606 ], [ -112.024232, 41.276109 ], [ -112.02416, 41.279428 ], [ -112.024131, 41.281913 ], [ -112.024101, 41.284397 ], [ -112.024059, 41.287921 ], [ -112.027658, 41.287964 ], [ -112.027701, 41.28444 ], [ -112.02773, 41.281956 ], [ -112.02776, 41.279471 ], [ -112.030003, 41.271091 ], [ -112.030221, 41.267074 ], [ -112.02881, 41.265054 ], [ -112.025987, 41.260484 ], [ -112.026956, 41.252788 ], [ -112.033643, 41.247002 ], [ -112.033501, 41.243405 ], [ -112.039113, 41.236671 ], [ -112.041671, 41.23608 ], [ -112.044939, 41.233848 ], [ -112.046527, 41.232577 ], [ -112.046757, 41.231603 ], [ -112.047372, 41.229396 ], [ -112.046938, 41.228007 ], [ -112.051491, 41.221542 ], [ -112.053427, 41.221549 ], [ -112.055355, 41.221557 ], [ -112.058804, 41.221588 ], [ -112.061131, 41.221597 ], [ -112.063458, 41.221607 ], [ -112.063473, 41.218007 ] ] ] } },
{ "type": "Feature", "properties": { "group_index": 0, "value": 600.0, "center": [ -111.9650943, 41.2819908 ], "point_id": 51 }, "geometry": { "type": "Polygon", "coordinates": [ [ [ -112.042368, 41.292299 ], [ -112.042331, 41.291933 ], [ -112.042289, 41.291781 ], [ -112.041653, 41.290371 ], [ -112.040526, 41.290375 ], [ -112.037037, 41.290351 ], [ -112.036482, 41.290317 ], [ -112.036053, 41.290266 ], [ -112.035571, 41.290179 ], [ -112.033493, 41.290601 ], [ -112.027986, 41.285883 ], [ -112.029858, 41.281326 ], [ -112.029922, 41.281112 ], [ -112.031099, 41.278196 ], [ -112.031094, 41.277965 ], [ -112.029937, 41.274986 ], [ -112.028168, 41.273243 ], [ -112.028138, 41.273243 ], [ -112.026338, 41.274918 ], [ -112.026336, 41.275009 ], [ -112.023721, 41.281293 ], [ -112.015637, 41.279368 ], [ -112.01375, 41.277495 ], [ -112.015013, 41.269031 ], [ -112.015083, 41.265432 ], [ -112.010741, 41.260385 ], [ -112.008388, 41.256721 ], [ -112.008338, 41.256643 ], [ -112.006057, 41.253144 ], [ -112.005722, 41.252973 ], [ -111.998694, 41.249842 ], [ -111.996399, 41.247692 ], [ -111.994893, 41.246579 ], [ -111.994563, 41.246504 ], [ -111.9945, 41.246506 ], [ -111.98819, 41.248086 ], [ -111.980115, 41.245159 ], [ -111.979421, 41.244547 ], [ -111.978961, 41.244121 ], [ -111.974686, 41.239404 ], [ -111.973106, 41.238059 ], [ -111.970171, 41.235194 ], [ -111.970135, 41.235194 ], [ -111.96228, 41.230821 ], [ -111.961305, 41.229187 ], [ -111.960498, 41.229177 ], [ -111.955796, 41.229115 ], [ -111.948245, 41.226944 ], [ -111.948068, 41.226942 ], [ -111.94785, 41.22699 ], [ -111.947317, 41.227272 ], [ -111.946257, 41.228215 ], [ -111.945945, 41.228974 ], [ -111.945317, 41.230865 ], [ -111.945304, 41.231087 ], [ -111.945237, 41.232235 ], [ -111.939146, 41.23841 ], [ -111.938517, 41.238338 ], [ -111.937871, 41.23823 ], [ -111.935708, 41.237807 ], [ -111.932953, 41.237279 ], [ -111.931478, 41.236917 ], [ -111.930375, 41.240344 ], [ -111.934027, 41.24856 ], [ -111.934116, 41.248777 ], [ -111.936732, 41.254467 ], [ -111.940879, 41.259829 ], [ -111.94308, 41.26338 ], [ -111.944079, 41.264451 ], [ -111.944414, 41.264748 ], [ -111.948333, 41.270696 ], [ -111.948091, 41.278575 ], [ -111.947778, 41.279523 ], [ -111.947628, 41.280346 ], [ -111.944629, 41.288218 ], [ -111.940545, 41.294225 ], [ -111.940261, 41.29457 ], [ -111.940082, 41.294854 ], [ -111.937319, 41.298629 ], [ -111.930764, 41.30254 ], [ -111.930193, 41.303996 ], [ -111.930096, 41.304288 ], [ -111.930757, 41.308405 ], [ -111.931162, 41.309923 ], [ -111.931838, 41.310561 ], [ -111.932331, 41.310821 ], [ -111.93266, 41.310948 ], [ -111.936958, 41.311913 ], [ -111.939543, 41.31177 ], [ -111.945537, 41.316315 ], [ -111.946795, 41.317894 ], [ -111.947329, 41.317896 ], [ -111.949137, 41.316312 ], [ -111.950384, 41.314635 ], [ -111.957081, 41.311169 ], [ -111.965362, 41.314018 ], [ -111.967185, 41.314909 ], [ -111.967683, 41.315187 ], [ -111.968281, 41.315535 ], [ -111.971066, 41.315506 ], [ -111.972874, 41.31476 ], [ -111.979914, 41.31369 ], [ -111.982331, 41.314589 ], [ -111.983883, 41.314696 ], [ -111.991304, 41.315883 ], [ -111.993711, 41.314592 ], [ -112.002167, 41.314478 ], [ -112.00297, 41.314486 ], [ -112.009408, 41.314496 ], [ -112.010338, 41.314526 ], [ -112.010596, 41.314486 ], [ -112.017132, 41.308912 ], [ -112.021332, 41.306082 ], [ -112.02952, 41.302619 ], [ -112.029522, 41.301863 ], [ -112.029527, 41.297991 ], [ -112.036279, 41.293912 ], [ -112.037012, 41.293951 ], [ -112.04054, 41.293975 ], [ -112.041668, 41.29397 ], [ -112.042373, 41.292572 ], [ -112.042368, 41.292299 ] ] ] } },
{ "type": "Feature", "properties": { "group_index": 0, "value": 600.0, "center": [ -112.01823581956472, 40.51756794729619 ], "point_id": 52 }, "geometry": { "type": "Polygon", "coordinates": [ [ [ -112.094565, 40.513953 ], [ -112.093777, 40.512912 ], [ -112.093382, 40.51246 ], [ -112.092966, 40.512102 ], [ -112.09235, 40.511789 ], [ -112.085117, 40.511489 ], [ -112.084092, 40.511214 ], [ -112.083143, 40.51099 ], [ -112.082654, 40.510909 ], [ -112.081759, 40.510812 ], [ -112.081173, 40.510807 ], [ -112.080143, 40.510888 ], [ -112.079195, 40.510978 ], [ -112.074831, 40.510196 ], [ -112.071694, 40.502548 ], [ -112.071653, 40.497285 ], [ -112.071635, 40.494177 ], [ -112.072431, 40.485315 ], [ -112.072947, 40.485142 ], [ -112.073375, 40.484928 ], [ -112.073729, 40.484705 ], [ -112.074276, 40.484208 ], [ -112.074595, 40.483769 ], [ -112.075087, 40.482926 ], [ -112.075289, 40.482363 ], [ -112.07544, 40.481612 ], [ -112.075461, 40.481066 ], [ -112.071864, 40.480924 ], [ -112.06906, 40.482528 ], [ -112.066331, 40.483969 ], [ -112.058544, 40.485244 ], [ -112.049754, 40.48428 ], [ -112.048312, 40.484104 ], [ -112.046762, 40.484288 ], [ -112.046303, 40.484554 ], [ -112.045949, 40.484827 ], [ -112.045472, 40.486427 ], [ -112.037001, 40.488748 ], [ -112.033914, 40.487269 ], [ -112.030898, 40.486822 ], [ -112.022283, 40.484787 ], [ -112.021166, 40.483369 ], [ -112.019864, 40.479026 ], [ -112.01942, 40.478546 ], [ -112.014663, 40.476761 ], [ -112.014115, 40.476828 ], [ -112.005631, 40.476787 ], [ -112.004141, 40.476178 ], [ -112.002427, 40.476157 ], [ -112.000798, 40.476176 ], [ -112.000229, 40.47621 ], [ -111.99978, 40.476348 ], [ -111.999484, 40.476486 ], [ -111.99505, 40.479321 ], [ -111.988477, 40.479127 ], [ -111.986005, 40.477666 ], [ -111.983546, 40.476212 ], [ -111.980658, 40.474471 ], [ -111.978652, 40.473295 ], [ -111.976199, 40.471887 ], [ -111.974559, 40.471053 ], [ -111.972332, 40.469992 ], [ -111.968173, 40.468051 ], [ -111.9663, 40.467128 ], [ -111.964647, 40.466295 ], [ -111.962958, 40.465445 ], [ -111.955925, 40.461639 ], [ -111.953822, 40.464561 ], [ -111.954667, 40.465169 ], [ -111.955988, 40.466 ], [ -111.956723, 40.466409 ], [ -111.958155, 40.467145 ], [ -111.961412, 40.468696 ], [ -111.963027, 40.46951 ], [ -111.964679, 40.470343 ], [ -111.966582, 40.471281 ], [ -111.970714, 40.478684 ], [ -111.970715, 40.478705 ], [ -111.97231, 40.480451 ], [ -111.972324, 40.487784 ], [ -111.971415, 40.489578 ], [ -111.966545, 40.49513 ], [ -111.960357, 40.490457 ], [ -111.958229, 40.488519 ], [ -111.958056, 40.488519 ], [ -111.957297, 40.488793 ], [ -111.955966, 40.489792 ], [ -111.953247, 40.49479 ], [ -111.946342, 40.498792 ], [ -111.940252, 40.496841 ], [ -111.940035, 40.496718 ], [ -111.938503, 40.496581 ], [ -111.938483, 40.496581 ], [ -111.929708, 40.495651 ], [ -111.928843, 40.495383 ], [ -111.927738, 40.49514 ], [ -111.926952, 40.495026 ], [ -111.925841, 40.494929 ], [ -111.922984, 40.494932 ], [ -111.922987, 40.498532 ], [ -111.931509, 40.500591 ], [ -111.932054, 40.500893 ], [ -111.93282, 40.501259 ], [ -111.93679, 40.503267 ], [ -111.940385, 40.50346 ], [ -111.942925, 40.502814 ], [ -111.948648, 40.507741 ], [ -111.950051, 40.509575 ], [ -111.950425, 40.509581 ], [ -111.955905, 40.513018 ], [ -111.954941, 40.520548 ], [ -111.953948, 40.522359 ], [ -111.953839, 40.522675 ], [ -111.953844, 40.522996 ], [ -111.95595, 40.52528 ], [ -111.957739, 40.526707 ], [ -111.95788, 40.526708 ], [ -111.965714, 40.527936 ], [ -111.965533, 40.535943 ], [ -111.965472, 40.536041 ], [ -111.965262, 40.53684 ], [ -111.965262, 40.536901 ], [ -111.966805, 40.538695 ], [ -111.97078, 40.539557 ], [ -111.974993, 40.542615 ], [ -111.976943, 40.546876 ], [ -111.975959, 40.553035 ], [ -111.975561, 40.55406 ], [ -111.975368, 40.554745 ], [ -111.975224, 40.555674 ], [ -111.975197, 40.556446 ], [ -111.975148, 40.557673 ], [ -111.975144, 40.561235 ], [ -111.975332, 40.565705 ], [ -111.978921, 40.565989 ], [ -111.979063, 40.564191 ], [ -111.9791, 40.563296 ], [ -111.979116, 40.562083 ], [ -111.979114, 40.560718 ], [ -111.986253, 40.555465 ], [ -111.98632, 40.555465 ], [ -111.994155, 40.553157 ], [ -111.995335, 40.55361 ], [ -111.997778, 40.555322 ], [ -111.999017, 40.561908 ], [ -111.999017, 40.562121 ], [ -111.999699, 40.563795 ], [ -111.999757, 40.563815 ], [ -112.004944, 40.565206 ], [ -112.005128, 40.565206 ], [ -112.010289, 40.564266 ], [ -112.0131, 40.564041 ], [ -112.016832, 40.565279 ], [ -112.018825, 40.572585 ], [ -112.01881, 40.57508 ], [ -112.019109, 40.575435 ], [ -112.020414, 40.575816 ], [ -112.020982, 40.575536 ], [ -112.025062, 40.57348 ], [ -112.03013, 40.579828 ], [ -112.028279, 40.581978 ], [ -112.026827, 40.583895 ], [ -112.02645, 40.584622 ], [ -112.026167, 40.585456 ], [ -112.02601, 40.586518 ], [ -112.026024, 40.587714 ], [ -112.026023, 40.587883 ], [ -112.027741, 40.589524 ], [ -112.027834, 40.589523 ], [ -112.029623, 40.587902 ], [ -112.033719, 40.581011 ], [ -112.034106, 40.580377 ], [ -112.034517, 40.5796 ], [ -112.034822, 40.57891 ], [ -112.035094, 40.578197 ], [ -112.035385, 40.577202 ], [ -112.035526, 40.576602 ], [ -112.042099, 40.570455 ], [ -112.047387, 40.567794 ], [ -112.048731, 40.565926 ], [ -112.048716, 40.565794 ], [ -112.048072, 40.565046 ], [ -112.047389, 40.564194 ], [ -112.046928, 40.564194 ], [ -112.041316, 40.56083 ], [ -112.042803, 40.552554 ], [ -112.046629, 40.551148 ], [ -112.052218, 40.549855 ], [ -112.054166, 40.549954 ], [ -112.055632, 40.54767 ], [ -112.056112, 40.547032 ], [ -112.057762, 40.544226 ], [ -112.057828, 40.543951 ], [ -112.065034, 40.5389 ], [ -112.06741, 40.53891 ], [ -112.070715, 40.539334 ], [ -112.071203, 40.538788 ], [ -112.070142, 40.535673 ], [ -112.069622, 40.535439 ], [ -112.069132, 40.535287 ], [ -112.068593, 40.535194 ], [ -112.068111, 40.535164 ], [ -112.065352, 40.535164 ], [ -112.062667, 40.535165 ], [ -112.058497, 40.532756 ], [ -112.059087, 40.524577 ], [ -112.061091, 40.523947 ], [ -112.063887, 40.523951 ], [ -112.066516, 40.523948 ], [ -112.067435, 40.524001 ], [ -112.067938, 40.523872 ], [ -112.068011, 40.52385 ], [ -112.068342, 40.523645 ], [ -112.068959, 40.52294 ], [ -112.069174, 40.521885 ], [ -112.069166, 40.521803 ], [ -112.067403, 40.520345 ], [ -112.072042, 40.51309 ], [ -112.074238, 40.514075 ], [ -112.074775, 40.514338 ], [ -112.075244, 40.514477 ], [ -112.076091, 40.514633 ], [ -112.076599, 40.514699 ], [ -112.077119, 40.514736 ], [ -112.078062, 40.514735 ], [ -112.078386, 40.514708 ], [ -112.079535, 40.514562 ], [ -112.080442, 40.514476 ], [ -112.08316, 40.514691 ], [ -112.084143, 40.514955 ], [ -112.085954, 40.51546 ], [ -112.090733, 40.522367 ], [ -112.094116, 40.523597 ], [ -112.096672, 40.517176 ], [ -112.094565, 40.513953 ] ] ] } },
{ "type": "Feature", "properties": { "group_index": 0, "value": 600.0, "center": [ -111.92352819786632, 40.5196072924246 ], "point_id": 53 }, "geometry": { "type": "Polygon", "coordinates": [ [ [ -112.002696, 40.508117 ], [ -112.002534, 40.506222 ], [ -112.002378, 40.506223 ], [ -111.998625, 40.505988 ], [ -111.995274, 40.505987 ], [ -111.990084, 40.503806 ], [ -111.988052, 40.500408 ], [ -111.986397, 40.498694 ], [ -111.986257, 40.498693 ], [ -111.986246, 40.498693 ], [ -111.986107, 40.498694 ], [ -111.979721, 40.498735 ], [ -111.977224, 40.49712 ], [ -111.976754, 40.49712 ], [ -111.970376, 40.491392 ], [ -111.971407, 40.489653 ], [ -111.971412, 40.489483 ], [ -111.970337, 40.487792 ], [ -111.967308, 40.485543 ], [ -111.96729, 40.485543 ], [ -111.961021, 40.483763 ], [ -111.959846, 40.47933 ], [ -111.959698, 40.478672 ], [ -111.95796, 40.476897 ], [ -111.957893, 40.476897 ], [ -111.957893, 40.476897 ], [ -111.957825, 40.476897 ], [ -111.956098, 40.478651 ], [ -111.947459, 40.477322 ], [ -111.947023, 40.47601 ], [ -111.946354, 40.475266 ], [ -111.946049, 40.475199 ], [ -111.943522, 40.476126 ], [ -111.940726, 40.478395 ], [ -111.935323, 40.483375 ], [ -111.930816, 40.483811 ], [ -111.925154, 40.484487 ], [ -111.925029, 40.488085 ], [ -111.919585, 40.494925 ], [ -111.917498, 40.494958 ], [ -111.915324, 40.494972 ], [ -111.914539, 40.495034 ], [ -111.913498, 40.495174 ], [ -111.913005, 40.495275 ], [ -111.912173, 40.49553 ], [ -111.911499, 40.495765 ], [ -111.910856, 40.496033 ], [ -111.91026, 40.496275 ], [ -111.907312, 40.496955 ], [ -111.905518, 40.496881 ], [ -111.903827, 40.497024 ], [ -111.900961, 40.498879 ], [ -111.893449, 40.494678 ], [ -111.894887, 40.490698 ], [ -111.897442, 40.488388 ], [ -111.89819, 40.487756 ], [ -111.899861, 40.485776 ], [ -111.897304, 40.483242 ], [ -111.892418, 40.488079 ], [ -111.891583, 40.488907 ], [ -111.891052, 40.489512 ], [ -111.89073, 40.489932 ], [ -111.8904, 40.490448 ], [ -111.89009, 40.491063 ], [ -111.889846, 40.491658 ], [ -111.889667, 40.492291 ], [ -111.88954, 40.492941 ], [ -111.889487, 40.493562 ], [ -111.889483, 40.49403 ], [ -111.887894, 40.502333 ], [ -111.886302, 40.505562 ], [ -111.881469, 40.512672 ], [ -111.880082, 40.513103 ], [ -111.88007, 40.513145 ], [ -111.879431, 40.515474 ], [ -111.877236, 40.520043 ], [ -111.871016, 40.523292 ], [ -111.869406, 40.524808 ], [ -111.869406, 40.525095 ], [ -111.869406, 40.525096 ], [ -111.869407, 40.525287 ], [ -111.870977, 40.526892 ], [ -111.87543, 40.530655 ], [ -111.879802, 40.533928 ], [ -111.881383, 40.535718 ], [ -111.884914, 40.543959 ], [ -111.884887, 40.544145 ], [ -111.885836, 40.54612 ], [ -111.889114, 40.547853 ], [ -111.890354, 40.549097 ], [ -111.892939, 40.555354 ], [ -111.891207, 40.558148 ], [ -111.891209, 40.558423 ], [ -111.891173, 40.559638 ], [ -111.891173, 40.559698 ], [ -111.892939, 40.561436 ], [ -111.89767, 40.566836 ], [ -111.897993, 40.57007 ], [ -111.898117, 40.571861 ], [ -111.898139, 40.573493 ], [ -111.901739, 40.573443 ], [ -111.901716, 40.571811 ], [ -111.901584, 40.569826 ], [ -111.901252, 40.566471 ], [ -111.907702, 40.560637 ], [ -111.910143, 40.560802 ], [ -111.916488, 40.565231 ], [ -111.917415, 40.566607 ], [ -111.921398, 40.572416 ], [ -111.922101, 40.574203 ], [ -111.927377, 40.577296 ], [ -111.929182, 40.578563 ], [ -111.929691, 40.578564 ], [ -111.934695, 40.574928 ], [ -111.938753, 40.570029 ], [ -111.940478, 40.568411 ], [ -111.94686, 40.564124 ], [ -111.947953, 40.562468 ], [ -111.950007, 40.558739 ], [ -111.957743, 40.557301 ], [ -111.957777, 40.557301 ], [ -111.959574, 40.555539 ], [ -111.960801, 40.552286 ], [ -111.966991, 40.549425 ], [ -111.967214, 40.549319 ], [ -111.967275, 40.549281 ], [ -111.973334, 40.545936 ], [ -111.974465, 40.544146 ], [ -111.981629, 40.538712 ], [ -111.985891, 40.534271 ], [ -111.985891, 40.531625 ], [ -111.98589, 40.529065 ], [ -111.988, 40.522853 ], [ -111.988004, 40.522575 ], [ -111.98917, 40.516428 ], [ -111.995152, 40.513249 ], [ -111.998871, 40.5117 ], [ -112.002539, 40.509822 ], [ -112.002696, 40.508117 ] ] ] } },
{ "type": "Feature", "properties": { "group_index": 0, "value": 600.0, "center": [ -111.861195, 40.7222603 ], "point_id": 54 }, "geometry": { "type": "Polygon", "coordinates": [ [ [ -111.951079, 40.763742 ], [ -111.948748, 40.763883 ], [ -111.946417, 40.764023 ], [ -111.94371, 40.764193 ], [ -111.941006, 40.764362 ], [ -111.939491, 40.764445 ], [ -111.937571, 40.764396 ], [ -111.935261, 40.764102 ], [ -111.9351, 40.764074 ], [ -111.929204, 40.76492 ], [ -111.923894, 40.76286 ], [ -111.921414, 40.760343 ], [ -111.91863, 40.754642 ], [ -111.916825, 40.752894 ], [ -111.914205, 40.744465 ], [ -111.916752, 40.742311 ], [ -111.919062, 40.735314 ], [ -111.920304, 40.733667 ], [ -111.926527, 40.727725 ], [ -111.932999, 40.726164 ], [ -111.938904, 40.728293 ], [ -111.938945, 40.728292 ], [ -111.946977, 40.726582 ], [ -111.953565, 40.728486 ], [ -111.959932, 40.727709 ], [ -111.960229, 40.727688 ], [ -111.960249, 40.724088 ], [ -111.959417, 40.724083 ], [ -111.950631, 40.723497 ], [ -111.947518, 40.723023 ], [ -111.94559, 40.722704 ], [ -111.945143, 40.72263 ], [ -111.943698, 40.722451 ], [ -111.942669, 40.722364 ], [ -111.941582, 40.722316 ], [ -111.936812, 40.721925 ], [ -111.936265, 40.721991 ], [ -111.932126, 40.722503 ], [ -111.92851, 40.72257 ], [ -111.92192, 40.717747 ], [ -111.919405, 40.712957 ], [ -111.918754, 40.712306 ], [ -111.916863, 40.710821 ], [ -111.916802, 40.710827 ], [ -111.915201, 40.712887 ], [ -111.906946, 40.709636 ], [ -111.906922, 40.70929 ], [ -111.911476, 40.701528 ], [ -111.912548, 40.701383 ], [ -111.913462, 40.701301 ], [ -111.913819, 40.701286 ], [ -111.915281, 40.701279 ], [ -111.915265, 40.697679 ], [ -111.913803, 40.697686 ], [ -111.913322, 40.697703 ], [ -111.912234, 40.697797 ], [ -111.907295, 40.696138 ], [ -111.905299, 40.691005 ], [ -111.905264, 40.690062 ], [ -111.904998, 40.687675 ], [ -111.904733, 40.685289 ], [ -111.904467, 40.682902 ], [ -111.904211, 40.680642 ], [ -111.904198, 40.680483 ], [ -111.904112, 40.678213 ], [ -111.904021, 40.675708 ], [ -111.903416, 40.67077 ], [ -111.899816, 40.670757 ], [ -111.899809, 40.672582 ], [ -111.899829, 40.674101 ], [ -111.900204, 40.677424 ], [ -111.900418, 40.679324 ], [ -111.900614, 40.680788 ], [ -111.900627, 40.680946 ], [ -111.900889, 40.6833 ], [ -111.894257, 40.687706 ], [ -111.891242, 40.685566 ], [ -111.891117, 40.685439 ], [ -111.88847, 40.684414 ], [ -111.882926, 40.681127 ], [ -111.878796, 40.674321 ], [ -111.877412, 40.672612 ], [ -111.872202, 40.670176 ], [ -111.872111, 40.670184 ], [ -111.870847, 40.670404 ], [ -111.865575, 40.671665 ], [ -111.86128, 40.672504 ], [ -111.855967, 40.67025 ], [ -111.85428, 40.668531 ], [ -111.854171, 40.668531 ], [ -111.84868, 40.672488 ], [ -111.841896, 40.674419 ], [ -111.841386, 40.67492 ], [ -111.838674, 40.677169 ], [ -111.837637, 40.678446 ], [ -111.837212, 40.680274 ], [ -111.828685, 40.680707 ], [ -111.828434, 40.68034 ], [ -111.826317, 40.678981 ], [ -111.824438, 40.677545 ], [ -111.824294, 40.677551 ], [ -111.822717, 40.678977 ], [ -111.820315, 40.680354 ], [ -111.814423, 40.675369 ], [ -111.814732, 40.673485 ], [ -111.81434, 40.673469 ], [ -111.807482, 40.6677 ], [ -111.807533, 40.665983 ], [ -111.807636, 40.664667 ], [ -111.807666, 40.6634 ], [ -111.807915, 40.661664 ], [ -111.808513, 40.659041 ], [ -111.80937, 40.655681 ], [ -111.809688, 40.653999 ], [ -111.809895, 40.65265 ], [ -111.809985, 40.651317 ], [ -111.810009, 40.649824 ], [ -111.806409, 40.649767 ], [ -111.805833, 40.65501 ], [ -111.805025, 40.658147 ], [ -111.804405, 40.660863 ], [ -111.804104, 40.662878 ], [ -111.802939, 40.667245 ], [ -111.796222, 40.670841 ], [ -111.794685, 40.671638 ], [ -111.794376, 40.672043 ], [ -111.789907, 40.678466 ], [ -111.78864, 40.679745 ], [ -111.78864, 40.680273 ], [ -111.788573, 40.684023 ], [ -111.788551, 40.684377 ], [ -111.788563, 40.684581 ], [ -111.789103, 40.68739 ], [ -111.786668, 40.694681 ], [ -111.786667, 40.6954 ], [ -111.788259, 40.702291 ], [ -111.788391, 40.702496 ], [ -111.787449, 40.711032 ], [ -111.786196, 40.71177 ], [ -111.784857, 40.712617 ], [ -111.784027, 40.713228 ], [ -111.78346, 40.713763 ], [ -111.777239, 40.718782 ], [ -111.774271, 40.720776 ], [ -111.772417, 40.721934 ], [ -111.768211, 40.724108 ], [ -111.76769, 40.724381 ], [ -111.761611, 40.727591 ], [ -111.760663, 40.728013 ], [ -111.753635, 40.730721 ], [ -111.749943, 40.731378 ], [ -111.748859, 40.731627 ], [ -111.748132, 40.731879 ], [ -111.74755, 40.73215 ], [ -111.746973, 40.732485 ], [ -111.746607, 40.732767 ], [ -111.742686, 40.735807 ], [ -111.742045, 40.736378 ], [ -111.735057, 40.740586 ], [ -111.735367, 40.744173 ], [ -111.737889, 40.743954 ], [ -111.738921, 40.743869 ], [ -111.739655, 40.743762 ], [ -111.740138, 40.74366 ], [ -111.740612, 40.743525 ], [ -111.741164, 40.74333 ], [ -111.741738, 40.743065 ], [ -111.742335, 40.742696 ], [ -111.743068, 40.742104 ], [ -111.743561, 40.741573 ], [ -111.743884, 40.741138 ], [ -111.746996, 40.737444 ], [ -111.752901, 40.734672 ], [ -111.756176, 40.73394 ], [ -111.75702, 40.733832 ], [ -111.75776, 40.733687 ], [ -111.759117, 40.733232 ], [ -111.759511, 40.733058 ], [ -111.766429, 40.729848 ], [ -111.766935, 40.729606 ], [ -111.773955, 40.726076 ], [ -111.775482, 40.72476 ], [ -111.782183, 40.721108 ], [ -111.782751, 40.720864 ], [ -111.783395, 40.720489 ], [ -111.784505, 40.719647 ], [ -111.784948, 40.719145 ], [ -111.785462, 40.718285 ], [ -111.79295, 40.713706 ], [ -111.793349, 40.713673 ], [ -111.794051, 40.713571 ], [ -111.794487, 40.713479 ], [ -111.801641, 40.714061 ], [ -111.805922, 40.719702 ], [ -111.806587, 40.722065 ], [ -111.810299, 40.727047 ], [ -111.810789, 40.727609 ], [ -111.813189, 40.729428 ], [ -111.817967, 40.733579 ], [ -111.819246, 40.73408 ], [ -111.823236, 40.73608 ], [ -111.826323, 40.741745 ], [ -111.828059, 40.74346 ], [ -111.83053, 40.745715 ], [ -111.836008, 40.748682 ], [ -111.841072, 40.752587 ], [ -111.841271, 40.752742 ], [ -111.843515, 40.753784 ], [ -111.849246, 40.756012 ], [ -111.851752, 40.759214 ], [ -111.852225, 40.759721 ], [ -111.852851, 40.76018 ], [ -111.853821, 40.760375 ], [ -111.853973, 40.760374 ], [ -111.860671, 40.763106 ], [ -111.861804, 40.764951 ], [ -111.862003, 40.765286 ], [ -111.862737, 40.766745 ], [ -111.864882, 40.768335 ], [ -111.865347, 40.768485 ], [ -111.865708, 40.768481 ], [ -111.871102, 40.766801 ], [ -111.872753, 40.765467 ], [ -111.87638, 40.762561 ], [ -111.87933, 40.760287 ], [ -111.880027, 40.758875 ], [ -111.882237, 40.755925 ], [ -111.890374, 40.756366 ], [ -111.891729, 40.758099 ], [ -111.893932, 40.759747 ], [ -111.8972, 40.762379 ], [ -111.9012, 40.764557 ], [ -111.902291, 40.765294 ], [ -111.902398, 40.765296 ], [ -111.90848, 40.771648 ], [ -111.908346, 40.772568 ], [ -111.908312, 40.77358 ], [ -111.908434, 40.776492 ], [ -111.90833, 40.777744 ], [ -111.908207, 40.780848 ], [ -111.908201, 40.780969 ], [ -111.90834, 40.784112 ], [ -111.912818, 40.789526 ], [ -111.914154, 40.791997 ], [ -111.917465, 40.790584 ], [ -111.917106, 40.789741 ], [ -111.916504, 40.788649 ], [ -111.915884, 40.787639 ], [ -111.914198, 40.785123 ], [ -111.912105, 40.779019 ], [ -111.912021, 40.776796 ], [ -111.912026, 40.776585 ], [ -111.911908, 40.773404 ], [ -111.917463, 40.768382 ], [ -111.923874, 40.766459 ], [ -111.929719, 40.765004 ], [ -111.934478, 40.767616 ], [ -111.93571, 40.767888 ], [ -111.9391, 40.769029 ], [ -111.939232, 40.769028 ], [ -111.942774, 40.768149 ], [ -111.946634, 40.767617 ], [ -111.948965, 40.767476 ], [ -111.951296, 40.767335 ], [ -111.951079, 40.763742 ] ] ] } },
{ "type": "Feature", "properties": { "group_index": 0, "value": 600.0, "center": [ -111.8733273, 40.4904822 ], "point_id": 55 }, "geometry": { "type": "Polygon", "coordinates": [ [ [ -111.943034, 40.499115 ], [ -111.942179, 40.499108 ], [ -111.941287, 40.499081 ], [ -111.939496, 40.49899 ], [ -111.93722, 40.498875 ], [ -111.936946, 40.498847 ], [ -111.935996, 40.498693 ], [ -111.935438, 40.498559 ], [ -111.934791, 40.498358 ], [ -111.934076, 40.498078 ], [ -111.933592, 40.497832 ], [ -111.934671, 40.488916 ], [ -111.936225, 40.488159 ], [ -111.936192, 40.487038 ], [ -111.935991, 40.484567 ], [ -111.935699, 40.484586 ], [ -111.930047, 40.48303 ], [ -111.930579, 40.474238 ], [ -111.930654, 40.474112 ], [ -111.930915, 40.469481 ], [ -111.936863, 40.464946 ], [ -111.936529, 40.461361 ], [ -111.935916, 40.461418 ], [ -111.935197, 40.461536 ], [ -111.933777, 40.461844 ], [ -111.930991, 40.462493 ], [ -111.93041, 40.462726 ], [ -111.929767, 40.463078 ], [ -111.929196, 40.463471 ], [ -111.928895, 40.463712 ], [ -111.928601, 40.463995 ], [ -111.925498, 40.465968 ], [ -111.922762, 40.467892 ], [ -111.91648, 40.462097 ], [ -111.916588, 40.461519 ], [ -111.916825, 40.459694 ], [ -111.916852, 40.459152 ], [ -111.91682, 40.458347 ], [ -111.916727, 40.457715 ], [ -111.916403, 40.455905 ], [ -111.916084, 40.45413 ], [ -111.915756, 40.45208 ], [ -111.915469, 40.450727 ], [ -111.915338, 40.450373 ], [ -111.914883, 40.449347 ], [ -111.91448, 40.448631 ], [ -111.913819, 40.447577 ], [ -111.913218, 40.446793 ], [ -111.912567, 40.446126 ], [ -111.911909, 40.445541 ], [ -111.910177, 40.444195 ], [ -111.904869, 40.441257 ], [ -111.902656, 40.439708 ], [ -111.901484, 40.438892 ], [ -111.897712, 40.431393 ], [ -111.897684, 40.431053 ], [ -111.897682, 40.431033 ], [ -111.897651, 40.430693 ], [ -111.896033, 40.429393 ], [ -111.889895, 40.425876 ], [ -111.888223, 40.424175 ], [ -111.888071, 40.424046 ], [ -111.88064, 40.419582 ], [ -111.878545, 40.417776 ], [ -111.874683, 40.414901 ], [ -111.873524, 40.414007 ], [ -111.871325, 40.416857 ], [ -111.874598, 40.419635 ], [ -111.875843, 40.420742 ], [ -111.877156, 40.421812 ], [ -111.878033, 40.422481 ], [ -111.880345, 40.424358 ], [ -111.882068, 40.42589 ], [ -111.883775, 40.427337 ], [ -111.888302, 40.433218 ], [ -111.891769, 40.434644 ], [ -111.893729, 40.436666 ], [ -111.894766, 40.437663 ], [ -111.892962, 40.445794 ], [ -111.892906, 40.445823 ], [ -111.891872, 40.447957 ], [ -111.892991, 40.450872 ], [ -111.893214, 40.451106 ], [ -111.89363, 40.45145 ], [ -111.895633, 40.451809 ], [ -111.896174, 40.451917 ], [ -111.903437, 40.453969 ], [ -111.904842, 40.453647 ], [ -111.905584, 40.453491 ], [ -111.912225, 40.459388 ], [ -111.912134, 40.460255 ], [ -111.912013, 40.460941 ], [ -111.911718, 40.462034 ], [ -111.911527, 40.462629 ], [ -111.911071, 40.463662 ], [ -111.910292, 40.464988 ], [ -111.907257, 40.467401 ], [ -111.905895, 40.46918 ], [ -111.904074, 40.472572 ], [ -111.903686, 40.473117 ], [ -111.903436, 40.473558 ], [ -111.902699, 40.475198 ], [ -111.902374, 40.475789 ], [ -111.900903, 40.4778 ], [ -111.895019, 40.479371 ], [ -111.89141, 40.473375 ], [ -111.890451, 40.473921 ], [ -111.88875, 40.4749 ], [ -111.885031, 40.477009 ], [ -111.876261, 40.478721 ], [ -111.875614, 40.479122 ], [ -111.875056, 40.479642 ], [ -111.867605, 40.482216 ], [ -111.864809, 40.479948 ], [ -111.857771, 40.482666 ], [ -111.855058, 40.482634 ], [ -111.847643, 40.479725 ], [ -111.84713, 40.479437 ], [ -111.846492, 40.479185 ], [ -111.845835, 40.47897 ], [ -111.845365, 40.478862 ], [ -111.840411, 40.47647 ], [ -111.837606, 40.47338 ], [ -111.836636, 40.473054 ], [ -111.836371, 40.473084 ], [ -111.835682, 40.473161 ], [ -111.834281, 40.47476 ], [ -111.826216, 40.477545 ], [ -111.825624, 40.477273 ], [ -111.825034, 40.477028 ], [ -111.824835, 40.476936 ], [ -111.822842, 40.477576 ], [ -111.822841, 40.477577 ], [ -111.823322, 40.480203 ], [ -111.826126, 40.482285 ], [ -111.828583, 40.484271 ], [ -111.829759, 40.484389 ], [ -111.833252, 40.485261 ], [ -111.835439, 40.485067 ], [ -111.836489, 40.485282 ], [ -111.838986, 40.493534 ], [ -111.837657, 40.499007 ], [ -111.838122, 40.5073 ], [ -111.838124, 40.507852 ], [ -111.838258, 40.508534 ], [ -111.836973, 40.517047 ], [ -111.832522, 40.52279 ], [ -111.829467, 40.525207 ], [ -111.829064, 40.525542 ], [ -111.828493, 40.526259 ], [ -111.828059, 40.526915 ], [ -111.828543, 40.529475 ], [ -111.829655, 40.533755 ], [ -111.830139, 40.534075 ], [ -111.830197, 40.534111 ], [ -111.831102, 40.534588 ], [ -111.831318, 40.534651 ], [ -111.831866, 40.534357 ], [ -111.832337, 40.53391 ], [ -111.835384, 40.53142 ], [ -111.842043, 40.536568 ], [ -111.843256, 40.538697 ], [ -111.847362, 40.541146 ], [ -111.851651, 40.543961 ], [ -111.855251, 40.54396 ], [ -111.857329, 40.540932 ], [ -111.864548, 40.535986 ], [ -111.865253, 40.534342 ], [ -111.871691, 40.529636 ], [ -111.875795, 40.530641 ], [ -111.879802, 40.533928 ], [ -111.881386, 40.535706 ], [ -111.88333, 40.537239 ], [ -111.885532, 40.543872 ], [ -111.885523, 40.544281 ], [ -111.886759, 40.546122 ], [ -111.8899, 40.54783 ], [ -111.89306, 40.555779 ], [ -111.892149, 40.557324 ], [ -111.891207, 40.558461 ], [ -111.891196, 40.558764 ], [ -111.892532, 40.560617 ], [ -111.893443, 40.56144 ], [ -111.89767, 40.566836 ], [ -111.897993, 40.57007 ], [ -111.898117, 40.571861 ], [ -111.89813, 40.572858 ], [ -111.90173, 40.572808 ], [ -111.901716, 40.571811 ], [ -111.901584, 40.569826 ], [ -111.901252, 40.566471 ], [ -111.902687, 40.56079 ], [ -111.902521, 40.557194 ], [ -111.89927, 40.554281 ], [ -111.900368, 40.547136 ], [ -111.901032, 40.546172 ], [ -111.901436, 40.544949 ], [ -111.901452, 40.544804 ], [ -111.90106, 40.542573 ], [ -111.902042, 40.535092 ], [ -111.908187, 40.531514 ], [ -111.909022, 40.531263 ], [ -111.909215, 40.531152 ], [ -111.9118, 40.528473 ], [ -111.912122, 40.527486 ], [ -111.912122, 40.527475 ], [ -111.910359, 40.525174 ], [ -111.910629, 40.518339 ], [ -111.910831, 40.517913 ], [ -111.911006, 40.517345 ], [ -111.911082, 40.516929 ], [ -111.911101, 40.515454 ], [ -111.911101, 40.51181 ], [ -111.910967, 40.511024 ], [ -111.910764, 40.510507 ], [ -111.908008, 40.504285 ], [ -111.911014, 40.500292 ], [ -111.913231, 40.499138 ], [ -111.913646, 40.499007 ], [ -111.914064, 40.498903 ], [ -111.914746, 40.498786 ], [ -111.915203, 40.49874 ], [ -111.915708, 40.49872 ], [ -111.917648, 40.498712 ], [ -111.920736, 40.49871 ], [ -111.923835, 40.498706 ], [ -111.931197, 40.500661 ], [ -111.932009, 40.501127 ], [ -111.932684, 40.501481 ], [ -111.933268, 40.501754 ], [ -111.933901, 40.501997 ], [ -111.93449, 40.502168 ], [ -111.935683, 40.50245 ], [ -111.936525, 40.502592 ], [ -111.937125, 40.502657 ], [ -111.937689, 40.502698 ], [ -111.941181, 40.50268 ], [ -111.942148, 40.502708 ], [ -111.943003, 40.502715 ], [ -111.943034, 40.499115 ] ] ] } },
{ "type": "Feature", "properties": { "group_index": 0, "value": 600.0, "center": [ -112.01934873110915, 40.70351090352045 ], "point_id": 56 }, "geometry": { "type": "Polygon", "coordinates": [ [ [ -112.106854, 40.703713 ], [ -112.106854, 40.703709 ], [ -112.106843, 40.703132 ], [ -112.104323, 40.695653 ], [ -112.104274, 40.695566 ], [ -112.103715, 40.694998 ], [ -112.103546, 40.694915 ], [ -112.102795, 40.694729 ], [ -112.102762, 40.694729 ], [ -112.097001, 40.693458 ], [ -112.093714, 40.689707 ], [ -112.093596, 40.683826 ], [ -112.093652, 40.683574 ], [ -112.093911, 40.681923 ], [ -112.093896, 40.681127 ], [ -112.093749, 40.678393 ], [ -112.090149, 40.678385 ], [ -112.082248, 40.680222 ], [ -112.079054, 40.68022 ], [ -112.07586, 40.680218 ], [ -112.072666, 40.680216 ], [ -112.069472, 40.680214 ], [ -112.066279, 40.680212 ], [ -112.063085, 40.680211 ], [ -112.055006, 40.680239 ], [ -112.053249, 40.679854 ], [ -112.048399, 40.679027 ], [ -112.045655, 40.671667 ], [ -112.043823, 40.66772 ], [ -112.045666, 40.660104 ], [ -112.045699, 40.659714 ], [ -112.05038, 40.653132 ], [ -112.052471, 40.653155 ], [ -112.057591, 40.654961 ], [ -112.060273, 40.654958 ], [ -112.065283, 40.654923 ], [ -112.070909, 40.656222 ], [ -112.071281, 40.656383 ], [ -112.071716, 40.656528 ], [ -112.072342, 40.656678 ], [ -112.07271, 40.656732 ], [ -112.073138, 40.656766 ], [ -112.073429, 40.653178 ], [ -112.071769, 40.647645 ], [ -112.069529, 40.645594 ], [ -112.06729, 40.643543 ], [ -112.065073, 40.636714 ], [ -112.06333, 40.63502 ], [ -112.055375, 40.631356 ], [ -112.054764, 40.629679 ], [ -112.054475, 40.628401 ], [ -112.047248, 40.62452 ], [ -112.046287, 40.62245 ], [ -112.045319, 40.620364 ], [ -112.044379, 40.618401 ], [ -112.044059, 40.617837 ], [ -112.043564, 40.617062 ], [ -112.043046, 40.616353 ], [ -112.042467, 40.615646 ], [ -112.040637, 40.613492 ], [ -112.036806, 40.607912 ], [ -112.036326, 40.607238 ], [ -112.035877, 40.606782 ], [ -112.035448, 40.606438 ], [ -112.034663, 40.605862 ], [ -112.032532, 40.608764 ], [ -112.034415, 40.61124 ], [ -112.036223, 40.613668 ], [ -112.037111, 40.614862 ], [ -112.037847, 40.615768 ], [ -112.039724, 40.617977 ], [ -112.037619, 40.626139 ], [ -112.036293, 40.627152 ], [ -112.036288, 40.627159 ], [ -112.036078, 40.627526 ], [ -112.036075, 40.627533 ], [ -112.035611, 40.632041 ], [ -112.03146, 40.635489 ], [ -112.02663, 40.636758 ], [ -112.026216, 40.636759 ], [ -112.024928, 40.638563 ], [ -112.024929, 40.638798 ], [ -112.022817, 40.647051 ], [ -112.016733, 40.651238 ], [ -112.015295, 40.653051 ], [ -112.00631, 40.652654 ], [ -112.004677, 40.652937 ], [ -112.004448, 40.653076 ], [ -112.002172, 40.65461 ], [ -111.996313, 40.658207 ], [ -111.989197, 40.66183 ], [ -111.982035, 40.665764 ], [ -111.979596, 40.667499 ], [ -111.979593, 40.667601 ], [ -111.97685, 40.674534 ], [ -111.975255, 40.675818 ], [ -111.969506, 40.680329 ], [ -111.968591, 40.681957 ], [ -111.965739, 40.688303 ], [ -111.961495, 40.691144 ], [ -111.958161, 40.69425 ], [ -111.957594, 40.694786 ], [ -111.956362, 40.695933 ], [ -111.949107, 40.700868 ], [ -111.948129, 40.700822 ], [ -111.948101, 40.700822 ], [ -111.946821, 40.701612 ], [ -111.944551, 40.703883 ], [ -111.944551, 40.703888 ], [ -111.946331, 40.70572 ], [ -111.948163, 40.707119 ], [ -111.948511, 40.707127 ], [ -111.949382, 40.70721 ], [ -111.955659, 40.710581 ], [ -111.951942, 40.717402 ], [ -111.945566, 40.722535 ], [ -111.945034, 40.726096 ], [ -111.945076, 40.726102 ], [ -111.94984, 40.726775 ], [ -111.952287, 40.727133 ], [ -111.953861, 40.727357 ], [ -111.954675, 40.727442 ], [ -111.955265, 40.727482 ], [ -111.956413, 40.727489 ], [ -111.96018, 40.727536 ], [ -111.965732, 40.729353 ], [ -111.967997, 40.730786 ], [ -111.968206, 40.730786 ], [ -111.968957, 40.730527 ], [ -111.973765, 40.728334 ], [ -111.975199, 40.727956 ], [ -111.983417, 40.730894 ], [ -111.985198, 40.732681 ], [ -111.987361, 40.736547 ], [ -111.990736, 40.735295 ], [ -111.994531, 40.742707 ], [ -111.994783, 40.743171 ], [ -111.994805, 40.743212 ], [ -111.995073, 40.743741 ], [ -111.996481, 40.744199 ], [ -112.003256, 40.745603 ], [ -112.005838, 40.747298 ], [ -112.010496, 40.749107 ], [ -112.016969, 40.754823 ], [ -112.018759, 40.756586 ], [ -112.023255, 40.760462 ], [ -112.026855, 40.760444 ], [ -112.02921, 40.756968 ], [ -112.030162, 40.755026 ], [ -112.030162, 40.754876 ], [ -112.029458, 40.749464 ], [ -112.029146, 40.746756 ], [ -112.034634, 40.742055 ], [ -112.042202, 40.745568 ], [ -112.043526, 40.74637 ], [ -112.044496, 40.746498 ], [ -112.051395, 40.742044 ], [ -112.054, 40.742039 ], [ -112.056958, 40.742046 ], [ -112.059927, 40.742053 ], [ -112.062869, 40.742042 ], [ -112.062854, 40.738442 ], [ -112.059913, 40.738453 ], [ -112.056967, 40.738446 ], [ -112.054009, 40.738439 ], [ -112.051388, 40.738444 ], [ -112.048775, 40.738449 ], [ -112.046162, 40.738455 ], [ -112.043549, 40.73846 ], [ -112.039095, 40.738457 ], [ -112.037562, 40.738192 ], [ -112.03239, 40.732002 ], [ -112.037233, 40.727593 ], [ -112.038787, 40.727163 ], [ -112.039394, 40.727045 ], [ -112.040616, 40.726763 ], [ -112.04225, 40.726475 ], [ -112.042982, 40.72623 ], [ -112.043811, 40.725923 ], [ -112.045289, 40.725291 ], [ -112.048693, 40.724682 ], [ -112.054096, 40.72737 ], [ -112.05749, 40.727335 ], [ -112.063034, 40.727318 ], [ -112.063535, 40.727342 ], [ -112.070812, 40.730686 ], [ -112.071263, 40.730573 ], [ -112.075989, 40.727449 ], [ -112.08049, 40.726661 ], [ -112.084089, 40.726609 ], [ -112.084081, 40.725565 ], [ -112.09102, 40.719961 ], [ -112.094746, 40.719987 ], [ -112.096027, 40.719996 ], [ -112.098742, 40.712915 ], [ -112.100405, 40.711174 ], [ -112.104584, 40.706583 ], [ -112.106859, 40.703974 ], [ -112.106854, 40.703713 ] ] ] } },
{ "type": "Feature", "properties": { "group_index": 0, "value": 600.0, "center": [ -112.01942407748513, 40.701434495917525 ], "point_id": 57 }, "geometry": { "type": "Polygon", "coordinates": [ [ [ -112.103155, 40.703578 ], [ -112.101631, 40.701944 ], [ -112.095955, 40.696337 ], [ -112.094955, 40.694711 ], [ -112.092032, 40.693266 ], [ -112.090685, 40.692333 ], [ -112.09234, 40.683742 ], [ -112.093549, 40.683587 ], [ -112.093911, 40.681923 ], [ -112.093898, 40.681215 ], [ -112.093748, 40.678687 ], [ -112.090148, 40.678679 ], [ -112.082248, 40.680222 ], [ -112.079054, 40.68022 ], [ -112.07586, 40.680218 ], [ -112.072666, 40.680216 ], [ -112.069472, 40.680214 ], [ -112.066279, 40.680212 ], [ -112.063085, 40.680211 ], [ -112.060832, 40.680213 ], [ -112.058638, 40.680235 ], [ -112.055006, 40.680239 ], [ -112.053249, 40.679854 ], [ -112.048399, 40.679027 ], [ -112.045655, 40.671667 ], [ -112.043823, 40.66772 ], [ -112.045666, 40.660104 ], [ -112.045699, 40.659714 ], [ -112.05038, 40.653132 ], [ -112.052471, 40.653155 ], [ -112.057591, 40.654961 ], [ -112.060273, 40.654958 ], [ -112.065283, 40.654923 ], [ -112.070909, 40.656222 ], [ -112.071281, 40.656383 ], [ -112.071716, 40.656528 ], [ -112.072342, 40.656678 ], [ -112.07271, 40.656732 ], [ -112.073299, 40.656774 ], [ -112.073659, 40.65677 ], [ -112.074271, 40.656717 ], [ -112.074634, 40.656654 ], [ -112.074017, 40.653107 ], [ -112.072192, 40.648032 ], [ -112.069741, 40.645788 ], [ -112.06729, 40.643543 ], [ -112.065016, 40.637881 ], [ -112.063756, 40.635656 ], [ -112.063487, 40.635218 ], [ -112.06317, 40.634837 ], [ -112.06292, 40.634595 ], [ -112.062621, 40.634345 ], [ -112.056539, 40.631231 ], [ -112.054402, 40.627888 ], [ -112.047248, 40.62452 ], [ -112.046287, 40.62245 ], [ -112.045319, 40.620364 ], [ -112.044379, 40.618401 ], [ -112.044059, 40.617837 ], [ -112.043564, 40.617062 ], [ -112.043046, 40.616353 ], [ -112.042467, 40.615646 ], [ -112.040637, 40.613492 ], [ -112.036791, 40.607629 ], [ -112.035877, 40.606782 ], [ -112.035448, 40.606438 ], [ -112.034107, 40.605432 ], [ -112.031896, 40.608273 ], [ -112.033662, 40.611243 ], [ -112.036223, 40.613668 ], [ -112.037111, 40.614862 ], [ -112.037847, 40.615768 ], [ -112.039724, 40.617977 ], [ -112.03762, 40.625498 ], [ -112.036416, 40.626986 ], [ -112.036288, 40.627159 ], [ -112.036078, 40.627526 ], [ -112.035998, 40.627715 ], [ -112.036162, 40.629093 ], [ -112.03146, 40.635489 ], [ -112.028594, 40.636558 ], [ -112.02577, 40.636759 ], [ -112.025628, 40.636759 ], [ -112.02414, 40.638549 ], [ -112.024138, 40.638835 ], [ -112.022806, 40.646282 ], [ -112.015809, 40.651237 ], [ -112.014239, 40.652986 ], [ -112.007895, 40.657066 ], [ -112.000806, 40.660317 ], [ -111.997703, 40.66183 ], [ -111.993791, 40.665441 ], [ -111.986287, 40.669327 ], [ -111.979864, 40.674125 ], [ -111.976806, 40.680318 ], [ -111.975277, 40.681879 ], [ -111.97528, 40.682137 ], [ -111.975276, 40.682457 ], [ -111.975276, 40.688078 ], [ -111.972058, 40.691128 ], [ -111.967582, 40.691945 ], [ -111.967091, 40.691936 ], [ -111.963355, 40.694758 ], [ -111.956344, 40.699342 ], [ -111.953082, 40.702129 ], [ -111.953083, 40.705729 ], [ -111.956194, 40.706807 ], [ -111.955691, 40.715718 ], [ -111.952103, 40.715423 ], [ -111.951997, 40.716707 ], [ -111.951931, 40.717503 ], [ -111.948185, 40.722437 ], [ -111.94432, 40.722358 ], [ -111.944244, 40.722345 ], [ -111.944208, 40.722343 ], [ -111.943349, 40.722256 ], [ -111.942987, 40.725838 ], [ -111.94984, 40.726775 ], [ -111.952287, 40.727133 ], [ -111.953861, 40.727357 ], [ -111.954675, 40.727442 ], [ -111.955265, 40.727482 ], [ -111.956413, 40.727489 ], [ -111.96018, 40.727536 ], [ -111.968173, 40.731548 ], [ -111.968205, 40.731548 ], [ -111.969455, 40.730471 ], [ -111.97408, 40.728277 ], [ -111.975199, 40.727956 ], [ -111.983417, 40.730894 ], [ -111.984443, 40.732679 ], [ -111.987551, 40.73706 ], [ -111.994429, 40.7425 ], [ -111.994805, 40.743212 ], [ -111.995007, 40.743586 ], [ -111.996752, 40.745181 ], [ -111.996792, 40.745181 ], [ -112.004003, 40.746332 ], [ -112.005838, 40.747298 ], [ -112.010244, 40.749107 ], [ -112.01677, 40.755128 ], [ -112.016847, 40.755358 ], [ -112.01784, 40.756587 ], [ -112.023258, 40.761161 ], [ -112.026858, 40.761143 ], [ -112.029216, 40.757417 ], [ -112.029591, 40.756633 ], [ -112.030162, 40.754756 ], [ -112.030162, 40.754622 ], [ -112.029458, 40.749464 ], [ -112.029146, 40.746756 ], [ -112.034634, 40.742055 ], [ -112.042202, 40.745568 ], [ -112.043526, 40.74637 ], [ -112.04451, 40.7465 ], [ -112.051395, 40.742044 ], [ -112.054, 40.742039 ], [ -112.056958, 40.742046 ], [ -112.059927, 40.742053 ], [ -112.063082, 40.742041 ], [ -112.063068, 40.738441 ], [ -112.059913, 40.738453 ], [ -112.056967, 40.738446 ], [ -112.054009, 40.738439 ], [ -112.051388, 40.738444 ], [ -112.048775, 40.738449 ], [ -112.046162, 40.738455 ], [ -112.043549, 40.73846 ], [ -112.039095, 40.738457 ], [ -112.037562, 40.738192 ], [ -112.03239, 40.732002 ], [ -112.037492, 40.727372 ], [ -112.038787, 40.727163 ], [ -112.039394, 40.727045 ], [ -112.040616, 40.726763 ], [ -112.042042, 40.726355 ], [ -112.042879, 40.726055 ], [ -112.044293, 40.725489 ], [ -112.045409, 40.725235 ], [ -112.047515, 40.724216 ], [ -112.054659, 40.727364 ], [ -112.05749, 40.727335 ], [ -112.063034, 40.727318 ], [ -112.063535, 40.727342 ], [ -112.068559, 40.727786 ], [ -112.072159, 40.727738 ], [ -112.0752, 40.727327 ], [ -112.080496, 40.722573 ], [ -112.084096, 40.722574 ], [ -112.086319, 40.719976 ], [ -112.093571, 40.715114 ], [ -112.094817, 40.711232 ], [ -112.101701, 40.705543 ], [ -112.103157, 40.703842 ], [ -112.103155, 40.703578 ] ] ] } },
{ "type": "Feature", "properties": { "group_index": 0, "value": 600.0, "center": [ -111.90063208765623, 40.598052874846275 ], "point_id": 58 }, "geometry": { "type": "Polygon", "coordinates": [ [ [ -111.936743, 40.642992 ], [ -111.934607, 40.642994 ], [ -111.932657, 40.643005 ], [ -111.932471, 40.642996 ], [ -111.927033, 40.640935 ], [ -111.924907, 40.63877 ], [ -111.924101, 40.638083 ], [ -111.923129, 40.637453 ], [ -111.921018, 40.636306 ], [ -111.92035, 40.636025 ], [ -111.919947, 40.627284 ], [ -111.924843, 40.625647 ], [ -111.926063, 40.625859 ], [ -111.927818, 40.626503 ], [ -111.927888, 40.626519 ], [ -111.929487, 40.625871 ], [ -111.931002, 40.624286 ], [ -111.931435, 40.622233 ], [ -111.938688, 40.618931 ], [ -111.938778, 40.618931 ], [ -111.93927, 40.618538 ], [ -111.940578, 40.617321 ], [ -111.946316, 40.611325 ], [ -111.946784, 40.60984 ], [ -111.946788, 40.609517 ], [ -111.946416, 40.607807 ], [ -111.946277, 40.607726 ], [ -111.941572, 40.604721 ], [ -111.940972, 40.598938 ], [ -111.946355, 40.595828 ], [ -111.950052, 40.591264 ], [ -111.954465, 40.589551 ], [ -111.954482, 40.585951 ], [ -111.949239, 40.583874 ], [ -111.942376, 40.57866 ], [ -111.93927, 40.575315 ], [ -111.936535, 40.571322 ], [ -111.932306, 40.567943 ], [ -111.930954, 40.562563 ], [ -111.930959, 40.562291 ], [ -111.93096, 40.562275 ], [ -111.930963, 40.562147 ], [ -111.930226, 40.560479 ], [ -111.924519, 40.557697 ], [ -111.92188, 40.550113 ], [ -111.922783, 40.546071 ], [ -111.922757, 40.542472 ], [ -111.918735, 40.541892 ], [ -111.918443, 40.541846 ], [ -111.912912, 40.539222 ], [ -111.912146, 40.535222 ], [ -111.912145, 40.534867 ], [ -111.911049, 40.53343 ], [ -111.90556, 40.528586 ], [ -111.90555, 40.524986 ], [ -111.901577, 40.522091 ], [ -111.899257, 40.519505 ], [ -111.893221, 40.513136 ], [ -111.896729, 40.50626 ], [ -111.897214, 40.502775 ], [ -111.893132, 40.496871 ], [ -111.893843, 40.491783 ], [ -111.890973, 40.489611 ], [ -111.89073, 40.489932 ], [ -111.8904, 40.490448 ], [ -111.89009, 40.491063 ], [ -111.889846, 40.491658 ], [ -111.889667, 40.492291 ], [ -111.88954, 40.492941 ], [ -111.889487, 40.493562 ], [ -111.889483, 40.49403 ], [ -111.889533, 40.496932 ], [ -111.888621, 40.505711 ], [ -111.888958, 40.507566 ], [ -111.88902, 40.508017 ], [ -111.889621, 40.513145 ], [ -111.88779, 40.520349 ], [ -111.883526, 40.523075 ], [ -111.88153, 40.524878 ], [ -111.879986, 40.526221 ], [ -111.879987, 40.526683 ], [ -111.879987, 40.526692 ], [ -111.879988, 40.526769 ], [ -111.881538, 40.528478 ], [ -111.883104, 40.528835 ], [ -111.883897, 40.529101 ], [ -111.885732, 40.536588 ], [ -111.881984, 40.538126 ], [ -111.881774, 40.538127 ], [ -111.87991, 40.538708 ], [ -111.876241, 40.542494 ], [ -111.874703, 40.544241 ], [ -111.87147, 40.551476 ], [ -111.871466, 40.551606 ], [ -111.870449, 40.558549 ], [ -111.870446, 40.558612 ], [ -111.870359, 40.562744 ], [ -111.862189, 40.566094 ], [ -111.860545, 40.566601 ], [ -111.860365, 40.566744 ], [ -111.854993, 40.569427 ], [ -111.851393, 40.569435 ], [ -111.850619, 40.572569 ], [ -111.843807, 40.577891 ], [ -111.84317, 40.577892 ], [ -111.840994, 40.578617 ], [ -111.840179, 40.580502 ], [ -111.833294, 40.584791 ], [ -111.832819, 40.584841 ], [ -111.828036, 40.58593 ], [ -111.824112, 40.586095 ], [ -111.822577, 40.58673 ], [ -111.822523, 40.58678 ], [ -111.822194, 40.587134 ], [ -111.822359, 40.589239 ], [ -111.822965, 40.589577 ], [ -111.825483, 40.591089 ], [ -111.831194, 40.595625 ], [ -111.831281, 40.59565 ], [ -111.836848, 40.596113 ], [ -111.837527, 40.596411 ], [ -111.838267, 40.605244 ], [ -111.83818, 40.605529 ], [ -111.838697, 40.607657 ], [ -111.844699, 40.611963 ], [ -111.848322, 40.614662 ], [ -111.852892, 40.621234 ], [ -111.853504, 40.622655 ], [ -111.854682, 40.623984 ], [ -111.859026, 40.628288 ], [ -111.859042, 40.631888 ], [ -111.864402, 40.633371 ], [ -111.865983, 40.633884 ], [ -111.866354, 40.633883 ], [ -111.870676, 40.633697 ], [ -111.872707, 40.633844 ], [ -111.873269, 40.633884 ], [ -111.881533, 40.634267 ], [ -111.883944, 40.638353 ], [ -111.885103, 40.640216 ], [ -111.888548, 40.642057 ], [ -111.888881, 40.642074 ], [ -111.890745, 40.640881 ], [ -111.898413, 40.642004 ], [ -111.899667, 40.647349 ], [ -111.899643, 40.647665 ], [ -111.893544, 40.653783 ], [ -111.892544, 40.654029 ], [ -111.891122, 40.656053 ], [ -111.891143, 40.656158 ], [ -111.892923, 40.657609 ], [ -111.896855, 40.660612 ], [ -111.899391, 40.669103 ], [ -111.899388, 40.669254 ], [ -111.899268, 40.671092 ], [ -111.899576, 40.674989 ], [ -111.899872, 40.677967 ], [ -111.900172, 40.68099 ], [ -111.900418, 40.682955 ], [ -111.900663, 40.684919 ], [ -111.904235, 40.684473 ], [ -111.90399, 40.682508 ], [ -111.903745, 40.680544 ], [ -111.903454, 40.677611 ], [ -111.903158, 40.674634 ], [ -111.903061, 40.672495 ], [ -111.902984, 40.669325 ], [ -111.902987, 40.669174 ], [ -111.902954, 40.664366 ], [ -111.907481, 40.656801 ], [ -111.909372, 40.653969 ], [ -111.909381, 40.653877 ], [ -111.90934, 40.653707 ], [ -111.907779, 40.652307 ], [ -111.904589, 40.646183 ], [ -111.904935, 40.64289 ], [ -111.911276, 40.638069 ], [ -111.913094, 40.638228 ], [ -111.914862, 40.638381 ], [ -111.915428, 40.638446 ], [ -111.916152, 40.638551 ], [ -111.916749, 40.638665 ], [ -111.917337, 40.638806 ], [ -111.918471, 40.639161 ], [ -111.918975, 40.639351 ], [ -111.91941, 40.639526 ], [ -111.921217, 40.640504 ], [ -111.922345, 40.6413 ], [ -111.92472, 40.643694 ], [ -111.925469, 40.644316 ], [ -111.926207, 40.644848 ], [ -111.92662, 40.645101 ], [ -111.927159, 40.645381 ], [ -111.928088, 40.645787 ], [ -111.928532, 40.645949 ], [ -111.929174, 40.646151 ], [ -111.92978, 40.646301 ], [ -111.930385, 40.646417 ], [ -111.931084, 40.646517 ], [ -111.932289, 40.646586 ], [ -111.933886, 40.646749 ], [ -111.934427, 40.646783 ], [ -111.936746, 40.646592 ], [ -111.936743, 40.642992 ] ] ] } },
{ "type": "Feature", "properties": { "group_index": 0, "value": 600.0, "center": [ -111.8858658, 40.6578404 ], "point_id": 59 }, "geometry": { "type": "Polygon", "coordinates": [ [ [ -111.953068, 40.684934 ], [ -111.953696, 40.678469 ], [ -111.954108, 40.676254 ], [ -111.954199, 40.675358 ], [ -111.956877, 40.667652 ], [ -111.956876, 40.667619 ], [ -111.954699, 40.662247 ], [ -111.95422, 40.657189 ], [ -111.95423, 40.653784 ], [ -111.953963, 40.651482 ], [ -111.953724, 40.650723 ], [ -111.953267, 40.649648 ], [ -111.952791, 40.648809 ], [ -111.9522, 40.647976 ], [ -111.951585, 40.647237 ], [ -111.950811, 40.646497 ], [ -111.949711, 40.645656 ], [ -111.94645, 40.63829 ], [ -111.945136, 40.63677 ], [ -111.941972, 40.636031 ], [ -111.938824, 40.634906 ], [ -111.938546, 40.634904 ], [ -111.935778, 40.636133 ], [ -111.935085, 40.636956 ], [ -111.934962, 40.637081 ], [ -111.934785, 40.63734 ], [ -111.934701, 40.637489 ], [ -111.927042, 40.640564 ], [ -111.925234, 40.638796 ], [ -111.925333, 40.632053 ], [ -111.926085, 40.63005 ], [ -111.927653, 40.625951 ], [ -111.929208, 40.624205 ], [ -111.929204, 40.624097 ], [ -111.927632, 40.622351 ], [ -111.922102, 40.620635 ], [ -111.9177, 40.615158 ], [ -111.917478, 40.61454 ], [ -111.912508, 40.610513 ], [ -111.906919, 40.605353 ], [ -111.906446, 40.602894 ], [ -111.905973, 40.600432 ], [ -111.905321, 40.597074 ], [ -111.909468, 40.589536 ], [ -111.910244, 40.587471 ], [ -111.910244, 40.587469 ], [ -111.909484, 40.585936 ], [ -111.907304, 40.584023 ], [ -111.902113, 40.578649 ], [ -111.902123, 40.574988 ], [ -111.902093, 40.5717 ], [ -111.901915, 40.56923 ], [ -111.901609, 40.566386 ], [ -111.901108, 40.560393 ], [ -111.901033, 40.559866 ], [ -111.900941, 40.559421 ], [ -111.900747, 40.558926 ], [ -111.90066, 40.558767 ], [ -111.896795, 40.560021 ], [ -111.897444, 40.562908 ], [ -111.897616, 40.563758 ], [ -111.898042, 40.566877 ], [ -111.898336, 40.569615 ], [ -111.898502, 40.571956 ], [ -111.898523, 40.575018 ], [ -111.898513, 40.578639 ], [ -111.894783, 40.584976 ], [ -111.892214, 40.586196 ], [ -111.890991, 40.587774 ], [ -111.890991, 40.587801 ], [ -111.892223, 40.589796 ], [ -111.896107, 40.592173 ], [ -111.901787, 40.59776 ], [ -111.902439, 40.601118 ], [ -111.902911, 40.603574 ], [ -111.903383, 40.606033 ], [ -111.897961, 40.612016 ], [ -111.896129, 40.612332 ], [ -111.890307, 40.612095 ], [ -111.890242, 40.612095 ], [ -111.88641, 40.613266 ], [ -111.881944, 40.61847 ], [ -111.878015, 40.618961 ], [ -111.872264, 40.616122 ], [ -111.872189, 40.616122 ], [ -111.866276, 40.618291 ], [ -111.861364, 40.619896 ], [ -111.856984, 40.619936 ], [ -111.856498, 40.61988 ], [ -111.854599, 40.619568 ], [ -111.854498, 40.619703 ], [ -111.854152, 40.620467 ], [ -111.85407, 40.620965 ], [ -111.853849, 40.622649 ], [ -111.852001, 40.626394 ], [ -111.846731, 40.628946 ], [ -111.844829, 40.628942 ], [ -111.843783, 40.628988 ], [ -111.842187, 40.629152 ], [ -111.841136, 40.629343 ], [ -111.841044, 40.629363 ], [ -111.839106, 40.629727 ], [ -111.835788, 40.629974 ], [ -111.832188, 40.62995 ], [ -111.823931, 40.632601 ], [ -111.820902, 40.632608 ], [ -111.819793, 40.632584 ], [ -111.817816, 40.632467 ], [ -111.817603, 40.636061 ], [ -111.822843, 40.640297 ], [ -111.82959, 40.646043 ], [ -111.82958, 40.649643 ], [ -111.82916, 40.65176 ], [ -111.829156, 40.65201 ], [ -111.830481, 40.653835 ], [ -111.833331, 40.656689 ], [ -111.835957, 40.664063 ], [ -111.834958, 40.666089 ], [ -111.834958, 40.666134 ], [ -111.835916, 40.667663 ], [ -111.841668, 40.674541 ], [ -111.843382, 40.676068 ], [ -111.843454, 40.676068 ], [ -111.848168, 40.677658 ], [ -111.8484, 40.677847 ], [ -111.8514, 40.685273 ], [ -111.849816, 40.68707 ], [ -111.849815, 40.687113 ], [ -111.85142, 40.688873 ], [ -111.857988, 40.694474 ], [ -111.859794, 40.696075 ], [ -111.865264, 40.699641 ], [ -111.867062, 40.701676 ], [ -111.869408, 40.703396 ], [ -111.870891, 40.704922 ], [ -111.871209, 40.704921 ], [ -111.876928, 40.704929 ], [ -111.876933, 40.704929 ], [ -111.882421, 40.705582 ], [ -111.882695, 40.705581 ], [ -111.886922, 40.707275 ], [ -111.888475, 40.709069 ], [ -111.885667, 40.716358 ], [ -111.882292, 40.716352 ], [ -111.879729, 40.716344 ], [ -111.874261, 40.716276 ], [ -111.873794, 40.716279 ], [ -111.870526, 40.716951 ], [ -111.869029, 40.717209 ], [ -111.869639, 40.720757 ], [ -111.871136, 40.720499 ], [ -111.879757, 40.719944 ], [ -111.88228, 40.719952 ], [ -111.885647, 40.719958 ], [ -111.887832, 40.719971 ], [ -111.888161, 40.719717 ], [ -111.891595, 40.71818 ], [ -111.897251, 40.725178 ], [ -111.897251, 40.725182 ], [ -111.898415, 40.727131 ], [ -111.902355, 40.734863 ], [ -111.902052, 40.737826 ], [ -111.902228, 40.741712 ], [ -111.902129, 40.743376 ], [ -111.902221, 40.744229 ], [ -111.902466, 40.745133 ], [ -111.905765, 40.746841 ], [ -111.908883, 40.753277 ], [ -111.908948, 40.754045 ], [ -111.909237, 40.754316 ], [ -111.912535, 40.753739 ], [ -111.912757, 40.753562 ], [ -111.912677, 40.753192 ], [ -111.912466, 40.752288 ], [ -111.909362, 40.749827 ], [ -111.905819, 40.741967 ], [ -111.906267, 40.736506 ], [ -111.906298, 40.735075 ], [ -111.906259, 40.733675 ], [ -111.906212, 40.731394 ], [ -111.912543, 40.726631 ], [ -111.913205, 40.726641 ], [ -111.914754, 40.72653 ], [ -111.918599, 40.726145 ], [ -111.920757, 40.726224 ], [ -111.924951, 40.726237 ], [ -111.92708, 40.726197 ], [ -111.929209, 40.726157 ], [ -111.929143, 40.722558 ], [ -111.927013, 40.722598 ], [ -111.924884, 40.722637 ], [ -111.920794, 40.722624 ], [ -111.918733, 40.722547 ], [ -111.91533, 40.722382 ], [ -111.914413, 40.722412 ], [ -111.913468, 40.722473 ], [ -111.911538, 40.722654 ], [ -111.906062, 40.716776 ], [ -111.905996, 40.715275 ], [ -111.905705, 40.711858 ], [ -111.905698, 40.711662 ], [ -111.905655, 40.710857 ], [ -111.905476, 40.709328 ], [ -111.905331, 40.705959 ], [ -111.910056, 40.701691 ], [ -111.91514, 40.707212 ], [ -111.915137, 40.708497 ], [ -111.915137, 40.70861 ], [ -111.915298, 40.71017 ], [ -111.916782, 40.710298 ], [ -111.917453, 40.710009 ], [ -111.918736, 40.708625 ], [ -111.920414, 40.705967 ], [ -111.922295, 40.703952 ], [ -111.925198, 40.701231 ], [ -111.925846, 40.700294 ], [ -111.925848, 40.699778 ], [ -111.925226, 40.697631 ], [ -111.925178, 40.697631 ], [ -111.921621, 40.696323 ], [ -111.921838, 40.688019 ], [ -111.921357, 40.686282 ], [ -111.921055, 40.684505 ], [ -111.929119, 40.68099 ], [ -111.929355, 40.680988 ], [ -111.933213, 40.678872 ], [ -111.934933, 40.678228 ], [ -111.935188, 40.677941 ], [ -111.934901, 40.675693 ], [ -111.938722, 40.669503 ], [ -111.94336, 40.669443 ], [ -111.946657, 40.670545 ], [ -111.950157, 40.677811 ], [ -111.949726, 40.680156 ], [ -111.949546, 40.681787 ], [ -111.949457, 40.68338 ], [ -111.949481, 40.68524 ], [ -111.949755, 40.688452 ], [ -111.953342, 40.688146 ], [ -111.953068, 40.684934 ] ] ] } },
{ "type": "Feature", "properties": { "group_index": 0, "value": 600.0, "center": [ -111.843913, 40.6137501 ], "point_id": 60 }, "geometry": { "type": "Polygon", "coordinates": [ [ [ -111.90724, 40.634297 ], [ -111.905607, 40.634435 ], [ -111.902926, 40.634156 ], [ -111.901069, 40.63367 ], [ -111.899977, 40.633447 ], [ -111.898958, 40.633298 ], [ -111.896887, 40.633127 ], [ -111.896233, 40.632999 ], [ -111.891936, 40.625556 ], [ -111.893759, 40.622157 ], [ -111.894966, 40.620926 ], [ -111.89498, 40.620737 ], [ -111.896649, 40.615117 ], [ -111.896649, 40.615068 ], [ -111.896452, 40.611064 ], [ -111.897252, 40.606077 ], [ -111.897253, 40.605929 ], [ -111.897145, 40.605278 ], [ -111.89707, 40.60492 ], [ -111.892636, 40.597555 ], [ -111.89268, 40.592454 ], [ -111.892681, 40.592321 ], [ -111.891979, 40.591341 ], [ -111.890898, 40.59064 ], [ -111.883965, 40.586335 ], [ -111.883084, 40.586356 ], [ -111.878922, 40.58634 ], [ -111.872795, 40.583008 ], [ -111.87222, 40.582508 ], [ -111.871894, 40.58251 ], [ -111.870427, 40.584199 ], [ -111.865947, 40.586105 ], [ -111.859694, 40.580022 ], [ -111.859495, 40.578759 ], [ -111.855017, 40.57373 ], [ -111.851417, 40.573726 ], [ -111.846621, 40.578607 ], [ -111.841208, 40.578617 ], [ -111.83437, 40.576457 ], [ -111.834104, 40.576522 ], [ -111.829082, 40.578663 ], [ -111.823778, 40.581809 ], [ -111.819559, 40.582638 ], [ -111.814994, 40.583208 ], [ -111.810449, 40.583697 ], [ -111.808951, 40.585043 ], [ -111.807532, 40.586955 ], [ -111.799007, 40.58676 ], [ -111.798339, 40.586743 ], [ -111.794372, 40.587973 ], [ -111.793814, 40.589315 ], [ -111.79381, 40.590037 ], [ -111.794564, 40.591568 ], [ -111.794912, 40.599299 ], [ -111.792793, 40.601349 ], [ -111.792708, 40.601615 ], [ -111.790377, 40.60869 ], [ -111.79091, 40.610854 ], [ -111.795696, 40.614498 ], [ -111.795992, 40.614498 ], [ -111.796988, 40.614137 ], [ -111.805163, 40.612788 ], [ -111.8069, 40.614089 ], [ -111.811575, 40.616643 ], [ -111.813459, 40.620887 ], [ -111.815275, 40.622607 ], [ -111.8153, 40.622607 ], [ -111.821651, 40.62348 ], [ -111.821676, 40.623498 ], [ -111.822954, 40.624538 ], [ -111.819793, 40.632584 ], [ -111.817758, 40.632464 ], [ -111.815648, 40.632341 ], [ -111.81488, 40.632328 ], [ -111.814682, 40.632335 ], [ -111.813892, 40.632324 ], [ -111.813, 40.63243 ], [ -111.812468, 40.632534 ], [ -111.811549, 40.632911 ], [ -111.810852, 40.633212 ], [ -111.812278, 40.636517 ], [ -111.81958, 40.636178 ], [ -111.820823, 40.636207 ], [ -111.823939, 40.636201 ], [ -111.827012, 40.636194 ], [ -111.828127, 40.636161 ], [ -111.835334, 40.636459 ], [ -111.835421, 40.636459 ], [ -111.839285, 40.636922 ], [ -111.844621, 40.640344 ], [ -111.846251, 40.642026 ], [ -111.852732, 40.647944 ], [ -111.85453, 40.648417 ], [ -111.855166, 40.648421 ], [ -111.856332, 40.647968 ], [ -111.864167, 40.64377 ], [ -111.865669, 40.644757 ], [ -111.865969, 40.645045 ], [ -111.866158, 40.645045 ], [ -111.873428, 40.643515 ], [ -111.874042, 40.64161 ], [ -111.874702, 40.639491 ], [ -111.882941, 40.638727 ], [ -111.88297, 40.638727 ], [ -111.884781, 40.63697 ], [ -111.892951, 40.635582 ], [ -111.894108, 40.63612 ], [ -111.894886, 40.636368 ], [ -111.895556, 40.636535 ], [ -111.896401, 40.636694 ], [ -111.896497, 40.636704 ], [ -111.901445, 40.637706 ], [ -111.903347, 40.637901 ], [ -111.904022, 40.637983 ], [ -111.904717, 40.638022 ], [ -111.90591, 40.638022 ], [ -111.907542, 40.637885 ], [ -111.90724, 40.634297 ] ] ] } },
{ "type": "Feature", "properties": { "group_index": 0, "value": 600.0, "center": [ -111.8650748, 40.5581545 ], "point_id": 61 }, "geometry": { "type": "Polygon", "coordinates": [ [ [ -111.928974, 40.560433 ], [ -111.92548, 40.55907 ], [ -111.923993, 40.557699 ], [ -111.922128, 40.556247 ], [ -111.920939, 40.554287 ], [ -111.920117, 40.552202 ], [ -111.925048, 40.546055 ], [ -111.927235, 40.54604 ], [ -111.92721, 40.54244 ], [ -111.925023, 40.542456 ], [ -111.922836, 40.542471 ], [ -111.919876, 40.541862 ], [ -111.918443, 40.541846 ], [ -111.913276, 40.534503 ], [ -111.912129, 40.532243 ], [ -111.909853, 40.531664 ], [ -111.903232, 40.526611 ], [ -111.901862, 40.524994 ], [ -111.89919, 40.522598 ], [ -111.89323, 40.516784 ], [ -111.893221, 40.513136 ], [ -111.89321, 40.509578 ], [ -111.893211, 40.509447 ], [ -111.893307, 40.507481 ], [ -111.893603, 40.505535 ], [ -111.893181, 40.499742 ], [ -111.893139, 40.497267 ], [ -111.889539, 40.497329 ], [ -111.889582, 40.499803 ], [ -111.88954, 40.502269 ], [ -111.889486, 40.504121 ], [ -111.88955, 40.507084 ], [ -111.882356, 40.511624 ], [ -111.88228, 40.511608 ], [ -111.875824, 40.510836 ], [ -111.872835, 40.509104 ], [ -111.868654, 40.505608 ], [ -111.86802, 40.505466 ], [ -111.867825, 40.505457 ], [ -111.867131, 40.505673 ], [ -111.865858, 40.506227 ], [ -111.864795, 40.507533 ], [ -111.859457, 40.509256 ], [ -111.855124, 40.504127 ], [ -111.853328, 40.502395 ], [ -111.853328, 40.502395 ], [ -111.851527, 40.504261 ], [ -111.844868, 40.509588 ], [ -111.844322, 40.511123 ], [ -111.844253, 40.511374 ], [ -111.844774, 40.513186 ], [ -111.841743, 40.520528 ], [ -111.838529, 40.52136 ], [ -111.835312, 40.521113 ], [ -111.834999, 40.521051 ], [ -111.834408, 40.521003 ], [ -111.834305, 40.521001 ], [ -111.833724, 40.521025 ], [ -111.833059, 40.521227 ], [ -111.832683, 40.521417 ], [ -111.832601, 40.521784 ], [ -111.832525, 40.522698 ], [ -111.832276, 40.5243 ], [ -111.832496, 40.526054 ], [ -111.83232, 40.5279 ], [ -111.83246, 40.529166 ], [ -111.830219, 40.535207 ], [ -111.82391, 40.533794 ], [ -111.823843, 40.533776 ], [ -111.821867, 40.532888 ], [ -111.819513, 40.532156 ], [ -111.818887, 40.532577 ], [ -111.81782, 40.533832 ], [ -111.817448, 40.534571 ], [ -111.817358, 40.535037 ], [ -111.810803, 40.541034 ], [ -111.808971, 40.541138 ], [ -111.808653, 40.54116 ], [ -111.807261, 40.542668 ], [ -111.805885, 40.544284 ], [ -111.805602, 40.54465 ], [ -111.800955, 40.551086 ], [ -111.800806, 40.551953 ], [ -111.800747, 40.552611 ], [ -111.800789, 40.553099 ], [ -111.800954, 40.553776 ], [ -111.801179, 40.554261 ], [ -111.801468, 40.55472 ], [ -111.803157, 40.556084 ], [ -111.806472, 40.562196 ], [ -111.802466, 40.56703 ], [ -111.801595, 40.567655 ], [ -111.801545, 40.567706 ], [ -111.801442, 40.567862 ], [ -111.801058, 40.569139 ], [ -111.801719, 40.570775 ], [ -111.802723, 40.572055 ], [ -111.803536, 40.572972 ], [ -111.80562, 40.57323 ], [ -111.810369, 40.573457 ], [ -111.814074, 40.577388 ], [ -111.814849, 40.578547 ], [ -111.821422, 40.582518 ], [ -111.822902, 40.58375 ], [ -111.829841, 40.587298 ], [ -111.831221, 40.58863 ], [ -111.832079, 40.589291 ], [ -111.837623, 40.596084 ], [ -111.837863, 40.59624 ], [ -111.838429, 40.596514 ], [ -111.840007, 40.597076 ], [ -111.843773, 40.598194 ], [ -111.850785, 40.603296 ], [ -111.851243, 40.604243 ], [ -111.852677, 40.605468 ], [ -111.85306, 40.605465 ], [ -111.854843, 40.60425 ], [ -111.862514, 40.599673 ], [ -111.862695, 40.599682 ], [ -111.863083, 40.599683 ], [ -111.871692, 40.600011 ], [ -111.872193, 40.600482 ], [ -111.872216, 40.600482 ], [ -111.873995, 40.598786 ], [ -111.881065, 40.596571 ], [ -111.881241, 40.59657 ], [ -111.883987, 40.596284 ], [ -111.887925, 40.595636 ], [ -111.895384, 40.598207 ], [ -111.902288, 40.603558 ], [ -111.902865, 40.606519 ], [ -111.903286, 40.608728 ], [ -111.903794, 40.611459 ], [ -111.902313, 40.618092 ], [ -111.902081, 40.61854 ], [ -111.901621, 40.620043 ], [ -111.901075, 40.623887 ], [ -111.900953, 40.624684 ], [ -111.900869, 40.625482 ], [ -111.904449, 40.62586 ], [ -111.906958, 40.617538 ], [ -111.90721, 40.61673 ], [ -111.907489, 40.615598 ], [ -111.907676, 40.614346 ], [ -111.907733, 40.613685 ], [ -111.907753, 40.613014 ], [ -111.907742, 40.612216 ], [ -111.907709, 40.611629 ], [ -111.907645, 40.611043 ], [ -111.906873, 40.607044 ], [ -111.906383, 40.604629 ], [ -111.905552, 40.600256 ], [ -111.906699, 40.593771 ], [ -111.90888, 40.590729 ], [ -111.912015, 40.588184 ], [ -111.912033, 40.587476 ], [ -111.911405, 40.586333 ], [ -111.911263, 40.586239 ], [ -111.908223, 40.577872 ], [ -111.915599, 40.575163 ], [ -111.919684, 40.574253 ], [ -111.920473, 40.574246 ], [ -111.920874, 40.574215 ], [ -111.921479, 40.572421 ], [ -111.921472, 40.571999 ], [ -111.923985, 40.564957 ], [ -111.92777, 40.56399 ], [ -111.928837, 40.56403 ], [ -111.928974, 40.560433 ] ] ] } },
{ "type": "Feature", "properties": { "group_index": 0, "value": 600.0, "center": [ -111.9470317, 40.6055451 ], "point_id": 62 }, "geometry": { "type": "Polygon", "coordinates": [ [ [ -112.014447, 40.610932 ], [ -112.014435, 40.608085 ], [ -112.014984, 40.599996 ], [ -112.015132, 40.598125 ], [ -112.015049, 40.597982 ], [ -112.014616, 40.597475 ], [ -112.014524, 40.597375 ], [ -112.010448, 40.589717 ], [ -112.010445, 40.586117 ], [ -112.004358, 40.581768 ], [ -112.003626, 40.58012 ], [ -112.002034, 40.580681 ], [ -112.001523, 40.580933 ], [ -111.998275, 40.581524 ], [ -111.997473, 40.581423 ], [ -111.993639, 40.573452 ], [ -111.993647, 40.573109 ], [ -111.993203, 40.571674 ], [ -111.986345, 40.567512 ], [ -111.981451, 40.563657 ], [ -111.980668, 40.560143 ], [ -111.980392, 40.553156 ], [ -111.982555, 40.551121 ], [ -111.980088, 40.548499 ], [ -111.977925, 40.550533 ], [ -111.977312, 40.551217 ], [ -111.976881, 40.551787 ], [ -111.976497, 40.552382 ], [ -111.976158, 40.553022 ], [ -111.975882, 40.553663 ], [ -111.975696, 40.554189 ], [ -111.967295, 40.556455 ], [ -111.965014, 40.554157 ], [ -111.959567, 40.54824 ], [ -111.953772, 40.544023 ], [ -111.952551, 40.542331 ], [ -111.947215, 40.542063 ], [ -111.944259, 40.542357 ], [ -111.942929, 40.544161 ], [ -111.938407, 40.551136 ], [ -111.937136, 40.552078 ], [ -111.935381, 40.553346 ], [ -111.92856, 40.557712 ], [ -111.927346, 40.558396 ], [ -111.925264, 40.559741 ], [ -111.918627, 40.564473 ], [ -111.917857, 40.564888 ], [ -111.909854, 40.568827 ], [ -111.909213, 40.568515 ], [ -111.907559, 40.568077 ], [ -111.906659, 40.567901 ], [ -111.906597, 40.567901 ], [ -111.905146, 40.568709 ], [ -111.905064, 40.568865 ], [ -111.905762, 40.570059 ], [ -111.906594, 40.571501 ], [ -111.906954, 40.571675 ], [ -111.908277, 40.572063 ], [ -111.911704, 40.573683 ], [ -111.912782, 40.578592 ], [ -111.905971, 40.580778 ], [ -111.905468, 40.580787 ], [ -111.90093, 40.581766 ], [ -111.900657, 40.581768 ], [ -111.898573, 40.583066 ], [ -111.896884, 40.587631 ], [ -111.896884, 40.587751 ], [ -111.897622, 40.589755 ], [ -111.898534, 40.590256 ], [ -111.902505, 40.596819 ], [ -111.896164, 40.60238 ], [ -111.89443, 40.603978 ], [ -111.893653, 40.605909 ], [ -111.893651, 40.606197 ], [ -111.89389, 40.610935 ], [ -111.895578, 40.612716 ], [ -111.895691, 40.612716 ], [ -111.897962, 40.612842 ], [ -111.902455, 40.614487 ], [ -111.905005, 40.618995 ], [ -111.904793, 40.622427 ], [ -111.905305, 40.625721 ], [ -111.905404, 40.625857 ], [ -111.906112, 40.626442 ], [ -111.908383, 40.628338 ], [ -111.911173, 40.634207 ], [ -111.910825, 40.63779 ], [ -111.912789, 40.63798 ], [ -111.914753, 40.638171 ], [ -111.915688, 40.63828 ], [ -111.922864, 40.641506 ], [ -111.924523, 40.643135 ], [ -111.925199, 40.643768 ], [ -111.925792, 40.644248 ], [ -111.926479, 40.644705 ], [ -111.927102, 40.645047 ], [ -111.927721, 40.645345 ], [ -111.928337, 40.645594 ], [ -111.928993, 40.645818 ], [ -111.936161, 40.651167 ], [ -111.93865, 40.65311 ], [ -111.946585, 40.654895 ], [ -111.947032, 40.65489 ], [ -111.950692, 40.655335 ], [ -111.956131, 40.66045 ], [ -111.957516, 40.661132 ], [ -111.957913, 40.661135 ], [ -111.958111, 40.661135 ], [ -111.959731, 40.660429 ], [ -111.966685, 40.655142 ], [ -111.968905, 40.654894 ], [ -111.970691, 40.653044 ], [ -111.97894, 40.652569 ], [ -111.98227, 40.651201 ], [ -111.981127, 40.648417 ], [ -111.982054, 40.640374 ], [ -111.984664, 40.633726 ], [ -111.985416, 40.632057 ], [ -111.985429, 40.631991 ], [ -111.987667, 40.626552 ], [ -111.988372, 40.62486 ], [ -111.988399, 40.624723 ], [ -111.988399, 40.624723 ], [ -111.988429, 40.624576 ], [ -111.995831, 40.620816 ], [ -111.998008, 40.627047 ], [ -111.998009, 40.627246 ], [ -111.999791, 40.628842 ], [ -111.999879, 40.628842 ], [ -112.001609, 40.627236 ], [ -112.002415, 40.625873 ], [ -112.003097, 40.623652 ], [ -112.007198, 40.616635 ], [ -112.01282, 40.61262 ], [ -112.014419, 40.611387 ], [ -112.014447, 40.610932 ] ] ] } },
{ "type": "Feature", "properties": { "group_index": 0, "value": 600.0, "center": [ -111.94734536171627, 40.60394786637238 ], "point_id": 63 }, "geometry": { "type": "Polygon", "coordinates": [ [ [ -112.014445, 40.609448 ], [ -112.014427, 40.608068 ], [ -112.014123, 40.600406 ], [ -112.012585, 40.597151 ], [ -112.013312, 40.589714 ], [ -112.013309, 40.586114 ], [ -112.006534, 40.580218 ], [ -112.006432, 40.580081 ], [ -112.004518, 40.579662 ], [ -112.004256, 40.579792 ], [ -112.002873, 40.580266 ], [ -111.997032, 40.574077 ], [ -111.995565, 40.571717 ], [ -111.988147, 40.567393 ], [ -111.98381, 40.560217 ], [ -111.981753, 40.551875 ], [ -111.983147, 40.550564 ], [ -111.984299, 40.549396 ], [ -111.984812, 40.54896 ], [ -111.98493, 40.548822 ], [ -111.98529, 40.548087 ], [ -111.982224, 40.5462 ], [ -111.980617, 40.548002 ], [ -111.979287, 40.549253 ], [ -111.977925, 40.550533 ], [ -111.977312, 40.551217 ], [ -111.976881, 40.551787 ], [ -111.976497, 40.552382 ], [ -111.976158, 40.553022 ], [ -111.967323, 40.554613 ], [ -111.962886, 40.552308 ], [ -111.960526, 40.548686 ], [ -111.959562, 40.546439 ], [ -111.957104, 40.544146 ], [ -111.955448, 40.542362 ], [ -111.950743, 40.541369 ], [ -111.948606, 40.541235 ], [ -111.947143, 40.541346 ], [ -111.942151, 40.542346 ], [ -111.938397, 40.549436 ], [ -111.936812, 40.550301 ], [ -111.935013, 40.551908 ], [ -111.928775, 40.555023 ], [ -111.923605, 40.559339 ], [ -111.919681, 40.561847 ], [ -111.917969, 40.563009 ], [ -111.91649, 40.564803 ], [ -111.908219, 40.568344 ], [ -111.905021, 40.5679 ], [ -111.904759, 40.567902 ], [ -111.904962, 40.569416 ], [ -111.904791, 40.571502 ], [ -111.898515, 40.577836 ], [ -111.896154, 40.586172 ], [ -111.89535, 40.587712 ], [ -111.895351, 40.587767 ], [ -111.896165, 40.589772 ], [ -111.899033, 40.591092 ], [ -111.902505, 40.596819 ], [ -111.8963, 40.603225 ], [ -111.894443, 40.604545 ], [ -111.893653, 40.605909 ], [ -111.893652, 40.606005 ], [ -111.894387, 40.611166 ], [ -111.895865, 40.612717 ], [ -111.896172, 40.61272 ], [ -111.903025, 40.61518 ], [ -111.905605, 40.622578 ], [ -111.90596, 40.624938 ], [ -111.906123, 40.625549 ], [ -111.906606, 40.626637 ], [ -111.908389, 40.627761 ], [ -111.911768, 40.634264 ], [ -111.911421, 40.637848 ], [ -111.914753, 40.638171 ], [ -111.915688, 40.63828 ], [ -111.922864, 40.641506 ], [ -111.924523, 40.643135 ], [ -111.925199, 40.643768 ], [ -111.925792, 40.644248 ], [ -111.926479, 40.644705 ], [ -111.927102, 40.645047 ], [ -111.927721, 40.645345 ], [ -111.928337, 40.645594 ], [ -111.928993, 40.645818 ], [ -111.935229, 40.649524 ], [ -111.936753, 40.651166 ], [ -111.93841, 40.652403 ], [ -111.938434, 40.652402 ], [ -111.945798, 40.653086 ], [ -111.947512, 40.654887 ], [ -111.949896, 40.655181 ], [ -111.956127, 40.659745 ], [ -111.957769, 40.661134 ], [ -111.958142, 40.66114 ], [ -111.959726, 40.659723 ], [ -111.966513, 40.654639 ], [ -111.967775, 40.654896 ], [ -111.967891, 40.654896 ], [ -111.969569, 40.653027 ], [ -111.977988, 40.650685 ], [ -111.978728, 40.652051 ], [ -111.982058, 40.650683 ], [ -111.981127, 40.648417 ], [ -111.981209, 40.640374 ], [ -111.981937, 40.638371 ], [ -111.984203, 40.63377 ], [ -111.985108, 40.631641 ], [ -111.985107, 40.631603 ], [ -111.987855, 40.62566 ], [ -111.987973, 40.624964 ], [ -111.988265, 40.623781 ], [ -111.995793, 40.620591 ], [ -111.99801, 40.625775 ], [ -111.998009, 40.626469 ], [ -111.999808, 40.627577 ], [ -112.000037, 40.627577 ], [ -112.001609, 40.626473 ], [ -112.003186, 40.624004 ], [ -112.007193, 40.615993 ], [ -112.013261, 40.611256 ], [ -112.01445, 40.610617 ], [ -112.014445, 40.609448 ] ] ] } },
{ "type": "Feature", "properties": { "group_index": 0, "value": 600.0, "center": [ -111.8435334760284, 40.66713356872686 ], "point_id": 64 }, "geometry": { "type": "Polygon", "coordinates": [ [ [ -111.911475, 40.673166 ], [ -111.909762, 40.666345 ], [ -111.909692, 40.666156 ], [ -111.904464, 40.660148 ], [ -111.900041, 40.653916 ], [ -111.898159, 40.653468 ], [ -111.896518, 40.653177 ], [ -111.891222, 40.645966 ], [ -111.890769, 40.643796 ], [ -111.890307, 40.642886 ], [ -111.888097, 40.638478 ], [ -111.88703, 40.636652 ], [ -111.884531, 40.629539 ], [ -111.881764, 40.629236 ], [ -111.87865, 40.628926 ], [ -111.87294, 40.626776 ], [ -111.867861, 40.62325 ], [ -111.86661, 40.622112 ], [ -111.865973, 40.621589 ], [ -111.865817, 40.621589 ], [ -111.856984, 40.619936 ], [ -111.85462, 40.619541 ], [ -111.8516, 40.620386 ], [ -111.851113, 40.620689 ], [ -111.84584, 40.62352 ], [ -111.845402, 40.623822 ], [ -111.845131, 40.624043 ], [ -111.843995, 40.625022 ], [ -111.835931, 40.623537 ], [ -111.834946, 40.623057 ], [ -111.834636, 40.622895 ], [ -111.834392, 40.622891 ], [ -111.833488, 40.623148 ], [ -111.824854, 40.622182 ], [ -111.824778, 40.622181 ], [ -111.824778, 40.622181 ], [ -111.824703, 40.62218 ], [ -111.823755, 40.622986 ], [ -111.822281, 40.624596 ], [ -111.822124, 40.62476 ], [ -111.820707, 40.627101 ], [ -111.813892, 40.632324 ], [ -111.813, 40.63243 ], [ -111.81227, 40.632575 ], [ -111.806723, 40.632839 ], [ -111.806147, 40.63277 ], [ -111.806055, 40.632779 ], [ -111.804513, 40.633401 ], [ -111.804381, 40.633847 ], [ -111.803742, 40.637385 ], [ -111.803783, 40.644134 ], [ -111.80435, 40.65049 ], [ -111.803866, 40.655463 ], [ -111.803796, 40.656043 ], [ -111.803438, 40.659068 ], [ -111.79758, 40.665155 ], [ -111.79646, 40.665293 ], [ -111.79621, 40.665941 ], [ -111.790636, 40.672499 ], [ -111.783109, 40.673984 ], [ -111.781908, 40.674899 ], [ -111.781871, 40.675131 ], [ -111.781825, 40.67771 ], [ -111.781987, 40.67782 ], [ -111.787951, 40.683457 ], [ -111.788562, 40.684566 ], [ -111.790885, 40.689253 ], [ -111.791044, 40.689641 ], [ -111.79107, 40.689688 ], [ -111.793387, 40.698286 ], [ -111.79332, 40.698818 ], [ -111.793273, 40.699412 ], [ -111.796862, 40.699693 ], [ -111.804831, 40.701712 ], [ -111.806579, 40.702796 ], [ -111.810974, 40.709471 ], [ -111.813931, 40.712724 ], [ -111.814219, 40.712863 ], [ -111.822405, 40.715285 ], [ -111.827541, 40.716348 ], [ -111.831378, 40.717463 ], [ -111.83495, 40.712862 ], [ -111.835898, 40.711515 ], [ -111.837826, 40.707651 ], [ -111.842411, 40.705856 ], [ -111.847222, 40.712695 ], [ -111.847222, 40.712718 ], [ -111.847222, 40.712726 ], [ -111.847223, 40.712748 ], [ -111.848952, 40.714493 ], [ -111.851583, 40.7167 ], [ -111.852829, 40.717291 ], [ -111.85327, 40.717291 ], [ -111.855704, 40.717296 ], [ -111.856423, 40.717298 ], [ -111.86092, 40.714488 ], [ -111.865418, 40.714464 ], [ -111.865537, 40.714464 ], [ -111.870962, 40.715392 ], [ -111.871195, 40.715388 ], [ -111.872663, 40.714453 ], [ -111.872962, 40.714242 ], [ -111.874397, 40.712707 ], [ -111.878703, 40.708298 ], [ -111.884504, 40.702272 ], [ -111.885182, 40.701663 ], [ -111.891183, 40.696433 ], [ -111.892929, 40.694767 ], [ -111.90125, 40.691557 ], [ -111.90484, 40.691834 ], [ -111.904888, 40.691211 ], [ -111.90487, 40.690224 ], [ -111.904607, 40.687752 ], [ -111.907282, 40.679387 ], [ -111.912039, 40.676722 ], [ -111.911475, 40.673166 ] ] ] } },
{ "type": "Feature", "properties": { "group_index": 0, "value": 600.0, "center": [ -111.87583673415293, 40.74461138410621 ], "point_id": 65 }, "geometry": { "type": "Polygon", "coordinates": [ [ [ -111.915878, 40.762378 ], [ -111.915912, 40.761819 ], [ -111.91594, 40.759971 ], [ -111.915704, 40.759139 ], [ -111.91442, 40.751919 ], [ -111.912905, 40.747086 ], [ -111.916611, 40.742311 ], [ -111.916125, 40.738744 ], [ -111.912974, 40.733086 ], [ -111.910009, 40.726646 ], [ -111.9098, 40.723052 ], [ -111.904376, 40.717895 ], [ -111.903901, 40.717507 ], [ -111.903332, 40.717146 ], [ -111.902214, 40.716712 ], [ -111.901497, 40.716551 ], [ -111.89463, 40.71249 ], [ -111.89337, 40.710847 ], [ -111.891248, 40.709579 ], [ -111.884487, 40.704684 ], [ -111.882315, 40.699859 ], [ -111.880516, 40.69805 ], [ -111.878762, 40.696727 ], [ -111.877591, 40.696004 ], [ -111.873289, 40.689145 ], [ -111.871519, 40.687373 ], [ -111.871511, 40.687373 ], [ -111.869689, 40.689128 ], [ -111.865331, 40.696041 ], [ -111.863028, 40.698091 ], [ -111.861476, 40.699849 ], [ -111.861475, 40.69988 ], [ -111.861475, 40.699909 ], [ -111.861477, 40.69994 ], [ -111.859632, 40.708431 ], [ -111.857918, 40.709233 ], [ -111.854521, 40.709312 ], [ -111.853775, 40.709121 ], [ -111.853523, 40.709226 ], [ -111.853446, 40.709285 ], [ -111.851719, 40.71089 ], [ -111.850774, 40.712442 ], [ -111.843424, 40.717055 ], [ -111.841512, 40.716622 ], [ -111.83957, 40.716182 ], [ -111.836785, 40.715605 ], [ -111.834432, 40.714686 ], [ -111.833124, 40.71402 ], [ -111.831827, 40.713547 ], [ -111.825519, 40.711209 ], [ -111.820775, 40.710695 ], [ -111.819949, 40.710589 ], [ -111.81917, 40.710556 ], [ -111.818841, 40.710739 ], [ -111.819016, 40.714153 ], [ -111.819304, 40.714309 ], [ -111.824503, 40.715265 ], [ -111.825705, 40.715617 ], [ -111.827633, 40.716114 ], [ -111.827795, 40.716164 ], [ -111.830865, 40.717016 ], [ -111.83277, 40.717879 ], [ -111.834457, 40.718663 ], [ -111.835785, 40.719063 ], [ -111.838834, 40.719706 ], [ -111.840473, 40.72851 ], [ -111.836482, 40.731109 ], [ -111.835354, 40.73181 ], [ -111.830492, 40.736216 ], [ -111.828987, 40.737469 ], [ -111.826154, 40.739605 ], [ -111.825484, 40.74232 ], [ -111.825558, 40.742407 ], [ -111.826523, 40.743528 ], [ -111.826676, 40.743705 ], [ -111.828869, 40.74486 ], [ -111.834702, 40.749388 ], [ -111.83541, 40.751297 ], [ -111.839569, 40.758276 ], [ -111.841184, 40.760238 ], [ -111.845009, 40.761155 ], [ -111.850539, 40.765207 ], [ -111.852128, 40.769374 ], [ -111.853552, 40.771149 ], [ -111.857579, 40.772358 ], [ -111.860532, 40.773495 ], [ -111.863211, 40.77463 ], [ -111.869762, 40.780208 ], [ -111.871428, 40.781868 ], [ -111.871622, 40.781861 ], [ -111.877661, 40.77691 ], [ -111.881295, 40.774644 ], [ -111.882355, 40.77307 ], [ -111.88956, 40.76905 ], [ -111.892824, 40.765776 ], [ -111.899588, 40.762785 ], [ -111.901401, 40.761134 ], [ -111.902796, 40.760259 ], [ -111.904268, 40.759197 ], [ -111.911359, 40.762632 ], [ -111.911065, 40.765255 ], [ -111.914349, 40.76673 ], [ -111.914643, 40.766074 ], [ -111.915738, 40.763276 ], [ -111.915878, 40.762378 ] ] ] } },
{ "type": "Feature", "properties": { "group_index": 0, "value": 600.0, "center": [ -112.09299228761537, 40.700731372754255 ], "point_id": 66 }, "geometry": { "type": "Polygon", "coordinates": [ [ [ -112.193505, 40.725456 ], [ -112.18999, 40.72565 ], [ -112.187916, 40.725729 ], [ -112.184436, 40.725888 ], [ -112.182723, 40.725943 ], [ -112.180346, 40.726044 ], [ -112.177987, 40.726144 ], [ -112.174716, 40.726299 ], [ -112.171056, 40.726148 ], [ -112.168377, 40.725945 ], [ -112.164201, 40.724695 ], [ -112.159445, 40.721316 ], [ -112.159035, 40.721023 ], [ -112.158384, 40.720621 ], [ -112.157916, 40.720391 ], [ -112.157415, 40.720195 ], [ -112.156609, 40.719946 ], [ -112.156176, 40.719846 ], [ -112.148323, 40.717789 ], [ -112.147707, 40.717621 ], [ -112.147319, 40.717544 ], [ -112.146717, 40.717471 ], [ -112.14639, 40.717442 ], [ -112.137593, 40.715958 ], [ -112.136842, 40.715787 ], [ -112.135338, 40.715405 ], [ -112.13457, 40.715241 ], [ -112.133791, 40.715112 ], [ -112.132389, 40.714923 ], [ -112.131291, 40.714727 ], [ -112.130006, 40.714466 ], [ -112.129155, 40.714319 ], [ -112.128283, 40.714211 ], [ -112.127838, 40.71418 ], [ -112.127219, 40.71418 ], [ -112.126555, 40.7142 ], [ -112.125004, 40.714354 ], [ -112.123856, 40.714539 ], [ -112.123098, 40.714682 ], [ -112.12081, 40.715237 ], [ -112.118495, 40.715819 ], [ -112.117741, 40.715964 ], [ -112.110483, 40.71094 ], [ -112.112219, 40.705803 ], [ -112.110366, 40.700236 ], [ -112.110192, 40.697502 ], [ -112.105225, 40.692553 ], [ -112.10289, 40.687387 ], [ -112.101199, 40.683396 ], [ -112.099576, 40.681696 ], [ -112.095667, 40.677297 ], [ -112.093782, 40.673185 ], [ -112.094692, 40.667117 ], [ -112.094588, 40.666475 ], [ -112.091751, 40.663055 ], [ -112.091203, 40.662395 ], [ -112.090702, 40.661875 ], [ -112.090151, 40.661364 ], [ -112.089375, 40.660735 ], [ -112.088608, 40.660193 ], [ -112.087833, 40.659737 ], [ -112.087052, 40.659334 ], [ -112.084873, 40.658326 ], [ -112.083984, 40.65789 ], [ -112.077968, 40.651211 ], [ -112.072694, 40.648492 ], [ -112.069992, 40.646018 ], [ -112.067281, 40.643535 ], [ -112.064874, 40.637835 ], [ -112.0647, 40.63128 ], [ -112.063989, 40.629465 ], [ -112.062913, 40.629458 ], [ -112.060823, 40.629458 ], [ -112.059555, 40.629284 ], [ -112.056602, 40.621464 ], [ -112.056721, 40.620974 ], [ -112.056652, 40.613281 ], [ -112.056801, 40.612518 ], [ -112.0553, 40.611177 ], [ -112.055124, 40.611153 ], [ -112.053267, 40.61183 ], [ -112.053119, 40.612593 ], [ -112.052477, 40.616074 ], [ -112.048575, 40.623859 ], [ -112.044223, 40.62663 ], [ -112.042329, 40.63469 ], [ -112.040524, 40.635909 ], [ -112.039239, 40.63676 ], [ -112.038065, 40.638335 ], [ -112.038049, 40.638778 ], [ -112.039216, 40.64036 ], [ -112.042658, 40.646911 ], [ -112.042547, 40.64879 ], [ -112.044462, 40.651457 ], [ -112.045566, 40.654884 ], [ -112.046609, 40.654881 ], [ -112.052471, 40.653155 ], [ -112.053585, 40.653161 ], [ -112.053829, 40.653162 ], [ -112.055335, 40.653163 ], [ -112.060273, 40.654958 ], [ -112.062955, 40.654954 ], [ -112.070766, 40.65615 ], [ -112.071145, 40.656328 ], [ -112.07155, 40.656478 ], [ -112.072194, 40.656647 ], [ -112.072568, 40.656714 ], [ -112.073159, 40.656768 ], [ -112.078887, 40.659019 ], [ -112.079934, 40.65978 ], [ -112.081126, 40.660544 ], [ -112.082153, 40.661125 ], [ -112.083313, 40.661697 ], [ -112.08554, 40.662601 ], [ -112.090117, 40.668596 ], [ -112.090182, 40.673159 ], [ -112.08622, 40.680225 ], [ -112.082248, 40.680222 ], [ -112.079054, 40.68022 ], [ -112.07586, 40.680218 ], [ -112.072666, 40.680216 ], [ -112.069472, 40.680214 ], [ -112.066279, 40.680212 ], [ -112.063082, 40.680211 ], [ -112.060816, 40.680213 ], [ -112.058201, 40.68024 ], [ -112.053249, 40.679854 ], [ -112.051668, 40.679901 ], [ -112.045677, 40.67561 ], [ -112.045655, 40.671667 ], [ -112.045619, 40.66756 ], [ -112.045682, 40.664634 ], [ -112.042083, 40.664556 ], [ -112.040806, 40.66727 ], [ -112.034295, 40.673353 ], [ -112.034149, 40.673354 ], [ -112.029262, 40.67422 ], [ -112.026891, 40.68162 ], [ -112.02689, 40.681951 ], [ -112.028235, 40.686682 ], [ -112.024096, 40.693134 ], [ -112.023027, 40.693722 ], [ -112.022473, 40.693953 ], [ -112.021502, 40.694326 ], [ -112.02051, 40.694768 ], [ -112.019057, 40.696618 ], [ -112.015914, 40.699735 ], [ -112.009378, 40.702067 ], [ -112.007674, 40.70377 ], [ -112.007674, 40.703845 ], [ -112.007673, 40.703885 ], [ -112.007674, 40.70396 ], [ -112.009371, 40.705667 ], [ -112.00947, 40.705667 ], [ -112.013023, 40.705648 ], [ -112.017799, 40.712513 ], [ -112.017765, 40.713141 ], [ -112.017749, 40.713395 ], [ -112.017641, 40.719841 ], [ -112.011339, 40.723764 ], [ -112.010354, 40.723965 ], [ -112.00605, 40.723962 ], [ -112.001746, 40.723959 ], [ -111.997443, 40.723956 ], [ -111.993415, 40.723974 ], [ -111.992552, 40.723849 ], [ -111.989472, 40.723533 ], [ -111.983463, 40.723946 ], [ -111.983445, 40.727546 ], [ -111.986547, 40.727561 ], [ -111.989849, 40.727557 ], [ -111.99314, 40.727553 ], [ -111.99744, 40.727556 ], [ -112.001744, 40.727559 ], [ -112.006048, 40.727562 ], [ -112.010351, 40.727565 ], [ -112.013535, 40.727544 ], [ -112.020398, 40.732485 ], [ -112.02217, 40.73428 ], [ -112.025102, 40.74202 ], [ -112.03277, 40.742055 ], [ -112.033237, 40.742055 ], [ -112.034567, 40.740422 ], [ -112.034569, 40.740289 ], [ -112.033237, 40.738455 ], [ -112.032426, 40.730223 ], [ -112.037152, 40.727603 ], [ -112.037559, 40.727544 ], [ -112.038641, 40.727368 ], [ -112.03917, 40.727268 ], [ -112.039694, 40.727161 ], [ -112.046501, 40.728668 ], [ -112.053754, 40.727425 ], [ -112.05749, 40.727335 ], [ -112.063034, 40.727318 ], [ -112.070375, 40.72894 ], [ -112.076264, 40.727319 ], [ -112.080489, 40.729002 ], [ -112.084089, 40.729007 ], [ -112.084092, 40.726812 ], [ -112.084081, 40.725565 ], [ -112.088662, 40.719179 ], [ -112.091293, 40.719724 ], [ -112.092022, 40.719897 ], [ -112.096857, 40.720002 ], [ -112.100264, 40.720026 ], [ -112.103203, 40.720001 ], [ -112.106626, 40.719988 ], [ -112.110049, 40.719975 ], [ -112.111876, 40.719968 ], [ -112.113192, 40.719979 ], [ -112.11427, 40.719963 ], [ -112.115368, 40.719897 ], [ -112.116132, 40.719824 ], [ -112.117189, 40.719703 ], [ -112.118433, 40.719496 ], [ -112.119372, 40.71931 ], [ -112.121662, 40.718735 ], [ -112.123769, 40.718219 ], [ -112.130665, 40.718272 ], [ -112.131909, 40.718491 ], [ -112.138738, 40.720151 ], [ -112.140383, 40.720779 ], [ -112.141053, 40.720968 ], [ -112.141746, 40.721106 ], [ -112.142624, 40.721206 ], [ -112.151248, 40.722856 ], [ -112.151924, 40.723024 ], [ -112.159504, 40.726275 ], [ -112.16048, 40.726938 ], [ -112.161263, 40.727384 ], [ -112.167207, 40.73365 ], [ -112.167596, 40.734203 ], [ -112.167831, 40.734449 ], [ -112.168745, 40.735271 ], [ -112.170455, 40.736788 ], [ -112.172158, 40.738298 ], [ -112.173568, 40.739561 ], [ -112.174979, 40.740823 ], [ -112.17738, 40.738141 ], [ -112.17597, 40.736878 ], [ -112.180498, 40.729641 ], [ -112.182838, 40.729541 ], [ -112.184601, 40.729485 ], [ -112.188054, 40.729326 ], [ -112.190188, 40.729244 ], [ -112.193815, 40.729043 ], [ -112.195582, 40.72889 ], [ -112.195271, 40.725303 ], [ -112.193505, 40.725456 ] ] ] } },
{ "type": "Feature", "properties": { "group_index": 0, "value": 600.0, "center": [ -111.93985974118137, 40.56453684662079 ], "point_id": 67 }, "geometry": { "type": "Polygon", "coordinates": [ [ [ -112.007141, 40.564184 ], [ -112.005241, 40.562832 ], [ -112.002091, 40.560447 ], [ -111.999728, 40.557933 ], [ -111.999001, 40.557555 ], [ -111.998429, 40.557185 ], [ -111.996658, 40.548572 ], [ -111.997009, 40.544989 ], [ -111.992774, 40.541852 ], [ -111.990073, 40.536666 ], [ -111.988837, 40.535126 ], [ -111.986154, 40.527023 ], [ -111.986215, 40.526091 ], [ -111.986428, 40.524021 ], [ -111.986099, 40.516813 ], [ -111.986171, 40.515439 ], [ -111.986178, 40.514452 ], [ -111.982578, 40.514426 ], [ -111.982571, 40.515413 ], [ -111.982478, 40.516649 ], [ -111.982417, 40.517632 ], [ -111.982256, 40.519749 ], [ -111.97673, 40.525122 ], [ -111.971627, 40.522109 ], [ -111.970036, 40.520459 ], [ -111.969782, 40.520465 ], [ -111.964802, 40.519131 ], [ -111.961226, 40.513984 ], [ -111.959492, 40.509715 ], [ -111.957775, 40.508071 ], [ -111.957694, 40.508071 ], [ -111.955892, 40.509716 ], [ -111.955347, 40.51165 ], [ -111.953783, 40.513941 ], [ -111.953253, 40.515206 ], [ -111.947011, 40.517647 ], [ -111.943304, 40.512826 ], [ -111.943148, 40.511916 ], [ -111.942966, 40.511735 ], [ -111.940484, 40.507224 ], [ -111.938985, 40.505959 ], [ -111.938583, 40.505956 ], [ -111.938547, 40.505956 ], [ -111.938226, 40.50596 ], [ -111.93727, 40.50651 ], [ -111.932195, 40.509631 ], [ -111.927417, 40.511918 ], [ -111.923101, 40.516863 ], [ -111.921718, 40.518244 ], [ -111.917194, 40.524015 ], [ -111.914613, 40.524823 ], [ -111.912565, 40.524999 ], [ -111.90659, 40.523549 ], [ -111.906584, 40.523549 ], [ -111.904534, 40.524989 ], [ -111.904092, 40.526737 ], [ -111.90371, 40.528048 ], [ -111.903715, 40.528372 ], [ -111.897334, 40.533187 ], [ -111.893714, 40.528001 ], [ -111.893769, 40.527483 ], [ -111.893548, 40.526883 ], [ -111.893124, 40.524952 ], [ -111.893183, 40.522144 ], [ -111.889584, 40.522069 ], [ -111.889525, 40.524876 ], [ -111.889531, 40.526406 ], [ -111.889594, 40.528301 ], [ -111.88979, 40.529945 ], [ -111.890081, 40.531349 ], [ -111.890555, 40.533795 ], [ -111.890776, 40.534791 ], [ -111.89139, 40.537098 ], [ -111.889447, 40.544025 ], [ -111.88725, 40.551599 ], [ -111.88361, 40.558512 ], [ -111.883598, 40.558575 ], [ -111.883784, 40.566115 ], [ -111.880165, 40.571473 ], [ -111.878654, 40.573262 ], [ -111.878654, 40.573322 ], [ -111.880168, 40.575073 ], [ -111.880455, 40.575073 ], [ -111.882736, 40.575323 ], [ -111.888972, 40.580983 ], [ -111.89099, 40.587992 ], [ -111.892372, 40.589795 ], [ -111.896041, 40.591556 ], [ -111.902569, 40.597032 ], [ -111.903726, 40.599716 ], [ -111.90491, 40.60135 ], [ -111.910113, 40.606314 ], [ -111.91029, 40.606313 ], [ -111.912003, 40.605394 ], [ -111.918824, 40.610015 ], [ -111.919091, 40.611795 ], [ -111.925987, 40.616993 ], [ -111.926175, 40.617533 ], [ -111.927419, 40.61944 ], [ -111.928408, 40.62124 ], [ -111.935098, 40.625849 ], [ -111.936995, 40.627537 ], [ -111.938796, 40.627816 ], [ -111.939528, 40.627818 ], [ -111.940595, 40.627551 ], [ -111.943089, 40.624094 ], [ -111.949003, 40.620254 ], [ -111.950104, 40.61894 ], [ -111.957786, 40.614857 ], [ -111.959592, 40.613286 ], [ -111.964338, 40.611294 ], [ -111.967456, 40.610734 ], [ -111.974565, 40.614318 ], [ -111.978165, 40.614387 ], [ -111.97821, 40.612014 ], [ -111.978226, 40.609888 ], [ -111.978267, 40.607268 ], [ -111.978411, 40.60506 ], [ -111.978791, 40.602999 ], [ -111.978876, 40.602214 ], [ -111.978911, 40.599044 ], [ -111.982673, 40.593727 ], [ -111.986218, 40.593627 ], [ -111.986458, 40.593625 ], [ -111.988246, 40.592323 ], [ -111.993235, 40.589751 ], [ -111.99323, 40.586151 ], [ -111.992849, 40.586094 ], [ -111.988224, 40.583522 ], [ -111.991441, 40.575968 ], [ -111.99165, 40.575897 ], [ -111.994139, 40.57537 ], [ -111.994708, 40.575361 ], [ -111.999869, 40.569762 ], [ -112.007153, 40.567784 ], [ -112.007141, 40.564184 ] ] ] } },
{ "type": "Feature", "properties": { "group_index": 0, "value": 600.0, "center": [ -111.86223551553321, 40.67675279281349 ], "point_id": 68 }, "geometry": { "type": "Polygon", "coordinates": [ [ [ -111.93169, 40.666919 ], [ -111.928413, 40.667506 ], [ -111.928407, 40.667508 ], [ -111.926854, 40.668547 ], [ -111.919238, 40.665571 ], [ -111.917401, 40.664101 ], [ -111.917356, 40.664104 ], [ -111.914407, 40.663833 ], [ -111.914097, 40.663739 ], [ -111.909105, 40.660815 ], [ -111.909822, 40.654073 ], [ -111.909754, 40.653739 ], [ -111.908288, 40.652264 ], [ -111.908081, 40.651996 ], [ -111.904589, 40.646183 ], [ -111.904935, 40.64289 ], [ -111.911276, 40.638069 ], [ -111.914858, 40.638382 ], [ -111.915172, 40.634795 ], [ -111.911589, 40.634483 ], [ -111.906851, 40.632849 ], [ -111.90501, 40.627533 ], [ -111.904939, 40.627153 ], [ -111.9014, 40.627815 ], [ -111.901471, 40.628195 ], [ -111.902908, 40.636801 ], [ -111.90187, 40.639419 ], [ -111.901626, 40.64039 ], [ -111.901514, 40.640993 ], [ -111.901353, 40.642528 ], [ -111.896543, 40.648461 ], [ -111.890578, 40.647398 ], [ -111.889063, 40.645908 ], [ -111.886057, 40.641936 ], [ -111.885031, 40.640277 ], [ -111.884673, 40.639506 ], [ -111.883113, 40.637887 ], [ -111.882872, 40.637889 ], [ -111.882784, 40.637889 ], [ -111.874751, 40.63605 ], [ -111.873949, 40.63299 ], [ -111.87395, 40.632762 ], [ -111.872195, 40.631182 ], [ -111.868612, 40.629938 ], [ -111.866538, 40.629148 ], [ -111.866376, 40.629153 ], [ -111.864, 40.629772 ], [ -111.856603, 40.626307 ], [ -111.855815, 40.625555 ], [ -111.855285, 40.624985 ], [ -111.853718, 40.624937 ], [ -111.853633, 40.624981 ], [ -111.847135, 40.629123 ], [ -111.844904, 40.629123 ], [ -111.84389, 40.629156 ], [ -111.842436, 40.629301 ], [ -111.841246, 40.6295 ], [ -111.835787, 40.630331 ], [ -111.832188, 40.630388 ], [ -111.82472, 40.631679 ], [ -111.822489, 40.633751 ], [ -111.815988, 40.63652 ], [ -111.814865, 40.636699 ], [ -111.813255, 40.638432 ], [ -111.813307, 40.638769 ], [ -111.813876, 40.640161 ], [ -111.814067, 40.640215 ], [ -111.814705, 40.640295 ], [ -111.819206, 40.640473 ], [ -111.824518, 40.643061 ], [ -111.824479, 40.650186 ], [ -111.822885, 40.651732 ], [ -111.81814, 40.656291 ], [ -111.817649, 40.656511 ], [ -111.816201, 40.657508 ], [ -111.814832, 40.659296 ], [ -111.814829, 40.659592 ], [ -111.813898, 40.667968 ], [ -111.808606, 40.671718 ], [ -111.808305, 40.671809 ], [ -111.802766, 40.671798 ], [ -111.801901, 40.673005 ], [ -111.801562, 40.673734 ], [ -111.801446, 40.674236 ], [ -111.80146, 40.674941 ], [ -111.801995, 40.676098 ], [ -111.802268, 40.676218 ], [ -111.805977, 40.681608 ], [ -111.804374, 40.685221 ], [ -111.803138, 40.686837 ], [ -111.803137, 40.687009 ], [ -111.804369, 40.688821 ], [ -111.810362, 40.691478 ], [ -111.813161, 40.694395 ], [ -111.816066, 40.698455 ], [ -111.822645, 40.703533 ], [ -111.823936, 40.704858 ], [ -111.824369, 40.704879 ], [ -111.832271, 40.708547 ], [ -111.833736, 40.709972 ], [ -111.834079, 40.709971 ], [ -111.841835, 40.712714 ], [ -111.842828, 40.720606 ], [ -111.844491, 40.720933 ], [ -111.845742, 40.721121 ], [ -111.847165, 40.721259 ], [ -111.849132, 40.721322 ], [ -111.852692, 40.721383 ], [ -111.854865, 40.721377 ], [ -111.863177, 40.723608 ], [ -111.869548, 40.727185 ], [ -111.870898, 40.727646 ], [ -111.871152, 40.727643 ], [ -111.872928, 40.726428 ], [ -111.87684, 40.723775 ], [ -111.877265, 40.723432 ], [ -111.878636, 40.72239 ], [ -111.886711, 40.720392 ], [ -111.889018, 40.720157 ], [ -111.88983, 40.720132 ], [ -111.889835, 40.716651 ], [ -111.889853, 40.716532 ], [ -111.891116, 40.712589 ], [ -111.892931, 40.709173 ], [ -111.901892, 40.70967 ], [ -111.902106, 40.711787 ], [ -111.89978, 40.715928 ], [ -111.90009, 40.719515 ], [ -111.902386, 40.724363 ], [ -111.902333, 40.725814 ], [ -111.902475, 40.727732 ], [ -111.906065, 40.727465 ], [ -111.906019, 40.722731 ], [ -111.906088, 40.72108 ], [ -111.906113, 40.718829 ], [ -111.906062, 40.716776 ], [ -111.905996, 40.715275 ], [ -111.905705, 40.711858 ], [ -111.905698, 40.711662 ], [ -111.905476, 40.709328 ], [ -111.910056, 40.701691 ], [ -111.910736, 40.701613 ], [ -111.910328, 40.698036 ], [ -111.911327, 40.68954 ], [ -111.912274, 40.68882 ], [ -111.912987, 40.687909 ], [ -111.917871, 40.68146 ], [ -111.925348, 40.677763 ], [ -111.927349, 40.677231 ], [ -111.9291, 40.67547 ], [ -111.932953, 40.67029 ], [ -111.93169, 40.666919 ] ] ] } },
{ "type": "Feature", "properties": { "group_index": 0, "value": 600.0, "center": [ -111.8263978, 40.6965978 ], "point_id": 69 }, "geometry": { "type": "Polygon", "coordinates": [ [ [ -111.912466, 40.752288 ], [ -111.909362, 40.749827 ], [ -111.905819, 40.741967 ], [ -111.906267, 40.736506 ], [ -111.906298, 40.735075 ], [ -111.906259, 40.733675 ], [ -111.909307, 40.727362 ], [ -111.912512, 40.726179 ], [ -111.912175, 40.722594 ], [ -111.906828, 40.717417 ], [ -111.906822, 40.714617 ], [ -111.906247, 40.712557 ], [ -111.90583, 40.70936 ], [ -111.897573, 40.707295 ], [ -111.89579, 40.705099 ], [ -111.893982, 40.703371 ], [ -111.892941, 40.702118 ], [ -111.89097, 40.699876 ], [ -111.89017, 40.698882 ], [ -111.890004, 40.690355 ], [ -111.892452, 40.68707 ], [ -111.892452, 40.68704 ], [ -111.890168, 40.683733 ], [ -111.888776, 40.682003 ], [ -111.88326, 40.679504 ], [ -111.88109, 40.67391 ], [ -111.881037, 40.673828 ], [ -111.879787, 40.672616 ], [ -111.873428, 40.669879 ], [ -111.871824, 40.668405 ], [ -111.869292, 40.664877 ], [ -111.864606, 40.661252 ], [ -111.864598, 40.661252 ], [ -111.857112, 40.656902 ], [ -111.856294, 40.654243 ], [ -111.854873, 40.653454 ], [ -111.851893, 40.652028 ], [ -111.848629, 40.653546 ], [ -111.842237, 40.649316 ], [ -111.840846, 40.647604 ], [ -111.835836, 40.644689 ], [ -111.834975, 40.644505 ], [ -111.834788, 40.644504 ], [ -111.833165, 40.64593 ], [ -111.827597, 40.647175 ], [ -111.825155, 40.649502 ], [ -111.820249, 40.651958 ], [ -111.818881, 40.65188 ], [ -111.815166, 40.644308 ], [ -111.8152, 40.643986 ], [ -111.816655, 40.640296 ], [ -111.817929, 40.638507 ], [ -111.824007, 40.636383 ], [ -111.827242, 40.636368 ], [ -111.828107, 40.63633 ], [ -111.828599, 40.63631 ], [ -111.829533, 40.636216 ], [ -111.831699, 40.635815 ], [ -111.832401, 40.635418 ], [ -111.834544, 40.634873 ], [ -111.833658, 40.631384 ], [ -111.831514, 40.631929 ], [ -111.823992, 40.632783 ], [ -111.820829, 40.632796 ], [ -111.820226, 40.632779 ], [ -111.817781, 40.632646 ], [ -111.815792, 40.632525 ], [ -111.814997, 40.632501 ], [ -111.806847, 40.631508 ], [ -111.806594, 40.631476 ], [ -111.806551, 40.631471 ], [ -111.805165, 40.631925 ], [ -111.801845, 40.634789 ], [ -111.797327, 40.640797 ], [ -111.797529, 40.641245 ], [ -111.797987, 40.642023 ], [ -111.799039, 40.643681 ], [ -111.799686, 40.644678 ], [ -111.800217, 40.645543 ], [ -111.800771, 40.646364 ], [ -111.801904, 40.647699 ], [ -111.803866, 40.655463 ], [ -111.803796, 40.656043 ], [ -111.803826, 40.656576 ], [ -111.803591, 40.658513 ], [ -111.797517, 40.663057 ], [ -111.797154, 40.663694 ], [ -111.796742, 40.664571 ], [ -111.79621, 40.665941 ], [ -111.789409, 40.670542 ], [ -111.782408, 40.672252 ], [ -111.780249, 40.672307 ], [ -111.779249, 40.673085 ], [ -111.778848, 40.673491 ], [ -111.777089, 40.6757 ], [ -111.778359, 40.680052 ], [ -111.777507, 40.688866 ], [ -111.773525, 40.688654 ], [ -111.772537, 40.68877 ], [ -111.77015, 40.689031 ], [ -111.769645, 40.68916 ], [ -111.769353, 40.689264 ], [ -111.768511, 40.689603 ], [ -111.769281, 40.69312 ], [ -111.769532, 40.693065 ], [ -111.772906, 40.692351 ], [ -111.77711, 40.69247 ], [ -111.777827, 40.692452 ], [ -111.785603, 40.695412 ], [ -111.789656, 40.700993 ], [ -111.789696, 40.701111 ], [ -111.790112, 40.701663 ], [ -111.788752, 40.710143 ], [ -111.787787, 40.710735 ], [ -111.786196, 40.71177 ], [ -111.784857, 40.712617 ], [ -111.784027, 40.713228 ], [ -111.78346, 40.713763 ], [ -111.78292, 40.714469 ], [ -111.777239, 40.718782 ], [ -111.775986, 40.7197 ], [ -111.774271, 40.720776 ], [ -111.774139, 40.72087 ], [ -111.772417, 40.721934 ], [ -111.771807, 40.722338 ], [ -111.768211, 40.724108 ], [ -111.76769, 40.724381 ], [ -111.767153, 40.724741 ], [ -111.761611, 40.727591 ], [ -111.760663, 40.728013 ], [ -111.753635, 40.730721 ], [ -111.751636, 40.731232 ], [ -111.752224, 40.734784 ], [ -111.752901, 40.734672 ], [ -111.75702, 40.733832 ], [ -111.75776, 40.733687 ], [ -111.759117, 40.733232 ], [ -111.759511, 40.733058 ], [ -111.766429, 40.729848 ], [ -111.766935, 40.729606 ], [ -111.773955, 40.726076 ], [ -111.781442, 40.721342 ], [ -111.782988, 40.720573 ], [ -111.783688, 40.720096 ], [ -111.784112, 40.719783 ], [ -111.784536, 40.719398 ], [ -111.78516, 40.718491 ], [ -111.78975, 40.713753 ], [ -111.793339, 40.712501 ], [ -111.794116, 40.712315 ], [ -111.80209, 40.713288 ], [ -111.80633, 40.716953 ], [ -111.808627, 40.722629 ], [ -111.811127, 40.724684 ], [ -111.813031, 40.726312 ], [ -111.817898, 40.727642 ], [ -111.822186, 40.731631 ], [ -111.823229, 40.733619 ], [ -111.824996, 40.735381 ], [ -111.828992, 40.739114 ], [ -111.830618, 40.740605 ], [ -111.83095, 40.740606 ], [ -111.837015, 40.738703 ], [ -111.843295, 40.736438 ], [ -111.847565, 40.737143 ], [ -111.852094, 40.742329 ], [ -111.853899, 40.744093 ], [ -111.854457, 40.744092 ], [ -111.855694, 40.742289 ], [ -111.856397, 40.739894 ], [ -111.859614, 40.736241 ], [ -111.861889, 40.735311 ], [ -111.865716, 40.73531 ], [ -111.869298, 40.740526 ], [ -111.869297, 40.740901 ], [ -111.870536, 40.741912 ], [ -111.871114, 40.741907 ], [ -111.871715, 40.741852 ], [ -111.872897, 40.740914 ], [ -111.877392, 40.735318 ], [ -111.878591, 40.733938 ], [ -111.88635, 40.730157 ], [ -111.889302, 40.731599 ], [ -111.891039, 40.733234 ], [ -111.89112, 40.733233 ], [ -111.892902, 40.731553 ], [ -111.894356, 40.730602 ], [ -111.902232, 40.731607 ], [ -111.902355, 40.734863 ], [ -111.902019, 40.738185 ], [ -111.901525, 40.741094 ], [ -111.901515, 40.741151 ], [ -111.902221, 40.744229 ], [ -111.902466, 40.745133 ], [ -111.905765, 40.746841 ], [ -111.908883, 40.753277 ], [ -111.908946, 40.754103 ], [ -111.909438, 40.75503 ], [ -111.912534, 40.754397 ], [ -111.912882, 40.753982 ], [ -111.912466, 40.752288 ] ] ] } },
{ "type": "Feature", "properties": { "group_index": 0, "value": 600.0, "center": [ -111.9276083, 40.776345 ], "point_id": 70 }, "geometry": { "type": "Polygon", "coordinates": [ [ [ -111.984212, 40.762794 ], [ -111.981951, 40.762794 ], [ -111.97969, 40.762794 ], [ -111.977089, 40.762793 ], [ -111.974586, 40.762796 ], [ -111.974487, 40.762793 ], [ -111.971325, 40.762821 ], [ -111.971196, 40.762817 ], [ -111.968341, 40.762853 ], [ -111.966158, 40.762932 ], [ -111.964603, 40.763112 ], [ -111.962948, 40.763205 ], [ -111.960563, 40.76342 ], [ -111.955931, 40.762067 ], [ -111.952694, 40.757813 ], [ -111.952425, 40.757339 ], [ -111.950497, 40.751335 ], [ -111.95085, 40.745847 ], [ -111.951173, 40.744118 ], [ -111.951396, 40.7426 ], [ -111.951443, 40.742107 ], [ -111.951472, 40.741518 ], [ -111.951475, 40.741417 ], [ -111.951225, 40.738448 ], [ -111.95121, 40.736739 ], [ -111.94761, 40.736771 ], [ -111.947625, 40.738479 ], [ -111.947609, 40.739978 ], [ -111.947423, 40.743181 ], [ -111.947312, 40.745184 ], [ -111.947285, 40.745404 ], [ -111.946906, 40.751088 ], [ -111.939548, 40.754805 ], [ -111.935312, 40.751136 ], [ -111.933787, 40.749461 ], [ -111.933513, 40.749461 ], [ -111.926529, 40.748038 ], [ -111.924815, 40.746344 ], [ -111.921227, 40.738687 ], [ -111.916814, 40.735529 ], [ -111.916812, 40.735529 ], [ -111.915027, 40.737319 ], [ -111.906931, 40.733419 ], [ -111.90693, 40.733262 ], [ -111.907024, 40.730629 ], [ -111.908172, 40.728021 ], [ -111.907253, 40.720745 ], [ -111.907254, 40.720193 ], [ -111.9072, 40.719803 ], [ -111.90621, 40.713897 ], [ -111.906056, 40.711605 ], [ -111.905787, 40.70756 ], [ -111.902188, 40.707648 ], [ -111.902235, 40.709534 ], [ -111.902474, 40.711966 ], [ -111.895598, 40.716346 ], [ -111.894525, 40.716302 ], [ -111.893288, 40.716375 ], [ -111.891936, 40.716379 ], [ -111.891947, 40.719979 ], [ -111.893298, 40.719974 ], [ -111.894379, 40.719899 ], [ -111.895453, 40.719943 ], [ -111.902872, 40.724967 ], [ -111.902863, 40.725157 ], [ -111.903135, 40.727125 ], [ -111.902936, 40.729599 ], [ -111.903003, 40.733376 ], [ -111.897511, 40.739778 ], [ -111.896275, 40.741572 ], [ -111.896274, 40.741734 ], [ -111.897504, 40.743378 ], [ -111.89757, 40.750138 ], [ -111.893956, 40.752884 ], [ -111.891723, 40.754499 ], [ -111.887855, 40.758744 ], [ -111.886539, 40.760141 ], [ -111.886352, 40.760589 ], [ -111.882029, 40.767544 ], [ -111.878354, 40.769907 ], [ -111.877268, 40.77147 ], [ -111.877267, 40.7717 ], [ -111.877267, 40.771701 ], [ -111.877266, 40.771931 ], [ -111.87836, 40.773507 ], [ -111.881863, 40.775771 ], [ -111.886096, 40.781753 ], [ -111.893589, 40.786698 ], [ -111.895145, 40.788338 ], [ -111.896803, 40.790309 ], [ -111.898473, 40.792294 ], [ -111.899323, 40.793291 ], [ -111.899705, 40.793674 ], [ -111.900141, 40.794048 ], [ -111.90288, 40.796265 ], [ -111.905518, 40.798369 ], [ -111.909354, 40.801446 ], [ -111.912606, 40.804057 ], [ -111.915347, 40.807347 ], [ -111.915832, 40.808199 ], [ -111.916656, 40.809722 ], [ -111.915207, 40.81723 ], [ -111.914906, 40.817614 ], [ -111.914565, 40.818148 ], [ -111.914316, 40.818692 ], [ -111.914167, 40.819202 ], [ -111.914085, 40.819676 ], [ -111.914048, 40.820255 ], [ -111.913977, 40.823009 ], [ -111.913887, 40.825559 ], [ -111.913251, 40.831301 ], [ -111.913501, 40.838679 ], [ -111.912989, 40.845256 ], [ -111.916506, 40.846023 ], [ -111.916639, 40.845412 ], [ -111.916856, 40.844247 ], [ -111.916945, 40.843442 ], [ -111.917013, 40.842094 ], [ -111.9171, 40.838768 ], [ -111.917173, 40.835779 ], [ -111.917221, 40.83378 ], [ -111.917347, 40.831417 ], [ -111.917612, 40.828217 ], [ -111.917743, 40.825728 ], [ -111.924005, 40.819552 ], [ -111.924535, 40.819506 ], [ -111.925021, 40.819479 ], [ -111.931502, 40.818572 ], [ -111.931727, 40.818572 ], [ -111.937339, 40.818579 ], [ -111.938249, 40.818581 ], [ -111.940014, 40.817244 ], [ -111.947195, 40.822552 ], [ -111.946857, 40.823436 ], [ -111.945919, 40.825759 ], [ -111.945833, 40.825967 ], [ -111.944877, 40.827914 ], [ -111.943583, 40.829652 ], [ -111.941056, 40.831196 ], [ -111.939876, 40.83147 ], [ -111.937737, 40.832022 ], [ -111.938212, 40.835591 ], [ -111.943046, 40.836187 ], [ -111.947098, 40.831454 ], [ -111.947761, 40.830616 ], [ -111.948339, 40.829558 ], [ -111.948841, 40.828302 ], [ -111.949243, 40.827123 ], [ -111.950193, 40.82479 ], [ -111.950557, 40.823838 ], [ -111.950699, 40.823426 ], [ -111.950928, 40.822434 ], [ -111.951084, 40.821053 ], [ -111.95347, 40.816405 ], [ -111.958251, 40.814854 ], [ -111.958244, 40.811254 ], [ -111.955379, 40.806205 ], [ -111.953575, 40.801096 ], [ -111.954518, 40.79723 ], [ -111.954539, 40.795422 ], [ -111.954543, 40.795284 ], [ -111.954545, 40.795006 ], [ -111.953563, 40.790007 ], [ -111.953547, 40.789065 ], [ -111.953548, 40.788273 ], [ -111.953549, 40.787868 ], [ -111.957392, 40.77985 ], [ -111.957385, 40.779186 ], [ -111.957485, 40.777288 ], [ -111.957599, 40.776147 ], [ -111.961679, 40.768562 ], [ -111.963144, 40.768027 ], [ -111.9644, 40.767664 ], [ -111.96615, 40.767194 ], [ -111.970193, 40.766601 ], [ -111.972195, 40.766731 ], [ -111.973448, 40.766879 ], [ -111.97739, 40.766863 ], [ -111.978785, 40.766651 ], [ -111.981951, 40.766394 ], [ -111.984212, 40.766394 ], [ -111.984212, 40.762794 ] ] ] } },
{ "type": "Feature", "properties": { "group_index": 0, "value": 600.0, "center": [ -111.93725432920961, 40.70503003741394 ], "point_id": 71 }, "geometry": { "type": "Polygon", "coordinates": [ [ [ -112.016545, 40.724114 ], [ -112.014281, 40.724117 ], [ -112.012018, 40.724121 ], [ -112.008776, 40.724128 ], [ -112.005535, 40.724135 ], [ -112.002531, 40.724126 ], [ -111.995796, 40.718425 ], [ -111.996836, 40.713132 ], [ -111.998052, 40.709744 ], [ -112.002807, 40.706271 ], [ -112.002853, 40.706253 ], [ -112.00515, 40.705669 ], [ -112.006476, 40.703855 ], [ -112.006473, 40.703574 ], [ -112.005128, 40.702069 ], [ -111.997992, 40.69673 ], [ -111.996876, 40.694981 ], [ -111.996564, 40.694972 ], [ -111.994808, 40.694803 ], [ -111.988433, 40.69171 ], [ -111.98663, 40.689996 ], [ -111.985387, 40.682262 ], [ -111.985386, 40.682147 ], [ -111.983493, 40.679009 ], [ -111.977277, 40.676314 ], [ -111.975154, 40.667681 ], [ -111.975166, 40.667462 ], [ -111.974414, 40.66578 ], [ -111.967685, 40.662273 ], [ -111.967443, 40.662275 ], [ -111.967441, 40.662275 ], [ -111.967198, 40.662277 ], [ -111.960126, 40.657956 ], [ -111.959678, 40.65435 ], [ -111.959677, 40.654158 ], [ -111.958053, 40.65262 ], [ -111.951568, 40.64686 ], [ -111.950726, 40.646093 ], [ -111.949625, 40.645296 ], [ -111.948464, 40.644603 ], [ -111.947168, 40.643984 ], [ -111.946359, 40.643596 ], [ -111.940452, 40.636964 ], [ -111.93934, 40.636936 ], [ -111.938547, 40.637091 ], [ -111.93776, 40.637632 ], [ -111.937062, 40.638649 ], [ -111.928804, 40.641875 ], [ -111.927658, 40.641138 ], [ -111.927042, 40.640564 ], [ -111.925234, 40.638796 ], [ -111.924762, 40.638387 ], [ -111.923932, 40.637739 ], [ -111.923499, 40.637438 ], [ -111.92257, 40.636866 ], [ -111.921704, 40.636394 ], [ -111.921162, 40.636145 ], [ -111.92028, 40.635778 ], [ -111.91951, 40.63551 ], [ -111.918905, 40.635326 ], [ -111.917318, 40.634909 ], [ -111.91674, 40.6348 ], [ -111.916105, 40.634704 ], [ -111.915184, 40.634597 ], [ -111.914767, 40.638173 ], [ -111.915688, 40.63828 ], [ -111.916199, 40.638359 ], [ -111.916639, 40.638445 ], [ -111.917983, 40.638805 ], [ -111.918453, 40.638951 ], [ -111.91909, 40.639176 ], [ -111.919767, 40.639464 ], [ -111.920833, 40.640019 ], [ -111.921868, 40.640689 ], [ -111.922541, 40.641219 ], [ -111.922864, 40.641506 ], [ -111.924523, 40.643135 ], [ -111.925199, 40.643768 ], [ -111.925792, 40.644248 ], [ -111.926479, 40.644705 ], [ -111.927102, 40.645047 ], [ -111.927721, 40.645345 ], [ -111.928337, 40.645594 ], [ -111.928993, 40.645818 ], [ -111.929539, 40.645974 ], [ -111.93017, 40.646118 ], [ -111.930961, 40.646245 ], [ -111.931645, 40.646311 ], [ -111.935347, 40.646352 ], [ -111.938799, 40.648306 ], [ -111.937035, 40.656657 ], [ -111.932763, 40.659039 ], [ -111.932429, 40.659112 ], [ -111.926793, 40.662352 ], [ -111.9253, 40.664057 ], [ -111.917768, 40.668768 ], [ -111.916497, 40.66876 ], [ -111.91338, 40.67188 ], [ -111.907496, 40.671566 ], [ -111.905854, 40.670285 ], [ -111.903368, 40.663266 ], [ -111.90349, 40.659328 ], [ -111.903545, 40.658528 ], [ -111.904125, 40.656126 ], [ -111.904204, 40.655808 ], [ -111.904128, 40.65527 ], [ -111.904051, 40.651344 ], [ -111.904288, 40.649036 ], [ -111.904375, 40.648205 ], [ -111.900795, 40.647827 ], [ -111.900708, 40.648658 ], [ -111.90047, 40.650977 ], [ -111.900099, 40.654129 ], [ -111.899852, 40.657095 ], [ -111.899749, 40.658653 ], [ -111.899745, 40.659392 ], [ -111.899768, 40.663287 ], [ -111.899791, 40.667171 ], [ -111.893345, 40.672652 ], [ -111.891456, 40.672552 ], [ -111.891265, 40.676147 ], [ -111.888381, 40.683642 ], [ -111.886058, 40.685268 ], [ -111.885277, 40.686633 ], [ -111.88527, 40.687039 ], [ -111.88367, 40.692935 ], [ -111.880936, 40.696275 ], [ -111.878715, 40.699733 ], [ -111.878715, 40.69984 ], [ -111.880148, 40.701653 ], [ -111.880897, 40.703024 ], [ -111.882318, 40.704063 ], [ -111.886147, 40.709161 ], [ -111.88575, 40.712661 ], [ -111.879729, 40.716344 ], [ -111.873636, 40.716281 ], [ -111.87344, 40.716289 ], [ -111.870526, 40.716951 ], [ -111.868924, 40.717229 ], [ -111.867875, 40.717355 ], [ -111.868303, 40.720929 ], [ -111.869352, 40.720804 ], [ -111.871136, 40.720499 ], [ -111.879757, 40.719944 ], [ -111.88228, 40.719952 ], [ -111.885647, 40.719958 ], [ -111.887832, 40.719971 ], [ -111.893704, 40.72045 ], [ -111.897249, 40.7253 ], [ -111.898471, 40.727131 ], [ -111.902355, 40.734863 ], [ -111.902019, 40.738185 ], [ -111.901967, 40.738496 ], [ -111.901992, 40.739005 ], [ -111.902129, 40.743376 ], [ -111.902221, 40.744229 ], [ -111.902466, 40.745133 ], [ -111.905765, 40.746841 ], [ -111.908883, 40.753277 ], [ -111.908944, 40.754 ], [ -111.912531, 40.753693 ], [ -111.912665, 40.75313 ], [ -111.912431, 40.751957 ], [ -111.909544, 40.750033 ], [ -111.909362, 40.749827 ], [ -111.909063, 40.749531 ], [ -111.908345, 40.748938 ], [ -111.905804, 40.743787 ], [ -111.905819, 40.741967 ], [ -111.911314, 40.735316 ], [ -111.915028, 40.73672 ], [ -111.916809, 40.738472 ], [ -111.916836, 40.738472 ], [ -111.918628, 40.736732 ], [ -111.926642, 40.736841 ], [ -111.926871, 40.73684 ], [ -111.934262, 40.740535 ], [ -111.935627, 40.743758 ], [ -111.937204, 40.747104 ], [ -111.939003, 40.748341 ], [ -111.939376, 40.748341 ], [ -111.946633, 40.75293 ], [ -111.946835, 40.754492 ], [ -111.944778, 40.763226 ], [ -111.945904, 40.766645 ], [ -111.947271, 40.774531 ], [ -111.947237, 40.776359 ], [ -111.946936, 40.780449 ], [ -111.947187, 40.781678 ], [ -111.950787, 40.781695 ], [ -111.950803, 40.778228 ], [ -111.950837, 40.776425 ], [ -111.95087, 40.774598 ], [ -111.952367, 40.767424 ], [ -111.953588, 40.764037 ], [ -111.950947, 40.755644 ], [ -111.950682, 40.754771 ], [ -111.95061, 40.754576 ], [ -111.950212, 40.752538 ], [ -111.957711, 40.747598 ], [ -111.958057, 40.747598 ], [ -111.958067, 40.747598 ], [ -111.958413, 40.747595 ], [ -111.959853, 40.746245 ], [ -111.966451, 40.742289 ], [ -111.971581, 40.738066 ], [ -111.971688, 40.737963 ], [ -111.977574, 40.733097 ], [ -111.978848, 40.73267 ], [ -111.986606, 40.734512 ], [ -111.987334, 40.736474 ], [ -111.990709, 40.735222 ], [ -111.990296, 40.730649 ], [ -111.996495, 40.727709 ], [ -111.999508, 40.727718 ], [ -112.002521, 40.727726 ], [ -112.005542, 40.727734 ], [ -112.008783, 40.727728 ], [ -112.012024, 40.727721 ], [ -112.014287, 40.727717 ], [ -112.016551, 40.727714 ], [ -112.016545, 40.724114 ] ] ] } },
{ "type": "Feature", "properties": { "group_index": 0, "value": 600.0, "center": [ -111.8435267, 40.7552241 ], "point_id": 72 }, "geometry": { "type": "Polygon", "coordinates": [ [ [ -111.895747, 40.760613 ], [ -111.894484, 40.758915 ], [ -111.891861, 40.756682 ], [ -111.890121, 40.755008 ], [ -111.884665, 40.748005 ], [ -111.88268, 40.747054 ], [ -111.878589, 40.740917 ], [ -111.873065, 40.734158 ], [ -111.867144, 40.728604 ], [ -111.865353, 40.726873 ], [ -111.861161, 40.723607 ], [ -111.854434, 40.719371 ], [ -111.854325, 40.719372 ], [ -111.853988, 40.719482 ], [ -111.852022, 40.720225 ], [ -111.843604, 40.723237 ], [ -111.842017, 40.722523 ], [ -111.839531, 40.720133 ], [ -111.83928, 40.719994 ], [ -111.838369, 40.719483 ], [ -111.838064, 40.719312 ], [ -111.838043, 40.7193 ], [ -111.837734, 40.719133 ], [ -111.831407, 40.718911 ], [ -111.830854, 40.718913 ], [ -111.829063, 40.720268 ], [ -111.822193, 40.721644 ], [ -111.814595, 40.721008 ], [ -111.813244, 40.720384 ], [ -111.811583, 40.720078 ], [ -111.811376, 40.720165 ], [ -111.811373, 40.720167 ], [ -111.811236, 40.720225 ], [ -111.810359, 40.722538 ], [ -111.810299, 40.727047 ], [ -111.812178, 40.734195 ], [ -111.808851, 40.73994 ], [ -111.805272, 40.744918 ], [ -111.798722, 40.750655 ], [ -111.797644, 40.751005 ], [ -111.79643, 40.751301 ], [ -111.79454, 40.751849 ], [ -111.793931, 40.752163 ], [ -111.793375, 40.752577 ], [ -111.788893, 40.756016 ], [ -111.790677, 40.759143 ], [ -111.791927, 40.758627 ], [ -111.794097, 40.757077 ], [ -111.799199, 40.754312 ], [ -111.804646, 40.753778 ], [ -111.805099, 40.753803 ], [ -111.805663, 40.75377 ], [ -111.806152, 40.753677 ], [ -111.806689, 40.753489 ], [ -111.807212, 40.753221 ], [ -111.809828, 40.752102 ], [ -111.815097, 40.752831 ], [ -111.817534, 40.757345 ], [ -111.82097, 40.761043 ], [ -111.823922, 40.764925 ], [ -111.824455, 40.765618 ], [ -111.831736, 40.769912 ], [ -111.832859, 40.77088 ], [ -111.835657, 40.773567 ], [ -111.842921, 40.778737 ], [ -111.848816, 40.7812 ], [ -111.853484, 40.781883 ], [ -111.861586, 40.782761 ], [ -111.863018, 40.781159 ], [ -111.871553, 40.780763 ], [ -111.872043, 40.780766 ], [ -111.877605, 40.776459 ], [ -111.880505, 40.774641 ], [ -111.885431, 40.768128 ], [ -111.888265, 40.766828 ], [ -111.894481, 40.762515 ], [ -111.895749, 40.760956 ], [ -111.895747, 40.760613 ] ] ] } },
{ "type": "Feature", "properties": { "group_index": 0, "value": 600.0, "center": [ -111.91503906150723, 40.74054434243643 ], "point_id": 73 }, "geometry": { "type": "Polygon", "coordinates": [ [ [ -112.008561, 40.768717 ], [ -112.006822, 40.768381 ], [ -112.005972, 40.768192 ], [ -112.005004, 40.767934 ], [ -112.003738, 40.767574 ], [ -112.003168, 40.767393 ], [ -112.002001, 40.767015 ], [ -111.999966, 40.766279 ], [ -111.99836, 40.765581 ], [ -111.995974, 40.764593 ], [ -111.995048, 40.764267 ], [ -111.993721, 40.763854 ], [ -111.991793, 40.763375 ], [ -111.990849, 40.763195 ], [ -111.989993, 40.763057 ], [ -111.988458, 40.762892 ], [ -111.98734, 40.762835 ], [ -111.984923, 40.762795 ], [ -111.982292, 40.762794 ], [ -111.97969, 40.762794 ], [ -111.977089, 40.762793 ], [ -111.974586, 40.762796 ], [ -111.974487, 40.762793 ], [ -111.971325, 40.762821 ], [ -111.971196, 40.762817 ], [ -111.968341, 40.762853 ], [ -111.966158, 40.762932 ], [ -111.959141, 40.759028 ], [ -111.958434, 40.756633 ], [ -111.962159, 40.749979 ], [ -111.965706, 40.751055 ], [ -111.967996, 40.751363 ], [ -111.97083, 40.751566 ], [ -111.972121, 40.751375 ], [ -111.973293, 40.751374 ], [ -111.973919, 40.749883 ], [ -111.978261, 40.742414 ], [ -111.978956, 40.741478 ], [ -111.978958, 40.740843 ], [ -111.978962, 40.739902 ], [ -111.978964, 40.739547 ], [ -111.987139, 40.735948 ], [ -111.990514, 40.734696 ], [ -111.990267, 40.731212 ], [ -111.996495, 40.727709 ], [ -111.999508, 40.727718 ], [ -112.002521, 40.727726 ], [ -112.005542, 40.727734 ], [ -112.008783, 40.727728 ], [ -112.012024, 40.727721 ], [ -112.014917, 40.727716 ], [ -112.014911, 40.724116 ], [ -112.012018, 40.724121 ], [ -112.008776, 40.724128 ], [ -112.005535, 40.724135 ], [ -112.002531, 40.724126 ], [ -111.999518, 40.724118 ], [ -111.996505, 40.724109 ], [ -111.988184, 40.721394 ], [ -111.988013, 40.721329 ], [ -111.98757, 40.721211 ], [ -111.987096, 40.721153 ], [ -111.986478, 40.721147 ], [ -111.986059, 40.721155 ], [ -111.985773, 40.72118 ], [ -111.977314, 40.721393 ], [ -111.975314, 40.720751 ], [ -111.969409, 40.714869 ], [ -111.967783, 40.713536 ], [ -111.967617, 40.713535 ], [ -111.965809, 40.714876 ], [ -111.965505, 40.715665 ], [ -111.965398, 40.716133 ], [ -111.958002, 40.719614 ], [ -111.955706, 40.715466 ], [ -111.955702, 40.713381 ], [ -111.955588, 40.711472 ], [ -111.955373, 40.708884 ], [ -111.955159, 40.706295 ], [ -111.954945, 40.703706 ], [ -111.955413, 40.697715 ], [ -111.955367, 40.697099 ], [ -111.955347, 40.696749 ], [ -111.953746, 40.689048 ], [ -111.953558, 40.686561 ], [ -111.949969, 40.686832 ], [ -111.950156, 40.689319 ], [ -111.950435, 40.692179 ], [ -111.950606, 40.694281 ], [ -111.95078, 40.696418 ], [ -111.951001, 40.699444 ], [ -111.951142, 40.701129 ], [ -111.951141, 40.701395 ], [ -111.951357, 40.704003 ], [ -111.94523, 40.709544 ], [ -111.942711, 40.709402 ], [ -111.93906, 40.707172 ], [ -111.93893, 40.70703 ], [ -111.93889, 40.707031 ], [ -111.932596, 40.702431 ], [ -111.9342, 40.699256 ], [ -111.934166, 40.697354 ], [ -111.934052, 40.697176 ], [ -111.933287, 40.696548 ], [ -111.929642, 40.693178 ], [ -111.929304, 40.692848 ], [ -111.927204, 40.693045 ], [ -111.918705, 40.690132 ], [ -111.918255, 40.689527 ], [ -111.917729, 40.688871 ], [ -111.917141, 40.688197 ], [ -111.916901, 40.688198 ], [ -111.915627, 40.688615 ], [ -111.911889, 40.688583 ], [ -111.911697, 40.688566 ], [ -111.911188, 40.688561 ], [ -111.910646, 40.688563 ], [ -111.905672, 40.686231 ], [ -111.907273, 40.677698 ], [ -111.908909, 40.676806 ], [ -111.909318, 40.675266 ], [ -111.909318, 40.675188 ], [ -111.909338, 40.673232 ], [ -111.903391, 40.66715 ], [ -111.903368, 40.663266 ], [ -111.90349, 40.659328 ], [ -111.9039, 40.657018 ], [ -111.903924, 40.652427 ], [ -111.900349, 40.652007 ], [ -111.900099, 40.654129 ], [ -111.899852, 40.657095 ], [ -111.899749, 40.658653 ], [ -111.899745, 40.659392 ], [ -111.899768, 40.663287 ], [ -111.899791, 40.667171 ], [ -111.894767, 40.672645 ], [ -111.894809, 40.676245 ], [ -111.900043, 40.680257 ], [ -111.899137, 40.686301 ], [ -111.897905, 40.68782 ], [ -111.89617, 40.689668 ], [ -111.893914, 40.690932 ], [ -111.892188, 40.692576 ], [ -111.889332, 40.696395 ], [ -111.88657, 40.699227 ], [ -111.882682, 40.70289 ], [ -111.87599, 40.699827 ], [ -111.874407, 40.698075 ], [ -111.873256, 40.696399 ], [ -111.871925, 40.695663 ], [ -111.871453, 40.695662 ], [ -111.869656, 40.696379 ], [ -111.867935, 40.699832 ], [ -111.863668, 40.705977 ], [ -111.859358, 40.710388 ], [ -111.853431, 40.709445 ], [ -111.850809, 40.710891 ], [ -111.84961, 40.712518 ], [ -111.843424, 40.717055 ], [ -111.841512, 40.716622 ], [ -111.83957, 40.716182 ], [ -111.836785, 40.715605 ], [ -111.834432, 40.714686 ], [ -111.833124, 40.71402 ], [ -111.831827, 40.713547 ], [ -111.825929, 40.710945 ], [ -111.824864, 40.710319 ], [ -111.824461, 40.710231 ], [ -111.82341, 40.710191 ], [ -111.81811, 40.710592 ], [ -111.817194, 40.71069 ], [ -111.81653, 40.710807 ], [ -111.8119, 40.711742 ], [ -111.810685, 40.712666 ], [ -111.810525, 40.716263 ], [ -111.813666, 40.716403 ], [ -111.814416, 40.716369 ], [ -111.814977, 40.716296 ], [ -111.815554, 40.716173 ], [ -111.81598, 40.716037 ], [ -111.824503, 40.715265 ], [ -111.825705, 40.715617 ], [ -111.827633, 40.716114 ], [ -111.827795, 40.716164 ], [ -111.83277, 40.717879 ], [ -111.834457, 40.718663 ], [ -111.835785, 40.719063 ], [ -111.838834, 40.719706 ], [ -111.840716, 40.720133 ], [ -111.842628, 40.720566 ], [ -111.844491, 40.720933 ], [ -111.851933, 40.724483 ], [ -111.853851, 40.725068 ], [ -111.854048, 40.725068 ], [ -111.855519, 40.724165 ], [ -111.857753, 40.72293 ], [ -111.865654, 40.725365 ], [ -111.867085, 40.727224 ], [ -111.868537, 40.733254 ], [ -111.868535, 40.733503 ], [ -111.867135, 40.741625 ], [ -111.867133, 40.741837 ], [ -111.869415, 40.749548 ], [ -111.872037, 40.756613 ], [ -111.873248, 40.758101 ], [ -111.87822, 40.762367 ], [ -111.885347, 40.766803 ], [ -111.887215, 40.768913 ], [ -111.892719, 40.773274 ], [ -111.893386, 40.782004 ], [ -111.892875, 40.783246 ], [ -111.893023, 40.783429 ], [ -111.893893, 40.784495 ], [ -111.893918, 40.784525 ], [ -111.895143, 40.786013 ], [ -111.898807, 40.792685 ], [ -111.899323, 40.793291 ], [ -111.899705, 40.793674 ], [ -111.900141, 40.794048 ], [ -111.90288, 40.796265 ], [ -111.905518, 40.798369 ], [ -111.906913, 40.799482 ], [ -111.909158, 40.796667 ], [ -111.916253, 40.797422 ], [ -111.917622, 40.799888 ], [ -111.918326, 40.805497 ], [ -111.918307, 40.806001 ], [ -111.918267, 40.80687 ], [ -111.918897, 40.811244 ], [ -111.915935, 40.816558 ], [ -111.915207, 40.81723 ], [ -111.914906, 40.817614 ], [ -111.914565, 40.818148 ], [ -111.914316, 40.818692 ], [ -111.914167, 40.819202 ], [ -111.914085, 40.819676 ], [ -111.914048, 40.820255 ], [ -111.913977, 40.823009 ], [ -111.913912, 40.824844 ], [ -111.913847, 40.826678 ], [ -111.913752, 40.831225 ], [ -111.913622, 40.833694 ], [ -111.913576, 40.835636 ], [ -111.917175, 40.835721 ], [ -111.917221, 40.83378 ], [ -111.917347, 40.831417 ], [ -111.917612, 40.828217 ], [ -111.917743, 40.825728 ], [ -111.921914, 40.818874 ], [ -111.925161, 40.818566 ], [ -111.925355, 40.818566 ], [ -111.926958, 40.816891 ], [ -111.926961, 40.816847 ], [ -111.925766, 40.810311 ], [ -111.92579, 40.809232 ], [ -111.925603, 40.808114 ], [ -111.924988, 40.806403 ], [ -111.924428, 40.805222 ], [ -111.922966, 40.802402 ], [ -111.921529, 40.799629 ], [ -111.920849, 40.798292 ], [ -111.919402, 40.795677 ], [ -111.919715, 40.78916 ], [ -111.925534, 40.785036 ], [ -111.926811, 40.784229 ], [ -111.928431, 40.782469 ], [ -111.934458, 40.778112 ], [ -111.937294, 40.779838 ], [ -111.938735, 40.785235 ], [ -111.938734, 40.7853 ], [ -111.939538, 40.786553 ], [ -111.940468, 40.787041 ], [ -111.940532, 40.787041 ], [ -111.947325, 40.79188 ], [ -111.947316, 40.793021 ], [ -111.94737, 40.795763 ], [ -111.947423, 40.798473 ], [ -111.947425, 40.800225 ], [ -111.947404, 40.801563 ], [ -111.947364, 40.802325 ], [ -111.947202, 40.804494 ], [ -111.947171, 40.805804 ], [ -111.947173, 40.807043 ], [ -111.947166, 40.807248 ], [ -111.946966, 40.809272 ], [ -111.947239, 40.810575 ], [ -111.950838, 40.810496 ], [ -111.950765, 40.807169 ], [ -111.950771, 40.805819 ], [ -111.950954, 40.802596 ], [ -111.950999, 40.801754 ], [ -111.951025, 40.800285 ], [ -111.951023, 40.798469 ], [ -111.950969, 40.795693 ], [ -111.955348, 40.788656 ], [ -111.955348, 40.788276 ], [ -111.955347, 40.782324 ], [ -111.955348, 40.782175 ], [ -111.953843, 40.773795 ], [ -111.955348, 40.771872 ], [ -111.957012, 40.770681 ], [ -111.961256, 40.766787 ], [ -111.966289, 40.76653 ], [ -111.968386, 40.766453 ], [ -111.971094, 40.766414 ], [ -111.971223, 40.766417 ], [ -111.973588, 40.766574 ], [ -111.976024, 40.76673 ], [ -111.977387, 40.766862 ], [ -111.984169, 40.771556 ], [ -111.987764, 40.771373 ], [ -111.994597, 40.76792 ], [ -111.996931, 40.768886 ], [ -111.998743, 40.769666 ], [ -112.000893, 40.770441 ], [ -112.003787, 40.771692 ], [ -112.007878, 40.772252 ], [ -112.008561, 40.768717 ] ] ] } },
{ "type": "Feature", "properties": { "group_index": 0, "value": 600.0, "center": [ -111.9590108, 40.6619713 ], "point_id": 74 }, "geometry": { "type": "Polygon", "coordinates": [ [ [ -112.023496, 40.665818 ], [ -112.021007, 40.664665 ], [ -112.019621, 40.663393 ], [ -112.021439, 40.655331 ], [ -112.023588, 40.654919 ], [ -112.023798, 40.65492 ], [ -112.024238, 40.652965 ], [ -112.024236, 40.652758 ], [ -112.023811, 40.65132 ], [ -112.020522, 40.650526 ], [ -112.020312, 40.650527 ], [ -112.016421, 40.649808 ], [ -112.010941, 40.644553 ], [ -112.008614, 40.637078 ], [ -112.007809, 40.635091 ], [ -112.007716, 40.635034 ], [ -111.99987, 40.630951 ], [ -111.991736, 40.62827 ], [ -111.991195, 40.627977 ], [ -111.990634, 40.627773 ], [ -111.990154, 40.627663 ], [ -111.989698, 40.627592 ], [ -111.984362, 40.620511 ], [ -111.984382, 40.620146 ], [ -111.981298, 40.618343 ], [ -111.978582, 40.611373 ], [ -111.978663, 40.610266 ], [ -111.978409, 40.607287 ], [ -111.974809, 40.607271 ], [ -111.969199, 40.605074 ], [ -111.967428, 40.604157 ], [ -111.960214, 40.599054 ], [ -111.959604, 40.597899 ], [ -111.957814, 40.59616 ], [ -111.957779, 40.59616 ], [ -111.957392, 40.596187 ], [ -111.95736, 40.596195 ], [ -111.956399, 40.597073 ], [ -111.956005, 40.597864 ], [ -111.954949, 40.600189 ], [ -111.948156, 40.60462 ], [ -111.947701, 40.604696 ], [ -111.943423, 40.60778 ], [ -111.938789, 40.608439 ], [ -111.938515, 40.608438 ], [ -111.93724, 40.609129 ], [ -111.935744, 40.611296 ], [ -111.932758, 40.614307 ], [ -111.928537, 40.619981 ], [ -111.927421, 40.620615 ], [ -111.922915, 40.621894 ], [ -111.917438, 40.619424 ], [ -111.915956, 40.617453 ], [ -111.915188, 40.617046 ], [ -111.912421, 40.616446 ], [ -111.907842, 40.610312 ], [ -111.907766, 40.609793 ], [ -111.907388, 40.607821 ], [ -111.906919, 40.605353 ], [ -111.906446, 40.602894 ], [ -111.905973, 40.600432 ], [ -111.905321, 40.597074 ], [ -111.904697, 40.59362 ], [ -111.904091, 40.592054 ], [ -111.900706, 40.59328 ], [ -111.901787, 40.59776 ], [ -111.902439, 40.601118 ], [ -111.902911, 40.603574 ], [ -111.903383, 40.606033 ], [ -111.898582, 40.613307 ], [ -111.890545, 40.616406 ], [ -111.886014, 40.618989 ], [ -111.884684, 40.620799 ], [ -111.884685, 40.620898 ], [ -111.884309, 40.626178 ], [ -111.878258, 40.628647 ], [ -111.874737, 40.628299 ], [ -111.873152, 40.628235 ], [ -111.870381, 40.628245 ], [ -111.865143, 40.622478 ], [ -111.86512, 40.622431 ], [ -111.862805, 40.620965 ], [ -111.86187, 40.620852 ], [ -111.855602, 40.620287 ], [ -111.855463, 40.620348 ], [ -111.85539, 40.620383 ], [ -111.855314, 40.620421 ], [ -111.854629, 40.62291 ], [ -111.849398, 40.628953 ], [ -111.846731, 40.628946 ], [ -111.844829, 40.628942 ], [ -111.843783, 40.628988 ], [ -111.842187, 40.629152 ], [ -111.841136, 40.629343 ], [ -111.841044, 40.629363 ], [ -111.834137, 40.629941 ], [ -111.83405, 40.629945 ], [ -111.827004, 40.632594 ], [ -111.824844, 40.632599 ], [ -111.822683, 40.632604 ], [ -111.822691, 40.636204 ], [ -111.824851, 40.636199 ], [ -111.827012, 40.636194 ], [ -111.828127, 40.636161 ], [ -111.829206, 40.636038 ], [ -111.831805, 40.635393 ], [ -111.834176, 40.634791 ], [ -111.836547, 40.634188 ], [ -111.838918, 40.633586 ], [ -111.84672, 40.632545 ], [ -111.849387, 40.632553 ], [ -111.857693, 40.633371 ], [ -111.863454, 40.634521 ], [ -111.863641, 40.634518 ], [ -111.866069, 40.633737 ], [ -111.875058, 40.634015 ], [ -111.879544, 40.63781 ], [ -111.880511, 40.642456 ], [ -111.881104, 40.643415 ], [ -111.881717, 40.644005 ], [ -111.886833, 40.646823 ], [ -111.88785, 40.647761 ], [ -111.891022, 40.655846 ], [ -111.891197, 40.656302 ], [ -111.891858, 40.657775 ], [ -111.893593, 40.659093 ], [ -111.893764, 40.659243 ], [ -111.895374, 40.668038 ], [ -111.891147, 40.671755 ], [ -111.888608, 40.672475 ], [ -111.887269, 40.674003 ], [ -111.887269, 40.674274 ], [ -111.888608, 40.676075 ], [ -111.889069, 40.676075 ], [ -111.891144, 40.676286 ], [ -111.892169, 40.676353 ], [ -111.897937, 40.679086 ], [ -111.900775, 40.685812 ], [ -111.900994, 40.687833 ], [ -111.901214, 40.689854 ], [ -111.904793, 40.689466 ], [ -111.911398, 40.688817 ], [ -111.911517, 40.688817 ], [ -111.91344, 40.689131 ], [ -111.913527, 40.689131 ], [ -111.914579, 40.689163 ], [ -111.915355, 40.689124 ], [ -111.917933, 40.697622 ], [ -111.916263, 40.699469 ], [ -111.916267, 40.699638 ], [ -111.917712, 40.701215 ], [ -111.919268, 40.701744 ], [ -111.921834, 40.702798 ], [ -111.921888, 40.702798 ], [ -111.925373, 40.703217 ], [ -111.926115, 40.703462 ], [ -111.930125, 40.705104 ], [ -111.9334, 40.709861 ], [ -111.936469, 40.713521 ], [ -111.934254, 40.719014 ], [ -111.928451, 40.722404 ], [ -111.923525, 40.722382 ], [ -111.921546, 40.7223 ], [ -111.920634, 40.722249 ], [ -111.920344, 40.722219 ], [ -111.919471, 40.722078 ], [ -111.918428, 40.721951 ], [ -111.914486, 40.722114 ], [ -111.913045, 40.722179 ], [ -111.907677, 40.721951 ], [ -111.90438, 40.723398 ], [ -111.904504, 40.72368 ], [ -111.904772, 40.724139 ], [ -111.905073, 40.724532 ], [ -111.90536, 40.724837 ], [ -111.905733, 40.725159 ], [ -111.906202, 40.725481 ], [ -111.906599, 40.725701 ], [ -111.907223, 40.725964 ], [ -111.907763, 40.726124 ], [ -111.908191, 40.726212 ], [ -111.908561, 40.726263 ], [ -111.90903, 40.726291 ], [ -111.909556, 40.726282 ], [ -111.910066, 40.726241 ], [ -111.914181, 40.725906 ], [ -111.916589, 40.725902 ], [ -111.92163, 40.726087 ], [ -111.923707, 40.726082 ], [ -111.92852, 40.726004 ], [ -111.931012, 40.725956 ], [ -111.937132, 40.728404 ], [ -111.938564, 40.729694 ], [ -111.938957, 40.729688 ], [ -111.940732, 40.728393 ], [ -111.947573, 40.733387 ], [ -111.943558, 40.737937 ], [ -111.941779, 40.73844 ], [ -111.94103, 40.73898 ], [ -111.939769, 40.740812 ], [ -111.93977, 40.740829 ], [ -111.940727, 40.741729 ], [ -111.942013, 40.742443 ], [ -111.946768, 40.749248 ], [ -111.946633, 40.75293 ], [ -111.946835, 40.754492 ], [ -111.947238, 40.755822 ], [ -111.948174, 40.760358 ], [ -111.947932, 40.767464 ], [ -111.951367, 40.768541 ], [ -111.951872, 40.76693 ], [ -111.951751, 40.760761 ], [ -111.950947, 40.755644 ], [ -111.950682, 40.754771 ], [ -111.950212, 40.752538 ], [ -111.950359, 40.749502 ], [ -111.950488, 40.747679 ], [ -111.95634, 40.742257 ], [ -111.956303, 40.738658 ], [ -111.951152, 40.733776 ], [ -111.95605, 40.727704 ], [ -111.959325, 40.727681 ], [ -111.959398, 40.727683 ], [ -111.959904, 40.727706 ], [ -111.960556, 40.727761 ], [ -111.960861, 40.727795 ], [ -111.961204, 40.727846 ], [ -111.964607, 40.728338 ], [ -111.967096, 40.729077 ], [ -111.970825, 40.728519 ], [ -111.973248, 40.728305 ], [ -111.975673, 40.728092 ], [ -111.977755, 40.727905 ], [ -111.979566, 40.727801 ], [ -111.980132, 40.727773 ], [ -111.979959, 40.724177 ], [ -111.979393, 40.724205 ], [ -111.977548, 40.724311 ], [ -111.975353, 40.724506 ], [ -111.972932, 40.724719 ], [ -111.970509, 40.724933 ], [ -111.969473, 40.724981 ], [ -111.968405, 40.724982 ], [ -111.966231, 40.724897 ], [ -111.965001, 40.724759 ], [ -111.959805, 40.719723 ], [ -111.960752, 40.716633 ], [ -111.962929, 40.71487 ], [ -111.965806, 40.714267 ], [ -111.965956, 40.714267 ], [ -111.968129, 40.713702 ], [ -111.968333, 40.713512 ], [ -111.969402, 40.712304 ], [ -111.977167, 40.710139 ], [ -111.977188, 40.710139 ], [ -111.978966, 40.708371 ], [ -111.980961, 40.705795 ], [ -111.981815, 40.704987 ], [ -111.987429, 40.701172 ], [ -111.988467, 40.700653 ], [ -111.996334, 40.697507 ], [ -111.997995, 40.695884 ], [ -111.998997, 40.69354 ], [ -112.005724, 40.689957 ], [ -112.006639, 40.689944 ], [ -112.013101, 40.683865 ], [ -112.014195, 40.682568 ], [ -112.014204, 40.682102 ], [ -112.013105, 40.680265 ], [ -112.010164, 40.675688 ], [ -112.015532, 40.671151 ], [ -112.016256, 40.671301 ], [ -112.016866, 40.671317 ], [ -112.019943, 40.671724 ], [ -112.019977, 40.671724 ], [ -112.023562, 40.669417 ], [ -112.023496, 40.665818 ] ] ] } },
{ "type": "Feature", "properties": { "group_index": 0, "value": 600.0, "center": [ -111.8814003, 40.7558047 ], "point_id": 75 }, "geometry": { "type": "Polygon", "coordinates": [ [ [ -111.973703, 40.762974 ], [ -111.971996, 40.762811 ], [ -111.971196, 40.762817 ], [ -111.968341, 40.762853 ], [ -111.966158, 40.762932 ], [ -111.961074, 40.763192 ], [ -111.953628, 40.760281 ], [ -111.950029, 40.760329 ], [ -111.948139, 40.76277 ], [ -111.940932, 40.761942 ], [ -111.937334, 40.762044 ], [ -111.932238, 40.763443 ], [ -111.931812, 40.763374 ], [ -111.926549, 40.760575 ], [ -111.92993, 40.753066 ], [ -111.931289, 40.751052 ], [ -111.931289, 40.751018 ], [ -111.929924, 40.749466 ], [ -111.927564, 40.748484 ], [ -111.92068, 40.743421 ], [ -111.918663, 40.740331 ], [ -111.917113, 40.738703 ], [ -111.91295, 40.735869 ], [ -111.91486, 40.72736 ], [ -111.918599, 40.726145 ], [ -111.920757, 40.726224 ], [ -111.922139, 40.726239 ], [ -111.922176, 40.722639 ], [ -111.920794, 40.722624 ], [ -111.918733, 40.722547 ], [ -111.913898, 40.722708 ], [ -111.908929, 40.718706 ], [ -111.908732, 40.71835 ], [ -111.906138, 40.712819 ], [ -111.902546, 40.713058 ], [ -111.89451, 40.716302 ], [ -111.891313, 40.714781 ], [ -111.891116, 40.714778 ], [ -111.882679, 40.714484 ], [ -111.882537, 40.71448 ], [ -111.877252, 40.713337 ], [ -111.874029, 40.710855 ], [ -111.873193, 40.71015 ], [ -111.871547, 40.708795 ], [ -111.871377, 40.708796 ], [ -111.869593, 40.710133 ], [ -111.868742, 40.710869 ], [ -111.867162, 40.712669 ], [ -111.862441, 40.71763 ], [ -111.858647, 40.725324 ], [ -111.853879, 40.728425 ], [ -111.853321, 40.728753 ], [ -111.852101, 40.729692 ], [ -111.850216, 40.731693 ], [ -111.848545, 40.733501 ], [ -111.842244, 40.739361 ], [ -111.840754, 40.739844 ], [ -111.835987, 40.74428 ], [ -111.828884, 40.749533 ], [ -111.827131, 40.758275 ], [ -111.827651, 40.760135 ], [ -111.831024, 40.764501 ], [ -111.832285, 40.765703 ], [ -111.834293, 40.765931 ], [ -111.840775, 40.771522 ], [ -111.841382, 40.771892 ], [ -111.843313, 40.773028 ], [ -111.848247, 40.776167 ], [ -111.849897, 40.779772 ], [ -111.851158, 40.780005 ], [ -111.855173, 40.781166 ], [ -111.860808, 40.786555 ], [ -111.861284, 40.786677 ], [ -111.867384, 40.787813 ], [ -111.873179, 40.78852 ], [ -111.876949, 40.790822 ], [ -111.880311, 40.79211 ], [ -111.886981, 40.786437 ], [ -111.895133, 40.788323 ], [ -111.896803, 40.790309 ], [ -111.898481, 40.792304 ], [ -111.898982, 40.792891 ], [ -111.901721, 40.790554 ], [ -111.906621, 40.784112 ], [ -111.911209, 40.787129 ], [ -111.912818, 40.789526 ], [ -111.913366, 40.790413 ], [ -111.913794, 40.791154 ], [ -111.914124, 40.791922 ], [ -111.914852, 40.793873 ], [ -111.916253, 40.797422 ], [ -111.917549, 40.799761 ], [ -111.920698, 40.798016 ], [ -111.919402, 40.795677 ], [ -111.918206, 40.792565 ], [ -111.917497, 40.790663 ], [ -111.917106, 40.789741 ], [ -111.916504, 40.788649 ], [ -111.915884, 40.787639 ], [ -111.914198, 40.785123 ], [ -111.912962, 40.781376 ], [ -111.917356, 40.77395 ], [ -111.918052, 40.773422 ], [ -111.918638, 40.772538 ], [ -111.920171, 40.769616 ], [ -111.926271, 40.766776 ], [ -111.933796, 40.771235 ], [ -111.936076, 40.773231 ], [ -111.938769, 40.773958 ], [ -111.939206, 40.773956 ], [ -111.941378, 40.773438 ], [ -111.947203, 40.77821 ], [ -111.946907, 40.780697 ], [ -111.947184, 40.782208 ], [ -111.950784, 40.782225 ], [ -111.950794, 40.780226 ], [ -111.950792, 40.778424 ], [ -111.950803, 40.778228 ], [ -111.950837, 40.776425 ], [ -111.95087, 40.774598 ], [ -111.9508, 40.77377 ], [ -111.950815, 40.771802 ], [ -111.956911, 40.767007 ], [ -111.961256, 40.766787 ], [ -111.966289, 40.76653 ], [ -111.968386, 40.766453 ], [ -111.971094, 40.766414 ], [ -111.971223, 40.766417 ], [ -111.973471, 40.766567 ], [ -111.973703, 40.762974 ] ] ] } },
{ "type": "Feature", "properties": { "group_index": 0, "value": 600.0, "center": [ -111.9834388806092, 41.17939377660878 ], "point_id": 76 }, "geometry": { "type": "Polygon", "coordinates": [ [ [ -112.019784, 41.17482 ], [ -112.020883, 41.172355 ], [ -112.022254, 41.167592 ], [ -112.020448, 41.16568 ], [ -112.020432, 41.165677 ], [ -112.012117, 41.162969 ], [ -112.006736, 41.157275 ], [ -112.00629, 41.156883 ], [ -112.002866, 41.155834 ], [ -112.002369, 41.155726 ], [ -112.001922, 41.155664 ], [ -112.000915, 41.155605 ], [ -111.993639, 41.152906 ], [ -111.99369, 41.150112 ], [ -111.993399, 41.150025 ], [ -111.992724, 41.149859 ], [ -111.990495, 41.149482 ], [ -111.986641, 41.148607 ], [ -111.985802, 41.148338 ], [ -111.979871, 41.14266 ], [ -111.979332, 41.142404 ], [ -111.97236, 41.13922 ], [ -111.971097, 41.138493 ], [ -111.970282, 41.13813 ], [ -111.968413, 41.137367 ], [ -111.967586, 41.137272 ], [ -111.961752, 41.135791 ], [ -111.956927, 41.133025 ], [ -111.954136, 41.132565 ], [ -111.948257, 41.132647 ], [ -111.9441, 41.132149 ], [ -111.941987, 41.132115 ], [ -111.933394, 41.134659 ], [ -111.931406, 41.134514 ], [ -111.92896, 41.134431 ], [ -111.927582, 41.134437 ], [ -111.925, 41.134525 ], [ -111.922466, 41.134717 ], [ -111.915592, 41.134048 ], [ -111.915111, 41.133945 ], [ -111.914545, 41.133901 ], [ -111.914059, 41.133932 ], [ -111.91384, 41.133966 ], [ -111.905108, 41.135117 ], [ -111.904656, 41.138688 ], [ -111.906721, 41.138949 ], [ -111.908785, 41.13921 ], [ -111.913524, 41.145197 ], [ -111.917187, 41.15262 ], [ -111.918873, 41.156698 ], [ -111.919144, 41.157103 ], [ -111.919456, 41.157432 ], [ -111.923882, 41.16514 ], [ -111.925497, 41.169073 ], [ -111.926914, 41.173845 ], [ -111.927047, 41.17424 ], [ -111.927614, 41.17577 ], [ -111.930051, 41.183459 ], [ -111.932077, 41.188525 ], [ -111.93221, 41.188803 ], [ -111.936852, 41.196293 ], [ -111.937378, 41.201729 ], [ -111.93737, 41.202164 ], [ -111.937291, 41.208333 ], [ -111.936576, 41.211773 ], [ -111.936548, 41.212421 ], [ -111.937486, 41.213638 ], [ -111.942947, 41.219993 ], [ -111.94807, 41.223212 ], [ -111.948198, 41.223214 ], [ -111.956482, 41.22646 ], [ -111.959191, 41.22747 ], [ -111.965649, 41.228668 ], [ -111.966008, 41.228673 ], [ -111.973441, 41.22877 ], [ -111.973589, 41.228772 ], [ -111.980541, 41.226908 ], [ -111.981125, 41.226267 ], [ -111.982226, 41.224691 ], [ -111.982269, 41.221091 ], [ -111.983088, 41.212471 ], [ -111.983838, 41.210894 ], [ -111.992284, 41.20844 ], [ -111.992702, 41.208622 ], [ -111.9941, 41.209414 ], [ -111.994662, 41.20986 ], [ -111.997514, 41.207664 ], [ -111.998174, 41.199508 ], [ -112.000841, 41.197458 ], [ -112.002926, 41.195824 ], [ -112.004343, 41.1946 ], [ -112.005302, 41.193719 ], [ -112.006267, 41.192735 ], [ -112.007117, 41.191802 ], [ -112.009379, 41.189276 ], [ -112.015596, 41.183016 ], [ -112.017258, 41.181637 ], [ -112.017603, 41.181291 ], [ -112.017823, 41.181033 ], [ -112.019784, 41.17482 ] ] ] } },
{ "type": "Feature", "properties": { "group_index": 0, "value": 600.0, "center": [ -111.8625353, 40.4935665 ], "point_id": 77 }, "geometry": { "type": "Polygon", "coordinates": [ [ [ -111.920794, 40.485091 ], [ -111.920453, 40.484847 ], [ -111.919574, 40.484191 ], [ -111.915864, 40.476657 ], [ -111.916222, 40.47438 ], [ -111.916897, 40.472667 ], [ -111.915808, 40.464225 ], [ -111.916078, 40.4635 ], [ -111.916291, 40.46285 ], [ -111.916427, 40.460639 ], [ -111.916522, 40.458802 ], [ -111.916395, 40.457092 ], [ -111.915999, 40.454845 ], [ -111.915408, 40.45182 ], [ -111.915237, 40.451026 ], [ -111.915126, 40.450651 ], [ -111.914929, 40.450088 ], [ -111.914676, 40.449495 ], [ -111.914428, 40.449023 ], [ -111.913813, 40.448092 ], [ -111.912834, 40.44704 ], [ -111.912122, 40.446381 ], [ -111.911509, 40.445904 ], [ -111.909319, 40.444372 ], [ -111.90713, 40.442839 ], [ -111.905065, 40.445788 ], [ -111.907255, 40.447321 ], [ -111.911729, 40.455069 ], [ -111.912105, 40.457229 ], [ -111.912134, 40.460255 ], [ -111.912013, 40.460941 ], [ -111.911718, 40.462034 ], [ -111.905691, 40.468047 ], [ -111.905084, 40.470167 ], [ -111.903686, 40.473117 ], [ -111.903436, 40.473558 ], [ -111.902699, 40.475198 ], [ -111.902374, 40.475789 ], [ -111.900903, 40.4778 ], [ -111.895019, 40.479371 ], [ -111.89141, 40.473375 ], [ -111.890451, 40.473921 ], [ -111.88875, 40.4749 ], [ -111.885031, 40.477009 ], [ -111.876261, 40.478721 ], [ -111.875614, 40.479122 ], [ -111.875056, 40.479642 ], [ -111.867605, 40.482216 ], [ -111.864809, 40.479948 ], [ -111.857771, 40.482666 ], [ -111.854797, 40.482746 ], [ -111.847987, 40.479994 ], [ -111.847643, 40.479725 ], [ -111.84713, 40.479437 ], [ -111.846492, 40.479185 ], [ -111.845835, 40.47897 ], [ -111.845365, 40.478862 ], [ -111.845096, 40.478826 ], [ -111.843564, 40.48391 ], [ -111.843425, 40.484358 ], [ -111.843348, 40.484989 ], [ -111.843392, 40.485591 ], [ -111.841567, 40.492042 ], [ -111.838986, 40.493534 ], [ -111.837657, 40.499007 ], [ -111.838122, 40.5073 ], [ -111.838124, 40.507852 ], [ -111.838258, 40.508534 ], [ -111.836973, 40.517047 ], [ -111.832522, 40.52279 ], [ -111.828879, 40.525095 ], [ -111.828366, 40.525472 ], [ -111.828235, 40.525749 ], [ -111.828057, 40.526545 ], [ -111.828525, 40.529369 ], [ -111.828543, 40.529475 ], [ -111.829889, 40.53391 ], [ -111.830139, 40.534075 ], [ -111.830197, 40.534111 ], [ -111.830582, 40.534346 ], [ -111.832037, 40.534181 ], [ -111.832337, 40.53391 ], [ -111.838568, 40.5313 ], [ -111.842729, 40.535283 ], [ -111.843565, 40.53753 ], [ -111.84602, 40.540082 ], [ -111.851648, 40.543718 ], [ -111.855246, 40.54361 ], [ -111.857323, 40.540617 ], [ -111.862754, 40.535502 ], [ -111.864549, 40.535198 ], [ -111.871505, 40.52964 ], [ -111.874816, 40.527682 ], [ -111.877529, 40.526787 ], [ -111.8776, 40.526769 ], [ -111.878534, 40.525069 ], [ -111.886729, 40.526918 ], [ -111.888201, 40.528481 ], [ -111.889802, 40.531989 ], [ -111.890185, 40.533904 ], [ -111.890376, 40.534789 ], [ -111.893895, 40.534031 ], [ -111.893627, 40.525714 ], [ -111.893503, 40.524987 ], [ -111.89273, 40.518297 ], [ -111.892737, 40.515249 ], [ -111.897554, 40.509952 ], [ -111.900029, 40.508052 ], [ -111.904394, 40.505167 ], [ -111.905425, 40.50453 ], [ -111.903607, 40.501422 ], [ -111.89895, 40.498881 ], [ -111.894414, 40.49182 ], [ -111.899939, 40.488731 ], [ -111.900208, 40.488706 ], [ -111.90096, 40.488161 ], [ -111.908669, 40.487474 ], [ -111.912435, 40.487494 ], [ -111.914191, 40.487651 ], [ -111.914853, 40.487639 ], [ -111.918855, 40.488218 ], [ -111.918897, 40.48822 ], [ -111.920919, 40.487427 ], [ -111.921095, 40.487264 ], [ -111.920794, 40.485091 ] ] ] } },
{ "type": "Feature", "properties": { "group_index": 0, "value": 600.0, "center": [ -111.8545636, 40.5816475 ], "point_id": 78 }, "geometry": { "type": "Polygon", "coordinates": [ [ [ -111.906634, 40.605838 ], [ -111.906383, 40.604629 ], [ -111.905821, 40.602866 ], [ -111.907248, 40.595582 ], [ -111.911998, 40.59023 ], [ -111.912141, 40.589656 ], [ -111.912334, 40.587275 ], [ -111.912322, 40.586867 ], [ -111.912221, 40.586057 ], [ -111.912114, 40.585791 ], [ -111.910407, 40.58411 ], [ -111.905925, 40.580779 ], [ -111.902123, 40.574988 ], [ -111.902596, 40.571521 ], [ -111.902596, 40.57148 ], [ -111.902594, 40.569721 ], [ -111.902594, 40.568121 ], [ -111.90258, 40.567934 ], [ -111.901634, 40.566614 ], [ -111.899512, 40.564223 ], [ -111.895709, 40.559024 ], [ -111.894216, 40.557213 ], [ -111.889953, 40.551613 ], [ -111.888783, 40.549795 ], [ -111.882283, 40.546242 ], [ -111.879448, 40.542535 ], [ -111.877321, 40.541952 ], [ -111.871829, 40.53981 ], [ -111.867917, 40.536066 ], [ -111.865328, 40.53072 ], [ -111.865213, 40.530375 ], [ -111.86461, 40.528592 ], [ -111.864606, 40.528584 ], [ -111.864039, 40.528042 ], [ -111.862708, 40.527591 ], [ -111.854365, 40.524522 ], [ -111.854144, 40.524397 ], [ -111.853934, 40.524344 ], [ -111.853401, 40.524313 ], [ -111.851788, 40.524878 ], [ -111.850468, 40.525427 ], [ -111.846768, 40.527025 ], [ -111.846509, 40.527208 ], [ -111.846208, 40.527467 ], [ -111.845993, 40.527696 ], [ -111.845624, 40.528234 ], [ -111.843724, 40.531005 ], [ -111.839053, 40.535102 ], [ -111.834513, 40.536161 ], [ -111.831253, 40.536553 ], [ -111.82735, 40.536976 ], [ -111.825429, 40.536988 ], [ -111.825451, 40.540588 ], [ -111.829479, 40.544714 ], [ -111.82902, 40.549283 ], [ -111.82287, 40.553797 ], [ -111.8215, 40.553814 ], [ -111.820805, 40.55399 ], [ -111.816931, 40.554019 ], [ -111.816373, 40.553893 ], [ -111.815246, 40.553726 ], [ -111.814175, 40.553688 ], [ -111.80931, 40.553849 ], [ -111.808176, 40.554444 ], [ -111.801576, 40.558832 ], [ -111.799636, 40.559393 ], [ -111.799369, 40.561302 ], [ -111.796862, 40.567819 ], [ -111.788739, 40.570038 ], [ -111.787906, 40.569798 ], [ -111.779798, 40.570518 ], [ -111.778283, 40.570444 ], [ -111.777916, 40.570465 ], [ -111.777233, 40.570545 ], [ -111.776754, 40.570622 ], [ -111.776469, 40.570682 ], [ -111.777217, 40.574204 ], [ -111.782212, 40.575259 ], [ -111.784853, 40.576479 ], [ -111.785208, 40.576571 ], [ -111.78601, 40.576605 ], [ -111.791599, 40.577354 ], [ -111.793133, 40.583569 ], [ -111.792809, 40.584667 ], [ -111.791628, 40.58934 ], [ -111.791909, 40.590114 ], [ -111.792071, 40.590428 ], [ -111.793423, 40.591359 ], [ -111.794072, 40.59155 ], [ -111.794497, 40.591572 ], [ -111.795683, 40.591508 ], [ -111.796672, 40.589189 ], [ -111.798742, 40.586485 ], [ -111.806808, 40.585023 ], [ -111.809331, 40.588325 ], [ -111.80853, 40.593592 ], [ -111.808344, 40.597187 ], [ -111.81436, 40.601897 ], [ -111.814907, 40.605455 ], [ -111.815367, 40.605384 ], [ -111.818713, 40.605256 ], [ -111.819247, 40.605295 ], [ -111.825814, 40.607179 ], [ -111.827867, 40.609481 ], [ -111.829592, 40.612399 ], [ -111.829892, 40.612954 ], [ -111.832049, 40.615904 ], [ -111.833521, 40.617036 ], [ -111.833647, 40.617012 ], [ -111.834374, 40.616701 ], [ -111.834929, 40.616155 ], [ -111.843599, 40.613765 ], [ -111.848004, 40.615165 ], [ -111.848788, 40.621537 ], [ -111.846566, 40.624452 ], [ -111.846493, 40.624566 ], [ -111.846247, 40.625181 ], [ -111.846214, 40.625349 ], [ -111.847387, 40.627281 ], [ -111.852917, 40.631212 ], [ -111.855342, 40.631431 ], [ -111.858058, 40.631827 ], [ -111.864177, 40.633372 ], [ -111.865983, 40.633884 ], [ -111.866505, 40.633882 ], [ -111.868076, 40.633509 ], [ -111.869399, 40.630271 ], [ -111.871839, 40.626538 ], [ -111.876775, 40.622556 ], [ -111.878238, 40.62078 ], [ -111.88081, 40.61679 ], [ -111.882552, 40.615318 ], [ -111.890649, 40.613296 ], [ -111.890663, 40.613296 ], [ -111.890697, 40.613297 ], [ -111.890718, 40.613297 ], [ -111.897883, 40.61132 ], [ -111.905536, 40.607726 ], [ -111.906809, 40.606724 ], [ -111.906634, 40.605838 ] ] ] } },
{ "type": "Feature", "properties": { "group_index": 0, "value": 600.0, "center": [ -111.93957077742398, 40.558483833001894 ], "point_id": 79 }, "geometry": { "type": "Polygon", "coordinates": [ [ [ -112.001619, 40.566199 ], [ -112.001598, 40.565637 ], [ -112.001403, 40.564173 ], [ -112.000998, 40.561357 ], [ -112.000703, 40.561008 ], [ -111.998735, 40.559016 ], [ -111.998386, 40.558849 ], [ -111.995068, 40.557269 ], [ -111.993359, 40.556513 ], [ -111.994012, 40.547908 ], [ -111.995186, 40.544504 ], [ -111.993457, 40.536922 ], [ -111.993068, 40.535126 ], [ -111.988068, 40.532054 ], [ -111.986215, 40.526091 ], [ -111.986217, 40.524801 ], [ -111.986174, 40.523806 ], [ -111.985866, 40.52263 ], [ -111.980104, 40.520785 ], [ -111.979481, 40.520544 ], [ -111.979209, 40.520543 ], [ -111.972339, 40.519454 ], [ -111.97114, 40.51897 ], [ -111.970847, 40.518854 ], [ -111.964301, 40.513893 ], [ -111.962543, 40.507654 ], [ -111.961211, 40.505973 ], [ -111.959501, 40.504212 ], [ -111.957924, 40.502808 ], [ -111.957702, 40.502807 ], [ -111.955901, 40.504156 ], [ -111.951191, 40.505987 ], [ -111.950822, 40.505987 ], [ -111.944155, 40.502763 ], [ -111.944006, 40.499166 ], [ -111.940406, 40.499174 ], [ -111.939569, 40.499174 ], [ -111.937014, 40.5004 ], [ -111.929189, 40.503904 ], [ -111.92839, 40.503924 ], [ -111.927438, 40.504698 ], [ -111.924656, 40.510438 ], [ -111.921428, 40.518352 ], [ -111.918915, 40.523069 ], [ -111.912294, 40.523186 ], [ -111.907656, 40.520287 ], [ -111.90743, 40.520015 ], [ -111.906206, 40.519523 ], [ -111.90385, 40.520397 ], [ -111.899977, 40.52493 ], [ -111.893184, 40.522123 ], [ -111.889584, 40.522048 ], [ -111.889525, 40.524876 ], [ -111.889531, 40.526406 ], [ -111.889594, 40.528301 ], [ -111.88979, 40.529945 ], [ -111.890081, 40.531349 ], [ -111.890555, 40.533795 ], [ -111.889576, 40.539622 ], [ -111.885402, 40.542519 ], [ -111.883748, 40.544156 ], [ -111.883626, 40.544339 ], [ -111.883626, 40.544342 ], [ -111.885395, 40.546119 ], [ -111.88725, 40.551599 ], [ -111.885146, 40.557046 ], [ -111.88361, 40.558512 ], [ -111.883597, 40.55858 ], [ -111.885624, 40.56719 ], [ -111.885505, 40.567888 ], [ -111.885035, 40.571097 ], [ -111.885877, 40.57288 ], [ -111.886868, 40.573268 ], [ -111.893738, 40.577496 ], [ -111.897518, 40.581633 ], [ -111.89753, 40.585985 ], [ -111.897521, 40.587117 ], [ -111.897802, 40.589064 ], [ -111.898087, 40.589836 ], [ -111.898391, 40.590454 ], [ -111.899058, 40.591541 ], [ -111.902801, 40.59326 ], [ -111.907875, 40.5998 ], [ -111.908441, 40.600035 ], [ -111.908839, 40.600163 ], [ -111.911067, 40.600446 ], [ -111.912767, 40.598774 ], [ -111.920875, 40.598067 ], [ -111.921829, 40.601434 ], [ -111.921833, 40.602318 ], [ -111.922924, 40.604167 ], [ -111.923647, 40.608694 ], [ -111.923645, 40.608769 ], [ -111.926063, 40.611736 ], [ -111.927398, 40.613705 ], [ -111.928771, 40.614606 ], [ -111.934229, 40.617286 ], [ -111.936091, 40.620949 ], [ -111.936245, 40.621606 ], [ -111.936284, 40.621685 ], [ -111.936871, 40.622552 ], [ -111.938626, 40.624157 ], [ -111.938776, 40.624157 ], [ -111.939648, 40.623932 ], [ -111.940471, 40.62252 ], [ -111.940918, 40.621573 ], [ -111.941201, 40.620903 ], [ -111.942354, 40.618527 ], [ -111.948677, 40.613486 ], [ -111.95007, 40.612358 ], [ -111.957801, 40.609304 ], [ -111.9596, 40.607862 ], [ -111.9674, 40.603434 ], [ -111.974673, 40.606909 ], [ -111.978273, 40.606982 ], [ -111.978791, 40.602999 ], [ -111.978876, 40.602214 ], [ -111.978911, 40.599044 ], [ -111.978899, 40.596052 ], [ -111.980716, 40.590943 ], [ -111.986413, 40.589675 ], [ -111.986616, 40.589676 ], [ -111.988218, 40.587961 ], [ -111.988215, 40.587788 ], [ -111.986622, 40.586076 ], [ -111.984171, 40.58549 ], [ -111.979134, 40.580189 ], [ -111.985016, 40.575175 ], [ -111.985529, 40.575259 ], [ -111.988177, 40.57527 ], [ -111.988746, 40.575271 ], [ -111.989978, 40.573668 ], [ -111.995093, 40.569524 ], [ -111.995804, 40.569206 ], [ -112.001416, 40.567773 ], [ -112.001619, 40.566199 ] ] ] } },
{ "type": "Feature", "properties": { "group_index": 0, "value": 600.0, "center": [ -112.03991116489753, 40.4951567 ], "point_id": 80 }, "geometry": { "type": "Polygon", "coordinates": [ [ [ -112.097291, 40.518553 ], [ -112.097143, 40.517841 ], [ -112.094565, 40.513953 ], [ -112.093777, 40.512912 ], [ -112.093382, 40.51246 ], [ -112.092966, 40.512102 ], [ -112.09235, 40.511789 ], [ -112.085117, 40.511489 ], [ -112.084092, 40.511214 ], [ -112.083143, 40.51099 ], [ -112.082654, 40.510909 ], [ -112.081759, 40.510812 ], [ -112.081173, 40.510807 ], [ -112.080143, 40.510888 ], [ -112.079195, 40.510978 ], [ -112.074831, 40.510196 ], [ -112.071694, 40.502548 ], [ -112.072727, 40.495963 ], [ -112.072716, 40.495723 ], [ -112.070608, 40.493204 ], [ -112.073375, 40.484928 ], [ -112.073729, 40.484705 ], [ -112.074276, 40.484208 ], [ -112.074595, 40.483769 ], [ -112.077044, 40.480342 ], [ -112.078943, 40.47188 ], [ -112.081477, 40.469333 ], [ -112.081905, 40.468976 ], [ -112.082509, 40.468311 ], [ -112.084559, 40.465486 ], [ -112.084555, 40.465425 ], [ -112.084479, 40.465178 ], [ -112.084426, 40.465093 ], [ -112.084355, 40.465071 ], [ -112.081174, 40.464894 ], [ -112.074021, 40.465786 ], [ -112.071106, 40.467899 ], [ -112.064623, 40.470545 ], [ -112.064443, 40.470634 ], [ -112.063545, 40.471581 ], [ -112.055968, 40.474925 ], [ -112.053284, 40.474734 ], [ -112.052996, 40.474992 ], [ -112.05251, 40.475753 ], [ -112.048367, 40.482235 ], [ -112.048313, 40.485904 ], [ -112.041252, 40.48802 ], [ -112.040614, 40.487644 ], [ -112.040161, 40.487483 ], [ -112.039425, 40.487329 ], [ -112.037909, 40.487279 ], [ -112.030898, 40.486822 ], [ -112.029004, 40.487688 ], [ -112.023935, 40.486408 ], [ -112.023213, 40.479163 ], [ -112.022082, 40.474624 ], [ -112.021902, 40.474624 ], [ -112.018666, 40.474568 ], [ -112.016613, 40.474552 ], [ -112.016135, 40.474581 ], [ -112.015286, 40.474807 ], [ -112.014663, 40.475144 ], [ -112.006011, 40.473659 ], [ -112.005474, 40.472624 ], [ -112.004413, 40.472504 ], [ -111.996879, 40.473346 ], [ -111.993492, 40.47665 ], [ -111.986005, 40.477666 ], [ -111.983546, 40.476212 ], [ -111.980658, 40.474471 ], [ -111.978652, 40.473295 ], [ -111.976199, 40.471887 ], [ -111.974559, 40.471053 ], [ -111.972332, 40.469992 ], [ -111.970885, 40.469359 ], [ -111.968173, 40.468051 ], [ -111.9663, 40.467128 ], [ -111.964647, 40.466295 ], [ -111.962958, 40.465445 ], [ -111.955914, 40.461631 ], [ -111.953811, 40.464553 ], [ -111.954667, 40.465169 ], [ -111.955988, 40.466 ], [ -111.956723, 40.466409 ], [ -111.958155, 40.467145 ], [ -111.961412, 40.468696 ], [ -111.963027, 40.46951 ], [ -111.964679, 40.470343 ], [ -111.966582, 40.471281 ], [ -111.970712, 40.478629 ], [ -111.970715, 40.478705 ], [ -111.972285, 40.480451 ], [ -111.973409, 40.481475 ], [ -111.974987, 40.482533 ], [ -111.978944, 40.489102 ], [ -111.979248, 40.489767 ], [ -111.979651, 40.490362 ], [ -111.981127, 40.498722 ], [ -111.976257, 40.500074 ], [ -111.97489, 40.499619 ], [ -111.973534, 40.499281 ], [ -111.972274, 40.49909 ], [ -111.970699, 40.498958 ], [ -111.968627, 40.498957 ], [ -111.966555, 40.498957 ], [ -111.966555, 40.502557 ], [ -111.968627, 40.502557 ], [ -111.970698, 40.502558 ], [ -111.978379, 40.505491 ], [ -111.979836, 40.506814 ], [ -111.981869, 40.508592 ], [ -111.982314, 40.50897 ], [ -111.985569, 40.516916 ], [ -111.988804, 40.522296 ], [ -111.990356, 40.524074 ], [ -111.990585, 40.524076 ], [ -111.998457, 40.525754 ], [ -112.000819, 40.52773 ], [ -112.00128, 40.528051 ], [ -112.00835, 40.533209 ], [ -112.009282, 40.534184 ], [ -112.011126, 40.536034 ], [ -112.012236, 40.537177 ], [ -112.013685, 40.538606 ], [ -112.019646, 40.539669 ], [ -112.022691, 40.541163 ], [ -112.029552, 40.546119 ], [ -112.03365, 40.547652 ], [ -112.041717, 40.543662 ], [ -112.045986, 40.538737 ], [ -112.04599, 40.535137 ], [ -112.049465, 40.527331 ], [ -112.051194, 40.527017 ], [ -112.053464, 40.527313 ], [ -112.053939, 40.527181 ], [ -112.05506, 40.52683 ], [ -112.055516, 40.526675 ], [ -112.056098, 40.526417 ], [ -112.056444, 40.526224 ], [ -112.063318, 40.523951 ], [ -112.065545, 40.523954 ], [ -112.065551, 40.520354 ], [ -112.069652, 40.51296 ], [ -112.072042, 40.51309 ], [ -112.074238, 40.514075 ], [ -112.074775, 40.514338 ], [ -112.075244, 40.514477 ], [ -112.076091, 40.514633 ], [ -112.076599, 40.514699 ], [ -112.077119, 40.514736 ], [ -112.078062, 40.514735 ], [ -112.078386, 40.514708 ], [ -112.079535, 40.514562 ], [ -112.080442, 40.514476 ], [ -112.08316, 40.514691 ], [ -112.089341, 40.520662 ], [ -112.090074, 40.523938 ], [ -112.093386, 40.525349 ], [ -112.097293, 40.519363 ], [ -112.097291, 40.518553 ] ] ] } },
{ "type": "Feature", "properties": { "group_index": 0, "value": 600.0, "center": [ -111.9871313, 40.5372387 ], "point_id": 81 }, "geometry": { "type": "Polygon", "coordinates": [ [ [ -112.057045, 40.5642 ], [ -112.056042, 40.563474 ], [ -112.052442, 40.563469 ], [ -112.04653, 40.561455 ], [ -112.044265, 40.558971 ], [ -112.046629, 40.551148 ], [ -112.052217, 40.549625 ], [ -112.055601, 40.550855 ], [ -112.056089, 40.551115 ], [ -112.056862, 40.551459 ], [ -112.05748, 40.551682 ], [ -112.058114, 40.551865 ], [ -112.058765, 40.55201 ], [ -112.059413, 40.552115 ], [ -112.059955, 40.551996 ], [ -112.061908, 40.550614 ], [ -112.061942, 40.55047 ], [ -112.060354, 40.548418 ], [ -112.057847, 40.541807 ], [ -112.057454, 40.537011 ], [ -112.057493, 40.535995 ], [ -112.055867, 40.535141 ], [ -112.054446, 40.526893 ], [ -112.054226, 40.524871 ], [ -112.054185, 40.52439 ], [ -112.053317, 40.523505 ], [ -112.048066, 40.518943 ], [ -112.042682, 40.51388 ], [ -112.041014, 40.512109 ], [ -112.040721, 40.512135 ], [ -112.035513, 40.510814 ], [ -112.032716, 40.507877 ], [ -112.030956, 40.50608 ], [ -112.026258, 40.502362 ], [ -112.024456, 40.50099 ], [ -112.024289, 40.50099 ], [ -112.022658, 40.502373 ], [ -112.015046, 40.500984 ], [ -112.013911, 40.498213 ], [ -112.013036, 40.493736 ], [ -112.013035, 40.493566 ], [ -112.013035, 40.493566 ], [ -112.013034, 40.493396 ], [ -112.013006, 40.492666 ], [ -112.013005, 40.492406 ], [ -112.011955, 40.489596 ], [ -112.011709, 40.488851 ], [ -112.011637, 40.48862 ], [ -112.009885, 40.487586 ], [ -112.004203, 40.485951 ], [ -111.999183, 40.484161 ], [ -111.995971, 40.483607 ], [ -111.994123, 40.486696 ], [ -111.986563, 40.491195 ], [ -111.985649, 40.490764 ], [ -111.984723, 40.490593 ], [ -111.978143, 40.487778 ], [ -111.976857, 40.487777 ], [ -111.975704, 40.487773 ], [ -111.975475, 40.487774 ], [ -111.975272, 40.488012 ], [ -111.975165, 40.488148 ], [ -111.973914, 40.489558 ], [ -111.964944, 40.48924 ], [ -111.963944, 40.487811 ], [ -111.959631, 40.484413 ], [ -111.956031, 40.48439 ], [ -111.952293, 40.487817 ], [ -111.95157, 40.493008 ], [ -111.951582, 40.493119 ], [ -111.946342, 40.498792 ], [ -111.943087, 40.497518 ], [ -111.941048, 40.494892 ], [ -111.940558, 40.49398 ], [ -111.940336, 40.493582 ], [ -111.93938, 40.493192 ], [ -111.938746, 40.493164 ], [ -111.936959, 40.493935 ], [ -111.928843, 40.495383 ], [ -111.927738, 40.49514 ], [ -111.926952, 40.495026 ], [ -111.925841, 40.494929 ], [ -111.923298, 40.494931 ], [ -111.919585, 40.494925 ], [ -111.917498, 40.494958 ], [ -111.915324, 40.494972 ], [ -111.914539, 40.495034 ], [ -111.913498, 40.495174 ], [ -111.913005, 40.495275 ], [ -111.912173, 40.49553 ], [ -111.911499, 40.495765 ], [ -111.910895, 40.496017 ], [ -111.912281, 40.499339 ], [ -111.917514, 40.498557 ], [ -111.919641, 40.498524 ], [ -111.923301, 40.498531 ], [ -111.925844, 40.498529 ], [ -111.926613, 40.49861 ], [ -111.929929, 40.499657 ], [ -111.934506, 40.504266 ], [ -111.936685, 40.507373 ], [ -111.936804, 40.512138 ], [ -111.931286, 40.516903 ], [ -111.929854, 40.518734 ], [ -111.927969, 40.522003 ], [ -111.927963, 40.522175 ], [ -111.926668, 40.530029 ], [ -111.926668, 40.530275 ], [ -111.926668, 40.530281 ], [ -111.926666, 40.530528 ], [ -111.926502, 40.534503 ], [ -111.926762, 40.535531 ], [ -111.926498, 40.539349 ], [ -111.920726, 40.542394 ], [ -111.917501, 40.542396 ], [ -111.917354, 40.542397 ], [ -111.916389, 40.543227 ], [ -111.916254, 40.543581 ], [ -111.916005, 40.544612 ], [ -111.915991, 40.544711 ], [ -111.917799, 40.54667 ], [ -111.917857, 40.546669 ], [ -111.921003, 40.546084 ], [ -111.927352, 40.551954 ], [ -111.929144, 40.553704 ], [ -111.933711, 40.55792 ], [ -111.93677, 40.563198 ], [ -111.93758, 40.56403 ], [ -111.938507, 40.564724 ], [ -111.944068, 40.567354 ], [ -111.945568, 40.572838 ], [ -111.945566, 40.573203 ], [ -111.945566, 40.573214 ], [ -111.945565, 40.573839 ], [ -111.946452, 40.575932 ], [ -111.94818, 40.576533 ], [ -111.948637, 40.576544 ], [ -111.953279, 40.579817 ], [ -111.948509, 40.585955 ], [ -111.948542, 40.589555 ], [ -111.956012, 40.592719 ], [ -111.957583, 40.593983 ], [ -111.957818, 40.594146 ], [ -111.963568, 40.596948 ], [ -111.963896, 40.596942 ], [ -111.967841, 40.597973 ], [ -111.968791, 40.606645 ], [ -111.967813, 40.607637 ], [ -111.96791, 40.611236 ], [ -111.97035, 40.61208 ], [ -111.974534, 40.619382 ], [ -111.974413, 40.620276 ], [ -111.974355, 40.6219 ], [ -111.974252, 40.622808 ], [ -111.974247, 40.622927 ], [ -111.974512, 40.623582 ], [ -111.978112, 40.623627 ], [ -111.978141, 40.621295 ], [ -111.978123, 40.620055 ], [ -111.982342, 40.612177 ], [ -111.983749, 40.611212 ], [ -111.983937, 40.610896 ], [ -111.984585, 40.609809 ], [ -111.984538, 40.609359 ], [ -111.98642, 40.60148 ], [ -111.987766, 40.600833 ], [ -111.988225, 40.60009 ], [ -111.989577, 40.598016 ], [ -111.990295, 40.596096 ], [ -111.99549, 40.589692 ], [ -111.99791, 40.589698 ], [ -112.000331, 40.589705 ], [ -112.002437, 40.58971 ], [ -112.004543, 40.589715 ], [ -112.006975, 40.585543 ], [ -112.010052, 40.580937 ], [ -112.014144, 40.578537 ], [ -112.020185, 40.57948 ], [ -112.022449, 40.58651 ], [ -112.022406, 40.586853 ], [ -112.022388, 40.587008 ], [ -112.022327, 40.588558 ], [ -112.022327, 40.589387 ], [ -112.022549, 40.589725 ], [ -112.027229, 40.597262 ], [ -112.027251, 40.598362 ], [ -112.027244, 40.599575 ], [ -112.027271, 40.600235 ], [ -112.027328, 40.600905 ], [ -112.027455, 40.601743 ], [ -112.031015, 40.601203 ], [ -112.030841, 40.599435 ], [ -112.030851, 40.59839 ], [ -112.030829, 40.597193 ], [ -112.03551, 40.589572 ], [ -112.036928, 40.588457 ], [ -112.036949, 40.588265 ], [ -112.036881, 40.587476 ], [ -112.038504, 40.578827 ], [ -112.040219, 40.577899 ], [ -112.042363, 40.575326 ], [ -112.046565, 40.5697 ], [ -112.050164, 40.569773 ], [ -112.057041, 40.5678 ], [ -112.057045, 40.5642 ] ] ] } },
{ "type": "Feature", "properties": { "group_index": 0, "value": 600.0, "center": [ -112.008035, 40.6469438 ], "point_id": 82 }, "geometry": { "type": "Polygon", "coordinates": [ [ [ -112.076682, 40.651619 ], [ -112.072758, 40.648554 ], [ -112.069992, 40.646018 ], [ -112.067028, 40.638397 ], [ -112.06588, 40.636294 ], [ -112.062206, 40.629458 ], [ -112.057658, 40.62863 ], [ -112.055677, 40.622238 ], [ -112.055745, 40.621962 ], [ -112.055758, 40.621105 ], [ -112.055764, 40.618074 ], [ -112.054727, 40.616142 ], [ -112.054151, 40.616084 ], [ -112.052226, 40.617408 ], [ -112.043564, 40.617062 ], [ -112.043046, 40.616353 ], [ -112.041313, 40.611222 ], [ -112.041222, 40.609418 ], [ -112.041462, 40.607785 ], [ -112.041296, 40.606969 ], [ -112.041029, 40.606385 ], [ -112.040736, 40.605968 ], [ -112.040581, 40.605793 ], [ -112.036119, 40.600415 ], [ -112.032926, 40.5934 ], [ -112.026102, 40.587728 ], [ -112.024732, 40.58623 ], [ -112.02434, 40.586136 ], [ -112.02421, 40.586137 ], [ -112.020314, 40.586116 ], [ -112.015896, 40.58548 ], [ -112.014706, 40.586112 ], [ -112.007024, 40.582132 ], [ -112.00695, 40.581265 ], [ -112.0069, 40.581111 ], [ -112.005172, 40.581221 ], [ -112.00436, 40.581323 ], [ -112.004118, 40.581421 ], [ -112.003706, 40.581623 ], [ -112.003429, 40.581933 ], [ -111.995659, 40.5861 ], [ -111.994935, 40.58604 ], [ -111.994496, 40.586036 ], [ -111.98653, 40.587644 ], [ -111.98641, 40.587664 ], [ -111.986251, 40.587709 ], [ -111.983546, 40.589724 ], [ -111.979098, 40.594066 ], [ -111.975498, 40.594078 ], [ -111.975506, 40.596556 ], [ -111.975515, 40.599035 ], [ -111.969649, 40.60515 ], [ -111.968796, 40.605945 ], [ -111.968774, 40.605964 ], [ -111.966958, 40.607689 ], [ -111.965307, 40.60944 ], [ -111.965308, 40.60952 ], [ -111.965648, 40.609949 ], [ -111.966977, 40.611289 ], [ -111.967307, 40.620062 ], [ -111.965587, 40.621322 ], [ -111.964378, 40.622239 ], [ -111.964052, 40.623619 ], [ -111.957698, 40.629837 ], [ -111.957402, 40.630004 ], [ -111.956703, 40.630709 ], [ -111.956029, 40.63138 ], [ -111.95233, 40.636122 ], [ -111.948703, 40.636771 ], [ -111.948339, 40.636771 ], [ -111.947074, 40.639332 ], [ -111.9471, 40.639383 ], [ -111.947116, 40.639414 ], [ -111.947143, 40.639466 ], [ -111.948346, 40.640371 ], [ -111.950636, 40.646792 ], [ -111.943958, 40.650567 ], [ -111.943702, 40.650644 ], [ -111.942485, 40.651239 ], [ -111.941176, 40.652759 ], [ -111.941161, 40.652992 ], [ -111.941158, 40.653111 ], [ -111.941158, 40.653211 ], [ -111.94172, 40.654409 ], [ -111.948412, 40.658878 ], [ -111.948467, 40.658878 ], [ -111.955514, 40.662998 ], [ -111.956163, 40.664768 ], [ -111.960988, 40.669418 ], [ -111.967002, 40.672973 ], [ -111.967493, 40.67297 ], [ -111.974545, 40.67524 ], [ -111.975262, 40.67812 ], [ -111.975264, 40.67883 ], [ -111.979702, 40.685675 ], [ -111.986345, 40.68736 ], [ -111.986627, 40.687362 ], [ -111.992877, 40.689944 ], [ -111.994395, 40.695166 ], [ -111.994396, 40.695467 ], [ -111.996052, 40.696907 ], [ -111.99891, 40.698395 ], [ -112.005387, 40.702428 ], [ -112.005732, 40.702427 ], [ -112.005732, 40.702427 ], [ -112.005951, 40.702426 ], [ -112.013529, 40.698374 ], [ -112.015157, 40.696644 ], [ -112.023054, 40.696466 ], [ -112.024569, 40.698204 ], [ -112.026943, 40.704001 ], [ -112.030543, 40.703984 ], [ -112.030536, 40.702423 ], [ -112.030497, 40.701017 ], [ -112.031213, 40.696046 ], [ -112.031205, 40.695506 ], [ -112.034493, 40.688581 ], [ -112.036148, 40.6875 ], [ -112.043844, 40.685365 ], [ -112.043989, 40.685365 ], [ -112.046171, 40.68386 ], [ -112.047915, 40.682083 ], [ -112.047915, 40.682073 ], [ -112.046711, 40.679554 ], [ -112.045662, 40.673146 ], [ -112.045645, 40.669728 ], [ -112.045696, 40.663992 ], [ -112.045696, 40.660447 ], [ -112.045699, 40.659714 ], [ -112.05038, 40.653132 ], [ -112.052471, 40.653155 ], [ -112.057591, 40.654961 ], [ -112.060273, 40.654958 ], [ -112.065283, 40.654923 ], [ -112.070799, 40.654844 ], [ -112.078023, 40.658308 ], [ -112.078742, 40.658904 ], [ -112.081038, 40.656131 ], [ -112.076682, 40.651619 ] ] ] } },
{ "type": "Feature", "properties": { "group_index": 0, "value": 600.0, "center": [ -112.10882860394581, 40.707166538436 ], "point_id": 83 }, "geometry": { "type": "Polygon", "coordinates": [ [ [ -112.187581, 40.725744 ], [ -112.184436, 40.725888 ], [ -112.182723, 40.725943 ], [ -112.180346, 40.726044 ], [ -112.177987, 40.726144 ], [ -112.174716, 40.726299 ], [ -112.171056, 40.726148 ], [ -112.168377, 40.725945 ], [ -112.164201, 40.724695 ], [ -112.159602, 40.721444 ], [ -112.158553, 40.720852 ], [ -112.157938, 40.720536 ], [ -112.157234, 40.720247 ], [ -112.156839, 40.720121 ], [ -112.156196, 40.719969 ], [ -112.148323, 40.717789 ], [ -112.147707, 40.717621 ], [ -112.147319, 40.717544 ], [ -112.146717, 40.717471 ], [ -112.14639, 40.717442 ], [ -112.137593, 40.715958 ], [ -112.136842, 40.715787 ], [ -112.135338, 40.715405 ], [ -112.13457, 40.715241 ], [ -112.133791, 40.715112 ], [ -112.132389, 40.714923 ], [ -112.131291, 40.714727 ], [ -112.130006, 40.714466 ], [ -112.129155, 40.714319 ], [ -112.128283, 40.714211 ], [ -112.127838, 40.71418 ], [ -112.127219, 40.71418 ], [ -112.126555, 40.7142 ], [ -112.125004, 40.714354 ], [ -112.123856, 40.714539 ], [ -112.123098, 40.714682 ], [ -112.12081, 40.715237 ], [ -112.118495, 40.715819 ], [ -112.117741, 40.715964 ], [ -112.110483, 40.71094 ], [ -112.11047, 40.709878 ], [ -112.110638, 40.70788 ], [ -112.110612, 40.705815 ], [ -112.110393, 40.703755 ], [ -112.110385, 40.70312 ], [ -112.11037, 40.701491 ], [ -112.110368, 40.700746 ], [ -112.110744, 40.697778 ], [ -112.105225, 40.692553 ], [ -112.10289, 40.687387 ], [ -112.101199, 40.683396 ], [ -112.099602, 40.67659 ], [ -112.098878, 40.675568 ], [ -112.097817, 40.675223 ], [ -112.094692, 40.667117 ], [ -112.094588, 40.666475 ], [ -112.091751, 40.663055 ], [ -112.091203, 40.662395 ], [ -112.090702, 40.661875 ], [ -112.090151, 40.661364 ], [ -112.089375, 40.660735 ], [ -112.088608, 40.660193 ], [ -112.087833, 40.659737 ], [ -112.087052, 40.659334 ], [ -112.084873, 40.658326 ], [ -112.083984, 40.65789 ], [ -112.078864, 40.651103 ], [ -112.071089, 40.647022 ], [ -112.069483, 40.645552 ], [ -112.067052, 40.648207 ], [ -112.068657, 40.649677 ], [ -112.071727, 40.656531 ], [ -112.072194, 40.656647 ], [ -112.072568, 40.656714 ], [ -112.073159, 40.656768 ], [ -112.078887, 40.659019 ], [ -112.079829, 40.659707 ], [ -112.081208, 40.66046 ], [ -112.082229, 40.661034 ], [ -112.083281, 40.661555 ], [ -112.08554, 40.662601 ], [ -112.090117, 40.668596 ], [ -112.090182, 40.673159 ], [ -112.08622, 40.680225 ], [ -112.082248, 40.680222 ], [ -112.079054, 40.68022 ], [ -112.07586, 40.680218 ], [ -112.072666, 40.680216 ], [ -112.069472, 40.680214 ], [ -112.066279, 40.680212 ], [ -112.063082, 40.680211 ], [ -112.060816, 40.680213 ], [ -112.058201, 40.68024 ], [ -112.053079, 40.680248 ], [ -112.052667, 40.680248 ], [ -112.051278, 40.682072 ], [ -112.05128, 40.682157 ], [ -112.052666, 40.683848 ], [ -112.053806, 40.69235 ], [ -112.051781, 40.693235 ], [ -112.04815, 40.694727 ], [ -112.044496, 40.694446 ], [ -112.044488, 40.694444 ], [ -112.043884, 40.694349 ], [ -112.043158, 40.694736 ], [ -112.042128, 40.696008 ], [ -112.041204, 40.697823 ], [ -112.039382, 40.700368 ], [ -112.032017, 40.702742 ], [ -112.031652, 40.702742 ], [ -112.027691, 40.705991 ], [ -112.027823, 40.706577 ], [ -112.027993, 40.707227 ], [ -112.028973, 40.710011 ], [ -112.029208, 40.711085 ], [ -112.029289, 40.711833 ], [ -112.029301, 40.71254 ], [ -112.02308, 40.718832 ], [ -112.016614, 40.723694 ], [ -112.013511, 40.723944 ], [ -112.010354, 40.723965 ], [ -112.00605, 40.723962 ], [ -112.001746, 40.723959 ], [ -111.998268, 40.723956 ], [ -111.99479, 40.723954 ], [ -111.994787, 40.727554 ], [ -111.998265, 40.727556 ], [ -112.001744, 40.727559 ], [ -112.006048, 40.727562 ], [ -112.010351, 40.727565 ], [ -112.013535, 40.727544 ], [ -112.015437, 40.727541 ], [ -112.023068, 40.73078 ], [ -112.026582, 40.738668 ], [ -112.026948, 40.740367 ], [ -112.02755, 40.742018 ], [ -112.028253, 40.742019 ], [ -112.028747, 40.742019 ], [ -112.029075, 40.742019 ], [ -112.030548, 40.740355 ], [ -112.030547, 40.740213 ], [ -112.030607, 40.736629 ], [ -112.030647, 40.736052 ], [ -112.030696, 40.732639 ], [ -112.03764, 40.727663 ], [ -112.04117, 40.727578 ], [ -112.04238, 40.727513 ], [ -112.04646, 40.727483 ], [ -112.050107, 40.727454 ], [ -112.053754, 40.727425 ], [ -112.05749, 40.727335 ], [ -112.063034, 40.727318 ], [ -112.070375, 40.72894 ], [ -112.076264, 40.727319 ], [ -112.080489, 40.729002 ], [ -112.084089, 40.729007 ], [ -112.084092, 40.726812 ], [ -112.084081, 40.725565 ], [ -112.088662, 40.719179 ], [ -112.091293, 40.719724 ], [ -112.092022, 40.719897 ], [ -112.096857, 40.720002 ], [ -112.100264, 40.720026 ], [ -112.103203, 40.720001 ], [ -112.106626, 40.719988 ], [ -112.110049, 40.719975 ], [ -112.111876, 40.719968 ], [ -112.113192, 40.719979 ], [ -112.11427, 40.719963 ], [ -112.115368, 40.719897 ], [ -112.116132, 40.719824 ], [ -112.117189, 40.719703 ], [ -112.118433, 40.719496 ], [ -112.119372, 40.71931 ], [ -112.121662, 40.718735 ], [ -112.123769, 40.718219 ], [ -112.130665, 40.718272 ], [ -112.131909, 40.718491 ], [ -112.138738, 40.720151 ], [ -112.140383, 40.720779 ], [ -112.141053, 40.720968 ], [ -112.141746, 40.721106 ], [ -112.142624, 40.721206 ], [ -112.151248, 40.722856 ], [ -112.151924, 40.723024 ], [ -112.159504, 40.726275 ], [ -112.16048, 40.726938 ], [ -112.161263, 40.727384 ], [ -112.167207, 40.73365 ], [ -112.167596, 40.734203 ], [ -112.167831, 40.734449 ], [ -112.16873, 40.735257 ], [ -112.171137, 40.732581 ], [ -112.178139, 40.729741 ], [ -112.180498, 40.729641 ], [ -112.182838, 40.729541 ], [ -112.184601, 40.729485 ], [ -112.187746, 40.72934 ], [ -112.187581, 40.725744 ] ] ] } },
{ "type": "Feature", "properties": { "group_index": 0, "value": 600.0, "center": [ -111.97483778331373, 41.21495227638315 ], "point_id": 84 }, "geometry": { "type": "Polygon", "coordinates": [ [ [ -112.027673, 41.286705 ], [ -112.027701, 41.28444 ], [ -112.02773, 41.281956 ], [ -112.02776, 41.279471 ], [ -112.029973, 41.272921 ], [ -112.032077, 41.270872 ], [ -112.033543, 41.269386 ], [ -112.033654, 41.268851 ], [ -112.032537, 41.267301 ], [ -112.028364, 41.263425 ], [ -112.025718, 41.259717 ], [ -112.025303, 41.258803 ], [ -112.024809, 41.257925 ], [ -112.027058, 41.249228 ], [ -112.031728, 41.247078 ], [ -112.033707, 41.247 ], [ -112.033565, 41.243403 ], [ -112.035918, 41.236058 ], [ -112.037157, 41.234998 ], [ -112.041957, 41.228746 ], [ -112.046889, 41.221531 ], [ -112.046897, 41.217931 ], [ -112.046717, 41.217108 ], [ -112.043117, 41.217064 ], [ -112.040096, 41.217911 ], [ -112.034836, 41.215086 ], [ -112.037672, 41.206904 ], [ -112.040141, 41.206918 ], [ -112.040835, 41.206922 ], [ -112.041952, 41.205083 ], [ -112.041946, 41.20477 ], [ -112.042704, 41.197965 ], [ -112.042705, 41.197907 ], [ -112.04113, 41.19606 ], [ -112.040177, 41.195347 ], [ -112.036014, 41.195111 ], [ -112.035812, 41.195124 ], [ -112.027662, 41.191564 ], [ -112.027283, 41.183497 ], [ -112.027283, 41.183485 ], [ -112.0255, 41.181672 ], [ -112.022023, 41.178248 ], [ -112.021011, 41.175065 ], [ -112.026034, 41.170141 ], [ -112.026196, 41.170142 ], [ -112.027091, 41.169177 ], [ -112.027837, 41.168506 ], [ -112.03088, 41.166682 ], [ -112.03533, 41.163926 ], [ -112.036022, 41.163474 ], [ -112.037523, 41.16194 ], [ -112.037525, 41.161689 ], [ -112.037525, 41.161689 ], [ -112.037526, 41.161627 ], [ -112.036028, 41.159874 ], [ -112.033111, 41.157838 ], [ -112.0274, 41.15123 ], [ -112.027393, 41.147356 ], [ -112.027385, 41.143481 ], [ -112.027378, 41.139919 ], [ -112.027371, 41.136358 ], [ -112.023771, 41.136365 ], [ -112.023778, 41.139927 ], [ -112.023785, 41.143488 ], [ -112.023793, 41.147363 ], [ -112.0238, 41.151237 ], [ -112.019416, 41.156433 ], [ -112.017894, 41.157504 ], [ -112.017858, 41.15798 ], [ -112.017859, 41.158242 ], [ -112.017866, 41.159304 ], [ -112.017867, 41.160192 ], [ -112.017901, 41.161104 ], [ -112.016282, 41.166199 ], [ -112.013735, 41.169492 ], [ -112.007172, 41.169065 ], [ -112.005763, 41.167605 ], [ -112.004983, 41.166957 ], [ -112.004297, 41.166454 ], [ -112.003004, 41.165704 ], [ -111.997089, 41.160569 ], [ -111.996476, 41.159705 ], [ -111.995473, 41.158491 ], [ -111.994219, 41.157248 ], [ -111.993043, 41.156274 ], [ -111.991856, 41.155406 ], [ -111.990785, 41.154731 ], [ -111.989919, 41.154225 ], [ -111.987767, 41.153205 ], [ -111.986494, 41.152726 ], [ -111.985292, 41.152321 ], [ -111.98325, 41.151785 ], [ -111.980822, 41.1513 ], [ -111.973168, 41.14925 ], [ -111.971004, 41.148621 ], [ -111.969768, 41.152002 ], [ -111.965178, 41.159167 ], [ -111.958149, 41.161865 ], [ -111.95347, 41.161899 ], [ -111.952068, 41.165214 ], [ -111.945374, 41.170243 ], [ -111.944438, 41.170902 ], [ -111.943665, 41.173411 ], [ -111.937343, 41.178128 ], [ -111.93493, 41.17688 ], [ -111.932249, 41.176364 ], [ -111.93213, 41.176395 ], [ -111.930285, 41.179621 ], [ -111.929993, 41.183408 ], [ -111.932077, 41.188525 ], [ -111.935166, 41.1943 ], [ -111.937644, 41.201433 ], [ -111.938253, 41.203515 ], [ -111.937783, 41.210275 ], [ -111.932704, 41.211232 ], [ -111.931875, 41.211764 ], [ -111.930748, 41.213184 ], [ -111.927981, 41.21841 ], [ -111.927256, 41.219874 ], [ -111.927324, 41.220925 ], [ -111.928018, 41.223841 ], [ -111.924666, 41.230228 ], [ -111.923542, 41.231628 ], [ -111.916716, 41.235266 ], [ -111.915931, 41.235388 ], [ -111.915171, 41.235599 ], [ -111.912541, 41.236111 ], [ -111.91177, 41.236215 ], [ -111.90901, 41.23654 ], [ -111.908628, 41.236644 ], [ -111.908117, 41.236872 ], [ -111.9065, 41.237795 ], [ -111.908083, 41.241028 ], [ -111.914394, 41.240078 ], [ -111.914858, 41.24002 ], [ -111.915479, 41.239787 ], [ -111.92073, 41.238685 ], [ -111.922138, 41.238659 ], [ -111.922582, 41.238642 ], [ -111.923059, 41.238579 ], [ -111.929152, 41.239751 ], [ -111.93333, 41.24417 ], [ -111.93606, 41.246959 ], [ -111.93723, 41.253037 ], [ -111.937228, 41.253343 ], [ -111.940669, 41.25781 ], [ -111.943678, 41.261025 ], [ -111.947819, 41.264322 ], [ -111.947905, 41.264322 ], [ -111.949632, 41.262734 ], [ -111.956209, 41.260829 ], [ -111.956319, 41.260829 ], [ -111.957954, 41.258415 ], [ -111.962322, 41.254094 ], [ -111.967856, 41.258579 ], [ -111.969597, 41.26038 ], [ -111.976222, 41.261049 ], [ -111.976368, 41.261051 ], [ -111.977826, 41.26108 ], [ -111.978713, 41.261104 ], [ -111.979663, 41.259874 ], [ -111.987975, 41.257748 ], [ -111.990402, 41.259602 ], [ -111.991898, 41.261173 ], [ -111.992272, 41.261155 ], [ -111.99641, 41.261132 ], [ -111.999994, 41.260789 ], [ -112.006377, 41.257165 ], [ -112.007904, 41.256058 ], [ -112.010976, 41.254483 ], [ -112.018355, 41.25598 ], [ -112.01987, 41.257636 ], [ -112.020603, 41.265561 ], [ -112.019621, 41.266855 ], [ -112.019512, 41.267308 ], [ -112.019508, 41.26742 ], [ -112.020539, 41.26916 ], [ -112.024232, 41.276109 ], [ -112.02416, 41.279428 ], [ -112.024131, 41.281913 ], [ -112.024101, 41.284397 ], [ -112.024074, 41.286662 ], [ -112.024046, 41.288927 ], [ -112.027646, 41.28897 ], [ -112.027673, 41.286705 ] ] ] } },
{ "type": "Feature", "properties": { "group_index": 0, "value": 600.0, "center": [ -111.8435267, 40.7552241 ], "point_id": 85 }, "geometry": { "type": "Polygon", "coordinates": [ [ [ -111.895747, 40.760613 ], [ -111.894484, 40.758915 ], [ -111.891861, 40.756682 ], [ -111.890121, 40.755008 ], [ -111.884665, 40.748005 ], [ -111.88268, 40.747054 ], [ -111.878589, 40.740917 ], [ -111.873065, 40.734158 ], [ -111.867144, 40.728604 ], [ -111.865353, 40.726873 ], [ -111.861161, 40.723607 ], [ -111.854434, 40.719371 ], [ -111.854325, 40.719372 ], [ -111.853988, 40.719482 ], [ -111.852022, 40.720225 ], [ -111.843604, 40.723237 ], [ -111.842017, 40.722523 ], [ -111.839531, 40.720133 ], [ -111.83928, 40.719994 ], [ -111.838369, 40.719483 ], [ -111.838064, 40.719312 ], [ -111.838043, 40.7193 ], [ -111.837734, 40.719133 ], [ -111.831407, 40.718911 ], [ -111.830854, 40.718913 ], [ -111.829063, 40.720268 ], [ -111.822193, 40.721644 ], [ -111.814595, 40.721008 ], [ -111.813244, 40.720384 ], [ -111.811583, 40.720078 ], [ -111.811376, 40.720165 ], [ -111.811373, 40.720167 ], [ -111.811236, 40.720225 ], [ -111.810359, 40.722538 ], [ -111.810299, 40.727047 ], [ -111.812178, 40.734195 ], [ -111.808851, 40.73994 ], [ -111.805272, 40.744918 ], [ -111.798722, 40.750655 ], [ -111.797644, 40.751005 ], [ -111.79643, 40.751301 ], [ -111.79454, 40.751849 ], [ -111.793931, 40.752163 ], [ -111.793375, 40.752577 ], [ -111.788893, 40.756016 ], [ -111.790677, 40.759143 ], [ -111.791927, 40.758627 ], [ -111.794097, 40.757077 ], [ -111.799199, 40.754312 ], [ -111.804646, 40.753778 ], [ -111.805099, 40.753803 ], [ -111.805663, 40.75377 ], [ -111.806152, 40.753677 ], [ -111.806689, 40.753489 ], [ -111.807212, 40.753221 ], [ -111.809828, 40.752102 ], [ -111.815097, 40.752831 ], [ -111.817534, 40.757345 ], [ -111.82097, 40.761043 ], [ -111.823922, 40.764925 ], [ -111.824455, 40.765618 ], [ -111.831736, 40.769912 ], [ -111.832859, 40.77088 ], [ -111.835657, 40.773567 ], [ -111.842921, 40.778737 ], [ -111.848816, 40.7812 ], [ -111.853484, 40.781883 ], [ -111.861586, 40.782761 ], [ -111.863018, 40.781159 ], [ -111.871553, 40.780763 ], [ -111.872043, 40.780766 ], [ -111.877605, 40.776459 ], [ -111.880505, 40.774641 ], [ -111.885431, 40.768128 ], [ -111.888265, 40.766828 ], [ -111.894481, 40.762515 ], [ -111.895749, 40.760956 ], [ -111.895747, 40.760613 ] ] ] } },
{ "type": "Feature", "properties": { "group_index": 0, "value": 600.0, "center": [ -111.93559556138413, 40.5643984005123 ], "point_id": 86 }, "geometry": { "type": "Polygon", "coordinates": [ [ [ -112.003814, 40.565956 ], [ -112.001155, 40.56142 ], [ -112.001077, 40.561323 ], [ -111.999096, 40.55919 ], [ -111.997795, 40.557936 ], [ -111.995592, 40.557351 ], [ -111.993499, 40.556499 ], [ -111.99426, 40.547994 ], [ -111.995449, 40.544596 ], [ -111.995274, 40.544535 ], [ -111.990753, 40.54185 ], [ -111.988085, 40.53711 ], [ -111.986066, 40.529755 ], [ -111.986154, 40.527023 ], [ -111.986215, 40.526091 ], [ -111.986217, 40.524801 ], [ -111.986161, 40.5235 ], [ -111.985823, 40.520989 ], [ -111.982223, 40.521015 ], [ -111.976722, 40.527275 ], [ -111.969604, 40.522292 ], [ -111.96951, 40.522008 ], [ -111.968313, 40.5205 ], [ -111.963742, 40.518797 ], [ -111.96017, 40.514091 ], [ -111.9595, 40.511952 ], [ -111.958868, 40.510899 ], [ -111.957698, 40.510324 ], [ -111.95752, 40.510324 ], [ -111.9559, 40.51199 ], [ -111.954098, 40.515479 ], [ -111.945437, 40.51509 ], [ -111.944829, 40.51283 ], [ -111.942967, 40.510224 ], [ -111.940775, 40.505966 ], [ -111.938571, 40.504415 ], [ -111.938267, 40.504417 ], [ -111.931033, 40.505633 ], [ -111.929189, 40.503904 ], [ -111.92855, 40.50392 ], [ -111.927433, 40.505611 ], [ -111.925648, 40.50929 ], [ -111.924849, 40.511219 ], [ -111.921428, 40.518352 ], [ -111.918915, 40.523069 ], [ -111.912533, 40.523434 ], [ -111.907168, 40.518928 ], [ -111.905376, 40.517916 ], [ -111.905211, 40.518009 ], [ -111.904888, 40.518237 ], [ -111.904711, 40.518392 ], [ -111.904363, 40.518786 ], [ -111.904016, 40.519406 ], [ -111.903851, 40.520177 ], [ -111.901813, 40.523552 ], [ -111.899564, 40.524749 ], [ -111.893211, 40.51925 ], [ -111.89323, 40.516784 ], [ -111.893221, 40.513136 ], [ -111.89321, 40.509578 ], [ -111.893211, 40.509447 ], [ -111.893273, 40.508245 ], [ -111.889677, 40.508075 ], [ -111.889582, 40.508365 ], [ -111.889613, 40.50954 ], [ -111.889621, 40.513145 ], [ -111.88963, 40.516792 ], [ -111.889611, 40.519223 ], [ -111.886832, 40.526176 ], [ -111.886727, 40.52668 ], [ -111.886727, 40.526812 ], [ -111.889645, 40.531685 ], [ -111.890185, 40.533904 ], [ -111.889587, 40.538326 ], [ -111.883685, 40.542516 ], [ -111.880302, 40.549713 ], [ -111.879274, 40.550916 ], [ -111.878675, 40.551792 ], [ -111.879132, 40.558477 ], [ -111.879165, 40.558905 ], [ -111.879549, 40.560513 ], [ -111.87994, 40.560616 ], [ -111.882983, 40.562047 ], [ -111.884721, 40.569079 ], [ -111.884235, 40.572198 ], [ -111.88454, 40.575035 ], [ -111.888976, 40.577896 ], [ -111.894187, 40.582447 ], [ -111.896274, 40.587733 ], [ -111.896473, 40.589771 ], [ -111.9009, 40.596619 ], [ -111.901313, 40.598753 ], [ -111.901799, 40.601056 ], [ -111.902208, 40.603146 ], [ -111.902616, 40.605235 ], [ -111.906149, 40.604544 ], [ -111.910055, 40.604014 ], [ -111.910223, 40.604014 ], [ -111.913083, 40.602021 ], [ -111.920516, 40.603443 ], [ -111.921272, 40.607683 ], [ -111.92141, 40.609908 ], [ -111.921437, 40.610053 ], [ -111.921653, 40.610539 ], [ -111.922008, 40.611207 ], [ -111.927402, 40.616505 ], [ -111.928015, 40.616934 ], [ -111.929199, 40.616933 ], [ -111.93628, 40.622394 ], [ -111.936876, 40.623014 ], [ -111.938061, 40.624156 ], [ -111.938649, 40.624758 ], [ -111.938677, 40.624757 ], [ -111.940475, 40.622988 ], [ -111.940923, 40.62241 ], [ -111.941414, 40.621544 ], [ -111.942133, 40.619099 ], [ -111.948315, 40.614985 ], [ -111.950063, 40.613297 ], [ -111.957893, 40.610527 ], [ -111.959597, 40.608945 ], [ -111.967152, 40.604234 ], [ -111.974645, 40.608289 ], [ -111.978245, 40.608362 ], [ -111.978791, 40.602999 ], [ -111.978876, 40.602214 ], [ -111.978911, 40.599044 ], [ -111.978899, 40.596052 ], [ -111.981272, 40.591054 ], [ -111.986341, 40.590289 ], [ -111.986393, 40.59029 ], [ -111.987686, 40.589678 ], [ -111.988228, 40.588658 ], [ -111.988229, 40.588499 ], [ -111.988216, 40.58785 ], [ -111.98821, 40.587463 ], [ -111.987692, 40.586078 ], [ -111.985246, 40.585494 ], [ -111.985213, 40.585494 ], [ -111.985213, 40.585494 ], [ -111.98518, 40.585494 ], [ -111.983877, 40.585326 ], [ -111.979134, 40.580189 ], [ -111.984566, 40.575288 ], [ -111.988143, 40.575763 ], [ -111.988174, 40.575763 ], [ -111.988174, 40.575763 ], [ -111.988206, 40.575763 ], [ -111.989709, 40.575271 ], [ -111.991171, 40.573485 ], [ -111.996038, 40.569683 ], [ -112.000261, 40.568278 ], [ -112.00248, 40.567771 ], [ -112.003815, 40.566097 ], [ -112.003814, 40.565956 ] ] ] } },
{ "type": "Feature", "properties": { "group_index": 0, "value": 600.0, "center": [ -111.63233591351585, 40.15690467137089 ], "point_id": 87 }, "geometry": { "type": "Polygon", "coordinates": [ [ [ -111.703111, 40.256286 ], [ -111.700565, 40.254038 ], [ -111.696913, 40.248769 ], [ -111.696156, 40.243287 ], [ -111.695808, 40.242681 ], [ -111.695493, 40.242224 ], [ -111.694982, 40.241606 ], [ -111.691013, 40.23384 ], [ -111.689724, 40.232088 ], [ -111.689219, 40.231138 ], [ -111.687406, 40.229414 ], [ -111.687377, 40.229414 ], [ -111.681563, 40.227624 ], [ -111.679508, 40.220096 ], [ -111.679502, 40.219714 ], [ -111.686593, 40.214238 ], [ -111.688735, 40.216493 ], [ -111.689379, 40.217065 ], [ -111.690149, 40.217618 ], [ -111.690718, 40.21795 ], [ -111.691296, 40.218234 ], [ -111.691934, 40.218495 ], [ -111.693295, 40.215162 ], [ -111.689208, 40.211764 ], [ -111.688864, 40.211453 ], [ -111.688537, 40.211205 ], [ -111.688161, 40.21096 ], [ -111.687734, 40.210717 ], [ -111.687116, 40.210438 ], [ -111.686385, 40.210209 ], [ -111.682118, 40.209433 ], [ -111.678042, 40.208702 ], [ -111.672772, 40.206319 ], [ -111.672335, 40.206058 ], [ -111.671657, 40.205748 ], [ -111.670833, 40.20546 ], [ -111.67002, 40.205268 ], [ -111.669352, 40.205183 ], [ -111.660759, 40.203176 ], [ -111.660244, 40.202851 ], [ -111.659478, 40.20248 ], [ -111.653614, 40.197693 ], [ -111.651666, 40.195407 ], [ -111.651213, 40.188839 ], [ -111.651251, 40.187996 ], [ -111.650869, 40.186767 ], [ -111.650139, 40.182688 ], [ -111.655707, 40.175809 ], [ -111.655696, 40.174377 ], [ -111.652744, 40.167694 ], [ -111.657748, 40.163067 ], [ -111.658497, 40.162946 ], [ -111.659183, 40.162742 ], [ -111.659842, 40.162451 ], [ -111.660265, 40.162198 ], [ -111.666982, 40.160398 ], [ -111.669333, 40.160381 ], [ -111.671684, 40.160365 ], [ -111.674032, 40.160348 ], [ -111.676372, 40.160336 ], [ -111.678712, 40.160324 ], [ -111.681052, 40.160311 ], [ -111.683392, 40.160299 ], [ -111.685786, 40.160286 ], [ -111.688179, 40.160274 ], [ -111.690573, 40.160262 ], [ -111.692968, 40.160249 ], [ -111.694779, 40.160238 ], [ -111.696593, 40.160227 ], [ -111.699451, 40.160205 ], [ -111.702307, 40.160183 ], [ -111.705086, 40.160164 ], [ -111.708103, 40.160151 ], [ -111.711235, 40.160134 ], [ -111.71171, 40.160085 ], [ -111.712162, 40.159979 ], [ -111.712658, 40.159804 ], [ -111.717479, 40.158168 ], [ -111.721165, 40.157005 ], [ -111.721916, 40.155187 ], [ -111.722147, 40.154605 ], [ -111.722316, 40.153968 ], [ -111.722375, 40.15352 ], [ -111.722408, 40.152178 ], [ -111.718809, 40.152089 ], [ -111.71347, 40.155574 ], [ -111.71282, 40.155813 ], [ -111.708088, 40.156551 ], [ -111.70507, 40.156564 ], [ -111.698379, 40.151193 ], [ -111.69677, 40.1461 ], [ -111.696647, 40.146096 ], [ -111.696615, 40.146095 ], [ -111.694706, 40.146059 ], [ -111.694637, 40.149658 ], [ -111.694779, 40.151191 ], [ -111.688161, 40.156674 ], [ -111.685151, 40.155946 ], [ -111.679053, 40.154207 ], [ -111.678764, 40.154002 ], [ -111.673944, 40.15141 ], [ -111.673343, 40.15377 ], [ -111.664457, 40.15282 ], [ -111.664352, 40.150981 ], [ -111.664303, 40.149182 ], [ -111.664322, 40.148505 ], [ -111.664335, 40.14805 ], [ -111.664305, 40.147745 ], [ -111.664255, 40.147383 ], [ -111.667133, 40.140665 ], [ -111.668857, 40.138892 ], [ -111.668863, 40.138507 ], [ -111.667925, 40.134415 ], [ -111.667895, 40.134083 ], [ -111.670927, 40.125997 ], [ -111.674712, 40.12476 ], [ -111.675205, 40.123461 ], [ -111.675231, 40.123081 ], [ -111.674707, 40.12116 ], [ -111.674126, 40.113276 ], [ -111.675575, 40.112036 ], [ -111.676773, 40.111108 ], [ -111.677687, 40.110405 ], [ -111.67928, 40.109303 ], [ -111.680189, 40.108614 ], [ -111.681106, 40.10797 ], [ -111.682896, 40.106571 ], [ -111.685098, 40.104846 ], [ -111.687123, 40.103244 ], [ -111.68922, 40.101583 ], [ -111.690458, 40.100495 ], [ -111.690918, 40.100068 ], [ -111.693871, 40.097137 ], [ -111.696876, 40.094152 ], [ -111.697888, 40.09306 ], [ -111.699967, 40.090789 ], [ -111.707359, 40.087118 ], [ -111.71167, 40.079404 ], [ -111.713374, 40.077735 ], [ -111.715078, 40.076067 ], [ -111.71256, 40.073495 ], [ -111.710856, 40.075163 ], [ -111.709152, 40.076831 ], [ -111.706644, 40.079061 ], [ -111.705136, 40.080347 ], [ -111.696937, 40.083527 ], [ -111.696532, 40.084915 ], [ -111.694236, 40.091705 ], [ -111.691335, 40.094582 ], [ -111.688382, 40.097513 ], [ -111.688014, 40.097851 ], [ -111.686844, 40.098878 ], [ -111.68489, 40.100421 ], [ -111.682865, 40.102023 ], [ -111.68068, 40.103734 ], [ -111.67889, 40.105133 ], [ -111.678127, 40.105662 ], [ -111.677108, 40.106432 ], [ -111.675608, 40.107466 ], [ -111.674581, 40.108253 ], [ -111.673365, 40.109194 ], [ -111.671787, 40.11054 ], [ -111.670274, 40.111833 ], [ -111.661647, 40.112033 ], [ -111.659326, 40.10978 ], [ -111.657636, 40.108035 ], [ -111.655928, 40.105915 ], [ -111.654346, 40.104062 ], [ -111.651277, 40.103047 ], [ -111.64598, 40.100439 ], [ -111.64026, 40.10037 ], [ -111.640203, 40.100369 ], [ -111.637732, 40.100562 ], [ -111.63638, 40.101144 ], [ -111.636199, 40.101353 ], [ -111.634439, 40.104019 ], [ -111.62566, 40.10437 ], [ -111.622898, 40.102893 ], [ -111.620137, 40.101415 ], [ -111.617391, 40.099946 ], [ -111.614645, 40.098477 ], [ -111.612947, 40.101651 ], [ -111.610076, 40.106298 ], [ -111.609217, 40.10849 ], [ -111.606624, 40.111175 ], [ -111.599532, 40.111389 ], [ -111.597905, 40.110367 ], [ -111.597613, 40.110338 ], [ -111.595932, 40.111371 ], [ -111.593758, 40.113866 ], [ -111.592158, 40.115422 ], [ -111.592014, 40.115608 ], [ -111.585807, 40.121246 ], [ -111.578772, 40.123043 ], [ -111.576952, 40.123314 ], [ -111.574128, 40.127166 ], [ -111.569539, 40.128673 ], [ -111.569585, 40.132272 ], [ -111.566998, 40.137747 ], [ -111.561035, 40.13961 ], [ -111.556275, 40.143307 ], [ -111.55541, 40.14453 ], [ -111.549149, 40.149805 ], [ -111.54707, 40.150114 ], [ -111.546425, 40.150262 ], [ -111.546081, 40.150373 ], [ -111.547185, 40.1538 ], [ -111.550449, 40.153318 ], [ -111.556563, 40.153666 ], [ -111.557051, 40.153735 ], [ -111.562131, 40.155279 ], [ -111.562408, 40.155413 ], [ -111.564078, 40.156116 ], [ -111.570378, 40.162185 ], [ -111.57041, 40.163036 ], [ -111.57077, 40.163813 ], [ -111.571112, 40.16422 ], [ -111.571681, 40.164893 ], [ -111.572059, 40.165292 ], [ -111.573057, 40.166028 ], [ -111.573498, 40.166339 ], [ -111.573871, 40.166579 ], [ -111.575651, 40.167363 ], [ -111.577848, 40.167296 ], [ -111.578512, 40.167322 ], [ -111.584647, 40.16834 ], [ -111.590769, 40.171088 ], [ -111.592843, 40.174118 ], [ -111.593664, 40.177306 ], [ -111.593638, 40.179492 ], [ -111.596049, 40.181534 ], [ -111.599452, 40.183743 ], [ -111.606633, 40.185686 ], [ -111.607166, 40.19157 ], [ -111.607335, 40.191664 ], [ -111.614204, 40.196703 ], [ -111.619413, 40.2029 ], [ -111.624304, 40.207325 ], [ -111.626773, 40.210875 ], [ -111.628634, 40.212704 ], [ -111.629624, 40.212507 ], [ -111.637701, 40.213756 ], [ -111.640467, 40.21162 ], [ -111.641343, 40.211187 ], [ -111.648074, 40.212489 ], [ -111.650016, 40.216417 ], [ -111.647796, 40.221605 ], [ -111.64772, 40.222733 ], [ -111.64812, 40.223046 ], [ -111.648613, 40.223392 ], [ -111.649181, 40.223688 ], [ -111.649563, 40.223823 ], [ -111.657488, 40.226455 ], [ -111.660533, 40.225938 ], [ -111.661919, 40.225777 ], [ -111.662296, 40.225779 ], [ -111.6641, 40.224664 ], [ -111.6673, 40.224051 ], [ -111.670019, 40.231911 ], [ -111.669217, 40.233493 ], [ -111.669216, 40.233701 ], [ -111.669216, 40.233809 ], [ -111.669215, 40.233915 ], [ -111.670017, 40.235511 ], [ -111.674474, 40.237756 ], [ -111.67452, 40.237756 ], [ -111.681682, 40.238277 ], [ -111.683395, 40.239619 ], [ -111.689571, 40.241434 ], [ -111.693313, 40.248751 ], [ -111.693311, 40.249664 ], [ -111.693348, 40.250223 ], [ -111.693435, 40.250766 ], [ -111.693577, 40.251319 ], [ -111.693772, 40.251873 ], [ -111.693986, 40.252344 ], [ -111.694357, 40.252998 ], [ -111.694714, 40.253499 ], [ -111.695216, 40.254082 ], [ -111.695637, 40.25449 ], [ -111.698183, 40.256737 ], [ -111.700727, 40.258983 ], [ -111.702086, 40.260184 ], [ -111.70447, 40.257487 ], [ -111.703111, 40.256286 ] ] ] } },
{ "type": "Feature", "properties": { "group_index": 0, "value": 600.0, "center": [ -111.66416756737996, 40.242246442982854 ], "point_id": 88 }, "geometry": { "type": "Polygon", "coordinates": [ [ [ -111.723174, 40.271246 ], [ -111.72448, 40.269009 ], [ -111.722184, 40.261991 ], [ -111.720332, 40.253987 ], [ -111.721678, 40.251536 ], [ -111.721674, 40.251135 ], [ -111.71815, 40.244442 ], [ -111.718084, 40.242045 ], [ -111.717798, 40.238896 ], [ -111.717731, 40.23819 ], [ -111.714846, 40.233889 ], [ -111.71477, 40.233778 ], [ -111.713762, 40.23323 ], [ -111.709473, 40.232035 ], [ -111.705394, 40.228232 ], [ -111.703305, 40.220431 ], [ -111.70604, 40.217235 ], [ -111.70489, 40.215086 ], [ -111.704654, 40.214899 ], [ -111.703896, 40.214343 ], [ -111.696897, 40.21592 ], [ -111.689208, 40.211764 ], [ -111.688864, 40.211453 ], [ -111.688537, 40.211205 ], [ -111.688161, 40.21096 ], [ -111.687734, 40.210717 ], [ -111.687116, 40.210438 ], [ -111.686385, 40.210209 ], [ -111.682118, 40.209433 ], [ -111.678042, 40.208702 ], [ -111.675866, 40.208851 ], [ -111.670569, 40.207877 ], [ -111.66653, 40.205184 ], [ -111.660244, 40.202851 ], [ -111.659478, 40.20248 ], [ -111.653044, 40.197576 ], [ -111.649707, 40.190991 ], [ -111.648467, 40.187319 ], [ -111.644867, 40.187295 ], [ -111.644864, 40.187708 ], [ -111.644875, 40.188651 ], [ -111.644906, 40.189202 ], [ -111.64496, 40.189735 ], [ -111.645067, 40.190472 ], [ -111.645198, 40.191125 ], [ -111.645385, 40.191865 ], [ -111.645641, 40.192691 ], [ -111.642079, 40.200477 ], [ -111.638639, 40.20154 ], [ -111.633069, 40.20217 ], [ -111.629491, 40.202564 ], [ -111.623383, 40.200803 ], [ -111.62155, 40.20113 ], [ -111.621459, 40.201205 ], [ -111.621347, 40.203772 ], [ -111.622584, 40.204935 ], [ -111.623204, 40.213755 ], [ -111.624776, 40.216291 ], [ -111.624648, 40.224411 ], [ -111.627721, 40.232583 ], [ -111.627969, 40.233485 ], [ -111.628515, 40.235518 ], [ -111.629376, 40.236578 ], [ -111.632086, 40.241752 ], [ -111.629418, 40.245915 ], [ -111.626761, 40.24677 ], [ -111.626816, 40.247423 ], [ -111.627045, 40.248566 ], [ -111.627322, 40.24996 ], [ -111.627385, 40.250247 ], [ -111.629597, 40.254421 ], [ -111.629238, 40.260678 ], [ -111.62976, 40.264772 ], [ -111.629997, 40.265456 ], [ -111.630368, 40.265934 ], [ -111.632505, 40.26912 ], [ -111.633404, 40.276239 ], [ -111.634481, 40.27826 ], [ -111.634985, 40.285893 ], [ -111.635118, 40.286139 ], [ -111.637454, 40.289533 ], [ -111.639078, 40.290488 ], [ -111.646087, 40.294342 ], [ -111.653209, 40.298437 ], [ -111.653643, 40.298434 ], [ -111.658731, 40.295028 ], [ -111.659823, 40.292907 ], [ -111.668324, 40.293442 ], [ -111.668778, 40.294735 ], [ -111.670619, 40.296557 ], [ -111.670629, 40.296557 ], [ -111.676398, 40.294192 ], [ -111.680953, 40.291451 ], [ -111.681663, 40.289867 ], [ -111.690015, 40.286842 ], [ -111.690121, 40.286817 ], [ -111.696014, 40.282404 ], [ -111.697108, 40.281816 ], [ -111.704312, 40.276994 ], [ -111.705387, 40.27716 ], [ -111.706633, 40.277376 ], [ -111.711857, 40.276581 ], [ -111.719483, 40.278988 ], [ -111.720956, 40.280728 ], [ -111.721864, 40.281795 ], [ -111.724605, 40.279461 ], [ -111.723174, 40.271246 ] ] ] } },
{ "type": "Feature", "properties": { "group_index": 0, "value": 600.0, "center": [ -111.7103681197977, 40.29504226597136 ], "point_id": 89 }, "geometry": { "type": "Polygon", "coordinates": [ [ [ -111.8004, 40.368137 ], [ -111.798639, 40.367012 ], [ -111.796424, 40.365612 ], [ -111.793739, 40.363879 ], [ -111.791516, 40.362445 ], [ -111.78742, 40.35891 ], [ -111.787213, 40.358732 ], [ -111.786299, 40.358101 ], [ -111.785972, 40.357851 ], [ -111.785634, 40.35766 ], [ -111.785322, 40.357519 ], [ -111.78154, 40.349439 ], [ -111.783311, 40.347899 ], [ -111.783308, 40.347636 ], [ -111.783308, 40.347621 ], [ -111.781557, 40.345839 ], [ -111.775143, 40.34263 ], [ -111.774493, 40.342409 ], [ -111.774179, 40.342382 ], [ -111.773702, 40.342381 ], [ -111.771578, 40.34369 ], [ -111.763755, 40.344362 ], [ -111.762076, 40.343294 ], [ -111.761685, 40.334312 ], [ -111.761695, 40.333409 ], [ -111.763679, 40.327819 ], [ -111.763681, 40.326148 ], [ -111.762202, 40.324616 ], [ -111.757651, 40.324108 ], [ -111.759087, 40.315813 ], [ -111.762432, 40.314559 ], [ -111.762879, 40.311143 ], [ -111.762298, 40.307095 ], [ -111.761539, 40.299375 ], [ -111.761099, 40.293957 ], [ -111.760973, 40.293417 ], [ -111.76088, 40.293152 ], [ -111.760696, 40.292878 ], [ -111.756331, 40.286335 ], [ -111.755695, 40.285212 ], [ -111.755204, 40.284762 ], [ -111.750628, 40.281425 ], [ -111.745374, 40.277861 ], [ -111.739058, 40.274235 ], [ -111.735424, 40.271558 ], [ -111.73049, 40.26753 ], [ -111.724938, 40.262752 ], [ -111.721203, 40.261995 ], [ -111.715731, 40.256798 ], [ -111.709186, 40.252779 ], [ -111.700443, 40.253599 ], [ -111.697231, 40.246906 ], [ -111.697217, 40.245738 ], [ -111.697164, 40.245241 ], [ -111.69682, 40.243902 ], [ -111.696639, 40.243474 ], [ -111.696253, 40.242758 ], [ -111.696584, 40.233964 ], [ -111.696586, 40.233825 ], [ -111.694801, 40.232071 ], [ -111.68763, 40.22704 ], [ -111.687353, 40.227052 ], [ -111.6799, 40.22612 ], [ -111.678153, 40.224337 ], [ -111.676954, 40.223166 ], [ -111.676278, 40.222545 ], [ -111.675487, 40.221852 ], [ -111.674307, 40.220879 ], [ -111.672082, 40.219106 ], [ -111.67043, 40.217791 ], [ -111.665235, 40.212555 ], [ -111.662441, 40.214824 ], [ -111.664451, 40.217299 ], [ -111.665099, 40.218011 ], [ -111.665428, 40.218338 ], [ -111.66599, 40.218845 ], [ -111.668188, 40.220608 ], [ -111.66984, 40.221923 ], [ -111.672066, 40.223696 ], [ -111.673196, 40.224629 ], [ -111.673904, 40.225251 ], [ -111.674517, 40.225816 ], [ -111.675635, 40.226911 ], [ -111.677334, 40.228645 ], [ -111.680561, 40.235024 ], [ -111.6811, 40.235653 ], [ -111.681832, 40.236116 ], [ -111.682472, 40.236409 ], [ -111.684579, 40.237665 ], [ -111.688457, 40.240322 ], [ -111.688596, 40.240463 ], [ -111.689695, 40.241204 ], [ -111.691218, 40.242634 ], [ -111.692705, 40.244028 ], [ -111.688951, 40.251643 ], [ -111.68345, 40.254463 ], [ -111.682933, 40.254622 ], [ -111.676987, 40.255739 ], [ -111.67546, 40.255465 ], [ -111.675332, 40.255453 ], [ -111.673936, 40.255406 ], [ -111.671959, 40.255138 ], [ -111.671771, 40.255228 ], [ -111.666286, 40.261602 ], [ -111.665346, 40.263452 ], [ -111.665345, 40.263469 ], [ -111.66546, 40.264302 ], [ -111.666945, 40.267092 ], [ -111.669083, 40.271465 ], [ -111.669027, 40.273982 ], [ -111.663228, 40.279217 ], [ -111.659626, 40.278421 ], [ -111.6574, 40.277925 ], [ -111.657371, 40.277925 ], [ -111.656064, 40.278945 ], [ -111.652538, 40.281867 ], [ -111.651374, 40.283302 ], [ -111.650625, 40.288464 ], [ -111.646764, 40.292328 ], [ -111.646621, 40.292438 ], [ -111.646135, 40.293133 ], [ -111.646066, 40.293825 ], [ -111.646084, 40.294287 ], [ -111.646542, 40.294586 ], [ -111.647457, 40.295232 ], [ -111.647515, 40.295268 ], [ -111.651991, 40.297938 ], [ -111.653639, 40.304465 ], [ -111.653484, 40.305384 ], [ -111.653418, 40.306192 ], [ -111.653413, 40.307452 ], [ -111.653418, 40.307527 ], [ -111.652856, 40.313493 ], [ -111.654827, 40.316477 ], [ -111.658429, 40.317278 ], [ -111.658825, 40.317318 ], [ -111.661545, 40.317622 ], [ -111.668032, 40.321497 ], [ -111.672561, 40.324894 ], [ -111.674932, 40.327602 ], [ -111.679484, 40.32944 ], [ -111.680777, 40.329629 ], [ -111.685918, 40.329943 ], [ -111.687052, 40.330038 ], [ -111.694492, 40.333341 ], [ -111.695971, 40.335621 ], [ -111.696278, 40.335621 ], [ -111.704711, 40.338426 ], [ -111.709083, 40.341984 ], [ -111.710381, 40.343439 ], [ -111.713698, 40.346394 ], [ -111.715452, 40.346444 ], [ -111.716683, 40.346477 ], [ -111.71701, 40.346486 ], [ -111.722961, 40.34603 ], [ -111.723655, 40.345873 ], [ -111.723698, 40.345846 ], [ -111.727276, 40.344056 ], [ -111.733998, 40.349518 ], [ -111.734911, 40.353 ], [ -111.74082, 40.355435 ], [ -111.741144, 40.355419 ], [ -111.74657, 40.352622 ], [ -111.753756, 40.35538 ], [ -111.755196, 40.357018 ], [ -111.758146, 40.361204 ], [ -111.758727, 40.362447 ], [ -111.759951, 40.362567 ], [ -111.760057, 40.362565 ], [ -111.767186, 40.363181 ], [ -111.768937, 40.364573 ], [ -111.769073, 40.364566 ], [ -111.770786, 40.363116 ], [ -111.770779, 40.362736 ], [ -111.770777, 40.361302 ], [ -111.775485, 40.35645 ], [ -111.779842, 40.359119 ], [ -111.780519, 40.359884 ], [ -111.782622, 40.36325 ], [ -111.7829, 40.363684 ], [ -111.782939, 40.363738 ], [ -111.783692, 40.364376 ], [ -111.784335, 40.365012 ], [ -111.785261, 40.366106 ], [ -111.785561, 40.366105 ], [ -111.791787, 40.366904 ], [ -111.794505, 40.368658 ], [ -111.796701, 40.370045 ], [ -111.798461, 40.371171 ], [ -111.800311, 40.37235 ], [ -111.801134, 40.372809 ], [ -111.801631, 40.373061 ], [ -111.802358, 40.373395 ], [ -111.803861, 40.370123 ], [ -111.8004, 40.368137 ] ] ] } },
{ "type": "Feature", "properties": { "group_index": 0, "value": 600.0, "center": [ -111.727189, 40.3581288 ], "point_id": 90 }, "geometry": { "type": "Polygon", "coordinates": [ [ [ -111.820338, 40.375788 ], [ -111.818457, 40.374697 ], [ -111.817399, 40.374185 ], [ -111.816673, 40.373886 ], [ -111.815524, 40.373493 ], [ -111.814103, 40.373092 ], [ -111.812369, 40.372673 ], [ -111.807933, 40.371404 ], [ -111.805907, 40.370845 ], [ -111.802072, 40.36921 ], [ -111.8004, 40.368137 ], [ -111.796699, 40.364773 ], [ -111.794014, 40.356992 ], [ -111.79411, 40.356134 ], [ -111.794044, 40.353392 ], [ -111.78973, 40.345896 ], [ -111.78349, 40.34216 ], [ -111.780204, 40.341307 ], [ -111.780039, 40.341306 ], [ -111.778927, 40.341851 ], [ -111.774307, 40.344224 ], [ -111.76913, 40.342915 ], [ -111.766284, 40.334615 ], [ -111.766483, 40.333821 ], [ -111.766269, 40.332806 ], [ -111.765968, 40.332342 ], [ -111.763997, 40.324488 ], [ -111.764639, 40.321349 ], [ -111.764804, 40.320709 ], [ -111.764908, 40.320159 ], [ -111.765143, 40.318594 ], [ -111.761583, 40.318059 ], [ -111.755307, 40.312301 ], [ -111.756023, 40.310836 ], [ -111.755678, 40.309227 ], [ -111.75527, 40.30736 ], [ -111.753874, 40.305865 ], [ -111.753323, 40.30591 ], [ -111.753279, 40.305914 ], [ -111.75327, 40.305915 ], [ -111.75167, 40.307372 ], [ -111.748672, 40.308945 ], [ -111.741609, 40.30428 ], [ -111.74111, 40.302887 ], [ -111.738964, 40.300661 ], [ -111.736342, 40.297938 ], [ -111.735853, 40.297369 ], [ -111.734256, 40.295779 ], [ -111.733877, 40.295733 ], [ -111.727558, 40.289654 ], [ -111.727526, 40.287819 ], [ -111.727489, 40.285881 ], [ -111.727565, 40.284452 ], [ -111.727485, 40.283971 ], [ -111.727373, 40.283464 ], [ -111.726733, 40.282421 ], [ -111.723355, 40.283666 ], [ -111.723927, 40.287882 ], [ -111.721755, 40.296396 ], [ -111.721547, 40.296955 ], [ -111.721546, 40.297233 ], [ -111.715277, 40.303614 ], [ -111.715074, 40.303599 ], [ -111.714935, 40.303594 ], [ -111.714749, 40.303595 ], [ -111.713138, 40.305076 ], [ -111.705468, 40.303648 ], [ -111.701298, 40.302685 ], [ -111.701225, 40.302685 ], [ -111.700736, 40.302684 ], [ -111.7004, 40.302684 ], [ -111.697715, 40.303013 ], [ -111.695583, 40.303633 ], [ -111.694023, 40.304565 ], [ -111.692341, 40.306364 ], [ -111.691431, 40.31012 ], [ -111.691149, 40.311261 ], [ -111.685877, 40.317477 ], [ -111.684561, 40.318912 ], [ -111.678728, 40.323112 ], [ -111.675936, 40.323457 ], [ -111.675837, 40.323526 ], [ -111.672361, 40.330148 ], [ -111.672334, 40.330283 ], [ -111.67262, 40.331493 ], [ -111.675289, 40.339964 ], [ -111.678669, 40.340132 ], [ -111.686523, 40.342535 ], [ -111.689933, 40.345304 ], [ -111.692526, 40.345949 ], [ -111.694048, 40.346956 ], [ -111.692971, 40.355174 ], [ -111.692981, 40.355323 ], [ -111.69783, 40.360463 ], [ -111.699525, 40.36221 ], [ -111.704086, 40.36854 ], [ -111.708581, 40.375105 ], [ -111.709084, 40.375502 ], [ -111.709934, 40.375876 ], [ -111.71383, 40.376821 ], [ -111.714751, 40.377055 ], [ -111.721697, 40.378259 ], [ -111.723394, 40.378832 ], [ -111.730345, 40.381272 ], [ -111.734151, 40.383512 ], [ -111.736788, 40.387169 ], [ -111.735881, 40.395491 ], [ -111.736101, 40.395805 ], [ -111.74069, 40.403157 ], [ -111.743713, 40.408729 ], [ -111.748198, 40.416479 ], [ -111.750285, 40.424655 ], [ -111.751815, 40.426056 ], [ -111.752083, 40.42606 ], [ -111.753879, 40.424861 ], [ -111.755346, 40.4236 ], [ -111.757391, 40.420637 ], [ -111.76023, 40.414243 ], [ -111.760226, 40.413909 ], [ -111.75916, 40.412132 ], [ -111.758563, 40.410246 ], [ -111.761816, 40.402112 ], [ -111.764415, 40.400988 ], [ -111.771444, 40.397524 ], [ -111.772885, 40.397768 ], [ -111.773333, 40.397514 ], [ -111.773453, 40.39744 ], [ -111.77394, 40.397111 ], [ -111.775813, 40.393657 ], [ -111.776977, 40.391853 ], [ -111.779645, 40.38684 ], [ -111.785163, 40.387567 ], [ -111.785314, 40.387567 ], [ -111.787114, 40.386064 ], [ -111.788752, 40.384796 ], [ -111.794552, 40.381387 ], [ -111.796665, 40.380153 ], [ -111.799635, 40.378613 ], [ -111.801379, 40.376852 ], [ -111.806987, 40.374877 ], [ -111.811059, 40.375988 ], [ -111.811792, 40.376365 ], [ -111.813398, 40.376896 ], [ -111.814765, 40.377519 ], [ -111.815856, 40.377886 ], [ -111.820796, 40.380245 ], [ -111.822633, 40.377149 ], [ -111.820338, 40.375788 ] ] ] } },
{ "type": "Feature", "properties": { "group_index": 0, "value": 600.0, "center": [ -111.79740101887913, 40.38675865199876 ], "point_id": 91 }, "geometry": { "type": "Polygon", "coordinates": [ [ [ -111.886255, 40.425139 ], [ -111.883936, 40.423233 ], [ -111.882902, 40.422302 ], [ -111.881564, 40.421145 ], [ -111.87981, 40.419714 ], [ -111.878067, 40.418341 ], [ -111.875121, 40.411484 ], [ -111.87413, 40.411122 ], [ -111.872568, 40.410686 ], [ -111.872117, 40.410689 ], [ -111.868584, 40.410218 ], [ -111.864247, 40.405929 ], [ -111.862446, 40.404293 ], [ -111.85906, 40.398053 ], [ -111.859002, 40.397897 ], [ -111.858772, 40.397529 ], [ -111.858771, 40.388551 ], [ -111.859047, 40.38767 ], [ -111.858838, 40.386695 ], [ -111.858072, 40.38589 ], [ -111.857554, 40.378167 ], [ -111.859115, 40.376948 ], [ -111.861632, 40.376038 ], [ -111.862665, 40.37259 ], [ -111.859096, 40.371106 ], [ -111.85827, 40.371048 ], [ -111.857277, 40.371068 ], [ -111.850899, 40.365176 ], [ -111.847299, 40.365195 ], [ -111.840049, 40.363453 ], [ -111.839943, 40.36341 ], [ -111.835108, 40.361168 ], [ -111.834473, 40.361185 ], [ -111.82551, 40.360724 ], [ -111.825706, 40.359051 ], [ -111.825714, 40.358844 ], [ -111.825714, 40.358838 ], [ -111.825712, 40.358248 ], [ -111.825035, 40.357734 ], [ -111.821385, 40.357497 ], [ -111.818114, 40.358553 ], [ -111.811368, 40.359437 ], [ -111.807778, 40.355216 ], [ -111.803524, 40.350076 ], [ -111.79707, 40.348618 ], [ -111.795033, 40.347065 ], [ -111.786505, 40.345867 ], [ -111.785555, 40.345858 ], [ -111.782788, 40.345845 ], [ -111.782699, 40.345844 ], [ -111.775063, 40.34587 ], [ -111.774338, 40.345876 ], [ -111.77146, 40.346044 ], [ -111.763755, 40.344362 ], [ -111.762076, 40.343294 ], [ -111.758771, 40.341174 ], [ -111.755466, 40.339053 ], [ -111.753124, 40.33755 ], [ -111.750781, 40.336047 ], [ -111.748837, 40.339077 ], [ -111.751179, 40.34058 ], [ -111.753227, 40.348771 ], [ -111.751811, 40.354506 ], [ -111.745503, 40.35807 ], [ -111.742248, 40.357367 ], [ -111.741509, 40.3572 ], [ -111.741484, 40.357199 ], [ -111.74131, 40.357333 ], [ -111.739083, 40.359433 ], [ -111.738082, 40.361339 ], [ -111.738104, 40.361721 ], [ -111.739204, 40.36488 ], [ -111.738056, 40.372104 ], [ -111.736231, 40.373703 ], [ -111.734657, 40.375473 ], [ -111.734658, 40.375538 ], [ -111.734786, 40.382957 ], [ -111.734903, 40.383264 ], [ -111.73759, 40.388966 ], [ -111.741001, 40.396996 ], [ -111.74491, 40.401629 ], [ -111.747984, 40.407306 ], [ -111.749178, 40.41063 ], [ -111.750659, 40.416645 ], [ -111.750752, 40.417035 ], [ -111.754686, 40.423145 ], [ -111.755181, 40.429921 ], [ -111.755172, 40.433521 ], [ -111.756664, 40.435036 ], [ -111.761804, 40.434858 ], [ -111.765898, 40.435267 ], [ -111.76969, 40.441215 ], [ -111.769697, 40.441522 ], [ -111.77099, 40.442971 ], [ -111.774631, 40.448388 ], [ -111.777639, 40.45041 ], [ -111.777641, 40.450411 ], [ -111.781096, 40.450368 ], [ -111.781446, 40.450235 ], [ -111.782125, 40.447953 ], [ -111.788453, 40.443269 ], [ -111.795331, 40.440048 ], [ -111.800371, 40.444294 ], [ -111.802128, 40.445517 ], [ -111.802307, 40.445518 ], [ -111.803963, 40.444052 ], [ -111.804743, 40.441117 ], [ -111.805649, 40.437758 ], [ -111.812374, 40.433598 ], [ -111.814598, 40.433576 ], [ -111.81648, 40.433908 ], [ -111.816687, 40.433896 ], [ -111.817895, 40.433575 ], [ -111.818529, 40.432372 ], [ -111.818603, 40.431832 ], [ -111.823378, 40.425229 ], [ -111.826226, 40.424916 ], [ -111.826816, 40.424999 ], [ -111.827081, 40.424996 ], [ -111.832365, 40.424615 ], [ -111.835638, 40.417073 ], [ -111.836196, 40.41611 ], [ -111.840651, 40.411823 ], [ -111.844671, 40.41102 ], [ -111.847829, 40.411659 ], [ -111.850377, 40.411913 ], [ -111.854305, 40.412126 ], [ -111.85433, 40.412127 ], [ -111.860852, 40.410922 ], [ -111.864176, 40.413406 ], [ -111.866956, 40.420314 ], [ -111.866957, 40.420371 ], [ -111.868691, 40.421967 ], [ -111.868756, 40.421967 ], [ -111.868873, 40.421921 ], [ -111.877535, 40.422504 ], [ -111.87921, 40.423868 ], [ -111.880496, 40.42498 ], [ -111.881651, 40.426015 ], [ -111.884357, 40.428336 ], [ -111.885683, 40.429244 ], [ -111.887882, 40.426394 ], [ -111.886255, 40.425139 ] ] ] } },
{ "type": "Feature", "properties": { "group_index": 0, "value": 600.0, "center": [ -111.85023482650767, 40.390211726906244 ], "point_id": 92 }, "geometry": { "type": "Polygon", "coordinates": [ [ [ -111.915764, 40.462184 ], [ -111.916006, 40.460676 ], [ -111.916073, 40.45885 ], [ -111.916001, 40.457313 ], [ -111.915607, 40.455008 ], [ -111.914963, 40.451505 ], [ -111.914821, 40.45094 ], [ -111.914606, 40.450273 ], [ -111.914261, 40.449503 ], [ -111.913945, 40.448942 ], [ -111.913387, 40.448149 ], [ -111.912849, 40.447529 ], [ -111.912001, 40.446713 ], [ -111.909676, 40.445061 ], [ -111.907558, 40.443579 ], [ -111.90544, 40.442096 ], [ -111.901932, 40.436695 ], [ -111.903061, 40.432412 ], [ -111.90403, 40.430357 ], [ -111.90392, 40.429349 ], [ -111.909535, 40.422336 ], [ -111.911325, 40.420484 ], [ -111.917687, 40.417584 ], [ -111.923095, 40.419413 ], [ -111.926559, 40.418434 ], [ -111.927769, 40.415662 ], [ -111.928301, 40.412101 ], [ -111.921779, 40.407804 ], [ -111.921322, 40.407818 ], [ -111.9169, 40.405817 ], [ -111.919602, 40.397627 ], [ -111.919755, 40.397478 ], [ -111.920574, 40.39661 ], [ -111.926081, 40.391536 ], [ -111.927751, 40.390007 ], [ -111.929481, 40.388474 ], [ -111.929606, 40.388375 ], [ -111.929721, 40.385827 ], [ -111.924889, 40.380484 ], [ -111.924064, 40.379429 ], [ -111.918465, 40.374649 ], [ -111.919659, 40.371494 ], [ -111.919599, 40.371455 ], [ -111.918967, 40.371085 ], [ -111.912947, 40.367832 ], [ -111.912052, 40.367375 ], [ -111.911549, 40.367395 ], [ -111.909347, 40.367844 ], [ -111.905977, 40.37083 ], [ -111.905525, 40.370989 ], [ -111.905089, 40.371188 ], [ -111.904328, 40.371628 ], [ -111.903986, 40.371896 ], [ -111.903679, 40.372181 ], [ -111.902208, 40.373668 ], [ -111.900244, 40.374485 ], [ -111.896972, 40.374486 ], [ -111.895873, 40.366536 ], [ -111.896978, 40.36563 ], [ -111.898673, 40.36456 ], [ -111.899581, 40.363103 ], [ -111.899675, 40.362998 ], [ -111.899968, 40.362406 ], [ -111.899894, 40.361183 ], [ -111.899832, 40.361065 ], [ -111.897309, 40.359979 ], [ -111.889686, 40.359343 ], [ -111.887268, 40.359732 ], [ -111.881606, 40.363271 ], [ -111.878916, 40.363265 ], [ -111.876835, 40.363236 ], [ -111.869311, 40.36464 ], [ -111.864305, 40.360959 ], [ -111.857305, 40.363304 ], [ -111.854785, 40.364097 ], [ -111.849187, 40.364959 ], [ -111.844432, 40.368447 ], [ -111.839524, 40.363673 ], [ -111.839434, 40.362349 ], [ -111.834519, 40.362984 ], [ -111.826173, 40.364255 ], [ -111.82544, 40.361475 ], [ -111.82551, 40.360724 ], [ -111.825706, 40.359051 ], [ -111.825714, 40.358838 ], [ -111.825033, 40.357512 ], [ -111.823012, 40.356542 ], [ -111.818166, 40.358468 ], [ -111.813917, 40.362429 ], [ -111.806347, 40.363109 ], [ -111.805639, 40.363055 ], [ -111.804908, 40.363047 ], [ -111.803288, 40.363235 ], [ -111.797823, 40.357015 ], [ -111.798852, 40.354961 ], [ -111.798848, 40.353968 ], [ -111.797079, 40.351574 ], [ -111.79023, 40.347677 ], [ -111.78959, 40.345895 ], [ -111.781563, 40.342609 ], [ -111.781495, 40.342609 ], [ -111.774493, 40.342409 ], [ -111.774179, 40.342382 ], [ -111.76911, 40.342111 ], [ -111.76831, 40.342111 ], [ -111.76738, 40.342365 ], [ -111.758771, 40.341174 ], [ -111.755466, 40.339053 ], [ -111.752161, 40.336932 ], [ -111.748856, 40.334812 ], [ -111.745551, 40.332691 ], [ -111.742247, 40.330571 ], [ -111.737274, 40.324477 ], [ -111.736129, 40.324299 ], [ -111.733324, 40.32376 ], [ -111.728088, 40.316643 ], [ -111.724488, 40.316668 ], [ -111.724487, 40.317964 ], [ -111.724513, 40.318525 ], [ -111.724599, 40.3192 ], [ -111.724731, 40.319919 ], [ -111.725134, 40.32133 ], [ -111.725659, 40.322492 ], [ -111.726209, 40.323385 ], [ -111.726546, 40.323865 ], [ -111.726882, 40.324285 ], [ -111.727379, 40.324843 ], [ -111.727987, 40.325446 ], [ -111.730762, 40.328036 ], [ -111.735518, 40.330524 ], [ -111.7403, 40.333599 ], [ -111.743607, 40.335721 ], [ -111.746912, 40.337842 ], [ -111.750217, 40.339962 ], [ -111.751424, 40.348802 ], [ -111.74995, 40.350704 ], [ -111.749953, 40.350741 ], [ -111.75066, 40.355211 ], [ -111.751421, 40.356995 ], [ -111.754517, 40.362422 ], [ -111.754774, 40.362747 ], [ -111.75495, 40.36296 ], [ -111.755241, 40.363273 ], [ -111.755933, 40.363788 ], [ -111.759652, 40.364544 ], [ -111.759918, 40.364546 ], [ -111.759945, 40.364546 ], [ -111.760245, 40.364544 ], [ -111.767252, 40.366341 ], [ -111.769093, 40.367545 ], [ -111.77263, 40.370926 ], [ -111.774089, 40.372701 ], [ -111.77409, 40.372701 ], [ -111.774523, 40.37271 ], [ -111.778776, 40.374213 ], [ -111.781862, 40.379262 ], [ -111.784424, 40.38335 ], [ -111.786224, 40.390983 ], [ -111.787902, 40.392769 ], [ -111.790884, 40.398498 ], [ -111.788143, 40.405709 ], [ -111.785727, 40.407055 ], [ -111.78489, 40.408499 ], [ -111.784875, 40.408675 ], [ -111.785832, 40.410653 ], [ -111.788366, 40.412345 ], [ -111.788811, 40.412357 ], [ -111.790479, 40.411608 ], [ -111.790911, 40.41141 ], [ -111.795862, 40.411332 ], [ -111.800477, 40.417133 ], [ -111.799346, 40.420792 ], [ -111.799345, 40.420857 ], [ -111.800887, 40.422679 ], [ -111.801168, 40.422675 ], [ -111.807452, 40.423759 ], [ -111.809841, 40.428726 ], [ -111.809846, 40.429064 ], [ -111.811377, 40.4305 ], [ -111.811643, 40.4305 ], [ -111.820106, 40.4332 ], [ -111.820637, 40.433542 ], [ -111.821148, 40.433541 ], [ -111.826089, 40.433635 ], [ -111.830296, 40.435122 ], [ -111.83095, 40.435463 ], [ -111.832343, 40.436149 ], [ -111.833422, 40.435985 ], [ -111.838522, 40.434984 ], [ -111.839445, 40.434933 ], [ -111.840506, 40.434834 ], [ -111.843799, 40.434166 ], [ -111.850464, 40.439538 ], [ -111.851262, 40.442816 ], [ -111.852622, 40.442911 ], [ -111.857535, 40.441743 ], [ -111.86619, 40.440064 ], [ -111.867784, 40.440937 ], [ -111.870094, 40.44131 ], [ -111.871775, 40.441031 ], [ -111.873772, 40.440789 ], [ -111.881503, 40.442294 ], [ -111.884035, 40.443555 ], [ -111.887119, 40.445033 ], [ -111.887192, 40.445061 ], [ -111.887731, 40.44527 ], [ -111.889196, 40.445289 ], [ -111.891036, 40.444561 ], [ -111.89973, 40.446564 ], [ -111.907611, 40.44801 ], [ -111.912062, 40.455635 ], [ -111.912405, 40.457497 ], [ -111.911006, 40.464351 ], [ -111.909695, 40.466224 ], [ -111.90838, 40.468102 ], [ -111.90623, 40.471199 ], [ -111.904081, 40.474296 ], [ -111.907038, 40.476348 ], [ -111.909188, 40.473252 ], [ -111.913955, 40.466416 ], [ -111.914745, 40.465022 ], [ -111.915349, 40.463652 ], [ -111.915764, 40.462184 ] ] ] } },
{ "type": "Feature", "properties": { "group_index": 0, "value": 600.0, "center": [ -111.7965664701292, 40.375288001342255 ], "point_id": 93 }, "geometry": { "type": "Polygon", "coordinates": [ [ [ -111.89684, 40.435138 ], [ -111.89515, 40.433436 ], [ -111.893922, 40.43216 ], [ -111.892446, 40.430505 ], [ -111.890475, 40.428482 ], [ -111.888939, 40.42721 ], [ -111.886255, 40.425139 ], [ -111.883936, 40.423233 ], [ -111.88529, 40.415053 ], [ -111.885301, 40.411453 ], [ -111.88412, 40.411449 ], [ -111.877286, 40.410308 ], [ -111.86961, 40.40894 ], [ -111.86565, 40.405105 ], [ -111.865601, 40.405032 ], [ -111.864244, 40.404273 ], [ -111.860661, 40.402153 ], [ -111.859251, 40.398002 ], [ -111.863934, 40.392821 ], [ -111.865173, 40.391088 ], [ -111.866168, 40.389005 ], [ -111.866225, 40.387667 ], [ -111.866219, 40.387183 ], [ -111.866167, 40.385405 ], [ -111.867041, 40.379327 ], [ -111.870728, 40.377572 ], [ -111.871564, 40.374071 ], [ -111.869676, 40.37362 ], [ -111.863484, 40.368997 ], [ -111.858589, 40.363212 ], [ -111.853958, 40.362493 ], [ -111.853664, 40.362619 ], [ -111.853191, 40.362889 ], [ -111.849187, 40.364959 ], [ -111.849098, 40.365027 ], [ -111.844432, 40.368447 ], [ -111.839817, 40.365206 ], [ -111.837726, 40.362922 ], [ -111.837647, 40.362902 ], [ -111.836684, 40.362931 ], [ -111.834519, 40.362984 ], [ -111.828348, 40.357207 ], [ -111.828243, 40.356882 ], [ -111.824851, 40.353252 ], [ -111.824519, 40.353122 ], [ -111.82433, 40.353064 ], [ -111.823007, 40.353378 ], [ -111.819211, 40.355526 ], [ -111.811965, 40.357613 ], [ -111.807509, 40.35505 ], [ -111.80564, 40.34736 ], [ -111.80374, 40.341433 ], [ -111.800179, 40.340904 ], [ -111.795269, 40.345947 ], [ -111.794437, 40.348035 ], [ -111.785839, 40.348074 ], [ -111.785555, 40.345858 ], [ -111.784163, 40.343958 ], [ -111.780199, 40.343107 ], [ -111.774493, 40.342409 ], [ -111.774179, 40.342382 ], [ -111.769207, 40.342931 ], [ -111.764932, 40.33729 ], [ -111.761703, 40.329869 ], [ -111.758103, 40.329861 ], [ -111.756544, 40.33162 ], [ -111.748856, 40.334812 ], [ -111.745551, 40.332691 ], [ -111.744545, 40.326296 ], [ -111.744543, 40.326207 ], [ -111.743122, 40.324435 ], [ -111.7381, 40.320689 ], [ -111.736049, 40.321169 ], [ -111.734562, 40.321353 ], [ -111.728203, 40.316133 ], [ -111.728277, 40.314868 ], [ -111.728512, 40.313815 ], [ -111.72873, 40.312974 ], [ -111.728823, 40.312513 ], [ -111.727847, 40.307642 ], [ -111.724248, 40.307715 ], [ -111.724286, 40.309608 ], [ -111.724324, 40.3115 ], [ -111.724487, 40.316386 ], [ -111.724487, 40.317964 ], [ -111.724027, 40.32624 ], [ -111.724026, 40.326341 ], [ -111.7254, 40.328156 ], [ -111.726852, 40.328434 ], [ -111.729272, 40.329299 ], [ -111.733445, 40.32973 ], [ -111.734161, 40.330077 ], [ -111.737672, 40.338119 ], [ -111.737461, 40.340739 ], [ -111.737466, 40.34077 ], [ -111.73578, 40.347275 ], [ -111.73191, 40.348966 ], [ -111.730279, 40.34996 ], [ -111.729244, 40.350674 ], [ -111.72321, 40.352982 ], [ -111.72319, 40.352998 ], [ -111.723053, 40.355648 ], [ -111.720045, 40.36211 ], [ -111.719671, 40.363565 ], [ -111.719673, 40.363926 ], [ -111.720036, 40.36571 ], [ -111.720582, 40.37341 ], [ -111.71973, 40.37493 ], [ -111.719728, 40.375198 ], [ -111.719729, 40.375263 ], [ -111.719736, 40.375478 ], [ -111.72059, 40.37701 ], [ -111.723865, 40.377696 ], [ -111.725711, 40.378061 ], [ -111.728771, 40.377835 ], [ -111.734442, 40.381701 ], [ -111.736356, 40.384781 ], [ -111.736963, 40.386092 ], [ -111.73786, 40.388965 ], [ -111.738299, 40.390573 ], [ -111.743074, 40.395645 ], [ -111.747904, 40.395468 ], [ -111.75187, 40.399464 ], [ -111.752388, 40.401543 ], [ -111.754567, 40.408371 ], [ -111.755779, 40.408383 ], [ -111.760731, 40.415026 ], [ -111.760728, 40.415097 ], [ -111.761087, 40.416761 ], [ -111.76405, 40.42134 ], [ -111.766052, 40.423369 ], [ -111.771655, 40.430056 ], [ -111.77311, 40.431159 ], [ -111.778809, 40.434448 ], [ -111.782734, 40.438666 ], [ -111.786324, 40.438928 ], [ -111.792624, 40.438761 ], [ -111.794375, 40.437112 ], [ -111.798312, 40.43366 ], [ -111.802141, 40.431171 ], [ -111.803922, 40.429816 ], [ -111.803921, 40.42968 ], [ -111.80524, 40.425294 ], [ -111.810439, 40.423052 ], [ -111.812877, 40.422648 ], [ -111.813812, 40.422638 ], [ -111.821246, 40.420639 ], [ -111.822946, 40.419115 ], [ -111.822946, 40.4191 ], [ -111.825851, 40.412229 ], [ -111.830324, 40.411242 ], [ -111.830651, 40.411244 ], [ -111.832132, 40.41019 ], [ -111.840026, 40.409773 ], [ -111.840369, 40.409644 ], [ -111.840471, 40.409607 ], [ -111.841741, 40.4089 ], [ -111.845681, 40.406978 ], [ -111.852574, 40.411325 ], [ -111.855638, 40.415216 ], [ -111.85679, 40.415195 ], [ -111.861335, 40.415877 ], [ -111.865386, 40.42229 ], [ -111.866979, 40.425508 ], [ -111.868368, 40.426793 ], [ -111.868793, 40.426786 ], [ -111.868803, 40.426786 ], [ -111.869042, 40.426784 ], [ -111.870579, 40.425476 ], [ -111.878018, 40.424665 ], [ -111.880355, 40.425652 ], [ -111.884057, 40.42799 ], [ -111.887293, 40.433225 ], [ -111.894162, 40.437544 ], [ -111.895598, 40.439132 ], [ -111.897105, 40.440539 ], [ -111.89795, 40.441225 ], [ -111.900218, 40.438429 ], [ -111.89684, 40.435138 ] ] ] } },
{ "type": "Feature", "properties": { "group_index": 0, "value": 600.0, "center": [ -112.03815800690177, 41.40831910264302 ], "point_id": 94 }, "geometry": { "type": "Polygon", "coordinates": [ [ [ -112.064123, 41.515688 ], [ -112.063316, 41.513543 ], [ -112.062704, 41.511857 ], [ -112.061523, 41.508786 ], [ -112.06049, 41.506031 ], [ -112.059494, 41.5033 ], [ -112.058413, 41.500392 ], [ -112.057336, 41.497494 ], [ -112.056259, 41.494597 ], [ -112.057174, 41.488226 ], [ -112.058215, 41.485414 ], [ -112.057919, 41.48312 ], [ -112.055946, 41.474639 ], [ -112.056238, 41.47108 ], [ -112.056452, 41.46846 ], [ -112.056667, 41.46584 ], [ -112.057118, 41.457383 ], [ -112.057314, 41.454832 ], [ -112.057485, 41.452661 ], [ -112.057657, 41.450309 ], [ -112.057829, 41.447967 ], [ -112.058052, 41.445244 ], [ -112.058344, 41.441358 ], [ -112.058635, 41.437485 ], [ -112.058846, 41.434902 ], [ -112.058875, 41.434702 ], [ -112.059094, 41.432157 ], [ -112.063665, 41.424684 ], [ -112.065775, 41.423874 ], [ -112.064867, 41.42039 ], [ -112.062877, 41.420909 ], [ -112.056324, 41.416959 ], [ -112.052376, 41.412839 ], [ -112.051912, 41.409033 ], [ -112.051678, 41.407896 ], [ -112.051394, 41.406913 ], [ -112.050969, 41.405775 ], [ -112.049869, 41.40324 ], [ -112.048769, 41.400705 ], [ -112.04767, 41.398169 ], [ -112.046564, 41.395622 ], [ -112.045292, 41.392752 ], [ -112.043934, 41.384466 ], [ -112.044112, 41.381394 ], [ -112.04429, 41.378322 ], [ -112.047461, 41.370732 ], [ -112.047515, 41.367133 ], [ -112.045308, 41.359452 ], [ -112.045154, 41.358084 ], [ -112.045021, 41.35726 ], [ -112.044804, 41.356375 ], [ -112.044045, 41.353902 ], [ -112.043104, 41.350912 ], [ -112.042551, 41.349092 ], [ -112.041344, 41.340648 ], [ -112.041227, 41.340069 ], [ -112.040992, 41.339563 ], [ -112.040547, 41.338999 ], [ -112.039407, 41.337884 ], [ -112.034185, 41.331527 ], [ -112.033127, 41.329139 ], [ -112.032069, 41.326751 ], [ -112.028778, 41.328209 ], [ -112.029835, 41.330597 ], [ -112.030893, 41.332985 ], [ -112.032188, 41.335908 ], [ -112.033482, 41.33883 ], [ -112.033913, 41.339616 ], [ -112.034074, 41.339893 ], [ -112.034711, 41.340762 ], [ -112.037709, 41.345842 ], [ -112.038422, 41.348035 ], [ -112.039127, 41.350205 ], [ -112.035674, 41.356807 ], [ -112.033856, 41.358253 ], [ -112.029377, 41.360427 ], [ -112.029342, 41.364027 ], [ -112.026495, 41.369046 ], [ -112.024187, 41.370827 ], [ -112.024113, 41.37093 ], [ -112.023795, 41.371709 ], [ -112.024404, 41.373408 ], [ -112.025611, 41.374737 ], [ -112.029057, 41.375889 ], [ -112.030403, 41.377007 ], [ -112.031139, 41.384665 ], [ -112.030341, 41.386069 ], [ -112.030573, 41.386824 ], [ -112.030911, 41.387685 ], [ -112.031467, 41.3903 ], [ -112.029391, 41.395443 ], [ -112.022967, 41.394953 ], [ -112.022547, 41.396005 ], [ -112.022346, 41.396721 ], [ -112.022387, 41.397753 ], [ -112.024228, 41.405548 ], [ -112.024763, 41.410671 ], [ -112.026005, 41.412354 ], [ -112.026294, 41.420537 ], [ -112.026149, 41.421307 ], [ -112.026067, 41.422283 ], [ -112.026174, 41.424138 ], [ -112.026356, 41.426061 ], [ -112.026716, 41.426911 ], [ -112.027961, 41.431156 ], [ -112.028124, 41.438778 ], [ -112.029758, 41.441112 ], [ -112.035672, 41.445685 ], [ -112.036047, 41.448247 ], [ -112.033125, 41.453803 ], [ -112.033034, 41.455383 ], [ -112.032461, 41.460569 ], [ -112.031677, 41.464404 ], [ -112.03271, 41.46668 ], [ -112.032982, 41.466808 ], [ -112.034452, 41.466698 ], [ -112.035496, 41.465805 ], [ -112.039509, 41.463425 ], [ -112.039554, 41.46341 ], [ -112.040314, 41.462886 ], [ -112.040338, 41.462856 ], [ -112.043919, 41.457303 ], [ -112.044608, 41.4568 ], [ -112.045089, 41.456415 ], [ -112.053281, 41.459896 ], [ -112.053076, 41.462452 ], [ -112.052927, 41.463075 ], [ -112.05268, 41.464592 ], [ -112.05259, 41.464959 ], [ -112.052586, 41.465028 ], [ -112.05258, 41.468538 ], [ -112.052356, 41.47128 ], [ -112.052023, 41.475371 ], [ -112.052067, 41.477904 ], [ -112.051692, 41.479433 ], [ -112.047993, 41.48414 ], [ -112.042191, 41.484468 ], [ -112.039845, 41.484589 ], [ -112.037554, 41.484708 ], [ -112.036579, 41.484729 ], [ -112.03505, 41.484732 ], [ -112.035057, 41.488332 ], [ -112.036586, 41.488329 ], [ -112.037629, 41.488307 ], [ -112.04003, 41.488184 ], [ -112.042376, 41.488063 ], [ -112.048208, 41.487734 ], [ -112.051432, 41.491864 ], [ -112.051807, 41.492953 ], [ -112.052884, 41.495851 ], [ -112.053962, 41.498749 ], [ -112.055039, 41.501646 ], [ -112.055697, 41.508003 ], [ -112.056429, 41.511528 ], [ -112.060753, 41.516955 ], [ -112.06156, 41.519099 ], [ -112.064929, 41.517832 ], [ -112.064123, 41.515688 ] ] ] } },
{ "type": "Feature", "properties": { "group_index": 0, "value": 600.0, "center": [ -112.01417923869992, 41.51064056603261 ], "point_id": 95 }, "geometry": { "type": "Polygon", "coordinates": [ [ [ -112.097769, 41.54458 ], [ -112.093436, 41.542627 ], [ -112.090158, 41.539562 ], [ -112.084345, 41.53856 ], [ -112.080097, 41.534491 ], [ -112.076589, 41.535299 ], [ -112.0743, 41.535341 ], [ -112.06734, 41.531458 ], [ -112.06687, 41.52805 ], [ -112.0664, 41.524642 ], [ -112.065929, 41.521234 ], [ -112.065752, 41.520332 ], [ -112.06811, 41.512627 ], [ -112.072161, 41.511599 ], [ -112.07817, 41.511586 ], [ -112.079249, 41.51158 ], [ -112.079891, 41.510408 ], [ -112.079943, 41.510034 ], [ -112.07923, 41.50798 ], [ -112.07815, 41.507986 ], [ -112.071227, 41.507027 ], [ -112.068336, 41.505721 ], [ -112.067915, 41.505721 ], [ -112.0669, 41.506026 ], [ -112.060054, 41.503861 ], [ -112.059038, 41.501125 ], [ -112.058022, 41.498388 ], [ -112.057013, 41.495669 ], [ -112.056003, 41.492949 ], [ -112.053664, 41.486476 ], [ -112.053477, 41.486206 ], [ -112.053079, 41.485743 ], [ -112.052584, 41.485305 ], [ -112.050765, 41.48409 ], [ -112.049698, 41.484061 ], [ -112.04817, 41.484138 ], [ -112.044958, 41.484322 ], [ -112.037061, 41.480573 ], [ -112.034486, 41.478057 ], [ -112.029337, 41.472836 ], [ -112.027557, 41.471131 ], [ -112.026576, 41.470526 ], [ -112.024336, 41.472447 ], [ -112.018862, 41.476894 ], [ -112.016218, 41.478254 ], [ -112.010347, 41.479994 ], [ -112.008041, 41.481713 ], [ -112.007283, 41.482388 ], [ -112.006902, 41.482731 ], [ -112.005516, 41.483949 ], [ -112.003308, 41.486124 ], [ -111.997013, 41.489335 ], [ -111.994988, 41.490193 ], [ -111.992186, 41.494092 ], [ -111.990542, 41.495545 ], [ -111.982065, 41.497378 ], [ -111.980455, 41.496821 ], [ -111.97948, 41.49652 ], [ -111.978679, 41.496324 ], [ -111.978159, 41.496223 ], [ -111.977292, 41.496095 ], [ -111.976693, 41.496035 ], [ -111.975779, 41.495988 ], [ -111.975053, 41.495989 ], [ -111.974466, 41.496013 ], [ -111.965709, 41.494934 ], [ -111.964423, 41.49451 ], [ -111.963586, 41.494316 ], [ -111.962474, 41.494154 ], [ -111.961482, 41.494111 ], [ -111.961046, 41.494119 ], [ -111.960544, 41.494149 ], [ -111.959869, 41.494229 ], [ -111.959356, 41.494317 ], [ -111.958597, 41.4945 ], [ -111.95145, 41.489953 ], [ -111.951374, 41.489809 ], [ -111.948351, 41.487263 ], [ -111.944827, 41.482349 ], [ -111.943079, 41.479772 ], [ -111.942391, 41.479698 ], [ -111.938813, 41.481681 ], [ -111.937044, 41.486115 ], [ -111.935623, 41.490357 ], [ -111.932759, 41.495539 ], [ -111.932316, 41.499112 ], [ -111.934627, 41.499398 ], [ -111.935041, 41.499463 ], [ -111.935974, 41.499601 ], [ -111.937456, 41.500107 ], [ -111.940651, 41.506934 ], [ -111.938126, 41.50933 ], [ -111.935549, 41.510864 ], [ -111.93684, 41.515611 ], [ -111.938221, 41.518936 ], [ -111.940092, 41.520861 ], [ -111.940635, 41.521349 ], [ -111.941224, 41.521791 ], [ -111.946393, 41.526266 ], [ -111.947199, 41.527074 ], [ -111.948033, 41.527825 ], [ -111.948718, 41.528407 ], [ -111.949582, 41.529085 ], [ -111.950381, 41.529667 ], [ -111.955105, 41.536592 ], [ -111.954224, 41.543989 ], [ -111.957601, 41.545238 ], [ -111.958396, 41.543086 ], [ -111.959192, 41.540935 ], [ -111.959485, 41.539991 ], [ -111.95974, 41.538785 ], [ -111.959866, 41.537903 ], [ -111.960077, 41.534999 ], [ -111.960076, 41.534216 ], [ -111.959944, 41.533384 ], [ -111.959667, 41.532577 ], [ -111.959211, 41.531794 ], [ -111.958735, 41.531206 ], [ -111.958082, 41.530589 ], [ -111.957359, 41.530046 ], [ -111.954852, 41.528347 ], [ -111.952399, 41.526686 ], [ -111.951707, 41.526178 ], [ -111.950944, 41.525577 ], [ -111.950368, 41.525085 ], [ -111.949607, 41.524399 ], [ -111.94895, 41.523732 ], [ -111.948403, 41.523132 ], [ -111.947613, 41.522201 ], [ -111.947125, 41.521668 ], [ -111.946727, 41.521287 ], [ -111.944878, 41.51311 ], [ -111.945904, 41.51165 ], [ -111.946341, 41.510843 ], [ -111.94666, 41.510103 ], [ -111.948039, 41.507335 ], [ -111.952056, 41.500293 ], [ -111.954917, 41.499872 ], [ -111.955521, 41.499802 ], [ -111.955908, 41.499706 ], [ -111.956391, 41.499522 ], [ -111.956682, 41.499371 ], [ -111.965428, 41.498775 ], [ -111.967902, 41.500475 ], [ -111.968095, 41.500587 ], [ -111.969322, 41.500961 ], [ -111.970049, 41.501063 ], [ -111.971185, 41.500763 ], [ -111.972602, 41.500374 ], [ -111.977985, 41.499856 ], [ -111.978613, 41.500014 ], [ -111.979383, 41.500257 ], [ -111.980886, 41.500779 ], [ -111.984861, 41.508167 ], [ -111.98462, 41.510987 ], [ -111.984471, 41.512653 ], [ -111.986895, 41.514754 ], [ -111.991604, 41.514652 ], [ -111.996011, 41.516203 ], [ -111.997936, 41.522945 ], [ -111.999488, 41.526315 ], [ -111.999667, 41.52671 ], [ -112.001348, 41.527144 ], [ -112.006526, 41.532751 ], [ -112.011458, 41.537951 ], [ -112.015456, 41.54574 ], [ -112.017993, 41.553476 ], [ -112.018561, 41.556253 ], [ -112.018742, 41.556838 ], [ -112.019032, 41.557463 ], [ -112.022822, 41.565051 ], [ -112.023123, 41.565677 ], [ -112.023548, 41.566358 ], [ -112.024616, 41.567637 ], [ -112.026135, 41.56941 ], [ -112.030399, 41.576595 ], [ -112.031969, 41.579047 ], [ -112.03262, 41.57986 ], [ -112.03608, 41.584315 ], [ -112.03651, 41.584657 ], [ -112.037339, 41.584284 ], [ -112.039482, 41.582626 ], [ -112.039065, 41.582015 ], [ -112.038759, 41.581527 ], [ -112.037537, 41.580139 ], [ -112.035435, 41.577603 ], [ -112.033437, 41.574664 ], [ -112.02981, 41.56823 ], [ -112.029329, 41.567584 ], [ -112.028804, 41.566994 ], [ -112.027349, 41.565295 ], [ -112.025785, 41.5627 ], [ -112.02418, 41.558466 ], [ -112.023811, 41.557774 ], [ -112.023487, 41.557335 ], [ -112.021696, 41.553471 ], [ -112.027257, 41.546633 ], [ -112.029221, 41.544114 ], [ -112.02922, 41.54345 ], [ -112.029214, 41.541444 ], [ -112.036459, 41.536917 ], [ -112.042393, 41.532573 ], [ -112.044738, 41.533062 ], [ -112.048497, 41.533818 ], [ -112.052256, 41.534574 ], [ -112.057167, 41.536216 ], [ -112.062107, 41.539357 ], [ -112.064889, 41.543546 ], [ -112.065693, 41.546252 ], [ -112.065951, 41.548086 ], [ -112.066265, 41.550538 ], [ -112.066583, 41.553017 ], [ -112.066909, 41.555283 ], [ -112.067231, 41.557525 ], [ -112.06757, 41.560129 ], [ -112.067913, 41.562763 ], [ -112.068222, 41.564869 ], [ -112.068526, 41.566941 ], [ -112.068794, 41.569054 ], [ -112.069066, 41.571193 ], [ -112.069506, 41.574303 ], [ -112.069943, 41.577399 ], [ -112.070407, 41.580884 ], [ -112.070871, 41.584368 ], [ -112.07444, 41.583893 ], [ -112.073976, 41.580408 ], [ -112.073512, 41.576924 ], [ -112.07307, 41.573799 ], [ -112.07263, 41.570689 ], [ -112.072365, 41.568601 ], [ -112.072097, 41.566487 ], [ -112.071783, 41.564347 ], [ -112.071475, 41.56224 ], [ -112.071139, 41.559665 ], [ -112.0708, 41.55706 ], [ -112.070472, 41.554771 ], [ -112.070147, 41.552506 ], [ -112.069836, 41.550081 ], [ -112.075751, 41.544783 ], [ -112.081864, 41.548367 ], [ -112.085463, 41.548319 ], [ -112.092007, 41.545931 ], [ -112.096358, 41.548017 ], [ -112.098656, 41.548995 ], [ -112.10021, 41.545747 ], [ -112.097769, 41.54458 ] ] ] } },
{ "type": "Feature", "properties": { "group_index": 0, "value": 600.0, "center": [ -111.88564844782802, 40.97986034205804 ], "point_id": 96 }, "geometry": { "type": "Polygon", "coordinates": [ [ [ -111.949281, 41.032537 ], [ -111.94922, 41.031584 ], [ -111.949037, 41.030532 ], [ -111.948714, 41.029449 ], [ -111.948066, 41.027909 ], [ -111.946979, 41.025586 ], [ -111.945581, 41.022559 ], [ -111.944179, 41.019523 ], [ -111.942777, 41.016487 ], [ -111.941375, 41.01345 ], [ -111.94386, 41.004917 ], [ -111.951548, 41.003673 ], [ -111.954082, 41.001115 ], [ -111.952112, 40.999164 ], [ -111.950142, 40.997212 ], [ -111.949417, 40.996603 ], [ -111.94863, 40.996058 ], [ -111.947683, 40.995522 ], [ -111.947303, 40.995336 ], [ -111.942658, 40.99237 ], [ -111.940442, 40.991028 ], [ -111.940008, 40.990729 ], [ -111.937157, 40.990064 ], [ -111.936412, 40.989684 ], [ -111.936991, 40.980862 ], [ -111.936984, 40.978953 ], [ -111.936977, 40.977044 ], [ -111.934311, 40.973832 ], [ -111.93198, 40.966695 ], [ -111.931664, 40.965104 ], [ -111.93127, 40.964284 ], [ -111.930261, 40.963615 ], [ -111.929584, 40.96342 ], [ -111.925984, 40.963459 ], [ -111.924556, 40.963516 ], [ -111.921302, 40.963506 ], [ -111.917793, 40.963487 ], [ -111.913951, 40.963436 ], [ -111.912255, 40.963255 ], [ -111.911665, 40.963183 ], [ -111.905766, 40.96435 ], [ -111.904104, 40.957682 ], [ -111.903425, 40.954912 ], [ -111.902742, 40.952125 ], [ -111.90211, 40.949653 ], [ -111.901478, 40.947181 ], [ -111.894619, 40.942654 ], [ -111.894773, 40.940056 ], [ -111.89481, 40.938728 ], [ -111.89626, 40.932774 ], [ -111.896343, 40.932633 ], [ -111.898659, 40.929664 ], [ -111.899029, 40.929277 ], [ -111.899418, 40.928798 ], [ -111.900062, 40.92767 ], [ -111.900248, 40.927233 ], [ -111.902109, 40.922054 ], [ -111.908151, 40.917402 ], [ -111.909829, 40.916541 ], [ -111.910969, 40.915733 ], [ -111.911881, 40.914963 ], [ -111.914341, 40.912349 ], [ -111.91673, 40.909807 ], [ -111.923808, 40.904699 ], [ -111.922175, 40.901491 ], [ -111.920776, 40.902203 ], [ -111.919186, 40.903118 ], [ -111.916916, 40.904835 ], [ -111.916082, 40.905522 ], [ -111.915116, 40.906377 ], [ -111.914252, 40.907195 ], [ -111.91172, 40.909881 ], [ -111.904233, 40.911548 ], [ -111.902003, 40.910658 ], [ -111.900387, 40.910205 ], [ -111.897122, 40.907866 ], [ -111.895314, 40.900136 ], [ -111.899685, 40.895629 ], [ -111.899935, 40.892038 ], [ -111.904576, 40.885966 ], [ -111.90423, 40.882456 ], [ -111.901346, 40.880619 ], [ -111.898732, 40.874507 ], [ -111.898778, 40.873082 ], [ -111.89891, 40.871901 ], [ -111.899069, 40.870822 ], [ -111.899553, 40.869088 ], [ -111.90041, 40.867108 ], [ -111.897203, 40.865473 ], [ -111.896677, 40.866505 ], [ -111.896171, 40.867856 ], [ -111.8958, 40.868967 ], [ -111.895553, 40.870053 ], [ -111.895351, 40.871363 ], [ -111.895201, 40.872677 ], [ -111.895134, 40.874378 ], [ -111.895085, 40.877461 ], [ -111.891804, 40.883489 ], [ -111.8911, 40.884202 ], [ -111.890423, 40.887281 ], [ -111.885336, 40.891969 ], [ -111.883814, 40.893431 ], [ -111.880819, 40.897796 ], [ -111.879872, 40.899268 ], [ -111.87983, 40.899836 ], [ -111.877206, 40.906942 ], [ -111.872158, 40.910279 ], [ -111.870554, 40.911964 ], [ -111.86875, 40.916216 ], [ -111.866655, 40.924934 ], [ -111.866644, 40.925533 ], [ -111.866927, 40.927802 ], [ -111.867048, 40.928299 ], [ -111.867227, 40.928707 ], [ -111.868867, 40.933429 ], [ -111.873679, 40.937542 ], [ -111.869594, 40.943472 ], [ -111.869791, 40.944011 ], [ -111.870822, 40.946044 ], [ -111.875882, 40.948576 ], [ -111.877116, 40.949403 ], [ -111.879355, 40.952074 ], [ -111.879885, 40.952902 ], [ -111.881543, 40.956284 ], [ -111.881535, 40.962071 ], [ -111.875025, 40.964752 ], [ -111.871986, 40.964472 ], [ -111.871884, 40.964491 ], [ -111.871424, 40.964892 ], [ -111.871051, 40.96542 ], [ -111.870865, 40.965798 ], [ -111.870736, 40.966803 ], [ -111.871414, 40.975478 ], [ -111.872933, 40.978936 ], [ -111.873371, 40.979872 ], [ -111.875943, 40.985534 ], [ -111.876849, 40.988207 ], [ -111.878231, 40.992115 ], [ -111.879395, 40.994696 ], [ -111.887399, 40.99874 ], [ -111.888067, 41.000134 ], [ -111.890505, 41.005337 ], [ -111.890889, 41.006227 ], [ -111.892364, 41.014952 ], [ -111.89336, 41.0163 ], [ -111.897627, 41.021573 ], [ -111.897717, 41.029343 ], [ -111.897897, 41.029886 ], [ -111.89821, 41.030563 ], [ -111.898543, 41.030966 ], [ -111.900836, 41.033145 ], [ -111.904651, 41.038445 ], [ -111.906057, 41.040837 ], [ -111.908431, 41.04943 ], [ -111.908521, 41.051834 ], [ -111.912119, 41.051699 ], [ -111.912028, 41.049294 ], [ -111.911915, 41.047131 ], [ -111.911913, 41.04313 ], [ -111.911884, 41.041913 ], [ -111.91182, 41.041076 ], [ -111.911727, 41.040291 ], [ -111.91156, 41.039209 ], [ -111.9112, 41.037043 ], [ -111.910864, 41.035089 ], [ -111.910843, 41.034896 ], [ -111.910615, 41.03309 ], [ -111.917161, 41.026994 ], [ -111.919438, 41.026405 ], [ -111.920817, 41.026278 ], [ -111.928231, 41.028061 ], [ -111.930932, 41.029182 ], [ -111.932546, 41.028998 ], [ -111.932688, 41.028899 ], [ -111.932806, 41.028695 ], [ -111.933306, 41.026475 ], [ -111.932844, 41.02607 ], [ -111.933067, 41.018747 ], [ -111.940911, 41.021032 ], [ -111.942313, 41.024068 ], [ -111.943719, 41.027114 ], [ -111.944756, 41.029323 ], [ -111.945427, 41.033933 ], [ -111.945731, 41.03563 ], [ -111.949316, 41.035306 ], [ -111.949281, 41.032537 ] ] ] } },
{ "type": "Feature", "properties": { "group_index": 0, "value": 600.0, "center": [ -112.012364440613, 40.309395796664035 ], "point_id": 97 }, "geometry": { "type": "Polygon", "coordinates": [ [ [ -112.062199, 40.353582 ], [ -112.057471, 40.354255 ], [ -112.054942, 40.356538 ], [ -112.051364, 40.357993 ], [ -112.048972, 40.358995 ], [ -112.041603, 40.356917 ], [ -112.04166, 40.3526 ], [ -112.041716, 40.348212 ], [ -112.041773, 40.343823 ], [ -112.045931, 40.337439 ], [ -112.04716, 40.336563 ], [ -112.048772, 40.335412 ], [ -112.049836, 40.334632 ], [ -112.047708, 40.331728 ], [ -112.04086, 40.330124 ], [ -112.041605, 40.322536 ], [ -112.043939, 40.31997 ], [ -112.045615, 40.314746 ], [ -112.045609, 40.312731 ], [ -112.051408, 40.307235 ], [ -112.054772, 40.30726 ], [ -112.05721, 40.307253 ], [ -112.059648, 40.307245 ], [ -112.062086, 40.307238 ], [ -112.064506, 40.307231 ], [ -112.067315, 40.30725 ], [ -112.070124, 40.30727 ], [ -112.070149, 40.30367 ], [ -112.073627, 40.296418 ], [ -112.077227, 40.29642 ], [ -112.081315, 40.296143 ], [ -112.081867, 40.296185 ], [ -112.08315, 40.296189 ], [ -112.083163, 40.292589 ], [ -112.077301, 40.290675 ], [ -112.074709, 40.289513 ], [ -112.074288, 40.289361 ], [ -112.067918, 40.283551 ], [ -112.065417, 40.280962 ], [ -112.063442, 40.282869 ], [ -112.061813, 40.284385 ], [ -112.059651, 40.286498 ], [ -112.052843, 40.289083 ], [ -112.050478, 40.289083 ], [ -112.045611, 40.283394 ], [ -112.04561, 40.281969 ], [ -112.045641, 40.280159 ], [ -112.045616, 40.278558 ], [ -112.045619, 40.275904 ], [ -112.045616, 40.274929 ], [ -112.045134, 40.27417 ], [ -112.044896, 40.274115 ], [ -112.043708, 40.274112 ], [ -112.040428, 40.274467 ], [ -112.034925, 40.270683 ], [ -112.034941, 40.267083 ], [ -112.032621, 40.267073 ], [ -112.026527, 40.26175 ], [ -112.022928, 40.261768 ], [ -112.015424, 40.257799 ], [ -112.014982, 40.257815 ], [ -112.01455, 40.257877 ], [ -112.014169, 40.257987 ], [ -112.006682, 40.259682 ], [ -112.004883, 40.259687 ], [ -112.004884, 40.260972 ], [ -112.004887, 40.261494 ], [ -112.004893, 40.263287 ], [ -112.000989, 40.270733 ], [ -111.999175, 40.272262 ], [ -111.999239, 40.272687 ], [ -111.999801, 40.273754 ], [ -112.000353, 40.279819 ], [ -111.995026, 40.282671 ], [ -111.991428, 40.282556 ], [ -111.988897, 40.282549 ], [ -111.98601, 40.2847 ], [ -111.985716, 40.285774 ], [ -111.986318, 40.290019 ], [ -111.990993, 40.292528 ], [ -111.990728, 40.298964 ], [ -111.985761, 40.303197 ], [ -111.978465, 40.301212 ], [ -111.978354, 40.301087 ], [ -111.977312, 40.300598 ], [ -111.976792, 40.300463 ], [ -111.974904, 40.300069 ], [ -111.974736, 40.300199 ], [ -111.971304, 40.303831 ], [ -111.971926, 40.307377 ], [ -111.972605, 40.307258 ], [ -111.973735, 40.307114 ], [ -111.978049, 40.314901 ], [ -111.976513, 40.318043 ], [ -111.980137, 40.322137 ], [ -111.981362, 40.323299 ], [ -111.981808, 40.323597 ], [ -111.982249, 40.323792 ], [ -111.986467, 40.326936 ], [ -111.992406, 40.32965 ], [ -111.996717, 40.336845 ], [ -111.988881, 40.33886 ], [ -111.986736, 40.341751 ], [ -111.985173, 40.349603 ], [ -111.983924, 40.351207 ], [ -111.983178, 40.35378 ], [ -111.980981, 40.359327 ], [ -111.981406, 40.363976 ], [ -111.98545, 40.364318 ], [ -111.985662, 40.364244 ], [ -111.988061, 40.362194 ], [ -111.988248, 40.361888 ], [ -111.994822, 40.357057 ], [ -112.002382, 40.359356 ], [ -112.005439, 40.359069 ], [ -112.006223, 40.35908 ], [ -112.008374, 40.358088 ], [ -112.008377, 40.358019 ], [ -112.008408, 40.35709 ], [ -112.008427, 40.356503 ], [ -112.009752, 40.34907 ], [ -112.009992, 40.347843 ], [ -112.01759, 40.344481 ], [ -112.018016, 40.344573 ], [ -112.018536, 40.34462 ], [ -112.022348, 40.343716 ], [ -112.028967, 40.345043 ], [ -112.031061, 40.347971 ], [ -112.03806, 40.352554 ], [ -112.038004, 40.357014 ], [ -112.036448, 40.361561 ], [ -112.036151, 40.362058 ], [ -112.030846, 40.366451 ], [ -112.02855, 40.367395 ], [ -112.026927, 40.368077 ], [ -112.02423, 40.369184 ], [ -112.020031, 40.370056 ], [ -112.017863, 40.371786 ], [ -112.015674, 40.372668 ], [ -112.01702, 40.376007 ], [ -112.0225, 40.374101 ], [ -112.029944, 40.370715 ], [ -112.032215, 40.36978 ], [ -112.034499, 40.368841 ], [ -112.036782, 40.367901 ], [ -112.040732, 40.3663 ], [ -112.044356, 40.364807 ], [ -112.04799, 40.36331 ], [ -112.050364, 40.362315 ], [ -112.056297, 40.359873 ], [ -112.059877, 40.358418 ], [ -112.061718, 40.357666 ], [ -112.063559, 40.356915 ], [ -112.062199, 40.353582 ] ] ] } },
{ "type": "Feature", "properties": { "group_index": 0, "value": 600.0, "center": [ -111.84925142163819, 40.38923805952794 ], "point_id": 98 }, "geometry": { "type": "Polygon", "coordinates": [ [ [ -111.915764, 40.462184 ], [ -111.916006, 40.460676 ], [ -111.916073, 40.45885 ], [ -111.916001, 40.457313 ], [ -111.915607, 40.455008 ], [ -111.914963, 40.451505 ], [ -111.914821, 40.45094 ], [ -111.914606, 40.450273 ], [ -111.914261, 40.449503 ], [ -111.913945, 40.448942 ], [ -111.913387, 40.448149 ], [ -111.912849, 40.447529 ], [ -111.912001, 40.446713 ], [ -111.909676, 40.445061 ], [ -111.907558, 40.443579 ], [ -111.902771, 40.437108 ], [ -111.903069, 40.432663 ], [ -111.904084, 40.430405 ], [ -111.903984, 40.429403 ], [ -111.908758, 40.421893 ], [ -111.909869, 40.422336 ], [ -111.911053, 40.422322 ], [ -111.915997, 40.417942 ], [ -111.923577, 40.421117 ], [ -111.924929, 40.422238 ], [ -111.925034, 40.422258 ], [ -111.925118, 40.422268 ], [ -111.92524, 40.422269 ], [ -111.927038, 40.420125 ], [ -111.929112, 40.415863 ], [ -111.929644, 40.412302 ], [ -111.923818, 40.408827 ], [ -111.921393, 40.400335 ], [ -111.924681, 40.394674 ], [ -111.927196, 40.393215 ], [ -111.927232, 40.393178 ], [ -111.930392, 40.389325 ], [ -111.93117, 40.38575 ], [ -111.92925, 40.380351 ], [ -111.928335, 40.37891 ], [ -111.92776, 40.378178 ], [ -111.924406, 40.37417 ], [ -111.92395, 40.373624 ], [ -111.917539, 40.367612 ], [ -111.911404, 40.363249 ], [ -111.911131, 40.36325 ], [ -111.909337, 40.364744 ], [ -111.901379, 40.36114 ], [ -111.902137, 40.358709 ], [ -111.90206, 40.35855 ], [ -111.900566, 40.357634 ], [ -111.90011, 40.357739 ], [ -111.893219, 40.361071 ], [ -111.887348, 40.359778 ], [ -111.886902, 40.359568 ], [ -111.886284, 40.359438 ], [ -111.884765, 40.359372 ], [ -111.876835, 40.363236 ], [ -111.869311, 40.36464 ], [ -111.864305, 40.360959 ], [ -111.857305, 40.363304 ], [ -111.854785, 40.364097 ], [ -111.849187, 40.364959 ], [ -111.844432, 40.368447 ], [ -111.839524, 40.363673 ], [ -111.839434, 40.362349 ], [ -111.834519, 40.362984 ], [ -111.826173, 40.364255 ], [ -111.82544, 40.361475 ], [ -111.82551, 40.360724 ], [ -111.826817, 40.357586 ], [ -111.826714, 40.357247 ], [ -111.825348, 40.356093 ], [ -111.82327, 40.355604 ], [ -111.821994, 40.355577 ], [ -111.821554, 40.355764 ], [ -111.8192, 40.356963 ], [ -111.818255, 40.357718 ], [ -111.812208, 40.362872 ], [ -111.80592, 40.362564 ], [ -111.8012, 40.355096 ], [ -111.8012, 40.354957 ], [ -111.797079, 40.350478 ], [ -111.791028, 40.345908 ], [ -111.78529, 40.343978 ], [ -111.781603, 40.341299 ], [ -111.780802, 40.341303 ], [ -111.774493, 40.342409 ], [ -111.770524, 40.341024 ], [ -111.769514, 40.340381 ], [ -111.769101, 40.340286 ], [ -111.761388, 40.34126 ], [ -111.755466, 40.339053 ], [ -111.752161, 40.336932 ], [ -111.748856, 40.334812 ], [ -111.745551, 40.332691 ], [ -111.743281, 40.326374 ], [ -111.743281, 40.326247 ], [ -111.742025, 40.324443 ], [ -111.73829, 40.321673 ], [ -111.736693, 40.321164 ], [ -111.736378, 40.321166 ], [ -111.728087, 40.317998 ], [ -111.728203, 40.316133 ], [ -111.728277, 40.314868 ], [ -111.728512, 40.313815 ], [ -111.728666, 40.31323 ], [ -111.728623, 40.31298 ], [ -111.727881, 40.309316 ], [ -111.724282, 40.309389 ], [ -111.724324, 40.3115 ], [ -111.724487, 40.317964 ], [ -111.724513, 40.318525 ], [ -111.725378, 40.326331 ], [ -111.726228, 40.328096 ], [ -111.726266, 40.328121 ], [ -111.726429, 40.328163 ], [ -111.729515, 40.32908 ], [ -111.729713, 40.329153 ], [ -111.735518, 40.330524 ], [ -111.7403, 40.333599 ], [ -111.743607, 40.335721 ], [ -111.746912, 40.337842 ], [ -111.750217, 40.339962 ], [ -111.75279, 40.344535 ], [ -111.747867, 40.348859 ], [ -111.745672, 40.348898 ], [ -111.744845, 40.355179 ], [ -111.744845, 40.355183 ], [ -111.746637, 40.356986 ], [ -111.751056, 40.363719 ], [ -111.752106, 40.365357 ], [ -111.752326, 40.365462 ], [ -111.75248, 40.365531 ], [ -111.752671, 40.365616 ], [ -111.7596, 40.366879 ], [ -111.759924, 40.366962 ], [ -111.767447, 40.370676 ], [ -111.768688, 40.371904 ], [ -111.768791, 40.371927 ], [ -111.774839, 40.373019 ], [ -111.777773, 40.375441 ], [ -111.780709, 40.383127 ], [ -111.780709, 40.383134 ], [ -111.780708, 40.383321 ], [ -111.783935, 40.391511 ], [ -111.783968, 40.391868 ], [ -111.783969, 40.391881 ], [ -111.783988, 40.392114 ], [ -111.785744, 40.393553 ], [ -111.790702, 40.398364 ], [ -111.788536, 40.405155 ], [ -111.78408, 40.40705 ], [ -111.784067, 40.410649 ], [ -111.788275, 40.413693 ], [ -111.788492, 40.413689 ], [ -111.788797, 40.413663 ], [ -111.790232, 40.412922 ], [ -111.795862, 40.411332 ], [ -111.799343, 40.419093 ], [ -111.797617, 40.420911 ], [ -111.797617, 40.420934 ], [ -111.799343, 40.422693 ], [ -111.80152, 40.423678 ], [ -111.802066, 40.423674 ], [ -111.808202, 40.425934 ], [ -111.809863, 40.430222 ], [ -111.811504, 40.431585 ], [ -111.819116, 40.433544 ], [ -111.822087, 40.435118 ], [ -111.822168, 40.435114 ], [ -111.826089, 40.433635 ], [ -111.831206, 40.436464 ], [ -111.831492, 40.436409 ], [ -111.833861, 40.436037 ], [ -111.838522, 40.434984 ], [ -111.839445, 40.434933 ], [ -111.840506, 40.434834 ], [ -111.843799, 40.434166 ], [ -111.850255, 40.439538 ], [ -111.851137, 40.442813 ], [ -111.852622, 40.442911 ], [ -111.857991, 40.441742 ], [ -111.863637, 40.44101 ], [ -111.869853, 40.44144 ], [ -111.871405, 40.441568 ], [ -111.875344, 40.441522 ], [ -111.881797, 40.442799 ], [ -111.884514, 40.443873 ], [ -111.889852, 40.445967 ], [ -111.891206, 40.445429 ], [ -111.900029, 40.447173 ], [ -111.907611, 40.44801 ], [ -111.912062, 40.455635 ], [ -111.912405, 40.457497 ], [ -111.911006, 40.464351 ], [ -111.909695, 40.466224 ], [ -111.90838, 40.468102 ], [ -111.906143, 40.471324 ], [ -111.903916, 40.474534 ], [ -111.903003, 40.475824 ], [ -111.905941, 40.477903 ], [ -111.906854, 40.476613 ], [ -111.9091, 40.473377 ], [ -111.913955, 40.466416 ], [ -111.914745, 40.465022 ], [ -111.915349, 40.463652 ], [ -111.915764, 40.462184 ] ] ] } },
{ "type": "Feature", "properties": { "group_index": 0, "value": 600.0, "center": [ -111.88603347357665, 40.65598857659434 ], "point_id": 99 }, "geometry": { "type": "Polygon", "coordinates": [ [ [ -111.953451, 40.689444 ], [ -111.953243, 40.686987 ], [ -111.953068, 40.684934 ], [ -111.95314, 40.681996 ], [ -111.953304, 40.680555 ], [ -111.953696, 40.678469 ], [ -111.954108, 40.676254 ], [ -111.95848, 40.669344 ], [ -111.95904, 40.667993 ], [ -111.959039, 40.667902 ], [ -111.95878, 40.66699 ], [ -111.957461, 40.665891 ], [ -111.95457, 40.657863 ], [ -111.95423, 40.653784 ], [ -111.953963, 40.651482 ], [ -111.953724, 40.650723 ], [ -111.953267, 40.649648 ], [ -111.952791, 40.648809 ], [ -111.9522, 40.647976 ], [ -111.951585, 40.647237 ], [ -111.950811, 40.646497 ], [ -111.948613, 40.63851 ], [ -111.948598, 40.638049 ], [ -111.947566, 40.63677 ], [ -111.945723, 40.636077 ], [ -111.940319, 40.633345 ], [ -111.938891, 40.632814 ], [ -111.938705, 40.632815 ], [ -111.93768, 40.632825 ], [ -111.933751, 40.636069 ], [ -111.928814, 40.630155 ], [ -111.928807, 40.630004 ], [ -111.931001, 40.624131 ], [ -111.931001, 40.624129 ], [ -111.931002, 40.624076 ], [ -111.931002, 40.624074 ], [ -111.929752, 40.622358 ], [ -111.929641, 40.622322 ], [ -111.929198, 40.622272 ], [ -111.929196, 40.622272 ], [ -111.926912, 40.62233 ], [ -111.926439, 40.622278 ], [ -111.925472, 40.622102 ], [ -111.925042, 40.622045 ], [ -111.9245, 40.622002 ], [ -111.924019, 40.621991 ], [ -111.918567, 40.615232 ], [ -111.918452, 40.614433 ], [ -111.917623, 40.612156 ], [ -111.913749, 40.609577 ], [ -111.913, 40.60939 ], [ -111.91287, 40.609389 ], [ -111.906919, 40.605353 ], [ -111.906446, 40.602894 ], [ -111.905973, 40.600432 ], [ -111.907068, 40.594982 ], [ -111.912004, 40.58944 ], [ -111.912329, 40.587113 ], [ -111.912322, 40.586867 ], [ -111.912085, 40.586483 ], [ -111.911703, 40.586031 ], [ -111.910427, 40.584958 ], [ -111.9073, 40.582608 ], [ -111.904929, 40.581539 ], [ -111.902123, 40.574988 ], [ -111.902093, 40.5717 ], [ -111.901915, 40.56923 ], [ -111.901609, 40.566386 ], [ -111.90112, 40.560226 ], [ -111.901082, 40.559848 ], [ -111.900878, 40.557967 ], [ -111.900731, 40.557318 ], [ -111.899053, 40.553762 ], [ -111.895554, 40.554607 ], [ -111.895744, 40.559788 ], [ -111.895888, 40.560511 ], [ -111.896001, 40.560783 ], [ -111.898042, 40.566877 ], [ -111.898336, 40.569615 ], [ -111.898502, 40.571956 ], [ -111.898523, 40.575018 ], [ -111.898513, 40.578639 ], [ -111.89578, 40.584087 ], [ -111.891839, 40.584911 ], [ -111.889866, 40.586198 ], [ -111.888647, 40.587765 ], [ -111.888643, 40.587967 ], [ -111.889852, 40.589797 ], [ -111.894217, 40.592965 ], [ -111.89525, 40.594029 ], [ -111.901602, 40.598753 ], [ -111.902439, 40.601118 ], [ -111.89989, 40.609127 ], [ -111.891847, 40.610215 ], [ -111.890855, 40.609701 ], [ -111.890793, 40.609698 ], [ -111.890725, 40.609697 ], [ -111.890633, 40.609697 ], [ -111.889507, 40.610242 ], [ -111.883069, 40.613222 ], [ -111.882084, 40.614813 ], [ -111.874001, 40.614796 ], [ -111.872514, 40.613078 ], [ -111.872225, 40.613074 ], [ -111.872138, 40.613075 ], [ -111.871836, 40.613085 ], [ -111.866251, 40.615727 ], [ -111.862766, 40.617307 ], [ -111.857185, 40.617846 ], [ -111.856493, 40.617868 ], [ -111.855801, 40.618028 ], [ -111.855339, 40.618497 ], [ -111.85399, 40.620422 ], [ -111.851791, 40.624083 ], [ -111.850325, 40.625645 ], [ -111.842187, 40.629152 ], [ -111.83579, 40.628581 ], [ -111.832238, 40.628495 ], [ -111.832191, 40.628529 ], [ -111.827004, 40.632594 ], [ -111.823931, 40.632601 ], [ -111.820902, 40.632608 ], [ -111.819793, 40.632584 ], [ -111.817758, 40.632464 ], [ -111.815648, 40.632341 ], [ -111.81488, 40.632328 ], [ -111.813892, 40.632324 ], [ -111.813, 40.63243 ], [ -111.81236, 40.632555 ], [ -111.811549, 40.632911 ], [ -111.810581, 40.633338 ], [ -111.809999, 40.633658 ], [ -111.811735, 40.636812 ], [ -111.817812, 40.640294 ], [ -111.818279, 40.640294 ], [ -111.824764, 40.642018 ], [ -111.827321, 40.650198 ], [ -111.826525, 40.650967 ], [ -111.825792, 40.651785 ], [ -111.825868, 40.652278 ], [ -111.82728, 40.653798 ], [ -111.833011, 40.659584 ], [ -111.830976, 40.66574 ], [ -111.830965, 40.665918 ], [ -111.832717, 40.667655 ], [ -111.839328, 40.673292 ], [ -111.84436, 40.676075 ], [ -111.844401, 40.676075 ], [ -111.848409, 40.677089 ], [ -111.852318, 40.6827 ], [ -111.852876, 40.687022 ], [ -111.852874, 40.687152 ], [ -111.854287, 40.688858 ], [ -111.857997, 40.692426 ], [ -111.859493, 40.69421 ], [ -111.865134, 40.69722 ], [ -111.867935, 40.699872 ], [ -111.869407, 40.701939 ], [ -111.870841, 40.703282 ], [ -111.871209, 40.703282 ], [ -111.87666, 40.703189 ], [ -111.876945, 40.703189 ], [ -111.882599, 40.704063 ], [ -111.887192, 40.707981 ], [ -111.887958, 40.710389 ], [ -111.882292, 40.716352 ], [ -111.879729, 40.716344 ], [ -111.87288, 40.716313 ], [ -111.872028, 40.716372 ], [ -111.870526, 40.716951 ], [ -111.868924, 40.717229 ], [ -111.867859, 40.717357 ], [ -111.867099, 40.717434 ], [ -111.865013, 40.717535 ], [ -111.862503, 40.717631 ], [ -111.862428, 40.717631 ], [ -111.861554, 40.717613 ], [ -111.8612, 40.717659 ], [ -111.861281, 40.721258 ], [ -111.862509, 40.72123 ], [ -111.865146, 40.721132 ], [ -111.867331, 40.721026 ], [ -111.868215, 40.72094 ], [ -111.869352, 40.720804 ], [ -111.871136, 40.720499 ], [ -111.879757, 40.719944 ], [ -111.88228, 40.719952 ], [ -111.885647, 40.719958 ], [ -111.888373, 40.720481 ], [ -111.89488, 40.725397 ], [ -111.896367, 40.727186 ], [ -111.896708, 40.727279 ], [ -111.899324, 40.728595 ], [ -111.902355, 40.734863 ], [ -111.902019, 40.738185 ], [ -111.901626, 40.740502 ], [ -111.902129, 40.743376 ], [ -111.902221, 40.744229 ], [ -111.902466, 40.745133 ], [ -111.905765, 40.746841 ], [ -111.906716, 40.754504 ], [ -111.906675, 40.758103 ], [ -111.911806, 40.759721 ], [ -111.915035, 40.758129 ], [ -111.914347, 40.756494 ], [ -111.912466, 40.752288 ], [ -111.909362, 40.749827 ], [ -111.905819, 40.741967 ], [ -111.906267, 40.736506 ], [ -111.906298, 40.735075 ], [ -111.906259, 40.733675 ], [ -111.906212, 40.731394 ], [ -111.912543, 40.726631 ], [ -111.91686, 40.728368 ], [ -111.917034, 40.728412 ], [ -111.917128, 40.728398 ], [ -111.924951, 40.726237 ], [ -111.928577, 40.726169 ], [ -111.932043, 40.726098 ], [ -111.932999, 40.726164 ], [ -111.934189, 40.726211 ], [ -111.936273, 40.726004 ], [ -111.936186, 40.722405 ], [ -111.934156, 40.722454 ], [ -111.932296, 40.722507 ], [ -111.932126, 40.722503 ], [ -111.92851, 40.72257 ], [ -111.924884, 40.722637 ], [ -111.920794, 40.722624 ], [ -111.919267, 40.722412 ], [ -111.916385, 40.721873 ], [ -111.917097, 40.713387 ], [ -111.918744, 40.711714 ], [ -111.921914, 40.70697 ], [ -111.923272, 40.705384 ], [ -111.926583, 40.701212 ], [ -111.927587, 40.699492 ], [ -111.927538, 40.698534 ], [ -111.927535, 40.698114 ], [ -111.925825, 40.696745 ], [ -111.925702, 40.696747 ], [ -111.921615, 40.694916 ], [ -111.924806, 40.687379 ], [ -111.924872, 40.687365 ], [ -111.931357, 40.681536 ], [ -111.935901, 40.679857 ], [ -111.937212, 40.67789 ], [ -111.939181, 40.67104 ], [ -111.944003, 40.670577 ], [ -111.946652, 40.672597 ], [ -111.949726, 40.680156 ], [ -111.949546, 40.681787 ], [ -111.949457, 40.68338 ], [ -111.949481, 40.68524 ], [ -111.949656, 40.687293 ], [ -111.949864, 40.689745 ], [ -111.950029, 40.691718 ], [ -111.953617, 40.691417 ], [ -111.953451, 40.689444 ] ] ] } },
{ "type": "Feature", "properties": { "group_index": 0, "value": 600.0, "center": [ -111.6953908628532, 40.29822416058476 ], "point_id": 100 }, "geometry": { "type": "Polygon", "coordinates": [ [ [ -111.786517, 40.359245 ], [ -111.784372, 40.357871 ], [ -111.782239, 40.356505 ], [ -111.777428, 40.353419 ], [ -111.773842, 40.347761 ], [ -111.772838, 40.345932 ], [ -111.772448, 40.34594 ], [ -111.7719, 40.34598 ], [ -111.77146, 40.346044 ], [ -111.762992, 40.344209 ], [ -111.761189, 40.343003 ], [ -111.759085, 40.341652 ], [ -111.757009, 40.340319 ], [ -111.754933, 40.338986 ], [ -111.752856, 40.337653 ], [ -111.751947, 40.337088 ], [ -111.750116, 40.330571 ], [ -111.755661, 40.328076 ], [ -111.758529, 40.328048 ], [ -111.758653, 40.328036 ], [ -111.758325, 40.324451 ], [ -111.763532, 40.318788 ], [ -111.763527, 40.316048 ], [ -111.763887, 40.308764 ], [ -111.76391, 40.308539 ], [ -111.763917, 40.308269 ], [ -111.763677, 40.307176 ], [ -111.763278, 40.306271 ], [ -111.763182, 40.306096 ], [ -111.762439, 40.305287 ], [ -111.759567, 40.302016 ], [ -111.755202, 40.295214 ], [ -111.754315, 40.295229 ], [ -111.748433, 40.288653 ], [ -111.748427, 40.288288 ], [ -111.741535, 40.282914 ], [ -111.736178, 40.281127 ], [ -111.734167, 40.277068 ], [ -111.733154, 40.274052 ], [ -111.731481, 40.272493 ], [ -111.725933, 40.270757 ], [ -111.72521, 40.270876 ], [ -111.724946, 40.270975 ], [ -111.71694, 40.270035 ], [ -111.714311, 40.266932 ], [ -111.711652, 40.263794 ], [ -111.711043, 40.263113 ], [ -111.710231, 40.26228 ], [ -111.709738, 40.261812 ], [ -111.706788, 40.259212 ], [ -111.7046, 40.257275 ], [ -111.702411, 40.255337 ], [ -111.697245, 40.248506 ], [ -111.693645, 40.248542 ], [ -111.693651, 40.249115 ], [ -111.691281, 40.255277 ], [ -111.690058, 40.25692 ], [ -111.681256, 40.256986 ], [ -111.676391, 40.255168 ], [ -111.676323, 40.255126 ], [ -111.674074, 40.253857 ], [ -111.673925, 40.253786 ], [ -111.671624, 40.252919 ], [ -111.669674, 40.25249 ], [ -111.669507, 40.252577 ], [ -111.664729, 40.258076 ], [ -111.66222, 40.260657 ], [ -111.662739, 40.263448 ], [ -111.656942, 40.269726 ], [ -111.655167, 40.269427 ], [ -111.651162, 40.271046 ], [ -111.649672, 40.271862 ], [ -111.647521, 40.27309 ], [ -111.645803, 40.274684 ], [ -111.642575, 40.280413 ], [ -111.636406, 40.281595 ], [ -111.636227, 40.281608 ], [ -111.634781, 40.282884 ], [ -111.634746, 40.283171 ], [ -111.635445, 40.289226 ], [ -111.635545, 40.290268 ], [ -111.635649, 40.290738 ], [ -111.6383, 40.297126 ], [ -111.638417, 40.297231 ], [ -111.641365, 40.298641 ], [ -111.642214, 40.298616 ], [ -111.644637, 40.298816 ], [ -111.64784, 40.30579 ], [ -111.649383, 40.307964 ], [ -111.648799, 40.316475 ], [ -111.648262, 40.317142 ], [ -111.643356, 40.321779 ], [ -111.642776, 40.322083 ], [ -111.642362, 40.32235 ], [ -111.642058, 40.322583 ], [ -111.641615, 40.322989 ], [ -111.641179, 40.323493 ], [ -111.632653, 40.325547 ], [ -111.632067, 40.325466 ], [ -111.630907, 40.325324 ], [ -111.628101, 40.324871 ], [ -111.623423, 40.326792 ], [ -111.623466, 40.330392 ], [ -111.626739, 40.330353 ], [ -111.635697, 40.330541 ], [ -111.636255, 40.330606 ], [ -111.636982, 40.330608 ], [ -111.639311, 40.330415 ], [ -111.639848, 40.330336 ], [ -111.640201, 40.330254 ], [ -111.64056, 40.330135 ], [ -111.640949, 40.329969 ], [ -111.641279, 40.329799 ], [ -111.641537, 40.329648 ], [ -111.64184, 40.329438 ], [ -111.64238, 40.328955 ], [ -111.642793, 40.328454 ], [ -111.648666, 40.32364 ], [ -111.649312, 40.323262 ], [ -111.649912, 40.322771 ], [ -111.650308, 40.322341 ], [ -111.650545, 40.32202 ], [ -111.65075, 40.32168 ], [ -111.651014, 40.321083 ], [ -111.651172, 40.320474 ], [ -111.660021, 40.321009 ], [ -111.660254, 40.320986 ], [ -111.661251, 40.320707 ], [ -111.668516, 40.324307 ], [ -111.668707, 40.325874 ], [ -111.669349, 40.326952 ], [ -111.671325, 40.330838 ], [ -111.67161, 40.331551 ], [ -111.67173, 40.331747 ], [ -111.675336, 40.339659 ], [ -111.678001, 40.341846 ], [ -111.685622, 40.344402 ], [ -111.692771, 40.347331 ], [ -111.693049, 40.347427 ], [ -111.698732, 40.34707 ], [ -111.704188, 40.350698 ], [ -111.70578, 40.352124 ], [ -111.707856, 40.354055 ], [ -111.709784, 40.354068 ], [ -111.712651, 40.354043 ], [ -111.720174, 40.352994 ], [ -111.722031, 40.354524 ], [ -111.722341, 40.354847 ], [ -111.722872, 40.354846 ], [ -111.723308, 40.354817 ], [ -111.723322, 40.354816 ], [ -111.72352, 40.354798 ], [ -111.730303, 40.351664 ], [ -111.73056, 40.351468 ], [ -111.730693, 40.348713 ], [ -111.730665, 40.347417 ], [ -111.738901, 40.344979 ], [ -111.740588, 40.345871 ], [ -111.740757, 40.345854 ], [ -111.742458, 40.344428 ], [ -111.750048, 40.340146 ], [ -111.750911, 40.340682 ], [ -111.752988, 40.342015 ], [ -111.755064, 40.343348 ], [ -111.75714, 40.344681 ], [ -111.761681, 40.351799 ], [ -111.761342, 40.354274 ], [ -111.762598, 40.356241 ], [ -111.762672, 40.356281 ], [ -111.764136, 40.35616 ], [ -111.765687, 40.3553 ], [ -111.772242, 40.354371 ], [ -111.775485, 40.35645 ], [ -111.780519, 40.359884 ], [ -111.781937, 40.360974 ], [ -111.784639, 40.362318 ], [ -111.786604, 40.359301 ], [ -111.786517, 40.359245 ] ] ] } },
{ "type": "Feature", "properties": { "group_index": 0, "value": 600.0, "center": [ -111.73228545525437, 40.04290816375498 ], "point_id": 101 }, "geometry": { "type": "Polygon", "coordinates": [ [ [ -111.815515, 40.038961 ], [ -111.808244, 40.035166 ], [ -111.801249, 40.03445 ], [ -111.795904, 40.029913 ], [ -111.797021, 40.021695 ], [ -111.799633, 40.018154 ], [ -111.800789, 40.017033 ], [ -111.80308, 40.014664 ], [ -111.804618, 40.010609 ], [ -111.806704, 40.005787 ], [ -111.803872, 40.003565 ], [ -111.802524, 40.004992 ], [ -111.802105, 40.005452 ], [ -111.801817, 40.005861 ], [ -111.793973, 40.010002 ], [ -111.785078, 40.010053 ], [ -111.778862, 40.007376 ], [ -111.777287, 40.007367 ], [ -111.770685, 40.002836 ], [ -111.765379, 39.996448 ], [ -111.765745, 39.992447 ], [ -111.765966, 39.991053 ], [ -111.766223, 39.989798 ], [ -111.766807, 39.987696 ], [ -111.767644, 39.985572 ], [ -111.775092, 39.981918 ], [ -111.776919, 39.982312 ], [ -111.777852, 39.982307 ], [ -111.778692, 39.981966 ], [ -111.780976, 39.98064 ], [ -111.785918, 39.977424 ], [ -111.787073, 39.976149 ], [ -111.787077, 39.975637 ], [ -111.787077, 39.97559 ], [ -111.787068, 39.975096 ], [ -111.787772, 39.966387 ], [ -111.7893, 39.965318 ], [ -111.792134, 39.96319 ], [ -111.793794, 39.962016 ], [ -111.795546, 39.960772 ], [ -111.797574, 39.959125 ], [ -111.79884, 39.957951 ], [ -111.799588, 39.957228 ], [ -111.800636, 39.956104 ], [ -111.80128, 39.955383 ], [ -111.802502, 39.954068 ], [ -111.803628, 39.952531 ], [ -111.800865, 39.950223 ], [ -111.798904, 39.95257 ], [ -111.796344, 39.955358 ], [ -111.791715, 39.959077 ], [ -111.790056, 39.96025 ], [ -111.787139, 39.962438 ], [ -111.78571, 39.963437 ], [ -111.784231, 39.964471 ], [ -111.78236, 39.965859 ], [ -111.780094, 39.967479 ], [ -111.775845, 39.969716 ], [ -111.770985, 39.971633 ], [ -111.763484, 39.971201 ], [ -111.762669, 39.971269 ], [ -111.762303, 39.971384 ], [ -111.761954, 39.971533 ], [ -111.761761, 39.971643 ], [ -111.761179, 39.973955 ], [ -111.761173, 39.97402 ], [ -111.761345, 39.9741 ], [ -111.763985, 39.976799 ], [ -111.762101, 39.983324 ], [ -111.760234, 39.98453 ], [ -111.759463, 39.984968 ], [ -111.758539, 39.985589 ], [ -111.757601, 39.986388 ], [ -111.755373, 39.988676 ], [ -111.754387, 39.989738 ], [ -111.753918, 39.990397 ], [ -111.753061, 39.991999 ], [ -111.751891, 39.994229 ], [ -111.745123, 39.997771 ], [ -111.74294, 39.997744 ], [ -111.741883, 39.997814 ], [ -111.740777, 39.997864 ], [ -111.739828, 39.997868 ], [ -111.73817, 39.998039 ], [ -111.73747, 39.998116 ], [ -111.736612, 39.998383 ], [ -111.735295, 39.998846 ], [ -111.73525, 39.998868 ], [ -111.734433, 40.001138 ], [ -111.735411, 40.00465 ], [ -111.735591, 40.008245 ], [ -111.731671, 40.015215 ], [ -111.728399, 40.016915 ], [ -111.719515, 40.01746 ], [ -111.718331, 40.016681 ], [ -111.71797, 40.016408 ], [ -111.717207, 40.015786 ], [ -111.716285, 40.015093 ], [ -111.715652, 40.014727 ], [ -111.712678, 40.012626 ], [ -111.709206, 40.006613 ], [ -111.708911, 40.005961 ], [ -111.707341, 40.00357 ], [ -111.70698, 40.002956 ], [ -111.706526, 40.002424 ], [ -111.704022, 39.999033 ], [ -111.701101, 39.990618 ], [ -111.700842, 39.988929 ], [ -111.700686, 39.987835 ], [ -111.700565, 39.987296 ], [ -111.699701, 39.984795 ], [ -111.69947, 39.984055 ], [ -111.698962, 39.982507 ], [ -111.698558, 39.982087 ], [ -111.69789, 39.981579 ], [ -111.69571, 39.984445 ], [ -111.696228, 39.986451 ], [ -111.696405, 39.987459 ], [ -111.697407, 39.991795 ], [ -111.697558, 39.993126 ], [ -111.697893, 39.994704 ], [ -111.6984, 39.997052 ], [ -111.698554, 39.997505 ], [ -111.69873, 39.997855 ], [ -111.698996, 39.998207 ], [ -111.699789, 39.999306 ], [ -111.700485, 40.000368 ], [ -111.701181, 40.001245 ], [ -111.703582, 40.004496 ], [ -111.704356, 40.006096 ], [ -111.704674, 40.006621 ], [ -111.705241, 40.00728 ], [ -111.706752, 40.010323 ], [ -111.699678, 40.015835 ], [ -111.695593, 40.016824 ], [ -111.691027, 40.015733 ], [ -111.688043, 40.0086 ], [ -111.686458, 40.00766 ], [ -111.686133, 40.00742 ], [ -111.684529, 40.007596 ], [ -111.683863, 40.00766 ], [ -111.678579, 40.010882 ], [ -111.675035, 40.011422 ], [ -111.673867, 40.011516 ], [ -111.672619, 40.012002 ], [ -111.670378, 40.013274 ], [ -111.667316, 40.018888 ], [ -111.667238, 40.019563 ], [ -111.661912, 40.025599 ], [ -111.65914, 40.025633 ], [ -111.659183, 40.029233 ], [ -111.661289, 40.029446 ], [ -111.662201, 40.029504 ], [ -111.665567, 40.030181 ], [ -111.669709, 40.035683 ], [ -111.667376, 40.03975 ], [ -111.666472, 40.04108 ], [ -111.6618, 40.045755 ], [ -111.657275, 40.049796 ], [ -111.656788, 40.050063 ], [ -111.656391, 40.050272 ], [ -111.655433, 40.050823 ], [ -111.657228, 40.053944 ], [ -111.658186, 40.053392 ], [ -111.658451, 40.053256 ], [ -111.659073, 40.052976 ], [ -111.664672, 40.051754 ], [ -111.666831, 40.059615 ], [ -111.666507, 40.060383 ], [ -111.666498, 40.060446 ], [ -111.666491, 40.060558 ], [ -111.66649, 40.060605 ], [ -111.667261, 40.061409 ], [ -111.668096, 40.062428 ], [ -111.671415, 40.064188 ], [ -111.673038, 40.065922 ], [ -111.673232, 40.065921 ], [ -111.673744, 40.065411 ], [ -111.675015, 40.064201 ], [ -111.680756, 40.062556 ], [ -111.683351, 40.070901 ], [ -111.681605, 40.074933 ], [ -111.676231, 40.080417 ], [ -111.668192, 40.080848 ], [ -111.666143, 40.079069 ], [ -111.666084, 40.079013 ], [ -111.6649, 40.078133 ], [ -111.66437, 40.078134 ], [ -111.658037, 40.077312 ], [ -111.657328, 40.077162 ], [ -111.656584, 40.080684 ], [ -111.654031, 40.088881 ], [ -111.652647, 40.095733 ], [ -111.652663, 40.09579 ], [ -111.653249, 40.096459 ], [ -111.653617, 40.096893 ], [ -111.655095, 40.098396 ], [ -111.655374, 40.098405 ], [ -111.657214, 40.097029 ], [ -111.66297, 40.094905 ], [ -111.666343, 40.097137 ], [ -111.669909, 40.099993 ], [ -111.671181, 40.100635 ], [ -111.673585, 40.108736 ], [ -111.671735, 40.110292 ], [ -111.66993, 40.111811 ], [ -111.668367, 40.113039 ], [ -111.666808, 40.114264 ], [ -111.664573, 40.116014 ], [ -111.662288, 40.117668 ], [ -111.655356, 40.120922 ], [ -111.653654, 40.120917 ], [ -111.653562, 40.120917 ], [ -111.652867, 40.121116 ], [ -111.649044, 40.125179 ], [ -111.647112, 40.127582 ], [ -111.646755, 40.128019 ], [ -111.64651, 40.128357 ], [ -111.64604, 40.129123 ], [ -111.645458, 40.130266 ], [ -111.645302, 40.13071 ], [ -111.645091, 40.131536 ], [ -111.644975, 40.132251 ], [ -111.644922, 40.133233 ], [ -111.644888, 40.139381 ], [ -111.644871, 40.142071 ], [ -111.648471, 40.142093 ], [ -111.648487, 40.139403 ], [ -111.648511, 40.135602 ], [ -111.648522, 40.13325 ], [ -111.654516, 40.12832 ], [ -111.655216, 40.12816 ], [ -111.655648, 40.127909 ], [ -111.656486, 40.127157 ], [ -111.658217, 40.125594 ], [ -111.6644, 40.120584 ], [ -111.666685, 40.11893 ], [ -111.669026, 40.1171 ], [ -111.670592, 40.11587 ], [ -111.672154, 40.114642 ], [ -111.674051, 40.113048 ], [ -111.675902, 40.111491 ], [ -111.678346, 40.109663 ], [ -111.679865, 40.108583 ], [ -111.680843, 40.107852 ], [ -111.682692, 40.106389 ], [ -111.684502, 40.104956 ], [ -111.686659, 40.103271 ], [ -111.693604, 40.100336 ], [ -111.700911, 40.100083 ], [ -111.70687, 40.102303 ], [ -111.714761, 40.101577 ], [ -111.717198, 40.101848 ], [ -111.718361, 40.101549 ], [ -111.7229, 40.100007 ], [ -111.728334, 40.106483 ], [ -111.722946, 40.112878 ], [ -111.72297, 40.116478 ], [ -111.728686, 40.120384 ], [ -111.732286, 40.120399 ], [ -111.734268, 40.116419 ], [ -111.73426, 40.112819 ], [ -111.738261, 40.105107 ], [ -111.740063, 40.105516 ], [ -111.740873, 40.10551 ], [ -111.741861, 40.105078 ], [ -111.747834, 40.099794 ], [ -111.751365, 40.100494 ], [ -111.754127, 40.099914 ], [ -111.755147, 40.099706 ], [ -111.755589, 40.09788 ], [ -111.755122, 40.096106 ], [ -111.752141, 40.095768 ], [ -111.747333, 40.090962 ], [ -111.745968, 40.084007 ], [ -111.742386, 40.083645 ], [ -111.738146, 40.083398 ], [ -111.733248, 40.076133 ], [ -111.73337, 40.07545 ], [ -111.733567, 40.074748 ], [ -111.734874, 40.072448 ], [ -111.737155, 40.070015 ], [ -111.739319, 40.067696 ], [ -111.747982, 40.065318 ], [ -111.751098, 40.068135 ], [ -111.752477, 40.070186 ], [ -111.753331, 40.070792 ], [ -111.753586, 40.071007 ], [ -111.754174, 40.071082 ], [ -111.754656, 40.071045 ], [ -111.75693, 40.070883 ], [ -111.761417, 40.070449 ], [ -111.767475, 40.075338 ], [ -111.769287, 40.076289 ], [ -111.770749, 40.076272 ], [ -111.771075, 40.075297 ], [ -111.772397, 40.072379 ], [ -111.772392, 40.068779 ], [ -111.770975, 40.061442 ], [ -111.774467, 40.057977 ], [ -111.777992, 40.057457 ], [ -111.785702, 40.058659 ], [ -111.785774, 40.062952 ], [ -111.783307, 40.068696 ], [ -111.783337, 40.072295 ], [ -111.785957, 40.078963 ], [ -111.786056, 40.080813 ], [ -111.78591, 40.082563 ], [ -111.787832, 40.082588 ], [ -111.789677, 40.082291 ], [ -111.792084, 40.076196 ], [ -111.796531, 40.072348 ], [ -111.796541, 40.068748 ], [ -111.796233, 40.063175 ], [ -111.797477, 40.061069 ], [ -111.805359, 40.059276 ], [ -111.805635, 40.05819 ], [ -111.805711, 40.057754 ], [ -111.805743, 40.057244 ], [ -111.806301, 40.053882 ], [ -111.806231, 40.048605 ], [ -111.811704, 40.042981 ], [ -111.813636, 40.04259 ], [ -111.814834, 40.042558 ], [ -111.815498, 40.042561 ], [ -111.815515, 40.038961 ] ] ] } },
{ "type": "Feature", "properties": { "group_index": 0, "value": 600.0, "center": [ -111.73982122969498, 40.36378569673182 ], "point_id": 102 }, "geometry": { "type": "Polygon", "coordinates": [ [ [ -111.834372, 40.385946 ], [ -111.833972, 40.38526 ], [ -111.833635, 40.384764 ], [ -111.833094, 40.384078 ], [ -111.832678, 40.383619 ], [ -111.832259, 40.383205 ], [ -111.831689, 40.382705 ], [ -111.827368, 40.375189 ], [ -111.826877, 40.375169 ], [ -111.824928, 40.375139 ], [ -111.822528, 40.375084 ], [ -111.81655, 40.370947 ], [ -111.808628, 40.368532 ], [ -111.806361, 40.367528 ], [ -111.803272, 40.366393 ], [ -111.798185, 40.361168 ], [ -111.798852, 40.354961 ], [ -111.798847, 40.353862 ], [ -111.797079, 40.351406 ], [ -111.793752, 40.345933 ], [ -111.791099, 40.345909 ], [ -111.784163, 40.343958 ], [ -111.780199, 40.343107 ], [ -111.774307, 40.344224 ], [ -111.76913, 40.342915 ], [ -111.766284, 40.334615 ], [ -111.766483, 40.333821 ], [ -111.766269, 40.332806 ], [ -111.765968, 40.332342 ], [ -111.763997, 40.324488 ], [ -111.764639, 40.321349 ], [ -111.764804, 40.320709 ], [ -111.765731, 40.317987 ], [ -111.765965, 40.317439 ], [ -111.766051, 40.316754 ], [ -111.765956, 40.316039 ], [ -111.765817, 40.315651 ], [ -111.765049, 40.313924 ], [ -111.761225, 40.307816 ], [ -111.759933, 40.306316 ], [ -111.755486, 40.302018 ], [ -111.755017, 40.302026 ], [ -111.751632, 40.30233 ], [ -111.747422, 40.305407 ], [ -111.74199, 40.301603 ], [ -111.737688, 40.295593 ], [ -111.735796, 40.291862 ], [ -111.730258, 40.289051 ], [ -111.727485, 40.283971 ], [ -111.727332, 40.283305 ], [ -111.727171, 40.282777 ], [ -111.726968, 40.282238 ], [ -111.726698, 40.281648 ], [ -111.726156, 40.280676 ], [ -111.725637, 40.279911 ], [ -111.725299, 40.279471 ], [ -111.724942, 40.279046 ], [ -111.723387, 40.277242 ], [ -111.717763, 40.271004 ], [ -111.715019, 40.273334 ], [ -111.716592, 40.275187 ], [ -111.718166, 40.277041 ], [ -111.720152, 40.279379 ], [ -111.722138, 40.281718 ], [ -111.7239, 40.28615 ], [ -111.722434, 40.291582 ], [ -111.71805, 40.295371 ], [ -111.718055, 40.298971 ], [ -111.714948, 40.305164 ], [ -111.708574, 40.308245 ], [ -111.701608, 40.310207 ], [ -111.699899, 40.312575 ], [ -111.696545, 40.318496 ], [ -111.691106, 40.324826 ], [ -111.6859, 40.330586 ], [ -111.683365, 40.331604 ], [ -111.681256, 40.33202 ], [ -111.679595, 40.333828 ], [ -111.679595, 40.333864 ], [ -111.683697, 40.340771 ], [ -111.688381, 40.344658 ], [ -111.689933, 40.345304 ], [ -111.692526, 40.345949 ], [ -111.694095, 40.354646 ], [ -111.693767, 40.35551 ], [ -111.693625, 40.355989 ], [ -111.693129, 40.357844 ], [ -111.693154, 40.357874 ], [ -111.69405, 40.358469 ], [ -111.699525, 40.36221 ], [ -111.704086, 40.36854 ], [ -111.707877, 40.374581 ], [ -111.708449, 40.375014 ], [ -111.709084, 40.375502 ], [ -111.709934, 40.375876 ], [ -111.717625, 40.375993 ], [ -111.721697, 40.378259 ], [ -111.723394, 40.378832 ], [ -111.730345, 40.381272 ], [ -111.734151, 40.383512 ], [ -111.736788, 40.387169 ], [ -111.735543, 40.39246 ], [ -111.734446, 40.394808 ], [ -111.735741, 40.39881 ], [ -111.736805, 40.404411 ], [ -111.740871, 40.409756 ], [ -111.742915, 40.413567 ], [ -111.744509, 40.419045 ], [ -111.745299, 40.423222 ], [ -111.745362, 40.423393 ], [ -111.745676, 40.423936 ], [ -111.746689, 40.431552 ], [ -111.744912, 40.433514 ], [ -111.74617, 40.433613 ], [ -111.753819, 40.436223 ], [ -111.754099, 40.436373 ], [ -111.754917, 40.436593 ], [ -111.755945, 40.436392 ], [ -111.761799, 40.434857 ], [ -111.766729, 40.433822 ], [ -111.768256, 40.432039 ], [ -111.768255, 40.431989 ], [ -111.766709, 40.430222 ], [ -111.766783, 40.421409 ], [ -111.770192, 40.419638 ], [ -111.773258, 40.415726 ], [ -111.777786, 40.41209 ], [ -111.777772, 40.410107 ], [ -111.777877, 40.408491 ], [ -111.777171, 40.401999 ], [ -111.778744, 40.398675 ], [ -111.785571, 40.394527 ], [ -111.787909, 40.39498 ], [ -111.795834, 40.392672 ], [ -111.797584, 40.391078 ], [ -111.801483, 40.387808 ], [ -111.802963, 40.386571 ], [ -111.809844, 40.38413 ], [ -111.811796, 40.383443 ], [ -111.814206, 40.382543 ], [ -111.820893, 40.380303 ], [ -111.823283, 40.381721 ], [ -111.825242, 40.382887 ], [ -111.826848, 40.38384 ], [ -111.831851, 40.390072 ], [ -111.832883, 40.391419 ], [ -111.834568, 40.39395 ], [ -111.834958, 40.394374 ], [ -111.835296, 40.394697 ], [ -111.835975, 40.395282 ], [ -111.836778, 40.395878 ], [ -111.837322, 40.396228 ], [ -111.839274, 40.393204 ], [ -111.834372, 40.385946 ] ] ] } },
{ "type": "Feature", "properties": { "group_index": 0, "value": 600.0, "center": [ -111.65857413976197, 40.241099312116816 ], "point_id": 103 }, "geometry": { "type": "Polygon", "coordinates": [ [ [ -111.723697, 40.278394 ], [ -111.72223, 40.276662 ], [ -111.721762, 40.269543 ], [ -111.723288, 40.267517 ], [ -111.722729, 40.266722 ], [ -111.720744, 40.26352 ], [ -111.719685, 40.260986 ], [ -111.719694, 40.252387 ], [ -111.719283, 40.249356 ], [ -111.718084, 40.242045 ], [ -111.717862, 40.239659 ], [ -111.717841, 40.239416 ], [ -111.715138, 40.23578 ], [ -111.709563, 40.232035 ], [ -111.705461, 40.228233 ], [ -111.703359, 40.220398 ], [ -111.706106, 40.217186 ], [ -111.70489, 40.215086 ], [ -111.703962, 40.214294 ], [ -111.696897, 40.21592 ], [ -111.689208, 40.211764 ], [ -111.688864, 40.211453 ], [ -111.688537, 40.211205 ], [ -111.688161, 40.21096 ], [ -111.687734, 40.210717 ], [ -111.687116, 40.210438 ], [ -111.686385, 40.210209 ], [ -111.682118, 40.209433 ], [ -111.678042, 40.208702 ], [ -111.669951, 40.2077 ], [ -111.666979, 40.206945 ], [ -111.661104, 40.203435 ], [ -111.660759, 40.203176 ], [ -111.660244, 40.202851 ], [ -111.659478, 40.20248 ], [ -111.653044, 40.197576 ], [ -111.650229, 40.190262 ], [ -111.648479, 40.185513 ], [ -111.644879, 40.185489 ], [ -111.644864, 40.187708 ], [ -111.644875, 40.188651 ], [ -111.644906, 40.189202 ], [ -111.64496, 40.189735 ], [ -111.641005, 40.197006 ], [ -111.639716, 40.197471 ], [ -111.637539, 40.197982 ], [ -111.631538, 40.196415 ], [ -111.629522, 40.197796 ], [ -111.623825, 40.199542 ], [ -111.620376, 40.198026 ], [ -111.6188, 40.19768 ], [ -111.618389, 40.197909 ], [ -111.617691, 40.200425 ], [ -111.619129, 40.202907 ], [ -111.621459, 40.21102 ], [ -111.621396, 40.211831 ], [ -111.62177, 40.212789 ], [ -111.621927, 40.212943 ], [ -111.623361, 40.213904 ], [ -111.624631, 40.215152 ], [ -111.624932, 40.215479 ], [ -111.624648, 40.224411 ], [ -111.627721, 40.232583 ], [ -111.627969, 40.233485 ], [ -111.628515, 40.235518 ], [ -111.629376, 40.236578 ], [ -111.632086, 40.241752 ], [ -111.629418, 40.245915 ], [ -111.626761, 40.24677 ], [ -111.626646, 40.250961 ], [ -111.627706, 40.252136 ], [ -111.629993, 40.256039 ], [ -111.629932, 40.263206 ], [ -111.629816, 40.263599 ], [ -111.629733, 40.264221 ], [ -111.62976, 40.264772 ], [ -111.630717, 40.267868 ], [ -111.633404, 40.276239 ], [ -111.634443, 40.284615 ], [ -111.634343, 40.287437 ], [ -111.63453, 40.287927 ], [ -111.637632, 40.292083 ], [ -111.642185, 40.296095 ], [ -111.642614, 40.296409 ], [ -111.6432, 40.296695 ], [ -111.644152, 40.29689 ], [ -111.644801, 40.296876 ], [ -111.652511, 40.301313 ], [ -111.653695, 40.302403 ], [ -111.654184, 40.302619 ], [ -111.654372, 40.302607 ], [ -111.656082, 40.300861 ], [ -111.658526, 40.296972 ], [ -111.658561, 40.296818 ], [ -111.658561, 40.296817 ], [ -111.658614, 40.296585 ], [ -111.659458, 40.2946 ], [ -111.659758, 40.293229 ], [ -111.66108, 40.291078 ], [ -111.668768, 40.293166 ], [ -111.670562, 40.294888 ], [ -111.670576, 40.294888 ], [ -111.671956, 40.294355 ], [ -111.678543, 40.291423 ], [ -111.679268, 40.289651 ], [ -111.679276, 40.289293 ], [ -111.684331, 40.283889 ], [ -111.687604, 40.284779 ], [ -111.68923, 40.285786 ], [ -111.689316, 40.285786 ], [ -111.689385, 40.285779 ], [ -111.689718, 40.285624 ], [ -111.695289, 40.282225 ], [ -111.69708, 40.280523 ], [ -111.704224, 40.277167 ], [ -111.706069, 40.276603 ], [ -111.709791, 40.275957 ], [ -111.718013, 40.277252 ], [ -111.719483, 40.278988 ], [ -111.720956, 40.280728 ], [ -111.72188, 40.281814 ], [ -111.724621, 40.27948 ], [ -111.723697, 40.278394 ] ] ] } },
{ "type": "Feature", "properties": { "group_index": 0, "value": 600.0, "center": [ -111.88497304008534, 40.76054627278076 ], "point_id": 104 }, "geometry": { "type": "Polygon", "coordinates": [ [ [ -111.988337, 40.762883 ], [ -111.98734, 40.762835 ], [ -111.984923, 40.762795 ], [ -111.982292, 40.762794 ], [ -111.97969, 40.762794 ], [ -111.977089, 40.762793 ], [ -111.974586, 40.762796 ], [ -111.974487, 40.762793 ], [ -111.971325, 40.762821 ], [ -111.971196, 40.762817 ], [ -111.968341, 40.762853 ], [ -111.966158, 40.762932 ], [ -111.961074, 40.763192 ], [ -111.953589, 40.759895 ], [ -111.952219, 40.756947 ], [ -111.951159, 40.754977 ], [ -111.950825, 40.75419 ], [ -111.947511, 40.755596 ], [ -111.93903, 40.757391 ], [ -111.938817, 40.757391 ], [ -111.936705, 40.758844 ], [ -111.931878, 40.751361 ], [ -111.931878, 40.75127 ], [ -111.930355, 40.749465 ], [ -111.927785, 40.748485 ], [ -111.92111, 40.743678 ], [ -111.918663, 40.740216 ], [ -111.917323, 40.738701 ], [ -111.912954, 40.735452 ], [ -111.912362, 40.727363 ], [ -111.91651, 40.726136 ], [ -111.917719, 40.726148 ], [ -111.917756, 40.722548 ], [ -111.916547, 40.722536 ], [ -111.908706, 40.720407 ], [ -111.906418, 40.716236 ], [ -111.90621, 40.713897 ], [ -111.906056, 40.711605 ], [ -111.905834, 40.709446 ], [ -111.905749, 40.705996 ], [ -111.905745, 40.705885 ], [ -111.905707, 40.703748 ], [ -111.905583, 40.703078 ], [ -111.905217, 40.701733 ], [ -111.904288, 40.699998 ], [ -111.900921, 40.701271 ], [ -111.902149, 40.706027 ], [ -111.902153, 40.706138 ], [ -111.902235, 40.709534 ], [ -111.902474, 40.711966 ], [ -111.896388, 40.718143 ], [ -111.891568, 40.716206 ], [ -111.891222, 40.716208 ], [ -111.887853, 40.716371 ], [ -111.885667, 40.716358 ], [ -111.882292, 40.716352 ], [ -111.880721, 40.716347 ], [ -111.873151, 40.719235 ], [ -111.870271, 40.718198 ], [ -111.864529, 40.722901 ], [ -111.863571, 40.723951 ], [ -111.862741, 40.725124 ], [ -111.862128, 40.725947 ], [ -111.859284, 40.729903 ], [ -111.853904, 40.731703 ], [ -111.853837, 40.731703 ], [ -111.853837, 40.731703 ], [ -111.853783, 40.731703 ], [ -111.852033, 40.7334 ], [ -111.84796, 40.737779 ], [ -111.84476, 40.739844 ], [ -111.843528, 40.741698 ], [ -111.843533, 40.741884 ], [ -111.838317, 40.748003 ], [ -111.832033, 40.744667 ], [ -111.83191, 40.744416 ], [ -111.829802, 40.743759 ], [ -111.829644, 40.743833 ], [ -111.829029, 40.744313 ], [ -111.829009, 40.744337 ], [ -111.828677, 40.746001 ], [ -111.824934, 40.75387 ], [ -111.824205, 40.754851 ], [ -111.82397, 40.761343 ], [ -111.825414, 40.762932 ], [ -111.825662, 40.763136 ], [ -111.830126, 40.76591 ], [ -111.832335, 40.766877 ], [ -111.837785, 40.773945 ], [ -111.83846, 40.774503 ], [ -111.8391, 40.774654 ], [ -111.841297, 40.774733 ], [ -111.847023, 40.779319 ], [ -111.849827, 40.781088 ], [ -111.851915, 40.780867 ], [ -111.854554, 40.781082 ], [ -111.857011, 40.782175 ], [ -111.860445, 40.78823 ], [ -111.86046, 40.788827 ], [ -111.860491, 40.789003 ], [ -111.861124, 40.78965 ], [ -111.861219, 40.789699 ], [ -111.861743, 40.789891 ], [ -111.861973, 40.789945 ], [ -111.862253, 40.789993 ], [ -111.870173, 40.788442 ], [ -111.874525, 40.788865 ], [ -111.880503, 40.79082 ], [ -111.882846, 40.791999 ], [ -111.883685, 40.792226 ], [ -111.886874, 40.790864 ], [ -111.889678, 40.78839 ], [ -111.896803, 40.790309 ], [ -111.898481, 40.792304 ], [ -111.899435, 40.793411 ], [ -111.899802, 40.793762 ], [ -111.90233, 40.795746 ], [ -111.90288, 40.796265 ], [ -111.905518, 40.798369 ], [ -111.905583, 40.798421 ], [ -111.907625, 40.798469 ], [ -111.907641, 40.798459 ], [ -111.916253, 40.797422 ], [ -111.917622, 40.799888 ], [ -111.918333, 40.801286 ], [ -111.91977, 40.804058 ], [ -111.921184, 40.806783 ], [ -111.919729, 40.814017 ], [ -111.922108, 40.816718 ], [ -111.923086, 40.815857 ], [ -111.923968, 40.814841 ], [ -111.924892, 40.813392 ], [ -111.925129, 40.812943 ], [ -111.925383, 40.812247 ], [ -111.925582, 40.8115 ], [ -111.925766, 40.810311 ], [ -111.92579, 40.809232 ], [ -111.925603, 40.808114 ], [ -111.924988, 40.806403 ], [ -111.924428, 40.805222 ], [ -111.922966, 40.802402 ], [ -111.921529, 40.799629 ], [ -111.920849, 40.798292 ], [ -111.919402, 40.795677 ], [ -111.918206, 40.792565 ], [ -111.918993, 40.784187 ], [ -111.920744, 40.782365 ], [ -111.920744, 40.782334 ], [ -111.921498, 40.776043 ], [ -111.925714, 40.773383 ], [ -111.929929, 40.773223 ], [ -111.93069, 40.773248 ], [ -111.937551, 40.77617 ], [ -111.939305, 40.77674 ], [ -111.940769, 40.776743 ], [ -111.946806, 40.782964 ], [ -111.946563, 40.783882 ], [ -111.946805, 40.786564 ], [ -111.947278, 40.789156 ], [ -111.947325, 40.79188 ], [ -111.947316, 40.793021 ], [ -111.947354, 40.794954 ], [ -111.947392, 40.796888 ], [ -111.950991, 40.796817 ], [ -111.950953, 40.794884 ], [ -111.950915, 40.79295 ], [ -111.950925, 40.79191 ], [ -111.950877, 40.789095 ], [ -111.950826, 40.787019 ], [ -111.950775, 40.784958 ], [ -111.950788, 40.781377 ], [ -111.950792, 40.778424 ], [ -111.950803, 40.778228 ], [ -111.950837, 40.776425 ], [ -111.95087, 40.774598 ], [ -111.9508, 40.77377 ], [ -111.950815, 40.771802 ], [ -111.956911, 40.767007 ], [ -111.961256, 40.766787 ], [ -111.966289, 40.76653 ], [ -111.968386, 40.766453 ], [ -111.971094, 40.766414 ], [ -111.971223, 40.766417 ], [ -111.973588, 40.766574 ], [ -111.976024, 40.76673 ], [ -111.977387, 40.766862 ], [ -111.979851, 40.767292 ], [ -111.982194, 40.766963 ], [ -111.988164, 40.766479 ], [ -111.988337, 40.762883 ] ] ] } },
{ "type": "Feature", "properties": { "group_index": 0, "value": 600.0, "center": [ -111.82798551899373, 40.62424984114527 ], "point_id": 105 }, "geometry": { "type": "Polygon", "coordinates": [ [ [ -111.938382, 40.642991 ], [ -111.935432, 40.642994 ], [ -111.932657, 40.643005 ], [ -111.924907, 40.63877 ], [ -111.924101, 40.638083 ], [ -111.923129, 40.637453 ], [ -111.921018, 40.636306 ], [ -111.92035, 40.636025 ], [ -111.919746, 40.635795 ], [ -111.918421, 40.635374 ], [ -111.917613, 40.63517 ], [ -111.916842, 40.635017 ], [ -111.915953, 40.634884 ], [ -111.915276, 40.634805 ], [ -111.913408, 40.634641 ], [ -111.906114, 40.630315 ], [ -111.902797, 40.631713 ], [ -111.896121, 40.631193 ], [ -111.890519, 40.62788 ], [ -111.889582, 40.627625 ], [ -111.889167, 40.627622 ], [ -111.885339, 40.629294 ], [ -111.883601, 40.629437 ], [ -111.881676, 40.628988 ], [ -111.879806, 40.621093 ], [ -111.879808, 40.620776 ], [ -111.878104, 40.618961 ], [ -111.872218, 40.615094 ], [ -111.868734, 40.612549 ], [ -111.865338, 40.609229 ], [ -111.864432, 40.608268 ], [ -111.862814, 40.606843 ], [ -111.862612, 40.606845 ], [ -111.857901, 40.606434 ], [ -111.853261, 40.604869 ], [ -111.853161, 40.604869 ], [ -111.845353, 40.60635 ], [ -111.842243, 40.601684 ], [ -111.842128, 40.599132 ], [ -111.840603, 40.597504 ], [ -111.838411, 40.595073 ], [ -111.835948, 40.589539 ], [ -111.835461, 40.587972 ], [ -111.834988, 40.587942 ], [ -111.834159, 40.587932 ], [ -111.833429, 40.587931 ], [ -111.833118, 40.587932 ], [ -111.82509, 40.590891 ], [ -111.821096, 40.590939 ], [ -111.813631, 40.589029 ], [ -111.813009, 40.588808 ], [ -111.812727, 40.588879 ], [ -111.812204, 40.589077 ], [ -111.804358, 40.590779 ], [ -111.802114, 40.589906 ], [ -111.798033, 40.587807 ], [ -111.794178, 40.58557 ], [ -111.794098, 40.585569 ], [ -111.792337, 40.58679 ], [ -111.791433, 40.588664 ], [ -111.79149, 40.589171 ], [ -111.791646, 40.589565 ], [ -111.791796, 40.589848 ], [ -111.792365, 40.598596 ], [ -111.790057, 40.602102 ], [ -111.789391, 40.602847 ], [ -111.786817, 40.609251 ], [ -111.78204, 40.616143 ], [ -111.779744, 40.61855 ], [ -111.783825, 40.620347 ], [ -111.784863, 40.620606 ], [ -111.789508, 40.622587 ], [ -111.789869, 40.622821 ], [ -111.791736, 40.623928 ], [ -111.795741, 40.630297 ], [ -111.795384, 40.635956 ], [ -111.794496, 40.637989 ], [ -111.79443, 40.638488 ], [ -111.794894, 40.639584 ], [ -111.80026, 40.645609 ], [ -111.800759, 40.646346 ], [ -111.805746, 40.653166 ], [ -111.80512, 40.655611 ], [ -111.804471, 40.658152 ], [ -111.80392, 40.660948 ], [ -111.80366, 40.662973 ], [ -111.803467, 40.665794 ], [ -111.801294, 40.673 ], [ -111.799732, 40.67505 ], [ -111.797282, 40.677872 ], [ -111.795865, 40.679811 ], [ -111.793945, 40.682989 ], [ -111.793937, 40.683005 ], [ -111.794241, 40.684496 ], [ -111.794552, 40.693144 ], [ -111.79429, 40.694431 ], [ -111.793936, 40.696015 ], [ -111.793667, 40.697031 ], [ -111.793387, 40.698286 ], [ -111.79332, 40.698818 ], [ -111.793274, 40.699405 ], [ -111.796863, 40.699687 ], [ -111.797416, 40.696939 ], [ -111.797803, 40.69522 ], [ -111.79808, 40.693863 ], [ -111.79838, 40.692617 ], [ -111.798863, 40.690465 ], [ -111.798994, 40.689783 ], [ -111.799179, 40.684305 ], [ -111.802596, 40.677232 ], [ -111.804158, 40.675181 ], [ -111.805789, 40.672972 ], [ -111.806345, 40.672124 ], [ -111.806746, 40.671305 ], [ -111.806965, 40.670615 ], [ -111.80707, 40.670085 ], [ -111.807115, 40.669587 ], [ -111.807093, 40.667593 ], [ -111.807067, 40.665744 ], [ -111.81514, 40.662298 ], [ -111.816007, 40.663152 ], [ -111.817071, 40.664405 ], [ -111.818653, 40.66582 ], [ -111.819916, 40.666713 ], [ -111.820277, 40.667028 ], [ -111.821973, 40.66699 ], [ -111.8223, 40.666698 ], [ -111.822643, 40.664315 ], [ -111.823058, 40.661619 ], [ -111.831826, 40.662475 ], [ -111.834119, 40.66431 ], [ -111.83442, 40.664571 ], [ -111.837562, 40.6668 ], [ -111.839356, 40.668347 ], [ -111.839384, 40.668366 ], [ -111.839441, 40.668363 ], [ -111.840338, 40.6677 ], [ -111.841158, 40.666618 ], [ -111.84188, 40.665892 ], [ -111.85035, 40.667343 ], [ -111.852027, 40.668306 ], [ -111.854102, 40.668906 ], [ -111.854305, 40.668907 ], [ -111.8612, 40.667999 ], [ -111.865849, 40.667742 ], [ -111.866783, 40.66688 ], [ -111.866632, 40.665576 ], [ -111.866613, 40.66542 ], [ -111.866583, 40.665157 ], [ -111.866024, 40.664184 ], [ -111.86524, 40.663876 ], [ -111.864725, 40.663754 ], [ -111.86202, 40.662762 ], [ -111.861425, 40.662447 ], [ -111.858521, 40.658095 ], [ -111.865923, 40.654243 ], [ -111.865995, 40.654243 ], [ -111.870778, 40.651398 ], [ -111.87199, 40.649584 ], [ -111.880793, 40.648328 ], [ -111.882872, 40.647758 ], [ -111.883802, 40.647364 ], [ -111.885436, 40.646226 ], [ -111.888811, 40.644479 ], [ -111.891022, 40.64278 ], [ -111.894574, 40.640306 ], [ -111.900607, 40.645571 ], [ -111.900268, 40.648254 ], [ -111.899959, 40.650246 ], [ -111.89967, 40.652135 ], [ -111.899538, 40.65275 ], [ -111.899472, 40.653061 ], [ -111.899509, 40.657167 ], [ -111.899419, 40.658559 ], [ -111.903011, 40.658792 ], [ -111.903102, 40.657401 ], [ -111.90329, 40.655324 ], [ -111.903715, 40.651369 ], [ -111.903981, 40.648475 ], [ -111.904195, 40.645866 ], [ -111.904408, 40.643274 ], [ -111.911276, 40.638069 ], [ -111.913094, 40.638228 ], [ -111.914862, 40.638381 ], [ -111.915428, 40.638446 ], [ -111.916152, 40.638551 ], [ -111.916749, 40.638665 ], [ -111.917337, 40.638806 ], [ -111.918471, 40.639161 ], [ -111.918975, 40.639351 ], [ -111.91941, 40.639526 ], [ -111.921217, 40.640504 ], [ -111.922345, 40.6413 ], [ -111.92472, 40.643694 ], [ -111.925469, 40.644316 ], [ -111.926207, 40.644848 ], [ -111.92662, 40.645101 ], [ -111.927159, 40.645381 ], [ -111.928088, 40.645787 ], [ -111.928532, 40.645949 ], [ -111.929174, 40.646151 ], [ -111.92978, 40.646301 ], [ -111.930385, 40.646417 ], [ -111.931084, 40.646517 ], [ -111.934719, 40.646865 ], [ -111.938927, 40.646588 ], [ -111.938903, 40.642988 ], [ -111.938382, 40.642991 ] ] ] } },
{ "type": "Feature", "properties": { "group_index": 0, "value": 600.0, "center": [ -111.78582338684531, 39.97415009251106 ], "point_id": 106 }, "geometry": { "type": "Polygon", "coordinates": [ [ [ -111.90489, 39.95295 ], [ -111.904891, 39.95291 ], [ -111.904893, 39.952711 ], [ -111.904016, 39.951053 ], [ -111.902097, 39.949783 ], [ -111.900622, 39.9489 ], [ -111.900297, 39.948901 ], [ -111.891972, 39.951791 ], [ -111.888392, 39.952732 ], [ -111.884831, 39.953668 ], [ -111.881269, 39.954604 ], [ -111.877708, 39.95554 ], [ -111.87618, 39.955959 ], [ -111.871931, 39.957076 ], [ -111.867665, 39.958198 ], [ -111.866107, 39.958627 ], [ -111.865639, 39.958782 ], [ -111.862586, 39.960738 ], [ -111.860566, 39.962332 ], [ -111.853556, 39.961993 ], [ -111.853048, 39.961948 ], [ -111.852784, 39.962014 ], [ -111.850013, 39.963534 ], [ -111.849911, 39.963625 ], [ -111.844517, 39.96994 ], [ -111.840203, 39.969149 ], [ -111.839755, 39.968956 ], [ -111.838973, 39.96879 ], [ -111.837492, 39.968925 ], [ -111.837, 39.970316 ], [ -111.83714, 39.972508 ], [ -111.832331, 39.978803 ], [ -111.830068, 39.979659 ], [ -111.827816, 39.98051 ], [ -111.825638, 39.981337 ], [ -111.823462, 39.982163 ], [ -111.820102, 39.983428 ], [ -111.814252, 39.978124 ], [ -111.816003, 39.97507 ], [ -111.817336, 39.974238 ], [ -111.817835, 39.973795 ], [ -111.818222, 39.973316 ], [ -111.82354, 39.971001 ], [ -111.823499, 39.968853 ], [ -111.823898, 39.966694 ], [ -111.822572, 39.961723 ], [ -111.825548, 39.955444 ], [ -111.82594, 39.954054 ], [ -111.827003, 39.951293 ], [ -111.826738, 39.950002 ], [ -111.823183, 39.948442 ], [ -111.820255, 39.944338 ], [ -111.819953, 39.943773 ], [ -111.82064, 39.936701 ], [ -111.824984, 39.935207 ], [ -111.826058, 39.935196 ], [ -111.826748, 39.935231 ], [ -111.827752, 39.934812 ], [ -111.82843, 39.933318 ], [ -111.828418, 39.933054 ], [ -111.828141, 39.927546 ], [ -111.828142, 39.927444 ], [ -111.826417, 39.925726 ], [ -111.825204, 39.917336 ], [ -111.827025, 39.914883 ], [ -111.826777, 39.906435 ], [ -111.827865, 39.903109 ], [ -111.828842, 39.900834 ], [ -111.829317, 39.899479 ], [ -111.829713, 39.898096 ], [ -111.830096, 39.896397 ], [ -111.830329, 39.894772 ], [ -111.830517, 39.892939 ], [ -111.830517, 39.891195 ], [ -111.830368, 39.886809 ], [ -111.830219, 39.882484 ], [ -111.830216, 39.881026 ], [ -111.83112, 39.872517 ], [ -111.832741, 39.866426 ], [ -111.833774, 39.863344 ], [ -111.834808, 39.860263 ], [ -111.831395, 39.859118 ], [ -111.830361, 39.8622 ], [ -111.829328, 39.865281 ], [ -111.828337, 39.868567 ], [ -111.827612, 39.871712 ], [ -111.827011, 39.875211 ], [ -111.826719, 39.878398 ], [ -111.826619, 39.880884 ], [ -111.826619, 39.882487 ], [ -111.82677, 39.886932 ], [ -111.826919, 39.891317 ], [ -111.825447, 39.899637 ], [ -111.824559, 39.901683 ], [ -111.822083, 39.905789 ], [ -111.8203, 39.908116 ], [ -111.81846, 39.910521 ], [ -111.81662, 39.912926 ], [ -111.81478, 39.915331 ], [ -111.813153, 39.917458 ], [ -111.811525, 39.919585 ], [ -111.810909, 39.920474 ], [ -111.81039, 39.921362 ], [ -111.809866, 39.922499 ], [ -111.809515, 39.92347 ], [ -111.809221, 39.924783 ], [ -111.809096, 39.925656 ], [ -111.809034, 39.926362 ], [ -111.809019, 39.927161 ], [ -111.802912, 39.933675 ], [ -111.801102, 39.936787 ], [ -111.79963, 39.940703 ], [ -111.799062, 39.941885 ], [ -111.798961, 39.942229 ], [ -111.796032, 39.946039 ], [ -111.787871, 39.944721 ], [ -111.785469, 39.936841 ], [ -111.787512, 39.933877 ], [ -111.786714, 39.93323 ], [ -111.783573, 39.931471 ], [ -111.783427, 39.93146 ], [ -111.781944, 39.931849 ], [ -111.781644, 39.932508 ], [ -111.779981, 39.935168 ], [ -111.772382, 39.939485 ], [ -111.77163, 39.938713 ], [ -111.771007, 39.938242 ], [ -111.770583, 39.938035 ], [ -111.768913, 39.936962 ], [ -111.766337, 39.933719 ], [ -111.765693, 39.932616 ], [ -111.765131, 39.932174 ], [ -111.764504, 39.931902 ], [ -111.763756, 39.93172 ], [ -111.761913, 39.931838 ], [ -111.761117, 39.932827 ], [ -111.76135, 39.934559 ], [ -111.76398, 39.937413 ], [ -111.764392, 39.937996 ], [ -111.764784, 39.938533 ], [ -111.765216, 39.938967 ], [ -111.766019, 39.939482 ], [ -111.76719, 39.940122 ], [ -111.76857, 39.941084 ], [ -111.771045, 39.943567 ], [ -111.771992, 39.944821 ], [ -111.769938, 39.952793 ], [ -111.767293, 39.954904 ], [ -111.765243, 39.955893 ], [ -111.764833, 39.957242 ], [ -111.764721, 39.958629 ], [ -111.765098, 39.962499 ], [ -111.76099, 39.970378 ], [ -111.760501, 39.970716 ], [ -111.753598, 39.97615 ], [ -111.750335, 39.980586 ], [ -111.749945, 39.981224 ], [ -111.749904, 39.981336 ], [ -111.753167, 39.982808 ], [ -111.754211, 39.98996 ], [ -111.753821, 39.99056 ], [ -111.75306, 39.992003 ], [ -111.750999, 39.994511 ], [ -111.749432, 39.99556 ], [ -111.74294, 39.997744 ], [ -111.741883, 39.997814 ], [ -111.740777, 39.997864 ], [ -111.739828, 39.997868 ], [ -111.73817, 39.998039 ], [ -111.73747, 39.998116 ], [ -111.736612, 39.998383 ], [ -111.735302, 39.998843 ], [ -111.734487, 39.999217 ], [ -111.733695, 39.999559 ], [ -111.735124, 40.002864 ], [ -111.735669, 40.011076 ], [ -111.735304, 40.013598 ], [ -111.73531, 40.013999 ], [ -111.7322, 40.02156 ], [ -111.730626, 40.022749 ], [ -111.723481, 40.027816 ], [ -111.723087, 40.027811 ], [ -111.721662, 40.029401 ], [ -111.721657, 40.029554 ], [ -111.721656, 40.033068 ], [ -111.721656, 40.033347 ], [ -111.723348, 40.034869 ], [ -111.723448, 40.03487 ], [ -111.72988, 40.038535 ], [ -111.727614, 40.046783 ], [ -111.722976, 40.049773 ], [ -111.721592, 40.050475 ], [ -111.720197, 40.052004 ], [ -111.722498, 40.054773 ], [ -111.723692, 40.056736 ], [ -111.72134, 40.064407 ], [ -111.719302, 40.066432 ], [ -111.717261, 40.068459 ], [ -111.714234, 40.07148 ], [ -111.711229, 40.074479 ], [ -111.709817, 40.07584 ], [ -111.708476, 40.077135 ], [ -111.705761, 40.079482 ], [ -111.708116, 40.082205 ], [ -111.71083, 40.079858 ], [ -111.712314, 40.078432 ], [ -111.713727, 40.077071 ], [ -111.716777, 40.074028 ], [ -111.719804, 40.071007 ], [ -111.721839, 40.068986 ], [ -111.730405, 40.068471 ], [ -111.732196, 40.070104 ], [ -111.733546, 40.070111 ], [ -111.734005, 40.068485 ], [ -111.73429, 40.067151 ], [ -111.734289, 40.067041 ], [ -111.734003, 40.064914 ], [ -111.738267, 40.05783 ], [ -111.742062, 40.057867 ], [ -111.745857, 40.057903 ], [ -111.745892, 40.054303 ], [ -111.743485, 40.047689 ], [ -111.748459, 40.045469 ], [ -111.756145, 40.042512 ], [ -111.758628, 40.042876 ], [ -111.758642, 40.042876 ], [ -111.765229, 40.038592 ], [ -111.769255, 40.03117 ], [ -111.769612, 40.030752 ], [ -111.769885, 40.030211 ], [ -111.770017, 40.029478 ], [ -111.769958, 40.026524 ], [ -111.769944, 40.025781 ], [ -111.766943, 40.017924 ], [ -111.770342, 40.015186 ], [ -111.771319, 40.014881 ], [ -111.778265, 40.01865 ], [ -111.779158, 40.02099 ], [ -111.785269, 40.025733 ], [ -111.786276, 40.026881 ], [ -111.787034, 40.026883 ], [ -111.79393, 40.023568 ], [ -111.79591, 40.0218 ], [ -111.796211, 40.021518 ], [ -111.798215, 40.019476 ], [ -111.803731, 40.01655 ], [ -111.806404, 40.014998 ], [ -111.809846, 40.011383 ], [ -111.815344, 40.006723 ], [ -111.820761, 40.00272 ], [ -111.824761, 39.999025 ], [ -111.83087, 39.996534 ], [ -111.837243, 39.991209 ], [ -111.84321, 39.991138 ], [ -111.843888, 39.991131 ], [ -111.844994, 39.990371 ], [ -111.848563, 39.983886 ], [ -111.854316, 39.979038 ], [ -111.854316, 39.977357 ], [ -111.85716, 39.969589 ], [ -111.858985, 39.968158 ], [ -111.865415, 39.9665 ], [ -111.868951, 39.967175 ], [ -111.869126, 39.966259 ], [ -111.872847, 39.960558 ], [ -111.87713, 39.959431 ], [ -111.878623, 39.959022 ], [ -111.882185, 39.958086 ], [ -111.885746, 39.95715 ], [ -111.889307, 39.956214 ], [ -111.892849, 39.955282 ], [ -111.900133, 39.956136 ], [ -111.900287, 39.956135 ], [ -111.904253, 39.954645 ], [ -111.904884, 39.953149 ], [ -111.90489, 39.95295 ] ] ] } },
{ "type": "Feature", "properties": { "group_index": 0, "value": 600.0, "center": [ -111.65480414098394, 40.1091903111893 ], "point_id": 107 }, "geometry": { "type": "Polygon", "coordinates": [ [ [ -111.744044, 40.112806 ], [ -111.741867, 40.111186 ], [ -111.738267, 40.111199 ], [ -111.73231, 40.106435 ], [ -111.735523, 40.099852 ], [ -111.737047, 40.098177 ], [ -111.737047, 40.098052 ], [ -111.735518, 40.096252 ], [ -111.732714, 40.093921 ], [ -111.730049, 40.085594 ], [ -111.730048, 40.085278 ], [ -111.728391, 40.083486 ], [ -111.728269, 40.083484 ], [ -111.72294, 40.083473 ], [ -111.720838, 40.083482 ], [ -111.715281, 40.076756 ], [ -111.717398, 40.07376 ], [ -111.719641, 40.071528 ], [ -111.721884, 40.069297 ], [ -111.724126, 40.067065 ], [ -111.726369, 40.064833 ], [ -111.728672, 40.062539 ], [ -111.729548, 40.061578 ], [ -111.731049, 40.059944 ], [ -111.731399, 40.059602 ], [ -111.733254, 40.05725 ], [ -111.730621, 40.054795 ], [ -111.730061, 40.055397 ], [ -111.729421, 40.056119 ], [ -111.728008, 40.057848 ], [ -111.726818, 40.059232 ], [ -111.726013, 40.060112 ], [ -111.72383, 40.062281 ], [ -111.721587, 40.064513 ], [ -111.714317, 40.061506 ], [ -111.712024, 40.058731 ], [ -111.710087, 40.060332 ], [ -111.708149, 40.061933 ], [ -111.707101, 40.06283 ], [ -111.705476, 40.064101 ], [ -111.703335, 40.065856 ], [ -111.701276, 40.067549 ], [ -111.700969, 40.0677 ], [ -111.699377, 40.06854 ], [ -111.696981, 40.069803 ], [ -111.689992, 40.065783 ], [ -111.691666, 40.059343 ], [ -111.693198, 40.057633 ], [ -111.693978, 40.056947 ], [ -111.694476, 40.056332 ], [ -111.694909, 40.055564 ], [ -111.695152, 40.05486 ], [ -111.695271, 40.054217 ], [ -111.695293, 40.053438 ], [ -111.69517, 40.052602 ], [ -111.694909, 40.051853 ], [ -111.694617, 40.051297 ], [ -111.693711, 40.049947 ], [ -111.690722, 40.051952 ], [ -111.684347, 40.05321 ], [ -111.684027, 40.053193 ], [ -111.68348, 40.053241 ], [ -111.682194, 40.053398 ], [ -111.675592, 40.05355 ], [ -111.67327, 40.050905 ], [ -111.671714, 40.049686 ], [ -111.664029, 40.047024 ], [ -111.663959, 40.046993 ], [ -111.655938, 40.043555 ], [ -111.652338, 40.043566 ], [ -111.649853, 40.047473 ], [ -111.649291, 40.048586 ], [ -111.648202, 40.051173 ], [ -111.648238, 40.054773 ], [ -111.650044, 40.061181 ], [ -111.641722, 40.064207 ], [ -111.638122, 40.064244 ], [ -111.633734, 40.065816 ], [ -111.627352, 40.069662 ], [ -111.624376, 40.069698 ], [ -111.621914, 40.069901 ], [ -111.614578, 40.072595 ], [ -111.612793, 40.072662 ], [ -111.612676, 40.072677 ], [ -111.612535, 40.07271 ], [ -111.611682, 40.073045 ], [ -111.609326, 40.074487 ], [ -111.608456, 40.075144 ], [ -111.600614, 40.076975 ], [ -111.595458, 40.081122 ], [ -111.589195, 40.079778 ], [ -111.58699, 40.07769 ], [ -111.584784, 40.075602 ], [ -111.579, 40.071029 ], [ -111.576048, 40.065672 ], [ -111.575824, 40.065216 ], [ -111.575512, 40.064739 ], [ -111.575156, 40.064294 ], [ -111.574441, 40.063599 ], [ -111.569306, 40.059281 ], [ -111.568887, 40.058922 ], [ -111.568193, 40.058452 ], [ -111.567674, 40.058179 ], [ -111.562381, 40.055283 ], [ -111.560312, 40.058229 ], [ -111.561556, 40.059265 ], [ -111.56287, 40.060358 ], [ -111.569099, 40.06485 ], [ -111.574246, 40.071036 ], [ -111.574847, 40.071816 ], [ -111.576345, 40.073459 ], [ -111.577755, 40.075 ], [ -111.580568, 40.078026 ], [ -111.582922, 40.086237 ], [ -111.583237, 40.088776 ], [ -111.586446, 40.094937 ], [ -111.588172, 40.098652 ], [ -111.58982, 40.100408 ], [ -111.590984, 40.106543 ], [ -111.587144, 40.111488 ], [ -111.581126, 40.114004 ], [ -111.581165, 40.117604 ], [ -111.586364, 40.118938 ], [ -111.588654, 40.11952 ], [ -111.593159, 40.124744 ], [ -111.591932, 40.129902 ], [ -111.591925, 40.130102 ], [ -111.593576, 40.131967 ], [ -111.59625, 40.138064 ], [ -111.600625, 40.144692 ], [ -111.601222, 40.145716 ], [ -111.602248, 40.146602 ], [ -111.607942, 40.152781 ], [ -111.608229, 40.158624 ], [ -111.60823, 40.158691 ], [ -111.61013, 40.160737 ], [ -111.610669, 40.161103 ], [ -111.610711, 40.161103 ], [ -111.611313, 40.160576 ], [ -111.613087, 40.159015 ], [ -111.613293, 40.15751 ], [ -111.61346, 40.15683 ], [ -111.613422, 40.156053 ], [ -111.613439, 40.153722 ], [ -111.613433, 40.153648 ], [ -111.613664, 40.150552 ], [ -111.620056, 40.147024 ], [ -111.621834, 40.147706 ], [ -111.625103, 40.150119 ], [ -111.626133, 40.152019 ], [ -111.622417, 40.159268 ], [ -111.622465, 40.160586 ], [ -111.622457, 40.161001 ], [ -111.622456, 40.161161 ], [ -111.622455, 40.161545 ], [ -111.622479, 40.162868 ], [ -111.627353, 40.166083 ], [ -111.627878, 40.166091 ], [ -111.629698, 40.16492 ], [ -111.636975, 40.168137 ], [ -111.637601, 40.170931 ], [ -111.644658, 40.176213 ], [ -111.641112, 40.183513 ], [ -111.640564, 40.183911 ], [ -111.635975, 40.186364 ], [ -111.635972, 40.189964 ], [ -111.640456, 40.190653 ], [ -111.646692, 40.195593 ], [ -111.647184, 40.19637 ], [ -111.647857, 40.197302 ], [ -111.649606, 40.199462 ], [ -111.651361, 40.20163 ], [ -111.653611, 40.204374 ], [ -111.656395, 40.202092 ], [ -111.654145, 40.199348 ], [ -111.652404, 40.197197 ], [ -111.650655, 40.195037 ], [ -111.650987, 40.187658 ], [ -111.650916, 40.18697 ], [ -111.650869, 40.186767 ], [ -111.65034, 40.185935 ], [ -111.648228, 40.180608 ], [ -111.648258, 40.176237 ], [ -111.648287, 40.171865 ], [ -111.648972, 40.169727 ], [ -111.655119, 40.164692 ], [ -111.658719, 40.16467 ], [ -111.66452, 40.160415 ], [ -111.664499, 40.156815 ], [ -111.666136, 40.148043 ], [ -111.668436, 40.1419 ], [ -111.667957, 40.13907 ], [ -111.673273, 40.132217 ], [ -111.675506, 40.131284 ], [ -111.68116, 40.136693 ], [ -111.687413, 40.140281 ], [ -111.691013, 40.140286 ], [ -111.69396, 40.135066 ], [ -111.700382, 40.132146 ], [ -111.701865, 40.131137 ], [ -111.707464, 40.126304 ], [ -111.715553, 40.123815 ], [ -111.721713, 40.123776 ], [ -111.726207, 40.129167 ], [ -111.726444, 40.130974 ], [ -111.728656, 40.13536 ], [ -111.730478, 40.136537 ], [ -111.73068, 40.136535 ], [ -111.732256, 40.135348 ], [ -111.734506, 40.131004 ], [ -111.734499, 40.127404 ], [ -111.73988, 40.123022 ], [ -111.744048, 40.116406 ], [ -111.744044, 40.112806 ] ] ] } },
{ "type": "Feature", "properties": { "group_index": 0, "value": 600.0, "center": [ -111.610466506761, 40.16740290135948 ], "point_id": 108 }, "geometry": { "type": "Polygon", "coordinates": [ [ [ -111.679258, 40.225891 ], [ -111.676737, 40.223312 ], [ -111.675859, 40.222507 ], [ -111.674581, 40.221414 ], [ -111.672268, 40.219526 ], [ -111.670327, 40.218022 ], [ -111.668778, 40.216791 ], [ -111.666784, 40.208629 ], [ -111.666575, 40.205144 ], [ -111.660244, 40.202851 ], [ -111.659478, 40.20248 ], [ -111.65883, 40.202247 ], [ -111.654145, 40.199348 ], [ -111.651664, 40.195393 ], [ -111.651213, 40.188839 ], [ -111.651251, 40.187996 ], [ -111.650869, 40.186767 ], [ -111.650139, 40.182688 ], [ -111.655707, 40.175809 ], [ -111.655696, 40.174377 ], [ -111.652744, 40.167694 ], [ -111.657748, 40.163067 ], [ -111.658497, 40.162946 ], [ -111.659183, 40.162742 ], [ -111.659842, 40.162451 ], [ -111.660265, 40.162198 ], [ -111.666982, 40.160398 ], [ -111.669333, 40.160381 ], [ -111.671684, 40.160365 ], [ -111.674032, 40.160348 ], [ -111.676372, 40.160336 ], [ -111.678712, 40.160324 ], [ -111.681052, 40.160311 ], [ -111.683392, 40.160299 ], [ -111.685786, 40.160286 ], [ -111.688179, 40.160274 ], [ -111.690573, 40.160262 ], [ -111.692968, 40.160249 ], [ -111.693586, 40.160245 ], [ -111.694737, 40.159781 ], [ -111.694757, 40.158477 ], [ -111.693563, 40.156645 ], [ -111.685134, 40.154582 ], [ -111.681534, 40.154627 ], [ -111.675722, 40.152601 ], [ -111.673576, 40.152358 ], [ -111.673481, 40.152358 ], [ -111.666268, 40.152984 ], [ -111.66285, 40.151025 ], [ -111.660479, 40.145946 ], [ -111.659439, 40.137861 ], [ -111.661732, 40.13642 ], [ -111.661778, 40.13602 ], [ -111.661781, 40.135896 ], [ -111.66068, 40.134482 ], [ -111.660575, 40.134444 ], [ -111.656469, 40.12804 ], [ -111.658786, 40.124883 ], [ -111.662826, 40.121982 ], [ -111.66493, 40.120418 ], [ -111.666927, 40.11898 ], [ -111.668633, 40.117671 ], [ -111.670357, 40.116349 ], [ -111.672613, 40.11457 ], [ -111.674126, 40.113276 ], [ -111.675575, 40.112036 ], [ -111.676773, 40.111108 ], [ -111.677687, 40.110405 ], [ -111.678481, 40.109843 ], [ -111.676402, 40.106904 ], [ -111.675608, 40.107466 ], [ -111.674581, 40.108253 ], [ -111.673365, 40.109194 ], [ -111.671787, 40.11054 ], [ -111.670274, 40.111833 ], [ -111.668129, 40.113521 ], [ -111.666442, 40.114815 ], [ -111.664737, 40.116123 ], [ -111.662827, 40.117497 ], [ -111.660679, 40.119092 ], [ -111.653121, 40.114626 ], [ -111.652664, 40.113209 ], [ -111.645729, 40.107985 ], [ -111.641158, 40.106595 ], [ -111.640697, 40.106593 ], [ -111.640697, 40.106593 ], [ -111.640237, 40.106591 ], [ -111.63259, 40.107373 ], [ -111.628257, 40.10639 ], [ -111.627615, 40.106191 ], [ -111.626696, 40.106167 ], [ -111.625973, 40.106175 ], [ -111.624917, 40.107973 ], [ -111.622691, 40.111405 ], [ -111.614667, 40.108461 ], [ -111.613884, 40.106286 ], [ -111.610075, 40.106298 ], [ -111.609216, 40.10849 ], [ -111.608244, 40.109932 ], [ -111.599542, 40.107956 ], [ -111.59784, 40.10638 ], [ -111.597729, 40.106381 ], [ -111.597707, 40.106381 ], [ -111.597595, 40.106384 ], [ -111.595943, 40.108065 ], [ -111.59062, 40.113902 ], [ -111.583886, 40.113974 ], [ -111.580443, 40.113418 ], [ -111.576843, 40.113436 ], [ -111.573424, 40.114055 ], [ -111.572058, 40.115432 ], [ -111.572048, 40.115804 ], [ -111.572513, 40.11693 ], [ -111.566292, 40.122759 ], [ -111.565298, 40.122672 ], [ -111.564861, 40.122671 ], [ -111.563059, 40.124504 ], [ -111.562232, 40.125984 ], [ -111.558748, 40.132288 ], [ -111.555413, 40.140052 ], [ -111.552211, 40.14613 ], [ -111.546425, 40.150262 ], [ -111.542537, 40.150835 ], [ -111.540117, 40.152002 ], [ -111.534661, 40.154521 ], [ -111.531053, 40.155322 ], [ -111.528825, 40.15648 ], [ -111.530253, 40.159785 ], [ -111.537591, 40.157763 ], [ -111.539765, 40.157332 ], [ -111.540157, 40.157229 ], [ -111.540502, 40.157099 ], [ -111.544752, 40.155564 ], [ -111.545172, 40.155418 ], [ -111.545578, 40.155212 ], [ -111.552302, 40.153211 ], [ -111.556794, 40.154127 ], [ -111.55863, 40.154404 ], [ -111.55968, 40.154574 ], [ -111.560158, 40.154589 ], [ -111.560689, 40.15449 ], [ -111.563275, 40.154538 ], [ -111.567717, 40.161627 ], [ -111.5673, 40.165202 ], [ -111.575651, 40.167363 ], [ -111.577848, 40.167296 ], [ -111.578512, 40.167322 ], [ -111.584647, 40.16834 ], [ -111.590769, 40.171088 ], [ -111.592843, 40.174118 ], [ -111.5943, 40.177432 ], [ -111.594856, 40.178655 ], [ -111.597484, 40.181598 ], [ -111.59988, 40.186146 ], [ -111.602971, 40.189321 ], [ -111.604344, 40.19017 ], [ -111.605011, 40.190477 ], [ -111.605944, 40.190805 ], [ -111.611991, 40.194343 ], [ -111.614204, 40.196703 ], [ -111.61894, 40.201774 ], [ -111.619328, 40.20544 ], [ -111.622551, 40.213442 ], [ -111.623816, 40.216943 ], [ -111.62405, 40.217583 ], [ -111.628362, 40.222665 ], [ -111.630402, 40.222883 ], [ -111.631962, 40.222647 ], [ -111.638992, 40.223454 ], [ -111.640797, 40.225139 ], [ -111.641105, 40.22555 ], [ -111.642512, 40.225849 ], [ -111.642688, 40.225803 ], [ -111.643953, 40.22396 ], [ -111.644972, 40.222152 ], [ -111.644971, 40.221955 ], [ -111.643938, 40.220361 ], [ -111.648468, 40.213218 ], [ -111.656136, 40.214939 ], [ -111.657551, 40.216374 ], [ -111.658979, 40.217154 ], [ -111.666538, 40.219609 ], [ -111.668088, 40.22084 ], [ -111.669992, 40.222315 ], [ -111.672243, 40.224151 ], [ -111.673427, 40.225162 ], [ -111.674233, 40.225899 ], [ -111.676768, 40.228604 ], [ -111.677315, 40.229219 ], [ -111.678431, 40.230133 ], [ -111.68096, 40.227571 ], [ -111.679258, 40.225891 ] ] ] } },
{ "type": "Feature", "properties": { "group_index": 0, "value": 600.0, "center": [ -111.57980176701525, 40.13409500217818 ], "point_id": 109 }, "geometry": { "type": "Polygon", "coordinates": [ [ [ -111.648097, 40.145669 ], [ -111.647135, 40.142774 ], [ -111.642423, 40.138023 ], [ -111.642301, 40.134425 ], [ -111.649181, 40.130567 ], [ -111.649673, 40.129459 ], [ -111.649791, 40.129141 ], [ -111.650327, 40.127518 ], [ -111.650583, 40.122706 ], [ -111.650587, 40.122542 ], [ -111.649533, 40.114781 ], [ -111.648267, 40.113186 ], [ -111.642499, 40.107082 ], [ -111.640733, 40.105322 ], [ -111.635427, 40.102959 ], [ -111.63507, 40.102962 ], [ -111.63469, 40.10296 ], [ -111.633331, 40.104112 ], [ -111.627615, 40.106191 ], [ -111.620841, 40.104974 ], [ -111.618482, 40.097841 ], [ -111.618361, 40.096455 ], [ -111.618317, 40.09637 ], [ -111.613168, 40.093387 ], [ -111.611867, 40.093028 ], [ -111.609597, 40.092384 ], [ -111.607027, 40.091113 ], [ -111.603996, 40.08758 ], [ -111.605135, 40.082159 ], [ -111.605389, 40.079829 ], [ -111.605239, 40.079643 ], [ -111.604293, 40.079096 ], [ -111.603567, 40.078919 ], [ -111.603482, 40.07896 ], [ -111.602335, 40.07946 ], [ -111.594086, 40.07985 ], [ -111.593785, 40.079774 ], [ -111.586347, 40.077081 ], [ -111.580411, 40.07257 ], [ -111.576048, 40.065672 ], [ -111.575824, 40.065216 ], [ -111.575512, 40.064739 ], [ -111.575156, 40.064294 ], [ -111.574813, 40.063921 ], [ -111.569306, 40.059281 ], [ -111.569074, 40.059072 ], [ -111.566667, 40.061749 ], [ -111.567878, 40.063424 ], [ -111.568207, 40.063905 ], [ -111.568698, 40.064473 ], [ -111.569099, 40.06485 ], [ -111.5736, 40.069998 ], [ -111.574246, 40.071036 ], [ -111.574847, 40.071816 ], [ -111.576345, 40.073459 ], [ -111.577755, 40.075 ], [ -111.580568, 40.078026 ], [ -111.583107, 40.084919 ], [ -111.583643, 40.0867 ], [ -111.584587, 40.091393 ], [ -111.586032, 40.096896 ], [ -111.577172, 40.098146 ], [ -111.576963, 40.097779 ], [ -111.576595, 40.097349 ], [ -111.575649, 40.096335 ], [ -111.57205, 40.096366 ], [ -111.570699, 40.102399 ], [ -111.570587, 40.10286 ], [ -111.570711, 40.103851 ], [ -111.572098, 40.107382 ], [ -111.572098, 40.108246 ], [ -111.565193, 40.113263 ], [ -111.562389, 40.115965 ], [ -111.559128, 40.123892 ], [ -111.5561, 40.12568 ], [ -111.548357, 40.129717 ], [ -111.547862, 40.129658 ], [ -111.546596, 40.129464 ], [ -111.545733, 40.129377 ], [ -111.545237, 40.129355 ], [ -111.543275, 40.129189 ], [ -111.542275, 40.129067 ], [ -111.541268, 40.129129 ], [ -111.539418, 40.129253 ], [ -111.53853, 40.129308 ], [ -111.537358, 40.129409 ], [ -111.536964, 40.129525 ], [ -111.534508, 40.130515 ], [ -111.53573, 40.133902 ], [ -111.536574, 40.133762 ], [ -111.537059, 40.133693 ], [ -111.540782, 40.13287 ], [ -111.543715, 40.13296 ], [ -111.545351, 40.132953 ], [ -111.550671, 40.138798 ], [ -111.550955, 40.139746 ], [ -111.551549, 40.14098 ], [ -111.553295, 40.147084 ], [ -111.549149, 40.149805 ], [ -111.54707, 40.150114 ], [ -111.546425, 40.150262 ], [ -111.545856, 40.150462 ], [ -111.542537, 40.150835 ], [ -111.535829, 40.154248 ], [ -111.535294, 40.154352 ], [ -111.534661, 40.154521 ], [ -111.534142, 40.154695 ], [ -111.533055, 40.15499 ], [ -111.531411, 40.155499 ], [ -111.530047, 40.155952 ], [ -111.523894, 40.157304 ], [ -111.523184, 40.157299 ], [ -111.522621, 40.157392 ], [ -111.522266, 40.157503 ], [ -111.521778, 40.157733 ], [ -111.516129, 40.15959 ], [ -111.515686, 40.159716 ], [ -111.510501, 40.160963 ], [ -111.510759, 40.164554 ], [ -111.512174, 40.164459 ], [ -111.512405, 40.164438 ], [ -111.512873, 40.164355 ], [ -111.514681, 40.163892 ], [ -111.51842, 40.162803 ], [ -111.526387, 40.161147 ], [ -111.526915, 40.161024 ], [ -111.527471, 40.160855 ], [ -111.527803, 40.160731 ], [ -111.529691, 40.159997 ], [ -111.530143, 40.15983 ], [ -111.537591, 40.157763 ], [ -111.539765, 40.157332 ], [ -111.540157, 40.157229 ], [ -111.540502, 40.157099 ], [ -111.544752, 40.155564 ], [ -111.545172, 40.155418 ], [ -111.545578, 40.155212 ], [ -111.552302, 40.153211 ], [ -111.552757, 40.153144 ], [ -111.553114, 40.153057 ], [ -111.561699, 40.153971 ], [ -111.563275, 40.154538 ], [ -111.567849, 40.161556 ], [ -111.570552, 40.163933 ], [ -111.572059, 40.165292 ], [ -111.573057, 40.166028 ], [ -111.573498, 40.166339 ], [ -111.573871, 40.166579 ], [ -111.575651, 40.167363 ], [ -111.577848, 40.167296 ], [ -111.578512, 40.167322 ], [ -111.584647, 40.16834 ], [ -111.589172, 40.169797 ], [ -111.592843, 40.174118 ], [ -111.5943, 40.177432 ], [ -111.595091, 40.179355 ], [ -111.595738, 40.180422 ], [ -111.601309, 40.184379 ], [ -111.606521, 40.18667 ], [ -111.610487, 40.188034 ], [ -111.610577, 40.188038 ], [ -111.61065, 40.188039 ], [ -111.61077, 40.18804 ], [ -111.611945, 40.187451 ], [ -111.612459, 40.186279 ], [ -111.613669, 40.183459 ], [ -111.618424, 40.179107 ], [ -111.62199, 40.178021 ], [ -111.629673, 40.17378 ], [ -111.634769, 40.168621 ], [ -111.640461, 40.163178 ], [ -111.642209, 40.161313 ], [ -111.642208, 40.161286 ], [ -111.640537, 40.159578 ], [ -111.641999, 40.150713 ], [ -111.64251, 40.150775 ], [ -111.644135, 40.149911 ], [ -111.648093, 40.146161 ], [ -111.648097, 40.145669 ] ] ] } },
{ "type": "Feature", "properties": { "group_index": 0, "value": 600.0, "center": [ -111.96487242348643, 41.22120485426057 ], "point_id": 110 }, "geometry": { "type": "Polygon", "coordinates": [ [ [ -112.048446, 41.217935 ], [ -112.046726, 41.216365 ], [ -112.043126, 41.21632 ], [ -112.040096, 41.217911 ], [ -112.037699, 41.217904 ], [ -112.035223, 41.21676 ], [ -112.03484, 41.207979 ], [ -112.037672, 41.206904 ], [ -112.040141, 41.206918 ], [ -112.040574, 41.20692 ], [ -112.041952, 41.205083 ], [ -112.041948, 41.204887 ], [ -112.042148, 41.198374 ], [ -112.041121, 41.196071 ], [ -112.03994, 41.19553 ], [ -112.037055, 41.196771 ], [ -112.028334, 41.196062 ], [ -112.026151, 41.194519 ], [ -112.025795, 41.194531 ], [ -112.024053, 41.195907 ], [ -112.022412, 41.197273 ], [ -112.017096, 41.200576 ], [ -112.017091, 41.200577 ], [ -112.01093, 41.201501 ], [ -112.010299, 41.192778 ], [ -112.01288, 41.188553 ], [ -112.013036, 41.188408 ], [ -112.017258, 41.182812 ], [ -112.018418, 41.181746 ], [ -112.019021, 41.181033 ], [ -112.019523, 41.18028 ], [ -112.019848, 41.179723 ], [ -112.020083, 41.17925 ], [ -112.020367, 41.178537 ], [ -112.02062, 41.177705 ], [ -112.020771, 41.176945 ], [ -112.021011, 41.175065 ], [ -112.022273, 41.169721 ], [ -112.024013, 41.165337 ], [ -112.020809, 41.163695 ], [ -112.02041, 41.164286 ], [ -112.020172, 41.164978 ], [ -112.018879, 41.168521 ], [ -112.013544, 41.17162 ], [ -112.007172, 41.169065 ], [ -112.005763, 41.167605 ], [ -112.004983, 41.166957 ], [ -112.004297, 41.166454 ], [ -112.003004, 41.165704 ], [ -112.001308, 41.16491 ], [ -111.999903, 41.16409 ], [ -111.997966, 41.167124 ], [ -111.998743, 41.16762 ], [ -111.999631, 41.168095 ], [ -112.001474, 41.168963 ], [ -112.002475, 41.169559 ], [ -112.002813, 41.169829 ], [ -112.003457, 41.170369 ], [ -112.004567, 41.17155 ], [ -112.00666, 41.173748 ], [ -112.001184, 41.180573 ], [ -112.001094, 41.180569 ], [ -111.995842, 41.178646 ], [ -111.995795, 41.178645 ], [ -111.989889, 41.175808 ], [ -111.988957, 41.17252 ], [ -111.988956, 41.171869 ], [ -111.987576, 41.170737 ], [ -111.985302, 41.168397 ], [ -111.983689, 41.167074 ], [ -111.983346, 41.16707 ], [ -111.981702, 41.168373 ], [ -111.973961, 41.168804 ], [ -111.971696, 41.167116 ], [ -111.970389, 41.166016 ], [ -111.967656, 41.165919 ], [ -111.967379, 41.165919 ], [ -111.966789, 41.166031 ], [ -111.963533, 41.167259 ], [ -111.960633, 41.168825 ], [ -111.960359, 41.171512 ], [ -111.952402, 41.175256 ], [ -111.951101, 41.174187 ], [ -111.949334, 41.173525 ], [ -111.949325, 41.173525 ], [ -111.947605, 41.174208 ], [ -111.945991, 41.176262 ], [ -111.944428, 41.177807 ], [ -111.941202, 41.180204 ], [ -111.933009, 41.180859 ], [ -111.932699, 41.180944 ], [ -111.931478, 41.181327 ], [ -111.93147, 41.181722 ], [ -111.931551, 41.182338 ], [ -111.931669, 41.182721 ], [ -111.933016, 41.188472 ], [ -111.935166, 41.1943 ], [ -111.937644, 41.201433 ], [ -111.938253, 41.203515 ], [ -111.937783, 41.210275 ], [ -111.932704, 41.211232 ], [ -111.931875, 41.211764 ], [ -111.930748, 41.213184 ], [ -111.927981, 41.21841 ], [ -111.927256, 41.219874 ], [ -111.927324, 41.220925 ], [ -111.928018, 41.223841 ], [ -111.924666, 41.230228 ], [ -111.923542, 41.231628 ], [ -111.916716, 41.235266 ], [ -111.915931, 41.235388 ], [ -111.915171, 41.235599 ], [ -111.912541, 41.236111 ], [ -111.91177, 41.236215 ], [ -111.90901, 41.23654 ], [ -111.908628, 41.236644 ], [ -111.901186, 41.239048 ], [ -111.900729, 41.239217 ], [ -111.898355, 41.240203 ], [ -111.893869, 41.241848 ], [ -111.893313, 41.242067 ], [ -111.892699, 41.242395 ], [ -111.892328, 41.242687 ], [ -111.889497, 41.245331 ], [ -111.891615, 41.248243 ], [ -111.89724, 41.244999 ], [ -111.897999, 41.24464 ], [ -111.905245, 41.241926 ], [ -111.906775, 41.241518 ], [ -111.907372, 41.241331 ], [ -111.914394, 41.240078 ], [ -111.914858, 41.24002 ], [ -111.915479, 41.239787 ], [ -111.92073, 41.238685 ], [ -111.921591, 41.238646 ], [ -111.922138, 41.238659 ], [ -111.922582, 41.238642 ], [ -111.923059, 41.238579 ], [ -111.923507, 41.238466 ], [ -111.930308, 41.242943 ], [ -111.93031, 41.24439 ], [ -111.929616, 41.246476 ], [ -111.930859, 41.247361 ], [ -111.936552, 41.253841 ], [ -111.936732, 41.254467 ], [ -111.940879, 41.259829 ], [ -111.94308, 41.26338 ], [ -111.943571, 41.263911 ], [ -111.947408, 41.271565 ], [ -111.947331, 41.272129 ], [ -111.94734, 41.273129 ], [ -111.951101, 41.275776 ], [ -111.951442, 41.275779 ], [ -111.952574, 41.275035 ], [ -111.959653, 41.270703 ], [ -111.960974, 41.270158 ], [ -111.963827, 41.268335 ], [ -111.965227, 41.266683 ], [ -111.972455, 41.264444 ], [ -111.97744, 41.26431 ], [ -111.977771, 41.264316 ], [ -111.977774, 41.264316 ], [ -111.978105, 41.264322 ], [ -111.981698, 41.261935 ], [ -111.988312, 41.262613 ], [ -111.990394, 41.263308 ], [ -111.997179, 41.266818 ], [ -111.998958, 41.267686 ], [ -111.999238, 41.267678 ], [ -112.000765, 41.266498 ], [ -112.007231, 41.260641 ], [ -112.008164, 41.259555 ], [ -112.010747, 41.257452 ], [ -112.018355, 41.25598 ], [ -112.01987, 41.257636 ], [ -112.021251, 41.259127 ], [ -112.022528, 41.261483 ], [ -112.023229, 41.263909 ], [ -112.026688, 41.262911 ], [ -112.025987, 41.260484 ], [ -112.025718, 41.259717 ], [ -112.025303, 41.258803 ], [ -112.024809, 41.257925 ], [ -112.024174, 41.257025 ], [ -112.022525, 41.255205 ], [ -112.02101, 41.25355 ], [ -112.021805, 41.244943 ], [ -112.021809, 41.244797 ], [ -112.025664, 41.236997 ], [ -112.028062, 41.23584 ], [ -112.029662, 41.234852 ], [ -112.034652, 41.228714 ], [ -112.035598, 41.227067 ], [ -112.043069, 41.222952 ], [ -112.046669, 41.22302 ], [ -112.048438, 41.221535 ], [ -112.048446, 41.217935 ] ] ] } },
{ "type": "Feature", "properties": { "group_index": 0, "value": 600.0, "center": [ -111.96138738501939, 41.0620793707395 ], "point_id": 111 }, "geometry": { "type": "Polygon", "coordinates": [ [ [ -112.026971, 41.151451 ], [ -112.02698, 41.147808 ], [ -112.026973, 41.144401 ], [ -112.026967, 41.140993 ], [ -112.026961, 41.137585 ], [ -112.026955, 41.134178 ], [ -112.026948, 41.13077 ], [ -112.02965, 41.12474 ], [ -112.029625, 41.12114 ], [ -112.026849, 41.119355 ], [ -112.024924, 41.113084 ], [ -112.025349, 41.11033 ], [ -112.024221, 41.101883 ], [ -112.022274, 41.101097 ], [ -112.018453, 41.099048 ], [ -112.016075, 41.09089 ], [ -112.016824, 41.088591 ], [ -112.016809, 41.088349 ], [ -112.016074, 41.08729 ], [ -112.015069, 41.086903 ], [ -112.010524, 41.081383 ], [ -112.015499, 41.07693 ], [ -112.015869, 41.076938 ], [ -112.017758, 41.076472 ], [ -112.017751, 41.072872 ], [ -112.023603, 41.069207 ], [ -112.024354, 41.069218 ], [ -112.027537, 41.065912 ], [ -112.03419, 41.061985 ], [ -112.043014, 41.062987 ], [ -112.044718, 41.059816 ], [ -112.037926, 41.05573 ], [ -112.036701, 41.055066 ], [ -112.035904, 41.05469 ], [ -112.035146, 41.05437 ], [ -112.034321, 41.054056 ], [ -112.033508, 41.05378 ], [ -112.03271, 41.053539 ], [ -112.031901, 41.053325 ], [ -112.030766, 41.053072 ], [ -112.028225, 41.052617 ], [ -112.02017, 41.049305 ], [ -112.019343, 41.048972 ], [ -112.018913, 41.048833 ], [ -112.011873, 41.046195 ], [ -112.0081, 41.044494 ], [ -112.00287, 41.040492 ], [ -112.000841, 41.038608 ], [ -111.996882, 41.033188 ], [ -111.995357, 41.031817 ], [ -111.993832, 41.030445 ], [ -111.993826, 41.03044 ], [ -111.992824, 41.029588 ], [ -111.990091, 41.027972 ], [ -111.989298, 41.027541 ], [ -111.981035, 41.025261 ], [ -111.980466, 41.024822 ], [ -111.979517, 41.023967 ], [ -111.977217, 41.021602 ], [ -111.974917, 41.019237 ], [ -111.972677, 41.016933 ], [ -111.970437, 41.014629 ], [ -111.967856, 41.017139 ], [ -111.960883, 41.013988 ], [ -111.954961, 41.011719 ], [ -111.953418, 41.01088 ], [ -111.948137, 41.009428 ], [ -111.940512, 41.007303 ], [ -111.93274, 41.004111 ], [ -111.93213, 41.003632 ], [ -111.931401, 41.0031 ], [ -111.929998, 41.002185 ], [ -111.926485, 40.999971 ], [ -111.923048, 40.997808 ], [ -111.920438, 40.995974 ], [ -111.917489, 40.994056 ], [ -111.914475, 40.992098 ], [ -111.912325, 40.986151 ], [ -111.912151, 40.983963 ], [ -111.911922, 40.983805 ], [ -111.911345, 40.983466 ], [ -111.909915, 40.983476 ], [ -111.90169, 40.980919 ], [ -111.90078, 40.979643 ], [ -111.899553, 40.976945 ], [ -111.898752, 40.974811 ], [ -111.897832, 40.972291 ], [ -111.896884, 40.969699 ], [ -111.896248, 40.968166 ], [ -111.89375, 40.968554 ], [ -111.890708, 40.970479 ], [ -111.894449, 40.978159 ], [ -111.895847, 40.981752 ], [ -111.896639, 40.983735 ], [ -111.897157, 40.984774 ], [ -111.897807, 40.985764 ], [ -111.901618, 40.991498 ], [ -111.9017, 40.991626 ], [ -111.903905, 40.992775 ], [ -111.910335, 40.994245 ], [ -111.912642, 40.995197 ], [ -111.915526, 40.997074 ], [ -111.918475, 40.998992 ], [ -111.920977, 41.000753 ], [ -111.924566, 41.003017 ], [ -111.928078, 41.005231 ], [ -111.929435, 41.006116 ], [ -111.93, 41.006534 ], [ -111.930512, 41.006939 ], [ -111.931089, 41.015702 ], [ -111.922652, 41.016591 ], [ -111.919518, 41.014915 ], [ -111.913436, 41.013211 ], [ -111.910137, 41.011771 ], [ -111.91, 41.012084 ], [ -111.908852, 41.014572 ], [ -111.90878, 41.01471 ], [ -111.908036, 41.016185 ], [ -111.907631, 41.017184 ], [ -111.90713, 41.018843 ], [ -111.90684, 41.020087 ], [ -111.906687, 41.021014 ], [ -111.906536, 41.022501 ], [ -111.906516, 41.023409 ], [ -111.906531, 41.024119 ], [ -111.906753, 41.026948 ], [ -111.903905, 41.034212 ], [ -111.902828, 41.036199 ], [ -111.903034, 41.03652 ], [ -111.90502, 41.040095 ], [ -111.907178, 41.046657 ], [ -111.906949, 41.049197 ], [ -111.902774, 41.055811 ], [ -111.90224, 41.059931 ], [ -111.902245, 41.059988 ], [ -111.90278, 41.061986 ], [ -111.903778, 41.063232 ], [ -111.908255, 41.070792 ], [ -111.906755, 41.07521 ], [ -111.906683, 41.075317 ], [ -111.904674, 41.077843 ], [ -111.902087, 41.079817 ], [ -111.902147, 41.079995 ], [ -111.902836, 41.080909 ], [ -111.903987, 41.089636 ], [ -111.905384, 41.097244 ], [ -111.90705, 41.0997 ], [ -111.908132, 41.105973 ], [ -111.907906, 41.107705 ], [ -111.90738, 41.111191 ], [ -111.907154, 41.112977 ], [ -111.906982, 41.114788 ], [ -111.906888, 41.115864 ], [ -111.906687, 41.118809 ], [ -111.910278, 41.119055 ], [ -111.91048, 41.116111 ], [ -111.910568, 41.115102 ], [ -111.915808, 41.109724 ], [ -111.919341, 41.110319 ], [ -111.919736, 41.110265 ], [ -111.920032, 41.110213 ], [ -111.92244, 41.10746 ], [ -111.930142, 41.10826 ], [ -111.931211, 41.1096 ], [ -111.934809, 41.109696 ], [ -111.938296, 41.108529 ], [ -111.946191, 41.112297 ], [ -111.950618, 41.117672 ], [ -111.951226, 41.118258 ], [ -111.951465, 41.11826 ], [ -111.952836, 41.11672 ], [ -111.953424, 41.115844 ], [ -111.957524, 41.110951 ], [ -111.957899, 41.110543 ], [ -111.96413, 41.105376 ], [ -111.966815, 41.10528 ], [ -111.96898, 41.105287 ], [ -111.977171, 41.103542 ], [ -111.979353, 41.103822 ], [ -111.985875, 41.105345 ], [ -111.994652, 41.105339 ], [ -112.002521, 41.10641 ], [ -112.006005, 41.112419 ], [ -112.006665, 41.112659 ], [ -112.013814, 41.117272 ], [ -112.01763, 41.12295 ], [ -112.019442, 41.123943 ], [ -112.023348, 41.130777 ], [ -112.023355, 41.134184 ], [ -112.023361, 41.137592 ], [ -112.023367, 41.141 ], [ -112.023373, 41.144407 ], [ -112.02338, 41.147815 ], [ -112.023221, 41.152372 ], [ -112.02679, 41.152837 ], [ -112.026971, 41.151451 ] ] ] } },
{ "type": "Feature", "properties": { "group_index": 0, "value": 600.0, "center": [ -112.00687383516524, 41.10556451865194 ], "point_id": 112 }, "geometry": { "type": "Polygon", "coordinates": [ [ [ -112.105205, 41.105668 ], [ -112.103001, 41.105672 ], [ -112.095314, 41.101882 ], [ -112.089112, 41.098116 ], [ -112.08559, 41.092436 ], [ -112.081991, 41.092506 ], [ -112.07422, 41.091234 ], [ -112.074002, 41.091233 ], [ -112.066413, 41.088389 ], [ -112.065545, 41.08739 ], [ -112.064629, 41.086627 ], [ -112.06444, 41.086626 ], [ -112.058665, 41.085908 ], [ -112.054347, 41.083317 ], [ -112.053103, 41.078251 ], [ -112.050508, 41.072907 ], [ -112.047167, 41.068523 ], [ -112.045826, 41.067571 ], [ -112.039938, 41.062023 ], [ -112.039969, 41.058423 ], [ -112.034237, 41.054027 ], [ -112.033508, 41.05378 ], [ -112.03271, 41.053539 ], [ -112.031901, 41.053325 ], [ -112.030766, 41.053072 ], [ -112.028225, 41.052617 ], [ -112.020603, 41.049174 ], [ -112.020009, 41.048883 ], [ -112.017773, 41.04825 ], [ -112.012527, 41.046491 ], [ -112.009303, 41.045034 ], [ -112.0037, 41.042628 ], [ -111.99705, 41.039896 ], [ -111.995438, 41.039717 ], [ -111.990699, 41.040602 ], [ -111.98563, 41.036257 ], [ -111.985234, 41.035884 ], [ -111.985122, 41.035787 ], [ -111.985019, 41.035705 ], [ -111.983173, 41.035585 ], [ -111.978528, 41.034938 ], [ -111.976227, 41.034559 ], [ -111.968672, 41.035048 ], [ -111.962059, 41.029351 ], [ -111.95722, 41.022674 ], [ -111.957209, 41.022651 ], [ -111.956618, 41.021876 ], [ -111.9552, 41.021712 ], [ -111.954686, 41.021706 ], [ -111.946406, 41.018448 ], [ -111.945992, 41.018109 ], [ -111.94098, 41.012135 ], [ -111.940374, 41.011295 ], [ -111.93966, 41.010433 ], [ -111.939087, 41.009849 ], [ -111.937509, 41.008232 ], [ -111.93274, 41.004111 ], [ -111.93213, 41.003632 ], [ -111.931401, 41.0031 ], [ -111.929998, 41.002185 ], [ -111.926485, 40.999971 ], [ -111.920438, 40.995974 ], [ -111.917489, 40.994056 ], [ -111.914475, 40.992098 ], [ -111.912465, 40.99091 ], [ -111.910633, 40.994008 ], [ -111.912642, 40.995197 ], [ -111.915526, 40.997074 ], [ -111.918475, 40.998992 ], [ -111.920977, 41.000753 ], [ -111.924566, 41.003017 ], [ -111.928078, 41.005231 ], [ -111.931819, 41.008221 ], [ -111.933265, 41.009625 ], [ -111.934559, 41.010727 ], [ -111.938403, 41.014927 ], [ -111.940061, 41.018462 ], [ -111.941757, 41.022074 ], [ -111.943453, 41.025687 ], [ -111.938296, 41.031688 ], [ -111.938069, 41.031756 ], [ -111.931135, 41.036239 ], [ -111.929936, 41.037856 ], [ -111.928931, 41.041045 ], [ -111.928511, 41.043171 ], [ -111.928588, 41.043368 ], [ -111.93012, 41.044443 ], [ -111.93592, 41.045925 ], [ -111.937809, 41.052078 ], [ -111.937923, 41.052433 ], [ -111.938045, 41.052747 ], [ -111.934104, 41.060724 ], [ -111.933134, 41.060788 ], [ -111.931879, 41.060974 ], [ -111.931225, 41.061097 ], [ -111.930253, 41.061307 ], [ -111.927013, 41.061923 ], [ -111.927686, 41.06546 ], [ -111.925297, 41.073389 ], [ -111.923213, 41.073557 ], [ -111.923139, 41.07358 ], [ -111.920753, 41.075308 ], [ -111.921951, 41.078703 ], [ -111.929781, 41.081836 ], [ -111.928798, 41.088575 ], [ -111.928798, 41.08899 ], [ -111.930492, 41.09079 ], [ -111.932635, 41.098254 ], [ -111.926998, 41.100694 ], [ -111.925777, 41.10114 ], [ -111.922151, 41.103351 ], [ -111.921848, 41.103474 ], [ -111.920879, 41.104206 ], [ -111.920137, 41.106534 ], [ -111.920163, 41.106587 ], [ -111.922207, 41.107552 ], [ -111.92244, 41.10746 ], [ -111.923502, 41.106689 ], [ -111.931674, 41.107907 ], [ -111.932573, 41.10848 ], [ -111.932677, 41.10848 ], [ -111.935273, 41.107968 ], [ -111.941352, 41.107613 ], [ -111.946202, 41.112297 ], [ -111.95064, 41.117672 ], [ -111.951226, 41.118258 ], [ -111.951433, 41.118259 ], [ -111.952805, 41.116719 ], [ -111.953424, 41.11582 ], [ -111.956107, 41.110365 ], [ -111.957641, 41.107967 ], [ -111.96413, 41.105376 ], [ -111.966815, 41.10528 ], [ -111.96898, 41.105287 ], [ -111.977171, 41.103542 ], [ -111.985875, 41.105345 ], [ -111.994652, 41.105339 ], [ -112.002521, 41.10641 ], [ -112.006848, 41.110374 ], [ -112.010687, 41.113795 ], [ -112.011965, 41.11526 ], [ -112.013814, 41.117272 ], [ -112.01763, 41.12295 ], [ -112.019442, 41.123943 ], [ -112.023348, 41.130777 ], [ -112.023355, 41.134184 ], [ -112.023361, 41.137592 ], [ -112.023367, 41.141 ], [ -112.023373, 41.144407 ], [ -112.02338, 41.147815 ], [ -112.020558, 41.15437 ], [ -112.015812, 41.156158 ], [ -112.013722, 41.156194 ], [ -112.013054, 41.156416 ], [ -112.012351, 41.157001 ], [ -112.011976, 41.157838 ], [ -112.011935, 41.158252 ], [ -112.011951, 41.15945 ], [ -112.011961, 41.160739 ], [ -112.011961, 41.160746 ], [ -112.014108, 41.162536 ], [ -112.013451, 41.170942 ], [ -112.011045, 41.172499 ], [ -112.009793, 41.172967 ], [ -112.009727, 41.172992 ], [ -112.009407, 41.175612 ], [ -112.008957, 41.184416 ], [ -112.008538, 41.184822 ], [ -112.00824, 41.185141 ], [ -112.006697, 41.186874 ], [ -112.004453, 41.18938 ], [ -112.003692, 41.190219 ], [ -112.002864, 41.19107 ], [ -112.001986, 41.191879 ], [ -112.000706, 41.192991 ], [ -111.998643, 41.194607 ], [ -111.995776, 41.196823 ], [ -111.994761, 41.197734 ], [ -111.993703, 41.198902 ], [ -111.990979, 41.202129 ], [ -111.992694, 41.206771 ], [ -111.993075, 41.207602 ], [ -111.993391, 41.208161 ], [ -111.996526, 41.206391 ], [ -111.998174, 41.199508 ], [ -112.000841, 41.197458 ], [ -112.002926, 41.195824 ], [ -112.004343, 41.1946 ], [ -112.005302, 41.193719 ], [ -112.006267, 41.192735 ], [ -112.007117, 41.191802 ], [ -112.009379, 41.189276 ], [ -112.013735, 41.185223 ], [ -112.015741, 41.183675 ], [ -112.017261, 41.182485 ], [ -112.01773, 41.18207 ], [ -112.025978, 41.179783 ], [ -112.026005, 41.179783 ], [ -112.029206, 41.177962 ], [ -112.035722, 41.172536 ], [ -112.036856, 41.17149 ], [ -112.040111, 41.167162 ], [ -112.045188, 41.164614 ], [ -112.046988, 41.162939 ], [ -112.046988, 41.162811 ], [ -112.046987, 41.161032 ], [ -112.04699, 41.160496 ], [ -112.045791, 41.159278 ], [ -112.045712, 41.159263 ], [ -112.04522, 41.159226 ], [ -112.037867, 41.156634 ], [ -112.035796, 41.1539 ], [ -112.034645, 41.147293 ], [ -112.03992, 41.141693 ], [ -112.043662, 41.142535 ], [ -112.045516, 41.143023 ], [ -112.046124, 41.142983 ], [ -112.049828, 41.141677 ], [ -112.054428, 41.140947 ], [ -112.054722, 41.14095 ], [ -112.055526, 41.140922 ], [ -112.056642, 41.139807 ], [ -112.06091, 41.135864 ], [ -112.064414, 41.134442 ], [ -112.065516, 41.132746 ], [ -112.069389, 41.127179 ], [ -112.070645, 41.123438 ], [ -112.077217, 41.120797 ], [ -112.081656, 41.124705 ], [ -112.081979, 41.125868 ], [ -112.082007, 41.126035 ], [ -112.082107, 41.126304 ], [ -112.083406, 41.127152 ], [ -112.084278, 41.127196 ], [ -112.084508, 41.127155 ], [ -112.085554, 41.125419 ], [ -112.086225, 41.124315 ], [ -112.093413, 41.119902 ], [ -112.097513, 41.120074 ], [ -112.097791, 41.120078 ], [ -112.099474, 41.11992 ], [ -112.099457, 41.11632 ], [ -112.103007, 41.109272 ], [ -112.105211, 41.109268 ], [ -112.107415, 41.109264 ], [ -112.107409, 41.105664 ], [ -112.105205, 41.105668 ] ] ] } },
{ "type": "Feature", "properties": { "group_index": 0, "value": 600.0, "center": [ -112.06461270240078, 41.08714537817208 ], "point_id": 113 }, "geometry": { "type": "Polygon", "coordinates": [ [ [ -112.172246, 41.08751 ], [ -112.168058, 41.087506 ], [ -112.16387, 41.087502 ], [ -112.159662, 41.087499 ], [ -112.155453, 41.087495 ], [ -112.151244, 41.087491 ], [ -112.147036, 41.087487 ], [ -112.142827, 41.087483 ], [ -112.138619, 41.087479 ], [ -112.13441, 41.087475 ], [ -112.130201, 41.087472 ], [ -112.125993, 41.087468 ], [ -112.121784, 41.087464 ], [ -112.114393, 41.082771 ], [ -112.11366, 41.08209 ], [ -112.109552, 41.080279 ], [ -112.10491, 41.074946 ], [ -112.104158, 41.073446 ], [ -112.103145, 41.072028 ], [ -112.096187, 41.072956 ], [ -112.094001, 41.072965 ], [ -112.085711, 41.069822 ], [ -112.08572, 41.067807 ], [ -112.085724, 41.06549 ], [ -112.080868, 41.061624 ], [ -112.075907, 41.058711 ], [ -112.075278, 41.058553 ], [ -112.074911, 41.05849 ], [ -112.074316, 41.058451 ], [ -112.071881, 41.058422 ], [ -112.068282, 41.058416 ], [ -112.064701, 41.058411 ], [ -112.064692, 41.058411 ], [ -112.062303, 41.058419 ], [ -112.059913, 41.058427 ], [ -112.054884, 41.052944 ], [ -112.054887, 41.05082 ], [ -112.051288, 41.05094 ], [ -112.051284, 41.052938 ], [ -112.044187, 41.058423 ], [ -112.040681, 41.057112 ], [ -112.038353, 41.055695 ], [ -112.037665, 41.0553 ], [ -112.036944, 41.054922 ], [ -112.031388, 41.047969 ], [ -112.026376, 41.045825 ], [ -112.020689, 41.049525 ], [ -112.01792, 41.048924 ], [ -112.015752, 41.047948 ], [ -112.011873, 41.046195 ], [ -112.0081, 41.044494 ], [ -112.002542, 41.040188 ], [ -111.998009, 41.034201 ], [ -111.995921, 41.032323 ], [ -111.993832, 41.030445 ], [ -111.987984, 41.028673 ], [ -111.985847, 41.027738 ], [ -111.983765, 41.026828 ], [ -111.977217, 41.021602 ], [ -111.974917, 41.019237 ], [ -111.972617, 41.016871 ], [ -111.970317, 41.014506 ], [ -111.968017, 41.012141 ], [ -111.965674, 41.009733 ], [ -111.965269, 41.009349 ], [ -111.964833, 41.008985 ], [ -111.964297, 41.008593 ], [ -111.963495, 41.0081 ], [ -111.95718, 41.003826 ], [ -111.955225, 41.001884 ], [ -111.952688, 41.004439 ], [ -111.954644, 41.006381 ], [ -111.9566, 41.008323 ], [ -111.957148, 41.008804 ], [ -111.957638, 41.009193 ], [ -111.958137, 41.009538 ], [ -111.958838, 41.009936 ], [ -111.959336, 41.010172 ], [ -111.965436, 41.014651 ], [ -111.967736, 41.017016 ], [ -111.970036, 41.019381 ], [ -111.972336, 41.021746 ], [ -111.974636, 41.024112 ], [ -111.972958, 41.031172 ], [ -111.972776, 41.031589 ], [ -111.966361, 41.036608 ], [ -111.965086, 41.036588 ], [ -111.964532, 41.03843 ], [ -111.964865, 41.039656 ], [ -111.965028, 41.040187 ], [ -111.967752, 41.040615 ], [ -111.968007, 41.040617 ], [ -111.972414, 41.041204 ], [ -111.973322, 41.041386 ], [ -111.974106, 41.050258 ], [ -111.972556, 41.050769 ], [ -111.973574, 41.054222 ], [ -111.974877, 41.053837 ], [ -111.975569, 41.053547 ], [ -111.979259, 41.052459 ], [ -111.986151, 41.057666 ], [ -111.987222, 41.058125 ], [ -111.990563, 41.060104 ], [ -111.993486, 41.067379 ], [ -111.993762, 41.069308 ], [ -111.993852, 41.069405 ], [ -111.995458, 41.070391 ], [ -111.998106, 41.071616 ], [ -111.999808, 41.074625 ], [ -111.99315, 41.079161 ], [ -111.991759, 41.078624 ], [ -111.990177, 41.078333 ], [ -111.988605, 41.077719 ], [ -111.987001, 41.078271 ], [ -111.986892, 41.078393 ], [ -111.986743, 41.0808 ], [ -111.988339, 41.088718 ], [ -111.989862, 41.091064 ], [ -111.995507, 41.094412 ], [ -111.99603, 41.094673 ], [ -111.999773, 41.097067 ], [ -112.000923, 41.10242 ], [ -112.001245, 41.102725 ], [ -112.001628, 41.103047 ], [ -112.003966, 41.105332 ], [ -112.006666, 41.11266 ], [ -112.006739, 41.112671 ], [ -112.010346, 41.112713 ], [ -112.01698, 41.118648 ], [ -112.01711, 41.118897 ], [ -112.023013, 41.124275 ], [ -112.024432, 41.125357 ], [ -112.026631, 41.124858 ], [ -112.03116, 41.132607 ], [ -112.03116, 41.132657 ], [ -112.03276, 41.134399 ], [ -112.032959, 41.134399 ], [ -112.037432, 41.135209 ], [ -112.042828, 41.139933 ], [ -112.043597, 41.141291 ], [ -112.044347, 41.14168 ], [ -112.046498, 41.141871 ], [ -112.054633, 41.14528 ], [ -112.055067, 41.145278 ], [ -112.062091, 41.141679 ], [ -112.064116, 41.140926 ], [ -112.071894, 41.141682 ], [ -112.072847, 41.141681 ], [ -112.078758, 41.142836 ], [ -112.08103, 41.146052 ], [ -112.082818, 41.148741 ], [ -112.082851, 41.14876 ], [ -112.084147, 41.148782 ], [ -112.084247, 41.148748 ], [ -112.084872, 41.146953 ], [ -112.09183, 41.141627 ], [ -112.09484, 41.14166 ], [ -112.09511, 41.141661 ], [ -112.103299, 41.141662 ], [ -112.11119, 41.144577 ], [ -112.112674, 41.145869 ], [ -112.112848, 41.145885 ], [ -112.114778, 41.144283 ], [ -112.121774, 41.141659 ], [ -112.121773, 41.138059 ], [ -112.12198, 41.134222 ], [ -112.123972, 41.128466 ], [ -112.123971, 41.128316 ], [ -112.123961, 41.12524 ], [ -112.122622, 41.118645 ], [ -112.120423, 41.112956 ], [ -112.120282, 41.1126 ], [ -112.116666, 41.105487 ], [ -112.119777, 41.097807 ], [ -112.121016, 41.097153 ], [ -112.12599, 41.091068 ], [ -112.130198, 41.091072 ], [ -112.134407, 41.091075 ], [ -112.138615, 41.091079 ], [ -112.142824, 41.091083 ], [ -112.147033, 41.091087 ], [ -112.151241, 41.091091 ], [ -112.15545, 41.091095 ], [ -112.159658, 41.091099 ], [ -112.163867, 41.091102 ], [ -112.168055, 41.091106 ], [ -112.172243, 41.09111 ], [ -112.172246, 41.08751 ] ] ] } },
{ "type": "Feature", "properties": { "group_index": 0, "value": 600.0, "center": [ -111.88554484627817, 40.91677683367947 ], "point_id": 114 }, "geometry": { "type": "Polygon", "coordinates": [ [ [ -111.956725, 41.003734 ], [ -111.954537, 41.001566 ], [ -111.95234, 40.999389 ], [ -111.950142, 40.997212 ], [ -111.949417, 40.996603 ], [ -111.94863, 40.996058 ], [ -111.947683, 40.995522 ], [ -111.947303, 40.995336 ], [ -111.946744, 40.995106 ], [ -111.942658, 40.99237 ], [ -111.940442, 40.991028 ], [ -111.938436, 40.983002 ], [ -111.938632, 40.982397 ], [ -111.938772, 40.981833 ], [ -111.938892, 40.981059 ], [ -111.93893, 40.980084 ], [ -111.938848, 40.979073 ], [ -111.938707, 40.978318 ], [ -111.938164, 40.976299 ], [ -111.937649, 40.974397 ], [ -111.93738, 40.97359 ], [ -111.93702, 40.972777 ], [ -111.936692, 40.972179 ], [ -111.936367, 40.97167 ], [ -111.936036, 40.971219 ], [ -111.93572, 40.970838 ], [ -111.935315, 40.970399 ], [ -111.934811, 40.969906 ], [ -111.934054, 40.969277 ], [ -111.933291, 40.968746 ], [ -111.932717, 40.968399 ], [ -111.931806, 40.967928 ], [ -111.931104, 40.96762 ], [ -111.930365, 40.967343 ], [ -111.929601, 40.967104 ], [ -111.928817, 40.966904 ], [ -111.928006, 40.966743 ], [ -111.927568, 40.966674 ], [ -111.926756, 40.966579 ], [ -111.925637, 40.966514 ], [ -111.921807, 40.966504 ], [ -111.918073, 40.966498 ], [ -111.911341, 40.96318 ], [ -111.907715, 40.961651 ], [ -111.907245, 40.961388 ], [ -111.906624, 40.961082 ], [ -111.901005, 40.954349 ], [ -111.894466, 40.949307 ], [ -111.894448, 40.948169 ], [ -111.894301, 40.944818 ], [ -111.899945, 40.94087 ], [ -111.900619, 40.933308 ], [ -111.90062, 40.933302 ], [ -111.901001, 40.931483 ], [ -111.901385, 40.929644 ], [ -111.902168, 40.925743 ], [ -111.902955, 40.921827 ], [ -111.908151, 40.917402 ], [ -111.909829, 40.916541 ], [ -111.910969, 40.915733 ], [ -111.911881, 40.914963 ], [ -111.914341, 40.912349 ], [ -111.91673, 40.909807 ], [ -111.923982, 40.904603 ], [ -111.925767, 40.903491 ], [ -111.927054, 40.902563 ], [ -111.928172, 40.901606 ], [ -111.930713, 40.89922 ], [ -111.934907, 40.89595 ], [ -111.936156, 40.894496 ], [ -111.936696, 40.893626 ], [ -111.941031, 40.886565 ], [ -111.94144, 40.885906 ], [ -111.941655, 40.884951 ], [ -111.941555, 40.884144 ], [ -111.94121, 40.88342 ], [ -111.939884, 40.876172 ], [ -111.942403, 40.868752 ], [ -111.944444, 40.865869 ], [ -111.944948, 40.865125 ], [ -111.945509, 40.864172 ], [ -111.945866, 40.863305 ], [ -111.946068, 40.862568 ], [ -111.946179, 40.861747 ], [ -111.946177, 40.860895 ], [ -111.945933, 40.85843 ], [ -111.945688, 40.855965 ], [ -111.945443, 40.8535 ], [ -111.945205, 40.851116 ], [ -111.94505, 40.848277 ], [ -111.94502, 40.846275 ], [ -111.944985, 40.844165 ], [ -111.944904, 40.843137 ], [ -111.944779, 40.842243 ], [ -111.943254, 40.833417 ], [ -111.943906, 40.832987 ], [ -111.947402, 40.831481 ], [ -111.948107, 40.830454 ], [ -111.948354, 40.830007 ], [ -111.948652, 40.829404 ], [ -111.945426, 40.827807 ], [ -111.938737, 40.832287 ], [ -111.934229, 40.832331 ], [ -111.932791, 40.832493 ], [ -111.930222, 40.832409 ], [ -111.929935, 40.832382 ], [ -111.929762, 40.832375 ], [ -111.925348, 40.83241 ], [ -111.9184, 40.82729 ], [ -111.918324, 40.826725 ], [ -111.918481, 40.824337 ], [ -111.922122, 40.817136 ], [ -111.923075, 40.816295 ], [ -111.923914, 40.815398 ], [ -111.924502, 40.814709 ], [ -111.92476, 40.814383 ], [ -111.925237, 40.813689 ], [ -111.925417, 40.813369 ], [ -111.925833, 40.811656 ], [ -111.9259, 40.81133 ], [ -111.922375, 40.810599 ], [ -111.916879, 40.816678 ], [ -111.916318, 40.817298 ], [ -111.915895, 40.817877 ], [ -111.915525, 40.818494 ], [ -111.915232, 40.819111 ], [ -111.915041, 40.819603 ], [ -111.91488, 40.820158 ], [ -111.914791, 40.820657 ], [ -111.914652, 40.822084 ], [ -111.914521, 40.823915 ], [ -111.914409, 40.826315 ], [ -111.91438, 40.826853 ], [ -111.91425, 40.828295 ], [ -111.911228, 40.835524 ], [ -111.903977, 40.840009 ], [ -111.902382, 40.841788 ], [ -111.902379, 40.842011 ], [ -111.900964, 40.849603 ], [ -111.900043, 40.850886 ], [ -111.896427, 40.854055 ], [ -111.892235, 40.856549 ], [ -111.891963, 40.856726 ], [ -111.887698, 40.859799 ], [ -111.885994, 40.861547 ], [ -111.885993, 40.861581 ], [ -111.88357, 40.867643 ], [ -111.880742, 40.869404 ], [ -111.875419, 40.871108 ], [ -111.87362, 40.871978 ], [ -111.87282, 40.872943 ], [ -111.870688, 40.874821 ], [ -111.864178, 40.875594 ], [ -111.863786, 40.875512 ], [ -111.862761, 40.875386 ], [ -111.859959, 40.877955 ], [ -111.85516, 40.880393 ], [ -111.8532, 40.881262 ], [ -111.845846, 40.882905 ], [ -111.84412, 40.883909 ], [ -111.843265, 40.886705 ], [ -111.84311, 40.887215 ], [ -111.843051, 40.887648 ], [ -111.843014, 40.893027 ], [ -111.847371, 40.89693 ], [ -111.8541, 40.901002 ], [ -111.854779, 40.901545 ], [ -111.855011, 40.9015 ], [ -111.855753, 40.901184 ], [ -111.859031, 40.900606 ], [ -111.862985, 40.903889 ], [ -111.858687, 40.909815 ], [ -111.858766, 40.910827 ], [ -111.858526, 40.915101 ], [ -111.859186, 40.915844 ], [ -111.859755, 40.916475 ], [ -111.860739, 40.917147 ], [ -111.867561, 40.921775 ], [ -111.867071, 40.930013 ], [ -111.865651, 40.93185 ], [ -111.865592, 40.934213 ], [ -111.865946, 40.935311 ], [ -111.868794, 40.937382 ], [ -111.870836, 40.946074 ], [ -111.871498, 40.947464 ], [ -111.872061, 40.948509 ], [ -111.87259, 40.949501 ], [ -111.879885, 40.952902 ], [ -111.881542, 40.960065 ], [ -111.877845, 40.96462 ], [ -111.877378, 40.964866 ], [ -111.876911, 40.965285 ], [ -111.876532, 40.965968 ], [ -111.873262, 40.970566 ], [ -111.873448, 40.971255 ], [ -111.875361, 40.977514 ], [ -111.87995, 40.983886 ], [ -111.88404, 40.99045 ], [ -111.885351, 40.992107 ], [ -111.887784, 40.993552 ], [ -111.891665, 40.998986 ], [ -111.893054, 41.000135 ], [ -111.898656, 41.00344 ], [ -111.903208, 41.010604 ], [ -111.903343, 41.010794 ], [ -111.903403, 41.010874 ], [ -111.903456, 41.010941 ], [ -111.907161, 41.018068 ], [ -111.90679, 41.019451 ], [ -111.906652, 41.02017 ], [ -111.906544, 41.020873 ], [ -111.906466, 41.021481 ], [ -111.906371, 41.022576 ], [ -111.906334, 41.02332 ], [ -111.906362, 41.024409 ], [ -111.906626, 41.028115 ], [ -111.906892, 41.031853 ], [ -111.907044, 41.033543 ], [ -111.907252, 41.035187 ], [ -111.910823, 41.034734 ], [ -111.910615, 41.03309 ], [ -111.910478, 41.031534 ], [ -111.910217, 41.02786 ], [ -111.909953, 41.024153 ], [ -111.909965, 41.022787 ], [ -111.910052, 41.021791 ], [ -111.915425, 41.016238 ], [ -111.917135, 41.016159 ], [ -111.91723, 41.016097 ], [ -111.917698, 41.013447 ], [ -111.916922, 41.011298 ], [ -111.921142, 41.003349 ], [ -111.921441, 41.003349 ], [ -111.928011, 41.005542 ], [ -111.929263, 41.006352 ], [ -111.930138, 41.007136 ], [ -111.930758, 41.00758 ], [ -111.933119, 41.00992 ], [ -111.935148, 41.011648 ], [ -111.938106, 41.01496 ], [ -111.939509, 41.017996 ], [ -111.940911, 41.021032 ], [ -111.942313, 41.024068 ], [ -111.943719, 41.027114 ], [ -111.944661, 41.029123 ], [ -111.947921, 41.027596 ], [ -111.946979, 41.025586 ], [ -111.945581, 41.022559 ], [ -111.944179, 41.019523 ], [ -111.942777, 41.016487 ], [ -111.941375, 41.01345 ], [ -111.940798, 41.012417 ], [ -111.94042, 41.011857 ], [ -111.939651, 41.010874 ], [ -111.93917, 41.010342 ], [ -111.938753, 41.009925 ], [ -111.94056, 41.001908 ], [ -111.942297, 41.001626 ], [ -111.942956, 41.001621 ], [ -111.943369, 41.001595 ], [ -111.94413, 41.001442 ], [ -111.952003, 41.004124 ], [ -111.954191, 41.006292 ], [ -111.956379, 41.00846 ], [ -111.958913, 41.005902 ], [ -111.956725, 41.003734 ] ] ] } },
{ "type": "Feature", "properties": { "group_index": 0, "value": 600.0, "center": [ -111.93862137005316, 41.03566957717183 ], "point_id": 115 }, "geometry": { "type": "Polygon", "coordinates": [ [ [ -112.025903, 41.123966 ], [ -112.025558, 41.123414 ], [ -112.025093, 41.122767 ], [ -112.023993, 41.121575 ], [ -112.02348, 41.121133 ], [ -112.020639, 41.119093 ], [ -112.019535, 41.1181 ], [ -112.018275, 41.116807 ], [ -112.016465, 41.114836 ], [ -112.014616, 41.112824 ], [ -112.013401, 41.111429 ], [ -112.012899, 41.103531 ], [ -112.012899, 41.103319 ], [ -112.012134, 41.101728 ], [ -112.009969, 41.101423 ], [ -112.0052, 41.094016 ], [ -112.005965, 41.091506 ], [ -112.005463, 41.090156 ], [ -112.004159, 41.087352 ], [ -112.003257, 41.08682 ], [ -111.999923, 41.084787 ], [ -111.998938, 41.076462 ], [ -112.000054, 41.07483 ], [ -112.000189, 41.074612 ], [ -112.000156, 41.074477 ], [ -111.99999, 41.074031 ], [ -111.999622, 41.073301 ], [ -111.999338, 41.072982 ], [ -111.995156, 41.068156 ], [ -111.996881, 41.06028 ], [ -111.996882, 41.060155 ], [ -112.00041, 41.053442 ], [ -112.00527, 41.056661 ], [ -112.00887, 41.056676 ], [ -112.014902, 41.054932 ], [ -112.018449, 41.055547 ], [ -112.02625, 41.055879 ], [ -112.027593, 41.056161 ], [ -112.029988, 41.056588 ], [ -112.031031, 41.056818 ], [ -112.031808, 41.053303 ], [ -112.030766, 41.053072 ], [ -112.028225, 41.052617 ], [ -112.020603, 41.049174 ], [ -112.020519, 41.049118 ], [ -112.019045, 41.048872 ], [ -112.011744, 41.046393 ], [ -112.007913, 41.04466 ], [ -112.002376, 41.040384 ], [ -111.998491, 41.034634 ], [ -111.996161, 41.03254 ], [ -111.993832, 41.030445 ], [ -111.991583, 41.029724 ], [ -111.991029, 41.029556 ], [ -111.985847, 41.027738 ], [ -111.983765, 41.026828 ], [ -111.977217, 41.021602 ], [ -111.974917, 41.019237 ], [ -111.972617, 41.016871 ], [ -111.970317, 41.014506 ], [ -111.968017, 41.012141 ], [ -111.965674, 41.009733 ], [ -111.965269, 41.009349 ], [ -111.964833, 41.008985 ], [ -111.964297, 41.008593 ], [ -111.963495, 41.0081 ], [ -111.962673, 41.007683 ], [ -111.956734, 41.003744 ], [ -111.954537, 41.001566 ], [ -111.95234, 40.999389 ], [ -111.950142, 40.997212 ], [ -111.949417, 40.996603 ], [ -111.94863, 40.996058 ], [ -111.947683, 40.995522 ], [ -111.947303, 40.995336 ], [ -111.946744, 40.995106 ], [ -111.942658, 40.99237 ], [ -111.940442, 40.991028 ], [ -111.938757, 40.982974 ], [ -111.938946, 40.982368 ], [ -111.939076, 40.981787 ], [ -111.93919, 40.980961 ], [ -111.93924, 40.980045 ], [ -111.939209, 40.979551 ], [ -111.93913, 40.978989 ], [ -111.938954, 40.978129 ], [ -111.938443, 40.976249 ], [ -111.937931, 40.974369 ], [ -111.934457, 40.975314 ], [ -111.934969, 40.977194 ], [ -111.93548, 40.979074 ], [ -111.93533, 40.981871 ], [ -111.934248, 40.9845 ], [ -111.934021, 40.985126 ], [ -111.933869, 40.985674 ], [ -111.92863, 40.990691 ], [ -111.921288, 40.987703 ], [ -111.92163, 40.982221 ], [ -111.921632, 40.982058 ], [ -111.920502, 40.980413 ], [ -111.918081, 40.979883 ], [ -111.911686, 40.977874 ], [ -111.911547, 40.977857 ], [ -111.908467, 40.978847 ], [ -111.908337, 40.978885 ], [ -111.899553, 40.976945 ], [ -111.898752, 40.974811 ], [ -111.897832, 40.972291 ], [ -111.896884, 40.969699 ], [ -111.896175, 40.967991 ], [ -111.894741, 40.959973 ], [ -111.894863, 40.957898 ], [ -111.894935, 40.955578 ], [ -111.894963, 40.953241 ], [ -111.894911, 40.950381 ], [ -111.893285, 40.941764 ], [ -111.889685, 40.941748 ], [ -111.88967, 40.945065 ], [ -111.88941, 40.952454 ], [ -111.889374, 40.953175 ], [ -111.889377, 40.954434 ], [ -111.889566, 40.961076 ], [ -111.889538, 40.96383 ], [ -111.88954, 40.966429 ], [ -111.889641, 40.967499 ], [ -111.889813, 40.968297 ], [ -111.890242, 40.969581 ], [ -111.890601, 40.970301 ], [ -111.891595, 40.971881 ], [ -111.892317, 40.973088 ], [ -111.892663, 40.973753 ], [ -111.893101, 40.974683 ], [ -111.894449, 40.978159 ], [ -111.895847, 40.981752 ], [ -111.888514, 40.985512 ], [ -111.88846, 40.985479 ], [ -111.887533, 40.985218 ], [ -111.887473, 40.985218 ], [ -111.886911, 40.985325 ], [ -111.886853, 40.985349 ], [ -111.885729, 40.98683 ], [ -111.885353, 40.990176 ], [ -111.885325, 40.990746 ], [ -111.885344, 40.991128 ], [ -111.886282, 40.996919 ], [ -111.88634, 40.997035 ], [ -111.888067, 41.000134 ], [ -111.889982, 41.003734 ], [ -111.892883, 41.010336 ], [ -111.895516, 41.013722 ], [ -111.897262, 41.019631 ], [ -111.895549, 41.026931 ], [ -111.895696, 41.027765 ], [ -111.898563, 41.034005 ], [ -111.898711, 41.034328 ], [ -111.900393, 41.038333 ], [ -111.900139, 41.046937 ], [ -111.900779, 41.05089 ], [ -111.902815, 41.059203 ], [ -111.901581, 41.060421 ], [ -111.901178, 41.060836 ], [ -111.900985, 41.061099 ], [ -111.903885, 41.063232 ], [ -111.908255, 41.070792 ], [ -111.906535, 41.073333 ], [ -111.903943, 41.077635 ], [ -111.903911, 41.077742 ], [ -111.905163, 41.079891 ], [ -111.906701, 41.087383 ], [ -111.90662, 41.095306 ], [ -111.906599, 41.095573 ], [ -111.908286, 41.103913 ], [ -111.908175, 41.104646 ], [ -111.908136, 41.105902 ], [ -111.911724, 41.106197 ], [ -111.911842, 41.104765 ], [ -111.91188, 41.104123 ], [ -111.911965, 41.101386 ], [ -111.912089, 41.098921 ], [ -111.913581, 41.092526 ], [ -111.913592, 41.092184 ], [ -111.913591, 41.092054 ], [ -111.913573, 41.091637 ], [ -111.912749, 41.088936 ], [ -111.913756, 41.082939 ], [ -111.9181, 41.08014 ], [ -111.919108, 41.079739 ], [ -111.920121, 41.079328 ], [ -111.92049, 41.079217 ], [ -111.926174, 41.07876 ], [ -111.928925, 41.082365 ], [ -111.92894, 41.082435 ], [ -111.929987, 41.083814 ], [ -111.930294, 41.083821 ], [ -111.930873, 41.083776 ], [ -111.935007, 41.084124 ], [ -111.936949, 41.084384 ], [ -111.941997, 41.090686 ], [ -111.948261, 41.095267 ], [ -111.950003, 41.096836 ], [ -111.950052, 41.096836 ], [ -111.951861, 41.095209 ], [ -111.959381, 41.090905 ], [ -111.959955, 41.090912 ], [ -111.967732, 41.090996 ], [ -111.97163, 41.093591 ], [ -111.973417, 41.095048 ], [ -111.973551, 41.095049 ], [ -111.979463, 41.094012 ], [ -111.984288, 41.099334 ], [ -111.984406, 41.099937 ], [ -111.985598, 41.103537 ], [ -111.98603, 41.105345 ], [ -111.987401, 41.105343 ], [ -111.990996, 41.105091 ], [ -111.994652, 41.105339 ], [ -112.002521, 41.10641 ], [ -112.004295, 41.108443 ], [ -112.004444, 41.108649 ], [ -112.006666, 41.110234 ], [ -112.010687, 41.113795 ], [ -112.011965, 41.11526 ], [ -112.013814, 41.117272 ], [ -112.015702, 41.119324 ], [ -112.017128, 41.120778 ], [ -112.02092, 41.124386 ], [ -112.022954, 41.126082 ], [ -112.026124, 41.124376 ], [ -112.025903, 41.123966 ] ] ] } },
{ "type": "Feature", "properties": { "group_index": 0, "value": 600.0, "center": [ -111.83059684645134, 40.74431903247665 ], "point_id": 116 }, "geometry": { "type": "Polygon", "coordinates": [ [ [ -111.880012, 40.760765 ], [ -111.880629, 40.752279 ], [ -111.880632, 40.751976 ], [ -111.882011, 40.743429 ], [ -111.883633, 40.742196 ], [ -111.883656, 40.742127 ], [ -111.883685, 40.742033 ], [ -111.883705, 40.741893 ], [ -111.881962, 40.739829 ], [ -111.878098, 40.733365 ], [ -111.877895, 40.732971 ], [ -111.87644, 40.731721 ], [ -111.87309, 40.727986 ], [ -111.873075, 40.720402 ], [ -111.87255, 40.716841 ], [ -111.871424, 40.717007 ], [ -111.868537, 40.717479 ], [ -111.867344, 40.717613 ], [ -111.86581, 40.717709 ], [ -111.861581, 40.717881 ], [ -111.854892, 40.714485 ], [ -111.850159, 40.710893 ], [ -111.849023, 40.710893 ], [ -111.845419, 40.710569 ], [ -111.84063, 40.708342 ], [ -111.836851, 40.700731 ], [ -111.835883, 40.699657 ], [ -111.834302, 40.698069 ], [ -111.834096, 40.697865 ], [ -111.834088, 40.697865 ], [ -111.833443, 40.698069 ], [ -111.831779, 40.699878 ], [ -111.83178, 40.699913 ], [ -111.828195, 40.707812 ], [ -111.824542, 40.70904 ], [ -111.816773, 40.711185 ], [ -111.816116, 40.711229 ], [ -111.81539, 40.711325 ], [ -111.814181, 40.711555 ], [ -111.813457, 40.711757 ], [ -111.808392, 40.711632 ], [ -111.807649, 40.711364 ], [ -111.804839, 40.709973 ], [ -111.804281, 40.709645 ], [ -111.802188, 40.700901 ], [ -111.802436, 40.700105 ], [ -111.802433, 40.699956 ], [ -111.802001, 40.698698 ], [ -111.801958, 40.698651 ], [ -111.798978, 40.691269 ], [ -111.799452, 40.689551 ], [ -111.799592, 40.688992 ], [ -111.799688, 40.688515 ], [ -111.79939, 40.684435 ], [ -111.799411, 40.683652 ], [ -111.795813, 40.683553 ], [ -111.795791, 40.684336 ], [ -111.795174, 40.691529 ], [ -111.793189, 40.697516 ], [ -111.792096, 40.700291 ], [ -111.792144, 40.700554 ], [ -111.792888, 40.701729 ], [ -111.793812, 40.705095 ], [ -111.78945, 40.710261 ], [ -111.788727, 40.710475 ], [ -111.788116, 40.710714 ], [ -111.787449, 40.711032 ], [ -111.786196, 40.71177 ], [ -111.784857, 40.712617 ], [ -111.784027, 40.713228 ], [ -111.78346, 40.713763 ], [ -111.78292, 40.714469 ], [ -111.782589, 40.715135 ], [ -111.781772, 40.717134 ], [ -111.784847, 40.719006 ], [ -111.78516, 40.718491 ], [ -111.7926, 40.713621 ], [ -111.793506, 40.713553 ], [ -111.794042, 40.713469 ], [ -111.794516, 40.713358 ], [ -111.798435, 40.713001 ], [ -111.801641, 40.714061 ], [ -111.804929, 40.719966 ], [ -111.803861, 40.723915 ], [ -111.803718, 40.724399 ], [ -111.803701, 40.725164 ], [ -111.803966, 40.726534 ], [ -111.804095, 40.726952 ], [ -111.804716, 40.727979 ], [ -111.807642, 40.736401 ], [ -111.803873, 40.740584 ], [ -111.803166, 40.741752 ], [ -111.801934, 40.743617 ], [ -111.797644, 40.751005 ], [ -111.79643, 40.751301 ], [ -111.79454, 40.751849 ], [ -111.793931, 40.752163 ], [ -111.793375, 40.752577 ], [ -111.788837, 40.756048 ], [ -111.781446, 40.75853 ], [ -111.78098, 40.758638 ], [ -111.78043, 40.758847 ], [ -111.779939, 40.759128 ], [ -111.779536, 40.759469 ], [ -111.779195, 40.759924 ], [ -111.771656, 40.7641 ], [ -111.769325, 40.764546 ], [ -111.768415, 40.764775 ], [ -111.767663, 40.765041 ], [ -111.768862, 40.768435 ], [ -111.77233, 40.767636 ], [ -111.778958, 40.76738 ], [ -111.779627, 40.767281 ], [ -111.780136, 40.767147 ], [ -111.780586, 40.766973 ], [ -111.781339, 40.76659 ], [ -111.786812, 40.764236 ], [ -111.787427, 40.763981 ], [ -111.787938, 40.763547 ], [ -111.794097, 40.757077 ], [ -111.799199, 40.754312 ], [ -111.804646, 40.753778 ], [ -111.805099, 40.753803 ], [ -111.805663, 40.75377 ], [ -111.806152, 40.753677 ], [ -111.806689, 40.753489 ], [ -111.807212, 40.753221 ], [ -111.809828, 40.752102 ], [ -111.815097, 40.752831 ], [ -111.817534, 40.757345 ], [ -111.82097, 40.761043 ], [ -111.823922, 40.764925 ], [ -111.824455, 40.765618 ], [ -111.82804, 40.769284 ], [ -111.829423, 40.770254 ], [ -111.835657, 40.773567 ], [ -111.843558, 40.777386 ], [ -111.844093, 40.777588 ], [ -111.844587, 40.777729 ], [ -111.845123, 40.777825 ], [ -111.845562, 40.777862 ], [ -111.84613, 40.77786 ], [ -111.846669, 40.777813 ], [ -111.847144, 40.777734 ], [ -111.847598, 40.777611 ], [ -111.848075, 40.77743 ], [ -111.852249, 40.775159 ], [ -111.856312, 40.77349 ], [ -111.864929, 40.771698 ], [ -111.865592, 40.771704 ], [ -111.867382, 40.771171 ], [ -111.870959, 40.768976 ], [ -111.872751, 40.767211 ], [ -111.878719, 40.762555 ], [ -111.880011, 40.760916 ], [ -111.880012, 40.760765 ] ] ] } },
{ "type": "Feature", "properties": { "group_index": 0, "value": 600.0, "center": [ -111.91619668457598, 40.75658635306814 ], "point_id": 117 }, "geometry": { "type": "Polygon", "coordinates": [ [ [ -112.024888, 40.769393 ], [ -112.022175, 40.769393 ], [ -112.019901, 40.769393 ], [ -112.017628, 40.769393 ], [ -112.015926, 40.76941 ], [ -112.014496, 40.769375 ], [ -112.005904, 40.767911 ], [ -111.999966, 40.766279 ], [ -111.99836, 40.765581 ], [ -111.995974, 40.764593 ], [ -111.995048, 40.764267 ], [ -111.993721, 40.763854 ], [ -111.991793, 40.763375 ], [ -111.990849, 40.763195 ], [ -111.989993, 40.763057 ], [ -111.988458, 40.762892 ], [ -111.98734, 40.762835 ], [ -111.984923, 40.762795 ], [ -111.982292, 40.762794 ], [ -111.97969, 40.762794 ], [ -111.977089, 40.762793 ], [ -111.973567, 40.757033 ], [ -111.9779, 40.753688 ], [ -111.978874, 40.753288 ], [ -111.981232, 40.751848 ], [ -111.981634, 40.751667 ], [ -111.983044, 40.750074 ], [ -111.983591, 40.749091 ], [ -111.9838, 40.74863 ], [ -111.98393, 40.748186 ], [ -111.983973, 40.747957 ], [ -111.978978, 40.744946 ], [ -111.977856, 40.743932 ], [ -111.975433, 40.740426 ], [ -111.973784, 40.738679 ], [ -111.972111, 40.737882 ], [ -111.971978, 40.737884 ], [ -111.968981, 40.737132 ], [ -111.970825, 40.728519 ], [ -111.973248, 40.728305 ], [ -111.975673, 40.728092 ], [ -111.977755, 40.727905 ], [ -111.979017, 40.727832 ], [ -111.97881, 40.724238 ], [ -111.977548, 40.724311 ], [ -111.975353, 40.724506 ], [ -111.972932, 40.724719 ], [ -111.970509, 40.724933 ], [ -111.969473, 40.724981 ], [ -111.968405, 40.724982 ], [ -111.966231, 40.724897 ], [ -111.965001, 40.724759 ], [ -111.962159, 40.724267 ], [ -111.961279, 40.724155 ], [ -111.95539, 40.717911 ], [ -111.951825, 40.717406 ], [ -111.951651, 40.718635 ], [ -111.94559, 40.722704 ], [ -111.941791, 40.719535 ], [ -111.940779, 40.717907 ], [ -111.939007, 40.716134 ], [ -111.938998, 40.716134 ], [ -111.937179, 40.717914 ], [ -111.936036, 40.719009 ], [ -111.93429, 40.7208 ], [ -111.930944, 40.722357 ], [ -111.928451, 40.722404 ], [ -111.926245, 40.722459 ], [ -111.921807, 40.714733 ], [ -111.923305, 40.711953 ], [ -111.923459, 40.706936 ], [ -111.927144, 40.703032 ], [ -111.928746, 40.702223 ], [ -111.92882, 40.702092 ], [ -111.929409, 40.701042 ], [ -111.930571, 40.699213 ], [ -111.930569, 40.699147 ], [ -111.929168, 40.69745 ], [ -111.926369, 40.695226 ], [ -111.926299, 40.695167 ], [ -111.926127, 40.695136 ], [ -111.920676, 40.693126 ], [ -111.918698, 40.691579 ], [ -111.917418, 40.690812 ], [ -111.915006, 40.688613 ], [ -111.912984, 40.686893 ], [ -111.911292, 40.685217 ], [ -111.910816, 40.678487 ], [ -111.915104, 40.677001 ], [ -111.915143, 40.676983 ], [ -111.91517, 40.676971 ], [ -111.915248, 40.676935 ], [ -111.917682, 40.675285 ], [ -111.916762, 40.671805 ], [ -111.913436, 40.672487 ], [ -111.908058, 40.66875 ], [ -111.906627, 40.667212 ], [ -111.90349, 40.659328 ], [ -111.904689, 40.656284 ], [ -111.904288, 40.651519 ], [ -111.904288, 40.649036 ], [ -111.904589, 40.646183 ], [ -111.904935, 40.64289 ], [ -111.90534, 40.640807 ], [ -111.905291, 40.640517 ], [ -111.902043, 40.63936 ], [ -111.901782, 40.63971 ], [ -111.901626, 40.64039 ], [ -111.901514, 40.640993 ], [ -111.901353, 40.642528 ], [ -111.901009, 40.645805 ], [ -111.900708, 40.648658 ], [ -111.899235, 40.655804 ], [ -111.899184, 40.657919 ], [ -111.899768, 40.663287 ], [ -111.897876, 40.668285 ], [ -111.891474, 40.670611 ], [ -111.890094, 40.670505 ], [ -111.889338, 40.670742 ], [ -111.88691, 40.672459 ], [ -111.885269, 40.674246 ], [ -111.885271, 40.674299 ], [ -111.88688, 40.676059 ], [ -111.891134, 40.678182 ], [ -111.894002, 40.685194 ], [ -111.891641, 40.688142 ], [ -111.891149, 40.688561 ], [ -111.889321, 40.690016 ], [ -111.886567, 40.693875 ], [ -111.886047, 40.694686 ], [ -111.883687, 40.698749 ], [ -111.877337, 40.698064 ], [ -111.874081, 40.69486 ], [ -111.873272, 40.692888 ], [ -111.871904, 40.691609 ], [ -111.871465, 40.691269 ], [ -111.871382, 40.691269 ], [ -111.869672, 40.69287 ], [ -111.866166, 40.69808 ], [ -111.865047, 40.699503 ], [ -111.865045, 40.699592 ], [ -111.86367, 40.704048 ], [ -111.855417, 40.707111 ], [ -111.855406, 40.707111 ], [ -111.853944, 40.707874 ], [ -111.848113, 40.710893 ], [ -111.847214, 40.712453 ], [ -111.83957, 40.716182 ], [ -111.836785, 40.715605 ], [ -111.834432, 40.714686 ], [ -111.833124, 40.71402 ], [ -111.831827, 40.713547 ], [ -111.826071, 40.710169 ], [ -111.824462, 40.708756 ], [ -111.824274, 40.708756 ], [ -111.817194, 40.71069 ], [ -111.81653, 40.710807 ], [ -111.815925, 40.710955 ], [ -111.807415, 40.710638 ], [ -111.806739, 40.710444 ], [ -111.80598, 40.71027 ], [ -111.804325, 40.709972 ], [ -111.803687, 40.713515 ], [ -111.80439, 40.715205 ], [ -111.80516, 40.715493 ], [ -111.80646, 40.715862 ], [ -111.807031, 40.715987 ], [ -111.807901, 40.716123 ], [ -111.808669, 40.71618 ], [ -111.811185, 40.716292 ], [ -111.813666, 40.716403 ], [ -111.814416, 40.716369 ], [ -111.814977, 40.716296 ], [ -111.815554, 40.716173 ], [ -111.81598, 40.716037 ], [ -111.821797, 40.71506 ], [ -111.825705, 40.715617 ], [ -111.827633, 40.716114 ], [ -111.827795, 40.716164 ], [ -111.83277, 40.717879 ], [ -111.834457, 40.718663 ], [ -111.835785, 40.719063 ], [ -111.838834, 40.719706 ], [ -111.840716, 40.720133 ], [ -111.842628, 40.720566 ], [ -111.844491, 40.720933 ], [ -111.85199, 40.725809 ], [ -111.853162, 40.727172 ], [ -111.853794, 40.727282 ], [ -111.85386, 40.727281 ], [ -111.859054, 40.724233 ], [ -111.865571, 40.727176 ], [ -111.869306, 40.733142 ], [ -111.870642, 40.733653 ], [ -111.871043, 40.742487 ], [ -111.869459, 40.743295 ], [ -111.86656, 40.747954 ], [ -111.864971, 40.749707 ], [ -111.861221, 40.756593 ], [ -111.859536, 40.758277 ], [ -111.859537, 40.758421 ], [ -111.862492, 40.763454 ], [ -111.863517, 40.765266 ], [ -111.865002, 40.766749 ], [ -111.87049, 40.770629 ], [ -111.875614, 40.773503 ], [ -111.877332, 40.774627 ], [ -111.883831, 40.780693 ], [ -111.887506, 40.783281 ], [ -111.891855, 40.785342 ], [ -111.895145, 40.788338 ], [ -111.896803, 40.790309 ], [ -111.898473, 40.792294 ], [ -111.899323, 40.793291 ], [ -111.899705, 40.793674 ], [ -111.900141, 40.794048 ], [ -111.90288, 40.796265 ], [ -111.905518, 40.798369 ], [ -111.908497, 40.800518 ], [ -111.912085, 40.808672 ], [ -111.912138, 40.809247 ], [ -111.912182, 40.810123 ], [ -111.912344, 40.811488 ], [ -111.912401, 40.811851 ], [ -111.914048, 40.820255 ], [ -111.913339, 40.825156 ], [ -111.912639, 40.82805 ], [ -111.910762, 40.833291 ], [ -111.910252, 40.834474 ], [ -111.909666, 40.836053 ], [ -111.908483, 40.839032 ], [ -111.90911, 40.840118 ], [ -111.910294, 40.842397 ], [ -111.908744, 40.851125 ], [ -111.907149, 40.852906 ], [ -111.905555, 40.854688 ], [ -111.904044, 40.856381 ], [ -111.90395, 40.85648 ], [ -111.902063, 40.858321 ], [ -111.901939, 40.858434 ], [ -111.90101, 40.859304 ], [ -111.89846, 40.862872 ], [ -111.896879, 40.865516 ], [ -111.896565, 40.866198 ], [ -111.896089, 40.867407 ], [ -111.895614, 40.868875 ], [ -111.89536, 40.869906 ], [ -111.895123, 40.871457 ], [ -111.898682, 40.872 ], [ -111.901968, 40.864214 ], [ -111.903069, 40.862941 ], [ -111.905091, 40.860632 ], [ -111.906652, 40.858859 ], [ -111.908237, 40.857089 ], [ -111.909832, 40.855307 ], [ -111.911426, 40.853526 ], [ -111.913021, 40.851744 ], [ -111.913894, 40.850779 ], [ -111.914752, 40.849725 ], [ -111.91538, 40.848729 ], [ -111.915982, 40.847503 ], [ -111.916254, 40.846826 ], [ -111.916449, 40.846242 ], [ -111.916639, 40.845412 ], [ -111.916856, 40.844247 ], [ -111.916945, 40.843442 ], [ -111.917013, 40.842094 ], [ -111.9171, 40.838768 ], [ -111.918635, 40.832361 ], [ -111.918828, 40.83191 ], [ -111.918959, 40.831481 ], [ -111.919057, 40.830952 ], [ -111.919085, 40.830265 ], [ -111.918968, 40.829279 ], [ -111.918467, 40.827489 ], [ -111.917869, 40.823294 ], [ -111.925161, 40.818566 ], [ -111.926154, 40.818962 ], [ -111.934432, 40.818572 ], [ -111.935893, 40.822408 ], [ -111.935719, 40.82447 ], [ -111.939307, 40.824772 ], [ -111.947251, 40.822395 ], [ -111.950766, 40.823169 ], [ -111.950928, 40.822434 ], [ -111.951084, 40.821053 ], [ -111.951078, 40.819986 ], [ -111.950996, 40.816245 ], [ -111.950936, 40.813832 ], [ -111.950846, 40.810857 ], [ -111.950805, 40.809021 ], [ -111.950765, 40.807169 ], [ -111.950771, 40.805819 ], [ -111.953573, 40.79808 ], [ -111.955378, 40.796356 ], [ -111.955377, 40.79627 ], [ -111.954997, 40.795013 ], [ -111.954141, 40.791397 ], [ -111.953549, 40.787868 ], [ -111.956288, 40.780994 ], [ -111.957852, 40.779437 ], [ -111.957851, 40.779186 ], [ -111.959997, 40.772005 ], [ -111.964416, 40.76766 ], [ -111.968386, 40.766453 ], [ -111.971094, 40.766414 ], [ -111.971223, 40.766417 ], [ -111.973588, 40.766574 ], [ -111.976024, 40.76673 ], [ -111.977387, 40.766862 ], [ -111.982606, 40.773545 ], [ -111.984143, 40.776801 ], [ -111.984431, 40.776664 ], [ -111.985537, 40.775984 ], [ -111.98593, 40.775663 ], [ -111.986298, 40.775309 ], [ -111.986559, 40.775017 ], [ -111.986852, 40.774631 ], [ -111.987132, 40.774181 ], [ -111.987394, 40.773636 ], [ -111.987527, 40.773266 ], [ -111.994597, 40.76792 ], [ -111.996931, 40.768886 ], [ -111.998743, 40.769666 ], [ -112.003943, 40.773813 ], [ -112.005178, 40.775328 ], [ -112.005753, 40.775325 ], [ -112.006446, 40.775325 ], [ -112.00651, 40.775325 ], [ -112.01441, 40.772974 ], [ -112.015962, 40.77301 ], [ -112.017823, 40.773035 ], [ -112.020296, 40.773156 ], [ -112.024887, 40.772993 ], [ -112.024888, 40.769393 ] ] ] } },
{ "type": "Feature", "properties": { "group_index": 0, "value": 600.0, "center": [ -111.93643411680533, 40.79054340964922 ], "point_id": 118 }, "geometry": { "type": "Polygon", "coordinates": [ [ [ -112.045043, 40.769322 ], [ -112.042859, 40.769318 ], [ -112.039557, 40.769351 ], [ -112.036733, 40.769358 ], [ -112.034686, 40.769362 ], [ -112.031916, 40.769367 ], [ -112.029146, 40.769371 ], [ -112.026706, 40.769394 ], [ -112.024449, 40.769393 ], [ -112.022175, 40.769393 ], [ -112.019901, 40.769393 ], [ -112.017628, 40.769393 ], [ -112.015926, 40.76941 ], [ -112.014496, 40.769375 ], [ -112.012884, 40.769272 ], [ -112.004837, 40.767329 ], [ -112.004086, 40.767095 ], [ -112.000259, 40.766041 ], [ -111.996993, 40.76456 ], [ -111.996374, 40.764269 ], [ -111.995518, 40.763913 ], [ -111.98881, 40.758496 ], [ -111.98521, 40.758496 ], [ -111.97969, 40.762794 ], [ -111.977089, 40.762793 ], [ -111.974586, 40.762796 ], [ -111.974487, 40.762793 ], [ -111.971325, 40.762821 ], [ -111.971196, 40.762817 ], [ -111.968341, 40.762853 ], [ -111.966158, 40.762932 ], [ -111.964603, 40.763112 ], [ -111.962948, 40.763205 ], [ -111.960563, 40.76342 ], [ -111.960476, 40.763426 ], [ -111.955931, 40.762067 ], [ -111.955286, 40.761632 ], [ -111.953589, 40.759895 ], [ -111.952243, 40.756638 ], [ -111.957036, 40.75137 ], [ -111.958041, 40.751391 ], [ -111.962376, 40.751382 ], [ -111.962617, 40.751381 ], [ -111.964172, 40.749492 ], [ -111.968591, 40.744864 ], [ -111.974417, 40.742559 ], [ -111.975538, 40.742271 ], [ -111.97618, 40.740869 ], [ -111.976182, 40.740801 ], [ -111.975525, 40.738671 ], [ -111.973791, 40.737884 ], [ -111.972236, 40.736751 ], [ -111.973248, 40.728305 ], [ -111.975673, 40.728092 ], [ -111.977755, 40.727905 ], [ -111.979951, 40.727759 ], [ -111.980632, 40.727831 ], [ -111.981871, 40.727882 ], [ -111.9828, 40.728008 ], [ -111.983764, 40.728261 ], [ -111.9838, 40.728271 ], [ -111.988204, 40.727706 ], [ -111.99143, 40.727703 ], [ -111.991427, 40.724103 ], [ -111.9882, 40.724106 ], [ -111.985558, 40.724108 ], [ -111.982915, 40.724111 ], [ -111.980965, 40.724143 ], [ -111.980093, 40.724171 ], [ -111.977548, 40.724311 ], [ -111.975353, 40.724506 ], [ -111.968709, 40.723941 ], [ -111.968253, 40.723946 ], [ -111.967795, 40.723956 ], [ -111.96677, 40.723963 ], [ -111.96393, 40.724178 ], [ -111.962159, 40.724267 ], [ -111.961279, 40.724155 ], [ -111.960409, 40.724092 ], [ -111.955585, 40.717002 ], [ -111.955706, 40.715466 ], [ -111.955702, 40.713381 ], [ -111.955588, 40.711472 ], [ -111.955373, 40.708884 ], [ -111.955159, 40.706295 ], [ -111.954945, 40.703706 ], [ -111.955231, 40.698179 ], [ -111.95524, 40.69797 ], [ -111.954017, 40.691818 ], [ -111.953855, 40.690217 ], [ -111.950274, 40.690578 ], [ -111.950435, 40.692179 ], [ -111.950606, 40.694281 ], [ -111.95078, 40.696418 ], [ -111.951001, 40.699444 ], [ -111.951141, 40.701395 ], [ -111.951357, 40.704003 ], [ -111.951571, 40.706592 ], [ -111.951786, 40.709181 ], [ -111.952, 40.71177 ], [ -111.952109, 40.713596 ], [ -111.952105, 40.715466 ], [ -111.951873, 40.717132 ], [ -111.949065, 40.72185 ], [ -111.944208, 40.722343 ], [ -111.940894, 40.721128 ], [ -111.93914, 40.720127 ], [ -111.939048, 40.720128 ], [ -111.930944, 40.722357 ], [ -111.928451, 40.722404 ], [ -111.92571, 40.722387 ], [ -111.925565, 40.722389 ], [ -111.923841, 40.722481 ], [ -111.923885, 40.72608 ], [ -111.924567, 40.726072 ], [ -111.925755, 40.725987 ], [ -111.92852, 40.726004 ], [ -111.931012, 40.725956 ], [ -111.934795, 40.72587 ], [ -111.937336, 40.734178 ], [ -111.934882, 40.738629 ], [ -111.93427, 40.740351 ], [ -111.934256, 40.740651 ], [ -111.934876, 40.742229 ], [ -111.935626, 40.743875 ], [ -111.935769, 40.75191 ], [ -111.934998, 40.754679 ], [ -111.932708, 40.757749 ], [ -111.92941, 40.758844 ], [ -111.925977, 40.758845 ], [ -111.923901, 40.751327 ], [ -111.923901, 40.751295 ], [ -111.923224, 40.750653 ], [ -111.922264, 40.749494 ], [ -111.918648, 40.746185 ], [ -111.917949, 40.745505 ], [ -111.916892, 40.744429 ], [ -111.913493, 40.739744 ], [ -111.912925, 40.738993 ], [ -111.912363, 40.738495 ], [ -111.911621, 40.737713 ], [ -111.907024, 40.730629 ], [ -111.909963, 40.726649 ], [ -111.909753, 40.723055 ], [ -111.906418, 40.716236 ], [ -111.90621, 40.713897 ], [ -111.906056, 40.711605 ], [ -111.905834, 40.709446 ], [ -111.905749, 40.705996 ], [ -111.905745, 40.705885 ], [ -111.905736, 40.704496 ], [ -111.905638, 40.704369 ], [ -111.902136, 40.704526 ], [ -111.902047, 40.704622 ], [ -111.902149, 40.706027 ], [ -111.902153, 40.706138 ], [ -111.902235, 40.709534 ], [ -111.902474, 40.711966 ], [ -111.893362, 40.716227 ], [ -111.892878, 40.716213 ], [ -111.887853, 40.716371 ], [ -111.886459, 40.716363 ], [ -111.886439, 40.719963 ], [ -111.887832, 40.719971 ], [ -111.892774, 40.719811 ], [ -111.893258, 40.719825 ], [ -111.897281, 40.71813 ], [ -111.902872, 40.724967 ], [ -111.902863, 40.725157 ], [ -111.903135, 40.727125 ], [ -111.902936, 40.729599 ], [ -111.900128, 40.737103 ], [ -111.895301, 40.73978 ], [ -111.893525, 40.741608 ], [ -111.893525, 40.741617 ], [ -111.895318, 40.74338 ], [ -111.899215, 40.745294 ], [ -111.899406, 40.745293 ], [ -111.89995, 40.745289 ], [ -111.90013, 40.745288 ], [ -111.903936, 40.74634 ], [ -111.901089, 40.754476 ], [ -111.900543, 40.754474 ], [ -111.899285, 40.756302 ], [ -111.897958, 40.757697 ], [ -111.896592, 40.758778 ], [ -111.895038, 40.760515 ], [ -111.895037, 40.760568 ], [ -111.895039, 40.760647 ], [ -111.895041, 40.760701 ], [ -111.895385, 40.769665 ], [ -111.893404, 40.77418 ], [ -111.892357, 40.775846 ], [ -111.89192, 40.776858 ], [ -111.890825, 40.782434 ], [ -111.891891, 40.78537 ], [ -111.896803, 40.790309 ], [ -111.898473, 40.792294 ], [ -111.899323, 40.793291 ], [ -111.899705, 40.793674 ], [ -111.900141, 40.794048 ], [ -111.90288, 40.796265 ], [ -111.905518, 40.798369 ], [ -111.908497, 40.800518 ], [ -111.912085, 40.808672 ], [ -111.912138, 40.809247 ], [ -111.912182, 40.810123 ], [ -111.912344, 40.811488 ], [ -111.912488, 40.812292 ], [ -111.912626, 40.812741 ], [ -111.914048, 40.820255 ], [ -111.912165, 40.827609 ], [ -111.911938, 40.828143 ], [ -111.909569, 40.836322 ], [ -111.909514, 40.836497 ], [ -111.909484, 40.836626 ], [ -111.909761, 40.838884 ], [ -111.909998, 40.839708 ], [ -111.9101, 40.839892 ], [ -111.911232, 40.848356 ], [ -111.910339, 40.849343 ], [ -111.908744, 40.851125 ], [ -111.907149, 40.852906 ], [ -111.905555, 40.854688 ], [ -111.904044, 40.856381 ], [ -111.90395, 40.85648 ], [ -111.900589, 40.859459 ], [ -111.90018, 40.859904 ], [ -111.900099, 40.860025 ], [ -111.89846, 40.862872 ], [ -111.896879, 40.865516 ], [ -111.896565, 40.866198 ], [ -111.896143, 40.867261 ], [ -111.899489, 40.868589 ], [ -111.903069, 40.862941 ], [ -111.905091, 40.860632 ], [ -111.906558, 40.858958 ], [ -111.906652, 40.858859 ], [ -111.908237, 40.857089 ], [ -111.909832, 40.855307 ], [ -111.911426, 40.853526 ], [ -111.913021, 40.851744 ], [ -111.913894, 40.850779 ], [ -111.914752, 40.849725 ], [ -111.91538, 40.848729 ], [ -111.915982, 40.847503 ], [ -111.916254, 40.846826 ], [ -111.916449, 40.846242 ], [ -111.923659, 40.843703 ], [ -111.925543, 40.846288 ], [ -111.92709, 40.847908 ], [ -111.929607, 40.849267 ], [ -111.929747, 40.849268 ], [ -111.93228, 40.848183 ], [ -111.934047, 40.847253 ], [ -111.941267, 40.851428 ], [ -111.941453, 40.853546 ], [ -111.941791, 40.856964 ], [ -111.941152, 40.863666 ], [ -111.939139, 40.866471 ], [ -111.937052, 40.869387 ], [ -111.936701, 40.869988 ], [ -111.936416, 40.87062 ], [ -111.936161, 40.871343 ], [ -111.936028, 40.872029 ], [ -111.935972, 40.872557 ], [ -111.935942, 40.873066 ], [ -111.935759, 40.876258 ], [ -111.935576, 40.879451 ], [ -111.93917, 40.879656 ], [ -111.939353, 40.876464 ], [ -111.942063, 40.86857 ], [ -111.944076, 40.865765 ], [ -111.944352, 40.86533 ], [ -111.94459, 40.86492 ], [ -111.94483, 40.864451 ], [ -111.945186, 40.863598 ], [ -111.945514, 40.862507 ], [ -111.945666, 40.86163 ], [ -111.945716, 40.861056 ], [ -111.945721, 40.860206 ], [ -111.945374, 40.85661 ], [ -111.945036, 40.853191 ], [ -111.944853, 40.851113 ], [ -111.944722, 40.848247 ], [ -111.944693, 40.846302 ], [ -111.944662, 40.844302 ], [ -111.944587, 40.843261 ], [ -111.944448, 40.842261 ], [ -111.94422, 40.841078 ], [ -111.943622, 40.838911 ], [ -111.946181, 40.832379 ], [ -111.953175, 40.835468 ], [ -111.953272, 40.838631 ], [ -111.953253, 40.839067 ], [ -111.95328, 40.839194 ], [ -111.955077, 40.840406 ], [ -111.956879, 40.840401 ], [ -111.958682, 40.840397 ], [ -111.958673, 40.836797 ], [ -111.958863, 40.82939 ], [ -111.965994, 40.826883 ], [ -111.969594, 40.826875 ], [ -111.969587, 40.823649 ], [ -111.96958, 40.820423 ], [ -111.976462, 40.814824 ], [ -111.978471, 40.814806 ], [ -111.97889, 40.814825 ], [ -111.98164, 40.814823 ], [ -111.984487, 40.814818 ], [ -111.986586, 40.814851 ], [ -111.987155, 40.814736 ], [ -111.987578, 40.814575 ], [ -111.988315, 40.813978 ], [ -111.988781, 40.812781 ], [ -111.98888, 40.811418 ], [ -111.988917, 40.810767 ], [ -111.988891, 40.808612 ], [ -111.988865, 40.806458 ], [ -111.985265, 40.806502 ], [ -111.977686, 40.811129 ], [ -111.977283, 40.811135 ], [ -111.976125, 40.81124 ], [ -111.972028, 40.811233 ], [ -111.967763, 40.811235 ], [ -111.964365, 40.811242 ], [ -111.96097, 40.811249 ], [ -111.955379, 40.806205 ], [ -111.953575, 40.801096 ], [ -111.954518, 40.79723 ], [ -111.954539, 40.795422 ], [ -111.954543, 40.795284 ], [ -111.954545, 40.795006 ], [ -111.953563, 40.790007 ], [ -111.953547, 40.789065 ], [ -111.953548, 40.788273 ], [ -111.953549, 40.787868 ], [ -111.957392, 40.77985 ], [ -111.957385, 40.779186 ], [ -111.957485, 40.777288 ], [ -111.957599, 40.776147 ], [ -111.961679, 40.768562 ], [ -111.963144, 40.768027 ], [ -111.9644, 40.767664 ], [ -111.96615, 40.767194 ], [ -111.969104, 40.766609 ], [ -111.970193, 40.766601 ], [ -111.972195, 40.766731 ], [ -111.974979, 40.76706 ], [ -111.977387, 40.766862 ], [ -111.979648, 40.775381 ], [ -111.977643, 40.776612 ], [ -111.977688, 40.777054 ], [ -111.977742, 40.777568 ], [ -111.977824, 40.778265 ], [ -111.978228, 40.779457 ], [ -111.978995, 40.77981 ], [ -111.982417, 40.779617 ], [ -111.982586, 40.779557 ], [ -111.985537, 40.775984 ], [ -111.98593, 40.775663 ], [ -111.986298, 40.775309 ], [ -111.986559, 40.775017 ], [ -111.986852, 40.774631 ], [ -111.987132, 40.774181 ], [ -111.987394, 40.773636 ], [ -111.987527, 40.773266 ], [ -111.994597, 40.76792 ], [ -111.996931, 40.768886 ], [ -112.001372, 40.776663 ], [ -112.001372, 40.776671 ], [ -112.003936, 40.779959 ], [ -112.007535, 40.779859 ], [ -112.013875, 40.775373 ], [ -112.014591, 40.774657 ], [ -112.023177, 40.775601 ], [ -112.026777, 40.775595 ], [ -112.034692, 40.772962 ], [ -112.036739, 40.772958 ], [ -112.039593, 40.772951 ], [ -112.042851, 40.772918 ], [ -112.045035, 40.772922 ], [ -112.047219, 40.772927 ], [ -112.047227, 40.769327 ], [ -112.045043, 40.769322 ] ] ] } },
{ "type": "Feature", "properties": { "group_index": 0, "value": 600.0, "center": [ -111.85962432834533, 40.72465096919382 ], "point_id": 119 }, "geometry": { "type": "Polygon", "coordinates": [ [ [ -111.953056, 40.763622 ], [ -111.949736, 40.763823 ], [ -111.946417, 40.764023 ], [ -111.94371, 40.764193 ], [ -111.941006, 40.764362 ], [ -111.939491, 40.764445 ], [ -111.937571, 40.764396 ], [ -111.935261, 40.764102 ], [ -111.9351, 40.764074 ], [ -111.929204, 40.76492 ], [ -111.922096, 40.759876 ], [ -111.918628, 40.753369 ], [ -111.916937, 40.751781 ], [ -111.915885, 40.743639 ], [ -111.917159, 40.742302 ], [ -111.918661, 40.740716 ], [ -111.920983, 40.735305 ], [ -111.922819, 40.731612 ], [ -111.927308, 40.727724 ], [ -111.932999, 40.726164 ], [ -111.937131, 40.727984 ], [ -111.938703, 40.729692 ], [ -111.938957, 40.729688 ], [ -111.946206, 40.726686 ], [ -111.950969, 40.728781 ], [ -111.951129, 40.728832 ], [ -111.951502, 40.728919 ], [ -111.952029, 40.728956 ], [ -111.95269, 40.72885 ], [ -111.953231, 40.728658 ], [ -111.959325, 40.727681 ], [ -111.962735, 40.728197 ], [ -111.964115, 40.728256 ], [ -111.964725, 40.724708 ], [ -111.962159, 40.724267 ], [ -111.961279, 40.724155 ], [ -111.960409, 40.724092 ], [ -111.959417, 40.724083 ], [ -111.950631, 40.723497 ], [ -111.947518, 40.723023 ], [ -111.94559, 40.722704 ], [ -111.945143, 40.72263 ], [ -111.93875, 40.720925 ], [ -111.938587, 40.720933 ], [ -111.93516, 40.722107 ], [ -111.932126, 40.722503 ], [ -111.92851, 40.72257 ], [ -111.92192, 40.717747 ], [ -111.920661, 40.712944 ], [ -111.918743, 40.71084 ], [ -111.917143, 40.709522 ], [ -111.916581, 40.701276 ], [ -111.918146, 40.699456 ], [ -111.918145, 40.699423 ], [ -111.916587, 40.697676 ], [ -111.916349, 40.697676 ], [ -111.913803, 40.697686 ], [ -111.913322, 40.697703 ], [ -111.907298, 40.695353 ], [ -111.905264, 40.690062 ], [ -111.904998, 40.687675 ], [ -111.904733, 40.685289 ], [ -111.904467, 40.682902 ], [ -111.904211, 40.680642 ], [ -111.904198, 40.680483 ], [ -111.904112, 40.678213 ], [ -111.904067, 40.674981 ], [ -111.903391, 40.667787 ], [ -111.899791, 40.667781 ], [ -111.899789, 40.669283 ], [ -111.899818, 40.670325 ], [ -111.899809, 40.672582 ], [ -111.899829, 40.674101 ], [ -111.900204, 40.677424 ], [ -111.900418, 40.679324 ], [ -111.900614, 40.680788 ], [ -111.894072, 40.685821 ], [ -111.890169, 40.683535 ], [ -111.888857, 40.682002 ], [ -111.888367, 40.681802 ], [ -111.884868, 40.680559 ], [ -111.881331, 40.674294 ], [ -111.881297, 40.674234 ], [ -111.879589, 40.672621 ], [ -111.872051, 40.668404 ], [ -111.871616, 40.668406 ], [ -111.865553, 40.670225 ], [ -111.859048, 40.671097 ], [ -111.854908, 40.668533 ], [ -111.854168, 40.667976 ], [ -111.85398, 40.667977 ], [ -111.847156, 40.672483 ], [ -111.841958, 40.673562 ], [ -111.841356, 40.67363 ], [ -111.839314, 40.674919 ], [ -111.837367, 40.676125 ], [ -111.835741, 40.677805 ], [ -111.82966, 40.679817 ], [ -111.826319, 40.677395 ], [ -111.824737, 40.676064 ], [ -111.824552, 40.67606 ], [ -111.816811, 40.67467 ], [ -111.815681, 40.673522 ], [ -111.815436, 40.673513 ], [ -111.810246, 40.672393 ], [ -111.807533, 40.665983 ], [ -111.807636, 40.664667 ], [ -111.807666, 40.6634 ], [ -111.807915, 40.661664 ], [ -111.808513, 40.659041 ], [ -111.80937, 40.655681 ], [ -111.809688, 40.653999 ], [ -111.809895, 40.65265 ], [ -111.809985, 40.651317 ], [ -111.810002, 40.649911 ], [ -111.810317, 40.646483 ], [ -111.806732, 40.646154 ], [ -111.806417, 40.649582 ], [ -111.805833, 40.65501 ], [ -111.805025, 40.658147 ], [ -111.804405, 40.660863 ], [ -111.804104, 40.662878 ], [ -111.802987, 40.665762 ], [ -111.795389, 40.670011 ], [ -111.794715, 40.670427 ], [ -111.7944, 40.670663 ], [ -111.792761, 40.672308 ], [ -111.788626, 40.678345 ], [ -111.787507, 40.683393 ], [ -111.787548, 40.690961 ], [ -111.787472, 40.693601 ], [ -111.787464, 40.697201 ], [ -111.78783, 40.701008 ], [ -111.787885, 40.701313 ], [ -111.789735, 40.709552 ], [ -111.788116, 40.710714 ], [ -111.787449, 40.711032 ], [ -111.786196, 40.71177 ], [ -111.784857, 40.712617 ], [ -111.784027, 40.713228 ], [ -111.78346, 40.713763 ], [ -111.777239, 40.718782 ], [ -111.774271, 40.720776 ], [ -111.772417, 40.721934 ], [ -111.768211, 40.724108 ], [ -111.76769, 40.724381 ], [ -111.761611, 40.727591 ], [ -111.760663, 40.728013 ], [ -111.753635, 40.730721 ], [ -111.749943, 40.731378 ], [ -111.748859, 40.731627 ], [ -111.748132, 40.731879 ], [ -111.74755, 40.73215 ], [ -111.746973, 40.732485 ], [ -111.746607, 40.732767 ], [ -111.742686, 40.735807 ], [ -111.742045, 40.736378 ], [ -111.735541, 40.740544 ], [ -111.733523, 40.740719 ], [ -111.732632, 40.740799 ], [ -111.732009, 40.740921 ], [ -111.731488, 40.741041 ], [ -111.729294, 40.742742 ], [ -111.731314, 40.745722 ], [ -111.739655, 40.743762 ], [ -111.740138, 40.74366 ], [ -111.740612, 40.743525 ], [ -111.741164, 40.74333 ], [ -111.741738, 40.743065 ], [ -111.742335, 40.742696 ], [ -111.743068, 40.742104 ], [ -111.743561, 40.741573 ], [ -111.745091, 40.739829 ], [ -111.747615, 40.736921 ], [ -111.752901, 40.734672 ], [ -111.756176, 40.73394 ], [ -111.75702, 40.733832 ], [ -111.75776, 40.733687 ], [ -111.759117, 40.733232 ], [ -111.759511, 40.733058 ], [ -111.766429, 40.729848 ], [ -111.766935, 40.729606 ], [ -111.767461, 40.729273 ], [ -111.773955, 40.726076 ], [ -111.775482, 40.72476 ], [ -111.782183, 40.721108 ], [ -111.782751, 40.720864 ], [ -111.783395, 40.720489 ], [ -111.784505, 40.719647 ], [ -111.784948, 40.719145 ], [ -111.785462, 40.718285 ], [ -111.79295, 40.713706 ], [ -111.793349, 40.713673 ], [ -111.794051, 40.713571 ], [ -111.794487, 40.713479 ], [ -111.799125, 40.713326 ], [ -111.801641, 40.714061 ], [ -111.805709, 40.720047 ], [ -111.806439, 40.722202 ], [ -111.809031, 40.726973 ], [ -111.809516, 40.727606 ], [ -111.814166, 40.734935 ], [ -111.815819, 40.736928 ], [ -111.819382, 40.744593 ], [ -111.821092, 40.746386 ], [ -111.828022, 40.750525 ], [ -111.829046, 40.751804 ], [ -111.829105, 40.751887 ], [ -111.830266, 40.752635 ], [ -111.836486, 40.758069 ], [ -111.838287, 40.760033 ], [ -111.838976, 40.760147 ], [ -111.842629, 40.761008 ], [ -111.84666, 40.762321 ], [ -111.853607, 40.766812 ], [ -111.860128, 40.769326 ], [ -111.86176, 40.77116 ], [ -111.864977, 40.771699 ], [ -111.865592, 40.771704 ], [ -111.871326, 40.771169 ], [ -111.873769, 40.768972 ], [ -111.877352, 40.765743 ], [ -111.878582, 40.764793 ], [ -111.88205, 40.762832 ], [ -111.882519, 40.762547 ], [ -111.884226, 40.760975 ], [ -111.885402, 40.760264 ], [ -111.893934, 40.761055 ], [ -111.895897, 40.762378 ], [ -111.899168, 40.764563 ], [ -111.901553, 40.765629 ], [ -111.903163, 40.76578 ], [ -111.908346, 40.772568 ], [ -111.908312, 40.77358 ], [ -111.906664, 40.780512 ], [ -111.906664, 40.784112 ], [ -111.912818, 40.789526 ], [ -111.914124, 40.791922 ], [ -111.914852, 40.793873 ], [ -111.915941, 40.796665 ], [ -111.919295, 40.795358 ], [ -111.918206, 40.792565 ], [ -111.917497, 40.790663 ], [ -111.917106, 40.789741 ], [ -111.916504, 40.788649 ], [ -111.915884, 40.787639 ], [ -111.914198, 40.785123 ], [ -111.912105, 40.779019 ], [ -111.912021, 40.776796 ], [ -111.91696, 40.769526 ], [ -111.923874, 40.766459 ], [ -111.929719, 40.765004 ], [ -111.934478, 40.767616 ], [ -111.937347, 40.768998 ], [ -111.93947, 40.769016 ], [ -111.940946, 40.768912 ], [ -111.94624, 40.768835 ], [ -111.953273, 40.767216 ], [ -111.953056, 40.763622 ] ] ] } },
{ "type": "Feature", "properties": { "group_index": 0, "value": 600.0, "center": [ -111.876279, 40.7801086 ], "point_id": 120 }, "geometry": { "type": "Polygon", "coordinates": [ [ [ -111.921496, 40.771793 ], [ -111.921495, 40.7713 ], [ -111.92094, 40.769786 ], [ -111.916836, 40.768425 ], [ -111.910122, 40.764757 ], [ -111.909102, 40.763226 ], [ -111.907288, 40.759905 ], [ -111.906633, 40.758866 ], [ -111.902687, 40.755595 ], [ -111.900053, 40.754155 ], [ -111.897439, 40.752395 ], [ -111.892663, 40.748011 ], [ -111.89012, 40.745656 ], [ -111.888437, 40.743991 ], [ -111.888378, 40.743989 ], [ -111.882489, 40.743068 ], [ -111.877531, 40.739835 ], [ -111.876786, 40.739183 ], [ -111.871675, 40.736985 ], [ -111.871267, 40.736986 ], [ -111.869467, 40.738275 ], [ -111.865258, 40.741524 ], [ -111.863549, 40.743193 ], [ -111.859298, 40.74884 ], [ -111.856263, 40.750175 ], [ -111.8539, 40.750557 ], [ -111.852107, 40.751931 ], [ -111.845408, 40.755801 ], [ -111.841529, 40.756639 ], [ -111.84153, 40.760239 ], [ -111.840881, 40.768939 ], [ -111.840354, 40.769722 ], [ -111.840334, 40.769759 ], [ -111.838827, 40.77227 ], [ -111.838876, 40.773007 ], [ -111.839437, 40.774731 ], [ -111.841255, 40.781781 ], [ -111.841504, 40.782437 ], [ -111.842028, 40.783079 ], [ -111.843498, 40.784058 ], [ -111.851787, 40.787167 ], [ -111.858514, 40.787685 ], [ -111.860844, 40.789921 ], [ -111.861158, 40.790354 ], [ -111.861857, 40.791047 ], [ -111.870022, 40.789223 ], [ -111.871554, 40.789058 ], [ -111.878929, 40.791937 ], [ -111.883038, 40.793862 ], [ -111.883734, 40.793668 ], [ -111.883971, 40.793564 ], [ -111.885974, 40.792758 ], [ -111.888887, 40.791426 ], [ -111.889634, 40.790987 ], [ -111.898481, 40.792304 ], [ -111.899435, 40.793411 ], [ -111.899802, 40.793762 ], [ -111.90233, 40.795746 ], [ -111.90288, 40.796265 ], [ -111.905518, 40.798369 ], [ -111.907059, 40.799598 ], [ -111.909304, 40.796784 ], [ -111.907763, 40.795555 ], [ -111.904333, 40.788407 ], [ -111.908652, 40.784237 ], [ -111.911683, 40.777675 ], [ -111.916856, 40.776049 ], [ -111.917322, 40.776045 ], [ -111.921012, 40.773386 ], [ -111.921496, 40.772286 ], [ -111.921496, 40.771793 ] ] ] } },
{ "type": "Feature", "properties": { "group_index": 0, "value": 600.0, "center": [ -112.00644627446022, 40.588097875303085 ], "point_id": 121 }, "geometry": { "type": "Polygon", "coordinates": [ [ [ -112.078881, 40.651101 ], [ -112.072758, 40.648554 ], [ -112.069992, 40.646018 ], [ -112.06729, 40.643543 ], [ -112.064874, 40.637835 ], [ -112.064694, 40.631758 ], [ -112.0647, 40.63128 ], [ -112.063542, 40.629462 ], [ -112.060105, 40.624328 ], [ -112.061009, 40.620348 ], [ -112.061139, 40.620117 ], [ -112.060474, 40.617641 ], [ -112.066398, 40.611335 ], [ -112.068313, 40.611347 ], [ -112.070155, 40.608455 ], [ -112.070713, 40.606879 ], [ -112.071717, 40.602979 ], [ -112.071707, 40.602825 ], [ -112.071677, 40.602637 ], [ -112.06988, 40.601481 ], [ -112.063747, 40.598231 ], [ -112.060788, 40.590504 ], [ -112.061208, 40.588266 ], [ -112.056627, 40.586141 ], [ -112.059362, 40.579022 ], [ -112.063515, 40.577066 ], [ -112.065398, 40.576184 ], [ -112.067297, 40.575293 ], [ -112.069627, 40.574175 ], [ -112.072351, 40.572888 ], [ -112.075075, 40.571602 ], [ -112.077799, 40.570315 ], [ -112.080411, 40.569077 ], [ -112.086881, 40.567873 ], [ -112.089746, 40.567893 ], [ -112.089795, 40.567893 ], [ -112.089821, 40.564293 ], [ -112.089772, 40.564293 ], [ -112.086906, 40.564273 ], [ -112.082174, 40.564755 ], [ -112.07938, 40.564315 ], [ -112.072297, 40.559761 ], [ -112.071433, 40.559676 ], [ -112.067707, 40.55959 ], [ -112.063913, 40.553312 ], [ -112.065253, 40.550504 ], [ -112.066275, 40.548409 ], [ -112.067292, 40.546324 ], [ -112.068944, 40.542988 ], [ -112.070569, 40.539703 ], [ -112.071197, 40.538794 ], [ -112.068512, 40.536397 ], [ -112.068018, 40.536949 ], [ -112.067397, 40.538002 ], [ -112.065718, 40.54139 ], [ -112.057848, 40.541958 ], [ -112.055921, 40.541538 ], [ -112.049886, 40.535148 ], [ -112.048457, 40.53514 ], [ -112.045955, 40.535137 ], [ -112.040065, 40.533888 ], [ -112.034811, 40.530389 ], [ -112.033017, 40.529573 ], [ -112.024821, 40.526861 ], [ -112.018371, 40.525135 ], [ -112.012491, 40.520619 ], [ -112.007564, 40.515728 ], [ -112.003964, 40.51568 ], [ -112.001451, 40.520622 ], [ -112.000336, 40.522949 ], [ -112.000396, 40.523094 ], [ -112.001397, 40.524221 ], [ -111.998684, 40.532752 ], [ -111.998433, 40.532751 ], [ -111.994968, 40.5344 ], [ -111.988065, 40.530961 ], [ -111.988981, 40.524064 ], [ -111.990734, 40.522264 ], [ -111.990734, 40.522256 ], [ -111.988992, 40.520464 ], [ -111.986186, 40.512771 ], [ -111.986263, 40.511719 ], [ -111.986299, 40.510769 ], [ -111.986272, 40.510125 ], [ -111.986203, 40.509606 ], [ -111.986078, 40.509027 ], [ -111.985956, 40.508612 ], [ -111.984844, 40.507217 ], [ -111.981473, 40.508481 ], [ -111.98161, 40.508844 ], [ -111.982596, 40.512505 ], [ -111.980657, 40.520437 ], [ -111.980706, 40.524037 ], [ -111.982466, 40.529757 ], [ -111.980098, 40.535113 ], [ -111.97497, 40.538993 ], [ -111.968836, 40.542307 ], [ -111.966325, 40.544168 ], [ -111.964742, 40.545729 ], [ -111.957894, 40.551324 ], [ -111.957241, 40.551392 ], [ -111.956529, 40.55192 ], [ -111.955972, 40.552401 ], [ -111.954454, 40.555761 ], [ -111.948137, 40.559224 ], [ -111.946619, 40.560422 ], [ -111.946392, 40.56088 ], [ -111.946391, 40.561018 ], [ -111.946677, 40.564022 ], [ -111.946665, 40.56442 ], [ -111.940483, 40.570729 ], [ -111.936883, 40.570746 ], [ -111.936606, 40.571322 ], [ -111.934342, 40.575755 ], [ -111.928818, 40.581262 ], [ -111.927369, 40.582439 ], [ -111.92089, 40.585939 ], [ -111.92026, 40.587629 ], [ -111.920295, 40.588305 ], [ -111.920864, 40.589539 ], [ -111.927379, 40.593572 ], [ -111.929195, 40.594853 ], [ -111.934384, 40.597982 ], [ -111.936667, 40.602322 ], [ -111.936936, 40.603644 ], [ -111.939507, 40.609841 ], [ -111.940715, 40.611331 ], [ -111.946496, 40.616316 ], [ -111.947403, 40.616598 ], [ -111.952209, 40.618363 ], [ -111.955651, 40.624384 ], [ -111.957395, 40.625848 ], [ -111.957495, 40.625848 ], [ -111.964585, 40.629809 ], [ -111.965563, 40.632985 ], [ -111.967361, 40.634707 ], [ -111.973387, 40.64038 ], [ -111.975479, 40.644077 ], [ -111.976713, 40.647003 ], [ -111.98003, 40.645604 ], [ -111.986705, 40.648027 ], [ -111.986934, 40.648029 ], [ -111.98695, 40.648029 ], [ -111.987179, 40.64803 ], [ -111.993293, 40.645442 ], [ -111.993486, 40.645384 ], [ -111.998815, 40.644347 ], [ -112.002263, 40.651 ], [ -112.001874, 40.653383 ], [ -112.002263, 40.6546 ], [ -112.005186, 40.655958 ], [ -112.006229, 40.656262 ], [ -112.013123, 40.654836 ], [ -112.020958, 40.654836 ], [ -112.024335, 40.656335 ], [ -112.024644, 40.656337 ], [ -112.02468, 40.656337 ], [ -112.02499, 40.656332 ], [ -112.030711, 40.65904 ], [ -112.031151, 40.665578 ], [ -112.030879, 40.666638 ], [ -112.030436, 40.667849 ], [ -112.029965, 40.668866 ], [ -112.029632, 40.669788 ], [ -112.029331, 40.670721 ], [ -112.028688, 40.674528 ], [ -112.025716, 40.682094 ], [ -112.025723, 40.682187 ], [ -112.027674, 40.689342 ], [ -112.027268, 40.691195 ], [ -112.030785, 40.691965 ], [ -112.031191, 40.690112 ], [ -112.033577, 40.68387 ], [ -112.035011, 40.681883 ], [ -112.03501, 40.681856 ], [ -112.032959, 40.677846 ], [ -112.032843, 40.671511 ], [ -112.033047, 40.670927 ], [ -112.03335, 40.670091 ], [ -112.033693, 40.669382 ], [ -112.035356, 40.666525 ], [ -112.042056, 40.665823 ], [ -112.045655, 40.665901 ], [ -112.045696, 40.663992 ], [ -112.045696, 40.660447 ], [ -112.045699, 40.659714 ], [ -112.045723, 40.658089 ], [ -112.052471, 40.653155 ], [ -112.057591, 40.654961 ], [ -112.060273, 40.654958 ], [ -112.064703, 40.654931 ], [ -112.071145, 40.656328 ], [ -112.07155, 40.656478 ], [ -112.072194, 40.656647 ], [ -112.079934, 40.65978 ], [ -112.081126, 40.660544 ], [ -112.082053, 40.661071 ], [ -112.083833, 40.657942 ], [ -112.078881, 40.651101 ] ] ] } },
{ "type": "Feature", "properties": { "group_index": 0, "value": 600.0, "center": [ -111.86805943945257, 40.69987405318438 ], "point_id": 122 }, "geometry": { "type": "Polygon", "coordinates": [ [ [ -111.94559, 40.722704 ], [ -111.945143, 40.72263 ], [ -111.943698, 40.722451 ], [ -111.942669, 40.722364 ], [ -111.941582, 40.722316 ], [ -111.939419, 40.722335 ], [ -111.935298, 40.722426 ], [ -111.933139, 40.722567 ], [ -111.932296, 40.722507 ], [ -111.932126, 40.722503 ], [ -111.92851, 40.72257 ], [ -111.924884, 40.722637 ], [ -111.919488, 40.719362 ], [ -111.921338, 40.713749 ], [ -111.923345, 40.707944 ], [ -111.930334, 40.703175 ], [ -111.932498, 40.702568 ], [ -111.932587, 40.702444 ], [ -111.934046, 40.699344 ], [ -111.934143, 40.697319 ], [ -111.934052, 40.697176 ], [ -111.93334, 40.696599 ], [ -111.929642, 40.693178 ], [ -111.926221, 40.68498 ], [ -111.926106, 40.684665 ], [ -111.925667, 40.68351 ], [ -111.92415, 40.683838 ], [ -111.918582, 40.677904 ], [ -111.923109, 40.67387 ], [ -111.923633, 40.67371 ], [ -111.924224, 40.671409 ], [ -111.924221, 40.671402 ], [ -111.924199, 40.671356 ], [ -111.924196, 40.671349 ], [ -111.92258, 40.670267 ], [ -111.915378, 40.669899 ], [ -111.909363, 40.666498 ], [ -111.907711, 40.665204 ], [ -111.903439, 40.657398 ], [ -111.903675, 40.654549 ], [ -111.904051, 40.651344 ], [ -111.904288, 40.649036 ], [ -111.904479, 40.647224 ], [ -111.90467, 40.645412 ], [ -111.90109, 40.645034 ], [ -111.900899, 40.646846 ], [ -111.900708, 40.648658 ], [ -111.89439, 40.654632 ], [ -111.89175, 40.65424 ], [ -111.888654, 40.653813 ], [ -111.888417, 40.653812 ], [ -111.886613, 40.655359 ], [ -111.878959, 40.654286 ], [ -111.876011, 40.650153 ], [ -111.874944, 40.647896 ], [ -111.872371, 40.646145 ], [ -111.868585, 40.642748 ], [ -111.867766, 40.64192 ], [ -111.866307, 40.640284 ], [ -111.866241, 40.640256 ], [ -111.86608, 40.640241 ], [ -111.865991, 40.640252 ], [ -111.858185, 40.640543 ], [ -111.856555, 40.638831 ], [ -111.854695, 40.63724 ], [ -111.85463, 40.63724 ], [ -111.852387, 40.638517 ], [ -111.851788, 40.640279 ], [ -111.845528, 40.643522 ], [ -111.841964, 40.641657 ], [ -111.837597, 40.639282 ], [ -111.837289, 40.638999 ], [ -111.835683, 40.639054 ], [ -111.835578, 40.639122 ], [ -111.834887, 40.639605 ], [ -111.834857, 40.63965 ], [ -111.834857, 40.641653 ], [ -111.834991, 40.649035 ], [ -111.83313, 40.653206 ], [ -111.831128, 40.65621 ], [ -111.831001, 40.656617 ], [ -111.83092, 40.657081 ], [ -111.82823, 40.66273 ], [ -111.824223, 40.664648 ], [ -111.821531, 40.664871 ], [ -111.821311, 40.664986 ], [ -111.819708, 40.667972 ], [ -111.814624, 40.671654 ], [ -111.814424, 40.671726 ], [ -111.814419, 40.671728 ], [ -111.814219, 40.671799 ], [ -111.805725, 40.673526 ], [ -111.80281, 40.671415 ], [ -111.798368, 40.677209 ], [ -111.797908, 40.677812 ], [ -111.797102, 40.679041 ], [ -111.796556, 40.680146 ], [ -111.796195, 40.681201 ], [ -111.795957, 40.682374 ], [ -111.794731, 40.687483 ], [ -111.791973, 40.69579 ], [ -111.790702, 40.697368 ], [ -111.790703, 40.697553 ], [ -111.792612, 40.70111 ], [ -111.792931, 40.703881 ], [ -111.788116, 40.710714 ], [ -111.787449, 40.711032 ], [ -111.786196, 40.71177 ], [ -111.784857, 40.712617 ], [ -111.784027, 40.713228 ], [ -111.78346, 40.713763 ], [ -111.777239, 40.718782 ], [ -111.774271, 40.720776 ], [ -111.772417, 40.721934 ], [ -111.768211, 40.724108 ], [ -111.76769, 40.724381 ], [ -111.761611, 40.727591 ], [ -111.760663, 40.728013 ], [ -111.75953, 40.728642 ], [ -111.758977, 40.72901 ], [ -111.758072, 40.729716 ], [ -111.760289, 40.732553 ], [ -111.766429, 40.729848 ], [ -111.766935, 40.729606 ], [ -111.773298, 40.726604 ], [ -111.773955, 40.726076 ], [ -111.775482, 40.72476 ], [ -111.782099, 40.720969 ], [ -111.782988, 40.720573 ], [ -111.783688, 40.720096 ], [ -111.784112, 40.719783 ], [ -111.784536, 40.719398 ], [ -111.78516, 40.718491 ], [ -111.7926, 40.713621 ], [ -111.793506, 40.713553 ], [ -111.794042, 40.713469 ], [ -111.794516, 40.713358 ], [ -111.801641, 40.714061 ], [ -111.802415, 40.714339 ], [ -111.806739, 40.717495 ], [ -111.808442, 40.722328 ], [ -111.808627, 40.722629 ], [ -111.811834, 40.724553 ], [ -111.813732, 40.724804 ], [ -111.81393, 40.724722 ], [ -111.817606, 40.721875 ], [ -111.818994, 40.720497 ], [ -111.82762, 40.721081 ], [ -111.829037, 40.724506 ], [ -111.829779, 40.725519 ], [ -111.831503, 40.727292 ], [ -111.836512, 40.730167 ], [ -111.842219, 40.733275 ], [ -111.84615, 40.735284 ], [ -111.852075, 40.740846 ], [ -111.853386, 40.741795 ], [ -111.854591, 40.742378 ], [ -111.859038, 40.745093 ], [ -111.862118, 40.75018 ], [ -111.865388, 40.753772 ], [ -111.868891, 40.758122 ], [ -111.870578, 40.759413 ], [ -111.870947, 40.759415 ], [ -111.872753, 40.757959 ], [ -111.876224, 40.753761 ], [ -111.87865, 40.751599 ], [ -111.880339, 40.749911 ], [ -111.884958, 40.743428 ], [ -111.888119, 40.742218 ], [ -111.894655, 40.745836 ], [ -111.89576, 40.749262 ], [ -111.895329, 40.756303 ], [ -111.895331, 40.756361 ], [ -111.896988, 40.75809 ], [ -111.902028, 40.76244 ], [ -111.902554, 40.76244 ], [ -111.902556, 40.76244 ], [ -111.903397, 40.76244 ], [ -111.906343, 40.762344 ], [ -111.906939, 40.762344 ], [ -111.911549, 40.768584 ], [ -111.90848, 40.771648 ], [ -111.908346, 40.772568 ], [ -111.908312, 40.77358 ], [ -111.90833, 40.777744 ], [ -111.908283, 40.779055 ], [ -111.908577, 40.781282 ], [ -111.912175, 40.781165 ], [ -111.912101, 40.778875 ], [ -111.912021, 40.776796 ], [ -111.912026, 40.776585 ], [ -111.911908, 40.773404 ], [ -111.912035, 40.772215 ], [ -111.915963, 40.76634 ], [ -111.921775, 40.766448 ], [ -111.923874, 40.766459 ], [ -111.931423, 40.767104 ], [ -111.931844, 40.767172 ], [ -111.93242, 40.763618 ], [ -111.931999, 40.76355 ], [ -111.923894, 40.76286 ], [ -111.918632, 40.759127 ], [ -111.916938, 40.757528 ], [ -111.913372, 40.754095 ], [ -111.912466, 40.752288 ], [ -111.913301, 40.743345 ], [ -111.913864, 40.741971 ], [ -111.913864, 40.741552 ], [ -111.913282, 40.739745 ], [ -111.917254, 40.731679 ], [ -111.91866, 40.730341 ], [ -111.924951, 40.726237 ], [ -111.928577, 40.726169 ], [ -111.932043, 40.726098 ], [ -111.932999, 40.726164 ], [ -111.934467, 40.726222 ], [ -111.936435, 40.726467 ], [ -111.937271, 40.726522 ], [ -111.937963, 40.726542 ], [ -111.938707, 40.726531 ], [ -111.939258, 40.726498 ], [ -111.946525, 40.726507 ], [ -111.947112, 40.722956 ], [ -111.94559, 40.722704 ] ] ] } },
{ "type": "Feature", "properties": { "group_index": 0, "value": 600.0, "center": [ -111.87686793089105, 40.71551267507595 ], "point_id": 123 }, "geometry": { "type": "Polygon", "coordinates": [ [ [ -111.950721, 40.763763 ], [ -111.946417, 40.764023 ], [ -111.94371, 40.764193 ], [ -111.941006, 40.764362 ], [ -111.939491, 40.764445 ], [ -111.937571, 40.764396 ], [ -111.935261, 40.764102 ], [ -111.9351, 40.764074 ], [ -111.929719, 40.765004 ], [ -111.923243, 40.760678 ], [ -111.921402, 40.758154 ], [ -111.918628, 40.752115 ], [ -111.916879, 40.750435 ], [ -111.917889, 40.742296 ], [ -111.918652, 40.741445 ], [ -111.922823, 40.735307 ], [ -111.924644, 40.733648 ], [ -111.928432, 40.727722 ], [ -111.93713, 40.728889 ], [ -111.938215, 40.730418 ], [ -111.938407, 40.730477 ], [ -111.939109, 40.730553 ], [ -111.939154, 40.730553 ], [ -111.947765, 40.728245 ], [ -111.951129, 40.728832 ], [ -111.951502, 40.728919 ], [ -111.952029, 40.728956 ], [ -111.95269, 40.72885 ], [ -111.953231, 40.728658 ], [ -111.961204, 40.727846 ], [ -111.964099, 40.728508 ], [ -111.965995, 40.728489 ], [ -111.96722, 40.728567 ], [ -111.967689, 40.728573 ], [ -111.967734, 40.724973 ], [ -111.962159, 40.724267 ], [ -111.961279, 40.724155 ], [ -111.960409, 40.724092 ], [ -111.959489, 40.724085 ], [ -111.959417, 40.724083 ], [ -111.956059, 40.724104 ], [ -111.954602, 40.72403 ], [ -111.954099, 40.723984 ], [ -111.952652, 40.723834 ], [ -111.950631, 40.723497 ], [ -111.947518, 40.723023 ], [ -111.939303, 40.719764 ], [ -111.939061, 40.719765 ], [ -111.93288, 40.722227 ], [ -111.92851, 40.72257 ], [ -111.924884, 40.722637 ], [ -111.923607, 40.714709 ], [ -111.923606, 40.714632 ], [ -111.923335, 40.707606 ], [ -111.93031, 40.703184 ], [ -111.933121, 40.69988 ], [ -111.933497, 40.69756 ], [ -111.933413, 40.696996 ], [ -111.933407, 40.696991 ], [ -111.927071, 40.693236 ], [ -111.918701, 40.690261 ], [ -111.917341, 40.688872 ], [ -111.913843, 40.68522 ], [ -111.912052, 40.68522 ], [ -111.909061, 40.683842 ], [ -111.908502, 40.676758 ], [ -111.908737, 40.675789 ], [ -111.90893, 40.673183 ], [ -111.903391, 40.66715 ], [ -111.903368, 40.663266 ], [ -111.90349, 40.659328 ], [ -111.903847, 40.657229 ], [ -111.903842, 40.653126 ], [ -111.900267, 40.652706 ], [ -111.900099, 40.654129 ], [ -111.899852, 40.657095 ], [ -111.899749, 40.658653 ], [ -111.899745, 40.659392 ], [ -111.899768, 40.663287 ], [ -111.89108, 40.665101 ], [ -111.889252, 40.663744 ], [ -111.888455, 40.662925 ], [ -111.886868, 40.661997 ], [ -111.886306, 40.661781 ], [ -111.882054, 40.660153 ], [ -111.881984, 40.660124 ], [ -111.879879, 40.660779 ], [ -111.872923, 40.661956 ], [ -111.868855, 40.657993 ], [ -111.867741, 40.654769 ], [ -111.865978, 40.653496 ], [ -111.865798, 40.653493 ], [ -111.864142, 40.654817 ], [ -111.856289, 40.655684 ], [ -111.852912, 40.654145 ], [ -111.849816, 40.655983 ], [ -111.850185, 40.656605 ], [ -111.850722, 40.657401 ], [ -111.84828, 40.665534 ], [ -111.83955, 40.666671 ], [ -111.839324, 40.666548 ], [ -111.839244, 40.666565 ], [ -111.837968, 40.668813 ], [ -111.832248, 40.672435 ], [ -111.830843, 40.673655 ], [ -111.830821, 40.673729 ], [ -111.830813, 40.674269 ], [ -111.824511, 40.680363 ], [ -111.822713, 40.682158 ], [ -111.819113, 40.685274 ], [ -111.813131, 40.685256 ], [ -111.811796, 40.67697 ], [ -111.811934, 40.675633 ], [ -111.811934, 40.675561 ], [ -111.811934, 40.673372 ], [ -111.807533, 40.665983 ], [ -111.807636, 40.664667 ], [ -111.807666, 40.6634 ], [ -111.807915, 40.661664 ], [ -111.808513, 40.659041 ], [ -111.809294, 40.655993 ], [ -111.805807, 40.655099 ], [ -111.805025, 40.658147 ], [ -111.804405, 40.660863 ], [ -111.804104, 40.662878 ], [ -111.804038, 40.664549 ], [ -111.803945, 40.665698 ], [ -111.799873, 40.672029 ], [ -111.797983, 40.672717 ], [ -111.797925, 40.672738 ], [ -111.79771, 40.672919 ], [ -111.79804, 40.675688 ], [ -111.79149, 40.681842 ], [ -111.790683, 40.681863 ], [ -111.789673, 40.682948 ], [ -111.789737, 40.683719 ], [ -111.790494, 40.690106 ], [ -111.786685, 40.696418 ], [ -111.786703, 40.69655 ], [ -111.786853, 40.697082 ], [ -111.787129, 40.697582 ], [ -111.788866, 40.703165 ], [ -111.787449, 40.711032 ], [ -111.786196, 40.71177 ], [ -111.784857, 40.712617 ], [ -111.784027, 40.713228 ], [ -111.78346, 40.713763 ], [ -111.777239, 40.718782 ], [ -111.774271, 40.720776 ], [ -111.772417, 40.721934 ], [ -111.768211, 40.724108 ], [ -111.76769, 40.724381 ], [ -111.761611, 40.727591 ], [ -111.760663, 40.728013 ], [ -111.753635, 40.730721 ], [ -111.749943, 40.731378 ], [ -111.748859, 40.731627 ], [ -111.748132, 40.731879 ], [ -111.74755, 40.73215 ], [ -111.746973, 40.732485 ], [ -111.746607, 40.732767 ], [ -111.742686, 40.735807 ], [ -111.742045, 40.736378 ], [ -111.741475, 40.73708 ], [ -111.740771, 40.739375 ], [ -111.744083, 40.740785 ], [ -111.746996, 40.737444 ], [ -111.752901, 40.734672 ], [ -111.756176, 40.73394 ], [ -111.75702, 40.733832 ], [ -111.75776, 40.733687 ], [ -111.759117, 40.733232 ], [ -111.759511, 40.733058 ], [ -111.766429, 40.729848 ], [ -111.766935, 40.729606 ], [ -111.773955, 40.726076 ], [ -111.775482, 40.72476 ], [ -111.782183, 40.721108 ], [ -111.782751, 40.720864 ], [ -111.783395, 40.720489 ], [ -111.784505, 40.719647 ], [ -111.784948, 40.719145 ], [ -111.785462, 40.718285 ], [ -111.7926, 40.713621 ], [ -111.793506, 40.713553 ], [ -111.794042, 40.713469 ], [ -111.794516, 40.713358 ], [ -111.801641, 40.714061 ], [ -111.80664, 40.720225 ], [ -111.806838, 40.721106 ], [ -111.807782, 40.723039 ], [ -111.808042, 40.723474 ], [ -111.810482, 40.725934 ], [ -111.81251, 40.728268 ], [ -111.8157, 40.730326 ], [ -111.816961, 40.730098 ], [ -111.818695, 40.728329 ], [ -111.822678, 40.726225 ], [ -111.82791, 40.727293 ], [ -111.830671, 40.729073 ], [ -111.836602, 40.733587 ], [ -111.838335, 40.73542 ], [ -111.841879, 40.736528 ], [ -111.846192, 40.74274 ], [ -111.846281, 40.743445 ], [ -111.847992, 40.744292 ], [ -111.852603, 40.750092 ], [ -111.856697, 40.753775 ], [ -111.861808, 40.760569 ], [ -111.863014, 40.762334 ], [ -111.865147, 40.763506 ], [ -111.870569, 40.767497 ], [ -111.870955, 40.767496 ], [ -111.872749, 40.76581 ], [ -111.876687, 40.76256 ], [ -111.879835, 40.760863 ], [ -111.8807, 40.760287 ], [ -111.882837, 40.75884 ], [ -111.890539, 40.758984 ], [ -111.89375, 40.761731 ], [ -111.894442, 40.762379 ], [ -111.897806, 40.764394 ], [ -111.898112, 40.764563 ], [ -111.900333, 40.765649 ], [ -111.902276, 40.766833 ], [ -111.902299, 40.766835 ], [ -111.908346, 40.772568 ], [ -111.908312, 40.77358 ], [ -111.904998, 40.780509 ], [ -111.904992, 40.784109 ], [ -111.911209, 40.787129 ], [ -111.912818, 40.789526 ], [ -111.913366, 40.790413 ], [ -111.914124, 40.791922 ], [ -111.914852, 40.793873 ], [ -111.916253, 40.797422 ], [ -111.917473, 40.799623 ], [ -111.920622, 40.797878 ], [ -111.919402, 40.795677 ], [ -111.918206, 40.792565 ], [ -111.917497, 40.790663 ], [ -111.917106, 40.789741 ], [ -111.916504, 40.788649 ], [ -111.915884, 40.787639 ], [ -111.914198, 40.785123 ], [ -111.912962, 40.781376 ], [ -111.912728, 40.780156 ], [ -111.912021, 40.776796 ], [ -111.916969, 40.770632 ], [ -111.923874, 40.766459 ], [ -111.934478, 40.767616 ], [ -111.937362, 40.769662 ], [ -111.938874, 40.771244 ], [ -111.939144, 40.771244 ], [ -111.939239, 40.771245 ], [ -111.947268, 40.77 ], [ -111.950847, 40.769614 ], [ -111.955241, 40.767097 ], [ -111.955024, 40.763503 ], [ -111.950721, 40.763763 ] ] ] } },
{ "type": "Feature", "properties": { "group_index": 0, "value": 600.0, "center": [ -111.85855645803619, 40.52448562614992 ], "point_id": 124 }, "geometry": { "type": "Polygon", "coordinates": [ [ [ -111.901727, 40.57927 ], [ -111.901767, 40.576821 ], [ -111.901766, 40.575038 ], [ -111.901742, 40.573678 ], [ -111.901716, 40.571811 ], [ -111.901584, 40.569826 ], [ -111.903749, 40.563055 ], [ -111.907478, 40.560752 ], [ -111.907562, 40.557153 ], [ -111.903766, 40.555979 ], [ -111.900731, 40.550008 ], [ -111.905169, 40.546183 ], [ -111.905813, 40.546119 ], [ -111.907138, 40.545911 ], [ -111.906582, 40.542355 ], [ -111.911022, 40.53703 ], [ -111.912146, 40.535506 ], [ -111.913539, 40.531276 ], [ -111.918002, 40.527726 ], [ -111.918539, 40.527491 ], [ -111.918301, 40.525493 ], [ -111.918178, 40.525305 ], [ -111.917098, 40.524192 ], [ -111.916113, 40.52447 ], [ -111.909174, 40.519838 ], [ -111.907324, 40.516749 ], [ -111.900795, 40.514024 ], [ -111.903344, 40.505536 ], [ -111.902128, 40.502147 ], [ -111.90132, 40.502395 ], [ -111.901113, 40.502446 ], [ -111.90052, 40.502553 ], [ -111.900125, 40.502598 ], [ -111.899718, 40.50263 ], [ -111.893132, 40.496871 ], [ -111.894887, 40.490698 ], [ -111.897442, 40.488388 ], [ -111.898328, 40.48764 ], [ -111.899954, 40.485682 ], [ -111.900234, 40.485408 ], [ -111.899912, 40.480683 ], [ -111.899911, 40.48068 ], [ -111.898636, 40.479411 ], [ -111.892492, 40.478698 ], [ -111.888745, 40.4796 ], [ -111.888268, 40.479733 ], [ -111.887334, 40.480028 ], [ -111.878531, 40.481748 ], [ -111.8732, 40.483754 ], [ -111.872971, 40.484055 ], [ -111.872581, 40.484999 ], [ -111.866348, 40.489968 ], [ -111.859337, 40.484842 ], [ -111.857415, 40.485817 ], [ -111.851054, 40.488478 ], [ -111.84315, 40.49111 ], [ -111.842654, 40.491294 ], [ -111.842134, 40.491579 ], [ -111.838986, 40.493534 ], [ -111.837657, 40.499007 ], [ -111.838122, 40.5073 ], [ -111.838124, 40.507852 ], [ -111.838258, 40.508534 ], [ -111.836973, 40.517047 ], [ -111.834123, 40.521577 ], [ -111.829853, 40.524957 ], [ -111.829467, 40.525207 ], [ -111.829064, 40.525542 ], [ -111.823462, 40.530737 ], [ -111.819513, 40.532156 ], [ -111.818887, 40.532577 ], [ -111.81782, 40.533832 ], [ -111.817448, 40.534571 ], [ -111.813517, 40.540264 ], [ -111.809391, 40.542207 ], [ -111.80477, 40.544098 ], [ -111.804694, 40.544151 ], [ -111.80109, 40.551075 ], [ -111.800903, 40.551549 ], [ -111.800806, 40.551953 ], [ -111.800747, 40.552611 ], [ -111.800789, 40.553099 ], [ -111.800954, 40.553776 ], [ -111.801179, 40.554261 ], [ -111.801452, 40.554609 ], [ -111.803157, 40.556084 ], [ -111.80349, 40.556131 ], [ -111.804699, 40.555914 ], [ -111.804789, 40.555742 ], [ -111.805015, 40.555035 ], [ -111.80706, 40.551684 ], [ -111.807704, 40.549823 ], [ -111.81095, 40.546018 ], [ -111.812769, 40.54519 ], [ -111.813143, 40.544988 ], [ -111.813488, 40.544759 ], [ -111.819226, 40.544254 ], [ -111.822256, 40.546361 ], [ -111.822668, 40.546433 ], [ -111.823675, 40.555273 ], [ -111.820362, 40.555458 ], [ -111.820061, 40.555372 ], [ -111.819072, 40.558834 ], [ -111.82041, 40.55927 ], [ -111.820897, 40.559403 ], [ -111.82127, 40.559477 ], [ -111.823335, 40.559724 ], [ -111.823672, 40.559753 ], [ -111.824284, 40.559745 ], [ -111.827368, 40.559678 ], [ -111.831473, 40.557857 ], [ -111.838209, 40.563126 ], [ -111.838259, 40.564352 ], [ -111.837742, 40.566696 ], [ -111.838554, 40.566802 ], [ -111.83895, 40.566834 ], [ -111.846614, 40.570154 ], [ -111.848374, 40.574136 ], [ -111.848926, 40.575005 ], [ -111.852829, 40.575372 ], [ -111.853575, 40.575349 ], [ -111.854884, 40.575033 ], [ -111.860482, 40.570495 ], [ -111.862961, 40.570732 ], [ -111.871862, 40.569706 ], [ -111.872111, 40.569706 ], [ -111.872122, 40.569706 ], [ -111.872305, 40.569707 ], [ -111.873924, 40.568092 ], [ -111.877444, 40.563821 ], [ -111.88204, 40.560631 ], [ -111.889402, 40.560593 ], [ -111.891525, 40.56255 ], [ -111.891942, 40.563052 ], [ -111.892197, 40.563168 ], [ -111.895653, 40.564687 ], [ -111.897993, 40.57007 ], [ -111.898117, 40.571861 ], [ -111.898143, 40.573741 ], [ -111.898166, 40.575041 ], [ -111.898168, 40.576762 ], [ -111.898133, 40.579132 ], [ -111.897911, 40.580932 ], [ -111.901473, 40.581451 ], [ -111.901737, 40.580884 ], [ -111.901727, 40.57927 ] ] ] } },
{ "type": "Feature", "properties": { "group_index": 0, "value": 600.0, "center": [ -111.8256888553536, 40.69671231769986 ], "point_id": 125 }, "geometry": { "type": "Polygon", "coordinates": [ [ [ -111.914225, 40.756304 ], [ -111.912466, 40.752288 ], [ -111.909362, 40.749827 ], [ -111.906864, 40.741606 ], [ -111.906867, 40.741391 ], [ -111.906267, 40.736506 ], [ -111.906298, 40.735075 ], [ -111.906259, 40.733675 ], [ -111.911486, 40.727366 ], [ -111.916756, 40.726026 ], [ -111.916918, 40.722429 ], [ -111.916677, 40.722419 ], [ -111.91533, 40.722382 ], [ -111.914413, 40.722412 ], [ -111.913468, 40.722473 ], [ -111.906828, 40.717417 ], [ -111.906822, 40.714617 ], [ -111.906247, 40.712557 ], [ -111.906056, 40.711605 ], [ -111.905834, 40.709446 ], [ -111.905749, 40.705996 ], [ -111.905745, 40.705885 ], [ -111.905738, 40.70466 ], [ -111.905651, 40.704556 ], [ -111.902138, 40.70469 ], [ -111.894652, 40.702073 ], [ -111.892937, 40.700806 ], [ -111.891137, 40.699101 ], [ -111.890173, 40.697501 ], [ -111.891693, 40.689749 ], [ -111.893747, 40.687541 ], [ -111.893752, 40.687065 ], [ -111.89017, 40.682963 ], [ -111.888625, 40.681359 ], [ -111.888367, 40.681359 ], [ -111.888358, 40.681359 ], [ -111.888272, 40.68136 ], [ -111.88484, 40.680466 ], [ -111.882003, 40.674325 ], [ -111.882002, 40.674177 ], [ -111.880469, 40.67254 ], [ -111.873312, 40.6687 ], [ -111.871034, 40.665762 ], [ -111.870153, 40.664548 ], [ -111.868798, 40.662983 ], [ -111.864447, 40.660331 ], [ -111.864131, 40.660329 ], [ -111.858065, 40.657083 ], [ -111.857025, 40.654801 ], [ -111.856299, 40.651827 ], [ -111.854708, 40.650116 ], [ -111.854264, 40.650064 ], [ -111.85131, 40.650773 ], [ -111.843735, 40.647598 ], [ -111.842014, 40.647232 ], [ -111.836793, 40.64404 ], [ -111.835386, 40.642577 ], [ -111.83685, 40.634287 ], [ -111.839026, 40.633734 ], [ -111.840924, 40.633276 ], [ -111.84008, 40.629777 ], [ -111.838182, 40.630234 ], [ -111.835963, 40.630798 ], [ -111.833766, 40.631357 ], [ -111.831568, 40.631915 ], [ -111.823992, 40.632783 ], [ -111.820829, 40.632796 ], [ -111.820226, 40.632779 ], [ -111.817781, 40.632646 ], [ -111.815792, 40.632525 ], [ -111.814997, 40.632501 ], [ -111.814078, 40.632536 ], [ -111.808203, 40.631788 ], [ -111.80531, 40.629858 ], [ -111.805258, 40.629859 ], [ -111.803485, 40.631831 ], [ -111.797725, 40.63724 ], [ -111.796545, 40.638356 ], [ -111.796791, 40.639352 ], [ -111.797251, 40.64062 ], [ -111.797529, 40.641245 ], [ -111.797987, 40.642023 ], [ -111.799039, 40.643681 ], [ -111.799686, 40.644678 ], [ -111.800217, 40.645543 ], [ -111.800771, 40.646364 ], [ -111.801904, 40.647699 ], [ -111.803866, 40.655463 ], [ -111.803796, 40.656043 ], [ -111.803591, 40.658513 ], [ -111.799092, 40.663928 ], [ -111.79621, 40.665941 ], [ -111.78955, 40.670421 ], [ -111.782954, 40.671916 ], [ -111.780445, 40.672154 ], [ -111.77828, 40.672655 ], [ -111.77663, 40.673222 ], [ -111.776555, 40.673397 ], [ -111.776524, 40.674757 ], [ -111.776991, 40.675568 ], [ -111.7775, 40.676608 ], [ -111.778535, 40.680057 ], [ -111.779776, 40.682663 ], [ -111.773525, 40.688654 ], [ -111.772537, 40.68877 ], [ -111.77015, 40.689031 ], [ -111.766132, 40.689224 ], [ -111.765722, 40.692801 ], [ -111.766645, 40.692906 ], [ -111.767257, 40.692997 ], [ -111.768066, 40.693138 ], [ -111.768517, 40.693178 ], [ -111.769008, 40.69316 ], [ -111.769532, 40.693065 ], [ -111.772906, 40.692351 ], [ -111.77711, 40.69247 ], [ -111.777827, 40.692452 ], [ -111.785603, 40.695412 ], [ -111.789656, 40.700993 ], [ -111.789696, 40.701111 ], [ -111.790112, 40.701663 ], [ -111.788752, 40.710143 ], [ -111.787787, 40.710735 ], [ -111.786196, 40.71177 ], [ -111.784857, 40.712617 ], [ -111.784027, 40.713228 ], [ -111.78346, 40.713763 ], [ -111.78292, 40.714469 ], [ -111.777239, 40.718782 ], [ -111.775986, 40.7197 ], [ -111.774271, 40.720776 ], [ -111.774139, 40.72087 ], [ -111.772417, 40.721934 ], [ -111.771807, 40.722338 ], [ -111.768211, 40.724108 ], [ -111.76769, 40.724381 ], [ -111.767153, 40.724741 ], [ -111.761611, 40.727591 ], [ -111.760663, 40.728013 ], [ -111.753635, 40.730721 ], [ -111.749943, 40.731378 ], [ -111.748859, 40.731627 ], [ -111.748132, 40.731879 ], [ -111.74755, 40.73215 ], [ -111.746973, 40.732485 ], [ -111.746607, 40.732767 ], [ -111.746172, 40.733125 ], [ -111.748458, 40.735906 ], [ -111.75702, 40.733832 ], [ -111.75776, 40.733687 ], [ -111.759117, 40.733232 ], [ -111.759511, 40.733058 ], [ -111.766429, 40.729848 ], [ -111.766935, 40.729606 ], [ -111.773955, 40.726076 ], [ -111.775482, 40.72476 ], [ -111.782183, 40.721108 ], [ -111.782751, 40.720864 ], [ -111.783395, 40.720489 ], [ -111.784505, 40.719647 ], [ -111.784948, 40.719145 ], [ -111.785462, 40.718285 ], [ -111.78975, 40.713753 ], [ -111.793339, 40.712501 ], [ -111.794116, 40.712315 ], [ -111.80119, 40.712832 ], [ -111.80209, 40.713288 ], [ -111.802929, 40.713686 ], [ -111.807047, 40.720997 ], [ -111.807093, 40.721357 ], [ -111.807101, 40.721408 ], [ -111.807312, 40.722213 ], [ -111.807427, 40.722445 ], [ -111.811159, 40.725466 ], [ -111.813679, 40.727281 ], [ -111.814208, 40.727629 ], [ -111.814852, 40.727626 ], [ -111.822188, 40.73201 ], [ -111.823228, 40.734502 ], [ -111.828989, 40.739973 ], [ -111.830758, 40.741775 ], [ -111.830893, 40.741777 ], [ -111.836562, 40.739678 ], [ -111.837681, 40.738702 ], [ -111.83831, 40.738232 ], [ -111.842639, 40.73686 ], [ -111.847849, 40.738776 ], [ -111.851461, 40.743446 ], [ -111.852094, 40.744078 ], [ -111.853889, 40.745623 ], [ -111.85432, 40.745624 ], [ -111.855694, 40.744053 ], [ -111.856331, 40.74344 ], [ -111.857922, 40.741736 ], [ -111.857921, 40.741624 ], [ -111.859687, 40.737377 ], [ -111.865176, 40.736282 ], [ -111.868718, 40.739756 ], [ -111.869008, 40.74058 ], [ -111.869292, 40.742433 ], [ -111.870712, 40.743445 ], [ -111.871261, 40.743447 ], [ -111.871281, 40.743447 ], [ -111.872892, 40.742443 ], [ -111.873943, 40.740377 ], [ -111.879412, 40.73532 ], [ -111.887537, 40.732484 ], [ -111.891059, 40.734795 ], [ -111.891125, 40.734796 ], [ -111.892878, 40.733148 ], [ -111.894131, 40.73226 ], [ -111.902355, 40.734863 ], [ -111.902019, 40.738185 ], [ -111.90142, 40.74171 ], [ -111.901331, 40.742656 ], [ -111.901346, 40.743153 ], [ -111.901815, 40.744016 ], [ -111.902466, 40.745133 ], [ -111.905765, 40.746841 ], [ -111.907287, 40.754507 ], [ -111.907273, 40.758107 ], [ -111.911518, 40.759151 ], [ -111.914678, 40.757425 ], [ -111.914225, 40.756304 ] ] ] } },
{ "type": "Feature", "properties": { "group_index": 0, "value": 600.0, "center": [ -112.0189435, 40.5166559 ], "point_id": 126 }, "geometry": { "type": "Polygon", "coordinates": [ [ [ -112.097291, 40.518553 ], [ -112.097143, 40.517841 ], [ -112.094565, 40.513953 ], [ -112.093777, 40.512912 ], [ -112.093382, 40.51246 ], [ -112.092966, 40.512102 ], [ -112.09235, 40.511789 ], [ -112.085117, 40.511489 ], [ -112.084092, 40.511214 ], [ -112.083143, 40.51099 ], [ -112.082654, 40.510909 ], [ -112.081759, 40.510812 ], [ -112.081173, 40.510807 ], [ -112.080143, 40.510888 ], [ -112.079195, 40.510978 ], [ -112.074831, 40.510196 ], [ -112.071694, 40.502548 ], [ -112.072735, 40.496167 ], [ -112.072716, 40.495723 ], [ -112.070878, 40.493201 ], [ -112.073375, 40.484928 ], [ -112.073729, 40.484705 ], [ -112.074276, 40.484208 ], [ -112.074595, 40.483769 ], [ -112.075087, 40.482926 ], [ -112.075289, 40.482363 ], [ -112.07544, 40.481612 ], [ -112.075763, 40.480255 ], [ -112.075841, 40.479133 ], [ -112.074197, 40.478708 ], [ -112.073685, 40.478625 ], [ -112.072299, 40.478488 ], [ -112.06906, 40.482528 ], [ -112.062148, 40.483771 ], [ -112.058548, 40.483754 ], [ -112.05056, 40.484082 ], [ -112.050155, 40.48408 ], [ -112.047114, 40.484957 ], [ -112.043521, 40.490441 ], [ -112.037119, 40.488876 ], [ -112.037001, 40.488748 ], [ -112.033914, 40.487269 ], [ -112.030898, 40.486822 ], [ -112.022283, 40.484787 ], [ -112.020676, 40.478534 ], [ -112.020007, 40.477771 ], [ -112.015721, 40.475915 ], [ -112.015316, 40.475915 ], [ -112.015304, 40.475915 ], [ -112.015146, 40.475916 ], [ -112.008166, 40.477439 ], [ -112.004262, 40.475729 ], [ -112.000905, 40.475712 ], [ -111.999484, 40.476486 ], [ -111.995627, 40.479136 ], [ -111.988477, 40.479127 ], [ -111.986005, 40.477666 ], [ -111.983546, 40.476212 ], [ -111.980658, 40.474471 ], [ -111.978652, 40.473295 ], [ -111.976199, 40.471887 ], [ -111.974559, 40.471053 ], [ -111.972332, 40.469992 ], [ -111.968173, 40.468051 ], [ -111.9663, 40.467128 ], [ -111.964647, 40.466295 ], [ -111.962958, 40.465445 ], [ -111.955922, 40.461637 ], [ -111.953819, 40.464559 ], [ -111.954667, 40.465169 ], [ -111.955988, 40.466 ], [ -111.956723, 40.466409 ], [ -111.958155, 40.467145 ], [ -111.961412, 40.468696 ], [ -111.963027, 40.46951 ], [ -111.964679, 40.470343 ], [ -111.966582, 40.471281 ], [ -111.970713, 40.478666 ], [ -111.970715, 40.478705 ], [ -111.972302, 40.480451 ], [ -111.972248, 40.487784 ], [ -111.971415, 40.489578 ], [ -111.966523, 40.49513 ], [ -111.96041, 40.490457 ], [ -111.95826, 40.488519 ], [ -111.958056, 40.488519 ], [ -111.957274, 40.488793 ], [ -111.955966, 40.489769 ], [ -111.953238, 40.494797 ], [ -111.946342, 40.498792 ], [ -111.940282, 40.496859 ], [ -111.940035, 40.496718 ], [ -111.938503, 40.496581 ], [ -111.938461, 40.496582 ], [ -111.929708, 40.495651 ], [ -111.928843, 40.495383 ], [ -111.927738, 40.49514 ], [ -111.926952, 40.495026 ], [ -111.925841, 40.494929 ], [ -111.922907, 40.494932 ], [ -111.92291, 40.498532 ], [ -111.931509, 40.500591 ], [ -111.932054, 40.500893 ], [ -111.93282, 40.501259 ], [ -111.936788, 40.503296 ], [ -111.940383, 40.503489 ], [ -111.942925, 40.502814 ], [ -111.948646, 40.507757 ], [ -111.949975, 40.509574 ], [ -111.955906, 40.513076 ], [ -111.956869, 40.513889 ], [ -111.9565, 40.522183 ], [ -111.956502, 40.522293 ], [ -111.958123, 40.524064 ], [ -111.959805, 40.52442 ], [ -111.964852, 40.525717 ], [ -111.970187, 40.528921 ], [ -111.971449, 40.534183 ], [ -111.970778, 40.536919 ], [ -111.970778, 40.537323 ], [ -111.971686, 40.538714 ], [ -111.977885, 40.54422 ], [ -111.976479, 40.552084 ], [ -111.975959, 40.553035 ], [ -111.975561, 40.55406 ], [ -111.975368, 40.554745 ], [ -111.975224, 40.555674 ], [ -111.975197, 40.556446 ], [ -111.975148, 40.557673 ], [ -111.975149, 40.558749 ], [ -111.975421, 40.559481 ], [ -111.979002, 40.559108 ], [ -111.978825, 40.557413 ], [ -111.980758, 40.552581 ], [ -111.988012, 40.55068 ], [ -111.995486, 40.552622 ], [ -112.001107, 40.557867 ], [ -112.002964, 40.56221 ], [ -112.00393, 40.563039 ], [ -112.00454, 40.563475 ], [ -112.005095, 40.563845 ], [ -112.005214, 40.563816 ], [ -112.011795, 40.563271 ], [ -112.016307, 40.563763 ], [ -112.016788, 40.563541 ], [ -112.021911, 40.563758 ], [ -112.02159, 40.571193 ], [ -112.023203, 40.574411 ], [ -112.028821, 40.581345 ], [ -112.031545, 40.583698 ], [ -112.032855, 40.582181 ], [ -112.033319, 40.581581 ], [ -112.033719, 40.581011 ], [ -112.034106, 40.580377 ], [ -112.034517, 40.5796 ], [ -112.034822, 40.57891 ], [ -112.035094, 40.578197 ], [ -112.035385, 40.577202 ], [ -112.035526, 40.576602 ], [ -112.035651, 40.575867 ], [ -112.035727, 40.575073 ], [ -112.035755, 40.574353 ], [ -112.041504, 40.56779 ], [ -112.042177, 40.566732 ], [ -112.042192, 40.566027 ], [ -112.042192, 40.565971 ], [ -112.042185, 40.565336 ], [ -112.041506, 40.56419 ], [ -112.040393, 40.56419 ], [ -112.037553, 40.564188 ], [ -112.032835, 40.559215 ], [ -112.039112, 40.552818 ], [ -112.039548, 40.552817 ], [ -112.042325, 40.552225 ], [ -112.043631, 40.552252 ], [ -112.046629, 40.551148 ], [ -112.053401, 40.549468 ], [ -112.054576, 40.549032 ], [ -112.055208, 40.548251 ], [ -112.055564, 40.547758 ], [ -112.057914, 40.543412 ], [ -112.064987, 40.538899 ], [ -112.067317, 40.53891 ], [ -112.068386, 40.538801 ], [ -112.0689, 40.535238 ], [ -112.068593, 40.535194 ], [ -112.068111, 40.535164 ], [ -112.065352, 40.535164 ], [ -112.062667, 40.535165 ], [ -112.058267, 40.532753 ], [ -112.059087, 40.524577 ], [ -112.061091, 40.523947 ], [ -112.063887, 40.523951 ], [ -112.066516, 40.523948 ], [ -112.066674, 40.523978 ], [ -112.067543, 40.520484 ], [ -112.072042, 40.51309 ], [ -112.074238, 40.514075 ], [ -112.074775, 40.514338 ], [ -112.075244, 40.514477 ], [ -112.076091, 40.514633 ], [ -112.076599, 40.514699 ], [ -112.077119, 40.514736 ], [ -112.078062, 40.514735 ], [ -112.078386, 40.514708 ], [ -112.079535, 40.514562 ], [ -112.080442, 40.514476 ], [ -112.08316, 40.514691 ], [ -112.084143, 40.514955 ], [ -112.085954, 40.51546 ], [ -112.090408, 40.523155 ], [ -112.090154, 40.523776 ], [ -112.089871, 40.524298 ], [ -112.089339, 40.525103 ], [ -112.092344, 40.527087 ], [ -112.092875, 40.526282 ], [ -112.097293, 40.519523 ], [ -112.097291, 40.518553 ] ] ] } },
{ "type": "Feature", "properties": { "group_index": 0, "value": 600.0, "center": [ -111.82932737328807, 40.66657275005633 ], "point_id": 127 }, "geometry": { "type": "Polygon", "coordinates": [ [ [ -111.901519, 40.674539 ], [ -111.900561, 40.667295 ], [ -111.900371, 40.66662 ], [ -111.899742, 40.665946 ], [ -111.899314, 40.665535 ], [ -111.894659, 40.66247 ], [ -111.892992, 40.661715 ], [ -111.890196, 40.659654 ], [ -111.889309, 40.65885 ], [ -111.886396, 40.651012 ], [ -111.888026, 40.649491 ], [ -111.888036, 40.649395 ], [ -111.886604, 40.647418 ], [ -111.883162, 40.643087 ], [ -111.883021, 40.643069 ], [ -111.876242, 40.639922 ], [ -111.873499, 40.632035 ], [ -111.873584, 40.628436 ], [ -111.872919, 40.62842 ], [ -111.870223, 40.628421 ], [ -111.866746, 40.628423 ], [ -111.86327, 40.628426 ], [ -111.857386, 40.626399 ], [ -111.855134, 40.624287 ], [ -111.854822, 40.624285 ], [ -111.854808, 40.624285 ], [ -111.854575, 40.624285 ], [ -111.853111, 40.625348 ], [ -111.847135, 40.629123 ], [ -111.844904, 40.629123 ], [ -111.836408, 40.626349 ], [ -111.835834, 40.626168 ], [ -111.833355, 40.625745 ], [ -111.824966, 40.624213 ], [ -111.824729, 40.624216 ], [ -111.824519, 40.624233 ], [ -111.822952, 40.62563 ], [ -111.820734, 40.62909 ], [ -111.81272, 40.628868 ], [ -111.811459, 40.626819 ], [ -111.809594, 40.623885 ], [ -111.807928, 40.622137 ], [ -111.799101, 40.621147 ], [ -111.797582, 40.622418 ], [ -111.797311, 40.622764 ], [ -111.7971, 40.623171 ], [ -111.797047, 40.623313 ], [ -111.79706, 40.624113 ], [ -111.797292, 40.626519 ], [ -111.796265, 40.634415 ], [ -111.795471, 40.636364 ], [ -111.794961, 40.637875 ], [ -111.795044, 40.63813 ], [ -111.795217, 40.638517 ], [ -111.796453, 40.640476 ], [ -111.799039, 40.643681 ], [ -111.799686, 40.644678 ], [ -111.800217, 40.645543 ], [ -111.800771, 40.646364 ], [ -111.801904, 40.647699 ], [ -111.803866, 40.655463 ], [ -111.803796, 40.656043 ], [ -111.803591, 40.658513 ], [ -111.799092, 40.663928 ], [ -111.79621, 40.665941 ], [ -111.788344, 40.670084 ], [ -111.78202, 40.671595 ], [ -111.781755, 40.67162 ], [ -111.781313, 40.671713 ], [ -111.777422, 40.672196 ], [ -111.777181, 40.67243 ], [ -111.776834, 40.672861 ], [ -111.776555, 40.673397 ], [ -111.776031, 40.678456 ], [ -111.777734, 40.680344 ], [ -111.781198, 40.687887 ], [ -111.781754, 40.691444 ], [ -111.782308, 40.691357 ], [ -111.783751, 40.691191 ], [ -111.790687, 40.695192 ], [ -111.791519, 40.697305 ], [ -111.79331, 40.703532 ], [ -111.79268, 40.708965 ], [ -111.793564, 40.712455 ], [ -111.80209, 40.713288 ], [ -111.802929, 40.713686 ], [ -111.803756, 40.714113 ], [ -111.807542, 40.714604 ], [ -111.815, 40.711316 ], [ -111.820876, 40.714115 ], [ -111.821632, 40.714962 ], [ -111.822405, 40.715285 ], [ -111.822839, 40.715353 ], [ -111.827541, 40.716348 ], [ -111.833498, 40.718471 ], [ -111.834489, 40.718873 ], [ -111.835463, 40.719196 ], [ -111.836146, 40.719363 ], [ -111.837967, 40.719761 ], [ -111.842546, 40.720794 ], [ -111.844223, 40.721128 ], [ -111.84547, 40.721328 ], [ -111.850294, 40.722053 ], [ -111.855687, 40.721568 ], [ -111.85567, 40.717968 ], [ -111.857293, 40.712956 ], [ -111.858608, 40.710709 ], [ -111.865465, 40.708604 ], [ -111.865775, 40.708604 ], [ -111.871313, 40.707306 ], [ -111.877313, 40.702579 ], [ -111.878742, 40.701338 ], [ -111.87973, 40.699869 ], [ -111.882827, 40.693788 ], [ -111.888181, 40.690316 ], [ -111.889987, 40.688735 ], [ -111.892633, 40.683957 ], [ -111.893897, 40.681321 ], [ -111.900347, 40.676282 ], [ -111.901522, 40.674748 ], [ -111.901519, 40.674539 ] ] ] } },
{ "type": "Feature", "properties": { "group_index": 0, "value": 600.0, "center": [ -112.00428397296125, 40.68219269634519 ], "point_id": 128 }, "geometry": { "type": "Polygon", "coordinates": [ [ [ -112.093724, 40.685884 ], [ -112.094033, 40.683525 ], [ -112.09389, 40.680803 ], [ -112.093777, 40.673815 ], [ -112.090178, 40.673789 ], [ -112.08622, 40.680225 ], [ -112.082248, 40.680222 ], [ -112.079054, 40.68022 ], [ -112.07586, 40.680218 ], [ -112.072666, 40.680216 ], [ -112.069472, 40.680214 ], [ -112.066279, 40.680212 ], [ -112.063085, 40.680211 ], [ -112.060832, 40.680213 ], [ -112.058638, 40.680235 ], [ -112.055006, 40.680239 ], [ -112.053249, 40.679854 ], [ -112.045677, 40.67561 ], [ -112.045619, 40.66756 ], [ -112.045697, 40.663953 ], [ -112.045666, 40.660104 ], [ -112.045699, 40.659714 ], [ -112.05038, 40.653132 ], [ -112.052471, 40.653155 ], [ -112.057591, 40.654961 ], [ -112.060273, 40.654958 ], [ -112.065283, 40.654923 ], [ -112.070909, 40.656222 ], [ -112.071281, 40.656383 ], [ -112.071716, 40.656528 ], [ -112.072342, 40.656678 ], [ -112.07271, 40.656732 ], [ -112.073299, 40.656774 ], [ -112.077098, 40.65747 ], [ -112.079519, 40.654806 ], [ -112.077253, 40.652746 ], [ -112.072691, 40.65122 ], [ -112.0685, 40.650127 ], [ -112.065232, 40.651323 ], [ -112.060268, 40.651358 ], [ -112.057586, 40.651361 ], [ -112.054573, 40.652526 ], [ -112.048828, 40.651408 ], [ -112.046949, 40.646373 ], [ -112.047193, 40.644507 ], [ -112.051762, 40.640342 ], [ -112.055481, 40.640985 ], [ -112.055821, 40.641151 ], [ -112.056487, 40.641391 ], [ -112.057194, 40.641537 ], [ -112.057831, 40.641582 ], [ -112.058208, 40.641574 ], [ -112.058608, 40.641534 ], [ -112.059188, 40.641427 ], [ -112.059565, 40.641323 ], [ -112.0632, 40.639888 ], [ -112.064246, 40.639889 ], [ -112.064768, 40.639815 ], [ -112.065001, 40.639752 ], [ -112.064053, 40.636279 ], [ -112.062111, 40.632868 ], [ -112.05784, 40.629459 ], [ -112.054651, 40.624266 ], [ -112.05111, 40.623615 ], [ -112.044379, 40.618401 ], [ -112.044059, 40.617837 ], [ -112.043564, 40.617062 ], [ -112.043046, 40.616353 ], [ -112.042467, 40.615646 ], [ -112.038965, 40.60762 ], [ -112.037073, 40.607159 ], [ -112.031788, 40.601871 ], [ -112.028408, 40.603112 ], [ -112.028769, 40.604094 ], [ -112.029334, 40.605277 ], [ -112.030007, 40.60634 ], [ -112.031904, 40.611247 ], [ -112.033153, 40.612197 ], [ -112.033694, 40.612651 ], [ -112.03492, 40.613455 ], [ -112.035963, 40.614335 ], [ -112.038306, 40.622145 ], [ -112.036252, 40.626311 ], [ -112.035161, 40.629095 ], [ -112.026367, 40.628341 ], [ -112.024569, 40.626949 ], [ -112.02442, 40.626949 ], [ -112.022767, 40.628328 ], [ -112.015035, 40.623989 ], [ -112.014689, 40.623334 ], [ -112.013666, 40.622212 ], [ -112.012979, 40.621735 ], [ -112.007196, 40.616397 ], [ -112.005586, 40.614962 ], [ -112.005246, 40.614959 ], [ -111.999083, 40.618758 ], [ -111.997338, 40.620326 ], [ -111.997437, 40.620872 ], [ -111.99795, 40.622075 ], [ -111.991195, 40.627977 ], [ -111.990895, 40.627856 ], [ -111.989364, 40.631072 ], [ -111.981582, 40.631281 ], [ -111.979192, 40.624475 ], [ -111.979193, 40.624422 ], [ -111.978341, 40.620502 ], [ -111.978316, 40.619479 ], [ -111.974717, 40.619566 ], [ -111.974297, 40.624721 ], [ -111.974298, 40.624758 ], [ -111.974697, 40.628135 ], [ -111.972907, 40.633307 ], [ -111.969499, 40.635999 ], [ -111.967503, 40.636774 ], [ -111.96556, 40.6405 ], [ -111.95785, 40.644152 ], [ -111.957694, 40.644153 ], [ -111.949625, 40.645296 ], [ -111.948464, 40.644603 ], [ -111.947168, 40.643984 ], [ -111.946359, 40.643596 ], [ -111.945819, 40.643366 ], [ -111.945321, 40.643192 ], [ -111.942456, 40.642003 ], [ -111.937012, 40.642754 ], [ -111.937007, 40.646354 ], [ -111.937618, 40.646355 ], [ -111.941466, 40.646395 ], [ -111.945798, 40.65305 ], [ -111.945798, 40.653086 ], [ -111.94665, 40.661699 ], [ -111.943271, 40.664358 ], [ -111.940566, 40.665273 ], [ -111.939147, 40.665789 ], [ -111.937747, 40.667417 ], [ -111.937749, 40.667605 ], [ -111.937078, 40.6727 ], [ -111.932775, 40.676254 ], [ -111.932761, 40.676272 ], [ -111.930945, 40.679556 ], [ -111.927551, 40.684497 ], [ -111.927555, 40.684616 ], [ -111.927557, 40.684653 ], [ -111.927564, 40.684771 ], [ -111.929605, 40.686337 ], [ -111.929754, 40.686303 ], [ -111.935979, 40.688917 ], [ -111.936696, 40.692294 ], [ -111.937112, 40.694794 ], [ -111.938762, 40.696171 ], [ -111.941616, 40.698418 ], [ -111.948083, 40.704095 ], [ -111.949486, 40.70572 ], [ -111.956216, 40.709795 ], [ -111.959344, 40.71402 ], [ -111.965821, 40.717904 ], [ -111.967584, 40.719365 ], [ -111.974195, 40.723749 ], [ -111.975606, 40.727919 ], [ -111.978076, 40.727689 ], [ -111.986281, 40.728566 ], [ -111.986978, 40.728657 ], [ -111.987507, 40.728586 ], [ -111.987985, 40.728454 ], [ -111.99286, 40.727531 ], [ -111.99744, 40.727556 ], [ -112.001744, 40.727559 ], [ -112.006048, 40.727562 ], [ -112.010351, 40.727565 ], [ -112.011276, 40.727364 ], [ -112.013535, 40.727544 ], [ -112.015437, 40.727541 ], [ -112.019516, 40.73506 ], [ -112.017114, 40.737048 ], [ -112.01239, 40.737032 ], [ -112.012362, 40.737031 ], [ -112.012282, 40.73703 ], [ -112.012268, 40.737031 ], [ -112.00996, 40.738352 ], [ -112.01, 40.741952 ], [ -112.012334, 40.741926 ], [ -112.015998, 40.741914 ], [ -112.022236, 40.745502 ], [ -112.022239, 40.749102 ], [ -112.023119, 40.74988 ], [ -112.023575, 40.749977 ], [ -112.026143, 40.750018 ], [ -112.026716, 40.749735 ], [ -112.02714, 40.749477 ], [ -112.028877, 40.74729 ], [ -112.034634, 40.742055 ], [ -112.036191, 40.741842 ], [ -112.039093, 40.742057 ], [ -112.042076, 40.742219 ], [ -112.045828, 40.742055 ], [ -112.048099, 40.742051 ], [ -112.048092, 40.738451 ], [ -112.04582, 40.738455 ], [ -112.043549, 40.73846 ], [ -112.039095, 40.738457 ], [ -112.038312, 40.7382 ], [ -112.038213, 40.738201 ], [ -112.037562, 40.738192 ], [ -112.036867, 40.738195 ], [ -112.031185, 40.734831 ], [ -112.035674, 40.727565 ], [ -112.036378, 40.727504 ], [ -112.037492, 40.727372 ], [ -112.038787, 40.727163 ], [ -112.039394, 40.727045 ], [ -112.040616, 40.726763 ], [ -112.042042, 40.726355 ], [ -112.042879, 40.726055 ], [ -112.044293, 40.725489 ], [ -112.044874, 40.725235 ], [ -112.045537, 40.724931 ], [ -112.048145, 40.723656 ], [ -112.050707, 40.722403 ], [ -112.051217, 40.72217 ], [ -112.051819, 40.721913 ], [ -112.05254, 40.721639 ], [ -112.053358, 40.721358 ], [ -112.05409, 40.721137 ], [ -112.055697, 40.72077 ], [ -112.061418, 40.721264 ], [ -112.061845, 40.721413 ], [ -112.062413, 40.721517 ], [ -112.063269, 40.721597 ], [ -112.063764, 40.721619 ], [ -112.064188, 40.721592 ], [ -112.064576, 40.721527 ], [ -112.06497, 40.721419 ], [ -112.065168, 40.721347 ], [ -112.064994, 40.717929 ], [ -112.064994, 40.717815 ], [ -112.065392, 40.710705 ], [ -112.068127, 40.705538 ], [ -112.069061, 40.703931 ], [ -112.069061, 40.703734 ], [ -112.069776, 40.696901 ], [ -112.0698, 40.696698 ], [ -112.069811, 40.696537 ], [ -112.069816, 40.69631 ], [ -112.069761, 40.69022 ], [ -112.071154, 40.686901 ], [ -112.0794, 40.688279 ], [ -112.080478, 40.691091 ], [ -112.084078, 40.691083 ], [ -112.091933, 40.687681 ], [ -112.09279, 40.687676 ], [ -112.093586, 40.686668 ], [ -112.093724, 40.685884 ] ] ] } },
{ "type": "Feature", "properties": { "group_index": 0, "value": 600.0, "center": [ -111.99170433180035, 40.653811341826085 ], "point_id": 129 }, "geometry": { "type": "Polygon", "coordinates": [ [ [ -112.072002, 40.652716 ], [ -112.070379, 40.646373 ], [ -112.068835, 40.644958 ], [ -112.06729, 40.643543 ], [ -112.063422, 40.636707 ], [ -112.062571, 40.636279 ], [ -112.055382, 40.631362 ], [ -112.048121, 40.627206 ], [ -112.047889, 40.626263 ], [ -112.047598, 40.625382 ], [ -112.047248, 40.62452 ], [ -112.046287, 40.62245 ], [ -112.045319, 40.620364 ], [ -112.044379, 40.618401 ], [ -112.044059, 40.617837 ], [ -112.043564, 40.617062 ], [ -112.043046, 40.616353 ], [ -112.042467, 40.615646 ], [ -112.037517, 40.609301 ], [ -112.034594, 40.611404 ], [ -112.027514, 40.610476 ], [ -112.023838, 40.607723 ], [ -112.021828, 40.60331 ], [ -112.020888, 40.60219 ], [ -112.014492, 40.597356 ], [ -112.012837, 40.597031 ], [ -112.005222, 40.595364 ], [ -112.005031, 40.595363 ], [ -112.003412, 40.596685 ], [ -111.995348, 40.599403 ], [ -111.99355, 40.597796 ], [ -111.993459, 40.597796 ], [ -111.991102, 40.599433 ], [ -111.989463, 40.601198 ], [ -111.986414, 40.603438 ], [ -111.979115, 40.599023 ], [ -111.979104, 40.595883 ], [ -111.979092, 40.592806 ], [ -111.980491, 40.589543 ], [ -111.980789, 40.588164 ], [ -111.980482, 40.587301 ], [ -111.979134, 40.580189 ], [ -111.979145, 40.578897 ], [ -111.979182, 40.578189 ], [ -111.975586, 40.578002 ], [ -111.97555, 40.578711 ], [ -111.975466, 40.581065 ], [ -111.975501, 40.582893 ], [ -111.975242, 40.58893 ], [ -111.975214, 40.589806 ], [ -111.975494, 40.592691 ], [ -111.975504, 40.595895 ], [ -111.970957, 40.601292 ], [ -111.967396, 40.603287 ], [ -111.96116, 40.607698 ], [ -111.960225, 40.609345 ], [ -111.960226, 40.609721 ], [ -111.957604, 40.61687 ], [ -111.956001, 40.618194 ], [ -111.950812, 40.622257 ], [ -111.946496, 40.627194 ], [ -111.946517, 40.627819 ], [ -111.946518, 40.628217 ], [ -111.946006, 40.630778 ], [ -111.940033, 40.635145 ], [ -111.939046, 40.635386 ], [ -111.938928, 40.635453 ], [ -111.937576, 40.636689 ], [ -111.937091, 40.637416 ], [ -111.929669, 40.64225 ], [ -111.929272, 40.642096 ], [ -111.928804, 40.641875 ], [ -111.927658, 40.641138 ], [ -111.927042, 40.640564 ], [ -111.925234, 40.638796 ], [ -111.924762, 40.638387 ], [ -111.923932, 40.637739 ], [ -111.923499, 40.637438 ], [ -111.923024, 40.637135 ], [ -111.921087, 40.640169 ], [ -111.921563, 40.640473 ], [ -111.921868, 40.640689 ], [ -111.922541, 40.641219 ], [ -111.922864, 40.641506 ], [ -111.924523, 40.643135 ], [ -111.921382, 40.650754 ], [ -111.919861, 40.651248 ], [ -111.917613, 40.651255 ], [ -111.917623, 40.654855 ], [ -111.921417, 40.655709 ], [ -111.921434, 40.655712 ], [ -111.921443, 40.655714 ], [ -111.921448, 40.655715 ], [ -111.928421, 40.658258 ], [ -111.928833, 40.663911 ], [ -111.928835, 40.664166 ], [ -111.9298, 40.665949 ], [ -111.932146, 40.670403 ], [ -111.938865, 40.673811 ], [ -111.946644, 40.677839 ], [ -111.94922, 40.68392 ], [ -111.949481, 40.68524 ], [ -111.949656, 40.687293 ], [ -111.949864, 40.689745 ], [ -111.949984, 40.691174 ], [ -111.957943, 40.693004 ], [ -111.960111, 40.694747 ], [ -111.964435, 40.698355 ], [ -111.967549, 40.698836 ], [ -111.971622, 40.703895 ], [ -111.973106, 40.70571 ], [ -111.979342, 40.71169 ], [ -111.982508, 40.709976 ], [ -111.989859, 40.7057 ], [ -111.994461, 40.706016 ], [ -111.998904, 40.705685 ], [ -111.999657, 40.705682 ], [ -112.005082, 40.70567 ], [ -112.005748, 40.705666 ], [ -112.005759, 40.705666 ], [ -112.006425, 40.705666 ], [ -112.007553, 40.704331 ], [ -112.013754, 40.700329 ], [ -112.017282, 40.69905 ], [ -112.020807, 40.698368 ], [ -112.028382, 40.698377 ], [ -112.028535, 40.698377 ], [ -112.028853, 40.698324 ], [ -112.030191, 40.697271 ], [ -112.030225, 40.695732 ], [ -112.030921, 40.691344 ], [ -112.034928, 40.685508 ], [ -112.043172, 40.68263 ], [ -112.043893, 40.682631 ], [ -112.04571, 40.681633 ], [ -112.045699, 40.680859 ], [ -112.045662, 40.673146 ], [ -112.045645, 40.669728 ], [ -112.045696, 40.663992 ], [ -112.045696, 40.660447 ], [ -112.045699, 40.659714 ], [ -112.05038, 40.653132 ], [ -112.052471, 40.653155 ], [ -112.057591, 40.654961 ], [ -112.060273, 40.654958 ], [ -112.065283, 40.654923 ], [ -112.070241, 40.655855 ], [ -112.071333, 40.654693 ], [ -112.072002, 40.652716 ] ] ] } },
{ "type": "Feature", "properties": { "group_index": 0, "value": 600.0, "center": [ -111.95795282245592, 40.66339169989158 ], "point_id": 130 }, "geometry": { "type": "Polygon", "coordinates": [ [ [ -112.029167, 40.667553 ], [ -112.027484, 40.665773 ], [ -112.026481, 40.665156 ], [ -112.022881, 40.66517 ], [ -112.018661, 40.664969 ], [ -112.01481, 40.663402 ], [ -112.01575, 40.65616 ], [ -112.017833, 40.655322 ], [ -112.02036, 40.655372 ], [ -112.021027, 40.655364 ], [ -112.022078, 40.65528 ], [ -112.024643, 40.654923 ], [ -112.025122, 40.654924 ], [ -112.02645, 40.653335 ], [ -112.026448, 40.653108 ], [ -112.026447, 40.653064 ], [ -112.026443, 40.652928 ], [ -112.025132, 40.651325 ], [ -112.022934, 40.650743 ], [ -112.022427, 40.650745 ], [ -112.017051, 40.649807 ], [ -112.010941, 40.644553 ], [ -112.010458, 40.642323 ], [ -112.009112, 40.634945 ], [ -112.009102, 40.634381 ], [ -112.007773, 40.633173 ], [ -112.000115, 40.629607 ], [ -111.999815, 40.629607 ], [ -111.991195, 40.627977 ], [ -111.990634, 40.627773 ], [ -111.989435, 40.627254 ], [ -111.984384, 40.619931 ], [ -111.984343, 40.619403 ], [ -111.984156, 40.618322 ], [ -111.978582, 40.611373 ], [ -111.978576, 40.609309 ], [ -111.978924, 40.603439 ], [ -111.975396, 40.602728 ], [ -111.96728, 40.602359 ], [ -111.961103, 40.598911 ], [ -111.959606, 40.596332 ], [ -111.958137, 40.594627 ], [ -111.957789, 40.59463 ], [ -111.956006, 40.596309 ], [ -111.955657, 40.59795 ], [ -111.954714, 40.599976 ], [ -111.948, 40.603473 ], [ -111.939371, 40.605418 ], [ -111.938754, 40.605203 ], [ -111.938363, 40.605204 ], [ -111.934139, 40.607731 ], [ -111.933039, 40.60893 ], [ -111.929132, 40.614976 ], [ -111.927404, 40.616681 ], [ -111.926343, 40.618327 ], [ -111.918175, 40.616924 ], [ -111.912431, 40.613477 ], [ -111.912306, 40.613415 ], [ -111.907388, 40.607821 ], [ -111.906919, 40.605353 ], [ -111.906446, 40.602894 ], [ -111.905973, 40.600432 ], [ -111.905321, 40.597074 ], [ -111.904622, 40.593114 ], [ -111.904473, 40.592617 ], [ -111.904155, 40.591668 ], [ -111.902066, 40.583439 ], [ -111.898468, 40.583321 ], [ -111.898419, 40.584835 ], [ -111.898485, 40.586475 ], [ -111.898655, 40.587892 ], [ -111.899275, 40.590099 ], [ -111.899746, 40.591252 ], [ -111.900667, 40.593142 ], [ -111.90121, 40.594672 ], [ -111.901787, 40.59776 ], [ -111.902439, 40.601118 ], [ -111.902911, 40.603574 ], [ -111.903383, 40.606033 ], [ -111.903853, 40.608498 ], [ -111.897372, 40.613308 ], [ -111.894786, 40.61309 ], [ -111.892957, 40.613284 ], [ -111.891277, 40.613302 ], [ -111.891232, 40.613303 ], [ -111.890078, 40.61331 ], [ -111.889521, 40.613304 ], [ -111.887397, 40.616177 ], [ -111.881314, 40.618972 ], [ -111.880149, 40.620446 ], [ -111.880143, 40.62084 ], [ -111.876621, 40.628712 ], [ -111.874737, 40.628299 ], [ -111.873152, 40.628235 ], [ -111.867441, 40.623226 ], [ -111.866735, 40.621865 ], [ -111.865736, 40.620355 ], [ -111.865025, 40.620013 ], [ -111.864542, 40.619862 ], [ -111.860951, 40.619079 ], [ -111.857267, 40.617859 ], [ -111.857185, 40.617846 ], [ -111.856493, 40.617868 ], [ -111.855416, 40.618394 ], [ -111.855339, 40.618497 ], [ -111.854097, 40.620104 ], [ -111.85398, 40.620368 ], [ -111.853909, 40.620922 ], [ -111.853903, 40.621094 ], [ -111.853824, 40.622939 ], [ -111.849398, 40.628953 ], [ -111.846731, 40.628946 ], [ -111.844829, 40.628942 ], [ -111.843783, 40.628988 ], [ -111.842187, 40.629152 ], [ -111.835786, 40.628849 ], [ -111.832238, 40.628495 ], [ -111.827004, 40.632594 ], [ -111.823931, 40.632601 ], [ -111.820902, 40.632608 ], [ -111.819793, 40.632584 ], [ -111.817758, 40.632464 ], [ -111.815648, 40.632341 ], [ -111.81488, 40.632328 ], [ -111.813892, 40.632324 ], [ -111.813158, 40.632406 ], [ -111.811549, 40.632911 ], [ -111.810893, 40.633194 ], [ -111.812319, 40.6365 ], [ -111.820823, 40.636207 ], [ -111.823939, 40.636201 ], [ -111.827012, 40.636194 ], [ -111.828127, 40.636161 ], [ -111.829206, 40.636038 ], [ -111.831805, 40.635393 ], [ -111.834176, 40.634791 ], [ -111.836547, 40.634188 ], [ -111.838918, 40.633586 ], [ -111.84672, 40.632545 ], [ -111.854395, 40.633962 ], [ -111.857571, 40.634573 ], [ -111.865905, 40.637295 ], [ -111.866125, 40.6373 ], [ -111.867741, 40.635854 ], [ -111.872128, 40.634582 ], [ -111.87679, 40.639924 ], [ -111.876771, 40.643524 ], [ -111.879199, 40.647271 ], [ -111.879399, 40.647488 ], [ -111.881618, 40.647827 ], [ -111.886694, 40.649825 ], [ -111.888687, 40.655189 ], [ -111.888684, 40.655292 ], [ -111.888803, 40.657379 ], [ -111.888807, 40.65753 ], [ -111.888892, 40.657822 ], [ -111.890408, 40.659211 ], [ -111.890444, 40.666867 ], [ -111.887379, 40.670115 ], [ -111.886592, 40.670793 ], [ -111.883046, 40.672535 ], [ -111.881329, 40.673849 ], [ -111.881307, 40.673929 ], [ -111.881263, 40.67428 ], [ -111.881263, 40.674289 ], [ -111.883044, 40.676135 ], [ -111.886908, 40.677615 ], [ -111.890668, 40.679791 ], [ -111.891247, 40.679789 ], [ -111.897946, 40.682396 ], [ -111.901028, 40.688141 ], [ -111.900469, 40.693573 ], [ -111.900075, 40.695241 ], [ -111.89987, 40.696204 ], [ -111.899803, 40.697038 ], [ -111.899809, 40.697697 ], [ -111.903409, 40.697663 ], [ -111.911323, 40.697783 ], [ -111.911813, 40.701349 ], [ -111.915143, 40.702429 ], [ -111.916948, 40.702557 ], [ -111.921017, 40.704271 ], [ -111.922748, 40.70441 ], [ -111.924298, 40.704408 ], [ -111.930552, 40.709128 ], [ -111.932051, 40.710732 ], [ -111.93005, 40.719014 ], [ -111.923525, 40.722382 ], [ -111.919245, 40.719753 ], [ -111.917707, 40.718241 ], [ -111.917384, 40.718254 ], [ -111.915646, 40.719863 ], [ -111.906848, 40.718166 ], [ -111.906503, 40.717707 ], [ -111.906258, 40.717443 ], [ -111.904072, 40.719189 ], [ -111.903619, 40.719893 ], [ -111.904167, 40.722689 ], [ -111.904297, 40.723176 ], [ -111.904504, 40.72368 ], [ -111.904772, 40.724139 ], [ -111.905073, 40.724532 ], [ -111.90536, 40.724837 ], [ -111.905733, 40.725159 ], [ -111.906202, 40.725481 ], [ -111.906599, 40.725701 ], [ -111.907223, 40.725964 ], [ -111.907763, 40.726124 ], [ -111.908191, 40.726212 ], [ -111.908561, 40.726263 ], [ -111.90903, 40.726291 ], [ -111.909556, 40.726282 ], [ -111.910066, 40.726241 ], [ -111.918641, 40.726475 ], [ -111.918745, 40.726474 ], [ -111.92163, 40.726087 ], [ -111.923707, 40.726082 ], [ -111.931482, 40.727713 ], [ -111.936316, 40.730087 ], [ -111.937332, 40.738421 ], [ -111.937181, 40.73901 ], [ -111.937182, 40.739213 ], [ -111.937169, 40.740664 ], [ -111.937169, 40.740765 ], [ -111.938674, 40.742453 ], [ -111.938756, 40.742463 ], [ -111.946098, 40.745244 ], [ -111.946768, 40.749248 ], [ -111.946633, 40.75293 ], [ -111.946835, 40.754492 ], [ -111.947285, 40.76234 ], [ -111.94721, 40.762944 ], [ -111.947431, 40.769871 ], [ -111.947331, 40.771737 ], [ -111.947271, 40.774531 ], [ -111.947233, 40.776589 ], [ -111.950832, 40.776655 ], [ -111.95087, 40.774598 ], [ -111.951872, 40.76693 ], [ -111.952013, 40.763068 ], [ -111.95161, 40.761734 ], [ -111.950947, 40.755644 ], [ -111.950682, 40.754771 ], [ -111.95061, 40.754576 ], [ -111.950212, 40.752538 ], [ -111.950359, 40.749502 ], [ -111.957811, 40.745275 ], [ -111.958021, 40.745278 ], [ -111.962772, 40.742297 ], [ -111.964319, 40.740512 ], [ -111.964319, 40.740478 ], [ -111.962764, 40.738697 ], [ -111.968248, 40.731703 ], [ -111.968341, 40.731701 ], [ -111.975673, 40.728092 ], [ -111.977755, 40.727905 ], [ -111.980632, 40.727831 ], [ -111.984691, 40.728549 ], [ -111.984848, 40.728523 ], [ -111.992695, 40.727702 ], [ -111.992691, 40.724102 ], [ -111.990446, 40.724104 ], [ -111.9882, 40.724106 ], [ -111.985558, 40.724108 ], [ -111.982915, 40.724111 ], [ -111.980965, 40.724143 ], [ -111.980093, 40.724171 ], [ -111.977548, 40.724311 ], [ -111.975353, 40.724506 ], [ -111.972932, 40.724719 ], [ -111.969421, 40.717071 ], [ -111.972075, 40.713607 ], [ -111.976818, 40.712979 ], [ -111.977469, 40.71301 ], [ -111.979138, 40.711313 ], [ -111.982328, 40.709643 ], [ -111.986906, 40.705715 ], [ -111.988467, 40.70403 ], [ -111.990811, 40.700705 ], [ -111.997245, 40.698398 ], [ -111.997795, 40.698397 ], [ -112.005727, 40.694224 ], [ -112.006116, 40.69422 ], [ -112.007509, 40.692864 ], [ -112.008514, 40.689671 ], [ -112.015265, 40.685625 ], [ -112.015735, 40.685621 ], [ -112.019117, 40.683878 ], [ -112.019686, 40.68247 ], [ -112.019693, 40.682108 ], [ -112.019693, 40.682072 ], [ -112.019692, 40.681793 ], [ -112.021754, 40.674569 ], [ -112.027494, 40.669373 ], [ -112.029167, 40.66759 ], [ -112.029167, 40.667553 ] ] ] } },
{ "type": "Feature", "properties": { "group_index": 0, "value": 600.0, "center": [ -111.9410316, 40.51724216076913 ], "point_id": 131 }, "geometry": { "type": "Polygon", "coordinates": [ [ [ -112.015121, 40.507764 ], [ -112.013574, 40.506077 ], [ -112.010856, 40.504851 ], [ -112.006891, 40.497719 ], [ -112.003291, 40.497746 ], [ -111.997943, 40.496633 ], [ -111.994813, 40.497418 ], [ -111.987983, 40.493326 ], [ -111.986431, 40.491888 ], [ -111.980262, 40.487763 ], [ -111.977358, 40.486788 ], [ -111.972654, 40.483452 ], [ -111.970731, 40.478299 ], [ -111.969376, 40.476655 ], [ -111.967933, 40.475652 ], [ -111.967441, 40.475331 ], [ -111.96096, 40.473454 ], [ -111.95736, 40.473397 ], [ -111.954687, 40.473095 ], [ -111.948547, 40.468542 ], [ -111.948142, 40.468083 ], [ -111.946134, 40.46546 ], [ -111.942883, 40.467007 ], [ -111.938275, 40.470884 ], [ -111.931294, 40.475996 ], [ -111.931166, 40.476083 ], [ -111.928878, 40.481415 ], [ -111.925952, 40.483512 ], [ -111.920897, 40.48515 ], [ -111.91925, 40.488351 ], [ -111.913498, 40.495174 ], [ -111.913005, 40.495275 ], [ -111.912173, 40.49553 ], [ -111.911499, 40.495765 ], [ -111.910856, 40.496033 ], [ -111.91026, 40.496275 ], [ -111.907312, 40.496955 ], [ -111.905518, 40.496881 ], [ -111.903827, 40.497024 ], [ -111.900961, 40.498879 ], [ -111.893449, 40.494336 ], [ -111.897006, 40.490436 ], [ -111.897542, 40.490263 ], [ -111.898104, 40.489437 ], [ -111.899761, 40.487978 ], [ -111.90069, 40.487441 ], [ -111.90084, 40.487355 ], [ -111.903993, 40.481206 ], [ -111.906014, 40.478381 ], [ -111.90723, 40.476664 ], [ -111.908445, 40.474946 ], [ -111.905507, 40.472866 ], [ -111.904291, 40.474584 ], [ -111.903076, 40.476302 ], [ -111.897959, 40.482598 ], [ -111.896007, 40.484551 ], [ -111.894598, 40.485972 ], [ -111.892418, 40.488079 ], [ -111.891583, 40.488907 ], [ -111.884566, 40.493192 ], [ -111.882706, 40.493747 ], [ -111.882611, 40.493874 ], [ -111.880572, 40.498884 ], [ -111.88004, 40.501284 ], [ -111.880031, 40.502054 ], [ -111.882063, 40.506809 ], [ -111.883057, 40.509749 ], [ -111.884211, 40.511146 ], [ -111.881461, 40.519608 ], [ -111.879987, 40.520793 ], [ -111.877328, 40.523112 ], [ -111.87632, 40.525447 ], [ -111.876379, 40.525597 ], [ -111.877183, 40.527038 ], [ -111.878581, 40.528527 ], [ -111.880764, 40.530457 ], [ -111.884736, 40.533058 ], [ -111.891417, 40.5387 ], [ -111.8916, 40.539545 ], [ -111.891637, 40.53977 ], [ -111.891584, 40.542454 ], [ -111.891578, 40.546054 ], [ -111.894752, 40.55283 ], [ -111.895333, 40.558668 ], [ -111.895818, 40.560664 ], [ -111.896873, 40.561761 ], [ -111.900396, 40.561019 ], [ -111.90838, 40.558736 ], [ -111.910011, 40.560662 ], [ -111.910159, 40.560663 ], [ -111.917592, 40.561684 ], [ -111.919349, 40.563428 ], [ -111.919379, 40.56344 ], [ -111.919655, 40.563519 ], [ -111.924969, 40.566357 ], [ -111.927367, 40.571194 ], [ -111.928671, 40.572109 ], [ -111.929135, 40.572242 ], [ -111.929674, 40.57225 ], [ -111.938497, 40.570535 ], [ -111.938674, 40.570536 ], [ -111.94048, 40.56922 ], [ -111.948223, 40.568575 ], [ -111.948747, 40.568574 ], [ -111.956904, 40.568672 ], [ -111.957716, 40.568701 ], [ -111.959581, 40.568414 ], [ -111.965389, 40.564043 ], [ -111.969121, 40.559709 ], [ -111.972175, 40.554408 ], [ -111.979223, 40.55454 ], [ -111.983449, 40.550043 ], [ -111.984053, 40.549392 ], [ -111.984471, 40.548895 ], [ -111.984719, 40.548566 ], [ -111.985035, 40.548074 ], [ -111.989571, 40.542298 ], [ -111.994426, 40.538725 ], [ -111.994869, 40.537722 ], [ -111.994901, 40.537574 ], [ -111.994947, 40.536966 ], [ -111.994426, 40.535125 ], [ -111.995251, 40.52639 ], [ -111.999284, 40.525262 ], [ -112.001376, 40.524221 ], [ -112.006547, 40.522269 ], [ -112.00654, 40.520892 ], [ -112.009371, 40.513345 ], [ -112.01357, 40.509677 ], [ -112.015122, 40.507844 ], [ -112.015121, 40.507764 ] ] ] } },
{ "type": "Feature", "properties": { "group_index": 0, "value": 600.0, "center": [ -111.89331857773502, 40.605169855495426 ], "point_id": 132 }, "geometry": { "type": "Polygon", "coordinates": [ [ [ -111.952798, 40.609496 ], [ -111.952798, 40.609417 ], [ -111.952796, 40.609291 ], [ -111.951552, 40.607654 ], [ -111.949927, 40.60727 ], [ -111.944, 40.602368 ], [ -111.942497, 40.600547 ], [ -111.940963, 40.593901 ], [ -111.946125, 40.58955 ], [ -111.947094, 40.588041 ], [ -111.947095, 40.587906 ], [ -111.946919, 40.587105 ], [ -111.946879, 40.587007 ], [ -111.946138, 40.58595 ], [ -111.940481, 40.583418 ], [ -111.939079, 40.582894 ], [ -111.934579, 40.576568 ], [ -111.930963, 40.57219 ], [ -111.929334, 40.570652 ], [ -111.929182, 40.57065 ], [ -111.929163, 40.57065 ], [ -111.928744, 40.570649 ], [ -111.927364, 40.572132 ], [ -111.918936, 40.571614 ], [ -111.918177, 40.570312 ], [ -111.920289, 40.562974 ], [ -111.920944, 40.562518 ], [ -111.921909, 40.562044 ], [ -111.92197, 40.561873 ], [ -111.922394, 40.559655 ], [ -111.922382, 40.559606 ], [ -111.918423, 40.553086 ], [ -111.917304, 40.551837 ], [ -111.916978, 40.551694 ], [ -111.912151, 40.544229 ], [ -111.912147, 40.54409 ], [ -111.912141, 40.543892 ], [ -111.911301, 40.542526 ], [ -111.910495, 40.542462 ], [ -111.90723, 40.542278 ], [ -111.906495, 40.542131 ], [ -111.89927, 40.537231 ], [ -111.898745, 40.536368 ], [ -111.897548, 40.528655 ], [ -111.898617, 40.527085 ], [ -111.898616, 40.527041 ], [ -111.897535, 40.525056 ], [ -111.893211, 40.51925 ], [ -111.89323, 40.516784 ], [ -111.893221, 40.513136 ], [ -111.89321, 40.509578 ], [ -111.893266, 40.508381 ], [ -111.88967, 40.508211 ], [ -111.889594, 40.508815 ], [ -111.889613, 40.50954 ], [ -111.889621, 40.513145 ], [ -111.88963, 40.516792 ], [ -111.889611, 40.519223 ], [ -111.886836, 40.526289 ], [ -111.886727, 40.52668 ], [ -111.886727, 40.526767 ], [ -111.889645, 40.531685 ], [ -111.890185, 40.533904 ], [ -111.890405, 40.534916 ], [ -111.889579, 40.539314 ], [ -111.884996, 40.542518 ], [ -111.883748, 40.544053 ], [ -111.883626, 40.544339 ], [ -111.8822, 40.549763 ], [ -111.881732, 40.551559 ], [ -111.880047, 40.558694 ], [ -111.88005, 40.558856 ], [ -111.88005, 40.558861 ], [ -111.880052, 40.558982 ], [ -111.880991, 40.56044 ], [ -111.881321, 40.568255 ], [ -111.873922, 40.567847 ], [ -111.872163, 40.566106 ], [ -111.872136, 40.566106 ], [ -111.872125, 40.566106 ], [ -111.872089, 40.566106 ], [ -111.865859, 40.56801 ], [ -111.864269, 40.568953 ], [ -111.864094, 40.569227 ], [ -111.859734, 40.574781 ], [ -111.854496, 40.572568 ], [ -111.853499, 40.57175 ], [ -111.853211, 40.571751 ], [ -111.852964, 40.571755 ], [ -111.852658, 40.571775 ], [ -111.851416, 40.573341 ], [ -111.845558, 40.578609 ], [ -111.840105, 40.584699 ], [ -111.834124, 40.585497 ], [ -111.833949, 40.5855 ], [ -111.827865, 40.586976 ], [ -111.826207, 40.58802 ], [ -111.826126, 40.588305 ], [ -111.826117, 40.588338 ], [ -111.826071, 40.588511 ], [ -111.827273, 40.590527 ], [ -111.829554, 40.591789 ], [ -111.831741, 40.598601 ], [ -111.828238, 40.600898 ], [ -111.82576, 40.600932 ], [ -111.823992, 40.600415 ], [ -111.82351, 40.600416 ], [ -111.822193, 40.602099 ], [ -111.822176, 40.602535 ], [ -111.823511, 40.604016 ], [ -111.82582, 40.604532 ], [ -111.831733, 40.610865 ], [ -111.831977, 40.61096 ], [ -111.839027, 40.6135 ], [ -111.83984, 40.614071 ], [ -111.840468, 40.61419 ], [ -111.840729, 40.614193 ], [ -111.843599, 40.613765 ], [ -111.849392, 40.620063 ], [ -111.847253, 40.623653 ], [ -111.846493, 40.624566 ], [ -111.841044, 40.629363 ], [ -111.839106, 40.629727 ], [ -111.837283, 40.630085 ], [ -111.835504, 40.630095 ], [ -111.834137, 40.629941 ], [ -111.834018, 40.629947 ], [ -111.827004, 40.632594 ], [ -111.824749, 40.632599 ], [ -111.822494, 40.632604 ], [ -111.822502, 40.636204 ], [ -111.824757, 40.636199 ], [ -111.827012, 40.636194 ], [ -111.828127, 40.636161 ], [ -111.829206, 40.636038 ], [ -111.831805, 40.635393 ], [ -111.834176, 40.634791 ], [ -111.836547, 40.634188 ], [ -111.838918, 40.633586 ], [ -111.841805, 40.63288 ], [ -111.844978, 40.632539 ], [ -111.852881, 40.633855 ], [ -111.853766, 40.633961 ], [ -111.855172, 40.634104 ], [ -111.855439, 40.63413 ], [ -111.857773, 40.63467 ], [ -111.863, 40.636474 ], [ -111.863815, 40.641384 ], [ -111.863817, 40.641487 ], [ -111.863817, 40.641501 ], [ -111.863817, 40.641611 ], [ -111.864167, 40.642289 ], [ -111.865264, 40.64375 ], [ -111.865628, 40.64382 ], [ -111.865943, 40.643852 ], [ -111.872633, 40.644865 ], [ -111.879399, 40.647488 ], [ -111.881235, 40.64806 ], [ -111.887984, 40.651123 ], [ -111.888431, 40.651141 ], [ -111.888816, 40.651132 ], [ -111.888885, 40.651126 ], [ -111.890271, 40.650028 ], [ -111.890472, 40.649431 ], [ -111.893871, 40.6463 ], [ -111.89967, 40.652135 ], [ -111.899705, 40.654999 ], [ -111.899509, 40.657167 ], [ -111.899409, 40.658733 ], [ -111.899363, 40.660535 ], [ -111.899359, 40.662457 ], [ -111.899354, 40.664399 ], [ -111.899375, 40.666625 ], [ -111.902975, 40.666591 ], [ -111.902954, 40.664366 ], [ -111.902959, 40.662465 ], [ -111.902963, 40.660544 ], [ -111.903008, 40.658825 ], [ -111.904152, 40.653855 ], [ -111.904189, 40.652777 ], [ -111.903981, 40.648475 ], [ -111.904195, 40.645866 ], [ -111.90952, 40.638983 ], [ -111.911237, 40.638485 ], [ -111.914862, 40.638381 ], [ -111.915428, 40.638446 ], [ -111.916152, 40.638551 ], [ -111.916749, 40.638665 ], [ -111.917337, 40.638806 ], [ -111.918471, 40.639161 ], [ -111.918975, 40.639351 ], [ -111.91941, 40.639526 ], [ -111.921217, 40.640504 ], [ -111.922345, 40.6413 ], [ -111.92472, 40.643694 ], [ -111.925469, 40.644316 ], [ -111.926207, 40.644848 ], [ -111.92662, 40.645101 ], [ -111.927159, 40.645381 ], [ -111.92793, 40.645721 ], [ -111.929382, 40.642427 ], [ -111.92759, 40.641407 ], [ -111.927033, 40.640935 ], [ -111.924907, 40.63877 ], [ -111.924101, 40.638083 ], [ -111.923129, 40.637453 ], [ -111.920096, 40.63107 ], [ -111.928866, 40.629812 ], [ -111.929405, 40.62975 ], [ -111.929732, 40.629583 ], [ -111.931035, 40.628287 ], [ -111.93599, 40.62585 ], [ -111.938677, 40.624757 ], [ -111.940476, 40.623085 ], [ -111.940924, 40.622472 ], [ -111.941413, 40.621592 ], [ -111.942133, 40.619109 ], [ -111.948597, 40.613489 ], [ -111.950068, 40.612577 ], [ -111.951548, 40.611254 ], [ -111.952791, 40.609797 ], [ -111.952798, 40.609496 ] ] ] } },
{ "type": "Feature", "properties": { "group_index": 0, "value": 600.0, "center": [ -111.8508342036505, 40.56775823994287 ], "point_id": 133 }, "geometry": { "type": "Polygon", "coordinates": [ [ [ -111.907375, 40.5679 ], [ -111.907337, 40.560749 ], [ -111.907421, 40.55715 ], [ -111.903592, 40.555978 ], [ -111.898127, 40.550049 ], [ -111.898051, 40.548804 ], [ -111.897877, 40.547502 ], [ -111.897479, 40.542596 ], [ -111.893191, 40.537303 ], [ -111.891748, 40.536475 ], [ -111.887304, 40.535224 ], [ -111.885019, 40.534662 ], [ -111.882775, 40.533717 ], [ -111.882125, 40.533473 ], [ -111.876851, 40.526635 ], [ -111.876822, 40.526511 ], [ -111.875411, 40.524949 ], [ -111.873314, 40.523317 ], [ -111.867775, 40.519402 ], [ -111.86477, 40.518193 ], [ -111.864209, 40.518192 ], [ -111.857991, 40.511708 ], [ -111.857994, 40.51161 ], [ -111.856849, 40.509756 ], [ -111.853826, 40.508091 ], [ -111.853272, 40.50809 ], [ -111.851471, 40.508836 ], [ -111.85055, 40.509707 ], [ -111.849213, 40.511477 ], [ -111.847287, 40.517005 ], [ -111.843026, 40.521767 ], [ -111.837658, 40.523624 ], [ -111.834555, 40.524274 ], [ -111.833548, 40.526092 ], [ -111.833551, 40.52639 ], [ -111.834572, 40.527874 ], [ -111.830219, 40.535207 ], [ -111.82391, 40.533794 ], [ -111.821867, 40.532888 ], [ -111.819513, 40.532156 ], [ -111.818887, 40.532577 ], [ -111.81782, 40.533832 ], [ -111.817448, 40.534571 ], [ -111.813517, 40.540264 ], [ -111.809343, 40.541928 ], [ -111.808356, 40.542055 ], [ -111.806288, 40.543901 ], [ -111.805885, 40.544284 ], [ -111.805602, 40.54465 ], [ -111.80156, 40.550375 ], [ -111.80109, 40.551075 ], [ -111.800903, 40.551549 ], [ -111.800806, 40.551953 ], [ -111.800768, 40.552203 ], [ -111.799254, 40.559067 ], [ -111.799085, 40.56077 ], [ -111.796344, 40.567938 ], [ -111.788176, 40.569617 ], [ -111.779798, 40.570518 ], [ -111.775941, 40.570587 ], [ -111.775189, 40.574107 ], [ -111.775612, 40.57429 ], [ -111.775797, 40.574364 ], [ -111.77642, 40.574335 ], [ -111.784574, 40.576451 ], [ -111.785208, 40.576571 ], [ -111.78601, 40.576605 ], [ -111.791599, 40.577354 ], [ -111.793133, 40.583569 ], [ -111.792809, 40.584667 ], [ -111.791099, 40.588584 ], [ -111.791287, 40.588992 ], [ -111.791398, 40.589206 ], [ -111.792351, 40.590958 ], [ -111.79255, 40.591279 ], [ -111.794072, 40.59155 ], [ -111.794497, 40.591572 ], [ -111.795689, 40.591508 ], [ -111.79683, 40.59146 ], [ -111.797409, 40.590113 ], [ -111.798402, 40.58863 ], [ -111.798831, 40.587993 ], [ -111.798852, 40.587938 ], [ -111.806788, 40.585036 ], [ -111.809364, 40.588849 ], [ -111.810278, 40.591113 ], [ -111.81122, 40.597114 ], [ -111.816435, 40.60125 ], [ -111.823993, 40.602307 ], [ -111.825439, 40.60402 ], [ -111.832425, 40.609642 ], [ -111.832967, 40.609973 ], [ -111.833179, 40.60998 ], [ -111.834769, 40.60874 ], [ -111.842884, 40.610462 ], [ -111.844699, 40.611963 ], [ -111.847383, 40.613674 ], [ -111.851151, 40.616975 ], [ -111.856031, 40.619424 ], [ -111.858403, 40.620282 ], [ -111.862284, 40.620904 ], [ -111.86426, 40.619907 ], [ -111.864275, 40.619875 ], [ -111.865599, 40.616339 ], [ -111.871141, 40.612904 ], [ -111.874124, 40.611342 ], [ -111.880136, 40.607665 ], [ -111.881512, 40.605989 ], [ -111.881512, 40.605856 ], [ -111.883518, 40.598573 ], [ -111.887388, 40.598121 ], [ -111.889025, 40.598842 ], [ -111.89082, 40.600642 ], [ -111.891035, 40.600643 ], [ -111.892625, 40.598899 ], [ -111.893476, 40.596448 ], [ -111.897325, 40.589922 ], [ -111.898768, 40.588142 ], [ -111.899468, 40.585111 ], [ -111.901117, 40.580648 ], [ -111.906365, 40.573629 ], [ -111.908252, 40.570537 ], [ -111.908354, 40.570343 ], [ -111.907375, 40.5679 ] ] ] } },
{ "type": "Feature", "properties": { "group_index": 0, "value": 600.0, "center": [ -111.93633810084812, 40.55698799303404 ], "point_id": 134 }, "geometry": { "type": "Polygon", "coordinates": [ [ [ -111.998277, 40.561748 ], [ -111.998114, 40.559479 ], [ -111.997623, 40.559059 ], [ -111.997114, 40.55881 ], [ -111.995939, 40.558478 ], [ -111.995309, 40.558336 ], [ -111.992818, 40.557357 ], [ -111.988215, 40.55187 ], [ -111.994435, 40.548055 ], [ -111.995624, 40.544657 ], [ -111.994947, 40.536966 ], [ -111.994542, 40.535125 ], [ -111.988066, 40.531055 ], [ -111.986066, 40.528462 ], [ -111.982273, 40.522072 ], [ -111.980452, 40.520542 ], [ -111.976755, 40.518941 ], [ -111.976505, 40.518941 ], [ -111.971115, 40.518868 ], [ -111.965334, 40.514228 ], [ -111.963935, 40.507987 ], [ -111.962642, 40.505974 ], [ -111.958059, 40.501656 ], [ -111.957706, 40.501658 ], [ -111.955911, 40.50308 ], [ -111.948505, 40.504828 ], [ -111.945854, 40.499004 ], [ -111.938117, 40.498568 ], [ -111.936192, 40.498411 ], [ -111.929044, 40.502656 ], [ -111.927537, 40.503962 ], [ -111.924427, 40.508492 ], [ -111.923451, 40.511227 ], [ -111.921428, 40.518352 ], [ -111.918915, 40.523069 ], [ -111.911365, 40.521304 ], [ -111.909747, 40.519407 ], [ -111.907494, 40.516599 ], [ -111.905825, 40.515832 ], [ -111.905679, 40.515832 ], [ -111.905672, 40.515832 ], [ -111.905599, 40.515833 ], [ -111.90388, 40.517394 ], [ -111.903373, 40.518754 ], [ -111.898813, 40.523444 ], [ -111.893211, 40.51925 ], [ -111.89323, 40.516784 ], [ -111.893225, 40.514651 ], [ -111.893219, 40.512518 ], [ -111.889619, 40.512527 ], [ -111.889625, 40.51466 ], [ -111.88963, 40.516792 ], [ -111.889611, 40.519223 ], [ -111.888686, 40.527332 ], [ -111.888738, 40.52796 ], [ -111.889126, 40.529548 ], [ -111.889645, 40.531685 ], [ -111.889612, 40.536324 ], [ -111.883599, 40.542516 ], [ -111.881219, 40.542504 ], [ -111.880769, 40.542446 ], [ -111.880506, 40.542442 ], [ -111.87996, 40.543289 ], [ -111.879961, 40.545371 ], [ -111.880367, 40.546 ], [ -111.882597, 40.551559 ], [ -111.881799, 40.557681 ], [ -111.881073, 40.559201 ], [ -111.881114, 40.559397 ], [ -111.882391, 40.560633 ], [ -111.884705, 40.569057 ], [ -111.884488, 40.570161 ], [ -111.88474, 40.571531 ], [ -111.885607, 40.57415 ], [ -111.885787, 40.574222 ], [ -111.891897, 40.576238 ], [ -111.893639, 40.577464 ], [ -111.897519, 40.582359 ], [ -111.89753, 40.585985 ], [ -111.897521, 40.587117 ], [ -111.897802, 40.589064 ], [ -111.898087, 40.589836 ], [ -111.898391, 40.590454 ], [ -111.901253, 40.598443 ], [ -111.901803, 40.599812 ], [ -111.908807, 40.600423 ], [ -111.911063, 40.600475 ], [ -111.912027, 40.600007 ], [ -111.912763, 40.598992 ], [ -111.920823, 40.598023 ], [ -111.921828, 40.601282 ], [ -111.921833, 40.602318 ], [ -111.922666, 40.604167 ], [ -111.922858, 40.609061 ], [ -111.922864, 40.609105 ], [ -111.9274, 40.614346 ], [ -111.929192, 40.615949 ], [ -111.936979, 40.619097 ], [ -111.938414, 40.620156 ], [ -111.938918, 40.620544 ], [ -111.939294, 40.620516 ], [ -111.940579, 40.619117 ], [ -111.943071, 40.614205 ], [ -111.949939, 40.609341 ], [ -111.957952, 40.60605 ], [ -111.959606, 40.604623 ], [ -111.967366, 40.600426 ], [ -111.975233, 40.602458 ], [ -111.978815, 40.602817 ], [ -111.978876, 40.602214 ], [ -111.978911, 40.599044 ], [ -111.978899, 40.596052 ], [ -111.982552, 40.589647 ], [ -111.982896, 40.588299 ], [ -111.982915, 40.58784 ], [ -111.982914, 40.587512 ], [ -111.982561, 40.586047 ], [ -111.979054, 40.581485 ], [ -111.97874, 40.578743 ], [ -111.985871, 40.573851 ], [ -111.986361, 40.57385 ], [ -111.987333, 40.573302 ], [ -111.988154, 40.572868 ], [ -111.991484, 40.569208 ], [ -111.997153, 40.567786 ], [ -111.998277, 40.561748 ] ] ] } },
{ "type": "Feature", "properties": { "group_index": 0, "value": 600.0, "center": [ -111.9425556847816, 40.60556213309801 ], "point_id": 135 }, "geometry": { "type": "Polygon", "coordinates": [ [ [ -112.007158, 40.609437 ], [ -112.007157, 40.609412 ], [ -112.007152, 40.609189 ], [ -112.005227, 40.604621 ], [ -112.003702, 40.60136 ], [ -111.996497, 40.600426 ], [ -111.995347, 40.59955 ], [ -111.993883, 40.598323 ], [ -111.994248, 40.58975 ], [ -111.994895, 40.588464 ], [ -111.995038, 40.588087 ], [ -111.994244, 40.58615 ], [ -111.988224, 40.582625 ], [ -111.984624, 40.582623 ], [ -111.982682, 40.575083 ], [ -111.982679, 40.571483 ], [ -111.979151, 40.565336 ], [ -111.975578, 40.564894 ], [ -111.969097, 40.566111 ], [ -111.965797, 40.562187 ], [ -111.964074, 40.560394 ], [ -111.958322, 40.555804 ], [ -111.957765, 40.555807 ], [ -111.950673, 40.552103 ], [ -111.949981, 40.549251 ], [ -111.948182, 40.547776 ], [ -111.948018, 40.547776 ], [ -111.939852, 40.548004 ], [ -111.938765, 40.547758 ], [ -111.936821, 40.5479 ], [ -111.929091, 40.551453 ], [ -111.927352, 40.553177 ], [ -111.920397, 40.558592 ], [ -111.91891, 40.559667 ], [ -111.914462, 40.564454 ], [ -111.905882, 40.566835 ], [ -111.90426, 40.565799 ], [ -111.904091, 40.565813 ], [ -111.898371, 40.570123 ], [ -111.898502, 40.571956 ], [ -111.898523, 40.575018 ], [ -111.898513, 40.578639 ], [ -111.895655, 40.583958 ], [ -111.89084, 40.5862 ], [ -111.889155, 40.587902 ], [ -111.889154, 40.587977 ], [ -111.890937, 40.589799 ], [ -111.89423, 40.5919 ], [ -111.894303, 40.59885 ], [ -111.891503, 40.6041 ], [ -111.889895, 40.605491 ], [ -111.889891, 40.60589 ], [ -111.890545, 40.610983 ], [ -111.892256, 40.612733 ], [ -111.898606, 40.616907 ], [ -111.900232, 40.620606 ], [ -111.901002, 40.622738 ], [ -111.902588, 40.630794 ], [ -111.896862, 40.63289 ], [ -111.89622, 40.632753 ], [ -111.895466, 40.636273 ], [ -111.896109, 40.636411 ], [ -111.897808, 40.636632 ], [ -111.899037, 40.636738 ], [ -111.899899, 40.636738 ], [ -111.900601, 40.636709 ], [ -111.907554, 40.637289 ], [ -111.908757, 40.637557 ], [ -111.912737, 40.637975 ], [ -111.918445, 40.64348 ], [ -111.918636, 40.643953 ], [ -111.918762, 40.644185 ], [ -111.920056, 40.644022 ], [ -111.926479, 40.644705 ], [ -111.930347, 40.648982 ], [ -111.932252, 40.651503 ], [ -111.936572, 40.654887 ], [ -111.938943, 40.655054 ], [ -111.939674, 40.655049 ], [ -111.94054, 40.654137 ], [ -111.941437, 40.653267 ], [ -111.944787, 40.651839 ], [ -111.950617, 40.658174 ], [ -111.954217, 40.658185 ], [ -111.958593, 40.654893 ], [ -111.95968, 40.653309 ], [ -111.960019, 40.652816 ], [ -111.960023, 40.652407 ], [ -111.961228, 40.646929 ], [ -111.967103, 40.646692 ], [ -111.967396, 40.64669 ], [ -111.969182, 40.645628 ], [ -111.974984, 40.641795 ], [ -111.978581, 40.641667 ], [ -111.978561, 40.641091 ], [ -111.978566, 40.638942 ], [ -111.981368, 40.631742 ], [ -111.983046, 40.625911 ], [ -111.983126, 40.625738 ], [ -111.983883, 40.623248 ], [ -111.986739, 40.618511 ], [ -111.986523, 40.616295 ], [ -111.992428, 40.611242 ], [ -111.996694, 40.616587 ], [ -111.99697, 40.618202 ], [ -112.000519, 40.617595 ], [ -112.005659, 40.611257 ], [ -112.007163, 40.609883 ], [ -112.007158, 40.609437 ] ] ] } },
{ "type": "Feature", "properties": { "group_index": 0, "value": 600.0, "center": [ -111.96138874711471, 40.69294490622574 ], "point_id": 136 }, "geometry": { "type": "Polygon", "coordinates": [ [ [ -112.030182, 40.696893 ], [ -112.028636, 40.694776 ], [ -112.028358, 40.694758 ], [ -112.025226, 40.693565 ], [ -112.024823, 40.68536 ], [ -112.026668, 40.683906 ], [ -112.028253, 40.682153 ], [ -112.028247, 40.682023 ], [ -112.028246, 40.681999 ], [ -112.028238, 40.681869 ], [ -112.026614, 40.679856 ], [ -112.021753, 40.673202 ], [ -112.019938, 40.671522 ], [ -112.013258, 40.665783 ], [ -112.012236, 40.663329 ], [ -112.011336, 40.660104 ], [ -112.011289, 40.659898 ], [ -112.009769, 40.658922 ], [ -112.002261, 40.65461 ], [ -111.997555, 40.65096 ], [ -111.997411, 40.65096 ], [ -111.991701, 40.649928 ], [ -111.988753, 40.646424 ], [ -111.985153, 40.646401 ], [ -111.978821, 40.640429 ], [ -111.978793, 40.638236 ], [ -111.978789, 40.637439 ], [ -111.978745, 40.636247 ], [ -111.978664, 40.63521 ], [ -111.978506, 40.633736 ], [ -111.978443, 40.632801 ], [ -111.974851, 40.633045 ], [ -111.968029, 40.63419 ], [ -111.967352, 40.634193 ], [ -111.959626, 40.629899 ], [ -111.959626, 40.629348 ], [ -111.958113, 40.628099 ], [ -111.957822, 40.628099 ], [ -111.956026, 40.629349 ], [ -111.94893, 40.634283 ], [ -111.948331, 40.634285 ], [ -111.941508, 40.631867 ], [ -111.940595, 40.627591 ], [ -111.940595, 40.627402 ], [ -111.938889, 40.625784 ], [ -111.938799, 40.625784 ], [ -111.938688, 40.625808 ], [ -111.936995, 40.627388 ], [ -111.936633, 40.62859 ], [ -111.935769, 40.630382 ], [ -111.92889, 40.635132 ], [ -111.92028, 40.635778 ], [ -111.91951, 40.63551 ], [ -111.918905, 40.635326 ], [ -111.917318, 40.634909 ], [ -111.91674, 40.6348 ], [ -111.916105, 40.634704 ], [ -111.9151, 40.634588 ], [ -111.913085, 40.634392 ], [ -111.909533, 40.634041 ], [ -111.905651, 40.628759 ], [ -111.905795, 40.624146 ], [ -111.906355, 40.622226 ], [ -111.902898, 40.621219 ], [ -111.902409, 40.622144 ], [ -111.902405, 40.622156 ], [ -111.901821, 40.62396 ], [ -111.901727, 40.62447 ], [ -111.901616, 40.625543 ], [ -111.90161, 40.626211 ], [ -111.901747, 40.628105 ], [ -111.893537, 40.631395 ], [ -111.892886, 40.630996 ], [ -111.890391, 40.628796 ], [ -111.890012, 40.628428 ], [ -111.890008, 40.628428 ], [ -111.881676, 40.628988 ], [ -111.878555, 40.628677 ], [ -111.875434, 40.628366 ], [ -111.875077, 40.631948 ], [ -111.878198, 40.632259 ], [ -111.881318, 40.632571 ], [ -111.88764, 40.633281 ], [ -111.893235, 40.635439 ], [ -111.894155, 40.635872 ], [ -111.895021, 40.636167 ], [ -111.90082, 40.64298 ], [ -111.900582, 40.64588 ], [ -111.90417, 40.646175 ], [ -111.904408, 40.643274 ], [ -111.908757, 40.637557 ], [ -111.912737, 40.637975 ], [ -111.914753, 40.638171 ], [ -111.915688, 40.63828 ], [ -111.916199, 40.638359 ], [ -111.916639, 40.638445 ], [ -111.917983, 40.638805 ], [ -111.918453, 40.638951 ], [ -111.919767, 40.639464 ], [ -111.920833, 40.640019 ], [ -111.922864, 40.641506 ], [ -111.924523, 40.643135 ], [ -111.925199, 40.643768 ], [ -111.925792, 40.644248 ], [ -111.926479, 40.644705 ], [ -111.929949, 40.651211 ], [ -111.928663, 40.655886 ], [ -111.923513, 40.660076 ], [ -111.922721, 40.660807 ], [ -111.915637, 40.664207 ], [ -111.914927, 40.665921 ], [ -111.913176, 40.669912 ], [ -111.908688, 40.673044 ], [ -111.907414, 40.674688 ], [ -111.907407, 40.67485 ], [ -111.905503, 40.682072 ], [ -111.903689, 40.683387 ], [ -111.901582, 40.684862 ], [ -111.899853, 40.686665 ], [ -111.899867, 40.686823 ], [ -111.899732, 40.694183 ], [ -111.897956, 40.695692 ], [ -111.893713, 40.698 ], [ -111.893378, 40.699982 ], [ -111.89431, 40.70155 ], [ -111.894806, 40.702104 ], [ -111.897933, 40.703611 ], [ -111.899662, 40.705243 ], [ -111.901892, 40.70967 ], [ -111.902028, 40.711094 ], [ -111.901148, 40.715966 ], [ -111.893362, 40.716227 ], [ -111.892838, 40.716212 ], [ -111.887853, 40.716371 ], [ -111.886128, 40.716361 ], [ -111.886108, 40.719961 ], [ -111.887832, 40.719971 ], [ -111.892734, 40.71981 ], [ -111.893258, 40.719825 ], [ -111.897281, 40.71813 ], [ -111.902185, 40.72549 ], [ -111.902081, 40.725932 ], [ -111.902033, 40.726487 ], [ -111.902034, 40.726917 ], [ -111.902181, 40.728543 ], [ -111.902217, 40.729431 ], [ -111.902224, 40.731258 ], [ -111.902588, 40.731284 ], [ -111.905824, 40.731242 ], [ -111.90617, 40.730921 ], [ -111.915055, 40.731725 ], [ -111.91686, 40.733531 ], [ -111.916864, 40.733531 ], [ -111.917727, 40.732552 ], [ -111.918655, 40.731757 ], [ -111.91942, 40.730641 ], [ -111.922509, 40.727738 ], [ -111.928582, 40.726388 ], [ -111.933396, 40.733147 ], [ -111.933397, 40.733685 ], [ -111.931445, 40.73864 ], [ -111.929768, 40.740259 ], [ -111.929766, 40.740411 ], [ -111.931455, 40.74224 ], [ -111.937144, 40.747231 ], [ -111.93716, 40.750221 ], [ -111.937159, 40.750268 ], [ -111.938815, 40.752018 ], [ -111.938972, 40.752017 ], [ -111.946835, 40.754492 ], [ -111.947238, 40.755822 ], [ -111.94731, 40.756016 ], [ -111.947544, 40.756821 ], [ -111.942086, 40.763626 ], [ -111.938834, 40.763662 ], [ -111.938135, 40.763756 ], [ -111.936747, 40.764151 ], [ -111.936322, 40.767726 ], [ -111.937241, 40.767835 ], [ -111.937867, 40.767887 ], [ -111.938505, 40.767917 ], [ -111.939667, 40.767899 ], [ -111.942666, 40.767647 ], [ -111.947271, 40.774531 ], [ -111.947237, 40.776359 ], [ -111.947215, 40.778014 ], [ -111.947203, 40.77821 ], [ -111.946894, 40.780811 ], [ -111.946436, 40.782964 ], [ -111.946434, 40.786564 ], [ -111.947356, 40.795075 ], [ -111.947396, 40.797128 ], [ -111.950996, 40.797058 ], [ -111.950956, 40.795004 ], [ -111.950915, 40.79295 ], [ -111.950925, 40.79191 ], [ -111.950877, 40.789095 ], [ -111.950826, 40.787019 ], [ -111.950775, 40.784958 ], [ -111.950788, 40.781377 ], [ -111.950792, 40.778424 ], [ -111.950803, 40.778228 ], [ -111.950837, 40.776425 ], [ -111.95087, 40.774598 ], [ -111.956244, 40.767747 ], [ -111.95674, 40.767654 ], [ -111.957796, 40.767364 ], [ -111.958674, 40.767163 ], [ -111.960711, 40.767017 ], [ -111.960798, 40.767011 ], [ -111.962451, 40.766945 ], [ -111.962303, 40.763348 ], [ -111.962101, 40.76328 ], [ -111.960563, 40.76342 ], [ -111.960476, 40.763426 ], [ -111.958418, 40.763572 ], [ -111.957058, 40.76384 ], [ -111.950626, 40.759618 ], [ -111.950947, 40.755644 ], [ -111.957036, 40.75137 ], [ -111.958041, 40.751391 ], [ -111.962151, 40.751382 ], [ -111.962365, 40.751382 ], [ -111.96395, 40.749588 ], [ -111.96849, 40.744864 ], [ -111.972386, 40.744943 ], [ -111.972774, 40.744941 ], [ -111.977782, 40.74237 ], [ -111.978957, 40.741112 ], [ -111.978958, 40.740843 ], [ -111.978959, 40.740351 ], [ -111.978962, 40.739913 ], [ -111.978967, 40.739011 ], [ -111.987892, 40.737969 ], [ -111.988092, 40.738591 ], [ -111.98819, 40.739066 ], [ -111.988287, 40.739772 ], [ -111.988277, 40.740817 ], [ -111.988152, 40.741611 ], [ -111.991708, 40.742171 ], [ -111.991833, 40.741378 ], [ -111.991886, 40.739862 ], [ -111.992703, 40.734354 ], [ -111.996495, 40.727709 ], [ -111.999508, 40.727718 ], [ -112.002521, 40.727726 ], [ -112.005542, 40.727734 ], [ -112.008783, 40.727728 ], [ -112.012024, 40.727721 ], [ -112.01467, 40.727717 ], [ -112.017215, 40.72771 ], [ -112.01733, 40.727712 ], [ -112.019226, 40.727819 ], [ -112.019263, 40.727695 ], [ -112.019422, 40.724225 ], [ -112.01923, 40.724095 ], [ -112.017412, 40.724115 ], [ -112.017297, 40.724112 ], [ -112.014664, 40.724117 ], [ -112.012668, 40.72376 ], [ -112.007546, 40.720847 ], [ -112.010688, 40.714234 ], [ -112.01058, 40.712434 ], [ -112.010695, 40.710634 ], [ -112.01705, 40.705642 ], [ -112.017694, 40.70564 ], [ -112.020741, 40.700938 ], [ -112.024885, 40.700076 ], [ -112.025144, 40.700073 ], [ -112.028919, 40.698314 ], [ -112.030203, 40.697807 ], [ -112.030182, 40.696893 ] ] ] } },
{ "type": "Feature", "properties": { "group_index": 0, "value": 600.0, "center": [ -111.8279843141702, 40.624249832530346 ], "point_id": 137 }, "geometry": { "type": "Polygon", "coordinates": [ [ [ -111.938911, 40.642988 ], [ -111.938382, 40.642991 ], [ -111.935432, 40.642994 ], [ -111.932657, 40.643005 ], [ -111.924907, 40.63877 ], [ -111.924101, 40.638083 ], [ -111.923129, 40.637453 ], [ -111.921018, 40.636306 ], [ -111.92035, 40.636025 ], [ -111.919746, 40.635795 ], [ -111.918421, 40.635374 ], [ -111.917613, 40.63517 ], [ -111.916842, 40.635017 ], [ -111.915953, 40.634884 ], [ -111.915276, 40.634805 ], [ -111.913408, 40.634641 ], [ -111.906113, 40.630313 ], [ -111.902796, 40.631712 ], [ -111.896125, 40.631193 ], [ -111.890519, 40.62788 ], [ -111.889582, 40.627625 ], [ -111.889167, 40.627622 ], [ -111.885339, 40.629294 ], [ -111.883601, 40.629437 ], [ -111.881676, 40.628988 ], [ -111.879806, 40.621094 ], [ -111.879808, 40.620776 ], [ -111.878109, 40.618961 ], [ -111.872219, 40.615094 ], [ -111.868737, 40.612547 ], [ -111.865341, 40.609229 ], [ -111.864432, 40.608265 ], [ -111.862816, 40.606843 ], [ -111.862612, 40.606845 ], [ -111.8579, 40.606433 ], [ -111.853263, 40.604869 ], [ -111.853161, 40.604869 ], [ -111.845353, 40.60635 ], [ -111.842243, 40.601684 ], [ -111.842129, 40.599132 ], [ -111.840605, 40.597504 ], [ -111.838412, 40.595073 ], [ -111.835948, 40.589538 ], [ -111.835462, 40.587972 ], [ -111.834988, 40.587942 ], [ -111.834159, 40.587932 ], [ -111.833429, 40.587931 ], [ -111.833114, 40.587932 ], [ -111.82509, 40.59089 ], [ -111.821098, 40.590939 ], [ -111.81363, 40.589029 ], [ -111.81301, 40.588808 ], [ -111.812727, 40.588879 ], [ -111.812204, 40.589077 ], [ -111.804358, 40.590779 ], [ -111.802114, 40.589906 ], [ -111.798033, 40.587807 ], [ -111.79418, 40.58557 ], [ -111.794098, 40.585569 ], [ -111.792337, 40.586789 ], [ -111.791433, 40.588664 ], [ -111.791489, 40.58917 ], [ -111.791646, 40.589565 ], [ -111.791796, 40.589848 ], [ -111.792365, 40.598596 ], [ -111.790057, 40.602101 ], [ -111.789391, 40.602847 ], [ -111.786817, 40.609251 ], [ -111.782039, 40.616144 ], [ -111.779744, 40.61855 ], [ -111.783825, 40.620347 ], [ -111.784863, 40.620606 ], [ -111.789508, 40.622587 ], [ -111.789869, 40.622821 ], [ -111.791736, 40.623928 ], [ -111.795741, 40.630298 ], [ -111.795384, 40.635956 ], [ -111.794496, 40.637989 ], [ -111.79443, 40.638489 ], [ -111.794893, 40.639583 ], [ -111.80026, 40.645609 ], [ -111.800759, 40.646346 ], [ -111.805746, 40.653166 ], [ -111.80512, 40.655611 ], [ -111.804471, 40.658152 ], [ -111.80392, 40.660948 ], [ -111.80366, 40.662973 ], [ -111.803467, 40.665794 ], [ -111.801294, 40.673 ], [ -111.799732, 40.67505 ], [ -111.797283, 40.677871 ], [ -111.795864, 40.679811 ], [ -111.793945, 40.682989 ], [ -111.793936, 40.683006 ], [ -111.794241, 40.684498 ], [ -111.794552, 40.693144 ], [ -111.79429, 40.694431 ], [ -111.793936, 40.696015 ], [ -111.793667, 40.697031 ], [ -111.793387, 40.698286 ], [ -111.79332, 40.698818 ], [ -111.793274, 40.699406 ], [ -111.796863, 40.699687 ], [ -111.797416, 40.696939 ], [ -111.797803, 40.69522 ], [ -111.79808, 40.693863 ], [ -111.79838, 40.692617 ], [ -111.798863, 40.690465 ], [ -111.798994, 40.689783 ], [ -111.799179, 40.684305 ], [ -111.802596, 40.677232 ], [ -111.804158, 40.675181 ], [ -111.805789, 40.672972 ], [ -111.806345, 40.672124 ], [ -111.806746, 40.671305 ], [ -111.806965, 40.670615 ], [ -111.80707, 40.670085 ], [ -111.807115, 40.669587 ], [ -111.807093, 40.667593 ], [ -111.807067, 40.665744 ], [ -111.81514, 40.662298 ], [ -111.816007, 40.663153 ], [ -111.81707, 40.664405 ], [ -111.818652, 40.66582 ], [ -111.819916, 40.666713 ], [ -111.82028, 40.66703 ], [ -111.821973, 40.66699 ], [ -111.8223, 40.666698 ], [ -111.822646, 40.664317 ], [ -111.823059, 40.661619 ], [ -111.831824, 40.662474 ], [ -111.834118, 40.664309 ], [ -111.83442, 40.664571 ], [ -111.837563, 40.666803 ], [ -111.839356, 40.668347 ], [ -111.839383, 40.668366 ], [ -111.839441, 40.668363 ], [ -111.840342, 40.6677 ], [ -111.841158, 40.666621 ], [ -111.84188, 40.665892 ], [ -111.85035, 40.667343 ], [ -111.852024, 40.668307 ], [ -111.854101, 40.668906 ], [ -111.854305, 40.668907 ], [ -111.861201, 40.668 ], [ -111.865849, 40.667742 ], [ -111.866784, 40.666883 ], [ -111.866632, 40.665576 ], [ -111.866613, 40.66542 ], [ -111.866582, 40.665155 ], [ -111.866027, 40.664185 ], [ -111.86524, 40.663876 ], [ -111.864724, 40.663754 ], [ -111.86202, 40.662762 ], [ -111.861424, 40.662446 ], [ -111.858521, 40.658095 ], [ -111.865923, 40.654243 ], [ -111.865997, 40.654243 ], [ -111.87078, 40.651398 ], [ -111.87199, 40.649584 ], [ -111.880791, 40.648329 ], [ -111.882872, 40.647758 ], [ -111.883803, 40.647364 ], [ -111.885437, 40.646226 ], [ -111.888811, 40.644479 ], [ -111.891024, 40.64278 ], [ -111.894576, 40.640306 ], [ -111.900607, 40.645571 ], [ -111.900268, 40.648254 ], [ -111.899959, 40.650246 ], [ -111.89967, 40.652135 ], [ -111.899538, 40.65275 ], [ -111.899471, 40.653062 ], [ -111.899509, 40.657167 ], [ -111.899419, 40.65856 ], [ -111.903011, 40.658794 ], [ -111.903102, 40.657401 ], [ -111.90329, 40.655324 ], [ -111.903715, 40.651369 ], [ -111.903981, 40.648475 ], [ -111.904195, 40.645866 ], [ -111.904408, 40.643274 ], [ -111.911276, 40.638069 ], [ -111.913094, 40.638228 ], [ -111.914862, 40.638381 ], [ -111.915428, 40.638446 ], [ -111.916152, 40.638551 ], [ -111.916749, 40.638665 ], [ -111.917337, 40.638806 ], [ -111.918471, 40.639161 ], [ -111.918975, 40.639351 ], [ -111.91941, 40.639526 ], [ -111.921217, 40.640504 ], [ -111.922345, 40.6413 ], [ -111.92472, 40.643694 ], [ -111.925469, 40.644316 ], [ -111.926207, 40.644848 ], [ -111.92662, 40.645101 ], [ -111.927159, 40.645381 ], [ -111.928088, 40.645787 ], [ -111.928532, 40.645949 ], [ -111.929174, 40.646151 ], [ -111.92978, 40.646301 ], [ -111.930385, 40.646417 ], [ -111.931084, 40.646517 ], [ -111.93472, 40.646865 ], [ -111.938935, 40.646588 ], [ -111.938911, 40.642988 ] ] ] } },
{ "type": "Feature", "properties": { "group_index": 0, "value": 600.0, "center": [ -111.96550877363433, 41.30563793972541 ], "point_id": 138 }, "geometry": { "type": "Polygon", "coordinates": [ [ [ -112.029137, 41.334409 ], [ -112.028929, 41.334264 ], [ -112.025494, 41.329914 ], [ -112.024238, 41.328241 ], [ -112.02516, 41.320877 ], [ -112.028517, 41.319575 ], [ -112.029509, 41.311647 ], [ -112.03229, 41.308515 ], [ -112.033106, 41.307107 ], [ -112.033403, 41.305574 ], [ -112.033263, 41.305437 ], [ -112.032183, 41.304917 ], [ -112.02784, 41.297739 ], [ -112.027134, 41.289631 ], [ -112.027148, 41.28922 ], [ -112.026447, 41.28778 ], [ -112.025352, 41.287769 ], [ -112.018982, 41.287712 ], [ -112.013751, 41.282169 ], [ -112.012474, 41.275724 ], [ -112.010452, 41.272144 ], [ -112.009681, 41.271362 ], [ -112.009399, 41.271229 ], [ -112.008155, 41.27077 ], [ -112.007952, 41.270854 ], [ -112.006852, 41.27206 ], [ -112.005732, 41.274199 ], [ -112.005907, 41.277795 ], [ -111.999614, 41.281999 ], [ -111.994008, 41.283374 ], [ -111.989841, 41.276299 ], [ -111.982963, 41.271615 ], [ -111.979419, 41.26653 ], [ -111.977701, 41.265598 ], [ -111.974356, 41.26541 ], [ -111.967993, 41.264814 ], [ -111.966899, 41.264545 ], [ -111.959561, 41.26071 ], [ -111.958223, 41.258987 ], [ -111.956443, 41.258292 ], [ -111.948001, 41.256715 ], [ -111.947825, 41.256719 ], [ -111.946441, 41.257456 ], [ -111.946081, 41.258027 ], [ -111.946068, 41.258467 ], [ -111.946405, 41.261056 ], [ -111.947777, 41.2688 ], [ -111.947765, 41.2706 ], [ -111.947844, 41.27928 ], [ -111.947658, 41.280121 ], [ -111.944629, 41.288218 ], [ -111.940404, 41.294384 ], [ -111.940183, 41.294686 ], [ -111.9397, 41.295582 ], [ -111.937211, 41.298762 ], [ -111.930921, 41.301875 ], [ -111.930193, 41.303996 ], [ -111.930096, 41.304288 ], [ -111.925143, 41.31054 ], [ -111.923269, 41.310184 ], [ -111.922791, 41.310049 ], [ -111.922354, 41.309998 ], [ -111.921697, 41.310052 ], [ -111.920529, 41.310102 ], [ -111.920164, 41.310092 ], [ -111.919345, 41.310032 ], [ -111.918358, 41.310007 ], [ -111.917844, 41.310087 ], [ -111.917149, 41.310186 ], [ -111.916258, 41.310364 ], [ -111.913566, 41.311019 ], [ -111.913092, 41.31114 ], [ -111.912047, 41.31155 ], [ -111.911289, 41.311853 ], [ -111.910837, 41.312043 ], [ -111.910294, 41.31236 ], [ -111.907959, 41.314133 ], [ -111.903319, 41.317962 ], [ -111.902752, 41.318433 ], [ -111.905053, 41.321202 ], [ -111.908855, 41.319705 ], [ -111.909258, 41.319558 ], [ -111.909623, 41.319362 ], [ -111.910059, 41.319005 ], [ -111.910465, 41.318468 ], [ -111.91639, 41.3141 ], [ -111.921088, 41.313898 ], [ -111.923121, 41.314405 ], [ -111.923636, 41.314511 ], [ -111.931074, 41.317194 ], [ -111.932062, 41.318199 ], [ -111.932559, 41.318574 ], [ -111.936769, 41.321838 ], [ -111.939862, 41.323697 ], [ -111.947258, 41.323275 ], [ -111.950466, 41.329431 ], [ -111.950321, 41.330555 ], [ -111.950322, 41.330559 ], [ -111.951933, 41.333774 ], [ -111.955781, 41.334422 ], [ -111.95622, 41.334248 ], [ -111.95798, 41.331987 ], [ -111.962894, 41.329927 ], [ -111.967224, 41.331199 ], [ -111.967679, 41.331188 ], [ -111.968311, 41.331113 ], [ -111.975421, 41.335215 ], [ -111.975737, 41.339232 ], [ -111.976165, 41.339635 ], [ -111.980675, 41.343006 ], [ -111.982071, 41.342998 ], [ -111.99067, 41.340676 ], [ -111.991557, 41.341041 ], [ -111.991746, 41.341045 ], [ -111.997562, 41.337805 ], [ -112.002661, 41.336025 ], [ -112.007804, 41.330286 ], [ -112.016213, 41.329898 ], [ -112.017898, 41.330611 ], [ -112.021047, 41.333036 ], [ -112.026867, 41.337744 ], [ -112.028231, 41.337469 ], [ -112.029746, 41.335582 ], [ -112.029137, 41.334409 ] ] ] } },
{ "type": "Feature", "properties": { "group_index": 0, "value": 600.0, "center": [ -112.0275165289379, 41.176159808689405 ], "point_id": 140 }, "geometry": { "type": "Polygon", "coordinates": [ [ [ -112.101875, 41.190748 ], [ -112.100974, 41.188993 ], [ -112.098179, 41.180982 ], [ -112.099086, 41.179883 ], [ -112.101266, 41.178474 ], [ -112.102946, 41.173118 ], [ -112.106412, 41.1657 ], [ -112.107527, 41.163996 ], [ -112.107525, 41.163863 ], [ -112.10645, 41.1621 ], [ -112.104835, 41.161328 ], [ -112.101236, 41.161283 ], [ -112.09318, 41.160408 ], [ -112.09281, 41.160341 ], [ -112.089282, 41.152261 ], [ -112.089281, 41.152246 ], [ -112.08558, 41.147962 ], [ -112.082545, 41.145328 ], [ -112.076948, 41.144433 ], [ -112.072292, 41.138081 ], [ -112.069999, 41.138083 ], [ -112.066276, 41.137386 ], [ -112.060643, 41.130844 ], [ -112.054846, 41.126777 ], [ -112.054768, 41.126777 ], [ -112.047063, 41.124441 ], [ -112.047532, 41.118249 ], [ -112.047532, 41.118238 ], [ -112.046678, 41.116277 ], [ -112.045253, 41.115949 ], [ -112.04516, 41.11595 ], [ -112.040682, 41.115189 ], [ -112.036635, 41.113364 ], [ -112.034257, 41.108827 ], [ -112.03313, 41.108136 ], [ -112.029615, 41.109022 ], [ -112.024326, 41.101883 ], [ -112.017571, 41.097081 ], [ -112.016856, 41.096268 ], [ -112.010745, 41.09106 ], [ -112.007191, 41.088961 ], [ -112.002203, 41.087354 ], [ -112.001685, 41.087198 ], [ -111.99694, 41.085542 ], [ -111.99691, 41.085541 ], [ -111.989658, 41.085093 ], [ -111.986454, 41.081676 ], [ -111.985728, 41.080937 ], [ -111.983452, 41.078418 ], [ -111.980378, 41.074615 ], [ -111.979256, 41.072837 ], [ -111.972995, 41.067065 ], [ -111.970581, 41.064436 ], [ -111.967929, 41.066871 ], [ -111.970343, 41.0695 ], [ -111.972436, 41.07176 ], [ -111.973815, 41.073306 ], [ -111.975174, 41.074766 ], [ -111.977146, 41.076863 ], [ -111.978526, 41.078336 ], [ -111.980781, 41.080832 ], [ -111.9824, 41.088897 ], [ -111.982406, 41.089218 ], [ -111.983966, 41.090982 ], [ -111.985973, 41.092866 ], [ -111.985884, 41.099359 ], [ -111.981394, 41.101729 ], [ -111.980205, 41.103114 ], [ -111.98021, 41.103528 ], [ -111.981526, 41.105327 ], [ -111.982076, 41.105306 ], [ -111.985875, 41.105345 ], [ -111.988473, 41.104996 ], [ -111.994652, 41.105339 ], [ -112.002521, 41.10641 ], [ -112.005762, 41.112174 ], [ -112.006005, 41.112419 ], [ -112.006665, 41.112659 ], [ -112.013814, 41.117272 ], [ -112.01763, 41.12295 ], [ -112.019442, 41.123943 ], [ -112.023348, 41.130777 ], [ -112.023355, 41.134184 ], [ -112.023361, 41.137592 ], [ -112.023367, 41.141 ], [ -112.023373, 41.144407 ], [ -112.02338, 41.147815 ], [ -112.020558, 41.15437 ], [ -112.013934, 41.158293 ], [ -112.00555, 41.158628 ], [ -112.003999, 41.156341 ], [ -112.002287, 41.154339 ], [ -112.001238, 41.152743 ], [ -112.000581, 41.151709 ], [ -111.994324, 41.150119 ], [ -111.994128, 41.150053 ], [ -111.992724, 41.149859 ], [ -111.990804, 41.149541 ], [ -111.990298, 41.149456 ], [ -111.986565, 41.148581 ], [ -111.978965, 41.144198 ], [ -111.974603, 41.140903 ], [ -111.973282, 41.139963 ], [ -111.97236, 41.13922 ], [ -111.971097, 41.138493 ], [ -111.970282, 41.13813 ], [ -111.968413, 41.137367 ], [ -111.967586, 41.137272 ], [ -111.965533, 41.137172 ], [ -111.963626, 41.137108 ], [ -111.955441, 41.138152 ], [ -111.954485, 41.13742 ], [ -111.953945, 41.137051 ], [ -111.953416, 41.136741 ], [ -111.95274, 41.136389 ], [ -111.951976, 41.136036 ], [ -111.951283, 41.135773 ], [ -111.950453, 41.135501 ], [ -111.949637, 41.135296 ], [ -111.948784, 41.135131 ], [ -111.948175, 41.135045 ], [ -111.946728, 41.134927 ], [ -111.945828, 41.134905 ], [ -111.944289, 41.134917 ], [ -111.941607, 41.13497 ], [ -111.940047, 41.134985 ], [ -111.938563, 41.134972 ], [ -111.937126, 41.134919 ], [ -111.935344, 41.134803 ], [ -111.935111, 41.138396 ], [ -111.936894, 41.138511 ], [ -111.938429, 41.138569 ], [ -111.940013, 41.138584 ], [ -111.94164, 41.13857 ], [ -111.94436, 41.138516 ], [ -111.945854, 41.138505 ], [ -111.953247, 41.141006 ], [ -111.955605, 41.143242 ], [ -111.958793, 41.147315 ], [ -111.960267, 41.14853 ], [ -111.961097, 41.149092 ], [ -111.963114, 41.150331 ], [ -111.968628, 41.154937 ], [ -111.968934, 41.155231 ], [ -111.969799, 41.156084 ], [ -111.970189, 41.156483 ], [ -111.970737, 41.156884 ], [ -111.973287, 41.158759 ], [ -111.973454, 41.158754 ], [ -111.97504, 41.157196 ], [ -111.982303, 41.156008 ], [ -111.984195, 41.156536 ], [ -111.989936, 41.158451 ], [ -111.990908, 41.159173 ], [ -111.991917, 41.160016 ], [ -111.992928, 41.161037 ], [ -111.993689, 41.161983 ], [ -111.994143, 41.162638 ], [ -111.995379, 41.164606 ], [ -111.995976, 41.165375 ], [ -111.996393, 41.173695 ], [ -111.992395, 41.17583 ], [ -111.990965, 41.176236 ], [ -111.987618, 41.181747 ], [ -111.985607, 41.1835 ], [ -111.985214, 41.184316 ], [ -111.985448, 41.186557 ], [ -111.985947, 41.187097 ], [ -111.986078, 41.187171 ], [ -111.987731, 41.18689 ], [ -111.994873, 41.190628 ], [ -111.993823, 41.1982 ], [ -111.990735, 41.199424 ], [ -111.990237, 41.199708 ], [ -111.989781, 41.200126 ], [ -111.989447, 41.20066 ], [ -111.985095, 41.204759 ], [ -111.980732, 41.206052 ], [ -111.979619, 41.206211 ], [ -111.978028, 41.206454 ], [ -111.976305, 41.208245 ], [ -111.976305, 41.208262 ], [ -111.977973, 41.210054 ], [ -111.978078, 41.210055 ], [ -111.979781, 41.209811 ], [ -111.98095, 41.209696 ], [ -111.981542, 41.20956 ], [ -111.986458, 41.208091 ], [ -111.986799, 41.207983 ], [ -111.988755, 41.207684 ], [ -111.994568, 41.209739 ], [ -111.996233, 41.211885 ], [ -111.998012, 41.21416 ], [ -111.992754, 41.221222 ], [ -111.99247, 41.221218 ], [ -111.990932, 41.22288 ], [ -111.99093, 41.222996 ], [ -111.992423, 41.224818 ], [ -111.992706, 41.224822 ], [ -112.000895, 41.224821 ], [ -112.00135, 41.224664 ], [ -112.008411, 41.227404 ], [ -112.00873, 41.23099 ], [ -112.01237, 41.23727 ], [ -112.015882, 41.236481 ], [ -112.023722, 41.234531 ], [ -112.025198, 41.23506 ], [ -112.026562, 41.235398 ], [ -112.028103, 41.234438 ], [ -112.02818, 41.234308 ], [ -112.035149, 41.228713 ], [ -112.036657, 41.228706 ], [ -112.043755, 41.228412 ], [ -112.045247, 41.228055 ], [ -112.046624, 41.226739 ], [ -112.051491, 41.221542 ], [ -112.054175, 41.221552 ], [ -112.054188, 41.217952 ], [ -112.062296, 41.214805 ], [ -112.064273, 41.216217 ], [ -112.064548, 41.21619 ], [ -112.065895, 41.214903 ], [ -112.06615, 41.213814 ], [ -112.06615, 41.213786 ], [ -112.07137, 41.20712 ], [ -112.074127, 41.207126 ], [ -112.076885, 41.207133 ], [ -112.076893, 41.203533 ], [ -112.07639, 41.197118 ], [ -112.081123, 41.193317 ], [ -112.085426, 41.194257 ], [ -112.091416, 41.198448 ], [ -112.092762, 41.199294 ], [ -112.093199, 41.199291 ], [ -112.093209, 41.199291 ], [ -112.093646, 41.199291 ], [ -112.095016, 41.198384 ], [ -112.10098, 41.192593 ], [ -112.10188, 41.190957 ], [ -112.101875, 41.190748 ] ] ] } },
{ "type": "Feature", "properties": { "group_index": 0, "value": 600.0, "center": [ -111.6502085, 40.2505364 ], "point_id": 141 }, "geometry": { "type": "Polygon", "coordinates": [ [ [ -111.710433, 40.272412 ], [ -111.707243, 40.270812 ], [ -111.705531, 40.269679 ], [ -111.705313, 40.269709 ], [ -111.698021, 40.267941 ], [ -111.699572, 40.261034 ], [ -111.700433, 40.259167 ], [ -111.702837, 40.256487 ], [ -111.704474, 40.251377 ], [ -111.704941, 40.248977 ], [ -111.701369, 40.242576 ], [ -111.69966, 40.240793 ], [ -111.696586, 40.238296 ], [ -111.694805, 40.23692 ], [ -111.694748, 40.236923 ], [ -111.687324, 40.23207 ], [ -111.687025, 40.227588 ], [ -111.687021, 40.223988 ], [ -111.68629, 40.223989 ], [ -111.679507, 40.218142 ], [ -111.679505, 40.21785 ], [ -111.677737, 40.216356 ], [ -111.677661, 40.216355 ], [ -111.674425, 40.215914 ], [ -111.669191, 40.209917 ], [ -111.667458, 40.20833 ], [ -111.667378, 40.20833 ], [ -111.665591, 40.209898 ], [ -111.65784, 40.212463 ], [ -111.65504, 40.212802 ], [ -111.652559, 40.215293 ], [ -111.650153, 40.217124 ], [ -111.644924, 40.219298 ], [ -111.640717, 40.217403 ], [ -111.639654, 40.216654 ], [ -111.638068, 40.215012 ], [ -111.637442, 40.21468 ], [ -111.635588, 40.214179 ], [ -111.635311, 40.214235 ], [ -111.634516, 40.216778 ], [ -111.630067, 40.224511 ], [ -111.629877, 40.224511 ], [ -111.628015, 40.224481 ], [ -111.627903, 40.224846 ], [ -111.627628, 40.225927 ], [ -111.627589, 40.226633 ], [ -111.62773, 40.22728 ], [ -111.629473, 40.232941 ], [ -111.629776, 40.234936 ], [ -111.629836, 40.235279 ], [ -111.632086, 40.241752 ], [ -111.626761, 40.24677 ], [ -111.626816, 40.247423 ], [ -111.626999, 40.248353 ], [ -111.629597, 40.254421 ], [ -111.629932, 40.263206 ], [ -111.629816, 40.263599 ], [ -111.629733, 40.264221 ], [ -111.62976, 40.264772 ], [ -111.631048, 40.271997 ], [ -111.632189, 40.280591 ], [ -111.631845, 40.281193 ], [ -111.631801, 40.281574 ], [ -111.632575, 40.285947 ], [ -111.632812, 40.286616 ], [ -111.635448, 40.292305 ], [ -111.636026, 40.293013 ], [ -111.640226, 40.2967 ], [ -111.641688, 40.297245 ], [ -111.645669, 40.298706 ], [ -111.650577, 40.302518 ], [ -111.653142, 40.308162 ], [ -111.653337, 40.3089 ], [ -111.653751, 40.310052 ], [ -111.653868, 40.310277 ], [ -111.655954, 40.309408 ], [ -111.657067, 40.308626 ], [ -111.657083, 40.308127 ], [ -111.657026, 40.307541 ], [ -111.657008, 40.307274 ], [ -111.660619, 40.300164 ], [ -111.662422, 40.299415 ], [ -111.662687, 40.29675 ], [ -111.668058, 40.290216 ], [ -111.674431, 40.291449 ], [ -111.676121, 40.291995 ], [ -111.67639, 40.291981 ], [ -111.678168, 40.291419 ], [ -111.679268, 40.289651 ], [ -111.679274, 40.289391 ], [ -111.684256, 40.283889 ], [ -111.687542, 40.284639 ], [ -111.689558, 40.285658 ], [ -111.689573, 40.285655 ], [ -111.695292, 40.282072 ], [ -111.697074, 40.280275 ], [ -111.703731, 40.277106 ], [ -111.705078, 40.276703 ], [ -111.70965, 40.275926 ], [ -111.710433, 40.272412 ] ] ] } },
{ "type": "Feature", "properties": { "group_index": 0, "value": 600.0, "center": [ -111.6455180368781, 40.2501656380988 ], "point_id": 142 }, "geometry": { "type": "Polygon", "coordinates": [ [ [ -111.694775, 40.273542 ], [ -111.69358, 40.27183 ], [ -111.691934, 40.27085 ], [ -111.687256, 40.267746 ], [ -111.687784, 40.261346 ], [ -111.689614, 40.256987 ], [ -111.691731, 40.253488 ], [ -111.698799, 40.248423 ], [ -111.700312, 40.247916 ], [ -111.700541, 40.24775 ], [ -111.701109, 40.245662 ], [ -111.698882, 40.243119 ], [ -111.698658, 40.242882 ], [ -111.697288, 40.242197 ], [ -111.695327, 40.243007 ], [ -111.687609, 40.23878 ], [ -111.686597, 40.234974 ], [ -111.685982, 40.233215 ], [ -111.682949, 40.225722 ], [ -111.681654, 40.223994 ], [ -111.674704, 40.218462 ], [ -111.673035, 40.216684 ], [ -111.669251, 40.214913 ], [ -111.667459, 40.214472 ], [ -111.666973, 40.214469 ], [ -111.658957, 40.21475 ], [ -111.658821, 40.214751 ], [ -111.655757, 40.216112 ], [ -111.654067, 40.216756 ], [ -111.652295, 40.218216 ], [ -111.650521, 40.219649 ], [ -111.644659, 40.219416 ], [ -111.64389, 40.210495 ], [ -111.643292, 40.206945 ], [ -111.642866, 40.207017 ], [ -111.634983, 40.203325 ], [ -111.633424, 40.199792 ], [ -111.632718, 40.198031 ], [ -111.632477, 40.19755 ], [ -111.632306, 40.197294 ], [ -111.630239, 40.197807 ], [ -111.623209, 40.199849 ], [ -111.620653, 40.198334 ], [ -111.619313, 40.19895 ], [ -111.618614, 40.199317 ], [ -111.618017, 40.200786 ], [ -111.619749, 40.203458 ], [ -111.620138, 40.203726 ], [ -111.623228, 40.209623 ], [ -111.622019, 40.213028 ], [ -111.622195, 40.213189 ], [ -111.622634, 40.213516 ], [ -111.622719, 40.213575 ], [ -111.624631, 40.215152 ], [ -111.624932, 40.215479 ], [ -111.624648, 40.224411 ], [ -111.627721, 40.232583 ], [ -111.627969, 40.233485 ], [ -111.628515, 40.235518 ], [ -111.629376, 40.236578 ], [ -111.632086, 40.241752 ], [ -111.629418, 40.245915 ], [ -111.626761, 40.24677 ], [ -111.626646, 40.250961 ], [ -111.627706, 40.252136 ], [ -111.629993, 40.256039 ], [ -111.629932, 40.263206 ], [ -111.629816, 40.263599 ], [ -111.629733, 40.264221 ], [ -111.62976, 40.264772 ], [ -111.631048, 40.271997 ], [ -111.631414, 40.272394 ], [ -111.631553, 40.272504 ], [ -111.634959, 40.275332 ], [ -111.635636, 40.281066 ], [ -111.635285, 40.281948 ], [ -111.63484, 40.283071 ], [ -111.634962, 40.290964 ], [ -111.634929, 40.293982 ], [ -111.635373, 40.294329 ], [ -111.636223, 40.29496 ], [ -111.640313, 40.297566 ], [ -111.644645, 40.298906 ], [ -111.650515, 40.301691 ], [ -111.652954, 40.306445 ], [ -111.654048, 40.306445 ], [ -111.654633, 40.306408 ], [ -111.656542, 40.306156 ], [ -111.660253, 40.299438 ], [ -111.661485, 40.298609 ], [ -111.661549, 40.298489 ], [ -111.66176, 40.297692 ], [ -111.661764, 40.297531 ], [ -111.660228, 40.293119 ], [ -111.663727, 40.288047 ], [ -111.667782, 40.286722 ], [ -111.67269, 40.287011 ], [ -111.678304, 40.282342 ], [ -111.67896, 40.281889 ], [ -111.685954, 40.278109 ], [ -111.690487, 40.276524 ], [ -111.693506, 40.275429 ], [ -111.694775, 40.273549 ], [ -111.694775, 40.273542 ] ] ] } },
{ "type": "Feature", "properties": { "group_index": 0, "value": 600.0, "center": [ -111.9012423, 40.7713337 ], "point_id": 143 }, "geometry": { "type": "Polygon", "coordinates": [ [ [ -112.006808, 40.768377 ], [ -111.99836, 40.765581 ], [ -111.995974, 40.764593 ], [ -111.995048, 40.764267 ], [ -111.993721, 40.763854 ], [ -111.991793, 40.763375 ], [ -111.990849, 40.763195 ], [ -111.989993, 40.763057 ], [ -111.988458, 40.762892 ], [ -111.98734, 40.762835 ], [ -111.984923, 40.762795 ], [ -111.982292, 40.762794 ], [ -111.97969, 40.762794 ], [ -111.977089, 40.762793 ], [ -111.974586, 40.762796 ], [ -111.974487, 40.762793 ], [ -111.971325, 40.762821 ], [ -111.971196, 40.762817 ], [ -111.968341, 40.762853 ], [ -111.966158, 40.762932 ], [ -111.961074, 40.763192 ], [ -111.953589, 40.759895 ], [ -111.952219, 40.756947 ], [ -111.950497, 40.751335 ], [ -111.95085, 40.745847 ], [ -111.951173, 40.744118 ], [ -111.951371, 40.742779 ], [ -111.951188, 40.740447 ], [ -111.947593, 40.74026 ], [ -111.947565, 40.740796 ], [ -111.947423, 40.743181 ], [ -111.947312, 40.745184 ], [ -111.947285, 40.745404 ], [ -111.946906, 40.751088 ], [ -111.939236, 40.750818 ], [ -111.938545, 40.749453 ], [ -111.933554, 40.747765 ], [ -111.933503, 40.747765 ], [ -111.931178, 40.747476 ], [ -111.926491, 40.740885 ], [ -111.926523, 40.740171 ], [ -111.926523, 40.74013 ], [ -111.925854, 40.738658 ], [ -111.918988, 40.733901 ], [ -111.920682, 40.726222 ], [ -111.920815, 40.722624 ], [ -111.918733, 40.722547 ], [ -111.913799, 40.722727 ], [ -111.908731, 40.718468 ], [ -111.906056, 40.711605 ], [ -111.905834, 40.709446 ], [ -111.905749, 40.705996 ], [ -111.905745, 40.705885 ], [ -111.905707, 40.703748 ], [ -111.905275, 40.698091 ], [ -111.905222, 40.691899 ], [ -111.905299, 40.691005 ], [ -111.905264, 40.690062 ], [ -111.905016, 40.687837 ], [ -111.904769, 40.685612 ], [ -111.901191, 40.68601 ], [ -111.901438, 40.688235 ], [ -111.90034, 40.695539 ], [ -111.900235, 40.696083 ], [ -111.900164, 40.696593 ], [ -111.900122, 40.697608 ], [ -111.899832, 40.700158 ], [ -111.902149, 40.706027 ], [ -111.902153, 40.706138 ], [ -111.902235, 40.709534 ], [ -111.902474, 40.711966 ], [ -111.896388, 40.718143 ], [ -111.895525, 40.718144 ], [ -111.889799, 40.714794 ], [ -111.889797, 40.714793 ], [ -111.887924, 40.71449 ], [ -111.887815, 40.71449 ], [ -111.879729, 40.716344 ], [ -111.87288, 40.716313 ], [ -111.872007, 40.716374 ], [ -111.865013, 40.717535 ], [ -111.861523, 40.717612 ], [ -111.861147, 40.71766 ], [ -111.861229, 40.721259 ], [ -111.862434, 40.72123 ], [ -111.862509, 40.72123 ], [ -111.865146, 40.721132 ], [ -111.867331, 40.721026 ], [ -111.868215, 40.72094 ], [ -111.869352, 40.720804 ], [ -111.871136, 40.720499 ], [ -111.87313, 40.719904 ], [ -111.879757, 40.719944 ], [ -111.88228, 40.719952 ], [ -111.885647, 40.719958 ], [ -111.888373, 40.720481 ], [ -111.888565, 40.720481 ], [ -111.893293, 40.718175 ], [ -111.898594, 40.725067 ], [ -111.893947, 40.729224 ], [ -111.893697, 40.729278 ], [ -111.891175, 40.729963 ], [ -111.891105, 40.729963 ], [ -111.889303, 40.731662 ], [ -111.888355, 40.732921 ], [ -111.886523, 40.734536 ], [ -111.884947, 40.736744 ], [ -111.881579, 40.739829 ], [ -111.880216, 40.741063 ], [ -111.876776, 40.743068 ], [ -111.874972, 40.74429 ], [ -111.870972, 40.748 ], [ -111.86758, 40.75017 ], [ -111.865017, 40.751236 ], [ -111.863535, 40.752815 ], [ -111.856536, 40.756588 ], [ -111.854917, 40.758331 ], [ -111.849929, 40.76522 ], [ -111.846575, 40.770591 ], [ -111.846888, 40.773487 ], [ -111.848211, 40.775587 ], [ -111.851482, 40.780036 ], [ -111.854802, 40.78099 ], [ -111.860702, 40.787124 ], [ -111.864161, 40.788122 ], [ -111.86823, 40.788223 ], [ -111.870016, 40.788313 ], [ -111.873884, 40.788737 ], [ -111.880667, 40.792009 ], [ -111.883038, 40.793862 ], [ -111.885767, 40.793713 ], [ -111.894122, 40.792557 ], [ -111.90233, 40.795746 ], [ -111.90288, 40.796265 ], [ -111.905518, 40.798369 ], [ -111.908497, 40.800518 ], [ -111.912085, 40.808672 ], [ -111.912138, 40.809247 ], [ -111.912182, 40.810123 ], [ -111.913864, 40.818926 ], [ -111.913745, 40.819991 ], [ -111.912009, 40.827978 ], [ -111.910977, 40.832792 ], [ -111.90937, 40.837407 ], [ -111.9101, 40.839892 ], [ -111.910185, 40.840057 ], [ -111.911232, 40.848356 ], [ -111.910339, 40.849343 ], [ -111.908744, 40.851125 ], [ -111.907149, 40.852906 ], [ -111.905555, 40.854688 ], [ -111.904044, 40.856381 ], [ -111.90395, 40.85648 ], [ -111.900823, 40.859236 ], [ -111.900545, 40.859496 ], [ -111.89846, 40.862872 ], [ -111.896879, 40.865516 ], [ -111.896611, 40.866091 ], [ -111.899874, 40.867612 ], [ -111.905091, 40.860632 ], [ -111.906652, 40.858859 ], [ -111.908237, 40.857089 ], [ -111.909832, 40.855307 ], [ -111.911426, 40.853526 ], [ -111.913021, 40.851744 ], [ -111.913894, 40.850779 ], [ -111.914752, 40.849725 ], [ -111.91538, 40.848729 ], [ -111.915982, 40.847503 ], [ -111.916254, 40.846826 ], [ -111.916449, 40.846242 ], [ -111.916639, 40.845412 ], [ -111.916856, 40.844247 ], [ -111.916945, 40.843442 ], [ -111.917013, 40.842094 ], [ -111.9171, 40.838768 ], [ -111.918635, 40.832361 ], [ -111.918828, 40.83191 ], [ -111.918959, 40.831481 ], [ -111.919057, 40.830952 ], [ -111.919082, 40.830623 ], [ -111.918469, 40.828913 ], [ -111.917743, 40.825728 ], [ -111.917869, 40.823294 ], [ -111.925161, 40.818566 ], [ -111.926154, 40.818962 ], [ -111.934432, 40.818572 ], [ -111.935888, 40.822466 ], [ -111.937566, 40.824356 ], [ -111.9376, 40.824357 ], [ -111.939476, 40.822768 ], [ -111.94129, 40.820072 ], [ -111.941297, 40.819839 ], [ -111.942502, 40.814542 ], [ -111.947225, 40.809958 ], [ -111.950824, 40.809879 ], [ -111.950765, 40.807169 ], [ -111.950771, 40.805819 ], [ -111.950954, 40.802596 ], [ -111.950999, 40.801754 ], [ -111.951025, 40.800285 ], [ -111.951023, 40.798469 ], [ -111.950969, 40.795693 ], [ -111.953531, 40.789668 ], [ -111.955349, 40.787933 ], [ -111.957423, 40.78165 ], [ -111.959183, 40.779607 ], [ -111.959146, 40.779444 ], [ -111.959038, 40.774951 ], [ -111.959035, 40.77475 ], [ -111.9644, 40.767664 ], [ -111.96615, 40.767194 ], [ -111.967014, 40.767013 ], [ -111.968073, 40.766836 ], [ -111.969379, 40.766718 ], [ -111.970395, 40.766687 ], [ -111.973588, 40.766574 ], [ -111.976024, 40.76673 ], [ -111.977387, 40.766862 ], [ -111.98416, 40.771279 ], [ -111.987722, 40.770756 ], [ -111.994597, 40.76792 ], [ -111.996931, 40.768886 ], [ -111.998743, 40.769666 ], [ -112.000893, 40.770441 ], [ -112.003567, 40.771463 ], [ -112.006029, 40.771892 ], [ -112.006808, 40.768377 ] ] ] } },
{ "type": "Feature", "properties": { "group_index": 0, "value": 600.0, "center": [ -111.88916471792484, 40.771583797828825 ], "point_id": 144 }, "geometry": { "type": "Polygon", "coordinates": [ [ [ -111.968101, 40.762861 ], [ -111.966158, 40.762932 ], [ -111.961074, 40.763192 ], [ -111.956729, 40.763412 ], [ -111.949978, 40.760971 ], [ -111.94944, 40.761575 ], [ -111.948139, 40.76277 ], [ -111.940382, 40.763153 ], [ -111.934542, 40.761009 ], [ -111.934285, 40.761009 ], [ -111.927577, 40.758845 ], [ -111.925194, 40.75165 ], [ -111.925236, 40.751199 ], [ -111.925235, 40.750936 ], [ -111.924372, 40.749478 ], [ -111.918664, 40.744059 ], [ -111.916876, 40.742291 ], [ -111.911097, 40.738982 ], [ -111.90693, 40.733262 ], [ -111.907024, 40.730629 ], [ -111.907034, 40.730481 ], [ -111.907167, 40.729351 ], [ -111.907253, 40.720745 ], [ -111.907254, 40.720193 ], [ -111.9072, 40.719803 ], [ -111.906308, 40.715 ], [ -111.902722, 40.715319 ], [ -111.900469, 40.716075 ], [ -111.900658, 40.71967 ], [ -111.902872, 40.724967 ], [ -111.902863, 40.725157 ], [ -111.903137, 40.727227 ], [ -111.902936, 40.729599 ], [ -111.894306, 40.731449 ], [ -111.892881, 40.729742 ], [ -111.891105, 40.727948 ], [ -111.888681, 40.727545 ], [ -111.888283, 40.727556 ], [ -111.88653, 40.728975 ], [ -111.884354, 40.731727 ], [ -111.882613, 40.733499 ], [ -111.879887, 40.736179 ], [ -111.871494, 40.736163 ], [ -111.871269, 40.736163 ], [ -111.871119, 40.736161 ], [ -111.871058, 40.736161 ], [ -111.869466, 40.737393 ], [ -111.863548, 40.742117 ], [ -111.85842, 40.748576 ], [ -111.853341, 40.750134 ], [ -111.852102, 40.751404 ], [ -111.849213, 40.754096 ], [ -111.84339, 40.755795 ], [ -111.839981, 40.756619 ], [ -111.839894, 40.760218 ], [ -111.841846, 40.768645 ], [ -111.840187, 40.771267 ], [ -111.838876, 40.772606 ], [ -111.838876, 40.773007 ], [ -111.840057, 40.774699 ], [ -111.842722, 40.776937 ], [ -111.846613, 40.781806 ], [ -111.847757, 40.781811 ], [ -111.853317, 40.783023 ], [ -111.857216, 40.786631 ], [ -111.857445, 40.786899 ], [ -111.857939, 40.78734 ], [ -111.861158, 40.790354 ], [ -111.861857, 40.791047 ], [ -111.865367, 40.79119 ], [ -111.865673, 40.791209 ], [ -111.868954, 40.790672 ], [ -111.871777, 40.790054 ], [ -111.878999, 40.790138 ], [ -111.880667, 40.792009 ], [ -111.883038, 40.793862 ], [ -111.885767, 40.793713 ], [ -111.890937, 40.791614 ], [ -111.892686, 40.791473 ], [ -111.899802, 40.793762 ], [ -111.90233, 40.795746 ], [ -111.90288, 40.796265 ], [ -111.905518, 40.798369 ], [ -111.908497, 40.800518 ], [ -111.912085, 40.808672 ], [ -111.912138, 40.809247 ], [ -111.912182, 40.810123 ], [ -111.913864, 40.818926 ], [ -111.913745, 40.819991 ], [ -111.913656, 40.823722 ], [ -111.91362, 40.824937 ], [ -111.912997, 40.832185 ], [ -111.913501, 40.838679 ], [ -111.913428, 40.841641 ], [ -111.913423, 40.841758 ], [ -111.917021, 40.8419 ], [ -111.917025, 40.841782 ], [ -111.9171, 40.838768 ], [ -111.917173, 40.835779 ], [ -111.917221, 40.83378 ], [ -111.917347, 40.831417 ], [ -111.917612, 40.828217 ], [ -111.917743, 40.825728 ], [ -111.924005, 40.819552 ], [ -111.924535, 40.819506 ], [ -111.924984, 40.819458 ], [ -111.930549, 40.818571 ], [ -111.93099, 40.818571 ], [ -111.93235, 40.816777 ], [ -111.93235, 40.816644 ], [ -111.930992, 40.814971 ], [ -111.926351, 40.80907 ], [ -111.924988, 40.806403 ], [ -111.924428, 40.805222 ], [ -111.922966, 40.802402 ], [ -111.921529, 40.799629 ], [ -111.925634, 40.792857 ], [ -111.927339, 40.791292 ], [ -111.92756, 40.789757 ], [ -111.935544, 40.785909 ], [ -111.936154, 40.784207 ], [ -111.937063, 40.782645 ], [ -111.939425, 40.779956 ], [ -111.947074, 40.77924 ], [ -111.950651, 40.77965 ], [ -111.950799, 40.779116 ], [ -111.95306, 40.772372 ], [ -111.953543, 40.77167 ], [ -111.956911, 40.767007 ], [ -111.961256, 40.766787 ], [ -111.966289, 40.76653 ], [ -111.968232, 40.766459 ], [ -111.968101, 40.762861 ] ] ] } },
{ "type": "Feature", "properties": { "group_index": 0, "value": 600.0, "center": [ -111.88004650236134, 40.881747527338895 ], "point_id": 145 }, "geometry": { "type": "Polygon", "coordinates": [ [ [ -111.915792, 40.966259 ], [ -111.908634, 40.962281 ], [ -111.908164, 40.961938 ], [ -111.907715, 40.961651 ], [ -111.907245, 40.961388 ], [ -111.906624, 40.961082 ], [ -111.90611, 40.960863 ], [ -111.90556, 40.960672 ], [ -111.904864, 40.960485 ], [ -111.904061, 40.960322 ], [ -111.903433, 40.960226 ], [ -111.902811, 40.960158 ], [ -111.900296, 40.960087 ], [ -111.895136, 40.95785 ], [ -111.892763, 40.951459 ], [ -111.894438, 40.947923 ], [ -111.894301, 40.944818 ], [ -111.89431, 40.942523 ], [ -111.894427, 40.940369 ], [ -111.894482, 40.938823 ], [ -111.894458, 40.936912 ], [ -111.897909, 40.930371 ], [ -111.898659, 40.929664 ], [ -111.899029, 40.929277 ], [ -111.899418, 40.928798 ], [ -111.900062, 40.92767 ], [ -111.900248, 40.927233 ], [ -111.902109, 40.922054 ], [ -111.908151, 40.917402 ], [ -111.909829, 40.916541 ], [ -111.910969, 40.915733 ], [ -111.911881, 40.914963 ], [ -111.914341, 40.912349 ], [ -111.919103, 40.907694 ], [ -111.921133, 40.906142 ], [ -111.924543, 40.903931 ], [ -111.925437, 40.903323 ], [ -111.926118, 40.902791 ], [ -111.927022, 40.901977 ], [ -111.929254, 40.899897 ], [ -111.930351, 40.898945 ], [ -111.931965, 40.897625 ], [ -111.933621, 40.896233 ], [ -111.936776, 40.893472 ], [ -111.941031, 40.886565 ], [ -111.94144, 40.885906 ], [ -111.941655, 40.884951 ], [ -111.941555, 40.884144 ], [ -111.94121, 40.88342 ], [ -111.939884, 40.876172 ], [ -111.942403, 40.868752 ], [ -111.944444, 40.865869 ], [ -111.944948, 40.865125 ], [ -111.945509, 40.864172 ], [ -111.945866, 40.863305 ], [ -111.946068, 40.862568 ], [ -111.946179, 40.861747 ], [ -111.946177, 40.860895 ], [ -111.945933, 40.85843 ], [ -111.945688, 40.855965 ], [ -111.945452, 40.853587 ], [ -111.945216, 40.85121 ], [ -111.941633, 40.851565 ], [ -111.935196, 40.855706 ], [ -111.931556, 40.852266 ], [ -111.93167, 40.846888 ], [ -111.934149, 40.844616 ], [ -111.935229, 40.844224 ], [ -111.935955, 40.843734 ], [ -111.937441, 40.841973 ], [ -111.937443, 40.84152 ], [ -111.94189, 40.833971 ], [ -111.94228, 40.833863 ], [ -111.942921, 40.833597 ], [ -111.943254, 40.833417 ], [ -111.943906, 40.832987 ], [ -111.947402, 40.831481 ], [ -111.948107, 40.830454 ], [ -111.948354, 40.830007 ], [ -111.948717, 40.829257 ], [ -111.949795, 40.826493 ], [ -111.950937, 40.823534 ], [ -111.951145, 40.822713 ], [ -111.951288, 40.821806 ], [ -111.951372, 40.820833 ], [ -111.951426, 40.816287 ], [ -111.951188, 40.814117 ], [ -111.947591, 40.814244 ], [ -111.947719, 40.817565 ], [ -111.947715, 40.817765 ], [ -111.947772, 40.820899 ], [ -111.947706, 40.821453 ], [ -111.947456, 40.822615 ], [ -111.946441, 40.825185 ], [ -111.945363, 40.827949 ], [ -111.937198, 40.829169 ], [ -111.93712, 40.829171 ], [ -111.936582, 40.82926 ], [ -111.93432, 40.830912 ], [ -111.930735, 40.832035 ], [ -111.928732, 40.832136 ], [ -111.928374, 40.832171 ], [ -111.926555, 40.832176 ], [ -111.925348, 40.83241 ], [ -111.9184, 40.82729 ], [ -111.918324, 40.826725 ], [ -111.918481, 40.824337 ], [ -111.92006, 40.819502 ], [ -111.923287, 40.816927 ], [ -111.923375, 40.816867 ], [ -111.926184, 40.814754 ], [ -111.926707, 40.814235 ], [ -111.926994, 40.813834 ], [ -111.927259, 40.812803 ], [ -111.927149, 40.812034 ], [ -111.926981, 40.811631 ], [ -111.925911, 40.808254 ], [ -111.925742, 40.8076 ], [ -111.925396, 40.806608 ], [ -111.92453, 40.804865 ], [ -111.923459, 40.802708 ], [ -111.922364, 40.800504 ], [ -111.92141, 40.79872 ], [ -111.920503, 40.797141 ], [ -111.917381, 40.798935 ], [ -111.918289, 40.800514 ], [ -111.919189, 40.8022 ], [ -111.920235, 40.804309 ], [ -111.921305, 40.806465 ], [ -111.917293, 40.814084 ], [ -111.915525, 40.818494 ], [ -111.915232, 40.819111 ], [ -111.915041, 40.819603 ], [ -111.91488, 40.820158 ], [ -111.914791, 40.820657 ], [ -111.914652, 40.822084 ], [ -111.914521, 40.823915 ], [ -111.914409, 40.826315 ], [ -111.910967, 40.831601 ], [ -111.905044, 40.831673 ], [ -111.904635, 40.831779 ], [ -111.903167, 40.832092 ], [ -111.897034, 40.837606 ], [ -111.890733, 40.836622 ], [ -111.888952, 40.835666 ], [ -111.888787, 40.835564 ], [ -111.886392, 40.834704 ], [ -111.885647, 40.834369 ], [ -111.885545, 40.834466 ], [ -111.883709, 40.836403 ], [ -111.877429, 40.841549 ], [ -111.875951, 40.842199 ], [ -111.87356, 40.84318 ], [ -111.869444, 40.846666 ], [ -111.862707, 40.847678 ], [ -111.862289, 40.84767 ], [ -111.861847, 40.847702 ], [ -111.85852, 40.854205 ], [ -111.858202, 40.855014 ], [ -111.858, 40.855642 ], [ -111.852401, 40.861916 ], [ -111.849056, 40.861282 ], [ -111.84524, 40.861676 ], [ -111.843857, 40.861873 ], [ -111.836598, 40.861787 ], [ -111.835196, 40.865103 ], [ -111.838188, 40.870254 ], [ -111.839402, 40.877826 ], [ -111.839506, 40.878095 ], [ -111.839738, 40.878538 ], [ -111.840261, 40.879111 ], [ -111.843051, 40.887648 ], [ -111.843051, 40.888051 ], [ -111.842207, 40.895529 ], [ -111.842089, 40.896302 ], [ -111.842126, 40.896636 ], [ -111.842338, 40.897241 ], [ -111.843035, 40.898756 ], [ -111.84493, 40.901817 ], [ -111.846605, 40.90126 ], [ -111.847284, 40.900953 ], [ -111.855043, 40.89947 ], [ -111.861818, 40.900944 ], [ -111.862985, 40.903889 ], [ -111.863968, 40.907812 ], [ -111.862411, 40.915592 ], [ -111.862172, 40.916164 ], [ -111.862606, 40.9167 ], [ -111.86289, 40.916949 ], [ -111.863452, 40.917369 ], [ -111.867561, 40.921775 ], [ -111.867015, 40.926726 ], [ -111.86703, 40.926779 ], [ -111.869711, 40.930323 ], [ -111.870634, 40.930916 ], [ -111.877235, 40.936453 ], [ -111.878616, 40.937564 ], [ -111.878933, 40.937567 ], [ -111.885044, 40.937279 ], [ -111.888072, 40.941407 ], [ -111.888886, 40.945013 ], [ -111.888879, 40.94608 ], [ -111.888864, 40.951605 ], [ -111.888775, 40.952369 ], [ -111.88872, 40.953376 ], [ -111.888741, 40.955348 ], [ -111.889201, 40.960779 ], [ -111.889177, 40.963251 ], [ -111.889168, 40.966453 ], [ -111.889197, 40.967741 ], [ -111.88929, 40.968317 ], [ -111.890037, 40.973072 ], [ -111.891198, 40.974232 ], [ -111.895149, 40.98085 ], [ -111.895857, 40.982702 ], [ -111.899219, 40.981417 ], [ -111.898512, 40.979565 ], [ -111.897804, 40.977713 ], [ -111.896924, 40.97541 ], [ -111.896043, 40.973106 ], [ -111.895262, 40.971627 ], [ -111.894575, 40.970462 ], [ -111.899572, 40.963656 ], [ -111.900203, 40.963686 ], [ -111.902428, 40.963738 ], [ -111.902901, 40.963787 ], [ -111.903357, 40.963853 ], [ -111.903957, 40.963969 ], [ -111.906416, 40.965116 ], [ -111.909048, 40.967173 ], [ -111.909786, 40.967691 ], [ -111.910463, 40.968104 ], [ -111.911364, 40.968571 ], [ -111.912253, 40.968949 ], [ -111.912998, 40.969233 ], [ -111.913372, 40.969357 ], [ -111.914072, 40.969557 ], [ -111.914983, 40.969767 ], [ -111.915792, 40.966259 ] ] ] } },
{ "type": "Feature", "properties": { "group_index": 0, "value": 600.0, "center": [ -111.89397188644534, 40.77012398543401 ], "point_id": 146 }, "geometry": { "type": "Polygon", "coordinates": [ [ [ -111.984923, 40.762795 ], [ -111.982292, 40.762794 ], [ -111.97969, 40.762794 ], [ -111.977089, 40.762793 ], [ -111.974586, 40.762796 ], [ -111.974487, 40.762793 ], [ -111.971325, 40.762821 ], [ -111.971196, 40.762817 ], [ -111.968341, 40.762853 ], [ -111.966158, 40.762932 ], [ -111.961074, 40.763192 ], [ -111.953589, 40.759895 ], [ -111.952219, 40.756947 ], [ -111.951487, 40.755576 ], [ -111.948311, 40.757271 ], [ -111.93937, 40.757823 ], [ -111.939031, 40.757561 ], [ -111.938953, 40.757561 ], [ -111.938397, 40.758062 ], [ -111.937423, 40.758844 ], [ -111.930258, 40.758842 ], [ -111.929877, 40.753066 ], [ -111.931289, 40.751052 ], [ -111.931289, 40.751045 ], [ -111.929881, 40.749466 ], [ -111.929491, 40.749466 ], [ -111.926541, 40.749427 ], [ -111.920665, 40.743414 ], [ -111.918663, 40.74035 ], [ -111.917077, 40.738703 ], [ -111.912949, 40.735933 ], [ -111.911133, 40.73445 ], [ -111.912338, 40.726433 ], [ -111.911985, 40.72285 ], [ -111.906418, 40.716236 ], [ -111.90621, 40.713897 ], [ -111.906056, 40.711605 ], [ -111.905834, 40.709446 ], [ -111.905749, 40.705996 ], [ -111.905745, 40.705885 ], [ -111.905707, 40.703748 ], [ -111.905628, 40.703289 ], [ -111.904551, 40.700692 ], [ -111.901183, 40.701965 ], [ -111.902149, 40.706027 ], [ -111.902153, 40.706138 ], [ -111.902235, 40.709534 ], [ -111.902474, 40.711966 ], [ -111.897281, 40.71813 ], [ -111.893362, 40.716227 ], [ -111.892788, 40.716211 ], [ -111.891702, 40.716206 ], [ -111.887853, 40.716371 ], [ -111.885675, 40.716358 ], [ -111.883497, 40.716346 ], [ -111.883477, 40.719946 ], [ -111.885655, 40.719958 ], [ -111.887832, 40.719971 ], [ -111.891687, 40.719806 ], [ -111.890992, 40.728715 ], [ -111.888119, 40.729663 ], [ -111.888037, 40.729664 ], [ -111.886526, 40.730937 ], [ -111.884935, 40.73345 ], [ -111.882112, 40.736173 ], [ -111.876753, 40.738938 ], [ -111.869462, 40.741994 ], [ -111.865181, 40.74623 ], [ -111.860057, 40.750115 ], [ -111.852549, 40.754528 ], [ -111.8478, 40.75662 ], [ -111.847834, 40.76022 ], [ -111.84554, 40.768596 ], [ -111.844061, 40.770417 ], [ -111.843874, 40.770615 ], [ -111.843635, 40.771036 ], [ -111.843408, 40.772164 ], [ -111.845162, 40.779029 ], [ -111.849352, 40.781139 ], [ -111.853484, 40.781883 ], [ -111.855385, 40.782392 ], [ -111.859898, 40.788263 ], [ -111.860844, 40.789921 ], [ -111.861158, 40.790354 ], [ -111.861857, 40.791047 ], [ -111.866053, 40.790697 ], [ -111.874824, 40.790433 ], [ -111.883038, 40.793862 ], [ -111.885767, 40.793713 ], [ -111.892331, 40.791648 ], [ -111.899802, 40.793762 ], [ -111.90233, 40.795746 ], [ -111.90288, 40.796265 ], [ -111.905518, 40.798369 ], [ -111.908497, 40.800518 ], [ -111.912085, 40.808672 ], [ -111.912138, 40.809247 ], [ -111.912182, 40.810123 ], [ -111.913585, 40.817449 ], [ -111.913745, 40.819991 ], [ -111.913782, 40.820461 ], [ -111.913829, 40.821121 ], [ -111.913887, 40.825559 ], [ -111.91308, 40.831896 ], [ -111.913501, 40.838679 ], [ -111.913417, 40.841922 ], [ -111.911846, 40.847607 ], [ -111.914918, 40.849484 ], [ -111.91538, 40.848729 ], [ -111.915982, 40.847503 ], [ -111.916254, 40.846826 ], [ -111.916449, 40.846242 ], [ -111.916639, 40.845412 ], [ -111.916856, 40.844247 ], [ -111.916945, 40.843442 ], [ -111.917013, 40.842094 ], [ -111.9171, 40.838768 ], [ -111.917173, 40.835779 ], [ -111.917221, 40.83378 ], [ -111.917347, 40.831417 ], [ -111.917612, 40.828217 ], [ -111.917743, 40.825728 ], [ -111.917869, 40.823294 ], [ -111.925161, 40.818566 ], [ -111.927141, 40.818517 ], [ -111.932499, 40.818575 ], [ -111.933808, 40.818573 ], [ -111.933802, 40.814973 ], [ -111.926722, 40.810315 ], [ -111.926185, 40.808516 ], [ -111.925772, 40.807271 ], [ -111.924428, 40.805222 ], [ -111.922966, 40.802402 ], [ -111.925615, 40.794987 ], [ -111.928358, 40.792855 ], [ -111.92933, 40.791318 ], [ -111.936706, 40.786336 ], [ -111.936896, 40.786375 ], [ -111.9387, 40.785323 ], [ -111.947227, 40.787108 ], [ -111.947278, 40.789156 ], [ -111.947325, 40.79188 ], [ -111.947316, 40.792961 ], [ -111.950916, 40.792991 ], [ -111.950925, 40.79191 ], [ -111.950877, 40.789095 ], [ -111.950826, 40.787019 ], [ -111.950775, 40.784958 ], [ -111.950788, 40.781377 ], [ -111.953252, 40.773961 ], [ -111.955347, 40.771668 ], [ -111.95606, 40.77109 ], [ -111.961256, 40.766787 ], [ -111.966289, 40.76653 ], [ -111.968386, 40.766453 ], [ -111.971094, 40.766414 ], [ -111.971223, 40.766417 ], [ -111.973588, 40.766574 ], [ -111.976024, 40.76673 ], [ -111.977387, 40.766862 ], [ -111.979448, 40.767181 ], [ -111.980682, 40.766958 ], [ -111.987083, 40.766431 ], [ -111.987143, 40.762831 ], [ -111.984923, 40.762795 ] ] ] } },
{ "type": "Feature", "properties": { "group_index": 0, "value": 600.0, "center": [ -111.78903690890525, 40.42853217426091 ], "point_id": 147 }, "geometry": { "type": "Polygon", "coordinates": [ [ [ -111.891512, 40.429712 ], [ -111.885306, 40.424703 ], [ -111.884886, 40.424411 ], [ -111.881732, 40.422565 ], [ -111.88082, 40.422661 ], [ -111.880068, 40.422908 ], [ -111.877454, 40.423866 ], [ -111.868947, 40.426721 ], [ -111.868827, 40.426723 ], [ -111.860793, 40.426174 ], [ -111.856263, 40.423172 ], [ -111.854467, 40.421414 ], [ -111.850743, 40.418884 ], [ -111.849673, 40.418893 ], [ -111.848321, 40.418667 ], [ -111.844733, 40.411041 ], [ -111.846548, 40.409583 ], [ -111.84817, 40.408214 ], [ -111.850664, 40.406246 ], [ -111.850748, 40.404869 ], [ -111.850748, 40.404417 ], [ -111.850729, 40.402646 ], [ -111.844097, 40.397105 ], [ -111.838443, 40.395088 ], [ -111.831224, 40.390291 ], [ -111.830898, 40.389936 ], [ -111.83055, 40.389641 ], [ -111.830401, 40.389534 ], [ -111.824152, 40.384878 ], [ -111.817664, 40.379516 ], [ -111.810832, 40.375076 ], [ -111.807188, 40.371537 ], [ -111.806709, 40.371437 ], [ -111.803102, 40.371487 ], [ -111.795276, 40.367577 ], [ -111.795233, 40.367577 ], [ -111.7898, 40.370876 ], [ -111.786892, 40.37406 ], [ -111.782296, 40.377202 ], [ -111.774958, 40.3779 ], [ -111.772233, 40.375444 ], [ -111.770976, 40.373513 ], [ -111.769893, 40.372495 ], [ -111.769208, 40.371972 ], [ -111.769107, 40.37197 ], [ -111.767376, 40.37352 ], [ -111.766, 40.375678 ], [ -111.762102, 40.379442 ], [ -111.75797, 40.381317 ], [ -111.75749, 40.38209 ], [ -111.757468, 40.383068 ], [ -111.756839, 40.386984 ], [ -111.749596, 40.389033 ], [ -111.749447, 40.389033 ], [ -111.747148, 40.39025 ], [ -111.742377, 40.39419 ], [ -111.742703, 40.395398 ], [ -111.743253, 40.397599 ], [ -111.744122, 40.401389 ], [ -111.744364, 40.407574 ], [ -111.743969, 40.416442 ], [ -111.743401, 40.420682 ], [ -111.743356, 40.421047 ], [ -111.744099, 40.422295 ], [ -111.744759, 40.422903 ], [ -111.745139, 40.423267 ], [ -111.745282, 40.423417 ], [ -111.746689, 40.431552 ], [ -111.744912, 40.433514 ], [ -111.74645, 40.433608 ], [ -111.749165, 40.434166 ], [ -111.752026, 40.43589 ], [ -111.755126, 40.442345 ], [ -111.7527, 40.44764 ], [ -111.752353, 40.448146 ], [ -111.752191, 40.448579 ], [ -111.75214, 40.449529 ], [ -111.753973, 40.457768 ], [ -111.755704, 40.464993 ], [ -111.759989, 40.46741 ], [ -111.762275, 40.471906 ], [ -111.763561, 40.473362 ], [ -111.76371, 40.473362 ], [ -111.768951, 40.474047 ], [ -111.769465, 40.474054 ], [ -111.770038, 40.473917 ], [ -111.77783, 40.476923 ], [ -111.777925, 40.479713 ], [ -111.781454, 40.480533 ], [ -111.781516, 40.480547 ], [ -111.783751, 40.47894 ], [ -111.784181, 40.478416 ], [ -111.784552, 40.477109 ], [ -111.784595, 40.476579 ], [ -111.784565, 40.476124 ], [ -111.784295, 40.474493 ], [ -111.78424, 40.474151 ], [ -111.783709, 40.473073 ], [ -111.786864, 40.465456 ], [ -111.791897, 40.464497 ], [ -111.791993, 40.464468 ], [ -111.794471, 40.462656 ], [ -111.799841, 40.457564 ], [ -111.803423, 40.457209 ], [ -111.80852, 40.455105 ], [ -111.813419, 40.460022 ], [ -111.813506, 40.460359 ], [ -111.813656, 40.460763 ], [ -111.813879, 40.461187 ], [ -111.814202, 40.461639 ], [ -111.814448, 40.461912 ], [ -111.814832, 40.462252 ], [ -111.815407, 40.46264 ], [ -111.815826, 40.462856 ], [ -111.816213, 40.463007 ], [ -111.816771, 40.463161 ], [ -111.817267, 40.463241 ], [ -111.820675, 40.463783 ], [ -111.821494, 40.463871 ], [ -111.828924, 40.465033 ], [ -111.830845, 40.464607 ], [ -111.831022, 40.464344 ], [ -111.831341, 40.463695 ], [ -111.831523, 40.463006 ], [ -111.831547, 40.462279 ], [ -111.83138, 40.461461 ], [ -111.831199, 40.461005 ], [ -111.831034, 40.460708 ], [ -111.830515, 40.460069 ], [ -111.830203, 40.459782 ], [ -111.829779, 40.459485 ], [ -111.82916, 40.45917 ], [ -111.82878, 40.459028 ], [ -111.828304, 40.458893 ], [ -111.827556, 40.458798 ], [ -111.827057, 40.458788 ], [ -111.826665, 40.458813 ], [ -111.818794, 40.454531 ], [ -111.818302, 40.453379 ], [ -111.818088, 40.448324 ], [ -111.819331, 40.445674 ], [ -111.819656, 40.444472 ], [ -111.823154, 40.438007 ], [ -111.830753, 40.437545 ], [ -111.831987, 40.437934 ], [ -111.833298, 40.437795 ], [ -111.833478, 40.437741 ], [ -111.836697, 40.436646 ], [ -111.838432, 40.436254 ], [ -111.843674, 40.434159 ], [ -111.846591, 40.434427 ], [ -111.851015, 40.440043 ], [ -111.851128, 40.440711 ], [ -111.852663, 40.441032 ], [ -111.853128, 40.441067 ], [ -111.856618, 40.441039 ], [ -111.857079, 40.441036 ], [ -111.857079, 40.441036 ], [ -111.857363, 40.441035 ], [ -111.866203, 40.439517 ], [ -111.866565, 40.439661 ], [ -111.866744, 40.439716 ], [ -111.87062, 40.438288 ], [ -111.876897, 40.438447 ], [ -111.882265, 40.440275 ], [ -111.883629, 40.440622 ], [ -111.88377, 40.440621 ], [ -111.884215, 40.440515 ], [ -111.884349, 40.440468 ], [ -111.88921, 40.436685 ], [ -111.891912, 40.435543 ], [ -111.893145, 40.435125 ], [ -111.893155, 40.435116 ], [ -111.894183, 40.43275 ], [ -111.891512, 40.429712 ] ] ] } },
{ "type": "Feature", "properties": { "group_index": 0, "value": 600.0, "center": [ -111.8348062, 40.7725876 ], "point_id": 148 }, "geometry": { "type": "Polygon", "coordinates": [ [ [ -111.880874, 40.769346 ], [ -111.879675, 40.765372 ], [ -111.877052, 40.760741 ], [ -111.875619, 40.75896 ], [ -111.872858, 40.756685 ], [ -111.867138, 40.752427 ], [ -111.865472, 40.750914 ], [ -111.865354, 40.75081 ], [ -111.865177, 40.750809 ], [ -111.857064, 40.748 ], [ -111.855701, 40.746614 ], [ -111.854325, 40.745671 ], [ -111.853904, 40.745671 ], [ -111.848134, 40.745924 ], [ -111.847988, 40.745925 ], [ -111.844199, 40.746387 ], [ -111.837046, 40.745081 ], [ -111.834942, 40.741238 ], [ -111.833906, 40.73984 ], [ -111.831022, 40.738179 ], [ -111.824755, 40.738026 ], [ -111.824568, 40.738118 ], [ -111.823052, 40.740568 ], [ -111.823233, 40.741615 ], [ -111.823635, 40.743367 ], [ -111.817839, 40.748974 ], [ -111.816151, 40.748909 ], [ -111.811501, 40.747787 ], [ -111.809483, 40.748314 ], [ -111.808361, 40.750003 ], [ -111.80836, 40.750046 ], [ -111.809488, 40.752107 ], [ -111.809828, 40.752102 ], [ -111.814647, 40.752578 ], [ -111.817534, 40.757345 ], [ -111.82097, 40.761043 ], [ -111.823922, 40.764925 ], [ -111.824455, 40.765618 ], [ -111.829938, 40.770748 ], [ -111.835687, 40.77408 ], [ -111.842151, 40.776579 ], [ -111.845503, 40.782581 ], [ -111.849068, 40.783006 ], [ -111.85554, 40.781285 ], [ -111.858391, 40.783232 ], [ -111.86077, 40.786545 ], [ -111.863245, 40.787194 ], [ -111.864241, 40.786822 ], [ -111.870423, 40.783692 ], [ -111.871875, 40.782013 ], [ -111.871876, 40.781898 ], [ -111.871876, 40.781896 ], [ -111.871876, 40.781781 ], [ -111.877209, 40.774627 ], [ -111.878794, 40.772828 ], [ -111.880874, 40.769386 ], [ -111.880874, 40.769346 ] ] ] } },
{ "type": "Feature", "properties": { "group_index": 0, "value": 600.0, "center": [ -111.9002365, 40.7708986 ], "point_id": 149 }, "geometry": { "type": "Polygon", "coordinates": [ [ [ -112.008638, 40.768732 ], [ -112.003168, 40.767393 ], [ -111.99836, 40.765581 ], [ -111.995974, 40.764593 ], [ -111.995048, 40.764267 ], [ -111.993721, 40.763854 ], [ -111.991793, 40.763375 ], [ -111.990849, 40.763195 ], [ -111.989993, 40.763057 ], [ -111.988458, 40.762892 ], [ -111.98734, 40.762835 ], [ -111.984923, 40.762795 ], [ -111.982292, 40.762794 ], [ -111.97969, 40.762794 ], [ -111.977089, 40.762793 ], [ -111.974586, 40.762796 ], [ -111.974487, 40.762793 ], [ -111.971325, 40.762821 ], [ -111.971196, 40.762817 ], [ -111.968341, 40.762853 ], [ -111.966158, 40.762932 ], [ -111.961074, 40.763192 ], [ -111.953589, 40.759895 ], [ -111.952219, 40.756947 ], [ -111.950497, 40.751335 ], [ -111.95085, 40.745847 ], [ -111.951173, 40.744118 ], [ -111.951396, 40.7426 ], [ -111.951443, 40.742107 ], [ -111.951467, 40.741618 ], [ -111.951223, 40.73866 ], [ -111.947623, 40.738623 ], [ -111.947609, 40.739978 ], [ -111.947423, 40.743181 ], [ -111.947312, 40.745184 ], [ -111.947285, 40.745404 ], [ -111.946906, 40.751088 ], [ -111.940867, 40.752055 ], [ -111.939579, 40.751305 ], [ -111.937512, 40.749455 ], [ -111.937433, 40.749455 ], [ -111.930628, 40.747476 ], [ -111.926047, 40.740151 ], [ -111.92458, 40.738663 ], [ -111.92438, 40.738488 ], [ -111.919178, 40.733407 ], [ -111.922849, 40.726246 ], [ -111.922886, 40.722646 ], [ -111.920794, 40.722624 ], [ -111.918733, 40.722547 ], [ -111.91222, 40.722827 ], [ -111.908929, 40.718706 ], [ -111.908732, 40.717954 ], [ -111.906056, 40.711605 ], [ -111.905834, 40.709446 ], [ -111.905749, 40.705996 ], [ -111.907317, 40.699919 ], [ -111.907266, 40.699546 ], [ -111.905299, 40.691005 ], [ -111.905264, 40.690062 ], [ -111.904998, 40.687675 ], [ -111.904733, 40.685289 ], [ -111.904381, 40.682128 ], [ -111.900803, 40.682527 ], [ -111.901155, 40.685687 ], [ -111.90142, 40.688073 ], [ -111.90034, 40.695539 ], [ -111.900235, 40.696083 ], [ -111.900164, 40.696593 ], [ -111.900122, 40.697608 ], [ -111.900191, 40.698618 ], [ -111.900262, 40.699098 ], [ -111.900368, 40.702082 ], [ -111.900925, 40.702971 ], [ -111.902153, 40.706138 ], [ -111.902235, 40.709534 ], [ -111.902474, 40.711966 ], [ -111.896388, 40.718143 ], [ -111.895525, 40.718144 ], [ -111.890153, 40.715485 ], [ -111.889442, 40.715146 ], [ -111.887635, 40.714489 ], [ -111.887561, 40.714489 ], [ -111.879729, 40.716344 ], [ -111.871971, 40.716353 ], [ -111.871627, 40.716394 ], [ -111.865013, 40.717535 ], [ -111.862503, 40.717631 ], [ -111.862428, 40.717631 ], [ -111.860926, 40.7176 ], [ -111.860123, 40.717683 ], [ -111.860205, 40.721282 ], [ -111.862434, 40.72123 ], [ -111.862509, 40.72123 ], [ -111.865146, 40.721132 ], [ -111.867331, 40.721026 ], [ -111.868215, 40.72094 ], [ -111.869352, 40.720804 ], [ -111.871136, 40.720499 ], [ -111.879757, 40.719944 ], [ -111.88228, 40.719952 ], [ -111.887815, 40.721253 ], [ -111.88931, 40.729479 ], [ -111.886523, 40.733053 ], [ -111.882243, 40.738151 ], [ -111.879768, 40.739827 ], [ -111.876773, 40.740899 ], [ -111.87497, 40.742648 ], [ -111.869461, 40.746683 ], [ -111.865345, 40.749199 ], [ -111.863797, 40.750172 ], [ -111.862095, 40.751764 ], [ -111.859612, 40.75565 ], [ -111.854012, 40.756588 ], [ -111.853911, 40.756587 ], [ -111.852202, 40.758255 ], [ -111.852202, 40.758303 ], [ -111.851726, 40.767076 ], [ -111.850327, 40.768419 ], [ -111.849241, 40.771232 ], [ -111.849237, 40.771876 ], [ -111.849909, 40.774163 ], [ -111.850444, 40.775156 ], [ -111.851967, 40.776594 ], [ -111.857275, 40.781417 ], [ -111.85999, 40.785204 ], [ -111.860133, 40.785392 ], [ -111.861423, 40.785915 ], [ -111.868742, 40.787464 ], [ -111.873073, 40.788483 ], [ -111.880667, 40.792009 ], [ -111.883038, 40.793862 ], [ -111.885767, 40.793713 ], [ -111.889853, 40.792891 ], [ -111.891949, 40.792119 ], [ -111.892318, 40.791971 ], [ -111.892809, 40.791717 ], [ -111.901403, 40.794339 ], [ -111.901858, 40.795143 ], [ -111.90233, 40.795746 ], [ -111.90288, 40.796265 ], [ -111.905518, 40.798369 ], [ -111.908497, 40.800518 ], [ -111.912085, 40.808672 ], [ -111.912138, 40.809247 ], [ -111.912182, 40.810123 ], [ -111.913448, 40.817593 ], [ -111.913829, 40.821739 ], [ -111.913887, 40.825559 ], [ -111.912562, 40.832043 ], [ -111.91249, 40.833692 ], [ -111.913501, 40.838679 ], [ -111.913417, 40.841922 ], [ -111.910339, 40.849343 ], [ -111.908969, 40.850873 ], [ -111.9076, 40.852403 ], [ -111.910282, 40.854804 ], [ -111.911652, 40.853274 ], [ -111.913894, 40.850779 ], [ -111.914752, 40.849725 ], [ -111.91538, 40.848729 ], [ -111.915982, 40.847503 ], [ -111.916254, 40.846826 ], [ -111.916449, 40.846242 ], [ -111.916639, 40.845412 ], [ -111.916856, 40.844247 ], [ -111.916945, 40.843442 ], [ -111.917013, 40.842094 ], [ -111.9171, 40.838768 ], [ -111.917173, 40.835779 ], [ -111.917221, 40.83378 ], [ -111.917347, 40.831417 ], [ -111.917612, 40.828217 ], [ -111.917743, 40.825728 ], [ -111.917869, 40.823294 ], [ -111.925161, 40.818566 ], [ -111.927912, 40.819362 ], [ -111.934432, 40.818572 ], [ -111.937708, 40.81858 ], [ -111.937716, 40.81498 ], [ -111.93444, 40.814973 ], [ -111.932358, 40.814609 ], [ -111.926185, 40.808516 ], [ -111.925734, 40.807164 ], [ -111.925415, 40.806368 ], [ -111.925169, 40.805879 ], [ -111.924596, 40.804889 ], [ -111.927402, 40.796471 ], [ -111.932788, 40.792857 ], [ -111.934458, 40.791101 ], [ -111.939432, 40.78704 ], [ -111.942898, 40.787543 ], [ -111.947316, 40.793021 ], [ -111.94737, 40.795763 ], [ -111.947423, 40.798473 ], [ -111.947425, 40.800225 ], [ -111.947404, 40.801563 ], [ -111.947364, 40.802325 ], [ -111.947202, 40.804494 ], [ -111.947171, 40.805804 ], [ -111.947173, 40.807043 ], [ -111.947166, 40.807248 ], [ -111.946962, 40.809315 ], [ -111.947241, 40.810671 ], [ -111.95084, 40.810592 ], [ -111.950765, 40.807169 ], [ -111.950771, 40.805819 ], [ -111.950954, 40.802596 ], [ -111.950999, 40.801754 ], [ -111.951025, 40.800285 ], [ -111.951023, 40.798469 ], [ -111.950969, 40.795693 ], [ -111.955348, 40.788768 ], [ -111.955348, 40.788276 ], [ -111.955127, 40.785589 ], [ -111.955347, 40.782324 ], [ -111.955348, 40.782072 ], [ -111.957039, 40.773884 ], [ -111.961586, 40.768606 ], [ -111.968386, 40.766453 ], [ -111.971094, 40.766414 ], [ -111.971223, 40.766417 ], [ -111.973588, 40.766574 ], [ -111.976024, 40.76673 ], [ -111.977387, 40.766862 ], [ -111.984169, 40.771567 ], [ -111.987764, 40.771383 ], [ -111.994597, 40.76792 ], [ -111.996931, 40.768886 ], [ -111.998743, 40.769666 ], [ -112.000893, 40.770441 ], [ -112.003794, 40.7717 ], [ -112.007955, 40.772267 ], [ -112.008638, 40.768732 ] ] ] } },
{ "type": "Feature", "properties": { "group_index": 0, "value": 600.0, "center": [ -111.8467698, 40.761969 ], "point_id": 150 }, "geometry": { "type": "Polygon", "coordinates": [ [ [ -111.901566, 40.760629 ], [ -111.901563, 40.760124 ], [ -111.900427, 40.758839 ], [ -111.897987, 40.756673 ], [ -111.891724, 40.751705 ], [ -111.888547, 40.748631 ], [ -111.882585, 40.746217 ], [ -111.878592, 40.740532 ], [ -111.878029, 40.739833 ], [ -111.873066, 40.733891 ], [ -111.871793, 40.733015 ], [ -111.865603, 40.728065 ], [ -111.860018, 40.723597 ], [ -111.854558, 40.720332 ], [ -111.85418, 40.720208 ], [ -111.854031, 40.720207 ], [ -111.852473, 40.72071 ], [ -111.847858, 40.723983 ], [ -111.847518, 40.72444 ], [ -111.846461, 40.725845 ], [ -111.845672, 40.727287 ], [ -111.840469, 40.729603 ], [ -111.83667, 40.727369 ], [ -111.831642, 40.724334 ], [ -111.830918, 40.723703 ], [ -111.830673, 40.723706 ], [ -111.824329, 40.724022 ], [ -111.816403, 40.724878 ], [ -111.813755, 40.725155 ], [ -111.813229, 40.726434 ], [ -111.812312, 40.732894 ], [ -111.812307, 40.733094 ], [ -111.814125, 40.738635 ], [ -111.80851, 40.745201 ], [ -111.807913, 40.745867 ], [ -111.800506, 40.749968 ], [ -111.80013, 40.750063 ], [ -111.799886, 40.750155 ], [ -111.796597, 40.751259 ], [ -111.797448, 40.754757 ], [ -111.798494, 40.754503 ], [ -111.805099, 40.753803 ], [ -111.805663, 40.75377 ], [ -111.806152, 40.753677 ], [ -111.806689, 40.753489 ], [ -111.807212, 40.753221 ], [ -111.809828, 40.752102 ], [ -111.815097, 40.752831 ], [ -111.817534, 40.757345 ], [ -111.82097, 40.761043 ], [ -111.823922, 40.764925 ], [ -111.824455, 40.765618 ], [ -111.831736, 40.769912 ], [ -111.832859, 40.77088 ], [ -111.835657, 40.773567 ], [ -111.83649, 40.773658 ], [ -111.838644, 40.77426 ], [ -111.8426, 40.780598 ], [ -111.842717, 40.782333 ], [ -111.843201, 40.782863 ], [ -111.843253, 40.7829 ], [ -111.848706, 40.782946 ], [ -111.849266, 40.78303 ], [ -111.849969, 40.783071 ], [ -111.850685, 40.783071 ], [ -111.851938, 40.78307 ], [ -111.856148, 40.781376 ], [ -111.861072, 40.785843 ], [ -111.860576, 40.78923 ], [ -111.860622, 40.789467 ], [ -111.860705, 40.789659 ], [ -111.862519, 40.790542 ], [ -111.862665, 40.79051 ], [ -111.865026, 40.787583 ], [ -111.871482, 40.785937 ], [ -111.871557, 40.785937 ], [ -111.871558, 40.785937 ], [ -111.871632, 40.785937 ], [ -111.871752, 40.785929 ], [ -111.871826, 40.785918 ], [ -111.874821, 40.783701 ], [ -111.87636, 40.781998 ], [ -111.882318, 40.77805 ], [ -111.887899, 40.77384 ], [ -111.887909, 40.773825 ], [ -111.890454, 40.769051 ], [ -111.89707, 40.763807 ], [ -111.900437, 40.762439 ], [ -111.901407, 40.761598 ], [ -111.901566, 40.760629 ] ] ] } },
{ "type": "Feature", "properties": { "group_index": 0, "value": 600.0, "center": [ -112.01550882892427, 41.52498600146736 ], "point_id": 151 }, "geometry": { "type": "Polygon", "coordinates": [ [ [ -112.129384, 41.553242 ], [ -112.125441, 41.552037 ], [ -112.124992, 41.551894 ], [ -112.124444, 41.551757 ], [ -112.117205, 41.547304 ], [ -112.115842, 41.546385 ], [ -112.111805, 41.544799 ], [ -112.110898, 41.544562 ], [ -112.109192, 41.544416 ], [ -112.106153, 41.544504 ], [ -112.097769, 41.54458 ], [ -112.090821, 41.540019 ], [ -112.086925, 41.539684 ], [ -112.084345, 41.53856 ], [ -112.081896, 41.530967 ], [ -112.080378, 41.528631 ], [ -112.080055, 41.527873 ], [ -112.076779, 41.528676 ], [ -112.075171, 41.529816 ], [ -112.072315, 41.530604 ], [ -112.0664, 41.524642 ], [ -112.065929, 41.521234 ], [ -112.065752, 41.520332 ], [ -112.065132, 41.518377 ], [ -112.068834, 41.511601 ], [ -112.072161, 41.511599 ], [ -112.07587, 41.5144 ], [ -112.07947, 41.514366 ], [ -112.086972, 41.514666 ], [ -112.090572, 41.514646 ], [ -112.098111, 41.511478 ], [ -112.100816, 41.511464 ], [ -112.100797, 41.507864 ], [ -112.097262, 41.504014 ], [ -112.093662, 41.504042 ], [ -112.088736, 41.50793 ], [ -112.082217, 41.507964 ], [ -112.07652, 41.50321 ], [ -112.073888, 41.505292 ], [ -112.068369, 41.507521 ], [ -112.063232, 41.506842 ], [ -112.060054, 41.503861 ], [ -112.059038, 41.501125 ], [ -112.058022, 41.498388 ], [ -112.057006, 41.495652 ], [ -112.060165, 41.487255 ], [ -112.060289, 41.486995 ], [ -112.060475, 41.486314 ], [ -112.060495, 41.485765 ], [ -112.060417, 41.485265 ], [ -112.060132, 41.484624 ], [ -112.059698, 41.484127 ], [ -112.055655, 41.478198 ], [ -112.055946, 41.474639 ], [ -112.056238, 41.47108 ], [ -112.056529, 41.46752 ], [ -112.05682, 41.463969 ], [ -112.057052, 41.461303 ], [ -112.057283, 41.458637 ], [ -112.053697, 41.458326 ], [ -112.053465, 41.460992 ], [ -112.053234, 41.463658 ], [ -112.052941, 41.467226 ], [ -112.05265, 41.470786 ], [ -112.052358, 41.474345 ], [ -112.052067, 41.477904 ], [ -112.048687, 41.484102 ], [ -112.048885, 41.487696 ], [ -112.051137, 41.49084 ], [ -112.051931, 41.492254 ], [ -112.052609, 41.49415 ], [ -112.053631, 41.496905 ], [ -112.048328, 41.502303 ], [ -112.04461, 41.498737 ], [ -112.042596, 41.498744 ], [ -112.041834, 41.498704 ], [ -112.040851, 41.498694 ], [ -112.040172, 41.498714 ], [ -112.034341, 41.492542 ], [ -112.037559, 41.488309 ], [ -112.037483, 41.484709 ], [ -112.036545, 41.484729 ], [ -112.028675, 41.482769 ], [ -112.022376, 41.477629 ], [ -112.02222, 41.477564 ], [ -112.021877, 41.477566 ], [ -112.020385, 41.477946 ], [ -112.01767, 41.479754 ], [ -112.010837, 41.483388 ], [ -112.004298, 41.485273 ], [ -112.000014, 41.488521 ], [ -111.997707, 41.489969 ], [ -111.995972, 41.491299 ], [ -111.99562, 41.491668 ], [ -111.99523, 41.492142 ], [ -111.99504, 41.492409 ], [ -111.994577, 41.493304 ], [ -111.987209, 41.49786 ], [ -111.986468, 41.497884 ], [ -111.98551, 41.497891 ], [ -111.982065, 41.497378 ], [ -111.980455, 41.496821 ], [ -111.97948, 41.49652 ], [ -111.978679, 41.496324 ], [ -111.978159, 41.496223 ], [ -111.977292, 41.496095 ], [ -111.976693, 41.496035 ], [ -111.975779, 41.495988 ], [ -111.975053, 41.495989 ], [ -111.974466, 41.496013 ], [ -111.965709, 41.494934 ], [ -111.964423, 41.49451 ], [ -111.963586, 41.494316 ], [ -111.962474, 41.494154 ], [ -111.961482, 41.494111 ], [ -111.961046, 41.494119 ], [ -111.960544, 41.494149 ], [ -111.959869, 41.494229 ], [ -111.953076, 41.493631 ], [ -111.947901, 41.491252 ], [ -111.944019, 41.486272 ], [ -111.942144, 41.48473 ], [ -111.942089, 41.484732 ], [ -111.940427, 41.486508 ], [ -111.939677, 41.490684 ], [ -111.938334, 41.496892 ], [ -111.938738, 41.497635 ], [ -111.938742, 41.497643 ], [ -111.939471, 41.499001 ], [ -111.940705, 41.501947 ], [ -111.938636, 41.509026 ], [ -111.93857, 41.517592 ], [ -111.938676, 41.518369 ], [ -111.938922, 41.519134 ], [ -111.939271, 41.519823 ], [ -111.939679, 41.520404 ], [ -111.940092, 41.520861 ], [ -111.940635, 41.521349 ], [ -111.947199, 41.527074 ], [ -111.948033, 41.527825 ], [ -111.948718, 41.528407 ], [ -111.949526, 41.529042 ], [ -111.951751, 41.526212 ], [ -111.950944, 41.525577 ], [ -111.950368, 41.525085 ], [ -111.949607, 41.524399 ], [ -111.94895, 41.523732 ], [ -111.948403, 41.523132 ], [ -111.947613, 41.522201 ], [ -111.947125, 41.521668 ], [ -111.946727, 41.521287 ], [ -111.944878, 41.51311 ], [ -111.945904, 41.51165 ], [ -111.946341, 41.510843 ], [ -111.94666, 41.510103 ], [ -111.948039, 41.507335 ], [ -111.953761, 41.500704 ], [ -111.954165, 41.500685 ], [ -111.9549, 41.500624 ], [ -111.956682, 41.499371 ], [ -111.965428, 41.498775 ], [ -111.966194, 41.499022 ], [ -111.966684, 41.499156 ], [ -111.967219, 41.499268 ], [ -111.968936, 41.499658 ], [ -111.97015, 41.499973 ], [ -111.971006, 41.500113 ], [ -111.971305, 41.500132 ], [ -111.974706, 41.499605 ], [ -111.975197, 41.499586 ], [ -111.975778, 41.499588 ], [ -111.976497, 41.49963 ], [ -111.976919, 41.499676 ], [ -111.977625, 41.499784 ], [ -111.977985, 41.499856 ], [ -111.978613, 41.500014 ], [ -111.979383, 41.500257 ], [ -111.980886, 41.500779 ], [ -111.981668, 41.501007 ], [ -111.982532, 41.501214 ], [ -111.985896, 41.508935 ], [ -111.984739, 41.510451 ], [ -111.98462, 41.510987 ], [ -111.984588, 41.511437 ], [ -111.990513, 41.514189 ], [ -111.991103, 41.514516 ], [ -111.991604, 41.514652 ], [ -111.996011, 41.516203 ], [ -111.997936, 41.522945 ], [ -111.999488, 41.526315 ], [ -111.999667, 41.52671 ], [ -112.001348, 41.527144 ], [ -112.006526, 41.532751 ], [ -112.011458, 41.537951 ], [ -112.015456, 41.54574 ], [ -112.017993, 41.553476 ], [ -112.018561, 41.556253 ], [ -112.018742, 41.556838 ], [ -112.019032, 41.557463 ], [ -112.022822, 41.565051 ], [ -112.023123, 41.565677 ], [ -112.023548, 41.566358 ], [ -112.024616, 41.567637 ], [ -112.026135, 41.56941 ], [ -112.030399, 41.576595 ], [ -112.031969, 41.579047 ], [ -112.03262, 41.57986 ], [ -112.032781, 41.580036 ], [ -112.036092, 41.584046 ], [ -112.036841, 41.585122 ], [ -112.037437, 41.58579 ], [ -112.03781, 41.586119 ], [ -112.041042, 41.594471 ], [ -112.041939, 41.595497 ], [ -112.04566, 41.598894 ], [ -112.047031, 41.600125 ], [ -112.047916, 41.600922 ], [ -112.048856, 41.601684 ], [ -112.050114, 41.602572 ], [ -112.050466, 41.602782 ], [ -112.052033, 41.60371 ], [ -112.053868, 41.600613 ], [ -112.0523, 41.599685 ], [ -112.050946, 41.598752 ], [ -112.05019, 41.598131 ], [ -112.049621, 41.597624 ], [ -112.04807, 41.59622 ], [ -112.045383, 41.588821 ], [ -112.045046, 41.588315 ], [ -112.044443, 41.587517 ], [ -112.043531, 41.586547 ], [ -112.042704, 41.585788 ], [ -112.040281, 41.5835 ], [ -112.038759, 41.581527 ], [ -112.035435, 41.577603 ], [ -112.033437, 41.574664 ], [ -112.02981, 41.56823 ], [ -112.029329, 41.567584 ], [ -112.028804, 41.566994 ], [ -112.025785, 41.5627 ], [ -112.02418, 41.558466 ], [ -112.023811, 41.557774 ], [ -112.023487, 41.557335 ], [ -112.021696, 41.553471 ], [ -112.021489, 41.552616 ], [ -112.017802, 41.549115 ], [ -112.017261, 41.548068 ], [ -112.022739, 41.541238 ], [ -112.024936, 41.541271 ], [ -112.027418, 41.541285 ], [ -112.032548, 41.536054 ], [ -112.036459, 41.536917 ], [ -112.042393, 41.532573 ], [ -112.044738, 41.533062 ], [ -112.048497, 41.533818 ], [ -112.052256, 41.534574 ], [ -112.057167, 41.536216 ], [ -112.062107, 41.539357 ], [ -112.064889, 41.543546 ], [ -112.065693, 41.546252 ], [ -112.065951, 41.548086 ], [ -112.066265, 41.550538 ], [ -112.066583, 41.553017 ], [ -112.066909, 41.555283 ], [ -112.067231, 41.557525 ], [ -112.06757, 41.560129 ], [ -112.067913, 41.562763 ], [ -112.068222, 41.564869 ], [ -112.068526, 41.566941 ], [ -112.068794, 41.569054 ], [ -112.069066, 41.571193 ], [ -112.069506, 41.574303 ], [ -112.069943, 41.577399 ], [ -112.070451, 41.581211 ], [ -112.070977, 41.585134 ], [ -112.071103, 41.585733 ], [ -112.071277, 41.58629 ], [ -112.071812, 41.587617 ], [ -112.07325, 41.591279 ], [ -112.074689, 41.594942 ], [ -112.076127, 41.598605 ], [ -112.077572, 41.602286 ], [ -112.07838, 41.604283 ], [ -112.079178, 41.606252 ], [ -112.080033, 41.60847 ], [ -112.080929, 41.610786 ], [ -112.08129, 41.611576 ], [ -112.081634, 41.612254 ], [ -112.082527, 41.613749 ], [ -112.084602, 41.61682 ], [ -112.086677, 41.61989 ], [ -112.088589, 41.622719 ], [ -112.090501, 41.625548 ], [ -112.093484, 41.623533 ], [ -112.091572, 41.620703 ], [ -112.08966, 41.617874 ], [ -112.087585, 41.614804 ], [ -112.083392, 41.607175 ], [ -112.082537, 41.604957 ], [ -112.081718, 41.602932 ], [ -112.080909, 41.600935 ], [ -112.079478, 41.59729 ], [ -112.07804, 41.593627 ], [ -112.076601, 41.589964 ], [ -112.075163, 41.586301 ], [ -112.074509, 41.584438 ], [ -112.07402, 41.580736 ], [ -112.073512, 41.576924 ], [ -112.07307, 41.573799 ], [ -112.07263, 41.570689 ], [ -112.072365, 41.568601 ], [ -112.072097, 41.566487 ], [ -112.0808, 41.565138 ], [ -112.082061, 41.567344 ], [ -112.083875, 41.569106 ], [ -112.083876, 41.569106 ], [ -112.085661, 41.567279 ], [ -112.085661, 41.567273 ], [ -112.085613, 41.563327 ], [ -112.092165, 41.55863 ], [ -112.092883, 41.556821 ], [ -112.09785, 41.551587 ], [ -112.100949, 41.550484 ], [ -112.10752, 41.553661 ], [ -112.110571, 41.555573 ], [ -112.118111, 41.556953 ], [ -112.12039, 41.55796 ], [ -112.124793, 41.557168 ], [ -112.128613, 41.556758 ], [ -112.129095, 41.555686 ], [ -112.129229, 41.555348 ], [ -112.129384, 41.553242 ] ] ] } },
{ "type": "Feature", "properties": { "group_index": 0, "value": 600.0, "center": [ -111.67334108892153, 40.0537537137493 ], "point_id": 152 }, "geometry": { "type": "Polygon", "coordinates": [ [ [ -111.732748, 40.089296 ], [ -111.732979, 40.080715 ], [ -111.73299, 40.080488 ], [ -111.729394, 40.080315 ], [ -111.72294, 40.083473 ], [ -111.71706, 40.07679 ], [ -111.719641, 40.071528 ], [ -111.721884, 40.069297 ], [ -111.724126, 40.067065 ], [ -111.726369, 40.064833 ], [ -111.732435, 40.060933 ], [ -111.734059, 40.059553 ], [ -111.735177, 40.057724 ], [ -111.739634, 40.051528 ], [ -111.741472, 40.049695 ], [ -111.743899, 40.047276 ], [ -111.739627, 40.039778 ], [ -111.737899, 40.037996 ], [ -111.735686, 40.036021 ], [ -111.731336, 40.030808 ], [ -111.730292, 40.029582 ], [ -111.724426, 40.026408 ], [ -111.721874, 40.026106 ], [ -111.721479, 40.026612 ], [ -111.712782, 40.026725 ], [ -111.71092, 40.024951 ], [ -111.707841, 40.020229 ], [ -111.70756, 40.019899 ], [ -111.703807, 40.015211 ], [ -111.703516, 40.015178 ], [ -111.70054, 40.015305 ], [ -111.698173, 40.01532 ], [ -111.69734, 40.015325 ], [ -111.69631, 40.015372 ], [ -111.688865, 40.012189 ], [ -111.689497, 40.008645 ], [ -111.687535, 40.006924 ], [ -111.686817, 40.006521 ], [ -111.678869, 40.005266 ], [ -111.670984, 40.00468 ], [ -111.669127, 40.002761 ], [ -111.668694, 40.002228 ], [ -111.668264, 40.001836 ], [ -111.666331, 39.99953 ], [ -111.66594, 39.999167 ], [ -111.665574, 39.998846 ], [ -111.663039, 40.001402 ], [ -111.662253, 40.007715 ], [ -111.654225, 40.005764 ], [ -111.653983, 40.00563 ], [ -111.653722, 40.005511 ], [ -111.653279, 40.005351 ], [ -111.652295, 40.005425 ], [ -111.646488, 40.009189 ], [ -111.644928, 40.010228 ], [ -111.642701, 40.013057 ], [ -111.643482, 40.018273 ], [ -111.644323, 40.019002 ], [ -111.644332, 40.01901 ], [ -111.644743, 40.019362 ], [ -111.646563, 40.021071 ], [ -111.647383, 40.022015 ], [ -111.650095, 40.022927 ], [ -111.650339, 40.023065 ], [ -111.653442, 40.027517 ], [ -111.646991, 40.032963 ], [ -111.644617, 40.033008 ], [ -111.64328, 40.033045 ], [ -111.642956, 40.033078 ], [ -111.643321, 40.03666 ], [ -111.644598, 40.041764 ], [ -111.639332, 40.046296 ], [ -111.638511, 40.046402 ], [ -111.638058, 40.046488 ], [ -111.637179, 40.047266 ], [ -111.636895, 40.048241 ], [ -111.636005, 40.054983 ], [ -111.633415, 40.062801 ], [ -111.629728, 40.065902 ], [ -111.624376, 40.069698 ], [ -111.618146, 40.070968 ], [ -111.614387, 40.072001 ], [ -111.614056, 40.072117 ], [ -111.612883, 40.072539 ], [ -111.612585, 40.072658 ], [ -111.611682, 40.073045 ], [ -111.608962, 40.074722 ], [ -111.604603, 40.077339 ], [ -111.599687, 40.080576 ], [ -111.599038, 40.080977 ], [ -111.600927, 40.084041 ], [ -111.603659, 40.082807 ], [ -111.604293, 40.082539 ], [ -111.608309, 40.079846 ], [ -111.608929, 40.079484 ], [ -111.60932, 40.079212 ], [ -111.614377, 40.07692 ], [ -111.62129, 40.076742 ], [ -111.626753, 40.082446 ], [ -111.630338, 40.082781 ], [ -111.630515, 40.080882 ], [ -111.630693, 40.078983 ], [ -111.630938, 40.075858 ], [ -111.638361, 40.073123 ], [ -111.640889, 40.074699 ], [ -111.641622, 40.07512 ], [ -111.645276, 40.077069 ], [ -111.646305, 40.077363 ], [ -111.646763, 40.077458 ], [ -111.648207, 40.086211 ], [ -111.645914, 40.087828 ], [ -111.642485, 40.089015 ], [ -111.640544, 40.089067 ], [ -111.640506, 40.089096 ], [ -111.640167, 40.09177 ], [ -111.641972, 40.09479 ], [ -111.642287, 40.095273 ], [ -111.642384, 40.095379 ], [ -111.643237, 40.096264 ], [ -111.647423, 40.094007 ], [ -111.651933, 40.099101 ], [ -111.648007, 40.104033 ], [ -111.6478, 40.105034 ], [ -111.647785, 40.105806 ], [ -111.647785, 40.105829 ], [ -111.64778, 40.106601 ], [ -111.647989, 40.107633 ], [ -111.65122, 40.108429 ], [ -111.654439, 40.109348 ], [ -111.654823, 40.109495 ], [ -111.654889, 40.109494 ], [ -111.655022, 40.109441 ], [ -111.655355, 40.108992 ], [ -111.656617, 40.107772 ], [ -111.665168, 40.106647 ], [ -111.666808, 40.114264 ], [ -111.664573, 40.116014 ], [ -111.662288, 40.117668 ], [ -111.660128, 40.11924 ], [ -111.659327, 40.119724 ], [ -111.658707, 40.120274 ], [ -111.657632, 40.121048 ], [ -111.656546, 40.121759 ], [ -111.658517, 40.124771 ], [ -111.659603, 40.12406 ], [ -111.660806, 40.123199 ], [ -111.66199, 40.122321 ], [ -111.6644, 40.120584 ], [ -111.666685, 40.11893 ], [ -111.669026, 40.1171 ], [ -111.670592, 40.11587 ], [ -111.672154, 40.114642 ], [ -111.67854, 40.109854 ], [ -111.680843, 40.107852 ], [ -111.682692, 40.106389 ], [ -111.684502, 40.104956 ], [ -111.686659, 40.103271 ], [ -111.694348, 40.101272 ], [ -111.69841, 40.098274 ], [ -111.703418, 40.100092 ], [ -111.705328, 40.1001 ], [ -111.707238, 40.100107 ], [ -111.710132, 40.094818 ], [ -111.710083, 40.091398 ], [ -111.715966, 40.087101 ], [ -111.71875, 40.08709 ], [ -111.720853, 40.087081 ], [ -111.729142, 40.090112 ], [ -111.730404, 40.091086 ], [ -111.730953, 40.091084 ], [ -111.732742, 40.090137 ], [ -111.732748, 40.089296 ] ] ] } },
{ "type": "Feature", "properties": { "group_index": 0, "value": 600.0, "center": [ -111.97379777602673, 40.585081311195275 ], "point_id": 153 }, "geometry": { "type": "Polygon", "coordinates": [ [ [ -112.040544, 40.614161 ], [ -112.037178, 40.608585 ], [ -112.036672, 40.607629 ], [ -112.036326, 40.607238 ], [ -112.035877, 40.606782 ], [ -112.035448, 40.606438 ], [ -112.033243, 40.602023 ], [ -112.0368, 40.597005 ], [ -112.038373, 40.595299 ], [ -112.041519, 40.587453 ], [ -112.043503, 40.582865 ], [ -112.043502, 40.582762 ], [ -112.042104, 40.581066 ], [ -112.040179, 40.579482 ], [ -112.036328, 40.573875 ], [ -112.036091, 40.570516 ], [ -112.036383, 40.567892 ], [ -112.035238, 40.564479 ], [ -112.034611, 40.563787 ], [ -112.031083, 40.564504 ], [ -112.025959, 40.566573 ], [ -112.021, 40.562741 ], [ -112.02085, 40.562596 ], [ -112.019623, 40.562008 ], [ -112.018153, 40.562018 ], [ -112.017817, 40.562036 ], [ -112.010364, 40.560114 ], [ -112.006959, 40.55695 ], [ -112.005895, 40.551134 ], [ -112.006428, 40.548419 ], [ -112.006579, 40.547089 ], [ -112.006469, 40.545632 ], [ -112.006468, 40.544362 ], [ -112.003453, 40.538744 ], [ -112.003447, 40.535144 ], [ -111.998453, 40.534027 ], [ -111.995235, 40.532733 ], [ -111.997263, 40.524164 ], [ -111.999086, 40.52239 ], [ -111.999086, 40.522356 ], [ -111.997353, 40.520565 ], [ -111.997331, 40.520564 ], [ -111.990689, 40.518481 ], [ -111.991841, 40.509729 ], [ -111.99336, 40.507989 ], [ -111.99336, 40.507935 ], [ -111.991841, 40.506129 ], [ -111.987929, 40.505354 ], [ -111.980446, 40.502543 ], [ -111.978732, 40.501348 ], [ -111.97724, 40.500517 ], [ -111.976257, 40.500074 ], [ -111.97489, 40.499619 ], [ -111.973534, 40.499281 ], [ -111.972274, 40.49909 ], [ -111.970993, 40.498977 ], [ -111.970676, 40.502563 ], [ -111.971957, 40.502676 ], [ -111.972984, 40.502838 ], [ -111.973999, 40.503106 ], [ -111.975728, 40.503784 ], [ -111.97689, 40.50444 ], [ -111.978379, 40.505491 ], [ -111.979836, 40.506814 ], [ -111.980472, 40.507284 ], [ -111.982571, 40.515413 ], [ -111.975386, 40.52045 ], [ -111.975038, 40.520443 ], [ -111.974953, 40.520868 ], [ -111.974942, 40.521665 ], [ -111.974935, 40.5223 ], [ -111.974931, 40.524098 ], [ -111.976572, 40.531718 ], [ -111.974955, 40.533254 ], [ -111.972455, 40.535117 ], [ -111.970778, 40.536919 ], [ -111.966498, 40.53918 ], [ -111.95956, 40.538123 ], [ -111.958307, 40.537369 ], [ -111.95776, 40.537372 ], [ -111.957753, 40.537372 ], [ -111.957207, 40.537376 ], [ -111.95596, 40.538144 ], [ -111.953534, 40.541683 ], [ -111.947397, 40.541929 ], [ -111.945605, 40.542367 ], [ -111.944342, 40.547082 ], [ -111.938675, 40.551906 ], [ -111.93741, 40.552878 ], [ -111.934775, 40.55558 ], [ -111.928139, 40.559054 ], [ -111.927851, 40.559161 ], [ -111.926571, 40.560069 ], [ -111.919419, 40.564482 ], [ -111.917843, 40.565942 ], [ -111.909174, 40.568111 ], [ -111.90881, 40.568015 ], [ -111.908598, 40.567972 ], [ -111.907761, 40.569202 ], [ -111.907887, 40.571501 ], [ -111.909174, 40.572746 ], [ -111.909525, 40.572924 ], [ -111.908313, 40.581794 ], [ -111.905463, 40.581527 ], [ -111.905391, 40.581529 ], [ -111.903178, 40.583115 ], [ -111.90166, 40.584042 ], [ -111.898722, 40.585192 ], [ -111.898559, 40.587095 ], [ -111.899676, 40.589723 ], [ -111.902813, 40.593303 ], [ -111.907765, 40.599754 ], [ -111.908441, 40.600035 ], [ -111.908839, 40.600163 ], [ -111.911089, 40.600455 ], [ -111.912037, 40.599617 ], [ -111.912767, 40.598807 ], [ -111.920867, 40.598061 ], [ -111.921829, 40.601411 ], [ -111.921833, 40.602318 ], [ -111.922884, 40.604167 ], [ -111.923647, 40.60866 ], [ -111.923645, 40.608769 ], [ -111.925185, 40.610612 ], [ -111.927398, 40.613805 ], [ -111.928727, 40.614605 ], [ -111.933954, 40.617287 ], [ -111.935703, 40.62062 ], [ -111.935775, 40.620767 ], [ -111.936873, 40.622772 ], [ -111.938351, 40.624156 ], [ -111.945576, 40.625857 ], [ -111.946514, 40.626124 ], [ -111.948319, 40.626799 ], [ -111.948874, 40.626797 ], [ -111.954838, 40.630154 ], [ -111.956041, 40.63423 ], [ -111.957847, 40.635143 ], [ -111.965054, 40.638668 ], [ -111.965859, 40.639904 ], [ -111.966607, 40.640374 ], [ -111.970625, 40.643122 ], [ -111.977224, 40.648516 ], [ -111.977567, 40.649532 ], [ -111.977869, 40.652956 ], [ -111.977869, 40.653008 ], [ -111.980023, 40.656152 ], [ -111.983623, 40.656184 ], [ -111.983628, 40.655634 ], [ -111.983551, 40.654805 ], [ -111.983418, 40.654169 ], [ -111.983002, 40.651823 ], [ -111.982955, 40.651714 ], [ -111.982749, 40.643645 ], [ -111.984467, 40.641949 ], [ -111.986824, 40.640372 ], [ -111.988263, 40.638719 ], [ -111.988261, 40.638554 ], [ -111.98826, 40.638498 ], [ -111.988172, 40.637867 ], [ -111.989833, 40.631309 ], [ -111.998012, 40.62904 ], [ -112.000064, 40.630006 ], [ -112.000094, 40.630006 ], [ -112.001612, 40.62904 ], [ -112.003734, 40.625849 ], [ -112.004711, 40.624044 ], [ -112.007199, 40.618285 ], [ -112.013697, 40.613507 ], [ -112.016262, 40.611255 ], [ -112.024043, 40.609536 ], [ -112.031281, 40.611251 ], [ -112.033694, 40.612651 ], [ -112.037798, 40.616489 ], [ -112.038971, 40.617872 ], [ -112.041717, 40.615544 ], [ -112.040544, 40.614161 ] ] ] } },
{ "type": "Feature", "properties": { "group_index": 0, "value": 600.0, "center": [ -111.9395484, 40.6699729 ], "point_id": 154 }, "geometry": { "type": "Polygon", "coordinates": [ [ [ -111.993036, 40.724101 ], [ -111.990618, 40.724104 ], [ -111.9882, 40.724106 ], [ -111.985558, 40.724108 ], [ -111.982915, 40.724111 ], [ -111.980965, 40.724143 ], [ -111.980093, 40.724171 ], [ -111.977548, 40.724311 ], [ -111.975353, 40.724506 ], [ -111.970652, 40.723935 ], [ -111.970522, 40.723935 ], [ -111.967533, 40.723434 ], [ -111.967371, 40.723433 ], [ -111.96605, 40.723497 ], [ -111.965764, 40.72349 ], [ -111.959806, 40.717209 ], [ -111.963492, 40.714008 ], [ -111.967502, 40.712547 ], [ -111.967593, 40.712547 ], [ -111.969397, 40.710967 ], [ -111.976207, 40.705712 ], [ -111.977815, 40.70388 ], [ -111.981913, 40.698392 ], [ -111.983088, 40.697031 ], [ -111.983496, 40.69662 ], [ -111.9835, 40.696376 ], [ -111.983493, 40.693906 ], [ -111.988431, 40.686715 ], [ -111.996163, 40.685007 ], [ -111.996436, 40.685006 ], [ -111.997959, 40.683718 ], [ -111.999131, 40.682047 ], [ -111.99913, 40.681906 ], [ -111.997543, 40.68027 ], [ -111.999722, 40.671548 ], [ -112.003619, 40.670443 ], [ -112.00391, 40.670439 ], [ -112.005624, 40.670329 ], [ -112.005743, 40.67033 ], [ -112.008654, 40.669377 ], [ -112.010786, 40.665614 ], [ -112.011378, 40.663923 ], [ -112.011383, 40.663012 ], [ -112.011131, 40.662622 ], [ -112.010918, 40.66249 ], [ -112.010055, 40.662177 ], [ -112.002971, 40.658434 ], [ -111.998741, 40.654607 ], [ -111.994497, 40.650962 ], [ -111.988747, 40.647362 ], [ -111.988008, 40.647356 ], [ -111.987904, 40.647355 ], [ -111.985926, 40.64736 ], [ -111.985876, 40.64736 ], [ -111.985147, 40.647338 ], [ -111.978898, 40.641924 ], [ -111.97904, 40.639467 ], [ -111.979037, 40.638802 ], [ -111.978755, 40.636485 ], [ -111.975157, 40.636616 ], [ -111.969163, 40.631028 ], [ -111.967625, 40.629835 ], [ -111.960997, 40.624418 ], [ -111.959742, 40.622242 ], [ -111.957802, 40.620746 ], [ -111.957369, 40.620747 ], [ -111.948807, 40.62226 ], [ -111.942364, 40.617963 ], [ -111.94173, 40.6163 ], [ -111.940579, 40.613793 ], [ -111.938937, 40.612274 ], [ -111.938784, 40.612273 ], [ -111.93812, 40.612741 ], [ -111.936979, 40.613774 ], [ -111.936328, 40.615295 ], [ -111.934438, 40.619938 ], [ -111.929779, 40.622004 ], [ -111.929342, 40.622271 ], [ -111.928025, 40.623986 ], [ -111.922056, 40.628746 ], [ -111.916034, 40.622344 ], [ -111.916233, 40.620614 ], [ -111.91537, 40.619859 ], [ -111.914938, 40.619632 ], [ -111.91187, 40.61784 ], [ -111.907842, 40.610312 ], [ -111.907766, 40.609793 ], [ -111.907388, 40.607821 ], [ -111.906919, 40.605353 ], [ -111.906276, 40.602009 ], [ -111.902741, 40.602688 ], [ -111.903383, 40.606033 ], [ -111.903853, 40.608498 ], [ -111.902561, 40.615301 ], [ -111.898992, 40.618069 ], [ -111.89667, 40.618809 ], [ -111.891504, 40.619759 ], [ -111.890873, 40.619762 ], [ -111.889041, 40.620371 ], [ -111.887235, 40.622146 ], [ -111.886657, 40.623787 ], [ -111.881676, 40.628988 ], [ -111.878258, 40.628647 ], [ -111.874737, 40.628299 ], [ -111.873152, 40.628235 ], [ -111.870381, 40.628245 ], [ -111.870216, 40.628239 ], [ -111.868002, 40.628037 ], [ -111.861896, 40.624 ], [ -111.860708, 40.622266 ], [ -111.860012, 40.622175 ], [ -111.857592, 40.62372 ], [ -111.85126, 40.628876 ], [ -111.849398, 40.628953 ], [ -111.846731, 40.628946 ], [ -111.844829, 40.628942 ], [ -111.843783, 40.628988 ], [ -111.842187, 40.629152 ], [ -111.841136, 40.629343 ], [ -111.837985, 40.629939 ], [ -111.833923, 40.631141 ], [ -111.834809, 40.63463 ], [ -111.836864, 40.634108 ], [ -111.838918, 40.633586 ], [ -111.84672, 40.632545 ], [ -111.849387, 40.632553 ], [ -111.851405, 40.632473 ], [ -111.853633, 40.632293 ], [ -111.861752, 40.633361 ], [ -111.862542, 40.633653 ], [ -111.862714, 40.633653 ], [ -111.862995, 40.63363 ], [ -111.86321, 40.633595 ], [ -111.870066, 40.631832 ], [ -111.870232, 40.631838 ], [ -111.873155, 40.631835 ], [ -111.874588, 40.631896 ], [ -111.879891, 40.634366 ], [ -111.88092, 40.638313 ], [ -111.880925, 40.638425 ], [ -111.881074, 40.639782 ], [ -111.882834, 40.641489 ], [ -111.887003, 40.64359 ], [ -111.888685, 40.64528 ], [ -111.888646, 40.654222 ], [ -111.882288, 40.658948 ], [ -111.879422, 40.658921 ], [ -111.878545, 40.659395 ], [ -111.878036, 40.659767 ], [ -111.877854, 40.659987 ], [ -111.874114, 40.6635 ], [ -111.872578, 40.665131 ], [ -111.865553, 40.670225 ], [ -111.863743, 40.67195 ], [ -111.86309, 40.672512 ], [ -111.861541, 40.674313 ], [ -111.861541, 40.674377 ], [ -111.86308, 40.676112 ], [ -111.869511, 40.680584 ], [ -111.875207, 40.68561 ], [ -111.876413, 40.686696 ], [ -111.877012, 40.686694 ], [ -111.883446, 40.688869 ], [ -111.886404, 40.690269 ], [ -111.887738, 40.691322 ], [ -111.887746, 40.69969 ], [ -111.88775, 40.699799 ], [ -111.889445, 40.701545 ], [ -111.892188, 40.704562 ], [ -111.892308, 40.704622 ], [ -111.896796, 40.70907 ], [ -111.894137, 40.716372 ], [ -111.894148, 40.719972 ], [ -111.894416, 40.719971 ], [ -111.895453, 40.719943 ], [ -111.901668, 40.725935 ], [ -111.902613, 40.731466 ], [ -111.90266, 40.733781 ], [ -111.902698, 40.735005 ], [ -111.902678, 40.736227 ], [ -111.90255, 40.737877 ], [ -111.906139, 40.738156 ], [ -111.906267, 40.736506 ], [ -111.906298, 40.735075 ], [ -111.906259, 40.733675 ], [ -111.906212, 40.731394 ], [ -111.912911, 40.725789 ], [ -111.914181, 40.725906 ], [ -111.915393, 40.725874 ], [ -111.918641, 40.726475 ], [ -111.919066, 40.726473 ], [ -111.92163, 40.726087 ], [ -111.923707, 40.726082 ], [ -111.931028, 40.727715 ], [ -111.936317, 40.730191 ], [ -111.937333, 40.738248 ], [ -111.937182, 40.739404 ], [ -111.937183, 40.739428 ], [ -111.937169, 40.740664 ], [ -111.937167, 40.741042 ], [ -111.938448, 40.742426 ], [ -111.938756, 40.742463 ], [ -111.946098, 40.745244 ], [ -111.946768, 40.749248 ], [ -111.946633, 40.75293 ], [ -111.946835, 40.754492 ], [ -111.947002, 40.762497 ], [ -111.947079, 40.76309 ], [ -111.947431, 40.769871 ], [ -111.947331, 40.771737 ], [ -111.947271, 40.774531 ], [ -111.94722, 40.777283 ], [ -111.95082, 40.777349 ], [ -111.95087, 40.774598 ], [ -111.951872, 40.76693 ], [ -111.952036, 40.7631 ], [ -111.95161, 40.761734 ], [ -111.950947, 40.755644 ], [ -111.950682, 40.754771 ], [ -111.95061, 40.754576 ], [ -111.950212, 40.752538 ], [ -111.951494, 40.747614 ], [ -111.958043, 40.745832 ], [ -111.95805, 40.745832 ], [ -111.963276, 40.742296 ], [ -111.964319, 40.740512 ], [ -111.96432, 40.740408 ], [ -111.963268, 40.738696 ], [ -111.968234, 40.732084 ], [ -111.96839, 40.732082 ], [ -111.975673, 40.728092 ], [ -111.977755, 40.727905 ], [ -111.980632, 40.727831 ], [ -111.984863, 40.728606 ], [ -111.99304, 40.727701 ], [ -111.993036, 40.724101 ] ] ] } },
{ "type": "Feature", "properties": { "group_index": 0, "value": 600.0, "center": [ -111.9013471, 40.5747171 ], "point_id": 155 }, "geometry": { "type": "Polygon", "coordinates": [ [ [ -111.964923, 40.587667 ], [ -111.963472, 40.585953 ], [ -111.961175, 40.578731 ], [ -111.964173, 40.57696 ], [ -111.964944, 40.576484 ], [ -111.967742, 40.575026 ], [ -111.9691, 40.573495 ], [ -111.969102, 40.572959 ], [ -111.967767, 40.571426 ], [ -111.966153, 40.570816 ], [ -111.964546, 40.570432 ], [ -111.960011, 40.566925 ], [ -111.959939, 40.562037 ], [ -111.959927, 40.561725 ], [ -111.958619, 40.560496 ], [ -111.957772, 40.560048 ], [ -111.950952, 40.554392 ], [ -111.950488, 40.553489 ], [ -111.949998, 40.55231 ], [ -111.947093, 40.552293 ], [ -111.940489, 40.546459 ], [ -111.937383, 40.542619 ], [ -111.930748, 40.537435 ], [ -111.929167, 40.536167 ], [ -111.928957, 40.536169 ], [ -111.927385, 40.537656 ], [ -111.919434, 40.539592 ], [ -111.913141, 40.534329 ], [ -111.912131, 40.531641 ], [ -111.908424, 40.526072 ], [ -111.907508, 40.525007 ], [ -111.901444, 40.5219 ], [ -111.899967, 40.521015 ], [ -111.89742, 40.519251 ], [ -111.893221, 40.513136 ], [ -111.896988, 40.506986 ], [ -111.898022, 40.506261 ], [ -111.898753, 40.505267 ], [ -111.898754, 40.505227 ], [ -111.897994, 40.502661 ], [ -111.893132, 40.496871 ], [ -111.894887, 40.490698 ], [ -111.896174, 40.489486 ], [ -111.893705, 40.486866 ], [ -111.892418, 40.488079 ], [ -111.891583, 40.488907 ], [ -111.891052, 40.489512 ], [ -111.89073, 40.489932 ], [ -111.8904, 40.490448 ], [ -111.89009, 40.491063 ], [ -111.889846, 40.491658 ], [ -111.889667, 40.492291 ], [ -111.88954, 40.492941 ], [ -111.889487, 40.493562 ], [ -111.889483, 40.49403 ], [ -111.889533, 40.496932 ], [ -111.888621, 40.505711 ], [ -111.889152, 40.509143 ], [ -111.889148, 40.511044 ], [ -111.889143, 40.512945 ], [ -111.887992, 40.518603 ], [ -111.881403, 40.523032 ], [ -111.879974, 40.52439 ], [ -111.879005, 40.526393 ], [ -111.878993, 40.526543 ], [ -111.87999, 40.527832 ], [ -111.880469, 40.528479 ], [ -111.880671, 40.537016 ], [ -111.879984, 40.537467 ], [ -111.878894, 40.538313 ], [ -111.878348, 40.538747 ], [ -111.871421, 40.54128 ], [ -111.871333, 40.541283 ], [ -111.868863, 40.542476 ], [ -111.86262, 40.546288 ], [ -111.857821, 40.549715 ], [ -111.856323, 40.551411 ], [ -111.853858, 40.558605 ], [ -111.851478, 40.561704 ], [ -111.848496, 40.564422 ], [ -111.848301, 40.5646 ], [ -111.848023, 40.565117 ], [ -111.847981, 40.565232 ], [ -111.848811, 40.56707 ], [ -111.849075, 40.567191 ], [ -111.851237, 40.568171 ], [ -111.854944, 40.571441 ], [ -111.85432, 40.578582 ], [ -111.85421, 40.57939 ], [ -111.854202, 40.58218 ], [ -111.856947, 40.587734 ], [ -111.854306, 40.592665 ], [ -111.853678, 40.593201 ], [ -111.852527, 40.594403 ], [ -111.851958, 40.594986 ], [ -111.851961, 40.59506 ], [ -111.853659, 40.596801 ], [ -111.854794, 40.597406 ], [ -111.860857, 40.602838 ], [ -111.862141, 40.604616 ], [ -111.870546, 40.607699 ], [ -111.871585, 40.608461 ], [ -111.874739, 40.609478 ], [ -111.879484, 40.611352 ], [ -111.879543, 40.611352 ], [ -111.881137, 40.611379 ], [ -111.884462, 40.612049 ], [ -111.888862, 40.615243 ], [ -111.890332, 40.61691 ], [ -111.89357, 40.621201 ], [ -111.893564, 40.624801 ], [ -111.888028, 40.629702 ], [ -111.881676, 40.628988 ], [ -111.879353, 40.628757 ], [ -111.877031, 40.628525 ], [ -111.876673, 40.632107 ], [ -111.878996, 40.632339 ], [ -111.881318, 40.632571 ], [ -111.88764, 40.633281 ], [ -111.893235, 40.635439 ], [ -111.894155, 40.635872 ], [ -111.895021, 40.636167 ], [ -111.90082, 40.64298 ], [ -111.900607, 40.645571 ], [ -111.896871, 40.653554 ], [ -111.897408, 40.657114 ], [ -111.899354, 40.664399 ], [ -111.899391, 40.669103 ], [ -111.899291, 40.670725 ], [ -111.899456, 40.672327 ], [ -111.903055, 40.672247 ], [ -111.902984, 40.669325 ], [ -111.902987, 40.669174 ], [ -111.902954, 40.664366 ], [ -111.904434, 40.656319 ], [ -111.904152, 40.653855 ], [ -111.904196, 40.652444 ], [ -111.904356, 40.650805 ], [ -111.904373, 40.650237 ], [ -111.904391, 40.649892 ], [ -111.904195, 40.645866 ], [ -111.904408, 40.643274 ], [ -111.911276, 40.638069 ], [ -111.913094, 40.638228 ], [ -111.914862, 40.638381 ], [ -111.915428, 40.638446 ], [ -111.916152, 40.638551 ], [ -111.916749, 40.638665 ], [ -111.917337, 40.638806 ], [ -111.918471, 40.639161 ], [ -111.918975, 40.639351 ], [ -111.91941, 40.639526 ], [ -111.921217, 40.640504 ], [ -111.924118, 40.643095 ], [ -111.92668, 40.640566 ], [ -111.924907, 40.63877 ], [ -111.924101, 40.638083 ], [ -111.923129, 40.637453 ], [ -111.921018, 40.636306 ], [ -111.92035, 40.636025 ], [ -111.919746, 40.635795 ], [ -111.918421, 40.635374 ], [ -111.917613, 40.63517 ], [ -111.915646, 40.626495 ], [ -111.917373, 40.625775 ], [ -111.918952, 40.625601 ], [ -111.91943, 40.625625 ], [ -111.920217, 40.625627 ], [ -111.92108, 40.6212 ], [ -111.921417, 40.620306 ], [ -111.929192, 40.615949 ], [ -111.929487, 40.61595 ], [ -111.930999, 40.614655 ], [ -111.937322, 40.611331 ], [ -111.938946, 40.609677 ], [ -111.94524, 40.604028 ], [ -111.950039, 40.598543 ], [ -111.954721, 40.595882 ], [ -111.958579, 40.591898 ], [ -111.963461, 40.589553 ], [ -111.964924, 40.587738 ], [ -111.964923, 40.587667 ] ] ] } },
{ "type": "Feature", "properties": { "group_index": 0, "value": 600.0, "center": [ -111.88814495445227, 40.7344530335693 ], "point_id": 156 }, "geometry": { "type": "Polygon", "coordinates": [ [ [ -111.978452, 40.762793 ], [ -111.97647, 40.762793 ], [ -111.974586, 40.762796 ], [ -111.974487, 40.762793 ], [ -111.971325, 40.762821 ], [ -111.971196, 40.762817 ], [ -111.968341, 40.762853 ], [ -111.966158, 40.762932 ], [ -111.961074, 40.763192 ], [ -111.953329, 40.759047 ], [ -111.953177, 40.758722 ], [ -111.949917, 40.760249 ], [ -111.941222, 40.76162 ], [ -111.940406, 40.760412 ], [ -111.939263, 40.760075 ], [ -111.937322, 40.761311 ], [ -111.929475, 40.762998 ], [ -111.927149, 40.760642 ], [ -111.928074, 40.75307 ], [ -111.929802, 40.751296 ], [ -111.929802, 40.751271 ], [ -111.933637, 40.743189 ], [ -111.933924, 40.743178 ], [ -111.937081, 40.742232 ], [ -111.938355, 40.740467 ], [ -111.943184, 40.736737 ], [ -111.945799, 40.734939 ], [ -111.946567, 40.73411 ], [ -111.953231, 40.728658 ], [ -111.959325, 40.727681 ], [ -111.960555, 40.727762 ], [ -111.960919, 40.727736 ], [ -111.961169, 40.724145 ], [ -111.960409, 40.724092 ], [ -111.959417, 40.724083 ], [ -111.950631, 40.723497 ], [ -111.947518, 40.723023 ], [ -111.94559, 40.722704 ], [ -111.945143, 40.72263 ], [ -111.943698, 40.722451 ], [ -111.942669, 40.722364 ], [ -111.941582, 40.722316 ], [ -111.936812, 40.721925 ], [ -111.936029, 40.722019 ], [ -111.932296, 40.722507 ], [ -111.932126, 40.722503 ], [ -111.92851, 40.72257 ], [ -111.924884, 40.722637 ], [ -111.922859, 40.715301 ], [ -111.923565, 40.711944 ], [ -111.923564, 40.711649 ], [ -111.918732, 40.705268 ], [ -111.915185, 40.69768 ], [ -111.913803, 40.697686 ], [ -111.913322, 40.697703 ], [ -111.912234, 40.697797 ], [ -111.907295, 40.696196 ], [ -111.905299, 40.691005 ], [ -111.905264, 40.690062 ], [ -111.904998, 40.687675 ], [ -111.904733, 40.685289 ], [ -111.904467, 40.682902 ], [ -111.904211, 40.680642 ], [ -111.904131, 40.67868 ], [ -111.903587, 40.675532 ], [ -111.900017, 40.676 ], [ -111.893967, 40.682371 ], [ -111.893636, 40.682369 ], [ -111.891201, 40.682208 ], [ -111.888367, 40.681802 ], [ -111.888274, 40.681802 ], [ -111.880166, 40.685272 ], [ -111.871574, 40.685263 ], [ -111.871463, 40.685263 ], [ -111.869699, 40.686921 ], [ -111.865279, 40.694315 ], [ -111.863683, 40.69558 ], [ -111.860803, 40.698095 ], [ -111.859095, 40.699913 ], [ -111.85309, 40.705149 ], [ -111.85147, 40.707213 ], [ -111.844667, 40.710896 ], [ -111.843036, 40.712687 ], [ -111.834432, 40.714686 ], [ -111.833124, 40.71402 ], [ -111.828834, 40.710935 ], [ -111.826243, 40.706796 ], [ -111.824644, 40.705533 ], [ -111.824454, 40.705405 ], [ -111.824291, 40.705404 ], [ -111.822643, 40.706793 ], [ -111.818675, 40.709514 ], [ -111.815925, 40.710955 ], [ -111.807415, 40.710638 ], [ -111.806739, 40.710444 ], [ -111.80598, 40.71027 ], [ -111.798333, 40.706015 ], [ -111.793862, 40.709807 ], [ -111.794779, 40.713288 ], [ -111.802415, 40.714339 ], [ -111.804196, 40.715129 ], [ -111.807031, 40.715987 ], [ -111.807901, 40.716123 ], [ -111.808669, 40.71618 ], [ -111.811185, 40.716292 ], [ -111.813666, 40.716403 ], [ -111.814416, 40.716369 ], [ -111.814977, 40.716296 ], [ -111.815554, 40.716173 ], [ -111.81598, 40.716037 ], [ -111.822839, 40.715353 ], [ -111.823871, 40.715437 ], [ -111.82691, 40.716176 ], [ -111.829456, 40.716872 ], [ -111.83277, 40.717879 ], [ -111.834457, 40.718663 ], [ -111.835785, 40.719063 ], [ -111.838834, 40.719706 ], [ -111.841567, 40.728127 ], [ -111.840472, 40.728838 ], [ -111.835795, 40.731813 ], [ -111.834694, 40.733127 ], [ -111.834685, 40.733582 ], [ -111.834685, 40.73362 ], [ -111.834686, 40.734075 ], [ -111.835775, 40.735413 ], [ -111.841611, 40.74167 ], [ -111.843397, 40.743446 ], [ -111.846778, 40.745503 ], [ -111.85249, 40.752259 ], [ -111.853965, 40.753776 ], [ -111.854288, 40.753776 ], [ -111.856375, 40.753729 ], [ -111.861, 40.760155 ], [ -111.863525, 40.764514 ], [ -111.870505, 40.768977 ], [ -111.876603, 40.771153 ], [ -111.881203, 40.773503 ], [ -111.88793, 40.777709 ], [ -111.888134, 40.777703 ], [ -111.891077, 40.77651 ], [ -111.892911, 40.774884 ], [ -111.897785, 40.774163 ], [ -111.898461, 40.78221 ], [ -111.89846, 40.782378 ], [ -111.900738, 40.786444 ], [ -111.902336, 40.787462 ], [ -111.902541, 40.787461 ], [ -111.904338, 40.786433 ], [ -111.911209, 40.787129 ], [ -111.912818, 40.789526 ], [ -111.913366, 40.790413 ], [ -111.914124, 40.791922 ], [ -111.914852, 40.793873 ], [ -111.916253, 40.797422 ], [ -111.917622, 40.799888 ], [ -111.918333, 40.801286 ], [ -111.91977, 40.804058 ], [ -111.921831, 40.811519 ], [ -111.925246, 40.812658 ], [ -111.925383, 40.812247 ], [ -111.925582, 40.8115 ], [ -111.925766, 40.810311 ], [ -111.92579, 40.809232 ], [ -111.925603, 40.808114 ], [ -111.924988, 40.806403 ], [ -111.924428, 40.805222 ], [ -111.922966, 40.802402 ], [ -111.921529, 40.799629 ], [ -111.920849, 40.798292 ], [ -111.919402, 40.795677 ], [ -111.918206, 40.792565 ], [ -111.917497, 40.790663 ], [ -111.918642, 40.782609 ], [ -111.918639, 40.782367 ], [ -111.918639, 40.782357 ], [ -111.918637, 40.782053 ], [ -111.918211, 40.773419 ], [ -111.918638, 40.772646 ], [ -111.919537, 40.771191 ], [ -111.920181, 40.770012 ], [ -111.926606, 40.766778 ], [ -111.931242, 40.769566 ], [ -111.932955, 40.771233 ], [ -111.934919, 40.773218 ], [ -111.939288, 40.774626 ], [ -111.93936, 40.774624 ], [ -111.940593, 40.774034 ], [ -111.946996, 40.779922 ], [ -111.946777, 40.781831 ], [ -111.947174, 40.784643 ], [ -111.950774, 40.784629 ], [ -111.950773, 40.784512 ], [ -111.950788, 40.781377 ], [ -111.950792, 40.778424 ], [ -111.950803, 40.778228 ], [ -111.950837, 40.776425 ], [ -111.95087, 40.774598 ], [ -111.9508, 40.77377 ], [ -111.950815, 40.771802 ], [ -111.956911, 40.767007 ], [ -111.961256, 40.766787 ], [ -111.966289, 40.76653 ], [ -111.968386, 40.766453 ], [ -111.971094, 40.766414 ], [ -111.971223, 40.766417 ], [ -111.974476, 40.766632 ], [ -111.9765, 40.766507 ], [ -111.978452, 40.766393 ], [ -111.978452, 40.762793 ] ] ] } },
{ "type": "Feature", "properties": { "group_index": 0, "value": 600.0, "center": [ -111.63352869835501, 40.59103941202365 ], "point_id": 157 }, "geometry": { "type": "Polygon", "coordinates": [ [ [ -111.724443, 40.572385 ], [ -111.72323, 40.572159 ], [ -111.722017, 40.571933 ], [ -111.716097, 40.570999 ], [ -111.715748, 40.57096 ], [ -111.709434, 40.570442 ], [ -111.709203, 40.570425 ], [ -111.700971, 40.570176 ], [ -111.700818, 40.570185 ], [ -111.70066, 40.570195 ], [ -111.700515, 40.570223 ], [ -111.700452, 40.570244 ], [ -111.697127, 40.572331 ], [ -111.690866, 40.574255 ], [ -111.690624, 40.574296 ], [ -111.690392, 40.574334 ], [ -111.685126, 40.575131 ], [ -111.680648, 40.575475 ], [ -111.678365, 40.576112 ], [ -111.678032, 40.576203 ], [ -111.67037, 40.578027 ], [ -111.666513, 40.578455 ], [ -111.659528, 40.579302 ], [ -111.659319, 40.579331 ], [ -111.65911, 40.57936 ], [ -111.651812, 40.580787 ], [ -111.650751, 40.582068 ], [ -111.650639, 40.582205 ], [ -111.648898, 40.584502 ], [ -111.642027, 40.587396 ], [ -111.638583, 40.588343 ], [ -111.633974, 40.59071 ], [ -111.628611, 40.590853 ], [ -111.628241, 40.590796 ], [ -111.627049, 40.590563 ], [ -111.62672, 40.590709 ], [ -111.626812, 40.590917 ], [ -111.627255, 40.591903 ], [ -111.628711, 40.592372 ], [ -111.629203, 40.59246 ], [ -111.629471, 40.592494 ], [ -111.629702, 40.592506 ], [ -111.62992, 40.592518 ], [ -111.630115, 40.592513 ], [ -111.630475, 40.592457 ], [ -111.630721, 40.59239 ], [ -111.630947, 40.592327 ], [ -111.631217, 40.592228 ], [ -111.636104, 40.590572 ], [ -111.640757, 40.589825 ], [ -111.641413, 40.589759 ], [ -111.64207, 40.589693 ], [ -111.644546, 40.589358 ], [ -111.647129, 40.589102 ], [ -111.647366, 40.589049 ], [ -111.651254, 40.587869 ], [ -111.651561, 40.587748 ], [ -111.651853, 40.587552 ], [ -111.652167, 40.587282 ], [ -111.652488, 40.587007 ], [ -111.652685, 40.586819 ], [ -111.652885, 40.586628 ], [ -111.659, 40.582782 ], [ -111.661319, 40.582188 ], [ -111.661427, 40.582161 ], [ -111.662655, 40.581702 ], [ -111.666357, 40.580434 ], [ -111.674613, 40.579177 ], [ -111.674848, 40.579133 ], [ -111.674976, 40.579088 ], [ -111.675175, 40.578991 ], [ -111.682511, 40.576313 ], [ -111.687846, 40.575488 ], [ -111.688037, 40.575468 ], [ -111.688244, 40.575446 ], [ -111.694407, 40.574629 ], [ -111.694678, 40.57459 ], [ -111.699698, 40.573879 ], [ -111.699862, 40.573857 ], [ -111.70004, 40.573792 ], [ -111.707333, 40.571379 ], [ -111.713062, 40.571532 ], [ -111.713379, 40.571566 ], [ -111.713748, 40.571578 ], [ -111.719993, 40.572113 ], [ -111.720261, 40.57215 ], [ -111.720547, 40.572189 ], [ -111.724377, 40.572739 ], [ -111.724443, 40.572385 ] ] ] } },
{ "type": "Feature", "properties": { "group_index": 0, "value": 600.0, "center": [ -112.1044788, 40.7114542 ], "point_id": 158 }, "geometry": { "type": "Polygon", "coordinates": [ [ [ -112.198982, 40.724833 ], [ -112.197115, 40.72507 ], [ -112.18999, 40.72565 ], [ -112.187916, 40.725729 ], [ -112.184436, 40.725888 ], [ -112.182723, 40.725943 ], [ -112.180346, 40.726044 ], [ -112.177987, 40.726144 ], [ -112.174716, 40.726299 ], [ -112.171056, 40.726148 ], [ -112.168377, 40.725945 ], [ -112.164201, 40.724695 ], [ -112.159445, 40.721316 ], [ -112.159035, 40.721023 ], [ -112.158384, 40.720621 ], [ -112.157916, 40.720391 ], [ -112.157415, 40.720195 ], [ -112.156609, 40.719946 ], [ -112.156176, 40.719846 ], [ -112.149151, 40.717981 ], [ -112.147707, 40.717621 ], [ -112.147319, 40.717544 ], [ -112.146717, 40.717471 ], [ -112.14639, 40.717442 ], [ -112.137593, 40.715958 ], [ -112.136842, 40.715787 ], [ -112.135338, 40.715405 ], [ -112.13457, 40.715241 ], [ -112.133791, 40.715112 ], [ -112.132389, 40.714923 ], [ -112.131291, 40.714727 ], [ -112.130006, 40.714466 ], [ -112.129155, 40.714319 ], [ -112.128283, 40.714211 ], [ -112.127838, 40.71418 ], [ -112.127219, 40.71418 ], [ -112.126555, 40.7142 ], [ -112.125004, 40.714354 ], [ -112.123856, 40.714539 ], [ -112.123098, 40.714682 ], [ -112.12081, 40.715237 ], [ -112.118495, 40.715819 ], [ -112.117741, 40.715964 ], [ -112.116676, 40.71614 ], [ -112.115725, 40.716247 ], [ -112.111861, 40.714894 ], [ -112.112242, 40.707865 ], [ -112.110368, 40.700746 ], [ -112.110744, 40.697778 ], [ -112.105225, 40.692553 ], [ -112.10289, 40.687387 ], [ -112.101199, 40.683396 ], [ -112.099602, 40.67659 ], [ -112.098878, 40.675568 ], [ -112.097817, 40.675223 ], [ -112.094692, 40.667117 ], [ -112.094588, 40.666475 ], [ -112.091751, 40.663055 ], [ -112.091203, 40.662395 ], [ -112.090702, 40.661875 ], [ -112.090151, 40.661364 ], [ -112.089375, 40.660735 ], [ -112.088608, 40.660193 ], [ -112.087833, 40.659737 ], [ -112.087052, 40.659334 ], [ -112.084873, 40.658326 ], [ -112.083984, 40.65789 ], [ -112.083136, 40.65742 ], [ -112.077627, 40.651284 ], [ -112.073491, 40.649141 ], [ -112.0711, 40.651831 ], [ -112.074286, 40.656715 ], [ -112.077837, 40.658142 ], [ -112.079259, 40.659147 ], [ -112.080091, 40.659749 ], [ -112.081208, 40.66046 ], [ -112.082229, 40.661034 ], [ -112.083281, 40.661555 ], [ -112.08554, 40.662601 ], [ -112.090117, 40.668596 ], [ -112.090182, 40.673159 ], [ -112.090151, 40.677485 ], [ -112.082248, 40.680222 ], [ -112.079054, 40.68022 ], [ -112.07586, 40.680218 ], [ -112.072666, 40.680216 ], [ -112.069472, 40.680214 ], [ -112.066279, 40.680212 ], [ -112.063082, 40.680211 ], [ -112.060816, 40.680213 ], [ -112.058201, 40.68024 ], [ -112.054998, 40.680239 ], [ -112.053533, 40.680246 ], [ -112.053206, 40.68207 ], [ -112.053213, 40.682492 ], [ -112.053549, 40.683846 ], [ -112.055608, 40.691493 ], [ -112.05161, 40.693139 ], [ -112.045719, 40.69146 ], [ -112.043931, 40.689765 ], [ -112.043891, 40.689764 ], [ -112.042119, 40.69147 ], [ -112.037012, 40.694742 ], [ -112.031218, 40.696618 ], [ -112.027619, 40.696687 ], [ -112.024689, 40.703141 ], [ -112.025324, 40.705631 ], [ -112.023157, 40.714152 ], [ -112.020516, 40.716544 ], [ -112.019452, 40.71747 ], [ -112.017647, 40.719187 ], [ -112.010439, 40.723767 ], [ -112.00605, 40.723962 ], [ -112.001746, 40.723959 ], [ -111.997443, 40.723956 ], [ -111.992552, 40.723849 ], [ -111.989173, 40.723467 ], [ -111.989102, 40.723456 ], [ -111.982796, 40.723943 ], [ -111.982778, 40.727542 ], [ -111.984663, 40.727552 ], [ -111.986547, 40.727561 ], [ -111.989849, 40.727557 ], [ -111.99314, 40.727553 ], [ -111.99744, 40.727556 ], [ -112.001744, 40.727559 ], [ -112.006048, 40.727562 ], [ -112.010351, 40.727565 ], [ -112.013535, 40.727544 ], [ -112.020394, 40.73289 ], [ -112.023135, 40.740487 ], [ -112.024577, 40.742017 ], [ -112.024916, 40.74202 ], [ -112.03277, 40.742055 ], [ -112.033959, 40.742055 ], [ -112.033958, 40.738455 ], [ -112.032426, 40.730443 ], [ -112.037152, 40.727603 ], [ -112.037559, 40.727544 ], [ -112.038641, 40.727368 ], [ -112.03917, 40.727268 ], [ -112.039694, 40.727161 ], [ -112.04648, 40.728692 ], [ -112.053754, 40.727425 ], [ -112.05749, 40.727335 ], [ -112.063034, 40.727318 ], [ -112.070375, 40.72894 ], [ -112.076264, 40.727319 ], [ -112.080489, 40.729002 ], [ -112.084089, 40.729007 ], [ -112.084092, 40.726812 ], [ -112.084081, 40.725565 ], [ -112.088662, 40.719179 ], [ -112.091293, 40.719724 ], [ -112.092022, 40.719897 ], [ -112.096857, 40.720002 ], [ -112.100264, 40.720026 ], [ -112.103203, 40.720001 ], [ -112.106626, 40.719988 ], [ -112.110049, 40.719975 ], [ -112.111876, 40.719968 ], [ -112.113192, 40.719979 ], [ -112.11427, 40.719963 ], [ -112.115368, 40.719897 ], [ -112.116132, 40.719824 ], [ -112.117189, 40.719703 ], [ -112.118433, 40.719496 ], [ -112.119372, 40.71931 ], [ -112.121662, 40.718735 ], [ -112.123769, 40.718219 ], [ -112.130665, 40.718272 ], [ -112.131909, 40.718491 ], [ -112.138738, 40.720151 ], [ -112.140383, 40.720779 ], [ -112.141053, 40.720968 ], [ -112.141746, 40.721106 ], [ -112.142624, 40.721206 ], [ -112.151248, 40.722856 ], [ -112.151924, 40.723024 ], [ -112.159504, 40.726275 ], [ -112.16048, 40.726938 ], [ -112.161263, 40.727384 ], [ -112.167207, 40.73365 ], [ -112.167596, 40.734203 ], [ -112.167831, 40.734449 ], [ -112.168745, 40.735271 ], [ -112.170455, 40.736788 ], [ -112.172158, 40.738298 ], [ -112.173702, 40.73968 ], [ -112.175245, 40.741062 ], [ -112.177647, 40.73838 ], [ -112.176103, 40.736998 ], [ -112.180498, 40.729641 ], [ -112.182838, 40.729541 ], [ -112.184601, 40.729485 ], [ -112.188054, 40.729326 ], [ -112.190188, 40.729244 ], [ -112.193815, 40.729043 ], [ -112.195702, 40.728878 ], [ -112.197569, 40.728641 ], [ -112.199435, 40.728404 ], [ -112.198982, 40.724833 ] ] ] } },
{ "type": "Feature", "properties": { "group_index": 0, "value": 600.0, "center": [ -111.91300641259022, 40.3860036743083 ], "point_id": 159 }, "geometry": { "type": "Polygon", "coordinates": [ [ [ -111.977105, 40.378619 ], [ -111.974384, 40.378189 ], [ -111.974061, 40.378228 ], [ -111.965333, 40.376756 ], [ -111.959557, 40.373291 ], [ -111.958728, 40.367118 ], [ -111.959174, 40.365609 ], [ -111.959178, 40.365243 ], [ -111.957984, 40.361816 ], [ -111.957051, 40.360304 ], [ -111.955221, 40.360189 ], [ -111.951792, 40.359453 ], [ -111.947779, 40.358619 ], [ -111.946809, 40.358687 ], [ -111.94088, 40.352668 ], [ -111.940863, 40.350112 ], [ -111.940847, 40.347554 ], [ -111.940823, 40.344202 ], [ -111.940809, 40.342392 ], [ -111.940792, 40.340496 ], [ -111.940752, 40.339853 ], [ -111.940703, 40.339481 ], [ -111.93942, 40.338795 ], [ -111.938994, 40.338796 ], [ -111.938994, 40.338796 ], [ -111.938781, 40.338796 ], [ -111.937133, 40.339944 ], [ -111.936558, 40.342419 ], [ -111.935446, 40.344227 ], [ -111.935447, 40.344575 ], [ -111.935663, 40.34574 ], [ -111.935672, 40.34934 ], [ -111.934443, 40.356505 ], [ -111.934115, 40.356949 ], [ -111.933859, 40.357348 ], [ -111.933629, 40.357761 ], [ -111.933347, 40.358406 ], [ -111.92888, 40.362112 ], [ -111.924012, 40.360317 ], [ -111.916321, 40.355659 ], [ -111.918155, 40.35127 ], [ -111.925505, 40.346089 ], [ -111.925602, 40.346089 ], [ -111.925498, 40.344289 ], [ -111.925588, 40.342489 ], [ -111.917714, 40.338244 ], [ -111.91412, 40.338435 ], [ -111.91314, 40.342396 ], [ -111.910904, 40.346649 ], [ -111.904078, 40.3497 ], [ -111.903419, 40.349731 ], [ -111.90015, 40.354082 ], [ -111.898902, 40.356799 ], [ -111.893724, 40.362172 ], [ -111.8915, 40.362186 ], [ -111.887056, 40.360718 ], [ -111.878936, 40.363265 ], [ -111.873438, 40.365031 ], [ -111.868367, 40.363502 ], [ -111.862751, 40.362614 ], [ -111.861964, 40.36261 ], [ -111.858703, 40.362663 ], [ -111.853461, 40.363162 ], [ -111.847315, 40.368573 ], [ -111.844405, 40.370151 ], [ -111.839367, 40.372082 ], [ -111.840244, 40.375574 ], [ -111.834866, 40.381159 ], [ -111.833173, 40.382619 ], [ -111.831284, 40.38688 ], [ -111.831222, 40.389009 ], [ -111.831227, 40.389108 ], [ -111.835109, 40.393927 ], [ -111.836328, 40.395245 ], [ -111.836854, 40.395617 ], [ -111.8375, 40.396033 ], [ -111.838255, 40.396459 ], [ -111.840314, 40.397521 ], [ -111.842318, 40.398554 ], [ -111.8441, 40.39955 ], [ -111.849116, 40.406219 ], [ -111.852566, 40.410662 ], [ -111.857426, 40.415189 ], [ -111.859165, 40.415177 ], [ -111.861878, 40.415872 ], [ -111.865768, 40.422653 ], [ -111.866969, 40.424408 ], [ -111.86853, 40.425894 ], [ -111.868988, 40.425863 ], [ -111.870568, 40.424373 ], [ -111.878198, 40.428949 ], [ -111.878265, 40.429395 ], [ -111.884442, 40.430444 ], [ -111.892139, 40.429457 ], [ -111.893687, 40.430439 ], [ -111.894197, 40.430637 ], [ -111.896296, 40.430877 ], [ -111.896312, 40.430868 ], [ -111.897561, 40.428914 ], [ -111.89772, 40.428613 ], [ -111.90495, 40.424639 ], [ -111.90632, 40.425803 ], [ -111.909734, 40.427473 ], [ -111.910435, 40.42794 ], [ -111.915351, 40.429668 ], [ -111.916445, 40.429656 ], [ -111.922508, 40.43011 ], [ -111.925577, 40.432656 ], [ -111.927519, 40.434176 ], [ -111.929133, 40.44178 ], [ -111.92906, 40.443168 ], [ -111.929334, 40.443814 ], [ -111.929797, 40.444249 ], [ -111.934345, 40.448726 ], [ -111.935445, 40.452136 ], [ -111.935757, 40.452828 ], [ -111.937526, 40.455564 ], [ -111.938552, 40.455591 ], [ -111.938732, 40.455584 ], [ -111.940764, 40.453991 ], [ -111.939656, 40.451351 ], [ -111.938733, 40.449602 ], [ -111.938118, 40.448328 ], [ -111.937622, 40.447237 ], [ -111.936859, 40.445629 ], [ -111.936356, 40.444544 ], [ -111.934961, 40.441655 ], [ -111.934181, 40.4399 ], [ -111.932766, 40.436859 ], [ -111.930795, 40.432682 ], [ -111.930441, 40.431837 ], [ -111.930116, 40.430887 ], [ -111.929602, 40.429107 ], [ -111.929508, 40.422729 ], [ -111.935187, 40.415921 ], [ -111.935628, 40.415737 ], [ -111.936064, 40.415514 ], [ -111.936522, 40.415216 ], [ -111.937125, 40.414701 ], [ -111.940226, 40.412483 ], [ -111.942877, 40.4071 ], [ -111.94313, 40.406079 ], [ -111.94312, 40.405504 ], [ -111.94646, 40.397912 ], [ -111.949301, 40.396646 ], [ -111.951884, 40.392463 ], [ -111.953222, 40.384092 ], [ -111.955206, 40.383763 ], [ -111.959712, 40.384854 ], [ -111.963316, 40.386774 ], [ -111.964892, 40.387894 ], [ -111.965928, 40.388596 ], [ -111.967808, 40.387954 ], [ -111.972938, 40.383075 ], [ -111.977281, 40.382215 ], [ -111.977105, 40.378619 ] ] ] } },
{ "type": "Feature", "properties": { "group_index": 0, "value": 600.0, "center": [ -111.91683874386611, 40.553210573904444 ], "point_id": 160 }, "geometry": { "type": "Polygon", "coordinates": [ [ [ -111.983279, 40.543901 ], [ -111.981003, 40.536637 ], [ -111.980227, 40.535113 ], [ -111.976817, 40.533206 ], [ -111.976278, 40.53323 ], [ -111.972116, 40.533013 ], [ -111.965816, 40.530705 ], [ -111.964392, 40.527279 ], [ -111.964809, 40.522344 ], [ -111.964809, 40.522301 ], [ -111.963528, 40.520624 ], [ -111.957812, 40.51613 ], [ -111.957698, 40.516131 ], [ -111.956865, 40.516426 ], [ -111.955912, 40.517642 ], [ -111.947985, 40.518341 ], [ -111.945634, 40.514676 ], [ -111.945141, 40.51283 ], [ -111.944766, 40.511925 ], [ -111.943389, 40.507677 ], [ -111.941901, 40.505966 ], [ -111.940388, 40.50482 ], [ -111.938571, 40.504415 ], [ -111.931093, 40.500006 ], [ -111.930836, 40.500004 ], [ -111.930679, 40.500003 ], [ -111.928891, 40.500312 ], [ -111.928707, 40.50058 ], [ -111.927222, 40.502325 ], [ -111.926043, 40.503378 ], [ -111.923884, 40.508808 ], [ -111.922488, 40.509937 ], [ -111.921609, 40.510935 ], [ -111.918987, 40.513047 ], [ -111.910841, 40.51067 ], [ -111.90982, 40.503621 ], [ -111.909929, 40.503323 ], [ -111.915277, 40.498736 ], [ -111.914941, 40.495152 ], [ -111.914411, 40.495202 ], [ -111.913479, 40.495351 ], [ -111.912809, 40.495506 ], [ -111.912178, 40.495695 ], [ -111.911956, 40.495756 ], [ -111.91099, 40.496134 ], [ -111.910387, 40.496426 ], [ -111.90972, 40.496808 ], [ -111.90894, 40.497349 ], [ -111.90668, 40.499115 ], [ -111.903891, 40.501232 ], [ -111.903188, 40.501667 ], [ -111.902895, 40.501817 ], [ -111.902024, 40.502188 ], [ -111.90132, 40.502395 ], [ -111.901113, 40.502446 ], [ -111.90052, 40.502553 ], [ -111.900125, 40.502598 ], [ -111.899718, 40.50263 ], [ -111.893132, 40.496871 ], [ -111.894887, 40.490698 ], [ -111.897442, 40.488388 ], [ -111.901157, 40.487176 ], [ -111.901398, 40.487039 ], [ -111.901625, 40.486901 ], [ -111.901637, 40.486894 ], [ -111.903993, 40.481206 ], [ -111.906014, 40.478381 ], [ -111.907434, 40.476375 ], [ -111.908854, 40.474369 ], [ -111.910066, 40.472657 ], [ -111.911277, 40.470945 ], [ -111.908339, 40.468865 ], [ -111.907127, 40.470577 ], [ -111.905916, 40.472289 ], [ -111.904496, 40.474295 ], [ -111.903076, 40.476302 ], [ -111.897899, 40.482157 ], [ -111.892418, 40.488079 ], [ -111.891583, 40.488907 ], [ -111.891052, 40.489512 ], [ -111.89073, 40.489932 ], [ -111.8904, 40.490448 ], [ -111.89009, 40.491063 ], [ -111.889846, 40.491658 ], [ -111.884684, 40.498365 ], [ -111.883111, 40.499658 ], [ -111.882376, 40.500708 ], [ -111.882376, 40.500723 ], [ -111.883517, 40.505775 ], [ -111.880115, 40.512982 ], [ -111.88007, 40.513145 ], [ -111.879468, 40.515992 ], [ -111.877236, 40.520043 ], [ -111.871121, 40.52291 ], [ -111.869404, 40.524278 ], [ -111.869406, 40.524721 ], [ -111.869406, 40.525096 ], [ -111.869407, 40.525534 ], [ -111.870707, 40.526889 ], [ -111.871714, 40.535283 ], [ -111.869316, 40.536371 ], [ -111.862618, 40.53998 ], [ -111.858822, 40.542472 ], [ -111.85888, 40.544737 ], [ -111.857489, 40.551449 ], [ -111.856255, 40.558764 ], [ -111.856255, 40.558811 ], [ -111.857914, 40.560563 ], [ -111.861361, 40.561378 ], [ -111.863353, 40.561909 ], [ -111.869566, 40.567871 ], [ -111.869619, 40.571151 ], [ -111.868721, 40.573674 ], [ -111.870393, 40.575758 ], [ -111.871916, 40.577419 ], [ -111.874432, 40.578352 ], [ -111.877913, 40.582473 ], [ -111.876168, 40.587861 ], [ -111.876167, 40.58813 ], [ -111.87793, 40.589939 ], [ -111.883845, 40.594889 ], [ -111.889016, 40.601004 ], [ -111.890576, 40.602107 ], [ -111.894447, 40.604782 ], [ -111.89595, 40.605977 ], [ -111.896198, 40.605982 ], [ -111.903286, 40.608728 ], [ -111.903794, 40.611459 ], [ -111.900431, 40.616893 ], [ -111.898475, 40.618754 ], [ -111.897354, 40.620409 ], [ -111.897331, 40.620587 ], [ -111.897327, 40.620763 ], [ -111.897908, 40.621883 ], [ -111.900477, 40.630376 ], [ -111.900572, 40.630709 ], [ -111.902098, 40.637757 ], [ -111.901381, 40.63971 ], [ -111.901034, 40.641057 ], [ -111.900873, 40.642493 ], [ -111.900846, 40.642742 ], [ -111.904424, 40.64314 ], [ -111.906141, 40.637206 ], [ -111.906604, 40.63387 ], [ -111.906421, 40.632611 ], [ -111.906291, 40.632103 ], [ -111.904417, 40.626046 ], [ -111.909109, 40.622781 ], [ -111.909127, 40.619181 ], [ -111.907753, 40.613014 ], [ -111.907742, 40.612216 ], [ -111.907709, 40.611629 ], [ -111.907645, 40.611043 ], [ -111.906873, 40.607044 ], [ -111.912017, 40.600417 ], [ -111.91397, 40.598437 ], [ -111.913934, 40.598381 ], [ -111.91523, 40.589703 ], [ -111.916892, 40.589751 ], [ -111.918905, 40.590383 ], [ -111.921319, 40.591138 ], [ -111.925128, 40.593853 ], [ -111.927006, 40.596816 ], [ -111.927396, 40.598981 ], [ -111.927388, 40.599781 ], [ -111.929202, 40.600799 ], [ -111.929519, 40.600798 ], [ -111.930988, 40.599817 ], [ -111.933009, 40.595726 ], [ -111.938694, 40.593065 ], [ -111.94049, 40.591428 ], [ -111.948242, 40.586963 ], [ -111.949506, 40.586403 ], [ -111.950038, 40.585965 ], [ -111.951607, 40.581098 ], [ -111.955997, 40.574498 ], [ -111.958417, 40.575022 ], [ -111.959175, 40.575022 ], [ -111.959597, 40.574498 ], [ -111.961706, 40.570764 ], [ -111.96768, 40.56689 ], [ -111.970934, 40.564813 ], [ -111.97258, 40.563883 ], [ -111.973869, 40.562372 ], [ -111.973883, 40.562149 ], [ -111.972283, 40.560295 ], [ -111.969892, 40.552536 ], [ -111.97799, 40.548795 ], [ -111.978432, 40.548875 ], [ -111.98034, 40.548083 ], [ -111.982128, 40.546061 ], [ -111.983293, 40.544376 ], [ -111.983279, 40.543901 ] ] ] } },
{ "type": "Feature", "properties": { "group_index": 0, "value": 600.0, "center": [ -111.83504449875456, 40.76858312488465 ], "point_id": 161 }, "geometry": { "type": "Polygon", "coordinates": [ [ [ -111.88064, 40.767145 ], [ -111.881434, 40.760944 ], [ -111.881436, 40.760621 ], [ -111.881436, 40.760618 ], [ -111.880284, 40.758956 ], [ -111.876856, 40.756688 ], [ -111.872965, 40.752731 ], [ -111.86654, 40.748039 ], [ -111.865365, 40.747582 ], [ -111.865344, 40.747582 ], [ -111.861346, 40.747527 ], [ -111.857958, 40.74164 ], [ -111.857958, 40.741081 ], [ -111.857878, 40.739838 ], [ -111.853936, 40.736274 ], [ -111.848239, 40.735378 ], [ -111.847786, 40.735353 ], [ -111.839859, 40.732924 ], [ -111.838394, 40.73182 ], [ -111.832623, 40.727006 ], [ -111.830836, 40.725342 ], [ -111.830756, 40.725341 ], [ -111.825065, 40.725804 ], [ -111.817293, 40.726217 ], [ -111.815367, 40.726399 ], [ -111.814929, 40.726666 ], [ -111.814758, 40.726807 ], [ -111.814289, 40.728201 ], [ -111.813201, 40.731943 ], [ -111.813203, 40.732396 ], [ -111.813375, 40.733175 ], [ -111.813775, 40.73383 ], [ -111.814412, 40.740889 ], [ -111.808643, 40.745073 ], [ -111.808001, 40.745776 ], [ -111.800506, 40.749968 ], [ -111.80013, 40.750063 ], [ -111.799886, 40.750155 ], [ -111.798738, 40.750646 ], [ -111.800153, 40.753956 ], [ -111.804646, 40.753778 ], [ -111.805099, 40.753803 ], [ -111.805663, 40.75377 ], [ -111.806152, 40.753677 ], [ -111.806689, 40.753489 ], [ -111.807212, 40.753221 ], [ -111.809828, 40.752102 ], [ -111.815097, 40.752831 ], [ -111.817534, 40.757345 ], [ -111.82097, 40.761043 ], [ -111.823922, 40.764925 ], [ -111.824455, 40.765618 ], [ -111.82962, 40.770418 ], [ -111.829938, 40.770748 ], [ -111.835214, 40.773618 ], [ -111.842151, 40.776579 ], [ -111.845673, 40.782581 ], [ -111.848462, 40.782897 ], [ -111.85554, 40.781285 ], [ -111.85922, 40.78373 ], [ -111.860703, 40.786043 ], [ -111.860786, 40.78614 ], [ -111.862545, 40.786617 ], [ -111.862698, 40.78656 ], [ -111.869003, 40.783686 ], [ -111.870386, 40.782025 ], [ -111.873368, 40.776021 ], [ -111.875788, 40.774631 ], [ -111.877276, 40.773508 ], [ -111.87991, 40.769427 ], [ -111.88064, 40.767145 ] ] ] } },
{ "type": "Feature", "properties": { "group_index": 0, "value": 600.0, "center": [ -111.8467698, 40.761969 ], "point_id": 162 }, "geometry": { "type": "Polygon", "coordinates": [ [ [ -111.901566, 40.760629 ], [ -111.901563, 40.760124 ], [ -111.900427, 40.758839 ], [ -111.897987, 40.756673 ], [ -111.891724, 40.751705 ], [ -111.888547, 40.748631 ], [ -111.882585, 40.746217 ], [ -111.878592, 40.740532 ], [ -111.878029, 40.739833 ], [ -111.873066, 40.733891 ], [ -111.871793, 40.733015 ], [ -111.865603, 40.728065 ], [ -111.860018, 40.723597 ], [ -111.854558, 40.720332 ], [ -111.85418, 40.720208 ], [ -111.854031, 40.720207 ], [ -111.852473, 40.72071 ], [ -111.847858, 40.723983 ], [ -111.847518, 40.72444 ], [ -111.846461, 40.725845 ], [ -111.845672, 40.727287 ], [ -111.840469, 40.729603 ], [ -111.83667, 40.727369 ], [ -111.831642, 40.724334 ], [ -111.830918, 40.723703 ], [ -111.830673, 40.723706 ], [ -111.824329, 40.724022 ], [ -111.816403, 40.724878 ], [ -111.813755, 40.725155 ], [ -111.813229, 40.726434 ], [ -111.812312, 40.732894 ], [ -111.812307, 40.733094 ], [ -111.814125, 40.738635 ], [ -111.80851, 40.745201 ], [ -111.807913, 40.745867 ], [ -111.800506, 40.749968 ], [ -111.80013, 40.750063 ], [ -111.799886, 40.750155 ], [ -111.796597, 40.751259 ], [ -111.797448, 40.754757 ], [ -111.798494, 40.754503 ], [ -111.805099, 40.753803 ], [ -111.805663, 40.75377 ], [ -111.806152, 40.753677 ], [ -111.806689, 40.753489 ], [ -111.807212, 40.753221 ], [ -111.809828, 40.752102 ], [ -111.815097, 40.752831 ], [ -111.817534, 40.757345 ], [ -111.82097, 40.761043 ], [ -111.823922, 40.764925 ], [ -111.824455, 40.765618 ], [ -111.831736, 40.769912 ], [ -111.832859, 40.77088 ], [ -111.835657, 40.773567 ], [ -111.83649, 40.773658 ], [ -111.838644, 40.77426 ], [ -111.8426, 40.780598 ], [ -111.842717, 40.782333 ], [ -111.843201, 40.782863 ], [ -111.843253, 40.7829 ], [ -111.848706, 40.782946 ], [ -111.849266, 40.78303 ], [ -111.849969, 40.783071 ], [ -111.850685, 40.783071 ], [ -111.851938, 40.78307 ], [ -111.856148, 40.781376 ], [ -111.861072, 40.785843 ], [ -111.860576, 40.78923 ], [ -111.860622, 40.789467 ], [ -111.860705, 40.789659 ], [ -111.862519, 40.790542 ], [ -111.862665, 40.79051 ], [ -111.865026, 40.787583 ], [ -111.871482, 40.785937 ], [ -111.871557, 40.785937 ], [ -111.871558, 40.785937 ], [ -111.871632, 40.785937 ], [ -111.871752, 40.785929 ], [ -111.871826, 40.785918 ], [ -111.874821, 40.783701 ], [ -111.87636, 40.781998 ], [ -111.882318, 40.77805 ], [ -111.887899, 40.77384 ], [ -111.887909, 40.773825 ], [ -111.890454, 40.769051 ], [ -111.89707, 40.763807 ], [ -111.900437, 40.762439 ], [ -111.901407, 40.761598 ], [ -111.901566, 40.760629 ] ] ] } },
{ "type": "Feature", "properties": { "group_index": 0, "value": 600.0, "center": [ -111.8511019726345, 40.761876749992254 ], "point_id": 163 }, "geometry": { "type": "Polygon", "coordinates": [ [ [ -111.905901, 40.760653 ], [ -111.904341, 40.758828 ], [ -111.901859, 40.75666 ], [ -111.895964, 40.752404 ], [ -111.890884, 40.748012 ], [ -111.888009, 40.746247 ], [ -111.882085, 40.741315 ], [ -111.880846, 40.739828 ], [ -111.875375, 40.733312 ], [ -111.873079, 40.730516 ], [ -111.871766, 40.729569 ], [ -111.865471, 40.724513 ], [ -111.86288, 40.723648 ], [ -111.85592, 40.718067 ], [ -111.853934, 40.718319 ], [ -111.853615, 40.718385 ], [ -111.853091, 40.718593 ], [ -111.851942, 40.719481 ], [ -111.844277, 40.724022 ], [ -111.844245, 40.72404 ], [ -111.842284, 40.725177 ], [ -111.841507, 40.725586 ], [ -111.84049, 40.726917 ], [ -111.832615, 40.728155 ], [ -111.831098, 40.726825 ], [ -111.83082, 40.726824 ], [ -111.825062, 40.727345 ], [ -111.818342, 40.7278 ], [ -111.816569, 40.728726 ], [ -111.815347, 40.729797 ], [ -111.814197, 40.734344 ], [ -111.815199, 40.73583 ], [ -111.815844, 40.740473 ], [ -111.809377, 40.745816 ], [ -111.802701, 40.749995 ], [ -111.80243, 40.753585 ], [ -111.803701, 40.753681 ], [ -111.804646, 40.753778 ], [ -111.805099, 40.753803 ], [ -111.805663, 40.75377 ], [ -111.806152, 40.753677 ], [ -111.806689, 40.753489 ], [ -111.807212, 40.753221 ], [ -111.809828, 40.752102 ], [ -111.815097, 40.752831 ], [ -111.817534, 40.757345 ], [ -111.82097, 40.761043 ], [ -111.823922, 40.764925 ], [ -111.824455, 40.765618 ], [ -111.831184, 40.769449 ], [ -111.834609, 40.773187 ], [ -111.835687, 40.77408 ], [ -111.838644, 40.77426 ], [ -111.8426, 40.780598 ], [ -111.842717, 40.782333 ], [ -111.843201, 40.782863 ], [ -111.843316, 40.782945 ], [ -111.845731, 40.783824 ], [ -111.850566, 40.784385 ], [ -111.851779, 40.783969 ], [ -111.859961, 40.785763 ], [ -111.860588, 40.788546 ], [ -111.860622, 40.789467 ], [ -111.860844, 40.789921 ], [ -111.861158, 40.790354 ], [ -111.861857, 40.791047 ], [ -111.863963, 40.792104 ], [ -111.864531, 40.792321 ], [ -111.86477, 40.792043 ], [ -111.865043, 40.791635 ], [ -111.870513, 40.786112 ], [ -111.87336, 40.785434 ], [ -111.878177, 40.783709 ], [ -111.883862, 40.779593 ], [ -111.887891, 40.774539 ], [ -111.893083, 40.76902 ], [ -111.899893, 40.764683 ], [ -111.901405, 40.764115 ], [ -111.904506, 40.762424 ], [ -111.905901, 40.760684 ], [ -111.905901, 40.760653 ] ] ] } },
{ "type": "Feature", "properties": { "group_index": 0, "value": 600.0, "center": [ -111.9579652940613, 40.67128584941973 ], "point_id": 164 }, "geometry": { "type": "Polygon", "coordinates": [ [ [ -112.025395, 40.682919 ], [ -112.025179, 40.68136 ], [ -112.025155, 40.681273 ], [ -112.024202, 40.680293 ], [ -112.024705, 40.671956 ], [ -112.025515, 40.671315 ], [ -112.028954, 40.669369 ], [ -112.029167, 40.66759 ], [ -112.029171, 40.66711 ], [ -112.028943, 40.665769 ], [ -112.026476, 40.663827 ], [ -112.025048, 40.663117 ], [ -112.024187, 40.663148 ], [ -112.022876, 40.663841 ], [ -112.01481, 40.663402 ], [ -112.014126, 40.66288 ], [ -112.011785, 40.654836 ], [ -112.012944, 40.653161 ], [ -112.012943, 40.653028 ], [ -112.011784, 40.651236 ], [ -112.007327, 40.646178 ], [ -112.005841, 40.645386 ], [ -112.005515, 40.64539 ], [ -111.99872, 40.644435 ], [ -111.996609, 40.638664 ], [ -111.996609, 40.638561 ], [ -111.993685, 40.63383 ], [ -111.990086, 40.633901 ], [ -111.98577, 40.632811 ], [ -111.985271, 40.63262 ], [ -111.981577, 40.624555 ], [ -111.981825, 40.622311 ], [ -111.978358, 40.614463 ], [ -111.974758, 40.61441 ], [ -111.968018, 40.612271 ], [ -111.96572, 40.609518 ], [ -111.964886, 40.608407 ], [ -111.963996, 40.607694 ], [ -111.957998, 40.603767 ], [ -111.957796, 40.603768 ], [ -111.956005, 40.605363 ], [ -111.953034, 40.607654 ], [ -111.951726, 40.609342 ], [ -111.943114, 40.608701 ], [ -111.942609, 40.607776 ], [ -111.939878, 40.604846 ], [ -111.939609, 40.604763 ], [ -111.938881, 40.604675 ], [ -111.937813, 40.605207 ], [ -111.93252, 40.607729 ], [ -111.931374, 40.609658 ], [ -111.927397, 40.615811 ], [ -111.919683, 40.618772 ], [ -111.918092, 40.616378 ], [ -111.912441, 40.612821 ], [ -111.907388, 40.607821 ], [ -111.906919, 40.605353 ], [ -111.906446, 40.602894 ], [ -111.905973, 40.600432 ], [ -111.905321, 40.597074 ], [ -111.904622, 40.593114 ], [ -111.904473, 40.592617 ], [ -111.904155, 40.591668 ], [ -111.903059, 40.588574 ], [ -111.902101, 40.582368 ], [ -111.898503, 40.58225 ], [ -111.898419, 40.584835 ], [ -111.898485, 40.586475 ], [ -111.898655, 40.587892 ], [ -111.899275, 40.590099 ], [ -111.899746, 40.591252 ], [ -111.900667, 40.593142 ], [ -111.90121, 40.594672 ], [ -111.901787, 40.59776 ], [ -111.902439, 40.601118 ], [ -111.902911, 40.603574 ], [ -111.903383, 40.606033 ], [ -111.902506, 40.610994 ], [ -111.897186, 40.613027 ], [ -111.894786, 40.61309 ], [ -111.890704, 40.6125 ], [ -111.890683, 40.6125 ], [ -111.888212, 40.61329 ], [ -111.886525, 40.615082 ], [ -111.879708, 40.618967 ], [ -111.877931, 40.620457 ], [ -111.877929, 40.620756 ], [ -111.873152, 40.628235 ], [ -111.867878, 40.622172 ], [ -111.86788, 40.622054 ], [ -111.866358, 40.620316 ], [ -111.865083, 40.619849 ], [ -111.861339, 40.618847 ], [ -111.861313, 40.618838 ], [ -111.85788, 40.617995 ], [ -111.857714, 40.617948 ], [ -111.856076, 40.617686 ], [ -111.855466, 40.618191 ], [ -111.855197, 40.61853 ], [ -111.853679, 40.620831 ], [ -111.8528, 40.622672 ], [ -111.852793, 40.622693 ], [ -111.85279, 40.622705 ], [ -111.852785, 40.622726 ], [ -111.846731, 40.628946 ], [ -111.844829, 40.628942 ], [ -111.843783, 40.628988 ], [ -111.842187, 40.629152 ], [ -111.835794, 40.628295 ], [ -111.832195, 40.628243 ], [ -111.827004, 40.632594 ], [ -111.823931, 40.632601 ], [ -111.820902, 40.632608 ], [ -111.819793, 40.632584 ], [ -111.817758, 40.632464 ], [ -111.815648, 40.632341 ], [ -111.81488, 40.632328 ], [ -111.813892, 40.632324 ], [ -111.813, 40.63243 ], [ -111.81227, 40.632575 ], [ -111.811548, 40.632763 ], [ -111.810882, 40.633001 ], [ -111.809005, 40.634315 ], [ -111.808538, 40.634699 ], [ -111.810824, 40.63748 ], [ -111.81958, 40.636178 ], [ -111.820823, 40.636207 ], [ -111.823939, 40.636201 ], [ -111.827012, 40.636194 ], [ -111.828127, 40.636161 ], [ -111.829206, 40.636038 ], [ -111.831805, 40.635393 ], [ -111.83561, 40.634632 ], [ -111.838918, 40.633586 ], [ -111.841805, 40.63288 ], [ -111.844978, 40.632539 ], [ -111.852877, 40.634169 ], [ -111.857518, 40.634526 ], [ -111.865589, 40.638183 ], [ -111.865894, 40.638192 ], [ -111.865934, 40.638192 ], [ -111.866362, 40.638194 ], [ -111.874657, 40.641599 ], [ -111.874657, 40.641722 ], [ -111.876131, 40.643522 ], [ -111.878524, 40.648042 ], [ -111.878541, 40.648059 ], [ -111.880771, 40.648351 ], [ -111.886653, 40.650293 ], [ -111.886607, 40.655627 ], [ -111.8866, 40.655986 ], [ -111.888403, 40.658522 ], [ -111.88966, 40.66671 ], [ -111.888305, 40.668063 ], [ -111.88659, 40.669704 ], [ -111.882814, 40.672106 ], [ -111.881571, 40.672537 ], [ -111.879985, 40.674324 ], [ -111.879984, 40.674369 ], [ -111.8816, 40.676137 ], [ -111.887421, 40.678778 ], [ -111.891146, 40.680676 ], [ -111.891252, 40.680676 ], [ -111.891253, 40.680676 ], [ -111.891359, 40.680676 ], [ -111.897956, 40.686216 ], [ -111.898037, 40.686889 ], [ -111.898078, 40.68702 ], [ -111.899983, 40.694753 ], [ -111.89987, 40.696204 ], [ -111.899803, 40.697038 ], [ -111.899815, 40.697837 ], [ -111.899886, 40.698648 ], [ -111.900042, 40.699523 ], [ -111.900232, 40.700165 ], [ -111.900298, 40.700359 ], [ -111.906209, 40.701554 ], [ -111.907312, 40.701712 ], [ -111.908171, 40.701722 ], [ -111.915138, 40.70706 ], [ -111.916943, 40.708706 ], [ -111.917387, 40.716861 ], [ -111.915616, 40.71862 ], [ -111.907655, 40.71837 ], [ -111.906044, 40.717244 ], [ -111.905472, 40.716811 ], [ -111.905001, 40.71654 ], [ -111.904627, 40.716366 ], [ -111.903103, 40.719628 ], [ -111.904297, 40.723176 ], [ -111.904504, 40.72368 ], [ -111.904772, 40.724139 ], [ -111.905073, 40.724532 ], [ -111.90536, 40.724837 ], [ -111.906546, 40.726029 ], [ -111.908561, 40.726263 ], [ -111.90903, 40.726291 ], [ -111.909556, 40.726282 ], [ -111.910066, 40.726241 ], [ -111.918641, 40.726475 ], [ -111.919768, 40.72647 ], [ -111.923707, 40.726082 ], [ -111.930021, 40.727717 ], [ -111.930792, 40.727716 ], [ -111.93714, 40.731864 ], [ -111.937337, 40.737858 ], [ -111.937336, 40.737962 ], [ -111.937185, 40.739684 ], [ -111.937184, 40.73979 ], [ -111.937163, 40.741622 ], [ -111.937163, 40.741656 ], [ -111.937913, 40.742352 ], [ -111.938686, 40.74294 ], [ -111.938942, 40.742943 ], [ -111.946098, 40.745244 ], [ -111.946768, 40.749248 ], [ -111.946633, 40.75293 ], [ -111.946835, 40.754492 ], [ -111.94673, 40.762586 ], [ -111.946821, 40.763292 ], [ -111.947331, 40.771737 ], [ -111.947271, 40.774531 ], [ -111.947237, 40.776359 ], [ -111.947089, 40.779113 ], [ -111.950666, 40.779523 ], [ -111.9508, 40.778845 ], [ -111.950803, 40.778228 ], [ -111.950837, 40.776425 ], [ -111.95087, 40.774598 ], [ -111.951872, 40.76693 ], [ -111.952517, 40.763523 ], [ -111.950947, 40.755644 ], [ -111.950682, 40.754771 ], [ -111.95061, 40.754576 ], [ -111.950212, 40.752538 ], [ -111.952111, 40.747611 ], [ -111.958065, 40.7466 ], [ -111.958069, 40.7466 ], [ -111.964377, 40.742295 ], [ -111.965398, 40.740718 ], [ -111.965548, 40.740475 ], [ -111.965547, 40.740389 ], [ -111.968295, 40.732659 ], [ -111.970037, 40.731635 ], [ -111.977755, 40.727905 ], [ -111.980632, 40.727831 ], [ -111.985109, 40.728674 ], [ -111.98538, 40.728715 ], [ -111.986296, 40.728615 ], [ -111.993482, 40.727701 ], [ -111.995641, 40.727707 ], [ -111.9978, 40.727713 ], [ -111.99781, 40.724113 ], [ -111.995651, 40.724107 ], [ -111.993492, 40.724101 ], [ -111.990843, 40.724103 ], [ -111.986872, 40.716918 ], [ -111.987749, 40.712499 ], [ -111.992457, 40.70678 ], [ -111.996574, 40.705686 ], [ -111.998036, 40.703889 ], [ -112.002987, 40.699106 ], [ -112.005737, 40.699031 ], [ -112.005739, 40.699031 ], [ -112.006905, 40.698379 ], [ -112.008018, 40.696621 ], [ -112.008349, 40.695895 ], [ -112.015585, 40.691487 ], [ -112.017057, 40.690545 ], [ -112.017054, 40.689678 ], [ -112.023536, 40.684132 ], [ -112.023588, 40.684137 ], [ -112.024175, 40.683893 ], [ -112.025369, 40.682993 ], [ -112.025395, 40.682919 ] ] ] } },
{ "type": "Feature", "properties": { "group_index": 0, "value": 600.0, "center": [ -111.90410719913257, 40.761690321589946 ], "point_id": 165 }, "geometry": { "type": "Polygon", "coordinates": [ [ [ -112.071461, 40.76933 ], [ -112.068855, 40.769332 ], [ -112.066248, 40.769334 ], [ -112.063195, 40.769336 ], [ -112.060142, 40.769338 ], [ -112.057088, 40.76934 ], [ -112.054035, 40.769342 ], [ -112.051245, 40.769336 ], [ -112.04845, 40.76933 ], [ -112.045654, 40.769324 ], [ -112.042859, 40.769318 ], [ -112.039557, 40.769351 ], [ -112.036733, 40.769358 ], [ -112.034686, 40.769362 ], [ -112.026867, 40.765076 ], [ -112.025337, 40.764059 ], [ -112.025156, 40.764056 ], [ -112.023334, 40.765765 ], [ -112.017359, 40.769137 ], [ -112.014496, 40.769375 ], [ -112.012884, 40.769272 ], [ -112.011969, 40.769194 ], [ -112.011437, 40.769134 ], [ -112.010758, 40.769051 ], [ -112.004837, 40.767329 ], [ -112.004086, 40.767095 ], [ -112.002699, 40.766807 ], [ -112.000259, 40.766041 ], [ -111.996993, 40.76456 ], [ -111.996374, 40.764269 ], [ -111.995518, 40.763913 ], [ -111.9947, 40.763642 ], [ -111.98881, 40.756849 ], [ -111.988799, 40.753411 ], [ -111.988797, 40.753069 ], [ -111.985197, 40.753082 ], [ -111.985199, 40.753425 ], [ -111.98521, 40.756851 ], [ -111.978882, 40.762613 ], [ -111.974881, 40.758353 ], [ -111.973914, 40.756977 ], [ -111.973423, 40.756603 ], [ -111.973189, 40.756601 ], [ -111.971376, 40.756334 ], [ -111.969643, 40.756337 ], [ -111.963419, 40.754913 ], [ -111.962111, 40.749804 ], [ -111.967919, 40.744111 ], [ -111.972237, 40.742281 ], [ -111.973945, 40.740443 ], [ -111.973943, 40.740393 ], [ -111.973943, 40.740388 ], [ -111.97394, 40.740338 ], [ -111.972235, 40.738681 ], [ -111.972144, 40.738681 ], [ -111.969402, 40.737886 ], [ -111.968039, 40.737012 ], [ -111.970825, 40.728519 ], [ -111.973248, 40.728305 ], [ -111.975673, 40.728092 ], [ -111.977755, 40.727905 ], [ -111.979951, 40.727759 ], [ -111.980632, 40.727831 ], [ -111.981675, 40.727876 ], [ -111.982819, 40.727713 ], [ -111.982759, 40.724113 ], [ -111.980965, 40.724143 ], [ -111.980093, 40.724171 ], [ -111.977548, 40.724311 ], [ -111.975353, 40.724506 ], [ -111.972932, 40.724719 ], [ -111.967832, 40.724615 ], [ -111.965001, 40.724759 ], [ -111.962159, 40.724267 ], [ -111.961279, 40.724155 ], [ -111.960409, 40.724092 ], [ -111.955585, 40.717002 ], [ -111.955706, 40.715466 ], [ -111.955702, 40.713381 ], [ -111.955588, 40.711472 ], [ -111.955373, 40.708884 ], [ -111.955159, 40.706295 ], [ -111.954945, 40.703706 ], [ -111.954806, 40.700373 ], [ -111.954875, 40.698895 ], [ -111.954295, 40.695235 ], [ -111.950707, 40.695527 ], [ -111.95078, 40.696418 ], [ -111.951001, 40.699444 ], [ -111.951142, 40.701129 ], [ -111.951141, 40.701395 ], [ -111.951357, 40.704003 ], [ -111.951571, 40.706592 ], [ -111.951786, 40.709181 ], [ -111.952, 40.71177 ], [ -111.952109, 40.713596 ], [ -111.952105, 40.715466 ], [ -111.951873, 40.717132 ], [ -111.951651, 40.718635 ], [ -111.949065, 40.72185 ], [ -111.941657, 40.719476 ], [ -111.940779, 40.718345 ], [ -111.939082, 40.716676 ], [ -111.938979, 40.716676 ], [ -111.938754, 40.71674 ], [ -111.937179, 40.718346 ], [ -111.93644, 40.719009 ], [ -111.931235, 40.722308 ], [ -111.930944, 40.722357 ], [ -111.928451, 40.722404 ], [ -111.926408, 40.7225 ], [ -111.9236, 40.714113 ], [ -111.923598, 40.714004 ], [ -111.92292, 40.707211 ], [ -111.926463, 40.702828 ], [ -111.928605, 40.701094 ], [ -111.929325, 40.699126 ], [ -111.929297, 40.69891 ], [ -111.92838, 40.697501 ], [ -111.927202, 40.697171 ], [ -111.920527, 40.693126 ], [ -111.918699, 40.69178 ], [ -111.91729, 40.690814 ], [ -111.914663, 40.688612 ], [ -111.912985, 40.687099 ], [ -111.910344, 40.679333 ], [ -111.914436, 40.676143 ], [ -111.917224, 40.675406 ], [ -111.916305, 40.671925 ], [ -111.907972, 40.669019 ], [ -111.906399, 40.6672 ], [ -111.90349, 40.659328 ], [ -111.904407, 40.656323 ], [ -111.904198, 40.652486 ], [ -111.904288, 40.649036 ], [ -111.904589, 40.646183 ], [ -111.904935, 40.64289 ], [ -111.905134, 40.641209 ], [ -111.901592, 40.640563 ], [ -111.901514, 40.640993 ], [ -111.901353, 40.642528 ], [ -111.901009, 40.645805 ], [ -111.900708, 40.648658 ], [ -111.899235, 40.655804 ], [ -111.899199, 40.657755 ], [ -111.899768, 40.663287 ], [ -111.897878, 40.668459 ], [ -111.890179, 40.670863 ], [ -111.890057, 40.670906 ], [ -111.888405, 40.671621 ], [ -111.887487, 40.672466 ], [ -111.886588, 40.673361 ], [ -111.885802, 40.674237 ], [ -111.885802, 40.674267 ], [ -111.887451, 40.676066 ], [ -111.890673, 40.677 ], [ -111.894346, 40.685188 ], [ -111.893558, 40.68637 ], [ -111.890222, 40.689591 ], [ -111.889322, 40.690448 ], [ -111.886569, 40.694169 ], [ -111.886371, 40.694753 ], [ -111.884145, 40.698749 ], [ -111.877108, 40.698067 ], [ -111.873269, 40.693408 ], [ -111.871718, 40.691609 ], [ -111.871473, 40.691608 ], [ -111.869669, 40.693394 ], [ -111.865042, 40.699746 ], [ -111.865041, 40.699846 ], [ -111.86367, 40.704451 ], [ -111.855705, 40.708433 ], [ -111.854335, 40.708053 ], [ -111.854319, 40.708054 ], [ -111.848515, 40.710893 ], [ -111.847218, 40.712584 ], [ -111.83957, 40.716182 ], [ -111.836785, 40.715605 ], [ -111.834432, 40.714686 ], [ -111.833124, 40.71402 ], [ -111.831827, 40.713547 ], [ -111.825381, 40.710169 ], [ -111.82315, 40.709515 ], [ -111.823073, 40.709515 ], [ -111.817194, 40.71069 ], [ -111.81653, 40.710807 ], [ -111.815925, 40.710955 ], [ -111.807415, 40.710638 ], [ -111.806739, 40.710444 ], [ -111.806078, 40.71029 ], [ -111.80526, 40.713796 ], [ -111.805536, 40.715605 ], [ -111.80646, 40.715862 ], [ -111.807031, 40.715987 ], [ -111.807901, 40.716123 ], [ -111.808669, 40.71618 ], [ -111.811185, 40.716292 ], [ -111.813666, 40.716403 ], [ -111.814416, 40.716369 ], [ -111.814977, 40.716296 ], [ -111.815554, 40.716173 ], [ -111.81598, 40.716037 ], [ -111.824503, 40.715265 ], [ -111.825705, 40.715617 ], [ -111.827633, 40.716114 ], [ -111.827795, 40.716164 ], [ -111.83277, 40.717879 ], [ -111.834457, 40.718663 ], [ -111.835785, 40.719063 ], [ -111.838834, 40.719706 ], [ -111.840716, 40.720133 ], [ -111.842628, 40.720566 ], [ -111.844491, 40.720933 ], [ -111.851967, 40.72559 ], [ -111.853232, 40.727157 ], [ -111.85372, 40.727146 ], [ -111.855555, 40.7253 ], [ -111.864018, 40.725409 ], [ -111.8658, 40.727175 ], [ -111.869307, 40.732663 ], [ -111.865985, 40.73983 ], [ -111.864202, 40.74167 ], [ -111.863548, 40.742215 ], [ -111.858465, 40.748575 ], [ -111.853468, 40.750153 ], [ -111.852102, 40.751502 ], [ -111.849232, 40.754095 ], [ -111.843413, 40.755795 ], [ -111.840793, 40.756638 ], [ -111.840787, 40.760238 ], [ -111.843974, 40.761233 ], [ -111.850541, 40.765433 ], [ -111.852121, 40.768884 ], [ -111.852395, 40.769857 ], [ -111.853208, 40.771152 ], [ -111.860639, 40.77463 ], [ -111.864422, 40.775742 ], [ -111.868276, 40.77974 ], [ -111.869763, 40.782328 ], [ -111.870769, 40.783693 ], [ -111.878345, 40.787959 ], [ -111.881552, 40.789596 ], [ -111.884694, 40.791489 ], [ -111.884919, 40.791265 ], [ -111.887772, 40.789062 ], [ -111.889652, 40.78829 ], [ -111.897662, 40.78707 ], [ -111.899875, 40.791811 ], [ -111.901403, 40.794339 ], [ -111.901858, 40.795143 ], [ -111.90233, 40.795746 ], [ -111.90288, 40.796265 ], [ -111.905518, 40.798369 ], [ -111.908497, 40.800518 ], [ -111.912085, 40.808672 ], [ -111.912138, 40.809247 ], [ -111.912182, 40.810123 ], [ -111.912344, 40.811488 ], [ -111.912405, 40.811876 ], [ -111.914048, 40.820255 ], [ -111.913344, 40.825093 ], [ -111.912639, 40.82805 ], [ -111.910762, 40.833291 ], [ -111.910252, 40.834474 ], [ -111.909666, 40.836053 ], [ -111.908483, 40.839032 ], [ -111.909033, 40.840263 ], [ -111.910255, 40.842386 ], [ -111.908744, 40.851125 ], [ -111.907149, 40.852906 ], [ -111.905555, 40.854688 ], [ -111.904044, 40.856381 ], [ -111.90395, 40.85648 ], [ -111.902063, 40.858321 ], [ -111.901939, 40.858434 ], [ -111.900968, 40.859304 ], [ -111.89846, 40.862872 ], [ -111.896879, 40.865516 ], [ -111.896565, 40.866198 ], [ -111.896089, 40.867407 ], [ -111.895614, 40.868875 ], [ -111.89536, 40.869906 ], [ -111.895112, 40.871534 ], [ -111.89867, 40.872077 ], [ -111.901968, 40.864214 ], [ -111.903069, 40.862941 ], [ -111.905091, 40.860632 ], [ -111.906558, 40.858958 ], [ -111.906652, 40.858859 ], [ -111.908237, 40.857089 ], [ -111.909832, 40.855307 ], [ -111.911426, 40.853526 ], [ -111.913021, 40.851744 ], [ -111.913894, 40.850779 ], [ -111.914752, 40.849725 ], [ -111.91538, 40.848729 ], [ -111.915982, 40.847503 ], [ -111.916254, 40.846826 ], [ -111.916449, 40.846242 ], [ -111.916639, 40.845412 ], [ -111.916856, 40.844247 ], [ -111.916945, 40.843442 ], [ -111.917013, 40.842094 ], [ -111.920707, 40.835816 ], [ -111.923551, 40.835799 ], [ -111.926498, 40.835778 ], [ -111.928799, 40.835736 ], [ -111.932901, 40.835701 ], [ -111.940154, 40.839878 ], [ -111.940687, 40.841766 ], [ -111.940884, 40.842768 ], [ -111.940997, 40.843534 ], [ -111.941063, 40.844357 ], [ -111.941093, 40.846357 ], [ -111.941126, 40.848414 ], [ -111.941267, 40.851428 ], [ -111.941444, 40.853442 ], [ -111.94503, 40.853126 ], [ -111.944853, 40.851113 ], [ -111.944722, 40.848247 ], [ -111.944693, 40.846302 ], [ -111.944662, 40.844302 ], [ -111.944587, 40.843261 ], [ -111.944448, 40.842261 ], [ -111.94422, 40.841078 ], [ -111.946181, 40.832379 ], [ -111.946659, 40.831918 ], [ -111.947098, 40.831454 ], [ -111.947761, 40.830616 ], [ -111.948339, 40.829558 ], [ -111.948841, 40.828302 ], [ -111.949243, 40.827123 ], [ -111.955321, 40.821765 ], [ -111.95688, 40.818479 ], [ -111.964148, 40.814842 ], [ -111.967318, 40.814836 ], [ -111.967311, 40.811236 ], [ -111.964141, 40.811242 ], [ -111.957944, 40.809258 ], [ -111.955379, 40.806205 ], [ -111.953575, 40.801096 ], [ -111.954518, 40.79723 ], [ -111.954539, 40.795422 ], [ -111.954543, 40.795284 ], [ -111.954545, 40.795006 ], [ -111.953563, 40.790007 ], [ -111.953547, 40.789065 ], [ -111.953548, 40.788273 ], [ -111.953549, 40.787868 ], [ -111.957392, 40.77985 ], [ -111.957385, 40.779186 ], [ -111.957485, 40.777288 ], [ -111.957599, 40.776147 ], [ -111.961679, 40.768562 ], [ -111.963144, 40.768027 ], [ -111.9644, 40.767664 ], [ -111.96615, 40.767194 ], [ -111.967014, 40.767013 ], [ -111.968073, 40.766836 ], [ -111.969379, 40.766718 ], [ -111.97038, 40.766686 ], [ -111.971404, 40.766691 ], [ -111.975829, 40.774155 ], [ -111.977603, 40.780204 ], [ -111.977434, 40.781957 ], [ -111.977436, 40.781981 ], [ -111.977446, 40.782049 ], [ -111.978038, 40.782662 ], [ -111.979405, 40.784202 ], [ -111.980309, 40.784955 ], [ -111.980772, 40.785257 ], [ -111.982635, 40.785537 ], [ -111.98588, 40.785322 ], [ -111.985642, 40.781729 ], [ -111.986395, 40.776986 ], [ -111.987132, 40.774181 ], [ -111.987394, 40.773636 ], [ -111.987527, 40.773266 ], [ -111.994597, 40.76792 ], [ -111.996931, 40.768886 ], [ -111.998743, 40.769666 ], [ -112.003173, 40.776597 ], [ -112.001337, 40.779909 ], [ -112.002401, 40.781361 ], [ -112.003447, 40.782826 ], [ -112.004287, 40.784606 ], [ -112.004407, 40.784768 ], [ -112.005612, 40.785802 ], [ -112.005848, 40.785894 ], [ -112.006187, 40.785928 ], [ -112.011701, 40.78319 ], [ -112.012399, 40.781853 ], [ -112.016602, 40.778233 ], [ -112.023182, 40.779997 ], [ -112.024976, 40.781748 ], [ -112.025014, 40.781748 ], [ -112.029766, 40.779086 ], [ -112.029996, 40.778907 ], [ -112.036739, 40.772958 ], [ -112.039593, 40.772951 ], [ -112.042851, 40.772918 ], [ -112.045646, 40.772924 ], [ -112.048442, 40.77293 ], [ -112.051237, 40.772936 ], [ -112.053971, 40.772941 ], [ -112.061094, 40.773781 ], [ -112.061634, 40.773846 ], [ -112.068857, 40.772932 ], [ -112.071464, 40.77293 ], [ -112.071461, 40.76933 ] ] ] } },
{ "type": "Feature", "properties": { "group_index": 0, "value": 600.0, "center": [ -111.904781, 40.7631369 ], "point_id": 166 }, "geometry": { "type": "Polygon", "coordinates": [ [ [ -112.051038, 40.769336 ], [ -112.04845, 40.76933 ], [ -112.045654, 40.769324 ], [ -112.042859, 40.769318 ], [ -112.039557, 40.769351 ], [ -112.036733, 40.769358 ], [ -112.034686, 40.769362 ], [ -112.031916, 40.769367 ], [ -112.0243, 40.76734 ], [ -112.02369, 40.767371 ], [ -112.023325, 40.767419 ], [ -112.015926, 40.76941 ], [ -112.014496, 40.769375 ], [ -112.012884, 40.769272 ], [ -112.011969, 40.769194 ], [ -112.011437, 40.769134 ], [ -112.004837, 40.767329 ], [ -112.004086, 40.767095 ], [ -112.000259, 40.766041 ], [ -111.996993, 40.76456 ], [ -111.996374, 40.764269 ], [ -111.995518, 40.763913 ], [ -111.9947, 40.763642 ], [ -111.994577, 40.763605 ], [ -111.98881, 40.756807 ], [ -111.98701, 40.75685 ], [ -111.98521, 40.756809 ], [ -111.97969, 40.762794 ], [ -111.977089, 40.762793 ], [ -111.974586, 40.762796 ], [ -111.974487, 40.762793 ], [ -111.971325, 40.762821 ], [ -111.966338, 40.756595 ], [ -111.962943, 40.756597 ], [ -111.959, 40.756633 ], [ -111.954785, 40.751054 ], [ -111.95834, 40.745832 ], [ -111.95985, 40.744773 ], [ -111.964338, 40.742295 ], [ -111.965398, 40.740707 ], [ -111.965548, 40.740475 ], [ -111.965547, 40.740394 ], [ -111.964335, 40.738695 ], [ -111.963746, 40.738695 ], [ -111.959824, 40.736516 ], [ -111.958203, 40.734925 ], [ -111.964084, 40.728505 ], [ -111.965995, 40.728489 ], [ -111.96722, 40.728567 ], [ -111.967646, 40.728572 ], [ -111.96769, 40.724973 ], [ -111.967265, 40.724967 ], [ -111.966231, 40.724897 ], [ -111.965001, 40.724759 ], [ -111.962159, 40.724267 ], [ -111.961279, 40.724155 ], [ -111.960409, 40.724092 ], [ -111.955585, 40.717002 ], [ -111.955706, 40.715466 ], [ -111.955702, 40.713381 ], [ -111.955588, 40.711472 ], [ -111.955379, 40.708954 ], [ -111.955171, 40.706435 ], [ -111.951583, 40.706732 ], [ -111.951791, 40.709251 ], [ -111.952, 40.71177 ], [ -111.952109, 40.713596 ], [ -111.952105, 40.715466 ], [ -111.951873, 40.717132 ], [ -111.944765, 40.722418 ], [ -111.943698, 40.722451 ], [ -111.942669, 40.722364 ], [ -111.938936, 40.720905 ], [ -111.938725, 40.720925 ], [ -111.935297, 40.722094 ], [ -111.932126, 40.722503 ], [ -111.92851, 40.72257 ], [ -111.924884, 40.722637 ], [ -111.919984, 40.715183 ], [ -111.919075, 40.713426 ], [ -111.920406, 40.704792 ], [ -111.923944, 40.701573 ], [ -111.924621, 40.701236 ], [ -111.925323, 40.70001 ], [ -111.925328, 40.699818 ], [ -111.924622, 40.697636 ], [ -111.91731, 40.694002 ], [ -111.911494, 40.689886 ], [ -111.907307, 40.687964 ], [ -111.905732, 40.68623 ], [ -111.907274, 40.677873 ], [ -111.90904, 40.676822 ], [ -111.909319, 40.675325 ], [ -111.909468, 40.673248 ], [ -111.903391, 40.66715 ], [ -111.903368, 40.663266 ], [ -111.90349, 40.659328 ], [ -111.903919, 40.656942 ], [ -111.90395, 40.652203 ], [ -111.900375, 40.651783 ], [ -111.900099, 40.654129 ], [ -111.899852, 40.657095 ], [ -111.899749, 40.658653 ], [ -111.899745, 40.659392 ], [ -111.899768, 40.663287 ], [ -111.899791, 40.667171 ], [ -111.894589, 40.672647 ], [ -111.894631, 40.676247 ], [ -111.900076, 40.68045 ], [ -111.89908, 40.686301 ], [ -111.897751, 40.68782 ], [ -111.893923, 40.690756 ], [ -111.892188, 40.692415 ], [ -111.889332, 40.6962 ], [ -111.88657, 40.699013 ], [ -111.886392, 40.699778 ], [ -111.882046, 40.705784 ], [ -111.87411, 40.702581 ], [ -111.873241, 40.700299 ], [ -111.872276, 40.699559 ], [ -111.871492, 40.699 ], [ -111.871438, 40.699 ], [ -111.869641, 40.700307 ], [ -111.869642, 40.700804 ], [ -111.869626, 40.70348 ], [ -111.864165, 40.708111 ], [ -111.863665, 40.708597 ], [ -111.860617, 40.71089 ], [ -111.85535, 40.712823 ], [ -111.851754, 40.712654 ], [ -111.845186, 40.7174 ], [ -111.843424, 40.717055 ], [ -111.841512, 40.716622 ], [ -111.83957, 40.716182 ], [ -111.834432, 40.714686 ], [ -111.833124, 40.71402 ], [ -111.831827, 40.713547 ], [ -111.825779, 40.711487 ], [ -111.820775, 40.710695 ], [ -111.820141, 40.710607 ], [ -111.819646, 40.714173 ], [ -111.82006, 40.714265 ], [ -111.824503, 40.715265 ], [ -111.825705, 40.715617 ], [ -111.827795, 40.716164 ], [ -111.83277, 40.717879 ], [ -111.834457, 40.718663 ], [ -111.835785, 40.719063 ], [ -111.838834, 40.719706 ], [ -111.840716, 40.720133 ], [ -111.842628, 40.720566 ], [ -111.844491, 40.720933 ], [ -111.845742, 40.721121 ], [ -111.85134, 40.722649 ], [ -111.852208, 40.722935 ], [ -111.854819, 40.723441 ], [ -111.8557, 40.722984 ], [ -111.859658, 40.721295 ], [ -111.867555, 40.724183 ], [ -111.869194, 40.727185 ], [ -111.871104, 40.728794 ], [ -111.871121, 40.728794 ], [ -111.877371, 40.727232 ], [ -111.881686, 40.733385 ], [ -111.876803, 40.736566 ], [ -111.87636, 40.736565 ], [ -111.874995, 40.737594 ], [ -111.871492, 40.738252 ], [ -111.871265, 40.738252 ], [ -111.871062, 40.738307 ], [ -111.869466, 40.739699 ], [ -111.8693, 40.7401 ], [ -111.863537, 40.746818 ], [ -111.858925, 40.750111 ], [ -111.852082, 40.754262 ], [ -111.84657, 40.756631 ], [ -111.846594, 40.760231 ], [ -111.852881, 40.765048 ], [ -111.856271, 40.769423 ], [ -111.857863, 40.77116 ], [ -111.863318, 40.774631 ], [ -111.869762, 40.780113 ], [ -111.871472, 40.781866 ], [ -111.875035, 40.783702 ], [ -111.879862, 40.786195 ], [ -111.883972, 40.789376 ], [ -111.884407, 40.78972 ], [ -111.884577, 40.789825 ], [ -111.885832, 40.78977 ], [ -111.886858, 40.789658 ], [ -111.887175, 40.788715 ], [ -111.891493, 40.785045 ], [ -111.897662, 40.78707 ], [ -111.899875, 40.791811 ], [ -111.901403, 40.794339 ], [ -111.901858, 40.795143 ], [ -111.90233, 40.795746 ], [ -111.90288, 40.796265 ], [ -111.905518, 40.798369 ], [ -111.908497, 40.800518 ], [ -111.912085, 40.808672 ], [ -111.912141, 40.80931 ], [ -111.91527, 40.816385 ], [ -111.914565, 40.818148 ], [ -111.914316, 40.818692 ], [ -111.914167, 40.819202 ], [ -111.914085, 40.819676 ], [ -111.914048, 40.820255 ], [ -111.913977, 40.823009 ], [ -111.911825, 40.831501 ], [ -111.911191, 40.836016 ], [ -111.911248, 40.83613 ], [ -111.913365, 40.843071 ], [ -111.911232, 40.848356 ], [ -111.910339, 40.849343 ], [ -111.908744, 40.851125 ], [ -111.907149, 40.852906 ], [ -111.905555, 40.854688 ], [ -111.904044, 40.856381 ], [ -111.902669, 40.857723 ], [ -111.901759, 40.858968 ], [ -111.904461, 40.861347 ], [ -111.906652, 40.858859 ], [ -111.908237, 40.857089 ], [ -111.909832, 40.855307 ], [ -111.911426, 40.853526 ], [ -111.913021, 40.851744 ], [ -111.913894, 40.850779 ], [ -111.914752, 40.849725 ], [ -111.91538, 40.848729 ], [ -111.915982, 40.847503 ], [ -111.916254, 40.846826 ], [ -111.916449, 40.846242 ], [ -111.916639, 40.845412 ], [ -111.916856, 40.844247 ], [ -111.916945, 40.843442 ], [ -111.917013, 40.842094 ], [ -111.9171, 40.838768 ], [ -111.917173, 40.835779 ], [ -111.917221, 40.83378 ], [ -111.917347, 40.831417 ], [ -111.917612, 40.828217 ], [ -111.917743, 40.825728 ], [ -111.917869, 40.823294 ], [ -111.925161, 40.818566 ], [ -111.926154, 40.818962 ], [ -111.934432, 40.818572 ], [ -111.936171, 40.819676 ], [ -111.939756, 40.820002 ], [ -111.945833, 40.825967 ], [ -111.944877, 40.827914 ], [ -111.944019, 40.829195 ], [ -111.943583, 40.829652 ], [ -111.938373, 40.831042 ], [ -111.933574, 40.832095 ], [ -111.930157, 40.832124 ], [ -111.930187, 40.835724 ], [ -111.933604, 40.835695 ], [ -111.940146, 40.839849 ], [ -111.940703, 40.841847 ], [ -111.944171, 40.84088 ], [ -111.946181, 40.832379 ], [ -111.946659, 40.831918 ], [ -111.947098, 40.831454 ], [ -111.947761, 40.830616 ], [ -111.948339, 40.829558 ], [ -111.948841, 40.828302 ], [ -111.949243, 40.827123 ], [ -111.950193, 40.82479 ], [ -111.950557, 40.823838 ], [ -111.950699, 40.823426 ], [ -111.953805, 40.818471 ], [ -111.960123, 40.81485 ], [ -111.960116, 40.81125 ], [ -111.955379, 40.806205 ], [ -111.953575, 40.801096 ], [ -111.954518, 40.79723 ], [ -111.954539, 40.795422 ], [ -111.954543, 40.795284 ], [ -111.954545, 40.795006 ], [ -111.953563, 40.790007 ], [ -111.953547, 40.789065 ], [ -111.953548, 40.788273 ], [ -111.953549, 40.787868 ], [ -111.957392, 40.77985 ], [ -111.957385, 40.779186 ], [ -111.957485, 40.777288 ], [ -111.957599, 40.776147 ], [ -111.961679, 40.768562 ], [ -111.963144, 40.768027 ], [ -111.9644, 40.767664 ], [ -111.96615, 40.767194 ], [ -111.967014, 40.767013 ], [ -111.968073, 40.766836 ], [ -111.969379, 40.766718 ], [ -111.97038, 40.766686 ], [ -111.971404, 40.766691 ], [ -111.972195, 40.766731 ], [ -111.975081, 40.767072 ], [ -111.977411, 40.774428 ], [ -111.977453, 40.774825 ], [ -111.977454, 40.777799 ], [ -111.977509, 40.778324 ], [ -111.978011, 40.779846 ], [ -111.979239, 40.78171 ], [ -111.982648, 40.781269 ], [ -111.982787, 40.781099 ], [ -111.98593, 40.775663 ], [ -111.986298, 40.775309 ], [ -111.986559, 40.775017 ], [ -111.986852, 40.774631 ], [ -111.987132, 40.774181 ], [ -111.987394, 40.773636 ], [ -111.987527, 40.773266 ], [ -111.994597, 40.76792 ], [ -111.996931, 40.768886 ], [ -112.000982, 40.77207 ], [ -112.001714, 40.777459 ], [ -112.001708, 40.77786 ], [ -112.003639, 40.781399 ], [ -112.00434, 40.782269 ], [ -112.005188, 40.783031 ], [ -112.005424, 40.783166 ], [ -112.00544, 40.783166 ], [ -112.007547, 40.781706 ], [ -112.012285, 40.778242 ], [ -112.016661, 40.775958 ], [ -112.023896, 40.778102 ], [ -112.025152, 40.778216 ], [ -112.025155, 40.778216 ], [ -112.026777, 40.776768 ], [ -112.034692, 40.772962 ], [ -112.036739, 40.772958 ], [ -112.039593, 40.772951 ], [ -112.042851, 40.772918 ], [ -112.045646, 40.772924 ], [ -112.048442, 40.77293 ], [ -112.05103, 40.772936 ], [ -112.053619, 40.772941 ], [ -112.053627, 40.769341 ], [ -112.051038, 40.769336 ] ] ] } },
{ "type": "Feature", "properties": { "group_index": 0, "value": 600.0, "center": [ -111.63565525469379, 40.23366486373041 ], "point_id": 167 }, "geometry": { "type": "Polygon", "coordinates": [ [ [ -111.699792, 40.253356 ], [ -111.696882, 40.246425 ], [ -111.697755, 40.243882 ], [ -111.697295, 40.235659 ], [ -111.697984, 40.233813 ], [ -111.700314, 40.225769 ], [ -111.700314, 40.225767 ], [ -111.700314, 40.225583 ], [ -111.698573, 40.223973 ], [ -111.696691, 40.223003 ], [ -111.693091, 40.222963 ], [ -111.689162, 40.221129 ], [ -111.691165, 40.213831 ], [ -111.689409, 40.21147 ], [ -111.689204, 40.211288 ], [ -111.687558, 40.210501 ], [ -111.686994, 40.21028 ], [ -111.682118, 40.209433 ], [ -111.678042, 40.208702 ], [ -111.67016, 40.207747 ], [ -111.669951, 40.2077 ], [ -111.666979, 40.206945 ], [ -111.661104, 40.203435 ], [ -111.660759, 40.203176 ], [ -111.660244, 40.202851 ], [ -111.659478, 40.20248 ], [ -111.655283, 40.200335 ], [ -111.652782, 40.202925 ], [ -111.651008, 40.205189 ], [ -111.643802, 40.200958 ], [ -111.643757, 40.197358 ], [ -111.644384, 40.18846 ], [ -111.644391, 40.188213 ], [ -111.644392, 40.188133 ], [ -111.644386, 40.187689 ], [ -111.643347, 40.186351 ], [ -111.642576, 40.186358 ], [ -111.640503, 40.186361 ], [ -111.633283, 40.182845 ], [ -111.626339, 40.181248 ], [ -111.62621, 40.181254 ], [ -111.617919, 40.183994 ], [ -111.610948, 40.180713 ], [ -111.610537, 40.180705 ], [ -111.608809, 40.182108 ], [ -111.605102, 40.185425 ], [ -111.6049, 40.186715 ], [ -111.607924, 40.19187 ], [ -111.614204, 40.196703 ], [ -111.616417, 40.199062 ], [ -111.619645, 40.202485 ], [ -111.621089, 40.209228 ], [ -111.623361, 40.213904 ], [ -111.624631, 40.215152 ], [ -111.624932, 40.215479 ], [ -111.624648, 40.224411 ], [ -111.627721, 40.232583 ], [ -111.627969, 40.233485 ], [ -111.628515, 40.235518 ], [ -111.629376, 40.236578 ], [ -111.632086, 40.241752 ], [ -111.629418, 40.245915 ], [ -111.626761, 40.24677 ], [ -111.626646, 40.250961 ], [ -111.627706, 40.252136 ], [ -111.629993, 40.256039 ], [ -111.630364, 40.262109 ], [ -111.630489, 40.264601 ], [ -111.630496, 40.264822 ], [ -111.631634, 40.268314 ], [ -111.633404, 40.276239 ], [ -111.634226, 40.277646 ], [ -111.63767, 40.280492 ], [ -111.638436, 40.281105 ], [ -111.64565, 40.283881 ], [ -111.645667, 40.283881 ], [ -111.649589, 40.283743 ], [ -111.653265, 40.279028 ], [ -111.657372, 40.272841 ], [ -111.658797, 40.271356 ], [ -111.665809, 40.267304 ], [ -111.669746, 40.268684 ], [ -111.669885, 40.268685 ], [ -111.674114, 40.26921 ], [ -111.681431, 40.266218 ], [ -111.681706, 40.26598 ], [ -111.681778, 40.263852 ], [ -111.680593, 40.260869 ], [ -111.685413, 40.255245 ], [ -111.687037, 40.253619 ], [ -111.695637, 40.25449 ], [ -111.69741, 40.256055 ], [ -111.699182, 40.257619 ], [ -111.701564, 40.25492 ], [ -111.699792, 40.253356 ] ] ] } },
{ "type": "Feature", "properties": { "group_index": 0, "value": 600.0, "center": [ -111.88834130715897, 40.75950497312744 ], "point_id": 168 }, "geometry": { "type": "Polygon", "coordinates": [ [ [ -112.01751, 40.769394 ], [ -112.010758, 40.769051 ], [ -112.003168, 40.767393 ], [ -111.99836, 40.765581 ], [ -111.995974, 40.764593 ], [ -111.995048, 40.764267 ], [ -111.993721, 40.763854 ], [ -111.991793, 40.763375 ], [ -111.990849, 40.763195 ], [ -111.989993, 40.763057 ], [ -111.988458, 40.762892 ], [ -111.98734, 40.762835 ], [ -111.984923, 40.762795 ], [ -111.982292, 40.762794 ], [ -111.97969, 40.762794 ], [ -111.977089, 40.762793 ], [ -111.974586, 40.762796 ], [ -111.974487, 40.762793 ], [ -111.971325, 40.762821 ], [ -111.971196, 40.762817 ], [ -111.968341, 40.762853 ], [ -111.966158, 40.762932 ], [ -111.961074, 40.763192 ], [ -111.954092, 40.758425 ], [ -111.950497, 40.751335 ], [ -111.95085, 40.745847 ], [ -111.951173, 40.744118 ], [ -111.951396, 40.7426 ], [ -111.951443, 40.742107 ], [ -111.951225, 40.738448 ], [ -111.952142, 40.730545 ], [ -111.951267, 40.723614 ], [ -111.950631, 40.723497 ], [ -111.947518, 40.723023 ], [ -111.94559, 40.722704 ], [ -111.945143, 40.72263 ], [ -111.943698, 40.722451 ], [ -111.942669, 40.722364 ], [ -111.941582, 40.722316 ], [ -111.939419, 40.722335 ], [ -111.935298, 40.722426 ], [ -111.932296, 40.722507 ], [ -111.932126, 40.722503 ], [ -111.92851, 40.72257 ], [ -111.924884, 40.722637 ], [ -111.919221, 40.718829 ], [ -111.917572, 40.717572 ], [ -111.917451, 40.717571 ], [ -111.912827, 40.719247 ], [ -111.908733, 40.717458 ], [ -111.908996, 40.709259 ], [ -111.910799, 40.701606 ], [ -111.91039, 40.698029 ], [ -111.905299, 40.691005 ], [ -111.905264, 40.690062 ], [ -111.904998, 40.687675 ], [ -111.904733, 40.685289 ], [ -111.904467, 40.682902 ], [ -111.904149, 40.679104 ], [ -111.903805, 40.677231 ], [ -111.900227, 40.677634 ], [ -111.900418, 40.679324 ], [ -111.900627, 40.680946 ], [ -111.900889, 40.6833 ], [ -111.901155, 40.685687 ], [ -111.90142, 40.688073 ], [ -111.901189, 40.693052 ], [ -111.898175, 40.69799 ], [ -111.891147, 40.703577 ], [ -111.889337, 40.705192 ], [ -111.887833, 40.707203 ], [ -111.88218, 40.711365 ], [ -111.880835, 40.712882 ], [ -111.873171, 40.714857 ], [ -111.87146, 40.713363 ], [ -111.871346, 40.713364 ], [ -111.87122, 40.713408 ], [ -111.869571, 40.714836 ], [ -111.862428, 40.717631 ], [ -111.859417, 40.717572 ], [ -111.858132, 40.717581 ], [ -111.857296, 40.717593 ], [ -111.852754, 40.717784 ], [ -111.850067, 40.717738 ], [ -111.850005, 40.721337 ], [ -111.852692, 40.721383 ], [ -111.854865, 40.721377 ], [ -111.857001, 40.72137 ], [ -111.863557, 40.726214 ], [ -111.858839, 40.731719 ], [ -111.857837, 40.732796 ], [ -111.853656, 40.737193 ], [ -111.852037, 40.738656 ], [ -111.850756, 40.739848 ], [ -111.84924, 40.741549 ], [ -111.843714, 40.746762 ], [ -111.838727, 40.748985 ], [ -111.837175, 40.750755 ], [ -111.833267, 40.757384 ], [ -111.832836, 40.759316 ], [ -111.832842, 40.759352 ], [ -111.838299, 40.762881 ], [ -111.843021, 40.763103 ], [ -111.846541, 40.767399 ], [ -111.848856, 40.772075 ], [ -111.851937, 40.774659 ], [ -111.852156, 40.774658 ], [ -111.852678, 40.774628 ], [ -111.856533, 40.775186 ], [ -111.857994, 40.775734 ], [ -111.862961, 40.781937 ], [ -111.863031, 40.782259 ], [ -111.864051, 40.783652 ], [ -111.870269, 40.786145 ], [ -111.876974, 40.7908 ], [ -111.883413, 40.792297 ], [ -111.883853, 40.792082 ], [ -111.888483, 40.790611 ], [ -111.888563, 40.790586 ], [ -111.896803, 40.790309 ], [ -111.901403, 40.794339 ], [ -111.901858, 40.795143 ], [ -111.90233, 40.795746 ], [ -111.90288, 40.796265 ], [ -111.905518, 40.798369 ], [ -111.909354, 40.801446 ], [ -111.912606, 40.804057 ], [ -111.913355, 40.804645 ], [ -111.918897, 40.811244 ], [ -111.915935, 40.816558 ], [ -111.915207, 40.81723 ], [ -111.914906, 40.817614 ], [ -111.914565, 40.818148 ], [ -111.914316, 40.818692 ], [ -111.914167, 40.819202 ], [ -111.914085, 40.819676 ], [ -111.914048, 40.820255 ], [ -111.913986, 40.822875 ], [ -111.914025, 40.827921 ], [ -111.913772, 40.830976 ], [ -111.91736, 40.831272 ], [ -111.917612, 40.828217 ], [ -111.917743, 40.825728 ], [ -111.922306, 40.818571 ], [ -111.92344, 40.8168 ], [ -111.924892, 40.813392 ], [ -111.925129, 40.812943 ], [ -111.925383, 40.812247 ], [ -111.925582, 40.8115 ], [ -111.925766, 40.810311 ], [ -111.92579, 40.809232 ], [ -111.925603, 40.808114 ], [ -111.924988, 40.806403 ], [ -111.924428, 40.805222 ], [ -111.922966, 40.802402 ], [ -111.921529, 40.799629 ], [ -111.920849, 40.798292 ], [ -111.919402, 40.795677 ], [ -111.918657, 40.789777 ], [ -111.924118, 40.784689 ], [ -111.924303, 40.784645 ], [ -111.924651, 40.784464 ], [ -111.925016, 40.784211 ], [ -111.925834, 40.78327 ], [ -111.926809, 40.78242 ], [ -111.926809, 40.782411 ], [ -111.93197, 40.775649 ], [ -111.935112, 40.7773 ], [ -111.935962, 40.784206 ], [ -111.935935, 40.784305 ], [ -111.935898, 40.7847 ], [ -111.935901, 40.784761 ], [ -111.937315, 40.786441 ], [ -111.937589, 40.786751 ], [ -111.940562, 40.788448 ], [ -111.94065, 40.788448 ], [ -111.943496, 40.789001 ], [ -111.94737, 40.795763 ], [ -111.947423, 40.798473 ], [ -111.947425, 40.800225 ], [ -111.947404, 40.801563 ], [ -111.947364, 40.802325 ], [ -111.947202, 40.804494 ], [ -111.947171, 40.805804 ], [ -111.947173, 40.807043 ], [ -111.947166, 40.807248 ], [ -111.946917, 40.809826 ], [ -111.946756, 40.812914 ], [ -111.947396, 40.816201 ], [ -111.947382, 40.817543 ], [ -111.947454, 40.819418 ], [ -111.951052, 40.819279 ], [ -111.950996, 40.816245 ], [ -111.950936, 40.813832 ], [ -111.950846, 40.810857 ], [ -111.950805, 40.809021 ], [ -111.950765, 40.807169 ], [ -111.950771, 40.805819 ], [ -111.950801, 40.804581 ], [ -111.950954, 40.802596 ], [ -111.950999, 40.801754 ], [ -111.951025, 40.800285 ], [ -111.955372, 40.793444 ], [ -111.95538, 40.792143 ], [ -111.957809, 40.783767 ], [ -111.957795, 40.782581 ], [ -111.955351, 40.777744 ], [ -111.957313, 40.771615 ], [ -111.960085, 40.769255 ], [ -111.966289, 40.76653 ], [ -111.968386, 40.766453 ], [ -111.971094, 40.766414 ], [ -111.971223, 40.766417 ], [ -111.973588, 40.766574 ], [ -111.976024, 40.76673 ], [ -111.977387, 40.766862 ], [ -111.983518, 40.772995 ], [ -111.986045, 40.775559 ], [ -111.986298, 40.775309 ], [ -111.986559, 40.775017 ], [ -111.986852, 40.774631 ], [ -111.987132, 40.774181 ], [ -111.987394, 40.773636 ], [ -111.987527, 40.773266 ], [ -111.994597, 40.76792 ], [ -111.996931, 40.768886 ], [ -111.998743, 40.769666 ], [ -112.00385, 40.773027 ], [ -112.006179, 40.774155 ], [ -112.006323, 40.774154 ], [ -112.01441, 40.772974 ], [ -112.015962, 40.77301 ], [ -112.017546, 40.772994 ], [ -112.01751, 40.769394 ] ] ] } },
{ "type": "Feature", "properties": { "group_index": 0, "value": 600.0, "center": [ -111.94731975634932, 40.775758592982875 ], "point_id": 169 }, "geometry": { "type": "Polygon", "coordinates": [ [ [ -112.065632, 40.769334 ], [ -112.062887, 40.769336 ], [ -112.060142, 40.769338 ], [ -112.057088, 40.76934 ], [ -112.054102, 40.769343 ], [ -112.054035, 40.769342 ], [ -112.051245, 40.769336 ], [ -112.04845, 40.76933 ], [ -112.045654, 40.769324 ], [ -112.042859, 40.769318 ], [ -112.039557, 40.769351 ], [ -112.036733, 40.769358 ], [ -112.034686, 40.769362 ], [ -112.026925, 40.766562 ], [ -112.023325, 40.766508 ], [ -112.017832, 40.769099 ], [ -112.014496, 40.769375 ], [ -112.012884, 40.769272 ], [ -112.011969, 40.769194 ], [ -112.011437, 40.769134 ], [ -112.010758, 40.769051 ], [ -112.004837, 40.767329 ], [ -112.004086, 40.767095 ], [ -112.002699, 40.766807 ], [ -112.002111, 40.766656 ], [ -112.000259, 40.766041 ], [ -111.996993, 40.76456 ], [ -111.996374, 40.764269 ], [ -111.995518, 40.763913 ], [ -111.9947, 40.763642 ], [ -111.98881, 40.756849 ], [ -111.988796, 40.752795 ], [ -111.990077, 40.747138 ], [ -111.990872, 40.745278 ], [ -111.987562, 40.743863 ], [ -111.986767, 40.745722 ], [ -111.985971, 40.747582 ], [ -111.985707, 40.748284 ], [ -111.985544, 40.74882 ], [ -111.985331, 40.749786 ], [ -111.981149, 40.754331 ], [ -111.973914, 40.751295 ], [ -111.972974, 40.750141 ], [ -111.972909, 40.74228 ], [ -111.973966, 40.740913 ], [ -111.973965, 40.740842 ], [ -111.973937, 40.740285 ], [ -111.973931, 40.739987 ], [ -111.972907, 40.73868 ], [ -111.972136, 40.738517 ], [ -111.968849, 40.736965 ], [ -111.970825, 40.728519 ], [ -111.973248, 40.728305 ], [ -111.975673, 40.728092 ], [ -111.977755, 40.727905 ], [ -111.979951, 40.727759 ], [ -111.980632, 40.727831 ], [ -111.981891, 40.727885 ], [ -111.982919, 40.727711 ], [ -111.986264, 40.727708 ], [ -111.986261, 40.724108 ], [ -111.982915, 40.724111 ], [ -111.980965, 40.724143 ], [ -111.980093, 40.724171 ], [ -111.977548, 40.724311 ], [ -111.975353, 40.724506 ], [ -111.972932, 40.724719 ], [ -111.967346, 40.724476 ], [ -111.962159, 40.724267 ], [ -111.961279, 40.724155 ], [ -111.960409, 40.724092 ], [ -111.955585, 40.717002 ], [ -111.955706, 40.715466 ], [ -111.955702, 40.713381 ], [ -111.955588, 40.711472 ], [ -111.955373, 40.708884 ], [ -111.955159, 40.706295 ], [ -111.954945, 40.703706 ], [ -111.954933, 40.698697 ], [ -111.954213, 40.694219 ], [ -111.950624, 40.69451 ], [ -111.95078, 40.696418 ], [ -111.951001, 40.699444 ], [ -111.951141, 40.701395 ], [ -111.951357, 40.704003 ], [ -111.951571, 40.706592 ], [ -111.951786, 40.709181 ], [ -111.952, 40.71177 ], [ -111.952109, 40.713596 ], [ -111.952105, 40.715466 ], [ -111.951873, 40.717132 ], [ -111.949065, 40.72185 ], [ -111.944208, 40.722343 ], [ -111.940894, 40.721128 ], [ -111.940453, 40.720971 ], [ -111.939895, 40.720893 ], [ -111.939409, 40.720895 ], [ -111.930944, 40.722357 ], [ -111.928812, 40.722397 ], [ -111.928881, 40.725997 ], [ -111.931012, 40.725956 ], [ -111.937326, 40.732125 ], [ -111.932202, 40.737166 ], [ -111.932038, 40.737193 ], [ -111.929191, 40.737499 ], [ -111.929084, 40.737523 ], [ -111.92572, 40.738658 ], [ -111.916888, 40.738705 ], [ -111.91594, 40.738205 ], [ -111.912964, 40.734627 ], [ -111.911847, 40.727365 ], [ -111.91651, 40.726136 ], [ -111.917126, 40.726142 ], [ -111.917163, 40.722542 ], [ -111.916547, 40.722536 ], [ -111.91222, 40.722827 ], [ -111.906418, 40.716236 ], [ -111.90621, 40.713897 ], [ -111.906056, 40.711605 ], [ -111.905834, 40.709446 ], [ -111.905749, 40.705996 ], [ -111.905745, 40.705885 ], [ -111.905707, 40.703748 ], [ -111.905583, 40.703078 ], [ -111.904804, 40.700219 ], [ -111.905054, 40.692735 ], [ -111.901595, 40.691738 ], [ -111.901189, 40.693052 ], [ -111.90034, 40.695539 ], [ -111.900235, 40.696083 ], [ -111.900164, 40.696593 ], [ -111.900122, 40.697608 ], [ -111.900191, 40.698618 ], [ -111.900262, 40.699098 ], [ -111.900476, 40.700021 ], [ -111.901908, 40.703882 ], [ -111.902149, 40.706027 ], [ -111.902153, 40.706138 ], [ -111.902235, 40.709534 ], [ -111.902474, 40.711966 ], [ -111.896388, 40.718143 ], [ -111.895525, 40.718144 ], [ -111.89439, 40.718098 ], [ -111.89331, 40.718026 ], [ -111.890155, 40.717169 ], [ -111.888134, 40.716039 ], [ -111.887428, 40.716041 ], [ -111.882292, 40.716352 ], [ -111.879729, 40.716344 ], [ -111.874261, 40.716276 ], [ -111.873857, 40.716279 ], [ -111.870526, 40.716951 ], [ -111.869136, 40.717191 ], [ -111.869747, 40.720738 ], [ -111.871136, 40.720499 ], [ -111.874282, 40.719876 ], [ -111.879757, 40.719944 ], [ -111.88228, 40.719952 ], [ -111.885647, 40.719958 ], [ -111.887832, 40.719971 ], [ -111.888161, 40.719717 ], [ -111.893293, 40.718175 ], [ -111.894411, 40.718171 ], [ -111.900234, 40.725041 ], [ -111.900195, 40.725191 ], [ -111.900114, 40.725803 ], [ -111.900114, 40.72609 ], [ -111.897892, 40.734402 ], [ -111.893813, 40.736537 ], [ -111.892149, 40.738094 ], [ -111.890369, 40.740544 ], [ -111.89029, 40.740635 ], [ -111.889713, 40.741532 ], [ -111.889711, 40.741607 ], [ -111.888312, 40.749442 ], [ -111.88652, 40.750769 ], [ -111.881317, 40.754497 ], [ -111.879662, 40.756199 ], [ -111.879662, 40.756286 ], [ -111.881317, 40.758097 ], [ -111.886035, 40.762347 ], [ -111.89071, 40.769678 ], [ -111.889263, 40.771411 ], [ -111.889261, 40.771476 ], [ -111.890723, 40.773278 ], [ -111.894963, 40.776505 ], [ -111.896185, 40.782345 ], [ -111.896185, 40.782359 ], [ -111.897817, 40.784365 ], [ -111.900102, 40.790931 ], [ -111.900144, 40.790992 ], [ -111.901947, 40.791702 ], [ -111.902217, 40.7916 ], [ -111.903633, 40.790697 ], [ -111.905448, 40.788858 ], [ -111.913794, 40.791154 ], [ -111.914124, 40.791922 ], [ -111.914852, 40.793873 ], [ -111.916253, 40.797422 ], [ -111.917622, 40.799888 ], [ -111.918333, 40.801286 ], [ -111.91977, 40.804058 ], [ -111.918923, 40.810458 ], [ -111.916606, 40.816117 ], [ -111.916004, 40.817194 ], [ -111.918338, 40.819274 ], [ -111.918769, 40.819499 ], [ -111.919865, 40.818439 ], [ -111.92189, 40.816905 ], [ -111.923086, 40.815857 ], [ -111.923968, 40.814841 ], [ -111.924892, 40.813392 ], [ -111.925129, 40.812943 ], [ -111.933244, 40.811797 ], [ -111.934825, 40.814973 ], [ -111.934818, 40.818573 ], [ -111.935514, 40.827499 ], [ -111.928732, 40.832136 ], [ -111.926472, 40.832178 ], [ -111.923526, 40.832199 ], [ -111.920476, 40.832223 ], [ -111.91949, 40.83229 ], [ -111.918851, 40.832374 ], [ -111.913955, 40.834395 ], [ -111.913649, 40.834694 ], [ -111.913278, 40.835132 ], [ -111.912977, 40.83558 ], [ -111.912724, 40.836064 ], [ -111.912524, 40.836581 ], [ -111.912389, 40.8371 ], [ -111.912314, 40.837628 ], [ -111.912309, 40.838261 ], [ -111.912398, 40.838899 ], [ -111.913124, 40.84463 ], [ -111.916663, 40.845286 ], [ -111.916856, 40.844247 ], [ -111.916945, 40.843442 ], [ -111.917013, 40.842094 ], [ -111.916918, 40.840912 ], [ -111.923551, 40.835799 ], [ -111.926498, 40.835778 ], [ -111.933672, 40.838522 ], [ -111.933877, 40.838585 ], [ -111.940997, 40.843534 ], [ -111.941063, 40.844357 ], [ -111.941093, 40.846357 ], [ -111.941126, 40.848414 ], [ -111.941267, 40.851428 ], [ -111.941453, 40.853546 ], [ -111.941791, 40.856964 ], [ -111.942093, 40.861214 ], [ -111.945683, 40.861487 ], [ -111.945716, 40.861056 ], [ -111.945721, 40.860206 ], [ -111.945374, 40.85661 ], [ -111.945036, 40.853191 ], [ -111.944853, 40.851113 ], [ -111.944722, 40.848247 ], [ -111.944693, 40.846302 ], [ -111.944662, 40.844302 ], [ -111.944587, 40.843261 ], [ -111.944448, 40.842261 ], [ -111.94422, 40.841078 ], [ -111.943622, 40.838911 ], [ -111.946181, 40.832379 ], [ -111.95238, 40.831786 ], [ -111.953494, 40.831803 ], [ -111.95532, 40.830633 ], [ -111.956682, 40.826719 ], [ -111.956663, 40.823119 ], [ -111.959223, 40.818314 ], [ -111.965979, 40.819857 ], [ -111.969579, 40.819849 ], [ -111.976462, 40.814824 ], [ -111.978471, 40.814806 ], [ -111.97889, 40.814825 ], [ -111.981176, 40.814823 ], [ -111.983463, 40.814821 ], [ -111.98346, 40.811221 ], [ -111.981174, 40.811223 ], [ -111.978887, 40.811225 ], [ -111.978124, 40.81115 ], [ -111.977686, 40.811129 ], [ -111.977283, 40.811135 ], [ -111.976125, 40.81124 ], [ -111.972028, 40.811233 ], [ -111.967763, 40.811235 ], [ -111.964365, 40.811242 ], [ -111.96097, 40.811249 ], [ -111.955379, 40.806205 ], [ -111.953575, 40.801096 ], [ -111.954518, 40.79723 ], [ -111.954539, 40.795422 ], [ -111.954543, 40.795284 ], [ -111.954545, 40.795006 ], [ -111.953563, 40.790007 ], [ -111.953547, 40.789065 ], [ -111.953548, 40.788273 ], [ -111.953549, 40.787868 ], [ -111.957392, 40.77985 ], [ -111.957385, 40.779186 ], [ -111.957485, 40.777288 ], [ -111.957599, 40.776147 ], [ -111.961679, 40.768562 ], [ -111.963144, 40.768027 ], [ -111.9644, 40.767664 ], [ -111.96615, 40.767194 ], [ -111.967014, 40.767013 ], [ -111.968073, 40.766836 ], [ -111.974945, 40.771492 ], [ -111.975957, 40.772236 ], [ -111.977603, 40.780204 ], [ -111.979125, 40.783299 ], [ -111.979357, 40.784054 ], [ -111.97956, 40.784555 ], [ -111.979804, 40.784913 ], [ -111.980149, 40.785268 ], [ -111.980477, 40.785499 ], [ -111.980973, 40.785736 ], [ -111.981541, 40.785877 ], [ -111.982136, 40.785913 ], [ -111.985172, 40.785716 ], [ -111.989442, 40.784792 ], [ -111.990532, 40.784712 ], [ -111.990945, 40.784632 ], [ -111.991382, 40.784493 ], [ -111.991831, 40.784281 ], [ -111.992381, 40.783901 ], [ -111.992864, 40.783374 ], [ -111.993373, 40.781449 ], [ -111.993305, 40.780859 ], [ -111.992819, 40.779298 ], [ -111.992607, 40.777432 ], [ -111.992496, 40.77693 ], [ -111.992247, 40.776279 ], [ -111.991401, 40.773726 ], [ -111.998743, 40.769666 ], [ -112.001579, 40.773009 ], [ -112.003172, 40.776683 ], [ -112.003353, 40.779566 ], [ -112.003334, 40.783166 ], [ -112.003964, 40.783604 ], [ -112.005366, 40.784775 ], [ -112.005416, 40.784776 ], [ -112.006254, 40.784749 ], [ -112.006839, 40.78458 ], [ -112.009063, 40.783196 ], [ -112.010268, 40.781532 ], [ -112.014171, 40.778594 ], [ -112.02133, 40.778106 ], [ -112.024535, 40.780362 ], [ -112.024977, 40.780363 ], [ -112.026351, 40.779674 ], [ -112.02845, 40.777366 ], [ -112.034692, 40.772962 ], [ -112.036739, 40.772958 ], [ -112.039593, 40.772951 ], [ -112.042851, 40.772918 ], [ -112.045646, 40.772924 ], [ -112.048442, 40.77293 ], [ -112.051237, 40.772936 ], [ -112.059975, 40.773538 ], [ -112.065634, 40.772934 ], [ -112.065632, 40.769334 ] ] ] } },
{ "type": "Feature", "properties": { "group_index": 0, "value": 600.0, "center": [ -111.71597984127979, 40.28040553070794 ], "point_id": 170 }, "geometry": { "type": "Polygon", "coordinates": [ [ [ -111.774186, 40.35134 ], [ -111.771971, 40.349919 ], [ -111.769756, 40.348499 ], [ -111.768759, 40.347863 ], [ -111.767488, 40.347101 ], [ -111.765231, 40.345666 ], [ -111.762992, 40.344209 ], [ -111.761189, 40.343003 ], [ -111.759085, 40.341652 ], [ -111.757009, 40.340319 ], [ -111.754933, 40.338986 ], [ -111.752856, 40.337653 ], [ -111.751947, 40.337088 ], [ -111.752152, 40.328102 ], [ -111.75213, 40.324502 ], [ -111.750689, 40.32446 ], [ -111.746342, 40.323316 ], [ -111.742748, 40.323525 ], [ -111.737733, 40.318686 ], [ -111.742344, 40.313595 ], [ -111.743774, 40.313458 ], [ -111.74621, 40.313111 ], [ -111.749405, 40.31247 ], [ -111.75365, 40.314054 ], [ -111.754313, 40.314295 ], [ -111.75502, 40.314405 ], [ -111.758519, 40.311639 ], [ -111.759974, 40.308346 ], [ -111.761796, 40.30383 ], [ -111.761539, 40.299375 ], [ -111.762852, 40.293548 ], [ -111.76276, 40.293152 ], [ -111.761322, 40.292248 ], [ -111.759519, 40.290949 ], [ -111.754324, 40.28515 ], [ -111.75032, 40.281323 ], [ -111.745352, 40.277819 ], [ -111.739058, 40.274235 ], [ -111.735424, 40.271558 ], [ -111.733623, 40.271565 ], [ -111.726928, 40.267526 ], [ -111.725349, 40.263315 ], [ -111.725087, 40.262329 ], [ -111.724265, 40.259358 ], [ -111.720737, 40.25509 ], [ -111.716998, 40.25298 ], [ -111.711172, 40.249891 ], [ -111.709233, 40.249186 ], [ -111.706013, 40.248109 ], [ -111.700509, 40.24446 ], [ -111.696582, 40.238262 ], [ -111.697971, 40.23566 ], [ -111.697984, 40.233813 ], [ -111.697968, 40.233154 ], [ -111.697979, 40.23206 ], [ -111.696729, 40.229781 ], [ -111.694942, 40.228302 ], [ -111.688564, 40.223987 ], [ -111.688372, 40.223987 ], [ -111.68629, 40.223989 ], [ -111.686156, 40.223989 ], [ -111.678153, 40.224337 ], [ -111.676954, 40.223166 ], [ -111.676278, 40.222545 ], [ -111.675487, 40.221852 ], [ -111.674307, 40.220879 ], [ -111.672082, 40.219106 ], [ -111.67043, 40.217791 ], [ -111.664751, 40.211958 ], [ -111.662268, 40.208901 ], [ -111.660727, 40.206702 ], [ -111.660116, 40.205811 ], [ -111.659507, 40.205403 ], [ -111.65667, 40.207619 ], [ -111.657978, 40.209295 ], [ -111.659452, 40.211144 ], [ -111.661957, 40.214228 ], [ -111.664451, 40.217299 ], [ -111.665099, 40.218011 ], [ -111.665428, 40.218338 ], [ -111.66599, 40.218845 ], [ -111.668188, 40.220608 ], [ -111.66984, 40.221923 ], [ -111.672066, 40.223696 ], [ -111.673196, 40.224629 ], [ -111.676859, 40.231951 ], [ -111.676864, 40.235105 ], [ -111.677085, 40.235253 ], [ -111.678735, 40.235188 ], [ -111.681827, 40.24296 ], [ -111.68089, 40.244276 ], [ -111.68088, 40.244438 ], [ -111.680729, 40.246124 ], [ -111.677561, 40.250267 ], [ -111.672197, 40.24904 ], [ -111.669224, 40.246832 ], [ -111.667443, 40.245134 ], [ -111.667415, 40.245135 ], [ -111.661782, 40.248742 ], [ -111.658662, 40.25096 ], [ -111.656804, 40.252531 ], [ -111.655378, 40.253907 ], [ -111.654302, 40.255654 ], [ -111.654303, 40.255993 ], [ -111.655493, 40.263533 ], [ -111.656928, 40.265177 ], [ -111.658242, 40.265747 ], [ -111.658541, 40.265774 ], [ -111.661964, 40.265817 ], [ -111.669178, 40.270588 ], [ -111.669083, 40.271465 ], [ -111.668993, 40.273732 ], [ -111.66396, 40.279215 ], [ -111.657703, 40.280364 ], [ -111.657381, 40.280357 ], [ -111.655196, 40.280896 ], [ -111.6535, 40.282674 ], [ -111.6535, 40.2827 ], [ -111.655173, 40.284496 ], [ -111.656947, 40.285291 ], [ -111.658318, 40.285898 ], [ -111.658711, 40.285886 ], [ -111.663668, 40.287486 ], [ -111.661422, 40.295826 ], [ -111.661151, 40.296956 ], [ -111.661045, 40.298201 ], [ -111.661122, 40.299234 ], [ -111.663698, 40.30458 ], [ -111.664737, 40.306613 ], [ -111.664992, 40.30682 ], [ -111.665059, 40.306837 ], [ -111.67188, 40.308648 ], [ -111.67488, 40.311037 ], [ -111.676663, 40.312789 ], [ -111.676678, 40.312789 ], [ -111.684454, 40.311382 ], [ -111.686272, 40.312685 ], [ -111.694106, 40.316458 ], [ -111.696544, 40.318915 ], [ -111.697865, 40.32029 ], [ -111.701598, 40.321073 ], [ -111.706275, 40.326995 ], [ -111.706367, 40.327205 ], [ -111.707895, 40.328284 ], [ -111.709378, 40.329266 ], [ -111.713909, 40.331888 ], [ -111.715349, 40.332659 ], [ -111.721881, 40.33547 ], [ -111.724043, 40.336998 ], [ -111.72495, 40.336998 ], [ -111.732451, 40.335411 ], [ -111.73757, 40.337589 ], [ -111.739819, 40.338508 ], [ -111.746941, 40.338149 ], [ -111.750048, 40.340146 ], [ -111.750911, 40.340682 ], [ -111.752988, 40.342015 ], [ -111.755064, 40.343348 ], [ -111.75714, 40.344681 ], [ -111.759188, 40.345995 ], [ -111.761029, 40.347227 ], [ -111.763319, 40.348843 ], [ -111.764211, 40.349482 ], [ -111.767071, 40.351667 ], [ -111.767216, 40.351768 ], [ -111.773615, 40.355251 ], [ -111.775558, 40.35222 ], [ -111.774186, 40.35134 ] ] ] } },
{ "type": "Feature", "properties": { "group_index": 0, "value": 600.0, "center": [ -111.7140354182956, 40.220175118806424 ], "point_id": 171 }, "geometry": { "type": "Polygon", "coordinates": [ [ [ -111.738357, 40.23127 ], [ -111.737981, 40.230632 ], [ -111.736416, 40.228879 ], [ -111.734851, 40.227127 ], [ -111.733546, 40.225666 ], [ -111.732242, 40.224205 ], [ -111.729557, 40.226603 ], [ -111.724874, 40.228613 ], [ -111.718646, 40.223272 ], [ -111.718555, 40.221742 ], [ -111.718338, 40.219158 ], [ -111.71827, 40.219011 ], [ -111.717069, 40.217386 ], [ -111.714338, 40.213793 ], [ -111.711086, 40.212427 ], [ -111.70458, 40.212056 ], [ -111.703794, 40.21216 ], [ -111.703328, 40.212284 ], [ -111.702592, 40.212782 ], [ -111.694313, 40.215309 ], [ -111.691301, 40.213768 ], [ -111.685572, 40.209939 ], [ -111.681826, 40.209265 ], [ -111.678081, 40.20859 ], [ -111.672854, 40.206242 ], [ -111.672494, 40.20602 ], [ -111.672052, 40.205794 ], [ -111.671393, 40.205527 ], [ -111.67092, 40.205383 ], [ -111.670481, 40.205284 ], [ -111.66987, 40.205204 ], [ -111.666132, 40.205118 ], [ -111.660244, 40.202851 ], [ -111.659478, 40.20248 ], [ -111.65883, 40.202247 ], [ -111.653044, 40.197576 ], [ -111.651213, 40.188839 ], [ -111.651251, 40.187996 ], [ -111.650869, 40.186767 ], [ -111.648924, 40.178172 ], [ -111.648572, 40.171864 ], [ -111.648622, 40.168915 ], [ -111.64879, 40.165596 ], [ -111.648872, 40.163921 ], [ -111.648912, 40.163312 ], [ -111.648639, 40.160319 ], [ -111.645039, 40.160295 ], [ -111.645028, 40.16201 ], [ -111.645051, 40.163999 ], [ -111.645073, 40.165955 ], [ -111.645023, 40.168853 ], [ -111.644972, 40.171802 ], [ -111.644943, 40.176199 ], [ -111.642299, 40.181614 ], [ -111.640559, 40.183323 ], [ -111.635677, 40.186364 ], [ -111.635674, 40.189964 ], [ -111.637464, 40.197713 ], [ -111.637929, 40.199366 ], [ -111.631715, 40.205669 ], [ -111.6313, 40.205635 ], [ -111.630792, 40.20565 ], [ -111.630162, 40.205755 ], [ -111.629782, 40.205872 ], [ -111.628909, 40.20623 ], [ -111.628696, 40.20635 ], [ -111.628379, 40.208917 ], [ -111.628498, 40.209053 ], [ -111.630464, 40.209486 ], [ -111.635011, 40.210337 ], [ -111.637346, 40.210837 ], [ -111.639429, 40.2113 ], [ -111.639698, 40.211325 ], [ -111.641361, 40.210938 ], [ -111.648074, 40.212489 ], [ -111.650016, 40.216417 ], [ -111.648003, 40.222494 ], [ -111.648221, 40.223119 ], [ -111.651654, 40.229622 ], [ -111.652343, 40.231434 ], [ -111.658295, 40.236899 ], [ -111.661952, 40.240151 ], [ -111.662181, 40.240151 ], [ -111.668722, 40.24221 ], [ -111.67111, 40.244561 ], [ -111.672116, 40.246185 ], [ -111.675942, 40.248619 ], [ -111.683329, 40.252827 ], [ -111.685132, 40.254334 ], [ -111.685168, 40.254334 ], [ -111.686928, 40.252731 ], [ -111.695216, 40.254082 ], [ -111.695637, 40.25449 ], [ -111.698183, 40.256737 ], [ -111.700727, 40.258983 ], [ -111.702383, 40.260447 ], [ -111.704496, 40.262311 ], [ -111.707104, 40.264619 ], [ -111.708184, 40.265701 ], [ -111.713918, 40.26368 ], [ -111.71964, 40.26859 ], [ -111.719775, 40.268781 ], [ -111.720959, 40.269369 ], [ -111.721244, 40.269349 ], [ -111.722719, 40.266709 ], [ -111.723493, 40.26209 ], [ -111.723547, 40.260718 ], [ -111.723486, 40.259703 ], [ -111.723363, 40.258962 ], [ -111.723084, 40.257661 ], [ -111.722155, 40.254542 ], [ -111.722006, 40.252802 ], [ -111.720315, 40.247769 ], [ -111.721995, 40.241752 ], [ -111.728225, 40.236793 ], [ -111.733685, 40.241719 ], [ -111.73381, 40.241923 ], [ -111.734098, 40.241949 ], [ -111.734512, 40.241905 ], [ -111.736518, 40.240897 ], [ -111.74062, 40.237139 ], [ -111.738357, 40.23127 ] ] ] } },
{ "type": "Feature", "properties": { "group_index": 0, "value": 600.0, "center": [ -111.96852458462918, 41.16244761109087 ], "point_id": 172 }, "geometry": { "type": "Polygon", "coordinates": [ [ [ -112.014607, 41.230755 ], [ -112.014064, 41.228494 ], [ -112.013197, 41.224548 ], [ -112.012969, 41.223788 ], [ -112.012616, 41.222973 ], [ -112.012228, 41.222322 ], [ -112.01179, 41.221736 ], [ -112.011258, 41.221154 ], [ -112.008244, 41.217754 ], [ -112.006815, 41.217086 ], [ -112.006303, 41.216808 ], [ -112.004603, 41.215851 ], [ -112.002743, 41.21433 ], [ -112.001982, 41.206864 ], [ -112.003768, 41.205029 ], [ -112.003767, 41.205016 ], [ -112.003763, 41.204789 ], [ -112.001986, 41.203264 ], [ -112.002926, 41.195824 ], [ -112.004343, 41.1946 ], [ -112.005302, 41.193719 ], [ -112.006267, 41.192735 ], [ -112.007117, 41.191802 ], [ -112.009379, 41.189276 ], [ -112.013445, 41.184701 ], [ -112.014018, 41.183953 ], [ -112.014041, 41.183895 ], [ -112.016834, 41.179371 ], [ -112.022869, 41.175394 ], [ -112.02654, 41.170663 ], [ -112.026613, 41.170226 ], [ -112.026553, 41.168663 ], [ -112.026216, 41.166396 ], [ -112.026065, 41.166237 ], [ -112.020894, 41.161487 ], [ -112.020649, 41.161389 ], [ -112.018428, 41.162667 ], [ -112.012109, 41.162971 ], [ -112.006736, 41.157275 ], [ -112.006299, 41.156891 ], [ -112.003141, 41.155921 ], [ -111.998037, 41.1529 ], [ -111.997605, 41.152594 ], [ -111.997303, 41.152406 ], [ -111.996518, 41.152063 ], [ -111.991201, 41.149665 ], [ -111.990495, 41.149482 ], [ -111.986641, 41.148607 ], [ -111.980579, 41.145704 ], [ -111.973762, 41.140331 ], [ -111.97236, 41.13922 ], [ -111.971097, 41.138493 ], [ -111.970282, 41.13813 ], [ -111.968413, 41.137367 ], [ -111.967586, 41.137272 ], [ -111.961752, 41.135791 ], [ -111.956927, 41.133025 ], [ -111.952592, 41.130868 ], [ -111.952397, 41.130778 ], [ -111.952221, 41.130697 ], [ -111.951821, 41.130583 ], [ -111.944852, 41.129196 ], [ -111.937126, 41.12616 ], [ -111.934418, 41.123992 ], [ -111.929618, 41.119791 ], [ -111.927626, 41.117959 ], [ -111.925368, 41.118387 ], [ -111.923254, 41.118454 ], [ -111.91945, 41.117093 ], [ -111.919195, 41.108789 ], [ -111.918114, 41.105368 ], [ -111.912226, 41.099539 ], [ -111.912324, 41.096448 ], [ -111.912554, 41.094481 ], [ -111.91264, 41.093527 ], [ -111.912719, 41.092971 ], [ -111.912744, 41.092286 ], [ -111.91258, 41.089649 ], [ -111.908982, 41.089523 ], [ -111.908894, 41.092037 ], [ -111.908725, 41.095669 ], [ -111.908725, 41.096456 ], [ -111.908628, 41.099423 ], [ -111.907322, 41.107299 ], [ -111.907259, 41.107996 ], [ -111.90728, 41.108463 ], [ -111.907429, 41.11227 ], [ -111.907112, 41.115398 ], [ -111.907024, 41.116497 ], [ -111.904183, 41.12435 ], [ -111.902064, 41.129455 ], [ -111.895127, 41.134662 ], [ -111.891842, 41.135513 ], [ -111.885229, 41.135363 ], [ -111.88439, 41.135223 ], [ -111.883979, 41.135199 ], [ -111.883557, 41.135206 ], [ -111.883009, 41.135257 ], [ -111.878211, 41.135493 ], [ -111.877725, 41.135501 ], [ -111.876923, 41.135598 ], [ -111.870694, 41.136104 ], [ -111.865213, 41.135583 ], [ -111.86455, 41.135485 ], [ -111.863781, 41.135431 ], [ -111.862014, 41.135419 ], [ -111.861393, 41.13546 ], [ -111.860773, 41.135551 ], [ -111.859973, 41.135741 ], [ -111.856533, 41.13657 ], [ -111.848703, 41.137387 ], [ -111.848178, 41.137427 ], [ -111.843351, 41.138343 ], [ -111.8439, 41.141901 ], [ -111.85265, 41.141356 ], [ -111.853319, 41.141361 ], [ -111.854114, 41.141269 ], [ -111.854683, 41.141145 ], [ -111.855233, 41.140976 ], [ -111.859187, 41.139743 ], [ -111.866979, 41.139646 ], [ -111.867715, 41.139724 ], [ -111.868615, 41.139746 ], [ -111.873018, 41.139872 ], [ -111.873839, 41.139895 ], [ -111.874219, 41.139891 ], [ -111.874927, 41.13979 ], [ -111.880235, 41.139229 ], [ -111.886764, 41.139711 ], [ -111.887403, 41.139812 ], [ -111.887841, 41.139845 ], [ -111.888341, 41.139851 ], [ -111.889016, 41.139791 ], [ -111.890308, 41.139544 ], [ -111.892628, 41.139026 ], [ -111.896028, 41.138148 ], [ -111.898622, 41.137922 ], [ -111.90108, 41.138236 ], [ -111.903649, 41.138561 ], [ -111.907949, 41.145122 ], [ -111.910269, 41.152209 ], [ -111.912857, 41.156048 ], [ -111.916646, 41.159651 ], [ -111.919405, 41.163831 ], [ -111.92278, 41.171302 ], [ -111.923015, 41.172318 ], [ -111.923186, 41.17281 ], [ -111.923762, 41.173602 ], [ -111.924186, 41.173922 ], [ -111.928839, 41.181359 ], [ -111.92914, 41.182391 ], [ -111.929731, 41.183167 ], [ -111.933032, 41.188492 ], [ -111.935555, 41.196287 ], [ -111.935572, 41.196341 ], [ -111.937574, 41.198634 ], [ -111.941646, 41.20072 ], [ -111.945636, 41.205728 ], [ -111.948042, 41.209985 ], [ -111.949444, 41.211726 ], [ -111.949817, 41.211731 ], [ -111.957681, 41.213073 ], [ -111.96122, 41.21604 ], [ -111.967317, 41.220314 ], [ -111.96767, 41.220319 ], [ -111.96767, 41.220319 ], [ -111.967953, 41.220322 ], [ -111.968614, 41.220331 ], [ -111.968863, 41.220334 ], [ -111.971956, 41.220375 ], [ -111.972393, 41.220381 ], [ -111.976174, 41.218331 ], [ -111.97916, 41.216268 ], [ -111.980779, 41.214695 ], [ -111.983956, 41.210904 ], [ -111.988755, 41.207684 ], [ -111.994568, 41.209739 ], [ -111.996233, 41.211885 ], [ -111.998012, 41.21416 ], [ -111.99904, 41.215495 ], [ -112.000994, 41.220445 ], [ -112.00328, 41.223226 ], [ -112.009204, 41.227197 ], [ -112.01109, 41.231524 ], [ -112.011358, 41.232752 ], [ -112.014875, 41.231983 ], [ -112.014607, 41.230755 ] ] ] } },
{ "type": "Feature", "properties": { "group_index": 0, "value": 600.0, "center": [ -111.98752193243622, 41.099773641136224 ], "point_id": 173 }, "geometry": { "type": "Polygon", "coordinates": [ [ [ -112.080108, 41.108977 ], [ -112.077154, 41.108974 ], [ -112.073833, 41.108969 ], [ -112.070511, 41.108965 ], [ -112.066305, 41.103275 ], [ -112.065221, 41.101852 ], [ -112.064499, 41.101849 ], [ -112.062623, 41.101864 ], [ -112.061334, 41.101861 ], [ -112.055976, 41.10075 ], [ -112.051844, 41.098596 ], [ -112.049288, 41.092547 ], [ -112.049287, 41.092309 ], [ -112.047618, 41.088471 ], [ -112.047142, 41.086968 ], [ -112.045358, 41.085286 ], [ -112.037457, 41.081445 ], [ -112.035675, 41.079742 ], [ -112.028752, 41.074524 ], [ -112.02807, 41.067917 ], [ -112.028076, 41.067471 ], [ -112.028076, 41.067412 ], [ -112.028067, 41.066966 ], [ -112.026841, 41.065638 ], [ -112.023862, 41.064886 ], [ -112.019419, 41.058361 ], [ -112.019082, 41.058361 ], [ -112.018452, 41.058345 ], [ -112.011536, 41.056922 ], [ -112.008841, 41.051399 ], [ -112.007493, 41.050712 ], [ -112.007055, 41.05071 ], [ -112.005241, 41.051419 ], [ -112.005247, 41.05252 ], [ -111.999719, 41.058342 ], [ -111.992097, 41.058347 ], [ -111.992564, 41.051081 ], [ -111.992557, 41.047481 ], [ -111.989796, 41.044661 ], [ -111.989785, 41.044652 ], [ -111.988214, 41.044449 ], [ -111.987724, 41.044439 ], [ -111.982051, 41.04629 ], [ -111.977738, 41.046245 ], [ -111.969742, 41.044041 ], [ -111.969064, 41.042994 ], [ -111.966667, 41.038387 ], [ -111.966252, 41.036607 ], [ -111.964329, 41.036112 ], [ -111.962352, 41.035468 ], [ -111.955615, 41.03028 ], [ -111.954229, 41.029183 ], [ -111.950406, 41.027921 ], [ -111.946711, 41.024157 ], [ -111.945016, 41.020544 ], [ -111.94332, 41.016932 ], [ -111.941585, 41.013243 ], [ -111.94098, 41.012135 ], [ -111.940374, 41.011295 ], [ -111.93966, 41.010433 ], [ -111.937163, 41.007678 ], [ -111.933623, 41.004955 ], [ -111.931115, 41.007538 ], [ -111.933265, 41.009625 ], [ -111.934559, 41.010727 ], [ -111.938403, 41.014927 ], [ -111.940061, 41.018462 ], [ -111.941757, 41.022074 ], [ -111.943453, 41.025687 ], [ -111.944296, 41.033088 ], [ -111.940298, 41.036298 ], [ -111.939038, 41.038134 ], [ -111.939025, 41.038236 ], [ -111.938871, 41.040831 ], [ -111.939837, 41.042146 ], [ -111.940715, 41.042891 ], [ -111.940739, 41.04291 ], [ -111.941702, 41.04294 ], [ -111.945936, 41.044507 ], [ -111.946079, 41.044603 ], [ -111.94926, 41.047756 ], [ -111.947169, 41.055892 ], [ -111.944987, 41.058626 ], [ -111.942294, 41.060261 ], [ -111.942453, 41.062233 ], [ -111.942494, 41.063101 ], [ -111.94235, 41.070788 ], [ -111.938402, 41.071664 ], [ -111.938228, 41.071663 ], [ -111.934235, 41.072431 ], [ -111.933704, 41.072481 ], [ -111.933409, 41.072547 ], [ -111.933268, 41.072586 ], [ -111.932637, 41.074805 ], [ -111.928876, 41.081914 ], [ -111.922494, 41.08689 ], [ -111.920676, 41.087387 ], [ -111.920255, 41.087467 ], [ -111.919881, 41.087583 ], [ -111.919393, 41.087804 ], [ -111.917665, 41.088778 ], [ -111.917273, 41.091356 ], [ -111.917672, 41.09179 ], [ -111.91779, 41.091883 ], [ -111.91909, 41.092051 ], [ -111.924056, 41.098297 ], [ -111.921725, 41.100983 ], [ -111.920445, 41.102086 ], [ -111.919797, 41.102451 ], [ -111.91957, 41.102601 ], [ -111.912339, 41.105464 ], [ -111.908747, 41.105214 ], [ -111.908679, 41.106198 ], [ -111.908642, 41.107505 ], [ -111.908734, 41.107704 ], [ -111.909166, 41.108328 ], [ -111.91014, 41.109483 ], [ -111.918177, 41.112482 ], [ -111.918477, 41.112553 ], [ -111.919722, 41.112322 ], [ -111.920584, 41.111786 ], [ -111.921203, 41.110839 ], [ -111.92216, 41.109678 ], [ -111.929087, 41.108692 ], [ -111.931264, 41.110995 ], [ -111.933344, 41.112379 ], [ -111.934624, 41.112717 ], [ -111.938215, 41.112972 ], [ -111.939522, 41.112402 ], [ -111.947069, 41.110525 ], [ -111.949869, 41.114044 ], [ -111.950881, 41.115874 ], [ -111.951236, 41.116458 ], [ -111.953135, 41.116469 ], [ -111.956107, 41.110365 ], [ -111.957641, 41.107967 ], [ -111.96413, 41.105376 ], [ -111.966815, 41.10528 ], [ -111.96898, 41.105287 ], [ -111.977171, 41.103542 ], [ -111.985875, 41.105345 ], [ -111.992043, 41.105339 ], [ -111.995236, 41.103751 ], [ -112.002521, 41.10641 ], [ -112.006005, 41.112419 ], [ -112.006665, 41.112659 ], [ -112.013814, 41.117272 ], [ -112.01763, 41.12295 ], [ -112.019442, 41.123943 ], [ -112.023348, 41.130777 ], [ -112.023355, 41.134184 ], [ -112.023361, 41.137592 ], [ -112.023367, 41.141 ], [ -112.023373, 41.144407 ], [ -112.02338, 41.147815 ], [ -112.020558, 41.15437 ], [ -112.015812, 41.156158 ], [ -112.014281, 41.156164 ], [ -112.0138, 41.158425 ], [ -112.013766, 41.161477 ], [ -112.013767, 41.161519 ], [ -112.014413, 41.163243 ], [ -112.0133, 41.171708 ], [ -112.014514, 41.175097 ], [ -112.011536, 41.182372 ], [ -112.00945, 41.183985 ], [ -112.008957, 41.184416 ], [ -112.008538, 41.184822 ], [ -112.00824, 41.185141 ], [ -112.006697, 41.186874 ], [ -112.004453, 41.18938 ], [ -112.000706, 41.192991 ], [ -111.998643, 41.194607 ], [ -111.995776, 41.196823 ], [ -111.994761, 41.197734 ], [ -111.994206, 41.198297 ], [ -111.996768, 41.200826 ], [ -112.002926, 41.195824 ], [ -112.004343, 41.1946 ], [ -112.005302, 41.193719 ], [ -112.006267, 41.192735 ], [ -112.007117, 41.191802 ], [ -112.009379, 41.189276 ], [ -112.015741, 41.183675 ], [ -112.017261, 41.182485 ], [ -112.01773, 41.18207 ], [ -112.018235, 41.181558 ], [ -112.018554, 41.181193 ], [ -112.02603, 41.176878 ], [ -112.026374, 41.176615 ], [ -112.027793, 41.175307 ], [ -112.033343, 41.170861 ], [ -112.037413, 41.16774 ], [ -112.042937, 41.163463 ], [ -112.042918, 41.159863 ], [ -112.041247, 41.159872 ], [ -112.034474, 41.155552 ], [ -112.03438, 41.155422 ], [ -112.033263, 41.154538 ], [ -112.031131, 41.152632 ], [ -112.02919, 41.14707 ], [ -112.032872, 41.141669 ], [ -112.037014, 41.139699 ], [ -112.042272, 41.136257 ], [ -112.045629, 41.135671 ], [ -112.047068, 41.134533 ], [ -112.049328, 41.127156 ], [ -112.055717, 41.121836 ], [ -112.056689, 41.12184 ], [ -112.060917, 41.119891 ], [ -112.064996, 41.117752 ], [ -112.066008, 41.116837 ], [ -112.073828, 41.112569 ], [ -112.077149, 41.112573 ], [ -112.080103, 41.112577 ], [ -112.083057, 41.112581 ], [ -112.083061, 41.108981 ], [ -112.080108, 41.108977 ] ] ] } },
{ "type": "Feature", "properties": { "group_index": 0, "value": 600.0, "center": [ -111.9432269, 41.1916613 ], "point_id": 174 }, "geometry": { "type": "Polygon", "coordinates": [ [ [ -111.983954, 41.211079 ], [ -111.986356, 41.20362 ], [ -111.986543, 41.202127 ], [ -111.98694, 41.199072 ], [ -111.987187, 41.191 ], [ -111.987058, 41.189036 ], [ -111.989072, 41.181495 ], [ -111.990824, 41.177346 ], [ -111.990884, 41.177153 ], [ -111.990934, 41.176261 ], [ -111.989889, 41.172362 ], [ -111.988974, 41.169359 ], [ -111.985329, 41.165582 ], [ -111.984098, 41.164705 ], [ -111.979887, 41.161768 ], [ -111.974614, 41.155553 ], [ -111.97436, 41.155149 ], [ -111.974283, 41.15505 ], [ -111.972643, 41.154696 ], [ -111.972487, 41.154749 ], [ -111.972475, 41.154753 ], [ -111.972318, 41.154806 ], [ -111.968002, 41.156245 ], [ -111.959099, 41.155283 ], [ -111.956137, 41.152324 ], [ -111.94776, 41.150297 ], [ -111.94134, 41.147978 ], [ -111.939718, 41.147552 ], [ -111.931224, 41.146711 ], [ -111.930291, 41.146425 ], [ -111.929334, 41.146205 ], [ -111.9275, 41.145901 ], [ -111.923816, 41.145271 ], [ -111.916805, 41.148315 ], [ -111.915214, 41.149746 ], [ -111.915147, 41.149848 ], [ -111.91506, 41.151464 ], [ -111.918152, 41.156243 ], [ -111.918271, 41.162724 ], [ -111.921508, 41.168841 ], [ -111.923186, 41.17281 ], [ -111.923762, 41.173602 ], [ -111.924186, 41.173922 ], [ -111.929034, 41.179192 ], [ -111.931743, 41.186526 ], [ -111.931401, 41.188457 ], [ -111.93146, 41.189841 ], [ -111.936852, 41.196293 ], [ -111.937644, 41.201433 ], [ -111.938253, 41.203515 ], [ -111.938481, 41.205937 ], [ -111.932704, 41.211232 ], [ -111.931875, 41.211764 ], [ -111.928993, 41.215797 ], [ -111.927256, 41.219874 ], [ -111.927324, 41.220925 ], [ -111.927411, 41.221444 ], [ -111.930273, 41.224621 ], [ -111.933504, 41.227197 ], [ -111.936552, 41.232468 ], [ -111.937909, 41.235803 ], [ -111.944999, 41.240345 ], [ -111.945411, 41.240412 ], [ -111.946968, 41.240322 ], [ -111.9472, 41.24028 ], [ -111.953046, 41.235858 ], [ -111.957719, 41.232741 ], [ -111.965133, 41.228662 ], [ -111.969451, 41.226641 ], [ -111.971996, 41.224573 ], [ -111.979293, 41.219325 ], [ -111.980719, 41.218397 ], [ -111.983661, 41.212391 ], [ -111.983954, 41.211079 ] ] ] } },
{ "type": "Feature", "properties": { "group_index": 0, "value": 600.0, "center": [ -111.85595131979684, 40.731428495799925 ], "point_id": 175 }, "geometry": { "type": "Polygon", "coordinates": [ [ [ -111.91432, 40.756453 ], [ -111.912466, 40.752288 ], [ -111.909362, 40.749827 ], [ -111.906864, 40.741606 ], [ -111.90687, 40.741123 ], [ -111.907355, 40.733583 ], [ -111.91118, 40.727806 ], [ -111.917501, 40.726059 ], [ -111.917663, 40.722463 ], [ -111.916677, 40.722419 ], [ -111.91533, 40.722382 ], [ -111.914413, 40.722412 ], [ -111.913468, 40.722473 ], [ -111.906828, 40.717417 ], [ -111.906822, 40.714617 ], [ -111.906247, 40.712557 ], [ -111.906056, 40.711605 ], [ -111.905834, 40.709446 ], [ -111.905749, 40.705996 ], [ -111.905745, 40.705885 ], [ -111.905737, 40.704526 ], [ -111.90564, 40.704404 ], [ -111.902137, 40.704556 ], [ -111.894887, 40.702073 ], [ -111.892937, 40.700717 ], [ -111.891137, 40.699101 ], [ -111.890905, 40.699101 ], [ -111.882575, 40.698057 ], [ -111.878772, 40.693683 ], [ -111.873884, 40.686599 ], [ -111.873305, 40.685569 ], [ -111.871734, 40.684264 ], [ -111.871513, 40.684263 ], [ -111.870047, 40.68526 ], [ -111.869705, 40.685552 ], [ -111.868292, 40.6871 ], [ -111.865357, 40.692084 ], [ -111.860308, 40.693514 ], [ -111.856393, 40.688517 ], [ -111.856118, 40.687705 ], [ -111.855892, 40.687404 ], [ -111.854374, 40.685765 ], [ -111.854098, 40.685764 ], [ -111.853654, 40.685857 ], [ -111.846708, 40.689808 ], [ -111.845734, 40.692269 ], [ -111.840487, 40.697905 ], [ -111.838717, 40.698104 ], [ -111.83822, 40.698102 ], [ -111.83109, 40.698069 ], [ -111.826684, 40.694915 ], [ -111.825532, 40.694737 ], [ -111.825326, 40.694734 ], [ -111.822412, 40.694931 ], [ -111.822031, 40.694934 ], [ -111.818442, 40.698067 ], [ -111.816866, 40.699828 ], [ -111.814678, 40.701753 ], [ -111.813163, 40.70322 ], [ -111.808449, 40.705868 ], [ -111.803016, 40.699963 ], [ -111.803016, 40.699926 ], [ -111.801367, 40.698121 ], [ -111.799452, 40.689551 ], [ -111.799592, 40.688992 ], [ -111.799738, 40.688268 ], [ -111.79939, 40.684435 ], [ -111.799506, 40.682976 ], [ -111.795939, 40.682491 ], [ -111.79583, 40.683287 ], [ -111.795791, 40.684336 ], [ -111.795174, 40.691529 ], [ -111.793318, 40.69694 ], [ -111.792076, 40.700178 ], [ -111.792144, 40.700554 ], [ -111.79285, 40.701873 ], [ -111.793289, 40.703149 ], [ -111.788727, 40.710475 ], [ -111.788116, 40.710714 ], [ -111.787449, 40.711032 ], [ -111.786196, 40.71177 ], [ -111.784857, 40.712617 ], [ -111.784027, 40.713228 ], [ -111.78346, 40.713763 ], [ -111.777239, 40.718782 ], [ -111.774271, 40.720776 ], [ -111.772417, 40.721934 ], [ -111.76955, 40.723627 ], [ -111.770562, 40.727082 ], [ -111.771732, 40.726739 ], [ -111.772292, 40.726545 ], [ -111.772909, 40.72625 ], [ -111.773475, 40.72592 ], [ -111.774062, 40.725502 ], [ -111.776227, 40.723798 ], [ -111.782099, 40.720969 ], [ -111.782988, 40.720573 ], [ -111.783688, 40.720096 ], [ -111.784112, 40.719783 ], [ -111.784536, 40.719398 ], [ -111.78516, 40.718491 ], [ -111.7926, 40.713621 ], [ -111.793506, 40.713553 ], [ -111.794042, 40.713469 ], [ -111.794516, 40.713358 ], [ -111.801641, 40.714061 ], [ -111.807043, 40.720149 ], [ -111.807125, 40.720274 ], [ -111.810299, 40.727047 ], [ -111.810445, 40.72761 ], [ -111.811423, 40.732378 ], [ -111.811393, 40.736926 ], [ -111.811454, 40.737004 ], [ -111.811705, 40.737328 ], [ -111.811867, 40.737499 ], [ -111.814074, 40.743602 ], [ -111.812085, 40.748527 ], [ -111.812084, 40.74862 ], [ -111.813436, 40.750443 ], [ -111.813868, 40.750447 ], [ -111.822497, 40.752576 ], [ -111.824784, 40.75472 ], [ -111.826369, 40.756106 ], [ -111.829523, 40.758647 ], [ -111.833923, 40.762952 ], [ -111.836011, 40.764106 ], [ -111.840316, 40.764021 ], [ -111.847209, 40.767218 ], [ -111.848597, 40.768825 ], [ -111.852101, 40.771156 ], [ -111.85236, 40.771157 ], [ -111.856855, 40.771157 ], [ -111.865607, 40.772361 ], [ -111.865795, 40.772361 ], [ -111.870953, 40.770627 ], [ -111.872747, 40.768879 ], [ -111.876911, 40.764632 ], [ -111.880777, 40.762554 ], [ -111.884038, 40.760273 ], [ -111.885309, 40.758604 ], [ -111.888143, 40.754892 ], [ -111.889949, 40.753461 ], [ -111.892169, 40.751615 ], [ -111.893717, 40.750012 ], [ -111.893722, 40.749954 ], [ -111.893727, 40.749813 ], [ -111.893727, 40.749726 ], [ -111.895755, 40.744458 ], [ -111.902466, 40.745133 ], [ -111.905765, 40.746841 ], [ -111.906782, 40.754504 ], [ -111.906844, 40.756305 ], [ -111.906741, 40.758104 ], [ -111.911796, 40.759701 ], [ -111.915025, 40.758109 ], [ -111.91432, 40.756453 ] ] ] } }
]
}
