{
"type": "FeatureCollection",
"name": "LightRail_Stations_iso_foot-walking_10min",
"crs": { "type": "name", "properties": { "name": "urn:ogc:def:crs:OGC:1.3:CRS84" } },
"features": [
{ "type": "Feature", "properties": { "group_index": 0, "value": 600.0, "center": [ -111.88447727516333, 40.760623300981436 ], "point_id": 17.0 }, "geometry": { "type": "Polygon", "coordinates": [ [ [ -111.894344, 40.760529 ], [ -111.892562, 40.75846 ], [ -111.892175, 40.758147 ], [ -111.8911, 40.757324 ], [ -111.889321, 40.755971 ], [ -111.888328, 40.75527 ], [ -111.888189, 40.755189 ], [ -111.885599, 40.753797 ], [ -111.885346, 40.753677 ], [ -111.884986, 40.75368 ], [ -111.882326, 40.755023 ], [ -111.881281, 40.755624 ], [ -111.877995, 40.758308 ], [ -111.877801, 40.758465 ], [ -111.876096, 40.76039 ], [ -111.876099, 40.76075 ], [ -111.876112, 40.760941 ], [ -111.879307, 40.763491 ], [ -111.881883, 40.765343 ], [ -111.884825, 40.767512 ], [ -111.885127, 40.767735 ], [ -111.885168, 40.767735 ], [ -111.885766, 40.767412 ], [ -111.889991, 40.764323 ], [ -111.891755, 40.762985 ], [ -111.894098, 40.760999 ], [ -111.894223, 40.760892 ], [ -111.894347, 40.76075 ], [ -111.894344, 40.760529 ] ] ] } },
{ "type": "Feature", "properties": { "group_index": 0, "value": 600.0, "center": [ -111.87303379142217, 40.76076094041586 ], "point_id": 18.0 }, "geometry": { "type": "Polygon", "coordinates": [ [ [ -111.882927, 40.760569 ], [ -111.882706, 40.760379 ], [ -111.8826, 40.760295 ], [ -111.881329, 40.759278 ], [ -111.879822, 40.758149 ], [ -111.877342, 40.756288 ], [ -111.876925, 40.755976 ], [ -111.875679, 40.755045 ], [ -111.874214, 40.753953 ], [ -111.874017, 40.753854 ], [ -111.873722, 40.753798 ], [ -111.873551, 40.753798 ], [ -111.870885, 40.754505 ], [ -111.866305, 40.758156 ], [ -111.863292, 40.760306 ], [ -111.863049, 40.760543 ], [ -111.862991, 40.760649 ], [ -111.862981, 40.761009 ], [ -111.865788, 40.763012 ], [ -111.869175, 40.765856 ], [ -111.870301, 40.766511 ], [ -111.871096, 40.766965 ], [ -111.873656, 40.767866 ], [ -111.873722, 40.767866 ], [ -111.874269, 40.767517 ], [ -111.876011, 40.766269 ], [ -111.876769, 40.765723 ], [ -111.879472, 40.763625 ], [ -111.880266, 40.763013 ], [ -111.882697, 40.76115 ], [ -111.882928, 40.760929 ], [ -111.882927, 40.760569 ] ] ] } },
{ "type": "Feature", "properties": { "group_index": 0, "value": 600.0, "center": [ -111.86620092897826, 40.76075818178105 ], "point_id": 19.0 }, "geometry": { "type": "Polygon", "coordinates": [ [ [ -111.876095, 40.760581 ], [ -111.875775, 40.760323 ], [ -111.873043, 40.758154 ], [ -111.870252, 40.756133 ], [ -111.87004, 40.755977 ], [ -111.868163, 40.754573 ], [ -111.865817, 40.753804 ], [ -111.865725, 40.753777 ], [ -111.865365, 40.753782 ], [ -111.865252, 40.753805 ], [ -111.863515, 40.754752 ], [ -111.863215, 40.754951 ], [ -111.859634, 40.757319 ], [ -111.859402, 40.757477 ], [ -111.858477, 40.758136 ], [ -111.858156, 40.75838 ], [ -111.856361, 40.760656 ], [ -111.856361, 40.760662 ], [ -111.856361, 40.760663 ], [ -111.856361, 40.76067 ], [ -111.856454, 40.760864 ], [ -111.856562, 40.760995 ], [ -111.85921, 40.763348 ], [ -111.861956, 40.765347 ], [ -111.864666, 40.767362 ], [ -111.865039, 40.767644 ], [ -111.865369, 40.767818 ], [ -111.865729, 40.767818 ], [ -111.868176, 40.766903 ], [ -111.868512, 40.766717 ], [ -111.86958, 40.766081 ], [ -111.870531, 40.765399 ], [ -111.873672, 40.762857 ], [ -111.876095, 40.760941 ], [ -111.876095, 40.760581 ] ] ] } },
{ "type": "Feature", "properties": { "group_index": 0, "value": 600.0, "center": [ -111.85208922935787, 40.759705323015446 ], "point_id": 20.0 }, "geometry": { "type": "Polygon", "coordinates": [ [ [ -111.860795, 40.760767 ], [ -111.860795, 40.760407 ], [ -111.860617, 40.758467 ], [ -111.860567, 40.758387 ], [ -111.860264, 40.758127 ], [ -111.856851, 40.755515 ], [ -111.853873, 40.753131 ], [ -111.853513, 40.75313 ], [ -111.849315, 40.754032 ], [ -111.844856, 40.757257 ], [ -111.843767, 40.758069 ], [ -111.843699, 40.758119 ], [ -111.843388, 40.758572 ], [ -111.843418, 40.758931 ], [ -111.84351, 40.759521 ], [ -111.844397, 40.762004 ], [ -111.844554, 40.762329 ], [ -111.844686, 40.762442 ], [ -111.846063, 40.763575 ], [ -111.84834, 40.765154 ], [ -111.852164, 40.767146 ], [ -111.852357, 40.767151 ], [ -111.85388, 40.766097 ], [ -111.854999, 40.765279 ], [ -111.855331, 40.765038 ], [ -111.858865, 40.762341 ], [ -111.860776, 40.760842 ], [ -111.860795, 40.760767 ] ] ] } },
{ "type": "Feature", "properties": { "group_index": 0, "value": 600.0, "center": [ -111.89652585974838, 40.6876790872575 ], "point_id": 9.0 }, "geometry": { "type": "Polygon", "coordinates": [ [ [ -111.90526, 40.686908 ], [ -111.905014, 40.686759 ], [ -111.904929, 40.686751 ], [ -111.903455, 40.68671 ], [ -111.901438, 40.686267 ], [ -111.898973, 40.68208 ], [ -111.89897, 40.682052 ], [ -111.898785, 40.68186 ], [ -111.896263, 40.681253 ], [ -111.8934, 40.681999 ], [ -111.89073, 40.684214 ], [ -111.888011, 40.68624 ], [ -111.887131, 40.686989 ], [ -111.887131, 40.687349 ], [ -111.888304, 40.689299 ], [ -111.888378, 40.689399 ], [ -111.888969, 40.689871 ], [ -111.889065, 40.689945 ], [ -111.893418, 40.693379 ], [ -111.893919, 40.693475 ], [ -111.894334, 40.693478 ], [ -111.899827, 40.691782 ], [ -111.900159, 40.6916 ], [ -111.900179, 40.691502 ], [ -111.900487, 40.689921 ], [ -111.905221, 40.687266 ], [ -111.90526, 40.686908 ] ] ] } },
{ "type": "Feature", "properties": { "group_index": 0, "value": 600.0, "center": [ -111.89407171731872, 40.67680640873849 ], "point_id": 10.0 }, "geometry": { "type": "Polygon", "coordinates": [ [ [ -111.899658, 40.672859 ], [ -111.899345, 40.672681 ], [ -111.897055, 40.671513 ], [ -111.895116, 40.670799 ], [ -111.894756, 40.670781 ], [ -111.891103, 40.672747 ], [ -111.890795, 40.672934 ], [ -111.888812, 40.674332 ], [ -111.887381, 40.675635 ], [ -111.887298, 40.675735 ], [ -111.88699, 40.676796 ], [ -111.886899, 40.678125 ], [ -111.88734, 40.679348 ], [ -111.888198, 40.680024 ], [ -111.890964, 40.682253 ], [ -111.891166, 40.682338 ], [ -111.891231, 40.682338 ], [ -111.894146, 40.681112 ], [ -111.897058, 40.679722 ], [ -111.89685, 40.678919 ], [ -111.896721, 40.677981 ], [ -111.899567, 40.673358 ], [ -111.899769, 40.67306 ], [ -111.899658, 40.672859 ] ] ] } },
{ "type": "Feature", "properties": { "group_index": 0, "value": 600.0, "center": [ -111.89546231427065, 40.65995619122058 ], "point_id": 11.0 }, "geometry": { "type": "Polygon", "coordinates": [ [ [ -111.90255, 40.660336 ], [ -111.899518, 40.658465 ], [ -111.898222, 40.654635 ], [ -111.897898, 40.654477 ], [ -111.894856, 40.654327 ], [ -111.894496, 40.654327 ], [ -111.894429, 40.654339 ], [ -111.893111, 40.654939 ], [ -111.892452, 40.655281 ], [ -111.891481, 40.655888 ], [ -111.89036, 40.657231 ], [ -111.889096, 40.661163 ], [ -111.888989, 40.66325 ], [ -111.888989, 40.663594 ], [ -111.889059, 40.664495 ], [ -111.889124, 40.664586 ], [ -111.889187, 40.664634 ], [ -111.889616, 40.664955 ], [ -111.890102, 40.665277 ], [ -111.890351, 40.665431 ], [ -111.892003, 40.666203 ], [ -111.892065, 40.666229 ], [ -111.892142, 40.666254 ], [ -111.892502, 40.66625 ], [ -111.893248, 40.665752 ], [ -111.898812, 40.664286 ], [ -111.899171, 40.664263 ], [ -111.899285, 40.664228 ], [ -111.902558, 40.660788 ], [ -111.902623, 40.660689 ], [ -111.90255, 40.660336 ] ] ] } },
{ "type": "Feature", "properties": { "group_index": 0, "value": 600.0, "center": [ -111.89821877778736, 40.63350782111266 ], "point_id": 12.0 }, "geometry": { "type": "Polygon", "coordinates": [ [ [ -111.907783, 40.632055 ], [ -111.907747, 40.631697 ], [ -111.906198, 40.630911 ], [ -111.901076, 40.627987 ], [ -111.900992, 40.627862 ], [ -111.90025, 40.627183 ], [ -111.89987, 40.626936 ], [ -111.89951, 40.626932 ], [ -111.896251, 40.627218 ], [ -111.895423, 40.627825 ], [ -111.892309, 40.630405 ], [ -111.889483, 40.632812 ], [ -111.889341, 40.632936 ], [ -111.88919, 40.633094 ], [ -111.889012, 40.633484 ], [ -111.88902, 40.63357 ], [ -111.889083, 40.633781 ], [ -111.890025, 40.634376 ], [ -111.890723, 40.634793 ], [ -111.891915, 40.634897 ], [ -111.892367, 40.634926 ], [ -111.892495, 40.634875 ], [ -111.896832, 40.634041 ], [ -111.898469, 40.636924 ], [ -111.898463, 40.637332 ], [ -111.89828, 40.638275 ], [ -111.898291, 40.638497 ], [ -111.898425, 40.638604 ], [ -111.898464, 40.638587 ], [ -111.898651, 40.638495 ], [ -111.89873, 40.638446 ], [ -111.900165, 40.637461 ], [ -111.900268, 40.637224 ], [ -111.900289, 40.636355 ], [ -111.903253, 40.632635 ], [ -111.905624, 40.633382 ], [ -111.905711, 40.633445 ], [ -111.907736, 40.632222 ], [ -111.907783, 40.632055 ] ] ] } },
{ "type": "Feature", "properties": { "group_index": 0, "value": 600.0, "center": [ -111.8983676394768, 40.61913169139481 ], "point_id": 13.0 }, "geometry": { "type": "Polygon", "coordinates": [ [ [ -111.906592, 40.620747 ], [ -111.904135, 40.617933 ], [ -111.90383, 40.617741 ], [ -111.89945, 40.615597 ], [ -111.899366, 40.615581 ], [ -111.899011, 40.615642 ], [ -111.89891, 40.615691 ], [ -111.896856, 40.617376 ], [ -111.893096, 40.618869 ], [ -111.891758, 40.619123 ], [ -111.89059, 40.620106 ], [ -111.89049, 40.620611 ], [ -111.890482, 40.620939 ], [ -111.890567, 40.621134 ], [ -111.890703, 40.621316 ], [ -111.894401, 40.623182 ], [ -111.895889, 40.624496 ], [ -111.896633, 40.625048 ], [ -111.897268, 40.625343 ], [ -111.899517, 40.625593 ], [ -111.899877, 40.625594 ], [ -111.901651, 40.624386 ], [ -111.906586, 40.621107 ], [ -111.906592, 40.620747 ] ] ] } },
{ "type": "Feature", "properties": { "group_index": 0, "value": 600.0, "center": [ -111.89292074470592, 40.61025327891088 ], "point_id": 14.0 }, "geometry": { "type": "Polygon", "coordinates": [ [ [ -111.902299, 40.610747 ], [ -111.899584, 40.608407 ], [ -111.89687, 40.606526 ], [ -111.895701, 40.605739 ], [ -111.895564, 40.605666 ], [ -111.891028, 40.603422 ], [ -111.890795, 40.603418 ], [ -111.890613, 40.6035 ], [ -111.887917, 40.605112 ], [ -111.887613, 40.605304 ], [ -111.883668, 40.609388 ], [ -111.883667, 40.609748 ], [ -111.885082, 40.611736 ], [ -111.888928, 40.614076 ], [ -111.89015, 40.615014 ], [ -111.890502, 40.615291 ], [ -111.891895, 40.615885 ], [ -111.892255, 40.615886 ], [ -111.89749, 40.615285 ], [ -111.89917, 40.613964 ], [ -111.9023, 40.611107 ], [ -111.902299, 40.610747 ] ] ] } },
{ "type": "Feature", "properties": { "group_index": 0, "value": 600.0, "center": [ -111.88572244542087, 40.58947369712784 ], "point_id": 15.0 }, "geometry": { "type": "Polygon", "coordinates": [ [ [ -111.893969, 40.587957 ], [ -111.893736, 40.587358 ], [ -111.890966, 40.585579 ], [ -111.88882, 40.583751 ], [ -111.886562, 40.582083 ], [ -111.886491, 40.582085 ], [ -111.885923, 40.582136 ], [ -111.882608, 40.584128 ], [ -111.881566, 40.584749 ], [ -111.87789, 40.587307 ], [ -111.877695, 40.587517 ], [ -111.877282, 40.588112 ], [ -111.877289, 40.588472 ], [ -111.878609, 40.591846 ], [ -111.879472, 40.592534 ], [ -111.881229, 40.593854 ], [ -111.881387, 40.593974 ], [ -111.885398, 40.595892 ], [ -111.885903, 40.596101 ], [ -111.88626, 40.59606 ], [ -111.890542, 40.592617 ], [ -111.891061, 40.592194 ], [ -111.89214, 40.591132 ], [ -111.892342, 40.590834 ], [ -111.893973, 40.588317 ], [ -111.893969, 40.587957 ] ] ] } },
{ "type": "Feature", "properties": { "group_index": 0, "value": 600.0, "center": [ -111.88460716939939, 40.57074519983781 ], "point_id": 16.0 }, "geometry": { "type": "Polygon", "coordinates": [ [ [ -111.892831, 40.56965 ], [ -111.889481, 40.5659 ], [ -111.889451, 40.565902 ], [ -111.889354, 40.565948 ], [ -111.887345, 40.566779 ], [ -111.883363, 40.565583 ], [ -111.882791, 40.564956 ], [ -111.882454, 40.565083 ], [ -111.881835, 40.565611 ], [ -111.87922, 40.569068 ], [ -111.878931, 40.569826 ], [ -111.878033, 40.573095 ], [ -111.878033, 40.573455 ], [ -111.880058, 40.575121 ], [ -111.881949, 40.576367 ], [ -111.885643, 40.577155 ], [ -111.885993, 40.57707 ], [ -111.886442, 40.576899 ], [ -111.890402, 40.57504 ], [ -111.891203, 40.574398 ], [ -111.892831, 40.57001 ], [ -111.892831, 40.56965 ] ] ] } },
{ "type": "Feature", "properties": { "group_index": 0, "value": 600.0, "center": [ -111.89677949758418, 40.74224544377984 ], "point_id": 6.0 }, "geometry": { "type": "Polygon", "coordinates": [ [ [ -111.905826, 40.741562 ], [ -111.905736, 40.741312 ], [ -111.905715, 40.741283 ], [ -111.902949, 40.739124 ], [ -111.90081, 40.737251 ], [ -111.900705, 40.737158 ], [ -111.899749, 40.736604 ], [ -111.89939, 40.736617 ], [ -111.893878, 40.73679 ], [ -111.88961, 40.739869 ], [ -111.887937, 40.741332 ], [ -111.887864, 40.741413 ], [ -111.887851, 40.741453 ], [ -111.887846, 40.74155 ], [ -111.887835, 40.74191 ], [ -111.888141, 40.743311 ], [ -111.888156, 40.743352 ], [ -111.888197, 40.743391 ], [ -111.889596, 40.744613 ], [ -111.892743, 40.747049 ], [ -111.895943, 40.749227 ], [ -111.89652, 40.749584 ], [ -111.896915, 40.7496 ], [ -111.897092, 40.749493 ], [ -111.900828, 40.746958 ], [ -111.901605, 40.745903 ], [ -111.905455, 40.742224 ], [ -111.905833, 40.741922 ], [ -111.905826, 40.741562 ] ] ] } },
{ "type": "Feature", "properties": { "group_index": 0, "value": 600.0, "center": [ -111.89685266869864, 40.72445547929621 ], "point_id": 7.0 }, "geometry": { "type": "Polygon", "coordinates": [ [ [ -111.905575, 40.725521 ], [ -111.905584, 40.725162 ], [ -111.901987, 40.722418 ], [ -111.901231, 40.72003 ], [ -111.900315, 40.71926 ], [ -111.899905, 40.719069 ], [ -111.899389, 40.718993 ], [ -111.899261, 40.718992 ], [ -111.893914, 40.721191 ], [ -111.893796, 40.721253 ], [ -111.893473, 40.721453 ], [ -111.892377, 40.722169 ], [ -111.888725, 40.725169 ], [ -111.888725, 40.725529 ], [ -111.88873, 40.725643 ], [ -111.888841, 40.725733 ], [ -111.889504, 40.726275 ], [ -111.890789, 40.727274 ], [ -111.893203, 40.729136 ], [ -111.893784, 40.729473 ], [ -111.89389, 40.729535 ], [ -111.899415, 40.729934 ], [ -111.899555, 40.729933 ], [ -111.899733, 40.729861 ], [ -111.899885, 40.729777 ], [ -111.901209, 40.729067 ], [ -111.902814, 40.728056 ], [ -111.905539, 40.725682 ], [ -111.905575, 40.725521 ] ] ] } },
{ "type": "Feature", "properties": { "group_index": 0, "value": 600.0, "center": [ -111.8969501942066, 40.70057145811395 ], "point_id": 8.0 }, "geometry": { "type": "Polygon", "coordinates": [ [ [ -111.906449, 40.699766 ], [ -111.905778, 40.699503 ], [ -111.905647, 40.699451 ], [ -111.90083, 40.695983 ], [ -111.90021, 40.695331 ], [ -111.90004, 40.695203 ], [ -111.899937, 40.695127 ], [ -111.899577, 40.695126 ], [ -111.893921, 40.695357 ], [ -111.893222, 40.695738 ], [ -111.890269, 40.697927 ], [ -111.888484, 40.699374 ], [ -111.888343, 40.69949 ], [ -111.888252, 40.699577 ], [ -111.888108, 40.699793 ], [ -111.888013, 40.699965 ], [ -111.888013, 40.700016 ], [ -111.888143, 40.700152 ], [ -111.89182, 40.703003 ], [ -111.891875, 40.703047 ], [ -111.893704, 40.704387 ], [ -111.893809, 40.704453 ], [ -111.893919, 40.704519 ], [ -111.899549, 40.70533 ], [ -111.899909, 40.705332 ], [ -111.900519, 40.704917 ], [ -111.901562, 40.704128 ], [ -111.901645, 40.704066 ], [ -111.905453, 40.700496 ], [ -111.90645, 40.700126 ], [ -111.906449, 40.699766 ] ] ] } },
{ "type": "Feature", "properties": { "group_index": 0, "value": 600.0, "center": [ -111.89108516845839, 40.76783977886946 ], "point_id": 3.0 }, "geometry": { "type": "Polygon", "coordinates": [ [ [ -111.899322, 40.769032 ], [ -111.897593, 40.764978 ], [ -111.89749, 40.764815 ], [ -111.897305, 40.764664 ], [ -111.896849, 40.764314 ], [ -111.894607, 40.762624 ], [ -111.891377, 40.760378 ], [ -111.891231, 40.760283 ], [ -111.891195, 40.760283 ], [ -111.890803, 40.760385 ], [ -111.889576, 40.76121 ], [ -111.887465, 40.762679 ], [ -111.885043, 40.764668 ], [ -111.882442, 40.766656 ], [ -111.88221, 40.766833 ], [ -111.882007, 40.766995 ], [ -111.881883, 40.767156 ], [ -111.881883, 40.767516 ], [ -111.883054, 40.769375 ], [ -111.883181, 40.769524 ], [ -111.883372, 40.769689 ], [ -111.885846, 40.771894 ], [ -111.886715, 40.772641 ], [ -111.887153, 40.772962 ], [ -111.890487, 40.774898 ], [ -111.89073, 40.774984 ], [ -111.89109, 40.774984 ], [ -111.891988, 40.774516 ], [ -111.894237, 40.773179 ], [ -111.896003, 40.771861 ], [ -111.898852, 40.769689 ], [ -111.899232, 40.769367 ], [ -111.89932, 40.76919 ], [ -111.899322, 40.769032 ] ] ] } },
{ "type": "Feature", "properties": { "group_index": 0, "value": 600.0, "center": [ -111.89113384533402, 40.76347537697363 ], "point_id": 4.0 }, "geometry": { "type": "Polygon", "coordinates": [ [ [ -111.900249, 40.763018 ], [ -111.900246, 40.762658 ], [ -111.89916, 40.761784 ], [ -111.895177, 40.758596 ], [ -111.892269, 40.756655 ], [ -111.891493, 40.756119 ], [ -111.891198, 40.75597 ], [ -111.89112, 40.75597 ], [ -111.890986, 40.75597 ], [ -111.890926, 40.755971 ], [ -111.88679, 40.758724 ], [ -111.885977, 40.759267 ], [ -111.882232, 40.762494 ], [ -111.882034, 40.762679 ], [ -111.88196, 40.762804 ], [ -111.88192, 40.76311 ], [ -111.881921, 40.763115 ], [ -111.883071, 40.765028 ], [ -111.883231, 40.765188 ], [ -111.8834, 40.765343 ], [ -111.885401, 40.766909 ], [ -111.888363, 40.769377 ], [ -111.890242, 40.770515 ], [ -111.890777, 40.770768 ], [ -111.891015, 40.770806 ], [ -111.891076, 40.770816 ], [ -111.892605, 40.770028 ], [ -111.894728, 40.76875 ], [ -111.898884, 40.765331 ], [ -111.899146, 40.765024 ], [ -111.900242, 40.763163 ], [ -111.900249, 40.763018 ] ] ] } },
{ "type": "Feature", "properties": { "group_index": 0, "value": 600.0, "center": [ -111.89483427965281, 40.769350116841785 ], "point_id": 2.0 }, "geometry": { "type": "Polygon", "coordinates": [ [ [ -111.903697, 40.769737 ], [ -111.903809, 40.769153 ], [ -111.902817, 40.767737 ], [ -111.902509, 40.767292 ], [ -111.902379, 40.767151 ], [ -111.900735, 40.765788 ], [ -111.896882, 40.763137 ], [ -111.894361, 40.762434 ], [ -111.894001, 40.76243 ], [ -111.893657, 40.762491 ], [ -111.893442, 40.762645 ], [ -111.890482, 40.76473 ], [ -111.886072, 40.768135 ], [ -111.885022, 40.769165 ], [ -111.884986, 40.769526 ], [ -111.884985, 40.769547 ], [ -111.885121, 40.769695 ], [ -111.887278, 40.771832 ], [ -111.8904, 40.773848 ], [ -111.890947, 40.774201 ], [ -111.891315, 40.774427 ], [ -111.894564, 40.776066 ], [ -111.894761, 40.776071 ], [ -111.894915, 40.776054 ], [ -111.8968, 40.775512 ], [ -111.896944, 40.775425 ], [ -111.897204, 40.775255 ], [ -111.899873, 40.773344 ], [ -111.901803, 40.771872 ], [ -111.903539, 40.770492 ], [ -111.903697, 40.769737 ] ] ] } },
{ "type": "Feature", "properties": { "group_index": 0, "value": 600.0, "center": [ -111.90062116201825, 40.76934834059902 ], "point_id": 1.0 }, "geometry": { "type": "Polygon", "coordinates": [ [ [ -111.908294, 40.769386 ], [ -111.908288, 40.769139 ], [ -111.907842, 40.767141 ], [ -111.907737, 40.767012 ], [ -111.907548, 40.766829 ], [ -111.905637, 40.765203 ], [ -111.903433, 40.763639 ], [ -111.902805, 40.763222 ], [ -111.900217, 40.762346 ], [ -111.900018, 40.762347 ], [ -111.899733, 40.762366 ], [ -111.899292, 40.762638 ], [ -111.89753, 40.763784 ], [ -111.893221, 40.766944 ], [ -111.892946, 40.767157 ], [ -111.890767, 40.769164 ], [ -111.890732, 40.769249 ], [ -111.890732, 40.769287 ], [ -111.890733, 40.769544 ], [ -111.891125, 40.769871 ], [ -111.892845, 40.771241 ], [ -111.893075, 40.771413 ], [ -111.896294, 40.773884 ], [ -111.896488, 40.774031 ], [ -111.899479, 40.776205 ], [ -111.899729, 40.776255 ], [ -111.900089, 40.776257 ], [ -111.902711, 40.775493 ], [ -111.903207, 40.775173 ], [ -111.904299, 40.774401 ], [ -111.905156, 40.773737 ], [ -111.907992, 40.771552 ], [ -111.908294, 40.769386 ] ] ] } },
{ "type": "Feature", "properties": { "group_index": 0, "value": 600.0, "center": [ -111.89110769745832, 40.7591598632669 ], "point_id": 5.0 }, "geometry": { "type": "Polygon", "coordinates": [ [ [ -111.900276, 40.758458 ], [ -111.900089, 40.75828 ], [ -111.897471, 40.756106 ], [ -111.89729, 40.75596 ], [ -111.893785, 40.753368 ], [ -111.891453, 40.751762 ], [ -111.891265, 40.751748 ], [ -111.890905, 40.751745 ], [ -111.890707, 40.751765 ], [ -111.887957, 40.753803 ], [ -111.885672, 40.755366 ], [ -111.883401, 40.757187 ], [ -111.881785, 40.758464 ], [ -111.881784, 40.758824 ], [ -111.882995, 40.760647 ], [ -111.883064, 40.76074 ], [ -111.88339, 40.760996 ], [ -111.886967, 40.763858 ], [ -111.889121, 40.76544 ], [ -111.890742, 40.766623 ], [ -111.891102, 40.766629 ], [ -111.891374, 40.766585 ], [ -111.894202, 40.764589 ], [ -111.896377, 40.762998 ], [ -111.89935, 40.760791 ], [ -111.900277, 40.758818 ], [ -111.900276, 40.758458 ] ] ] } },
{ "type": "Feature", "properties": { "group_index": 0, "value": 600.0, "center": [ -111.8395354630606, 40.760298832454026 ], "point_id": 21.0 }, "geometry": { "type": "Polygon", "coordinates": [ [ [ -111.847261, 40.760581 ], [ -111.847308, 40.758553 ], [ -111.84731, 40.758193 ], [ -111.846449, 40.757398 ], [ -111.844159, 40.756404 ], [ -111.843799, 40.756404 ], [ -111.838979, 40.75718 ], [ -111.837552, 40.756305 ], [ -111.837179, 40.755957 ], [ -111.837131, 40.755931 ], [ -111.834873, 40.755925 ], [ -111.834443, 40.756064 ], [ -111.834236, 40.756359 ], [ -111.834517, 40.759067 ], [ -111.831804, 40.763248 ], [ -111.831529, 40.763422 ], [ -111.831508, 40.763529 ], [ -111.831421, 40.764231 ], [ -111.83223, 40.764797 ], [ -111.832266, 40.764822 ], [ -111.832578, 40.765003 ], [ -111.836822, 40.766314 ], [ -111.841433, 40.766114 ], [ -111.844232, 40.765563 ], [ -111.844468, 40.765472 ], [ -111.844485, 40.765464 ], [ -111.847167, 40.760847 ], [ -111.847261, 40.760581 ] ] ] } },
{ "type": "Feature", "properties": { "group_index": 0, "value": 600.0, "center": [ -111.83883245966558, 40.76955970444342 ], "point_id": 23.0 }, "geometry": { "type": "Polygon", "coordinates": [ [ [ -111.847103, 40.768391 ], [ -111.847102, 40.7682 ], [ -111.847008, 40.76772 ], [ -111.84697, 40.767581 ], [ -111.846734, 40.766727 ], [ -111.846461, 40.766268 ], [ -111.845647, 40.7656 ], [ -111.845313, 40.765335 ], [ -111.844695, 40.765065 ], [ -111.83955, 40.764513 ], [ -111.836528, 40.764258 ], [ -111.836213, 40.764432 ], [ -111.834184, 40.766179 ], [ -111.832825, 40.767415 ], [ -111.832719, 40.767629 ], [ -111.832617, 40.768001 ], [ -111.832593, 40.7681 ], [ -111.83371, 40.769807 ], [ -111.83628, 40.773821 ], [ -111.838588, 40.774534 ], [ -111.840446, 40.775101 ], [ -111.843269, 40.775468 ], [ -111.843349, 40.775429 ], [ -111.84682, 40.771142 ], [ -111.847103, 40.768391 ] ] ] } },
{ "type": "Feature", "properties": { "group_index": 0, "value": 600.0, "center": [ -111.83660292304567, 40.76441921490632 ], "point_id": 22.0 }, "geometry": { "type": "Polygon", "coordinates": [ [ [ -111.844481, 40.764216 ], [ -111.844505, 40.763857 ], [ -111.844408, 40.76257 ], [ -111.844374, 40.762257 ], [ -111.842036, 40.75936 ], [ -111.841829, 40.759188 ], [ -111.8415, 40.759072 ], [ -111.83571, 40.757566 ], [ -111.83564, 40.757551 ], [ -111.835368, 40.757504 ], [ -111.835311, 40.757517 ], [ -111.835144, 40.75782 ], [ -111.834517, 40.759067 ], [ -111.830642, 40.761932 ], [ -111.830372, 40.76217 ], [ -111.83015, 40.762579 ], [ -111.829825, 40.76383 ], [ -111.8305, 40.767569 ], [ -111.830525, 40.767597 ], [ -111.830556, 40.767626 ], [ -111.830589, 40.767649 ], [ -111.832055, 40.768589 ], [ -111.832279, 40.768709 ], [ -111.834247, 40.769358 ], [ -111.839213, 40.769989 ], [ -111.839251, 40.76999 ], [ -111.841761, 40.769891 ], [ -111.841854, 40.769799 ], [ -111.842095, 40.769532 ], [ -111.844432, 40.764379 ], [ -111.844481, 40.764216 ] ] ] } },
{ "type": "Feature", "properties": { "group_index": 0, "value": 600.0, "center": [ -111.89681889806727, 40.750438876579956 ], "point_id": 24.0 }, "geometry": { "type": "Polygon", "coordinates": [ [ [ -111.906322, 40.749947 ], [ -111.906321, 40.749587 ], [ -111.903874, 40.747719 ], [ -111.901835, 40.74634 ], [ -111.897636, 40.743315 ], [ -111.897498, 40.743232 ], [ -111.89686, 40.742925 ], [ -111.896812, 40.742921 ], [ -111.896422, 40.743093 ], [ -111.893357, 40.744736 ], [ -111.889349, 40.748285 ], [ -111.887809, 40.749505 ], [ -111.887709, 40.749635 ], [ -111.887693, 40.749754 ], [ -111.887689, 40.750114 ], [ -111.888716, 40.751985 ], [ -111.888864, 40.752134 ], [ -111.889166, 40.752423 ], [ -111.891622, 40.75423 ], [ -111.895076, 40.756933 ], [ -111.896554, 40.75791 ], [ -111.896612, 40.757909 ], [ -111.896988, 40.757848 ], [ -111.897198, 40.757778 ], [ -111.897587, 40.75759 ], [ -111.900131, 40.755781 ], [ -111.902059, 40.754305 ], [ -111.904111, 40.752711 ], [ -111.904917, 40.75197 ], [ -111.906276, 40.750099 ], [ -111.906322, 40.749947 ] ] ] } },
{ "type": "Feature", "properties": { "group_index": 0, "value": 600.0, "center": [ -111.88629828412193, 40.58134447434612 ], "point_id": 0.0 }, "geometry": { "type": "Polygon", "coordinates": [ [ [ -111.895626, 40.580406 ], [ -111.891181, 40.576619 ], [ -111.891022, 40.57644 ], [ -111.890834, 40.576255 ], [ -111.885689, 40.573787 ], [ -111.885298, 40.573848 ], [ -111.884948, 40.573929 ], [ -111.882585, 40.575469 ], [ -111.878618, 40.579569 ], [ -111.877392, 40.580488 ], [ -111.877391, 40.580848 ], [ -111.877434, 40.580961 ], [ -111.880753, 40.583884 ], [ -111.881743, 40.584598 ], [ -111.88509, 40.588128 ], [ -111.885486, 40.588398 ], [ -111.885842, 40.588612 ], [ -111.886202, 40.588608 ], [ -111.886749, 40.588338 ], [ -111.891633, 40.58566 ], [ -111.892153, 40.585342 ], [ -111.893133, 40.584271 ], [ -111.895627, 40.580766 ], [ -111.895626, 40.580406 ] ] ] } },
{ "type": "Feature", "properties": { "group_index": 0, "value": 600.0, "center": [ -111.90631877999938, 40.76501345092408 ], "point_id": 0.0 }, "geometry": { "type": "Polygon", "coordinates": [ [ [ -111.916125, 40.764673 ], [ -111.912947, 40.762103 ], [ -111.908883, 40.759126 ], [ -111.908352, 40.758871 ], [ -111.905686, 40.758124 ], [ -111.905611, 40.758124 ], [ -111.905169, 40.758126 ], [ -111.901331, 40.760703 ], [ -111.900111, 40.761551 ], [ -111.897574, 40.763784 ], [ -111.896695, 40.764664 ], [ -111.896638, 40.76475 ], [ -111.896626, 40.764972 ], [ -111.896625, 40.765332 ], [ -111.899103, 40.767512 ], [ -111.900967, 40.76921 ], [ -111.902651, 40.770466 ], [ -111.904521, 40.771894 ], [ -111.904826, 40.771902 ], [ -111.905186, 40.771907 ], [ -111.908234, 40.771205 ], [ -111.90842, 40.771129 ], [ -111.908746, 40.770983 ], [ -111.910489, 40.769687 ], [ -111.910665, 40.769502 ], [ -111.91513, 40.76559 ], [ -111.91549, 40.765591 ], [ -111.915897, 40.765325 ], [ -111.916075, 40.765174 ], [ -111.91614, 40.765033 ], [ -111.916125, 40.764673 ] ] ] } },
{ "type": "Feature", "properties": { "group_index": 0, "value": 600.0, "center": [ -111.90827468361964, 40.76214215296005 ], "point_id": 0.0 }, "geometry": { "type": "Polygon", "coordinates": [ [ [ -111.915475, 40.764888 ], [ -111.915317, 40.764716 ], [ -111.911307, 40.760638 ], [ -111.908157, 40.756138 ], [ -111.908336, 40.755208 ], [ -111.90834, 40.754997 ], [ -111.908343, 40.754786 ], [ -111.907983, 40.75478 ], [ -111.907597, 40.755028 ], [ -111.906339, 40.755938 ], [ -111.901955, 40.75906 ], [ -111.900428, 40.760297 ], [ -111.900286, 40.760459 ], [ -111.900286, 40.760819 ], [ -111.900313, 40.761 ], [ -111.902035, 40.765029 ], [ -111.902094, 40.765149 ], [ -111.904584, 40.767236 ], [ -111.907243, 40.76963 ], [ -111.908239, 40.769549 ], [ -111.908597, 40.769508 ], [ -111.911367, 40.767304 ], [ -111.915262, 40.765327 ], [ -111.915476, 40.764902 ], [ -111.915475, 40.764888 ] ] ] } },
{ "type": "Feature", "properties": { "group_index": 0, "value": 600.0, "center": [ -111.90253086847164, 40.7664523743043 ], "point_id": 0.0 }, "geometry": { "type": "Polygon", "coordinates": [ [ [ -111.91071, 40.76485 ], [ -111.910642, 40.764749 ], [ -111.907701, 40.762641 ], [ -111.904974, 40.760435 ], [ -111.903187, 40.759315 ], [ -111.902919, 40.759158 ], [ -111.902837, 40.759124 ], [ -111.902338, 40.759066 ], [ -111.902008, 40.759061 ], [ -111.899274, 40.760421 ], [ -111.894883, 40.764479 ], [ -111.894372, 40.764948 ], [ -111.894292, 40.765171 ], [ -111.896031, 40.769373 ], [ -111.896101, 40.769427 ], [ -111.896313, 40.76959 ], [ -111.896441, 40.769689 ], [ -111.899239, 40.771856 ], [ -111.899455, 40.772009 ], [ -111.90199, 40.77367 ], [ -111.902351, 40.773848 ], [ -111.902737, 40.773882 ], [ -111.902865, 40.773882 ], [ -111.905395, 40.772156 ], [ -111.908595, 40.769696 ], [ -111.910875, 40.767019 ], [ -111.91071, 40.76485 ] ] ] } },
{ "type": "Feature", "properties": { "group_index": 0, "value": 600.0, "center": [ -111.98053208434068, 40.783551955996074 ], "point_id": 0.0 }, "geometry": { "type": "Polygon", "coordinates": [ [ [ -111.988041, 40.785307 ], [ -111.986898, 40.783587 ], [ -111.985339, 40.78222 ], [ -111.98169, 40.777492 ], [ -111.980349, 40.776792 ], [ -111.979515, 40.776386 ], [ -111.979157, 40.776425 ], [ -111.977446, 40.780215 ], [ -111.979214, 40.783275 ], [ -111.981993, 40.786068 ], [ -111.985205, 40.787925 ], [ -111.985563, 40.787885 ], [ -111.988065, 40.785666 ], [ -111.988041, 40.785307 ] ] ] } },
{ "type": "Feature", "properties": { "group_index": 0, "value": 600.0, "center": [ -111.93392958311469, 40.77152308625753 ], "point_id": 0.0 }, "geometry": { "type": "Polygon", "coordinates": [ [ [ -111.943715, 40.771429 ], [ -111.943677, 40.77127 ], [ -111.943577, 40.771182 ], [ -111.941085, 40.769229 ], [ -111.939215, 40.767783 ], [ -111.935172, 40.767487 ], [ -111.934812, 40.767499 ], [ -111.930242, 40.768993 ], [ -111.925394, 40.769954 ], [ -111.924566, 40.770707 ], [ -111.924192, 40.771229 ], [ -111.924185, 40.771418 ], [ -111.924175, 40.771778 ], [ -111.924258, 40.771873 ], [ -111.927653, 40.773521 ], [ -111.929924, 40.774794 ], [ -111.93045, 40.775105 ], [ -111.93519, 40.777317 ], [ -111.93536, 40.777399 ], [ -111.939553, 40.77512 ], [ -111.941185, 40.774108 ], [ -111.943585, 40.771912 ], [ -111.943717, 40.771789 ], [ -111.943715, 40.771429 ] ] ] } },
{ "type": "Feature", "properties": { "group_index": 0, "value": 600.0, "center": [ -111.91486325450006, 40.77153251015196 ], "point_id": 0.0 }, "geometry": { "type": "Polygon", "coordinates": [ [ [ -111.924623, 40.771589 ], [ -111.924623, 40.771229 ], [ -111.924436, 40.771038 ], [ -111.924027, 40.770706 ], [ -111.922332, 40.769408 ], [ -111.918368, 40.766413 ], [ -111.917399, 40.765795 ], [ -111.916816, 40.765432 ], [ -111.915478, 40.76537 ], [ -111.915407, 40.765371 ], [ -111.91513, 40.765422 ], [ -111.914183, 40.765796 ], [ -111.913399, 40.76702 ], [ -111.908622, 40.768665 ], [ -111.908262, 40.768664 ], [ -111.905089, 40.771289 ], [ -111.905089, 40.771649 ], [ -111.905251, 40.771804 ], [ -111.907743, 40.773863 ], [ -111.910378, 40.776133 ], [ -111.913599, 40.778367 ], [ -111.913801, 40.778456 ], [ -111.914161, 40.778453 ], [ -111.916822, 40.777724 ], [ -111.918454, 40.776628 ], [ -111.919081, 40.776196 ], [ -111.91949, 40.775889 ], [ -111.919967, 40.775457 ], [ -111.924536, 40.771873 ], [ -111.924615, 40.771782 ], [ -111.924623, 40.771589 ] ] ] } },
{ "type": "Feature", "properties": { "group_index": 0, "value": 600.0, "center": [ -111.90484941834822, 40.771625145480485 ], "point_id": 0.0 }, "geometry": { "type": "Polygon", "coordinates": [ [ [ -111.914781, 40.771675 ], [ -111.914606, 40.771237 ], [ -111.912445, 40.769107 ], [ -111.908573, 40.766836 ], [ -111.90823, 40.76667 ], [ -111.90267, 40.765792 ], [ -111.902605, 40.765792 ], [ -111.899729, 40.767668 ], [ -111.899291, 40.768 ], [ -111.895803, 40.770833 ], [ -111.895399, 40.77119 ], [ -111.89511, 40.771502 ], [ -111.89511, 40.771862 ], [ -111.897545, 40.773804 ], [ -111.901634, 40.777355 ], [ -111.902564, 40.777462 ], [ -111.902924, 40.777462 ], [ -111.908053, 40.776912 ], [ -111.909084, 40.776201 ], [ -111.909273, 40.776057 ], [ -111.909505, 40.775881 ], [ -111.913938, 40.772367 ], [ -111.914653, 40.771859 ], [ -111.914782, 40.771716 ], [ -111.914781, 40.771675 ] ] ] } },
{ "type": "Feature", "properties": { "group_index": 0, "value": 600.0, "center": [ -111.9242644527382, 40.77149889218596 ], "point_id": 0.0 }, "geometry": { "type": "Polygon", "coordinates": [ [ [ -111.934041, 40.771584 ], [ -111.93404, 40.771224 ], [ -111.931502, 40.769263 ], [ -111.930504, 40.769269 ], [ -111.92631, 40.765458 ], [ -111.926252, 40.765089 ], [ -111.92617, 40.765015 ], [ -111.925927, 40.76528 ], [ -111.921351, 40.769039 ], [ -111.921148, 40.769065 ], [ -111.920714, 40.769107 ], [ -111.920446, 40.769129 ], [ -111.919759, 40.769177 ], [ -111.917048, 40.769238 ], [ -111.917007, 40.769238 ], [ -111.91688, 40.769324 ], [ -111.914937, 40.77062 ], [ -111.914389, 40.771237 ], [ -111.914389, 40.771597 ], [ -111.91448, 40.771795 ], [ -111.914556, 40.771857 ], [ -111.916594, 40.773474 ], [ -111.919897, 40.775889 ], [ -111.919985, 40.775894 ], [ -111.920092, 40.775718 ], [ -111.920092, 40.775709 ], [ -111.920067, 40.7755 ], [ -111.920042, 40.775277 ], [ -111.925613, 40.773099 ], [ -111.926609, 40.775602 ], [ -111.92666, 40.775959 ], [ -111.926674, 40.77601 ], [ -111.926695, 40.776052 ], [ -111.926738, 40.776063 ], [ -111.930562, 40.776124 ], [ -111.934026, 40.77179 ], [ -111.934041, 40.771584 ] ] ] } },
{ "type": "Feature", "properties": { "group_index": 0, "value": 600.0, "center": [ -111.94614739689578, 40.7715372727558 ], "point_id": 0.0 }, "geometry": { "type": "Polygon", "coordinates": [ [ [ -111.955903, 40.771307 ], [ -111.955711, 40.76958 ], [ -111.955574, 40.769247 ], [ -111.955238, 40.768967 ], [ -111.955054, 40.768828 ], [ -111.954141, 40.769191 ], [ -111.952928, 40.769817 ], [ -111.947483, 40.768643 ], [ -111.946841, 40.767823 ], [ -111.945551, 40.767301 ], [ -111.945104, 40.767306 ], [ -111.943876, 40.767361 ], [ -111.942816, 40.767728 ], [ -111.939218, 40.768997 ], [ -111.937152, 40.770496 ], [ -111.936366, 40.771251 ], [ -111.936366, 40.771611 ], [ -111.936398, 40.771813 ], [ -111.936491, 40.771901 ], [ -111.93807, 40.773364 ], [ -111.941735, 40.775759 ], [ -111.941912, 40.775865 ], [ -111.945971, 40.777867 ], [ -111.946331, 40.777868 ], [ -111.947975, 40.77762 ], [ -111.95276, 40.774247 ], [ -111.953331, 40.773864 ], [ -111.954453, 40.772929 ], [ -111.955904, 40.771667 ], [ -111.955903, 40.771307 ] ] ] } },
{ "type": "Feature", "properties": { "group_index": 0, "value": 600.0, "center": [ -111.87159856184424, 40.535730402126404 ], "point_id": 0.0 }, "geometry": { "type": "Polygon", "coordinates": [ [ [ -111.880829, 40.536944 ], [ -111.877539, 40.532327 ], [ -111.874254, 40.530518 ], [ -111.871792, 40.528563 ], [ -111.871408, 40.528374 ], [ -111.871049, 40.528392 ], [ -111.86608, 40.529529 ], [ -111.865783, 40.529732 ], [ -111.866643, 40.531886 ], [ -111.866998, 40.532591 ], [ -111.867091, 40.538238 ], [ -111.867289, 40.539445 ], [ -111.869394, 40.540905 ], [ -111.871168, 40.541992 ], [ -111.871539, 40.542169 ], [ -111.872066, 40.542145 ], [ -111.87714, 40.542051 ], [ -111.877436, 40.541846 ], [ -111.878485, 40.540727 ], [ -111.880828, 40.537304 ], [ -111.880829, 40.536944 ] ] ] } },
{ "type": "Feature", "properties": { "group_index": 0, "value": 600.0, "center": [ -111.8606095, 40.5258744 ], "point_id": 0.0 }, "geometry": { "type": "Polygon", "coordinates": [ [ [ -111.866145, 40.5253 ], [ -111.866137, 40.525161 ], [ -111.866116, 40.524875 ], [ -111.864315, 40.523295 ], [ -111.864034, 40.523288 ], [ -111.859564, 40.522195 ], [ -111.857811, 40.520172 ], [ -111.857451, 40.520165 ], [ -111.855755, 40.521347 ], [ -111.851602, 40.522999 ], [ -111.851404, 40.523299 ], [ -111.851006, 40.524799 ], [ -111.851058, 40.525156 ], [ -111.855093, 40.528578 ], [ -111.856437, 40.529582 ], [ -111.85683, 40.529625 ], [ -111.862564, 40.530714 ], [ -111.862924, 40.530716 ], [ -111.863485, 40.530272 ], [ -111.863902, 40.529825 ], [ -111.865231, 40.528315 ], [ -111.865792, 40.527111 ], [ -111.866145, 40.5253 ] ] ] } },
{ "type": "Feature", "properties": { "group_index": 0, "value": 600.0, "center": [ -111.87854954242574, 40.544870637905596 ], "point_id": 0.0 }, "geometry": { "type": "Polygon", "coordinates": [ [ [ -111.887512, 40.543906 ], [ -111.885298, 40.542317 ], [ -111.881937, 40.540115 ], [ -111.881588, 40.540027 ], [ -111.881366, 40.540096 ], [ -111.875882, 40.539885 ], [ -111.874855, 40.538429 ], [ -111.874295, 40.538133 ], [ -111.874028, 40.538374 ], [ -111.871552, 40.542308 ], [ -111.869569, 40.544097 ], [ -111.869569, 40.544457 ], [ -111.872116, 40.546419 ], [ -111.872918, 40.546956 ], [ -111.876641, 40.549438 ], [ -111.878348, 40.550481 ], [ -111.879449, 40.551146 ], [ -111.879806, 40.551101 ], [ -111.883283, 40.547822 ], [ -111.886842, 40.545496 ], [ -111.887501, 40.544503 ], [ -111.887512, 40.543906 ] ] ] } },
{ "type": "Feature", "properties": { "group_index": 0, "value": 600.0, "center": [ -112.0140230228289, 40.54405807294225 ], "point_id": 0.0 }, "geometry": { "type": "Polygon", "coordinates": [ [ [ -112.020087, 40.549592 ], [ -112.020406, 40.548172 ], [ -112.020807, 40.546417 ], [ -112.020621, 40.546108 ], [ -112.02016, 40.546077 ], [ -112.016687, 40.543691 ], [ -112.017731, 40.540388 ], [ -112.017981, 40.540129 ], [ -112.017816, 40.539217 ], [ -112.017641, 40.538902 ], [ -112.017362, 40.538688 ], [ -112.015901, 40.53804 ], [ -112.013865, 40.537845 ], [ -112.009177, 40.537811 ], [ -112.009146, 40.537813 ], [ -112.009057, 40.537861 ], [ -112.007917, 40.53872 ], [ -112.007863, 40.538878 ], [ -112.006998, 40.541354 ], [ -112.006507, 40.544626 ], [ -112.006453, 40.545067 ], [ -112.006227, 40.547142 ], [ -112.006233, 40.547278 ], [ -112.006408, 40.547593 ], [ -112.007682, 40.548723 ], [ -112.007946, 40.548815 ], [ -112.008745, 40.54901 ], [ -112.008956, 40.549052 ], [ -112.009141, 40.549084 ], [ -112.014603, 40.549774 ], [ -112.015075, 40.549817 ], [ -112.019493, 40.550177 ], [ -112.019661, 40.550195 ], [ -112.019976, 40.549991 ], [ -112.020087, 40.549592 ] ] ] } },
{ "type": "Feature", "properties": { "group_index": 0, "value": 600.0, "center": [ -112.02485236555687, 40.56914309492343 ], "point_id": 0.0 }, "geometry": { "type": "Polygon", "coordinates": [ [ [ -112.030631, 40.568506 ], [ -112.025011, 40.567477 ], [ -112.022175, 40.572712 ], [ -112.022336, 40.573034 ], [ -112.024445, 40.571977 ], [ -112.026553, 40.57092 ], [ -112.026553, 40.570919 ], [ -112.027638, 40.570381 ], [ -112.028722, 40.569843 ], [ -112.029756, 40.569336 ], [ -112.030789, 40.568829 ], [ -112.030631, 40.568506 ] ] ] } },
{ "type": "Feature", "properties": { "group_index": 0, "value": 600.0, "center": [ -111.97131699359757, 40.594915611589975 ], "point_id": 0.0 }, "geometry": { "type": "Polygon", "coordinates": [ [ [ -111.979979, 40.592802 ], [ -111.979877, 40.592457 ], [ -111.976761, 40.590299 ], [ -111.97251, 40.58838 ], [ -111.972376, 40.588383 ], [ -111.972113, 40.588461 ], [ -111.967236, 40.590337 ], [ -111.966328, 40.590945 ], [ -111.96451, 40.592148 ], [ -111.961848, 40.594913 ], [ -111.9618, 40.595062 ], [ -111.961794, 40.595422 ], [ -111.963601, 40.597719 ], [ -111.964562, 40.59814 ], [ -111.967366, 40.599355 ], [ -111.967448, 40.599354 ], [ -111.968636, 40.598453 ], [ -111.969599, 40.597773 ], [ -111.974595, 40.595866 ], [ -111.978006, 40.595684 ], [ -111.978348, 40.595571 ], [ -111.979254, 40.594253 ], [ -111.97983, 40.593122 ], [ -111.979943, 40.592901 ], [ -111.979979, 40.592802 ] ] ] } },
{ "type": "Feature", "properties": { "group_index": 0, "value": 600.0, "center": [ -111.93610788477106, 40.60500221966745 ], "point_id": 0.0 }, "geometry": { "type": "Polygon", "coordinates": [ [ [ -111.944821, 40.605439 ], [ -111.944132, 40.604713 ], [ -111.942571, 40.603079 ], [ -111.939104, 40.600815 ], [ -111.938908, 40.600709 ], [ -111.938726, 40.600665 ], [ -111.938366, 40.600661 ], [ -111.936938, 40.601595 ], [ -111.936311, 40.602014 ], [ -111.936205, 40.602097 ], [ -111.936013, 40.602378 ], [ -111.934674, 40.605899 ], [ -111.936254, 40.608794 ], [ -111.936354, 40.608915 ], [ -111.936708, 40.609184 ], [ -111.93721, 40.609567 ], [ -111.937406, 40.609712 ], [ -111.937791, 40.609994 ], [ -111.938057, 40.610189 ], [ -111.938418, 40.610383 ], [ -111.938778, 40.610382 ], [ -111.938964, 40.610278 ], [ -111.93918, 40.610151 ], [ -111.940126, 40.609562 ], [ -111.942568, 40.608062 ], [ -111.944633, 40.605891 ], [ -111.944788, 40.605566 ], [ -111.944821, 40.605439 ] ] ] } },
{ "type": "Feature", "properties": { "group_index": 0, "value": 600.0, "center": [ -111.9237724, 40.608322 ], "point_id": 0.0 }, "geometry": { "type": "Polygon", "coordinates": [ [ [ -111.932496, 40.609349 ], [ -111.931975, 40.608718 ], [ -111.930868, 40.607551 ], [ -111.929491, 40.606425 ], [ -111.929131, 40.606427 ], [ -111.929026, 40.606492 ], [ -111.925445, 40.607668 ], [ -111.92051, 40.604606 ], [ -111.920419, 40.604183 ], [ -111.920302, 40.603253 ], [ -111.920185, 40.602323 ], [ -111.919828, 40.602368 ], [ -111.919945, 40.603298 ], [ -111.916041, 40.607134 ], [ -111.915704, 40.607261 ], [ -111.915613, 40.607367 ], [ -111.915532, 40.610325 ], [ -111.915539, 40.610382 ], [ -111.915649, 40.610488 ], [ -111.917836, 40.612127 ], [ -111.919861, 40.613256 ], [ -111.920824, 40.613776 ], [ -111.921144, 40.61394 ], [ -111.926776, 40.613718 ], [ -111.927128, 40.613642 ], [ -111.930459, 40.611294 ], [ -111.932498, 40.609709 ], [ -111.932496, 40.609349 ] ] ] } },
{ "type": "Feature", "properties": { "group_index": 0, "value": 600.0, "center": [ -111.9574378, 40.5989091 ], "point_id": 0.0 }, "geometry": { "type": "Polygon", "coordinates": [ [ [ -111.963762, 40.600483 ], [ -111.963696, 40.600223 ], [ -111.962465, 40.595073 ], [ -111.962237, 40.594912 ], [ -111.958538, 40.592164 ], [ -111.957812, 40.591667 ], [ -111.957763, 40.591668 ], [ -111.954486, 40.593967 ], [ -111.954485, 40.594327 ], [ -111.953116, 40.599651 ], [ -111.951933, 40.60005 ], [ -111.950418, 40.60008 ], [ -111.949142, 40.600758 ], [ -111.949093, 40.600865 ], [ -111.949187, 40.601212 ], [ -111.951162, 40.602093 ], [ -111.954571, 40.605092 ], [ -111.957483, 40.606188 ], [ -111.957843, 40.606188 ], [ -111.957984, 40.606089 ], [ -111.958981, 40.605396 ], [ -111.959378, 40.605079 ], [ -111.962951, 40.601843 ], [ -111.963828, 40.600742 ], [ -111.963762, 40.600483 ] ] ] } },
{ "type": "Feature", "properties": { "group_index": 0, "value": 600.0, "center": [ -112.00373136762775, 40.581708696534704 ], "point_id": 0.0 }, "geometry": { "type": "Polygon", "coordinates": [ [ [ -112.011484, 40.582851 ], [ -112.011798, 40.578258 ], [ -112.011638, 40.577935 ], [ -112.010446, 40.577298 ], [ -112.005333, 40.57462 ], [ -112.00276, 40.576275 ], [ -112.00116, 40.577412 ], [ -112.000163, 40.578142 ], [ -111.999841, 40.578378 ], [ -111.997514, 40.580125 ], [ -111.996166, 40.58303 ], [ -111.995702, 40.585839 ], [ -111.995862, 40.586162 ], [ -111.996978, 40.586608 ], [ -112.000343, 40.587208 ], [ -112.001545, 40.587401 ], [ -112.002461, 40.587424 ], [ -112.002528, 40.587423 ], [ -112.003609, 40.587423 ], [ -112.004996, 40.587437 ], [ -112.005356, 40.587437 ], [ -112.006065, 40.587202 ], [ -112.01057, 40.583969 ], [ -112.011407, 40.583269 ], [ -112.011437, 40.583208 ], [ -112.011484, 40.582851 ] ] ] } },
{ "type": "Feature", "properties": { "group_index": 0, "value": 600.0, "center": [ -111.91371642770703, 40.61745831778915 ], "point_id": 0.0 }, "geometry": { "type": "Polygon", "coordinates": [ [ [ -111.920173, 40.619874 ], [ -111.920782, 40.615421 ], [ -111.920147, 40.614079 ], [ -111.919971, 40.613723 ], [ -111.919853, 40.61362 ], [ -111.916002, 40.611464 ], [ -111.915642, 40.611466 ], [ -111.91547, 40.611528 ], [ -111.912932, 40.613656 ], [ -111.910091, 40.61473 ], [ -111.909699, 40.614982 ], [ -111.906631, 40.618984 ], [ -111.906535, 40.619258 ], [ -111.906524, 40.619327 ], [ -111.907515, 40.621001 ], [ -111.909242, 40.622355 ], [ -111.910169, 40.623085 ], [ -111.912632, 40.623363 ], [ -111.913882, 40.623263 ], [ -111.916472, 40.623088 ], [ -111.916635, 40.623065 ], [ -111.919395, 40.621357 ], [ -111.919854, 40.621044 ], [ -111.920081, 40.620402 ], [ -111.920173, 40.619874 ] ] ] } },
{ "type": "Feature", "properties": { "group_index": 0, "value": 600.0, "center": [ -112.0246566966949, 40.55873121238811 ], "point_id": 0.0 }, "geometry": { "type": "Polygon", "coordinates": [ [ [ -112.029338, 40.560174 ], [ -112.028855, 40.560267 ], [ -112.024802, 40.555969 ], [ -112.026959, 40.55303 ], [ -112.027403, 40.552787 ], [ -112.02723, 40.552471 ], [ -112.027021, 40.552374 ], [ -112.021408, 40.551476 ], [ -112.019115, 40.553025 ], [ -112.018859, 40.553277 ], [ -112.018754, 40.553493 ], [ -112.018251, 40.554953 ], [ -112.017884, 40.557708 ], [ -112.017879, 40.557856 ], [ -112.017886, 40.558592 ], [ -112.01789, 40.55943 ], [ -112.018047, 40.559754 ], [ -112.018348, 40.560207 ], [ -112.02118, 40.56353 ], [ -112.024621, 40.563293 ], [ -112.024809, 40.563177 ], [ -112.029406, 40.560528 ], [ -112.029338, 40.560174 ] ] ] } },
{ "type": "Feature", "properties": { "group_index": 0, "value": 600.0, "center": [ -111.95906256673774, 40.694460806615844 ], "point_id": 0.0 }, "geometry": { "type": "Polygon", "coordinates": [ [ [ -111.967731, 40.695315 ], [ -111.967729, 40.693744 ], [ -111.967728, 40.693547 ], [ -111.967728, 40.693349 ], [ -111.967481, 40.692849 ], [ -111.965446, 40.691122 ], [ -111.962317, 40.689898 ], [ -111.958993, 40.687656 ], [ -111.958913, 40.687606 ], [ -111.958553, 40.687607 ], [ -111.957819, 40.687714 ], [ -111.955271, 40.688473 ], [ -111.952796, 40.691017 ], [ -111.952666, 40.691162 ], [ -111.952319, 40.691657 ], [ -111.95129, 40.6964 ], [ -111.95129, 40.69676 ], [ -111.955428, 40.699381 ], [ -111.957977, 40.702338 ], [ -111.958337, 40.702337 ], [ -111.963314, 40.699122 ], [ -111.96441, 40.698341 ], [ -111.966315, 40.696992 ], [ -111.967628, 40.695468 ], [ -111.96773, 40.695345 ], [ -111.967731, 40.695315 ] ] ] } },
{ "type": "Feature", "properties": { "group_index": 0, "value": 600.0, "center": [ -111.94856446892523, 40.70467001979038 ], "point_id": 0.0 }, "geometry": { "type": "Polygon", "coordinates": [ [ [ -111.957711, 40.703831 ], [ -111.957052, 40.702979 ], [ -111.956955, 40.702935 ], [ -111.956493, 40.702832 ], [ -111.951708, 40.699549 ], [ -111.951539, 40.699348 ], [ -111.947965, 40.697516 ], [ -111.947408, 40.697412 ], [ -111.947048, 40.697408 ], [ -111.946584, 40.697508 ], [ -111.943208, 40.700938 ], [ -111.9416, 40.702011 ], [ -111.939832, 40.703561 ], [ -111.939622, 40.703763 ], [ -111.939621, 40.704123 ], [ -111.942039, 40.70895 ], [ -111.942279, 40.709581 ], [ -111.94245, 40.70994 ], [ -111.943028, 40.710769 ], [ -111.943816, 40.710819 ], [ -111.945519, 40.710697 ], [ -111.945602, 40.71063 ], [ -111.947323, 40.709588 ], [ -111.952546, 40.709988 ], [ -111.952896, 40.710072 ], [ -111.955879, 40.705648 ], [ -111.957146, 40.704665 ], [ -111.95771, 40.704191 ], [ -111.957711, 40.703831 ] ] ] } },
{ "type": "Feature", "properties": { "group_index": 0, "value": 600.0, "center": [ -111.94006197458697, 40.711140562564324 ], "point_id": 0.0 }, "geometry": { "type": "Polygon", "coordinates": [ [ [ -111.948778, 40.711983 ], [ -111.948735, 40.709625 ], [ -111.948127, 40.708407 ], [ -111.947352, 40.706985 ], [ -111.94714, 40.706694 ], [ -111.947076, 40.70669 ], [ -111.943797, 40.706618 ], [ -111.93946, 40.704505 ], [ -111.939312, 40.704436 ], [ -111.938952, 40.704436 ], [ -111.938767, 40.704483 ], [ -111.936201, 40.706312 ], [ -111.934108, 40.707883 ], [ -111.932977, 40.708766 ], [ -111.931397, 40.710268 ], [ -111.930596, 40.71136 ], [ -111.930553, 40.711717 ], [ -111.933422, 40.714061 ], [ -111.935734, 40.715793 ], [ -111.938558, 40.717764 ], [ -111.938799, 40.717839 ], [ -111.939159, 40.717839 ], [ -111.93939, 40.717793 ], [ -111.939536, 40.717734 ], [ -111.944952, 40.715655 ], [ -111.948034, 40.714376 ], [ -111.948698, 40.712565 ], [ -111.948778, 40.711983 ] ] ] } },
{ "type": "Feature", "properties": { "group_index": 0, "value": 600.0, "center": [ -111.92383370603854, 40.72025028831351 ], "point_id": 0.0 }, "geometry": { "type": "Polygon", "coordinates": [ [ [ -111.933066, 40.720725 ], [ -111.933067, 40.7206 ], [ -111.933051, 40.720545 ], [ -111.930321, 40.717463 ], [ -111.928275, 40.715961 ], [ -111.926305, 40.71446 ], [ -111.925945, 40.714459 ], [ -111.920859, 40.716488 ], [ -111.920706, 40.716687 ], [ -111.920577, 40.716911 ], [ -111.920479, 40.717171 ], [ -111.919517, 40.720304 ], [ -111.917876, 40.723406 ], [ -111.917837, 40.723764 ], [ -111.918558, 40.723841 ], [ -111.919278, 40.723918 ], [ -111.919806, 40.723986 ], [ -111.920338, 40.724054 ], [ -111.920574, 40.724078 ], [ -111.920807, 40.724103 ], [ -111.921119, 40.724113 ], [ -111.926336, 40.726057 ], [ -111.926787, 40.726519 ], [ -111.926984, 40.726691 ], [ -111.930082, 40.723995 ], [ -111.931768, 40.722519 ], [ -111.932986, 40.720995 ], [ -111.933052, 40.720905 ], [ -111.933066, 40.720725 ] ] ] } },
{ "type": "Feature", "properties": { "group_index": 0, "value": 600.0, "center": [ -111.89023734612212, 40.72233967862193 ], "point_id": 0.0 }, "geometry": { "type": "Polygon", "coordinates": [ [ [ -111.898047, 40.721411 ], [ -111.898048, 40.721051 ], [ -111.896463, 40.719332 ], [ -111.896252, 40.719173 ], [ -111.892964, 40.716721 ], [ -111.89287, 40.716651 ], [ -111.891597, 40.715694 ], [ -111.891283, 40.71552 ], [ -111.890995, 40.715498 ], [ -111.890924, 40.715507 ], [ -111.888173, 40.716277 ], [ -111.887979, 40.716342 ], [ -111.887109, 40.716914 ], [ -111.886969, 40.717009 ], [ -111.885019, 40.718482 ], [ -111.884142, 40.719183 ], [ -111.879968, 40.722152 ], [ -111.879965, 40.722512 ], [ -111.884343, 40.725623 ], [ -111.886975, 40.727666 ], [ -111.888151, 40.728455 ], [ -111.888279, 40.728518 ], [ -111.89083, 40.729352 ], [ -111.890903, 40.729351 ], [ -111.891266, 40.729188 ], [ -111.891492, 40.72906 ], [ -111.89179, 40.728876 ], [ -111.89184, 40.728839 ], [ -111.892814, 40.728097 ], [ -111.894426, 40.726896 ], [ -111.896858, 40.72507 ], [ -111.898047, 40.721411 ] ] ] } },
{ "type": "Feature", "properties": { "group_index": 0, "value": 600.0, "center": [ -111.88220936881181, 40.7223287207274 ], "point_id": 0.0 }, "geometry": { "type": "Polygon", "coordinates": [ [ [ -111.892253, 40.72217 ], [ -111.888315, 40.719193 ], [ -111.88442, 40.716168 ], [ -111.882945, 40.715215 ], [ -111.882802, 40.715149 ], [ -111.88269, 40.715128 ], [ -111.88233, 40.715129 ], [ -111.882063, 40.715289 ], [ -111.879664, 40.716908 ], [ -111.877219, 40.718495 ], [ -111.875954, 40.719316 ], [ -111.875348, 40.719744 ], [ -111.874054, 40.720834 ], [ -111.872769, 40.721993 ], [ -111.872259, 40.72258 ], [ -111.87231, 40.722937 ], [ -111.876488, 40.725723 ], [ -111.878747, 40.727371 ], [ -111.878831, 40.727431 ], [ -111.879396, 40.727814 ], [ -111.879507, 40.727884 ], [ -111.882362, 40.729528 ], [ -111.882653, 40.72961 ], [ -111.882684, 40.72961 ], [ -111.883697, 40.728877 ], [ -111.885609, 40.727462 ], [ -111.88959, 40.724509 ], [ -111.892254, 40.72253 ], [ -111.892253, 40.72217 ] ] ] } },
{ "type": "Feature", "properties": { "group_index": 0, "value": 600.0, "center": [ -111.87704142185754, 40.722329371798075 ], "point_id": 0.0 }, "geometry": { "type": "Polygon", "coordinates": [ [ [ -111.886757, 40.722067 ], [ -111.884066, 40.720048 ], [ -111.883147, 40.719346 ], [ -111.879274, 40.716086 ], [ -111.877277, 40.714957 ], [ -111.876974, 40.714956 ], [ -111.876794, 40.71498 ], [ -111.876689, 40.715013 ], [ -111.876583, 40.715083 ], [ -111.874333, 40.716678 ], [ -111.873736, 40.717151 ], [ -111.870705, 40.719643 ], [ -111.867682, 40.721943 ], [ -111.867588, 40.722024 ], [ -111.867246, 40.722626 ], [ -111.867259, 40.722986 ], [ -111.868977, 40.724476 ], [ -111.87078, 40.725707 ], [ -111.875304, 40.729152 ], [ -111.87692, 40.729885 ], [ -111.876976, 40.729885 ], [ -111.879867, 40.72784 ], [ -111.880545, 40.727373 ], [ -111.881726, 40.726489 ], [ -111.882859, 40.72562 ], [ -111.885479, 40.723627 ], [ -111.886683, 40.722536 ], [ -111.886769, 40.722426 ], [ -111.886757, 40.722067 ] ] ] } },
{ "type": "Feature", "properties": { "group_index": 0, "value": 600.0, "center": [ -111.87144928990381, 40.72278354616367 ], "point_id": 0.0 }, "geometry": { "type": "Polygon", "coordinates": [ [ [ -111.881676, 40.722184 ], [ -111.877459, 40.719268 ], [ -111.87474, 40.717302 ], [ -111.874285, 40.717005 ], [ -111.874087, 40.716883 ], [ -111.871687, 40.715393 ], [ -111.871549, 40.715382 ], [ -111.871189, 40.715381 ], [ -111.870978, 40.715446 ], [ -111.869881, 40.716007 ], [ -111.865349, 40.71977 ], [ -111.86449, 40.720066 ], [ -111.861596, 40.722615 ], [ -111.861592, 40.722627 ], [ -111.861595, 40.722975 ], [ -111.861596, 40.722987 ], [ -111.864874, 40.725762 ], [ -111.866173, 40.726787 ], [ -111.866313, 40.72689 ], [ -111.870783, 40.730049 ], [ -111.871243, 40.73031 ], [ -111.871603, 40.730305 ], [ -111.874579, 40.728161 ], [ -111.874767, 40.728019 ], [ -111.878159, 40.725525 ], [ -111.878539, 40.7252 ], [ -111.881677, 40.722544 ], [ -111.881676, 40.722184 ] ] ] } },
{ "type": "Feature", "properties": { "group_index": 0, "value": 600.0, "center": [ -111.8651955826568, 40.72279382440092 ], "point_id": 0.0 }, "geometry": { "type": "Polygon", "coordinates": [ [ [ -111.875124, 40.72219 ], [ -111.872008, 40.719913 ], [ -111.869455, 40.718253 ], [ -111.865987, 40.715657 ], [ -111.865517, 40.715297 ], [ -111.865157, 40.715294 ], [ -111.865148, 40.716202 ], [ -111.861097, 40.720119 ], [ -111.860741, 40.72014 ], [ -111.857795, 40.719899 ], [ -111.857507, 40.719918 ], [ -111.856283, 40.721015 ], [ -111.855893, 40.721887 ], [ -111.855891, 40.722247 ], [ -111.855925, 40.723385 ], [ -111.856059, 40.723539 ], [ -111.858375, 40.725616 ], [ -111.860943, 40.727489 ], [ -111.865143, 40.730314 ], [ -111.865241, 40.730314 ], [ -111.86567, 40.730122 ], [ -111.868586, 40.728075 ], [ -111.868676, 40.728009 ], [ -111.87175, 40.725711 ], [ -111.872841, 40.7248 ], [ -111.874147, 40.723627 ], [ -111.874946, 40.722768 ], [ -111.875147, 40.72255 ], [ -111.875124, 40.72219 ] ] ] } },
{ "type": "Feature", "properties": { "group_index": 0, "value": 600.0, "center": [ -111.86156786157527, 40.722719430083615 ], "point_id": 0.0 }, "geometry": { "type": "Polygon", "coordinates": [ [ [ -111.871307, 40.722935 ], [ -111.871308, 40.722675 ], [ -111.8713, 40.722626 ], [ -111.870922, 40.72211 ], [ -111.87082, 40.722024 ], [ -111.870726, 40.721953 ], [ -111.867719, 40.719637 ], [ -111.865982, 40.718331 ], [ -111.865774, 40.718173 ], [ -111.8656, 40.718086 ], [ -111.865494, 40.718038 ], [ -111.865134, 40.718036 ], [ -111.863113, 40.719949 ], [ -111.85909, 40.718206 ], [ -111.858528, 40.717514 ], [ -111.856758, 40.717079 ], [ -111.856703, 40.717078 ], [ -111.856457, 40.717229 ], [ -111.854451, 40.718958 ], [ -111.85337, 40.720516 ], [ -111.852881, 40.723651 ], [ -111.852979, 40.723997 ], [ -111.853444, 40.724472 ], [ -111.854919, 40.725628 ], [ -111.856158, 40.726608 ], [ -111.858892, 40.728617 ], [ -111.859475, 40.728999 ], [ -111.860544, 40.72945 ], [ -111.860633, 40.729473 ], [ -111.862552, 40.729416 ], [ -111.862737, 40.729323 ], [ -111.863366, 40.728893 ], [ -111.86543, 40.72749 ], [ -111.866335, 40.72689 ], [ -111.866478, 40.726787 ], [ -111.868843, 40.725006 ], [ -111.871299, 40.722986 ], [ -111.871307, 40.722935 ] ] ] } },
{ "type": "Feature", "properties": { "group_index": 0, "value": 600.0, "center": [ -111.902495, 40.450208 ], "point_id": 0.0 }, "geometry": { "type": "Polygon", "coordinates": [ [ [ -111.911783, 40.450236 ], [ -111.911619, 40.450063 ], [ -111.910086, 40.449515 ], [ -111.90977, 40.449552 ], [ -111.909762, 40.449553 ], [ -111.9085, 40.449754 ], [ -111.907241, 40.449955 ], [ -111.907238, 40.449955 ], [ -111.906038, 40.450124 ], [ -111.901958, 40.446833 ], [ -111.901906, 40.446622 ], [ -111.901844, 40.44638 ], [ -111.901732, 40.446135 ], [ -111.901614, 40.445877 ], [ -111.901071, 40.444904 ], [ -111.900521, 40.44392 ], [ -111.900336, 40.443641 ], [ -111.900144, 40.443351 ], [ -111.89983, 40.442941 ], [ -111.899515, 40.442531 ], [ -111.899229, 40.44275 ], [ -111.896375, 40.447328 ], [ -111.894889, 40.447778 ], [ -111.894259, 40.447864 ], [ -111.894001, 40.448116 ], [ -111.893918, 40.449495 ], [ -111.893898, 40.45082 ], [ -111.893958, 40.451199 ], [ -111.896152, 40.453526 ], [ -111.896512, 40.453524 ], [ -111.898745, 40.450727 ], [ -111.902687, 40.450535 ], [ -111.902963, 40.450649 ], [ -111.902992, 40.450659 ], [ -111.903194, 40.450704 ], [ -111.903396, 40.45075 ], [ -111.903422, 40.450754 ], [ -111.903605, 40.450768 ], [ -111.903788, 40.450782 ], [ -111.903824, 40.450781 ], [ -111.908861, 40.45117 ], [ -111.911685, 40.450657 ], [ -111.911947, 40.450409 ], [ -111.911783, 40.450236 ] ] ] } },
{ "type": "Feature", "properties": { "group_index": 0, "value": 600.0, "center": [ -111.88612359088613, 40.43232111270313 ], "point_id": 0.0 }, "geometry": { "type": "Polygon", "coordinates": [ [ [ -111.893148, 40.434376 ], [ -111.894595, 40.431432 ], [ -111.894538, 40.431077 ], [ -111.893454, 40.430526 ], [ -111.891233, 40.429635 ], [ -111.891131, 40.429603 ], [ -111.890564, 40.429448 ], [ -111.88583, 40.427529 ], [ -111.884818, 40.426546 ], [ -111.884592, 40.426315 ], [ -111.884366, 40.426084 ], [ -111.884199, 40.42602 ], [ -111.880374, 40.42867 ], [ -111.878547, 40.431157 ], [ -111.87858, 40.431516 ], [ -111.878632, 40.431935 ], [ -111.880388, 40.434662 ], [ -111.88061, 40.434964 ], [ -111.880749, 40.435066 ], [ -111.880876, 40.435155 ], [ -111.882134, 40.435563 ], [ -111.884572, 40.435964 ], [ -111.886699, 40.43611 ], [ -111.892396, 40.437646 ], [ -111.89263, 40.437874 ], [ -111.892864, 40.438102 ], [ -111.893115, 40.437844 ], [ -111.893148, 40.434376 ] ] ] } },
{ "type": "Feature", "properties": { "group_index": 0, "value": 600.0, "center": [ -111.86863841392963, 40.42175897117382 ], "point_id": 0.0 }, "geometry": { "type": "Polygon", "coordinates": [ [ [ -111.876471, 40.421041 ], [ -111.876469, 40.420815 ], [ -111.876247, 40.420531 ], [ -111.874698, 40.418798 ], [ -111.870383, 40.415409 ], [ -111.869823, 40.414621 ], [ -111.868884, 40.414101 ], [ -111.868524, 40.414112 ], [ -111.864069, 40.415103 ], [ -111.863767, 40.415298 ], [ -111.861125, 40.420517 ], [ -111.861059, 40.420776 ], [ -111.861058, 40.420842 ], [ -111.86166, 40.421883 ], [ -111.864807, 40.426603 ], [ -111.864907, 40.426695 ], [ -111.865923, 40.427437 ], [ -111.866951, 40.428134 ], [ -111.868542, 40.429249 ], [ -111.868902, 40.429246 ], [ -111.869032, 40.429166 ], [ -111.874013, 40.426772 ], [ -111.876321, 40.426413 ], [ -111.876516, 40.42611 ], [ -111.876471, 40.421041 ] ] ] } },
{ "type": "Feature", "properties": { "group_index": 0, "value": 600.0, "center": [ -111.86277742812278, 40.41340060912702 ], "point_id": 0.0 }, "geometry": { "type": "Polygon", "coordinates": [ [ [ -111.870151, 40.415595 ], [ -111.86903, 40.414489 ], [ -111.863957, 40.411327 ], [ -111.859482, 40.407775 ], [ -111.858569, 40.40633 ], [ -111.858264, 40.406522 ], [ -111.856378, 40.410616 ], [ -111.854206, 40.412329 ], [ -111.853339, 40.41295 ], [ -111.852966, 40.413281 ], [ -111.852971, 40.413641 ], [ -111.854243, 40.414531 ], [ -111.858243, 40.417674 ], [ -111.859028, 40.418088 ], [ -111.859388, 40.418083 ], [ -111.864475, 40.418713 ], [ -111.867029, 40.420417 ], [ -111.867333, 40.420225 ], [ -111.868384, 40.419137 ], [ -111.870401, 40.416399 ], [ -111.87054, 40.416067 ], [ -111.870151, 40.415595 ] ] ] } },
{ "type": "Feature", "properties": { "group_index": 0, "value": 600.0, "center": [ -111.8578989785124, 40.40410963868495 ], "point_id": 0.0 }, "geometry": { "type": "Polygon", "coordinates": [ [ [ -111.866557, 40.406102 ], [ -111.866574, 40.405985 ], [ -111.866537, 40.405899 ], [ -111.863574, 40.402169 ], [ -111.858995, 40.39836 ], [ -111.857158, 40.396973 ], [ -111.856881, 40.396869 ], [ -111.856538, 40.396869 ], [ -111.856195, 40.39687 ], [ -111.851009, 40.398803 ], [ -111.850796, 40.399093 ], [ -111.850684, 40.399364 ], [ -111.85077, 40.400884 ], [ -111.852202, 40.403864 ], [ -111.85341, 40.40661 ], [ -111.854276, 40.407026 ], [ -111.859484, 40.409537 ], [ -111.860382, 40.409875 ], [ -111.864239, 40.409647 ], [ -111.864459, 40.409584 ], [ -111.864682, 40.409301 ], [ -111.86653, 40.406259 ], [ -111.866557, 40.406102 ] ] ] } },
{ "type": "Feature", "properties": { "group_index": 0, "value": 600.0, "center": [ -111.84841958549111, 40.39753953337004 ], "point_id": 0.0 }, "geometry": { "type": "Polygon", "coordinates": [ [ [ -111.855641, 40.401253 ], [ -111.854122, 40.398289 ], [ -111.854151, 40.394996 ], [ -111.854147, 40.394939 ], [ -111.853927, 40.394667 ], [ -111.852355, 40.39349 ], [ -111.850846, 40.392411 ], [ -111.847693, 40.390147 ], [ -111.847645, 40.390148 ], [ -111.84586, 40.391036 ], [ -111.844348, 40.39178 ], [ -111.839872, 40.3936 ], [ -111.83974, 40.393935 ], [ -111.841452, 40.39894 ], [ -111.841552, 40.399099 ], [ -111.841611, 40.399171 ], [ -111.844492, 40.402398 ], [ -111.84459, 40.402491 ], [ -111.85025, 40.403205 ], [ -111.854413, 40.403187 ], [ -111.855489, 40.403176 ], [ -111.855697, 40.402883 ], [ -111.855871, 40.402568 ], [ -111.855641, 40.401253 ] ] ] } },
{ "type": "Feature", "properties": { "group_index": 0, "value": 600.0, "center": [ -111.82760074662359, 40.389132560469655 ], "point_id": 0.0 }, "geometry": { "type": "Polygon", "coordinates": [ [ [ -111.836598, 40.388497 ], [ -111.836589, 40.388137 ], [ -111.836575, 40.388034 ], [ -111.836381, 40.387906 ], [ -111.835817, 40.387584 ], [ -111.835477, 40.387399 ], [ -111.830367, 40.3845 ], [ -111.828824, 40.383424 ], [ -111.823768, 40.384107 ], [ -111.822489, 40.384463 ], [ -111.819769, 40.385206 ], [ -111.819136, 40.385395 ], [ -111.818926, 40.385525 ], [ -111.818796, 40.385861 ], [ -111.82013, 40.389877 ], [ -111.820521, 40.390649 ], [ -111.820822, 40.391173 ], [ -111.824318, 40.393666 ], [ -111.826078, 40.394943 ], [ -111.826437, 40.394925 ], [ -111.83034, 40.394553 ], [ -111.830444, 40.394544 ], [ -111.83472, 40.393469 ], [ -111.836361, 40.392678 ], [ -111.836492, 40.392342 ], [ -111.836598, 40.388497 ] ] ] } },
{ "type": "Feature", "properties": { "group_index": 0, "value": 600.0, "center": [ -111.81233927284403, 40.38371309059608 ], "point_id": 0.0 }, "geometry": { "type": "Polygon", "coordinates": [ [ [ -111.817994, 40.387322 ], [ -111.816729, 40.385922 ], [ -111.815278, 40.384757 ], [ -111.810959, 40.381924 ], [ -111.809375, 40.380349 ], [ -111.809113, 40.380346 ], [ -111.807467, 40.380945 ], [ -111.807305, 40.381017 ], [ -111.805271, 40.382932 ], [ -111.80527, 40.383292 ], [ -111.805482, 40.385284 ], [ -111.806119, 40.385883 ], [ -111.80992, 40.389012 ], [ -111.811721, 40.390616 ], [ -111.811969, 40.390783 ], [ -111.812051, 40.390782 ], [ -111.812374, 40.390754 ], [ -111.812818, 40.39068 ], [ -111.815529, 40.389657 ], [ -111.816712, 40.388702 ], [ -111.817973, 40.387682 ], [ -111.817994, 40.387322 ] ] ] } },
{ "type": "Feature", "properties": { "group_index": 0, "value": 600.0, "center": [ -111.80126109303467, 40.37681641877254 ], "point_id": 0.0 }, "geometry": { "type": "Polygon", "coordinates": [ [ [ -111.811095, 40.376696 ], [ -111.810972, 40.376583 ], [ -111.808823, 40.374912 ], [ -111.806565, 40.373168 ], [ -111.806468, 40.373093 ], [ -111.801296, 40.371189 ], [ -111.798661, 40.371186 ], [ -111.797037, 40.372342 ], [ -111.792288, 40.375189 ], [ -111.792051, 40.375411 ], [ -111.791352, 40.376462 ], [ -111.79135, 40.376822 ], [ -111.791598, 40.377066 ], [ -111.792818, 40.378113 ], [ -111.794295, 40.379308 ], [ -111.796902, 40.381319 ], [ -111.798219, 40.382297 ], [ -111.801002, 40.384285 ], [ -111.801361, 40.384294 ], [ -111.803796, 40.383171 ], [ -111.807422, 40.381449 ], [ -111.807548, 40.381363 ], [ -111.811098, 40.377056 ], [ -111.811095, 40.376696 ] ] ] } },
{ "type": "Feature", "properties": { "group_index": 0, "value": 600.0, "center": [ -111.77299097169929, 40.3710261608855 ], "point_id": 0.0 }, "geometry": { "type": "Polygon", "coordinates": [ [ [ -111.782433, 40.373054 ], [ -111.781423, 40.370341 ], [ -111.779808, 40.368401 ], [ -111.776356, 40.365741 ], [ -111.774536, 40.36476 ], [ -111.774176, 40.364768 ], [ -111.769209, 40.365569 ], [ -111.769018, 40.365644 ], [ -111.768863, 40.365718 ], [ -111.764443, 40.368278 ], [ -111.763606, 40.368705 ], [ -111.763527, 40.369056 ], [ -111.764461, 40.371082 ], [ -111.765295, 40.37247 ], [ -111.768813, 40.374833 ], [ -111.769134, 40.374971 ], [ -111.769494, 40.374973 ], [ -111.770009, 40.374474 ], [ -111.772438, 40.372588 ], [ -111.774541, 40.371886 ], [ -111.779548, 40.373808 ], [ -111.779849, 40.374005 ], [ -111.779979, 40.373996 ], [ -111.782079, 40.373516 ], [ -111.78235, 40.373404 ], [ -111.782433, 40.373054 ] ] ] } },
{ "type": "Feature", "properties": { "group_index": 0, "value": 600.0, "center": [ -111.7690059120298, 40.364182591390936 ], "point_id": 0.0 }, "geometry": { "type": "Polygon", "coordinates": [ [ [ -111.771933, 40.367888 ], [ -111.771924, 40.367537 ], [ -111.771945, 40.363984 ], [ -111.772852, 40.360931 ], [ -111.773264, 40.360081 ], [ -111.773264, 40.359721 ], [ -111.772255, 40.358691 ], [ -111.770033, 40.357268 ], [ -111.767775, 40.356685 ], [ -111.767616, 40.356684 ], [ -111.767294, 40.356845 ], [ -111.767267, 40.36071 ], [ -111.76727, 40.36135 ], [ -111.767274, 40.361989 ], [ -111.767428, 40.362506 ], [ -111.768147, 40.363845 ], [ -111.766398, 40.368511 ], [ -111.766303, 40.368858 ], [ -111.766492, 40.369737 ], [ -111.768325, 40.371229 ], [ -111.76841, 40.3713 ], [ -111.768997, 40.37166 ], [ -111.769357, 40.371667 ], [ -111.771023, 40.370774 ], [ -111.771933, 40.367888 ] ] ] } },
{ "type": "Feature", "properties": { "group_index": 0, "value": 600.0, "center": [ -111.76704827552719, 40.356198795734066 ], "point_id": 0.0 }, "geometry": { "type": "Polygon", "coordinates": [ [ [ -111.774997, 40.357868 ], [ -111.77483, 40.355043 ], [ -111.773233, 40.353311 ], [ -111.772972, 40.353051 ], [ -111.767866, 40.35042 ], [ -111.76758, 40.35043 ], [ -111.763655, 40.350829 ], [ -111.760182, 40.350927 ], [ -111.759549, 40.351119 ], [ -111.759402, 40.351448 ], [ -111.759111, 40.355007 ], [ -111.759113, 40.355367 ], [ -111.759898, 40.357888 ], [ -111.760021, 40.358151 ], [ -111.761758, 40.360083 ], [ -111.763203, 40.360706 ], [ -111.764861, 40.361168 ], [ -111.769002, 40.363686 ], [ -111.769362, 40.363675 ], [ -111.771849, 40.361198 ], [ -111.77251, 40.36056 ], [ -111.775, 40.358228 ], [ -111.774997, 40.357868 ] ] ] } },
{ "type": "Feature", "properties": { "group_index": 0, "value": 600.0, "center": [ -111.7589219114918, 40.351015057981904 ], "point_id": 0.0 }, "geometry": { "type": "Polygon", "coordinates": [ [ [ -111.766974, 40.351493 ], [ -111.766727, 40.35123 ], [ -111.762263, 40.348396 ], [ -111.760969, 40.343909 ], [ -111.760655, 40.343733 ], [ -111.758173, 40.343464 ], [ -111.755583, 40.34574 ], [ -111.753308, 40.347 ], [ -111.75199, 40.34812 ], [ -111.749309, 40.350456 ], [ -111.749199, 40.350595 ], [ -111.749205, 40.350955 ], [ -111.750482, 40.350935 ], [ -111.751758, 40.350914 ], [ -111.755863, 40.355039 ], [ -111.755863, 40.355399 ], [ -111.758999, 40.358004 ], [ -111.759609, 40.358203 ], [ -111.760124, 40.358244 ], [ -111.760243, 40.358179 ], [ -111.760706, 40.357884 ], [ -111.764818, 40.35622 ], [ -111.766627, 40.355978 ], [ -111.766874, 40.355716 ], [ -111.766974, 40.351493 ] ] ] } },
{ "type": "Feature", "properties": { "group_index": 0, "value": 600.0, "center": [ -111.74293091898468, 40.35070513193656 ], "point_id": 0.0 }, "geometry": { "type": "Polygon", "coordinates": [ [ [ -111.752759, 40.350399 ], [ -111.749601, 40.347424 ], [ -111.747955, 40.347201 ], [ -111.747595, 40.347213 ], [ -111.743614, 40.346699 ], [ -111.74087, 40.344788 ], [ -111.740512, 40.34482 ], [ -111.737616, 40.346944 ], [ -111.734718, 40.34937 ], [ -111.733173, 40.351243 ], [ -111.733173, 40.351339 ], [ -111.733195, 40.351602 ], [ -111.733379, 40.35159 ], [ -111.733908, 40.351508 ], [ -111.73419, 40.351488 ], [ -111.734441, 40.351448 ], [ -111.738837, 40.355338 ], [ -111.739707, 40.356282 ], [ -111.74053, 40.356529 ], [ -111.741524, 40.356601 ], [ -111.741571, 40.356573 ], [ -111.742028, 40.356128 ], [ -111.742266, 40.355857 ], [ -111.742469, 40.355381 ], [ -111.745983, 40.351012 ], [ -111.747901, 40.350977 ], [ -111.749826, 40.350808 ], [ -111.751758, 40.350914 ], [ -111.752176, 40.350907 ], [ -111.752594, 40.3509 ], [ -111.752765, 40.350759 ], [ -111.752759, 40.350399 ] ] ] } },
{ "type": "Feature", "properties": { "group_index": 0, "value": 600.0, "center": [ -111.73204965205875, 40.35221103492233 ], "point_id": 0.0 }, "geometry": { "type": "Polygon", "coordinates": [ [ [ -111.741584, 40.350874 ], [ -111.741582, 40.350514 ], [ -111.739618, 40.349217 ], [ -111.73737, 40.348104 ], [ -111.733716, 40.347492 ], [ -111.72948, 40.346485 ], [ -111.72601, 40.346485 ], [ -111.725429, 40.346507 ], [ -111.72314, 40.349155 ], [ -111.722377, 40.352072 ], [ -111.722388, 40.352432 ], [ -111.722853, 40.352654 ], [ -111.727416, 40.356208 ], [ -111.727665, 40.356488 ], [ -111.727921, 40.356741 ], [ -111.730166, 40.357031 ], [ -111.734055, 40.358081 ], [ -111.735772, 40.358636 ], [ -111.735798, 40.358636 ], [ -111.73878, 40.357967 ], [ -111.738884, 40.35794 ], [ -111.739115, 40.357664 ], [ -111.74, 40.356304 ], [ -111.741584, 40.350874 ] ] ] } },
{ "type": "Feature", "properties": { "group_index": 0, "value": 600.0, "center": [ -111.72307341967195, 40.344676454920716 ], "point_id": 0.0 }, "geometry": { "type": "Polygon", "coordinates": [ [ [ -111.730285, 40.348763 ], [ -111.729818, 40.34705 ], [ -111.731699, 40.342555 ], [ -111.73161, 40.342206 ], [ -111.729426, 40.341489 ], [ -111.725124, 40.340413 ], [ -111.721256, 40.339327 ], [ -111.71779, 40.338452 ], [ -111.717578, 40.338441 ], [ -111.717301, 40.338671 ], [ -111.715827, 40.340124 ], [ -111.713096, 40.344477 ], [ -111.713154, 40.344833 ], [ -111.718318, 40.347674 ], [ -111.720542, 40.348547 ], [ -111.720815, 40.348535 ], [ -111.722588, 40.348312 ], [ -111.726786, 40.350096 ], [ -111.727331, 40.350409 ], [ -111.727486, 40.350484 ], [ -111.727846, 40.35047 ], [ -111.72927, 40.350415 ], [ -111.729576, 40.350358 ], [ -111.729805, 40.350081 ], [ -111.730256, 40.349121 ], [ -111.730285, 40.348763 ] ] ] } },
{ "type": "Feature", "properties": { "group_index": 0, "value": 600.0, "center": [ -111.71348502504026, 40.33372247870186 ], "point_id": 0.0 }, "geometry": { "type": "Polygon", "coordinates": [ [ [ -111.72331, 40.333484 ], [ -111.723237, 40.333416 ], [ -111.72089, 40.331318 ], [ -111.717426, 40.328991 ], [ -111.715848, 40.327888 ], [ -111.715483, 40.327654 ], [ -111.715124, 40.327663 ], [ -111.710686, 40.327901 ], [ -111.708787, 40.327286 ], [ -111.708421, 40.327238 ], [ -111.708224, 40.32738 ], [ -111.708059, 40.32759 ], [ -111.704881, 40.331857 ], [ -111.703655, 40.333596 ], [ -111.703657, 40.333956 ], [ -111.70577, 40.335556 ], [ -111.70926, 40.338222 ], [ -111.710379, 40.339448 ], [ -111.715273, 40.340623 ], [ -111.715633, 40.340619 ], [ -111.718564, 40.340189 ], [ -111.718842, 40.339959 ], [ -111.719152, 40.339688 ], [ -111.720703, 40.337453 ], [ -111.723311, 40.333844 ], [ -111.72331, 40.333484 ] ] ] } },
{ "type": "Feature", "properties": { "group_index": 0, "value": 600.0, "center": [ -111.70787985017978, 40.326483895141386 ], "point_id": 0.0 }, "geometry": { "type": "Polygon", "coordinates": [ [ [ -111.7177, 40.326232 ], [ -111.717094, 40.325602 ], [ -111.714467, 40.323532 ], [ -111.714392, 40.323477 ], [ -111.713073, 40.322722 ], [ -111.712909, 40.322661 ], [ -111.710432, 40.321835 ], [ -111.70601, 40.319773 ], [ -111.705216, 40.319447 ], [ -111.704942, 40.319357 ], [ -111.704616, 40.319509 ], [ -111.703626, 40.320237 ], [ -111.702891, 40.321063 ], [ -111.699744, 40.325081 ], [ -111.698921, 40.325751 ], [ -111.698125, 40.326364 ], [ -111.698067, 40.326433 ], [ -111.698071, 40.326793 ], [ -111.698134, 40.326874 ], [ -111.69889, 40.32744 ], [ -111.702859, 40.330848 ], [ -111.704859, 40.332217 ], [ -111.705613, 40.332341 ], [ -111.71158, 40.332855 ], [ -111.712658, 40.332994 ], [ -111.712826, 40.332891 ], [ -111.713104, 40.332661 ], [ -111.713446, 40.332168 ], [ -111.714811, 40.330266 ], [ -111.717704, 40.326592 ], [ -111.7177, 40.326232 ] ] ] } },
{ "type": "Feature", "properties": { "group_index": 0, "value": 600.0, "center": [ -111.89686411203782, 40.712724787193636 ], "point_id": 0.0 }, "geometry": { "type": "Polygon", "coordinates": [ [ [ -111.901083, 40.712468 ], [ -111.900405, 40.71179 ], [ -111.896249, 40.708772 ], [ -111.895626, 40.708344 ], [ -111.894167, 40.707418 ], [ -111.893807, 40.707417 ], [ -111.890363, 40.709553 ], [ -111.886817, 40.71255 ], [ -111.886817, 40.71291 ], [ -111.890196, 40.71546 ], [ -111.892459, 40.717083 ], [ -111.893716, 40.71803 ], [ -111.89391, 40.718123 ], [ -111.89427, 40.718122 ], [ -111.895706, 40.717069 ], [ -111.8958, 40.716998 ], [ -111.899882, 40.713708 ], [ -111.901084, 40.712828 ], [ -111.901083, 40.712468 ] ] ] } },
{ "type": "Feature", "properties": { "group_index": 0, "value": 600.0, "center": [ -111.89691094498744, 40.73350168481319 ], "point_id": 0.0 }, "geometry": { "type": "Polygon", "coordinates": [ [ [ -111.907509, 40.733238 ], [ -111.903373, 40.730369 ], [ -111.900235, 40.728225 ], [ -111.899812, 40.727952 ], [ -111.899715, 40.727952 ], [ -111.893894, 40.728033 ], [ -111.893318, 40.728417 ], [ -111.892198, 40.729213 ], [ -111.890644, 40.730398 ], [ -111.889614, 40.731214 ], [ -111.887115, 40.733267 ], [ -111.887021, 40.733352 ], [ -111.887022, 40.733712 ], [ -111.887347, 40.734209 ], [ -111.891249, 40.73703 ], [ -111.893338, 40.738518 ], [ -111.893463, 40.738607 ], [ -111.893871, 40.738852 ], [ -111.894231, 40.738856 ], [ -111.899372, 40.739016 ], [ -111.899732, 40.739007 ], [ -111.90046, 40.738574 ], [ -111.902715, 40.736779 ], [ -111.907509, 40.733598 ], [ -111.907509, 40.733238 ] ] ] } },
{ "type": "Feature", "properties": { "group_index": 0, "value": 600.0, "center": [ -111.89528619272355, 40.48187310274017 ], "point_id": 0.0 }, "geometry": { "type": "Polygon", "coordinates": [ [ [ -111.902923, 40.48593 ], [ -111.902714, 40.483528 ], [ -111.903234, 40.477961 ], [ -111.902478, 40.477006 ], [ -111.902208, 40.476768 ], [ -111.89752, 40.478669 ], [ -111.895796, 40.478658 ], [ -111.892722, 40.479999 ], [ -111.888303, 40.480656 ], [ -111.887772, 40.481039 ], [ -111.887405, 40.481444 ], [ -111.886039, 40.484011 ], [ -111.886134, 40.484358 ], [ -111.888463, 40.487848 ], [ -111.894189, 40.488045 ], [ -111.897983, 40.486726 ], [ -111.900327, 40.486356 ], [ -111.902641, 40.486281 ], [ -111.902912, 40.48629 ], [ -111.902923, 40.48593 ] ] ] } },
{ "type": "Feature", "properties": { "group_index": 0, "value": 600.0, "center": [ -111.65479563695257, 40.109892836214584 ], "point_id": 0.0 }, "geometry": { "type": "Polygon", "coordinates": [ [ [ -111.66451, 40.109881 ], [ -111.664508, 40.109746 ], [ -111.664507, 40.109703 ], [ -111.662666, 40.107888 ], [ -111.662593, 40.107824 ], [ -111.660447, 40.10604 ], [ -111.656966, 40.103553 ], [ -111.655954, 40.10283 ], [ -111.655393, 40.10243 ], [ -111.655033, 40.102415 ], [ -111.652129, 40.103876 ], [ -111.647565, 40.107619 ], [ -111.646784, 40.108163 ], [ -111.645132, 40.109433 ], [ -111.645082, 40.109602 ], [ -111.64508, 40.109962 ], [ -111.645136, 40.110135 ], [ -111.648136, 40.112702 ], [ -111.652146, 40.115685 ], [ -111.654034, 40.117122 ], [ -111.654726, 40.117483 ], [ -111.654835, 40.117485 ], [ -111.655697, 40.11705 ], [ -111.658017, 40.115299 ], [ -111.659618, 40.114034 ], [ -111.664065, 40.110699 ], [ -111.66444, 40.110212 ], [ -111.664506, 40.110063 ], [ -111.66451, 40.109881 ] ] ] } },
{ "type": "Feature", "properties": { "group_index": 0, "value": 600.0, "center": [ -111.89698402568033, 40.76504226939686 ], "point_id": 0.0 }, "geometry": { "type": "Polygon", "coordinates": [ [ [ -111.906673, 40.764918 ], [ -111.906672, 40.764741 ], [ -111.906597, 40.764649 ], [ -111.902467, 40.76093 ], [ -111.902176, 40.760718 ], [ -111.897212, 40.757532 ], [ -111.897181, 40.757532 ], [ -111.896837, 40.757579 ], [ -111.896623, 40.757673 ], [ -111.895928, 40.758142 ], [ -111.893119, 40.760151 ], [ -111.890101, 40.762383 ], [ -111.88871, 40.763549 ], [ -111.887346, 40.764673 ], [ -111.887226, 40.76497 ], [ -111.88719, 40.765246 ], [ -111.88719, 40.76526 ], [ -111.887225, 40.76533 ], [ -111.889788, 40.767432 ], [ -111.890884, 40.768246 ], [ -111.892531, 40.769463 ], [ -111.894046, 40.770609 ], [ -111.895788, 40.771862 ], [ -111.896436, 40.772307 ], [ -111.89657, 40.772392 ], [ -111.897093, 40.772389 ], [ -111.897201, 40.772348 ], [ -111.90139, 40.769612 ], [ -111.901612, 40.769444 ], [ -111.901725, 40.769357 ], [ -111.904364, 40.76736 ], [ -111.904525, 40.767236 ], [ -111.906627, 40.765341 ], [ -111.906673, 40.765278 ], [ -111.906673, 40.764918 ] ] ] } },
{ "type": "Feature", "properties": { "group_index": 0, "value": 600.0, "center": [ -111.885373, 40.76725923470918 ], "point_id": 0.0 }, "geometry": { "type": "Polygon", "coordinates": [ [ [ -111.894361, 40.76632 ], [ -111.892699, 40.764897 ], [ -111.891583, 40.763927 ], [ -111.889706, 40.762579 ], [ -111.886241, 40.760035 ], [ -111.88555, 40.759764 ], [ -111.88519, 40.759765 ], [ -111.884538, 40.760025 ], [ -111.881376, 40.762493 ], [ -111.881172, 40.762653 ], [ -111.878567, 40.76467 ], [ -111.878359, 40.764827 ], [ -111.875779, 40.766845 ], [ -111.875597, 40.766992 ], [ -111.875515, 40.767331 ], [ -111.87551, 40.767497 ], [ -111.87682, 40.768588 ], [ -111.878581, 40.769938 ], [ -111.879815, 40.770838 ], [ -111.881332, 40.771976 ], [ -111.882579, 40.772915 ], [ -111.883274, 40.773368 ], [ -111.883372, 40.773429 ], [ -111.883732, 40.773426 ], [ -111.888311, 40.772783 ], [ -111.888409, 40.772739 ], [ -111.891052, 40.771014 ], [ -111.894479, 40.768564 ], [ -111.894695, 40.768276 ], [ -111.894361, 40.76632 ] ] ] } },
{ "type": "Feature", "properties": { "group_index": 0, "value": 600.0, "center": [ -111.8769585595652, 40.7673382675979 ], "point_id": 0.0 }, "geometry": { "type": "Polygon", "coordinates": [ [ [ -111.886854, 40.767154 ], [ -111.886613, 40.766609 ], [ -111.883733, 40.764664 ], [ -111.881264, 40.762805 ], [ -111.881071, 40.762654 ], [ -111.879873, 40.76176 ], [ -111.878272, 40.760574 ], [ -111.877325, 40.759947 ], [ -111.877171, 40.759875 ], [ -111.876811, 40.759875 ], [ -111.876589, 40.759971 ], [ -111.876059, 40.760324 ], [ -111.873948, 40.761809 ], [ -111.871381, 40.763581 ], [ -111.870013, 40.76467 ], [ -111.869827, 40.764821 ], [ -111.867063, 40.767162 ], [ -111.867064, 40.767522 ], [ -111.869469, 40.769375 ], [ -111.86969, 40.76955 ], [ -111.869887, 40.769704 ], [ -111.871376, 40.770843 ], [ -111.872606, 40.77178 ], [ -111.872743, 40.771883 ], [ -111.87287, 40.771978 ], [ -111.874126, 40.772918 ], [ -111.874404, 40.773126 ], [ -111.875781, 40.774151 ], [ -111.87593, 40.774262 ], [ -111.87602, 40.774264 ], [ -111.87638, 40.774264 ], [ -111.877573, 40.774265 ], [ -111.877608, 40.774265 ], [ -111.877831, 40.774155 ], [ -111.879439, 40.773121 ], [ -111.882211, 40.771159 ], [ -111.882631, 40.770839 ], [ -111.88289, 40.770641 ], [ -111.88428, 40.769524 ], [ -111.886854, 40.767514 ], [ -111.886854, 40.767154 ] ] ] } },
{ "type": "Feature", "properties": { "group_index": 0, "value": 600.0, "center": [ -111.87149176944126, 40.769369562022156 ], "point_id": 0.0 }, "geometry": { "type": "Polygon", "coordinates": [ [ [ -111.881387, 40.769164 ], [ -111.881222, 40.768929 ], [ -111.87849, 40.766593 ], [ -111.874017, 40.763638 ], [ -111.873898, 40.763559 ], [ -111.87133, 40.76214 ], [ -111.87097, 40.762138 ], [ -111.870376, 40.762506 ], [ -111.86627, 40.765494 ], [ -111.864181, 40.76716 ], [ -111.861788, 40.76902 ], [ -111.861596, 40.76918 ], [ -111.861597, 40.76954 ], [ -111.86174, 40.769692 ], [ -111.863114, 40.770741 ], [ -111.864734, 40.771979 ], [ -111.866227, 40.77311 ], [ -111.867464, 40.774045 ], [ -111.867585, 40.774138 ], [ -111.869177, 40.775373 ], [ -111.870919, 40.776509 ], [ -111.871379, 40.776816 ], [ -111.871739, 40.77682 ], [ -111.87221, 40.776511 ], [ -111.872353, 40.776411 ], [ -111.873725, 40.775386 ], [ -111.873868, 40.775278 ], [ -111.875223, 40.774263 ], [ -111.876707, 40.773177 ], [ -111.881055, 40.770017 ], [ -111.881387, 40.769524 ], [ -111.881387, 40.769164 ] ] ] } },
{ "type": "Feature", "properties": { "group_index": 0, "value": 600.0, "center": [ -111.8653917528533, 40.76936245107255 ], "point_id": 0.0 }, "geometry": { "type": "Polygon", "coordinates": [ [ [ -111.875287, 40.769178 ], [ -111.874504, 40.768522 ], [ -111.872442, 40.766987 ], [ -111.869541, 40.764821 ], [ -111.869344, 40.76467 ], [ -111.866343, 40.762492 ], [ -111.865504, 40.761925 ], [ -111.865144, 40.761923 ], [ -111.864725, 40.762095 ], [ -111.860902, 40.76499 ], [ -111.859507, 40.766042 ], [ -111.858457, 40.766853 ], [ -111.855578, 40.769095 ], [ -111.855497, 40.769179 ], [ -111.855496, 40.769539 ], [ -111.855664, 40.769692 ], [ -111.857049, 40.770738 ], [ -111.857178, 40.770837 ], [ -111.861859, 40.774578 ], [ -111.862315, 40.774964 ], [ -111.862608, 40.77514 ], [ -111.864056, 40.775999 ], [ -111.86542, 40.776696 ], [ -111.86578, 40.776696 ], [ -111.866099, 40.7765 ], [ -111.866242, 40.776398 ], [ -111.866376, 40.7763 ], [ -111.867616, 40.77537 ], [ -111.867761, 40.775261 ], [ -111.86913, 40.774245 ], [ -111.869274, 40.774138 ], [ -111.870644, 40.773113 ], [ -111.870771, 40.773016 ], [ -111.872144, 40.771981 ], [ -111.872274, 40.771882 ], [ -111.872405, 40.771781 ], [ -111.873764, 40.770743 ], [ -111.874523, 40.770156 ], [ -111.875123, 40.769694 ], [ -111.875287, 40.769538 ], [ -111.875287, 40.769178 ] ] ] } },
{ "type": "Feature", "properties": { "group_index": 0, "value": 600.0, "center": [ -111.8539036779552, 40.769347763193245 ], "point_id": 0.0 }, "geometry": { "type": "Polygon", "coordinates": [ [ [ -111.863799, 40.769181 ], [ -111.863645, 40.769021 ], [ -111.862643, 40.76817 ], [ -111.862506, 40.768067 ], [ -111.858247, 40.764776 ], [ -111.854999, 40.762492 ], [ -111.854278, 40.761998 ], [ -111.854046, 40.761873 ], [ -111.853686, 40.761871 ], [ -111.849194, 40.764433 ], [ -111.848269, 40.765063 ], [ -111.846423, 40.766337 ], [ -111.846102, 40.76673 ], [ -111.84595, 40.767032 ], [ -111.84526, 40.771855 ], [ -111.845369, 40.772198 ], [ -111.847826, 40.773463 ], [ -111.852167, 40.775816 ], [ -111.853622, 40.776153 ], [ -111.855491, 40.775997 ], [ -111.858606, 40.773602 ], [ -111.862116, 40.770843 ], [ -111.863612, 40.769701 ], [ -111.863799, 40.769541 ], [ -111.863799, 40.769181 ] ] ] } },
{ "type": "Feature", "properties": { "group_index": 0, "value": 600.0, "center": [ -111.86533552566154, 40.74589427063171 ], "point_id": 0.0 }, "geometry": { "type": "Polygon", "coordinates": [ [ [ -111.871442, 40.748516 ], [ -111.871441, 40.747408 ], [ -111.87144, 40.7463 ], [ -111.87144, 40.744958 ], [ -111.87144, 40.74455 ], [ -111.871439, 40.744142 ], [ -111.871271, 40.742715 ], [ -111.871145, 40.742565 ], [ -111.868571, 40.740564 ], [ -111.865978, 40.738694 ], [ -111.865527, 40.7384 ], [ -111.865167, 40.7384 ], [ -111.865049, 40.738481 ], [ -111.864228, 40.739049 ], [ -111.859531, 40.742107 ], [ -111.859431, 40.742179 ], [ -111.859326, 40.74226 ], [ -111.858989, 40.742528 ], [ -111.856951, 40.744512 ], [ -111.85674, 40.74553 ], [ -111.856712, 40.745839 ], [ -111.856716, 40.745902 ], [ -111.856819, 40.746071 ], [ -111.860057, 40.74987 ], [ -111.860614, 40.750253 ], [ -111.863604, 40.752304 ], [ -111.864869, 40.753216 ], [ -111.865154, 40.753388 ], [ -111.865514, 40.753389 ], [ -111.865722, 40.753254 ], [ -111.867079, 40.752299 ], [ -111.868461, 40.751351 ], [ -111.86859, 40.751261 ], [ -111.870132, 40.750127 ], [ -111.871268, 40.749024 ], [ -111.871442, 40.748516 ] ] ] } },
{ "type": "Feature", "properties": { "group_index": 0, "value": 600.0, "center": [ -111.86534722806013, 40.73785060491829 ], "point_id": 0.0 }, "geometry": { "type": "Polygon", "coordinates": [ [ [ -111.874329, 40.737759 ], [ -111.874329, 40.737399 ], [ -111.872398, 40.735485 ], [ -111.872239, 40.735355 ], [ -111.869111, 40.732844 ], [ -111.865671, 40.730418 ], [ -111.865529, 40.730356 ], [ -111.865169, 40.730356 ], [ -111.865059, 40.730426 ], [ -111.864513, 40.730792 ], [ -111.863689, 40.731399 ], [ -111.862394, 40.732367 ], [ -111.861144, 40.733329 ], [ -111.86104, 40.733409 ], [ -111.859488, 40.734611 ], [ -111.858557, 40.735325 ], [ -111.858467, 40.7354 ], [ -111.858395, 40.736191 ], [ -111.858204, 40.739741 ], [ -111.858202, 40.740101 ], [ -111.858234, 40.740172 ], [ -111.859047, 40.740809 ], [ -111.860498, 40.74189 ], [ -111.863874, 40.744648 ], [ -111.865291, 40.745495 ], [ -111.865331, 40.745495 ], [ -111.867217, 40.744158 ], [ -111.867319, 40.744084 ], [ -111.870305, 40.741893 ], [ -111.871611, 40.740847 ], [ -111.872336, 40.740234 ], [ -111.874298, 40.738552 ], [ -111.874329, 40.737759 ] ] ] } },
{ "type": "Feature", "properties": { "group_index": 0, "value": 600.0, "center": [ -111.85973621715281, 40.733467657074364 ], "point_id": 0.0 }, "geometry": { "type": "Polygon", "coordinates": [ [ [ -111.869711, 40.733402 ], [ -111.869579, 40.733258 ], [ -111.869111, 40.73281 ], [ -111.86544, 40.729682 ], [ -111.865349, 40.729609 ], [ -111.863919, 40.728485 ], [ -111.86385, 40.728433 ], [ -111.86275, 40.72764 ], [ -111.862665, 40.727584 ], [ -111.860077, 40.726043 ], [ -111.859944, 40.725984 ], [ -111.859558, 40.725861 ], [ -111.859557, 40.725861 ], [ -111.858474, 40.726651 ], [ -111.853613, 40.730081 ], [ -111.851851, 40.731413 ], [ -111.849907, 40.733244 ], [ -111.8499, 40.733312 ], [ -111.849899, 40.733672 ], [ -111.849966, 40.73374 ], [ -111.851016, 40.734645 ], [ -111.853303, 40.736623 ], [ -111.856571, 40.739266 ], [ -111.859432, 40.740942 ], [ -111.859512, 40.740942 ], [ -111.859903, 40.740936 ], [ -111.860507, 40.740543 ], [ -111.861031, 40.740194 ], [ -111.862657, 40.738912 ], [ -111.86587, 40.736571 ], [ -111.868348, 40.734665 ], [ -111.869571, 40.73369 ], [ -111.869711, 40.733438 ], [ -111.869711, 40.733402 ] ] ] } },
{ "type": "Feature", "properties": { "group_index": 0, "value": 600.0, "center": [ -111.85955901950278, 40.72698385561657 ], "point_id": 0.0 }, "geometry": { "type": "Polygon", "coordinates": [ [ [ -111.868297, 40.72661 ], [ -111.868297, 40.726536 ], [ -111.867442, 40.725195 ], [ -111.866368, 40.724265 ], [ -111.864266, 40.722637 ], [ -111.86217, 40.721018 ], [ -111.857746, 40.719794 ], [ -111.857483, 40.719724 ], [ -111.856752, 40.719884 ], [ -111.853342, 40.723692 ], [ -111.851771, 40.725429 ], [ -111.851755, 40.72553 ], [ -111.852338, 40.729248 ], [ -111.852429, 40.729325 ], [ -111.854161, 40.730791 ], [ -111.854789, 40.731296 ], [ -111.854953, 40.731427 ], [ -111.85657, 40.732669 ], [ -111.859435, 40.734619 ], [ -111.859531, 40.73462 ], [ -111.85977, 40.734565 ], [ -111.862613, 40.732801 ], [ -111.862709, 40.732728 ], [ -111.862817, 40.732647 ], [ -111.863887, 40.731836 ], [ -111.864102, 40.731676 ], [ -111.864699, 40.731218 ], [ -111.866249, 40.730047 ], [ -111.867042, 40.729245 ], [ -111.867846, 40.728414 ], [ -111.868297, 40.72661 ] ] ] } },
{ "type": "Feature", "properties": { "group_index": 0, "value": 600.0, "center": [ -111.85641397777243, 40.71666044905981 ], "point_id": 0.0 }, "geometry": { "type": "Polygon", "coordinates": [ [ [ -111.862574, 40.719779 ], [ -111.859601, 40.715542 ], [ -111.860741, 40.71295 ], [ -111.860739, 40.71259 ], [ -111.860636, 40.71251 ], [ -111.860529, 40.712429 ], [ -111.857867, 40.710329 ], [ -111.855538, 40.709289 ], [ -111.855179, 40.709259 ], [ -111.854344, 40.709312 ], [ -111.854005, 40.709435 ], [ -111.853842, 40.709527 ], [ -111.853777, 40.709593 ], [ -111.850919, 40.712437 ], [ -111.847786, 40.715374 ], [ -111.847681, 40.715554 ], [ -111.847681, 40.715611 ], [ -111.848646, 40.718489 ], [ -111.853467, 40.721928 ], [ -111.855364, 40.722695 ], [ -111.857756, 40.723457 ], [ -111.859183, 40.72388 ], [ -111.859508, 40.723726 ], [ -111.861065, 40.722784 ], [ -111.862077, 40.721402 ], [ -111.86263, 40.720135 ], [ -111.862574, 40.719779 ] ] ] } },
{ "type": "Feature", "properties": { "group_index": 0, "value": 600.0, "center": [ -111.85409285166213, 40.68710522208247 ], "point_id": 0.0 }, "geometry": { "type": "Polygon", "coordinates": [ [ [ -111.864006, 40.686781 ], [ -111.861483, 40.684804 ], [ -111.857719, 40.682062 ], [ -111.854694, 40.679647 ], [ -111.854422, 40.679594 ], [ -111.854062, 40.679599 ], [ -111.853944, 40.67961 ], [ -111.852203, 40.680822 ], [ -111.849791, 40.682716 ], [ -111.846092, 40.685233 ], [ -111.844362, 40.686827 ], [ -111.844271, 40.686912 ], [ -111.84427, 40.687272 ], [ -111.844354, 40.687362 ], [ -111.845368, 40.688103 ], [ -111.847935, 40.688897 ], [ -111.850383, 40.691653 ], [ -111.850821, 40.692945 ], [ -111.850849, 40.693006 ], [ -111.852561, 40.69424 ], [ -111.852883, 40.694399 ], [ -111.853871, 40.6946 ], [ -111.854231, 40.694599 ], [ -111.854347, 40.694528 ], [ -111.85848, 40.691728 ], [ -111.860813, 40.690052 ], [ -111.863869, 40.687342 ], [ -111.864005, 40.687141 ], [ -111.864006, 40.686781 ] ] ] } },
{ "type": "Feature", "properties": { "group_index": 0, "value": 600.0, "center": [ -111.8539421, 40.6957277 ], "point_id": 0.0 }, "geometry": { "type": "Polygon", "coordinates": [ [ [ -111.862432, 40.695294 ], [ -111.86, 40.692929 ], [ -111.858697, 40.691943 ], [ -111.855933, 40.68975 ], [ -111.854884, 40.688953 ], [ -111.854275, 40.688544 ], [ -111.853915, 40.688543 ], [ -111.852661, 40.689178 ], [ -111.849431, 40.692683 ], [ -111.849428, 40.693043 ], [ -111.850282, 40.694051 ], [ -111.849447, 40.699648 ], [ -111.849448, 40.700008 ], [ -111.849912, 40.700456 ], [ -111.851652, 40.701844 ], [ -111.852552, 40.702302 ], [ -111.853727, 40.702847 ], [ -111.854962, 40.703197 ], [ -111.855295, 40.703061 ], [ -111.855409, 40.702955 ], [ -111.858208, 40.700394 ], [ -111.860045, 40.698891 ], [ -111.861521, 40.697618 ], [ -111.862416, 40.695654 ], [ -111.862432, 40.695294 ] ] ] } },
{ "type": "Feature", "properties": { "group_index": 0, "value": 600.0, "center": [ -111.8554460592733, 40.703680232177334 ], "point_id": 0.0 }, "geometry": { "type": "Polygon", "coordinates": [ [ [ -111.862476, 40.705697 ], [ -111.862472, 40.704914 ], [ -111.859923, 40.699889 ], [ -111.859752, 40.699719 ], [ -111.858824, 40.69904 ], [ -111.854333, 40.696242 ], [ -111.853973, 40.696239 ], [ -111.8532, 40.696696 ], [ -111.850649, 40.698245 ], [ -111.849104, 40.699831 ], [ -111.845998, 40.702319 ], [ -111.845997, 40.702679 ], [ -111.846053, 40.705792 ], [ -111.851162, 40.707982 ], [ -111.854475, 40.710987 ], [ -111.854633, 40.711019 ], [ -111.854814, 40.711025 ], [ -111.856097, 40.710486 ], [ -111.856239, 40.710413 ], [ -111.858421, 40.70918 ], [ -111.859814, 40.708251 ], [ -111.859896, 40.70819 ], [ -111.862476, 40.706057 ], [ -111.862476, 40.705697 ] ] ] } },
{ "type": "Feature", "properties": { "group_index": 0, "value": 600.0, "center": [ -111.86533736051615, 40.75231653608518 ], "point_id": 0.0 }, "geometry": { "type": "Polygon", "coordinates": [ [ [ -111.87497, 40.751941 ], [ -111.874785, 40.751783 ], [ -111.871442, 40.748872 ], [ -111.866952, 40.745846 ], [ -111.866365, 40.745408 ], [ -111.865629, 40.744896 ], [ -111.865518, 40.744824 ], [ -111.865158, 40.744821 ], [ -111.864747, 40.745082 ], [ -111.864589, 40.745191 ], [ -111.863108, 40.746275 ], [ -111.859456, 40.748587 ], [ -111.858688, 40.74911 ], [ -111.856003, 40.75163 ], [ -111.855843, 40.751795 ], [ -111.855699, 40.751948 ], [ -111.855698, 40.752308 ], [ -111.85756, 40.754169 ], [ -111.857751, 40.754325 ], [ -111.857942, 40.754481 ], [ -111.86076, 40.756633 ], [ -111.862179, 40.757719 ], [ -111.863782, 40.758834 ], [ -111.864944, 40.759665 ], [ -111.865151, 40.759813 ], [ -111.865511, 40.759808 ], [ -111.86572, 40.759664 ], [ -111.866876, 40.758833 ], [ -111.871734, 40.75536 ], [ -111.874969, 40.752301 ], [ -111.87497, 40.751941 ] ] ] } },
{ "type": "Feature", "properties": { "group_index": 0, "value": 600.0, "center": [ -111.85478460274206, 40.71076908815734 ], "point_id": 0.0 }, "geometry": { "type": "Polygon", "coordinates": [ [ [ -111.862916, 40.708913 ], [ -111.862917, 40.708553 ], [ -111.860886, 40.707254 ], [ -111.856309, 40.703751 ], [ -111.855369, 40.703274 ], [ -111.852252, 40.703557 ], [ -111.852113, 40.703606 ], [ -111.851914, 40.70368 ], [ -111.851779, 40.703741 ], [ -111.850516, 40.704516 ], [ -111.849244, 40.705454 ], [ -111.847782, 40.70769 ], [ -111.84671, 40.712448 ], [ -111.84671, 40.712808 ], [ -111.846862, 40.712964 ], [ -111.850332, 40.715668 ], [ -111.850432, 40.715747 ], [ -111.852306, 40.717123 ], [ -111.852505, 40.717273 ], [ -111.85334, 40.7178 ], [ -111.853529, 40.717824 ], [ -111.856645, 40.718107 ], [ -111.856761, 40.718099 ], [ -111.857107, 40.717998 ], [ -111.857609, 40.71759 ], [ -111.857771, 40.71744 ], [ -111.858667, 40.716574 ], [ -111.862676, 40.712946 ], [ -111.862763, 40.712866 ], [ -111.862841, 40.712785 ], [ -111.862916, 40.708913 ] ] ] } },
{ "type": "Feature", "properties": { "group_index": 0, "value": 600.0, "center": [ -111.90077797619654, 40.760638888723996 ], "point_id": 0.0 }, "geometry": { "type": "Polygon", "coordinates": [ [ [ -111.910716, 40.760803 ], [ -111.910721, 40.760443 ], [ -111.907685, 40.758118 ], [ -111.905026, 40.756006 ], [ -111.90474, 40.755804 ], [ -111.902658, 40.754378 ], [ -111.900164, 40.753793 ], [ -111.900084, 40.753775 ], [ -111.899724, 40.753778 ], [ -111.899505, 40.753792 ], [ -111.899079, 40.75411 ], [ -111.896783, 40.755857 ], [ -111.894204, 40.757768 ], [ -111.89201, 40.759468 ], [ -111.891918, 40.759539 ], [ -111.891321, 40.760017 ], [ -111.890889, 40.760385 ], [ -111.89072, 40.760557 ], [ -111.89072, 40.760565 ], [ -111.890729, 40.760752 ], [ -111.890891, 40.760912 ], [ -111.893493, 40.763004 ], [ -111.896496, 40.765176 ], [ -111.896713, 40.765332 ], [ -111.899463, 40.767354 ], [ -111.899907, 40.767573 ], [ -111.902507, 40.766965 ], [ -111.902835, 40.76686 ], [ -111.903998, 40.76627 ], [ -111.908191, 40.762841 ], [ -111.910705, 40.760999 ], [ -111.910716, 40.760803 ] ] ] } },
{ "type": "Feature", "properties": { "group_index": 0, "value": 600.0, "center": [ -111.900106, 40.4889615 ], "point_id": 0.0 }, "geometry": { "type": "Polygon", "coordinates": [ [ [ -111.900274, 40.487177 ], [ -111.899673, 40.486726 ], [ -111.89688, 40.486813 ], [ -111.896665, 40.486952 ], [ -111.896449, 40.487091 ], [ -111.896293, 40.487222 ], [ -111.896154, 40.487339 ], [ -111.89592, 40.487564 ], [ -111.895154, 40.488322 ], [ -111.894389, 40.489078 ], [ -111.89295, 40.490487 ], [ -111.892788, 40.490665 ], [ -111.892618, 40.490852 ], [ -111.892503, 40.490996 ], [ -111.89238, 40.491149 ], [ -111.892276, 40.491299 ], [ -111.892173, 40.491449 ], [ -111.892468, 40.491654 ], [ -111.893573, 40.491444 ], [ -111.893884, 40.491262 ], [ -111.896617, 40.488795 ], [ -111.899939, 40.488731 ], [ -111.900274, 40.487177 ] ] ] } },
{ "type": "Feature", "properties": { "group_index": 0, "value": 600.0, "center": [ -111.7013752111093, 40.31187252838641 ], "point_id": 0.0 }, "geometry": { "type": "Polygon", "coordinates": [ [ [ -111.711781, 40.31177 ], [ -111.708056, 40.308935 ], [ -111.706455, 40.30798 ], [ -111.705521, 40.307481 ], [ -111.701937, 40.306011 ], [ -111.70006, 40.305257 ], [ -111.699027, 40.304854 ], [ -111.698762, 40.304769 ], [ -111.698488, 40.304686 ], [ -111.698259, 40.304626 ], [ -111.698223, 40.304656 ], [ -111.696798, 40.306116 ], [ -111.696713, 40.306224 ], [ -111.693732, 40.309905 ], [ -111.692457, 40.310879 ], [ -111.691725, 40.311601 ], [ -111.691587, 40.31174 ], [ -111.691588, 40.3121 ], [ -111.694277, 40.314393 ], [ -111.698003, 40.316886 ], [ -111.698315, 40.31707 ], [ -111.701904, 40.317901 ], [ -111.704182, 40.318965 ], [ -111.704401, 40.319033 ], [ -111.704731, 40.318887 ], [ -111.704883, 40.318816 ], [ -111.705944, 40.317657 ], [ -111.709779, 40.313747 ], [ -111.711785, 40.312129 ], [ -111.711781, 40.31177 ] ] ] } },
{ "type": "Feature", "properties": { "group_index": 0, "value": 600.0, "center": [ -111.69498310259296, 40.29709463681117 ], "point_id": 0.0 }, "geometry": { "type": "Polygon", "coordinates": [ [ [ -111.704828, 40.297083 ], [ -111.704798, 40.296971 ], [ -111.704511, 40.296664 ], [ -111.700125, 40.294353 ], [ -111.695247, 40.291272 ], [ -111.694742, 40.290838 ], [ -111.694212, 40.290609 ], [ -111.692206, 40.28997 ], [ -111.69208, 40.289963 ], [ -111.69175, 40.290108 ], [ -111.691567, 40.29024 ], [ -111.688634, 40.293201 ], [ -111.68805, 40.293799 ], [ -111.685172, 40.296869 ], [ -111.685166, 40.297229 ], [ -111.68757, 40.299248 ], [ -111.689601, 40.300943 ], [ -111.690798, 40.301664 ], [ -111.693218, 40.302547 ], [ -111.697674, 40.304128 ], [ -111.697881, 40.30419 ], [ -111.698228, 40.304087 ], [ -111.698395, 40.303953 ], [ -111.700488, 40.301965 ], [ -111.70116, 40.301275 ], [ -111.704706, 40.297563 ], [ -111.704782, 40.29744 ], [ -111.704828, 40.297083 ] ] ] } },
{ "type": "Feature", "properties": { "group_index": 0, "value": 600.0, "center": [ -111.68853940074037, 40.28242936318296 ], "point_id": 0.0 }, "geometry": { "type": "Polygon", "coordinates": [ [ [ -111.698351, 40.28225 ], [ -111.698284, 40.28216 ], [ -111.696773, 40.280986 ], [ -111.695918, 40.280369 ], [ -111.69526, 40.27989 ], [ -111.690747, 40.276719 ], [ -111.685589, 40.275252 ], [ -111.685258, 40.275394 ], [ -111.685099, 40.275499 ], [ -111.684229, 40.276291 ], [ -111.683383, 40.277268 ], [ -111.679686, 40.281318 ], [ -111.678733, 40.282151 ], [ -111.678768, 40.282509 ], [ -111.678832, 40.28262 ], [ -111.679592, 40.283393 ], [ -111.681051, 40.28482 ], [ -111.685465, 40.287784 ], [ -111.685557, 40.287826 ], [ -111.68566, 40.287867 ], [ -111.686247, 40.288046 ], [ -111.691371, 40.28961 ], [ -111.691526, 40.289601 ], [ -111.691984, 40.289473 ], [ -111.693534, 40.287636 ], [ -111.693603, 40.28755 ], [ -111.694722, 40.286109 ], [ -111.698352, 40.28261 ], [ -111.698351, 40.28225 ] ] ] } },
{ "type": "Feature", "properties": { "group_index": 0, "value": 600.0, "center": [ -111.6844702, 40.2734207 ], "point_id": 0.0 }, "geometry": { "type": "Polygon", "coordinates": [ [ [ -111.694259, 40.273436 ], [ -111.694266, 40.273076 ], [ -111.691526, 40.27102 ], [ -111.689214, 40.269494 ], [ -111.68604, 40.266763 ], [ -111.681291, 40.266189 ], [ -111.680989, 40.266384 ], [ -111.68007, 40.267253 ], [ -111.676257, 40.271361 ], [ -111.674798, 40.272647 ], [ -111.674688, 40.272803 ], [ -111.674627, 40.273158 ], [ -111.674613, 40.273299 ], [ -111.676877, 40.275255 ], [ -111.679564, 40.277165 ], [ -111.683157, 40.278562 ], [ -111.685433, 40.279849 ], [ -111.687287, 40.280496 ], [ -111.687515, 40.280557 ], [ -111.688053, 40.280507 ], [ -111.690938, 40.277182 ], [ -111.692722, 40.275402 ], [ -111.694127, 40.274006 ], [ -111.694208, 40.273813 ], [ -111.694259, 40.273436 ] ] ] } },
{ "type": "Feature", "properties": { "group_index": 0, "value": 600.0, "center": [ -111.68025718021255, 40.26485736971828 ], "point_id": 0.0 }, "geometry": { "type": "Polygon", "coordinates": [ [ [ -111.689573, 40.264343 ], [ -111.689552, 40.264241 ], [ -111.689498, 40.26412 ], [ -111.688024, 40.262673 ], [ -111.684736, 40.26045 ], [ -111.682191, 40.258677 ], [ -111.678777, 40.258296 ], [ -111.677825, 40.258203 ], [ -111.674715, 40.258628 ], [ -111.674449, 40.25887 ], [ -111.674342, 40.258983 ], [ -111.67431, 40.259102 ], [ -111.674364, 40.259388 ], [ -111.674538, 40.259976 ], [ -111.675659, 40.265683 ], [ -111.675458, 40.266244 ], [ -111.675383, 40.266513 ], [ -111.675087, 40.267778 ], [ -111.675123, 40.268274 ], [ -111.675182, 40.268487 ], [ -111.675801, 40.2689 ], [ -111.679694, 40.270864 ], [ -111.681966, 40.271615 ], [ -111.683818, 40.271926 ], [ -111.684146, 40.271778 ], [ -111.684618, 40.271372 ], [ -111.687634, 40.268023 ], [ -111.689543, 40.264601 ], [ -111.689573, 40.264343 ] ] ] } },
{ "type": "Feature", "properties": { "group_index": 0, "value": 600.0, "center": [ -111.6725761639055, 40.256593098771205 ], "point_id": 0.0 }, "geometry": { "type": "Polygon", "coordinates": [ [ [ -111.678449, 40.262396 ], [ -111.678794, 40.260591 ], [ -111.678901, 40.256691 ], [ -111.680011, 40.253634 ], [ -111.680007, 40.253274 ], [ -111.678133, 40.251462 ], [ -111.676682, 40.250676 ], [ -111.673022, 40.24988 ], [ -111.672802, 40.249883 ], [ -111.667729, 40.250225 ], [ -111.667376, 40.250296 ], [ -111.667097, 40.250401 ], [ -111.666975, 40.250506 ], [ -111.666899, 40.250583 ], [ -111.666376, 40.251255 ], [ -111.666325, 40.251397 ], [ -111.66466, 40.256852 ], [ -111.664416, 40.257567 ], [ -111.664311, 40.25806 ], [ -111.66524, 40.259084 ], [ -111.66675, 40.260534 ], [ -111.670304, 40.263578 ], [ -111.671136, 40.264138 ], [ -111.671476, 40.264022 ], [ -111.672207, 40.26332 ], [ -111.677721, 40.262823 ], [ -111.677873, 40.262826 ], [ -111.678123, 40.26283 ], [ -111.678387, 40.262584 ], [ -111.678449, 40.262396 ] ] ] } },
{ "type": "Feature", "properties": { "group_index": 0, "value": 600.0, "center": [ -111.66740849193909, 40.24883300501139 ], "point_id": 0.0 }, "geometry": { "type": "Polygon", "coordinates": [ [ [ -111.673687, 40.252778 ], [ -111.673648, 40.252693 ], [ -111.672807, 40.249883 ], [ -111.673379, 40.246006 ], [ -111.671633, 40.244295 ], [ -111.671432, 40.244111 ], [ -111.67068, 40.243516 ], [ -111.670472, 40.243354 ], [ -111.668063, 40.241623 ], [ -111.667876, 40.241487 ], [ -111.667634, 40.241342 ], [ -111.667274, 40.241337 ], [ -111.664425, 40.242797 ], [ -111.66281, 40.24402 ], [ -111.66257, 40.244239 ], [ -111.661483, 40.246372 ], [ -111.659451, 40.250272 ], [ -111.659406, 40.250629 ], [ -111.661946, 40.252657 ], [ -111.66488, 40.255298 ], [ -111.665524, 40.255507 ], [ -111.668291, 40.255523 ], [ -111.671139, 40.2556 ], [ -111.671357, 40.255538 ], [ -111.673494, 40.254202 ], [ -111.673661, 40.254097 ], [ -111.67383, 40.253895 ], [ -111.673888, 40.253818 ], [ -111.673687, 40.252778 ] ] ] } },
{ "type": "Feature", "properties": { "group_index": 0, "value": 600.0, "center": [ -111.66742373060558, 40.24040863537783 ], "point_id": 0.0 }, "geometry": { "type": "Polygon", "coordinates": [ [ [ -111.677241, 40.240247 ], [ -111.677157, 40.240174 ], [ -111.67588, 40.239065 ], [ -111.672325, 40.23629 ], [ -111.672213, 40.2362 ], [ -111.671188, 40.235453 ], [ -111.668005, 40.233058 ], [ -111.667663, 40.232974 ], [ -111.667303, 40.232972 ], [ -111.667103, 40.233063 ], [ -111.666583, 40.233418 ], [ -111.665388, 40.234243 ], [ -111.661765, 40.236868 ], [ -111.6593, 40.238797 ], [ -111.65919, 40.238882 ], [ -111.659033, 40.239005 ], [ -111.657607, 40.240197 ], [ -111.657605, 40.240557 ], [ -111.658063, 40.2411 ], [ -111.660404, 40.243127 ], [ -111.660509, 40.243216 ], [ -111.661387, 40.243887 ], [ -111.662102, 40.244406 ], [ -111.663878, 40.245687 ], [ -111.667084, 40.247787 ], [ -111.667232, 40.24787 ], [ -111.667592, 40.247875 ], [ -111.667904, 40.247688 ], [ -111.669249, 40.246695 ], [ -111.671981, 40.244656 ], [ -111.672224, 40.244477 ], [ -111.674151, 40.243086 ], [ -111.675937, 40.241664 ], [ -111.677126, 40.240711 ], [ -111.677242, 40.240607 ], [ -111.677241, 40.240247 ] ] ] } },
{ "type": "Feature", "properties": { "group_index": 0, "value": 600.0, "center": [ -111.66747912854574, 40.23375280011125 ], "point_id": 0.0 }, "geometry": { "type": "Polygon", "coordinates": [ [ [ -111.677452, 40.23358 ], [ -111.676341, 40.232365 ], [ -111.676182, 40.2322 ], [ -111.674471, 40.230876 ], [ -111.672901, 40.229669 ], [ -111.671195, 40.228346 ], [ -111.669433, 40.227011 ], [ -111.667721, 40.226116 ], [ -111.667361, 40.226141 ], [ -111.667141, 40.226243 ], [ -111.664763, 40.228119 ], [ -111.664645, 40.22821 ], [ -111.663024, 40.229433 ], [ -111.659578, 40.231828 ], [ -111.658736, 40.23247 ], [ -111.657732, 40.233488 ], [ -111.657732, 40.233848 ], [ -111.65775, 40.233968 ], [ -111.657861, 40.234069 ], [ -111.659384, 40.235408 ], [ -111.660219, 40.236054 ], [ -111.661762, 40.237273 ], [ -111.666262, 40.240587 ], [ -111.666419, 40.240708 ], [ -111.667057, 40.241155 ], [ -111.667276, 40.241216 ], [ -111.667636, 40.241221 ], [ -111.667837, 40.241172 ], [ -111.668545, 40.240716 ], [ -111.670371, 40.239292 ], [ -111.672917, 40.237362 ], [ -111.673693, 40.236772 ], [ -111.673844, 40.236657 ], [ -111.677538, 40.23393 ], [ -111.677452, 40.23358 ] ] ] } },
{ "type": "Feature", "properties": { "group_index": 0, "value": 600.0, "center": [ -111.71499094481672, 40.311724276992855 ], "point_id": 0.0 }, "geometry": { "type": "Polygon", "coordinates": [ [ [ -111.724572, 40.311577 ], [ -111.721607, 40.309335 ], [ -111.719346, 40.307336 ], [ -111.715163, 40.30404 ], [ -111.715085, 40.303999 ], [ -111.714726, 40.304022 ], [ -111.711857, 40.306245 ], [ -111.709697, 40.307974 ], [ -111.707407, 40.309797 ], [ -111.707321, 40.309867 ], [ -111.707284, 40.309905 ], [ -111.705564, 40.311877 ], [ -111.705493, 40.311968 ], [ -111.705489, 40.312049 ], [ -111.705563, 40.312237 ], [ -111.705643, 40.312442 ], [ -111.706791, 40.313821 ], [ -111.710181, 40.315717 ], [ -111.712321, 40.317395 ], [ -111.713966, 40.318614 ], [ -111.714903, 40.319261 ], [ -111.71507, 40.319343 ], [ -111.715215, 40.319341 ], [ -111.715408, 40.319259 ], [ -111.717667, 40.317561 ], [ -111.720748, 40.31557 ], [ -111.721218, 40.315243 ], [ -111.721868, 40.314734 ], [ -111.723212, 40.313596 ], [ -111.724419, 40.312151 ], [ -111.724586, 40.311937 ], [ -111.724572, 40.311577 ] ] ] } },
{ "type": "Feature", "properties": { "group_index": 0, "value": 600.0, "center": [ -111.73464315097867, 40.311732803719444 ], "point_id": 0.0 }, "geometry": { "type": "Polygon", "coordinates": [ [ [ -111.745219, 40.311254 ], [ -111.741607, 40.309857 ], [ -111.741333, 40.310091 ], [ -111.739257, 40.311669 ], [ -111.73696, 40.311677 ], [ -111.734272, 40.308251 ], [ -111.734072, 40.307259 ], [ -111.733644, 40.30448 ], [ -111.733348, 40.304276 ], [ -111.732718, 40.304346 ], [ -111.730118, 40.307167 ], [ -111.727902, 40.309981 ], [ -111.724967, 40.311484 ], [ -111.724907, 40.311575 ], [ -111.724906, 40.311935 ], [ -111.725061, 40.312137 ], [ -111.728022, 40.314574 ], [ -111.729463, 40.315587 ], [ -111.729899, 40.315894 ], [ -111.731987, 40.315421 ], [ -111.73577, 40.319191 ], [ -111.73658, 40.319387 ], [ -111.736934, 40.319322 ], [ -111.737189, 40.31721 ], [ -111.736994, 40.316574 ], [ -111.740213, 40.312026 ], [ -111.741175, 40.312023 ], [ -111.741678, 40.312003 ], [ -111.742192, 40.311982 ], [ -111.742865, 40.311919 ], [ -111.743547, 40.311854 ], [ -111.744409, 40.311732 ], [ -111.74527, 40.31161 ], [ -111.745219, 40.311254 ] ] ] } },
{ "type": "Feature", "properties": { "group_index": 0, "value": 600.0, "center": [ -111.65241095997801, 40.21557306084063 ], "point_id": 0.0 }, "geometry": { "type": "Polygon", "coordinates": [ [ [ -111.661164, 40.214645 ], [ -111.661155, 40.214557 ], [ -111.660937, 40.214141 ], [ -111.659092, 40.212023 ], [ -111.655524, 40.209602 ], [ -111.654804, 40.209338 ], [ -111.651993, 40.208443 ], [ -111.651954, 40.208442 ], [ -111.651952, 40.208442 ], [ -111.651912, 40.208442 ], [ -111.651501, 40.208716 ], [ -111.651171, 40.208994 ], [ -111.646492, 40.212272 ], [ -111.646489, 40.213195 ], [ -111.646485, 40.214118 ], [ -111.646547, 40.214383 ], [ -111.646613, 40.214547 ], [ -111.647273, 40.215549 ], [ -111.647917, 40.216522 ], [ -111.649742, 40.21881 ], [ -111.651479, 40.222268 ], [ -111.652799, 40.22264 ], [ -111.653566, 40.222362 ], [ -111.653827, 40.222164 ], [ -111.656343, 40.220304 ], [ -111.659356, 40.217949 ], [ -111.659408, 40.217904 ], [ -111.659479, 40.217816 ], [ -111.660126, 40.216855 ], [ -111.661191, 40.214929 ], [ -111.661164, 40.214645 ] ] ] } },
{ "type": "Feature", "properties": { "group_index": 0, "value": 600.0, "center": [ -111.62084848598806, 40.161116852724035 ], "point_id": 0.0 }, "geometry": { "type": "Polygon", "coordinates": [ [ [ -111.630625, 40.161021 ], [ -111.628382, 40.158659 ], [ -111.626131, 40.156858 ], [ -111.624942, 40.155972 ], [ -111.623124, 40.155541 ], [ -111.622764, 40.155541 ], [ -111.618891, 40.155508 ], [ -111.617923, 40.155639 ], [ -111.61572, 40.157067 ], [ -111.611252, 40.160677 ], [ -111.611079, 40.160924 ], [ -111.611076, 40.161284 ], [ -111.611208, 40.161495 ], [ -111.61413, 40.163597 ], [ -111.61449, 40.1636 ], [ -111.617645, 40.162742 ], [ -111.620572, 40.164558 ], [ -111.622083, 40.165715 ], [ -111.622414, 40.165857 ], [ -111.625192, 40.164734 ], [ -111.627985, 40.163433 ], [ -111.630555, 40.161473 ], [ -111.630615, 40.161381 ], [ -111.630625, 40.161021 ] ] ] } },
{ "type": "Feature", "properties": { "group_index": 0, "value": 600.0, "center": [ -111.61981347620895, 40.144798560575325 ], "point_id": 0.0 }, "geometry": { "type": "Polygon", "coordinates": [ [ [ -111.629615, 40.144541 ], [ -111.62937, 40.144543 ], [ -111.629126, 40.144545 ], [ -111.627856, 40.144558 ], [ -111.626587, 40.14457 ], [ -111.621712, 40.143581 ], [ -111.616845, 40.144558 ], [ -111.611692, 40.143639 ], [ -111.611336, 40.143587 ], [ -111.611045, 40.14365 ], [ -111.610033, 40.144655 ], [ -111.610033, 40.145015 ], [ -111.611479, 40.146958 ], [ -111.611838, 40.146932 ], [ -111.616847, 40.144918 ], [ -111.618359, 40.144949 ], [ -111.619875, 40.14498 ], [ -111.624521, 40.146936 ], [ -111.626571, 40.147408 ], [ -111.62693, 40.147399 ], [ -111.628207, 40.146341 ], [ -111.629618, 40.144901 ], [ -111.629615, 40.144541 ] ] ] } },
{ "type": "Feature", "properties": { "group_index": 0, "value": 600.0, "center": [ -111.64438536181083, 40.120095095143576 ], "point_id": 0.0 }, "geometry": { "type": "Polygon", "coordinates": [ [ [ -111.654121, 40.119797 ], [ -111.652835, 40.118667 ], [ -111.652737, 40.118585 ], [ -111.651019, 40.117301 ], [ -111.649515, 40.11616 ], [ -111.646019, 40.113607 ], [ -111.644342, 40.112824 ], [ -111.643982, 40.112817 ], [ -111.643818, 40.112935 ], [ -111.643104, 40.113434 ], [ -111.642891, 40.113587 ], [ -111.6412, 40.11474 ], [ -111.636962, 40.116336 ], [ -111.636638, 40.116493 ], [ -111.635829, 40.119858 ], [ -111.635693, 40.122706 ], [ -111.635693, 40.122746 ], [ -111.635825, 40.122888 ], [ -111.639856, 40.12626 ], [ -111.640008, 40.126315 ], [ -111.640703, 40.12636 ], [ -111.644937, 40.126654 ], [ -111.647227, 40.126453 ], [ -111.647779, 40.12623 ], [ -111.650863, 40.123208 ], [ -111.652804, 40.12149 ], [ -111.65396, 40.120414 ], [ -111.654055, 40.120315 ], [ -111.65413, 40.12021 ], [ -111.654121, 40.119797 ] ] ] } },
{ "type": "Feature", "properties": { "group_index": 0, "value": 600.0, "center": [ -111.6215789, 40.1815446 ], "point_id": 0.0 }, "geometry": { "type": "Polygon", "coordinates": [ [ [ -111.625994, 40.183855 ], [ -111.623951, 40.178977 ], [ -111.623763, 40.178938 ], [ -111.623574, 40.1789 ], [ -111.618401, 40.176018 ], [ -111.618041, 40.176025 ], [ -111.618054, 40.176669 ], [ -111.618067, 40.177313 ], [ -111.618272, 40.181995 ], [ -111.618377, 40.182274 ], [ -111.618488, 40.182569 ], [ -111.618921, 40.183449 ], [ -111.619358, 40.184338 ], [ -111.619797, 40.185126 ], [ -111.620344, 40.185999 ], [ -111.620594, 40.186068 ], [ -111.620916, 40.186098 ], [ -111.621238, 40.186127 ], [ -111.623832, 40.185296 ], [ -111.623895, 40.185273 ], [ -111.625983, 40.184214 ], [ -111.625994, 40.183855 ] ] ] } },
{ "type": "Feature", "properties": { "group_index": 0, "value": 600.0, "center": [ -111.63099170685518, 40.12775715383495 ], "point_id": 0.0 }, "geometry": { "type": "Polygon", "coordinates": [ [ [ -111.633991, 40.128966 ], [ -111.631038, 40.127286 ], [ -111.628413, 40.124072 ], [ -111.628142, 40.123834 ], [ -111.627868, 40.123687 ], [ -111.625821, 40.123528 ], [ -111.624241, 40.124792 ], [ -111.624075, 40.124937 ], [ -111.623472, 40.126411 ], [ -111.623338, 40.126817 ], [ -111.623332, 40.126856 ], [ -111.623753, 40.130006 ], [ -111.623826, 40.130358 ], [ -111.626036, 40.130438 ], [ -111.627369, 40.13039 ], [ -111.628584, 40.130344 ], [ -111.633991, 40.129326 ], [ -111.633991, 40.128966 ] ] ] } },
{ "type": "Feature", "properties": { "group_index": 0, "value": 600.0, "center": [ -111.6344094, 40.2048961 ], "point_id": 0.0 }, "geometry": { "type": "Polygon", "coordinates": [ [ [ -111.63178, 40.200914 ], [ -111.631642, 40.199493 ], [ -111.631249, 40.198723 ], [ -111.630901, 40.198817 ], [ -111.630212, 40.199427 ], [ -111.6276, 40.202804 ], [ -111.626222, 40.205119 ], [ -111.626207, 40.205289 ], [ -111.628177, 40.209534 ], [ -111.628288, 40.209611 ], [ -111.628414, 40.209688 ], [ -111.628773, 40.20966 ], [ -111.631019, 40.209518 ], [ -111.631292, 40.209283 ], [ -111.635244, 40.20518 ], [ -111.635282, 40.205128 ], [ -111.63178, 40.200914 ] ] ] } },
{ "type": "Feature", "properties": { "group_index": 0, "value": 600.0, "center": [ -111.87994292133335, 40.42806255032475 ], "point_id": 0.0 }, "geometry": { "type": "Polygon", "coordinates": [ [ [ -111.886286, 40.431513 ], [ -111.886022, 40.427775 ], [ -111.88551, 40.422398 ], [ -111.885223, 40.42218 ], [ -111.885122, 40.422144 ], [ -111.881572, 40.422 ], [ -111.8789, 40.42147 ], [ -111.87878, 40.42146 ], [ -111.874802, 40.425111 ], [ -111.874637, 40.425431 ], [ -111.873762, 40.431298 ], [ -111.873819, 40.431653 ], [ -111.874037, 40.431768 ], [ -111.875388, 40.432236 ], [ -111.880452, 40.435373 ], [ -111.880779, 40.435524 ], [ -111.880953, 40.435511 ], [ -111.881149, 40.435447 ], [ -111.882318, 40.434635 ], [ -111.886283, 40.431873 ], [ -111.886286, 40.431513 ] ] ] } },
{ "type": "Feature", "properties": { "group_index": 0, "value": 600.0, "center": [ -111.71246904916624, 40.27581844601009 ], "point_id": 0.0 }, "geometry": { "type": "Polygon", "coordinates": [ [ [ -111.721561, 40.275559 ], [ -111.721578, 40.275483 ], [ -111.721572, 40.275123 ], [ -111.721511, 40.274964 ], [ -111.721116, 40.274967 ], [ -111.716277, 40.273452 ], [ -111.713807, 40.270416 ], [ -111.711927, 40.269138 ], [ -111.711814, 40.269086 ], [ -111.711454, 40.269097 ], [ -111.711204, 40.269207 ], [ -111.707609, 40.27172 ], [ -111.704494, 40.27373 ], [ -111.70405, 40.27406 ], [ -111.703727, 40.274308 ], [ -111.703182, 40.274918 ], [ -111.703038, 40.275123 ], [ -111.703037, 40.275483 ], [ -111.703079, 40.27555 ], [ -111.705128, 40.27785 ], [ -111.705869, 40.278617 ], [ -111.707159, 40.279548 ], [ -111.70768, 40.279752 ], [ -111.708068, 40.279859 ], [ -111.708389, 40.279947 ], [ -111.709434, 40.280224 ], [ -111.709499, 40.280226 ], [ -111.709653, 40.280192 ], [ -111.715491, 40.281059 ], [ -111.715799, 40.281081 ], [ -111.716683, 40.280959 ], [ -111.716909, 40.280832 ], [ -111.720538, 40.278578 ], [ -111.720804, 40.278335 ], [ -111.721561, 40.275559 ] ] ] } },
{ "type": "Feature", "properties": { "group_index": 0, "value": 600.0, "center": [ -111.70395056453006, 40.27369315994376 ], "point_id": 0.0 }, "geometry": { "type": "Polygon", "coordinates": [ [ [ -111.713541, 40.27481 ], [ -111.713502, 40.274678 ], [ -111.711464, 40.270662 ], [ -111.709897, 40.269536 ], [ -111.709567, 40.269536 ], [ -111.705055, 40.269905 ], [ -111.700525, 40.272319 ], [ -111.696347, 40.272017 ], [ -111.696086, 40.272013 ], [ -111.695826, 40.27201 ], [ -111.694218, 40.273075 ], [ -111.694132, 40.273452 ], [ -111.694128, 40.273812 ], [ -111.694924, 40.274513 ], [ -111.695115, 40.274643 ], [ -111.698679, 40.276568 ], [ -111.700537, 40.277955 ], [ -111.700837, 40.278156 ], [ -111.704516, 40.280715 ], [ -111.704767, 40.280859 ], [ -111.704806, 40.280859 ], [ -111.705049, 40.280815 ], [ -111.708484, 40.279289 ], [ -111.709563, 40.278662 ], [ -111.713324, 40.275538 ], [ -111.713426, 40.275315 ], [ -111.713541, 40.275036 ], [ -111.713541, 40.27481 ] ] ] } },
{ "type": "Feature", "properties": { "group_index": 0, "value": 600.0, "center": [ -111.69463629190456, 40.27363870829476 ], "point_id": 0.0 }, "geometry": { "type": "Polygon", "coordinates": [ [ [ -111.704518, 40.273705 ], [ -111.704521, 40.273614 ], [ -111.704458, 40.27352 ], [ -111.704114, 40.273194 ], [ -111.702433, 40.271894 ], [ -111.699489, 40.26812 ], [ -111.695105, 40.266401 ], [ -111.694745, 40.266407 ], [ -111.693533, 40.267259 ], [ -111.689158, 40.269851 ], [ -111.684821, 40.27333 ], [ -111.684705, 40.273532 ], [ -111.684776, 40.273753 ], [ -111.684799, 40.273807 ], [ -111.685912, 40.274755 ], [ -111.688482, 40.276788 ], [ -111.68974, 40.27762 ], [ -111.690333, 40.277968 ], [ -111.695041, 40.281134 ], [ -111.6954, 40.281123 ], [ -111.700056, 40.277829 ], [ -111.704315, 40.274001 ], [ -111.704456, 40.27388 ], [ -111.704518, 40.273705 ] ] ] } },
{ "type": "Feature", "properties": { "group_index": 0, "value": 600.0, "center": [ -111.66689720798777, 40.26275103153323 ], "point_id": 0.0 }, "geometry": { "type": "Polygon", "coordinates": [ [ [ -111.675531, 40.262074 ], [ -111.675045, 40.261157 ], [ -111.672897, 40.259138 ], [ -111.669481, 40.256708 ], [ -111.668028, 40.256002 ], [ -111.667998, 40.256002 ], [ -111.66469, 40.256596 ], [ -111.660929, 40.256415 ], [ -111.660827, 40.256486 ], [ -111.660581, 40.256748 ], [ -111.660538, 40.257161 ], [ -111.660411, 40.258691 ], [ -111.658032, 40.262949 ], [ -111.658026, 40.263291 ], [ -111.658033, 40.263474 ], [ -111.658107, 40.263686 ], [ -111.658706, 40.264162 ], [ -111.66006, 40.264792 ], [ -111.665833, 40.266024 ], [ -111.669604, 40.267859 ], [ -111.671995, 40.268897 ], [ -111.672351, 40.268948 ], [ -111.672514, 40.268955 ], [ -111.672753, 40.26861 ], [ -111.67277, 40.268383 ], [ -111.672788, 40.268156 ], [ -111.672768, 40.267808 ], [ -111.672713, 40.267499 ], [ -111.675512, 40.262433 ], [ -111.675531, 40.262074 ] ] ] } },
{ "type": "Feature", "properties": { "group_index": 0, "value": 600.0, "center": [ -111.65205995590297, 40.255769376160856 ], "point_id": 0.0 }, "geometry": { "type": "Polygon", "coordinates": [ [ [ -111.661397, 40.256853 ], [ -111.659745, 40.253948 ], [ -111.659345, 40.253469 ], [ -111.658108, 40.252543 ], [ -111.656786, 40.25161 ], [ -111.656174, 40.251292 ], [ -111.652098, 40.249386 ], [ -111.651713, 40.249342 ], [ -111.650462, 40.249772 ], [ -111.649463, 40.250106 ], [ -111.646352, 40.251557 ], [ -111.643543, 40.254629 ], [ -111.643497, 40.254679 ], [ -111.643435, 40.254754 ], [ -111.642427, 40.256631 ], [ -111.642486, 40.256855 ], [ -111.642936, 40.257498 ], [ -111.647486, 40.260564 ], [ -111.64783, 40.260668 ], [ -111.648544, 40.260819 ], [ -111.652648, 40.261423 ], [ -111.656119, 40.260653 ], [ -111.656236, 40.260579 ], [ -111.660894, 40.257538 ], [ -111.661156, 40.257291 ], [ -111.661361, 40.256989 ], [ -111.661397, 40.256853 ] ] ] } },
{ "type": "Feature", "properties": { "group_index": 0, "value": 600.0, "center": [ -111.6462095701605, 40.25665444324042 ], "point_id": 0.0 }, "geometry": { "type": "Polygon", "coordinates": [ [ [ -111.655728, 40.255887 ], [ -111.655728, 40.255527 ], [ -111.652199, 40.252021 ], [ -111.650867, 40.251474 ], [ -111.646582, 40.250259 ], [ -111.646198, 40.250265 ], [ -111.64598, 40.250285 ], [ -111.644983, 40.250404 ], [ -111.644489, 40.250606 ], [ -111.643184, 40.25128 ], [ -111.641148, 40.252595 ], [ -111.638356, 40.25627 ], [ -111.638685, 40.258045 ], [ -111.638749, 40.258287 ], [ -111.63963, 40.260115 ], [ -111.640087, 40.260947 ], [ -111.640179, 40.261035 ], [ -111.640499, 40.2612 ], [ -111.640601, 40.261249 ], [ -111.641331, 40.261521 ], [ -111.644903, 40.261898 ], [ -111.647751, 40.260929 ], [ -111.652883, 40.258234 ], [ -111.655125, 40.256545 ], [ -111.655678, 40.256068 ], [ -111.655719, 40.256 ], [ -111.655728, 40.255887 ] ] ] } },
{ "type": "Feature", "properties": { "group_index": 0, "value": 600.0, "center": [ -111.65130569826434, 40.2429442019638 ], "point_id": 0.0 }, "geometry": { "type": "Polygon", "coordinates": [ [ [ -111.661113, 40.242855 ], [ -111.661065, 40.242774 ], [ -111.659103, 40.241162 ], [ -111.657712, 40.240114 ], [ -111.655977, 40.238787 ], [ -111.655295, 40.238263 ], [ -111.654229, 40.237462 ], [ -111.652612, 40.236225 ], [ -111.651761, 40.235638 ], [ -111.651401, 40.23563 ], [ -111.649926, 40.236335 ], [ -111.645188, 40.239683 ], [ -111.641797, 40.242103 ], [ -111.641499, 40.242825 ], [ -111.641499, 40.243185 ], [ -111.641593, 40.243287 ], [ -111.641809, 40.243511 ], [ -111.645547, 40.246672 ], [ -111.647041, 40.248136 ], [ -111.648497, 40.248922 ], [ -111.649888, 40.249586 ], [ -111.649984, 40.249587 ], [ -111.650083, 40.249587 ], [ -111.651929, 40.24956 ], [ -111.652748, 40.249154 ], [ -111.656728, 40.24676 ], [ -111.66094, 40.243443 ], [ -111.661114, 40.243215 ], [ -111.661113, 40.242855 ] ] ] } },
{ "type": "Feature", "properties": { "group_index": 0, "value": 600.0, "center": [ -111.6586622, 40.241497 ], "point_id": 0.0 }, "geometry": { "type": "Polygon", "coordinates": [ [ [ -111.666783, 40.240349 ], [ -111.666656, 40.240229 ], [ -111.664413, 40.238428 ], [ -111.663122, 40.237484 ], [ -111.661376, 40.236174 ], [ -111.659725, 40.234922 ], [ -111.659623, 40.234844 ], [ -111.658993, 40.234417 ], [ -111.658784, 40.234398 ], [ -111.658424, 40.234396 ], [ -111.657575, 40.234918 ], [ -111.655923, 40.236156 ], [ -111.655665, 40.236352 ], [ -111.652585, 40.238693 ], [ -111.650756, 40.240089 ], [ -111.650128, 40.240601 ], [ -111.649107, 40.241445 ], [ -111.649106, 40.241805 ], [ -111.649158, 40.241888 ], [ -111.652496, 40.245116 ], [ -111.652902, 40.245463 ], [ -111.654, 40.246396 ], [ -111.656745, 40.248009 ], [ -111.658255, 40.248833 ], [ -111.658445, 40.248915 ], [ -111.658805, 40.24892 ], [ -111.659149, 40.248812 ], [ -111.662474, 40.246589 ], [ -111.663474, 40.245817 ], [ -111.664907, 40.244497 ], [ -111.665008, 40.244405 ], [ -111.666783, 40.240709 ], [ -111.666783, 40.240349 ] ] ] } },
{ "type": "Feature", "properties": { "group_index": 0, "value": 600.0, "center": [ -111.65869498395506, 40.237469186396844 ], "point_id": 0.0 }, "geometry": { "type": "Polygon", "coordinates": [ [ [ -111.666761, 40.236748 ], [ -111.666765, 40.236388 ], [ -111.666639, 40.236272 ], [ -111.664123, 40.234205 ], [ -111.661457, 40.231898 ], [ -111.65968, 40.230662 ], [ -111.659016, 40.230459 ], [ -111.658656, 40.230458 ], [ -111.658408, 40.230461 ], [ -111.658316, 40.23048 ], [ -111.656122, 40.232051 ], [ -111.654281, 40.233379 ], [ -111.653847, 40.233694 ], [ -111.650614, 40.236218 ], [ -111.649481, 40.237068 ], [ -111.649139, 40.237443 ], [ -111.64914, 40.237803 ], [ -111.649237, 40.237892 ], [ -111.649371, 40.238012 ], [ -111.650908, 40.239232 ], [ -111.651041, 40.239335 ], [ -111.65251, 40.240461 ], [ -111.652774, 40.240665 ], [ -111.654494, 40.241982 ], [ -111.656048, 40.243164 ], [ -111.656253, 40.243319 ], [ -111.657863, 40.244541 ], [ -111.657993, 40.244631 ], [ -111.658262, 40.2448 ], [ -111.658463, 40.244876 ], [ -111.658823, 40.244881 ], [ -111.659048, 40.244825 ], [ -111.660998, 40.243651 ], [ -111.662838, 40.24225 ], [ -111.664737, 40.240705 ], [ -111.666545, 40.239186 ], [ -111.666761, 40.236748 ] ] ] } },
{ "type": "Feature", "properties": { "group_index": 0, "value": 600.0, "center": [ -111.67956290407677, 40.27313841448833 ], "point_id": 0.0 }, "geometry": { "type": "Polygon", "coordinates": [ [ [ -111.68943, 40.27307 ], [ -111.685887, 40.27034 ], [ -111.684434, 40.269514 ], [ -111.680429, 40.267304 ], [ -111.680069, 40.267299 ], [ -111.675871, 40.267979 ], [ -111.67214, 40.26983 ], [ -111.671732, 40.270418 ], [ -111.671903, 40.272085 ], [ -111.672517, 40.275095 ], [ -111.672929, 40.276136 ], [ -111.675838, 40.278145 ], [ -111.67714, 40.278976 ], [ -111.677495, 40.279141 ], [ -111.677855, 40.279144 ], [ -111.678838, 40.279085 ], [ -111.679205, 40.278957 ], [ -111.679381, 40.27889 ], [ -111.679939, 40.27845 ], [ -111.685757, 40.277002 ], [ -111.686087, 40.276859 ], [ -111.686244, 40.276779 ], [ -111.68653, 40.276558 ], [ -111.688057, 40.275197 ], [ -111.689202, 40.273857 ], [ -111.689428, 40.27343 ], [ -111.68943, 40.27307 ] ] ] } },
{ "type": "Feature", "properties": { "group_index": 0, "value": 600.0, "center": [ -111.64597053351306, 40.24585563142663 ], "point_id": 0.0 }, "geometry": { "type": "Polygon", "coordinates": [ [ [ -111.655192, 40.244202 ], [ -111.655189, 40.24419 ], [ -111.655177, 40.244163 ], [ -111.655052, 40.244071 ], [ -111.654256, 40.243597 ], [ -111.653708, 40.243301 ], [ -111.649203, 40.240291 ], [ -111.646939, 40.238751 ], [ -111.646774, 40.238674 ], [ -111.646414, 40.238673 ], [ -111.645572, 40.238905 ], [ -111.644475, 40.239508 ], [ -111.643186, 40.2403 ], [ -111.640772, 40.241989 ], [ -111.638472, 40.243676 ], [ -111.637558, 40.244468 ], [ -111.637352, 40.244697 ], [ -111.637353, 40.245057 ], [ -111.637389, 40.245198 ], [ -111.64047, 40.249276 ], [ -111.641316, 40.250451 ], [ -111.641334, 40.25047 ], [ -111.644269, 40.252434 ], [ -111.644625, 40.252614 ], [ -111.645737, 40.252982 ], [ -111.645741, 40.252983 ], [ -111.645818, 40.252986 ], [ -111.647176, 40.252609 ], [ -111.647399, 40.252525 ], [ -111.650225, 40.250634 ], [ -111.651959, 40.249335 ], [ -111.653103, 40.248416 ], [ -111.653293, 40.248251 ], [ -111.653424, 40.24802 ], [ -111.655197, 40.244604 ], [ -111.655192, 40.244202 ] ] ] } },
{ "type": "Feature", "properties": { "group_index": 0, "value": 600.0, "center": [ -111.65870891207335, 40.2333772872072 ], "point_id": 0.0 }, "geometry": { "type": "Polygon", "coordinates": [ [ [ -111.66823, 40.233414 ], [ -111.666917, 40.232087 ], [ -111.665568, 40.230963 ], [ -111.665423, 40.230849 ], [ -111.663785, 40.229565 ], [ -111.663609, 40.229433 ], [ -111.662438, 40.228575 ], [ -111.66179, 40.22811 ], [ -111.660749, 40.227353 ], [ -111.659063, 40.226413 ], [ -111.658911, 40.226364 ], [ -111.658551, 40.226362 ], [ -111.658379, 40.22642 ], [ -111.657682, 40.226857 ], [ -111.654815, 40.228842 ], [ -111.654085, 40.229397 ], [ -111.652364, 40.230719 ], [ -111.652253, 40.230806 ], [ -111.650753, 40.232034 ], [ -111.64917, 40.233363 ], [ -111.649169, 40.233723 ], [ -111.649269, 40.233892 ], [ -111.64945, 40.234034 ], [ -111.651173, 40.235376 ], [ -111.652867, 40.236716 ], [ -111.654433, 40.237907 ], [ -111.658144, 40.24071 ], [ -111.658394, 40.240792 ], [ -111.658754, 40.240794 ], [ -111.658968, 40.240791 ], [ -111.659142, 40.240718 ], [ -111.659533, 40.240476 ], [ -111.660964, 40.23937 ], [ -111.662074, 40.238531 ], [ -111.662709, 40.238058 ], [ -111.662996, 40.237842 ], [ -111.664451, 40.236743 ], [ -111.664586, 40.23664 ], [ -111.664714, 40.23654 ], [ -111.665876, 40.235646 ], [ -111.667877, 40.234098 ], [ -111.668146, 40.233883 ], [ -111.668226, 40.233774 ], [ -111.66823, 40.233414 ] ] ] } },
{ "type": "Feature", "properties": { "group_index": 0, "value": 600.0, "center": [ -111.6519838592982, 40.20877448565149 ], "point_id": 0.0 }, "geometry": { "type": "Polygon", "coordinates": [ [ [ -111.661347, 40.20731 ], [ -111.661319, 40.207043 ], [ -111.661218, 40.206974 ], [ -111.656004, 40.205054 ], [ -111.655668, 40.205001 ], [ -111.655311, 40.205028 ], [ -111.655096, 40.205081 ], [ -111.654372, 40.205327 ], [ -111.653662, 40.205569 ], [ -111.652521, 40.206086 ], [ -111.652333, 40.206188 ], [ -111.646999, 40.207839 ], [ -111.646193, 40.207695 ], [ -111.645342, 40.207446 ], [ -111.642838, 40.207676 ], [ -111.642696, 40.207804 ], [ -111.641851, 40.208843 ], [ -111.64185, 40.208944 ], [ -111.641916, 40.209298 ], [ -111.642505, 40.209189 ], [ -111.646488, 40.213242 ], [ -111.649816, 40.214311 ], [ -111.652408, 40.215865 ], [ -111.652591, 40.215871 ], [ -111.652926, 40.215867 ], [ -111.653261, 40.215863 ], [ -111.655598, 40.214968 ], [ -111.65894, 40.21174 ], [ -111.660232, 40.210198 ], [ -111.660313, 40.210001 ], [ -111.661251, 40.20765 ], [ -111.661347, 40.20731 ] ] ] } },
{ "type": "Feature", "properties": { "group_index": 0, "value": 600.0, "center": [ -111.65884065710048, 40.221736292269604 ], "point_id": 0.0 }, "geometry": { "type": "Polygon", "coordinates": [ [ [ -111.66887, 40.2214 ], [ -111.664275, 40.217927 ], [ -111.660766, 40.215041 ], [ -111.659073, 40.213402 ], [ -111.658713, 40.213402 ], [ -111.655902, 40.216226 ], [ -111.65428, 40.217786 ], [ -111.64945, 40.220515 ], [ -111.649154, 40.220721 ], [ -111.649139, 40.221785 ], [ -111.649338, 40.221923 ], [ -111.649538, 40.222061 ], [ -111.649877, 40.222225 ], [ -111.650006, 40.222265 ], [ -111.652799, 40.22264 ], [ -111.65586, 40.227212 ], [ -111.656007, 40.227334 ], [ -111.657646, 40.228665 ], [ -111.658326, 40.229219 ], [ -111.658771, 40.229233 ], [ -111.659014, 40.229218 ], [ -111.662567, 40.226892 ], [ -111.664895, 40.224929 ], [ -111.666929, 40.223286 ], [ -111.668868, 40.22176 ], [ -111.66887, 40.2214 ] ] ] } }
]
}
