{
"type": "FeatureCollection",
"name": "BRT_Stops_iso_cycling-regular",
"crs": { "type": "name", "properties": { "name": "urn:ogc:def:crs:OGC:1.3:CRS84" } },
"features": [
{ "type": "Feature", "properties": { "group_index": 0, "value": 300.0, "center": [ -111.97877442515171, 41.22495849223337 ], "point_id": 1 }, "geometry": { "type": "Polygon", "coordinates": [ [ [ -111.990707, 41.229127 ], [ -111.989012, 41.224773 ], [ -111.989056, 41.221174 ], [ -111.987025, 41.221149 ], [ -111.984994, 41.221124 ], [ -111.98179, 41.216424 ], [ -111.98403, 41.215128 ], [ -111.984193, 41.214682 ], [ -111.983079, 41.213248 ], [ -111.980246, 41.210579 ], [ -111.979973, 41.210579 ], [ -111.97784, 41.210577 ], [ -111.974959, 41.212614 ], [ -111.972118, 41.214677 ], [ -111.969279, 41.21674 ], [ -111.966467, 41.218814 ], [ -111.964887, 41.219958 ], [ -111.963645, 41.220853 ], [ -111.960867, 41.222921 ], [ -111.960228, 41.223808 ], [ -111.960221, 41.224032 ], [ -111.96018, 41.225515 ], [ -111.960179, 41.225566 ], [ -111.960817, 41.22652 ], [ -111.96189, 41.227354 ], [ -111.96352, 41.228641 ], [ -111.966254, 41.23076 ], [ -111.968909, 41.232886 ], [ -111.970831, 41.234667 ], [ -111.973549, 41.236763 ], [ -111.976335, 41.238599 ], [ -111.979695, 41.239153 ], [ -111.979712, 41.239153 ], [ -111.980712, 41.238568 ], [ -111.981487, 41.237332 ], [ -111.985072, 41.233871 ], [ -111.987314, 41.233655 ], [ -111.990326, 41.232964 ], [ -111.991658, 41.232599 ], [ -111.990707, 41.229127 ] ] ] } },
{ "type": "Feature", "properties": { "group_index": 0, "value": 600.0, "center": [ -111.97877442515171, 41.22495849223337 ], "point_id": 1 }, "geometry": { "type": "Polygon", "coordinates": [ [ [ -112.008855, 41.227364 ], [ -112.005987, 41.22102 ], [ -112.006006, 41.218693 ], [ -112.005502, 41.218363 ], [ -111.998768, 41.215179 ], [ -111.997544, 41.215023 ], [ -111.993457, 41.212369 ], [ -111.99233, 41.207388 ], [ -111.992061, 41.203798 ], [ -111.989637, 41.202708 ], [ -111.982124, 41.198775 ], [ -111.980462, 41.197007 ], [ -111.979366, 41.19621 ], [ -111.979359, 41.196211 ], [ -111.979318, 41.196212 ], [ -111.979311, 41.196212 ], [ -111.973926, 41.2001 ], [ -111.970522, 41.202538 ], [ -111.965202, 41.206149 ], [ -111.963661, 41.207266 ], [ -111.960844, 41.209313 ], [ -111.959434, 41.21034 ], [ -111.954153, 41.214441 ], [ -111.949194, 41.217809 ], [ -111.942934, 41.222672 ], [ -111.941998, 41.223791 ], [ -111.941986, 41.22445 ], [ -111.942884, 41.226272 ], [ -111.945585, 41.228403 ], [ -111.946928, 41.229467 ], [ -111.949525, 41.2316 ], [ -111.955305, 41.238074 ], [ -111.956465, 41.23898 ], [ -111.957861, 41.239869 ], [ -111.960796, 41.241405 ], [ -111.967978, 41.246092 ], [ -111.969918, 41.247697 ], [ -111.973865, 41.250407 ], [ -111.977934, 41.253594 ], [ -111.978154, 41.253597 ], [ -111.984521, 41.249058 ], [ -111.988686, 41.246185 ], [ -111.990288, 41.244586 ], [ -111.994341, 41.240794 ], [ -111.998869, 41.238599 ], [ -112.002397, 41.237149 ], [ -112.002633, 41.237064 ], [ -112.009174, 41.23095 ], [ -112.008855, 41.227364 ] ] ] } },
{ "type": "Feature", "properties": { "group_index": 0, "value": 900.0, "center": [ -111.97877442515171, 41.22495849223337 ], "point_id": 1 }, "geometry": { "type": "Polygon", "coordinates": [ [ [ -112.027389, 41.228144 ], [ -112.026519, 41.22688 ], [ -112.024065, 41.219544 ], [ -112.022368, 41.21784 ], [ -112.019273, 41.21469 ], [ -112.017914, 41.209503 ], [ -112.017604, 41.209287 ], [ -112.01573, 41.209133 ], [ -112.010348, 41.205483 ], [ -112.009221, 41.202064 ], [ -112.007516, 41.202627 ], [ -112.00307, 41.195251 ], [ -112.00079, 41.192464 ], [ -111.995283, 41.192301 ], [ -111.989596, 41.189349 ], [ -111.9868, 41.185132 ], [ -111.98674, 41.185098 ], [ -111.98628, 41.184829 ], [ -111.986139, 41.184746 ], [ -111.979931, 41.185102 ], [ -111.977348, 41.185627 ], [ -111.969421, 41.188105 ], [ -111.96799, 41.188744 ], [ -111.966553, 41.190255 ], [ -111.961059, 41.195871 ], [ -111.953286, 41.199838 ], [ -111.94962, 41.202122 ], [ -111.947169, 41.203923 ], [ -111.945395, 41.205637 ], [ -111.941818, 41.210099 ], [ -111.938993, 41.212209 ], [ -111.938582, 41.212467 ], [ -111.937641, 41.213141 ], [ -111.936177, 41.214205 ], [ -111.934779, 41.215214 ], [ -111.933329, 41.216267 ], [ -111.931894, 41.217321 ], [ -111.929233, 41.221137 ], [ -111.928221, 41.225139 ], [ -111.928244, 41.226081 ], [ -111.928268, 41.226968 ], [ -111.928977, 41.228173 ], [ -111.929869, 41.229591 ], [ -111.933028, 41.232675 ], [ -111.933104, 41.232747 ], [ -111.937764, 41.23762 ], [ -111.941437, 41.242312 ], [ -111.943861, 41.244259 ], [ -111.947332, 41.246233 ], [ -111.952984, 41.248374 ], [ -111.958418, 41.25313 ], [ -111.958579, 41.253264 ], [ -111.962118, 41.256167 ], [ -111.968933, 41.261029 ], [ -111.976066, 41.265969 ], [ -111.977241, 41.266505 ], [ -111.977409, 41.26651 ], [ -111.981274, 41.265009 ], [ -111.985955, 41.261128 ], [ -111.992163, 41.25686 ], [ -111.997645, 41.254051 ], [ -111.998531, 41.252804 ], [ -111.999414, 41.251498 ], [ -112.006298, 41.246531 ], [ -112.0095, 41.245817 ], [ -112.011287, 41.243904 ], [ -112.01658, 41.239364 ], [ -112.021257, 41.234715 ], [ -112.025769, 41.231115 ], [ -112.026586, 41.230479 ], [ -112.027374, 41.229301 ], [ -112.027389, 41.228144 ] ] ] } },
{ "type": "Feature", "properties": { "group_index": 0, "value": 300.0, "center": [ -111.97047206782226, 41.22164035931753 ], "point_id": 2 }, "geometry": { "type": "Polygon", "coordinates": [ [ [ -111.988256, 41.221164 ], [ -111.984994, 41.221124 ], [ -111.982953, 41.2211 ], [ -111.980348, 41.217129 ], [ -111.98035, 41.216658 ], [ -111.980776, 41.214891 ], [ -111.980778, 41.214797 ], [ -111.978599, 41.21266 ], [ -111.975916, 41.210557 ], [ -111.971806, 41.207397 ], [ -111.970848, 41.206713 ], [ -111.97071, 41.206714 ], [ -111.968262, 41.208396 ], [ -111.965096, 41.210415 ], [ -111.963288, 41.21216 ], [ -111.959805, 41.214516 ], [ -111.957688, 41.216024 ], [ -111.95416, 41.21864 ], [ -111.95323, 41.222613 ], [ -111.953211, 41.223362 ], [ -111.954199, 41.224333 ], [ -111.956932, 41.226467 ], [ -111.959657, 41.228594 ], [ -111.962414, 41.230727 ], [ -111.967354, 41.233861 ], [ -111.968656, 41.236025 ], [ -111.97014, 41.236643 ], [ -111.970168, 41.236644 ], [ -111.970784, 41.236233 ], [ -111.973677, 41.234269 ], [ -111.975459, 41.232971 ], [ -111.978272, 41.230931 ], [ -111.981985, 41.228457 ], [ -111.982051, 41.228401 ], [ -111.982623, 41.227349 ], [ -111.984951, 41.224724 ], [ -111.988213, 41.224764 ], [ -111.988256, 41.221164 ] ] ] } },
{ "type": "Feature", "properties": { "group_index": 0, "value": 600.0, "center": [ -111.97047206782226, 41.22164035931753 ], "point_id": 2 }, "geometry": { "type": "Polygon", "coordinates": [ [ [ -112.002155, 41.219491 ], [ -112.000504, 41.21821 ], [ -111.999781, 41.217653 ], [ -111.993388, 41.213084 ], [ -111.988502, 41.207667 ], [ -111.98813, 41.204087 ], [ -111.982603, 41.201644 ], [ -111.978407, 41.197853 ], [ -111.976509, 41.194779 ], [ -111.976392, 41.194703 ], [ -111.975538, 41.194338 ], [ -111.971173, 41.193318 ], [ -111.971073, 41.193318 ], [ -111.970543, 41.193593 ], [ -111.964107, 41.197858 ], [ -111.958392, 41.201987 ], [ -111.955621, 41.203119 ], [ -111.954363, 41.203719 ], [ -111.953089, 41.204287 ], [ -111.952306, 41.205168 ], [ -111.949944, 41.208132 ], [ -111.944646, 41.21223 ], [ -111.943247, 41.213254 ], [ -111.941857, 41.21428 ], [ -111.93904, 41.216342 ], [ -111.93762, 41.217388 ], [ -111.936225, 41.218412 ], [ -111.93536, 41.222269 ], [ -111.935344, 41.222919 ], [ -111.936269, 41.2241 ], [ -111.938891, 41.226216 ], [ -111.94025, 41.227284 ], [ -111.941596, 41.228345 ], [ -111.94684, 41.232607 ], [ -111.951157, 41.237255 ], [ -111.952686, 41.238507 ], [ -111.958584, 41.241895 ], [ -111.961665, 41.24437 ], [ -111.963828, 41.246038 ], [ -111.969394, 41.249754 ], [ -111.969833, 41.249872 ], [ -111.970066, 41.249875 ], [ -111.976154, 41.246079 ], [ -111.979811, 41.243203 ], [ -111.985965, 41.238515 ], [ -111.986476, 41.237692 ], [ -111.991253, 41.232839 ], [ -111.994631, 41.232149 ], [ -111.995996, 41.231774 ], [ -112.000309, 41.229694 ], [ -112.00083, 41.229126 ], [ -112.004441, 41.222272 ], [ -112.002155, 41.219491 ] ] ] } },
{ "type": "Feature", "properties": { "group_index": 0, "value": 900.0, "center": [ -111.97047206782226, 41.22164035931753 ], "point_id": 2 }, "geometry": { "type": "Polygon", "coordinates": [ [ [ -112.018401, 41.228769 ], [ -112.01995, 41.221425 ], [ -112.021374, 41.219948 ], [ -112.021383, 41.219688 ], [ -112.019968, 41.217825 ], [ -112.016252, 41.210694 ], [ -112.016078, 41.210568 ], [ -112.014098, 41.210455 ], [ -112.008008, 41.207517 ], [ -112.00549, 41.20316 ], [ -111.999313, 41.198167 ], [ -111.998097, 41.195466 ], [ -111.997755, 41.195223 ], [ -111.996336, 41.195221 ], [ -111.994743, 41.195199 ], [ -111.993997, 41.19509 ], [ -111.988391, 41.188535 ], [ -111.987547, 41.18467 ], [ -111.987492, 41.183975 ], [ -111.987488, 41.183973 ], [ -111.987461, 41.183957 ], [ -111.987457, 41.183955 ], [ -111.984345, 41.184198 ], [ -111.980981, 41.184158 ], [ -111.974376, 41.181442 ], [ -111.971433, 41.179658 ], [ -111.971411, 41.179658 ], [ -111.971326, 41.179658 ], [ -111.971303, 41.179658 ], [ -111.967622, 41.18221 ], [ -111.965005, 41.18413 ], [ -111.959566, 41.187543 ], [ -111.951591, 41.191186 ], [ -111.951042, 41.191509 ], [ -111.945189, 41.195652 ], [ -111.942934, 41.196842 ], [ -111.93851, 41.199649 ], [ -111.937387, 41.200917 ], [ -111.937384, 41.201449 ], [ -111.93708, 41.205747 ], [ -111.930125, 41.21081 ], [ -111.928106, 41.212076 ], [ -111.925828, 41.214186 ], [ -111.925133, 41.21709 ], [ -111.926146, 41.225857 ], [ -111.926207, 41.228227 ], [ -111.926211, 41.228473 ], [ -111.92629, 41.228981 ], [ -111.926493, 41.229912 ], [ -111.927088, 41.231453 ], [ -111.927135, 41.231525 ], [ -111.927684, 41.232176 ], [ -111.933998, 41.238506 ], [ -111.93806, 41.241907 ], [ -111.940056, 41.243404 ], [ -111.946196, 41.246934 ], [ -111.951819, 41.250225 ], [ -111.955892, 41.253348 ], [ -111.959865, 41.256194 ], [ -111.963383, 41.258852 ], [ -111.968177, 41.262897 ], [ -111.968572, 41.263109 ], [ -111.969391, 41.263455 ], [ -111.969708, 41.263466 ], [ -111.971354, 41.262795 ], [ -111.976395, 41.258685 ], [ -111.979122, 41.257121 ], [ -111.981175, 41.255609 ], [ -111.987035, 41.252345 ], [ -111.990246, 41.248588 ], [ -111.994055, 41.246251 ], [ -111.998454, 41.241756 ], [ -112.005323, 41.238902 ], [ -112.008651, 41.235836 ], [ -112.014428, 41.232084 ], [ -112.016722, 41.230496 ], [ -112.018396, 41.228889 ], [ -112.018401, 41.228769 ] ] ] } },
{ "type": "Feature", "properties": { "group_index": 0, "value": 300.0, "center": [ -111.96488672455834, 41.220581711625734 ], "point_id": 2 }, "geometry": { "type": "Polygon", "coordinates": [ [ [ -111.981273, 41.221489 ], [ -111.981289, 41.221147 ], [ -111.980729, 41.217795 ], [ -111.977371, 41.214746 ], [ -111.974626, 41.21261 ], [ -111.972479, 41.211377 ], [ -111.969256, 41.208413 ], [ -111.966473, 41.206261 ], [ -111.965089, 41.205702 ], [ -111.965049, 41.205701 ], [ -111.963951, 41.206226 ], [ -111.961093, 41.20827 ], [ -111.958271, 41.210325 ], [ -111.955412, 41.212366 ], [ -111.952622, 41.214421 ], [ -111.949806, 41.216483 ], [ -111.946992, 41.218539 ], [ -111.946436, 41.219388 ], [ -111.946425, 41.219925 ], [ -111.946575, 41.221328 ], [ -111.94695, 41.222138 ], [ -111.949658, 41.224278 ], [ -111.952269, 41.226402 ], [ -111.956313, 41.229462 ], [ -111.957839, 41.230659 ], [ -111.960531, 41.232777 ], [ -111.965152, 41.23438 ], [ -111.965538, 41.234383 ], [ -111.968794, 41.232885 ], [ -111.971576, 41.230838 ], [ -111.97451, 41.228784 ], [ -111.977208, 41.226738 ], [ -111.980569, 41.224671 ], [ -111.981273, 41.221489 ] ] ] } },
{ "type": "Feature", "properties": { "group_index": 0, "value": 600.0, "center": [ -111.96488672455834, 41.220581711625734 ], "point_id": 2 }, "geometry": { "type": "Polygon", "coordinates": [ [ [ -111.999061, 41.223079 ], [ -111.999061, 41.223079 ], [ -111.99906, 41.222579 ], [ -111.997942, 41.22129 ], [ -111.995248, 41.219168 ], [ -111.994593, 41.218735 ], [ -111.989472, 41.216476 ], [ -111.985736, 41.208463 ], [ -111.98588, 41.206964 ], [ -111.978669, 41.201625 ], [ -111.97249, 41.196583 ], [ -111.967145, 41.193759 ], [ -111.963546, 41.193714 ], [ -111.959931, 41.195859 ], [ -111.954208, 41.198396 ], [ -111.950929, 41.199812 ], [ -111.946806, 41.203103 ], [ -111.946062, 41.203913 ], [ -111.939722, 41.21007 ], [ -111.935273, 41.213373 ], [ -111.931875, 41.216247 ], [ -111.929656, 41.219171 ], [ -111.929654, 41.219345 ], [ -111.929945, 41.222195 ], [ -111.931342, 41.223999 ], [ -111.935701, 41.227223 ], [ -111.939776, 41.230417 ], [ -111.944544, 41.234958 ], [ -111.947947, 41.238562 ], [ -111.949484, 41.240161 ], [ -111.951622, 41.24185 ], [ -111.957238, 41.242664 ], [ -111.958085, 41.242325 ], [ -111.96638, 41.243065 ], [ -111.968839, 41.244458 ], [ -111.970089, 41.245016 ], [ -111.97021, 41.245016 ], [ -111.970488, 41.244873 ], [ -111.973014, 41.24314 ], [ -111.97517, 41.241682 ], [ -111.979397, 41.23862 ], [ -111.986777, 41.233772 ], [ -111.987314, 41.233655 ], [ -111.989704, 41.233089 ], [ -111.995439, 41.227621 ], [ -111.997907, 41.22489 ], [ -111.999062, 41.223578 ], [ -111.999061, 41.223079 ] ] ] } },
{ "type": "Feature", "properties": { "group_index": 0, "value": 900.0, "center": [ -111.96488672455834, 41.220581711625734 ], "point_id": 2 }, "geometry": { "type": "Polygon", "coordinates": [ [ [ -112.011711, 41.227212 ], [ -112.014334, 41.219439 ], [ -112.014335, 41.219414 ], [ -112.011755, 41.214056 ], [ -112.011743, 41.214047 ], [ -112.006883, 41.211604 ], [ -112.00178, 41.206865 ], [ -112.001763, 41.203265 ], [ -111.997007, 41.200053 ], [ -111.994384, 41.197587 ], [ -111.987667, 41.19283 ], [ -111.985373, 41.187985 ], [ -111.984818, 41.186943 ], [ -111.984726, 41.186886 ], [ -111.983787, 41.186462 ], [ -111.982873, 41.186465 ], [ -111.982026, 41.186469 ], [ -111.976279, 41.185507 ], [ -111.971801, 41.182878 ], [ -111.970236, 41.182228 ], [ -111.964391, 41.181343 ], [ -111.964351, 41.181342 ], [ -111.957673, 41.183513 ], [ -111.95565, 41.184124 ], [ -111.953225, 41.18564 ], [ -111.947723, 41.188679 ], [ -111.944367, 41.190779 ], [ -111.937376, 41.195775 ], [ -111.93611, 41.197787 ], [ -111.935944, 41.198466 ], [ -111.935058, 41.202439 ], [ -111.931275, 41.206918 ], [ -111.925486, 41.211661 ], [ -111.923651, 41.212325 ], [ -111.921655, 41.213161 ], [ -111.921595, 41.216761 ], [ -111.922334, 41.216773 ], [ -111.924825, 41.217492 ], [ -111.928333, 41.225455 ], [ -111.925499, 41.22819 ], [ -111.925001, 41.228481 ], [ -111.924314, 41.22897 ], [ -111.924133, 41.229141 ], [ -111.923485, 41.231682 ], [ -111.925282, 41.234673 ], [ -111.929583, 41.237987 ], [ -111.932929, 41.24094 ], [ -111.936115, 41.244828 ], [ -111.937114, 41.245811 ], [ -111.94075, 41.247509 ], [ -111.947301, 41.250194 ], [ -111.950867, 41.253299 ], [ -111.953676, 41.254986 ], [ -111.954629, 41.255358 ], [ -111.95572, 41.255092 ], [ -111.955877, 41.255024 ], [ -111.964711, 41.254959 ], [ -111.965521, 41.255677 ], [ -111.966078, 41.256106 ], [ -111.96777, 41.257283 ], [ -111.968694, 41.25803 ], [ -111.969673, 41.258705 ], [ -111.969712, 41.258705 ], [ -111.970686, 41.257996 ], [ -111.976777, 41.253583 ], [ -111.98148, 41.250526 ], [ -111.987461, 41.246168 ], [ -111.994233, 41.240751 ], [ -112.000147, 41.237107 ], [ -112.003883, 41.235216 ], [ -112.006499, 41.233898 ], [ -112.010538, 41.230746 ], [ -112.011711, 41.227212 ] ] ] } },
{ "type": "Feature", "properties": { "group_index": 0, "value": 300.0, "center": [ -111.97137426152992, 41.224867645911644 ], "point_id": 3 }, "geometry": { "type": "Polygon", "coordinates": [ [ [ -111.988353, 41.221165 ], [ -111.984994, 41.221124 ], [ -111.980735, 41.217373 ], [ -111.980746, 41.216744 ], [ -111.980022, 41.215731 ], [ -111.977409, 41.213759 ], [ -111.975916, 41.212626 ], [ -111.975108, 41.212144 ], [ -111.970872, 41.210491 ], [ -111.970499, 41.210486 ], [ -111.970498, 41.210486 ], [ -111.967643, 41.212521 ], [ -111.964801, 41.214581 ], [ -111.961915, 41.216643 ], [ -111.959097, 41.218701 ], [ -111.956285, 41.220766 ], [ -111.953472, 41.222822 ], [ -111.951714, 41.224573 ], [ -111.951713, 41.224591 ], [ -111.953411, 41.226421 ], [ -111.956131, 41.228544 ], [ -111.958856, 41.230671 ], [ -111.9596, 41.231266 ], [ -111.961539, 41.23279 ], [ -111.965066, 41.23621 ], [ -111.96649, 41.237199 ], [ -111.970282, 41.238514 ], [ -111.972922, 41.238664 ], [ -111.973034, 41.238665 ], [ -111.973422, 41.23855 ], [ -111.975958, 41.236728 ], [ -111.977231, 41.23561 ], [ -111.98091, 41.232982 ], [ -111.984393, 41.231482 ], [ -111.984743, 41.231032 ], [ -111.986274, 41.228412 ], [ -111.98831, 41.224765 ], [ -111.988353, 41.221165 ] ] ] } },
{ "type": "Feature", "properties": { "group_index": 0, "value": 600.0, "center": [ -111.97137426152992, 41.224867645911644 ], "point_id": 3 }, "geometry": { "type": "Polygon", "coordinates": [ [ [ -112.002213, 41.228141 ], [ -112.004617, 41.222127 ], [ -112.002332, 41.219345 ], [ -112.000073, 41.217655 ], [ -111.993374, 41.212858 ], [ -111.986395, 41.208117 ], [ -111.985936, 41.206377 ], [ -111.985032, 41.204785 ], [ -111.97954, 41.20163 ], [ -111.974785, 41.198004 ], [ -111.971275, 41.197225 ], [ -111.971122, 41.197213 ], [ -111.970345, 41.19745 ], [ -111.969512, 41.197941 ], [ -111.966601, 41.199905 ], [ -111.96186, 41.203338 ], [ -111.957469, 41.206054 ], [ -111.955014, 41.207703 ], [ -111.948167, 41.213331 ], [ -111.946751, 41.214345 ], [ -111.943905, 41.216406 ], [ -111.939702, 41.219483 ], [ -111.936902, 41.22156 ], [ -111.935535, 41.222569 ], [ -111.93526, 41.225363 ], [ -111.935254, 41.225506 ], [ -111.935485, 41.226169 ], [ -111.936844, 41.227238 ], [ -111.939578, 41.229372 ], [ -111.945981, 41.235386 ], [ -111.950308, 41.24012 ], [ -111.953864, 41.24297 ], [ -111.960245, 41.245992 ], [ -111.962527, 41.24775 ], [ -111.967534, 41.251047 ], [ -111.969491, 41.25187 ], [ -111.970093, 41.25198 ], [ -111.970536, 41.25204 ], [ -111.970796, 41.252042 ], [ -111.976386, 41.249407 ], [ -111.978579, 41.24814 ], [ -111.981543, 41.246083 ], [ -111.985524, 41.243248 ], [ -111.99111, 41.238649 ], [ -111.995325, 41.235647 ], [ -112.001436, 41.231447 ], [ -112.002213, 41.228141 ] ] ] } },
{ "type": "Feature", "properties": { "group_index": 0, "value": 900.0, "center": [ -111.97137426152992, 41.224867645911644 ], "point_id": 3 }, "geometry": { "type": "Polygon", "coordinates": [ [ [ -112.020697, 41.228797 ], [ -112.021372, 41.219997 ], [ -112.021383, 41.219688 ], [ -112.02026, 41.217826 ], [ -112.016434, 41.210497 ], [ -112.016269, 41.210381 ], [ -112.008297, 41.207488 ], [ -112.003131, 41.203266 ], [ -111.998093, 41.199127 ], [ -111.995845, 41.196315 ], [ -111.99282, 41.195984 ], [ -111.985798, 41.191206 ], [ -111.985283, 41.188647 ], [ -111.985165, 41.188104 ], [ -111.984651, 41.18684 ], [ -111.984589, 41.18669 ], [ -111.98451, 41.186646 ], [ -111.983376, 41.186768 ], [ -111.982544, 41.186909 ], [ -111.981312, 41.187098 ], [ -111.976253, 41.186852 ], [ -111.971581, 41.18343 ], [ -111.971398, 41.18342 ], [ -111.9674, 41.186109 ], [ -111.963281, 41.188851 ], [ -111.956417, 41.192946 ], [ -111.950169, 41.195801 ], [ -111.943383, 41.200543 ], [ -111.940199, 41.203644 ], [ -111.938498, 41.205256 ], [ -111.933297, 41.209934 ], [ -111.933163, 41.210055 ], [ -111.927124, 41.215813 ], [ -111.92712, 41.215873 ], [ -111.926332, 41.22355 ], [ -111.924735, 41.228693 ], [ -111.92399, 41.231435 ], [ -111.923872, 41.231897 ], [ -111.929981, 41.238148 ], [ -111.933389, 41.241028 ], [ -111.937861, 41.245017 ], [ -111.941988, 41.246584 ], [ -111.948326, 41.250202 ], [ -111.951875, 41.253314 ], [ -111.953687, 41.255002 ], [ -111.960949, 41.259633 ], [ -111.962484, 41.260902 ], [ -111.964364, 41.26237 ], [ -111.967757, 41.26444 ], [ -111.972538, 41.265082 ], [ -111.97273, 41.265079 ], [ -111.973633, 41.264895 ], [ -111.979521, 41.261057 ], [ -111.980442, 41.260282 ], [ -111.984095, 41.257585 ], [ -111.990411, 41.254579 ], [ -111.996551, 41.248591 ], [ -111.999601, 41.246321 ], [ -112.000724, 41.244528 ], [ -112.006939, 41.240352 ], [ -112.008813, 41.239805 ], [ -112.011232, 41.238689 ], [ -112.014055, 41.235521 ], [ -112.019153, 41.230551 ], [ -112.020692, 41.228994 ], [ -112.020697, 41.228797 ] ] ] } },
{ "type": "Feature", "properties": { "group_index": 0, "value": 300.0, "center": [ -111.95931690137128, 41.22050811798694 ], "point_id": 3 }, "geometry": { "type": "Polygon", "coordinates": [ [ [ -111.977877, 41.221581 ], [ -111.977914, 41.219984 ], [ -111.977915, 41.219886 ], [ -111.977261, 41.21894 ], [ -111.976736, 41.218525 ], [ -111.974536, 41.216809 ], [ -111.971796, 41.214673 ], [ -111.969068, 41.212539 ], [ -111.966382, 41.210432 ], [ -111.963653, 41.208322 ], [ -111.958688, 41.205807 ], [ -111.95856, 41.205783 ], [ -111.958493, 41.205775 ], [ -111.955421, 41.208312 ], [ -111.952673, 41.210252 ], [ -111.949864, 41.212296 ], [ -111.947067, 41.214349 ], [ -111.944245, 41.21641 ], [ -111.942807, 41.217456 ], [ -111.941413, 41.218473 ], [ -111.941371, 41.222073 ], [ -111.944096, 41.224201 ], [ -111.946726, 41.226325 ], [ -111.949438, 41.228459 ], [ -111.952999, 41.231514 ], [ -111.957032, 41.234249 ], [ -111.957978, 41.235069 ], [ -111.95911, 41.235477 ], [ -111.959291, 41.235483 ], [ -111.96046, 41.234939 ], [ -111.963113, 41.232811 ], [ -111.966111, 41.23066 ], [ -111.968762, 41.228712 ], [ -111.971583, 41.22667 ], [ -111.975618, 41.223989 ], [ -111.977222, 41.22254 ], [ -111.977874, 41.221652 ], [ -111.977877, 41.221581 ] ] ] } },
{ "type": "Feature", "properties": { "group_index": 0, "value": 600.0, "center": [ -111.95931690137128, 41.22050811798694 ], "point_id": 3 }, "geometry": { "type": "Polygon", "coordinates": [ [ [ -111.993757, 41.222802 ], [ -111.992387, 41.221217 ], [ -111.991047, 41.220164 ], [ -111.98403, 41.215128 ], [ -111.98397, 41.21177 ], [ -111.983954, 41.211171 ], [ -111.983958, 41.210638 ], [ -111.980065, 41.207239 ], [ -111.976648, 41.204302 ], [ -111.970957, 41.200266 ], [ -111.967986, 41.197917 ], [ -111.967217, 41.197805 ], [ -111.961253, 41.195873 ], [ -111.957188, 41.192951 ], [ -111.957111, 41.192951 ], [ -111.953968, 41.194253 ], [ -111.950941, 41.195806 ], [ -111.943989, 41.200746 ], [ -111.942943, 41.201478 ], [ -111.94052, 41.203826 ], [ -111.9364, 41.209096 ], [ -111.93355, 41.209937 ], [ -111.929138, 41.214113 ], [ -111.927881, 41.21583 ], [ -111.927784, 41.216175 ], [ -111.927939, 41.216821 ], [ -111.929305, 41.222234 ], [ -111.929751, 41.226446 ], [ -111.931559, 41.228302 ], [ -111.934229, 41.230352 ], [ -111.939408, 41.23524 ], [ -111.944324, 41.24055 ], [ -111.947443, 41.243238 ], [ -111.948998, 41.244315 ], [ -111.952257, 41.245888 ], [ -111.954494, 41.245917 ], [ -111.954582, 41.245918 ], [ -111.961817, 41.244372 ], [ -111.969811, 41.240533 ], [ -111.973653, 41.238552 ], [ -111.976188, 41.236729 ], [ -111.982652, 41.232564 ], [ -111.984445, 41.231514 ], [ -111.986325, 41.228444 ], [ -111.99234, 41.224817 ], [ -111.992732, 41.22459 ], [ -111.993746, 41.22308 ], [ -111.993757, 41.222802 ] ] ] } },
{ "type": "Feature", "properties": { "group_index": 0, "value": 900.0, "center": [ -111.95931690137128, 41.22050811798694 ], "point_id": 3 }, "geometry": { "type": "Polygon", "coordinates": [ [ [ -112.007459, 41.228447 ], [ -112.008676, 41.221906 ], [ -112.009411, 41.219538 ], [ -112.009407, 41.21896 ], [ -112.008245, 41.217751 ], [ -112.006536, 41.217111 ], [ -112.001058, 41.214759 ], [ -111.996161, 41.213285 ], [ -111.996374, 41.207057 ], [ -111.996075, 41.20347 ], [ -111.989873, 41.200022 ], [ -111.985149, 41.196097 ], [ -111.98305, 41.193014 ], [ -111.98156, 41.189581 ], [ -111.981477, 41.189534 ], [ -111.973918, 41.188755 ], [ -111.970193, 41.186384 ], [ -111.963068, 41.184511 ], [ -111.959197, 41.182122 ], [ -111.957521, 41.181333 ], [ -111.956911, 41.181316 ], [ -111.952248, 41.181943 ], [ -111.950196, 41.182788 ], [ -111.949683, 41.183107 ], [ -111.949421, 41.183271 ], [ -111.946227, 41.185362 ], [ -111.944584, 41.18655 ], [ -111.9393, 41.191151 ], [ -111.936096, 41.191722 ], [ -111.935702, 41.192346 ], [ -111.935425, 41.192901 ], [ -111.935119, 41.193769 ], [ -111.935096, 41.194057 ], [ -111.935109, 41.194526 ], [ -111.935141, 41.195963 ], [ -111.934899, 41.20029 ], [ -111.931066, 41.204288 ], [ -111.925968, 41.209364 ], [ -111.918704, 41.212115 ], [ -111.918011, 41.215647 ], [ -111.920476, 41.216461 ], [ -111.920878, 41.216637 ], [ -111.921235, 41.216723 ], [ -111.922334, 41.216773 ], [ -111.924825, 41.217492 ], [ -111.928333, 41.225455 ], [ -111.925499, 41.22819 ], [ -111.925001, 41.228481 ], [ -111.924314, 41.22897 ], [ -111.922578, 41.230371 ], [ -111.921665, 41.230891 ], [ -111.921619, 41.230943 ], [ -111.922627, 41.23377 ], [ -111.92454, 41.238004 ], [ -111.931283, 41.243377 ], [ -111.93446, 41.247922 ], [ -111.935189, 41.248485 ], [ -111.935637, 41.248752 ], [ -111.938347, 41.250136 ], [ -111.941159, 41.251517 ], [ -111.946497, 41.254126 ], [ -111.953093, 41.258573 ], [ -111.955018, 41.259528 ], [ -111.956124, 41.259669 ], [ -111.95615, 41.259663 ], [ -111.960275, 41.256187 ], [ -111.967231, 41.253561 ], [ -111.969757, 41.25455 ], [ -111.969765, 41.25455 ], [ -111.975808, 41.250422 ], [ -111.980597, 41.247039 ], [ -111.984598, 41.244149 ], [ -111.985416, 41.243399 ], [ -111.991248, 41.238714 ], [ -111.995834, 41.235792 ], [ -112.000359, 41.232644 ], [ -112.006069, 41.230023 ], [ -112.007124, 41.22951 ], [ -112.007203, 41.22937 ], [ -112.007459, 41.228447 ] ] ] } },
{ "type": "Feature", "properties": { "group_index": 0, "value": 300.0, "center": [ -111.94823375552679, 41.22036182824087 ], "point_id": 3 }, "geometry": { "type": "Polygon", "coordinates": [ [ [ -111.96729, 41.220468 ], [ -111.966189, 41.218811 ], [ -111.963631, 41.216791 ], [ -111.960731, 41.214528 ], [ -111.957994, 41.212399 ], [ -111.955338, 41.210402 ], [ -111.95253, 41.208159 ], [ -111.948916, 41.20606 ], [ -111.947327, 41.206009 ], [ -111.947273, 41.206008 ], [ -111.944428, 41.208055 ], [ -111.943021, 41.20908 ], [ -111.938705, 41.2121 ], [ -111.936491, 41.213722 ], [ -111.93315, 41.216264 ], [ -111.931736, 41.217319 ], [ -111.931667, 41.220919 ], [ -111.932569, 41.223267 ], [ -111.932985, 41.224051 ], [ -111.935688, 41.226172 ], [ -111.939776, 41.229198 ], [ -111.941178, 41.230436 ], [ -111.945242, 41.233685 ], [ -111.947651, 41.234929 ], [ -111.948682, 41.234747 ], [ -111.952006, 41.232667 ], [ -111.953697, 41.231467 ], [ -111.957731, 41.228566 ], [ -111.959247, 41.227471 ], [ -111.960573, 41.226517 ], [ -111.963388, 41.22445 ], [ -111.966139, 41.22241 ], [ -111.966663, 41.2216 ], [ -111.967286, 41.220638 ], [ -111.96729, 41.220468 ] ] ] } },
{ "type": "Feature", "properties": { "group_index": 0, "value": 600.0, "center": [ -111.94823375552679, 41.22036182824087 ], "point_id": 3 }, "geometry": { "type": "Polygon", "coordinates": [ [ [ -111.982159, 41.22109 ], [ -111.980745, 41.21682 ], [ -111.979921, 41.21573 ], [ -111.977404, 41.213759 ], [ -111.973248, 41.210522 ], [ -111.971227, 41.208947 ], [ -111.967829, 41.20628 ], [ -111.965091, 41.204168 ], [ -111.959922, 41.200624 ], [ -111.956882, 41.197765 ], [ -111.95442, 41.195842 ], [ -111.948851, 41.191709 ], [ -111.948811, 41.191708 ], [ -111.948811, 41.191708 ], [ -111.948771, 41.191707 ], [ -111.942061, 41.195619 ], [ -111.94025, 41.197377 ], [ -111.936503, 41.201158 ], [ -111.930182, 41.207539 ], [ -111.923738, 41.212362 ], [ -111.923421, 41.21257 ], [ -111.92302, 41.21301 ], [ -111.921825, 41.216694 ], [ -111.922079, 41.216787 ], [ -111.922992, 41.216945 ], [ -111.924825, 41.217492 ], [ -111.928333, 41.225455 ], [ -111.925499, 41.22819 ], [ -111.925334, 41.228271 ], [ -111.92399, 41.231435 ], [ -111.923878, 41.231876 ], [ -111.930215, 41.238177 ], [ -111.936501, 41.241623 ], [ -111.939519, 41.24503 ], [ -111.939865, 41.245361 ], [ -111.941254, 41.245929 ], [ -111.946383, 41.247328 ], [ -111.950374, 41.24651 ], [ -111.951641, 41.245881 ], [ -111.958072, 41.242332 ], [ -111.960056, 41.241395 ], [ -111.962593, 41.239581 ], [ -111.965403, 41.237545 ], [ -111.972123, 41.231692 ], [ -111.975887, 41.228801 ], [ -111.982116, 41.22469 ], [ -111.982159, 41.22109 ] ] ] } },
{ "type": "Feature", "properties": { "group_index": 0, "value": 900.0, "center": [ -111.94823375552679, 41.22036182824087 ], "point_id": 3 }, "geometry": { "type": "Polygon", "coordinates": [ [ [ -111.999303, 41.221306 ], [ -111.996599, 41.219181 ], [ -111.990192, 41.215253 ], [ -111.986387, 41.20812 ], [ -111.985934, 41.206398 ], [ -111.985024, 41.204788 ], [ -111.979999, 41.201632 ], [ -111.974279, 41.196027 ], [ -111.96752, 41.192024 ], [ -111.966516, 41.191249 ], [ -111.964921, 41.190017 ], [ -111.963234, 41.1887 ], [ -111.957214, 41.184805 ], [ -111.955431, 41.183081 ], [ -111.951812, 41.179852 ], [ -111.95002, 41.178524 ], [ -111.949214, 41.178388 ], [ -111.949105, 41.178386 ], [ -111.946203, 41.179416 ], [ -111.941276, 41.182523 ], [ -111.935737, 41.186854 ], [ -111.934783, 41.189158 ], [ -111.931262, 41.196515 ], [ -111.929708, 41.198154 ], [ -111.930748, 41.200406 ], [ -111.930182, 41.207539 ], [ -111.923738, 41.212362 ], [ -111.918963, 41.210703 ], [ -111.91857, 41.210668 ], [ -111.918085, 41.210656 ], [ -111.917687, 41.210632 ], [ -111.91651, 41.210694 ], [ -111.914182, 41.210513 ], [ -111.913176, 41.210352 ], [ -111.912125, 41.210265 ], [ -111.911542, 41.210297 ], [ -111.911091, 41.210367 ], [ -111.911644, 41.213924 ], [ -111.915166, 41.214707 ], [ -111.915524, 41.214857 ], [ -111.916185, 41.215054 ], [ -111.916959, 41.215287 ], [ -111.917731, 41.215571 ], [ -111.918352, 41.215704 ], [ -111.91865, 41.215773 ], [ -111.920476, 41.216461 ], [ -111.920878, 41.216637 ], [ -111.921235, 41.216723 ], [ -111.922079, 41.216787 ], [ -111.922992, 41.216945 ], [ -111.924825, 41.217492 ], [ -111.928333, 41.225455 ], [ -111.922828, 41.227839 ], [ -111.922347, 41.228256 ], [ -111.920916, 41.22917 ], [ -111.917506, 41.231836 ], [ -111.913944, 41.236382 ], [ -111.913708, 41.236647 ], [ -111.914707, 41.240048 ], [ -111.914858, 41.24002 ], [ -111.915479, 41.239787 ], [ -111.918372, 41.238795 ], [ -111.919672, 41.238666 ], [ -111.92073, 41.238685 ], [ -111.927039, 41.24421 ], [ -111.927351, 41.245248 ], [ -111.927392, 41.245296 ], [ -111.930714, 41.250105 ], [ -111.934881, 41.254544 ], [ -111.942388, 41.259392 ], [ -111.94687, 41.261061 ], [ -111.948655, 41.261082 ], [ -111.948743, 41.261049 ], [ -111.949529, 41.260714 ], [ -111.951813, 41.259626 ], [ -111.958097, 41.255647 ], [ -111.965439, 41.251031 ], [ -111.967289, 41.24968 ], [ -111.973159, 41.245553 ], [ -111.97433, 41.244511 ], [ -111.977372, 41.241578 ], [ -111.980843, 41.238562 ], [ -111.987314, 41.233655 ], [ -111.990326, 41.232964 ], [ -111.991635, 41.232605 ], [ -111.997209, 41.227073 ], [ -111.99925, 41.224906 ], [ -111.999303, 41.221306 ] ] ] } },
{ "type": "Feature", "properties": { "group_index": 0, "value": 300.0, "center": [ -111.94835571344676, 41.21409282558037 ], "point_id": 3 }, "geometry": { "type": "Polygon", "coordinates": [ [ [ -111.96683, 41.214711 ], [ -111.966709, 41.214001 ], [ -111.966285, 41.212504 ], [ -111.964928, 41.211435 ], [ -111.960737, 41.207827 ], [ -111.958432, 41.206441 ], [ -111.954246, 41.203129 ], [ -111.950416, 41.20065 ], [ -111.948109, 41.199382 ], [ -111.947952, 41.199419 ], [ -111.946838, 41.200252 ], [ -111.941643, 41.202808 ], [ -111.938466, 41.206509 ], [ -111.936626, 41.208896 ], [ -111.932917, 41.209929 ], [ -111.932848, 41.209928 ], [ -111.931099, 41.211532 ], [ -111.931095, 41.21168 ], [ -111.932267, 41.2167 ], [ -111.932918, 41.217763 ], [ -111.934249, 41.218807 ], [ -111.938404, 41.222038 ], [ -111.941282, 41.224169 ], [ -111.944038, 41.226288 ], [ -111.946269, 41.227577 ], [ -111.948868, 41.228452 ], [ -111.9493, 41.228457 ], [ -111.952161, 41.226401 ], [ -111.955019, 41.224346 ], [ -111.95639, 41.223374 ], [ -111.960647, 41.220226 ], [ -111.963466, 41.218164 ], [ -111.966239, 41.216104 ], [ -111.966816, 41.215253 ], [ -111.96683, 41.214711 ] ] ] } },
{ "type": "Feature", "properties": { "group_index": 0, "value": 600.0, "center": [ -111.94835571344676, 41.21409282558037 ], "point_id": 3 }, "geometry": { "type": "Polygon", "coordinates": [ [ [ -111.981677, 41.21061 ], [ -111.978531, 41.207978 ], [ -111.973865, 41.204273 ], [ -111.968204, 41.200061 ], [ -111.962984, 41.19589 ], [ -111.960709, 41.194126 ], [ -111.954745, 41.189712 ], [ -111.949674, 41.185879 ], [ -111.948786, 41.185518 ], [ -111.948718, 41.185518 ], [ -111.94444, 41.188525 ], [ -111.93813, 41.191922 ], [ -111.935268, 41.193428 ], [ -111.935195, 41.193849 ], [ -111.934684, 41.196577 ], [ -111.931076, 41.204096 ], [ -111.931009, 41.204246 ], [ -111.93084, 41.204879 ], [ -111.930743, 41.205572 ], [ -111.924433, 41.211383 ], [ -111.921236, 41.212822 ], [ -111.9197, 41.215725 ], [ -111.919646, 41.216052 ], [ -111.920476, 41.216461 ], [ -111.920878, 41.216637 ], [ -111.921235, 41.216723 ], [ -111.927324, 41.220925 ], [ -111.928018, 41.223841 ], [ -111.928183, 41.225042 ], [ -111.928294, 41.226458 ], [ -111.928328, 41.227458 ], [ -111.928415, 41.22765 ], [ -111.929914, 41.229265 ], [ -111.931741, 41.230395 ], [ -111.937503, 41.235968 ], [ -111.944082, 41.241383 ], [ -111.94575, 41.241767 ], [ -111.945942, 41.241761 ], [ -111.948747, 41.240196 ], [ -111.956302, 41.237582 ], [ -111.961177, 41.233108 ], [ -111.964515, 41.23074 ], [ -111.967354, 41.228689 ], [ -111.973503, 41.224313 ], [ -111.976484, 41.222122 ], [ -111.980119, 41.219332 ], [ -111.98403, 41.215128 ], [ -111.984523, 41.213785 ], [ -111.981677, 41.21061 ] ] ] } },
{ "type": "Feature", "properties": { "group_index": 0, "value": 900.0, "center": [ -111.94835571344676, 41.21409282558037 ], "point_id": 3 }, "geometry": { "type": "Polygon", "coordinates": [ [ [ -111.991765, 41.222294 ], [ -111.990964, 41.221198 ], [ -111.989967, 41.221183 ], [ -111.98403, 41.215128 ], [ -111.984523, 41.213785 ], [ -111.988166, 41.207831 ], [ -111.992131, 41.207403 ], [ -111.993593, 41.207293 ], [ -111.993324, 41.203703 ], [ -111.991743, 41.201838 ], [ -111.991621, 41.20178 ], [ -111.984119, 41.197947 ], [ -111.982562, 41.196101 ], [ -111.97945, 41.191198 ], [ -111.978351, 41.190955 ], [ -111.971585, 41.188715 ], [ -111.967478, 41.186099 ], [ -111.963975, 41.184116 ], [ -111.957459, 41.178009 ], [ -111.952427, 41.174177 ], [ -111.950679, 41.172763 ], [ -111.947719, 41.173706 ], [ -111.947291, 41.173981 ], [ -111.942756, 41.177243 ], [ -111.938357, 41.178872 ], [ -111.93235, 41.180955 ], [ -111.931356, 41.181388 ], [ -111.930413, 41.182437 ], [ -111.930393, 41.182554 ], [ -111.929566, 41.189567 ], [ -111.929025, 41.19561 ], [ -111.929607, 41.198923 ], [ -111.93084, 41.204879 ], [ -111.930743, 41.205572 ], [ -111.924433, 41.211383 ], [ -111.920991, 41.21056 ], [ -111.919674, 41.210576 ], [ -111.919033, 41.210591 ], [ -111.917687, 41.210632 ], [ -111.91651, 41.210694 ], [ -111.914182, 41.210513 ], [ -111.913176, 41.210352 ], [ -111.912125, 41.210265 ], [ -111.911542, 41.210297 ], [ -111.90973, 41.210417 ], [ -111.908924, 41.210624 ], [ -111.909819, 41.214111 ], [ -111.914468, 41.21439 ], [ -111.915013, 41.214433 ], [ -111.919646, 41.216052 ], [ -111.920476, 41.216461 ], [ -111.920878, 41.216637 ], [ -111.921235, 41.216723 ], [ -111.927324, 41.220925 ], [ -111.925001, 41.228481 ], [ -111.924314, 41.22897 ], [ -111.922039, 41.23005 ], [ -111.92185, 41.230163 ], [ -111.921466, 41.230535 ], [ -111.921153, 41.230894 ], [ -111.921109, 41.230947 ], [ -111.920362, 41.232198 ], [ -111.920124, 41.232581 ], [ -111.92149, 41.238648 ], [ -111.922138, 41.238659 ], [ -111.922582, 41.238642 ], [ -111.925958, 41.238992 ], [ -111.930646, 41.243414 ], [ -111.931391, 41.24559 ], [ -111.936184, 41.250125 ], [ -111.940386, 41.251399 ], [ -111.94607, 41.254123 ], [ -111.946851, 41.254129 ], [ -111.949737, 41.253766 ], [ -111.951026, 41.253302 ], [ -111.954866, 41.251332 ], [ -111.956417, 41.250174 ], [ -111.963763, 41.246038 ], [ -111.965972, 41.244426 ], [ -111.967509, 41.243097 ], [ -111.971853, 41.239191 ], [ -111.975033, 41.236801 ], [ -111.980414, 41.232939 ], [ -111.983377, 41.230847 ], [ -111.985488, 41.229165 ], [ -111.990911, 41.224798 ], [ -111.99174, 41.223043 ], [ -111.991765, 41.222294 ] ] ] } },
{ "type": "Feature", "properties": { "group_index": 0, "value": 300.0, "center": [ -111.94857487801421, 41.205743169762584 ], "point_id": 3 }, "geometry": { "type": "Polygon", "coordinates": [ [ [ -111.965644, 41.205995 ], [ -111.965655, 41.205568 ], [ -111.964437, 41.20416 ], [ -111.961983, 41.20242 ], [ -111.958811, 41.198598 ], [ -111.957397, 41.197005 ], [ -111.954975, 41.194936 ], [ -111.95023, 41.191964 ], [ -111.948227, 41.191769 ], [ -111.946999, 41.192268 ], [ -111.942004, 41.194579 ], [ -111.940601, 41.195603 ], [ -111.939215, 41.196757 ], [ -111.936188, 41.201459 ], [ -111.935455, 41.202968 ], [ -111.935796, 41.204281 ], [ -111.936252, 41.204947 ], [ -111.935626, 41.210347 ], [ -111.935598, 41.210503 ], [ -111.936924, 41.212608 ], [ -111.938274, 41.213649 ], [ -111.942594, 41.216849 ], [ -111.94718, 41.220049 ], [ -111.948118, 41.220062 ], [ -111.949651, 41.220005 ], [ -111.952383, 41.218018 ], [ -111.955684, 41.21597 ], [ -111.960771, 41.213958 ], [ -111.963586, 41.211922 ], [ -111.964138, 41.211078 ], [ -111.965644, 41.205995 ] ] ] } },
{ "type": "Feature", "properties": { "group_index": 0, "value": 600.0, "center": [ -111.94857487801421, 41.205743169762584 ], "point_id": 3 }, "geometry": { "type": "Polygon", "coordinates": [ [ [ -111.982363, 41.207122 ], [ -111.981553, 41.204299 ], [ -111.978842, 41.201626 ], [ -111.9741, 41.196025 ], [ -111.97396, 41.195912 ], [ -111.97158, 41.19403 ], [ -111.96903, 41.192043 ], [ -111.964409, 41.188403 ], [ -111.957214, 41.183707 ], [ -111.953566, 41.179814 ], [ -111.949306, 41.177215 ], [ -111.949231, 41.177214 ], [ -111.945557, 41.178934 ], [ -111.939108, 41.182769 ], [ -111.93556, 41.185655 ], [ -111.934036, 41.188214 ], [ -111.933536, 41.189098 ], [ -111.931012, 41.196962 ], [ -111.930795, 41.199355 ], [ -111.931045, 41.200855 ], [ -111.931775, 41.2015 ], [ -111.935796, 41.204281 ], [ -111.931948, 41.210552 ], [ -111.92728, 41.213956 ], [ -111.926482, 41.214463 ], [ -111.926219, 41.217183 ], [ -111.928514, 41.219739 ], [ -111.932726, 41.223014 ], [ -111.934077, 41.224065 ], [ -111.940549, 41.228393 ], [ -111.945567, 41.232631 ], [ -111.948535, 41.233686 ], [ -111.949007, 41.233693 ], [ -111.953523, 41.230728 ], [ -111.960149, 41.227478 ], [ -111.961732, 41.226533 ], [ -111.967801, 41.222433 ], [ -111.970649, 41.220358 ], [ -111.972049, 41.219348 ], [ -111.973483, 41.218296 ], [ -111.976308, 41.216231 ], [ -111.97876, 41.214188 ], [ -111.981039, 41.209988 ], [ -111.98236, 41.207244 ], [ -111.982363, 41.207122 ] ] ] } },
{ "type": "Feature", "properties": { "group_index": 0, "value": 900.0, "center": [ -111.94857487801421, 41.205743169762584 ], "point_id": 3 }, "geometry": { "type": "Polygon", "coordinates": [ [ [ -111.996602, 41.203426 ], [ -111.990961, 41.199333 ], [ -111.987755, 41.19184 ], [ -111.98606, 41.18646 ], [ -111.985125, 41.185919 ], [ -111.984649, 41.185647 ], [ -111.982858, 41.185751 ], [ -111.975334, 41.182902 ], [ -111.973816, 41.181614 ], [ -111.971366, 41.179579 ], [ -111.966346, 41.176396 ], [ -111.962913, 41.173648 ], [ -111.961552, 41.172509 ], [ -111.957028, 41.1689 ], [ -111.954123, 41.167726 ], [ -111.948597, 41.16559 ], [ -111.948202, 41.165457 ], [ -111.945028, 41.165371 ], [ -111.940404, 41.16653 ], [ -111.93891, 41.169341 ], [ -111.932954, 41.172361 ], [ -111.927541, 41.17468 ], [ -111.926915, 41.177807 ], [ -111.928011, 41.17861 ], [ -111.931555, 41.18274 ], [ -111.928728, 41.190428 ], [ -111.928651, 41.190512 ], [ -111.928275, 41.191131 ], [ -111.92122, 41.196433 ], [ -111.921282, 41.196823 ], [ -111.921968, 41.198158 ], [ -111.923145, 41.198973 ], [ -111.923779, 41.19913 ], [ -111.924601, 41.1993 ], [ -111.928394, 41.201392 ], [ -111.925968, 41.209364 ], [ -111.925011, 41.209991 ], [ -111.91797, 41.211832 ], [ -111.916909, 41.211528 ], [ -111.91669, 41.211483 ], [ -111.915967, 41.21501 ], [ -111.917731, 41.215571 ], [ -111.918352, 41.215704 ], [ -111.920476, 41.216461 ], [ -111.920878, 41.216637 ], [ -111.921235, 41.216723 ], [ -111.922334, 41.216773 ], [ -111.928514, 41.219739 ], [ -111.928333, 41.225455 ], [ -111.92656, 41.227868 ], [ -111.925246, 41.229843 ], [ -111.925285, 41.230206 ], [ -111.926637, 41.233164 ], [ -111.931054, 41.238277 ], [ -111.93808, 41.241909 ], [ -111.940079, 41.243404 ], [ -111.946171, 41.246913 ], [ -111.949789, 41.245753 ], [ -111.950948, 41.244274 ], [ -111.958572, 41.241905 ], [ -111.964049, 41.238189 ], [ -111.970518, 41.233688 ], [ -111.971657, 41.232922 ], [ -111.974599, 41.230878 ], [ -111.975958, 41.229901 ], [ -111.977416, 41.228824 ], [ -111.980555, 41.2266 ], [ -111.985991, 41.224737 ], [ -111.986035, 41.221137 ], [ -111.981484, 41.214621 ], [ -111.983088, 41.212471 ], [ -111.988166, 41.207831 ], [ -111.99484, 41.207185 ], [ -111.9969, 41.207013 ], [ -111.996602, 41.203426 ] ] ] } },
{ "type": "Feature", "properties": { "group_index": 0, "value": 300.0, "center": [ -111.94876513807013, 41.19757617907169 ], "point_id": 3 }, "geometry": { "type": "Polygon", "coordinates": [ [ [ -111.967912, 41.197876 ], [ -111.966709, 41.195928 ], [ -111.963327, 41.193091 ], [ -111.959295, 41.189891 ], [ -111.95543, 41.188254 ], [ -111.954164, 41.186251 ], [ -111.953686, 41.185893 ], [ -111.949567, 41.182776 ], [ -111.949086, 41.182465 ], [ -111.949031, 41.182465 ], [ -111.94855, 41.182679 ], [ -111.945507, 41.184458 ], [ -111.942196, 41.186799 ], [ -111.941274, 41.188037 ], [ -111.936301, 41.191313 ], [ -111.935702, 41.192346 ], [ -111.935425, 41.192901 ], [ -111.933835, 41.197026 ], [ -111.933828, 41.19705 ], [ -111.933867, 41.197238 ], [ -111.935346, 41.200037 ], [ -111.938253, 41.203515 ], [ -111.939356, 41.206155 ], [ -111.940348, 41.207423 ], [ -111.944432, 41.209199 ], [ -111.946632, 41.210904 ], [ -111.949753, 41.211826 ], [ -111.949831, 41.211828 ], [ -111.954916, 41.208907 ], [ -111.957101, 41.207664 ], [ -111.958627, 41.206687 ], [ -111.962519, 41.203526 ], [ -111.963886, 41.202519 ], [ -111.966673, 41.199528 ], [ -111.967899, 41.198221 ], [ -111.967912, 41.197876 ] ] ] } },
{ "type": "Feature", "properties": { "group_index": 0, "value": 600.0, "center": [ -111.94876513807013, 41.19757617907169 ], "point_id": 3 }, "geometry": { "type": "Polygon", "coordinates": [ [ [ -111.985568, 41.19733 ], [ -111.981476, 41.190417 ], [ -111.980997, 41.190071 ], [ -111.980893, 41.19 ], [ -111.973042, 41.187327 ], [ -111.968905, 41.184154 ], [ -111.967545, 41.183091 ], [ -111.962334, 41.179607 ], [ -111.959778, 41.176059 ], [ -111.956222, 41.173527 ], [ -111.948762, 41.169952 ], [ -111.945565, 41.170524 ], [ -111.944438, 41.170902 ], [ -111.938602, 41.175786 ], [ -111.935809, 41.176688 ], [ -111.9356, 41.176738 ], [ -111.928829, 41.180696 ], [ -111.928839, 41.181359 ], [ -111.92914, 41.182391 ], [ -111.929169, 41.190892 ], [ -111.928934, 41.191454 ], [ -111.927428, 41.195353 ], [ -111.927216, 41.198946 ], [ -111.930529, 41.204154 ], [ -111.930102, 41.211229 ], [ -111.930077, 41.211664 ], [ -111.930058, 41.212777 ], [ -111.930053, 41.213033 ], [ -111.930539, 41.214107 ], [ -111.934161, 41.216681 ], [ -111.937266, 41.218848 ], [ -111.942505, 41.222086 ], [ -111.94537, 41.22411 ], [ -111.945539, 41.224222 ], [ -111.946319, 41.224367 ], [ -111.949917, 41.224502 ], [ -111.951022, 41.224294 ], [ -111.954218, 41.222119 ], [ -111.959344, 41.220746 ], [ -111.962985, 41.218158 ], [ -111.965844, 41.216099 ], [ -111.968652, 41.214062 ], [ -111.972485, 41.210831 ], [ -111.975035, 41.207886 ], [ -111.979622, 41.203313 ], [ -111.983909, 41.200631 ], [ -111.984618, 41.199697 ], [ -111.985567, 41.197357 ], [ -111.985568, 41.19733 ] ] ] } },
{ "type": "Feature", "properties": { "group_index": 0, "value": 900.0, "center": [ -111.94876513807013, 41.19757617907169 ], "point_id": 3 }, "geometry": { "type": "Polygon", "coordinates": [ [ [ -111.990532, 41.205072 ], [ -111.98694, 41.199072 ], [ -111.985716, 41.19473 ], [ -111.987385, 41.189938 ], [ -111.993058, 41.182975 ], [ -111.991363, 41.179799 ], [ -111.983542, 41.178193 ], [ -111.977709, 41.175883 ], [ -111.975124, 41.174274 ], [ -111.972262, 41.172088 ], [ -111.965228, 41.16772 ], [ -111.961445, 41.163351 ], [ -111.960178, 41.16198 ], [ -111.958366, 41.160288 ], [ -111.958323, 41.160288 ], [ -111.951775, 41.161181 ], [ -111.94757, 41.160514 ], [ -111.939754, 41.157325 ], [ -111.939646, 41.157326 ], [ -111.937871, 41.158472 ], [ -111.932589, 41.162917 ], [ -111.92513, 41.167794 ], [ -111.922817, 41.171021 ], [ -111.922756, 41.171201 ], [ -111.923494, 41.176782 ], [ -111.923839, 41.180135 ], [ -111.926823, 41.188421 ], [ -111.926962, 41.189153 ], [ -111.927428, 41.195353 ], [ -111.925411, 41.202001 ], [ -111.925871, 41.204834 ], [ -111.922997, 41.213288 ], [ -111.92175, 41.216666 ], [ -111.926565, 41.221292 ], [ -111.928252, 41.225383 ], [ -111.931403, 41.228305 ], [ -111.933813, 41.230347 ], [ -111.935129, 41.230481 ], [ -111.941609, 41.235004 ], [ -111.944155, 41.237278 ], [ -111.947612, 41.238284 ], [ -111.954193, 41.236367 ], [ -111.959049, 41.234198 ], [ -111.962277, 41.231978 ], [ -111.965507, 41.229674 ], [ -111.969975, 41.226648 ], [ -111.976437, 41.222121 ], [ -111.980051, 41.219332 ], [ -111.980339, 41.218969 ], [ -111.983269, 41.215217 ], [ -111.983284, 41.214667 ], [ -111.988721, 41.207772 ], [ -111.989674, 41.207615 ], [ -111.990561, 41.205341 ], [ -111.990532, 41.205072 ] ] ] } },
{ "type": "Feature", "properties": { "group_index": 0, "value": 300.0, "center": [ -111.94598644363411, 41.19244249181747 ], "point_id": 3 }, "geometry": { "type": "Polygon", "coordinates": [ [ [ -111.956167, 41.194214 ], [ -111.955326, 41.188611 ], [ -111.954364, 41.186309 ], [ -111.954048, 41.185907 ], [ -111.952434, 41.184052 ], [ -111.950512, 41.181799 ], [ -111.948968, 41.1811 ], [ -111.947127, 41.180769 ], [ -111.945646, 41.180513 ], [ -111.945608, 41.180519 ], [ -111.941404, 41.18253 ], [ -111.937545, 41.185531 ], [ -111.937441, 41.185778 ], [ -111.937311, 41.18693 ], [ -111.937562, 41.187834 ], [ -111.936501, 41.193116 ], [ -111.936469, 41.193214 ], [ -111.935865, 41.195992 ], [ -111.935876, 41.196017 ], [ -111.936012, 41.196276 ], [ -111.936027, 41.1963 ], [ -111.937548, 41.198501 ], [ -111.938016, 41.198881 ], [ -111.938095, 41.198911 ], [ -111.943265, 41.200467 ], [ -111.947277, 41.202416 ], [ -111.948846, 41.203338 ], [ -111.948878, 41.203338 ], [ -111.952051, 41.201309 ], [ -111.95679, 41.198122 ], [ -111.956167, 41.194214 ] ] ] } },
{ "type": "Feature", "properties": { "group_index": 0, "value": 600.0, "center": [ -111.94598644363411, 41.19244249181747 ], "point_id": 3 }, "geometry": { "type": "Polygon", "coordinates": [ [ [ -111.974272, 41.198034 ], [ -111.974281, 41.197864 ], [ -111.974283, 41.197799 ], [ -111.972751, 41.190365 ], [ -111.967813, 41.184166 ], [ -111.966167, 41.183343 ], [ -111.961899, 41.176307 ], [ -111.961307, 41.174835 ], [ -111.957083, 41.172105 ], [ -111.956367, 41.172149 ], [ -111.947961, 41.16897 ], [ -111.947787, 41.168759 ], [ -111.947363, 41.168326 ], [ -111.94712, 41.168373 ], [ -111.942789, 41.169808 ], [ -111.942403, 41.170034 ], [ -111.934772, 41.174558 ], [ -111.932895, 41.174531 ], [ -111.932474, 41.17454 ], [ -111.931212, 41.175803 ], [ -111.93036, 41.177627 ], [ -111.930073, 41.179499 ], [ -111.930384, 41.184725 ], [ -111.92962, 41.18983 ], [ -111.929787, 41.197181 ], [ -111.930456, 41.201039 ], [ -111.930695, 41.202096 ], [ -111.930926, 41.202732 ], [ -111.930961, 41.202792 ], [ -111.936252, 41.204947 ], [ -111.93838, 41.210456 ], [ -111.938377, 41.210641 ], [ -111.939648, 41.21154 ], [ -111.946659, 41.215856 ], [ -111.949768, 41.216013 ], [ -111.949888, 41.216012 ], [ -111.950253, 41.215901 ], [ -111.954236, 41.213873 ], [ -111.96136, 41.209937 ], [ -111.967265, 41.203617 ], [ -111.970093, 41.20155 ], [ -111.972683, 41.199709 ], [ -111.974266, 41.198128 ], [ -111.974272, 41.198034 ] ] ] } },
{ "type": "Feature", "properties": { "group_index": 0, "value": 900.0, "center": [ -111.94598644363411, 41.19244249181747 ], "point_id": 3 }, "geometry": { "type": "Polygon", "coordinates": [ [ [ -111.98694, 41.199072 ], [ -111.987637, 41.193174 ], [ -111.987731, 41.192108 ], [ -111.985973, 41.186411 ], [ -111.984603, 41.184611 ], [ -111.980981, 41.180509 ], [ -111.974448, 41.174927 ], [ -111.973043, 41.173738 ], [ -111.96684, 41.168404 ], [ -111.966478, 41.167136 ], [ -111.966181, 41.166426 ], [ -111.960727, 41.160539 ], [ -111.959185, 41.159234 ], [ -111.95827, 41.158934 ], [ -111.9582, 41.158933 ], [ -111.953766, 41.160267 ], [ -111.946487, 41.159519 ], [ -111.941048, 41.156868 ], [ -111.939811, 41.15596 ], [ -111.939711, 41.155961 ], [ -111.937042, 41.157369 ], [ -111.936458, 41.157926 ], [ -111.93516, 41.15945 ], [ -111.930052, 41.164032 ], [ -111.926814, 41.163842 ], [ -111.924998, 41.163213 ], [ -111.924964, 41.163223 ], [ -111.923497, 41.165242 ], [ -111.920663, 41.173114 ], [ -111.920387, 41.177983 ], [ -111.922248, 41.180237 ], [ -111.923077, 41.180239 ], [ -111.923999, 41.180142 ], [ -111.924481, 41.180115 ], [ -111.930384, 41.184725 ], [ -111.927477, 41.190141 ], [ -111.921707, 41.194295 ], [ -111.921531, 41.194643 ], [ -111.921372, 41.195169 ], [ -111.921198, 41.196079 ], [ -111.921282, 41.196823 ], [ -111.921968, 41.198158 ], [ -111.923145, 41.198973 ], [ -111.92781, 41.201877 ], [ -111.929414, 41.210035 ], [ -111.927806, 41.21317 ], [ -111.927781, 41.214146 ], [ -111.927794, 41.216208 ], [ -111.927937, 41.216812 ], [ -111.933467, 41.220937 ], [ -111.936513, 41.223044 ], [ -111.942309, 41.226264 ], [ -111.945117, 41.228396 ], [ -111.945289, 41.228533 ], [ -111.948016, 41.23059 ], [ -111.948062, 41.230589 ], [ -111.948136, 41.230543 ], [ -111.955204, 41.226443 ], [ -111.96031, 41.224424 ], [ -111.962454, 41.222875 ], [ -111.969222, 41.21824 ], [ -111.970572, 41.217263 ], [ -111.97206, 41.216178 ], [ -111.974509, 41.214139 ], [ -111.980646, 41.208107 ], [ -111.986475, 41.202671 ], [ -111.98694, 41.199072 ] ] ] } },
{ "type": "Feature", "properties": { "group_index": 0, "value": 300.0, "center": [ -111.94585276393198, 41.18747183020707 ], "point_id": 3 }, "geometry": { "type": "Polygon", "coordinates": [ [ [ -111.959197, 41.188885 ], [ -111.958946, 41.187285 ], [ -111.957214, 41.184908 ], [ -111.953752, 41.182185 ], [ -111.953006, 41.180403 ], [ -111.952659, 41.179837 ], [ -111.949516, 41.177864 ], [ -111.945785, 41.177249 ], [ -111.945749, 41.177248 ], [ -111.943222, 41.177791 ], [ -111.938644, 41.180323 ], [ -111.937618, 41.181215 ], [ -111.936521, 41.184443 ], [ -111.936322, 41.185624 ], [ -111.936228, 41.186887 ], [ -111.936242, 41.187671 ], [ -111.937662, 41.192898 ], [ -111.937794, 41.194573 ], [ -111.938196, 41.196404 ], [ -111.938771, 41.196616 ], [ -111.94002, 41.196935 ], [ -111.944109, 41.196965 ], [ -111.948915, 41.198366 ], [ -111.949167, 41.198371 ], [ -111.950606, 41.197655 ], [ -111.952282, 41.195884 ], [ -111.953056, 41.194764 ], [ -111.955643, 41.191918 ], [ -111.95752, 41.19059 ], [ -111.959192, 41.18897 ], [ -111.959197, 41.188885 ] ] ] } },
{ "type": "Feature", "properties": { "group_index": 0, "value": 600.0, "center": [ -111.94585276393198, 41.18747183020707 ], "point_id": 3 }, "geometry": { "type": "Polygon", "coordinates": [ [ [ -111.976078, 41.188869 ], [ -111.973045, 41.187213 ], [ -111.96741, 41.180241 ], [ -111.965412, 41.17676 ], [ -111.962617, 41.173455 ], [ -111.961552, 41.172509 ], [ -111.956956, 41.169306 ], [ -111.9565, 41.169081 ], [ -111.949586, 41.166218 ], [ -111.945387, 41.165815 ], [ -111.939591, 41.16653 ], [ -111.932175, 41.171082 ], [ -111.93185, 41.171162 ], [ -111.930683, 41.171728 ], [ -111.930626, 41.171756 ], [ -111.929566, 41.172296 ], [ -111.927525, 41.174458 ], [ -111.926622, 41.176114 ], [ -111.926541, 41.177411 ], [ -111.926844, 41.178039 ], [ -111.929652, 41.185059 ], [ -111.92893, 41.191462 ], [ -111.930113, 41.19802 ], [ -111.930456, 41.201039 ], [ -111.930601, 41.201445 ], [ -111.930761, 41.201827 ], [ -111.931024, 41.202293 ], [ -111.931442, 41.202643 ], [ -111.931651, 41.202786 ], [ -111.939528, 41.206165 ], [ -111.94066, 41.20743 ], [ -111.94664, 41.21057 ], [ -111.949569, 41.211301 ], [ -111.949834, 41.211304 ], [ -111.95104, 41.210688 ], [ -111.955808, 41.20817 ], [ -111.956657, 41.207659 ], [ -111.962473, 41.203485 ], [ -111.963887, 41.202392 ], [ -111.966444, 41.199526 ], [ -111.971151, 41.195667 ], [ -111.973854, 41.193919 ], [ -111.973917, 41.193849 ], [ -111.975208, 41.192362 ], [ -111.976078, 41.188869 ] ] ] } },
{ "type": "Feature", "properties": { "group_index": 0, "value": 900.0, "center": [ -111.94585276393198, 41.18747183020707 ], "point_id": 3 }, "geometry": { "type": "Polygon", "coordinates": [ [ [ -111.990269, 41.187764 ], [ -111.989794, 41.186189 ], [ -111.98864, 41.184134 ], [ -111.985269, 41.178887 ], [ -111.978108, 41.174301 ], [ -111.973171, 41.170644 ], [ -111.970516, 41.168751 ], [ -111.96572, 41.161891 ], [ -111.962298, 41.157759 ], [ -111.961221, 41.156845 ], [ -111.958308, 41.155949 ], [ -111.957916, 41.155905 ], [ -111.953918, 41.156725 ], [ -111.953683, 41.156796 ], [ -111.94615, 41.156618 ], [ -111.942655, 41.153499 ], [ -111.942609, 41.153462 ], [ -111.942145, 41.15326 ], [ -111.939087, 41.152593 ], [ -111.938865, 41.152603 ], [ -111.934441, 41.153934 ], [ -111.931639, 41.157619 ], [ -111.923008, 41.15925 ], [ -111.922782, 41.159323 ], [ -111.921952, 41.159876 ], [ -111.921657, 41.160268 ], [ -111.921382, 41.160897 ], [ -111.919418, 41.166047 ], [ -111.918436, 41.172818 ], [ -111.918238, 41.177534 ], [ -111.91856, 41.181119 ], [ -111.918622, 41.181119 ], [ -111.919253, 41.181142 ], [ -111.919676, 41.181102 ], [ -111.926345, 41.186351 ], [ -111.926271, 41.187473 ], [ -111.926962, 41.189153 ], [ -111.921372, 41.195169 ], [ -111.921198, 41.196079 ], [ -111.921282, 41.196823 ], [ -111.921968, 41.198158 ], [ -111.923145, 41.198973 ], [ -111.923779, 41.19913 ], [ -111.924601, 41.1993 ], [ -111.928807, 41.201843 ], [ -111.930576, 41.208336 ], [ -111.930097, 41.211307 ], [ -111.930077, 41.211664 ], [ -111.930058, 41.212777 ], [ -111.930058, 41.212799 ], [ -111.931308, 41.21409 ], [ -111.931817, 41.214614 ], [ -111.934314, 41.216625 ], [ -111.941757, 41.221043 ], [ -111.945984, 41.224228 ], [ -111.947127, 41.224361 ], [ -111.9476, 41.224367 ], [ -111.949876, 41.224397 ], [ -111.949965, 41.224398 ], [ -111.950352, 41.224286 ], [ -111.953983, 41.222337 ], [ -111.959351, 41.220438 ], [ -111.959704, 41.220214 ], [ -111.965729, 41.215995 ], [ -111.968208, 41.214056 ], [ -111.970668, 41.212145 ], [ -111.972492, 41.210532 ], [ -111.974585, 41.207881 ], [ -111.979308, 41.204371 ], [ -111.98496, 41.200639 ], [ -111.985574, 41.196302 ], [ -111.985621, 41.19578 ], [ -111.990044, 41.188437 ], [ -111.990269, 41.187764 ] ] ] } },
{ "type": "Feature", "properties": { "group_index": 0, "value": 300.0, "center": [ -111.95228076574404, 41.183639162557974 ], "point_id": 3 }, "geometry": { "type": "Polygon", "coordinates": [ [ [ -111.965562, 41.19034 ], [ -111.964047, 41.188707 ], [ -111.960805, 41.184075 ], [ -111.960611, 41.182055 ], [ -111.960763, 41.180683 ], [ -111.9594, 41.176911 ], [ -111.958807, 41.175554 ], [ -111.958666, 41.175428 ], [ -111.955222, 41.174227 ], [ -111.95245, 41.173004 ], [ -111.949923, 41.171352 ], [ -111.948254, 41.17087 ], [ -111.948081, 41.170927 ], [ -111.945859, 41.172716 ], [ -111.944636, 41.174375 ], [ -111.942756, 41.177243 ], [ -111.939348, 41.177353 ], [ -111.938575, 41.177142 ], [ -111.937272, 41.178266 ], [ -111.93719, 41.178522 ], [ -111.937167, 41.178674 ], [ -111.937625, 41.180614 ], [ -111.939712, 41.18543 ], [ -111.942259, 41.189563 ], [ -111.942395, 41.189736 ], [ -111.943633, 41.190996 ], [ -111.945833, 41.193045 ], [ -111.945888, 41.193064 ], [ -111.948264, 41.193801 ], [ -111.952525, 41.195752 ], [ -111.95419, 41.196172 ], [ -111.956426, 41.196433 ], [ -111.960592, 41.194127 ], [ -111.964009, 41.192307 ], [ -111.965205, 41.191004 ], [ -111.96556, 41.190441 ], [ -111.965562, 41.19034 ] ] ] } },
{ "type": "Feature", "properties": { "group_index": 0, "value": 600.0, "center": [ -111.95228076574404, 41.183639162557974 ], "point_id": 3 }, "geometry": { "type": "Polygon", "coordinates": [ [ [ -111.98183, 41.192279 ], [ -111.98209, 41.191099 ], [ -111.98143, 41.189508 ], [ -111.981388, 41.189485 ], [ -111.978055, 41.186994 ], [ -111.975376, 41.181349 ], [ -111.973232, 41.178682 ], [ -111.971463, 41.177512 ], [ -111.965568, 41.171787 ], [ -111.964578, 41.170384 ], [ -111.961329, 41.164722 ], [ -111.960186, 41.163384 ], [ -111.95808, 41.161958 ], [ -111.957999, 41.161932 ], [ -111.949381, 41.160486 ], [ -111.948817, 41.160423 ], [ -111.948547, 41.16043 ], [ -111.941691, 41.160168 ], [ -111.939522, 41.159519 ], [ -111.939184, 41.159522 ], [ -111.933354, 41.164375 ], [ -111.927824, 41.169383 ], [ -111.925426, 41.173455 ], [ -111.9253, 41.175179 ], [ -111.926465, 41.179195 ], [ -111.93013, 41.185126 ], [ -111.929576, 41.18861 ], [ -111.929535, 41.189 ], [ -111.929696, 41.190201 ], [ -111.930415, 41.191741 ], [ -111.935211, 41.199085 ], [ -111.936847, 41.200365 ], [ -111.942936, 41.204307 ], [ -111.947796, 41.207534 ], [ -111.953792, 41.210808 ], [ -111.953913, 41.210815 ], [ -111.956521, 41.209553 ], [ -111.959965, 41.207702 ], [ -111.966756, 41.203613 ], [ -111.969641, 41.201543 ], [ -111.972296, 41.199623 ], [ -111.979874, 41.195291 ], [ -111.980633, 41.194793 ], [ -111.981325, 41.193906 ], [ -111.981674, 41.192983 ], [ -111.98183, 41.192279 ] ] ] } },
{ "type": "Feature", "properties": { "group_index": 0, "value": 900.0, "center": [ -111.95228076574404, 41.183639162557974 ], "point_id": 3 }, "geometry": { "type": "Polygon", "coordinates": [ [ [ -111.986543, 41.202127 ], [ -111.98694, 41.199072 ], [ -111.985725, 41.194632 ], [ -111.987385, 41.189938 ], [ -111.988337, 41.187865 ], [ -111.993217, 41.182897 ], [ -111.991655, 41.179653 ], [ -111.989193, 41.177327 ], [ -111.985926, 41.174341 ], [ -111.983606, 41.172513 ], [ -111.981249, 41.170688 ], [ -111.97704, 41.164133 ], [ -111.976827, 41.163862 ], [ -111.975647, 41.163077 ], [ -111.968919, 41.15783 ], [ -111.96271, 41.157978 ], [ -111.958893, 41.154837 ], [ -111.95867, 41.154676 ], [ -111.955373, 41.152414 ], [ -111.955023, 41.152237 ], [ -111.948108, 41.149409 ], [ -111.944658, 41.148093 ], [ -111.941949, 41.147929 ], [ -111.933195, 41.147714 ], [ -111.929701, 41.148153 ], [ -111.928221, 41.149753 ], [ -111.922837, 41.155777 ], [ -111.921518, 41.15732 ], [ -111.917647, 41.162056 ], [ -111.916678, 41.164337 ], [ -111.916474, 41.171078 ], [ -111.91574, 41.177068 ], [ -111.916, 41.179322 ], [ -111.91649, 41.180589 ], [ -111.917793, 41.181021 ], [ -111.918622, 41.181119 ], [ -111.919253, 41.181142 ], [ -111.919676, 41.181102 ], [ -111.920632, 41.180905 ], [ -111.925003, 41.181652 ], [ -111.927238, 41.189583 ], [ -111.927268, 41.189773 ], [ -111.926457, 41.195927 ], [ -111.930183, 41.203058 ], [ -111.930529, 41.204154 ], [ -111.93082, 41.204759 ], [ -111.935295, 41.212364 ], [ -111.936323, 41.213622 ], [ -111.939093, 41.2158 ], [ -111.945999, 41.220034 ], [ -111.953344, 41.224321 ], [ -111.953631, 41.224442 ], [ -111.953691, 41.224442 ], [ -111.954006, 41.22433 ], [ -111.959414, 41.221911 ], [ -111.961973, 41.220244 ], [ -111.968154, 41.216128 ], [ -111.970714, 41.214089 ], [ -111.974173, 41.21156 ], [ -111.979375, 41.208959 ], [ -111.983544, 41.205889 ], [ -111.986215, 41.20384 ], [ -111.986353, 41.203643 ], [ -111.986543, 41.202127 ] ] ] } },
{ "type": "Feature", "properties": { "group_index": 0, "value": 300.0, "center": [ -111.94651800804769, 41.18168263281762 ], "point_id": 5 }, "geometry": { "type": "Polygon", "coordinates": [ [ [ -111.958411, 41.188553 ], [ -111.956685, 41.186809 ], [ -111.959656, 41.182547 ], [ -111.960522, 41.1821 ], [ -111.96072, 41.180592 ], [ -111.960625, 41.180392 ], [ -111.958926, 41.177046 ], [ -111.957923, 41.175701 ], [ -111.956744, 41.174101 ], [ -111.95648, 41.173793 ], [ -111.956394, 41.173699 ], [ -111.956043, 41.173344 ], [ -111.954153, 41.173442 ], [ -111.949259, 41.170563 ], [ -111.948927, 41.170155 ], [ -111.944562, 41.169696 ], [ -111.942789, 41.169808 ], [ -111.942484, 41.169986 ], [ -111.941364, 41.173288 ], [ -111.939603, 41.17481 ], [ -111.93533, 41.174572 ], [ -111.934977, 41.174557 ], [ -111.934772, 41.174558 ], [ -111.933719, 41.174522 ], [ -111.933251, 41.174527 ], [ -111.930382, 41.179677 ], [ -111.931122, 41.180104 ], [ -111.931667, 41.180366 ], [ -111.932236, 41.180555 ], [ -111.933542, 41.181254 ], [ -111.935622, 41.186853 ], [ -111.934725, 41.189083 ], [ -111.935141, 41.189913 ], [ -111.935602, 41.190453 ], [ -111.940494, 41.193508 ], [ -111.940508, 41.193515 ], [ -111.945767, 41.194607 ], [ -111.947634, 41.19449 ], [ -111.949004, 41.193658 ], [ -111.953706, 41.191959 ], [ -111.953989, 41.191897 ], [ -111.956647, 41.190408 ], [ -111.958412, 41.188566 ], [ -111.958411, 41.188553 ] ] ] } },
{ "type": "Feature", "properties": { "group_index": 0, "value": 600.0, "center": [ -111.94651800804769, 41.18168263281762 ], "point_id": 5 }, "geometry": { "type": "Polygon", "coordinates": [ [ [ -111.974857, 41.189876 ], [ -111.975373, 41.18155 ], [ -111.975374, 41.181504 ], [ -111.97323, 41.178838 ], [ -111.971463, 41.177512 ], [ -111.971243, 41.177507 ], [ -111.968682, 41.177715 ], [ -111.96573, 41.170383 ], [ -111.965489, 41.168647 ], [ -111.96018, 41.162217 ], [ -111.957286, 41.161229 ], [ -111.957285, 41.161229 ], [ -111.950278, 41.161158 ], [ -111.947692, 41.160599 ], [ -111.941542, 41.159147 ], [ -111.939774, 41.158706 ], [ -111.938015, 41.158402 ], [ -111.937871, 41.158472 ], [ -111.937341, 41.159502 ], [ -111.930052, 41.164032 ], [ -111.927039, 41.164284 ], [ -111.924059, 41.166304 ], [ -111.922365, 41.169427 ], [ -111.921432, 41.171925 ], [ -111.922575, 41.180127 ], [ -111.922649, 41.180123 ], [ -111.923999, 41.180142 ], [ -111.924481, 41.180115 ], [ -111.924902, 41.180028 ], [ -111.931825, 41.182615 ], [ -111.931743, 41.186526 ], [ -111.929169, 41.190892 ], [ -111.928997, 41.191343 ], [ -111.928542, 41.192293 ], [ -111.92814, 41.193871 ], [ -111.928169, 41.193969 ], [ -111.930788, 41.199069 ], [ -111.93167, 41.200022 ], [ -111.931806, 41.200129 ], [ -111.932808, 41.20059 ], [ -111.939181, 41.201179 ], [ -111.943269, 41.20432 ], [ -111.948129, 41.207538 ], [ -111.948344, 41.207609 ], [ -111.948345, 41.207609 ], [ -111.949399, 41.207554 ], [ -111.951783, 41.205645 ], [ -111.958135, 41.202693 ], [ -111.964288, 41.199504 ], [ -111.969635, 41.195651 ], [ -111.972716, 41.193616 ], [ -111.973986, 41.192355 ], [ -111.974152, 41.192106 ], [ -111.974828, 41.190565 ], [ -111.974857, 41.189876 ] ] ] } },
{ "type": "Feature", "properties": { "group_index": 0, "value": 900.0, "center": [ -111.94651800804769, 41.18168263281762 ], "point_id": 5 }, "geometry": { "type": "Polygon", "coordinates": [ [ [ -111.989376, 41.190539 ], [ -111.989412, 41.190427 ], [ -111.989787, 41.181805 ], [ -111.990265, 41.181093 ], [ -111.990382, 41.18078 ], [ -111.988118, 41.176945 ], [ -111.987283, 41.175963 ], [ -111.985719, 41.17434 ], [ -111.983399, 41.172513 ], [ -111.981042, 41.170687 ], [ -111.978393, 41.163463 ], [ -111.977851, 41.162774 ], [ -111.972433, 41.160843 ], [ -111.969593, 41.157925 ], [ -111.968324, 41.157194 ], [ -111.962197, 41.157759 ], [ -111.959039, 41.155063 ], [ -111.958893, 41.154837 ], [ -111.95867, 41.154676 ], [ -111.956879, 41.153283 ], [ -111.954624, 41.151631 ], [ -111.94976, 41.148379 ], [ -111.949347, 41.148314 ], [ -111.947259, 41.148033 ], [ -111.943764, 41.147643 ], [ -111.935596, 41.147678 ], [ -111.931183, 41.146794 ], [ -111.927805, 41.148083 ], [ -111.922394, 41.152762 ], [ -111.916067, 41.155093 ], [ -111.914989, 41.1553 ], [ -111.914526, 41.15576 ], [ -111.91289, 41.157647 ], [ -111.912975, 41.160195 ], [ -111.913407, 41.16424 ], [ -111.912964, 41.170564 ], [ -111.911162, 41.177094 ], [ -111.912961, 41.180212 ], [ -111.915649, 41.180568 ], [ -111.917793, 41.181021 ], [ -111.918622, 41.181119 ], [ -111.919253, 41.181142 ], [ -111.919676, 41.181102 ], [ -111.926345, 41.186351 ], [ -111.926271, 41.187473 ], [ -111.926962, 41.189153 ], [ -111.924446, 41.195617 ], [ -111.921219, 41.196425 ], [ -111.921282, 41.196823 ], [ -111.921968, 41.198158 ], [ -111.923145, 41.198973 ], [ -111.923779, 41.19913 ], [ -111.924601, 41.1993 ], [ -111.928807, 41.201843 ], [ -111.930813, 41.206743 ], [ -111.931644, 41.208039 ], [ -111.9353, 41.212113 ], [ -111.936656, 41.213626 ], [ -111.939945, 41.215805 ], [ -111.946333, 41.220038 ], [ -111.946897, 41.220045 ], [ -111.950029, 41.219731 ], [ -111.954577, 41.218047 ], [ -111.959458, 41.216142 ], [ -111.959681, 41.216021 ], [ -111.962455, 41.214075 ], [ -111.9654, 41.211954 ], [ -111.968286, 41.209887 ], [ -111.971098, 41.207866 ], [ -111.97309, 41.206409 ], [ -111.979604, 41.202865 ], [ -111.983306, 41.200627 ], [ -111.987366, 41.196472 ], [ -111.989376, 41.190539 ] ] ] } },
{ "type": "Feature", "properties": { "group_index": 0, "value": 300.0, "center": [ -111.90199423712079, 40.881634554978696 ], "point_id": 7 }, "geometry": { "type": "Polygon", "coordinates": [ [ [ -111.914274, 40.884044 ], [ -111.912642, 40.882322 ], [ -111.911522, 40.876519 ], [ -111.911506, 40.872919 ], [ -111.908095, 40.871052 ], [ -111.905948, 40.869637 ], [ -111.902725, 40.866774 ], [ -111.901929, 40.866448 ], [ -111.901907, 40.866448 ], [ -111.900976, 40.867166 ], [ -111.900239, 40.868144 ], [ -111.900128, 40.868283 ], [ -111.900128, 40.868288 ], [ -111.900128, 40.868289 ], [ -111.900128, 40.868293 ], [ -111.897196, 40.872153 ], [ -111.89531, 40.872031 ], [ -111.895147, 40.872025 ], [ -111.893304, 40.872918 ], [ -111.892022, 40.873828 ], [ -111.891966, 40.874479 ], [ -111.891621, 40.879075 ], [ -111.890423, 40.880467 ], [ -111.887218, 40.882455 ], [ -111.885552, 40.884257 ], [ -111.885552, 40.884354 ], [ -111.887227, 40.886055 ], [ -111.887733, 40.886434 ], [ -111.889446, 40.887735 ], [ -111.890755, 40.888703 ], [ -111.892132, 40.889725 ], [ -111.892228, 40.889725 ], [ -111.89602, 40.888265 ], [ -111.89935, 40.891407 ], [ -111.900233, 40.892239 ], [ -111.901592, 40.8937 ], [ -111.902045, 40.893697 ], [ -111.903833, 40.892239 ], [ -111.907252, 40.887461 ], [ -111.912301, 40.886092 ], [ -111.91236, 40.886079 ], [ -111.91266, 40.885922 ], [ -111.913441, 40.885286 ], [ -111.914273, 40.884055 ], [ -111.914274, 40.884044 ] ] ] } },
{ "type": "Feature", "properties": { "group_index": 0, "value": 600.0, "center": [ -111.90199423712079, 40.881634554978696 ], "point_id": 7 }, "geometry": { "type": "Polygon", "coordinates": [ [ [ -111.931775, 40.883645 ], [ -111.930467, 40.882228 ], [ -111.930283, 40.874313 ], [ -111.930283, 40.87381 ], [ -111.929349, 40.872891 ], [ -111.928904, 40.872515 ], [ -111.922016, 40.867179 ], [ -111.916314, 40.862413 ], [ -111.912133, 40.859828 ], [ -111.907465, 40.855182 ], [ -111.907024, 40.855161 ], [ -111.90589, 40.855265 ], [ -111.897397, 40.857387 ], [ -111.896215, 40.857772 ], [ -111.895704, 40.858179 ], [ -111.890569, 40.862389 ], [ -111.883057, 40.86676 ], [ -111.881945, 40.867565 ], [ -111.879657, 40.869405 ], [ -111.876278, 40.873084 ], [ -111.871113, 40.880206 ], [ -111.868108, 40.883875 ], [ -111.868113, 40.884258 ], [ -111.868286, 40.884816 ], [ -111.869384, 40.88611 ], [ -111.873267, 40.889136 ], [ -111.875745, 40.891105 ], [ -111.881678, 40.895469 ], [ -111.885788, 40.898484 ], [ -111.889383, 40.901452 ], [ -111.890379, 40.90222 ], [ -111.890688, 40.902221 ], [ -111.897996, 40.904232 ], [ -111.901199, 40.906896 ], [ -111.901887, 40.906902 ], [ -111.902157, 40.906903 ], [ -111.902867, 40.906904 ], [ -111.903838, 40.90574 ], [ -111.905803, 40.9038 ], [ -111.911866, 40.900143 ], [ -111.91754, 40.895811 ], [ -111.922603, 40.892144 ], [ -111.927372, 40.88616 ], [ -111.929333, 40.885899 ], [ -111.929728, 40.885891 ], [ -111.930503, 40.885827 ], [ -111.931783, 40.884337 ], [ -111.931775, 40.883645 ] ] ] } },
{ "type": "Feature", "properties": { "group_index": 0, "value": 900.0, "center": [ -111.90199423712079, 40.881634554978696 ], "point_id": 7 }, "geometry": { "type": "Polygon", "coordinates": [ [ [ -111.941655, 40.884951 ], [ -111.941555, 40.884144 ], [ -111.940592, 40.881649 ], [ -111.939946, 40.878932 ], [ -111.939045, 40.876906 ], [ -111.941144, 40.869248 ], [ -111.941553, 40.868652 ], [ -111.941169, 40.866755 ], [ -111.940486, 40.864269 ], [ -111.940261, 40.864181 ], [ -111.939665, 40.864116 ], [ -111.931866, 40.86028 ], [ -111.931368, 40.859837 ], [ -111.926662, 40.856551 ], [ -111.920625, 40.851953 ], [ -111.915018, 40.847498 ], [ -111.91363, 40.845697 ], [ -111.911727, 40.844824 ], [ -111.911134, 40.844765 ], [ -111.910749, 40.844734 ], [ -111.910187, 40.844741 ], [ -111.908143, 40.844903 ], [ -111.899551, 40.846163 ], [ -111.896014, 40.847424 ], [ -111.892591, 40.848693 ], [ -111.892333, 40.848806 ], [ -111.890793, 40.849633 ], [ -111.889426, 40.850494 ], [ -111.884384, 40.853647 ], [ -111.87688, 40.857711 ], [ -111.874374, 40.859304 ], [ -111.870657, 40.862085 ], [ -111.869479, 40.863 ], [ -111.86265, 40.868695 ], [ -111.86169, 40.86953 ], [ -111.860848, 40.870483 ], [ -111.857886, 40.874272 ], [ -111.855812, 40.877214 ], [ -111.853061, 40.881238 ], [ -111.852884, 40.881615 ], [ -111.851644, 40.884898 ], [ -111.851548, 40.885154 ], [ -111.851547, 40.885598 ], [ -111.851547, 40.885816 ], [ -111.851634, 40.886157 ], [ -111.852586, 40.887459 ], [ -111.854881, 40.890181 ], [ -111.855034, 40.890332 ], [ -111.857491, 40.891684 ], [ -111.863647, 40.895831 ], [ -111.86647, 40.898215 ], [ -111.873743, 40.903408 ], [ -111.877019, 40.905973 ], [ -111.883072, 40.910817 ], [ -111.884109, 40.911488 ], [ -111.889826, 40.914082 ], [ -111.890605, 40.914413 ], [ -111.896816, 40.917193 ], [ -111.901711, 40.920161 ], [ -111.905033, 40.91812 ], [ -111.911994, 40.913849 ], [ -111.913842, 40.911788 ], [ -111.914963, 40.910645 ], [ -111.917681, 40.907554 ], [ -111.923648, 40.903389 ], [ -111.92556, 40.902903 ], [ -111.925982, 40.902478 ], [ -111.92573, 40.900452 ], [ -111.923813, 40.896686 ], [ -111.923734, 40.895541 ], [ -111.923441, 40.894713 ], [ -111.922603, 40.892144 ], [ -111.927372, 40.88616 ], [ -111.934238, 40.890421 ], [ -111.937535, 40.891866 ], [ -111.941031, 40.886565 ], [ -111.94144, 40.885906 ], [ -111.941655, 40.884951 ] ] ] } },
{ "type": "Feature", "properties": { "group_index": 0, "value": 300.0, "center": [ -111.88592112244777, 40.87474356413249 ], "point_id": 7 }, "geometry": { "type": "Polygon", "coordinates": [ [ [ -111.904352, 40.874689 ], [ -111.902651, 40.872935 ], [ -111.902357, 40.87264 ], [ -111.898832, 40.869419 ], [ -111.895791, 40.865168 ], [ -111.894968, 40.862439 ], [ -111.894884, 40.862412 ], [ -111.893242, 40.861887 ], [ -111.892624, 40.861703 ], [ -111.888362, 40.861708 ], [ -111.885921, 40.859888 ], [ -111.885894, 40.859886 ], [ -111.885894, 40.859886 ], [ -111.885866, 40.859884 ], [ -111.883802, 40.860978 ], [ -111.879072, 40.864594 ], [ -111.87469, 40.86822 ], [ -111.872482, 40.869199 ], [ -111.872273, 40.869292 ], [ -111.868692, 40.873987 ], [ -111.868616, 40.874528 ], [ -111.868617, 40.874558 ], [ -111.868791, 40.875552 ], [ -111.871158, 40.880407 ], [ -111.871835, 40.881324 ], [ -111.872259, 40.881369 ], [ -111.87649, 40.885142 ], [ -111.877022, 40.886086 ], [ -111.87824, 40.887005 ], [ -111.879635, 40.888055 ], [ -111.8801, 40.888385 ], [ -111.885742, 40.889447 ], [ -111.885802, 40.889443 ], [ -111.887318, 40.888231 ], [ -111.887979, 40.887743 ], [ -111.892118, 40.885112 ], [ -111.893493, 40.884605 ], [ -111.895057, 40.883151 ], [ -111.896819, 40.880735 ], [ -111.900199, 40.877191 ], [ -111.902669, 40.876535 ], [ -111.904352, 40.874752 ], [ -111.904352, 40.874689 ] ] ] } },
{ "type": "Feature", "properties": { "group_index": 0, "value": 600.0, "center": [ -111.88592112244777, 40.87474356413249 ], "point_id": 7 }, "geometry": { "type": "Polygon", "coordinates": [ [ [ -111.922159, 40.874678 ], [ -111.922045, 40.874414 ], [ -111.920468, 40.872889 ], [ -111.920362, 40.872798 ], [ -111.915951, 40.868916 ], [ -111.914956, 40.868151 ], [ -111.910498, 40.862586 ], [ -111.910049, 40.859829 ], [ -111.905905, 40.853774 ], [ -111.90445, 40.852174 ], [ -111.901894, 40.850831 ], [ -111.896001, 40.849282 ], [ -111.895549, 40.849284 ], [ -111.892743, 40.849645 ], [ -111.884985, 40.850283 ], [ -111.883467, 40.850395 ], [ -111.881053, 40.850929 ], [ -111.874883, 40.853669 ], [ -111.873939, 40.854227 ], [ -111.870801, 40.856652 ], [ -111.864588, 40.86087 ], [ -111.859433, 40.86491 ], [ -111.856949, 40.867233 ], [ -111.856234, 40.868032 ], [ -111.853641, 40.871016 ], [ -111.853541, 40.871136 ], [ -111.853538, 40.871214 ], [ -111.855776, 40.87899 ], [ -111.857623, 40.883905 ], [ -111.859175, 40.886129 ], [ -111.862416, 40.888777 ], [ -111.867119, 40.892371 ], [ -111.873438, 40.897256 ], [ -111.876591, 40.899625 ], [ -111.878823, 40.901285 ], [ -111.878983, 40.901386 ], [ -111.885514, 40.902913 ], [ -111.885601, 40.902913 ], [ -111.887684, 40.901439 ], [ -111.894327, 40.897188 ], [ -111.896234, 40.89562 ], [ -111.901986, 40.890217 ], [ -111.903829, 40.889489 ], [ -111.909326, 40.885939 ], [ -111.913592, 40.881283 ], [ -111.916339, 40.8799 ], [ -111.917894, 40.878935 ], [ -111.920484, 40.876489 ], [ -111.922058, 40.874823 ], [ -111.922159, 40.874707 ], [ -111.922159, 40.874678 ] ] ] } },
{ "type": "Feature", "properties": { "group_index": 0, "value": 900.0, "center": [ -111.88592112244777, 40.87474356413249 ], "point_id": 7 }, "geometry": { "type": "Polygon", "coordinates": [ [ [ -111.938631, 40.87303 ], [ -111.935794, 40.870015 ], [ -111.935503, 40.869901 ], [ -111.932562, 40.868659 ], [ -111.9286, 40.860993 ], [ -111.927884, 40.859822 ], [ -111.923555, 40.856549 ], [ -111.920897, 40.854504 ], [ -111.920622, 40.854498 ], [ -111.912366, 40.852948 ], [ -111.915548, 40.846535 ], [ -111.916201, 40.84573 ], [ -111.916256, 40.845596 ], [ -111.916189, 40.844506 ], [ -111.916172, 40.844458 ], [ -111.916136, 40.844367 ], [ -111.916114, 40.84432 ], [ -111.913238, 40.840556 ], [ -111.912431, 40.840064 ], [ -111.909467, 40.839441 ], [ -111.906965, 40.839052 ], [ -111.904036, 40.839277 ], [ -111.902068, 40.839511 ], [ -111.894277, 40.838933 ], [ -111.889199, 40.838975 ], [ -111.884201, 40.841145 ], [ -111.877297, 40.842403 ], [ -111.877248, 40.842411 ], [ -111.876421, 40.842549 ], [ -111.876298, 40.842604 ], [ -111.869649, 40.846486 ], [ -111.861743, 40.847644 ], [ -111.860607, 40.85106 ], [ -111.858026, 40.855508 ], [ -111.858, 40.855642 ], [ -111.8535, 40.860955 ], [ -111.849311, 40.8611 ], [ -111.845965, 40.862678 ], [ -111.840407, 40.863745 ], [ -111.839233, 40.867149 ], [ -111.84367, 40.874969 ], [ -111.84542, 40.883276 ], [ -111.84467, 40.888307 ], [ -111.844779, 40.889836 ], [ -111.846697, 40.892275 ], [ -111.848746, 40.894021 ], [ -111.852041, 40.896281 ], [ -111.855091, 40.897503 ], [ -111.861198, 40.902146 ], [ -111.865914, 40.905791 ], [ -111.871543, 40.909478 ], [ -111.877542, 40.913796 ], [ -111.878942, 40.914879 ], [ -111.878947, 40.914879 ], [ -111.878952, 40.914879 ], [ -111.878957, 40.91488 ], [ -111.884833, 40.914983 ], [ -111.885433, 40.914985 ], [ -111.886677, 40.914989 ], [ -111.886951, 40.914988 ], [ -111.887614, 40.914916 ], [ -111.892578, 40.910816 ], [ -111.896335, 40.908438 ], [ -111.902159, 40.904733 ], [ -111.903857, 40.903008 ], [ -111.910431, 40.89841 ], [ -111.91393, 40.89582 ], [ -111.918545, 40.892474 ], [ -111.921907, 40.889642 ], [ -111.927721, 40.885825 ], [ -111.931624, 40.881878 ], [ -111.934969, 40.87877 ], [ -111.937188, 40.875841 ], [ -111.937943, 40.874808 ], [ -111.938571, 40.873497 ], [ -111.938631, 40.87303 ] ] ] } },
{ "type": "Feature", "properties": { "group_index": 0, "value": 300.0, "center": [ -111.89228893817129, 40.86712801416483 ], "point_id": 7 }, "geometry": { "type": "Polygon", "coordinates": [ [ [ -111.907191, 40.861612 ], [ -111.904534, 40.858393 ], [ -111.901231, 40.854279 ], [ -111.901106, 40.854228 ], [ -111.900562, 40.854021 ], [ -111.900499, 40.854006 ], [ -111.89534, 40.854224 ], [ -111.894144, 40.853925 ], [ -111.892366, 40.853617 ], [ -111.891377, 40.853648 ], [ -111.890842, 40.854758 ], [ -111.887222, 40.857987 ], [ -111.885791, 40.858061 ], [ -111.884788, 40.858064 ], [ -111.880929, 40.860976 ], [ -111.879319, 40.865072 ], [ -111.879556, 40.870926 ], [ -111.879557, 40.871127 ], [ -111.880981, 40.873004 ], [ -111.884043, 40.877782 ], [ -111.887842, 40.878722 ], [ -111.890423, 40.880586 ], [ -111.892216, 40.882326 ], [ -111.892298, 40.882327 ], [ -111.893782, 40.881211 ], [ -111.897866, 40.877772 ], [ -111.900001, 40.876534 ], [ -111.901061, 40.874676 ], [ -111.901064, 40.87419 ], [ -111.899988, 40.872934 ], [ -111.898274, 40.870105 ], [ -111.898441, 40.865312 ], [ -111.903815, 40.863968 ], [ -111.905461, 40.863438 ], [ -111.907191, 40.861637 ], [ -111.907191, 40.861612 ] ] ] } },
{ "type": "Feature", "properties": { "group_index": 0, "value": 600.0, "center": [ -111.89228893817129, 40.86712801416483 ], "point_id": 7 }, "geometry": { "type": "Polygon", "coordinates": [ [ [ -111.924967, 40.861617 ], [ -111.92327, 40.859824 ], [ -111.922379, 40.859589 ], [ -111.916314, 40.855846 ], [ -111.914133, 40.851572 ], [ -111.913631, 40.847186 ], [ -111.913631, 40.846931 ], [ -111.909998, 40.841995 ], [ -111.909825, 40.841858 ], [ -111.909759, 40.84184 ], [ -111.903614, 40.841813 ], [ -111.902164, 40.842172 ], [ -111.893586, 40.844149 ], [ -111.890173, 40.843717 ], [ -111.887647, 40.843802 ], [ -111.887505, 40.843947 ], [ -111.879921, 40.848442 ], [ -111.872235, 40.85254 ], [ -111.868281, 40.856328 ], [ -111.867787, 40.856971 ], [ -111.864429, 40.86343 ], [ -111.861934, 40.870384 ], [ -111.863395, 40.873017 ], [ -111.868555, 40.879547 ], [ -111.870767, 40.882151 ], [ -111.874819, 40.886092 ], [ -111.878721, 40.889095 ], [ -111.880351, 40.890147 ], [ -111.884531, 40.892216 ], [ -111.892164, 40.895835 ], [ -111.89222, 40.895836 ], [ -111.892751, 40.89576 ], [ -111.892803, 40.895745 ], [ -111.894974, 40.89327 ], [ -111.895654, 40.892267 ], [ -111.900483, 40.886804 ], [ -111.903824, 40.886597 ], [ -111.905181, 40.88594 ], [ -111.91178, 40.880857 ], [ -111.913508, 40.87993 ], [ -111.913674, 40.879849 ], [ -111.915228, 40.87907 ], [ -111.917819, 40.876501 ], [ -111.918589, 40.874474 ], [ -111.918575, 40.874287 ], [ -111.917801, 40.872901 ], [ -111.917717, 40.867196 ], [ -111.922592, 40.863927 ], [ -111.923271, 40.863424 ], [ -111.924967, 40.861678 ], [ -111.924967, 40.861617 ] ] ] } },
{ "type": "Feature", "properties": { "group_index": 0, "value": 900.0, "center": [ -111.89228893817129, 40.86712801416483 ], "point_id": 7 }, "geometry": { "type": "Polygon", "coordinates": [ [ [ -111.942525, 40.860942 ], [ -111.939179, 40.857785 ], [ -111.934592, 40.854173 ], [ -111.93036, 40.850974 ], [ -111.928391, 40.850183 ], [ -111.927036, 40.841942 ], [ -111.925641, 40.840107 ], [ -111.925521, 40.840006 ], [ -111.924018, 40.839784 ], [ -111.923316, 40.839772 ], [ -111.921642, 40.840001 ], [ -111.91632, 40.833034 ], [ -111.916717, 40.832275 ], [ -111.917012, 40.831121 ], [ -111.916873, 40.830988 ], [ -111.913367, 40.830169 ], [ -111.905572, 40.831505 ], [ -111.905569, 40.831505 ], [ -111.903085, 40.832722 ], [ -111.897353, 40.834515 ], [ -111.893753, 40.834544 ], [ -111.887864, 40.832328 ], [ -111.882388, 40.833328 ], [ -111.881531, 40.834866 ], [ -111.88149, 40.836204 ], [ -111.874656, 40.841662 ], [ -111.874256, 40.841598 ], [ -111.866598, 40.845457 ], [ -111.85955, 40.847173 ], [ -111.859372, 40.847209 ], [ -111.858595, 40.847805 ], [ -111.858413, 40.848075 ], [ -111.857517, 40.850295 ], [ -111.857206, 40.855095 ], [ -111.856025, 40.85884 ], [ -111.849988, 40.864421 ], [ -111.849511, 40.864807 ], [ -111.845335, 40.867515 ], [ -111.845319, 40.867532 ], [ -111.845711, 40.870245 ], [ -111.850109, 40.876341 ], [ -111.850588, 40.876945 ], [ -111.855404, 40.884498 ], [ -111.857444, 40.887297 ], [ -111.859847, 40.889248 ], [ -111.866901, 40.894054 ], [ -111.867859, 40.894728 ], [ -111.869432, 40.89581 ], [ -111.871552, 40.897255 ], [ -111.876792, 40.901638 ], [ -111.878334, 40.902725 ], [ -111.884808, 40.906003 ], [ -111.885186, 40.906073 ], [ -111.888063, 40.906388 ], [ -111.891663, 40.906415 ], [ -111.891676, 40.904681 ], [ -111.897084, 40.899226 ], [ -111.901521, 40.901462 ], [ -111.902166, 40.901496 ], [ -111.902606, 40.9015 ], [ -111.904415, 40.900237 ], [ -111.910086, 40.895823 ], [ -111.913646, 40.893427 ], [ -111.917721, 40.890629 ], [ -111.923182, 40.885866 ], [ -111.92908, 40.879778 ], [ -111.931792, 40.878968 ], [ -111.93418, 40.877524 ], [ -111.936366, 40.875118 ], [ -111.936478, 40.874884 ], [ -111.936538, 40.874636 ], [ -111.936071, 40.873 ], [ -111.936881, 40.865986 ], [ -111.939391, 40.864472 ], [ -111.941398, 40.863231 ], [ -111.942569, 40.861155 ], [ -111.942525, 40.860942 ] ] ] } },
{ "type": "Feature", "properties": { "group_index": 0, "value": 300.0, "center": [ -111.89631315763577, 40.86160401160543 ], "point_id": 7 }, "geometry": { "type": "Polygon", "coordinates": [ [ [ -111.915126, 40.861268 ], [ -111.913807, 40.859827 ], [ -111.9104, 40.856733 ], [ -111.908781, 40.853104 ], [ -111.906499, 40.849276 ], [ -111.901948, 40.847931 ], [ -111.901771, 40.847931 ], [ -111.896001, 40.849282 ], [ -111.895275, 40.849285 ], [ -111.890511, 40.851353 ], [ -111.886569, 40.853646 ], [ -111.884235, 40.856279 ], [ -111.881255, 40.858177 ], [ -111.878956, 40.859632 ], [ -111.878502, 40.863494 ], [ -111.879283, 40.865204 ], [ -111.87971, 40.866105 ], [ -111.879779, 40.866124 ], [ -111.881592, 40.866561 ], [ -111.884811, 40.871415 ], [ -111.886908, 40.873872 ], [ -111.887527, 40.874317 ], [ -111.890532, 40.874675 ], [ -111.894033, 40.87425 ], [ -111.898235, 40.872248 ], [ -111.902621, 40.870896 ], [ -111.903581, 40.870299 ], [ -111.905035, 40.868531 ], [ -111.907426, 40.863344 ], [ -111.908539, 40.863344 ], [ -111.912098, 40.863513 ], [ -111.912525, 40.863511 ], [ -111.913808, 40.863427 ], [ -111.915056, 40.86179 ], [ -111.915126, 40.861268 ] ] ] } },
{ "type": "Feature", "properties": { "group_index": 0, "value": 600.0, "center": [ -111.89631315763577, 40.86160401160543 ], "point_id": 7 }, "geometry": { "type": "Polygon", "coordinates": [ [ [ -111.931887, 40.862737 ], [ -111.931872, 40.861784 ], [ -111.931713, 40.859836 ], [ -111.927058, 40.856533 ], [ -111.921684, 40.852517 ], [ -111.921133, 40.85196 ], [ -111.920779, 40.851639 ], [ -111.920588, 40.851639 ], [ -111.914484, 40.845084 ], [ -111.916188, 40.84366 ], [ -111.916611, 40.841616 ], [ -111.916616, 40.841084 ], [ -111.916168, 40.84006 ], [ -111.914489, 40.838187 ], [ -111.912506, 40.83653 ], [ -111.912392, 40.836531 ], [ -111.904669, 40.837246 ], [ -111.90257, 40.83774 ], [ -111.894032, 40.839109 ], [ -111.889214, 40.839711 ], [ -111.888293, 40.839855 ], [ -111.887761, 40.8401 ], [ -111.887635, 40.840184 ], [ -111.882426, 40.844627 ], [ -111.875403, 40.848447 ], [ -111.874942, 40.848777 ], [ -111.868702, 40.853797 ], [ -111.86468, 40.858403 ], [ -111.863806, 40.866976 ], [ -111.866059, 40.871128 ], [ -111.866983, 40.872222 ], [ -111.869366, 40.874238 ], [ -111.873846, 40.880188 ], [ -111.874531, 40.881106 ], [ -111.880083, 40.886078 ], [ -111.88563, 40.888307 ], [ -111.892019, 40.889327 ], [ -111.892106, 40.889327 ], [ -111.89256, 40.889212 ], [ -111.894602, 40.887892 ], [ -111.901674, 40.884028 ], [ -111.901898, 40.883884 ], [ -111.904084, 40.882456 ], [ -111.91101, 40.878249 ], [ -111.914279, 40.876516 ], [ -111.919081, 40.872793 ], [ -111.924463, 40.868553 ], [ -111.931727, 40.863436 ], [ -111.931887, 40.862737 ] ] ] } },
{ "type": "Feature", "properties": { "group_index": 0, "value": 900.0, "center": [ -111.89631315763577, 40.86160401160543 ], "point_id": 7 }, "geometry": { "type": "Polygon", "coordinates": [ [ [ -111.944134, 40.863837 ], [ -111.944082, 40.857744 ], [ -111.943147, 40.854425 ], [ -111.941632, 40.852753 ], [ -111.940733, 40.852125 ], [ -111.939559, 40.8516 ], [ -111.93951, 40.851578 ], [ -111.938913, 40.85134 ], [ -111.93549, 40.849551 ], [ -111.935501, 40.841874 ], [ -111.935488, 40.841776 ], [ -111.934014, 40.840128 ], [ -111.930905, 40.83746 ], [ -111.929406, 40.83711 ], [ -111.928335, 40.837716 ], [ -111.927465, 40.838547 ], [ -111.92434, 40.839999 ], [ -111.921642, 40.840001 ], [ -111.91632, 40.833034 ], [ -111.916717, 40.832275 ], [ -111.917043, 40.830984 ], [ -111.917194, 40.830158 ], [ -111.917311, 40.829286 ], [ -111.917394, 40.828236 ], [ -111.917471, 40.826052 ], [ -111.917549, 40.823868 ], [ -111.913951, 40.82374 ], [ -111.905757, 40.8268 ], [ -111.902744, 40.826678 ], [ -111.902272, 40.826648 ], [ -111.902062, 40.826777 ], [ -111.900886, 40.82754 ], [ -111.892508, 40.829075 ], [ -111.890968, 40.829165 ], [ -111.884826, 40.828972 ], [ -111.881099, 40.829659 ], [ -111.880658, 40.829775 ], [ -111.876754, 40.834248 ], [ -111.871714, 40.838862 ], [ -111.868371, 40.84055 ], [ -111.868234, 40.840712 ], [ -111.863451, 40.845104 ], [ -111.856654, 40.845636 ], [ -111.855312, 40.845848 ], [ -111.855068, 40.846073 ], [ -111.854901, 40.84878 ], [ -111.855343, 40.849027 ], [ -111.856548, 40.857816 ], [ -111.854412, 40.860121 ], [ -111.851259, 40.865712 ], [ -111.850033, 40.867121 ], [ -111.849149, 40.871955 ], [ -111.849339, 40.872369 ], [ -111.849638, 40.872603 ], [ -111.850033, 40.872772 ], [ -111.854624, 40.876395 ], [ -111.856353, 40.879615 ], [ -111.856422, 40.879761 ], [ -111.856894, 40.880682 ], [ -111.857853, 40.882071 ], [ -111.85809, 40.882387 ], [ -111.861494, 40.885717 ], [ -111.864398, 40.887891 ], [ -111.868961, 40.89146 ], [ -111.875361, 40.896555 ], [ -111.877558, 40.898156 ], [ -111.878983, 40.899056 ], [ -111.885, 40.901418 ], [ -111.885443, 40.901509 ], [ -111.89241, 40.901725 ], [ -111.892803, 40.90133 ], [ -111.892886, 40.901197 ], [ -111.893208, 40.900635 ], [ -111.900716, 40.895787 ], [ -111.901586, 40.895783 ], [ -111.901776, 40.895737 ], [ -111.902007, 40.895651 ], [ -111.902547, 40.895041 ], [ -111.903828, 40.893728 ], [ -111.910891, 40.891638 ], [ -111.911769, 40.891657 ], [ -111.915277, 40.889498 ], [ -111.919642, 40.885885 ], [ -111.919623, 40.882285 ], [ -111.922669, 40.878084 ], [ -111.929785, 40.878017 ], [ -111.930002, 40.878018 ], [ -111.932577, 40.876426 ], [ -111.935611, 40.874395 ], [ -111.939628, 40.870315 ], [ -111.94404, 40.865525 ], [ -111.944094, 40.86542 ], [ -111.944134, 40.863837 ] ] ] } },
{ "type": "Feature", "properties": { "group_index": 0, "value": 300.0, "center": [ -111.90140228543007, 40.85521915669211 ], "point_id": 7 }, "geometry": { "type": "Polygon", "coordinates": [ [ [ -111.910124, 40.859829 ], [ -111.909834, 40.853874 ], [ -111.912039, 40.852815 ], [ -111.912964, 40.852628 ], [ -111.913658, 40.852456 ], [ -111.914263, 40.851424 ], [ -111.913631, 40.846663 ], [ -111.913149, 40.845862 ], [ -111.910194, 40.842048 ], [ -111.909666, 40.841813 ], [ -111.909495, 40.841765 ], [ -111.904122, 40.841871 ], [ -111.903466, 40.841648 ], [ -111.903418, 40.841649 ], [ -111.902405, 40.841971 ], [ -111.897972, 40.843364 ], [ -111.894784, 40.845681 ], [ -111.89205, 40.84618 ], [ -111.891681, 40.846348 ], [ -111.891636, 40.84638 ], [ -111.888439, 40.849842 ], [ -111.885606, 40.852506 ], [ -111.883612, 40.855163 ], [ -111.88361, 40.855368 ], [ -111.885061, 40.857246 ], [ -111.886914, 40.861012 ], [ -111.887216, 40.861918 ], [ -111.88753, 40.862857 ], [ -111.887559, 40.862892 ], [ -111.890765, 40.866734 ], [ -111.893207, 40.868028 ], [ -111.893401, 40.868029 ], [ -111.894185, 40.867855 ], [ -111.899442, 40.867788 ], [ -111.902169, 40.868548 ], [ -111.902169, 40.868548 ], [ -111.903841, 40.866865 ], [ -111.908672, 40.86437 ], [ -111.910122, 40.863429 ], [ -111.910124, 40.859829 ] ] ] } },
{ "type": "Feature", "properties": { "group_index": 0, "value": 600.0, "center": [ -111.90140228543007, 40.85521915669211 ], "point_id": 7 }, "geometry": { "type": "Polygon", "coordinates": [ [ [ -111.927959, 40.859822 ], [ -111.923629, 40.856549 ], [ -111.920924, 40.854504 ], [ -111.92312, 40.845811 ], [ -111.923311, 40.845811 ], [ -111.925989, 40.843707 ], [ -111.927589, 40.842048 ], [ -111.927591, 40.84193 ], [ -111.925995, 40.840107 ], [ -111.925875, 40.840009 ], [ -111.924018, 40.839784 ], [ -111.923105, 40.839768 ], [ -111.921642, 40.840001 ], [ -111.91632, 40.833034 ], [ -111.916717, 40.832275 ], [ -111.917043, 40.830984 ], [ -111.917172, 40.83029 ], [ -111.913632, 40.829632 ], [ -111.906516, 40.832284 ], [ -111.903166, 40.832099 ], [ -111.896898, 40.835175 ], [ -111.888879, 40.835548 ], [ -111.888583, 40.835514 ], [ -111.8885, 40.835516 ], [ -111.887996, 40.835665 ], [ -111.886757, 40.836354 ], [ -111.881702, 40.840332 ], [ -111.879452, 40.842702 ], [ -111.873251, 40.849052 ], [ -111.870632, 40.850737 ], [ -111.868178, 40.853371 ], [ -111.869315, 40.859915 ], [ -111.872598, 40.866398 ], [ -111.873668, 40.867817 ], [ -111.874952, 40.869397 ], [ -111.877034, 40.871626 ], [ -111.881668, 40.877706 ], [ -111.883048, 40.879273 ], [ -111.886555, 40.880391 ], [ -111.892263, 40.881986 ], [ -111.892306, 40.881985 ], [ -111.900138, 40.881209 ], [ -111.901993, 40.88158 ], [ -111.902235, 40.881644 ], [ -111.902365, 40.881667 ], [ -111.904346, 40.880077 ], [ -111.907688, 40.87773 ], [ -111.912873, 40.874952 ], [ -111.916119, 40.872049 ], [ -111.921769, 40.86705 ], [ -111.924285, 40.865885 ], [ -111.92796, 40.863422 ], [ -111.927959, 40.859822 ] ] ] } },
{ "type": "Feature", "properties": { "group_index": 0, "value": 900.0, "center": [ -111.90140228543007, 40.85521915669211 ], "point_id": 7 }, "geometry": { "type": "Polygon", "coordinates": [ [ [ -111.944493, 40.860309 ], [ -111.944492, 40.860017 ], [ -111.944369, 40.858472 ], [ -111.942103, 40.856788 ], [ -111.940569, 40.8553 ], [ -111.940386, 40.855054 ], [ -111.941118, 40.846274 ], [ -111.942585, 40.845254 ], [ -111.944188, 40.843296 ], [ -111.944227, 40.839697 ], [ -111.937919, 40.83395 ], [ -111.934602, 40.832552 ], [ -111.933971, 40.833499 ], [ -111.931572, 40.835806 ], [ -111.931326, 40.83621 ], [ -111.924018, 40.839784 ], [ -111.923105, 40.839768 ], [ -111.921642, 40.840001 ], [ -111.91632, 40.833034 ], [ -111.916717, 40.832275 ], [ -111.917043, 40.830984 ], [ -111.917172, 40.83029 ], [ -111.917119, 40.82828 ], [ -111.917628, 40.820502 ], [ -111.918921, 40.817353 ], [ -111.915883, 40.815421 ], [ -111.915709, 40.815448 ], [ -111.914351, 40.817634 ], [ -111.907277, 40.82161 ], [ -111.903952, 40.822494 ], [ -111.895987, 40.82442 ], [ -111.892579, 40.827214 ], [ -111.885007, 40.826759 ], [ -111.882058, 40.825752 ], [ -111.877971, 40.829037 ], [ -111.87775, 40.829236 ], [ -111.87731, 40.829661 ], [ -111.877026, 40.830273 ], [ -111.876572, 40.831762 ], [ -111.872668, 40.83664 ], [ -111.867436, 40.837676 ], [ -111.866854, 40.837758 ], [ -111.866484, 40.837884 ], [ -111.866067, 40.838119 ], [ -111.865623, 40.838516 ], [ -111.865201, 40.83924 ], [ -111.862445, 40.843933 ], [ -111.855359, 40.845057 ], [ -111.853924, 40.848359 ], [ -111.858, 40.855642 ], [ -111.857722, 40.857439 ], [ -111.857957, 40.865659 ], [ -111.860094, 40.873021 ], [ -111.861537, 40.875632 ], [ -111.861922, 40.875928 ], [ -111.868207, 40.88165 ], [ -111.870435, 40.884289 ], [ -111.870569, 40.884439 ], [ -111.872175, 40.886104 ], [ -111.873367, 40.887001 ], [ -111.874772, 40.888063 ], [ -111.876175, 40.889121 ], [ -111.879699, 40.89179 ], [ -111.880307, 40.892228 ], [ -111.885537, 40.894301 ], [ -111.89189, 40.89536 ], [ -111.892022, 40.895376 ], [ -111.892222, 40.895388 ], [ -111.892355, 40.895389 ], [ -111.894033, 40.893715 ], [ -111.902048, 40.891899 ], [ -111.902393, 40.891915 ], [ -111.90275, 40.891897 ], [ -111.903236, 40.89185 ], [ -111.911536, 40.888954 ], [ -111.911758, 40.888955 ], [ -111.913561, 40.888716 ], [ -111.917204, 40.884652 ], [ -111.922669, 40.878084 ], [ -111.928428, 40.876493 ], [ -111.93556, 40.871418 ], [ -111.937808, 40.86945 ], [ -111.942758, 40.864248 ], [ -111.943728, 40.86247 ], [ -111.944247, 40.861148 ], [ -111.944493, 40.860309 ] ] ] } },
{ "type": "Feature", "properties": { "group_index": 0, "value": 300.0, "center": [ -111.90671596841368, 40.84841602008888 ], "point_id": 7 }, "geometry": { "type": "Polygon", "coordinates": [ [ [ -111.919923, 40.842274 ], [ -111.918658, 40.84009 ], [ -111.914962, 40.836215 ], [ -111.911856, 40.835048 ], [ -111.911524, 40.835149 ], [ -111.908853, 40.836026 ], [ -111.907739, 40.836471 ], [ -111.905553, 40.837799 ], [ -111.900645, 40.839637 ], [ -111.899932, 40.84 ], [ -111.899673, 40.840513 ], [ -111.899571, 40.841425 ], [ -111.897534, 40.845172 ], [ -111.893713, 40.844782 ], [ -111.893576, 40.844686 ], [ -111.892485, 40.844954 ], [ -111.891205, 40.845223 ], [ -111.890456, 40.84588 ], [ -111.890071, 40.846615 ], [ -111.889939, 40.847039 ], [ -111.889382, 40.849173 ], [ -111.890778, 40.852413 ], [ -111.893317, 40.856107 ], [ -111.894026, 40.857065 ], [ -111.896782, 40.861135 ], [ -111.897022, 40.861239 ], [ -111.898587, 40.861562 ], [ -111.901204, 40.861961 ], [ -111.901318, 40.861969 ], [ -111.902717, 40.861685 ], [ -111.902921, 40.861463 ], [ -111.904284, 40.859581 ], [ -111.905109, 40.857134 ], [ -111.910072, 40.857956 ], [ -111.911859, 40.859501 ], [ -111.912121, 40.859503 ], [ -111.912541, 40.859163 ], [ -111.913672, 40.857956 ], [ -111.913672, 40.857701 ], [ -111.913673, 40.854835 ], [ -111.911983, 40.851071 ], [ -111.913161, 40.847662 ], [ -111.914348, 40.846209 ], [ -111.918641, 40.84369 ], [ -111.919861, 40.842555 ], [ -111.919923, 40.842274 ] ] ] } },
{ "type": "Feature", "properties": { "group_index": 0, "value": 600.0, "center": [ -111.90671596841368, 40.84841602008888 ], "point_id": 7 }, "geometry": { "type": "Polygon", "coordinates": [ [ [ -111.938275, 40.841864 ], [ -111.934033, 40.836885 ], [ -111.934005, 40.836878 ], [ -111.931981, 40.837707 ], [ -111.929367, 40.838395 ], [ -111.92434, 40.839999 ], [ -111.921642, 40.840001 ], [ -111.91632, 40.833034 ], [ -111.916717, 40.832275 ], [ -111.917043, 40.830984 ], [ -111.917194, 40.830158 ], [ -111.917311, 40.829286 ], [ -111.917394, 40.828236 ], [ -111.917484, 40.825686 ], [ -111.917571, 40.823206 ], [ -111.917657, 40.822052 ], [ -111.917508, 40.82189 ], [ -111.913921, 40.82158 ], [ -111.913795, 40.822109 ], [ -111.913662, 40.823618 ], [ -111.905758, 40.826803 ], [ -111.903231, 40.826853 ], [ -111.901781, 40.826989 ], [ -111.894876, 40.831435 ], [ -111.887251, 40.834379 ], [ -111.886326, 40.834589 ], [ -111.885082, 40.834916 ], [ -111.879229, 40.840357 ], [ -111.879003, 40.840578 ], [ -111.877333, 40.848048 ], [ -111.875454, 40.853499 ], [ -111.87545, 40.853623 ], [ -111.877502, 40.857259 ], [ -111.880317, 40.863659 ], [ -111.88065, 40.863911 ], [ -111.887167, 40.870086 ], [ -111.888181, 40.871948 ], [ -111.888365, 40.87225 ], [ -111.888931, 40.872828 ], [ -111.892126, 40.874062 ], [ -111.892253, 40.87406 ], [ -111.898175, 40.873021 ], [ -111.902122, 40.874094 ], [ -111.902167, 40.874094 ], [ -111.904505, 40.872581 ], [ -111.911888, 40.872809 ], [ -111.912366, 40.87282 ], [ -111.913689, 40.871908 ], [ -111.91678, 40.869155 ], [ -111.918049, 40.867427 ], [ -111.924852, 40.863423 ], [ -111.925647, 40.862306 ], [ -111.925856, 40.861417 ], [ -111.925858, 40.861128 ], [ -111.924851, 40.859823 ], [ -111.922389, 40.853078 ], [ -111.927488, 40.849613 ], [ -111.927753, 40.849613 ], [ -111.92888, 40.849259 ], [ -111.930808, 40.847921 ], [ -111.931795, 40.847309 ], [ -111.936475, 40.843735 ], [ -111.938275, 40.841866 ], [ -111.938275, 40.841864 ] ] ] } },
{ "type": "Feature", "properties": { "group_index": 0, "value": 900.0, "center": [ -111.90671596841368, 40.84841602008888 ], "point_id": 7 }, "geometry": { "type": "Polygon", "coordinates": [ [ [ -111.955916, 40.841628 ], [ -111.95414, 40.840153 ], [ -111.946314, 40.83651 ], [ -111.945632, 40.835716 ], [ -111.942485, 40.829788 ], [ -111.941018, 40.827943 ], [ -111.939236, 40.825714 ], [ -111.935643, 40.825483 ], [ -111.932684, 40.829431 ], [ -111.932145, 40.830175 ], [ -111.932336, 40.832763 ], [ -111.929367, 40.838395 ], [ -111.92434, 40.839999 ], [ -111.921642, 40.840001 ], [ -111.91632, 40.833034 ], [ -111.916717, 40.832275 ], [ -111.917043, 40.830984 ], [ -111.917194, 40.830158 ], [ -111.917311, 40.829286 ], [ -111.917394, 40.828236 ], [ -111.917484, 40.825686 ], [ -111.917571, 40.823206 ], [ -111.917657, 40.822052 ], [ -111.919887, 40.815813 ], [ -111.920221, 40.815106 ], [ -111.920522, 40.814111 ], [ -111.920571, 40.812328 ], [ -111.920355, 40.810538 ], [ -111.92025, 40.809483 ], [ -111.920168, 40.80862 ], [ -111.918268, 40.808552 ], [ -111.917473, 40.808579 ], [ -111.916584, 40.808961 ], [ -111.916462, 40.80989 ], [ -111.914886, 40.816046 ], [ -111.914351, 40.817634 ], [ -111.914129, 40.818092 ], [ -111.913937, 40.818631 ], [ -111.905256, 40.820465 ], [ -111.901639, 40.82002 ], [ -111.893084, 40.822741 ], [ -111.891955, 40.82368 ], [ -111.884656, 40.825266 ], [ -111.882838, 40.824653 ], [ -111.881657, 40.824906 ], [ -111.87622, 40.827854 ], [ -111.874522, 40.831029 ], [ -111.874926, 40.836088 ], [ -111.868678, 40.837894 ], [ -111.868158, 40.837746 ], [ -111.867436, 40.837676 ], [ -111.866854, 40.837758 ], [ -111.866484, 40.837884 ], [ -111.866067, 40.838119 ], [ -111.865623, 40.838516 ], [ -111.865201, 40.83924 ], [ -111.865071, 40.84005 ], [ -111.865206, 40.840741 ], [ -111.863749, 40.84786 ], [ -111.861998, 40.849566 ], [ -111.861997, 40.849573 ], [ -111.864589, 40.85795 ], [ -111.864789, 40.859117 ], [ -111.866266, 40.86721 ], [ -111.867189, 40.869119 ], [ -111.867344, 40.869288 ], [ -111.870419, 40.872402 ], [ -111.875583, 40.879271 ], [ -111.876998, 40.881112 ], [ -111.879764, 40.884124 ], [ -111.880718, 40.884631 ], [ -111.885584, 40.886453 ], [ -111.89209, 40.887379 ], [ -111.892535, 40.887297 ], [ -111.898993, 40.885869 ], [ -111.903327, 40.88421 ], [ -111.910852, 40.88604 ], [ -111.911815, 40.886695 ], [ -111.911865, 40.886693 ], [ -111.912846, 40.885921 ], [ -111.913564, 40.884942 ], [ -111.920579, 40.879918 ], [ -111.921605, 40.879875 ], [ -111.925452, 40.876494 ], [ -111.930772, 40.872403 ], [ -111.934508, 40.869273 ], [ -111.938284, 40.865994 ], [ -111.942621, 40.863424 ], [ -111.943412, 40.861237 ], [ -111.943474, 40.860726 ], [ -111.943476, 40.860494 ], [ -111.942963, 40.859443 ], [ -111.944562, 40.850663 ], [ -111.944539, 40.850013 ], [ -111.947784, 40.842202 ], [ -111.952845, 40.843857 ], [ -111.95314, 40.843957 ], [ -111.95416, 40.843753 ], [ -111.955926, 40.841681 ], [ -111.955916, 40.841628 ] ] ] } },
{ "type": "Feature", "properties": { "group_index": 0, "value": 300.0, "center": [ -111.91023672950563, 40.84185300147015 ], "point_id": 7 }, "geometry": { "type": "Polygon", "coordinates": [ [ [ -111.928577, 40.841656 ], [ -111.928589, 40.841131 ], [ -111.928019, 40.840112 ], [ -111.927882, 40.840013 ], [ -111.926995, 40.83989 ], [ -111.92434, 40.839999 ], [ -111.921642, 40.840001 ], [ -111.920224, 40.841136 ], [ -111.918165, 40.841888 ], [ -111.91775, 40.841883 ], [ -111.914826, 40.836656 ], [ -111.91632, 40.833034 ], [ -111.916717, 40.832275 ], [ -111.917043, 40.830984 ], [ -111.917194, 40.830158 ], [ -111.917311, 40.829286 ], [ -111.917382, 40.8284 ], [ -111.913794, 40.828113 ], [ -111.912831, 40.829127 ], [ -111.912846, 40.829937 ], [ -111.907629, 40.832779 ], [ -111.906475, 40.832365 ], [ -111.903085, 40.832787 ], [ -111.899208, 40.836355 ], [ -111.895004, 40.837909 ], [ -111.894582, 40.838301 ], [ -111.894084, 40.84015 ], [ -111.893014, 40.844329 ], [ -111.892993, 40.844507 ], [ -111.894708, 40.847631 ], [ -111.895861, 40.849711 ], [ -111.897074, 40.850941 ], [ -111.901008, 40.852786 ], [ -111.903791, 40.855069 ], [ -111.904138, 40.854986 ], [ -111.910068, 40.854127 ], [ -111.911878, 40.854831 ], [ -111.913668, 40.854104 ], [ -111.916058, 40.849325 ], [ -111.921344, 40.848518 ], [ -111.921534, 40.84852 ], [ -111.922453, 40.847902 ], [ -111.923318, 40.847187 ], [ -111.928011, 40.843711 ], [ -111.928577, 40.841656 ] ] ] } },
{ "type": "Feature", "properties": { "group_index": 0, "value": 600.0, "center": [ -111.91023672950563, 40.84185300147015 ], "point_id": 7 }, "geometry": { "type": "Polygon", "coordinates": [ [ [ -111.946383, 40.840029 ], [ -111.94246, 40.838271 ], [ -111.938267, 40.832159 ], [ -111.93546, 40.830996 ], [ -111.935203, 40.831026 ], [ -111.934892, 40.831329 ], [ -111.934699, 40.831674 ], [ -111.933754, 40.833521 ], [ -111.931572, 40.835806 ], [ -111.931326, 40.83621 ], [ -111.929367, 40.838395 ], [ -111.92434, 40.839999 ], [ -111.921642, 40.840001 ], [ -111.91632, 40.833034 ], [ -111.916717, 40.832275 ], [ -111.917043, 40.830984 ], [ -111.917194, 40.830158 ], [ -111.917311, 40.829286 ], [ -111.917382, 40.8284 ], [ -111.917628, 40.820502 ], [ -111.919459, 40.816507 ], [ -111.916421, 40.814575 ], [ -111.916127, 40.814774 ], [ -111.914351, 40.817634 ], [ -111.907107, 40.821692 ], [ -111.906814, 40.821792 ], [ -111.905561, 40.822264 ], [ -111.897787, 40.825214 ], [ -111.897023, 40.825311 ], [ -111.896908, 40.825361 ], [ -111.896538, 40.825573 ], [ -111.890819, 40.83043 ], [ -111.885372, 40.834634 ], [ -111.884726, 40.835263 ], [ -111.884719, 40.835269 ], [ -111.884263, 40.835724 ], [ -111.883992, 40.836031 ], [ -111.88242, 40.844032 ], [ -111.881711, 40.849511 ], [ -111.882214, 40.852827 ], [ -111.885004, 40.857246 ], [ -111.886914, 40.861012 ], [ -111.892431, 40.866964 ], [ -111.892538, 40.867015 ], [ -111.894499, 40.866815 ], [ -111.901818, 40.866939 ], [ -111.910086, 40.867955 ], [ -111.913686, 40.867936 ], [ -111.916306, 40.866013 ], [ -111.919773, 40.863425 ], [ -111.922978, 40.860148 ], [ -111.929803, 40.855405 ], [ -111.930906, 40.854821 ], [ -111.931777, 40.854103 ], [ -111.937245, 40.849993 ], [ -111.942208, 40.847019 ], [ -111.943424, 40.845906 ], [ -111.945477, 40.843513 ], [ -111.946383, 40.840029 ] ] ] } },
{ "type": "Feature", "properties": { "group_index": 0, "value": 900.0, "center": [ -111.91023672950563, 40.84185300147015 ], "point_id": 7 }, "geometry": { "type": "Polygon", "coordinates": [ [ [ -111.960357, 40.840393 ], [ -111.960348, 40.836793 ], [ -111.954893, 40.834375 ], [ -111.954294, 40.834369 ], [ -111.953726, 40.834445 ], [ -111.952169, 40.836265 ], [ -111.944459, 40.834054 ], [ -111.944413, 40.831509 ], [ -111.94436, 40.831318 ], [ -111.944294, 40.831052 ], [ -111.9438, 40.83033 ], [ -111.942706, 40.822822 ], [ -111.942839, 40.822243 ], [ -111.942864, 40.821916 ], [ -111.942828, 40.821246 ], [ -111.942545, 40.820411 ], [ -111.939401, 40.818215 ], [ -111.938909, 40.81821 ], [ -111.93629, 40.818367 ], [ -111.936163, 40.819762 ], [ -111.93597, 40.821614 ], [ -111.933125, 40.828491 ], [ -111.930057, 40.829836 ], [ -111.926706, 40.829836 ], [ -111.926707, 40.833436 ], [ -111.921642, 40.840001 ], [ -111.91632, 40.833034 ], [ -111.916717, 40.832275 ], [ -111.917043, 40.830984 ], [ -111.917194, 40.830158 ], [ -111.917311, 40.829286 ], [ -111.917382, 40.8284 ], [ -111.917628, 40.820502 ], [ -111.919459, 40.816507 ], [ -111.920571, 40.812328 ], [ -111.922644, 40.806889 ], [ -111.922643, 40.806426 ], [ -111.922601, 40.805791 ], [ -111.92248, 40.80524 ], [ -111.922299, 40.804332 ], [ -111.920152, 40.802705 ], [ -111.918359, 40.801668 ], [ -111.915831, 40.802012 ], [ -111.913607, 40.804843 ], [ -111.914015, 40.810225 ], [ -111.914983, 40.812971 ], [ -111.914351, 40.817634 ], [ -111.906865, 40.817167 ], [ -111.906427, 40.816581 ], [ -111.906246, 40.816443 ], [ -111.904483, 40.815337 ], [ -111.900926, 40.816075 ], [ -111.90079, 40.816101 ], [ -111.8934, 40.820871 ], [ -111.890925, 40.822741 ], [ -111.884483, 40.824088 ], [ -111.880495, 40.82504 ], [ -111.876067, 40.827772 ], [ -111.874368, 40.830946 ], [ -111.873921, 40.83767 ], [ -111.870228, 40.841753 ], [ -111.869951, 40.842031 ], [ -111.869848, 40.842158 ], [ -111.870131, 40.84434 ], [ -111.870316, 40.850486 ], [ -111.868145, 40.853358 ], [ -111.869304, 40.859907 ], [ -111.872538, 40.866418 ], [ -111.873118, 40.867162 ], [ -111.874952, 40.869397 ], [ -111.876132, 40.87029 ], [ -111.880501, 40.87379 ], [ -111.883556, 40.878131 ], [ -111.883609, 40.878156 ], [ -111.892202, 40.880572 ], [ -111.892227, 40.880572 ], [ -111.892663, 40.880157 ], [ -111.901539, 40.88025 ], [ -111.901893, 40.880296 ], [ -111.909993, 40.881084 ], [ -111.913593, 40.881102 ], [ -111.9161, 40.879895 ], [ -111.917831, 40.878941 ], [ -111.920245, 40.87649 ], [ -111.924819, 40.872552 ], [ -111.931802, 40.867524 ], [ -111.933913, 40.865996 ], [ -111.940388, 40.861796 ], [ -111.944427, 40.859206 ], [ -111.945162, 40.85859 ], [ -111.94505, 40.856973 ], [ -111.944974, 40.855789 ], [ -111.944776, 40.853695 ], [ -111.944783, 40.853414 ], [ -111.944627, 40.851758 ], [ -111.944628, 40.851465 ], [ -111.944557, 40.850583 ], [ -111.944539, 40.850013 ], [ -111.945477, 40.843513 ], [ -111.949031, 40.841967 ], [ -111.953938, 40.844589 ], [ -111.956209, 40.846241 ], [ -111.957295, 40.846957 ], [ -111.957838, 40.847169 ], [ -111.958377, 40.846204 ], [ -111.960357, 40.840393 ] ] ] } },
{ "type": "Feature", "properties": { "group_index": 0, "value": 300.0, "center": [ -111.91599408100441, 40.80424516820155 ], "point_id": 7 }, "geometry": { "type": "Polygon", "coordinates": [ [ [ -111.924155, 40.808322 ], [ -111.923762, 40.807691 ], [ -111.922269, 40.802415 ], [ -111.922063, 40.801468 ], [ -111.921807, 40.80081 ], [ -111.921398, 40.800044 ], [ -111.920961, 40.799376 ], [ -111.919365, 40.797005 ], [ -111.918679, 40.79609 ], [ -111.9158, 40.798251 ], [ -111.910901, 40.799402 ], [ -111.909581, 40.797005 ], [ -111.909326, 40.796802 ], [ -111.907081, 40.799616 ], [ -111.907336, 40.799819 ], [ -111.910485, 40.800046 ], [ -111.912042, 40.803619 ], [ -111.912302, 40.807584 ], [ -111.912085, 40.808672 ], [ -111.912138, 40.809247 ], [ -111.912182, 40.810123 ], [ -111.91621, 40.814077 ], [ -111.915123, 40.815694 ], [ -111.915043, 40.81652 ], [ -111.918101, 40.818419 ], [ -111.92067, 40.817727 ], [ -111.922394, 40.813765 ], [ -111.924277, 40.808636 ], [ -111.924155, 40.808322 ] ] ] } },
{ "type": "Feature", "properties": { "group_index": 0, "value": 600.0, "center": [ -111.91599408100441, 40.80424516820155 ], "point_id": 7 }, "geometry": { "type": "Polygon", "coordinates": [ [ [ -111.93384, 40.814972 ], [ -111.930972, 40.813701 ], [ -111.924155, 40.808322 ], [ -111.922269, 40.802415 ], [ -111.922063, 40.801468 ], [ -111.924844, 40.792972 ], [ -111.925028, 40.792856 ], [ -111.92655, 40.791254 ], [ -111.926549, 40.791157 ], [ -111.925037, 40.789256 ], [ -111.920432, 40.785576 ], [ -111.916866, 40.78309 ], [ -111.916832, 40.783089 ], [ -111.909484, 40.785802 ], [ -111.903997, 40.786984 ], [ -111.900232, 40.78526 ], [ -111.900125, 40.785211 ], [ -111.899609, 40.784975 ], [ -111.899565, 40.784975 ], [ -111.895439, 40.788688 ], [ -111.896956, 40.790491 ], [ -111.898473, 40.792294 ], [ -111.899323, 40.793291 ], [ -111.899705, 40.793674 ], [ -111.900141, 40.794048 ], [ -111.902755, 40.796155 ], [ -111.904011, 40.797167 ], [ -111.907081, 40.799616 ], [ -111.907336, 40.799819 ], [ -111.912042, 40.803619 ], [ -111.912302, 40.807584 ], [ -111.912085, 40.808672 ], [ -111.912138, 40.809247 ], [ -111.912182, 40.810123 ], [ -111.915043, 40.81652 ], [ -111.913872, 40.820722 ], [ -111.912165, 40.827609 ], [ -111.91193, 40.828164 ], [ -111.913469, 40.829575 ], [ -111.915494, 40.830519 ], [ -111.91908, 40.830207 ], [ -111.919028, 40.829609 ], [ -111.918358, 40.827098 ], [ -111.918328, 40.82659 ], [ -111.918481, 40.824337 ], [ -111.925161, 40.818566 ], [ -111.926154, 40.818962 ], [ -111.933829, 40.818573 ], [ -111.93384, 40.818573 ], [ -111.93384, 40.814972 ] ] ] } },
{ "type": "Feature", "properties": { "group_index": 0, "value": 900.0, "center": [ -111.91599408100441, 40.80424516820155 ], "point_id": 7 }, "geometry": { "type": "Polygon", "coordinates": [ [ [ -111.940557, 40.821273 ], [ -111.939964, 40.817715 ], [ -111.941794, 40.80951 ], [ -111.941619, 40.806645 ], [ -111.940192, 40.805504 ], [ -111.938597, 40.797084 ], [ -111.939722, 40.795203 ], [ -111.941011, 40.793793 ], [ -111.941796, 40.792977 ], [ -111.942523, 40.791588 ], [ -111.942645, 40.791227 ], [ -111.942648, 40.790942 ], [ -111.942589, 40.790268 ], [ -111.941951, 40.788899 ], [ -111.941177, 40.788108 ], [ -111.940256, 40.787226 ], [ -111.93791, 40.785229 ], [ -111.932656, 40.780705 ], [ -111.926418, 40.776224 ], [ -111.923499, 40.774087 ], [ -111.917263, 40.769893 ], [ -111.916636, 40.769847 ], [ -111.916482, 40.769847 ], [ -111.916396, 40.769918 ], [ -111.913683, 40.771885 ], [ -111.911708, 40.773501 ], [ -111.903163, 40.772361 ], [ -111.90265, 40.771902 ], [ -111.902499, 40.771846 ], [ -111.899743, 40.771742 ], [ -111.899617, 40.77174 ], [ -111.89947, 40.77174 ], [ -111.89945, 40.77174 ], [ -111.892157, 40.773642 ], [ -111.890903, 40.774153 ], [ -111.890271, 40.774523 ], [ -111.884035, 40.778913 ], [ -111.883874, 40.77907 ], [ -111.883637, 40.779585 ], [ -111.883578, 40.779927 ], [ -111.883512, 40.780418 ], [ -111.884223, 40.781476 ], [ -111.885535, 40.783061 ], [ -111.889628, 40.786498 ], [ -111.891639, 40.787471 ], [ -111.898473, 40.792294 ], [ -111.899323, 40.793291 ], [ -111.899705, 40.793674 ], [ -111.900141, 40.794048 ], [ -111.902755, 40.796155 ], [ -111.904011, 40.797167 ], [ -111.907081, 40.799616 ], [ -111.907336, 40.799819 ], [ -111.912042, 40.803619 ], [ -111.912302, 40.807584 ], [ -111.912085, 40.808672 ], [ -111.912138, 40.809247 ], [ -111.912182, 40.810123 ], [ -111.915043, 40.81652 ], [ -111.913872, 40.820722 ], [ -111.912165, 40.827609 ], [ -111.90697, 40.833986 ], [ -111.906485, 40.834388 ], [ -111.904674, 40.836017 ], [ -111.904665, 40.836029 ], [ -111.905079, 40.838521 ], [ -111.90667, 40.841573 ], [ -111.906713, 40.841649 ], [ -111.909568, 40.844048 ], [ -111.909642, 40.844064 ], [ -111.912497, 40.843809 ], [ -111.912792, 40.843666 ], [ -111.913893, 40.84269 ], [ -111.914067, 40.842387 ], [ -111.916404, 40.834748 ], [ -111.91908, 40.830207 ], [ -111.919028, 40.829609 ], [ -111.918358, 40.827098 ], [ -111.918328, 40.82659 ], [ -111.918481, 40.824337 ], [ -111.925161, 40.818566 ], [ -111.926154, 40.818962 ], [ -111.933829, 40.818573 ], [ -111.934385, 40.822623 ], [ -111.934381, 40.823508 ], [ -111.93458, 40.824075 ], [ -111.935097, 40.825488 ], [ -111.935559, 40.826793 ], [ -111.936226, 40.827595 ], [ -111.939152, 40.827023 ], [ -111.940277, 40.824862 ], [ -111.940557, 40.821273 ] ] ] } },
{ "type": "Feature", "properties": { "group_index": 0, "value": 300.0, "center": [ -111.908549023737, 40.79826097234693 ], "point_id": 7 }, "geometry": { "type": "Polygon", "coordinates": [ [ [ -111.922311, 40.804414 ], [ -111.91992, 40.800612 ], [ -111.915215, 40.799411 ], [ -111.912788, 40.798515 ], [ -111.908279, 40.795748 ], [ -111.905822, 40.793797 ], [ -111.903952, 40.791237 ], [ -111.903292, 40.790148 ], [ -111.902424, 40.788574 ], [ -111.902371, 40.788526 ], [ -111.89923, 40.787601 ], [ -111.896475, 40.789919 ], [ -111.898473, 40.792294 ], [ -111.899323, 40.793291 ], [ -111.899705, 40.793674 ], [ -111.900141, 40.794048 ], [ -111.902755, 40.796155 ], [ -111.904011, 40.797167 ], [ -111.907336, 40.799819 ], [ -111.911152, 40.800394 ], [ -111.912042, 40.803619 ], [ -111.913677, 40.805839 ], [ -111.915438, 40.808979 ], [ -111.916785, 40.809157 ], [ -111.920364, 40.808774 ], [ -111.921867, 40.806949 ], [ -111.922528, 40.805401 ], [ -111.922311, 40.804414 ] ] ] } },
{ "type": "Feature", "properties": { "group_index": 0, "value": 600.0, "center": [ -111.908549023737, 40.79826097234693 ], "point_id": 7 }, "geometry": { "type": "Polygon", "coordinates": [ [ [ -111.924371, 40.81683 ], [ -111.922579, 40.80875 ], [ -111.922528, 40.805401 ], [ -111.922311, 40.804414 ], [ -111.91992, 40.800612 ], [ -111.919166, 40.795954 ], [ -111.919357, 40.79361 ], [ -111.919367, 40.793172 ], [ -111.919315, 40.792775 ], [ -111.919259, 40.79253 ], [ -111.916938, 40.791565 ], [ -111.916289, 40.79119 ], [ -111.915899, 40.791082 ], [ -111.910439, 40.784087 ], [ -111.910357, 40.782286 ], [ -111.910479, 40.780487 ], [ -111.904638, 40.776195 ], [ -111.899571, 40.774224 ], [ -111.89956, 40.774224 ], [ -111.891247, 40.776608 ], [ -111.888622, 40.778149 ], [ -111.88785, 40.778731 ], [ -111.886483, 40.780599 ], [ -111.886483, 40.780639 ], [ -111.886855, 40.781139 ], [ -111.887856, 40.782331 ], [ -111.889206, 40.783338 ], [ -111.891855, 40.785342 ], [ -111.896475, 40.789919 ], [ -111.898473, 40.792294 ], [ -111.899323, 40.793291 ], [ -111.899705, 40.793674 ], [ -111.900141, 40.794048 ], [ -111.902755, 40.796155 ], [ -111.904011, 40.797167 ], [ -111.907336, 40.799819 ], [ -111.912042, 40.803619 ], [ -111.913677, 40.805839 ], [ -111.915438, 40.808979 ], [ -111.914907, 40.816061 ], [ -111.913136, 40.818016 ], [ -111.912724, 40.818791 ], [ -111.91383, 40.821502 ], [ -111.91491, 40.82378 ], [ -111.918502, 40.824017 ], [ -111.922983, 40.818565 ], [ -111.92436, 40.817132 ], [ -111.924371, 40.81683 ] ] ] } },
{ "type": "Feature", "properties": { "group_index": 0, "value": 900.0, "center": [ -111.908549023737, 40.79826097234693 ], "point_id": 7 }, "geometry": { "type": "Polygon", "coordinates": [ [ [ -111.940221, 40.815103 ], [ -111.940229, 40.814991 ], [ -111.938876, 40.813501 ], [ -111.938431, 40.813168 ], [ -111.933103, 40.810859 ], [ -111.930081, 40.808881 ], [ -111.922528, 40.805401 ], [ -111.924494, 40.799331 ], [ -111.927409, 40.796698 ], [ -111.929764, 40.794621 ], [ -111.929961, 40.794448 ], [ -111.931986, 40.792855 ], [ -111.93323, 40.791483 ], [ -111.933517, 40.790905 ], [ -111.933516, 40.790874 ], [ -111.931997, 40.789255 ], [ -111.929572, 40.782399 ], [ -111.929569, 40.782273 ], [ -111.92827, 40.780629 ], [ -111.925478, 40.778411 ], [ -111.919643, 40.773665 ], [ -111.91466, 40.76995 ], [ -111.911424, 40.767489 ], [ -111.905139, 40.7631 ], [ -111.902441, 40.761179 ], [ -111.899658, 40.760868 ], [ -111.899593, 40.760869 ], [ -111.89956, 40.760869 ], [ -111.899496, 40.760871 ], [ -111.896435, 40.76212 ], [ -111.888126, 40.76544 ], [ -111.886813, 40.76644 ], [ -111.883766, 40.768761 ], [ -111.882707, 40.770212 ], [ -111.881899, 40.77328 ], [ -111.881901, 40.773288 ], [ -111.881929, 40.773387 ], [ -111.881931, 40.773396 ], [ -111.883578, 40.779927 ], [ -111.882356, 40.782953 ], [ -111.880097, 40.786706 ], [ -111.879761, 40.787127 ], [ -111.879013, 40.788021 ], [ -111.878667, 40.78847 ], [ -111.880876, 40.792591 ], [ -111.885822, 40.792563 ], [ -111.887898, 40.7927 ], [ -111.888068, 40.792711 ], [ -111.889415, 40.792781 ], [ -111.889725, 40.792795 ], [ -111.890031, 40.792657 ], [ -111.891699, 40.791695 ], [ -111.899323, 40.793291 ], [ -111.899705, 40.793674 ], [ -111.900141, 40.794048 ], [ -111.902755, 40.796155 ], [ -111.904011, 40.797167 ], [ -111.907336, 40.799819 ], [ -111.912042, 40.803619 ], [ -111.913677, 40.805839 ], [ -111.915438, 40.808979 ], [ -111.914907, 40.816061 ], [ -111.913136, 40.818016 ], [ -111.912724, 40.818791 ], [ -111.913656, 40.823722 ], [ -111.913563, 40.826805 ], [ -111.911258, 40.832616 ], [ -111.911121, 40.832918 ], [ -111.911095, 40.833339 ], [ -111.911552, 40.834492 ], [ -111.913144, 40.835915 ], [ -111.913276, 40.835965 ], [ -111.915285, 40.836208 ], [ -111.915499, 40.835978 ], [ -111.918479, 40.832637 ], [ -111.918758, 40.832091 ], [ -111.91891, 40.831661 ], [ -111.919021, 40.831196 ], [ -111.919087, 40.830559 ], [ -111.919028, 40.829609 ], [ -111.918502, 40.824017 ], [ -111.922983, 40.818565 ], [ -111.926154, 40.818962 ], [ -111.934432, 40.818572 ], [ -111.93634, 40.818577 ], [ -111.939859, 40.818868 ], [ -111.940221, 40.815103 ] ] ] } },
{ "type": "Feature", "properties": { "group_index": 0, "value": 300.0, "center": [ -111.9025151976947, 40.78901402117049 ], "point_id": 7 }, "geometry": { "type": "Polygon", "coordinates": [ [ [ -111.913828, 40.793155 ], [ -111.913443, 40.792719 ], [ -111.913056, 40.792283 ], [ -111.912681, 40.791898 ], [ -111.91167, 40.790982 ], [ -111.910664, 40.789596 ], [ -111.911326, 40.784091 ], [ -111.911351, 40.780491 ], [ -111.906542, 40.776982 ], [ -111.905619, 40.776204 ], [ -111.902875, 40.774011 ], [ -111.902571, 40.773903 ], [ -111.90257, 40.773903 ], [ -111.899408, 40.776249 ], [ -111.894555, 40.778313 ], [ -111.891818, 40.779494 ], [ -111.890581, 40.782132 ], [ -111.891874, 40.784533 ], [ -111.893054, 40.785297 ], [ -111.897662, 40.78707 ], [ -111.898895, 40.788662 ], [ -111.900214, 40.792015 ], [ -111.903583, 40.796616 ], [ -111.908014, 40.80036 ], [ -111.908341, 40.800621 ], [ -111.908959, 40.800907 ], [ -111.909984, 40.801208 ], [ -111.910193, 40.801207 ], [ -111.910531, 40.801126 ], [ -111.910673, 40.801066 ], [ -111.911265, 40.798144 ], [ -111.914021, 40.793394 ], [ -111.913828, 40.793155 ] ] ] } },
{ "type": "Feature", "properties": { "group_index": 0, "value": 600.0, "center": [ -111.9025151976947, 40.78901402117049 ], "point_id": 7 }, "geometry": { "type": "Polygon", "coordinates": [ [ [ -111.922643, 40.807051 ], [ -111.922643, 40.806426 ], [ -111.922601, 40.805791 ], [ -111.92248, 40.80524 ], [ -111.92222, 40.804696 ], [ -111.91992, 40.800612 ], [ -111.917693, 40.792858 ], [ -111.919351, 40.79118 ], [ -111.919724, 40.790906 ], [ -111.920985, 40.790058 ], [ -111.923175, 40.788692 ], [ -111.923891, 40.788422 ], [ -111.925252, 40.787323 ], [ -111.926504, 40.786339 ], [ -111.929151, 40.784228 ], [ -111.930891, 40.782442 ], [ -111.930891, 40.782427 ], [ -111.92915, 40.780628 ], [ -111.926347, 40.778408 ], [ -111.925487, 40.777736 ], [ -111.923528, 40.776225 ], [ -111.917812, 40.771881 ], [ -111.912506, 40.767487 ], [ -111.906273, 40.763116 ], [ -111.903318, 40.761033 ], [ -111.902634, 40.760865 ], [ -111.902457, 40.760863 ], [ -111.901604, 40.761085 ], [ -111.898751, 40.763199 ], [ -111.89501, 40.765683 ], [ -111.88819, 40.767495 ], [ -111.886571, 40.768561 ], [ -111.885889, 40.769321 ], [ -111.885035, 40.770348 ], [ -111.883872, 40.776515 ], [ -111.883834, 40.776726 ], [ -111.882014, 40.783904 ], [ -111.881192, 40.786078 ], [ -111.884076, 40.789459 ], [ -111.884252, 40.789606 ], [ -111.885948, 40.789645 ], [ -111.886957, 40.789682 ], [ -111.887648, 40.788962 ], [ -111.890654, 40.78643 ], [ -111.898895, 40.788662 ], [ -111.900214, 40.792015 ], [ -111.902121, 40.795506 ], [ -111.902755, 40.796155 ], [ -111.904011, 40.797167 ], [ -111.907336, 40.799819 ], [ -111.908014, 40.80036 ], [ -111.908341, 40.800621 ], [ -111.912085, 40.808672 ], [ -111.912141, 40.809305 ], [ -111.916946, 40.810888 ], [ -111.920523, 40.810482 ], [ -111.922606, 40.808031 ], [ -111.922643, 40.807051 ] ] ] } },
{ "type": "Feature", "properties": { "group_index": 0, "value": 900.0, "center": [ -111.9025151976947, 40.78901402117049 ], "point_id": 7 }, "geometry": { "type": "Polygon", "coordinates": [ [ [ -111.947128, 40.784998 ], [ -111.947142, 40.784638 ], [ -111.947143, 40.784562 ], [ -111.946996, 40.783889 ], [ -111.943197, 40.778199 ], [ -111.941407, 40.776358 ], [ -111.939199, 40.77506 ], [ -111.932768, 40.769534 ], [ -111.927834, 40.76634 ], [ -111.924217, 40.763177 ], [ -111.921344, 40.760998 ], [ -111.918533, 40.758868 ], [ -111.9169, 40.757672 ], [ -111.90995, 40.752816 ], [ -111.906637, 40.750138 ], [ -111.903738, 40.747871 ], [ -111.903191, 40.747807 ], [ -111.902284, 40.74781 ], [ -111.901701, 40.747811 ], [ -111.901606, 40.747811 ], [ -111.901346, 40.747969 ], [ -111.898163, 40.750138 ], [ -111.894128, 40.752403 ], [ -111.887989, 40.754347 ], [ -111.887056, 40.754766 ], [ -111.881903, 40.758333 ], [ -111.87589, 40.763205 ], [ -111.873048, 40.765366 ], [ -111.868711, 40.768757 ], [ -111.866921, 40.770507 ], [ -111.866782, 40.772789 ], [ -111.866782, 40.772809 ], [ -111.866782, 40.772844 ], [ -111.866782, 40.772863 ], [ -111.868557, 40.774634 ], [ -111.870043, 40.77576 ], [ -111.87151, 40.77689 ], [ -111.873019, 40.778033 ], [ -111.87451, 40.779166 ], [ -111.876002, 40.780297 ], [ -111.876301, 40.789218 ], [ -111.874412, 40.790712 ], [ -111.872478, 40.796025 ], [ -111.872141, 40.796658 ], [ -111.872028, 40.797194 ], [ -111.872012, 40.797435 ], [ -111.874901, 40.798632 ], [ -111.876388, 40.798122 ], [ -111.877208, 40.79744 ], [ -111.877761, 40.796637 ], [ -111.882768, 40.792559 ], [ -111.888714, 40.794027 ], [ -111.889688, 40.794191 ], [ -111.891305, 40.794355 ], [ -111.891974, 40.794157 ], [ -111.894842, 40.793683 ], [ -111.902755, 40.796155 ], [ -111.904011, 40.797167 ], [ -111.907336, 40.799819 ], [ -111.908014, 40.80036 ], [ -111.908341, 40.800621 ], [ -111.912085, 40.808672 ], [ -111.912141, 40.809305 ], [ -111.914237, 40.817849 ], [ -111.914068, 40.818246 ], [ -111.913864, 40.818926 ], [ -111.913745, 40.819991 ], [ -111.913695, 40.823252 ], [ -111.914842, 40.824815 ], [ -111.918434, 40.825052 ], [ -111.923653, 40.819541 ], [ -111.925265, 40.818566 ], [ -111.926958, 40.816891 ], [ -111.926962, 40.81683 ], [ -111.925268, 40.814966 ], [ -111.922606, 40.808031 ], [ -111.927353, 40.800455 ], [ -111.928562, 40.799676 ], [ -111.930652, 40.798006 ], [ -111.933252, 40.795678 ], [ -111.937911, 40.792848 ], [ -111.940384, 40.790826 ], [ -111.946121, 40.786564 ], [ -111.94703, 40.785424 ], [ -111.947128, 40.784998 ] ] ] } },
{ "type": "Feature", "properties": { "group_index": 0, "value": 300.0, "center": [ -111.90261471279172, 40.78237997673449 ], "point_id": 7 }, "geometry": { "type": "Polygon", "coordinates": [ [ [ -111.921608, 40.782866 ], [ -111.921512, 40.781951 ], [ -111.920284, 40.780587 ], [ -111.917522, 40.778412 ], [ -111.914576, 40.776227 ], [ -111.911794, 40.774075 ], [ -111.911699, 40.774004 ], [ -111.908703, 40.771886 ], [ -111.906436, 40.769934 ], [ -111.903418, 40.76775 ], [ -111.902524, 40.767387 ], [ -111.902317, 40.767377 ], [ -111.902291, 40.767377 ], [ -111.90171, 40.767626 ], [ -111.898949, 40.769777 ], [ -111.898627, 40.770031 ], [ -111.898476, 40.770149 ], [ -111.896097, 40.771903 ], [ -111.891442, 40.772893 ], [ -111.89127, 40.772952 ], [ -111.89088, 40.77312 ], [ -111.888556, 40.775983 ], [ -111.886742, 40.778149 ], [ -111.885538, 40.780522 ], [ -111.885538, 40.780559 ], [ -111.88676, 40.781749 ], [ -111.888621, 40.783337 ], [ -111.89099, 40.784581 ], [ -111.894609, 40.784279 ], [ -111.897573, 40.786897 ], [ -111.897631, 40.78701 ], [ -111.897662, 40.78707 ], [ -111.898895, 40.788662 ], [ -111.900214, 40.792015 ], [ -111.902438, 40.795551 ], [ -111.902873, 40.79602 ], [ -111.903185, 40.796282 ], [ -111.904486, 40.796038 ], [ -111.904945, 40.795848 ], [ -111.908044, 40.792918 ], [ -111.911049, 40.789945 ], [ -111.915724, 40.786203 ], [ -111.916727, 40.786689 ], [ -111.916858, 40.786689 ], [ -111.91743, 40.78636 ], [ -111.920289, 40.784187 ], [ -111.921573, 40.782968 ], [ -111.921608, 40.782866 ] ] ] } },
{ "type": "Feature", "properties": { "group_index": 0, "value": 600.0, "center": [ -111.90261471279172, 40.78237997673449 ], "point_id": 7 }, "geometry": { "type": "Polygon", "coordinates": [ [ [ -111.938495, 40.783893 ], [ -111.936259, 40.779625 ], [ -111.935217, 40.778396 ], [ -111.929384, 40.773148 ], [ -111.928978, 40.772889 ], [ -111.923749, 40.769523 ], [ -111.918212, 40.765359 ], [ -111.915454, 40.763346 ], [ -111.909496, 40.758806 ], [ -111.908149, 40.757793 ], [ -111.902515, 40.75373 ], [ -111.902506, 40.75373 ], [ -111.8984, 40.75667 ], [ -111.896842, 40.757865 ], [ -111.896422, 40.758182 ], [ -111.895443, 40.758916 ], [ -111.888198, 40.761937 ], [ -111.886959, 40.762522 ], [ -111.885377, 40.763666 ], [ -111.883094, 40.765371 ], [ -111.880299, 40.767544 ], [ -111.878766, 40.768763 ], [ -111.877271, 40.770327 ], [ -111.87713, 40.770522 ], [ -111.87713, 40.770594 ], [ -111.877262, 40.773172 ], [ -111.878601, 40.774631 ], [ -111.880091, 40.775773 ], [ -111.882014, 40.783904 ], [ -111.880409, 40.786373 ], [ -111.87851, 40.787815 ], [ -111.878381, 40.787913 ], [ -111.878309, 40.788007 ], [ -111.877336, 40.789448 ], [ -111.877217, 40.789737 ], [ -111.877253, 40.790968 ], [ -111.877307, 40.791047 ], [ -111.877873, 40.791582 ], [ -111.878394, 40.791833 ], [ -111.883018, 40.793866 ], [ -111.883042, 40.793861 ], [ -111.889755, 40.792881 ], [ -111.891949, 40.792119 ], [ -111.899802, 40.793762 ], [ -111.901701, 40.795385 ], [ -111.901858, 40.795495 ], [ -111.902755, 40.796155 ], [ -111.904011, 40.797167 ], [ -111.907336, 40.799819 ], [ -111.912042, 40.803619 ], [ -111.914269, 40.805363 ], [ -111.914348, 40.805425 ], [ -111.915271, 40.805982 ], [ -111.916819, 40.805706 ], [ -111.917289, 40.805424 ], [ -111.917717, 40.803029 ], [ -111.923176, 40.7967 ], [ -111.925698, 40.794613 ], [ -111.927974, 40.792855 ], [ -111.93176, 40.789622 ], [ -111.937943, 40.786004 ], [ -111.937959, 40.785991 ], [ -111.938708, 40.785303 ], [ -111.938731, 40.785253 ], [ -111.938495, 40.783893 ] ] ] } },
{ "type": "Feature", "properties": { "group_index": 0, "value": 900.0, "center": [ -111.90261471279172, 40.78237997673449 ], "point_id": 7 }, "geometry": { "type": "Polygon", "coordinates": [ [ [ -111.955494, 40.783928 ], [ -111.955494, 40.783794 ], [ -111.95535, 40.783394 ], [ -111.954113, 40.781993 ], [ -111.94864, 40.774965 ], [ -111.941574, 40.769543 ], [ -111.939087, 40.767774 ], [ -111.933542, 40.763568 ], [ -111.930312, 40.761006 ], [ -111.924013, 40.755975 ], [ -111.9238, 40.755802 ], [ -111.918782, 40.752296 ], [ -111.914502, 40.74906 ], [ -111.911096, 40.746643 ], [ -111.907704, 40.744234 ], [ -111.907232, 40.744044 ], [ -111.899899, 40.742614 ], [ -111.899837, 40.742615 ], [ -111.898035, 40.743278 ], [ -111.895369, 40.74543 ], [ -111.888131, 40.748137 ], [ -111.887897, 40.748243 ], [ -111.882093, 40.752325 ], [ -111.876327, 40.756688 ], [ -111.871369, 40.760659 ], [ -111.865291, 40.765381 ], [ -111.860961, 40.768759 ], [ -111.85926, 40.770464 ], [ -111.859138, 40.772798 ], [ -111.859138, 40.772834 ], [ -111.859138, 40.772853 ], [ -111.859139, 40.772889 ], [ -111.859262, 40.773045 ], [ -111.860798, 40.774631 ], [ -111.862273, 40.775748 ], [ -111.863938, 40.776991 ], [ -111.865256, 40.778017 ], [ -111.866744, 40.77914 ], [ -111.868227, 40.780278 ], [ -111.869672, 40.781415 ], [ -111.871161, 40.782541 ], [ -111.872541, 40.791185 ], [ -111.870956, 40.799341 ], [ -111.870082, 40.801044 ], [ -111.870056, 40.801156 ], [ -111.87342, 40.802423 ], [ -111.873476, 40.802404 ], [ -111.873931, 40.802039 ], [ -111.875262, 40.800749 ], [ -111.875345, 40.800585 ], [ -111.875568, 40.799941 ], [ -111.876793, 40.797299 ], [ -111.883018, 40.793866 ], [ -111.890873, 40.79735 ], [ -111.893661, 40.797649 ], [ -111.901858, 40.795495 ], [ -111.902755, 40.796155 ], [ -111.904011, 40.797167 ], [ -111.907336, 40.799819 ], [ -111.912042, 40.803619 ], [ -111.912302, 40.807584 ], [ -111.912085, 40.808672 ], [ -111.912138, 40.809247 ], [ -111.912182, 40.810123 ], [ -111.914914, 40.816728 ], [ -111.917972, 40.818627 ], [ -111.92055, 40.818331 ], [ -111.924111, 40.812421 ], [ -111.929444, 40.805589 ], [ -111.931027, 40.805126 ], [ -111.937422, 40.800068 ], [ -111.943111, 40.796248 ], [ -111.943155, 40.796211 ], [ -111.947024, 40.792795 ], [ -111.949794, 40.790405 ], [ -111.955352, 40.785918 ], [ -111.955494, 40.783928 ] ] ] } },
{ "type": "Feature", "properties": { "group_index": 0, "value": 300.0, "center": [ -111.90253175875492, 40.775821307013636 ], "point_id": 7 }, "geometry": { "type": "Polygon", "coordinates": [ [ [ -111.921711, 40.775891 ], [ -111.921711, 40.775889 ], [ -111.921711, 40.775797 ], [ -111.921496, 40.775358 ], [ -111.92028, 40.774081 ], [ -111.917497, 40.771881 ], [ -111.914764, 40.769617 ], [ -111.912461, 40.767487 ], [ -111.908969, 40.765393 ], [ -111.907086, 40.763867 ], [ -111.906115, 40.763115 ], [ -111.903162, 40.761013 ], [ -111.902581, 40.760864 ], [ -111.902457, 40.760863 ], [ -111.901777, 40.761084 ], [ -111.898894, 40.763199 ], [ -111.895006, 40.766541 ], [ -111.893045, 40.767619 ], [ -111.889564, 40.769784 ], [ -111.886426, 40.772692 ], [ -111.885104, 40.774704 ], [ -111.885006, 40.774899 ], [ -111.884778, 40.775359 ], [ -111.884703, 40.775535 ], [ -111.884429, 40.776886 ], [ -111.888416, 40.781337 ], [ -111.88998, 40.782322 ], [ -111.894604, 40.785185 ], [ -111.898393, 40.788377 ], [ -111.901935, 40.790687 ], [ -111.902357, 40.79081 ], [ -111.902486, 40.790807 ], [ -111.903046, 40.790694 ], [ -111.903817, 40.790224 ], [ -111.907021, 40.787653 ], [ -111.911212, 40.78409 ], [ -111.911956, 40.784095 ], [ -111.914664, 40.782032 ], [ -111.917434, 40.779826 ], [ -111.920267, 40.777681 ], [ -111.921498, 40.776316 ], [ -111.92171, 40.775983 ], [ -111.921711, 40.775891 ] ] ] } },
{ "type": "Feature", "properties": { "group_index": 0, "value": 600.0, "center": [ -111.90253175875492, 40.775821307013636 ], "point_id": 7 }, "geometry": { "type": "Polygon", "coordinates": [ [ [ -111.937204, 40.777681 ], [ -111.93648, 40.775759 ], [ -111.932648, 40.769617 ], [ -111.927815, 40.766444 ], [ -111.923903, 40.763177 ], [ -111.922496, 40.762098 ], [ -111.921029, 40.760998 ], [ -111.918295, 40.758988 ], [ -111.916514, 40.758254 ], [ -111.909953, 40.752935 ], [ -111.903619, 40.747871 ], [ -111.902444, 40.74781 ], [ -111.902336, 40.74781 ], [ -111.901713, 40.747872 ], [ -111.901504, 40.747968 ], [ -111.898322, 40.750139 ], [ -111.895238, 40.752404 ], [ -111.893903, 40.753454 ], [ -111.89102, 40.755702 ], [ -111.886007, 40.758936 ], [ -111.881268, 40.762112 ], [ -111.875416, 40.76694 ], [ -111.873124, 40.768763 ], [ -111.871384, 40.770547 ], [ -111.871254, 40.772757 ], [ -111.871254, 40.772917 ], [ -111.872977, 40.774635 ], [ -111.874414, 40.775772 ], [ -111.875905, 40.776906 ], [ -111.876055, 40.777012 ], [ -111.877414, 40.778042 ], [ -111.877537, 40.778148 ], [ -111.879135, 40.779742 ], [ -111.879013, 40.788021 ], [ -111.878681, 40.788451 ], [ -111.882531, 40.791795 ], [ -111.882839, 40.791995 ], [ -111.883822, 40.792131 ], [ -111.88964, 40.790988 ], [ -111.898481, 40.792304 ], [ -111.89904, 40.792959 ], [ -111.903583, 40.796616 ], [ -111.90604, 40.798567 ], [ -111.907588, 40.80002 ], [ -111.907682, 40.800095 ], [ -111.909374, 40.801254 ], [ -111.910324, 40.801243 ], [ -111.910811, 40.801203 ], [ -111.915141, 40.794605 ], [ -111.918363, 40.792859 ], [ -111.921552, 40.791426 ], [ -111.921624, 40.791364 ], [ -111.928332, 40.785533 ], [ -111.933459, 40.781996 ], [ -111.936258, 40.779964 ], [ -111.936761, 40.779457 ], [ -111.936877, 40.779321 ], [ -111.937204, 40.777681 ] ] ] } },
{ "type": "Feature", "properties": { "group_index": 0, "value": 900.0, "center": [ -111.90253175875492, 40.775821307013636 ], "point_id": 7 }, "geometry": { "type": "Polygon", "coordinates": [ [ [ -111.949419, 40.780699 ], [ -111.950193, 40.777173 ], [ -111.951129, 40.772754 ], [ -111.950239, 40.769265 ], [ -111.945024, 40.765548 ], [ -111.940506, 40.762211 ], [ -111.936087, 40.758714 ], [ -111.933168, 40.756582 ], [ -111.930409, 40.754486 ], [ -111.924391, 40.749477 ], [ -111.922782, 40.748106 ], [ -111.915579, 40.743178 ], [ -111.913345, 40.74151 ], [ -111.912812, 40.741149 ], [ -111.912429, 40.740948 ], [ -111.905962, 40.738109 ], [ -111.899734, 40.735793 ], [ -111.89967, 40.735792 ], [ -111.893878, 40.739901 ], [ -111.886822, 40.74463 ], [ -111.880722, 40.748933 ], [ -111.876398, 40.752332 ], [ -111.871041, 40.756143 ], [ -111.871026, 40.756156 ], [ -111.865275, 40.761033 ], [ -111.862408, 40.76328 ], [ -111.859674, 40.765369 ], [ -111.855303, 40.768756 ], [ -111.85343, 40.772795 ], [ -111.85343, 40.772819 ], [ -111.85343, 40.772845 ], [ -111.853431, 40.77287 ], [ -111.855126, 40.774627 ], [ -111.856549, 40.775665 ], [ -111.860774, 40.779243 ], [ -111.86471, 40.78174 ], [ -111.867582, 40.784476 ], [ -111.867587, 40.784479 ], [ -111.869878, 40.785929 ], [ -111.872911, 40.791859 ], [ -111.872141, 40.796658 ], [ -111.870956, 40.799341 ], [ -111.870905, 40.799495 ], [ -111.872515, 40.801278 ], [ -111.873375, 40.801315 ], [ -111.873587, 40.801269 ], [ -111.873829, 40.801203 ], [ -111.874236, 40.800838 ], [ -111.874887, 40.800251 ], [ -111.875206, 40.79965 ], [ -111.876793, 40.797299 ], [ -111.877266, 40.796673 ], [ -111.882768, 40.792559 ], [ -111.888714, 40.794027 ], [ -111.890928, 40.795153 ], [ -111.894315, 40.796373 ], [ -111.902755, 40.796155 ], [ -111.904011, 40.797167 ], [ -111.90604, 40.798567 ], [ -111.907336, 40.799819 ], [ -111.907588, 40.80002 ], [ -111.907682, 40.800095 ], [ -111.909374, 40.801254 ], [ -111.912085, 40.808672 ], [ -111.912138, 40.809247 ], [ -111.912168, 40.809936 ], [ -111.917981, 40.812164 ], [ -111.91839, 40.81215 ], [ -111.920576, 40.810949 ], [ -111.922598, 40.808261 ], [ -111.922643, 40.807051 ], [ -111.922643, 40.806426 ], [ -111.929227, 40.800503 ], [ -111.934296, 40.795609 ], [ -111.939321, 40.792633 ], [ -111.941783, 40.790828 ], [ -111.945084, 40.788431 ], [ -111.947519, 40.786565 ], [ -111.947941, 40.785816 ], [ -111.949419, 40.780699 ] ] ] } },
{ "type": "Feature", "properties": { "group_index": 0, "value": 300.0, "center": [ -111.90253175875492, 40.775821307013636 ], "point_id": 7 }, "geometry": { "type": "Polygon", "coordinates": [ [ [ -111.921711, 40.775891 ], [ -111.921711, 40.775889 ], [ -111.921711, 40.775797 ], [ -111.921496, 40.775358 ], [ -111.92028, 40.774081 ], [ -111.917497, 40.771881 ], [ -111.914764, 40.769617 ], [ -111.912461, 40.767487 ], [ -111.908969, 40.765393 ], [ -111.907086, 40.763867 ], [ -111.906115, 40.763115 ], [ -111.903162, 40.761013 ], [ -111.902581, 40.760864 ], [ -111.902457, 40.760863 ], [ -111.901777, 40.761084 ], [ -111.898894, 40.763199 ], [ -111.895006, 40.766541 ], [ -111.893045, 40.767619 ], [ -111.889564, 40.769784 ], [ -111.886426, 40.772692 ], [ -111.885104, 40.774704 ], [ -111.885006, 40.774899 ], [ -111.884778, 40.775359 ], [ -111.884703, 40.775535 ], [ -111.884429, 40.776886 ], [ -111.888416, 40.781337 ], [ -111.88998, 40.782322 ], [ -111.894604, 40.785185 ], [ -111.898393, 40.788377 ], [ -111.901935, 40.790687 ], [ -111.902357, 40.79081 ], [ -111.902486, 40.790807 ], [ -111.903046, 40.790694 ], [ -111.903817, 40.790224 ], [ -111.907021, 40.787653 ], [ -111.911212, 40.78409 ], [ -111.911956, 40.784095 ], [ -111.914664, 40.782032 ], [ -111.917434, 40.779826 ], [ -111.920267, 40.777681 ], [ -111.921498, 40.776316 ], [ -111.92171, 40.775983 ], [ -111.921711, 40.775891 ] ] ] } },
{ "type": "Feature", "properties": { "group_index": 0, "value": 600.0, "center": [ -111.90253175875492, 40.775821307013636 ], "point_id": 7 }, "geometry": { "type": "Polygon", "coordinates": [ [ [ -111.937204, 40.777681 ], [ -111.93648, 40.775759 ], [ -111.932648, 40.769617 ], [ -111.927815, 40.766444 ], [ -111.923903, 40.763177 ], [ -111.922496, 40.762098 ], [ -111.921029, 40.760998 ], [ -111.918295, 40.758988 ], [ -111.916514, 40.758254 ], [ -111.909953, 40.752935 ], [ -111.903619, 40.747871 ], [ -111.902444, 40.74781 ], [ -111.902336, 40.74781 ], [ -111.901713, 40.747872 ], [ -111.901504, 40.747968 ], [ -111.898322, 40.750139 ], [ -111.895238, 40.752404 ], [ -111.893903, 40.753454 ], [ -111.89102, 40.755702 ], [ -111.886007, 40.758936 ], [ -111.881268, 40.762112 ], [ -111.875416, 40.76694 ], [ -111.873124, 40.768763 ], [ -111.871384, 40.770547 ], [ -111.871254, 40.772757 ], [ -111.871254, 40.772917 ], [ -111.872977, 40.774635 ], [ -111.874414, 40.775772 ], [ -111.875905, 40.776906 ], [ -111.876055, 40.777012 ], [ -111.877414, 40.778042 ], [ -111.877537, 40.778148 ], [ -111.879135, 40.779742 ], [ -111.879013, 40.788021 ], [ -111.878681, 40.788451 ], [ -111.882531, 40.791795 ], [ -111.882839, 40.791995 ], [ -111.883822, 40.792131 ], [ -111.88964, 40.790988 ], [ -111.898481, 40.792304 ], [ -111.89904, 40.792959 ], [ -111.903583, 40.796616 ], [ -111.90604, 40.798567 ], [ -111.907588, 40.80002 ], [ -111.907682, 40.800095 ], [ -111.909374, 40.801254 ], [ -111.910324, 40.801243 ], [ -111.910811, 40.801203 ], [ -111.915141, 40.794605 ], [ -111.918363, 40.792859 ], [ -111.921552, 40.791426 ], [ -111.921624, 40.791364 ], [ -111.928332, 40.785533 ], [ -111.933459, 40.781996 ], [ -111.936258, 40.779964 ], [ -111.936761, 40.779457 ], [ -111.936877, 40.779321 ], [ -111.937204, 40.777681 ] ] ] } },
{ "type": "Feature", "properties": { "group_index": 0, "value": 900.0, "center": [ -111.90253175875492, 40.775821307013636 ], "point_id": 7 }, "geometry": { "type": "Polygon", "coordinates": [ [ [ -111.949419, 40.780699 ], [ -111.950193, 40.777173 ], [ -111.951129, 40.772754 ], [ -111.950239, 40.769265 ], [ -111.945024, 40.765548 ], [ -111.940506, 40.762211 ], [ -111.936087, 40.758714 ], [ -111.933168, 40.756582 ], [ -111.930409, 40.754486 ], [ -111.924391, 40.749477 ], [ -111.922782, 40.748106 ], [ -111.915579, 40.743178 ], [ -111.913345, 40.74151 ], [ -111.912812, 40.741149 ], [ -111.912429, 40.740948 ], [ -111.905962, 40.738109 ], [ -111.899734, 40.735793 ], [ -111.89967, 40.735792 ], [ -111.893878, 40.739901 ], [ -111.886822, 40.74463 ], [ -111.880722, 40.748933 ], [ -111.876398, 40.752332 ], [ -111.871041, 40.756143 ], [ -111.871026, 40.756156 ], [ -111.865275, 40.761033 ], [ -111.862408, 40.76328 ], [ -111.859674, 40.765369 ], [ -111.855303, 40.768756 ], [ -111.85343, 40.772795 ], [ -111.85343, 40.772819 ], [ -111.85343, 40.772845 ], [ -111.853431, 40.77287 ], [ -111.855126, 40.774627 ], [ -111.856549, 40.775665 ], [ -111.860774, 40.779243 ], [ -111.86471, 40.78174 ], [ -111.867582, 40.784476 ], [ -111.867587, 40.784479 ], [ -111.869878, 40.785929 ], [ -111.872911, 40.791859 ], [ -111.872141, 40.796658 ], [ -111.870956, 40.799341 ], [ -111.870905, 40.799495 ], [ -111.872515, 40.801278 ], [ -111.873375, 40.801315 ], [ -111.873587, 40.801269 ], [ -111.873829, 40.801203 ], [ -111.874236, 40.800838 ], [ -111.874887, 40.800251 ], [ -111.875206, 40.79965 ], [ -111.876793, 40.797299 ], [ -111.877266, 40.796673 ], [ -111.882768, 40.792559 ], [ -111.888714, 40.794027 ], [ -111.890928, 40.795153 ], [ -111.894315, 40.796373 ], [ -111.902755, 40.796155 ], [ -111.904011, 40.797167 ], [ -111.90604, 40.798567 ], [ -111.907336, 40.799819 ], [ -111.907588, 40.80002 ], [ -111.907682, 40.800095 ], [ -111.909374, 40.801254 ], [ -111.912085, 40.808672 ], [ -111.912138, 40.809247 ], [ -111.912168, 40.809936 ], [ -111.917981, 40.812164 ], [ -111.91839, 40.81215 ], [ -111.920576, 40.810949 ], [ -111.922598, 40.808261 ], [ -111.922643, 40.807051 ], [ -111.922643, 40.806426 ], [ -111.929227, 40.800503 ], [ -111.934296, 40.795609 ], [ -111.939321, 40.792633 ], [ -111.941783, 40.790828 ], [ -111.945084, 40.788431 ], [ -111.947519, 40.786565 ], [ -111.947941, 40.785816 ], [ -111.949419, 40.780699 ] ] ] } },
{ "type": "Feature", "properties": { "group_index": 0, "value": 300.0, "center": [ -111.90261471279172, 40.78237997673449 ], "point_id": 7 }, "geometry": { "type": "Polygon", "coordinates": [ [ [ -111.921608, 40.782866 ], [ -111.921512, 40.781951 ], [ -111.920284, 40.780587 ], [ -111.917522, 40.778412 ], [ -111.914576, 40.776227 ], [ -111.911794, 40.774075 ], [ -111.911699, 40.774004 ], [ -111.908703, 40.771886 ], [ -111.906436, 40.769934 ], [ -111.903418, 40.76775 ], [ -111.902524, 40.767387 ], [ -111.902317, 40.767377 ], [ -111.902291, 40.767377 ], [ -111.90171, 40.767626 ], [ -111.898949, 40.769777 ], [ -111.898627, 40.770031 ], [ -111.898476, 40.770149 ], [ -111.896097, 40.771903 ], [ -111.891442, 40.772893 ], [ -111.89127, 40.772952 ], [ -111.89088, 40.77312 ], [ -111.888556, 40.775983 ], [ -111.886742, 40.778149 ], [ -111.885538, 40.780522 ], [ -111.885538, 40.780559 ], [ -111.88676, 40.781749 ], [ -111.888621, 40.783337 ], [ -111.89099, 40.784581 ], [ -111.894609, 40.784279 ], [ -111.897573, 40.786897 ], [ -111.897631, 40.78701 ], [ -111.897662, 40.78707 ], [ -111.898895, 40.788662 ], [ -111.900214, 40.792015 ], [ -111.902438, 40.795551 ], [ -111.902873, 40.79602 ], [ -111.903185, 40.796282 ], [ -111.904486, 40.796038 ], [ -111.904945, 40.795848 ], [ -111.908044, 40.792918 ], [ -111.911049, 40.789945 ], [ -111.915724, 40.786203 ], [ -111.916727, 40.786689 ], [ -111.916858, 40.786689 ], [ -111.91743, 40.78636 ], [ -111.920289, 40.784187 ], [ -111.921573, 40.782968 ], [ -111.921608, 40.782866 ] ] ] } },
{ "type": "Feature", "properties": { "group_index": 0, "value": 600.0, "center": [ -111.90261471279172, 40.78237997673449 ], "point_id": 7 }, "geometry": { "type": "Polygon", "coordinates": [ [ [ -111.938495, 40.783893 ], [ -111.936259, 40.779625 ], [ -111.935217, 40.778396 ], [ -111.929384, 40.773148 ], [ -111.928978, 40.772889 ], [ -111.923749, 40.769523 ], [ -111.918212, 40.765359 ], [ -111.915454, 40.763346 ], [ -111.909496, 40.758806 ], [ -111.908149, 40.757793 ], [ -111.902515, 40.75373 ], [ -111.902506, 40.75373 ], [ -111.8984, 40.75667 ], [ -111.896842, 40.757865 ], [ -111.896422, 40.758182 ], [ -111.895443, 40.758916 ], [ -111.888198, 40.761937 ], [ -111.886959, 40.762522 ], [ -111.885377, 40.763666 ], [ -111.883094, 40.765371 ], [ -111.880299, 40.767544 ], [ -111.878766, 40.768763 ], [ -111.877271, 40.770327 ], [ -111.87713, 40.770522 ], [ -111.87713, 40.770594 ], [ -111.877262, 40.773172 ], [ -111.878601, 40.774631 ], [ -111.880091, 40.775773 ], [ -111.882014, 40.783904 ], [ -111.880409, 40.786373 ], [ -111.87851, 40.787815 ], [ -111.878381, 40.787913 ], [ -111.878309, 40.788007 ], [ -111.877336, 40.789448 ], [ -111.877217, 40.789737 ], [ -111.877253, 40.790968 ], [ -111.877307, 40.791047 ], [ -111.877873, 40.791582 ], [ -111.878394, 40.791833 ], [ -111.883018, 40.793866 ], [ -111.883042, 40.793861 ], [ -111.889755, 40.792881 ], [ -111.891949, 40.792119 ], [ -111.899802, 40.793762 ], [ -111.901701, 40.795385 ], [ -111.901858, 40.795495 ], [ -111.902755, 40.796155 ], [ -111.904011, 40.797167 ], [ -111.907336, 40.799819 ], [ -111.912042, 40.803619 ], [ -111.914269, 40.805363 ], [ -111.914348, 40.805425 ], [ -111.915271, 40.805982 ], [ -111.916819, 40.805706 ], [ -111.917289, 40.805424 ], [ -111.917717, 40.803029 ], [ -111.923176, 40.7967 ], [ -111.925698, 40.794613 ], [ -111.927974, 40.792855 ], [ -111.93176, 40.789622 ], [ -111.937943, 40.786004 ], [ -111.937959, 40.785991 ], [ -111.938708, 40.785303 ], [ -111.938731, 40.785253 ], [ -111.938495, 40.783893 ] ] ] } },
{ "type": "Feature", "properties": { "group_index": 0, "value": 900.0, "center": [ -111.90261471279172, 40.78237997673449 ], "point_id": 7 }, "geometry": { "type": "Polygon", "coordinates": [ [ [ -111.955494, 40.783928 ], [ -111.955494, 40.783794 ], [ -111.95535, 40.783394 ], [ -111.954113, 40.781993 ], [ -111.94864, 40.774965 ], [ -111.941574, 40.769543 ], [ -111.939087, 40.767774 ], [ -111.933542, 40.763568 ], [ -111.930312, 40.761006 ], [ -111.924013, 40.755975 ], [ -111.9238, 40.755802 ], [ -111.918782, 40.752296 ], [ -111.914502, 40.74906 ], [ -111.911096, 40.746643 ], [ -111.907704, 40.744234 ], [ -111.907232, 40.744044 ], [ -111.899899, 40.742614 ], [ -111.899837, 40.742615 ], [ -111.898035, 40.743278 ], [ -111.895369, 40.74543 ], [ -111.888131, 40.748137 ], [ -111.887897, 40.748243 ], [ -111.882093, 40.752325 ], [ -111.876327, 40.756688 ], [ -111.871369, 40.760659 ], [ -111.865291, 40.765381 ], [ -111.860961, 40.768759 ], [ -111.85926, 40.770464 ], [ -111.859138, 40.772798 ], [ -111.859138, 40.772834 ], [ -111.859138, 40.772853 ], [ -111.859139, 40.772889 ], [ -111.859262, 40.773045 ], [ -111.860798, 40.774631 ], [ -111.862273, 40.775748 ], [ -111.863938, 40.776991 ], [ -111.865256, 40.778017 ], [ -111.866744, 40.77914 ], [ -111.868227, 40.780278 ], [ -111.869672, 40.781415 ], [ -111.871161, 40.782541 ], [ -111.872541, 40.791185 ], [ -111.870956, 40.799341 ], [ -111.870082, 40.801044 ], [ -111.870056, 40.801156 ], [ -111.87342, 40.802423 ], [ -111.873476, 40.802404 ], [ -111.873931, 40.802039 ], [ -111.875262, 40.800749 ], [ -111.875345, 40.800585 ], [ -111.875568, 40.799941 ], [ -111.876793, 40.797299 ], [ -111.883018, 40.793866 ], [ -111.890873, 40.79735 ], [ -111.893661, 40.797649 ], [ -111.901858, 40.795495 ], [ -111.902755, 40.796155 ], [ -111.904011, 40.797167 ], [ -111.907336, 40.799819 ], [ -111.912042, 40.803619 ], [ -111.912302, 40.807584 ], [ -111.912085, 40.808672 ], [ -111.912138, 40.809247 ], [ -111.912182, 40.810123 ], [ -111.914914, 40.816728 ], [ -111.917972, 40.818627 ], [ -111.92055, 40.818331 ], [ -111.924111, 40.812421 ], [ -111.929444, 40.805589 ], [ -111.931027, 40.805126 ], [ -111.937422, 40.800068 ], [ -111.943111, 40.796248 ], [ -111.943155, 40.796211 ], [ -111.947024, 40.792795 ], [ -111.949794, 40.790405 ], [ -111.955352, 40.785918 ], [ -111.955494, 40.783928 ] ] ] } },
{ "type": "Feature", "properties": { "group_index": 0, "value": 300.0, "center": [ -111.9025151976947, 40.78901402117049 ], "point_id": 7 }, "geometry": { "type": "Polygon", "coordinates": [ [ [ -111.913828, 40.793155 ], [ -111.913443, 40.792719 ], [ -111.913056, 40.792283 ], [ -111.912681, 40.791898 ], [ -111.91167, 40.790982 ], [ -111.910664, 40.789596 ], [ -111.911326, 40.784091 ], [ -111.911351, 40.780491 ], [ -111.906542, 40.776982 ], [ -111.905619, 40.776204 ], [ -111.902875, 40.774011 ], [ -111.902571, 40.773903 ], [ -111.90257, 40.773903 ], [ -111.899408, 40.776249 ], [ -111.894555, 40.778313 ], [ -111.891818, 40.779494 ], [ -111.890581, 40.782132 ], [ -111.891874, 40.784533 ], [ -111.893054, 40.785297 ], [ -111.897662, 40.78707 ], [ -111.898895, 40.788662 ], [ -111.900214, 40.792015 ], [ -111.903583, 40.796616 ], [ -111.908014, 40.80036 ], [ -111.908341, 40.800621 ], [ -111.908959, 40.800907 ], [ -111.909984, 40.801208 ], [ -111.910193, 40.801207 ], [ -111.910531, 40.801126 ], [ -111.910673, 40.801066 ], [ -111.911265, 40.798144 ], [ -111.914021, 40.793394 ], [ -111.913828, 40.793155 ] ] ] } },
{ "type": "Feature", "properties": { "group_index": 0, "value": 600.0, "center": [ -111.9025151976947, 40.78901402117049 ], "point_id": 7 }, "geometry": { "type": "Polygon", "coordinates": [ [ [ -111.922643, 40.807051 ], [ -111.922643, 40.806426 ], [ -111.922601, 40.805791 ], [ -111.92248, 40.80524 ], [ -111.92222, 40.804696 ], [ -111.91992, 40.800612 ], [ -111.917693, 40.792858 ], [ -111.919351, 40.79118 ], [ -111.919724, 40.790906 ], [ -111.920985, 40.790058 ], [ -111.923175, 40.788692 ], [ -111.923891, 40.788422 ], [ -111.925252, 40.787323 ], [ -111.926504, 40.786339 ], [ -111.929151, 40.784228 ], [ -111.930891, 40.782442 ], [ -111.930891, 40.782427 ], [ -111.92915, 40.780628 ], [ -111.926347, 40.778408 ], [ -111.925487, 40.777736 ], [ -111.923528, 40.776225 ], [ -111.917812, 40.771881 ], [ -111.912506, 40.767487 ], [ -111.906273, 40.763116 ], [ -111.903318, 40.761033 ], [ -111.902634, 40.760865 ], [ -111.902457, 40.760863 ], [ -111.901604, 40.761085 ], [ -111.898751, 40.763199 ], [ -111.89501, 40.765683 ], [ -111.88819, 40.767495 ], [ -111.886571, 40.768561 ], [ -111.885889, 40.769321 ], [ -111.885035, 40.770348 ], [ -111.883872, 40.776515 ], [ -111.883834, 40.776726 ], [ -111.882014, 40.783904 ], [ -111.881192, 40.786078 ], [ -111.884076, 40.789459 ], [ -111.884252, 40.789606 ], [ -111.885948, 40.789645 ], [ -111.886957, 40.789682 ], [ -111.887648, 40.788962 ], [ -111.890654, 40.78643 ], [ -111.898895, 40.788662 ], [ -111.900214, 40.792015 ], [ -111.902121, 40.795506 ], [ -111.902755, 40.796155 ], [ -111.904011, 40.797167 ], [ -111.907336, 40.799819 ], [ -111.908014, 40.80036 ], [ -111.908341, 40.800621 ], [ -111.912085, 40.808672 ], [ -111.912141, 40.809305 ], [ -111.916946, 40.810888 ], [ -111.920523, 40.810482 ], [ -111.922606, 40.808031 ], [ -111.922643, 40.807051 ] ] ] } },
{ "type": "Feature", "properties": { "group_index": 0, "value": 900.0, "center": [ -111.9025151976947, 40.78901402117049 ], "point_id": 7 }, "geometry": { "type": "Polygon", "coordinates": [ [ [ -111.947128, 40.784998 ], [ -111.947142, 40.784638 ], [ -111.947143, 40.784562 ], [ -111.946996, 40.783889 ], [ -111.943197, 40.778199 ], [ -111.941407, 40.776358 ], [ -111.939199, 40.77506 ], [ -111.932768, 40.769534 ], [ -111.927834, 40.76634 ], [ -111.924217, 40.763177 ], [ -111.921344, 40.760998 ], [ -111.918533, 40.758868 ], [ -111.9169, 40.757672 ], [ -111.90995, 40.752816 ], [ -111.906637, 40.750138 ], [ -111.903738, 40.747871 ], [ -111.903191, 40.747807 ], [ -111.902284, 40.74781 ], [ -111.901701, 40.747811 ], [ -111.901606, 40.747811 ], [ -111.901346, 40.747969 ], [ -111.898163, 40.750138 ], [ -111.894128, 40.752403 ], [ -111.887989, 40.754347 ], [ -111.887056, 40.754766 ], [ -111.881903, 40.758333 ], [ -111.87589, 40.763205 ], [ -111.873048, 40.765366 ], [ -111.868711, 40.768757 ], [ -111.866921, 40.770507 ], [ -111.866782, 40.772789 ], [ -111.866782, 40.772809 ], [ -111.866782, 40.772844 ], [ -111.866782, 40.772863 ], [ -111.868557, 40.774634 ], [ -111.870043, 40.77576 ], [ -111.87151, 40.77689 ], [ -111.873019, 40.778033 ], [ -111.87451, 40.779166 ], [ -111.876002, 40.780297 ], [ -111.876301, 40.789218 ], [ -111.874412, 40.790712 ], [ -111.872478, 40.796025 ], [ -111.872141, 40.796658 ], [ -111.872028, 40.797194 ], [ -111.872012, 40.797435 ], [ -111.874901, 40.798632 ], [ -111.876388, 40.798122 ], [ -111.877208, 40.79744 ], [ -111.877761, 40.796637 ], [ -111.882768, 40.792559 ], [ -111.888714, 40.794027 ], [ -111.889688, 40.794191 ], [ -111.891305, 40.794355 ], [ -111.891974, 40.794157 ], [ -111.894842, 40.793683 ], [ -111.902755, 40.796155 ], [ -111.904011, 40.797167 ], [ -111.907336, 40.799819 ], [ -111.908014, 40.80036 ], [ -111.908341, 40.800621 ], [ -111.912085, 40.808672 ], [ -111.912141, 40.809305 ], [ -111.914237, 40.817849 ], [ -111.914068, 40.818246 ], [ -111.913864, 40.818926 ], [ -111.913745, 40.819991 ], [ -111.913695, 40.823252 ], [ -111.914842, 40.824815 ], [ -111.918434, 40.825052 ], [ -111.923653, 40.819541 ], [ -111.925265, 40.818566 ], [ -111.926958, 40.816891 ], [ -111.926962, 40.81683 ], [ -111.925268, 40.814966 ], [ -111.922606, 40.808031 ], [ -111.927353, 40.800455 ], [ -111.928562, 40.799676 ], [ -111.930652, 40.798006 ], [ -111.933252, 40.795678 ], [ -111.937911, 40.792848 ], [ -111.940384, 40.790826 ], [ -111.946121, 40.786564 ], [ -111.94703, 40.785424 ], [ -111.947128, 40.784998 ] ] ] } },
{ "type": "Feature", "properties": { "group_index": 0, "value": 300.0, "center": [ -111.908549023737, 40.79826097234693 ], "point_id": 7 }, "geometry": { "type": "Polygon", "coordinates": [ [ [ -111.922311, 40.804414 ], [ -111.91992, 40.800612 ], [ -111.915215, 40.799411 ], [ -111.912788, 40.798515 ], [ -111.908279, 40.795748 ], [ -111.905822, 40.793797 ], [ -111.903952, 40.791237 ], [ -111.903292, 40.790148 ], [ -111.902424, 40.788574 ], [ -111.902371, 40.788526 ], [ -111.89923, 40.787601 ], [ -111.896475, 40.789919 ], [ -111.898473, 40.792294 ], [ -111.899323, 40.793291 ], [ -111.899705, 40.793674 ], [ -111.900141, 40.794048 ], [ -111.902755, 40.796155 ], [ -111.904011, 40.797167 ], [ -111.907336, 40.799819 ], [ -111.911152, 40.800394 ], [ -111.912042, 40.803619 ], [ -111.913677, 40.805839 ], [ -111.915438, 40.808979 ], [ -111.916785, 40.809157 ], [ -111.920364, 40.808774 ], [ -111.921867, 40.806949 ], [ -111.922528, 40.805401 ], [ -111.922311, 40.804414 ] ] ] } },
{ "type": "Feature", "properties": { "group_index": 0, "value": 600.0, "center": [ -111.908549023737, 40.79826097234693 ], "point_id": 7 }, "geometry": { "type": "Polygon", "coordinates": [ [ [ -111.924371, 40.81683 ], [ -111.922579, 40.80875 ], [ -111.922528, 40.805401 ], [ -111.922311, 40.804414 ], [ -111.91992, 40.800612 ], [ -111.919166, 40.795954 ], [ -111.919357, 40.79361 ], [ -111.919367, 40.793172 ], [ -111.919315, 40.792775 ], [ -111.919259, 40.79253 ], [ -111.916938, 40.791565 ], [ -111.916289, 40.79119 ], [ -111.915899, 40.791082 ], [ -111.910439, 40.784087 ], [ -111.910357, 40.782286 ], [ -111.910479, 40.780487 ], [ -111.904638, 40.776195 ], [ -111.899571, 40.774224 ], [ -111.89956, 40.774224 ], [ -111.891247, 40.776608 ], [ -111.888622, 40.778149 ], [ -111.88785, 40.778731 ], [ -111.886483, 40.780599 ], [ -111.886483, 40.780639 ], [ -111.886855, 40.781139 ], [ -111.887856, 40.782331 ], [ -111.889206, 40.783338 ], [ -111.891855, 40.785342 ], [ -111.896475, 40.789919 ], [ -111.898473, 40.792294 ], [ -111.899323, 40.793291 ], [ -111.899705, 40.793674 ], [ -111.900141, 40.794048 ], [ -111.902755, 40.796155 ], [ -111.904011, 40.797167 ], [ -111.907336, 40.799819 ], [ -111.912042, 40.803619 ], [ -111.913677, 40.805839 ], [ -111.915438, 40.808979 ], [ -111.914907, 40.816061 ], [ -111.913136, 40.818016 ], [ -111.912724, 40.818791 ], [ -111.91383, 40.821502 ], [ -111.91491, 40.82378 ], [ -111.918502, 40.824017 ], [ -111.922983, 40.818565 ], [ -111.92436, 40.817132 ], [ -111.924371, 40.81683 ] ] ] } },
{ "type": "Feature", "properties": { "group_index": 0, "value": 900.0, "center": [ -111.908549023737, 40.79826097234693 ], "point_id": 7 }, "geometry": { "type": "Polygon", "coordinates": [ [ [ -111.940221, 40.815103 ], [ -111.940229, 40.814991 ], [ -111.938876, 40.813501 ], [ -111.938431, 40.813168 ], [ -111.933103, 40.810859 ], [ -111.930081, 40.808881 ], [ -111.922528, 40.805401 ], [ -111.924494, 40.799331 ], [ -111.927409, 40.796698 ], [ -111.929764, 40.794621 ], [ -111.929961, 40.794448 ], [ -111.931986, 40.792855 ], [ -111.93323, 40.791483 ], [ -111.933517, 40.790905 ], [ -111.933516, 40.790874 ], [ -111.931997, 40.789255 ], [ -111.929572, 40.782399 ], [ -111.929569, 40.782273 ], [ -111.92827, 40.780629 ], [ -111.925478, 40.778411 ], [ -111.919643, 40.773665 ], [ -111.91466, 40.76995 ], [ -111.911424, 40.767489 ], [ -111.905139, 40.7631 ], [ -111.902441, 40.761179 ], [ -111.899658, 40.760868 ], [ -111.899593, 40.760869 ], [ -111.89956, 40.760869 ], [ -111.899496, 40.760871 ], [ -111.896435, 40.76212 ], [ -111.888126, 40.76544 ], [ -111.886813, 40.76644 ], [ -111.883766, 40.768761 ], [ -111.882707, 40.770212 ], [ -111.881899, 40.77328 ], [ -111.881901, 40.773288 ], [ -111.881929, 40.773387 ], [ -111.881931, 40.773396 ], [ -111.883578, 40.779927 ], [ -111.882356, 40.782953 ], [ -111.880097, 40.786706 ], [ -111.879761, 40.787127 ], [ -111.879013, 40.788021 ], [ -111.878667, 40.78847 ], [ -111.880876, 40.792591 ], [ -111.885822, 40.792563 ], [ -111.887898, 40.7927 ], [ -111.888068, 40.792711 ], [ -111.889415, 40.792781 ], [ -111.889725, 40.792795 ], [ -111.890031, 40.792657 ], [ -111.891699, 40.791695 ], [ -111.899323, 40.793291 ], [ -111.899705, 40.793674 ], [ -111.900141, 40.794048 ], [ -111.902755, 40.796155 ], [ -111.904011, 40.797167 ], [ -111.907336, 40.799819 ], [ -111.912042, 40.803619 ], [ -111.913677, 40.805839 ], [ -111.915438, 40.808979 ], [ -111.914907, 40.816061 ], [ -111.913136, 40.818016 ], [ -111.912724, 40.818791 ], [ -111.913656, 40.823722 ], [ -111.913563, 40.826805 ], [ -111.911258, 40.832616 ], [ -111.911121, 40.832918 ], [ -111.911095, 40.833339 ], [ -111.911552, 40.834492 ], [ -111.913144, 40.835915 ], [ -111.913276, 40.835965 ], [ -111.915285, 40.836208 ], [ -111.915499, 40.835978 ], [ -111.918479, 40.832637 ], [ -111.918758, 40.832091 ], [ -111.91891, 40.831661 ], [ -111.919021, 40.831196 ], [ -111.919087, 40.830559 ], [ -111.919028, 40.829609 ], [ -111.918502, 40.824017 ], [ -111.922983, 40.818565 ], [ -111.926154, 40.818962 ], [ -111.934432, 40.818572 ], [ -111.93634, 40.818577 ], [ -111.939859, 40.818868 ], [ -111.940221, 40.815103 ] ] ] } },
{ "type": "Feature", "properties": { "group_index": 0, "value": 300.0, "center": [ -111.91599408100441, 40.80424516820155 ], "point_id": 7 }, "geometry": { "type": "Polygon", "coordinates": [ [ [ -111.924155, 40.808322 ], [ -111.923762, 40.807691 ], [ -111.922269, 40.802415 ], [ -111.922063, 40.801468 ], [ -111.921807, 40.80081 ], [ -111.921398, 40.800044 ], [ -111.920961, 40.799376 ], [ -111.919365, 40.797005 ], [ -111.918679, 40.79609 ], [ -111.9158, 40.798251 ], [ -111.910901, 40.799402 ], [ -111.909581, 40.797005 ], [ -111.909326, 40.796802 ], [ -111.907081, 40.799616 ], [ -111.907336, 40.799819 ], [ -111.910485, 40.800046 ], [ -111.912042, 40.803619 ], [ -111.912302, 40.807584 ], [ -111.912085, 40.808672 ], [ -111.912138, 40.809247 ], [ -111.912182, 40.810123 ], [ -111.91621, 40.814077 ], [ -111.915123, 40.815694 ], [ -111.915043, 40.81652 ], [ -111.918101, 40.818419 ], [ -111.92067, 40.817727 ], [ -111.922394, 40.813765 ], [ -111.924277, 40.808636 ], [ -111.924155, 40.808322 ] ] ] } },
{ "type": "Feature", "properties": { "group_index": 0, "value": 600.0, "center": [ -111.91599408100441, 40.80424516820155 ], "point_id": 7 }, "geometry": { "type": "Polygon", "coordinates": [ [ [ -111.93384, 40.814972 ], [ -111.930972, 40.813701 ], [ -111.924155, 40.808322 ], [ -111.922269, 40.802415 ], [ -111.922063, 40.801468 ], [ -111.924844, 40.792972 ], [ -111.925028, 40.792856 ], [ -111.92655, 40.791254 ], [ -111.926549, 40.791157 ], [ -111.925037, 40.789256 ], [ -111.920432, 40.785576 ], [ -111.916866, 40.78309 ], [ -111.916832, 40.783089 ], [ -111.909484, 40.785802 ], [ -111.903997, 40.786984 ], [ -111.900232, 40.78526 ], [ -111.900125, 40.785211 ], [ -111.899609, 40.784975 ], [ -111.899565, 40.784975 ], [ -111.895439, 40.788688 ], [ -111.896956, 40.790491 ], [ -111.898473, 40.792294 ], [ -111.899323, 40.793291 ], [ -111.899705, 40.793674 ], [ -111.900141, 40.794048 ], [ -111.902755, 40.796155 ], [ -111.904011, 40.797167 ], [ -111.907081, 40.799616 ], [ -111.907336, 40.799819 ], [ -111.912042, 40.803619 ], [ -111.912302, 40.807584 ], [ -111.912085, 40.808672 ], [ -111.912138, 40.809247 ], [ -111.912182, 40.810123 ], [ -111.915043, 40.81652 ], [ -111.913872, 40.820722 ], [ -111.912165, 40.827609 ], [ -111.91193, 40.828164 ], [ -111.913469, 40.829575 ], [ -111.915494, 40.830519 ], [ -111.91908, 40.830207 ], [ -111.919028, 40.829609 ], [ -111.918358, 40.827098 ], [ -111.918328, 40.82659 ], [ -111.918481, 40.824337 ], [ -111.925161, 40.818566 ], [ -111.926154, 40.818962 ], [ -111.933829, 40.818573 ], [ -111.93384, 40.818573 ], [ -111.93384, 40.814972 ] ] ] } },
{ "type": "Feature", "properties": { "group_index": 0, "value": 900.0, "center": [ -111.91599408100441, 40.80424516820155 ], "point_id": 7 }, "geometry": { "type": "Polygon", "coordinates": [ [ [ -111.940557, 40.821273 ], [ -111.939964, 40.817715 ], [ -111.941794, 40.80951 ], [ -111.941619, 40.806645 ], [ -111.940192, 40.805504 ], [ -111.938597, 40.797084 ], [ -111.939722, 40.795203 ], [ -111.941011, 40.793793 ], [ -111.941796, 40.792977 ], [ -111.942523, 40.791588 ], [ -111.942645, 40.791227 ], [ -111.942648, 40.790942 ], [ -111.942589, 40.790268 ], [ -111.941951, 40.788899 ], [ -111.941177, 40.788108 ], [ -111.940256, 40.787226 ], [ -111.93791, 40.785229 ], [ -111.932656, 40.780705 ], [ -111.926418, 40.776224 ], [ -111.923499, 40.774087 ], [ -111.917263, 40.769893 ], [ -111.916636, 40.769847 ], [ -111.916482, 40.769847 ], [ -111.916396, 40.769918 ], [ -111.913683, 40.771885 ], [ -111.911708, 40.773501 ], [ -111.903163, 40.772361 ], [ -111.90265, 40.771902 ], [ -111.902499, 40.771846 ], [ -111.899743, 40.771742 ], [ -111.899617, 40.77174 ], [ -111.89947, 40.77174 ], [ -111.89945, 40.77174 ], [ -111.892157, 40.773642 ], [ -111.890903, 40.774153 ], [ -111.890271, 40.774523 ], [ -111.884035, 40.778913 ], [ -111.883874, 40.77907 ], [ -111.883637, 40.779585 ], [ -111.883578, 40.779927 ], [ -111.883512, 40.780418 ], [ -111.884223, 40.781476 ], [ -111.885535, 40.783061 ], [ -111.889628, 40.786498 ], [ -111.891639, 40.787471 ], [ -111.898473, 40.792294 ], [ -111.899323, 40.793291 ], [ -111.899705, 40.793674 ], [ -111.900141, 40.794048 ], [ -111.902755, 40.796155 ], [ -111.904011, 40.797167 ], [ -111.907081, 40.799616 ], [ -111.907336, 40.799819 ], [ -111.912042, 40.803619 ], [ -111.912302, 40.807584 ], [ -111.912085, 40.808672 ], [ -111.912138, 40.809247 ], [ -111.912182, 40.810123 ], [ -111.915043, 40.81652 ], [ -111.913872, 40.820722 ], [ -111.912165, 40.827609 ], [ -111.90697, 40.833986 ], [ -111.906485, 40.834388 ], [ -111.904674, 40.836017 ], [ -111.904665, 40.836029 ], [ -111.905079, 40.838521 ], [ -111.90667, 40.841573 ], [ -111.906713, 40.841649 ], [ -111.909568, 40.844048 ], [ -111.909642, 40.844064 ], [ -111.912497, 40.843809 ], [ -111.912792, 40.843666 ], [ -111.913893, 40.84269 ], [ -111.914067, 40.842387 ], [ -111.916404, 40.834748 ], [ -111.91908, 40.830207 ], [ -111.919028, 40.829609 ], [ -111.918358, 40.827098 ], [ -111.918328, 40.82659 ], [ -111.918481, 40.824337 ], [ -111.925161, 40.818566 ], [ -111.926154, 40.818962 ], [ -111.933829, 40.818573 ], [ -111.934385, 40.822623 ], [ -111.934381, 40.823508 ], [ -111.93458, 40.824075 ], [ -111.935097, 40.825488 ], [ -111.935559, 40.826793 ], [ -111.936226, 40.827595 ], [ -111.939152, 40.827023 ], [ -111.940277, 40.824862 ], [ -111.940557, 40.821273 ] ] ] } },
{ "type": "Feature", "properties": { "group_index": 0, "value": 300.0, "center": [ -111.91023672950563, 40.84185300147015 ], "point_id": 7 }, "geometry": { "type": "Polygon", "coordinates": [ [ [ -111.928577, 40.841656 ], [ -111.928589, 40.841131 ], [ -111.928019, 40.840112 ], [ -111.927882, 40.840013 ], [ -111.926995, 40.83989 ], [ -111.92434, 40.839999 ], [ -111.921642, 40.840001 ], [ -111.920224, 40.841136 ], [ -111.918165, 40.841888 ], [ -111.91775, 40.841883 ], [ -111.914826, 40.836656 ], [ -111.91632, 40.833034 ], [ -111.916717, 40.832275 ], [ -111.917043, 40.830984 ], [ -111.917194, 40.830158 ], [ -111.917311, 40.829286 ], [ -111.917382, 40.8284 ], [ -111.913794, 40.828113 ], [ -111.912831, 40.829127 ], [ -111.912846, 40.829937 ], [ -111.907629, 40.832779 ], [ -111.906475, 40.832365 ], [ -111.903085, 40.832787 ], [ -111.899208, 40.836355 ], [ -111.895004, 40.837909 ], [ -111.894582, 40.838301 ], [ -111.894084, 40.84015 ], [ -111.893014, 40.844329 ], [ -111.892993, 40.844507 ], [ -111.894708, 40.847631 ], [ -111.895861, 40.849711 ], [ -111.897074, 40.850941 ], [ -111.901008, 40.852786 ], [ -111.903791, 40.855069 ], [ -111.904138, 40.854986 ], [ -111.910068, 40.854127 ], [ -111.911878, 40.854831 ], [ -111.913668, 40.854104 ], [ -111.916058, 40.849325 ], [ -111.921344, 40.848518 ], [ -111.921534, 40.84852 ], [ -111.922453, 40.847902 ], [ -111.923318, 40.847187 ], [ -111.928011, 40.843711 ], [ -111.928577, 40.841656 ] ] ] } },
{ "type": "Feature", "properties": { "group_index": 0, "value": 600.0, "center": [ -111.91023672950563, 40.84185300147015 ], "point_id": 7 }, "geometry": { "type": "Polygon", "coordinates": [ [ [ -111.946383, 40.840029 ], [ -111.94246, 40.838271 ], [ -111.938267, 40.832159 ], [ -111.93546, 40.830996 ], [ -111.935203, 40.831026 ], [ -111.934892, 40.831329 ], [ -111.934699, 40.831674 ], [ -111.933754, 40.833521 ], [ -111.931572, 40.835806 ], [ -111.931326, 40.83621 ], [ -111.929367, 40.838395 ], [ -111.92434, 40.839999 ], [ -111.921642, 40.840001 ], [ -111.91632, 40.833034 ], [ -111.916717, 40.832275 ], [ -111.917043, 40.830984 ], [ -111.917194, 40.830158 ], [ -111.917311, 40.829286 ], [ -111.917382, 40.8284 ], [ -111.917628, 40.820502 ], [ -111.919459, 40.816507 ], [ -111.916421, 40.814575 ], [ -111.916127, 40.814774 ], [ -111.914351, 40.817634 ], [ -111.907107, 40.821692 ], [ -111.906814, 40.821792 ], [ -111.905561, 40.822264 ], [ -111.897787, 40.825214 ], [ -111.897023, 40.825311 ], [ -111.896908, 40.825361 ], [ -111.896538, 40.825573 ], [ -111.890819, 40.83043 ], [ -111.885372, 40.834634 ], [ -111.884726, 40.835263 ], [ -111.884719, 40.835269 ], [ -111.884263, 40.835724 ], [ -111.883992, 40.836031 ], [ -111.88242, 40.844032 ], [ -111.881711, 40.849511 ], [ -111.882214, 40.852827 ], [ -111.885004, 40.857246 ], [ -111.886914, 40.861012 ], [ -111.892431, 40.866964 ], [ -111.892538, 40.867015 ], [ -111.894499, 40.866815 ], [ -111.901818, 40.866939 ], [ -111.910086, 40.867955 ], [ -111.913686, 40.867936 ], [ -111.916306, 40.866013 ], [ -111.919773, 40.863425 ], [ -111.922978, 40.860148 ], [ -111.929803, 40.855405 ], [ -111.930906, 40.854821 ], [ -111.931777, 40.854103 ], [ -111.937245, 40.849993 ], [ -111.942208, 40.847019 ], [ -111.943424, 40.845906 ], [ -111.945477, 40.843513 ], [ -111.946383, 40.840029 ] ] ] } },
{ "type": "Feature", "properties": { "group_index": 0, "value": 900.0, "center": [ -111.91023672950563, 40.84185300147015 ], "point_id": 7 }, "geometry": { "type": "Polygon", "coordinates": [ [ [ -111.960357, 40.840393 ], [ -111.960348, 40.836793 ], [ -111.954893, 40.834375 ], [ -111.954294, 40.834369 ], [ -111.953726, 40.834445 ], [ -111.952169, 40.836265 ], [ -111.944459, 40.834054 ], [ -111.944413, 40.831509 ], [ -111.94436, 40.831318 ], [ -111.944294, 40.831052 ], [ -111.9438, 40.83033 ], [ -111.942706, 40.822822 ], [ -111.942839, 40.822243 ], [ -111.942864, 40.821916 ], [ -111.942828, 40.821246 ], [ -111.942545, 40.820411 ], [ -111.939401, 40.818215 ], [ -111.938909, 40.81821 ], [ -111.93629, 40.818367 ], [ -111.936163, 40.819762 ], [ -111.93597, 40.821614 ], [ -111.933125, 40.828491 ], [ -111.930057, 40.829836 ], [ -111.926706, 40.829836 ], [ -111.926707, 40.833436 ], [ -111.921642, 40.840001 ], [ -111.91632, 40.833034 ], [ -111.916717, 40.832275 ], [ -111.917043, 40.830984 ], [ -111.917194, 40.830158 ], [ -111.917311, 40.829286 ], [ -111.917382, 40.8284 ], [ -111.917628, 40.820502 ], [ -111.919459, 40.816507 ], [ -111.920571, 40.812328 ], [ -111.922644, 40.806889 ], [ -111.922643, 40.806426 ], [ -111.922601, 40.805791 ], [ -111.92248, 40.80524 ], [ -111.922299, 40.804332 ], [ -111.920152, 40.802705 ], [ -111.918359, 40.801668 ], [ -111.915831, 40.802012 ], [ -111.913607, 40.804843 ], [ -111.914015, 40.810225 ], [ -111.914983, 40.812971 ], [ -111.914351, 40.817634 ], [ -111.906865, 40.817167 ], [ -111.906427, 40.816581 ], [ -111.906246, 40.816443 ], [ -111.904483, 40.815337 ], [ -111.900926, 40.816075 ], [ -111.90079, 40.816101 ], [ -111.8934, 40.820871 ], [ -111.890925, 40.822741 ], [ -111.884483, 40.824088 ], [ -111.880495, 40.82504 ], [ -111.876067, 40.827772 ], [ -111.874368, 40.830946 ], [ -111.873921, 40.83767 ], [ -111.870228, 40.841753 ], [ -111.869951, 40.842031 ], [ -111.869848, 40.842158 ], [ -111.870131, 40.84434 ], [ -111.870316, 40.850486 ], [ -111.868145, 40.853358 ], [ -111.869304, 40.859907 ], [ -111.872538, 40.866418 ], [ -111.873118, 40.867162 ], [ -111.874952, 40.869397 ], [ -111.876132, 40.87029 ], [ -111.880501, 40.87379 ], [ -111.883556, 40.878131 ], [ -111.883609, 40.878156 ], [ -111.892202, 40.880572 ], [ -111.892227, 40.880572 ], [ -111.892663, 40.880157 ], [ -111.901539, 40.88025 ], [ -111.901893, 40.880296 ], [ -111.909993, 40.881084 ], [ -111.913593, 40.881102 ], [ -111.9161, 40.879895 ], [ -111.917831, 40.878941 ], [ -111.920245, 40.87649 ], [ -111.924819, 40.872552 ], [ -111.931802, 40.867524 ], [ -111.933913, 40.865996 ], [ -111.940388, 40.861796 ], [ -111.944427, 40.859206 ], [ -111.945162, 40.85859 ], [ -111.94505, 40.856973 ], [ -111.944974, 40.855789 ], [ -111.944776, 40.853695 ], [ -111.944783, 40.853414 ], [ -111.944627, 40.851758 ], [ -111.944628, 40.851465 ], [ -111.944557, 40.850583 ], [ -111.944539, 40.850013 ], [ -111.945477, 40.843513 ], [ -111.949031, 40.841967 ], [ -111.953938, 40.844589 ], [ -111.956209, 40.846241 ], [ -111.957295, 40.846957 ], [ -111.957838, 40.847169 ], [ -111.958377, 40.846204 ], [ -111.960357, 40.840393 ] ] ] } },
{ "type": "Feature", "properties": { "group_index": 0, "value": 300.0, "center": [ -111.90671596841368, 40.84841602008888 ], "point_id": 7 }, "geometry": { "type": "Polygon", "coordinates": [ [ [ -111.919923, 40.842274 ], [ -111.918658, 40.84009 ], [ -111.914962, 40.836215 ], [ -111.911856, 40.835048 ], [ -111.911524, 40.835149 ], [ -111.908853, 40.836026 ], [ -111.907739, 40.836471 ], [ -111.905553, 40.837799 ], [ -111.900645, 40.839637 ], [ -111.899932, 40.84 ], [ -111.899673, 40.840513 ], [ -111.899571, 40.841425 ], [ -111.897534, 40.845172 ], [ -111.893713, 40.844782 ], [ -111.893576, 40.844686 ], [ -111.892485, 40.844954 ], [ -111.891205, 40.845223 ], [ -111.890456, 40.84588 ], [ -111.890071, 40.846615 ], [ -111.889939, 40.847039 ], [ -111.889382, 40.849173 ], [ -111.890778, 40.852413 ], [ -111.893317, 40.856107 ], [ -111.894026, 40.857065 ], [ -111.896782, 40.861135 ], [ -111.897022, 40.861239 ], [ -111.898587, 40.861562 ], [ -111.901204, 40.861961 ], [ -111.901318, 40.861969 ], [ -111.902717, 40.861685 ], [ -111.902921, 40.861463 ], [ -111.904284, 40.859581 ], [ -111.905109, 40.857134 ], [ -111.910072, 40.857956 ], [ -111.911859, 40.859501 ], [ -111.912121, 40.859503 ], [ -111.912541, 40.859163 ], [ -111.913672, 40.857956 ], [ -111.913672, 40.857701 ], [ -111.913673, 40.854835 ], [ -111.911983, 40.851071 ], [ -111.913161, 40.847662 ], [ -111.914348, 40.846209 ], [ -111.918641, 40.84369 ], [ -111.919861, 40.842555 ], [ -111.919923, 40.842274 ] ] ] } },
{ "type": "Feature", "properties": { "group_index": 0, "value": 600.0, "center": [ -111.90671596841368, 40.84841602008888 ], "point_id": 7 }, "geometry": { "type": "Polygon", "coordinates": [ [ [ -111.938275, 40.841864 ], [ -111.934033, 40.836885 ], [ -111.934005, 40.836878 ], [ -111.931981, 40.837707 ], [ -111.929367, 40.838395 ], [ -111.92434, 40.839999 ], [ -111.921642, 40.840001 ], [ -111.91632, 40.833034 ], [ -111.916717, 40.832275 ], [ -111.917043, 40.830984 ], [ -111.917194, 40.830158 ], [ -111.917311, 40.829286 ], [ -111.917394, 40.828236 ], [ -111.917484, 40.825686 ], [ -111.917571, 40.823206 ], [ -111.917657, 40.822052 ], [ -111.917508, 40.82189 ], [ -111.913921, 40.82158 ], [ -111.913795, 40.822109 ], [ -111.913662, 40.823618 ], [ -111.905758, 40.826803 ], [ -111.903231, 40.826853 ], [ -111.901781, 40.826989 ], [ -111.894876, 40.831435 ], [ -111.887251, 40.834379 ], [ -111.886326, 40.834589 ], [ -111.885082, 40.834916 ], [ -111.879229, 40.840357 ], [ -111.879003, 40.840578 ], [ -111.877333, 40.848048 ], [ -111.875454, 40.853499 ], [ -111.87545, 40.853623 ], [ -111.877502, 40.857259 ], [ -111.880317, 40.863659 ], [ -111.88065, 40.863911 ], [ -111.887167, 40.870086 ], [ -111.888181, 40.871948 ], [ -111.888365, 40.87225 ], [ -111.888931, 40.872828 ], [ -111.892126, 40.874062 ], [ -111.892253, 40.87406 ], [ -111.898175, 40.873021 ], [ -111.902122, 40.874094 ], [ -111.902167, 40.874094 ], [ -111.904505, 40.872581 ], [ -111.911888, 40.872809 ], [ -111.912366, 40.87282 ], [ -111.913689, 40.871908 ], [ -111.91678, 40.869155 ], [ -111.918049, 40.867427 ], [ -111.924852, 40.863423 ], [ -111.925647, 40.862306 ], [ -111.925856, 40.861417 ], [ -111.925858, 40.861128 ], [ -111.924851, 40.859823 ], [ -111.922389, 40.853078 ], [ -111.927488, 40.849613 ], [ -111.927753, 40.849613 ], [ -111.92888, 40.849259 ], [ -111.930808, 40.847921 ], [ -111.931795, 40.847309 ], [ -111.936475, 40.843735 ], [ -111.938275, 40.841866 ], [ -111.938275, 40.841864 ] ] ] } },
{ "type": "Feature", "properties": { "group_index": 0, "value": 900.0, "center": [ -111.90671596841368, 40.84841602008888 ], "point_id": 7 }, "geometry": { "type": "Polygon", "coordinates": [ [ [ -111.955916, 40.841628 ], [ -111.95414, 40.840153 ], [ -111.946314, 40.83651 ], [ -111.945632, 40.835716 ], [ -111.942485, 40.829788 ], [ -111.941018, 40.827943 ], [ -111.939236, 40.825714 ], [ -111.935643, 40.825483 ], [ -111.932684, 40.829431 ], [ -111.932145, 40.830175 ], [ -111.932336, 40.832763 ], [ -111.929367, 40.838395 ], [ -111.92434, 40.839999 ], [ -111.921642, 40.840001 ], [ -111.91632, 40.833034 ], [ -111.916717, 40.832275 ], [ -111.917043, 40.830984 ], [ -111.917194, 40.830158 ], [ -111.917311, 40.829286 ], [ -111.917394, 40.828236 ], [ -111.917484, 40.825686 ], [ -111.917571, 40.823206 ], [ -111.917657, 40.822052 ], [ -111.919887, 40.815813 ], [ -111.920221, 40.815106 ], [ -111.920522, 40.814111 ], [ -111.920571, 40.812328 ], [ -111.920355, 40.810538 ], [ -111.92025, 40.809483 ], [ -111.920168, 40.80862 ], [ -111.918268, 40.808552 ], [ -111.917473, 40.808579 ], [ -111.916584, 40.808961 ], [ -111.916462, 40.80989 ], [ -111.914886, 40.816046 ], [ -111.914351, 40.817634 ], [ -111.914129, 40.818092 ], [ -111.913937, 40.818631 ], [ -111.905256, 40.820465 ], [ -111.901639, 40.82002 ], [ -111.893084, 40.822741 ], [ -111.891955, 40.82368 ], [ -111.884656, 40.825266 ], [ -111.882838, 40.824653 ], [ -111.881657, 40.824906 ], [ -111.87622, 40.827854 ], [ -111.874522, 40.831029 ], [ -111.874926, 40.836088 ], [ -111.868678, 40.837894 ], [ -111.868158, 40.837746 ], [ -111.867436, 40.837676 ], [ -111.866854, 40.837758 ], [ -111.866484, 40.837884 ], [ -111.866067, 40.838119 ], [ -111.865623, 40.838516 ], [ -111.865201, 40.83924 ], [ -111.865071, 40.84005 ], [ -111.865206, 40.840741 ], [ -111.863749, 40.84786 ], [ -111.861998, 40.849566 ], [ -111.861997, 40.849573 ], [ -111.864589, 40.85795 ], [ -111.864789, 40.859117 ], [ -111.866266, 40.86721 ], [ -111.867189, 40.869119 ], [ -111.867344, 40.869288 ], [ -111.870419, 40.872402 ], [ -111.875583, 40.879271 ], [ -111.876998, 40.881112 ], [ -111.879764, 40.884124 ], [ -111.880718, 40.884631 ], [ -111.885584, 40.886453 ], [ -111.89209, 40.887379 ], [ -111.892535, 40.887297 ], [ -111.898993, 40.885869 ], [ -111.903327, 40.88421 ], [ -111.910852, 40.88604 ], [ -111.911815, 40.886695 ], [ -111.911865, 40.886693 ], [ -111.912846, 40.885921 ], [ -111.913564, 40.884942 ], [ -111.920579, 40.879918 ], [ -111.921605, 40.879875 ], [ -111.925452, 40.876494 ], [ -111.930772, 40.872403 ], [ -111.934508, 40.869273 ], [ -111.938284, 40.865994 ], [ -111.942621, 40.863424 ], [ -111.943412, 40.861237 ], [ -111.943474, 40.860726 ], [ -111.943476, 40.860494 ], [ -111.942963, 40.859443 ], [ -111.944562, 40.850663 ], [ -111.944539, 40.850013 ], [ -111.947784, 40.842202 ], [ -111.952845, 40.843857 ], [ -111.95314, 40.843957 ], [ -111.95416, 40.843753 ], [ -111.955926, 40.841681 ], [ -111.955916, 40.841628 ] ] ] } },
{ "type": "Feature", "properties": { "group_index": 0, "value": 300.0, "center": [ -111.90140228543007, 40.85521915669211 ], "point_id": 7 }, "geometry": { "type": "Polygon", "coordinates": [ [ [ -111.910124, 40.859829 ], [ -111.909834, 40.853874 ], [ -111.912039, 40.852815 ], [ -111.912964, 40.852628 ], [ -111.913658, 40.852456 ], [ -111.914263, 40.851424 ], [ -111.913631, 40.846663 ], [ -111.913149, 40.845862 ], [ -111.910194, 40.842048 ], [ -111.909666, 40.841813 ], [ -111.909495, 40.841765 ], [ -111.904122, 40.841871 ], [ -111.903466, 40.841648 ], [ -111.903418, 40.841649 ], [ -111.902405, 40.841971 ], [ -111.897972, 40.843364 ], [ -111.894784, 40.845681 ], [ -111.89205, 40.84618 ], [ -111.891681, 40.846348 ], [ -111.891636, 40.84638 ], [ -111.888439, 40.849842 ], [ -111.885606, 40.852506 ], [ -111.883612, 40.855163 ], [ -111.88361, 40.855368 ], [ -111.885061, 40.857246 ], [ -111.886914, 40.861012 ], [ -111.887216, 40.861918 ], [ -111.88753, 40.862857 ], [ -111.887559, 40.862892 ], [ -111.890765, 40.866734 ], [ -111.893207, 40.868028 ], [ -111.893401, 40.868029 ], [ -111.894185, 40.867855 ], [ -111.899442, 40.867788 ], [ -111.902169, 40.868548 ], [ -111.902169, 40.868548 ], [ -111.903841, 40.866865 ], [ -111.908672, 40.86437 ], [ -111.910122, 40.863429 ], [ -111.910124, 40.859829 ] ] ] } },
{ "type": "Feature", "properties": { "group_index": 0, "value": 600.0, "center": [ -111.90140228543007, 40.85521915669211 ], "point_id": 7 }, "geometry": { "type": "Polygon", "coordinates": [ [ [ -111.927959, 40.859822 ], [ -111.923629, 40.856549 ], [ -111.920924, 40.854504 ], [ -111.92312, 40.845811 ], [ -111.923311, 40.845811 ], [ -111.925989, 40.843707 ], [ -111.927589, 40.842048 ], [ -111.927591, 40.84193 ], [ -111.925995, 40.840107 ], [ -111.925875, 40.840009 ], [ -111.924018, 40.839784 ], [ -111.923105, 40.839768 ], [ -111.921642, 40.840001 ], [ -111.91632, 40.833034 ], [ -111.916717, 40.832275 ], [ -111.917043, 40.830984 ], [ -111.917172, 40.83029 ], [ -111.913632, 40.829632 ], [ -111.906516, 40.832284 ], [ -111.903166, 40.832099 ], [ -111.896898, 40.835175 ], [ -111.888879, 40.835548 ], [ -111.888583, 40.835514 ], [ -111.8885, 40.835516 ], [ -111.887996, 40.835665 ], [ -111.886757, 40.836354 ], [ -111.881702, 40.840332 ], [ -111.879452, 40.842702 ], [ -111.873251, 40.849052 ], [ -111.870632, 40.850737 ], [ -111.868178, 40.853371 ], [ -111.869315, 40.859915 ], [ -111.872598, 40.866398 ], [ -111.873668, 40.867817 ], [ -111.874952, 40.869397 ], [ -111.877034, 40.871626 ], [ -111.881668, 40.877706 ], [ -111.883048, 40.879273 ], [ -111.886555, 40.880391 ], [ -111.892263, 40.881986 ], [ -111.892306, 40.881985 ], [ -111.900138, 40.881209 ], [ -111.901993, 40.88158 ], [ -111.902235, 40.881644 ], [ -111.902365, 40.881667 ], [ -111.904346, 40.880077 ], [ -111.907688, 40.87773 ], [ -111.912873, 40.874952 ], [ -111.916119, 40.872049 ], [ -111.921769, 40.86705 ], [ -111.924285, 40.865885 ], [ -111.92796, 40.863422 ], [ -111.927959, 40.859822 ] ] ] } },
{ "type": "Feature", "properties": { "group_index": 0, "value": 900.0, "center": [ -111.90140228543007, 40.85521915669211 ], "point_id": 7 }, "geometry": { "type": "Polygon", "coordinates": [ [ [ -111.944493, 40.860309 ], [ -111.944492, 40.860017 ], [ -111.944369, 40.858472 ], [ -111.942103, 40.856788 ], [ -111.940569, 40.8553 ], [ -111.940386, 40.855054 ], [ -111.941118, 40.846274 ], [ -111.942585, 40.845254 ], [ -111.944188, 40.843296 ], [ -111.944227, 40.839697 ], [ -111.937919, 40.83395 ], [ -111.934602, 40.832552 ], [ -111.933971, 40.833499 ], [ -111.931572, 40.835806 ], [ -111.931326, 40.83621 ], [ -111.924018, 40.839784 ], [ -111.923105, 40.839768 ], [ -111.921642, 40.840001 ], [ -111.91632, 40.833034 ], [ -111.916717, 40.832275 ], [ -111.917043, 40.830984 ], [ -111.917172, 40.83029 ], [ -111.917119, 40.82828 ], [ -111.917628, 40.820502 ], [ -111.918921, 40.817353 ], [ -111.915883, 40.815421 ], [ -111.915709, 40.815448 ], [ -111.914351, 40.817634 ], [ -111.907277, 40.82161 ], [ -111.903952, 40.822494 ], [ -111.895987, 40.82442 ], [ -111.892579, 40.827214 ], [ -111.885007, 40.826759 ], [ -111.882058, 40.825752 ], [ -111.877971, 40.829037 ], [ -111.87775, 40.829236 ], [ -111.87731, 40.829661 ], [ -111.877026, 40.830273 ], [ -111.876572, 40.831762 ], [ -111.872668, 40.83664 ], [ -111.867436, 40.837676 ], [ -111.866854, 40.837758 ], [ -111.866484, 40.837884 ], [ -111.866067, 40.838119 ], [ -111.865623, 40.838516 ], [ -111.865201, 40.83924 ], [ -111.862445, 40.843933 ], [ -111.855359, 40.845057 ], [ -111.853924, 40.848359 ], [ -111.858, 40.855642 ], [ -111.857722, 40.857439 ], [ -111.857957, 40.865659 ], [ -111.860094, 40.873021 ], [ -111.861537, 40.875632 ], [ -111.861922, 40.875928 ], [ -111.868207, 40.88165 ], [ -111.870435, 40.884289 ], [ -111.870569, 40.884439 ], [ -111.872175, 40.886104 ], [ -111.873367, 40.887001 ], [ -111.874772, 40.888063 ], [ -111.876175, 40.889121 ], [ -111.879699, 40.89179 ], [ -111.880307, 40.892228 ], [ -111.885537, 40.894301 ], [ -111.89189, 40.89536 ], [ -111.892022, 40.895376 ], [ -111.892222, 40.895388 ], [ -111.892355, 40.895389 ], [ -111.894033, 40.893715 ], [ -111.902048, 40.891899 ], [ -111.902393, 40.891915 ], [ -111.90275, 40.891897 ], [ -111.903236, 40.89185 ], [ -111.911536, 40.888954 ], [ -111.911758, 40.888955 ], [ -111.913561, 40.888716 ], [ -111.917204, 40.884652 ], [ -111.922669, 40.878084 ], [ -111.928428, 40.876493 ], [ -111.93556, 40.871418 ], [ -111.937808, 40.86945 ], [ -111.942758, 40.864248 ], [ -111.943728, 40.86247 ], [ -111.944247, 40.861148 ], [ -111.944493, 40.860309 ] ] ] } },
{ "type": "Feature", "properties": { "group_index": 0, "value": 300.0, "center": [ -111.89631315763577, 40.86160401160543 ], "point_id": 7 }, "geometry": { "type": "Polygon", "coordinates": [ [ [ -111.915126, 40.861268 ], [ -111.913807, 40.859827 ], [ -111.9104, 40.856733 ], [ -111.908781, 40.853104 ], [ -111.906499, 40.849276 ], [ -111.901948, 40.847931 ], [ -111.901771, 40.847931 ], [ -111.896001, 40.849282 ], [ -111.895275, 40.849285 ], [ -111.890511, 40.851353 ], [ -111.886569, 40.853646 ], [ -111.884235, 40.856279 ], [ -111.881255, 40.858177 ], [ -111.878956, 40.859632 ], [ -111.878502, 40.863494 ], [ -111.879283, 40.865204 ], [ -111.87971, 40.866105 ], [ -111.879779, 40.866124 ], [ -111.881592, 40.866561 ], [ -111.884811, 40.871415 ], [ -111.886908, 40.873872 ], [ -111.887527, 40.874317 ], [ -111.890532, 40.874675 ], [ -111.894033, 40.87425 ], [ -111.898235, 40.872248 ], [ -111.902621, 40.870896 ], [ -111.903581, 40.870299 ], [ -111.905035, 40.868531 ], [ -111.907426, 40.863344 ], [ -111.908539, 40.863344 ], [ -111.912098, 40.863513 ], [ -111.912525, 40.863511 ], [ -111.913808, 40.863427 ], [ -111.915056, 40.86179 ], [ -111.915126, 40.861268 ] ] ] } },
{ "type": "Feature", "properties": { "group_index": 0, "value": 600.0, "center": [ -111.89631315763577, 40.86160401160543 ], "point_id": 7 }, "geometry": { "type": "Polygon", "coordinates": [ [ [ -111.931887, 40.862737 ], [ -111.931872, 40.861784 ], [ -111.931713, 40.859836 ], [ -111.927058, 40.856533 ], [ -111.921684, 40.852517 ], [ -111.921133, 40.85196 ], [ -111.920779, 40.851639 ], [ -111.920588, 40.851639 ], [ -111.914484, 40.845084 ], [ -111.916188, 40.84366 ], [ -111.916611, 40.841616 ], [ -111.916616, 40.841084 ], [ -111.916168, 40.84006 ], [ -111.914489, 40.838187 ], [ -111.912506, 40.83653 ], [ -111.912392, 40.836531 ], [ -111.904669, 40.837246 ], [ -111.90257, 40.83774 ], [ -111.894032, 40.839109 ], [ -111.889214, 40.839711 ], [ -111.888293, 40.839855 ], [ -111.887761, 40.8401 ], [ -111.887635, 40.840184 ], [ -111.882426, 40.844627 ], [ -111.875403, 40.848447 ], [ -111.874942, 40.848777 ], [ -111.868702, 40.853797 ], [ -111.86468, 40.858403 ], [ -111.863806, 40.866976 ], [ -111.866059, 40.871128 ], [ -111.866983, 40.872222 ], [ -111.869366, 40.874238 ], [ -111.873846, 40.880188 ], [ -111.874531, 40.881106 ], [ -111.880083, 40.886078 ], [ -111.88563, 40.888307 ], [ -111.892019, 40.889327 ], [ -111.892106, 40.889327 ], [ -111.89256, 40.889212 ], [ -111.894602, 40.887892 ], [ -111.901674, 40.884028 ], [ -111.901898, 40.883884 ], [ -111.904084, 40.882456 ], [ -111.91101, 40.878249 ], [ -111.914279, 40.876516 ], [ -111.919081, 40.872793 ], [ -111.924463, 40.868553 ], [ -111.931727, 40.863436 ], [ -111.931887, 40.862737 ] ] ] } },
{ "type": "Feature", "properties": { "group_index": 0, "value": 900.0, "center": [ -111.89631315763577, 40.86160401160543 ], "point_id": 7 }, "geometry": { "type": "Polygon", "coordinates": [ [ [ -111.944134, 40.863837 ], [ -111.944082, 40.857744 ], [ -111.943147, 40.854425 ], [ -111.941632, 40.852753 ], [ -111.940733, 40.852125 ], [ -111.939559, 40.8516 ], [ -111.93951, 40.851578 ], [ -111.938913, 40.85134 ], [ -111.93549, 40.849551 ], [ -111.935501, 40.841874 ], [ -111.935488, 40.841776 ], [ -111.934014, 40.840128 ], [ -111.930905, 40.83746 ], [ -111.929406, 40.83711 ], [ -111.928335, 40.837716 ], [ -111.927465, 40.838547 ], [ -111.92434, 40.839999 ], [ -111.921642, 40.840001 ], [ -111.91632, 40.833034 ], [ -111.916717, 40.832275 ], [ -111.917043, 40.830984 ], [ -111.917194, 40.830158 ], [ -111.917311, 40.829286 ], [ -111.917394, 40.828236 ], [ -111.917471, 40.826052 ], [ -111.917549, 40.823868 ], [ -111.913951, 40.82374 ], [ -111.905757, 40.8268 ], [ -111.902744, 40.826678 ], [ -111.902272, 40.826648 ], [ -111.902062, 40.826777 ], [ -111.900886, 40.82754 ], [ -111.892508, 40.829075 ], [ -111.890968, 40.829165 ], [ -111.884826, 40.828972 ], [ -111.881099, 40.829659 ], [ -111.880658, 40.829775 ], [ -111.876754, 40.834248 ], [ -111.871714, 40.838862 ], [ -111.868371, 40.84055 ], [ -111.868234, 40.840712 ], [ -111.863451, 40.845104 ], [ -111.856654, 40.845636 ], [ -111.855312, 40.845848 ], [ -111.855068, 40.846073 ], [ -111.854901, 40.84878 ], [ -111.855343, 40.849027 ], [ -111.856548, 40.857816 ], [ -111.854412, 40.860121 ], [ -111.851259, 40.865712 ], [ -111.850033, 40.867121 ], [ -111.849149, 40.871955 ], [ -111.849339, 40.872369 ], [ -111.849638, 40.872603 ], [ -111.850033, 40.872772 ], [ -111.854624, 40.876395 ], [ -111.856353, 40.879615 ], [ -111.856422, 40.879761 ], [ -111.856894, 40.880682 ], [ -111.857853, 40.882071 ], [ -111.85809, 40.882387 ], [ -111.861494, 40.885717 ], [ -111.864398, 40.887891 ], [ -111.868961, 40.89146 ], [ -111.875361, 40.896555 ], [ -111.877558, 40.898156 ], [ -111.878983, 40.899056 ], [ -111.885, 40.901418 ], [ -111.885443, 40.901509 ], [ -111.89241, 40.901725 ], [ -111.892803, 40.90133 ], [ -111.892886, 40.901197 ], [ -111.893208, 40.900635 ], [ -111.900716, 40.895787 ], [ -111.901586, 40.895783 ], [ -111.901776, 40.895737 ], [ -111.902007, 40.895651 ], [ -111.902547, 40.895041 ], [ -111.903828, 40.893728 ], [ -111.910891, 40.891638 ], [ -111.911769, 40.891657 ], [ -111.915277, 40.889498 ], [ -111.919642, 40.885885 ], [ -111.919623, 40.882285 ], [ -111.922669, 40.878084 ], [ -111.929785, 40.878017 ], [ -111.930002, 40.878018 ], [ -111.932577, 40.876426 ], [ -111.935611, 40.874395 ], [ -111.939628, 40.870315 ], [ -111.94404, 40.865525 ], [ -111.944094, 40.86542 ], [ -111.944134, 40.863837 ] ] ] } },
{ "type": "Feature", "properties": { "group_index": 0, "value": 300.0, "center": [ -111.89228893817129, 40.86712801416483 ], "point_id": 7 }, "geometry": { "type": "Polygon", "coordinates": [ [ [ -111.907191, 40.861612 ], [ -111.904534, 40.858393 ], [ -111.901231, 40.854279 ], [ -111.901106, 40.854228 ], [ -111.900562, 40.854021 ], [ -111.900499, 40.854006 ], [ -111.89534, 40.854224 ], [ -111.894144, 40.853925 ], [ -111.892366, 40.853617 ], [ -111.891377, 40.853648 ], [ -111.890842, 40.854758 ], [ -111.887222, 40.857987 ], [ -111.885791, 40.858061 ], [ -111.884788, 40.858064 ], [ -111.880929, 40.860976 ], [ -111.879319, 40.865072 ], [ -111.879556, 40.870926 ], [ -111.879557, 40.871127 ], [ -111.880981, 40.873004 ], [ -111.884043, 40.877782 ], [ -111.887842, 40.878722 ], [ -111.890423, 40.880586 ], [ -111.892216, 40.882326 ], [ -111.892298, 40.882327 ], [ -111.893782, 40.881211 ], [ -111.897866, 40.877772 ], [ -111.900001, 40.876534 ], [ -111.901061, 40.874676 ], [ -111.901064, 40.87419 ], [ -111.899988, 40.872934 ], [ -111.898274, 40.870105 ], [ -111.898441, 40.865312 ], [ -111.903815, 40.863968 ], [ -111.905461, 40.863438 ], [ -111.907191, 40.861637 ], [ -111.907191, 40.861612 ] ] ] } },
{ "type": "Feature", "properties": { "group_index": 0, "value": 600.0, "center": [ -111.89228893817129, 40.86712801416483 ], "point_id": 7 }, "geometry": { "type": "Polygon", "coordinates": [ [ [ -111.924967, 40.861617 ], [ -111.92327, 40.859824 ], [ -111.922379, 40.859589 ], [ -111.916314, 40.855846 ], [ -111.914133, 40.851572 ], [ -111.913631, 40.847186 ], [ -111.913631, 40.846931 ], [ -111.909998, 40.841995 ], [ -111.909825, 40.841858 ], [ -111.909759, 40.84184 ], [ -111.903614, 40.841813 ], [ -111.902164, 40.842172 ], [ -111.893586, 40.844149 ], [ -111.890173, 40.843717 ], [ -111.887647, 40.843802 ], [ -111.887505, 40.843947 ], [ -111.879921, 40.848442 ], [ -111.872235, 40.85254 ], [ -111.868281, 40.856328 ], [ -111.867787, 40.856971 ], [ -111.864429, 40.86343 ], [ -111.861934, 40.870384 ], [ -111.863395, 40.873017 ], [ -111.868555, 40.879547 ], [ -111.870767, 40.882151 ], [ -111.874819, 40.886092 ], [ -111.878721, 40.889095 ], [ -111.880351, 40.890147 ], [ -111.884531, 40.892216 ], [ -111.892164, 40.895835 ], [ -111.89222, 40.895836 ], [ -111.892751, 40.89576 ], [ -111.892803, 40.895745 ], [ -111.894974, 40.89327 ], [ -111.895654, 40.892267 ], [ -111.900483, 40.886804 ], [ -111.903824, 40.886597 ], [ -111.905181, 40.88594 ], [ -111.91178, 40.880857 ], [ -111.913508, 40.87993 ], [ -111.913674, 40.879849 ], [ -111.915228, 40.87907 ], [ -111.917819, 40.876501 ], [ -111.918589, 40.874474 ], [ -111.918575, 40.874287 ], [ -111.917801, 40.872901 ], [ -111.917717, 40.867196 ], [ -111.922592, 40.863927 ], [ -111.923271, 40.863424 ], [ -111.924967, 40.861678 ], [ -111.924967, 40.861617 ] ] ] } },
{ "type": "Feature", "properties": { "group_index": 0, "value": 900.0, "center": [ -111.89228893817129, 40.86712801416483 ], "point_id": 7 }, "geometry": { "type": "Polygon", "coordinates": [ [ [ -111.942525, 40.860942 ], [ -111.939179, 40.857785 ], [ -111.934592, 40.854173 ], [ -111.93036, 40.850974 ], [ -111.928391, 40.850183 ], [ -111.927036, 40.841942 ], [ -111.925641, 40.840107 ], [ -111.925521, 40.840006 ], [ -111.924018, 40.839784 ], [ -111.923316, 40.839772 ], [ -111.921642, 40.840001 ], [ -111.91632, 40.833034 ], [ -111.916717, 40.832275 ], [ -111.917012, 40.831121 ], [ -111.916873, 40.830988 ], [ -111.913367, 40.830169 ], [ -111.905572, 40.831505 ], [ -111.905569, 40.831505 ], [ -111.903085, 40.832722 ], [ -111.897353, 40.834515 ], [ -111.893753, 40.834544 ], [ -111.887864, 40.832328 ], [ -111.882388, 40.833328 ], [ -111.881531, 40.834866 ], [ -111.88149, 40.836204 ], [ -111.874656, 40.841662 ], [ -111.874256, 40.841598 ], [ -111.866598, 40.845457 ], [ -111.85955, 40.847173 ], [ -111.859372, 40.847209 ], [ -111.858595, 40.847805 ], [ -111.858413, 40.848075 ], [ -111.857517, 40.850295 ], [ -111.857206, 40.855095 ], [ -111.856025, 40.85884 ], [ -111.849988, 40.864421 ], [ -111.849511, 40.864807 ], [ -111.845335, 40.867515 ], [ -111.845319, 40.867532 ], [ -111.845711, 40.870245 ], [ -111.850109, 40.876341 ], [ -111.850588, 40.876945 ], [ -111.855404, 40.884498 ], [ -111.857444, 40.887297 ], [ -111.859847, 40.889248 ], [ -111.866901, 40.894054 ], [ -111.867859, 40.894728 ], [ -111.869432, 40.89581 ], [ -111.871552, 40.897255 ], [ -111.876792, 40.901638 ], [ -111.878334, 40.902725 ], [ -111.884808, 40.906003 ], [ -111.885186, 40.906073 ], [ -111.888063, 40.906388 ], [ -111.891663, 40.906415 ], [ -111.891676, 40.904681 ], [ -111.897084, 40.899226 ], [ -111.901521, 40.901462 ], [ -111.902166, 40.901496 ], [ -111.902606, 40.9015 ], [ -111.904415, 40.900237 ], [ -111.910086, 40.895823 ], [ -111.913646, 40.893427 ], [ -111.917721, 40.890629 ], [ -111.923182, 40.885866 ], [ -111.92908, 40.879778 ], [ -111.931792, 40.878968 ], [ -111.93418, 40.877524 ], [ -111.936366, 40.875118 ], [ -111.936478, 40.874884 ], [ -111.936538, 40.874636 ], [ -111.936071, 40.873 ], [ -111.936881, 40.865986 ], [ -111.939391, 40.864472 ], [ -111.941398, 40.863231 ], [ -111.942569, 40.861155 ], [ -111.942525, 40.860942 ] ] ] } },
{ "type": "Feature", "properties": { "group_index": 0, "value": 300.0, "center": [ -111.88068625457375, 40.88427593367508 ], "point_id": 7 }, "geometry": { "type": "Polygon", "coordinates": [ [ [ -111.898531, 40.88239 ], [ -111.894702, 40.879549 ], [ -111.893628, 40.878732 ], [ -111.890168, 40.875212 ], [ -111.889098, 40.872929 ], [ -111.887298, 40.871319 ], [ -111.885954, 40.870284 ], [ -111.885762, 40.870287 ], [ -111.885187, 40.870451 ], [ -111.879886, 40.87192 ], [ -111.879211, 40.871921 ], [ -111.879048, 40.871921 ], [ -111.878344, 40.871921 ], [ -111.874141, 40.873881 ], [ -111.870073, 40.876281 ], [ -111.866753, 40.877697 ], [ -111.865635, 40.880437 ], [ -111.86284, 40.882524 ], [ -111.862847, 40.886124 ], [ -111.867209, 40.889155 ], [ -111.870087, 40.891587 ], [ -111.87154, 40.892754 ], [ -111.873677, 40.894332 ], [ -111.877123, 40.897221 ], [ -111.878446, 40.898218 ], [ -111.878886, 40.898222 ], [ -111.88117, 40.897098 ], [ -111.885973, 40.895724 ], [ -111.886366, 40.895472 ], [ -111.888308, 40.893884 ], [ -111.891592, 40.891362 ], [ -111.891803, 40.891183 ], [ -111.892397, 40.890656 ], [ -111.895299, 40.888141 ], [ -111.898554, 40.88599 ], [ -111.898531, 40.88239 ] ] ] } },
{ "type": "Feature", "properties": { "group_index": 0, "value": 600.0, "center": [ -111.88068625457375, 40.88427593367508 ], "point_id": 7 }, "geometry": { "type": "Polygon", "coordinates": [ [ [ -111.917059, 40.882871 ], [ -111.91641, 40.882093 ], [ -111.916249, 40.881983 ], [ -111.913595, 40.880694 ], [ -111.908163, 40.874616 ], [ -111.906914, 40.872928 ], [ -111.904783, 40.871191 ], [ -111.900116, 40.866416 ], [ -111.898881, 40.862659 ], [ -111.896834, 40.859755 ], [ -111.892273, 40.858109 ], [ -111.887266, 40.857147 ], [ -111.887003, 40.857144 ], [ -111.885031, 40.857187 ], [ -111.883787, 40.858068 ], [ -111.88017, 40.860323 ], [ -111.871997, 40.862839 ], [ -111.871888, 40.862897 ], [ -111.869074, 40.864425 ], [ -111.86265, 40.86834 ], [ -111.85507, 40.872567 ], [ -111.851915, 40.87376 ], [ -111.849801, 40.875431 ], [ -111.846836, 40.880602 ], [ -111.847144, 40.887443 ], [ -111.847707, 40.889594 ], [ -111.851445, 40.89354 ], [ -111.859155, 40.897505 ], [ -111.862668, 40.900134 ], [ -111.865581, 40.90246 ], [ -111.866605, 40.9033 ], [ -111.872134, 40.907043 ], [ -111.877217, 40.911061 ], [ -111.879145, 40.911491 ], [ -111.880097, 40.911477 ], [ -111.885543, 40.909587 ], [ -111.88714, 40.9084 ], [ -111.888057, 40.907658 ], [ -111.891675, 40.90458 ], [ -111.891672, 40.904158 ], [ -111.892499, 40.898999 ], [ -111.900559, 40.896973 ], [ -111.900822, 40.897025 ], [ -111.902046, 40.897225 ], [ -111.902072, 40.897225 ], [ -111.903926, 40.895813 ], [ -111.905278, 40.893227 ], [ -111.912365, 40.889352 ], [ -111.913736, 40.888717 ], [ -111.916338, 40.885902 ], [ -111.917059, 40.882871 ] ] ] } },
{ "type": "Feature", "properties": { "group_index": 0, "value": 900.0, "center": [ -111.88068625457375, 40.88427593367508 ], "point_id": 7 }, "geometry": { "type": "Polygon", "coordinates": [ [ [ -111.934134, 40.882191 ], [ -111.930434, 40.879495 ], [ -111.926491, 40.874665 ], [ -111.925029, 40.872886 ], [ -111.922636, 40.870894 ], [ -111.920165, 40.869192 ], [ -111.916445, 40.865963 ], [ -111.915131, 40.861235 ], [ -111.914331, 40.859827 ], [ -111.910427, 40.856249 ], [ -111.908784, 40.852661 ], [ -111.90783, 40.849954 ], [ -111.906848, 40.848655 ], [ -111.906319, 40.848101 ], [ -111.90631, 40.848097 ], [ -111.898588, 40.846707 ], [ -111.896824, 40.846675 ], [ -111.894523, 40.846835 ], [ -111.893688, 40.847228 ], [ -111.884877, 40.847857 ], [ -111.884341, 40.847823 ], [ -111.880913, 40.847837 ], [ -111.874582, 40.850347 ], [ -111.870646, 40.85075 ], [ -111.865433, 40.853843 ], [ -111.864125, 40.85535 ], [ -111.863161, 40.857389 ], [ -111.862987, 40.857872 ], [ -111.862944, 40.858579 ], [ -111.859881, 40.863471 ], [ -111.852433, 40.863247 ], [ -111.85205, 40.863003 ], [ -111.851934, 40.862946 ], [ -111.851109, 40.862781 ], [ -111.843464, 40.864813 ], [ -111.842081, 40.865967 ], [ -111.841721, 40.866421 ], [ -111.840841, 40.872028 ], [ -111.840823, 40.872213 ], [ -111.840958, 40.879109 ], [ -111.839325, 40.882218 ], [ -111.839918, 40.882647 ], [ -111.840164, 40.882773 ], [ -111.84333, 40.886331 ], [ -111.842371, 40.892817 ], [ -111.841256, 40.895338 ], [ -111.841313, 40.895447 ], [ -111.842538, 40.897594 ], [ -111.842915, 40.898156 ], [ -111.843186, 40.898424 ], [ -111.843327, 40.898537 ], [ -111.846295, 40.900102 ], [ -111.847499, 40.900698 ], [ -111.84971, 40.898986 ], [ -111.855043, 40.89947 ], [ -111.857487, 40.904905 ], [ -111.857491, 40.905396 ], [ -111.857534, 40.906035 ], [ -111.860284, 40.909468 ], [ -111.86378, 40.915205 ], [ -111.871226, 40.919883 ], [ -111.874372, 40.922159 ], [ -111.875891, 40.923299 ], [ -111.877155, 40.92378 ], [ -111.880617, 40.924002 ], [ -111.880644, 40.924002 ], [ -111.886078, 40.922599 ], [ -111.886766, 40.922157 ], [ -111.88886, 40.920684 ], [ -111.889832, 40.91995 ], [ -111.892447, 40.917659 ], [ -111.897521, 40.915005 ], [ -111.899982, 40.912847 ], [ -111.905082, 40.908438 ], [ -111.912012, 40.90325 ], [ -111.916916, 40.899722 ], [ -111.922026, 40.895801 ], [ -111.923189, 40.893641 ], [ -111.928458, 40.886503 ], [ -111.929111, 40.886501 ], [ -111.93194, 40.885813 ], [ -111.933888, 40.885794 ], [ -111.934172, 40.885791 ], [ -111.934134, 40.882191 ] ] ] } },
{ "type": "Feature", "properties": { "group_index": 0, "value": 300.0, "center": [ -111.96001826380362, 40.692940501738775 ], "point_id": 9 }, "geometry": { "type": "Polygon", "coordinates": [ [ [ -111.97901, 40.693116 ], [ -111.979011, 40.693068 ], [ -111.97762, 40.691125 ], [ -111.97604, 40.689423 ], [ -111.973451, 40.68758 ], [ -111.973058, 40.687313 ], [ -111.969335, 40.684904 ], [ -111.967895, 40.683448 ], [ -111.967521, 40.683122 ], [ -111.9675, 40.683122 ], [ -111.962403, 40.682549 ], [ -111.959762, 40.680334 ], [ -111.957635, 40.679634 ], [ -111.957502, 40.679634 ], [ -111.956155, 40.680228 ], [ -111.952813, 40.682835 ], [ -111.950579, 40.684981 ], [ -111.946721, 40.687618 ], [ -111.946666, 40.688112 ], [ -111.946672, 40.690748 ], [ -111.946712, 40.691218 ], [ -111.947479, 40.694944 ], [ -111.947502, 40.698544 ], [ -111.952274, 40.701924 ], [ -111.952692, 40.702427 ], [ -111.954874, 40.704255 ], [ -111.958197, 40.706419 ], [ -111.958551, 40.706404 ], [ -111.959787, 40.704827 ], [ -111.963898, 40.703428 ], [ -111.967568, 40.70248 ], [ -111.969363, 40.700739 ], [ -111.973154, 40.698342 ], [ -111.977661, 40.694725 ], [ -111.978884, 40.693474 ], [ -111.97901, 40.693116 ] ] ] } },
{ "type": "Feature", "properties": { "group_index": 0, "value": 600.0, "center": [ -111.96001826380362, 40.692940501738775 ], "point_id": 9 }, "geometry": { "type": "Polygon", "coordinates": [ [ [ -111.992133, 40.696209 ], [ -111.990876, 40.694808 ], [ -111.987084, 40.69171 ], [ -111.986628, 40.691712 ], [ -111.980791, 40.687246 ], [ -111.982215, 40.68385 ], [ -111.983663, 40.682112 ], [ -111.983663, 40.682108 ], [ -111.982208, 40.68025 ], [ -111.978015, 40.67703 ], [ -111.975652, 40.675335 ], [ -111.970231, 40.671641 ], [ -111.967542, 40.67065 ], [ -111.967065, 40.670618 ], [ -111.959286, 40.666547 ], [ -111.958387, 40.665813 ], [ -111.95799, 40.665672 ], [ -111.957921, 40.665671 ], [ -111.957594, 40.665865 ], [ -111.956116, 40.666852 ], [ -111.954356, 40.668642 ], [ -111.947216, 40.673897 ], [ -111.944689, 40.675273 ], [ -111.937798, 40.680427 ], [ -111.932279, 40.685788 ], [ -111.931888, 40.688294 ], [ -111.929944, 40.696771 ], [ -111.929443, 40.700229 ], [ -111.929473, 40.70027 ], [ -111.931345, 40.700903 ], [ -111.938886, 40.705741 ], [ -111.943325, 40.711635 ], [ -111.943354, 40.711644 ], [ -111.94995, 40.714049 ], [ -111.956204, 40.718316 ], [ -111.957984, 40.719871 ], [ -111.958242, 40.719874 ], [ -111.959803, 40.718329 ], [ -111.967615, 40.714684 ], [ -111.968976, 40.714675 ], [ -111.969944, 40.714133 ], [ -111.971231, 40.713368 ], [ -111.977248, 40.7087 ], [ -111.981326, 40.705659 ], [ -111.987209, 40.70117 ], [ -111.990876, 40.698408 ], [ -111.992134, 40.696999 ], [ -111.992133, 40.696209 ] ] ] } },
{ "type": "Feature", "properties": { "group_index": 0, "value": 900.0, "center": [ -111.96001826380362, 40.692940501738775 ], "point_id": 9 }, "geometry": { "type": "Polygon", "coordinates": [ [ [ -112.00971, 40.696237 ], [ -112.00971, 40.696071 ], [ -112.008667, 40.694778 ], [ -112.00648, 40.693117 ], [ -112.004041, 40.691083 ], [ -112.001026, 40.683087 ], [ -112.001111, 40.682178 ], [ -112.000588, 40.680886 ], [ -111.999855, 40.679819 ], [ -111.993346, 40.674936 ], [ -111.988106, 40.670877 ], [ -111.981031, 40.665755 ], [ -111.977787, 40.663694 ], [ -111.975332, 40.662077 ], [ -111.970147, 40.658182 ], [ -111.967307, 40.656901 ], [ -111.961744, 40.654904 ], [ -111.95807, 40.652206 ], [ -111.957884, 40.652206 ], [ -111.957037, 40.652659 ], [ -111.953553, 40.655342 ], [ -111.946647, 40.660965 ], [ -111.943026, 40.663221 ], [ -111.938501, 40.666036 ], [ -111.93642, 40.667229 ], [ -111.93024, 40.670653 ], [ -111.926896, 40.672956 ], [ -111.926097, 40.673632 ], [ -111.925411, 40.674584 ], [ -111.923158, 40.678064 ], [ -111.91894, 40.684459 ], [ -111.918216, 40.685587 ], [ -111.918212, 40.685605 ], [ -111.918919, 40.687596 ], [ -111.918009, 40.694173 ], [ -111.915138, 40.696387 ], [ -111.912332, 40.697788 ], [ -111.912646, 40.701374 ], [ -111.915141, 40.70256 ], [ -111.920415, 40.706735 ], [ -111.921485, 40.70791 ], [ -111.928072, 40.713939 ], [ -111.934311, 40.71879 ], [ -111.935476, 40.719832 ], [ -111.938448, 40.721073 ], [ -111.947031, 40.72316 ], [ -111.947314, 40.723427 ], [ -111.95465, 40.726565 ], [ -111.959742, 40.727227 ], [ -111.966312, 40.728002 ], [ -111.970363, 40.727535 ], [ -111.975524, 40.724081 ], [ -111.975711, 40.723941 ], [ -111.981982, 40.718613 ], [ -111.988415, 40.714729 ], [ -111.990329, 40.713617 ], [ -111.996467, 40.708919 ], [ -111.999234, 40.705684 ], [ -112.004674, 40.701643 ], [ -112.005852, 40.700699 ], [ -112.00867, 40.698378 ], [ -112.009486, 40.697124 ], [ -112.00971, 40.696237 ] ] ] } },
{ "type": "Feature", "properties": { "group_index": 0, "value": 300.0, "center": [ -111.94017977188905, 40.667696930995895 ], "point_id": 10 }, "geometry": { "type": "Polygon", "coordinates": [ [ [ -111.955244, 40.665763 ], [ -111.951294, 40.662672 ], [ -111.95018, 40.661478 ], [ -111.945248, 40.658547 ], [ -111.942674, 40.655346 ], [ -111.939719, 40.654097 ], [ -111.939675, 40.654089 ], [ -111.939618, 40.65408 ], [ -111.939574, 40.654074 ], [ -111.938187, 40.654076 ], [ -111.93813, 40.654091 ], [ -111.937284, 40.654514 ], [ -111.934348, 40.657081 ], [ -111.933245, 40.658151 ], [ -111.928942, 40.661015 ], [ -111.927262, 40.662351 ], [ -111.926641, 40.662976 ], [ -111.925931, 40.663779 ], [ -111.925933, 40.664068 ], [ -111.926024, 40.664626 ], [ -111.924041, 40.669791 ], [ -111.923127, 40.6701 ], [ -111.922577, 40.670268 ], [ -111.92363, 40.673711 ], [ -111.92511, 40.674363 ], [ -111.925165, 40.674364 ], [ -111.92862, 40.674784 ], [ -111.93061, 40.677584 ], [ -111.930662, 40.677613 ], [ -111.933159, 40.678843 ], [ -111.938222, 40.681531 ], [ -111.938879, 40.681952 ], [ -111.938954, 40.681953 ], [ -111.939874, 40.681486 ], [ -111.941329, 40.679738 ], [ -111.946588, 40.677094 ], [ -111.946997, 40.677031 ], [ -111.950264, 40.673791 ], [ -111.950246, 40.67336 ], [ -111.954405, 40.669374 ], [ -111.955291, 40.669363 ], [ -111.955244, 40.665763 ] ] ] } },
{ "type": "Feature", "properties": { "group_index": 0, "value": 600.0, "center": [ -111.94017977188905, 40.667696930995895 ], "point_id": 10 }, "geometry": { "type": "Polygon", "coordinates": [ [ [ -111.974111, 40.667026 ], [ -111.973024, 40.665783 ], [ -111.970215, 40.66323 ], [ -111.969198, 40.662733 ], [ -111.964905, 40.660807 ], [ -111.959699, 40.655899 ], [ -111.958961, 40.654926 ], [ -111.953945, 40.650416 ], [ -111.951595, 40.648594 ], [ -111.944685, 40.644244 ], [ -111.940615, 40.641859 ], [ -111.937016, 40.641887 ], [ -111.933485, 40.643666 ], [ -111.928274, 40.644879 ], [ -111.927985, 40.645127 ], [ -111.921286, 40.650855 ], [ -111.920119, 40.651247 ], [ -111.915759, 40.658745 ], [ -111.913795, 40.660082 ], [ -111.909639, 40.664892 ], [ -111.907278, 40.668378 ], [ -111.905312, 40.674677 ], [ -111.90622, 40.676464 ], [ -111.906383, 40.676717 ], [ -111.913111, 40.681013 ], [ -111.91326, 40.681056 ], [ -111.915362, 40.68067 ], [ -111.922167, 40.685916 ], [ -111.922171, 40.685929 ], [ -111.924634, 40.687416 ], [ -111.926826, 40.68874 ], [ -111.931298, 40.690885 ], [ -111.937809, 40.694586 ], [ -111.939068, 40.695211 ], [ -111.939169, 40.695212 ], [ -111.946196, 40.690455 ], [ -111.948468, 40.688865 ], [ -111.955125, 40.683933 ], [ -111.959327, 40.679818 ], [ -111.962939, 40.677051 ], [ -111.968791, 40.67263 ], [ -111.970853, 40.671091 ], [ -111.973035, 40.669383 ], [ -111.974111, 40.667045 ], [ -111.974111, 40.667026 ] ] ] } },
{ "type": "Feature", "properties": { "group_index": 0, "value": 900.0, "center": [ -111.94017977188905, 40.667696930995895 ], "point_id": 10 }, "geometry": { "type": "Polygon", "coordinates": [ [ [ -111.991721, 40.666599 ], [ -111.990775, 40.665443 ], [ -111.988709, 40.664352 ], [ -111.985405, 40.663628 ], [ -111.980462, 40.658871 ], [ -111.978972, 40.656736 ], [ -111.977367, 40.655345 ], [ -111.972396, 40.651287 ], [ -111.96805, 40.647487 ], [ -111.967718, 40.647192 ], [ -111.963864, 40.643741 ], [ -111.957862, 40.640313 ], [ -111.952845, 40.637161 ], [ -111.950149, 40.634949 ], [ -111.949075, 40.634283 ], [ -111.943643, 40.631982 ], [ -111.941473, 40.629105 ], [ -111.939775, 40.627353 ], [ -111.938591, 40.626815 ], [ -111.938554, 40.626816 ], [ -111.93783, 40.627266 ], [ -111.931452, 40.6323 ], [ -111.927445, 40.633958 ], [ -111.919686, 40.636773 ], [ -111.916786, 40.638305 ], [ -111.914507, 40.640458 ], [ -111.909093, 40.645646 ], [ -111.90718, 40.647177 ], [ -111.90316, 40.65286 ], [ -111.898797, 40.659149 ], [ -111.892671, 40.665144 ], [ -111.891415, 40.66638 ], [ -111.8911, 40.66717 ], [ -111.891109, 40.667979 ], [ -111.891678, 40.674117 ], [ -111.892397, 40.676034 ], [ -111.897011, 40.682396 ], [ -111.898868, 40.683945 ], [ -111.904738, 40.68899 ], [ -111.911178, 40.692163 ], [ -111.916145, 40.693493 ], [ -111.921908, 40.698861 ], [ -111.923189, 40.701222 ], [ -111.923287, 40.70132 ], [ -111.925927, 40.702599 ], [ -111.932593, 40.703694 ], [ -111.934425, 40.705654 ], [ -111.934604, 40.705772 ], [ -111.936276, 40.706839 ], [ -111.93896, 40.708853 ], [ -111.938985, 40.708853 ], [ -111.943262, 40.705736 ], [ -111.948996, 40.702411 ], [ -111.955065, 40.698346 ], [ -111.959773, 40.693403 ], [ -111.961979, 40.692262 ], [ -111.965379, 40.690278 ], [ -111.968685, 40.687458 ], [ -111.972793, 40.683925 ], [ -111.978032, 40.680685 ], [ -111.980442, 40.6789 ], [ -111.982611, 40.676721 ], [ -111.987756, 40.671675 ], [ -111.990741, 40.669043 ], [ -111.991721, 40.667233 ], [ -111.991721, 40.666599 ] ] ] } },
{ "type": "Feature", "properties": { "group_index": 0, "value": 300.0, "center": [ -111.89222646302973, 40.884243868964944 ], "point_id": 12 }, "geometry": { "type": "Polygon", "coordinates": [ [ [ -111.910324, 40.882336 ], [ -111.906935, 40.880082 ], [ -111.902533, 40.876025 ], [ -111.898168, 40.87311 ], [ -111.897394, 40.872407 ], [ -111.897356, 40.872379 ], [ -111.897356, 40.872379 ], [ -111.897317, 40.872352 ], [ -111.892792, 40.869702 ], [ -111.892518, 40.869704 ], [ -111.891752, 40.869741 ], [ -111.889677, 40.870554 ], [ -111.886023, 40.873494 ], [ -111.883025, 40.875232 ], [ -111.882078, 40.876239 ], [ -111.882059, 40.87626 ], [ -111.882017, 40.876308 ], [ -111.881999, 40.87633 ], [ -111.878448, 40.87985 ], [ -111.876094, 40.881229 ], [ -111.874379, 40.882493 ], [ -111.874366, 40.882935 ], [ -111.874389, 40.886093 ], [ -111.878313, 40.889169 ], [ -111.879644, 40.890176 ], [ -111.882401, 40.892222 ], [ -111.883784, 40.893267 ], [ -111.885156, 40.894302 ], [ -111.887345, 40.895808 ], [ -111.890388, 40.8977 ], [ -111.893988, 40.897749 ], [ -111.895981, 40.896473 ], [ -111.897205, 40.895598 ], [ -111.896763, 40.893824 ], [ -111.901961, 40.89189 ], [ -111.902021, 40.891896 ], [ -111.903829, 40.890245 ], [ -111.903932, 40.890118 ], [ -111.903932, 40.890098 ], [ -111.903931, 40.88995 ], [ -111.90393, 40.889931 ], [ -111.907267, 40.885913 ], [ -111.908582, 40.885925 ], [ -111.90946, 40.885941 ], [ -111.910347, 40.885936 ], [ -111.910324, 40.882336 ] ] ] } },
{ "type": "Feature", "properties": { "group_index": 0, "value": 600.0, "center": [ -111.89222646302973, 40.884243868964944 ], "point_id": 12 }, "geometry": { "type": "Polygon", "coordinates": [ [ [ -111.928354, 40.88221 ], [ -111.92681, 40.882244 ], [ -111.925962, 40.882251 ], [ -111.924273, 40.882367 ], [ -111.918718, 40.87537 ], [ -111.918069, 40.87443 ], [ -111.916663, 40.872906 ], [ -111.916093, 40.872393 ], [ -111.913631, 40.871039 ], [ -111.9074, 40.867133 ], [ -111.90187, 40.860744 ], [ -111.900741, 40.859308 ], [ -111.89879, 40.857208 ], [ -111.898655, 40.857156 ], [ -111.892488, 40.856549 ], [ -111.892235, 40.856549 ], [ -111.891734, 40.856728 ], [ -111.884141, 40.86097 ], [ -111.883128, 40.861496 ], [ -111.878946, 40.864746 ], [ -111.872932, 40.869061 ], [ -111.869682, 40.871766 ], [ -111.861736, 40.87519 ], [ -111.858801, 40.878877 ], [ -111.856561, 40.88327 ], [ -111.856542, 40.883435 ], [ -111.856731, 40.885402 ], [ -111.85781, 40.887533 ], [ -111.859054, 40.888872 ], [ -111.862434, 40.891273 ], [ -111.863976, 40.892063 ], [ -111.870217, 40.897415 ], [ -111.876456, 40.901639 ], [ -111.88217, 40.906174 ], [ -111.883086, 40.906871 ], [ -111.885258, 40.908391 ], [ -111.887267, 40.90956 ], [ -111.892588, 40.90935 ], [ -111.894399, 40.908431 ], [ -111.902201, 40.904733 ], [ -111.9034, 40.904693 ], [ -111.903549, 40.904664 ], [ -111.907029, 40.900625 ], [ -111.913655, 40.896333 ], [ -111.914917, 40.895818 ], [ -111.921197, 40.891256 ], [ -111.922195, 40.890084 ], [ -111.928433, 40.88581 ], [ -111.928354, 40.88221 ] ] ] } },
{ "type": "Feature", "properties": { "group_index": 0, "value": 900.0, "center": [ -111.89222646302973, 40.884243868964944 ], "point_id": 12 }, "geometry": { "type": "Polygon", "coordinates": [ [ [ -111.941655, 40.884951 ], [ -111.941555, 40.884144 ], [ -111.940592, 40.881649 ], [ -111.940082, 40.880615 ], [ -111.935761, 40.874266 ], [ -111.934348, 40.872879 ], [ -111.932557, 40.871472 ], [ -111.92995, 40.870103 ], [ -111.924272, 40.865402 ], [ -111.918432, 40.859826 ], [ -111.91367, 40.854414 ], [ -111.90986, 40.84791 ], [ -111.90803, 40.845295 ], [ -111.907931, 40.845264 ], [ -111.903776, 40.845865 ], [ -111.898527, 40.8451 ], [ -111.896583, 40.84532 ], [ -111.892502, 40.845786 ], [ -111.892053, 40.846087 ], [ -111.888807, 40.848102 ], [ -111.881392, 40.850928 ], [ -111.875222, 40.853668 ], [ -111.871326, 40.85557 ], [ -111.864693, 40.860873 ], [ -111.859258, 40.864994 ], [ -111.854737, 40.867943 ], [ -111.848049, 40.871682 ], [ -111.846103, 40.872177 ], [ -111.842893, 40.879075 ], [ -111.842962, 40.879367 ], [ -111.843005, 40.879516 ], [ -111.8434, 40.88119 ], [ -111.843188, 40.889521 ], [ -111.843197, 40.890082 ], [ -111.843317, 40.890763 ], [ -111.843526, 40.891273 ], [ -111.843626, 40.891448 ], [ -111.844699, 40.892397 ], [ -111.845805, 40.893255 ], [ -111.852336, 40.898432 ], [ -111.856636, 40.900097 ], [ -111.862304, 40.904955 ], [ -111.867899, 40.908959 ], [ -111.870167, 40.91086 ], [ -111.875761, 40.914859 ], [ -111.878865, 40.917439 ], [ -111.885073, 40.921464 ], [ -111.887772, 40.923377 ], [ -111.887802, 40.923377 ], [ -111.89042, 40.923336 ], [ -111.890595, 40.923305 ], [ -111.897289, 40.920775 ], [ -111.903449, 40.91768 ], [ -111.907228, 40.915171 ], [ -111.913319, 40.911157 ], [ -111.919026, 40.90629 ], [ -111.923038, 40.903185 ], [ -111.924688, 40.900456 ], [ -111.924644, 40.896857 ], [ -111.923441, 40.894713 ], [ -111.922672, 40.89265 ], [ -111.928433, 40.88581 ], [ -111.929994, 40.885833 ], [ -111.93194, 40.885813 ], [ -111.935831, 40.88723 ], [ -111.938725, 40.889371 ], [ -111.941031, 40.886565 ], [ -111.94144, 40.885906 ], [ -111.941655, 40.884951 ] ] ] } },
{ "type": "Feature", "properties": { "group_index": 0, "value": 300.0, "center": [ -111.8938984897702, 40.65987328909023 ], "point_id": 15 }, "geometry": { "type": "Polygon", "coordinates": [ [ [ -111.909026, 40.659133 ], [ -111.906918, 40.653883 ], [ -111.906704, 40.653431 ], [ -111.905539, 40.652406 ], [ -111.903161, 40.650767 ], [ -111.900158, 40.64733 ], [ -111.898871, 40.646009 ], [ -111.89843, 40.646009 ], [ -111.895671, 40.647208 ], [ -111.894479, 40.648774 ], [ -111.891462, 40.650738 ], [ -111.888487, 40.649708 ], [ -111.888435, 40.649706 ], [ -111.887774, 40.650015 ], [ -111.886528, 40.650855 ], [ -111.881902, 40.654288 ], [ -111.881533, 40.654807 ], [ -111.881538, 40.656025 ], [ -111.879654, 40.66074 ], [ -111.87962, 40.660788 ], [ -111.879941, 40.662075 ], [ -111.880242, 40.663287 ], [ -111.88303, 40.668318 ], [ -111.883543, 40.668889 ], [ -111.884592, 40.669759 ], [ -111.886592, 40.670692 ], [ -111.890443, 40.672875 ], [ -111.894043, 40.672879 ], [ -111.896768, 40.671708 ], [ -111.900711, 40.669137 ], [ -111.901474, 40.668082 ], [ -111.906058, 40.664935 ], [ -111.909819, 40.661365 ], [ -111.909825, 40.661352 ], [ -111.909026, 40.659133 ] ] ] } },
{ "type": "Feature", "properties": { "group_index": 0, "value": 600.0, "center": [ -111.8938984897702, 40.65987328909023 ], "point_id": 15 }, "geometry": { "type": "Polygon", "coordinates": [ [ [ -111.923528, 40.654447 ], [ -111.923914, 40.653316 ], [ -111.92331, 40.651241 ], [ -111.922923, 40.650917 ], [ -111.91675, 40.647193 ], [ -111.912155, 40.642877 ], [ -111.910737, 40.64117 ], [ -111.90414, 40.635552 ], [ -111.897503, 40.632555 ], [ -111.894837, 40.634449 ], [ -111.888354, 40.636654 ], [ -111.882576, 40.640499 ], [ -111.877615, 40.643244 ], [ -111.872358, 40.646074 ], [ -111.870488, 40.64756 ], [ -111.870223, 40.647796 ], [ -111.865242, 40.65219 ], [ -111.864318, 40.653588 ], [ -111.864319, 40.653623 ], [ -111.864319, 40.653638 ], [ -111.86432, 40.653673 ], [ -111.865988, 40.655376 ], [ -111.865457, 40.664199 ], [ -111.865345, 40.664332 ], [ -111.865382, 40.66534 ], [ -111.866021, 40.66599 ], [ -111.866893, 40.666731 ], [ -111.867401, 40.667029 ], [ -111.867723, 40.667025 ], [ -111.87268, 40.667892 ], [ -111.874981, 40.672609 ], [ -111.875082, 40.675455 ], [ -111.874981, 40.676209 ], [ -111.876397, 40.677186 ], [ -111.878123, 40.677909 ], [ -111.883058, 40.680332 ], [ -111.885742, 40.683489 ], [ -111.8876, 40.685403 ], [ -111.888481, 40.68576 ], [ -111.890778, 40.686422 ], [ -111.891204, 40.686421 ], [ -111.892816, 40.685649 ], [ -111.892948, 40.685567 ], [ -111.894118, 40.684638 ], [ -111.901547, 40.681246 ], [ -111.90555, 40.679232 ], [ -111.909546, 40.676746 ], [ -111.915749, 40.672557 ], [ -111.920414, 40.666442 ], [ -111.922629, 40.662425 ], [ -111.923528, 40.654447 ] ] ] } },
{ "type": "Feature", "properties": { "group_index": 0, "value": 900.0, "center": [ -111.8938984897702, 40.65987328909023 ], "point_id": 15 }, "geometry": { "type": "Polygon", "coordinates": [ [ [ -111.942858, 40.653104 ], [ -111.941019, 40.651287 ], [ -111.938736, 40.649567 ], [ -111.932659, 40.644302 ], [ -111.926754, 40.641748 ], [ -111.924671, 40.640047 ], [ -111.921787, 40.637414 ], [ -111.915692, 40.632986 ], [ -111.915343, 40.629403 ], [ -111.913716, 40.628147 ], [ -111.91084, 40.625936 ], [ -111.903316, 40.621525 ], [ -111.900174, 40.618861 ], [ -111.900086, 40.618851 ], [ -111.899934, 40.618842 ], [ -111.899846, 40.61884 ], [ -111.89849, 40.61954 ], [ -111.890317, 40.622762 ], [ -111.889713, 40.622827 ], [ -111.88662, 40.625099 ], [ -111.881697, 40.628275 ], [ -111.876934, 40.630542 ], [ -111.869862, 40.634911 ], [ -111.865993, 40.635612 ], [ -111.860309, 40.63883 ], [ -111.857883, 40.642619 ], [ -111.85246, 40.647638 ], [ -111.851481, 40.649134 ], [ -111.851484, 40.649266 ], [ -111.851681, 40.653036 ], [ -111.851684, 40.653216 ], [ -111.851771, 40.653811 ], [ -111.852064, 40.655794 ], [ -111.852072, 40.659356 ], [ -111.848977, 40.665334 ], [ -111.848732, 40.666967 ], [ -111.848733, 40.666977 ], [ -111.848813, 40.667214 ], [ -111.848915, 40.667419 ], [ -111.84996, 40.668797 ], [ -111.855869, 40.674569 ], [ -111.857211, 40.6761 ], [ -111.859713, 40.677984 ], [ -111.865427, 40.682758 ], [ -111.870362, 40.6866 ], [ -111.876089, 40.690536 ], [ -111.882024, 40.694737 ], [ -111.888358, 40.699284 ], [ -111.89093, 40.700128 ], [ -111.891036, 40.700128 ], [ -111.891345, 40.700031 ], [ -111.891989, 40.699678 ], [ -111.895846, 40.6965 ], [ -111.899812, 40.694628 ], [ -111.905522, 40.692807 ], [ -111.906169, 40.692397 ], [ -111.908206, 40.691043 ], [ -111.91094, 40.688813 ], [ -111.916044, 40.685429 ], [ -111.916546, 40.683743 ], [ -111.923685, 40.678754 ], [ -111.926587, 40.678712 ], [ -111.926709, 40.678686 ], [ -111.92713, 40.678547 ], [ -111.927257, 40.67849 ], [ -111.928883, 40.677226 ], [ -111.930443, 40.675498 ], [ -111.931849, 40.67051 ], [ -111.936676, 40.665941 ], [ -111.93738, 40.664541 ], [ -111.937438, 40.664016 ], [ -111.937431, 40.663507 ], [ -111.940313, 40.655523 ], [ -111.941484, 40.654819 ], [ -111.942858, 40.653108 ], [ -111.942858, 40.653104 ] ] ] } },
{ "type": "Feature", "properties": { "group_index": 0, "value": 300.0, "center": [ -111.95797359499794, 40.67527676488414 ], "point_id": 27 }, "geometry": { "type": "Polygon", "coordinates": [ [ [ -111.974746, 40.67547 ], [ -111.974656, 40.674045 ], [ -111.974564, 40.672928 ], [ -111.971105, 40.669873 ], [ -111.967939, 40.667467 ], [ -111.965658, 40.665805 ], [ -111.96139, 40.662565 ], [ -111.959564, 40.661103 ], [ -111.957974, 40.660035 ], [ -111.957872, 40.660036 ], [ -111.954555, 40.662575 ], [ -111.950057, 40.665891 ], [ -111.950072, 40.669491 ], [ -111.953834, 40.673423 ], [ -111.951817, 40.677305 ], [ -111.949276, 40.680433 ], [ -111.949298, 40.684033 ], [ -111.952837, 40.687193 ], [ -111.953864, 40.687948 ], [ -111.958162, 40.690292 ], [ -111.958363, 40.690291 ], [ -111.961558, 40.688315 ], [ -111.965704, 40.684923 ], [ -111.967565, 40.683617 ], [ -111.969281, 40.682469 ], [ -111.972605, 40.67984 ], [ -111.97359, 40.678642 ], [ -111.974647, 40.675792 ], [ -111.974746, 40.675526 ], [ -111.974746, 40.67547 ] ] ] } },
{ "type": "Feature", "properties": { "group_index": 0, "value": 600.0, "center": [ -111.95797359499794, 40.67527676488414 ], "point_id": 27 }, "geometry": { "type": "Polygon", "coordinates": [ [ [ -111.986475, 40.681558 ], [ -111.985313, 40.680242 ], [ -111.984834, 40.679877 ], [ -111.981699, 40.674929 ], [ -111.983438, 40.669354 ], [ -111.984916, 40.667808 ], [ -111.984917, 40.667725 ], [ -111.983451, 40.665754 ], [ -111.979823, 40.663415 ], [ -111.975449, 40.659251 ], [ -111.975164, 40.65899 ], [ -111.969235, 40.654898 ], [ -111.964202, 40.651295 ], [ -111.960391, 40.648315 ], [ -111.956598, 40.648173 ], [ -111.955502, 40.648158 ], [ -111.954041, 40.648845 ], [ -111.951384, 40.650942 ], [ -111.947231, 40.654521 ], [ -111.94231, 40.658501 ], [ -111.938732, 40.660901 ], [ -111.936803, 40.662341 ], [ -111.930773, 40.667263 ], [ -111.932036, 40.670634 ], [ -111.934755, 40.677943 ], [ -111.933344, 40.679769 ], [ -111.930996, 40.68236 ], [ -111.931765, 40.685877 ], [ -111.93457, 40.686797 ], [ -111.939975, 40.691202 ], [ -111.947193, 40.696565 ], [ -111.947303, 40.696646 ], [ -111.94847, 40.697415 ], [ -111.954278, 40.701003 ], [ -111.956275, 40.702791 ], [ -111.961025, 40.702845 ], [ -111.961044, 40.702845 ], [ -111.967595, 40.697625 ], [ -111.968299, 40.697116 ], [ -111.975469, 40.692008 ], [ -111.979384, 40.688809 ], [ -111.985339, 40.683842 ], [ -111.986475, 40.681683 ], [ -111.986475, 40.681558 ] ] ] } },
{ "type": "Feature", "properties": { "group_index": 0, "value": 900.0, "center": [ -111.95797359499794, 40.67527676488414 ], "point_id": 27 }, "geometry": { "type": "Polygon", "coordinates": [ [ [ -112.003835, 40.682207 ], [ -112.003106, 40.680256 ], [ -112.001234, 40.679015 ], [ -111.999018, 40.671376 ], [ -112.000119, 40.670056 ], [ -112.001173, 40.669052 ], [ -112.002956, 40.667259 ], [ -112.002956, 40.667242 ], [ -112.001183, 40.665452 ], [ -112.000218, 40.6645 ], [ -111.996651, 40.66183 ], [ -111.992803, 40.6585 ], [ -111.992366, 40.658243 ], [ -111.986924, 40.654824 ], [ -111.981486, 40.650515 ], [ -111.979391, 40.64886 ], [ -111.977246, 40.647173 ], [ -111.971558, 40.641887 ], [ -111.96916, 40.640461 ], [ -111.962803, 40.636773 ], [ -111.958697, 40.633514 ], [ -111.958086, 40.633398 ], [ -111.958036, 40.633396 ], [ -111.957235, 40.633465 ], [ -111.949526, 40.636769 ], [ -111.944162, 40.63911 ], [ -111.94085, 40.640522 ], [ -111.93807, 40.647596 ], [ -111.935114, 40.649451 ], [ -111.934923, 40.64953 ], [ -111.928897, 40.652524 ], [ -111.927643, 40.653533 ], [ -111.927638, 40.653537 ], [ -111.922153, 40.660377 ], [ -111.919049, 40.662951 ], [ -111.917965, 40.665142 ], [ -111.914962, 40.67228 ], [ -111.915881, 40.675761 ], [ -111.915873, 40.683281 ], [ -111.914792, 40.68522 ], [ -111.914519, 40.686314 ], [ -111.914514, 40.686441 ], [ -111.914788, 40.68882 ], [ -111.919804, 40.690015 ], [ -111.926081, 40.694792 ], [ -111.927901, 40.697183 ], [ -111.931169, 40.699514 ], [ -111.93788, 40.703159 ], [ -111.942341, 40.705737 ], [ -111.946551, 40.709536 ], [ -111.953434, 40.714063 ], [ -111.95772, 40.717216 ], [ -111.957797, 40.717216 ], [ -111.959808, 40.715694 ], [ -111.967214, 40.712546 ], [ -111.969285, 40.710377 ], [ -111.97539, 40.705609 ], [ -111.98115, 40.700862 ], [ -111.984395, 40.698682 ], [ -111.984586, 40.698555 ], [ -111.984815, 40.698395 ], [ -111.985159, 40.698125 ], [ -111.988066, 40.695347 ], [ -111.993873, 40.691533 ], [ -111.996532, 40.689447 ], [ -112.003095, 40.683856 ], [ -112.003834, 40.68284 ], [ -112.003835, 40.682207 ] ] ] } },
{ "type": "Feature", "properties": { "group_index": 0, "value": 300.0, "center": [ -111.89869390436253, 40.660960517544204 ], "point_id": 28 }, "geometry": { "type": "Polygon", "coordinates": [ [ [ -111.916558, 40.660279 ], [ -111.915009, 40.658193 ], [ -111.912839, 40.653435 ], [ -111.912828, 40.653401 ], [ -111.911187, 40.652171 ], [ -111.911182, 40.652168 ], [ -111.910313, 40.651899 ], [ -111.909811, 40.651753 ], [ -111.907836, 40.651374 ], [ -111.903412, 40.648395 ], [ -111.899831, 40.648025 ], [ -111.898939, 40.648978 ], [ -111.894382, 40.652179 ], [ -111.893268, 40.652298 ], [ -111.889122, 40.654571 ], [ -111.88642, 40.657511 ], [ -111.884451, 40.658712 ], [ -111.884228, 40.65883 ], [ -111.882008, 40.662237 ], [ -111.881933, 40.662446 ], [ -111.882695, 40.66428 ], [ -111.883527, 40.665666 ], [ -111.885084, 40.667545 ], [ -111.886216, 40.668811 ], [ -111.890084, 40.671668 ], [ -111.890087, 40.671668 ], [ -111.890302, 40.671622 ], [ -111.895137, 40.671475 ], [ -111.896587, 40.673594 ], [ -111.896991, 40.67413 ], [ -111.8998, 40.675605 ], [ -111.900263, 40.675535 ], [ -111.900801, 40.675014 ], [ -111.901518, 40.674254 ], [ -111.905936, 40.671047 ], [ -111.906561, 40.670813 ], [ -111.907652, 40.670044 ], [ -111.909609, 40.668536 ], [ -111.910574, 40.667079 ], [ -111.914793, 40.663551 ], [ -111.916551, 40.660322 ], [ -111.916558, 40.660279 ] ] ] } },
{ "type": "Feature", "properties": { "group_index": 0, "value": 600.0, "center": [ -111.89869390436253, 40.660960517544204 ], "point_id": 28 }, "geometry": { "type": "Polygon", "coordinates": [ [ [ -111.928406, 40.664201 ], [ -111.928409, 40.664106 ], [ -111.926976, 40.662352 ], [ -111.92839, 40.654812 ], [ -111.928387, 40.651212 ], [ -111.927973, 40.650527 ], [ -111.927203, 40.649729 ], [ -111.920607, 40.646648 ], [ -111.914296, 40.641364 ], [ -111.912024, 40.639823 ], [ -111.909116, 40.638142 ], [ -111.904818, 40.636628 ], [ -111.897232, 40.636707 ], [ -111.891358, 40.641123 ], [ -111.888464, 40.642423 ], [ -111.885997, 40.644165 ], [ -111.881438, 40.646792 ], [ -111.87729, 40.648261 ], [ -111.877175, 40.648314 ], [ -111.870762, 40.652064 ], [ -111.869504, 40.653539 ], [ -111.869047, 40.655951 ], [ -111.867444, 40.66469 ], [ -111.867445, 40.664836 ], [ -111.86745, 40.665078 ], [ -111.868979, 40.666751 ], [ -111.869559, 40.6671 ], [ -111.87268, 40.667892 ], [ -111.87606, 40.674493 ], [ -111.87606, 40.674538 ], [ -111.877652, 40.676213 ], [ -111.87958, 40.676973 ], [ -111.885686, 40.681619 ], [ -111.88657, 40.682147 ], [ -111.890587, 40.683875 ], [ -111.897136, 40.687402 ], [ -111.899713, 40.688 ], [ -111.901085, 40.688032 ], [ -111.905987, 40.685063 ], [ -111.909791, 40.682613 ], [ -111.917168, 40.678654 ], [ -111.922222, 40.673104 ], [ -111.924006, 40.670934 ], [ -111.928363, 40.664428 ], [ -111.928406, 40.664201 ] ] ] } },
{ "type": "Feature", "properties": { "group_index": 0, "value": 900.0, "center": [ -111.89869390436253, 40.660960517544204 ], "point_id": 28 }, "geometry": { "type": "Polygon", "coordinates": [ [ [ -111.945172, 40.665164 ], [ -111.944824, 40.664384 ], [ -111.944799, 40.664332 ], [ -111.943604, 40.66322 ], [ -111.946094, 40.654897 ], [ -111.947102, 40.653576 ], [ -111.947104, 40.653327 ], [ -111.946541, 40.651773 ], [ -111.946085, 40.651297 ], [ -111.945138, 40.650442 ], [ -111.940369, 40.646792 ], [ -111.935374, 40.642632 ], [ -111.932696, 40.640762 ], [ -111.931292, 40.640137 ], [ -111.931023, 40.640198 ], [ -111.923343, 40.637197 ], [ -111.923004, 40.635782 ], [ -111.92134, 40.633544 ], [ -111.917021, 40.629239 ], [ -111.913137, 40.626374 ], [ -111.910354, 40.624702 ], [ -111.910299, 40.624702 ], [ -111.909069, 40.62549 ], [ -111.901077, 40.623626 ], [ -111.899702, 40.622513 ], [ -111.899702, 40.622513 ], [ -111.89468, 40.626217 ], [ -111.887833, 40.629774 ], [ -111.886639, 40.630381 ], [ -111.885031, 40.63117 ], [ -111.881927, 40.633413 ], [ -111.878318, 40.635792 ], [ -111.875755, 40.637328 ], [ -111.871414, 40.639923 ], [ -111.866274, 40.640278 ], [ -111.866083, 40.640246 ], [ -111.865648, 40.640427 ], [ -111.864167, 40.641921 ], [ -111.858296, 40.647702 ], [ -111.856522, 40.649446 ], [ -111.854342, 40.65465 ], [ -111.854333, 40.655173 ], [ -111.853893, 40.661114 ], [ -111.851947, 40.664388 ], [ -111.851782, 40.664602 ], [ -111.851331, 40.667076 ], [ -111.851358, 40.667111 ], [ -111.85394, 40.668815 ], [ -111.858148, 40.674335 ], [ -111.859909, 40.676097 ], [ -111.864438, 40.679989 ], [ -111.86686, 40.681808 ], [ -111.871244, 40.68495 ], [ -111.876578, 40.688863 ], [ -111.8835, 40.693788 ], [ -111.884837, 40.69475 ], [ -111.88839, 40.697292 ], [ -111.890902, 40.69804 ], [ -111.893971, 40.698619 ], [ -111.894012, 40.698618 ], [ -111.897953, 40.697577 ], [ -111.904551, 40.698318 ], [ -111.904995, 40.698315 ], [ -111.907289, 40.69725 ], [ -111.912957, 40.693495 ], [ -111.914655, 40.692212 ], [ -111.920665, 40.688763 ], [ -111.922154, 40.687091 ], [ -111.927508, 40.681515 ], [ -111.92946, 40.681585 ], [ -111.930042, 40.681585 ], [ -111.931349, 40.681536 ], [ -111.936176, 40.679817 ], [ -111.936304, 40.679753 ], [ -111.937153, 40.677987 ], [ -111.93708, 40.677537 ], [ -111.940244, 40.669393 ], [ -111.941604, 40.668365 ], [ -111.943613, 40.66682 ], [ -111.944626, 40.66597 ], [ -111.945167, 40.665222 ], [ -111.945172, 40.665164 ] ] ] } },
{ "type": "Feature", "properties": { "group_index": 0, "value": 300.0, "center": [ -111.90518480907528, 40.66258963981374 ], "point_id": 28 }, "geometry": { "type": "Polygon", "coordinates": [ [ [ -111.919248, 40.665594 ], [ -111.917606, 40.661101 ], [ -111.917493, 40.658788 ], [ -111.917492, 40.658782 ], [ -111.917366, 40.658396 ], [ -111.915997, 40.656972 ], [ -111.913532, 40.65273 ], [ -111.912954, 40.651381 ], [ -111.910184, 40.650176 ], [ -111.908581, 40.650117 ], [ -111.908457, 40.650114 ], [ -111.906701, 40.650118 ], [ -111.906581, 40.650118 ], [ -111.903164, 40.650871 ], [ -111.900999, 40.651436 ], [ -111.898852, 40.653339 ], [ -111.898235, 40.653903 ], [ -111.898013, 40.654695 ], [ -111.893089, 40.657879 ], [ -111.893065, 40.65788 ], [ -111.892888, 40.657904 ], [ -111.891755, 40.658456 ], [ -111.890004, 40.660114 ], [ -111.889649, 40.660637 ], [ -111.889482, 40.662379 ], [ -111.889336, 40.663972 ], [ -111.889521, 40.664676 ], [ -111.891509, 40.666067 ], [ -111.895041, 40.669324 ], [ -111.896758, 40.670647 ], [ -111.900622, 40.672826 ], [ -111.901876, 40.673942 ], [ -111.903828, 40.676362 ], [ -111.905447, 40.677595 ], [ -111.905495, 40.677595 ], [ -111.907307, 40.67649 ], [ -111.909772, 40.674291 ], [ -111.912963, 40.672579 ], [ -111.915235, 40.669786 ], [ -111.917744, 40.667687 ], [ -111.918603, 40.666956 ], [ -111.919251, 40.665757 ], [ -111.919248, 40.665594 ] ] ] } },
{ "type": "Feature", "properties": { "group_index": 0, "value": 600.0, "center": [ -111.90518480907528, 40.66258963981374 ], "point_id": 28 }, "geometry": { "type": "Polygon", "coordinates": [ [ [ -111.936824, 40.664172 ], [ -111.935075, 40.662342 ], [ -111.931855, 40.660066 ], [ -111.931662, 40.653793 ], [ -111.931676, 40.65375 ], [ -111.931645, 40.652729 ], [ -111.931548, 40.651996 ], [ -111.927077, 40.648016 ], [ -111.921296, 40.645321 ], [ -111.917308, 40.64232 ], [ -111.912914, 40.638068 ], [ -111.910321, 40.636444 ], [ -111.910241, 40.636443 ], [ -111.910063, 40.636486 ], [ -111.901841, 40.639866 ], [ -111.899763, 40.641124 ], [ -111.896571, 40.646357 ], [ -111.892829, 40.647746 ], [ -111.891923, 40.647797 ], [ -111.888224, 40.649014 ], [ -111.88757, 40.64919 ], [ -111.883497, 40.652189 ], [ -111.880458, 40.654289 ], [ -111.875441, 40.657034 ], [ -111.874432, 40.659191 ], [ -111.875787, 40.665713 ], [ -111.876418, 40.66784 ], [ -111.878707, 40.671096 ], [ -111.881199, 40.672664 ], [ -111.886608, 40.676208 ], [ -111.890048, 40.678817 ], [ -111.894662, 40.683155 ], [ -111.895686, 40.684162 ], [ -111.902301, 40.688486 ], [ -111.905462, 40.691075 ], [ -111.905519, 40.691074 ], [ -111.908625, 40.688812 ], [ -111.915339, 40.684612 ], [ -111.916283, 40.682245 ], [ -111.917425, 40.680122 ], [ -111.924934, 40.678752 ], [ -111.924983, 40.678752 ], [ -111.924989, 40.678752 ], [ -111.925038, 40.678752 ], [ -111.927169, 40.677683 ], [ -111.92793, 40.676857 ], [ -111.929099, 40.67553 ], [ -111.930379, 40.671059 ], [ -111.935077, 40.665942 ], [ -111.936824, 40.664185 ], [ -111.936824, 40.664172 ] ] ] } },
{ "type": "Feature", "properties": { "group_index": 0, "value": 900.0, "center": [ -111.90518480907528, 40.66258963981374 ], "point_id": 28 }, "geometry": { "type": "Polygon", "coordinates": [ [ [ -111.950424, 40.663339 ], [ -111.950358, 40.662546 ], [ -111.950252, 40.66208 ], [ -111.950031, 40.661478 ], [ -111.949398, 40.652961 ], [ -111.949399, 40.652606 ], [ -111.948248, 40.651283 ], [ -111.947406, 40.650325 ], [ -111.943884, 40.647849 ], [ -111.941739, 40.646228 ], [ -111.941478, 40.646028 ], [ -111.934846, 40.640035 ], [ -111.932777, 40.639305 ], [ -111.93232, 40.639241 ], [ -111.93143, 40.639078 ], [ -111.923665, 40.635205 ], [ -111.923422, 40.634631 ], [ -111.9222, 40.632006 ], [ -111.919168, 40.629029 ], [ -111.911976, 40.624719 ], [ -111.910577, 40.623186 ], [ -111.910336, 40.623183 ], [ -111.90987, 40.623178 ], [ -111.909806, 40.623178 ], [ -111.907144, 40.625519 ], [ -111.899292, 40.629795 ], [ -111.891947, 40.632824 ], [ -111.890962, 40.633549 ], [ -111.889292, 40.634925 ], [ -111.882272, 40.639181 ], [ -111.877513, 40.642469 ], [ -111.869983, 40.645291 ], [ -111.869564, 40.645451 ], [ -111.865869, 40.648417 ], [ -111.865021, 40.649161 ], [ -111.861913, 40.652266 ], [ -111.86092, 40.653459 ], [ -111.86092, 40.653737 ], [ -111.861298, 40.662605 ], [ -111.859696, 40.665829 ], [ -111.860928, 40.667528 ], [ -111.86228, 40.66856 ], [ -111.867126, 40.674868 ], [ -111.867801, 40.676171 ], [ -111.873248, 40.680106 ], [ -111.87491, 40.681304 ], [ -111.881459, 40.686716 ], [ -111.884231, 40.688868 ], [ -111.885483, 40.689801 ], [ -111.890072, 40.693191 ], [ -111.893983, 40.696151 ], [ -111.894034, 40.696152 ], [ -111.901951, 40.700119 ], [ -111.901648, 40.70183 ], [ -111.901726, 40.701916 ], [ -111.906116, 40.703542 ], [ -111.909608, 40.701784 ], [ -111.916216, 40.696222 ], [ -111.918708, 40.694331 ], [ -111.922783, 40.691427 ], [ -111.929199, 40.688924 ], [ -111.930708, 40.688561 ], [ -111.931628, 40.687783 ], [ -111.939139, 40.684071 ], [ -111.939749, 40.683875 ], [ -111.943015, 40.68113 ], [ -111.943723, 40.679612 ], [ -111.94506, 40.674655 ], [ -111.950147, 40.667593 ], [ -111.950169, 40.667553 ], [ -111.950425, 40.666939 ], [ -111.950424, 40.663339 ] ] ] } },
{ "type": "Feature", "properties": { "group_index": 0, "value": 300.0, "center": [ -111.90960479383965, 40.669484066144 ], "point_id": 28 }, "geometry": { "type": "Polygon", "coordinates": [ [ [ -111.924513, 40.669421 ], [ -111.923909, 40.66397 ], [ -111.923759, 40.663662 ], [ -111.922944, 40.663142 ], [ -111.919331, 40.661345 ], [ -111.916136, 40.661264 ], [ -111.916096, 40.661335 ], [ -111.915593, 40.662069 ], [ -111.910245, 40.663495 ], [ -111.906739, 40.660315 ], [ -111.905846, 40.658173 ], [ -111.905832, 40.65815 ], [ -111.905454, 40.657794 ], [ -111.905381, 40.657752 ], [ -111.903514, 40.657464 ], [ -111.903352, 40.657485 ], [ -111.901758, 40.658887 ], [ -111.900228, 40.660755 ], [ -111.896909, 40.663579 ], [ -111.893152, 40.667525 ], [ -111.893152, 40.667537 ], [ -111.895119, 40.669514 ], [ -111.896852, 40.670606 ], [ -111.897896, 40.670964 ], [ -111.901708, 40.675529 ], [ -111.901842, 40.676359 ], [ -111.903181, 40.677748 ], [ -111.90489, 40.679223 ], [ -111.904956, 40.679223 ], [ -111.906105, 40.678839 ], [ -111.91115, 40.678762 ], [ -111.912958, 40.680557 ], [ -111.91326, 40.681056 ], [ -111.913825, 40.681294 ], [ -111.918003, 40.680626 ], [ -111.918501, 40.680218 ], [ -111.919466, 40.677222 ], [ -111.923982, 40.675628 ], [ -111.924014, 40.675611 ], [ -111.925795, 40.672785 ], [ -111.924513, 40.669421 ] ] ] } },
{ "type": "Feature", "properties": { "group_index": 0, "value": 600.0, "center": [ -111.90960479383965, 40.669484066144 ], "point_id": 28 }, "geometry": { "type": "Polygon", "coordinates": [ [ [ -111.940691, 40.678056 ], [ -111.940691, 40.678053 ], [ -111.94069, 40.677995 ], [ -111.940857, 40.67381 ], [ -111.943616, 40.667612 ], [ -111.943614, 40.66752 ], [ -111.941378, 40.663762 ], [ -111.940656, 40.662981 ], [ -111.939083, 40.661394 ], [ -111.934017, 40.65835 ], [ -111.934011, 40.658347 ], [ -111.931836, 40.657579 ], [ -111.924944, 40.653184 ], [ -111.923421, 40.651239 ], [ -111.921326, 40.650814 ], [ -111.913253, 40.648361 ], [ -111.911349, 40.646772 ], [ -111.910395, 40.646182 ], [ -111.910306, 40.64618 ], [ -111.903254, 40.64599 ], [ -111.901393, 40.647538 ], [ -111.89957, 40.650494 ], [ -111.893864, 40.65375 ], [ -111.892671, 40.654496 ], [ -111.887426, 40.657586 ], [ -111.87988, 40.660777 ], [ -111.879872, 40.66079 ], [ -111.876765, 40.66799 ], [ -111.879014, 40.671091 ], [ -111.879147, 40.671227 ], [ -111.879415, 40.671358 ], [ -111.886645, 40.676208 ], [ -111.89219, 40.682275 ], [ -111.893312, 40.683977 ], [ -111.895639, 40.685595 ], [ -111.899685, 40.688435 ], [ -111.903265, 40.691276 ], [ -111.905454, 40.693138 ], [ -111.905517, 40.693138 ], [ -111.906731, 40.692394 ], [ -111.908595, 40.691042 ], [ -111.911288, 40.689206 ], [ -111.91868, 40.688676 ], [ -111.920543, 40.688705 ], [ -111.922154, 40.687091 ], [ -111.929064, 40.684403 ], [ -111.931137, 40.683707 ], [ -111.937618, 40.681554 ], [ -111.940096, 40.679268 ], [ -111.9401, 40.679264 ], [ -111.940691, 40.678114 ], [ -111.940691, 40.678056 ] ] ] } },
{ "type": "Feature", "properties": { "group_index": 0, "value": 900.0, "center": [ -111.90960479383965, 40.669484066144 ], "point_id": 28 }, "geometry": { "type": "Polygon", "coordinates": [ [ [ -111.961364, 40.667633 ], [ -111.959266, 40.665022 ], [ -111.957282, 40.663819 ], [ -111.956575, 40.663365 ], [ -111.951256, 40.658231 ], [ -111.950319, 40.656173 ], [ -111.9502, 40.655942 ], [ -111.949764, 40.655044 ], [ -111.949216, 40.654466 ], [ -111.946006, 40.652195 ], [ -111.938749, 40.6477 ], [ -111.932775, 40.644303 ], [ -111.926294, 40.641317 ], [ -111.92229, 40.63953 ], [ -111.916411, 40.637188 ], [ -111.911763, 40.633839 ], [ -111.910055, 40.63274 ], [ -111.909386, 40.632805 ], [ -111.909147, 40.632869 ], [ -111.902956, 40.636238 ], [ -111.898529, 40.638406 ], [ -111.895999, 40.639901 ], [ -111.895875, 40.639973 ], [ -111.895335, 40.640448 ], [ -111.887446, 40.644161 ], [ -111.882912, 40.647194 ], [ -111.878354, 40.649046 ], [ -111.870694, 40.650209 ], [ -111.868494, 40.651755 ], [ -111.866733, 40.653494 ], [ -111.862449, 40.660691 ], [ -111.862419, 40.660759 ], [ -111.8602, 40.665809 ], [ -111.860202, 40.666057 ], [ -111.861455, 40.667527 ], [ -111.867128, 40.674465 ], [ -111.869626, 40.677089 ], [ -111.87425, 40.680473 ], [ -111.880326, 40.686999 ], [ -111.882274, 40.689301 ], [ -111.884142, 40.690449 ], [ -111.88657, 40.691964 ], [ -111.892039, 40.696433 ], [ -111.893554, 40.697719 ], [ -111.898837, 40.701773 ], [ -111.899597, 40.702318 ], [ -111.899745, 40.702318 ], [ -111.908721, 40.701801 ], [ -111.909224, 40.701799 ], [ -111.909704, 40.701779 ], [ -111.910822, 40.701698 ], [ -111.912752, 40.701438 ], [ -111.920951, 40.699392 ], [ -111.928826, 40.69797 ], [ -111.934484, 40.695427 ], [ -111.938906, 40.693855 ], [ -111.942764, 40.691218 ], [ -111.948469, 40.686697 ], [ -111.952661, 40.683899 ], [ -111.952652, 40.680299 ], [ -111.952074, 40.676974 ], [ -111.95781, 40.670521 ], [ -111.958332, 40.670418 ], [ -111.959684, 40.669419 ], [ -111.961364, 40.667726 ], [ -111.961364, 40.667633 ] ] ] } },
{ "type": "Feature", "properties": { "group_index": 0, "value": 300.0, "center": [ -111.91401778007284, 40.67165783033634 ], "point_id": 28 }, "geometry": { "type": "Polygon", "coordinates": [ [ [ -111.930164, 40.671142 ], [ -111.930891, 40.668745 ], [ -111.930725, 40.668476 ], [ -111.928874, 40.667781 ], [ -111.925127, 40.665935 ], [ -111.924786, 40.665966 ], [ -111.924459, 40.666026 ], [ -111.92095, 40.666964 ], [ -111.91748, 40.664868 ], [ -111.916957, 40.664126 ], [ -111.915999, 40.663729 ], [ -111.910774, 40.662226 ], [ -111.905414, 40.661392 ], [ -111.90532, 40.661412 ], [ -111.904473, 40.662975 ], [ -111.900816, 40.665538 ], [ -111.900337, 40.666802 ], [ -111.900035, 40.672763 ], [ -111.900041, 40.676363 ], [ -111.903661, 40.679222 ], [ -111.905012, 40.680068 ], [ -111.90514, 40.680067 ], [ -111.910728, 40.682023 ], [ -111.914643, 40.683101 ], [ -111.917135, 40.680503 ], [ -111.917425, 40.680122 ], [ -111.918326, 40.679152 ], [ -111.924098, 40.67792 ], [ -111.924926, 40.678472 ], [ -111.924931, 40.678472 ], [ -111.925047, 40.678472 ], [ -111.925047, 40.678472 ], [ -111.925708, 40.678259 ], [ -111.928299, 40.676697 ], [ -111.9291, 40.675469 ], [ -111.930164, 40.671142 ] ] ] } },
{ "type": "Feature", "properties": { "group_index": 0, "value": 600.0, "center": [ -111.91401778007284, 40.67165783033634 ], "point_id": 28 }, "geometry": { "type": "Polygon", "coordinates": [ [ [ -111.948369, 40.667407 ], [ -111.946826, 40.665828 ], [ -111.944459, 40.663683 ], [ -111.939014, 40.65981 ], [ -111.931836, 40.657579 ], [ -111.924778, 40.654501 ], [ -111.924549, 40.654404 ], [ -111.924399, 40.654343 ], [ -111.924001, 40.65436 ], [ -111.920209, 40.654527 ], [ -111.912036, 40.651516 ], [ -111.907997, 40.650178 ], [ -111.904182, 40.650123 ], [ -111.903149, 40.650694 ], [ -111.902794, 40.650898 ], [ -111.900947, 40.652139 ], [ -111.899588, 40.653241 ], [ -111.893409, 40.658178 ], [ -111.887239, 40.662139 ], [ -111.884853, 40.663952 ], [ -111.883136, 40.665301 ], [ -111.883023, 40.667986 ], [ -111.883033, 40.668459 ], [ -111.885654, 40.674679 ], [ -111.887088, 40.676211 ], [ -111.88897, 40.677546 ], [ -111.891987, 40.683964 ], [ -111.893295, 40.684967 ], [ -111.896585, 40.687414 ], [ -111.89847, 40.688609 ], [ -111.904453, 40.693316 ], [ -111.904975, 40.693317 ], [ -111.907302, 40.692523 ], [ -111.908409, 40.692167 ], [ -111.909864, 40.691066 ], [ -111.911153, 40.690294 ], [ -111.919804, 40.690015 ], [ -111.920837, 40.690447 ], [ -111.92938, 40.688877 ], [ -111.930521, 40.68856 ], [ -111.931802, 40.686946 ], [ -111.938923, 40.684071 ], [ -111.939068, 40.684068 ], [ -111.939561, 40.683875 ], [ -111.943636, 40.679482 ], [ -111.945287, 40.675827 ], [ -111.948368, 40.667528 ], [ -111.948369, 40.667407 ] ] ] } },
{ "type": "Feature", "properties": { "group_index": 0, "value": 900.0, "center": [ -111.91401778007284, 40.67165783033634 ], "point_id": 28 }, "geometry": { "type": "Polygon", "coordinates": [ [ [ -111.966242, 40.667502 ], [ -111.96455, 40.66581 ], [ -111.960598, 40.662567 ], [ -111.958638, 40.661085 ], [ -111.952516, 40.656518 ], [ -111.951589, 40.655272 ], [ -111.950858, 40.654338 ], [ -111.950412, 40.653786 ], [ -111.943325, 40.649228 ], [ -111.940247, 40.647042 ], [ -111.938929, 40.646239 ], [ -111.938856, 40.646232 ], [ -111.93066, 40.646002 ], [ -111.927694, 40.645057 ], [ -111.922802, 40.643519 ], [ -111.915767, 40.641367 ], [ -111.911304, 40.637777 ], [ -111.910557, 40.637704 ], [ -111.910331, 40.637704 ], [ -111.904893, 40.638645 ], [ -111.904601, 40.638727 ], [ -111.90052, 40.641125 ], [ -111.899835, 40.641997 ], [ -111.892989, 40.647737 ], [ -111.892839, 40.647745 ], [ -111.892829, 40.647746 ], [ -111.892679, 40.647754 ], [ -111.888415, 40.648269 ], [ -111.888041, 40.648263 ], [ -111.88656, 40.649105 ], [ -111.886367, 40.64926 ], [ -111.883017, 40.651911 ], [ -111.874561, 40.654374 ], [ -111.874223, 40.65428 ], [ -111.873922, 40.654282 ], [ -111.873795, 40.654302 ], [ -111.87168, 40.654602 ], [ -111.871584, 40.654683 ], [ -111.868194, 40.661522 ], [ -111.866029, 40.663225 ], [ -111.865179, 40.664554 ], [ -111.865076, 40.664714 ], [ -111.865382, 40.66534 ], [ -111.865915, 40.665953 ], [ -111.866614, 40.666777 ], [ -111.869446, 40.673243 ], [ -111.869436, 40.675577 ], [ -111.869362, 40.676181 ], [ -111.870809, 40.677325 ], [ -111.871631, 40.677881 ], [ -111.876053, 40.681284 ], [ -111.879016, 40.687099 ], [ -111.879933, 40.68833 ], [ -111.880445, 40.688871 ], [ -111.882106, 40.690218 ], [ -111.886869, 40.693789 ], [ -111.888135, 40.694744 ], [ -111.888379, 40.694921 ], [ -111.890437, 40.696433 ], [ -111.896385, 40.701379 ], [ -111.89641, 40.701399 ], [ -111.899894, 40.703313 ], [ -111.900096, 40.703314 ], [ -111.908721, 40.701801 ], [ -111.909224, 40.701799 ], [ -111.909704, 40.701779 ], [ -111.910822, 40.701698 ], [ -111.916966, 40.701367 ], [ -111.922725, 40.701571 ], [ -111.922944, 40.70157 ], [ -111.925395, 40.701457 ], [ -111.926338, 40.701359 ], [ -111.93187, 40.699594 ], [ -111.939594, 40.696687 ], [ -111.940905, 40.69617 ], [ -111.944192, 40.694005 ], [ -111.94818, 40.691221 ], [ -111.949844, 40.689757 ], [ -111.950154, 40.689317 ], [ -111.957264, 40.683958 ], [ -111.957247, 40.680358 ], [ -111.959765, 40.672605 ], [ -111.961729, 40.671183 ], [ -111.964566, 40.669409 ], [ -111.966243, 40.66759 ], [ -111.966242, 40.667502 ] ] ] } },
{ "type": "Feature", "properties": { "group_index": 0, "value": 300.0, "center": [ -111.91437923843833, 40.674295573061556 ], "point_id": 28 }, "geometry": { "type": "Polygon", "coordinates": [ [ [ -111.930668, 40.670948 ], [ -111.929378, 40.667587 ], [ -111.925108, 40.665377 ], [ -111.924607, 40.665408 ], [ -111.923713, 40.666246 ], [ -111.920022, 40.66803 ], [ -111.91439, 40.666379 ], [ -111.912758, 40.664457 ], [ -111.910646, 40.663595 ], [ -111.908125, 40.663418 ], [ -111.904916, 40.665554 ], [ -111.903401, 40.667213 ], [ -111.901863, 40.66876 ], [ -111.898191, 40.671782 ], [ -111.897908, 40.672021 ], [ -111.897419, 40.672611 ], [ -111.897926, 40.676754 ], [ -111.899727, 40.678439 ], [ -111.902551, 40.680645 ], [ -111.90433, 40.682343 ], [ -111.905267, 40.683089 ], [ -111.905428, 40.683172 ], [ -111.905484, 40.683172 ], [ -111.90632, 40.682598 ], [ -111.911521, 40.683441 ], [ -111.912324, 40.684268 ], [ -111.91309, 40.684696 ], [ -111.91378, 40.684797 ], [ -111.915977, 40.684876 ], [ -111.91704, 40.684005 ], [ -111.917407, 40.683522 ], [ -111.917644, 40.682969 ], [ -111.917724, 40.68271 ], [ -111.917807, 40.682216 ], [ -111.917707, 40.681413 ], [ -111.918326, 40.679152 ], [ -111.922558, 40.677668 ], [ -111.924266, 40.678754 ], [ -111.924444, 40.678753 ], [ -111.925542, 40.678753 ], [ -111.925706, 40.678753 ], [ -111.926822, 40.678169 ], [ -111.928246, 40.677228 ], [ -111.929975, 40.67546 ], [ -111.930668, 40.670948 ] ] ] } },
{ "type": "Feature", "properties": { "group_index": 0, "value": 600.0, "center": [ -111.91437923843833, 40.674295573061556 ], "point_id": 28 }, "geometry": { "type": "Polygon", "coordinates": [ [ [ -111.945834, 40.674914 ], [ -111.948743, 40.667535 ], [ -111.948748, 40.667253 ], [ -111.947891, 40.665957 ], [ -111.947803, 40.665861 ], [ -111.944279, 40.663215 ], [ -111.938897, 40.659287 ], [ -111.931836, 40.657579 ], [ -111.924778, 40.654501 ], [ -111.924464, 40.65434 ], [ -111.924001, 40.65436 ], [ -111.918759, 40.656792 ], [ -111.911982, 40.655502 ], [ -111.909678, 40.654078 ], [ -111.905176, 40.652442 ], [ -111.904784, 40.65238 ], [ -111.904716, 40.652388 ], [ -111.897975, 40.65609 ], [ -111.893657, 40.660052 ], [ -111.89001, 40.662929 ], [ -111.887236, 40.665184 ], [ -111.885734, 40.666813 ], [ -111.883059, 40.671787 ], [ -111.882442, 40.674489 ], [ -111.882443, 40.674554 ], [ -111.883902, 40.676131 ], [ -111.888409, 40.683142 ], [ -111.888826, 40.68396 ], [ -111.890997, 40.685811 ], [ -111.894645, 40.688674 ], [ -111.895366, 40.688904 ], [ -111.895431, 40.688902 ], [ -111.895445, 40.688902 ], [ -111.895509, 40.6889 ], [ -111.896803, 40.688924 ], [ -111.903587, 40.694821 ], [ -111.903739, 40.69529 ], [ -111.905482, 40.696759 ], [ -111.905513, 40.696759 ], [ -111.906353, 40.696056 ], [ -111.907299, 40.694978 ], [ -111.911538, 40.692166 ], [ -111.919762, 40.6925 ], [ -111.922783, 40.691427 ], [ -111.930115, 40.689357 ], [ -111.931226, 40.688562 ], [ -111.93807, 40.684016 ], [ -111.940294, 40.683932 ], [ -111.940387, 40.683932 ], [ -111.94188, 40.682327 ], [ -111.942099, 40.682084 ], [ -111.944756, 40.679069 ], [ -111.945834, 40.674914 ] ] ] } },
{ "type": "Feature", "properties": { "group_index": 0, "value": 900.0, "center": [ -111.91437923843833, 40.674295573061556 ], "point_id": 28 }, "geometry": { "type": "Polygon", "coordinates": [ [ [ -111.966342, 40.667416 ], [ -111.966241, 40.667092 ], [ -111.965115, 40.665807 ], [ -111.959429, 40.661111 ], [ -111.958807, 40.66091 ], [ -111.958629, 40.66091 ], [ -111.951598, 40.657072 ], [ -111.951341, 40.654336 ], [ -111.949133, 40.652787 ], [ -111.946714, 40.651293 ], [ -111.940228, 40.646785 ], [ -111.939674, 40.646537 ], [ -111.93869, 40.646219 ], [ -111.938235, 40.646192 ], [ -111.929811, 40.645356 ], [ -111.92544, 40.64577 ], [ -111.920635, 40.645273 ], [ -111.920625, 40.645273 ], [ -111.915462, 40.644057 ], [ -111.912146, 40.641376 ], [ -111.911079, 40.641139 ], [ -111.910837, 40.641104 ], [ -111.910444, 40.641079 ], [ -111.910074, 40.641065 ], [ -111.909781, 40.641063 ], [ -111.908975, 40.641065 ], [ -111.908953, 40.641065 ], [ -111.904989, 40.641212 ], [ -111.900178, 40.644607 ], [ -111.895983, 40.649444 ], [ -111.891563, 40.649419 ], [ -111.890897, 40.649491 ], [ -111.884475, 40.653463 ], [ -111.883466, 40.654288 ], [ -111.875111, 40.656322 ], [ -111.875102, 40.656325 ], [ -111.875077, 40.656336 ], [ -111.875069, 40.65634 ], [ -111.869897, 40.663009 ], [ -111.868621, 40.664192 ], [ -111.86858, 40.66472 ], [ -111.866147, 40.67256 ], [ -111.864748, 40.67407 ], [ -111.86435, 40.674455 ], [ -111.86435, 40.674462 ], [ -111.866124, 40.67616 ], [ -111.8682, 40.677801 ], [ -111.869638, 40.678877 ], [ -111.872456, 40.681367 ], [ -111.875494, 40.687145 ], [ -111.8772, 40.688868 ], [ -111.881823, 40.692412 ], [ -111.883631, 40.693788 ], [ -111.884893, 40.69475 ], [ -111.88839, 40.697292 ], [ -111.893703, 40.701561 ], [ -111.899253, 40.705685 ], [ -111.89953, 40.70575 ], [ -111.89955, 40.705751 ], [ -111.900151, 40.705682 ], [ -111.901534, 40.704235 ], [ -111.906386, 40.701624 ], [ -111.91145, 40.701399 ], [ -111.915146, 40.702061 ], [ -111.918029, 40.702791 ], [ -111.925572, 40.703861 ], [ -111.93304, 40.699925 ], [ -111.938877, 40.698366 ], [ -111.939674, 40.697812 ], [ -111.941815, 40.696172 ], [ -111.949182, 40.691213 ], [ -111.950199, 40.690314 ], [ -111.950374, 40.689574 ], [ -111.955125, 40.683933 ], [ -111.95802, 40.683955 ], [ -111.958187, 40.683953 ], [ -111.959798, 40.682282 ], [ -111.959798, 40.682163 ], [ -111.959798, 40.682156 ], [ -111.959798, 40.682036 ], [ -111.958143, 40.680354 ], [ -111.959764, 40.673034 ], [ -111.963676, 40.670422 ], [ -111.965131, 40.669407 ], [ -111.966342, 40.667461 ], [ -111.966342, 40.667416 ] ] ] } },
{ "type": "Feature", "properties": { "group_index": 0, "value": 300.0, "center": [ -111.9225336617004, 40.67203870730203 ], "point_id": 28 }, "geometry": { "type": "Polygon", "coordinates": [ [ [ -111.93716, 40.677802 ], [ -111.937648, 40.672733 ], [ -111.940712, 40.667614 ], [ -111.940712, 40.667578 ], [ -111.940511, 40.667346 ], [ -111.938975, 40.665788 ], [ -111.935486, 40.664137 ], [ -111.931039, 40.662347 ], [ -111.928608, 40.660542 ], [ -111.923948, 40.659185 ], [ -111.923473, 40.659184 ], [ -111.922362, 40.660027 ], [ -111.919052, 40.662962 ], [ -111.91798, 40.664062 ], [ -111.914667, 40.666455 ], [ -111.909076, 40.665688 ], [ -111.90906, 40.665688 ], [ -111.907288, 40.667614 ], [ -111.907289, 40.667626 ], [ -111.90578, 40.672812 ], [ -111.903854, 40.674602 ], [ -111.903854, 40.674608 ], [ -111.903854, 40.674615 ], [ -111.905478, 40.6764 ], [ -111.906205, 40.677161 ], [ -111.909896, 40.67813 ], [ -111.91326, 40.681056 ], [ -111.913518, 40.681389 ], [ -111.918026, 40.680506 ], [ -111.918157, 40.680473 ], [ -111.918441, 40.680399 ], [ -111.918535, 40.680322 ], [ -111.923621, 40.678526 ], [ -111.925083, 40.680179 ], [ -111.926355, 40.680921 ], [ -111.929136, 40.68318 ], [ -111.929336, 40.683321 ], [ -111.929366, 40.68332 ], [ -111.92989, 40.683237 ], [ -111.931144, 40.681608 ], [ -111.935596, 40.679869 ], [ -111.93575, 40.679867 ], [ -111.936392, 40.679867 ], [ -111.936703, 40.679203 ], [ -111.93716, 40.677802 ] ] ] } },
{ "type": "Feature", "properties": { "group_index": 0, "value": 600.0, "center": [ -111.9225336617004, 40.67203870730203 ], "point_id": 28 }, "geometry": { "type": "Polygon", "coordinates": [ [ [ -111.957858, 40.666988 ], [ -111.956715, 40.665749 ], [ -111.956212, 40.665369 ], [ -111.950246, 40.660722 ], [ -111.944129, 40.655345 ], [ -111.94125, 40.653693 ], [ -111.940125, 40.653056 ], [ -111.939603, 40.652854 ], [ -111.931767, 40.652233 ], [ -111.931409, 40.652234 ], [ -111.92616, 40.652427 ], [ -111.923295, 40.652532 ], [ -111.923128, 40.652567 ], [ -111.91579, 40.654426 ], [ -111.907967, 40.656564 ], [ -111.905923, 40.65627 ], [ -111.903015, 40.655921 ], [ -111.898986, 40.659132 ], [ -111.892467, 40.665116 ], [ -111.890537, 40.667039 ], [ -111.890297, 40.675034 ], [ -111.890363, 40.675189 ], [ -111.890392, 40.675232 ], [ -111.890781, 40.675527 ], [ -111.895887, 40.682493 ], [ -111.897751, 40.684226 ], [ -111.903598, 40.688595 ], [ -111.905632, 40.689832 ], [ -111.905961, 40.689829 ], [ -111.907249, 40.688811 ], [ -111.91591, 40.688821 ], [ -111.916015, 40.688821 ], [ -111.919182, 40.68869 ], [ -111.921123, 40.688992 ], [ -111.926664, 40.695302 ], [ -111.927033, 40.695662 ], [ -111.929281, 40.696126 ], [ -111.930009, 40.696085 ], [ -111.933265, 40.694494 ], [ -111.938719, 40.691632 ], [ -111.941555, 40.690225 ], [ -111.945298, 40.687083 ], [ -111.949602, 40.683918 ], [ -111.952216, 40.680498 ], [ -111.952217, 40.680349 ], [ -111.952369, 40.673242 ], [ -111.956731, 40.669349 ], [ -111.95786, 40.667144 ], [ -111.957858, 40.666988 ] ] ] } },
{ "type": "Feature", "properties": { "group_index": 0, "value": 900.0, "center": [ -111.9225336617004, 40.67203870730203 ], "point_id": 28 }, "geometry": { "type": "Polygon", "coordinates": [ [ [ -111.97517, 40.667393 ], [ -111.975195, 40.667052 ], [ -111.974483, 40.66578 ], [ -111.968114, 40.660588 ], [ -111.960912, 40.655488 ], [ -111.960414, 40.654914 ], [ -111.95616, 40.65079 ], [ -111.953506, 40.64916 ], [ -111.95327, 40.64916 ], [ -111.94834, 40.648201 ], [ -111.944811, 40.645936 ], [ -111.940572, 40.63998 ], [ -111.938974, 40.638807 ], [ -111.938816, 40.638807 ], [ -111.931851, 40.639584 ], [ -111.924419, 40.640613 ], [ -111.924154, 40.640663 ], [ -111.923622, 40.640923 ], [ -111.91823, 40.643284 ], [ -111.910296, 40.644034 ], [ -111.910218, 40.644032 ], [ -111.903826, 40.644034 ], [ -111.901877, 40.645578 ], [ -111.899794, 40.648385 ], [ -111.893675, 40.652255 ], [ -111.887543, 40.655109 ], [ -111.881574, 40.658304 ], [ -111.878577, 40.659354 ], [ -111.877978, 40.659838 ], [ -111.877808, 40.660044 ], [ -111.875069, 40.663644 ], [ -111.874496, 40.665913 ], [ -111.874526, 40.667202 ], [ -111.874967, 40.672609 ], [ -111.874967, 40.676209 ], [ -111.876386, 40.677186 ], [ -111.881015, 40.684462 ], [ -111.882384, 40.685947 ], [ -111.88521, 40.68831 ], [ -111.8896, 40.691565 ], [ -111.893688, 40.694534 ], [ -111.893891, 40.694533 ], [ -111.899604, 40.69541 ], [ -111.902716, 40.701805 ], [ -111.905101, 40.702916 ], [ -111.908344, 40.701792 ], [ -111.916506, 40.702554 ], [ -111.921884, 40.706809 ], [ -111.921975, 40.706856 ], [ -111.922243, 40.706953 ], [ -111.922344, 40.706974 ], [ -111.931147, 40.705763 ], [ -111.932281, 40.705703 ], [ -111.939201, 40.705167 ], [ -111.941357, 40.703649 ], [ -111.942166, 40.702916 ], [ -111.948697, 40.698296 ], [ -111.950961, 40.696858 ], [ -111.955608, 40.693045 ], [ -111.958312, 40.691188 ], [ -111.963557, 40.68764 ], [ -111.967366, 40.683934 ], [ -111.969143, 40.682077 ], [ -111.969143, 40.68207 ], [ -111.969143, 40.682066 ], [ -111.969142, 40.682059 ], [ -111.969392, 40.673477 ], [ -111.970246, 40.672631 ], [ -111.971251, 40.671851 ], [ -111.974488, 40.66938 ], [ -111.97517, 40.667393 ] ] ] } },
{ "type": "Feature", "properties": { "group_index": 0, "value": 300.0, "center": [ -111.92949199898557, 40.66947156732613 ], "point_id": 28 }, "geometry": { "type": "Polygon", "coordinates": [ [ [ -111.948369, 40.667419 ], [ -111.946796, 40.665827 ], [ -111.944465, 40.66369 ], [ -111.943523, 40.66322 ], [ -111.939427, 40.660197 ], [ -111.938991, 40.65981 ], [ -111.938858, 40.659809 ], [ -111.93535, 40.662342 ], [ -111.933837, 40.663994 ], [ -111.929475, 40.66755 ], [ -111.9301, 40.669238 ], [ -111.930726, 40.670926 ], [ -111.934294, 40.672574 ], [ -111.938338, 40.674839 ], [ -111.938554, 40.674842 ], [ -111.939909, 40.674368 ], [ -111.944466, 40.671353 ], [ -111.946765, 40.669427 ], [ -111.948368, 40.667528 ], [ -111.948369, 40.667419 ] ] ] } },
{ "type": "Feature", "properties": { "group_index": 0, "value": 600.0, "center": [ -111.92949199898557, 40.66947156732613 ], "point_id": 28 }, "geometry": { "type": "Polygon", "coordinates": [ [ [ -111.966242, 40.667525 ], [ -111.96452, 40.66581 ], [ -111.960568, 40.662567 ], [ -111.958609, 40.661085 ], [ -111.952463, 40.656123 ], [ -111.950832, 40.654338 ], [ -111.949851, 40.653674 ], [ -111.948538, 40.652787 ], [ -111.946133, 40.651297 ], [ -111.940247, 40.647042 ], [ -111.938929, 40.646239 ], [ -111.938886, 40.646235 ], [ -111.937175, 40.647349 ], [ -111.936891, 40.647566 ], [ -111.928988, 40.651212 ], [ -111.927049, 40.653088 ], [ -111.923263, 40.658036 ], [ -111.9199, 40.660511 ], [ -111.916145, 40.665602 ], [ -111.914196, 40.670887 ], [ -111.914077, 40.672514 ], [ -111.914996, 40.675995 ], [ -111.923008, 40.679325 ], [ -111.924427, 40.68027 ], [ -111.927541, 40.681878 ], [ -111.933229, 40.685548 ], [ -111.938908, 40.68874 ], [ -111.938947, 40.68874 ], [ -111.945477, 40.683971 ], [ -111.949883, 40.681111 ], [ -111.951461, 40.679569 ], [ -111.957935, 40.674098 ], [ -111.964536, 40.66941 ], [ -111.966243, 40.66759 ], [ -111.966242, 40.667525 ] ] ] } },
{ "type": "Feature", "properties": { "group_index": 0, "value": 900.0, "center": [ -111.92949199898557, 40.66947156732613 ], "point_id": 28 }, "geometry": { "type": "Polygon", "coordinates": [ [ [ -111.982289, 40.665761 ], [ -111.977443, 40.662078 ], [ -111.97406, 40.659143 ], [ -111.970427, 40.656356 ], [ -111.964321, 40.651295 ], [ -111.960391, 40.648291 ], [ -111.959663, 40.648203 ], [ -111.952952, 40.646872 ], [ -111.951545, 40.646916 ], [ -111.951087, 40.646878 ], [ -111.945242, 40.640248 ], [ -111.944553, 40.638492 ], [ -111.94411, 40.636737 ], [ -111.939729, 40.633063 ], [ -111.939673, 40.633032 ], [ -111.938993, 40.632818 ], [ -111.93889, 40.632814 ], [ -111.938705, 40.632815 ], [ -111.938602, 40.632821 ], [ -111.933452, 40.636144 ], [ -111.931201, 40.638802 ], [ -111.924681, 40.64005 ], [ -111.924086, 40.639955 ], [ -111.92346, 40.639954 ], [ -111.919738, 40.643253 ], [ -111.914296, 40.648359 ], [ -111.910894, 40.651763 ], [ -111.907549, 40.657363 ], [ -111.905547, 40.660409 ], [ -111.900213, 40.664859 ], [ -111.898703, 40.667151 ], [ -111.896856, 40.673841 ], [ -111.89684, 40.674113 ], [ -111.89792, 40.6767 ], [ -111.904477, 40.682064 ], [ -111.905247, 40.682739 ], [ -111.90548, 40.682772 ], [ -111.905575, 40.682772 ], [ -111.912324, 40.684268 ], [ -111.914216, 40.686841 ], [ -111.915504, 40.688821 ], [ -111.919338, 40.689399 ], [ -111.926267, 40.69489 ], [ -111.926824, 40.695568 ], [ -111.926932, 40.695681 ], [ -111.928844, 40.696499 ], [ -111.932775, 40.698222 ], [ -111.93878, 40.702107 ], [ -111.939103, 40.702106 ], [ -111.944182, 40.698469 ], [ -111.948948, 40.695461 ], [ -111.95154, 40.693487 ], [ -111.954417, 40.691213 ], [ -111.960422, 40.686867 ], [ -111.963986, 40.683928 ], [ -111.969059, 40.679842 ], [ -111.972885, 40.676667 ], [ -111.978846, 40.673093 ], [ -111.982327, 40.669361 ], [ -111.982289, 40.665761 ] ] ] } },
{ "type": "Feature", "properties": { "group_index": 0, "value": 300.0, "center": [ -111.9472922819122, 40.66769160598123 ], "point_id": 28 }, "geometry": { "type": "Polygon", "coordinates": [ [ [ -111.965384, 40.667707 ], [ -111.965108, 40.667052 ], [ -111.964325, 40.66581 ], [ -111.960368, 40.662568 ], [ -111.958417, 40.661086 ], [ -111.958137, 40.661087 ], [ -111.953396, 40.657754 ], [ -111.950495, 40.655277 ], [ -111.949573, 40.654465 ], [ -111.948409, 40.653712 ], [ -111.948388, 40.653712 ], [ -111.943692, 40.656159 ], [ -111.941825, 40.656552 ], [ -111.940649, 40.657088 ], [ -111.940435, 40.657237 ], [ -111.93623, 40.660597 ], [ -111.934031, 40.662342 ], [ -111.933223, 40.664221 ], [ -111.929144, 40.667873 ], [ -111.930408, 40.671244 ], [ -111.933928, 40.673389 ], [ -111.938881, 40.67659 ], [ -111.938893, 40.67659 ], [ -111.943931, 40.678026 ], [ -111.94624, 40.680047 ], [ -111.947627, 40.680791 ], [ -111.948553, 40.681141 ], [ -111.948802, 40.681141 ], [ -111.950449, 40.679998 ], [ -111.951193, 40.677492 ], [ -111.951269, 40.676653 ], [ -111.95128, 40.676237 ], [ -111.951534, 40.67482 ], [ -111.956166, 40.672418 ], [ -111.957842, 40.674101 ], [ -111.957968, 40.674101 ], [ -111.960961, 40.67159 ], [ -111.964331, 40.66941 ], [ -111.965391, 40.668148 ], [ -111.965384, 40.667707 ] ] ] } },
{ "type": "Feature", "properties": { "group_index": 0, "value": 600.0, "center": [ -111.9472922819122, 40.66769160598123 ], "point_id": 28 }, "geometry": { "type": "Polygon", "coordinates": [ [ [ -111.982089, 40.665763 ], [ -111.977242, 40.662079 ], [ -111.97386, 40.659143 ], [ -111.970294, 40.656356 ], [ -111.969355, 40.655636 ], [ -111.963221, 40.651295 ], [ -111.961595, 40.650066 ], [ -111.959665, 40.649036 ], [ -111.953866, 40.647615 ], [ -111.945547, 40.645849 ], [ -111.94352, 40.644569 ], [ -111.943157, 40.644571 ], [ -111.938276, 40.646 ], [ -111.93736, 40.646319 ], [ -111.935722, 40.647346 ], [ -111.927666, 40.651214 ], [ -111.924383, 40.654597 ], [ -111.921944, 40.658037 ], [ -111.917711, 40.661606 ], [ -111.916848, 40.662355 ], [ -111.914927, 40.665945 ], [ -111.913219, 40.669878 ], [ -111.912139, 40.67461 ], [ -111.912188, 40.674752 ], [ -111.912392, 40.675265 ], [ -111.912507, 40.675512 ], [ -111.913681, 40.676432 ], [ -111.918503, 40.677365 ], [ -111.923357, 40.679356 ], [ -111.92725, 40.68289 ], [ -111.927536, 40.683165 ], [ -111.928941, 40.684404 ], [ -111.931392, 40.685958 ], [ -111.938815, 40.689945 ], [ -111.944654, 40.692001 ], [ -111.948016, 40.694645 ], [ -111.948592, 40.694769 ], [ -111.948647, 40.694769 ], [ -111.953326, 40.691216 ], [ -111.958607, 40.687258 ], [ -111.961786, 40.685209 ], [ -111.968859, 40.679842 ], [ -111.972766, 40.676572 ], [ -111.978845, 40.672941 ], [ -111.982127, 40.669363 ], [ -111.982089, 40.665763 ] ] ] } },
{ "type": "Feature", "properties": { "group_index": 0, "value": 900.0, "center": [ -111.9472922819122, 40.66769160598123 ], "point_id": 28 }, "geometry": { "type": "Polygon", "coordinates": [ [ [ -112.000693, 40.667915 ], [ -112.000674, 40.666945 ], [ -112.000586, 40.666448 ], [ -112.000486, 40.666308 ], [ -111.999845, 40.665449 ], [ -111.99728, 40.663225 ], [ -111.995105, 40.661829 ], [ -111.989462, 40.657497 ], [ -111.987771, 40.656229 ], [ -111.981833, 40.651506 ], [ -111.976094, 40.646857 ], [ -111.969164, 40.641204 ], [ -111.968717, 40.640761 ], [ -111.961823, 40.636773 ], [ -111.959641, 40.635544 ], [ -111.957711, 40.63527 ], [ -111.957151, 40.635269 ], [ -111.956041, 40.635559 ], [ -111.950521, 40.636771 ], [ -111.945523, 40.636769 ], [ -111.940607, 40.633432 ], [ -111.939443, 40.632505 ], [ -111.938668, 40.631896 ], [ -111.936877, 40.632827 ], [ -111.935618, 40.633672 ], [ -111.928528, 40.637685 ], [ -111.922927, 40.639636 ], [ -111.919245, 40.641916 ], [ -111.913756, 40.647674 ], [ -111.908321, 40.653625 ], [ -111.905591, 40.65868 ], [ -111.90021, 40.664204 ], [ -111.898292, 40.665951 ], [ -111.897771, 40.667262 ], [ -111.89752, 40.671815 ], [ -111.897457, 40.673681 ], [ -111.897929, 40.677476 ], [ -111.899059, 40.67861 ], [ -111.89941, 40.678956 ], [ -111.899672, 40.679209 ], [ -111.904766, 40.683662 ], [ -111.905222, 40.68366 ], [ -111.905958, 40.683542 ], [ -111.912324, 40.684268 ], [ -111.913746, 40.688849 ], [ -111.914341, 40.689164 ], [ -111.920137, 40.691109 ], [ -111.925237, 40.694692 ], [ -111.927502, 40.697491 ], [ -111.928233, 40.697894 ], [ -111.934806, 40.700402 ], [ -111.937111, 40.70212 ], [ -111.938936, 40.703498 ], [ -111.946557, 40.70572 ], [ -111.94829, 40.706941 ], [ -111.948623, 40.707204 ], [ -111.948732, 40.707212 ], [ -111.950385, 40.706307 ], [ -111.951583, 40.705405 ], [ -111.957093, 40.700995 ], [ -111.959901, 40.701052 ], [ -111.963082, 40.698359 ], [ -111.967672, 40.694745 ], [ -111.972596, 40.691178 ], [ -111.977685, 40.688067 ], [ -111.982759, 40.683849 ], [ -111.984457, 40.682073 ], [ -111.991054, 40.676552 ], [ -111.996976, 40.671787 ], [ -111.999833, 40.669468 ], [ -112.000581, 40.668182 ], [ -112.000693, 40.667925 ], [ -112.000693, 40.667915 ] ] ] } },
{ "type": "Feature", "properties": { "group_index": 0, "value": 300.0, "center": [ -111.95798146861799, 40.66829948080885 ], "point_id": 28 }, "geometry": { "type": "Polygon", "coordinates": [ [ [ -111.974861, 40.665779 ], [ -111.974098, 40.665635 ], [ -111.969245, 40.66237 ], [ -111.969243, 40.661828 ], [ -111.968224, 40.66059 ], [ -111.967576, 40.66058 ], [ -111.965293, 40.660205 ], [ -111.961638, 40.656584 ], [ -111.960912, 40.655488 ], [ -111.960429, 40.654914 ], [ -111.957889, 40.653059 ], [ -111.957839, 40.653059 ], [ -111.954857, 40.655343 ], [ -111.953203, 40.656633 ], [ -111.951446, 40.658361 ], [ -111.948347, 40.66076 ], [ -111.944637, 40.662883 ], [ -111.941091, 40.665847 ], [ -111.939371, 40.667662 ], [ -111.939371, 40.667717 ], [ -111.941066, 40.669447 ], [ -111.942527, 40.670579 ], [ -111.946646, 40.673286 ], [ -111.947818, 40.673934 ], [ -111.947942, 40.673936 ], [ -111.953064, 40.676887 ], [ -111.954249, 40.681182 ], [ -111.954365, 40.681295 ], [ -111.957594, 40.683234 ], [ -111.957634, 40.683234 ], [ -111.961682, 40.681009 ], [ -111.963403, 40.679687 ], [ -111.96542, 40.677818 ], [ -111.966784, 40.676265 ], [ -111.969628, 40.673477 ], [ -111.97163, 40.671849 ], [ -111.974866, 40.669379 ], [ -111.974861, 40.665779 ] ] ] } },
{ "type": "Feature", "properties": { "group_index": 0, "value": 600.0, "center": [ -111.95798146861799, 40.66829948080885 ], "point_id": 28 }, "geometry": { "type": "Polygon", "coordinates": [ [ [ -111.993633, 40.666656 ], [ -111.992593, 40.665443 ], [ -111.990746, 40.664044 ], [ -111.987716, 40.661826 ], [ -111.980879, 40.657062 ], [ -111.97978, 40.65603 ], [ -111.977702, 40.654304 ], [ -111.970711, 40.648807 ], [ -111.964842, 40.643736 ], [ -111.959774, 40.640982 ], [ -111.957343, 40.640279 ], [ -111.956955, 40.640278 ], [ -111.95358, 40.641479 ], [ -111.946663, 40.64481 ], [ -111.946599, 40.644938 ], [ -111.942074, 40.651396 ], [ -111.937284, 40.654514 ], [ -111.937171, 40.654606 ], [ -111.933189, 40.658175 ], [ -111.927788, 40.662352 ], [ -111.923437, 40.669994 ], [ -111.923355, 40.671817 ], [ -111.923355, 40.671914 ], [ -111.924588, 40.673405 ], [ -111.930637, 40.676599 ], [ -111.933637, 40.677761 ], [ -111.938934, 40.682161 ], [ -111.940702, 40.683933 ], [ -111.943386, 40.686536 ], [ -111.948749, 40.690868 ], [ -111.95054, 40.691968 ], [ -111.95712, 40.696264 ], [ -111.95855, 40.696634 ], [ -111.958604, 40.696633 ], [ -111.964025, 40.693108 ], [ -111.970717, 40.687894 ], [ -111.975963, 40.684111 ], [ -111.978864, 40.681683 ], [ -111.981704, 40.678904 ], [ -111.987265, 40.673451 ], [ -111.992591, 40.669043 ], [ -111.993635, 40.666966 ], [ -111.993633, 40.666656 ] ] ] } },
{ "type": "Feature", "properties": { "group_index": 0, "value": 900.0, "center": [ -111.95798146861799, 40.66829948080885 ], "point_id": 28 }, "geometry": { "type": "Polygon", "coordinates": [ [ [ -112.009951, 40.663986 ], [ -112.009832, 40.663827 ], [ -112.003851, 40.660326 ], [ -111.999127, 40.656019 ], [ -111.998515, 40.655329 ], [ -111.99779, 40.654609 ], [ -111.994432, 40.651772 ], [ -111.987366, 40.648034 ], [ -111.986923, 40.647997 ], [ -111.986622, 40.647998 ], [ -111.985074, 40.648965 ], [ -111.977349, 40.646158 ], [ -111.976842, 40.641087 ], [ -111.977011, 40.639269 ], [ -111.977013, 40.639187 ], [ -111.97647, 40.638656 ], [ -111.974998, 40.637454 ], [ -111.97015, 40.633605 ], [ -111.967516, 40.631807 ], [ -111.961843, 40.628367 ], [ -111.957832, 40.626515 ], [ -111.957103, 40.626512 ], [ -111.954276, 40.628929 ], [ -111.94834, 40.63092 ], [ -111.94155, 40.634316 ], [ -111.940439, 40.635753 ], [ -111.939556, 40.636941 ], [ -111.937024, 40.640411 ], [ -111.93617, 40.641292 ], [ -111.929074, 40.645614 ], [ -111.928566, 40.64588 ], [ -111.927481, 40.647199 ], [ -111.920588, 40.651246 ], [ -111.915756, 40.65874 ], [ -111.915561, 40.658917 ], [ -111.91429, 40.660016 ], [ -111.910168, 40.664812 ], [ -111.909102, 40.665972 ], [ -111.908048, 40.668468 ], [ -111.906494, 40.674217 ], [ -111.906468, 40.674344 ], [ -111.907215, 40.676596 ], [ -111.911648, 40.679674 ], [ -111.913568, 40.680517 ], [ -111.91368, 40.680552 ], [ -111.917047, 40.680248 ], [ -111.922533, 40.685697 ], [ -111.922553, 40.685755 ], [ -111.92415, 40.68752 ], [ -111.92591, 40.688872 ], [ -111.926156, 40.68903 ], [ -111.928891, 40.690417 ], [ -111.936323, 40.694842 ], [ -111.937013, 40.69536 ], [ -111.940992, 40.69842 ], [ -111.941356, 40.698634 ], [ -111.942279, 40.699172 ], [ -111.946439, 40.701757 ], [ -111.951533, 40.705725 ], [ -111.955388, 40.708435 ], [ -111.955423, 40.708454 ], [ -111.955424, 40.708455 ], [ -111.955459, 40.708474 ], [ -111.958554, 40.710055 ], [ -111.958617, 40.710055 ], [ -111.962334, 40.708288 ], [ -111.966206, 40.705618 ], [ -111.96991, 40.702055 ], [ -111.973846, 40.699398 ], [ -111.9756, 40.698309 ], [ -111.978888, 40.695449 ], [ -111.979983, 40.694025 ], [ -111.986703, 40.689284 ], [ -111.989326, 40.688065 ], [ -111.994988, 40.683202 ], [ -111.995652, 40.682126 ], [ -112.00026, 40.677424 ], [ -112.003845, 40.67608 ], [ -112.004002, 40.675985 ], [ -112.007418, 40.672667 ], [ -112.010314, 40.669379 ], [ -112.011608, 40.667509 ], [ -112.009951, 40.663986 ] ] ] } },
{ "type": "Feature", "properties": { "group_index": 0, "value": 300.0, "center": [ -111.95799803369495, 40.68214705219696 ], "point_id": 28 }, "geometry": { "type": "Polygon", "coordinates": [ [ [ -111.975954, 40.683518 ], [ -111.97577, 40.680319 ], [ -111.974219, 40.679024 ], [ -111.970458, 40.676242 ], [ -111.966196, 40.672613 ], [ -111.961725, 40.670123 ], [ -111.958363, 40.667179 ], [ -111.957968, 40.666921 ], [ -111.957885, 40.666921 ], [ -111.956941, 40.667407 ], [ -111.955094, 40.66945 ], [ -111.954099, 40.67212 ], [ -111.952655, 40.6737 ], [ -111.948452, 40.674234 ], [ -111.948441, 40.674234 ], [ -111.948439, 40.674234 ], [ -111.948429, 40.674234 ], [ -111.945983, 40.675721 ], [ -111.944457, 40.677189 ], [ -111.940218, 40.680332 ], [ -111.938499, 40.682142 ], [ -111.9385, 40.68218 ], [ -111.940251, 40.683932 ], [ -111.943892, 40.687232 ], [ -111.947766, 40.689735 ], [ -111.948931, 40.691228 ], [ -111.949129, 40.69153 ], [ -111.952503, 40.693563 ], [ -111.956647, 40.696265 ], [ -111.958223, 40.697349 ], [ -111.95829, 40.697347 ], [ -111.96268, 40.694742 ], [ -111.964498, 40.693106 ], [ -111.9654, 40.690278 ], [ -111.96934, 40.689106 ], [ -111.971811, 40.687167 ], [ -111.975962, 40.684033 ], [ -111.975954, 40.683518 ] ] ] } },
{ "type": "Feature", "properties": { "group_index": 0, "value": 600.0, "center": [ -111.95799803369495, 40.68214705219696 ], "point_id": 28 }, "geometry": { "type": "Polygon", "coordinates": [ [ [ -111.994988, 40.681704 ], [ -111.993534, 40.680274 ], [ -111.989563, 40.677216 ], [ -111.985689, 40.674291 ], [ -111.985211, 40.673969 ], [ -111.978856, 40.668314 ], [ -111.974973, 40.665779 ], [ -111.968169, 40.660589 ], [ -111.961584, 40.656793 ], [ -111.960109, 40.654919 ], [ -111.958023, 40.653433 ], [ -111.957997, 40.653431 ], [ -111.95792, 40.653428 ], [ -111.957894, 40.653428 ], [ -111.957228, 40.653867 ], [ -111.955315, 40.655341 ], [ -111.95325, 40.656946 ], [ -111.948135, 40.660749 ], [ -111.945449, 40.662622 ], [ -111.942037, 40.665291 ], [ -111.937298, 40.668017 ], [ -111.930539, 40.672997 ], [ -111.928303, 40.673627 ], [ -111.926623, 40.675413 ], [ -111.925469, 40.677537 ], [ -111.922901, 40.683438 ], [ -111.922151, 40.68587 ], [ -111.921962, 40.686835 ], [ -111.922074, 40.687001 ], [ -111.928943, 40.690909 ], [ -111.936617, 40.6956 ], [ -111.940534, 40.698421 ], [ -111.94306, 40.700352 ], [ -111.947294, 40.702689 ], [ -111.95106, 40.705722 ], [ -111.956212, 40.709082 ], [ -111.959812, 40.709063 ], [ -111.963821, 40.706972 ], [ -111.966254, 40.705715 ], [ -111.971567, 40.701536 ], [ -111.975862, 40.698308 ], [ -111.978887, 40.695509 ], [ -111.979983, 40.694071 ], [ -111.986624, 40.688446 ], [ -111.987345, 40.688448 ], [ -111.988873, 40.688073 ], [ -111.993536, 40.683874 ], [ -111.994988, 40.681974 ], [ -111.994988, 40.681704 ] ] ] } },
{ "type": "Feature", "properties": { "group_index": 0, "value": 900.0, "center": [ -111.95799803369495, 40.68214705219696 ], "point_id": 28 }, "geometry": { "type": "Polygon", "coordinates": [ [ [ -112.013069, 40.681998 ], [ -112.011325, 40.680263 ], [ -112.010369, 40.679463 ], [ -112.006741, 40.67678 ], [ -112.00532, 40.675678 ], [ -111.999844, 40.67056 ], [ -111.998276, 40.669229 ], [ -111.993097, 40.665278 ], [ -111.987934, 40.661826 ], [ -111.982595, 40.659126 ], [ -111.979994, 40.656032 ], [ -111.973922, 40.65081 ], [ -111.970483, 40.648698 ], [ -111.964371, 40.643739 ], [ -111.959573, 40.641043 ], [ -111.958104, 40.640388 ], [ -111.957862, 40.640313 ], [ -111.957484, 40.640279 ], [ -111.95737, 40.640279 ], [ -111.954243, 40.641887 ], [ -111.947321, 40.643873 ], [ -111.947277, 40.643904 ], [ -111.942631, 40.651372 ], [ -111.938487, 40.654113 ], [ -111.934634, 40.656741 ], [ -111.932171, 40.658244 ], [ -111.927751, 40.662351 ], [ -111.92395, 40.665416 ], [ -111.915685, 40.667733 ], [ -111.915501, 40.667754 ], [ -111.913819, 40.668959 ], [ -111.912567, 40.673054 ], [ -111.912079, 40.674786 ], [ -111.910959, 40.680908 ], [ -111.905832, 40.685188 ], [ -111.904192, 40.687167 ], [ -111.904192, 40.687182 ], [ -111.905629, 40.688782 ], [ -111.909793, 40.691953 ], [ -111.910151, 40.692166 ], [ -111.910486, 40.692247 ], [ -111.911535, 40.692394 ], [ -111.91525, 40.693494 ], [ -111.920822, 40.699484 ], [ -111.922502, 40.70123 ], [ -111.924311, 40.702752 ], [ -111.924664, 40.702969 ], [ -111.92506, 40.703128 ], [ -111.925175, 40.70316 ], [ -111.93266, 40.706174 ], [ -111.937848, 40.711413 ], [ -111.939418, 40.713048 ], [ -111.943297, 40.715856 ], [ -111.943497, 40.715853 ], [ -111.944656, 40.715736 ], [ -111.947703, 40.715663 ], [ -111.953588, 40.720276 ], [ -111.954356, 40.721111 ], [ -111.956015, 40.722443 ], [ -111.958023, 40.723978 ], [ -111.959836, 40.722539 ], [ -111.967828, 40.718918 ], [ -111.969669, 40.717511 ], [ -111.97079, 40.716584 ], [ -111.974576, 40.712986 ], [ -111.978972, 40.70915 ], [ -111.983937, 40.70581 ], [ -111.99045, 40.700702 ], [ -111.993551, 40.698405 ], [ -111.998172, 40.694946 ], [ -112.003245, 40.690567 ], [ -112.007907, 40.686792 ], [ -112.011322, 40.683863 ], [ -112.013069, 40.682039 ], [ -112.013069, 40.681998 ] ] ] } },
{ "type": "Feature", "properties": { "group_index": 0, "value": 300.0, "center": [ -111.95799209392493, 40.68941515786429 ], "point_id": 28 }, "geometry": { "type": "Polygon", "coordinates": [ [ [ -111.974275, 40.689246 ], [ -111.974097, 40.688438 ], [ -111.973444, 40.68759 ], [ -111.970435, 40.684409 ], [ -111.969334, 40.683146 ], [ -111.968412, 40.682096 ], [ -111.965611, 40.679762 ], [ -111.9609, 40.676223 ], [ -111.959778, 40.675917 ], [ -111.956512, 40.675353 ], [ -111.956364, 40.675353 ], [ -111.952809, 40.677778 ], [ -111.95135, 40.678916 ], [ -111.949779, 40.68043 ], [ -111.947975, 40.68242 ], [ -111.944212, 40.683651 ], [ -111.943999, 40.683718 ], [ -111.940215, 40.68761 ], [ -111.939969, 40.691201 ], [ -111.942101, 40.692394 ], [ -111.945521, 40.69506 ], [ -111.947119, 40.696564 ], [ -111.950111, 40.69854 ], [ -111.954403, 40.701291 ], [ -111.955439, 40.702269 ], [ -111.956274, 40.702945 ], [ -111.959874, 40.702963 ], [ -111.96205, 40.702806 ], [ -111.962585, 40.702647 ], [ -111.962696, 40.702596 ], [ -111.966441, 40.698354 ], [ -111.968148, 40.697825 ], [ -111.971127, 40.695555 ], [ -111.972158, 40.694727 ], [ -111.973789, 40.692856 ], [ -111.974275, 40.689246 ] ] ] } },
{ "type": "Feature", "properties": { "group_index": 0, "value": 600.0, "center": [ -111.95799209392493, 40.68941515786429 ], "point_id": 28 }, "geometry": { "type": "Polygon", "coordinates": [ [ [ -111.986706, 40.696404 ], [ -111.985405, 40.694758 ], [ -111.984316, 40.69437 ], [ -111.98094, 40.689269 ], [ -111.984533, 40.683847 ], [ -111.98453, 40.680247 ], [ -111.979756, 40.677062 ], [ -111.974673, 40.673057 ], [ -111.970866, 40.669874 ], [ -111.967726, 40.667467 ], [ -111.960534, 40.662567 ], [ -111.958536, 40.661085 ], [ -111.958137, 40.661087 ], [ -111.956748, 40.661236 ], [ -111.956643, 40.661271 ], [ -111.950912, 40.665887 ], [ -111.948463, 40.667893 ], [ -111.946568, 40.669405 ], [ -111.940279, 40.673696 ], [ -111.935003, 40.677629 ], [ -111.929398, 40.683296 ], [ -111.92758, 40.685061 ], [ -111.92728, 40.685532 ], [ -111.927231, 40.688887 ], [ -111.930968, 40.693235 ], [ -111.930859, 40.698347 ], [ -111.930859, 40.698425 ], [ -111.9311, 40.699448 ], [ -111.931169, 40.699514 ], [ -111.937851, 40.703159 ], [ -111.941508, 40.705742 ], [ -111.944034, 40.709726 ], [ -111.944053, 40.709741 ], [ -111.944054, 40.709743 ], [ -111.944073, 40.709758 ], [ -111.947898, 40.710578 ], [ -111.952436, 40.713954 ], [ -111.952558, 40.714061 ], [ -111.955653, 40.716214 ], [ -111.958008, 40.717861 ], [ -111.958295, 40.717861 ], [ -111.962983, 40.714267 ], [ -111.967422, 40.712603 ], [ -111.969398, 40.711099 ], [ -111.972068, 40.708861 ], [ -111.975249, 40.706222 ], [ -111.975842, 40.705712 ], [ -111.981151, 40.701125 ], [ -111.984871, 40.698679 ], [ -111.985405, 40.698358 ], [ -111.986705, 40.696602 ], [ -111.986706, 40.696404 ] ] ] } },
{ "type": "Feature", "properties": { "group_index": 0, "value": 900.0, "center": [ -111.95799209392493, 40.68941515786429 ], "point_id": 28 }, "geometry": { "type": "Polygon", "coordinates": [ [ [ -112.004604, 40.696524 ], [ -112.004006, 40.695887 ], [ -112.003017, 40.694786 ], [ -112.002818, 40.694688 ], [ -111.999976, 40.692932 ], [ -112.001244, 40.684655 ], [ -112.002301, 40.683854 ], [ -112.003757, 40.68231 ], [ -112.003756, 40.682157 ], [ -112.002311, 40.680254 ], [ -112.001235, 40.679344 ], [ -111.995554, 40.674862 ], [ -111.993763, 40.673396 ], [ -111.992762, 40.67259 ], [ -111.990337, 40.67076 ], [ -111.983338, 40.665753 ], [ -111.979141, 40.662228 ], [ -111.975506, 40.659415 ], [ -111.968997, 40.654978 ], [ -111.961719, 40.650066 ], [ -111.959665, 40.648942 ], [ -111.95598, 40.648535 ], [ -111.954226, 40.648688 ], [ -111.954041, 40.648845 ], [ -111.948086, 40.654522 ], [ -111.943172, 40.658502 ], [ -111.938828, 40.661072 ], [ -111.937997, 40.661682 ], [ -111.937151, 40.662341 ], [ -111.930764, 40.667266 ], [ -111.924508, 40.669612 ], [ -111.921924, 40.670462 ], [ -111.921398, 40.67112 ], [ -111.920153, 40.673291 ], [ -111.916402, 40.681184 ], [ -111.912662, 40.68522 ], [ -111.912662, 40.68882 ], [ -111.913566, 40.689131 ], [ -111.914303, 40.697684 ], [ -111.914319, 40.701284 ], [ -111.914347, 40.701351 ], [ -111.916496, 40.702554 ], [ -111.921884, 40.706809 ], [ -111.921986, 40.706862 ], [ -111.922231, 40.70695 ], [ -111.922344, 40.706974 ], [ -111.92952, 40.710565 ], [ -111.930071, 40.713386 ], [ -111.933827, 40.71607 ], [ -111.937476, 40.718802 ], [ -111.938732, 40.719689 ], [ -111.943893, 40.721433 ], [ -111.95, 40.723082 ], [ -111.953451, 40.725787 ], [ -111.953933, 40.726196 ], [ -111.95465, 40.726565 ], [ -111.959742, 40.727227 ], [ -111.964265, 40.727584 ], [ -111.964806, 40.727574 ], [ -111.969602, 40.724841 ], [ -111.973906, 40.721486 ], [ -111.978225, 40.71825 ], [ -111.98062, 40.716416 ], [ -111.984144, 40.713566 ], [ -111.989774, 40.708908 ], [ -111.993128, 40.706396 ], [ -111.997751, 40.702492 ], [ -112.003025, 40.698386 ], [ -112.004603, 40.696555 ], [ -112.004604, 40.696524 ] ] ] } },
{ "type": "Feature", "properties": { "group_index": 0, "value": 300.0, "center": [ -112.08226935005212, 40.69649601374258 ], "point_id": 0 }, "geometry": { "type": "Polygon", "coordinates": [ [ [ -112.10157, 40.696362 ], [ -112.098143, 40.69197 ], [ -112.09805, 40.691906 ], [ -112.094298, 40.68998 ], [ -112.089331, 40.68758 ], [ -112.086962, 40.684824 ], [ -112.084049, 40.683011 ], [ -112.081734, 40.682585 ], [ -112.08149, 40.682587 ], [ -112.076179, 40.684418 ], [ -112.073041, 40.686634 ], [ -112.069687, 40.689433 ], [ -112.069539, 40.68962 ], [ -112.069353, 40.689893 ], [ -112.065358, 40.69426 ], [ -112.064475, 40.694697 ], [ -112.062924, 40.696333 ], [ -112.06292, 40.696613 ], [ -112.064479, 40.698297 ], [ -112.068325, 40.700976 ], [ -112.069775, 40.702687 ], [ -112.072764, 40.705528 ], [ -112.076949, 40.708369 ], [ -112.081096, 40.710877 ], [ -112.081413, 40.710873 ], [ -112.083614, 40.710751 ], [ -112.085488, 40.709802 ], [ -112.085582, 40.709627 ], [ -112.087045, 40.705506 ], [ -112.089996, 40.705493 ], [ -112.090645, 40.70551 ], [ -112.09083, 40.705496 ], [ -112.093626, 40.702938 ], [ -112.097707, 40.70018 ], [ -112.100033, 40.698324 ], [ -112.10121, 40.697001 ], [ -112.10157, 40.696439 ], [ -112.10157, 40.696362 ] ] ] } },
{ "type": "Feature", "properties": { "group_index": 0, "value": 600.0, "center": [ -112.08226935005212, 40.69649601374258 ], "point_id": 0 }, "geometry": { "type": "Polygon", "coordinates": [ [ [ -112.112193, 40.703732 ], [ -112.110192, 40.697502 ], [ -112.109081, 40.696987 ], [ -112.107823, 40.696166 ], [ -112.104296, 40.688864 ], [ -112.101199, 40.683396 ], [ -112.099576, 40.681696 ], [ -112.093688, 40.675124 ], [ -112.090088, 40.675089 ], [ -112.08622, 40.680225 ], [ -112.082248, 40.680222 ], [ -112.076179, 40.684418 ], [ -112.071294, 40.683105 ], [ -112.070788, 40.683003 ], [ -112.063082, 40.680211 ], [ -112.06146, 40.680212 ], [ -112.055804, 40.684497 ], [ -112.054658, 40.686715 ], [ -112.051783, 40.691264 ], [ -112.047602, 40.694028 ], [ -112.046093, 40.694941 ], [ -112.046021, 40.695103 ], [ -112.046382, 40.697246 ], [ -112.046688, 40.69833 ], [ -112.053264, 40.704469 ], [ -112.057465, 40.708828 ], [ -112.057604, 40.70888 ], [ -112.061528, 40.710488 ], [ -112.068298, 40.715123 ], [ -112.073439, 40.719697 ], [ -112.080496, 40.72373 ], [ -112.084096, 40.723731 ], [ -112.091781, 40.719687 ], [ -112.09341, 40.719138 ], [ -112.098275, 40.715071 ], [ -112.100689, 40.713531 ], [ -112.1014, 40.712876 ], [ -112.104753, 40.709376 ], [ -112.106918, 40.707253 ], [ -112.112199, 40.70419 ], [ -112.112193, 40.703732 ] ] ] } },
{ "type": "Feature", "properties": { "group_index": 0, "value": 900.0, "center": [ -112.08226935005212, 40.69649601374258 ], "point_id": 0 }, "geometry": { "type": "Polygon", "coordinates": [ [ [ -112.11129, 40.71629 ], [ -112.110483, 40.71094 ], [ -112.112219, 40.705803 ], [ -112.112199, 40.70419 ], [ -112.112193, 40.703732 ], [ -112.110192, 40.697502 ], [ -112.105225, 40.692553 ], [ -112.104296, 40.688864 ], [ -112.101199, 40.683396 ], [ -112.099576, 40.681696 ], [ -112.095513, 40.674065 ], [ -112.095421, 40.672993 ], [ -112.09529, 40.670562 ], [ -112.095087, 40.667471 ], [ -112.094998, 40.666945 ], [ -112.093948, 40.665034 ], [ -112.090646, 40.661996 ], [ -112.088061, 40.664501 ], [ -112.08992, 40.670744 ], [ -112.089961, 40.671345 ], [ -112.090141, 40.67247 ], [ -112.090088, 40.675089 ], [ -112.08622, 40.680225 ], [ -112.082248, 40.680222 ], [ -112.076179, 40.684418 ], [ -112.071294, 40.683105 ], [ -112.070788, 40.683003 ], [ -112.063082, 40.680211 ], [ -112.06146, 40.680212 ], [ -112.05359, 40.67812 ], [ -112.052537, 40.6778 ], [ -112.051941, 40.677657 ], [ -112.046389, 40.677749 ], [ -112.046339, 40.677761 ], [ -112.04316, 40.679029 ], [ -112.038377, 40.682612 ], [ -112.038238, 40.683456 ], [ -112.036752, 40.687872 ], [ -112.033562, 40.691644 ], [ -112.032571, 40.692431 ], [ -112.028551, 40.694764 ], [ -112.027779, 40.696236 ], [ -112.02762, 40.696743 ], [ -112.027625, 40.697006 ], [ -112.027701, 40.697397 ], [ -112.027974, 40.698073 ], [ -112.034587, 40.704149 ], [ -112.036143, 40.705317 ], [ -112.042198, 40.711152 ], [ -112.043544, 40.711499 ], [ -112.050652, 40.716762 ], [ -112.055308, 40.720357 ], [ -112.061415, 40.723434 ], [ -112.067208, 40.727348 ], [ -112.070345, 40.729176 ], [ -112.070657, 40.729177 ], [ -112.076264, 40.727319 ], [ -112.080477, 40.73455 ], [ -112.084076, 40.734561 ], [ -112.084087, 40.731204 ], [ -112.084089, 40.729007 ], [ -112.084092, 40.726812 ], [ -112.084096, 40.723731 ], [ -112.091781, 40.719687 ], [ -112.096442, 40.719581 ], [ -112.099145, 40.71981 ], [ -112.099989, 40.719862 ], [ -112.10053, 40.719875 ], [ -112.103075, 40.719881 ], [ -112.105626, 40.719888 ], [ -112.107427, 40.719886 ], [ -112.10922, 40.719884 ], [ -112.111279, 40.71989 ], [ -112.11129, 40.71629 ] ] ] } },
{ "type": "Feature", "properties": { "group_index": 0, "value": 300.0, "center": [ -111.95747096461464, 40.6965834881213 ], "point_id": 0 }, "geometry": { "type": "Polygon", "coordinates": [ [ [ -111.976757, 40.696307 ], [ -111.97518, 40.694713 ], [ -111.97452, 40.694074 ], [ -111.97071, 40.691132 ], [ -111.96934, 40.69041 ], [ -111.965184, 40.688486 ], [ -111.963367, 40.6857 ], [ -111.959371, 40.682993 ], [ -111.957814, 40.682056 ], [ -111.957405, 40.682062 ], [ -111.95441, 40.684346 ], [ -111.950116, 40.68762 ], [ -111.94888, 40.689171 ], [ -111.946684, 40.692278 ], [ -111.943226, 40.693383 ], [ -111.940952, 40.69482 ], [ -111.939244, 40.696559 ], [ -111.939244, 40.69661 ], [ -111.939244, 40.69664 ], [ -111.939245, 40.696691 ], [ -111.940961, 40.69842 ], [ -111.942255, 40.699172 ], [ -111.946215, 40.701958 ], [ -111.950443, 40.705718 ], [ -111.952432, 40.70573 ], [ -111.956215, 40.70955 ], [ -111.959815, 40.709531 ], [ -111.962382, 40.708973 ], [ -111.966878, 40.705713 ], [ -111.968285, 40.704522 ], [ -111.971582, 40.701514 ], [ -111.975356, 40.698309 ], [ -111.976757, 40.696339 ], [ -111.976757, 40.696307 ] ] ] } },
{ "type": "Feature", "properties": { "group_index": 0, "value": 600.0, "center": [ -111.95747096461464, 40.6965834881213 ], "point_id": 0 }, "geometry": { "type": "Polygon", "coordinates": [ [ [ -111.994519, 40.696614 ], [ -111.992989, 40.694805 ], [ -111.98663, 40.689996 ], [ -111.980338, 40.684386 ], [ -111.974961, 40.680321 ], [ -111.973103, 40.6789 ], [ -111.968998, 40.676242 ], [ -111.964531, 40.672616 ], [ -111.959626, 40.669392 ], [ -111.957146, 40.668956 ], [ -111.957014, 40.668996 ], [ -111.956214, 40.669495 ], [ -111.953163, 40.671734 ], [ -111.946496, 40.676449 ], [ -111.942481, 40.67944 ], [ -111.941425, 40.680334 ], [ -111.934673, 40.685891 ], [ -111.93334, 40.686847 ], [ -111.933283, 40.686897 ], [ -111.93293, 40.687559 ], [ -111.931222, 40.691642 ], [ -111.924956, 40.697433 ], [ -111.924122, 40.697635 ], [ -111.923932, 40.697756 ], [ -111.923316, 40.69953 ], [ -111.923156, 40.7004 ], [ -111.923172, 40.700661 ], [ -111.924545, 40.701713 ], [ -111.924736, 40.701829 ], [ -111.925138, 40.702068 ], [ -111.933102, 40.706175 ], [ -111.937159, 40.711358 ], [ -111.938846, 40.713068 ], [ -111.942246, 40.715916 ], [ -111.943321, 40.716342 ], [ -111.9435, 40.716341 ], [ -111.9445, 40.716254 ], [ -111.952218, 40.719455 ], [ -111.956242, 40.723062 ], [ -111.959841, 40.722997 ], [ -111.967987, 40.719341 ], [ -111.971163, 40.716753 ], [ -111.977585, 40.711034 ], [ -111.984554, 40.705807 ], [ -111.984645, 40.705721 ], [ -111.98757, 40.702487 ], [ -111.992996, 40.698405 ], [ -111.994518, 40.696821 ], [ -111.994519, 40.696614 ] ] ] } },
{ "type": "Feature", "properties": { "group_index": 0, "value": 900.0, "center": [ -111.95747096461464, 40.6965834881213 ], "point_id": 0 }, "geometry": { "type": "Polygon", "coordinates": [ [ [ -112.012174, 40.69634 ], [ -112.010775, 40.694461 ], [ -112.010746, 40.694436 ], [ -112.004591, 40.689905 ], [ -112.001194, 40.686721 ], [ -112.000615, 40.686169 ], [ -111.996586, 40.683545 ], [ -111.992718, 40.680276 ], [ -111.988748, 40.677214 ], [ -111.986705, 40.675616 ], [ -111.985866, 40.675035 ], [ -111.979012, 40.669403 ], [ -111.973301, 40.665783 ], [ -111.969246, 40.663158 ], [ -111.964887, 40.660835 ], [ -111.959708, 40.656416 ], [ -111.958279, 40.654929 ], [ -111.958082, 40.654929 ], [ -111.956567, 40.655262 ], [ -111.955444, 40.656663 ], [ -111.953941, 40.658314 ], [ -111.946947, 40.662562 ], [ -111.943035, 40.665844 ], [ -111.939906, 40.668181 ], [ -111.937071, 40.670304 ], [ -111.929408, 40.673627 ], [ -111.928587, 40.674585 ], [ -111.9285, 40.674921 ], [ -111.927592, 40.677416 ], [ -111.923106, 40.682734 ], [ -111.921401, 40.684601 ], [ -111.916192, 40.689893 ], [ -111.909602, 40.695602 ], [ -111.905894, 40.698148 ], [ -111.905908, 40.701748 ], [ -111.913264, 40.705786 ], [ -111.914725, 40.707214 ], [ -111.915139, 40.707547 ], [ -111.917199, 40.708705 ], [ -111.922644, 40.71458 ], [ -111.928915, 40.719446 ], [ -111.935254, 40.724038 ], [ -111.937299, 40.724747 ], [ -111.938057, 40.724968 ], [ -111.944935, 40.725498 ], [ -111.94526, 40.725493 ], [ -111.953933, 40.726196 ], [ -111.95465, 40.726565 ], [ -111.959074, 40.727099 ], [ -111.96644, 40.731855 ], [ -111.968224, 40.732659 ], [ -111.968724, 40.73266 ], [ -111.97004, 40.731799 ], [ -111.977226, 40.726675 ], [ -111.978021, 40.726013 ], [ -111.982328, 40.721954 ], [ -111.985013, 40.719957 ], [ -111.991239, 40.71519 ], [ -111.993664, 40.712864 ], [ -111.996178, 40.708991 ], [ -112.001596, 40.706231 ], [ -112.002317, 40.706122 ], [ -112.006795, 40.701712 ], [ -112.01078, 40.698375 ], [ -112.012173, 40.696487 ], [ -112.012174, 40.69634 ] ] ] } },
{ "type": "Feature", "properties": { "group_index": 0, "value": 300.0, "center": [ -112.11037977895381, 40.70375481105439 ], "point_id": 0 }, "geometry": { "type": "Polygon", "coordinates": [ [ [ -112.111861, 40.714894 ], [ -112.110769, 40.711718 ], [ -112.11047, 40.709878 ], [ -112.112219, 40.705803 ], [ -112.110366, 40.700236 ], [ -112.110744, 40.697778 ], [ -112.108325, 40.692852 ], [ -112.102748, 40.693748 ], [ -112.099439, 40.694725 ], [ -112.097969, 40.696337 ], [ -112.095281, 40.699384 ], [ -112.092621, 40.701914 ], [ -112.09114, 40.703424 ], [ -112.091142, 40.703656 ], [ -112.091329, 40.704052 ], [ -112.09255, 40.705514 ], [ -112.097222, 40.709233 ], [ -112.099631, 40.711045 ], [ -112.103973, 40.714475 ], [ -112.108257, 40.716978 ], [ -112.111857, 40.716985 ], [ -112.111861, 40.714894 ] ] ] } },
{ "type": "Feature", "properties": { "group_index": 0, "value": 600.0, "center": [ -112.11037977895381, 40.70375481105439 ], "point_id": 0 }, "geometry": { "type": "Polygon", "coordinates": [ [ [ -112.12622, 40.714116 ], [ -112.125469, 40.7142 ], [ -112.124376, 40.714357 ], [ -112.123482, 40.714513 ], [ -112.122515, 40.714707 ], [ -112.119046, 40.715584 ], [ -112.116093, 40.716123 ], [ -112.110769, 40.711718 ], [ -112.112219, 40.705803 ], [ -112.110744, 40.697778 ], [ -112.108325, 40.692852 ], [ -112.101346, 40.693239 ], [ -112.09736, 40.691063 ], [ -112.096257, 40.690229 ], [ -112.093579, 40.68886 ], [ -112.091162, 40.688231 ], [ -112.090224, 40.688166 ], [ -112.089744, 40.688198 ], [ -112.083831, 40.69326 ], [ -112.081684, 40.694694 ], [ -112.080478, 40.696058 ], [ -112.074786, 40.701925 ], [ -112.073294, 40.703481 ], [ -112.073293, 40.703635 ], [ -112.074798, 40.705525 ], [ -112.077283, 40.707616 ], [ -112.081481, 40.710872 ], [ -112.08648, 40.712463 ], [ -112.090246, 40.717771 ], [ -112.090296, 40.71787 ], [ -112.093655, 40.716984 ], [ -112.097901, 40.713329 ], [ -112.105082, 40.716341 ], [ -112.111309, 40.71989 ], [ -112.113636, 40.719884 ], [ -112.114752, 40.719849 ], [ -112.115533, 40.719796 ], [ -112.116608, 40.719686 ], [ -112.11993, 40.719073 ], [ -112.126619, 40.717694 ], [ -112.12622, 40.714116 ] ] ] } },
{ "type": "Feature", "properties": { "group_index": 0, "value": 900.0, "center": [ -112.11037977895381, 40.70375481105439 ], "point_id": 0 }, "geometry": { "type": "Polygon", "coordinates": [ [ [ -112.125469, 40.7142 ], [ -112.124376, 40.714357 ], [ -112.123482, 40.714513 ], [ -112.122515, 40.714707 ], [ -112.119046, 40.715584 ], [ -112.116093, 40.716123 ], [ -112.110769, 40.711718 ], [ -112.112219, 40.705803 ], [ -112.110744, 40.697778 ], [ -112.108325, 40.692852 ], [ -112.105417, 40.689946 ], [ -112.101199, 40.683396 ], [ -112.095638, 40.676703 ], [ -112.093696, 40.674329 ], [ -112.090096, 40.674293 ], [ -112.090064, 40.677477 ], [ -112.082248, 40.680222 ], [ -112.080039, 40.68022 ], [ -112.07783, 40.680219 ], [ -112.075002, 40.685274 ], [ -112.071905, 40.687051 ], [ -112.070873, 40.6878 ], [ -112.064503, 40.69407 ], [ -112.063888, 40.694698 ], [ -112.057603, 40.700471 ], [ -112.056969, 40.701604 ], [ -112.056107, 40.703568 ], [ -112.056129, 40.703815 ], [ -112.056701, 40.704978 ], [ -112.057, 40.705565 ], [ -112.058278, 40.706592 ], [ -112.061423, 40.70907 ], [ -112.063575, 40.710598 ], [ -112.06852, 40.715116 ], [ -112.073435, 40.719697 ], [ -112.074246, 40.720262 ], [ -112.080496, 40.724276 ], [ -112.084096, 40.724277 ], [ -112.091781, 40.719687 ], [ -112.092316, 40.719433 ], [ -112.092836, 40.719024 ], [ -112.093232, 40.718552 ], [ -112.094191, 40.717422 ], [ -112.097901, 40.713329 ], [ -112.105082, 40.716341 ], [ -112.111309, 40.71989 ], [ -112.113636, 40.719884 ], [ -112.114752, 40.719849 ], [ -112.115533, 40.719796 ], [ -112.116608, 40.719686 ], [ -112.11993, 40.719073 ], [ -112.126619, 40.717694 ], [ -112.12622, 40.714116 ], [ -112.125469, 40.7142 ] ] ] } },
{ "type": "Feature", "properties": { "group_index": 0, "value": 300.0, "center": [ -111.9770928, 40.69662228826507 ], "point_id": 0 }, "geometry": { "type": "Polygon", "coordinates": [ [ [ -111.996243, 40.697031 ], [ -111.996221, 40.696443 ], [ -111.994653, 40.694803 ], [ -111.991676, 40.692548 ], [ -111.988797, 40.689964 ], [ -111.988637, 40.689853 ], [ -111.98798, 40.689562 ], [ -111.986644, 40.689478 ], [ -111.984812, 40.690078 ], [ -111.981627, 40.68538 ], [ -111.981628, 40.685197 ], [ -111.977709, 40.681821 ], [ -111.97719, 40.681822 ], [ -111.972783, 40.684297 ], [ -111.969449, 40.68637 ], [ -111.965338, 40.690147 ], [ -111.960746, 40.693781 ], [ -111.958523, 40.695486 ], [ -111.958478, 40.695523 ], [ -111.957873, 40.696827 ], [ -111.959491, 40.69855 ], [ -111.961029, 40.699755 ], [ -111.963512, 40.701643 ], [ -111.967166, 40.704345 ], [ -111.968293, 40.705618 ], [ -111.968459, 40.705711 ], [ -111.968628, 40.705711 ], [ -111.972491, 40.706113 ], [ -111.975378, 40.710123 ], [ -111.977977, 40.711033 ], [ -111.978078, 40.711032 ], [ -111.978978, 40.710098 ], [ -111.983095, 40.707501 ], [ -111.985435, 40.70572 ], [ -111.989334, 40.702511 ], [ -111.991977, 40.700261 ], [ -111.994111, 40.698794 ], [ -111.994658, 40.698403 ], [ -111.996225, 40.697131 ], [ -111.996243, 40.697031 ] ] ] } },
{ "type": "Feature", "properties": { "group_index": 0, "value": 600.0, "center": [ -111.9770928, 40.69662228826507 ], "point_id": 0 }, "geometry": { "type": "Polygon", "coordinates": [ [ [ -112.01369, 40.696133 ], [ -112.012447, 40.694775 ], [ -112.010189, 40.692619 ], [ -112.007344, 40.690682 ], [ -112.002272, 40.686169 ], [ -111.999805, 40.684292 ], [ -111.993846, 40.680274 ], [ -111.989529, 40.677216 ], [ -111.985689, 40.674291 ], [ -111.979803, 40.669642 ], [ -111.977961, 40.668274 ], [ -111.977697, 40.668245 ], [ -111.977123, 40.668238 ], [ -111.974985, 40.668663 ], [ -111.969244, 40.673067 ], [ -111.964989, 40.676173 ], [ -111.961598, 40.678886 ], [ -111.956749, 40.682062 ], [ -111.94997, 40.68762 ], [ -111.94888, 40.689145 ], [ -111.944742, 40.694008 ], [ -111.941632, 40.694818 ], [ -111.940005, 40.696488 ], [ -111.940003, 40.696587 ], [ -111.94164, 40.698418 ], [ -111.946531, 40.702138 ], [ -111.950155, 40.705717 ], [ -111.956217, 40.709888 ], [ -111.958027, 40.711692 ], [ -111.961057, 40.714015 ], [ -111.96745, 40.718177 ], [ -111.972577, 40.721489 ], [ -111.975393, 40.723622 ], [ -111.977504, 40.724317 ], [ -111.978303, 40.724315 ], [ -111.979825, 40.7234 ], [ -111.98201, 40.721735 ], [ -111.984121, 40.720138 ], [ -111.99129, 40.715334 ], [ -111.992964, 40.712741 ], [ -111.996359, 40.70899 ], [ -112.000321, 40.707483 ], [ -112.00074, 40.707367 ], [ -112.002696, 40.706226 ], [ -112.008488, 40.701681 ], [ -112.01245, 40.698375 ], [ -112.013694, 40.696456 ], [ -112.01369, 40.696133 ] ] ] } },
{ "type": "Feature", "properties": { "group_index": 0, "value": 900.0, "center": [ -111.9770928, 40.69662228826507 ], "point_id": 0 }, "geometry": { "type": "Polygon", "coordinates": [ [ [ -112.031296, 40.697116 ], [ -112.031289, 40.696772 ], [ -112.030221, 40.69463 ], [ -112.027052, 40.692109 ], [ -112.02, 40.686797 ], [ -112.015909, 40.682935 ], [ -112.012295, 40.680264 ], [ -112.00863, 40.677705 ], [ -112.002718, 40.67297 ], [ -111.99998, 40.6706 ], [ -111.99828, 40.669231 ], [ -111.992175, 40.665442 ], [ -111.990328, 40.66405 ], [ -111.987299, 40.661825 ], [ -111.980744, 40.657078 ], [ -111.979185, 40.656027 ], [ -111.977917, 40.655318 ], [ -111.975878, 40.655125 ], [ -111.975877, 40.655126 ], [ -111.975639, 40.655201 ], [ -111.973415, 40.655993 ], [ -111.972297, 40.656868 ], [ -111.965257, 40.661024 ], [ -111.959978, 40.66582 ], [ -111.957963, 40.66769 ], [ -111.952299, 40.672105 ], [ -111.946221, 40.67639 ], [ -111.942265, 40.679507 ], [ -111.941278, 40.680334 ], [ -111.9347, 40.685677 ], [ -111.932929, 40.687449 ], [ -111.930186, 40.692977 ], [ -111.924756, 40.697571 ], [ -111.923935, 40.698158 ], [ -111.923484, 40.699537 ], [ -111.923466, 40.699665 ], [ -111.924358, 40.701278 ], [ -111.924491, 40.70133 ], [ -111.932161, 40.705766 ], [ -111.93701, 40.711769 ], [ -111.937747, 40.712734 ], [ -111.942639, 40.716262 ], [ -111.943148, 40.716527 ], [ -111.943237, 40.716557 ], [ -111.944442, 40.716362 ], [ -111.945967, 40.71628 ], [ -111.950864, 40.716982 ], [ -111.956249, 40.723434 ], [ -111.96115, 40.727274 ], [ -111.968179, 40.732245 ], [ -111.968264, 40.732243 ], [ -111.968501, 40.73208 ], [ -111.970658, 40.730338 ], [ -111.979107, 40.727388 ], [ -111.982106, 40.725399 ], [ -111.989101, 40.726366 ], [ -111.993802, 40.726817 ], [ -111.994019, 40.726813 ], [ -111.995795, 40.725471 ], [ -112.000103, 40.721096 ], [ -112.00048, 40.718236 ], [ -112.005764, 40.713792 ], [ -112.009739, 40.714427 ], [ -112.011634, 40.714327 ], [ -112.012286, 40.714109 ], [ -112.012264, 40.710509 ], [ -112.017598, 40.70481 ], [ -112.020343, 40.705733 ], [ -112.020533, 40.705732 ], [ -112.021254, 40.705627 ], [ -112.025556, 40.701949 ], [ -112.031155, 40.697521 ], [ -112.031296, 40.697116 ] ] ] } },
{ "type": "Feature", "properties": { "group_index": 0, "value": 300.0, "center": [ -112.09991641362834, 40.69652436567313 ], "point_id": 0 }, "geometry": { "type": "Polygon", "coordinates": [ [ [ -112.112193, 40.703732 ], [ -112.111183, 40.702288 ], [ -112.110192, 40.697502 ], [ -112.107823, 40.696166 ], [ -112.105106, 40.696536 ], [ -112.101346, 40.693239 ], [ -112.096307, 40.690274 ], [ -112.091162, 40.688231 ], [ -112.090576, 40.688191 ], [ -112.089317, 40.68961 ], [ -112.084805, 40.692824 ], [ -112.081743, 40.694778 ], [ -112.080362, 40.696398 ], [ -112.080362, 40.696399 ], [ -112.080484, 40.696642 ], [ -112.08067, 40.696942 ], [ -112.082153, 40.698294 ], [ -112.086136, 40.701537 ], [ -112.089911, 40.703815 ], [ -112.091804, 40.705599 ], [ -112.095778, 40.70766 ], [ -112.097311, 40.709176 ], [ -112.101413, 40.710845 ], [ -112.101533, 40.710844 ], [ -112.101884, 40.710818 ], [ -112.103152, 40.710096 ], [ -112.103153, 40.710095 ], [ -112.105676, 40.707341 ], [ -112.109227, 40.705555 ], [ -112.112198, 40.7041 ], [ -112.112193, 40.703732 ] ] ] } },
{ "type": "Feature", "properties": { "group_index": 0, "value": 600.0, "center": [ -112.09991641362834, 40.69652436567313 ], "point_id": 0 }, "geometry": { "type": "Polygon", "coordinates": [ [ [ -112.111861, 40.714894 ], [ -112.110482, 40.710873 ], [ -112.112219, 40.705803 ], [ -112.112198, 40.7041 ], [ -112.112193, 40.703732 ], [ -112.110192, 40.697502 ], [ -112.107823, 40.696166 ], [ -112.103665, 40.689467 ], [ -112.10289, 40.687387 ], [ -112.101199, 40.683396 ], [ -112.099576, 40.681696 ], [ -112.095668, 40.677431 ], [ -112.093693, 40.674568 ], [ -112.090094, 40.674533 ], [ -112.090064, 40.677477 ], [ -112.083534, 40.683436 ], [ -112.081734, 40.682585 ], [ -112.080681, 40.682314 ], [ -112.07972, 40.682313 ], [ -112.075279, 40.684731 ], [ -112.071185, 40.687565 ], [ -112.071177, 40.687574 ], [ -112.069717, 40.689395 ], [ -112.063834, 40.695097 ], [ -112.063191, 40.695755 ], [ -112.063191, 40.695756 ], [ -112.062924, 40.696266 ], [ -112.062923, 40.696378 ], [ -112.064365, 40.698297 ], [ -112.06971, 40.702688 ], [ -112.072627, 40.705528 ], [ -112.076272, 40.707683 ], [ -112.080269, 40.710887 ], [ -112.086042, 40.713202 ], [ -112.090246, 40.717771 ], [ -112.090878, 40.718567 ], [ -112.091485, 40.718889 ], [ -112.092044, 40.719007 ], [ -112.092173, 40.719014 ], [ -112.093536, 40.717912 ], [ -112.093568, 40.717811 ], [ -112.097901, 40.713329 ], [ -112.102734, 40.718214 ], [ -112.104867, 40.718188 ], [ -112.111856, 40.717325 ], [ -112.111861, 40.714894 ] ] ] } },
{ "type": "Feature", "properties": { "group_index": 0, "value": 900.0, "center": [ -112.09991641362834, 40.69652436567313 ], "point_id": 0 }, "geometry": { "type": "Polygon", "coordinates": [ [ [ -112.126306, 40.714108 ], [ -112.125469, 40.7142 ], [ -112.124376, 40.714357 ], [ -112.123482, 40.714513 ], [ -112.122515, 40.714707 ], [ -112.119046, 40.715584 ], [ -112.116093, 40.716123 ], [ -112.110482, 40.710873 ], [ -112.112219, 40.705803 ], [ -112.112198, 40.7041 ], [ -112.112193, 40.703732 ], [ -112.110192, 40.697502 ], [ -112.105225, 40.692553 ], [ -112.103665, 40.689467 ], [ -112.10289, 40.687387 ], [ -112.101199, 40.683396 ], [ -112.099576, 40.681696 ], [ -112.095513, 40.674065 ], [ -112.095421, 40.672993 ], [ -112.09529, 40.670562 ], [ -112.095087, 40.667471 ], [ -112.094998, 40.666945 ], [ -112.091661, 40.662373 ], [ -112.089824, 40.661243 ], [ -112.089747, 40.66124 ], [ -112.087478, 40.663974 ], [ -112.087497, 40.66405 ], [ -112.08992, 40.670744 ], [ -112.089961, 40.671345 ], [ -112.090094, 40.674533 ], [ -112.090064, 40.677477 ], [ -112.083534, 40.683436 ], [ -112.081734, 40.682585 ], [ -112.080681, 40.682314 ], [ -112.07972, 40.682313 ], [ -112.071338, 40.683114 ], [ -112.070788, 40.683003 ], [ -112.063082, 40.680211 ], [ -112.061391, 40.680212 ], [ -112.055779, 40.684494 ], [ -112.054658, 40.686715 ], [ -112.054331, 40.687469 ], [ -112.051785, 40.691178 ], [ -112.047279, 40.694025 ], [ -112.046112, 40.694897 ], [ -112.046021, 40.695103 ], [ -112.045783, 40.695712 ], [ -112.04578, 40.695764 ], [ -112.046574, 40.69833 ], [ -112.053204, 40.704362 ], [ -112.057421, 40.708812 ], [ -112.057604, 40.70888 ], [ -112.058105, 40.709065 ], [ -112.061392, 40.710482 ], [ -112.06782, 40.715138 ], [ -112.071779, 40.719701 ], [ -112.073804, 40.720267 ], [ -112.080496, 40.7246 ], [ -112.084096, 40.724601 ], [ -112.091135, 40.719852 ], [ -112.091781, 40.719687 ], [ -112.092316, 40.719433 ], [ -112.092836, 40.719024 ], [ -112.093232, 40.718552 ], [ -112.094191, 40.717422 ], [ -112.102734, 40.718214 ], [ -112.111309, 40.71989 ], [ -112.113636, 40.719884 ], [ -112.114752, 40.719849 ], [ -112.115533, 40.719796 ], [ -112.116608, 40.719686 ], [ -112.11993, 40.719073 ], [ -112.127092, 40.717664 ], [ -112.126856, 40.714072 ], [ -112.126306, 40.714108 ] ] ] } },
{ "type": "Feature", "properties": { "group_index": 0, "value": 300.0, "center": [ -112.10106098796716, 40.711080834951446 ], "point_id": 0 }, "geometry": { "type": "Polygon", "coordinates": [ [ [ -112.111854, 40.71756 ], [ -112.111861, 40.714894 ], [ -112.11047, 40.709878 ], [ -112.11221, 40.705056 ], [ -112.112203, 40.704533 ], [ -112.109415, 40.702025 ], [ -112.105805, 40.70085 ], [ -112.10388, 40.699622 ], [ -112.101215, 40.698451 ], [ -112.099207, 40.697991 ], [ -112.099076, 40.697987 ], [ -112.097759, 40.697991 ], [ -112.094669, 40.700885 ], [ -112.092964, 40.701921 ], [ -112.09017, 40.703697 ], [ -112.086821, 40.705864 ], [ -112.082752, 40.708083 ], [ -112.08262, 40.708284 ], [ -112.083329, 40.710654 ], [ -112.084595, 40.712733 ], [ -112.084815, 40.712816 ], [ -112.086676, 40.71213 ], [ -112.090249, 40.716507 ], [ -112.089985, 40.717268 ], [ -112.089986, 40.717298 ], [ -112.092281, 40.719065 ], [ -112.092639, 40.719199 ], [ -112.092836, 40.719024 ], [ -112.093232, 40.718552 ], [ -112.093585, 40.717221 ], [ -112.093584, 40.717191 ], [ -112.097901, 40.713329 ], [ -112.100185, 40.718045 ], [ -112.102229, 40.718179 ], [ -112.10256, 40.718209 ], [ -112.104867, 40.718188 ], [ -112.105506, 40.718091 ], [ -112.108244, 40.71766 ], [ -112.11184, 40.717839 ], [ -112.111854, 40.71756 ] ] ] } },
{ "type": "Feature", "properties": { "group_index": 0, "value": 600.0, "center": [ -112.10106098796716, 40.711080834951446 ], "point_id": 0 }, "geometry": { "type": "Polygon", "coordinates": [ [ [ -112.126994, 40.714068 ], [ -112.126306, 40.714108 ], [ -112.125469, 40.7142 ], [ -112.124376, 40.714357 ], [ -112.123482, 40.714513 ], [ -112.122515, 40.714707 ], [ -112.119046, 40.715584 ], [ -112.116093, 40.716123 ], [ -112.11047, 40.709878 ], [ -112.11221, 40.705056 ], [ -112.112203, 40.704533 ], [ -112.11027, 40.699689 ], [ -112.106681, 40.697558 ], [ -112.103258, 40.69384 ], [ -112.102832, 40.693345 ], [ -112.102391, 40.692914 ], [ -112.101757, 40.692393 ], [ -112.096257, 40.690229 ], [ -112.096102, 40.690189 ], [ -112.091012, 40.689637 ], [ -112.090711, 40.68964 ], [ -112.089758, 40.690485 ], [ -112.082213, 40.694594 ], [ -112.081959, 40.694694 ], [ -112.077171, 40.697855 ], [ -112.071861, 40.70193 ], [ -112.070468, 40.703309 ], [ -112.065422, 40.708947 ], [ -112.065423, 40.709008 ], [ -112.0666, 40.710515 ], [ -112.06705, 40.710794 ], [ -112.068338, 40.711549 ], [ -112.073119, 40.718977 ], [ -112.073361, 40.720273 ], [ -112.080496, 40.724926 ], [ -112.084096, 40.724927 ], [ -112.084096, 40.722268 ], [ -112.092281, 40.719065 ], [ -112.092639, 40.719199 ], [ -112.100185, 40.718045 ], [ -112.102229, 40.718179 ], [ -112.10256, 40.718209 ], [ -112.111309, 40.71989 ], [ -112.113636, 40.719884 ], [ -112.114752, 40.719849 ], [ -112.115533, 40.719796 ], [ -112.116608, 40.719686 ], [ -112.11993, 40.719073 ], [ -112.127662, 40.717674 ], [ -112.127691, 40.714074 ], [ -112.126994, 40.714068 ] ] ] } },
{ "type": "Feature", "properties": { "group_index": 0, "value": 900.0, "center": [ -112.10106098796716, 40.711080834951446 ], "point_id": 0 }, "geometry": { "type": "Polygon", "coordinates": [ [ [ -112.126994, 40.714068 ], [ -112.126306, 40.714108 ], [ -112.125469, 40.7142 ], [ -112.124376, 40.714357 ], [ -112.123482, 40.714513 ], [ -112.122515, 40.714707 ], [ -112.119046, 40.715584 ], [ -112.116093, 40.716123 ], [ -112.11047, 40.709878 ], [ -112.11221, 40.705056 ], [ -112.112203, 40.704533 ], [ -112.11027, 40.699689 ], [ -112.106681, 40.697558 ], [ -112.104227, 40.690573 ], [ -112.104154, 40.690276 ], [ -112.103456, 40.687931 ], [ -112.102905, 40.686592 ], [ -112.100548, 40.682478 ], [ -112.099576, 40.681696 ], [ -112.093683, 40.675601 ], [ -112.090083, 40.675565 ], [ -112.090064, 40.677477 ], [ -112.084048, 40.682758 ], [ -112.081734, 40.682585 ], [ -112.081378, 40.682587 ], [ -112.080448, 40.682765 ], [ -112.075914, 40.684488 ], [ -112.07092, 40.687741 ], [ -112.066263, 40.691829 ], [ -112.061664, 40.694809 ], [ -112.057659, 40.698562 ], [ -112.053727, 40.701792 ], [ -112.053584, 40.701926 ], [ -112.048765, 40.707515 ], [ -112.049126, 40.711097 ], [ -112.054539, 40.716714 ], [ -112.05673, 40.720897 ], [ -112.061424, 40.724637 ], [ -112.063222, 40.725858 ], [ -112.068575, 40.728924 ], [ -112.072174, 40.728876 ], [ -112.080487, 40.731193 ], [ -112.08048, 40.73342 ], [ -112.080473, 40.735647 ], [ -112.084073, 40.735658 ], [ -112.08408, 40.733431 ], [ -112.084087, 40.731204 ], [ -112.084089, 40.729007 ], [ -112.084092, 40.726812 ], [ -112.084096, 40.724927 ], [ -112.084096, 40.722268 ], [ -112.092281, 40.719065 ], [ -112.092639, 40.719199 ], [ -112.100185, 40.718045 ], [ -112.102229, 40.718179 ], [ -112.10256, 40.718209 ], [ -112.111309, 40.71989 ], [ -112.113636, 40.719884 ], [ -112.114752, 40.719849 ], [ -112.115533, 40.719796 ], [ -112.116608, 40.719686 ], [ -112.11993, 40.719073 ], [ -112.127662, 40.717674 ], [ -112.127691, 40.714074 ], [ -112.126994, 40.714068 ] ] ] } },
{ "type": "Feature", "properties": { "group_index": 0, "value": 300.0, "center": [ -112.06307875602994, 40.69649868502337 ], "point_id": 0 }, "geometry": { "type": "Polygon", "coordinates": [ [ [ -112.082121, 40.696065 ], [ -112.080873, 40.694693 ], [ -112.076788, 40.690966 ], [ -112.072795, 40.687064 ], [ -112.067643, 40.684478 ], [ -112.066257, 40.683591 ], [ -112.063196, 40.681498 ], [ -112.062974, 40.681484 ], [ -112.061159, 40.68267 ], [ -112.057544, 40.684694 ], [ -112.054874, 40.687468 ], [ -112.051785, 40.690257 ], [ -112.049167, 40.692221 ], [ -112.046152, 40.694017 ], [ -112.045283, 40.694732 ], [ -112.04529, 40.698332 ], [ -112.049386, 40.701589 ], [ -112.051228, 40.70339 ], [ -112.053709, 40.705562 ], [ -112.056858, 40.70681 ], [ -112.059113, 40.709229 ], [ -112.061474, 40.710486 ], [ -112.063441, 40.711011 ], [ -112.06419, 40.711013 ], [ -112.064624, 40.710659 ], [ -112.069067, 40.706875 ], [ -112.070772, 40.706721 ], [ -112.072521, 40.705528 ], [ -112.07525, 40.703572 ], [ -112.076996, 40.701964 ], [ -112.080869, 40.698293 ], [ -112.082123, 40.69637 ], [ -112.082121, 40.696065 ] ] ] } },
{ "type": "Feature", "properties": { "group_index": 0, "value": 600.0, "center": [ -112.06307875602994, 40.69649868502337 ], "point_id": 0 }, "geometry": { "type": "Polygon", "coordinates": [ [ [ -112.098882, 40.697695 ], [ -112.098641, 40.694723 ], [ -112.097266, 40.692718 ], [ -112.097244, 40.692692 ], [ -112.097143, 40.692588 ], [ -112.097117, 40.692564 ], [ -112.09318, 40.690172 ], [ -112.08707, 40.684826 ], [ -112.084049, 40.682929 ], [ -112.081734, 40.682585 ], [ -112.081454, 40.682587 ], [ -112.080449, 40.682936 ], [ -112.078879, 40.684168 ], [ -112.071129, 40.684584 ], [ -112.07004, 40.684127 ], [ -112.063196, 40.681498 ], [ -112.058201, 40.68024 ], [ -112.05359, 40.67812 ], [ -112.052751, 40.677862 ], [ -112.047375, 40.678476 ], [ -112.047224, 40.67852 ], [ -112.047045, 40.678602 ], [ -112.042133, 40.681773 ], [ -112.040632, 40.682839 ], [ -112.035692, 40.688153 ], [ -112.031667, 40.691695 ], [ -112.027504, 40.694777 ], [ -112.026629, 40.695555 ], [ -112.026646, 40.696099 ], [ -112.02689, 40.696961 ], [ -112.027505, 40.698377 ], [ -112.032189, 40.703017 ], [ -112.036073, 40.706346 ], [ -112.042199, 40.711276 ], [ -112.043185, 40.711535 ], [ -112.044156, 40.711438 ], [ -112.050638, 40.716763 ], [ -112.055293, 40.720361 ], [ -112.061415, 40.723475 ], [ -112.065015, 40.723458 ], [ -112.071446, 40.720052 ], [ -112.072046, 40.719701 ], [ -112.076661, 40.713617 ], [ -112.080038, 40.712928 ], [ -112.08106, 40.712407 ], [ -112.086134, 40.710105 ], [ -112.090645, 40.705354 ], [ -112.097096, 40.699503 ], [ -112.098014, 40.698796 ], [ -112.098633, 40.698323 ], [ -112.098882, 40.697701 ], [ -112.098882, 40.697695 ] ] ] } },
{ "type": "Feature", "properties": { "group_index": 0, "value": 900.0, "center": [ -112.06307875602994, 40.69649868502337 ], "point_id": 0 }, "geometry": { "type": "Polygon", "coordinates": [ [ [ -112.112185, 40.703097 ], [ -112.112066, 40.701561 ], [ -112.110192, 40.697502 ], [ -112.107823, 40.696166 ], [ -112.103474, 40.690659 ], [ -112.1028, 40.687507 ], [ -112.100387, 40.682349 ], [ -112.099576, 40.681696 ], [ -112.093688, 40.675069 ], [ -112.090089, 40.675033 ], [ -112.08622, 40.680225 ], [ -112.082248, 40.680222 ], [ -112.080449, 40.682936 ], [ -112.078879, 40.684168 ], [ -112.071129, 40.684584 ], [ -112.07004, 40.684127 ], [ -112.063196, 40.681498 ], [ -112.058201, 40.68024 ], [ -112.05359, 40.67812 ], [ -112.052751, 40.677862 ], [ -112.045677, 40.67561 ], [ -112.045655, 40.671667 ], [ -112.045554, 40.669604 ], [ -112.04562, 40.668763 ], [ -112.045599, 40.668403 ], [ -112.043115, 40.667863 ], [ -112.042475, 40.667864 ], [ -112.042168, 40.667949 ], [ -112.03826, 40.671534 ], [ -112.034298, 40.672997 ], [ -112.033334, 40.673487 ], [ -112.03, 40.675448 ], [ -112.024741, 40.680299 ], [ -112.023016, 40.682094 ], [ -112.018837, 40.687555 ], [ -112.014473, 40.691086 ], [ -112.009715, 40.694776 ], [ -112.009031, 40.696746 ], [ -112.009039, 40.696984 ], [ -112.009155, 40.697537 ], [ -112.009726, 40.698376 ], [ -112.014279, 40.702345 ], [ -112.019792, 40.707078 ], [ -112.025373, 40.712878 ], [ -112.025697, 40.713176 ], [ -112.02704, 40.71404 ], [ -112.028639, 40.715078 ], [ -112.032702, 40.71686 ], [ -112.035284, 40.717344 ], [ -112.037761, 40.725101 ], [ -112.037826, 40.725281 ], [ -112.039498, 40.72652 ], [ -112.04306, 40.726202 ], [ -112.049265, 40.727461 ], [ -112.051509, 40.727443 ], [ -112.053754, 40.727425 ], [ -112.05749, 40.727335 ], [ -112.063034, 40.727318 ], [ -112.070375, 40.72894 ], [ -112.073546, 40.727339 ], [ -112.076157, 40.725664 ], [ -112.084096, 40.724047 ], [ -112.091781, 40.719687 ], [ -112.093827, 40.719191 ], [ -112.097805, 40.715761 ], [ -112.10144, 40.713435 ], [ -112.103586, 40.711095 ], [ -112.105581, 40.707671 ], [ -112.110401, 40.70492 ], [ -112.112185, 40.70313 ], [ -112.112185, 40.703097 ] ] ] } },
{ "type": "Feature", "properties": { "group_index": 0, "value": 300.0, "center": [ -112.0439399523583, 40.69652606013512 ], "point_id": 0 }, "geometry": { "type": "Polygon", "coordinates": [ [ [ -112.06201, 40.697156 ], [ -112.061718, 40.694701 ], [ -112.060099, 40.692995 ], [ -112.059491, 40.692651 ], [ -112.055133, 40.689694 ], [ -112.052607, 40.687471 ], [ -112.049317, 40.685343 ], [ -112.044621, 40.681768 ], [ -112.044043, 40.681766 ], [ -112.043808, 40.681765 ], [ -112.043214, 40.681768 ], [ -112.040057, 40.683352 ], [ -112.037437, 40.686065 ], [ -112.034834, 40.687875 ], [ -112.031921, 40.690466 ], [ -112.031669, 40.691041 ], [ -112.0316, 40.691421 ], [ -112.026619, 40.694282 ], [ -112.026158, 40.69478 ], [ -112.025169, 40.697036 ], [ -112.025173, 40.697224 ], [ -112.027557, 40.700194 ], [ -112.031575, 40.702568 ], [ -112.032212, 40.704599 ], [ -112.032224, 40.704626 ], [ -112.033801, 40.705661 ], [ -112.035361, 40.706341 ], [ -112.039954, 40.708007 ], [ -112.042197, 40.711106 ], [ -112.043674, 40.711486 ], [ -112.044575, 40.711413 ], [ -112.045797, 40.711059 ], [ -112.046499, 40.709887 ], [ -112.050425, 40.706855 ], [ -112.052813, 40.705561 ], [ -112.057308, 40.702896 ], [ -112.05906, 40.70239 ], [ -112.059108, 40.702337 ], [ -112.061724, 40.698301 ], [ -112.062009, 40.697716 ], [ -112.06201, 40.697156 ] ] ] } },
{ "type": "Feature", "properties": { "group_index": 0, "value": 600.0, "center": [ -112.0439399523583, 40.69652606013512 ], "point_id": 0 }, "geometry": { "type": "Polygon", "coordinates": [ [ [ -112.079518, 40.69469 ], [ -112.075373, 40.690646 ], [ -112.070338, 40.68705 ], [ -112.065327, 40.68353 ], [ -112.062438, 40.680211 ], [ -112.060832, 40.680213 ], [ -112.05359, 40.67812 ], [ -112.052537, 40.6778 ], [ -112.05202, 40.677676 ], [ -112.045655, 40.671667 ], [ -112.045645, 40.669715 ], [ -112.045642, 40.669525 ], [ -112.043738, 40.667938 ], [ -112.043587, 40.667939 ], [ -112.041028, 40.669882 ], [ -112.036901, 40.673182 ], [ -112.032872, 40.674848 ], [ -112.030734, 40.675482 ], [ -112.027047, 40.678866 ], [ -112.022888, 40.68253 ], [ -112.020921, 40.684365 ], [ -112.014538, 40.689765 ], [ -112.008385, 40.694778 ], [ -112.0077, 40.695536 ], [ -112.007, 40.696459 ], [ -112.007028, 40.696696 ], [ -112.008388, 40.698378 ], [ -112.013169, 40.702373 ], [ -112.017082, 40.70593 ], [ -112.021722, 40.709898 ], [ -112.027059, 40.714038 ], [ -112.028686, 40.715138 ], [ -112.033597, 40.71676 ], [ -112.039285, 40.719706 ], [ -112.045291, 40.722592 ], [ -112.047603, 40.722312 ], [ -112.054348, 40.717626 ], [ -112.056178, 40.71673 ], [ -112.063252, 40.713149 ], [ -112.067013, 40.710642 ], [ -112.073226, 40.705528 ], [ -112.078462, 40.69909 ], [ -112.079509, 40.69829 ], [ -112.079518, 40.69469 ] ] ] } },
{ "type": "Feature", "properties": { "group_index": 0, "value": 900.0, "center": [ -112.0439399523583, 40.69652606013512 ], "point_id": 0 }, "geometry": { "type": "Polygon", "coordinates": [ [ [ -112.098869, 40.696599 ], [ -112.098578, 40.696208 ], [ -112.097393, 40.694614 ], [ -112.096736, 40.694019 ], [ -112.092763, 40.690849 ], [ -112.087953, 40.687307 ], [ -112.085713, 40.684807 ], [ -112.081368, 40.680221 ], [ -112.078614, 40.68022 ], [ -112.07586, 40.680218 ], [ -112.072666, 40.680216 ], [ -112.069472, 40.680214 ], [ -112.066279, 40.680212 ], [ -112.063085, 40.680211 ], [ -112.062438, 40.680211 ], [ -112.060832, 40.680213 ], [ -112.05359, 40.67812 ], [ -112.052537, 40.6778 ], [ -112.05202, 40.677676 ], [ -112.045655, 40.671667 ], [ -112.045645, 40.669715 ], [ -112.045642, 40.669525 ], [ -112.045619, 40.66756 ], [ -112.045697, 40.663953 ], [ -112.045666, 40.660104 ], [ -112.045699, 40.659714 ], [ -112.044595, 40.658261 ], [ -112.043128, 40.657096 ], [ -112.041435, 40.655778 ], [ -112.040563, 40.65528 ], [ -112.038776, 40.658405 ], [ -112.032948, 40.663509 ], [ -112.026679, 40.665777 ], [ -112.024689, 40.666196 ], [ -112.022892, 40.66785 ], [ -112.018176, 40.671536 ], [ -112.01075, 40.675495 ], [ -112.008006, 40.680255 ], [ -112.003861, 40.684186 ], [ -112.003733, 40.684286 ], [ -112.001337, 40.686091 ], [ -111.997635, 40.68837 ], [ -111.997292, 40.688656 ], [ -111.991707, 40.694024 ], [ -111.990589, 40.694809 ], [ -111.989618, 40.696003 ], [ -111.989624, 40.696456 ], [ -111.990599, 40.698409 ], [ -111.992203, 40.699584 ], [ -111.994406, 40.701352 ], [ -111.998717, 40.705901 ], [ -112.0018, 40.708002 ], [ -112.006869, 40.71411 ], [ -112.007596, 40.714308 ], [ -112.014506, 40.718365 ], [ -112.016052, 40.720175 ], [ -112.019404, 40.722503 ], [ -112.026494, 40.726668 ], [ -112.026718, 40.726759 ], [ -112.027626, 40.727054 ], [ -112.028277, 40.727192 ], [ -112.028769, 40.727256 ], [ -112.029592, 40.7273 ], [ -112.02981, 40.727295 ], [ -112.038022, 40.724973 ], [ -112.041152, 40.72611 ], [ -112.042534, 40.725669 ], [ -112.043203, 40.725424 ], [ -112.047662, 40.72334 ], [ -112.053327, 40.720846 ], [ -112.056597, 40.720908 ], [ -112.061428, 40.724975 ], [ -112.064049, 40.725856 ], [ -112.064354, 40.725855 ], [ -112.065845, 40.724009 ], [ -112.072394, 40.72005 ], [ -112.074766, 40.719693 ], [ -112.080031, 40.713994 ], [ -112.084567, 40.711077 ], [ -112.086134, 40.710105 ], [ -112.091012, 40.705497 ], [ -112.093729, 40.701406 ], [ -112.097276, 40.69832 ], [ -112.09887, 40.696665 ], [ -112.098869, 40.696599 ] ] ] } },
{ "type": "Feature", "properties": { "group_index": 0, "value": 300.0, "center": [ -112.09180470657972, 40.70370034715232 ], "point_id": 0 }, "geometry": { "type": "Polygon", "coordinates": [ [ [ -112.111142, 40.703802 ], [ -112.109597, 40.701955 ], [ -112.106992, 40.699926 ], [ -112.106143, 40.699927 ], [ -112.10157, 40.696341 ], [ -112.100074, 40.694725 ], [ -112.098072, 40.691921 ], [ -112.09805, 40.691906 ], [ -112.094244, 40.689979 ], [ -112.094005, 40.689971 ], [ -112.09171, 40.690114 ], [ -112.089974, 40.690217 ], [ -112.086597, 40.691968 ], [ -112.085154, 40.692999 ], [ -112.08309, 40.694722 ], [ -112.078884, 40.697936 ], [ -112.075063, 40.701213 ], [ -112.074006, 40.701927 ], [ -112.073297, 40.702909 ], [ -112.072772, 40.703827 ], [ -112.072772, 40.703881 ], [ -112.074015, 40.705527 ], [ -112.076846, 40.708271 ], [ -112.076949, 40.708369 ], [ -112.080698, 40.710882 ], [ -112.086156, 40.71301 ], [ -112.090055, 40.717157 ], [ -112.090246, 40.717771 ], [ -112.090878, 40.718567 ], [ -112.090963, 40.718628 ], [ -112.093655, 40.717162 ], [ -112.093655, 40.716967 ], [ -112.098629, 40.71375 ], [ -112.098859, 40.713747 ], [ -112.103108, 40.710604 ], [ -112.104625, 40.709377 ], [ -112.106916, 40.707156 ], [ -112.1096, 40.705555 ], [ -112.111144, 40.703928 ], [ -112.111142, 40.703802 ] ] ] } },
{ "type": "Feature", "properties": { "group_index": 0, "value": 600.0, "center": [ -112.09180470657972, 40.70370034715232 ], "point_id": 0 }, "geometry": { "type": "Polygon", "coordinates": [ [ [ -112.110066, 40.714439 ], [ -112.112219, 40.705803 ], [ -112.11027, 40.699689 ], [ -112.106681, 40.697558 ], [ -112.104253, 40.690385 ], [ -112.104262, 40.688815 ], [ -112.101199, 40.683396 ], [ -112.099576, 40.681696 ], [ -112.093687, 40.675253 ], [ -112.090087, 40.675217 ], [ -112.090064, 40.677477 ], [ -112.084049, 40.683038 ], [ -112.081734, 40.682585 ], [ -112.081502, 40.682587 ], [ -112.080449, 40.683046 ], [ -112.076496, 40.684334 ], [ -112.076208, 40.68441 ], [ -112.072335, 40.687517 ], [ -112.072324, 40.687531 ], [ -112.067245, 40.692953 ], [ -112.064818, 40.694696 ], [ -112.063107, 40.695727 ], [ -112.062506, 40.696151 ], [ -112.057233, 40.700617 ], [ -112.054606, 40.703886 ], [ -112.054606, 40.703936 ], [ -112.054753, 40.70411 ], [ -112.056214, 40.705566 ], [ -112.057496, 40.706595 ], [ -112.060817, 40.709084 ], [ -112.062737, 40.71055 ], [ -112.068068, 40.71513 ], [ -112.072891, 40.719698 ], [ -112.080496, 40.724427 ], [ -112.084096, 40.724428 ], [ -112.091135, 40.719852 ], [ -112.096442, 40.719581 ], [ -112.099145, 40.71981 ], [ -112.099989, 40.719862 ], [ -112.10053, 40.719875 ], [ -112.103075, 40.719881 ], [ -112.105626, 40.719888 ], [ -112.107427, 40.719886 ], [ -112.10922, 40.719884 ], [ -112.109624, 40.719885 ], [ -112.109946, 40.719799 ], [ -112.110066, 40.714439 ] ] ] } },
{ "type": "Feature", "properties": { "group_index": 0, "value": 900.0, "center": [ -112.09180470657972, 40.70370034715232 ], "point_id": 0 }, "geometry": { "type": "Polygon", "coordinates": [ [ [ -112.127689, 40.714074 ], [ -112.126994, 40.714068 ], [ -112.126306, 40.714108 ], [ -112.125469, 40.7142 ], [ -112.124376, 40.714357 ], [ -112.123482, 40.714513 ], [ -112.122515, 40.714707 ], [ -112.119046, 40.715584 ], [ -112.116093, 40.716123 ], [ -112.115172, 40.716214 ], [ -112.114513, 40.716257 ], [ -112.110066, 40.714439 ], [ -112.112219, 40.705803 ], [ -112.11027, 40.699689 ], [ -112.105225, 40.692553 ], [ -112.104262, 40.688815 ], [ -112.101199, 40.683396 ], [ -112.099576, 40.681696 ], [ -112.095513, 40.674065 ], [ -112.095421, 40.672993 ], [ -112.095973, 40.667918 ], [ -112.094664, 40.664565 ], [ -112.090689, 40.662041 ], [ -112.088104, 40.664546 ], [ -112.08992, 40.670744 ], [ -112.089961, 40.671345 ], [ -112.090141, 40.67247 ], [ -112.090087, 40.675217 ], [ -112.090064, 40.677477 ], [ -112.084049, 40.683038 ], [ -112.081734, 40.682585 ], [ -112.081502, 40.682587 ], [ -112.080449, 40.683046 ], [ -112.076496, 40.684334 ], [ -112.07099, 40.683044 ], [ -112.070788, 40.683003 ], [ -112.068175, 40.682278 ], [ -112.067853, 40.682189 ], [ -112.066867, 40.68188 ], [ -112.063082, 40.680211 ], [ -112.06194, 40.680212 ], [ -112.055984, 40.684518 ], [ -112.053339, 40.688222 ], [ -112.049176, 40.691466 ], [ -112.045504, 40.694206 ], [ -112.044739, 40.694733 ], [ -112.043184, 40.696514 ], [ -112.037972, 40.702278 ], [ -112.036923, 40.704572 ], [ -112.036975, 40.70469 ], [ -112.040213, 40.707168 ], [ -112.044718, 40.711404 ], [ -112.051742, 40.716683 ], [ -112.056912, 40.720882 ], [ -112.061417, 40.723895 ], [ -112.066123, 40.727351 ], [ -112.068568, 40.728401 ], [ -112.072167, 40.728353 ], [ -112.076264, 40.727319 ], [ -112.080481, 40.733191 ], [ -112.080475, 40.735189 ], [ -112.084075, 40.7352 ], [ -112.084081, 40.733202 ], [ -112.084087, 40.731204 ], [ -112.084089, 40.729007 ], [ -112.084092, 40.726812 ], [ -112.084096, 40.724428 ], [ -112.091135, 40.719852 ], [ -112.096442, 40.719581 ], [ -112.099145, 40.71981 ], [ -112.099989, 40.719862 ], [ -112.10053, 40.719875 ], [ -112.103075, 40.719881 ], [ -112.105626, 40.719888 ], [ -112.107427, 40.719886 ], [ -112.10922, 40.719884 ], [ -112.109624, 40.719885 ], [ -112.111309, 40.71989 ], [ -112.113636, 40.719884 ], [ -112.114752, 40.719849 ], [ -112.115533, 40.719796 ], [ -112.116608, 40.719686 ], [ -112.11993, 40.719073 ], [ -112.12766, 40.717674 ], [ -112.127689, 40.714074 ] ] ] } },
{ "type": "Feature", "properties": { "group_index": 0, "value": 300.0, "center": [ -112.02485522705908, 40.69655667003086 ], "point_id": 0 }, "geometry": { "type": "Polygon", "coordinates": [ [ [ -112.043062, 40.696669 ], [ -112.042409, 40.694737 ], [ -112.041743, 40.69377 ], [ -112.037596, 40.691097 ], [ -112.036406, 40.690192 ], [ -112.0324, 40.687404 ], [ -112.032, 40.685385 ], [ -112.027301, 40.683212 ], [ -112.026388, 40.682534 ], [ -112.025361, 40.681756 ], [ -112.025353, 40.681756 ], [ -112.024101, 40.681851 ], [ -112.022888, 40.68253 ], [ -112.018825, 40.686292 ], [ -112.014899, 40.688978 ], [ -112.014133, 40.689641 ], [ -112.013456, 40.690295 ], [ -112.009672, 40.69404 ], [ -112.007404, 40.694454 ], [ -112.006311, 40.695407 ], [ -112.00611, 40.695992 ], [ -112.00611, 40.696237 ], [ -112.007102, 40.698379 ], [ -112.008342, 40.699657 ], [ -112.011843, 40.702338 ], [ -112.014772, 40.704503 ], [ -112.01667, 40.705643 ], [ -112.020113, 40.708246 ], [ -112.022298, 40.709897 ], [ -112.024151, 40.711295 ], [ -112.025094, 40.71162 ], [ -112.025106, 40.71162 ], [ -112.028071, 40.70961 ], [ -112.031649, 40.707267 ], [ -112.032869, 40.706347 ], [ -112.033815, 40.705201 ], [ -112.033817, 40.70464 ], [ -112.037638, 40.700511 ], [ -112.040534, 40.699486 ], [ -112.042412, 40.698337 ], [ -112.043052, 40.697432 ], [ -112.043062, 40.696669 ] ] ] } },
{ "type": "Feature", "properties": { "group_index": 0, "value": 600.0, "center": [ -112.02485522705908, 40.69655667003086 ], "point_id": 0 }, "geometry": { "type": "Polygon", "coordinates": [ [ [ -112.061124, 40.695859 ], [ -112.060199, 40.694704 ], [ -112.058329, 40.693042 ], [ -112.057998, 40.692789 ], [ -112.05761, 40.692507 ], [ -112.051153, 40.687498 ], [ -112.047013, 40.684621 ], [ -112.043146, 40.679934 ], [ -112.043105, 40.67989 ], [ -112.038175, 40.676426 ], [ -112.03258, 40.672685 ], [ -112.027545, 40.66978 ], [ -112.024747, 40.667826 ], [ -112.024714, 40.667825 ], [ -112.01834, 40.671535 ], [ -112.010758, 40.675498 ], [ -112.005592, 40.681444 ], [ -112.002439, 40.684286 ], [ -111.998588, 40.687451 ], [ -111.996907, 40.688768 ], [ -111.993488, 40.691513 ], [ -111.989304, 40.694811 ], [ -111.987544, 40.696671 ], [ -111.987545, 40.696692 ], [ -111.989311, 40.698411 ], [ -111.990159, 40.69913 ], [ -111.993097, 40.701353 ], [ -111.997669, 40.705684 ], [ -111.999787, 40.707426 ], [ -112.006792, 40.712697 ], [ -112.007984, 40.714099 ], [ -112.008238, 40.714243 ], [ -112.008354, 40.714287 ], [ -112.01552, 40.718779 ], [ -112.016627, 40.720169 ], [ -112.019143, 40.72202 ], [ -112.023092, 40.72352 ], [ -112.026692, 40.723512 ], [ -112.030372, 40.72146 ], [ -112.033951, 40.718556 ], [ -112.039338, 40.711909 ], [ -112.041695, 40.711671 ], [ -112.04409, 40.711444 ], [ -112.045029, 40.711385 ], [ -112.045799, 40.711215 ], [ -112.050425, 40.706805 ], [ -112.056032, 40.70231 ], [ -112.057957, 40.701011 ], [ -112.060207, 40.698304 ], [ -112.061116, 40.696419 ], [ -112.061124, 40.695859 ] ] ] } },
{ "type": "Feature", "properties": { "group_index": 0, "value": 900.0, "center": [ -112.02485522705908, 40.69655667003086 ], "point_id": 0 }, "geometry": { "type": "Polygon", "coordinates": [ [ [ -112.079126, 40.696529 ], [ -112.078, 40.694686 ], [ -112.073774, 40.690651 ], [ -112.066537, 40.685502 ], [ -112.061941, 40.680212 ], [ -112.05359, 40.67812 ], [ -112.052537, 40.6778 ], [ -112.051982, 40.677667 ], [ -112.045297, 40.671827 ], [ -112.045449, 40.671213 ], [ -112.045554, 40.669604 ], [ -112.04562, 40.668763 ], [ -112.045588, 40.668523 ], [ -112.040591, 40.661408 ], [ -112.03832, 40.658615 ], [ -112.037653, 40.659158 ], [ -112.028895, 40.657566 ], [ -112.028059, 40.657005 ], [ -112.02599, 40.655314 ], [ -112.025654, 40.65506 ], [ -112.025291, 40.654973 ], [ -112.023887, 40.654985 ], [ -112.023662, 40.655063 ], [ -112.022216, 40.655797 ], [ -112.02042, 40.657088 ], [ -112.01377, 40.660195 ], [ -112.010946, 40.662968 ], [ -112.005162, 40.6647 ], [ -112.004814, 40.664698 ], [ -112.003861, 40.665568 ], [ -111.996454, 40.668631 ], [ -111.995802, 40.669311 ], [ -111.995686, 40.669446 ], [ -111.994856, 40.670702 ], [ -111.994835, 40.670771 ], [ -111.994835, 40.670771 ], [ -111.994815, 40.67084 ], [ -111.994829, 40.671482 ], [ -111.990658, 40.679286 ], [ -111.989325, 40.680288 ], [ -111.987183, 40.681759 ], [ -111.982452, 40.68657 ], [ -111.976557, 40.691129 ], [ -111.971585, 40.694914 ], [ -111.970093, 40.696788 ], [ -111.970093, 40.696805 ], [ -111.970158, 40.696898 ], [ -111.971594, 40.698514 ], [ -111.975662, 40.701794 ], [ -111.979893, 40.705796 ], [ -111.983969, 40.708895 ], [ -111.990855, 40.713139 ], [ -111.991244, 40.713173 ], [ -111.991262, 40.713169 ], [ -111.99603, 40.712951 ], [ -111.998549, 40.713803 ], [ -112.003946, 40.72084 ], [ -112.003954, 40.722765 ], [ -112.003962, 40.724691 ], [ -112.00802, 40.727372 ], [ -112.008559, 40.727371 ], [ -112.010688, 40.726546 ], [ -112.017109, 40.732426 ], [ -112.017108, 40.732451 ], [ -112.017108, 40.732482 ], [ -112.017108, 40.732508 ], [ -112.018873, 40.734287 ], [ -112.023119, 40.737019 ], [ -112.026719, 40.73699 ], [ -112.031179, 40.733132 ], [ -112.031389, 40.732914 ], [ -112.031628, 40.732436 ], [ -112.037545, 40.726863 ], [ -112.039965, 40.726413 ], [ -112.041256, 40.72608 ], [ -112.042607, 40.725644 ], [ -112.043155, 40.725442 ], [ -112.047958, 40.722304 ], [ -112.052745, 40.719562 ], [ -112.057284, 40.71662 ], [ -112.063365, 40.711922 ], [ -112.065003, 40.710682 ], [ -112.068759, 40.707861 ], [ -112.071714, 40.705531 ], [ -112.072708, 40.704261 ], [ -112.077991, 40.698286 ], [ -112.079128, 40.696587 ], [ -112.079126, 40.696529 ] ] ] } },
{ "type": "Feature", "properties": { "group_index": 0, "value": 300.0, "center": [ -112.00572651277362, 40.696579697061864 ], "point_id": 0 }, "geometry": { "type": "Polygon", "coordinates": [ [ [ -112.024646, 40.696012 ], [ -112.024647, 40.695878 ], [ -112.023448, 40.694614 ], [ -112.022857, 40.694206 ], [ -112.018577, 40.691148 ], [ -112.017407, 40.689791 ], [ -112.015268, 40.687885 ], [ -112.013173, 40.686055 ], [ -112.011553, 40.685195 ], [ -112.007066, 40.682212 ], [ -112.006364, 40.681775 ], [ -112.006009, 40.681622 ], [ -112.005561, 40.681444 ], [ -112.005123, 40.681444 ], [ -112.001948, 40.683783 ], [ -111.998585, 40.686518 ], [ -111.996586, 40.688104 ], [ -111.996286, 40.688346 ], [ -111.995858, 40.688819 ], [ -111.991147, 40.691627 ], [ -111.991025, 40.691729 ], [ -111.987306, 40.695348 ], [ -111.986196, 40.6966 ], [ -111.986196, 40.696635 ], [ -111.987941, 40.698414 ], [ -111.98896, 40.699282 ], [ -111.990258, 40.700177 ], [ -111.992321, 40.701269 ], [ -111.995214, 40.70413 ], [ -111.996699, 40.705829 ], [ -111.999056, 40.707079 ], [ -112.001378, 40.708065 ], [ -112.005278, 40.710999 ], [ -112.005376, 40.711064 ], [ -112.005817, 40.711253 ], [ -112.006314, 40.711286 ], [ -112.007185, 40.711276 ], [ -112.007279, 40.711273 ], [ -112.008045, 40.711029 ], [ -112.007786, 40.709728 ], [ -112.00803, 40.708122 ], [ -112.013208, 40.705543 ], [ -112.014195, 40.705516 ], [ -112.014518, 40.705531 ], [ -112.016582, 40.703402 ], [ -112.019392, 40.701638 ], [ -112.022218, 40.699512 ], [ -112.023555, 40.698212 ], [ -112.024607, 40.697008 ], [ -112.024646, 40.696012 ] ] ] } },
{ "type": "Feature", "properties": { "group_index": 0, "value": 600.0, "center": [ -112.00572651277362, 40.696579697061864 ], "point_id": 0 }, "geometry": { "type": "Polygon", "coordinates": [ [ [ -112.041591, 40.695039 ], [ -112.04156, 40.694969 ], [ -112.041259, 40.694738 ], [ -112.036446, 40.691098 ], [ -112.031921, 40.686305 ], [ -112.027138, 40.683212 ], [ -112.023143, 40.680162 ], [ -112.020505, 40.678139 ], [ -112.020419, 40.678114 ], [ -112.013119, 40.673961 ], [ -112.011987, 40.672669 ], [ -112.009662, 40.670853 ], [ -112.008207, 40.669749 ], [ -112.007277, 40.669093 ], [ -112.005519, 40.668093 ], [ -112.005338, 40.668094 ], [ -112.00031, 40.670212 ], [ -111.998128, 40.671858 ], [ -111.99614, 40.673407 ], [ -111.992007, 40.677075 ], [ -111.986222, 40.681797 ], [ -111.984811, 40.683322 ], [ -111.981262, 40.687595 ], [ -111.977098, 40.689696 ], [ -111.975185, 40.691124 ], [ -111.970214, 40.694917 ], [ -111.970223, 40.698517 ], [ -111.971192, 40.69928 ], [ -111.977076, 40.704022 ], [ -111.978801, 40.705799 ], [ -111.982907, 40.708904 ], [ -111.983316, 40.708978 ], [ -111.983412, 40.708977 ], [ -111.984231, 40.70883 ], [ -111.988026, 40.707153 ], [ -111.994197, 40.7127 ], [ -111.994415, 40.712766 ], [ -112.000491, 40.714345 ], [ -112.000562, 40.714354 ], [ -112.00319, 40.71425 ], [ -112.005982, 40.713944 ], [ -112.014292, 40.714414 ], [ -112.020058, 40.715466 ], [ -112.020099, 40.715475 ], [ -112.02147, 40.714769 ], [ -112.021947, 40.714497 ], [ -112.023585, 40.712817 ], [ -112.026995, 40.709616 ], [ -112.031803, 40.706342 ], [ -112.032911, 40.705076 ], [ -112.03659, 40.701551 ], [ -112.041262, 40.698338 ], [ -112.041591, 40.695039 ] ] ] } },
{ "type": "Feature", "properties": { "group_index": 0, "value": 900.0, "center": [ -112.00572651277362, 40.696579697061864 ], "point_id": 0 }, "geometry": { "type": "Polygon", "coordinates": [ [ [ -112.059128, 40.69747 ], [ -112.059044, 40.694707 ], [ -112.056923, 40.693005 ], [ -112.050024, 40.6876 ], [ -112.047013, 40.685495 ], [ -112.042394, 40.680739 ], [ -112.041895, 40.68027 ], [ -112.041055, 40.679511 ], [ -112.035685, 40.675476 ], [ -112.032457, 40.673417 ], [ -112.027507, 40.66978 ], [ -112.025542, 40.668781 ], [ -112.019621, 40.663393 ], [ -112.019183, 40.663116 ], [ -112.019015, 40.663191 ], [ -112.014126, 40.66288 ], [ -112.011711, 40.657878 ], [ -112.011439, 40.657617 ], [ -112.009559, 40.656761 ], [ -112.005778, 40.655968 ], [ -112.005686, 40.655968 ], [ -112.00536, 40.656024 ], [ -112.005191, 40.656066 ], [ -112.000492, 40.658216 ], [ -111.997471, 40.659668 ], [ -111.990317, 40.663311 ], [ -111.986796, 40.665754 ], [ -111.986774, 40.665773 ], [ -111.98055, 40.671562 ], [ -111.97468, 40.677063 ], [ -111.972009, 40.678858 ], [ -111.970382, 40.680329 ], [ -111.968592, 40.682135 ], [ -111.96827, 40.682507 ], [ -111.963243, 40.686678 ], [ -111.96033, 40.688106 ], [ -111.956389, 40.691674 ], [ -111.952424, 40.694937 ], [ -111.952432, 40.698537 ], [ -111.955437, 40.700752 ], [ -111.959698, 40.704868 ], [ -111.963553, 40.707599 ], [ -111.964531, 40.708283 ], [ -111.969887, 40.712262 ], [ -111.972471, 40.714872 ], [ -111.972649, 40.715049 ], [ -111.975091, 40.716498 ], [ -111.97649, 40.717295 ], [ -111.985012, 40.720133 ], [ -111.985601, 40.720131 ], [ -111.99122, 40.720159 ], [ -111.99238, 40.720185 ], [ -111.993055, 40.719058 ], [ -112.000562, 40.714354 ], [ -112.007089, 40.720388 ], [ -112.013672, 40.72311 ], [ -112.016097, 40.727316 ], [ -112.017412, 40.727266 ], [ -112.021765, 40.727079 ], [ -112.022354, 40.727024 ], [ -112.023094, 40.726909 ], [ -112.026692, 40.723721 ], [ -112.030402, 40.721336 ], [ -112.033952, 40.718347 ], [ -112.039338, 40.711909 ], [ -112.041695, 40.711671 ], [ -112.042539, 40.711597 ], [ -112.044, 40.711316 ], [ -112.047306, 40.708915 ], [ -112.050095, 40.706668 ], [ -112.057279, 40.701509 ], [ -112.057388, 40.701432 ], [ -112.0574, 40.701424 ], [ -112.059062, 40.698307 ], [ -112.059128, 40.69747 ] ] ] } },
{ "type": "Feature", "properties": { "group_index": 0, "value": 300.0, "center": [ -111.986651, 40.6966104414934 ], "point_id": 0 }, "geometry": { "type": "Polygon", "coordinates": [ [ [ -112.006073, 40.696527 ], [ -112.004365, 40.694783 ], [ -111.9999, 40.691067 ], [ -111.995336, 40.687296 ], [ -111.995156, 40.687156 ], [ -111.99184, 40.685266 ], [ -111.987281, 40.681749 ], [ -111.986942, 40.6814 ], [ -111.986894, 40.681391 ], [ -111.985974, 40.681799 ], [ -111.982439, 40.68527 ], [ -111.981268, 40.686599 ], [ -111.977197, 40.689007 ], [ -111.976444, 40.689469 ], [ -111.974704, 40.690594 ], [ -111.973946, 40.691125 ], [ -111.969794, 40.694918 ], [ -111.96898, 40.694919 ], [ -111.967998, 40.696801 ], [ -111.968004, 40.697223 ], [ -111.968987, 40.698519 ], [ -111.971519, 40.699788 ], [ -111.975456, 40.703345 ], [ -111.978423, 40.705789 ], [ -111.982501, 40.708203 ], [ -111.984013, 40.708895 ], [ -111.989991, 40.708944 ], [ -111.990621, 40.708944 ], [ -111.992836, 40.707602 ], [ -111.995056, 40.705691 ], [ -111.99826, 40.703151 ], [ -112.002736, 40.699843 ], [ -112.004371, 40.698383 ], [ -112.006073, 40.696583 ], [ -112.006073, 40.696527 ] ] ] } },
{ "type": "Feature", "properties": { "group_index": 0, "value": 600.0, "center": [ -111.986651, 40.6966104414934 ], "point_id": 0 }, "geometry": { "type": "Polygon", "coordinates": [ [ [ -112.023094, 40.696974 ], [ -112.023073, 40.695887 ], [ -112.022072, 40.694703 ], [ -112.018642, 40.691891 ], [ -112.015142, 40.688823 ], [ -112.011765, 40.685586 ], [ -112.011586, 40.685462 ], [ -112.00633, 40.681775 ], [ -112.003885, 40.680255 ], [ -112.00026, 40.678123 ], [ -111.995901, 40.674132 ], [ -111.994925, 40.673396 ], [ -111.992062, 40.671717 ], [ -111.986913, 40.668083 ], [ -111.986886, 40.668083 ], [ -111.985961, 40.668481 ], [ -111.980557, 40.671894 ], [ -111.975258, 40.676857 ], [ -111.972785, 40.678017 ], [ -111.969463, 40.680329 ], [ -111.967464, 40.682101 ], [ -111.965734, 40.683867 ], [ -111.959772, 40.6876 ], [ -111.959086, 40.688104 ], [ -111.95796, 40.689381 ], [ -111.951192, 40.694939 ], [ -111.951194, 40.698539 ], [ -111.954505, 40.701003 ], [ -111.959739, 40.705721 ], [ -111.965884, 40.709988 ], [ -111.967373, 40.711085 ], [ -111.971055, 40.713435 ], [ -111.97478, 40.716499 ], [ -111.977159, 40.718185 ], [ -111.977204, 40.718185 ], [ -111.979444, 40.716421 ], [ -111.984121, 40.713564 ], [ -111.990621, 40.708944 ], [ -111.997303, 40.707389 ], [ -112.00324, 40.709168 ], [ -112.005348, 40.710624 ], [ -112.007482, 40.710584 ], [ -112.007485, 40.710582 ], [ -112.013576, 40.705534 ], [ -112.01405, 40.705135 ], [ -112.018124, 40.701528 ], [ -112.022292, 40.698296 ], [ -112.023094, 40.697367 ], [ -112.023094, 40.696974 ] ] ] } },
{ "type": "Feature", "properties": { "group_index": 0, "value": 900.0, "center": [ -111.986651, 40.6966104414934 ], "point_id": 0 }, "geometry": { "type": "Polygon", "coordinates": [ [ [ -112.040596, 40.696065 ], [ -112.040526, 40.695607 ], [ -112.0399, 40.694739 ], [ -112.036557, 40.692127 ], [ -112.031773, 40.687337 ], [ -112.025721, 40.683107 ], [ -112.021953, 40.680266 ], [ -112.020058, 40.678891 ], [ -112.018887, 40.678226 ], [ -112.011875, 40.67267 ], [ -112.00955, 40.670854 ], [ -112.005117, 40.666141 ], [ -111.999241, 40.661831 ], [ -111.992409, 40.658207 ], [ -111.990222, 40.656849 ], [ -111.986913, 40.65463 ], [ -111.986794, 40.65463 ], [ -111.986446, 40.654822 ], [ -111.985113, 40.656182 ], [ -111.979674, 40.66056 ], [ -111.976253, 40.662077 ], [ -111.972096, 40.66526 ], [ -111.967361, 40.667399 ], [ -111.962378, 40.671921 ], [ -111.96012, 40.673467 ], [ -111.957341, 40.675557 ], [ -111.954477, 40.677976 ], [ -111.948005, 40.682956 ], [ -111.941825, 40.687621 ], [ -111.938579, 40.690988 ], [ -111.933032, 40.695633 ], [ -111.93218, 40.696909 ], [ -111.932185, 40.697133 ], [ -111.932272, 40.697697 ], [ -111.932593, 40.698241 ], [ -111.935912, 40.700399 ], [ -111.941947, 40.705737 ], [ -111.946466, 40.709602 ], [ -111.952708, 40.714062 ], [ -111.958008, 40.717861 ], [ -111.95818, 40.717861 ], [ -111.965652, 40.720795 ], [ -111.965829, 40.723108 ], [ -111.965831, 40.723284 ], [ -111.967422, 40.724887 ], [ -111.971627, 40.727535 ], [ -111.973787, 40.727535 ], [ -111.976324, 40.727505 ], [ -111.977302, 40.727492 ], [ -111.979107, 40.727388 ], [ -111.985106, 40.726147 ], [ -111.98529, 40.725988 ], [ -111.988026, 40.723445 ], [ -111.993842, 40.720219 ], [ -112.000562, 40.714354 ], [ -112.00319, 40.71425 ], [ -112.009739, 40.714427 ], [ -112.012644, 40.715318 ], [ -112.01975, 40.714938 ], [ -112.020289, 40.714939 ], [ -112.020554, 40.714886 ], [ -112.022977, 40.712717 ], [ -112.024061, 40.71138 ], [ -112.03074, 40.706343 ], [ -112.036961, 40.700324 ], [ -112.037474, 40.70025 ], [ -112.039904, 40.698339 ], [ -112.040592, 40.696429 ], [ -112.040596, 40.696065 ] ] ] } },
{ "type": "Feature", "properties": { "group_index": 0, "value": 300.0, "center": [ -111.91695902239637, 40.69942052906072 ], "point_id": 0 }, "geometry": { "type": "Polygon", "coordinates": [ [ [ -111.934651, 40.699214 ], [ -111.934678, 40.699002 ], [ -111.933229, 40.695707 ], [ -111.930394, 40.692591 ], [ -111.930359, 40.692562 ], [ -111.929621, 40.692175 ], [ -111.928815, 40.692344 ], [ -111.927435, 40.692649 ], [ -111.927073, 40.693043 ], [ -111.925229, 40.694059 ], [ -111.921835, 40.68993 ], [ -111.922409, 40.688879 ], [ -111.922425, 40.688782 ], [ -111.919981, 40.686922 ], [ -111.914786, 40.686865 ], [ -111.913278, 40.686868 ], [ -111.910163, 40.688894 ], [ -111.910149, 40.688906 ], [ -111.906965, 40.692461 ], [ -111.90511, 40.693676 ], [ -111.903877, 40.694722 ], [ -111.899364, 40.698192 ], [ -111.89781, 40.699638 ], [ -111.897798, 40.699709 ], [ -111.897938, 40.700353 ], [ -111.899215, 40.701789 ], [ -111.899729, 40.702131 ], [ -111.899759, 40.702131 ], [ -111.903047, 40.701452 ], [ -111.903794, 40.701497 ], [ -111.907908, 40.705525 ], [ -111.908213, 40.706247 ], [ -111.908863, 40.706882 ], [ -111.911175, 40.709771 ], [ -111.915279, 40.713274 ], [ -111.91671, 40.714402 ], [ -111.917323, 40.714647 ], [ -111.917358, 40.714641 ], [ -111.918077, 40.713744 ], [ -111.918803, 40.712537 ], [ -111.922375, 40.708805 ], [ -111.924893, 40.707582 ], [ -111.929001, 40.703959 ], [ -111.932612, 40.703993 ], [ -111.932779, 40.703816 ], [ -111.933607, 40.702935 ], [ -111.934651, 40.699214 ] ] ] } },
{ "type": "Feature", "properties": { "group_index": 0, "value": 600.0, "center": [ -111.91695902239637, 40.69942052906072 ], "point_id": 0 }, "geometry": { "type": "Polygon", "coordinates": [ [ [ -111.95247, 40.694779 ], [ -111.945447, 40.690502 ], [ -111.944681, 40.689722 ], [ -111.941018, 40.68676 ], [ -111.936528, 40.682866 ], [ -111.936059, 40.682517 ], [ -111.934114, 40.681368 ], [ -111.931159, 40.679619 ], [ -111.930619, 40.679622 ], [ -111.927546, 40.680081 ], [ -111.921266, 40.682755 ], [ -111.917215, 40.680579 ], [ -111.916675, 40.680062 ], [ -111.911046, 40.680757 ], [ -111.905498, 40.679172 ], [ -111.905483, 40.679172 ], [ -111.905119, 40.679489 ], [ -111.904451, 40.680063 ], [ -111.897092, 40.684969 ], [ -111.891109, 40.690703 ], [ -111.888289, 40.692834 ], [ -111.881543, 40.69805 ], [ -111.879797, 40.69982 ], [ -111.879796, 40.699833 ], [ -111.881543, 40.70165 ], [ -111.884195, 40.703676 ], [ -111.88874, 40.707316 ], [ -111.889566, 40.70795 ], [ -111.891053, 40.70907 ], [ -111.893348, 40.710805 ], [ -111.898109, 40.714452 ], [ -111.898163, 40.714452 ], [ -111.901125, 40.714448 ], [ -111.901285, 40.714448 ], [ -111.909487, 40.717978 ], [ -111.909259, 40.718771 ], [ -111.909213, 40.719249 ], [ -111.909223, 40.721807 ], [ -111.916035, 40.727442 ], [ -111.91667, 40.727651 ], [ -111.916695, 40.727653 ], [ -111.916859, 40.727661 ], [ -111.917048, 40.72767 ], [ -111.917611, 40.727545 ], [ -111.918562, 40.726984 ], [ -111.919408, 40.725826 ], [ -111.924846, 40.720364 ], [ -111.930743, 40.718144 ], [ -111.937207, 40.714365 ], [ -111.940193, 40.712224 ], [ -111.940925, 40.711217 ], [ -111.940929, 40.711183 ], [ -111.940936, 40.711055 ], [ -111.946066, 40.705542 ], [ -111.948437, 40.705726 ], [ -111.948518, 40.705726 ], [ -111.95024, 40.70404 ], [ -111.952473, 40.698379 ], [ -111.95247, 40.694779 ] ] ] } },
{ "type": "Feature", "properties": { "group_index": 0, "value": 900.0, "center": [ -111.91695902239637, 40.69942052906072 ], "point_id": 0 }, "geometry": { "type": "Polygon", "coordinates": [ [ [ -111.970931, 40.69647 ], [ -111.968992, 40.69416 ], [ -111.96487, 40.691145 ], [ -111.958671, 40.686039 ], [ -111.952607, 40.680299 ], [ -111.949203, 40.677031 ], [ -111.945659, 40.674059 ], [ -111.938847, 40.670067 ], [ -111.936055, 40.668102 ], [ -111.93498, 40.667486 ], [ -111.933542, 40.667479 ], [ -111.933483, 40.667484 ], [ -111.933166, 40.667666 ], [ -111.929237, 40.670255 ], [ -111.923625, 40.66976 ], [ -111.922501, 40.669288 ], [ -111.922292, 40.669181 ], [ -111.921039, 40.669689 ], [ -111.913662, 40.670352 ], [ -111.908228, 40.667333 ], [ -111.906526, 40.665891 ], [ -111.90617, 40.665905 ], [ -111.902065, 40.667994 ], [ -111.897642, 40.671718 ], [ -111.890715, 40.67619 ], [ -111.88955, 40.677081 ], [ -111.887568, 40.678828 ], [ -111.882359, 40.683184 ], [ -111.879849, 40.685274 ], [ -111.873762, 40.690467 ], [ -111.87076, 40.692783 ], [ -111.865819, 40.69638 ], [ -111.863743, 40.698088 ], [ -111.862222, 40.699966 ], [ -111.862221, 40.700077 ], [ -111.863667, 40.701749 ], [ -111.866707, 40.704195 ], [ -111.87293, 40.708666 ], [ -111.876911, 40.711291 ], [ -111.880237, 40.714456 ], [ -111.884971, 40.718149 ], [ -111.887651, 40.720337 ], [ -111.892875, 40.724147 ], [ -111.898858, 40.728592 ], [ -111.899566, 40.728599 ], [ -111.900402, 40.728467 ], [ -111.907755, 40.733638 ], [ -111.907759, 40.734098 ], [ -111.90856, 40.735357 ], [ -111.911062, 40.737215 ], [ -111.916767, 40.741467 ], [ -111.916877, 40.741466 ], [ -111.917614, 40.741012 ], [ -111.91775, 40.740905 ], [ -111.919331, 40.739566 ], [ -111.925225, 40.735594 ], [ -111.929781, 40.731906 ], [ -111.935536, 40.727701 ], [ -111.94123, 40.72489 ], [ -111.944009, 40.723166 ], [ -111.950681, 40.719645 ], [ -111.952144, 40.71846 ], [ -111.952246, 40.718372 ], [ -111.958118, 40.71226 ], [ -111.963073, 40.708286 ], [ -111.966318, 40.705715 ], [ -111.969314, 40.698352 ], [ -111.970929, 40.696533 ], [ -111.970931, 40.69647 ] ] ] } },
{ "type": "Feature", "properties": { "group_index": 0, "value": 300.0, "center": [ -111.93892932132678, 40.696622375294105 ], "point_id": 0 }, "geometry": { "type": "Polygon", "coordinates": [ [ [ -111.956619, 40.694782 ], [ -111.952074, 40.691596 ], [ -111.950611, 40.690588 ], [ -111.947305, 40.687619 ], [ -111.942904, 40.68409 ], [ -111.94034, 40.682267 ], [ -111.938527, 40.68186 ], [ -111.9384, 40.681861 ], [ -111.937012, 40.683119 ], [ -111.933846, 40.68608 ], [ -111.932618, 40.687336 ], [ -111.929163, 40.6918 ], [ -111.924703, 40.695246 ], [ -111.923927, 40.695673 ], [ -111.922133, 40.69763 ], [ -111.920829, 40.69985 ], [ -111.92083, 40.699879 ], [ -111.922134, 40.70123 ], [ -111.922312, 40.701371 ], [ -111.922629, 40.701571 ], [ -111.926141, 40.703239 ], [ -111.930494, 40.705733 ], [ -111.93247, 40.707294 ], [ -111.932926, 40.707625 ], [ -111.936051, 40.709869 ], [ -111.938573, 40.711628 ], [ -111.938587, 40.711628 ], [ -111.939102, 40.711551 ], [ -111.940753, 40.710114 ], [ -111.944497, 40.705957 ], [ -111.947098, 40.705722 ], [ -111.947243, 40.705722 ], [ -111.950602, 40.703384 ], [ -111.951121, 40.702997 ], [ -111.951662, 40.702042 ], [ -111.951994, 40.701518 ], [ -111.95659, 40.698382 ], [ -111.956619, 40.694782 ] ] ] } },
{ "type": "Feature", "properties": { "group_index": 0, "value": 600.0, "center": [ -111.93892932132678, 40.696622375294105 ], "point_id": 0 }, "geometry": { "type": "Polygon", "coordinates": [ [ [ -111.97557, 40.696788 ], [ -111.97557, 40.696786 ], [ -111.97557, 40.696754 ], [ -111.975533, 40.695907 ], [ -111.974378, 40.694741 ], [ -111.969956, 40.691132 ], [ -111.962783, 40.685701 ], [ -111.957224, 40.681351 ], [ -111.955429, 40.680355 ], [ -111.949974, 40.675757 ], [ -111.945784, 40.674016 ], [ -111.940666, 40.669682 ], [ -111.939024, 40.668025 ], [ -111.938906, 40.668023 ], [ -111.938873, 40.668022 ], [ -111.938755, 40.668022 ], [ -111.93428, 40.671463 ], [ -111.930539, 40.672997 ], [ -111.928224, 40.673628 ], [ -111.926458, 40.675404 ], [ -111.921582, 40.682917 ], [ -111.920873, 40.683727 ], [ -111.91438, 40.689894 ], [ -111.907848, 40.695598 ], [ -111.904659, 40.697894 ], [ -111.90433, 40.69812 ], [ -111.903669, 40.69903 ], [ -111.903668, 40.699141 ], [ -111.903888, 40.700818 ], [ -111.903931, 40.701029 ], [ -111.904441, 40.701718 ], [ -111.904518, 40.701804 ], [ -111.911769, 40.705716 ], [ -111.91497, 40.71014 ], [ -111.922698, 40.7146 ], [ -111.924323, 40.714892 ], [ -111.930358, 40.719443 ], [ -111.931325, 40.720578 ], [ -111.938014, 40.724552 ], [ -111.938199, 40.724547 ], [ -111.942492, 40.723166 ], [ -111.946011, 40.720821 ], [ -111.951004, 40.718379 ], [ -111.952737, 40.71696 ], [ -111.953287, 40.716092 ], [ -111.959811, 40.710474 ], [ -111.96476, 40.706798 ], [ -111.966177, 40.705715 ], [ -111.969776, 40.701991 ], [ -111.974412, 40.698341 ], [ -111.975322, 40.697222 ], [ -111.975569, 40.69682 ], [ -111.97557, 40.696788 ] ] ] } },
{ "type": "Feature", "properties": { "group_index": 0, "value": 900.0, "center": [ -111.93892932132678, 40.696622375294105 ], "point_id": 0 }, "geometry": { "type": "Polygon", "coordinates": [ [ [ -111.993914, 40.696604 ], [ -111.99391, 40.696482 ], [ -111.993909, 40.696475 ], [ -111.992124, 40.694807 ], [ -111.98811, 40.691747 ], [ -111.981953, 40.685868 ], [ -111.981938, 40.685854 ], [ -111.979804, 40.684387 ], [ -111.974387, 40.68032 ], [ -111.971459, 40.678064 ], [ -111.964539, 40.672616 ], [ -111.959634, 40.669392 ], [ -111.954489, 40.665773 ], [ -111.950188, 40.662442 ], [ -111.948875, 40.661482 ], [ -111.942589, 40.656759 ], [ -111.941945, 40.656333 ], [ -111.938839, 40.654507 ], [ -111.938818, 40.654507 ], [ -111.933126, 40.658136 ], [ -111.932941, 40.658285 ], [ -111.9285, 40.662349 ], [ -111.923893, 40.665416 ], [ -111.915751, 40.667726 ], [ -111.915501, 40.667754 ], [ -111.913805, 40.668964 ], [ -111.91269, 40.673054 ], [ -111.910555, 40.677716 ], [ -111.905606, 40.683409 ], [ -111.902913, 40.684922 ], [ -111.896486, 40.690876 ], [ -111.893326, 40.69284 ], [ -111.892545, 40.693339 ], [ -111.887465, 40.697411 ], [ -111.886571, 40.698109 ], [ -111.886277, 40.698921 ], [ -111.886276, 40.699008 ], [ -111.886283, 40.7002 ], [ -111.886697, 40.701707 ], [ -111.892741, 40.706472 ], [ -111.899554, 40.711663 ], [ -111.899707, 40.711663 ], [ -111.900058, 40.71145 ], [ -111.901335, 40.710432 ], [ -111.902579, 40.709054 ], [ -111.909544, 40.70833 ], [ -111.912178, 40.716719 ], [ -111.911744, 40.718444 ], [ -111.911734, 40.719332 ], [ -111.9118, 40.7198 ], [ -111.912153, 40.720319 ], [ -111.919239, 40.725546 ], [ -111.9244, 40.727732 ], [ -111.926627, 40.728707 ], [ -111.932562, 40.733226 ], [ -111.934, 40.735001 ], [ -111.936445, 40.736862 ], [ -111.937857, 40.737894 ], [ -111.939278, 40.738378 ], [ -111.939627, 40.738377 ], [ -111.946664, 40.73281 ], [ -111.949482, 40.72908 ], [ -111.956259, 40.723978 ], [ -111.959858, 40.723913 ], [ -111.959841, 40.72296 ], [ -111.96771, 40.719355 ], [ -111.968164, 40.719349 ], [ -111.9732, 40.714969 ], [ -111.975488, 40.712984 ], [ -111.977019, 40.711395 ], [ -111.98386, 40.70581 ], [ -111.983939, 40.705719 ], [ -111.986703, 40.702486 ], [ -111.99047, 40.69946 ], [ -111.992128, 40.698407 ], [ -111.993914, 40.696613 ], [ -111.993914, 40.696604 ] ] ] } },
{ "type": "Feature", "properties": { "group_index": 0, "value": 300.0, "center": [ -111.96001826380362, 40.692940501738775 ], "point_id": 0 }, "geometry": { "type": "Polygon", "coordinates": [ [ [ -111.97901, 40.693116 ], [ -111.979011, 40.693068 ], [ -111.97762, 40.691125 ], [ -111.97604, 40.689423 ], [ -111.973451, 40.68758 ], [ -111.973058, 40.687313 ], [ -111.969335, 40.684904 ], [ -111.967895, 40.683448 ], [ -111.967521, 40.683122 ], [ -111.9675, 40.683122 ], [ -111.962403, 40.682549 ], [ -111.959762, 40.680334 ], [ -111.957635, 40.679634 ], [ -111.957502, 40.679634 ], [ -111.956155, 40.680228 ], [ -111.952813, 40.682835 ], [ -111.950579, 40.684981 ], [ -111.946721, 40.687618 ], [ -111.946666, 40.688112 ], [ -111.946672, 40.690748 ], [ -111.946712, 40.691218 ], [ -111.947479, 40.694944 ], [ -111.947502, 40.698544 ], [ -111.952274, 40.701924 ], [ -111.952692, 40.702427 ], [ -111.954874, 40.704255 ], [ -111.958197, 40.706419 ], [ -111.958551, 40.706404 ], [ -111.959787, 40.704827 ], [ -111.963898, 40.703428 ], [ -111.967568, 40.70248 ], [ -111.969363, 40.700739 ], [ -111.973154, 40.698342 ], [ -111.977661, 40.694725 ], [ -111.978884, 40.693474 ], [ -111.97901, 40.693116 ] ] ] } },
{ "type": "Feature", "properties": { "group_index": 0, "value": 600.0, "center": [ -111.96001826380362, 40.692940501738775 ], "point_id": 0 }, "geometry": { "type": "Polygon", "coordinates": [ [ [ -111.992133, 40.696209 ], [ -111.990876, 40.694808 ], [ -111.987084, 40.69171 ], [ -111.986628, 40.691712 ], [ -111.980791, 40.687246 ], [ -111.982215, 40.68385 ], [ -111.983663, 40.682112 ], [ -111.983663, 40.682108 ], [ -111.982208, 40.68025 ], [ -111.978015, 40.67703 ], [ -111.975652, 40.675335 ], [ -111.970231, 40.671641 ], [ -111.967542, 40.67065 ], [ -111.967065, 40.670618 ], [ -111.959286, 40.666547 ], [ -111.958387, 40.665813 ], [ -111.95799, 40.665672 ], [ -111.957921, 40.665671 ], [ -111.957594, 40.665865 ], [ -111.956116, 40.666852 ], [ -111.954356, 40.668642 ], [ -111.947216, 40.673897 ], [ -111.944689, 40.675273 ], [ -111.937798, 40.680427 ], [ -111.932279, 40.685788 ], [ -111.931888, 40.688294 ], [ -111.929944, 40.696771 ], [ -111.929443, 40.700229 ], [ -111.929473, 40.70027 ], [ -111.931345, 40.700903 ], [ -111.938886, 40.705741 ], [ -111.943325, 40.711635 ], [ -111.943354, 40.711644 ], [ -111.94995, 40.714049 ], [ -111.956204, 40.718316 ], [ -111.957984, 40.719871 ], [ -111.958242, 40.719874 ], [ -111.959803, 40.718329 ], [ -111.967615, 40.714684 ], [ -111.968976, 40.714675 ], [ -111.969944, 40.714133 ], [ -111.971231, 40.713368 ], [ -111.977248, 40.7087 ], [ -111.981326, 40.705659 ], [ -111.987209, 40.70117 ], [ -111.990876, 40.698408 ], [ -111.992134, 40.696999 ], [ -111.992133, 40.696209 ] ] ] } },
{ "type": "Feature", "properties": { "group_index": 0, "value": 900.0, "center": [ -111.96001826380362, 40.692940501738775 ], "point_id": 0 }, "geometry": { "type": "Polygon", "coordinates": [ [ [ -112.00971, 40.696237 ], [ -112.00971, 40.696071 ], [ -112.008667, 40.694778 ], [ -112.00648, 40.693117 ], [ -112.004041, 40.691083 ], [ -112.001026, 40.683087 ], [ -112.001111, 40.682178 ], [ -112.000588, 40.680886 ], [ -111.999855, 40.679819 ], [ -111.993346, 40.674936 ], [ -111.988106, 40.670877 ], [ -111.981031, 40.665755 ], [ -111.977787, 40.663694 ], [ -111.975332, 40.662077 ], [ -111.970147, 40.658182 ], [ -111.967307, 40.656901 ], [ -111.961744, 40.654904 ], [ -111.95807, 40.652206 ], [ -111.957884, 40.652206 ], [ -111.957037, 40.652659 ], [ -111.953553, 40.655342 ], [ -111.946647, 40.660965 ], [ -111.943026, 40.663221 ], [ -111.938501, 40.666036 ], [ -111.93642, 40.667229 ], [ -111.93024, 40.670653 ], [ -111.926896, 40.672956 ], [ -111.926097, 40.673632 ], [ -111.925411, 40.674584 ], [ -111.923158, 40.678064 ], [ -111.91894, 40.684459 ], [ -111.918216, 40.685587 ], [ -111.918212, 40.685605 ], [ -111.918919, 40.687596 ], [ -111.918009, 40.694173 ], [ -111.915138, 40.696387 ], [ -111.912332, 40.697788 ], [ -111.912646, 40.701374 ], [ -111.915141, 40.70256 ], [ -111.920415, 40.706735 ], [ -111.921485, 40.70791 ], [ -111.928072, 40.713939 ], [ -111.934311, 40.71879 ], [ -111.935476, 40.719832 ], [ -111.938448, 40.721073 ], [ -111.947031, 40.72316 ], [ -111.947314, 40.723427 ], [ -111.95465, 40.726565 ], [ -111.959742, 40.727227 ], [ -111.966312, 40.728002 ], [ -111.970363, 40.727535 ], [ -111.975524, 40.724081 ], [ -111.975711, 40.723941 ], [ -111.981982, 40.718613 ], [ -111.988415, 40.714729 ], [ -111.990329, 40.713617 ], [ -111.996467, 40.708919 ], [ -111.999234, 40.705684 ], [ -112.004674, 40.701643 ], [ -112.005852, 40.700699 ], [ -112.00867, 40.698378 ], [ -112.009486, 40.697124 ], [ -112.00971, 40.696237 ] ] ] } },
{ "type": "Feature", "properties": { "group_index": 0, "value": 300.0, "center": [ -111.8976899, 40.6998826 ], "point_id": 0 }, "geometry": { "type": "Polygon", "coordinates": [ [ [ -111.915697, 40.697753 ], [ -111.915431, 40.697549 ], [ -111.914946, 40.697211 ], [ -111.911231, 40.694619 ], [ -111.907927, 40.692468 ], [ -111.905966, 40.690787 ], [ -111.90157, 40.687934 ], [ -111.899649, 40.6863 ], [ -111.899243, 40.686301 ], [ -111.897773, 40.68782 ], [ -111.893855, 40.690747 ], [ -111.889291, 40.693901 ], [ -111.889236, 40.693938 ], [ -111.885753, 40.697012 ], [ -111.884314, 40.698063 ], [ -111.882586, 40.699876 ], [ -111.882586, 40.699894 ], [ -111.884314, 40.701663 ], [ -111.885369, 40.702458 ], [ -111.886657, 40.703432 ], [ -111.890402, 40.706464 ], [ -111.89265, 40.708281 ], [ -111.892893, 40.708345 ], [ -111.893986, 40.708406 ], [ -111.897906, 40.71174 ], [ -111.8994, 40.713269 ], [ -111.899721, 40.713478 ], [ -111.899793, 40.713477 ], [ -111.901367, 40.71238 ], [ -111.904444, 40.709229 ], [ -111.904448, 40.708647 ], [ -111.902639, 40.703888 ], [ -111.905812, 40.701756 ], [ -111.906476, 40.701745 ], [ -111.908721, 40.701801 ], [ -111.909224, 40.701799 ], [ -111.909704, 40.701779 ], [ -111.910356, 40.701716 ], [ -111.910822, 40.701698 ], [ -111.911354, 40.701612 ], [ -111.912963, 40.701411 ], [ -111.913538, 40.701393 ], [ -111.91569, 40.701353 ], [ -111.915697, 40.697753 ] ] ] } },
{ "type": "Feature", "properties": { "group_index": 0, "value": 600.0, "center": [ -111.8976899, 40.6998826 ], "point_id": 0 }, "geometry": { "type": "Polygon", "coordinates": [ [ [ -111.93446, 40.698493 ], [ -111.933562, 40.696822 ], [ -111.933369, 40.69663 ], [ -111.928647, 40.69326 ], [ -111.928541, 40.693187 ], [ -111.921285, 40.688812 ], [ -111.919424, 40.686919 ], [ -111.913222, 40.682517 ], [ -111.908979, 40.679014 ], [ -111.905462, 40.67699 ], [ -111.905374, 40.676991 ], [ -111.897931, 40.677733 ], [ -111.892154, 40.678781 ], [ -111.889837, 40.679351 ], [ -111.888506, 40.680361 ], [ -111.882236, 40.685856 ], [ -111.876454, 40.690519 ], [ -111.872418, 40.693553 ], [ -111.866514, 40.698078 ], [ -111.865044, 40.699656 ], [ -111.865042, 40.69975 ], [ -111.86653, 40.701678 ], [ -111.871253, 40.705288 ], [ -111.873908, 40.707305 ], [ -111.880573, 40.71265 ], [ -111.885461, 40.716278 ], [ -111.889412, 40.719642 ], [ -111.893426, 40.722376 ], [ -111.897964, 40.72552 ], [ -111.899564, 40.726648 ], [ -111.9, 40.726722 ], [ -111.900033, 40.726722 ], [ -111.90721, 40.721321 ], [ -111.908732, 40.719997 ], [ -111.90873, 40.719517 ], [ -111.908737, 40.714383 ], [ -111.916364, 40.713044 ], [ -111.917005, 40.713395 ], [ -111.917096, 40.713387 ], [ -111.918744, 40.711683 ], [ -111.92334, 40.707778 ], [ -111.928653, 40.705065 ], [ -111.929023, 40.704918 ], [ -111.929542, 40.70464 ], [ -111.932051, 40.702914 ], [ -111.932497, 40.702564 ], [ -111.93446, 40.698548 ], [ -111.93446, 40.698493 ] ] ] } },
{ "type": "Feature", "properties": { "group_index": 0, "value": 900.0, "center": [ -111.8976899, 40.6998826 ], "point_id": 0 }, "geometry": { "type": "Polygon", "coordinates": [ [ [ -111.950464, 40.694787 ], [ -111.948806, 40.693816 ], [ -111.945453, 40.691626 ], [ -111.94075, 40.687624 ], [ -111.935177, 40.683205 ], [ -111.93325, 40.68175 ], [ -111.930357, 40.679622 ], [ -111.929833, 40.679574 ], [ -111.929387, 40.679596 ], [ -111.928222, 40.679851 ], [ -111.927732, 40.680533 ], [ -111.921357, 40.682517 ], [ -111.917972, 40.675165 ], [ -111.918215, 40.673985 ], [ -111.918197, 40.673947 ], [ -111.916862, 40.671597 ], [ -111.910499, 40.666624 ], [ -111.908644, 40.665044 ], [ -111.906089, 40.663791 ], [ -111.8991, 40.663261 ], [ -111.898244, 40.66367 ], [ -111.897173, 40.664367 ], [ -111.888697, 40.666938 ], [ -111.888495, 40.666941 ], [ -111.887831, 40.666946 ], [ -111.887681, 40.666946 ], [ -111.88348, 40.670122 ], [ -111.876999, 40.67251 ], [ -111.876518, 40.672611 ], [ -111.875082, 40.674281 ], [ -111.870312, 40.68135 ], [ -111.869311, 40.682107 ], [ -111.864748, 40.685124 ], [ -111.863583, 40.686059 ], [ -111.858116, 40.690452 ], [ -111.852246, 40.695565 ], [ -111.850165, 40.696683 ], [ -111.84874, 40.698117 ], [ -111.848156, 40.698791 ], [ -111.847332, 40.699971 ], [ -111.847328, 40.700168 ], [ -111.848759, 40.701717 ], [ -111.850018, 40.702761 ], [ -111.85573, 40.707257 ], [ -111.860102, 40.71067 ], [ -111.865216, 40.714465 ], [ -111.869713, 40.717923 ], [ -111.87642, 40.723246 ], [ -111.881997, 40.727238 ], [ -111.884, 40.72875 ], [ -111.886328, 40.730484 ], [ -111.892786, 40.735313 ], [ -111.894983, 40.736936 ], [ -111.898399, 40.739396 ], [ -111.899884, 40.740211 ], [ -111.900033, 40.74021 ], [ -111.907133, 40.735218 ], [ -111.91128, 40.73192 ], [ -111.914858, 40.729324 ], [ -111.917213, 40.727518 ], [ -111.918323, 40.726633 ], [ -111.918742, 40.726062 ], [ -111.924715, 40.719511 ], [ -111.929896, 40.717311 ], [ -111.932108, 40.71607 ], [ -111.936831, 40.713521 ], [ -111.938064, 40.712873 ], [ -111.940753, 40.710144 ], [ -111.947041, 40.705722 ], [ -111.948142, 40.704367 ], [ -111.948416, 40.703995 ], [ -111.950519, 40.698387 ], [ -111.950464, 40.694787 ] ] ] } },
{ "type": "Feature", "properties": { "group_index": 0, "value": 300.0, "center": [ -111.72686242064214, 40.28065904761377 ], "point_id": 0 }, "geometry": { "type": "Polygon", "coordinates": [ [ [ -111.741235, 40.281982 ], [ -111.741807, 40.280782 ], [ -111.741814, 40.280091 ], [ -111.741689, 40.27756 ], [ -111.740161, 40.276435 ], [ -111.734769, 40.274271 ], [ -111.73357, 40.272476 ], [ -111.732966, 40.272477 ], [ -111.731871, 40.272694 ], [ -111.729628, 40.273661 ], [ -111.725861, 40.270674 ], [ -111.72496, 40.269575 ], [ -111.723795, 40.270246 ], [ -111.722176, 40.271857 ], [ -111.717326, 40.273676 ], [ -111.717485, 40.277272 ], [ -111.717123, 40.281816 ], [ -111.717149, 40.281857 ], [ -111.717612, 40.282063 ], [ -111.719167, 40.282613 ], [ -111.722607, 40.28343 ], [ -111.723823, 40.283429 ], [ -111.726777, 40.284089 ], [ -111.730348, 40.285167 ], [ -111.732121, 40.290196 ], [ -111.732123, 40.29025 ], [ -111.732875, 40.291051 ], [ -111.733451, 40.29162 ], [ -111.734007, 40.291807 ], [ -111.734079, 40.2918 ], [ -111.734381, 40.291615 ], [ -111.738597, 40.288568 ], [ -111.740269, 40.286809 ], [ -111.741235, 40.281982 ] ] ] } },
{ "type": "Feature", "properties": { "group_index": 0, "value": 600.0, "center": [ -111.72686242064214, 40.28065904761377 ], "point_id": 0 }, "geometry": { "type": "Polygon", "coordinates": [ [ [ -111.752208, 40.284869 ], [ -111.749422, 40.281087 ], [ -111.745046, 40.278953 ], [ -111.739058, 40.274235 ], [ -111.735424, 40.271558 ], [ -111.733932, 40.271564 ], [ -111.726928, 40.267526 ], [ -111.725372, 40.26214 ], [ -111.724388, 40.261024 ], [ -111.724301, 40.260928 ], [ -111.71597, 40.257615 ], [ -111.714016, 40.258624 ], [ -111.713559, 40.258967 ], [ -111.71222, 40.260418 ], [ -111.708492, 40.264447 ], [ -111.70806, 40.264997 ], [ -111.70412, 40.269211 ], [ -111.700198, 40.271851 ], [ -111.698441, 40.27363 ], [ -111.698441, 40.273643 ], [ -111.701052, 40.277076 ], [ -111.703264, 40.282733 ], [ -111.707561, 40.2869 ], [ -111.71463, 40.291785 ], [ -111.718852, 40.294257 ], [ -111.72482, 40.299003 ], [ -111.725589, 40.299445 ], [ -111.732064, 40.303653 ], [ -111.733881, 40.305353 ], [ -111.733985, 40.305352 ], [ -111.741997, 40.301726 ], [ -111.748238, 40.295856 ], [ -111.753015, 40.28843 ], [ -111.75353, 40.28824 ], [ -111.753873, 40.288061 ], [ -111.752208, 40.284869 ] ] ] } },
{ "type": "Feature", "properties": { "group_index": 0, "value": 900.0, "center": [ -111.72686242064214, 40.28065904761377 ], "point_id": 0 }, "geometry": { "type": "Polygon", "coordinates": [ [ [ -111.763841, 40.297044 ], [ -111.763538, 40.295677 ], [ -111.761378, 40.29429 ], [ -111.758917, 40.292222 ], [ -111.754207, 40.285483 ], [ -111.754029, 40.284449 ], [ -111.749422, 40.281087 ], [ -111.745046, 40.278953 ], [ -111.739058, 40.274235 ], [ -111.735424, 40.271558 ], [ -111.733932, 40.271564 ], [ -111.726928, 40.267526 ], [ -111.725372, 40.26214 ], [ -111.724388, 40.261024 ], [ -111.724301, 40.260928 ], [ -111.722155, 40.254542 ], [ -111.723448, 40.251709 ], [ -111.72205, 40.249723 ], [ -111.72204, 40.249713 ], [ -111.715257, 40.245649 ], [ -111.714994, 40.245651 ], [ -111.711566, 40.24597 ], [ -111.703385, 40.248049 ], [ -111.702284, 40.248418 ], [ -111.701739, 40.248712 ], [ -111.700638, 40.250791 ], [ -111.695327, 40.257856 ], [ -111.692611, 40.262274 ], [ -111.687524, 40.267865 ], [ -111.683254, 40.270678 ], [ -111.682456, 40.271757 ], [ -111.682075, 40.273082 ], [ -111.682115, 40.275115 ], [ -111.685536, 40.282446 ], [ -111.686586, 40.283588 ], [ -111.687282, 40.284232 ], [ -111.691192, 40.287423 ], [ -111.696469, 40.291626 ], [ -111.699939, 40.294318 ], [ -111.702623, 40.296314 ], [ -111.703708, 40.297127 ], [ -111.709099, 40.301107 ], [ -111.710027, 40.301792 ], [ -111.713097, 40.303646 ], [ -111.714239, 40.304385 ], [ -111.717046, 40.306259 ], [ -111.723067, 40.311157 ], [ -111.727176, 40.313842 ], [ -111.734246, 40.318103 ], [ -111.734426, 40.318189 ], [ -111.735269, 40.318372 ], [ -111.735822, 40.318328 ], [ -111.737367, 40.316565 ], [ -111.743774, 40.313458 ], [ -111.75053, 40.313601 ], [ -111.750564, 40.313586 ], [ -111.751099, 40.312994 ], [ -111.752414, 40.311522 ], [ -111.75642, 40.30553 ], [ -111.761539, 40.299384 ], [ -111.762864, 40.298273 ], [ -111.763694, 40.297581 ], [ -111.763844, 40.29729 ], [ -111.763841, 40.297044 ] ] ] } },
{ "type": "Feature", "properties": { "group_index": 0, "value": 300.0, "center": [ -111.9257730506777, 40.69941923569567 ], "point_id": 0 }, "geometry": { "type": "Polygon", "coordinates": [ [ [ -111.944316, 40.696566 ], [ -111.942604, 40.694816 ], [ -111.939717, 40.692569 ], [ -111.938961, 40.692009 ], [ -111.935484, 40.690258 ], [ -111.933747, 40.688596 ], [ -111.930377, 40.685757 ], [ -111.929024, 40.68528 ], [ -111.928596, 40.685356 ], [ -111.92841, 40.68541 ], [ -111.925503, 40.688137 ], [ -111.922837, 40.690712 ], [ -111.919561, 40.689822 ], [ -111.915101, 40.692678 ], [ -111.911107, 40.695606 ], [ -111.907233, 40.698163 ], [ -111.907143, 40.701762 ], [ -111.908671, 40.701801 ], [ -111.913531, 40.704628 ], [ -111.915135, 40.706268 ], [ -111.91606, 40.7072 ], [ -111.916863, 40.70719 ], [ -111.921517, 40.70888 ], [ -111.92299, 40.710665 ], [ -111.923793, 40.710491 ], [ -111.924318, 40.710206 ], [ -111.925906, 40.70907 ], [ -111.926012, 40.708536 ], [ -111.92601, 40.708382 ], [ -111.925784, 40.70745 ], [ -111.929774, 40.703709 ], [ -111.932571, 40.705494 ], [ -111.934451, 40.706502 ], [ -111.936198, 40.708293 ], [ -111.936212, 40.708293 ], [ -111.939001, 40.706179 ], [ -111.939585, 40.705743 ], [ -111.941321, 40.703939 ], [ -111.94267, 40.701176 ], [ -111.944315, 40.696636 ], [ -111.944316, 40.696566 ] ] ] } },
{ "type": "Feature", "properties": { "group_index": 0, "value": 600.0, "center": [ -111.9257730506777, 40.69941923569567 ], "point_id": 0 }, "geometry": { "type": "Polygon", "coordinates": [ [ [ -111.96216, 40.696554 ], [ -111.96216, 40.696536 ], [ -111.96216, 40.696532 ], [ -111.960372, 40.694764 ], [ -111.957879, 40.692685 ], [ -111.951126, 40.68762 ], [ -111.944598, 40.681642 ], [ -111.943467, 40.680372 ], [ -111.938901, 40.676855 ], [ -111.933065, 40.673224 ], [ -111.931078, 40.672982 ], [ -111.928187, 40.672892 ], [ -111.927518, 40.672891 ], [ -111.926544, 40.673632 ], [ -111.922855, 40.677191 ], [ -111.917449, 40.681575 ], [ -111.914308, 40.681026 ], [ -111.913818, 40.681118 ], [ -111.913339, 40.681265 ], [ -111.909687, 40.682566 ], [ -111.906455, 40.685208 ], [ -111.904672, 40.68693 ], [ -111.901978, 40.68958 ], [ -111.897961, 40.692828 ], [ -111.893884, 40.695286 ], [ -111.892799, 40.696078 ], [ -111.891794, 40.696861 ], [ -111.890405, 40.697939 ], [ -111.890279, 40.698048 ], [ -111.889337, 40.699141 ], [ -111.888685, 40.699993 ], [ -111.888686, 40.700021 ], [ -111.890317, 40.701648 ], [ -111.895349, 40.705675 ], [ -111.898432, 40.707754 ], [ -111.899014, 40.707763 ], [ -111.901338, 40.707607 ], [ -111.909544, 40.70833 ], [ -111.913237, 40.715009 ], [ -111.915643, 40.719755 ], [ -111.915846, 40.720312 ], [ -111.91834, 40.721976 ], [ -111.920126, 40.721881 ], [ -111.923733, 40.721516 ], [ -111.92495, 40.721212 ], [ -111.925322, 40.720939 ], [ -111.927725, 40.719066 ], [ -111.93583, 40.718102 ], [ -111.93896, 40.719734 ], [ -111.938985, 40.719734 ], [ -111.940325, 40.71881 ], [ -111.947456, 40.714626 ], [ -111.948004, 40.714313 ], [ -111.948306, 40.713605 ], [ -111.951332, 40.709402 ], [ -111.955874, 40.706806 ], [ -111.957375, 40.70573 ], [ -111.958706, 40.704369 ], [ -111.96216, 40.696558 ], [ -111.96216, 40.696554 ] ] ] } },
{ "type": "Feature", "properties": { "group_index": 0, "value": 900.0, "center": [ -111.9257730506777, 40.69941923569567 ], "point_id": 0 }, "geometry": { "type": "Polygon", "coordinates": [ [ [ -111.979013, 40.697357 ], [ -111.979026, 40.697205 ], [ -111.979049, 40.695001 ], [ -111.973724, 40.691125 ], [ -111.969378, 40.687589 ], [ -111.962672, 40.682249 ], [ -111.962408, 40.681643 ], [ -111.961627, 40.680471 ], [ -111.957716, 40.67846 ], [ -111.95325, 40.674108 ], [ -111.951467, 40.672328 ], [ -111.950459, 40.6715 ], [ -111.94874, 40.670196 ], [ -111.943843, 40.666977 ], [ -111.939865, 40.663782 ], [ -111.938863, 40.663219 ], [ -111.938861, 40.663219 ], [ -111.932215, 40.666558 ], [ -111.927157, 40.66515 ], [ -111.924366, 40.664498 ], [ -111.923497, 40.664534 ], [ -111.923397, 40.664552 ], [ -111.922523, 40.665419 ], [ -111.914583, 40.667485 ], [ -111.913821, 40.667337 ], [ -111.912822, 40.668365 ], [ -111.905642, 40.67256 ], [ -111.904981, 40.672766 ], [ -111.897932, 40.678094 ], [ -111.894246, 40.680422 ], [ -111.888662, 40.68527 ], [ -111.88278, 40.690188 ], [ -111.881522, 40.691135 ], [ -111.875013, 40.695973 ], [ -111.87252, 40.698077 ], [ -111.871217, 40.699368 ], [ -111.870816, 40.700421 ], [ -111.870817, 40.700424 ], [ -111.87252, 40.701677 ], [ -111.876794, 40.70493 ], [ -111.881757, 40.709174 ], [ -111.886924, 40.712746 ], [ -111.889131, 40.714467 ], [ -111.890176, 40.715285 ], [ -111.892297, 40.716886 ], [ -111.893334, 40.717674 ], [ -111.899704, 40.722415 ], [ -111.907104, 40.727354 ], [ -111.909373, 40.72874 ], [ -111.91399, 40.733187 ], [ -111.914059, 40.733246 ], [ -111.915498, 40.734083 ], [ -111.916862, 40.734876 ], [ -111.916913, 40.734874 ], [ -111.918014, 40.734037 ], [ -111.919988, 40.732551 ], [ -111.926673, 40.730304 ], [ -111.929589, 40.731743 ], [ -111.929782, 40.731907 ], [ -111.938117, 40.732476 ], [ -111.938158, 40.732475 ], [ -111.941852, 40.731195 ], [ -111.946086, 40.727993 ], [ -111.950662, 40.724409 ], [ -111.957286, 40.718415 ], [ -111.95767, 40.718415 ], [ -111.958088, 40.718368 ], [ -111.95926, 40.717861 ], [ -111.964684, 40.714005 ], [ -111.967422, 40.712603 ], [ -111.969399, 40.711348 ], [ -111.975445, 40.705609 ], [ -111.975765, 40.705248 ], [ -111.976899, 40.703881 ], [ -111.979013, 40.697357 ] ] ] } },
{ "type": "Feature", "properties": { "group_index": 0, "value": 300.0, "center": [ -111.81458925233858, 40.376851120052144 ], "point_id": 2 }, "geometry": { "type": "Polygon", "coordinates": [ [ [ -111.831325, 40.375721 ], [ -111.828116, 40.375142 ], [ -111.827554, 40.375077 ], [ -111.826939, 40.375029 ], [ -111.824923, 40.375003 ], [ -111.823632, 40.374955 ], [ -111.82157, 40.374775 ], [ -111.821084, 40.374778 ], [ -111.820094, 40.374753 ], [ -111.819639, 40.374739 ], [ -111.819157, 40.37481 ], [ -111.814497, 40.375715 ], [ -111.810764, 40.372699 ], [ -111.81083, 40.3709 ], [ -111.805227, 40.370061 ], [ -111.802249, 40.370851 ], [ -111.799915, 40.372934 ], [ -111.797191, 40.374996 ], [ -111.795472, 40.376711 ], [ -111.795472, 40.376779 ], [ -111.797174, 40.378596 ], [ -111.800054, 40.380906 ], [ -111.802736, 40.382909 ], [ -111.805365, 40.384912 ], [ -111.808592, 40.386926 ], [ -111.808868, 40.387024 ], [ -111.808952, 40.387026 ], [ -111.809352, 40.386934 ], [ -111.810932, 40.385652 ], [ -111.816859, 40.3858 ], [ -111.8177, 40.386486 ], [ -111.8183, 40.387079 ], [ -111.820427, 40.388241 ], [ -111.820595, 40.388307 ], [ -111.822222, 40.386441 ], [ -111.823139, 40.385086 ], [ -111.825401, 40.38189 ], [ -111.830474, 40.379374 ], [ -111.831026, 40.379369 ], [ -111.831683, 40.379303 ], [ -111.831325, 40.375721 ] ] ] } },
{ "type": "Feature", "properties": { "group_index": 0, "value": 600.0, "center": [ -111.81458925233858, 40.376851120052144 ], "point_id": 2 }, "geometry": { "type": "Polygon", "coordinates": [ [ [ -111.847979, 40.374238 ], [ -111.847932, 40.372167 ], [ -111.847614, 40.371617 ], [ -111.84469, 40.369403 ], [ -111.838923, 40.365706 ], [ -111.83577, 40.364162 ], [ -111.835713, 40.364161 ], [ -111.832617, 40.36623 ], [ -111.824256, 40.367696 ], [ -111.823206, 40.366872 ], [ -111.818914, 40.363654 ], [ -111.817371, 40.362385 ], [ -111.815496, 40.361365 ], [ -111.807638, 40.358941 ], [ -111.806895, 40.358482 ], [ -111.806173, 40.358422 ], [ -111.802573, 40.358359 ], [ -111.799752, 40.35994 ], [ -111.793428, 40.362072 ], [ -111.791348, 40.363519 ], [ -111.78532, 40.368438 ], [ -111.779152, 40.371976 ], [ -111.779134, 40.37201 ], [ -111.779133, 40.372013 ], [ -111.779111, 40.372057 ], [ -111.778821, 40.375347 ], [ -111.778816, 40.375619 ], [ -111.780752, 40.379228 ], [ -111.781882, 40.380647 ], [ -111.787598, 40.384927 ], [ -111.792522, 40.388801 ], [ -111.797985, 40.393482 ], [ -111.805036, 40.398046 ], [ -111.808988, 40.399253 ], [ -111.809059, 40.399253 ], [ -111.812332, 40.398137 ], [ -111.818843, 40.400025 ], [ -111.819969, 40.400795 ], [ -111.820747, 40.400793 ], [ -111.820756, 40.400793 ], [ -111.821534, 40.400788 ], [ -111.822228, 40.400296 ], [ -111.825033, 40.39772 ], [ -111.831971, 40.396128 ], [ -111.832722, 40.39597 ], [ -111.834849, 40.395427 ], [ -111.836132, 40.394336 ], [ -111.838022, 40.391272 ], [ -111.840238, 40.386945 ], [ -111.840359, 40.385571 ], [ -111.840358, 40.38492 ], [ -111.839482, 40.383991 ], [ -111.842605, 40.375885 ], [ -111.846205, 40.375895 ], [ -111.847626, 40.375217 ], [ -111.847979, 40.374238 ] ] ] } },
{ "type": "Feature", "properties": { "group_index": 0, "value": 900.0, "center": [ -111.81458925233858, 40.376851120052144 ], "point_id": 2 }, "geometry": { "type": "Polygon", "coordinates": [ [ [ -111.865463, 40.37335 ], [ -111.863409, 40.370993 ], [ -111.859297, 40.367392 ], [ -111.85431, 40.363152 ], [ -111.853876, 40.363152 ], [ -111.852563, 40.363478 ], [ -111.849187, 40.364959 ], [ -111.849098, 40.365027 ], [ -111.840402, 40.365145 ], [ -111.838391, 40.362764 ], [ -111.83794, 40.36276 ], [ -111.837807, 40.362759 ], [ -111.837729, 40.362758 ], [ -111.835763, 40.362952 ], [ -111.835122, 40.362967 ], [ -111.828343, 40.357196 ], [ -111.828243, 40.356882 ], [ -111.824851, 40.353252 ], [ -111.824712, 40.353193 ], [ -111.823058, 40.35338 ], [ -111.818854, 40.355497 ], [ -111.817679, 40.356305 ], [ -111.809044, 40.357606 ], [ -111.808323, 40.35668 ], [ -111.803523, 40.350349 ], [ -111.803983, 40.347965 ], [ -111.804041, 40.347764 ], [ -111.803778, 40.346218 ], [ -111.802728, 40.34546 ], [ -111.801918, 40.345334 ], [ -111.794848, 40.347064 ], [ -111.793469, 40.348585 ], [ -111.793216, 40.348845 ], [ -111.79006, 40.351507 ], [ -111.784631, 40.352926 ], [ -111.782778, 40.353328 ], [ -111.781067, 40.35363 ], [ -111.779565, 40.355316 ], [ -111.774307, 40.361224 ], [ -111.767246, 40.365869 ], [ -111.764125, 40.367161 ], [ -111.762488, 40.368094 ], [ -111.762376, 40.368441 ], [ -111.760663, 40.375616 ], [ -111.760662, 40.375782 ], [ -111.761944, 40.377186 ], [ -111.762238, 40.377431 ], [ -111.764249, 40.378986 ], [ -111.769888, 40.38492 ], [ -111.775255, 40.389063 ], [ -111.77982, 40.393636 ], [ -111.781212, 40.394531 ], [ -111.787001, 40.39867 ], [ -111.789722, 40.401592 ], [ -111.79208, 40.404527 ], [ -111.792204, 40.404596 ], [ -111.796974, 40.40687 ], [ -111.801614, 40.409962 ], [ -111.801726, 40.409962 ], [ -111.806524, 40.409496 ], [ -111.807022, 40.409497 ], [ -111.807022, 40.409497 ], [ -111.80752, 40.409498 ], [ -111.814907, 40.40988 ], [ -111.817923, 40.412619 ], [ -111.819153, 40.413677 ], [ -111.82091, 40.414839 ], [ -111.820956, 40.414839 ], [ -111.822571, 40.413613 ], [ -111.830514, 40.411243 ], [ -111.832229, 40.410299 ], [ -111.837414, 40.406436 ], [ -111.841708, 40.404045 ], [ -111.847015, 40.402089 ], [ -111.850845, 40.401315 ], [ -111.852845, 40.400631 ], [ -111.853243, 40.400097 ], [ -111.855173, 40.394796 ], [ -111.85517, 40.394688 ], [ -111.857341, 40.387174 ], [ -111.858791, 40.385511 ], [ -111.858792, 40.38538 ], [ -111.860662, 40.379991 ], [ -111.86496, 40.376915 ], [ -111.865463, 40.37335 ] ] ] } },
{ "type": "Feature", "properties": { "group_index": 0, "value": 300.0, "center": [ -111.83379966874895, 40.37288033555353 ], "point_id": 2 }, "geometry": { "type": "Polygon", "coordinates": [ [ [ -111.847668, 40.367626 ], [ -111.846613, 40.366627 ], [ -111.845645, 40.366575 ], [ -111.845169, 40.366583 ], [ -111.840195, 40.364058 ], [ -111.838101, 40.360962 ], [ -111.837961, 40.36096 ], [ -111.836792, 40.361179 ], [ -111.836077, 40.361346 ], [ -111.833315, 40.362701 ], [ -111.829491, 40.365134 ], [ -111.826115, 40.363808 ], [ -111.825499, 40.363803 ], [ -111.823175, 40.365136 ], [ -111.822784, 40.36542 ], [ -111.819948, 40.36783 ], [ -111.816128, 40.37094 ], [ -111.815486, 40.37204 ], [ -111.816068, 40.374539 ], [ -111.820295, 40.377485 ], [ -111.820826, 40.378384 ], [ -111.823951, 40.380579 ], [ -111.824714, 40.38061 ], [ -111.826331, 40.379856 ], [ -111.829282, 40.379343 ], [ -111.83062, 40.384169 ], [ -111.830671, 40.384322 ], [ -111.832274, 40.385405 ], [ -111.834387, 40.386736 ], [ -111.834946, 40.386732 ], [ -111.83614, 40.386534 ], [ -111.837058, 40.385259 ], [ -111.839047, 40.38164 ], [ -111.839044, 40.38131 ], [ -111.840143, 40.375599 ], [ -111.841077, 40.375353 ], [ -111.841616, 40.375278 ], [ -111.84248, 40.375207 ], [ -111.845622, 40.371527 ], [ -111.846968, 40.370725 ], [ -111.847668, 40.367626 ] ] ] } },
{ "type": "Feature", "properties": { "group_index": 0, "value": 600.0, "center": [ -111.83379966874895, 40.37288033555353 ], "point_id": 2 }, "geometry": { "type": "Polygon", "coordinates": [ [ [ -111.860706, 40.369186 ], [ -111.85998, 40.367389 ], [ -111.858173, 40.363908 ], [ -111.85642, 40.362107 ], [ -111.856373, 40.362107 ], [ -111.849187, 40.364959 ], [ -111.845169, 40.366583 ], [ -111.840195, 40.364058 ], [ -111.838101, 40.360962 ], [ -111.837961, 40.36096 ], [ -111.836792, 40.361179 ], [ -111.836077, 40.361346 ], [ -111.828573, 40.357433 ], [ -111.828243, 40.356882 ], [ -111.821745, 40.352985 ], [ -111.82169, 40.352986 ], [ -111.819233, 40.354322 ], [ -111.817687, 40.356051 ], [ -111.811917, 40.360385 ], [ -111.805519, 40.365241 ], [ -111.800812, 40.367754 ], [ -111.799578, 40.368783 ], [ -111.797012, 40.372446 ], [ -111.797011, 40.372458 ], [ -111.797011, 40.372458 ], [ -111.79701, 40.37247 ], [ -111.800423, 40.376536 ], [ -111.803118, 40.378627 ], [ -111.808007, 40.381729 ], [ -111.812382, 40.385049 ], [ -111.814236, 40.385581 ], [ -111.814469, 40.385584 ], [ -111.816183, 40.385547 ], [ -111.822929, 40.391075 ], [ -111.826689, 40.393827 ], [ -111.832547, 40.395968 ], [ -111.832914, 40.395973 ], [ -111.834563, 40.395968 ], [ -111.843231, 40.397227 ], [ -111.845056, 40.396272 ], [ -111.849629, 40.389674 ], [ -111.851983, 40.387256 ], [ -111.852475, 40.386413 ], [ -111.852549, 40.385329 ], [ -111.852539, 40.38511 ], [ -111.854032, 40.379244 ], [ -111.858621, 40.376603 ], [ -111.859835, 40.375763 ], [ -111.860041, 40.375595 ], [ -111.861154, 40.373775 ], [ -111.861242, 40.37359 ], [ -111.860706, 40.369186 ] ] ] } },
{ "type": "Feature", "properties": { "group_index": 0, "value": 900.0, "center": [ -111.83379966874895, 40.37288033555353 ], "point_id": 2 }, "geometry": { "type": "Polygon", "coordinates": [ [ [ -111.878744, 40.376083 ], [ -111.878589, 40.375664 ], [ -111.877231, 40.374217 ], [ -111.874808, 40.366828 ], [ -111.874799, 40.363228 ], [ -111.871144, 40.359526 ], [ -111.869753, 40.359675 ], [ -111.869455, 40.359712 ], [ -111.862271, 40.359797 ], [ -111.858162, 40.358942 ], [ -111.852966, 40.359669 ], [ -111.852152, 40.359839 ], [ -111.851622, 40.360173 ], [ -111.851261, 40.360515 ], [ -111.85079, 40.361144 ], [ -111.850533, 40.362211 ], [ -111.845169, 40.366583 ], [ -111.840195, 40.364058 ], [ -111.838101, 40.360962 ], [ -111.837961, 40.36096 ], [ -111.836792, 40.361179 ], [ -111.836077, 40.361346 ], [ -111.828573, 40.357433 ], [ -111.828243, 40.356882 ], [ -111.821745, 40.352985 ], [ -111.82169, 40.352986 ], [ -111.819233, 40.354322 ], [ -111.817687, 40.356051 ], [ -111.809044, 40.357606 ], [ -111.807195, 40.356385 ], [ -111.806489, 40.356235 ], [ -111.80344, 40.355347 ], [ -111.799841, 40.355276 ], [ -111.793461, 40.357388 ], [ -111.789394, 40.358624 ], [ -111.789044, 40.358829 ], [ -111.788338, 40.361299 ], [ -111.786377, 40.366311 ], [ -111.781357, 40.372677 ], [ -111.781336, 40.372728 ], [ -111.782399, 40.375081 ], [ -111.785477, 40.378527 ], [ -111.788305, 40.380773 ], [ -111.790904, 40.382817 ], [ -111.793509, 40.384832 ], [ -111.796124, 40.386851 ], [ -111.798701, 40.388855 ], [ -111.804371, 40.392898 ], [ -111.805729, 40.393299 ], [ -111.813203, 40.396604 ], [ -111.814963, 40.397899 ], [ -111.81802, 40.400799 ], [ -111.820889, 40.402562 ], [ -111.823825, 40.403501 ], [ -111.829721, 40.407226 ], [ -111.829811, 40.407244 ], [ -111.830818, 40.407294 ], [ -111.831073, 40.407297 ], [ -111.839048, 40.409091 ], [ -111.840134, 40.409734 ], [ -111.840499, 40.409602 ], [ -111.84263, 40.408481 ], [ -111.845257, 40.406989 ], [ -111.851715, 40.406218 ], [ -111.853481, 40.406434 ], [ -111.855679, 40.405728 ], [ -111.856401, 40.405442 ], [ -111.857283, 40.405007 ], [ -111.858286, 40.404305 ], [ -111.858855, 40.403488 ], [ -111.858855, 40.403466 ], [ -111.858727, 40.402964 ], [ -111.85865, 40.398542 ], [ -111.862314, 40.392825 ], [ -111.867086, 40.389004 ], [ -111.868818, 40.38725 ], [ -111.87129, 40.381586 ], [ -111.876797, 40.37802 ], [ -111.877206, 40.377817 ], [ -111.877514, 40.377488 ], [ -111.878741, 40.376152 ], [ -111.878744, 40.376083 ] ] ] } },
{ "type": "Feature", "properties": { "group_index": 0, "value": 300.0, "center": [ -111.81971127040427, 40.37278890677239 ], "point_id": 2 }, "geometry": { "type": "Polygon", "coordinates": [ [ [ -111.838688, 40.372257 ], [ -111.838681, 40.372221 ], [ -111.837522, 40.370819 ], [ -111.834083, 40.369753 ], [ -111.832999, 40.369706 ], [ -111.82817, 40.368172 ], [ -111.827755, 40.364181 ], [ -111.827752, 40.364118 ], [ -111.827752, 40.364117 ], [ -111.827748, 40.364054 ], [ -111.824274, 40.360629 ], [ -111.824044, 40.360543 ], [ -111.822548, 40.360121 ], [ -111.821846, 40.360585 ], [ -111.819727, 40.362288 ], [ -111.818526, 40.363159 ], [ -111.813643, 40.362886 ], [ -111.812551, 40.362875 ], [ -111.81184, 40.363897 ], [ -111.808061, 40.368124 ], [ -111.80504, 40.368843 ], [ -111.803454, 40.36934 ], [ -111.802374, 40.370852 ], [ -111.801045, 40.372707 ], [ -111.801041, 40.372898 ], [ -111.804033, 40.376558 ], [ -111.806431, 40.378375 ], [ -111.806505, 40.378378 ], [ -111.808132, 40.377216 ], [ -111.808288, 40.376733 ], [ -111.808754, 40.374989 ], [ -111.811621, 40.372713 ], [ -111.815935, 40.374537 ], [ -111.820008, 40.37456 ], [ -111.821933, 40.374996 ], [ -111.826307, 40.374606 ], [ -111.831669, 40.375318 ], [ -111.833445, 40.376857 ], [ -111.834352, 40.376411 ], [ -111.837604, 40.37431 ], [ -111.838617, 40.372474 ], [ -111.838688, 40.372257 ] ] ] } },
{ "type": "Feature", "properties": { "group_index": 0, "value": 600.0, "center": [ -111.81971127040427, 40.37278890677239 ], "point_id": 2 }, "geometry": { "type": "Polygon", "coordinates": [ [ [ -111.850893, 40.370097 ], [ -111.850933, 40.369687 ], [ -111.850932, 40.369607 ], [ -111.849083, 40.367915 ], [ -111.848977, 40.367924 ], [ -111.846375, 40.367856 ], [ -111.840402, 40.365145 ], [ -111.838391, 40.362764 ], [ -111.83794, 40.36276 ], [ -111.837807, 40.362759 ], [ -111.837729, 40.362758 ], [ -111.835763, 40.362952 ], [ -111.828677, 40.357498 ], [ -111.828243, 40.356882 ], [ -111.824137, 40.354905 ], [ -111.82175, 40.354698 ], [ -111.819482, 40.354778 ], [ -111.817722, 40.356226 ], [ -111.809968, 40.358819 ], [ -111.808866, 40.358088 ], [ -111.807389, 40.356938 ], [ -111.805604, 40.355592 ], [ -111.80548, 40.355601 ], [ -111.802933, 40.35614 ], [ -111.799788, 40.358031 ], [ -111.79344, 40.360142 ], [ -111.791329, 40.361496 ], [ -111.791018, 40.36176 ], [ -111.787321, 40.368853 ], [ -111.784767, 40.371183 ], [ -111.78372, 40.372428 ], [ -111.783641, 40.373172 ], [ -111.783645, 40.373307 ], [ -111.785846, 40.375602 ], [ -111.789079, 40.378555 ], [ -111.791913, 40.380826 ], [ -111.797154, 40.384859 ], [ -111.800847, 40.387854 ], [ -111.802334, 40.388885 ], [ -111.804934, 40.390536 ], [ -111.805023, 40.390536 ], [ -111.809146, 40.38983 ], [ -111.811222, 40.388979 ], [ -111.813663, 40.387693 ], [ -111.8176, 40.386333 ], [ -111.817675, 40.386299 ], [ -111.820527, 40.382204 ], [ -111.826158, 40.380245 ], [ -111.832636, 40.384418 ], [ -111.833979, 40.388675 ], [ -111.83398, 40.388677 ], [ -111.835632, 40.389876 ], [ -111.835633, 40.389876 ], [ -111.836762, 40.389266 ], [ -111.836807, 40.38924 ], [ -111.839525, 40.385829 ], [ -111.839521, 40.385755 ], [ -111.837244, 40.381324 ], [ -111.844432, 40.375993 ], [ -111.845157, 40.375967 ], [ -111.84551, 40.375915 ], [ -111.850876, 40.370177 ], [ -111.850893, 40.370097 ] ] ] } },
{ "type": "Feature", "properties": { "group_index": 0, "value": 900.0, "center": [ -111.81971127040427, 40.37278890677239 ], "point_id": 2 }, "geometry": { "type": "Polygon", "coordinates": [ [ [ -111.864561, 40.373469 ], [ -111.864558, 40.373131 ], [ -111.863491, 40.369184 ], [ -111.860721, 40.363219 ], [ -111.859758, 40.361507 ], [ -111.85805, 40.360854 ], [ -111.857603, 40.360805 ], [ -111.85532, 40.361519 ], [ -111.849187, 40.364959 ], [ -111.840402, 40.365145 ], [ -111.838391, 40.362764 ], [ -111.83794, 40.36276 ], [ -111.837807, 40.362759 ], [ -111.837729, 40.362758 ], [ -111.835763, 40.362952 ], [ -111.828677, 40.357498 ], [ -111.828243, 40.356882 ], [ -111.824137, 40.354905 ], [ -111.82175, 40.354698 ], [ -111.819482, 40.354778 ], [ -111.817722, 40.356226 ], [ -111.809044, 40.357606 ], [ -111.808323, 40.35668 ], [ -111.803969, 40.349446 ], [ -111.804041, 40.347764 ], [ -111.804047, 40.347571 ], [ -111.803778, 40.346218 ], [ -111.803543, 40.344354 ], [ -111.799944, 40.344397 ], [ -111.793862, 40.345934 ], [ -111.79012, 40.349936 ], [ -111.785411, 40.351207 ], [ -111.785282, 40.351231 ], [ -111.780805, 40.35184 ], [ -111.778363, 40.353533 ], [ -111.778442, 40.357132 ], [ -111.775947, 40.363823 ], [ -111.770213, 40.368031 ], [ -111.76976, 40.368458 ], [ -111.767651, 40.370668 ], [ -111.767655, 40.370684 ], [ -111.76766, 40.370701 ], [ -111.767664, 40.370717 ], [ -111.771377, 40.37688 ], [ -111.771761, 40.377497 ], [ -111.77503, 40.38103 ], [ -111.77504, 40.381041 ], [ -111.779497, 40.385027 ], [ -111.784364, 40.389226 ], [ -111.789594, 40.392781 ], [ -111.794085, 40.39638 ], [ -111.796532, 40.398739 ], [ -111.802258, 40.402452 ], [ -111.806439, 40.403016 ], [ -111.807129, 40.403017 ], [ -111.809164, 40.402698 ], [ -111.812465, 40.401266 ], [ -111.817242, 40.398065 ], [ -111.821376, 40.397172 ], [ -111.82679, 40.396026 ], [ -111.833116, 40.398705 ], [ -111.833666, 40.398711 ], [ -111.838052, 40.397416 ], [ -111.845225, 40.398949 ], [ -111.84754, 40.398212 ], [ -111.84857, 40.397818 ], [ -111.848581, 40.397801 ], [ -111.851851, 40.390788 ], [ -111.853264, 40.389587 ], [ -111.855617, 40.387149 ], [ -111.855676, 40.386577 ], [ -111.85846, 40.380087 ], [ -111.863364, 40.376528 ], [ -111.864559, 40.373736 ], [ -111.864561, 40.373469 ] ] ] } },
{ "type": "Feature", "properties": { "group_index": 0, "value": 300.0, "center": [ -111.90826054210758, 40.76281742692352 ], "point_id": 22 }, "geometry": { "type": "Polygon", "coordinates": [ [ [ -111.924715, 40.765191 ], [ -111.923239, 40.763177 ], [ -111.921832, 40.762101 ], [ -111.920363, 40.760999 ], [ -111.917518, 40.758865 ], [ -111.916874, 40.758379 ], [ -111.91684, 40.758378 ], [ -111.913448, 40.757773 ], [ -111.913025, 40.751939 ], [ -111.913026, 40.751802 ], [ -111.911404, 40.750132 ], [ -111.90877, 40.747933 ], [ -111.908079, 40.747944 ], [ -111.907941, 40.747946 ], [ -111.907376, 40.74796 ], [ -111.904831, 40.750139 ], [ -111.901774, 40.752324 ], [ -111.89942, 40.754341 ], [ -111.89652, 40.756352 ], [ -111.896062, 40.75668 ], [ -111.893249, 40.758914 ], [ -111.892927, 40.759219 ], [ -111.892145, 40.760191 ], [ -111.891966, 40.760533 ], [ -111.891963, 40.760663 ], [ -111.891965, 40.764988 ], [ -111.893713, 40.7668 ], [ -111.896984, 40.769128 ], [ -111.899183, 40.771223 ], [ -111.901877, 40.773268 ], [ -111.906461, 40.776149 ], [ -111.90779, 40.777605 ], [ -111.90789, 40.777681 ], [ -111.908186, 40.777819 ], [ -111.908249, 40.777819 ], [ -111.908249, 40.777819 ], [ -111.908312, 40.77782 ], [ -111.908635, 40.777676 ], [ -111.908736, 40.777603 ], [ -111.912498, 40.774402 ], [ -111.914787, 40.773217 ], [ -111.91915, 40.770181 ], [ -111.923242, 40.766777 ], [ -111.924714, 40.765216 ], [ -111.924715, 40.765191 ] ] ] } },
{ "type": "Feature", "properties": { "group_index": 0, "value": 600.0, "center": [ -111.90826054210758, 40.76281742692352 ], "point_id": 22 }, "geometry": { "type": "Polygon", "coordinates": [ [ [ -111.941129, 40.763147 ], [ -111.938387, 40.761012 ], [ -111.935389, 40.758843 ], [ -111.934006, 40.757755 ], [ -111.929338, 40.750256 ], [ -111.929043, 40.749467 ], [ -111.92776, 40.748489 ], [ -111.926663, 40.747656 ], [ -111.924885, 40.746344 ], [ -111.921415, 40.74385 ], [ -111.915678, 40.739847 ], [ -111.912928, 40.738315 ], [ -111.909328, 40.738299 ], [ -111.905921, 40.738823 ], [ -111.899279, 40.740728 ], [ -111.894711, 40.744059 ], [ -111.890641, 40.747131 ], [ -111.886678, 40.750156 ], [ -111.88381, 40.75232 ], [ -111.877985, 40.756688 ], [ -111.875449, 40.758959 ], [ -111.874588, 40.760257 ], [ -111.874117, 40.761092 ], [ -111.874116, 40.76132 ], [ -111.874983, 40.765536 ], [ -111.876099, 40.766806 ], [ -111.878848, 40.768967 ], [ -111.880938, 40.770478 ], [ -111.885992, 40.775752 ], [ -111.890649, 40.778669 ], [ -111.895242, 40.781911 ], [ -111.896822, 40.783083 ], [ -111.898314, 40.78419 ], [ -111.899994, 40.785414 ], [ -111.9011, 40.7862 ], [ -111.901151, 40.7862 ], [ -111.909451, 40.785836 ], [ -111.91308, 40.786529 ], [ -111.913611, 40.786578 ], [ -111.913817, 40.786577 ], [ -111.915106, 40.78636 ], [ -111.918039, 40.784182 ], [ -111.920943, 40.782005 ], [ -111.925234, 40.778742 ], [ -111.926602, 40.777672 ], [ -111.93279, 40.773214 ], [ -111.937096, 40.766782 ], [ -111.939129, 40.766765 ], [ -111.941161, 40.766747 ], [ -111.941129, 40.763147 ] ] ] } },
{ "type": "Feature", "properties": { "group_index": 0, "value": 900.0, "center": [ -111.90826054210758, 40.76281742692352 ], "point_id": 22 }, "geometry": { "type": "Polygon", "coordinates": [ [ [ -111.950769, 40.770068 ], [ -111.950249, 40.769263 ], [ -111.947852, 40.767721 ], [ -111.952292, 40.760238 ], [ -111.952473, 40.760238 ], [ -111.954092, 40.758421 ], [ -111.954077, 40.756861 ], [ -111.952473, 40.756638 ], [ -111.947354, 40.74963 ], [ -111.943206, 40.746573 ], [ -111.940733, 40.744743 ], [ -111.935078, 40.739942 ], [ -111.930667, 40.736755 ], [ -111.924121, 40.7317 ], [ -111.917998, 40.726838 ], [ -111.912326, 40.723764 ], [ -111.910243, 40.723764 ], [ -111.909566, 40.724209 ], [ -111.905905, 40.727631 ], [ -111.899873, 40.726944 ], [ -111.899859, 40.726944 ], [ -111.899851, 40.726944 ], [ -111.899836, 40.726944 ], [ -111.898015, 40.727972 ], [ -111.893805, 40.731189 ], [ -111.888795, 40.734974 ], [ -111.882447, 40.739754 ], [ -111.881173, 40.740706 ], [ -111.878124, 40.74307 ], [ -111.871611, 40.747891 ], [ -111.868599, 40.750169 ], [ -111.865927, 40.752338 ], [ -111.859495, 40.756764 ], [ -111.857792, 40.758479 ], [ -111.85759, 40.764759 ], [ -111.85759, 40.764858 ], [ -111.857593, 40.765326 ], [ -111.857776, 40.766036 ], [ -111.858068, 40.766801 ], [ -111.860973, 40.769018 ], [ -111.867413, 40.774635 ], [ -111.868888, 40.775756 ], [ -111.870374, 40.776888 ], [ -111.871878, 40.778031 ], [ -111.873367, 40.779165 ], [ -111.874858, 40.780295 ], [ -111.880913, 40.786088 ], [ -111.88526, 40.789064 ], [ -111.885483, 40.789187 ], [ -111.886971, 40.78898 ], [ -111.88732, 40.788833 ], [ -111.891702, 40.78736 ], [ -111.897286, 40.790883 ], [ -111.903583, 40.796616 ], [ -111.905989, 40.798527 ], [ -111.908228, 40.795708 ], [ -111.915437, 40.797723 ], [ -111.915698, 40.798111 ], [ -111.919574, 40.796702 ], [ -111.925552, 40.793078 ], [ -111.929917, 40.789614 ], [ -111.935431, 40.785856 ], [ -111.940532, 40.782971 ], [ -111.941817, 40.781184 ], [ -111.947617, 40.775412 ], [ -111.951139, 40.772751 ], [ -111.950769, 40.770068 ] ] ] } },
{ "type": "Feature", "properties": { "group_index": 0, "value": 300.0, "center": [ -111.90149479153244, 40.764996566724854 ], "point_id": 22 }, "geometry": { "type": "Polygon", "coordinates": [ [ [ -111.919194, 40.763182 ], [ -111.914743, 40.759895 ], [ -111.913663, 40.758762 ], [ -111.909934, 40.756466 ], [ -111.907343, 40.754344 ], [ -111.904975, 40.752327 ], [ -111.902484, 40.750712 ], [ -111.902195, 40.750709 ], [ -111.899405, 40.751663 ], [ -111.898098, 40.752326 ], [ -111.893641, 40.755613 ], [ -111.88934, 40.758938 ], [ -111.886539, 40.761085 ], [ -111.885352, 40.76222 ], [ -111.882369, 40.765023 ], [ -111.882369, 40.765069 ], [ -111.883339, 40.766659 ], [ -111.88678, 40.769036 ], [ -111.889607, 40.77122 ], [ -111.89239, 40.773378 ], [ -111.895264, 40.775496 ], [ -111.89814, 40.777667 ], [ -111.899764, 40.778701 ], [ -111.902472, 40.779236 ], [ -111.902522, 40.779236 ], [ -111.905619, 40.777376 ], [ -111.905728, 40.77731 ], [ -111.908056, 40.774518 ], [ -111.910703, 40.773239 ], [ -111.913078, 40.771151 ], [ -111.916351, 40.768955 ], [ -111.917786, 40.767872 ], [ -111.919211, 40.766782 ], [ -111.919194, 40.763182 ] ] ] } },
{ "type": "Feature", "properties": { "group_index": 0, "value": 600.0, "center": [ -111.90149479153244, 40.764996566724854 ], "point_id": 22 }, "geometry": { "type": "Polygon", "coordinates": [ [ [ -111.937795, 40.764516 ], [ -111.937793, 40.764407 ], [ -111.937063, 40.763182 ], [ -111.930076, 40.757743 ], [ -111.92864, 40.756652 ], [ -111.927233, 40.755574 ], [ -111.925777, 40.754486 ], [ -111.922826, 40.75225 ], [ -111.918612, 40.749085 ], [ -111.915378, 40.74609 ], [ -111.915315, 40.746031 ], [ -111.9129, 40.74505 ], [ -111.905622, 40.740734 ], [ -111.900043, 40.737998 ], [ -111.899871, 40.737997 ], [ -111.896972, 40.739777 ], [ -111.89495, 40.74105 ], [ -111.887827, 40.746279 ], [ -111.88061, 40.751645 ], [ -111.874099, 40.756686 ], [ -111.868718, 40.761029 ], [ -111.866272, 40.763212 ], [ -111.865357, 40.764479 ], [ -111.864939, 40.765246 ], [ -111.864946, 40.765402 ], [ -111.866265, 40.766812 ], [ -111.869024, 40.768986 ], [ -111.875774, 40.774631 ], [ -111.877246, 40.775774 ], [ -111.883484, 40.781953 ], [ -111.886604, 40.783335 ], [ -111.889865, 40.784721 ], [ -111.896598, 40.787885 ], [ -111.899327, 40.790895 ], [ -111.899871, 40.791447 ], [ -111.901434, 40.791724 ], [ -111.903058, 40.791466 ], [ -111.906982, 40.788367 ], [ -111.914381, 40.784147 ], [ -111.916017, 40.782836 ], [ -111.922695, 40.77769 ], [ -111.928551, 40.773224 ], [ -111.930226, 40.771508 ], [ -111.936988, 40.766781 ], [ -111.937795, 40.764516 ] ] ] } },
{ "type": "Feature", "properties": { "group_index": 0, "value": 900.0, "center": [ -111.90149479153244, 40.764996566724854 ], "point_id": 22 }, "geometry": { "type": "Polygon", "coordinates": [ [ [ -111.947798, 40.771247 ], [ -111.946273, 40.76964 ], [ -111.946165, 40.769556 ], [ -111.943858, 40.767834 ], [ -111.947855, 40.760336 ], [ -111.947935, 40.760336 ], [ -111.947967, 40.760336 ], [ -111.948016, 40.760336 ], [ -111.94854, 40.760243 ], [ -111.94973, 40.758746 ], [ -111.949888, 40.758193 ], [ -111.949888, 40.758175 ], [ -111.948535, 40.756643 ], [ -111.948073, 40.756398 ], [ -111.94755, 40.756152 ], [ -111.940805, 40.752749 ], [ -111.939235, 40.751081 ], [ -111.937665, 40.749454 ], [ -111.935694, 40.747745 ], [ -111.932979, 40.745706 ], [ -111.928585, 40.742309 ], [ -111.923906, 40.738537 ], [ -111.918633, 40.735144 ], [ -111.91375, 40.731708 ], [ -111.906557, 40.729233 ], [ -111.901787, 40.725993 ], [ -111.900429, 40.724867 ], [ -111.899591, 40.724492 ], [ -111.899456, 40.72449 ], [ -111.893544, 40.72872 ], [ -111.891765, 40.729963 ], [ -111.889367, 40.731723 ], [ -111.882214, 40.737078 ], [ -111.880782, 40.738147 ], [ -111.879652, 40.73899 ], [ -111.878537, 40.739831 ], [ -111.871676, 40.744621 ], [ -111.867639, 40.748001 ], [ -111.861889, 40.751795 ], [ -111.861189, 40.752342 ], [ -111.855487, 40.756761 ], [ -111.849751, 40.762106 ], [ -111.84836, 40.763036 ], [ -111.847277, 40.764138 ], [ -111.847272, 40.764156 ], [ -111.847231, 40.764334 ], [ -111.847228, 40.764357 ], [ -111.847301, 40.765452 ], [ -111.84831, 40.766694 ], [ -111.84888, 40.767226 ], [ -111.849998, 40.768066 ], [ -111.853816, 40.770996 ], [ -111.857964, 40.774631 ], [ -111.859408, 40.775734 ], [ -111.861614, 40.777404 ], [ -111.863853, 40.779133 ], [ -111.866828, 40.781408 ], [ -111.868319, 40.782533 ], [ -111.869743, 40.78369 ], [ -111.873991, 40.786915 ], [ -111.876249, 40.792915 ], [ -111.876285, 40.79298 ], [ -111.877625, 40.793691 ], [ -111.878299, 40.793748 ], [ -111.885607, 40.793981 ], [ -111.889029, 40.793573 ], [ -111.891786, 40.793412 ], [ -111.899802, 40.793762 ], [ -111.903583, 40.796616 ], [ -111.906016, 40.798766 ], [ -111.907336, 40.799819 ], [ -111.910023, 40.801795 ], [ -111.91095, 40.802542 ], [ -111.913209, 40.799739 ], [ -111.918976, 40.794766 ], [ -111.921944, 40.792858 ], [ -111.92348, 40.791944 ], [ -111.929498, 40.786946 ], [ -111.933567, 40.783992 ], [ -111.937793, 40.781998 ], [ -111.939586, 40.779761 ], [ -111.94594, 40.773533 ], [ -111.946368, 40.773238 ], [ -111.947797, 40.771378 ], [ -111.947798, 40.771247 ] ] ] } },
{ "type": "Feature", "properties": { "group_index": 0, "value": 300.0, "center": [ -111.89210064537316, 40.76500408883045 ], "point_id": 22 }, "geometry": { "type": "Polygon", "coordinates": [ [ [ -111.910083, 40.765785 ], [ -111.909941, 40.763764 ], [ -111.909592, 40.763199 ], [ -111.906205, 40.761095 ], [ -111.904328, 40.758828 ], [ -111.902536, 40.757697 ], [ -111.898349, 40.75448 ], [ -111.8969, 40.753367 ], [ -111.895388, 40.752246 ], [ -111.894276, 40.751503 ], [ -111.893756, 40.751421 ], [ -111.8913, 40.751209 ], [ -111.888598, 40.752325 ], [ -111.885019, 40.754952 ], [ -111.882418, 40.756684 ], [ -111.87986, 40.758956 ], [ -111.877089, 40.761032 ], [ -111.874427, 40.763205 ], [ -111.873253, 40.764508 ], [ -111.873249, 40.764828 ], [ -111.874418, 40.766805 ], [ -111.877241, 40.768963 ], [ -111.878912, 40.770215 ], [ -111.880885, 40.771837 ], [ -111.884188, 40.77465 ], [ -111.885409, 40.77633 ], [ -111.885536, 40.776352 ], [ -111.888941, 40.776454 ], [ -111.89446, 40.777772 ], [ -111.894757, 40.777771 ], [ -111.895985, 40.777671 ], [ -111.898861, 40.775068 ], [ -111.901428, 40.773286 ], [ -111.902775, 40.772181 ], [ -111.906896, 40.768989 ], [ -111.909647, 40.766799 ], [ -111.910082, 40.765923 ], [ -111.910083, 40.765785 ] ] ] } },
{ "type": "Feature", "properties": { "group_index": 0, "value": 600.0, "center": [ -111.89210064537316, 40.76500408883045 ], "point_id": 22 }, "geometry": { "type": "Polygon", "coordinates": [ [ [ -111.928468, 40.76507 ], [ -111.927836, 40.763249 ], [ -111.921958, 40.758868 ], [ -111.91901, 40.756658 ], [ -111.916811, 40.755003 ], [ -111.910511, 40.750133 ], [ -111.907865, 40.747948 ], [ -111.905575, 40.746113 ], [ -111.899343, 40.741694 ], [ -111.896676, 40.739777 ], [ -111.894108, 40.738129 ], [ -111.891737, 40.737684 ], [ -111.890853, 40.737629 ], [ -111.890463, 40.737635 ], [ -111.887988, 40.739286 ], [ -111.88731, 40.739799 ], [ -111.880542, 40.744656 ], [ -111.876016, 40.747923 ], [ -111.86941, 40.753014 ], [ -111.863516, 40.757655 ], [ -111.85646, 40.763173 ], [ -111.854937, 40.764876 ], [ -111.854937, 40.764953 ], [ -111.856839, 40.766966 ], [ -111.858145, 40.76803 ], [ -111.859384, 40.768966 ], [ -111.866363, 40.774635 ], [ -111.867858, 40.775756 ], [ -111.869333, 40.776885 ], [ -111.870829, 40.778028 ], [ -111.875237, 40.781582 ], [ -111.879555, 40.785505 ], [ -111.88252, 40.788955 ], [ -111.886862, 40.789659 ], [ -111.895088, 40.78827 ], [ -111.898893, 40.788647 ], [ -111.899563, 40.788709 ], [ -111.90102, 40.788541 ], [ -111.905542, 40.78411 ], [ -111.911783, 40.779029 ], [ -111.913384, 40.777991 ], [ -111.913759, 40.777674 ], [ -111.918814, 40.773504 ], [ -111.919159, 40.773228 ], [ -111.920505, 40.771744 ], [ -111.927609, 40.766863 ], [ -111.927783, 40.766613 ], [ -111.928472, 40.765473 ], [ -111.928468, 40.76507 ] ] ] } },
{ "type": "Feature", "properties": { "group_index": 0, "value": 900.0, "center": [ -111.89210064537316, 40.76500408883045 ], "point_id": 22 }, "geometry": { "type": "Polygon", "coordinates": [ [ [ -111.945652, 40.764189 ], [ -111.939713, 40.758824 ], [ -111.936968, 40.756628 ], [ -111.934142, 40.754488 ], [ -111.928162, 40.74947 ], [ -111.92409, 40.74611 ], [ -111.922901, 40.745386 ], [ -111.916421, 40.740863 ], [ -111.913235, 40.738494 ], [ -111.912078, 40.737713 ], [ -111.905453, 40.732887 ], [ -111.903996, 40.731696 ], [ -111.899823, 40.728548 ], [ -111.894196, 40.724339 ], [ -111.891196, 40.723649 ], [ -111.891084, 40.72365 ], [ -111.891083, 40.72365 ], [ -111.890971, 40.72365 ], [ -111.88657, 40.726884 ], [ -111.882521, 40.729689 ], [ -111.878989, 40.732338 ], [ -111.877039, 40.7338 ], [ -111.870819, 40.738309 ], [ -111.868726, 40.739839 ], [ -111.862161, 40.744652 ], [ -111.857261, 40.747489 ], [ -111.852771, 40.7516 ], [ -111.851772, 40.752408 ], [ -111.849927, 40.754098 ], [ -111.84603, 40.756771 ], [ -111.841674, 40.758647 ], [ -111.841623, 40.758675 ], [ -111.840725, 40.760898 ], [ -111.839374, 40.76467 ], [ -111.83938, 40.764702 ], [ -111.839472, 40.764959 ], [ -111.840908, 40.768909 ], [ -111.846293, 40.773749 ], [ -111.851104, 40.776588 ], [ -111.857852, 40.781555 ], [ -111.864048, 40.787914 ], [ -111.868984, 40.788588 ], [ -111.872141, 40.796658 ], [ -111.871871, 40.797472 ], [ -111.875201, 40.798838 ], [ -111.876334, 40.798167 ], [ -111.877208, 40.79744 ], [ -111.877761, 40.796637 ], [ -111.882768, 40.792559 ], [ -111.888714, 40.794027 ], [ -111.889688, 40.794191 ], [ -111.891307, 40.794316 ], [ -111.891974, 40.794157 ], [ -111.894737, 40.793222 ], [ -111.899802, 40.793762 ], [ -111.903583, 40.796616 ], [ -111.905866, 40.798429 ], [ -111.908149, 40.800242 ], [ -111.910387, 40.797422 ], [ -111.912391, 40.791633 ], [ -111.916634, 40.788811 ], [ -111.917779, 40.788425 ], [ -111.918794, 40.78772 ], [ -111.921001, 40.786308 ], [ -111.923349, 40.784188 ], [ -111.928484, 40.780823 ], [ -111.930268, 40.779445 ], [ -111.936047, 40.774045 ], [ -111.936966, 40.773232 ], [ -111.937786, 40.772058 ], [ -111.940483, 40.766753 ], [ -111.945654, 40.764918 ], [ -111.945652, 40.764189 ] ] ] } },
{ "type": "Feature", "properties": { "group_index": 0, "value": 300.0, "center": [ -111.88250582800876, 40.76501076560179 ], "point_id": 22 }, "geometry": { "type": "Polygon", "coordinates": [ [ [ -111.901716, 40.76491 ], [ -111.900007, 40.76319 ], [ -111.897355, 40.760963 ], [ -111.894499, 40.758779 ], [ -111.893101, 40.757784 ], [ -111.888784, 40.754499 ], [ -111.885914, 40.752321 ], [ -111.882992, 40.750155 ], [ -111.882597, 40.75 ], [ -111.882404, 40.75 ], [ -111.881997, 40.750155 ], [ -111.878982, 40.752325 ], [ -111.876602, 40.754359 ], [ -111.873229, 40.756685 ], [ -111.870225, 40.758962 ], [ -111.867506, 40.761031 ], [ -111.865832, 40.762342 ], [ -111.864686, 40.763271 ], [ -111.863338, 40.764999 ], [ -111.86334, 40.765109 ], [ -111.863519, 40.765545 ], [ -111.864719, 40.766871 ], [ -111.865286, 40.767324 ], [ -111.86756, 40.768989 ], [ -111.872089, 40.772361 ], [ -111.873604, 40.773505 ], [ -111.875089, 40.774634 ], [ -111.876585, 40.775773 ], [ -111.878093, 40.77691 ], [ -111.881259, 40.779179 ], [ -111.882061, 40.779638 ], [ -111.882126, 40.779638 ], [ -111.883539, 40.779288 ], [ -111.885139, 40.777977 ], [ -111.888809, 40.775403 ], [ -111.891705, 40.773277 ], [ -111.894662, 40.771056 ], [ -111.897134, 40.768966 ], [ -111.899938, 40.766789 ], [ -111.901547, 40.765166 ], [ -111.901717, 40.764935 ], [ -111.901716, 40.76491 ] ] ] } },
{ "type": "Feature", "properties": { "group_index": 0, "value": 600.0, "center": [ -111.88250582800876, 40.76501076560179 ], "point_id": 22 }, "geometry": { "type": "Polygon", "coordinates": [ [ [ -111.918845, 40.765056 ], [ -111.918843, 40.764869 ], [ -111.918841, 40.764813 ], [ -111.918637, 40.76441 ], [ -111.917598, 40.76319 ], [ -111.912608, 40.758778 ], [ -111.906363, 40.75435 ], [ -111.903859, 40.752324 ], [ -111.898215, 40.74789 ], [ -111.89418, 40.744804 ], [ -111.88733, 40.739799 ], [ -111.886737, 40.739367 ], [ -111.883938, 40.737362 ], [ -111.883861, 40.737362 ], [ -111.880998, 40.737587 ], [ -111.880021, 40.738151 ], [ -111.878826, 40.738992 ], [ -111.877701, 40.739834 ], [ -111.874971, 40.742288 ], [ -111.869831, 40.745095 ], [ -111.86978, 40.745136 ], [ -111.866613, 40.748045 ], [ -111.861709, 40.751297 ], [ -111.85721, 40.754521 ], [ -111.852765, 40.757644 ], [ -111.848498, 40.761335 ], [ -111.846271, 40.763559 ], [ -111.846221, 40.763654 ], [ -111.845954, 40.765832 ], [ -111.845955, 40.765872 ], [ -111.84604, 40.766061 ], [ -111.846691, 40.766802 ], [ -111.847781, 40.767725 ], [ -111.850437, 40.769719 ], [ -111.855576, 40.773492 ], [ -111.857103, 40.774631 ], [ -111.858568, 40.775733 ], [ -111.860823, 40.7774 ], [ -111.863114, 40.779134 ], [ -111.866132, 40.781405 ], [ -111.869213, 40.783687 ], [ -111.873476, 40.786914 ], [ -111.87777, 40.791511 ], [ -111.877873, 40.791582 ], [ -111.878394, 40.791833 ], [ -111.881525, 40.790868 ], [ -111.888022, 40.786468 ], [ -111.893373, 40.786529 ], [ -111.895597, 40.785671 ], [ -111.89797, 40.78476 ], [ -111.898853, 40.784192 ], [ -111.900699, 40.782018 ], [ -111.90562, 40.777375 ], [ -111.909565, 40.773237 ], [ -111.912447, 40.771087 ], [ -111.917615, 40.76679 ], [ -111.918641, 40.765569 ], [ -111.918846, 40.765114 ], [ -111.918845, 40.765056 ] ] ] } },
{ "type": "Feature", "properties": { "group_index": 0, "value": 900.0, "center": [ -111.88250582800876, 40.76501076560179 ], "point_id": 22 }, "geometry": { "type": "Polygon", "coordinates": [ [ [ -111.936617, 40.764592 ], [ -111.93508, 40.763161 ], [ -111.930238, 40.758842 ], [ -111.928848, 40.75774 ], [ -111.925997, 40.755579 ], [ -111.918904, 40.750133 ], [ -111.915865, 40.747667 ], [ -111.914957, 40.746983 ], [ -111.910994, 40.744268 ], [ -111.905416, 40.739787 ], [ -111.900672, 40.736221 ], [ -111.894714, 40.731704 ], [ -111.892298, 40.729964 ], [ -111.891089, 40.729144 ], [ -111.887406, 40.726786 ], [ -111.88367, 40.72364 ], [ -111.883551, 40.723538 ], [ -111.883547, 40.723538 ], [ -111.882232, 40.72354 ], [ -111.881452, 40.723637 ], [ -111.878985, 40.725389 ], [ -111.875289, 40.728079 ], [ -111.87022, 40.731716 ], [ -111.868923, 40.732693 ], [ -111.866454, 40.734592 ], [ -111.865385, 40.73538 ], [ -111.858667, 40.739837 ], [ -111.852257, 40.743917 ], [ -111.845503, 40.748984 ], [ -111.839292, 40.753619 ], [ -111.835559, 40.755233 ], [ -111.83555, 40.755241 ], [ -111.834037, 40.756921 ], [ -111.833692, 40.75737 ], [ -111.83304, 40.760382 ], [ -111.832078, 40.766587 ], [ -111.831926, 40.767821 ], [ -111.835032, 40.771197 ], [ -111.837902, 40.774309 ], [ -111.841028, 40.776614 ], [ -111.847609, 40.781806 ], [ -111.8515, 40.78307 ], [ -111.857445, 40.786899 ], [ -111.859774, 40.789671 ], [ -111.862652, 40.793069 ], [ -111.862943, 40.79307 ], [ -111.863585, 40.792983 ], [ -111.864099, 40.792951 ], [ -111.864273, 40.79292 ], [ -111.868327, 40.792249 ], [ -111.870956, 40.799341 ], [ -111.870556, 40.80018 ], [ -111.870875, 40.800738 ], [ -111.873123, 40.802703 ], [ -111.873931, 40.802039 ], [ -111.875264, 40.800745 ], [ -111.875345, 40.800585 ], [ -111.875568, 40.799941 ], [ -111.877266, 40.796673 ], [ -111.882768, 40.792559 ], [ -111.888714, 40.794027 ], [ -111.889688, 40.794191 ], [ -111.891055, 40.794272 ], [ -111.891495, 40.794246 ], [ -111.891974, 40.794157 ], [ -111.899802, 40.793762 ], [ -111.903583, 40.796616 ], [ -111.903583, 40.796617 ], [ -111.908492, 40.792049 ], [ -111.908903, 40.791642 ], [ -111.913966, 40.785747 ], [ -111.916669, 40.784178 ], [ -111.918449, 40.782357 ], [ -111.922517, 40.77769 ], [ -111.927411, 40.773243 ], [ -111.927312, 40.770636 ], [ -111.934397, 40.766695 ], [ -111.934841, 40.766761 ], [ -111.935084, 40.766761 ], [ -111.93601, 40.765644 ], [ -111.936629, 40.764705 ], [ -111.936617, 40.764592 ] ] ] } },
{ "type": "Feature", "properties": { "group_index": 0, "value": 300.0, "center": [ -111.87109236278562, 40.765001035884296 ], "point_id": 22 }, "geometry": { "type": "Polygon", "coordinates": [ [ [ -111.89025, 40.764981 ], [ -111.889951, 40.764546 ], [ -111.888821, 40.763235 ], [ -111.886061, 40.760956 ], [ -111.883152, 40.758711 ], [ -111.882046, 40.757966 ], [ -111.877434, 40.754501 ], [ -111.874566, 40.752336 ], [ -111.871421, 40.750166 ], [ -111.871033, 40.750014 ], [ -111.870944, 40.750015 ], [ -111.870941, 40.750015 ], [ -111.870852, 40.750016 ], [ -111.870485, 40.750167 ], [ -111.867625, 40.752336 ], [ -111.864697, 40.754522 ], [ -111.860708, 40.756767 ], [ -111.858892, 40.758862 ], [ -111.856082, 40.76104 ], [ -111.85383, 40.762811 ], [ -111.853328, 40.763209 ], [ -111.852086, 40.764601 ], [ -111.851883, 40.764899 ], [ -111.851882, 40.764993 ], [ -111.851881, 40.765013 ], [ -111.851881, 40.765107 ], [ -111.852092, 40.765451 ], [ -111.853289, 40.766809 ], [ -111.856035, 40.76898 ], [ -111.858921, 40.77116 ], [ -111.86204, 40.773496 ], [ -111.863543, 40.774631 ], [ -111.866608, 40.776879 ], [ -111.86982, 40.779147 ], [ -111.870017, 40.779235 ], [ -111.870106, 40.779235 ], [ -111.872535, 40.779158 ], [ -111.874031, 40.778034 ], [ -111.875521, 40.776902 ], [ -111.877021, 40.775773 ], [ -111.880037, 40.773504 ], [ -111.881532, 40.772362 ], [ -111.883128, 40.771144 ], [ -111.88606, 40.768919 ], [ -111.88711, 40.768129 ], [ -111.888781, 40.766835 ], [ -111.890102, 40.7654 ], [ -111.890249, 40.765124 ], [ -111.89025, 40.764981 ] ] ] } },
{ "type": "Feature", "properties": { "group_index": 0, "value": 600.0, "center": [ -111.87109236278562, 40.765001035884296 ], "point_id": 22 }, "geometry": { "type": "Polygon", "coordinates": [ [ [ -111.907436, 40.765052 ], [ -111.907156, 40.764072 ], [ -111.907042, 40.76374 ], [ -111.906311, 40.763117 ], [ -111.903851, 40.761024 ], [ -111.900131, 40.758064 ], [ -111.89721, 40.755871 ], [ -111.892486, 40.752245 ], [ -111.889791, 40.750149 ], [ -111.886961, 40.748015 ], [ -111.883451, 40.745433 ], [ -111.88251, 40.744734 ], [ -111.877291, 40.7409 ], [ -111.87196, 40.736986 ], [ -111.870234, 40.736987 ], [ -111.867508, 40.738928 ], [ -111.866322, 40.739831 ], [ -111.864601, 40.74112 ], [ -111.860327, 40.743967 ], [ -111.856686, 40.745797 ], [ -111.854765, 40.746993 ], [ -111.850813, 40.750122 ], [ -111.845217, 40.754881 ], [ -111.840728, 40.756763 ], [ -111.840224, 40.75694 ], [ -111.838334, 40.75888 ], [ -111.836854, 40.764575 ], [ -111.838182, 40.770704 ], [ -111.838692, 40.771348 ], [ -111.845381, 40.775871 ], [ -111.850676, 40.778501 ], [ -111.853911, 40.780501 ], [ -111.860761, 40.786106 ], [ -111.861242, 40.786673 ], [ -111.86305, 40.78814 ], [ -111.871668, 40.789252 ], [ -111.872005, 40.789243 ], [ -111.873355, 40.788405 ], [ -111.878769, 40.784576 ], [ -111.882828, 40.784779 ], [ -111.883115, 40.784437 ], [ -111.88341, 40.784004 ], [ -111.883647, 40.783461 ], [ -111.886462, 40.779818 ], [ -111.892621, 40.777769 ], [ -111.892955, 40.77777 ], [ -111.893618, 40.777364 ], [ -111.89819, 40.773264 ], [ -111.901034, 40.771059 ], [ -111.903565, 40.768977 ], [ -111.906268, 40.766717 ], [ -111.907263, 40.765502 ], [ -111.907435, 40.765091 ], [ -111.907436, 40.765052 ] ] ] } },
{ "type": "Feature", "properties": { "group_index": 0, "value": 900.0, "center": [ -111.87109236278562, 40.765001035884296 ], "point_id": 22 }, "geometry": { "type": "Polygon", "coordinates": [ [ [ -111.924186, 40.766124 ], [ -111.924345, 40.763863 ], [ -111.924343, 40.763822 ], [ -111.924343, 40.763817 ], [ -111.924004, 40.763177 ], [ -111.918939, 40.758871 ], [ -111.917087, 40.75753 ], [ -111.909944, 40.752558 ], [ -111.907608, 40.750138 ], [ -111.904836, 40.74787 ], [ -111.899951, 40.744093 ], [ -111.894907, 40.740256 ], [ -111.894889, 40.740242 ], [ -111.889733, 40.736544 ], [ -111.885945, 40.733783 ], [ -111.880481, 40.729581 ], [ -111.874573, 40.725391 ], [ -111.87212, 40.723583 ], [ -111.871474, 40.723172 ], [ -111.8714, 40.723172 ], [ -111.870242, 40.723533 ], [ -111.870042, 40.723664 ], [ -111.866258, 40.726495 ], [ -111.858989, 40.730835 ], [ -111.852385, 40.735226 ], [ -111.84628, 40.74029 ], [ -111.843312, 40.742691 ], [ -111.838128, 40.745962 ], [ -111.830259, 40.747742 ], [ -111.829208, 40.747822 ], [ -111.828114, 40.748972 ], [ -111.824796, 40.754168 ], [ -111.824796, 40.754227 ], [ -111.824468, 40.76204 ], [ -111.82333, 40.767046 ], [ -111.82361, 40.769157 ], [ -111.823744, 40.769303 ], [ -111.831166, 40.773103 ], [ -111.834716, 40.777611 ], [ -111.836544, 40.780643 ], [ -111.843498, 40.784058 ], [ -111.847176, 40.785811 ], [ -111.847283, 40.78584 ], [ -111.84801, 40.78606 ], [ -111.849205, 40.786489 ], [ -111.852287, 40.787523 ], [ -111.856529, 40.794925 ], [ -111.860159, 40.795787 ], [ -111.860887, 40.795864 ], [ -111.868959, 40.797963 ], [ -111.872807, 40.797627 ], [ -111.877333, 40.795878 ], [ -111.877779, 40.795592 ], [ -111.884017, 40.792131 ], [ -111.886376, 40.791762 ], [ -111.888884, 40.791429 ], [ -111.897225, 40.790811 ], [ -111.900807, 40.788541 ], [ -111.905248, 40.78411 ], [ -111.909713, 40.77927 ], [ -111.916133, 40.773251 ], [ -111.918435, 40.770949 ], [ -111.924007, 40.766777 ], [ -111.924186, 40.766124 ] ] ] } },
{ "type": "Feature", "properties": { "group_index": 0, "value": 300.0, "center": [ -111.86246579944556, 40.76501219494677 ], "point_id": 22 }, "geometry": { "type": "Polygon", "coordinates": [ [ [ -111.88182, 40.76499 ], [ -111.880177, 40.763211 ], [ -111.877411, 40.761033 ], [ -111.874421, 40.758765 ], [ -111.871675, 40.756684 ], [ -111.868805, 40.754523 ], [ -111.867366, 40.753424 ], [ -111.86593, 40.752338 ], [ -111.865256, 40.752185 ], [ -111.865219, 40.752184 ], [ -111.859395, 40.752343 ], [ -111.858884, 40.752344 ], [ -111.856003, 40.754527 ], [ -111.852987, 40.756774 ], [ -111.849761, 40.759253 ], [ -111.846256, 40.761158 ], [ -111.845231, 40.761829 ], [ -111.844567, 40.762768 ], [ -111.843906, 40.76429 ], [ -111.843913, 40.764467 ], [ -111.844141, 40.765695 ], [ -111.844446, 40.766688 ], [ -111.844779, 40.767173 ], [ -111.844886, 40.76729 ], [ -111.846868, 40.768707 ], [ -111.848648, 40.769929 ], [ -111.853419, 40.773494 ], [ -111.856374, 40.775733 ], [ -111.857328, 40.776191 ], [ -111.861876, 40.777405 ], [ -111.865463, 40.778016 ], [ -111.865488, 40.778016 ], [ -111.867111, 40.776794 ], [ -111.868595, 40.775664 ], [ -111.870067, 40.774533 ], [ -111.872955, 40.772362 ], [ -111.877413, 40.768963 ], [ -111.880175, 40.766811 ], [ -111.881821, 40.765108 ], [ -111.88182, 40.76499 ] ] ] } },
{ "type": "Feature", "properties": { "group_index": 0, "value": 600.0, "center": [ -111.86246579944556, 40.76501219494677 ], "point_id": 22 }, "geometry": { "type": "Polygon", "coordinates": [ [ [ -111.898613, 40.765528 ], [ -111.898625, 40.764325 ], [ -111.897725, 40.763196 ], [ -111.895206, 40.760961 ], [ -111.894111, 40.760035 ], [ -111.891109, 40.757867 ], [ -111.886719, 40.754505 ], [ -111.883838, 40.75232 ], [ -111.880973, 40.750156 ], [ -111.878133, 40.747998 ], [ -111.872889, 40.744438 ], [ -111.870767, 40.742488 ], [ -111.867258, 40.739834 ], [ -111.866062, 40.738927 ], [ -111.865958, 40.738927 ], [ -111.859196, 40.739837 ], [ -111.854019, 40.742958 ], [ -111.849809, 40.745478 ], [ -111.846136, 40.747784 ], [ -111.840145, 40.751411 ], [ -111.834631, 40.754311 ], [ -111.832484, 40.756441 ], [ -111.82996, 40.764902 ], [ -111.829958, 40.765123 ], [ -111.830024, 40.766895 ], [ -111.830258, 40.768016 ], [ -111.830888, 40.768815 ], [ -111.830918, 40.76885 ], [ -111.835819, 40.774582 ], [ -111.836005, 40.774774 ], [ -111.83825, 40.775515 ], [ -111.843029, 40.778534 ], [ -111.845633, 40.782581 ], [ -111.847251, 40.782647 ], [ -111.851126, 40.78307 ], [ -111.852757, 40.783069 ], [ -111.861009, 40.786063 ], [ -111.864467, 40.787061 ], [ -111.872915, 40.78594 ], [ -111.875868, 40.783705 ], [ -111.877383, 40.782569 ], [ -111.880732, 40.780034 ], [ -111.883313, 40.778052 ], [ -111.889455, 40.773283 ], [ -111.892332, 40.771083 ], [ -111.897709, 40.766796 ], [ -111.89861, 40.765698 ], [ -111.898613, 40.765528 ] ] ] } },
{ "type": "Feature", "properties": { "group_index": 0, "value": 900.0, "center": [ -111.86246579944556, 40.76501219494677 ], "point_id": 22 }, "geometry": { "type": "Polygon", "coordinates": [ [ [ -111.915278, 40.763194 ], [ -111.910624, 40.758821 ], [ -111.904909, 40.754608 ], [ -111.898965, 40.750139 ], [ -111.896183, 40.747893 ], [ -111.889863, 40.742955 ], [ -111.889826, 40.742932 ], [ -111.885395, 40.739914 ], [ -111.880954, 40.736107 ], [ -111.876308, 40.732961 ], [ -111.871679, 40.729569 ], [ -111.866837, 40.725852 ], [ -111.86552, 40.725179 ], [ -111.865279, 40.725166 ], [ -111.86498, 40.725161 ], [ -111.858862, 40.72655 ], [ -111.852056, 40.730841 ], [ -111.850324, 40.731694 ], [ -111.846602, 40.734161 ], [ -111.844844, 40.73534 ], [ -111.843774, 40.736143 ], [ -111.841145, 40.737869 ], [ -111.836221, 40.741537 ], [ -111.830647, 40.740989 ], [ -111.830638, 40.740989 ], [ -111.827786, 40.741392 ], [ -111.826073, 40.744336 ], [ -111.820206, 40.747946 ], [ -111.820049, 40.748019 ], [ -111.819589, 40.748973 ], [ -111.819588, 40.752573 ], [ -111.819037, 40.758355 ], [ -111.819041, 40.758531 ], [ -111.819496, 40.762075 ], [ -111.819577, 40.770798 ], [ -111.819723, 40.772249 ], [ -111.819793, 40.772385 ], [ -111.822557, 40.772817 ], [ -111.822965, 40.772784 ], [ -111.827594, 40.773905 ], [ -111.831185, 40.781377 ], [ -111.831134, 40.781889 ], [ -111.834416, 40.783235 ], [ -111.842028, 40.783079 ], [ -111.843512, 40.786308 ], [ -111.843671, 40.787291 ], [ -111.843752, 40.78747 ], [ -111.851831, 40.789309 ], [ -111.856532, 40.794925 ], [ -111.860158, 40.795786 ], [ -111.860887, 40.795864 ], [ -111.866341, 40.7945 ], [ -111.871242, 40.79547 ], [ -111.871307, 40.795438 ], [ -111.879189, 40.791184 ], [ -111.879895, 40.791345 ], [ -111.880481, 40.791386 ], [ -111.880724, 40.791233 ], [ -111.881189, 40.790815 ], [ -111.886353, 40.786574 ], [ -111.892589, 40.784689 ], [ -111.896294, 40.784253 ], [ -111.896909, 40.784227 ], [ -111.896946, 40.784216 ], [ -111.896953, 40.784214 ], [ -111.896989, 40.784201 ], [ -111.900236, 40.780224 ], [ -111.90413, 40.775791 ], [ -111.907322, 40.773281 ], [ -111.910466, 40.771122 ], [ -111.915279, 40.766794 ], [ -111.915278, 40.763194 ] ] ] } },
{ "type": "Feature", "properties": { "group_index": 0, "value": 300.0, "center": [ -111.8539127480691, 40.765013136128566 ], "point_id": 22 }, "geometry": { "type": "Polygon", "coordinates": [ [ [ -111.873212, 40.764742 ], [ -111.871706, 40.763201 ], [ -111.86895, 40.761029 ], [ -111.868161, 40.760427 ], [ -111.865949, 40.758761 ], [ -111.865362, 40.75835 ], [ -111.862666, 40.756553 ], [ -111.860287, 40.75452 ], [ -111.857296, 40.752346 ], [ -111.854455, 40.750176 ], [ -111.854139, 40.750033 ], [ -111.853947, 40.750018 ], [ -111.853638, 40.75018 ], [ -111.850922, 40.752409 ], [ -111.848494, 40.754212 ], [ -111.843796, 40.756368 ], [ -111.841934, 40.75658 ], [ -111.841332, 40.75678 ], [ -111.840777, 40.756963 ], [ -111.84029, 40.757194 ], [ -111.840198, 40.757239 ], [ -111.838977, 40.758718 ], [ -111.837549, 40.763547 ], [ -111.837037, 40.76446 ], [ -111.837037, 40.764498 ], [ -111.838598, 40.77019 ], [ -111.838641, 40.770558 ], [ -111.843205, 40.773972 ], [ -111.845024, 40.77536 ], [ -111.849497, 40.777396 ], [ -111.851348, 40.778666 ], [ -111.852208, 40.778913 ], [ -111.852237, 40.778915 ], [ -111.852394, 40.778902 ], [ -111.852404, 40.778901 ], [ -111.855524, 40.77815 ], [ -111.85995, 40.775734 ], [ -111.861415, 40.77463 ], [ -111.862902, 40.773498 ], [ -111.86441, 40.772359 ], [ -111.865989, 40.771164 ], [ -111.868844, 40.768987 ], [ -111.87171, 40.766801 ], [ -111.87295, 40.76544 ], [ -111.873213, 40.764816 ], [ -111.873212, 40.764742 ] ] ] } },
{ "type": "Feature", "properties": { "group_index": 0, "value": 600.0, "center": [ -111.8539127480691, 40.765013136128566 ], "point_id": 22 }, "geometry": { "type": "Polygon", "coordinates": [ [ [ -111.891146, 40.765051 ], [ -111.891145, 40.764997 ], [ -111.888315, 40.762218 ], [ -111.886745, 40.760961 ], [ -111.882612, 40.757784 ], [ -111.876949, 40.753354 ], [ -111.872489, 40.750165 ], [ -111.869447, 40.747904 ], [ -111.864039, 40.743509 ], [ -111.861418, 40.74153 ], [ -111.859899, 40.740513 ], [ -111.853835, 40.736273 ], [ -111.853833, 40.736273 ], [ -111.853828, 40.736273 ], [ -111.853826, 40.736273 ], [ -111.852626, 40.737194 ], [ -111.847972, 40.740632 ], [ -111.847294, 40.741111 ], [ -111.845211, 40.742691 ], [ -111.844086, 40.743485 ], [ -111.838323, 40.747 ], [ -111.831798, 40.748986 ], [ -111.829139, 40.748965 ], [ -111.828718, 40.748968 ], [ -111.826165, 40.753163 ], [ -111.825612, 40.754228 ], [ -111.824898, 40.762461 ], [ -111.824356, 40.766202 ], [ -111.825134, 40.767823 ], [ -111.825975, 40.769417 ], [ -111.828858, 40.771158 ], [ -111.834607, 40.777739 ], [ -111.837348, 40.780072 ], [ -111.843498, 40.784058 ], [ -111.847963, 40.786057 ], [ -111.84801, 40.78606 ], [ -111.853593, 40.786113 ], [ -111.861538, 40.78672 ], [ -111.862217, 40.7867 ], [ -111.867017, 40.784345 ], [ -111.868212, 40.783684 ], [ -111.874784, 40.778037 ], [ -111.87628, 40.776905 ], [ -111.87777, 40.775775 ], [ -111.880748, 40.773503 ], [ -111.882247, 40.772362 ], [ -111.886679, 40.768916 ], [ -111.89072, 40.766269 ], [ -111.890741, 40.766247 ], [ -111.891146, 40.765051 ] ] ] } },
{ "type": "Feature", "properties": { "group_index": 0, "value": 900.0, "center": [ -111.8539127480691, 40.765013136128566 ], "point_id": 22 }, "geometry": { "type": "Polygon", "coordinates": [ [ [ -111.90866, 40.764909 ], [ -111.906921, 40.763124 ], [ -111.904239, 40.760714 ], [ -111.90267, 40.75949 ], [ -111.900134, 40.757564 ], [ -111.893271, 40.75207 ], [ -111.893066, 40.751912 ], [ -111.887666, 40.748015 ], [ -111.885417, 40.746272 ], [ -111.884279, 40.745431 ], [ -111.883234, 40.744654 ], [ -111.877026, 40.739835 ], [ -111.872173, 40.736164 ], [ -111.867607, 40.732691 ], [ -111.861745, 40.728032 ], [ -111.855142, 40.72353 ], [ -111.854153, 40.722977 ], [ -111.854015, 40.722976 ], [ -111.853986, 40.722976 ], [ -111.853939, 40.722976 ], [ -111.852452, 40.723538 ], [ -111.847751, 40.727281 ], [ -111.846669, 40.728114 ], [ -111.845534, 40.728976 ], [ -111.841437, 40.731827 ], [ -111.840472, 40.732951 ], [ -111.836607, 40.735102 ], [ -111.831341, 40.734564 ], [ -111.830896, 40.734563 ], [ -111.83063, 40.734589 ], [ -111.824825, 40.735429 ], [ -111.822337, 40.736797 ], [ -111.819369, 40.741984 ], [ -111.819365, 40.742171 ], [ -111.819367, 40.742281 ], [ -111.819367, 40.742544 ], [ -111.812631, 40.748396 ], [ -111.812504, 40.748377 ], [ -111.81127, 40.748671 ], [ -111.809529, 40.749706 ], [ -111.809496, 40.749784 ], [ -111.810425, 40.752171 ], [ -111.814489, 40.759159 ], [ -111.815077, 40.760306 ], [ -111.815616, 40.760692 ], [ -111.816664, 40.761232 ], [ -111.82061, 40.76804 ], [ -111.819611, 40.770764 ], [ -111.819011, 40.772471 ], [ -111.81888, 40.772754 ], [ -111.82039, 40.775808 ], [ -111.820628, 40.775688 ], [ -111.821129, 40.775453 ], [ -111.821338, 40.775347 ], [ -111.829901, 40.777776 ], [ -111.830073, 40.783907 ], [ -111.829902, 40.78435 ], [ -111.829465, 40.785316 ], [ -111.829902, 40.785764 ], [ -111.83311, 40.787605 ], [ -111.835716, 40.785284 ], [ -111.843498, 40.784058 ], [ -111.845706, 40.788885 ], [ -111.847588, 40.791954 ], [ -111.851999, 40.79228 ], [ -111.857653, 40.794502 ], [ -111.858027, 40.794578 ], [ -111.861047, 40.795037 ], [ -111.866209, 40.794251 ], [ -111.872025, 40.792387 ], [ -111.871918, 40.791812 ], [ -111.872013, 40.789058 ], [ -111.879616, 40.785631 ], [ -111.881549, 40.786543 ], [ -111.881596, 40.786533 ], [ -111.881603, 40.786532 ], [ -111.881649, 40.78652 ], [ -111.883115, 40.784437 ], [ -111.88341, 40.784004 ], [ -111.890397, 40.779034 ], [ -111.89307, 40.778235 ], [ -111.893697, 40.777773 ], [ -111.898806, 40.773264 ], [ -111.901649, 40.771064 ], [ -111.904173, 40.768979 ], [ -111.906889, 40.766724 ], [ -111.90866, 40.764943 ], [ -111.90866, 40.764909 ] ] ] } },
{ "type": "Feature", "properties": { "group_index": 0, "value": 300.0, "center": [ -111.81021518973044, 40.699846918402194 ], "point_id": 26 }, "geometry": { "type": "Polygon", "coordinates": [ [ [ -111.829656, 40.699921 ], [ -111.82794, 40.698069 ], [ -111.825638, 40.696192 ], [ -111.823822, 40.694927 ], [ -111.82054, 40.693671 ], [ -111.817841, 40.690955 ], [ -111.816029, 40.690261 ], [ -111.814885, 40.690142 ], [ -111.814235, 40.690097 ], [ -111.812713, 40.691022 ], [ -111.810628, 40.692331 ], [ -111.807221, 40.693785 ], [ -111.80367, 40.695009 ], [ -111.798938, 40.692857 ], [ -111.7986, 40.692812 ], [ -111.797885, 40.692772 ], [ -111.796809, 40.695097 ], [ -111.793112, 40.697865 ], [ -111.792046, 40.698918 ], [ -111.791724, 40.700194 ], [ -111.791719, 40.700293 ], [ -111.792329, 40.701229 ], [ -111.793034, 40.701995 ], [ -111.793116, 40.702063 ], [ -111.793162, 40.702072 ], [ -111.794428, 40.701617 ], [ -111.795295, 40.701554 ], [ -111.79875, 40.703282 ], [ -111.798858, 40.706726 ], [ -111.79886, 40.706787 ], [ -111.799369, 40.7078 ], [ -111.800403, 40.708547 ], [ -111.802502, 40.709771 ], [ -111.802972, 40.709854 ], [ -111.803532, 40.709878 ], [ -111.808284, 40.707668 ], [ -111.811075, 40.710386 ], [ -111.812961, 40.712256 ], [ -111.813436, 40.712485 ], [ -111.814967, 40.711519 ], [ -111.817294, 40.709897 ], [ -111.818313, 40.709008 ], [ -111.822323, 40.705981 ], [ -111.824847, 40.704377 ], [ -111.827939, 40.701669 ], [ -111.829655, 40.69997 ], [ -111.829656, 40.699921 ] ] ] } },
{ "type": "Feature", "properties": { "group_index": 0, "value": 600.0, "center": [ -111.81021518973044, 40.699846918402194 ], "point_id": 26 }, "geometry": { "type": "Polygon", "coordinates": [ [ [ -111.847118, 40.699664 ], [ -111.845724, 40.69813 ], [ -111.840499, 40.694269 ], [ -111.834056, 40.688923 ], [ -111.830494, 40.685288 ], [ -111.828507, 40.683662 ], [ -111.824468, 40.680361 ], [ -111.821755, 40.678456 ], [ -111.821019, 40.678101 ], [ -111.815037, 40.676042 ], [ -111.81497, 40.676042 ], [ -111.809537, 40.679901 ], [ -111.806342, 40.682247 ], [ -111.800315, 40.682434 ], [ -111.798662, 40.682049 ], [ -111.795678, 40.682037 ], [ -111.79449, 40.682343 ], [ -111.793789, 40.682574 ], [ -111.788528, 40.685596 ], [ -111.787257, 40.687291 ], [ -111.785702, 40.693666 ], [ -111.785613, 40.694183 ], [ -111.785603, 40.695412 ], [ -111.785552, 40.701047 ], [ -111.787998, 40.704461 ], [ -111.791795, 40.709535 ], [ -111.792275, 40.709665 ], [ -111.799747, 40.712334 ], [ -111.801916, 40.713444 ], [ -111.810781, 40.714883 ], [ -111.812928, 40.715046 ], [ -111.81392, 40.714905 ], [ -111.8146, 40.714819 ], [ -111.815227, 40.714708 ], [ -111.821305, 40.714249 ], [ -111.824625, 40.714935 ], [ -111.827595, 40.715986 ], [ -111.828381, 40.71625 ], [ -111.828824, 40.716367 ], [ -111.833468, 40.711411 ], [ -111.836257, 40.709254 ], [ -111.838176, 40.707892 ], [ -111.843699, 40.703317 ], [ -111.84574, 40.70173 ], [ -111.846756, 40.700391 ], [ -111.847112, 40.699901 ], [ -111.847118, 40.699664 ] ] ] } },
{ "type": "Feature", "properties": { "group_index": 0, "value": 900.0, "center": [ -111.81021518973044, 40.699846918402194 ], "point_id": 26 }, "geometry": { "type": "Polygon", "coordinates": [ [ [ -111.865074, 40.700015 ], [ -111.865072, 40.699735 ], [ -111.865072, 40.699712 ], [ -111.863485, 40.698089 ], [ -111.859714, 40.695125 ], [ -111.858193, 40.694119 ], [ -111.852198, 40.68849 ], [ -111.848276, 40.685283 ], [ -111.843715, 40.680239 ], [ -111.842488, 40.678592 ], [ -111.840489, 40.676173 ], [ -111.839472, 40.67492 ], [ -111.83611, 40.673733 ], [ -111.82979, 40.670956 ], [ -111.826709, 40.668067 ], [ -111.826664, 40.668022 ], [ -111.824188, 40.667264 ], [ -111.818963, 40.666351 ], [ -111.815685, 40.665852 ], [ -111.807137, 40.666936 ], [ -111.805553, 40.667468 ], [ -111.80148, 40.669808 ], [ -111.793875, 40.671243 ], [ -111.789393, 40.670556 ], [ -111.782045, 40.674998 ], [ -111.779955, 40.676225 ], [ -111.77948, 40.676525 ], [ -111.778464, 40.680096 ], [ -111.780593, 40.683275 ], [ -111.773525, 40.688654 ], [ -111.772537, 40.68877 ], [ -111.77015, 40.689031 ], [ -111.76982, 40.68911 ], [ -111.77065, 40.692613 ], [ -111.77098, 40.692534 ], [ -111.772906, 40.692351 ], [ -111.779105, 40.696819 ], [ -111.779385, 40.697661 ], [ -111.780194, 40.698519 ], [ -111.780382, 40.698714 ], [ -111.784428, 40.701158 ], [ -111.787998, 40.704461 ], [ -111.791795, 40.709535 ], [ -111.796101, 40.713321 ], [ -111.800382, 40.714126 ], [ -111.801369, 40.714471 ], [ -111.802084, 40.714755 ], [ -111.808338, 40.720342 ], [ -111.80895, 40.721006 ], [ -111.809957, 40.721344 ], [ -111.810072, 40.721347 ], [ -111.810696, 40.720995 ], [ -111.815227, 40.714708 ], [ -111.821305, 40.714249 ], [ -111.824625, 40.714935 ], [ -111.828184, 40.720148 ], [ -111.828587, 40.721376 ], [ -111.830965, 40.722513 ], [ -111.8378, 40.72329 ], [ -111.844536, 40.721552 ], [ -111.847469, 40.714493 ], [ -111.854741, 40.710773 ], [ -111.855824, 40.709641 ], [ -111.861843, 40.703381 ], [ -111.863499, 40.701689 ], [ -111.865073, 40.700058 ], [ -111.865074, 40.700015 ] ] ] } },
{ "type": "Feature", "properties": { "group_index": 0, "value": 300.0, "center": [ -111.8244221625478, 40.69987058187365 ], "point_id": 26 }, "geometry": { "type": "Polygon", "coordinates": [ [ [ -111.842322, 40.701004 ], [ -111.842315, 40.698354 ], [ -111.84223, 40.698135 ], [ -111.837498, 40.694589 ], [ -111.835102, 40.692882 ], [ -111.831299, 40.690135 ], [ -111.829934, 40.688701 ], [ -111.825373, 40.685286 ], [ -111.824581, 40.684683 ], [ -111.82453, 40.684682 ], [ -111.82414, 40.684906 ], [ -111.82365, 40.685284 ], [ -111.819349, 40.688597 ], [ -111.817827, 40.690253 ], [ -111.814507, 40.692642 ], [ -111.813162, 40.694161 ], [ -111.808875, 40.696239 ], [ -111.806624, 40.698118 ], [ -111.804931, 40.699799 ], [ -111.804873, 40.699918 ], [ -111.804873, 40.699943 ], [ -111.80664, 40.701718 ], [ -111.808004, 40.702797 ], [ -111.809576, 40.703581 ], [ -111.813153, 40.70672 ], [ -111.814306, 40.707595 ], [ -111.814986, 40.7081 ], [ -111.819782, 40.711303 ], [ -111.82463, 40.714517 ], [ -111.824797, 40.714533 ], [ -111.826307, 40.713768 ], [ -111.828807, 40.712035 ], [ -111.831323, 40.709524 ], [ -111.834444, 40.707752 ], [ -111.83745, 40.705195 ], [ -111.839438, 40.703828 ], [ -111.8422, 40.701735 ], [ -111.842322, 40.701004 ] ] ] } },
{ "type": "Feature", "properties": { "group_index": 0, "value": 600.0, "center": [ -111.8244221625478, 40.69987058187365 ], "point_id": 26 }, "geometry": { "type": "Polygon", "coordinates": [ [ [ -111.861543, 40.699759 ], [ -111.859961, 40.69801 ], [ -111.854475, 40.693866 ], [ -111.849261, 40.688393 ], [ -111.846064, 40.686255 ], [ -111.844631, 40.685291 ], [ -111.84086, 40.682844 ], [ -111.837539, 40.679506 ], [ -111.835167, 40.677068 ], [ -111.831212, 40.675765 ], [ -111.825253, 40.671438 ], [ -111.824542, 40.671474 ], [ -111.822333, 40.672724 ], [ -111.821109, 40.673608 ], [ -111.816784, 40.676861 ], [ -111.813701, 40.67918 ], [ -111.80891, 40.682745 ], [ -111.804963, 40.685222 ], [ -111.803653, 40.686044 ], [ -111.802518, 40.686898 ], [ -111.795532, 40.691885 ], [ -111.791858, 40.695804 ], [ -111.790701, 40.697218 ], [ -111.790702, 40.69749 ], [ -111.79113, 40.700845 ], [ -111.792029, 40.703448 ], [ -111.793058, 40.704555 ], [ -111.796144, 40.707499 ], [ -111.797483, 40.70876 ], [ -111.805331, 40.712835 ], [ -111.805843, 40.713164 ], [ -111.80815, 40.714228 ], [ -111.808513, 40.714351 ], [ -111.809058, 40.714478 ], [ -111.810781, 40.714883 ], [ -111.812928, 40.715046 ], [ -111.81392, 40.714905 ], [ -111.8146, 40.714819 ], [ -111.815227, 40.714708 ], [ -111.815628, 40.714593 ], [ -111.816253, 40.714237 ], [ -111.82463, 40.714517 ], [ -111.827595, 40.715986 ], [ -111.832, 40.720346 ], [ -111.832041, 40.720404 ], [ -111.833087, 40.721191 ], [ -111.833106, 40.721196 ], [ -111.833655, 40.721262 ], [ -111.839958, 40.719835 ], [ -111.843486, 40.7145 ], [ -111.847374, 40.711428 ], [ -111.853481, 40.708404 ], [ -111.856699, 40.705312 ], [ -111.861546, 40.70005 ], [ -111.861543, 40.699759 ] ] ] } },
{ "type": "Feature", "properties": { "group_index": 0, "value": 900.0, "center": [ -111.8244221625478, 40.69987058187365 ], "point_id": 26 }, "geometry": { "type": "Polygon", "coordinates": [ [ [ -111.87886, 40.70013 ], [ -111.878862, 40.700052 ], [ -111.878739, 40.69928 ], [ -111.878062, 40.698401 ], [ -111.877742, 40.698058 ], [ -111.87191, 40.693563 ], [ -111.866001, 40.688555 ], [ -111.862983, 40.685691 ], [ -111.862434, 40.685249 ], [ -111.861518, 40.684528 ], [ -111.854842, 40.679017 ], [ -111.85083, 40.675733 ], [ -111.847551, 40.672484 ], [ -111.841178, 40.66868 ], [ -111.835489, 40.663837 ], [ -111.82949, 40.662185 ], [ -111.825153, 40.660263 ], [ -111.824914, 40.660159 ], [ -111.81952, 40.659263 ], [ -111.819168, 40.659259 ], [ -111.818759, 40.659317 ], [ -111.812601, 40.664081 ], [ -111.80731, 40.668993 ], [ -111.805525, 40.670416 ], [ -111.804243, 40.672017 ], [ -111.803108, 40.673277 ], [ -111.799026, 40.677087 ], [ -111.792982, 40.679773 ], [ -111.785792, 40.684741 ], [ -111.783209, 40.687631 ], [ -111.783902, 40.691164 ], [ -111.785128, 40.699135 ], [ -111.784303, 40.701067 ], [ -111.789802, 40.707965 ], [ -111.790333, 40.708711 ], [ -111.790856, 40.709109 ], [ -111.798471, 40.711967 ], [ -111.802292, 40.714045 ], [ -111.80331, 40.714467 ], [ -111.804262, 40.714586 ], [ -111.809058, 40.714478 ], [ -111.810781, 40.714883 ], [ -111.812928, 40.715046 ], [ -111.817893, 40.721877 ], [ -111.8204, 40.724948 ], [ -111.826684, 40.729411 ], [ -111.829544, 40.731427 ], [ -111.83012, 40.731761 ], [ -111.833145, 40.732523 ], [ -111.836611, 40.73262 ], [ -111.836653, 40.73262 ], [ -111.836991, 40.732556 ], [ -111.842168, 40.731301 ], [ -111.845348, 40.729315 ], [ -111.847738, 40.727583 ], [ -111.853818, 40.723831 ], [ -111.858093, 40.721091 ], [ -111.858793, 40.720183 ], [ -111.864985, 40.714466 ], [ -111.86726, 40.711425 ], [ -111.870706, 40.70768 ], [ -111.874265, 40.704915 ], [ -111.878043, 40.701498 ], [ -111.878744, 40.700497 ], [ -111.87886, 40.70013 ] ] ] } },
{ "type": "Feature", "properties": { "group_index": 0, "value": 300.0, "center": [ -111.83870266914941, 40.699903973258316 ], "point_id": 26 }, "geometry": { "type": "Polygon", "coordinates": [ [ [ -111.858142, 40.69988 ], [ -111.856442, 40.698115 ], [ -111.855163, 40.697045 ], [ -111.854646, 40.69668 ], [ -111.850813, 40.694755 ], [ -111.849078, 40.693896 ], [ -111.846209, 40.690506 ], [ -111.845368, 40.689304 ], [ -111.842078, 40.686808 ], [ -111.840008, 40.68529 ], [ -111.83965, 40.68529 ], [ -111.838134, 40.688149 ], [ -111.83785, 40.688507 ], [ -111.835837, 40.689846 ], [ -111.831687, 40.688664 ], [ -111.831484, 40.688686 ], [ -111.828811, 40.691215 ], [ -111.82491, 40.69492 ], [ -111.820911, 40.698069 ], [ -111.820028, 40.699306 ], [ -111.819493, 40.700412 ], [ -111.819536, 40.700581 ], [ -111.823489, 40.704037 ], [ -111.828011, 40.70722 ], [ -111.829094, 40.708082 ], [ -111.833676, 40.711411 ], [ -111.838448, 40.714504 ], [ -111.838774, 40.714594 ], [ -111.838873, 40.714594 ], [ -111.839933, 40.714506 ], [ -111.843163, 40.711967 ], [ -111.846243, 40.709585 ], [ -111.847672, 40.708041 ], [ -111.851335, 40.704616 ], [ -111.853219, 40.704709 ], [ -111.853443, 40.704717 ], [ -111.856456, 40.701715 ], [ -111.858143, 40.699907 ], [ -111.858142, 40.69988 ] ] ] } },
{ "type": "Feature", "properties": { "group_index": 0, "value": 600.0, "center": [ -111.83870266914941, 40.699903973258316 ], "point_id": 26 }, "geometry": { "type": "Polygon", "coordinates": [ [ [ -111.87599, 40.699857 ], [ -111.874235, 40.698076 ], [ -111.869732, 40.694581 ], [ -111.865841, 40.691261 ], [ -111.861249, 40.688111 ], [ -111.858876, 40.685482 ], [ -111.858812, 40.685401 ], [ -111.851805, 40.679994 ], [ -111.845477, 40.676928 ], [ -111.842357, 40.675494 ], [ -111.841948, 40.675498 ], [ -111.833685, 40.675889 ], [ -111.829008, 40.675806 ], [ -111.828947, 40.675832 ], [ -111.822632, 40.681903 ], [ -111.819014, 40.684414 ], [ -111.817673, 40.685274 ], [ -111.81607, 40.686529 ], [ -111.810804, 40.692335 ], [ -111.807787, 40.693822 ], [ -111.803112, 40.698118 ], [ -111.801845, 40.699733 ], [ -111.801845, 40.699791 ], [ -111.802018, 40.700233 ], [ -111.803127, 40.701718 ], [ -111.808416, 40.705835 ], [ -111.814325, 40.710389 ], [ -111.818055, 40.71332 ], [ -111.818368, 40.713319 ], [ -111.821457, 40.713196 ], [ -111.825768, 40.715264 ], [ -111.828179, 40.720133 ], [ -111.829221, 40.721505 ], [ -111.830845, 40.722513 ], [ -111.830919, 40.722513 ], [ -111.836094, 40.723164 ], [ -111.840168, 40.724603 ], [ -111.841628, 40.725207 ], [ -111.841736, 40.725249 ], [ -111.842239, 40.725363 ], [ -111.842361, 40.725379 ], [ -111.843458, 40.725152 ], [ -111.848917, 40.722061 ], [ -111.856448, 40.718221 ], [ -111.857372, 40.718224 ], [ -111.859495, 40.716473 ], [ -111.86145, 40.714486 ], [ -111.862998, 40.712909 ], [ -111.863922, 40.71171 ], [ -111.867201, 40.707613 ], [ -111.871085, 40.704061 ], [ -111.872171, 40.703198 ], [ -111.874249, 40.701676 ], [ -111.87599, 40.699896 ], [ -111.87599, 40.699857 ] ] ] } },
{ "type": "Feature", "properties": { "group_index": 0, "value": 900.0, "center": [ -111.83870266914941, 40.699903973258316 ], "point_id": 26 }, "geometry": { "type": "Polygon", "coordinates": [ [ [ -111.893788, 40.699813 ], [ -111.891991, 40.69798 ], [ -111.891332, 40.697507 ], [ -111.884314, 40.691885 ], [ -111.883357, 40.691153 ], [ -111.879059, 40.687731 ], [ -111.876247, 40.68526 ], [ -111.869495, 40.680128 ], [ -111.866967, 40.678208 ], [ -111.865922, 40.677415 ], [ -111.859944, 40.67292 ], [ -111.854371, 40.668532 ], [ -111.854171, 40.668531 ], [ -111.847557, 40.669114 ], [ -111.843854, 40.666066 ], [ -111.843454, 40.665571 ], [ -111.842507, 40.664169 ], [ -111.840381, 40.662935 ], [ -111.838761, 40.662444 ], [ -111.83833, 40.662481 ], [ -111.833852, 40.665109 ], [ -111.827486, 40.665318 ], [ -111.825595, 40.665487 ], [ -111.822398, 40.665713 ], [ -111.822394, 40.665715 ], [ -111.819537, 40.669436 ], [ -111.815004, 40.673496 ], [ -111.813616, 40.67448 ], [ -111.810062, 40.676756 ], [ -111.807739, 40.678131 ], [ -111.802336, 40.682665 ], [ -111.802054, 40.682903 ], [ -111.798288, 40.686668 ], [ -111.796615, 40.688708 ], [ -111.793423, 40.692236 ], [ -111.789809, 40.695142 ], [ -111.788997, 40.695678 ], [ -111.788809, 40.695807 ], [ -111.78781, 40.700323 ], [ -111.787801, 40.700396 ], [ -111.787864, 40.701199 ], [ -111.791273, 40.70674 ], [ -111.79165, 40.706977 ], [ -111.795835, 40.7081 ], [ -111.803398, 40.712758 ], [ -111.803713, 40.712884 ], [ -111.804053, 40.712992 ], [ -111.805954, 40.713491 ], [ -111.806109, 40.713545 ], [ -111.806763, 40.713777 ], [ -111.812739, 40.720108 ], [ -111.813316, 40.721263 ], [ -111.816853, 40.726295 ], [ -111.820943, 40.728864 ], [ -111.825702, 40.732537 ], [ -111.827933, 40.734122 ], [ -111.829914, 40.735388 ], [ -111.833672, 40.736725 ], [ -111.839062, 40.738246 ], [ -111.839419, 40.738327 ], [ -111.842792, 40.738425 ], [ -111.843264, 40.738378 ], [ -111.844379, 40.737937 ], [ -111.845925, 40.737143 ], [ -111.848626, 40.735289 ], [ -111.849915, 40.73432 ], [ -111.85372, 40.732406 ], [ -111.859617, 40.732074 ], [ -111.859655, 40.732074 ], [ -111.861373, 40.73103 ], [ -111.862111, 40.730463 ], [ -111.866233, 40.727127 ], [ -111.870026, 40.723583 ], [ -111.875793, 40.716761 ], [ -111.879242, 40.714457 ], [ -111.880913, 40.712674 ], [ -111.884992, 40.707573 ], [ -111.889488, 40.703593 ], [ -111.892009, 40.70158 ], [ -111.892744, 40.700905 ], [ -111.893788, 40.69982 ], [ -111.893788, 40.699813 ] ] ] } },
{ "type": "Feature", "properties": { "group_index": 0, "value": 300.0, "center": [ -111.852333753732, 40.6998214885889 ], "point_id": 26 }, "geometry": { "type": "Polygon", "coordinates": [ [ [ -111.870468, 40.699837 ], [ -111.868726, 40.698073 ], [ -111.864579, 40.694505 ], [ -111.859917, 40.691309 ], [ -111.855637, 40.688132 ], [ -111.854587, 40.687334 ], [ -111.85422, 40.687336 ], [ -111.848524, 40.688303 ], [ -111.845476, 40.687438 ], [ -111.845403, 40.687462 ], [ -111.84258, 40.691636 ], [ -111.840304, 40.693481 ], [ -111.840151, 40.693593 ], [ -111.837674, 40.696346 ], [ -111.835665, 40.698081 ], [ -111.834241, 40.699578 ], [ -111.834108, 40.699952 ], [ -111.834107, 40.700064 ], [ -111.835629, 40.701681 ], [ -111.840226, 40.705393 ], [ -111.840235, 40.705401 ], [ -111.841068, 40.705858 ], [ -111.842923, 40.706547 ], [ -111.846384, 40.707437 ], [ -111.84866, 40.709595 ], [ -111.849768, 40.71046 ], [ -111.85274, 40.711573 ], [ -111.855615, 40.712307 ], [ -111.85608, 40.712037 ], [ -111.859645, 40.709692 ], [ -111.861996, 40.707678 ], [ -111.86597, 40.70412 ], [ -111.868718, 40.701673 ], [ -111.870468, 40.699869 ], [ -111.870468, 40.699837 ] ] ] } },
{ "type": "Feature", "properties": { "group_index": 0, "value": 600.0, "center": [ -111.852333753732, 40.6998214885889 ], "point_id": 26 }, "geometry": { "type": "Polygon", "coordinates": [ [ [ -111.88769, 40.698827 ], [ -111.887682, 40.69881 ], [ -111.883076, 40.695513 ], [ -111.879573, 40.692461 ], [ -111.877678, 40.690804 ], [ -111.871841, 40.68674 ], [ -111.870114, 40.684834 ], [ -111.866074, 40.682114 ], [ -111.859742, 40.678038 ], [ -111.855672, 40.675084 ], [ -111.854887, 40.674702 ], [ -111.853181, 40.674676 ], [ -111.852578, 40.674676 ], [ -111.845773, 40.676132 ], [ -111.843221, 40.674743 ], [ -111.842164, 40.674419 ], [ -111.84193, 40.674416 ], [ -111.838801, 40.676996 ], [ -111.834908, 40.680594 ], [ -111.83008, 40.685288 ], [ -111.828716, 40.687093 ], [ -111.823846, 40.693272 ], [ -111.82186, 40.694935 ], [ -111.817855, 40.698066 ], [ -111.816149, 40.699807 ], [ -111.816148, 40.69983 ], [ -111.817852, 40.701666 ], [ -111.824207, 40.7068 ], [ -111.830333, 40.711411 ], [ -111.832832, 40.713339 ], [ -111.838402, 40.717255 ], [ -111.841228, 40.719401 ], [ -111.841722, 40.719515 ], [ -111.845095, 40.719953 ], [ -111.851773, 40.724688 ], [ -111.853592, 40.725814 ], [ -111.853681, 40.725828 ], [ -111.858536, 40.725262 ], [ -111.86004, 40.725057 ], [ -111.860802, 40.724383 ], [ -111.863155, 40.721602 ], [ -111.866962, 40.717636 ], [ -111.871165, 40.714473 ], [ -111.872868, 40.712651 ], [ -111.878877, 40.708131 ], [ -111.880293, 40.707111 ], [ -111.886526, 40.701652 ], [ -111.887301, 40.700652 ], [ -111.88769, 40.698827 ] ] ] } },
{ "type": "Feature", "properties": { "group_index": 0, "value": 900.0, "center": [ -111.852333753732, 40.6998214885889 ], "point_id": 26 }, "geometry": { "type": "Polygon", "coordinates": [ [ [ -111.904261, 40.697959 ], [ -111.901555, 40.696408 ], [ -111.894763, 40.690755 ], [ -111.891337, 40.687898 ], [ -111.887543, 40.684745 ], [ -111.883538, 40.681809 ], [ -111.879022, 40.678516 ], [ -111.875457, 40.675436 ], [ -111.871376, 40.67241 ], [ -111.867112, 40.66982 ], [ -111.865022, 40.668965 ], [ -111.859598, 40.66393 ], [ -111.856263, 40.661812 ], [ -111.854886, 40.661018 ], [ -111.854502, 40.660908 ], [ -111.853712, 40.660688 ], [ -111.853575, 40.660669 ], [ -111.851763, 40.661888 ], [ -111.843996, 40.664443 ], [ -111.842431, 40.663497 ], [ -111.839895, 40.66182 ], [ -111.839689, 40.661624 ], [ -111.839212, 40.661631 ], [ -111.837946, 40.662352 ], [ -111.835135, 40.664063 ], [ -111.832867, 40.665832 ], [ -111.825337, 40.668671 ], [ -111.825318, 40.668683 ], [ -111.822755, 40.672611 ], [ -111.819603, 40.678925 ], [ -111.815893, 40.682452 ], [ -111.815189, 40.682942 ], [ -111.813794, 40.683898 ], [ -111.8123, 40.685251 ], [ -111.811855, 40.686274 ], [ -111.807932, 40.692124 ], [ -111.805192, 40.693325 ], [ -111.799176, 40.69884 ], [ -111.799172, 40.698845 ], [ -111.79875, 40.699522 ], [ -111.798756, 40.699776 ], [ -111.798925, 40.700463 ], [ -111.800061, 40.701718 ], [ -111.80374, 40.704911 ], [ -111.808269, 40.708507 ], [ -111.809548, 40.709468 ], [ -111.814046, 40.712779 ], [ -111.816285, 40.714175 ], [ -111.817009, 40.714064 ], [ -111.81755, 40.713974 ], [ -111.819683, 40.713946 ], [ -111.825538, 40.720391 ], [ -111.826504, 40.721542 ], [ -111.82786, 40.723024 ], [ -111.834075, 40.727298 ], [ -111.840222, 40.732522 ], [ -111.841923, 40.733325 ], [ -111.842283, 40.733456 ], [ -111.847441, 40.735286 ], [ -111.850539, 40.737144 ], [ -111.853297, 40.739028 ], [ -111.853654, 40.739097 ], [ -111.853695, 40.739097 ], [ -111.859748, 40.739034 ], [ -111.859803, 40.739029 ], [ -111.862715, 40.737264 ], [ -111.86746, 40.733687 ], [ -111.869526, 40.732117 ], [ -111.875479, 40.727235 ], [ -111.878631, 40.723162 ], [ -111.883627, 40.718532 ], [ -111.88421, 40.718085 ], [ -111.886565, 40.716277 ], [ -111.887755, 40.715369 ], [ -111.888982, 40.71447 ], [ -111.892973, 40.710805 ], [ -111.898978, 40.705684 ], [ -111.904011, 40.701827 ], [ -111.904267, 40.701559 ], [ -111.904261, 40.697959 ] ] ] } },
{ "type": "Feature", "properties": { "group_index": 0, "value": 300.0, "center": [ -111.86546296670694, 40.69988432991283 ], "point_id": 26 }, "geometry": { "type": "Polygon", "coordinates": [ [ [ -111.884522, 40.700092 ], [ -111.884519, 40.699478 ], [ -111.883256, 40.698062 ], [ -111.882625, 40.697706 ], [ -111.877951, 40.694036 ], [ -111.877159, 40.693207 ], [ -111.873058, 40.69076 ], [ -111.871266, 40.689361 ], [ -111.86825, 40.686796 ], [ -111.866712, 40.685079 ], [ -111.866672, 40.685054 ], [ -111.865742, 40.684789 ], [ -111.864658, 40.685251 ], [ -111.863492, 40.686064 ], [ -111.860587, 40.688131 ], [ -111.857822, 40.689754 ], [ -111.85694, 40.690524 ], [ -111.853554, 40.693322 ], [ -111.849843, 40.695902 ], [ -111.849529, 40.69614 ], [ -111.845916, 40.699978 ], [ -111.845917, 40.699992 ], [ -111.847701, 40.701722 ], [ -111.85002, 40.703607 ], [ -111.851982, 40.704681 ], [ -111.855019, 40.707291 ], [ -111.858708, 40.71071 ], [ -111.863655, 40.713366 ], [ -111.864542, 40.714472 ], [ -111.865347, 40.715166 ], [ -111.865353, 40.715166 ], [ -111.866386, 40.714466 ], [ -111.86871, 40.712734 ], [ -111.871732, 40.710436 ], [ -111.873107, 40.709121 ], [ -111.877903, 40.70615 ], [ -111.880186, 40.704061 ], [ -111.883251, 40.701662 ], [ -111.88452, 40.700283 ], [ -111.884522, 40.700092 ] ] ] } },
{ "type": "Feature", "properties": { "group_index": 0, "value": 600.0, "center": [ -111.86546296670694, 40.69988432991283 ], "point_id": 26 }, "geometry": { "type": "Polygon", "coordinates": [ [ [ -111.90155, 40.699024 ], [ -111.90155, 40.698881 ], [ -111.900962, 40.698013 ], [ -111.899935, 40.697221 ], [ -111.894248, 40.692916 ], [ -111.890004, 40.689835 ], [ -111.886928, 40.686968 ], [ -111.885966, 40.686208 ], [ -111.884752, 40.685268 ], [ -111.878803, 40.681333 ], [ -111.874349, 40.677705 ], [ -111.872936, 40.676505 ], [ -111.867523, 40.672376 ], [ -111.86751, 40.672367 ], [ -111.866474, 40.671877 ], [ -111.865889, 40.671876 ], [ -111.863951, 40.672728 ], [ -111.858147, 40.67639 ], [ -111.856928, 40.677208 ], [ -111.853336, 40.679983 ], [ -111.85052, 40.682007 ], [ -111.844126, 40.683162 ], [ -111.844113, 40.683163 ], [ -111.843546, 40.683257 ], [ -111.839348, 40.688163 ], [ -111.834272, 40.694011 ], [ -111.8299, 40.69807 ], [ -111.828185, 40.699827 ], [ -111.828185, 40.699877 ], [ -111.828329, 40.700064 ], [ -111.829901, 40.70167 ], [ -111.833371, 40.704351 ], [ -111.838164, 40.708524 ], [ -111.844626, 40.714496 ], [ -111.850692, 40.720114 ], [ -111.853536, 40.72094 ], [ -111.859796, 40.724408 ], [ -111.861488, 40.725665 ], [ -111.863305, 40.727119 ], [ -111.864699, 40.727999 ], [ -111.865461, 40.728406 ], [ -111.865487, 40.728406 ], [ -111.865921, 40.728129 ], [ -111.867701, 40.726923 ], [ -111.871699, 40.724 ], [ -111.876889, 40.720475 ], [ -111.877983, 40.719669 ], [ -111.881109, 40.717336 ], [ -111.883684, 40.71536 ], [ -111.888891, 40.711509 ], [ -111.890752, 40.710023 ], [ -111.895716, 40.705676 ], [ -111.899738, 40.702588 ], [ -111.901045, 40.701612 ], [ -111.901536, 40.700783 ], [ -111.90155, 40.699024 ] ] ] } },
{ "type": "Feature", "properties": { "group_index": 0, "value": 900.0, "center": [ -111.86546296670694, 40.69988432991283 ], "point_id": 26 }, "geometry": { "type": "Polygon", "coordinates": [ [ [ -111.919784, 40.699833 ], [ -111.919405, 40.698755 ], [ -111.918746, 40.697629 ], [ -111.917754, 40.696947 ], [ -111.911396, 40.692113 ], [ -111.906813, 40.688793 ], [ -111.902616, 40.6849 ], [ -111.90237, 40.68472 ], [ -111.897915, 40.681612 ], [ -111.891994, 40.677074 ], [ -111.88495, 40.672066 ], [ -111.882782, 40.670851 ], [ -111.877458, 40.668422 ], [ -111.873653, 40.664846 ], [ -111.872306, 40.663292 ], [ -111.866716, 40.658764 ], [ -111.865474, 40.658214 ], [ -111.865142, 40.658121 ], [ -111.865062, 40.658117 ], [ -111.861915, 40.659477 ], [ -111.859058, 40.661023 ], [ -111.853799, 40.665808 ], [ -111.851244, 40.667241 ], [ -111.84575, 40.671771 ], [ -111.840952, 40.670142 ], [ -111.840718, 40.670156 ], [ -111.833741, 40.67368 ], [ -111.832949, 40.675201 ], [ -111.828945, 40.6812 ], [ -111.827578, 40.682511 ], [ -111.824342, 40.685287 ], [ -111.822583, 40.686914 ], [ -111.819071, 40.69268 ], [ -111.816264, 40.694858 ], [ -111.814238, 40.696492 ], [ -111.813329, 40.697204 ], [ -111.812115, 40.698126 ], [ -111.811778, 40.699563 ], [ -111.812104, 40.701726 ], [ -111.817291, 40.705823 ], [ -111.823062, 40.710364 ], [ -111.82683, 40.71454 ], [ -111.832331, 40.718574 ], [ -111.832731, 40.71885 ], [ -111.840062, 40.723703 ], [ -111.840149, 40.724558 ], [ -111.843275, 40.727329 ], [ -111.845755, 40.729313 ], [ -111.84679, 40.730094 ], [ -111.847833, 40.73088 ], [ -111.84974, 40.732156 ], [ -111.85228, 40.733325 ], [ -111.858334, 40.737578 ], [ -111.863745, 40.740949 ], [ -111.863894, 40.741029 ], [ -111.864629, 40.741357 ], [ -111.865945, 40.741637 ], [ -111.865984, 40.741637 ], [ -111.867154, 40.740749 ], [ -111.871742, 40.737402 ], [ -111.877276, 40.733657 ], [ -111.879885, 40.731684 ], [ -111.881164, 40.730719 ], [ -111.882315, 40.729853 ], [ -111.888896, 40.725045 ], [ -111.891954, 40.722848 ], [ -111.893875, 40.721247 ], [ -111.896709, 40.718767 ], [ -111.902839, 40.714453 ], [ -111.904562, 40.71156 ], [ -111.904593, 40.711162 ], [ -111.904599, 40.710751 ], [ -111.904579, 40.710386 ], [ -111.904282, 40.709387 ], [ -111.908721, 40.701801 ], [ -111.909224, 40.701799 ], [ -111.909704, 40.701779 ], [ -111.910356, 40.701716 ], [ -111.910822, 40.701698 ], [ -111.911354, 40.701612 ], [ -111.912963, 40.701411 ], [ -111.916421, 40.701999 ], [ -111.917289, 40.702074 ], [ -111.91733, 40.702075 ], [ -111.918528, 40.70136 ], [ -111.91875, 40.701229 ], [ -111.919782, 40.699875 ], [ -111.919784, 40.699833 ] ] ] } },
{ "type": "Feature", "properties": { "group_index": 0, "value": 300.0, "center": [ -111.87695454476967, 40.69986954374691 ], "point_id": 26 }, "geometry": { "type": "Polygon", "coordinates": [ [ [ -111.895785, 40.699241 ], [ -111.894731, 40.697943 ], [ -111.892194, 40.696078 ], [ -111.888052, 40.692937 ], [ -111.885671, 40.691149 ], [ -111.88128, 40.687731 ], [ -111.877914, 40.685269 ], [ -111.876128, 40.685259 ], [ -111.875212, 40.686347 ], [ -111.870713, 40.689358 ], [ -111.869209, 40.690497 ], [ -111.86514, 40.693583 ], [ -111.862897, 40.695249 ], [ -111.859155, 40.698101 ], [ -111.857944, 40.699455 ], [ -111.857632, 40.700193 ], [ -111.857637, 40.700235 ], [ -111.859168, 40.701701 ], [ -111.861395, 40.703383 ], [ -111.86356, 40.704619 ], [ -111.867027, 40.707613 ], [ -111.86828, 40.708602 ], [ -111.869629, 40.709655 ], [ -111.871526, 40.710435 ], [ -111.874744, 40.712974 ], [ -111.875077, 40.713343 ], [ -111.875964, 40.71446 ], [ -111.876771, 40.714938 ], [ -111.876865, 40.714939 ], [ -111.8778, 40.714463 ], [ -111.87924, 40.713597 ], [ -111.883818, 40.710019 ], [ -111.888386, 40.706463 ], [ -111.891213, 40.704294 ], [ -111.894682, 40.701542 ], [ -111.895796, 40.700294 ], [ -111.895785, 40.699241 ] ] ] } },
{ "type": "Feature", "properties": { "group_index": 0, "value": 600.0, "center": [ -111.87695454476967, 40.69986954374691 ], "point_id": 26 }, "geometry": { "type": "Polygon", "coordinates": [ [ [ -111.912918, 40.697595 ], [ -111.906227, 40.693339 ], [ -111.899953, 40.688502 ], [ -111.895918, 40.685115 ], [ -111.894815, 40.684269 ], [ -111.889489, 40.68036 ], [ -111.886257, 40.678039 ], [ -111.881406, 40.674423 ], [ -111.878831, 40.672488 ], [ -111.877347, 40.671536 ], [ -111.876882, 40.671537 ], [ -111.875, 40.672609 ], [ -111.871858, 40.675275 ], [ -111.865522, 40.679158 ], [ -111.860978, 40.682413 ], [ -111.857918, 40.684558 ], [ -111.855894, 40.686167 ], [ -111.851669, 40.689768 ], [ -111.846909, 40.692641 ], [ -111.845357, 40.694105 ], [ -111.841404, 40.698128 ], [ -111.839677, 40.699887 ], [ -111.839676, 40.699909 ], [ -111.841587, 40.70249 ], [ -111.846394, 40.705858 ], [ -111.853056, 40.711621 ], [ -111.858064, 40.715413 ], [ -111.86362, 40.718188 ], [ -111.865697, 40.720227 ], [ -111.871173, 40.724491 ], [ -111.876119, 40.728127 ], [ -111.876705, 40.728129 ], [ -111.876933, 40.728128 ], [ -111.877495, 40.728123 ], [ -111.878676, 40.727236 ], [ -111.882831, 40.724161 ], [ -111.88416, 40.723169 ], [ -111.885689, 40.722026 ], [ -111.891572, 40.717674 ], [ -111.892634, 40.716886 ], [ -111.893668, 40.716107 ], [ -111.894764, 40.715285 ], [ -111.895874, 40.714449 ], [ -111.899778, 40.711452 ], [ -111.901015, 40.710431 ], [ -111.902583, 40.708714 ], [ -111.903298, 40.707987 ], [ -111.909704, 40.701779 ], [ -111.910356, 40.701716 ], [ -111.910822, 40.701698 ], [ -111.911354, 40.701612 ], [ -111.912835, 40.701428 ], [ -111.913261, 40.701179 ], [ -111.912918, 40.697595 ] ] ] } },
{ "type": "Feature", "properties": { "group_index": 0, "value": 900.0, "center": [ -111.87695454476967, 40.69986954374691 ], "point_id": 26 }, "geometry": { "type": "Polygon", "coordinates": [ [ [ -111.93193, 40.698698 ], [ -111.926786, 40.694897 ], [ -111.919578, 40.689522 ], [ -111.917769, 40.687761 ], [ -111.91171, 40.683688 ], [ -111.905534, 40.679172 ], [ -111.901042, 40.675107 ], [ -111.90028, 40.674663 ], [ -111.895683, 40.671999 ], [ -111.89107, 40.66807 ], [ -111.887304, 40.665182 ], [ -111.884168, 40.663186 ], [ -111.883824, 40.662992 ], [ -111.883561, 40.662883 ], [ -111.883472, 40.662849 ], [ -111.883058, 40.662757 ], [ -111.881334, 40.663169 ], [ -111.878992, 40.665114 ], [ -111.870728, 40.666174 ], [ -111.866992, 40.664053 ], [ -111.866885, 40.664031 ], [ -111.866875, 40.664029 ], [ -111.866768, 40.664008 ], [ -111.865054, 40.664749 ], [ -111.865005, 40.664825 ], [ -111.860058, 40.669931 ], [ -111.857422, 40.671094 ], [ -111.856274, 40.671858 ], [ -111.855573, 40.6725 ], [ -111.853562, 40.674678 ], [ -111.849484, 40.677705 ], [ -111.843048, 40.67865 ], [ -111.842941, 40.678639 ], [ -111.839443, 40.681035 ], [ -111.834029, 40.687139 ], [ -111.829074, 40.693504 ], [ -111.823596, 40.698072 ], [ -111.821843, 40.699866 ], [ -111.821843, 40.699893 ], [ -111.822992, 40.701168 ], [ -111.823596, 40.701672 ], [ -111.827059, 40.704377 ], [ -111.833147, 40.709489 ], [ -111.838265, 40.714503 ], [ -111.841827, 40.717267 ], [ -111.845406, 40.720016 ], [ -111.851678, 40.724526 ], [ -111.858739, 40.728725 ], [ -111.86112, 40.730457 ], [ -111.862731, 40.731635 ], [ -111.86433, 40.732836 ], [ -111.865046, 40.733381 ], [ -111.867639, 40.73531 ], [ -111.871778, 40.738546 ], [ -111.875252, 40.740968 ], [ -111.876894, 40.74183 ], [ -111.876922, 40.74183 ], [ -111.877309, 40.741747 ], [ -111.882562, 40.737845 ], [ -111.888795, 40.733259 ], [ -111.892497, 40.730459 ], [ -111.897102, 40.727186 ], [ -111.901303, 40.724218 ], [ -111.902857, 40.722933 ], [ -111.908946, 40.717638 ], [ -111.908946, 40.717457 ], [ -111.908737, 40.714383 ], [ -111.914708, 40.710118 ], [ -111.916926, 40.710709 ], [ -111.918562, 40.710012 ], [ -111.92418, 40.706262 ], [ -111.927372, 40.704192 ], [ -111.928688, 40.703218 ], [ -111.930354, 40.701586 ], [ -111.931935, 40.698718 ], [ -111.93193, 40.698698 ] ] ] } },
{ "type": "Feature", "properties": { "group_index": 0, "value": 300.0, "center": [ -111.90567771929204, 40.5154328623244 ], "point_id": 15 }, "geometry": { "type": "Polygon", "coordinates": [ [ [ -111.912729, 40.521006 ], [ -111.913481, 40.515573 ], [ -111.913905, 40.50985 ], [ -111.913757, 40.509075 ], [ -111.912887, 40.508058 ], [ -111.912527, 40.507887 ], [ -111.908799, 40.505776 ], [ -111.907872, 40.504098 ], [ -111.904547, 40.502173 ], [ -111.904157, 40.502164 ], [ -111.900402, 40.504189 ], [ -111.900071, 40.504452 ], [ -111.897866, 40.506351 ], [ -111.896765, 40.507558 ], [ -111.896763, 40.507636 ], [ -111.897924, 40.51048 ], [ -111.898631, 40.511191 ], [ -111.901185, 40.513356 ], [ -111.904406, 40.516472 ], [ -111.904115, 40.519187 ], [ -111.903862, 40.520024 ], [ -111.903849, 40.52039 ], [ -111.903533, 40.526135 ], [ -111.903268, 40.527036 ], [ -111.90326, 40.527365 ], [ -111.904462, 40.528589 ], [ -111.905865, 40.529766 ], [ -111.906856, 40.529935 ], [ -111.907193, 40.529845 ], [ -111.908842, 40.528646 ], [ -111.912235, 40.523883 ], [ -111.912729, 40.521006 ] ] ] } },
{ "type": "Feature", "properties": { "group_index": 0, "value": 600.0, "center": [ -111.90567771929204, 40.5154328623244 ], "point_id": 15 }, "geometry": { "type": "Polygon", "coordinates": [ [ [ -111.92719, 40.520467 ], [ -111.922768, 40.518921 ], [ -111.922379, 40.51887 ], [ -111.922031, 40.518857 ], [ -111.921172, 40.519153 ], [ -111.913481, 40.515573 ], [ -111.913905, 40.50985 ], [ -111.915101, 40.505182 ], [ -111.917136, 40.502515 ], [ -111.919545, 40.500793 ], [ -111.92021, 40.500387 ], [ -111.918334, 40.497314 ], [ -111.915688, 40.497841 ], [ -111.907239, 40.496712 ], [ -111.904644, 40.496736 ], [ -111.901767, 40.496763 ], [ -111.901588, 40.497529 ], [ -111.901623, 40.49816 ], [ -111.896705, 40.505183 ], [ -111.894335, 40.50494 ], [ -111.89366, 40.504986 ], [ -111.892153, 40.506028 ], [ -111.889991, 40.508948 ], [ -111.889981, 40.509696 ], [ -111.890028, 40.511127 ], [ -111.890039, 40.515954 ], [ -111.889999, 40.51636 ], [ -111.889858, 40.517991 ], [ -111.886331, 40.525191 ], [ -111.885654, 40.526975 ], [ -111.885655, 40.527033 ], [ -111.886728, 40.528633 ], [ -111.887793, 40.529489 ], [ -111.888328, 40.529766 ], [ -111.895423, 40.534681 ], [ -111.896609, 40.535207 ], [ -111.896715, 40.5352 ], [ -111.896716, 40.5352 ], [ -111.896823, 40.535193 ], [ -111.904641, 40.538315 ], [ -111.905348, 40.539254 ], [ -111.910228, 40.541252 ], [ -111.910343, 40.541291 ], [ -111.917655, 40.537565 ], [ -111.91765, 40.536944 ], [ -111.921023, 40.528919 ], [ -111.927221, 40.524067 ], [ -111.92719, 40.520467 ] ] ] } },
{ "type": "Feature", "properties": { "group_index": 0, "value": 900.0, "center": [ -111.90567771929204, 40.5154328623244 ], "point_id": 15 }, "geometry": { "type": "Polygon", "coordinates": [ [ [ -111.945488, 40.522311 ], [ -111.945488, 40.522304 ], [ -111.945488, 40.52228 ], [ -111.943771, 40.520502 ], [ -111.93966, 40.516958 ], [ -111.939643, 40.516949 ], [ -111.938638, 40.516479 ], [ -111.938302, 40.516339 ], [ -111.936735, 40.51573 ], [ -111.930959, 40.510588 ], [ -111.933527, 40.502373 ], [ -111.933654, 40.501694 ], [ -111.933653, 40.501424 ], [ -111.931075, 40.493752 ], [ -111.931317, 40.492096 ], [ -111.931284, 40.491838 ], [ -111.926204, 40.487522 ], [ -111.923628, 40.486235 ], [ -111.92359, 40.486224 ], [ -111.922209, 40.486727 ], [ -111.921602, 40.486962 ], [ -111.921511, 40.487141 ], [ -111.918588, 40.491756 ], [ -111.918565, 40.491967 ], [ -111.918269, 40.494139 ], [ -111.915688, 40.497841 ], [ -111.907239, 40.496712 ], [ -111.904644, 40.496736 ], [ -111.901767, 40.496763 ], [ -111.89345, 40.495852 ], [ -111.88985, 40.495855 ], [ -111.889852, 40.497745 ], [ -111.889853, 40.499636 ], [ -111.889897, 40.500054 ], [ -111.89012, 40.50072 ], [ -111.889991, 40.508948 ], [ -111.888433, 40.512743 ], [ -111.881824, 40.515258 ], [ -111.881819, 40.515258 ], [ -111.881345, 40.515481 ], [ -111.880234, 40.515993 ], [ -111.877438, 40.518354 ], [ -111.874921, 40.520352 ], [ -111.871996, 40.522591 ], [ -111.871741, 40.522828 ], [ -111.869087, 40.525164 ], [ -111.867583, 40.526885 ], [ -111.867583, 40.526964 ], [ -111.869056, 40.528764 ], [ -111.871075, 40.530642 ], [ -111.877608, 40.536024 ], [ -111.885653, 40.53928 ], [ -111.891354, 40.542884 ], [ -111.895293, 40.546215 ], [ -111.898299, 40.548365 ], [ -111.904184, 40.55048 ], [ -111.907784, 40.550477 ], [ -111.914103, 40.548119 ], [ -111.917703, 40.54897 ], [ -111.919798, 40.548572 ], [ -111.920231, 40.548401 ], [ -111.920562, 40.548195 ], [ -111.923494, 40.545969 ], [ -111.923753, 40.543467 ], [ -111.923751, 40.543177 ], [ -111.929376, 40.536167 ], [ -111.929496, 40.536166 ], [ -111.930021, 40.536093 ], [ -111.932013, 40.534699 ], [ -111.93303, 40.533148 ], [ -111.939192, 40.527502 ], [ -111.9438, 40.524102 ], [ -111.945488, 40.522385 ], [ -111.945488, 40.522311 ] ] ] } },
{ "type": "Feature", "properties": { "group_index": 0, "value": 300.0, "center": [ -111.888527, 40.52673348408156 ], "point_id": 15 }, "geometry": { "type": "Polygon", "coordinates": [ [ [ -111.907805, 40.526663 ], [ -111.906182, 40.524983 ], [ -111.904399, 40.524144 ], [ -111.900532, 40.52156 ], [ -111.899005, 40.519506 ], [ -111.898971, 40.519506 ], [ -111.898961, 40.519506 ], [ -111.898858, 40.519508 ], [ -111.89743, 40.519521 ], [ -111.89725, 40.519522 ], [ -111.892505, 40.517002 ], [ -111.892496, 40.513906 ], [ -111.892496, 40.513884 ], [ -111.890303, 40.512745 ], [ -111.889932, 40.512745 ], [ -111.888896, 40.513894 ], [ -111.885041, 40.51622 ], [ -111.881138, 40.517235 ], [ -111.880583, 40.517302 ], [ -111.877061, 40.519801 ], [ -111.875887, 40.520756 ], [ -111.873286, 40.523316 ], [ -111.869607, 40.527159 ], [ -111.869607, 40.527164 ], [ -111.870789, 40.528708 ], [ -111.873482, 40.530657 ], [ -111.876844, 40.534307 ], [ -111.879034, 40.535183 ], [ -111.88104, 40.535857 ], [ -111.88476, 40.53659 ], [ -111.88733, 40.538283 ], [ -111.88817, 40.538822 ], [ -111.891613, 40.540449 ], [ -111.892251, 40.540467 ], [ -111.893178, 40.539459 ], [ -111.896853, 40.536193 ], [ -111.898351, 40.53508 ], [ -111.899942, 40.533249 ], [ -111.904114, 40.530708 ], [ -111.906304, 40.528724 ], [ -111.907679, 40.527143 ], [ -111.907806, 40.526775 ], [ -111.907805, 40.526663 ] ] ] } },
{ "type": "Feature", "properties": { "group_index": 0, "value": 600.0, "center": [ -111.888527, 40.52673348408156 ], "point_id": 15 }, "geometry": { "type": "Polygon", "coordinates": [ [ [ -111.923331, 40.522846 ], [ -111.923265, 40.522729 ], [ -111.923102, 40.522479 ], [ -111.922514, 40.521938 ], [ -111.921858, 40.521461 ], [ -111.921479, 40.521477 ], [ -111.920665, 40.522017 ], [ -111.91229, 40.521159 ], [ -111.911056, 40.517108 ], [ -111.9111, 40.516676 ], [ -111.91126, 40.515389 ], [ -111.91126, 40.51537 ], [ -111.911098, 40.514951 ], [ -111.904747, 40.511123 ], [ -111.903234, 40.50919 ], [ -111.898501, 40.505411 ], [ -111.898193, 40.505408 ], [ -111.897415, 40.505571 ], [ -111.890109, 40.506094 ], [ -111.88703, 40.503515 ], [ -111.884327, 40.502727 ], [ -111.881804, 40.503321 ], [ -111.876036, 40.506028 ], [ -111.875387, 40.506552 ], [ -111.867954, 40.511585 ], [ -111.861833, 40.51675 ], [ -111.856478, 40.522787 ], [ -111.855477, 40.523531 ], [ -111.85282, 40.526938 ], [ -111.852743, 40.527069 ], [ -111.853499, 40.529613 ], [ -111.856337, 40.531832 ], [ -111.86095, 40.533635 ], [ -111.86455, 40.533618 ], [ -111.868727, 40.539825 ], [ -111.868653, 40.54056 ], [ -111.870539, 40.541634 ], [ -111.870564, 40.541633 ], [ -111.877741, 40.544872 ], [ -111.878628, 40.546132 ], [ -111.880974, 40.548003 ], [ -111.886962, 40.55075 ], [ -111.889218, 40.553393 ], [ -111.891176, 40.554317 ], [ -111.891221, 40.554317 ], [ -111.894935, 40.552909 ], [ -111.89508, 40.552792 ], [ -111.898983, 40.549592 ], [ -111.904026, 40.546113 ], [ -111.909112, 40.538886 ], [ -111.910341, 40.538883 ], [ -111.912156, 40.538811 ], [ -111.914595, 40.538085 ], [ -111.914604, 40.538081 ], [ -111.915005, 40.537558 ], [ -111.915086, 40.536998 ], [ -111.916541, 40.532141 ], [ -111.92055, 40.526508 ], [ -111.922883, 40.524993 ], [ -111.923546, 40.524641 ], [ -111.923331, 40.522846 ] ] ] } },
{ "type": "Feature", "properties": { "group_index": 0, "value": 900.0, "center": [ -111.888527, 40.52673348408156 ], "point_id": 15 }, "geometry": { "type": "Polygon", "coordinates": [ [ [ -111.94078, 40.52207 ], [ -111.94078, 40.521967 ], [ -111.940494, 40.521131 ], [ -111.940453, 40.52104 ], [ -111.940002, 40.520438 ], [ -111.93545, 40.516892 ], [ -111.930274, 40.513357 ], [ -111.929092, 40.513285 ], [ -111.928753, 40.513286 ], [ -111.927427, 40.514016 ], [ -111.919803, 40.516699 ], [ -111.913696, 40.510952 ], [ -111.913905, 40.50985 ], [ -111.91444, 40.506247 ], [ -111.908616, 40.499404 ], [ -111.908445, 40.499219 ], [ -111.9058, 40.501662 ], [ -111.899954, 40.50285 ], [ -111.899613, 40.502882 ], [ -111.898495, 40.503432 ], [ -111.890684, 40.499383 ], [ -111.890688, 40.498339 ], [ -111.892365, 40.494049 ], [ -111.892424, 40.493372 ], [ -111.89122, 40.492386 ], [ -111.891188, 40.492366 ], [ -111.882786, 40.490538 ], [ -111.882107, 40.490594 ], [ -111.881496, 40.490658 ], [ -111.881177, 40.490692 ], [ -111.879145, 40.491913 ], [ -111.874935, 40.495018 ], [ -111.867736, 40.498867 ], [ -111.867096, 40.500311 ], [ -111.864102, 40.504052 ], [ -111.856662, 40.506496 ], [ -111.856291, 40.506493 ], [ -111.851966, 40.509731 ], [ -111.850216, 40.511486 ], [ -111.842876, 40.515723 ], [ -111.841342, 40.519426 ], [ -111.838397, 40.524251 ], [ -111.837214, 40.525985 ], [ -111.837214, 40.525989 ], [ -111.8372, 40.526442 ], [ -111.838435, 40.527851 ], [ -111.842021, 40.534694 ], [ -111.845957, 40.540212 ], [ -111.847328, 40.541156 ], [ -111.851618, 40.542711 ], [ -111.858626, 40.54655 ], [ -111.860278, 40.547933 ], [ -111.862587, 40.549288 ], [ -111.868929, 40.553329 ], [ -111.869697, 40.55385 ], [ -111.872947, 40.556027 ], [ -111.873012, 40.556064 ], [ -111.880586, 40.560509 ], [ -111.884997, 40.564474 ], [ -111.890543, 40.567805 ], [ -111.890742, 40.567908 ], [ -111.890848, 40.567912 ], [ -111.891745, 40.567773 ], [ -111.891791, 40.567753 ], [ -111.897946, 40.564646 ], [ -111.899397, 40.563789 ], [ -111.904991, 40.559585 ], [ -111.906633, 40.557818 ], [ -111.907065, 40.556972 ], [ -111.90707, 40.556731 ], [ -111.90895, 40.551456 ], [ -111.917319, 40.548402 ], [ -111.917383, 40.548407 ], [ -111.92245, 40.545979 ], [ -111.922415, 40.542379 ], [ -111.92639, 40.535437 ], [ -111.929192, 40.534677 ], [ -111.929302, 40.534602 ], [ -111.930972, 40.532888 ], [ -111.936875, 40.526118 ], [ -111.938857, 40.524745 ], [ -111.939986, 40.524038 ], [ -111.940597, 40.523157 ], [ -111.94078, 40.52207 ] ] ] } },
{ "type": "Feature", "properties": { "group_index": 0, "value": 300.0, "center": [ -111.89083345892055, 40.551582057956516 ], "point_id": 15 }, "geometry": { "type": "Polygon", "coordinates": [ [ [ -111.899483, 40.557108 ], [ -111.89617, 40.553504 ], [ -111.895897, 40.552404 ], [ -111.895425, 40.549709 ], [ -111.898972, 40.546269 ], [ -111.900539, 40.544514 ], [ -111.900654, 40.544109 ], [ -111.90065, 40.544058 ], [ -111.90065, 40.544057 ], [ -111.900645, 40.544006 ], [ -111.90041, 40.543762 ], [ -111.899073, 40.542426 ], [ -111.898866, 40.542297 ], [ -111.898793, 40.542287 ], [ -111.894427, 40.542708 ], [ -111.893468, 40.53876 ], [ -111.893467, 40.53863 ], [ -111.892127, 40.536862 ], [ -111.891448, 40.536472 ], [ -111.891436, 40.536471 ], [ -111.891384, 40.53647 ], [ -111.889596, 40.538079 ], [ -111.885455, 40.540698 ], [ -111.883915, 40.541764 ], [ -111.882861, 40.542515 ], [ -111.880216, 40.54554 ], [ -111.875805, 40.547456 ], [ -111.87309, 40.549726 ], [ -111.871469, 40.551507 ], [ -111.871468, 40.551599 ], [ -111.871516, 40.551951 ], [ -111.871554, 40.55207 ], [ -111.873135, 40.553326 ], [ -111.876615, 40.554891 ], [ -111.877574, 40.55463 ], [ -111.881788, 40.558287 ], [ -111.881751, 40.559394 ], [ -111.881862, 40.559737 ], [ -111.884627, 40.562615 ], [ -111.889135, 40.56503 ], [ -111.890426, 40.565476 ], [ -111.891737, 40.565528 ], [ -111.891991, 40.565531 ], [ -111.894598, 40.564857 ], [ -111.894675, 40.5648 ], [ -111.894699, 40.564783 ], [ -111.894774, 40.564725 ], [ -111.895904, 40.562959 ], [ -111.899497, 40.560708 ], [ -111.899483, 40.557108 ] ] ] } },
{ "type": "Feature", "properties": { "group_index": 0, "value": 600.0, "center": [ -111.89083345892055, 40.551582057956516 ], "point_id": 15 }, "geometry": { "type": "Polygon", "coordinates": [ [ [ -111.91731, 40.557946 ], [ -111.915019, 40.553947 ], [ -111.916757, 40.546002 ], [ -111.916727, 40.542402 ], [ -111.915504, 40.541067 ], [ -111.912156, 40.538801 ], [ -111.910354, 40.537691 ], [ -111.907891, 40.536821 ], [ -111.901474, 40.532939 ], [ -111.900243, 40.531483 ], [ -111.896046, 40.52913 ], [ -111.890241, 40.524878 ], [ -111.888488, 40.523743 ], [ -111.888412, 40.523741 ], [ -111.884931, 40.525831 ], [ -111.884908, 40.525867 ], [ -111.880892, 40.530348 ], [ -111.880607, 40.53071 ], [ -111.872276, 40.533359 ], [ -111.871057, 40.5341 ], [ -111.866177, 40.540751 ], [ -111.863354, 40.542473 ], [ -111.857181, 40.548257 ], [ -111.855382, 40.549713 ], [ -111.854099, 40.551099 ], [ -111.854097, 40.551508 ], [ -111.855337, 40.553312 ], [ -111.858237, 40.556109 ], [ -111.864472, 40.560555 ], [ -111.866659, 40.562251 ], [ -111.86962, 40.564364 ], [ -111.873118, 40.567015 ], [ -111.877715, 40.56922 ], [ -111.880307, 40.573554 ], [ -111.881753, 40.575073 ], [ -111.884372, 40.576825 ], [ -111.888972, 40.57923 ], [ -111.891199, 40.580036 ], [ -111.891245, 40.580037 ], [ -111.893144, 40.578813 ], [ -111.899348, 40.575491 ], [ -111.901254, 40.574019 ], [ -111.906239, 40.569517 ], [ -111.910493, 40.562524 ], [ -111.916592, 40.561473 ], [ -111.91731, 40.557946 ] ] ] } },
{ "type": "Feature", "properties": { "group_index": 0, "value": 900.0, "center": [ -111.89083345892055, 40.551582057956516 ], "point_id": 15 }, "geometry": { "type": "Polygon", "coordinates": [ [ [ -111.935587, 40.562006 ], [ -111.934276, 40.560474 ], [ -111.93065, 40.55531 ], [ -111.931795, 40.548169 ], [ -111.934491, 40.545957 ], [ -111.935951, 40.54421 ], [ -111.935968, 40.54406 ], [ -111.935659, 40.543401 ], [ -111.934972, 40.542608 ], [ -111.931984, 40.540232 ], [ -111.924838, 40.536588 ], [ -111.922128, 40.533382 ], [ -111.915916, 40.528263 ], [ -111.910749, 40.52517 ], [ -111.910253, 40.524984 ], [ -111.906604, 40.523812 ], [ -111.899717, 40.519502 ], [ -111.896706, 40.51694 ], [ -111.892492, 40.512523 ], [ -111.89051, 40.511006 ], [ -111.89049, 40.511005 ], [ -111.890204, 40.51125 ], [ -111.888343, 40.512743 ], [ -111.881954, 40.51526 ], [ -111.881102, 40.515481 ], [ -111.880021, 40.515993 ], [ -111.877314, 40.518308 ], [ -111.869471, 40.522375 ], [ -111.868267, 40.522776 ], [ -111.862037, 40.524993 ], [ -111.861206, 40.525812 ], [ -111.861076, 40.525982 ], [ -111.856976, 40.531517 ], [ -111.853801, 40.534507 ], [ -111.848783, 40.539708 ], [ -111.845598, 40.542469 ], [ -111.842054, 40.546259 ], [ -111.842056, 40.54643 ], [ -111.842125, 40.55124 ], [ -111.845279, 40.557863 ], [ -111.845742, 40.560143 ], [ -111.847225, 40.561148 ], [ -111.851443, 40.564232 ], [ -111.85617, 40.567361 ], [ -111.860742, 40.572818 ], [ -111.862319, 40.574926 ], [ -111.86873, 40.579769 ], [ -111.875821, 40.58491 ], [ -111.880475, 40.587814 ], [ -111.88377, 40.589719 ], [ -111.888584, 40.592077 ], [ -111.891413, 40.592893 ], [ -111.891668, 40.592893 ], [ -111.896261, 40.589774 ], [ -111.90142, 40.586715 ], [ -111.906153, 40.583846 ], [ -111.908705, 40.582305 ], [ -111.908748, 40.582261 ], [ -111.911241, 40.579698 ], [ -111.919419, 40.576223 ], [ -111.921012, 40.574205 ], [ -111.921598, 40.571947 ], [ -111.929165, 40.567677 ], [ -111.929261, 40.567677 ], [ -111.930426, 40.56682 ], [ -111.934206, 40.564073 ], [ -111.935587, 40.56203 ], [ -111.935587, 40.562006 ] ] ] } },
{ "type": "Feature", "properties": { "group_index": 0, "value": 300.0, "center": [ -111.89085776062535, 40.56966045896278 ], "point_id": 15 }, "geometry": { "type": "Polygon", "coordinates": [ [ [ -111.909363, 40.570095 ], [ -111.909161, 40.568107 ], [ -111.905392, 40.565846 ], [ -111.903673, 40.56498 ], [ -111.901705, 40.563585 ], [ -111.899236, 40.560508 ], [ -111.899013, 40.5601 ], [ -111.894027, 40.557059 ], [ -111.890552, 40.555023 ], [ -111.890495, 40.555023 ], [ -111.88767, 40.557054 ], [ -111.883694, 40.559584 ], [ -111.882384, 40.560442 ], [ -111.882124, 40.560631 ], [ -111.880515, 40.562023 ], [ -111.880222, 40.562469 ], [ -111.880237, 40.562645 ], [ -111.880849, 40.565418 ], [ -111.880087, 40.568757 ], [ -111.877136, 40.571035 ], [ -111.875713, 40.571476 ], [ -111.875715, 40.575076 ], [ -111.878638, 40.578326 ], [ -111.881175, 40.579393 ], [ -111.885376, 40.581719 ], [ -111.885725, 40.581939 ], [ -111.887824, 40.583055 ], [ -111.891154, 40.584846 ], [ -111.891257, 40.584834 ], [ -111.895197, 40.582153 ], [ -111.898947, 40.578793 ], [ -111.901272, 40.577553 ], [ -111.903956, 40.575236 ], [ -111.908196, 40.571576 ], [ -111.909353, 40.570385 ], [ -111.909363, 40.570095 ] ] ] } },
{ "type": "Feature", "properties": { "group_index": 0, "value": 600.0, "center": [ -111.89085776062535, 40.56966045896278 ], "point_id": 15 }, "geometry": { "type": "Polygon", "coordinates": [ [ [ -111.926343, 40.571914 ], [ -111.925272, 40.570636 ], [ -111.921454, 40.5682 ], [ -111.917855, 40.568238 ], [ -111.913971, 40.568356 ], [ -111.912235, 40.560734 ], [ -111.912468, 40.558587 ], [ -111.91245, 40.557141 ], [ -111.91081, 40.556282 ], [ -111.904894, 40.552725 ], [ -111.902698, 40.551143 ], [ -111.895815, 40.545437 ], [ -111.892517, 40.542456 ], [ -111.891038, 40.541456 ], [ -111.891011, 40.541456 ], [ -111.889025, 40.542562 ], [ -111.887582, 40.544316 ], [ -111.886254, 40.5458 ], [ -111.878285, 40.549751 ], [ -111.871786, 40.555469 ], [ -111.869533, 40.556972 ], [ -111.867965, 40.558385 ], [ -111.866554, 40.562466 ], [ -111.861811, 40.56577 ], [ -111.859792, 40.567198 ], [ -111.85951, 40.567425 ], [ -111.857263, 40.572819 ], [ -111.857258, 40.573216 ], [ -111.858374, 40.575036 ], [ -111.859816, 40.576263 ], [ -111.864826, 40.580648 ], [ -111.86649, 40.582364 ], [ -111.867193, 40.583089 ], [ -111.871611, 40.58654 ], [ -111.878346, 40.591004 ], [ -111.878651, 40.591176 ], [ -111.885233, 40.594898 ], [ -111.890492, 40.598127 ], [ -111.890846, 40.598128 ], [ -111.89086, 40.598128 ], [ -111.891135, 40.598126 ], [ -111.894724, 40.595638 ], [ -111.898369, 40.592754 ], [ -111.902276, 40.589754 ], [ -111.905909, 40.587316 ], [ -111.912484, 40.582221 ], [ -111.917206, 40.57657 ], [ -111.921813, 40.575857 ], [ -111.923341, 40.576179 ], [ -111.923605, 40.576175 ], [ -111.923706, 40.576146 ], [ -111.924009, 40.576019 ], [ -111.925231, 40.574236 ], [ -111.926336, 40.572359 ], [ -111.926343, 40.571914 ] ] ] } },
{ "type": "Feature", "properties": { "group_index": 0, "value": 900.0, "center": [ -111.89085776062535, 40.56966045896278 ], "point_id": 15 }, "geometry": { "type": "Polygon", "coordinates": [ [ [ -111.943868, 40.573283 ], [ -111.942707, 40.57143 ], [ -111.938274, 40.567434 ], [ -111.933242, 40.563222 ], [ -111.927868, 40.557709 ], [ -111.923454, 40.55082 ], [ -111.922696, 40.548858 ], [ -111.918892, 40.54623 ], [ -111.911012, 40.542402 ], [ -111.907412, 40.541292 ], [ -111.902891, 40.537588 ], [ -111.900087, 40.535626 ], [ -111.899003, 40.534912 ], [ -111.898091, 40.534467 ], [ -111.892241, 40.528969 ], [ -111.889063, 40.529703 ], [ -111.886508, 40.531567 ], [ -111.883161, 40.534165 ], [ -111.874684, 40.536812 ], [ -111.87446, 40.536815 ], [ -111.870134, 40.541714 ], [ -111.867844, 40.54298 ], [ -111.866546, 40.543718 ], [ -111.860531, 40.549707 ], [ -111.857916, 40.552509 ], [ -111.8518, 40.556993 ], [ -111.846176, 40.560893 ], [ -111.845271, 40.561583 ], [ -111.844316, 40.562308 ], [ -111.843688, 40.564123 ], [ -111.843697, 40.565008 ], [ -111.844682, 40.56816 ], [ -111.845206, 40.569608 ], [ -111.845714, 40.570124 ], [ -111.847218, 40.571903 ], [ -111.848899, 40.579346 ], [ -111.848848, 40.579847 ], [ -111.849348, 40.58235 ], [ -111.851676, 40.584141 ], [ -111.852869, 40.584638 ], [ -111.859246, 40.59089 ], [ -111.861889, 40.59386 ], [ -111.86199, 40.593902 ], [ -111.86767, 40.596836 ], [ -111.871652, 40.600011 ], [ -111.878524, 40.60452 ], [ -111.885243, 40.60766 ], [ -111.888875, 40.610322 ], [ -111.890135, 40.611362 ], [ -111.89049, 40.611667 ], [ -111.890726, 40.611667 ], [ -111.89129, 40.611322 ], [ -111.896798, 40.60772 ], [ -111.897909, 40.606868 ], [ -111.900741, 40.604464 ], [ -111.901536, 40.603661 ], [ -111.908818, 40.600157 ], [ -111.909709, 40.598655 ], [ -111.912012, 40.595224 ], [ -111.918388, 40.589846 ], [ -111.919167, 40.589711 ], [ -111.920025, 40.589533 ], [ -111.921294, 40.588594 ], [ -111.929165, 40.585227 ], [ -111.935472, 40.580959 ], [ -111.939766, 40.577188 ], [ -111.942739, 40.57503 ], [ -111.943873, 40.57371 ], [ -111.943868, 40.573283 ] ] ] } },
{ "type": "Feature", "properties": { "group_index": 0, "value": 300.0, "center": [ -111.89085776062535, 40.56966045896278 ], "point_id": 15 }, "geometry": { "type": "Polygon", "coordinates": [ [ [ -111.909363, 40.570095 ], [ -111.909161, 40.568107 ], [ -111.905392, 40.565846 ], [ -111.903673, 40.56498 ], [ -111.901705, 40.563585 ], [ -111.899236, 40.560508 ], [ -111.899013, 40.5601 ], [ -111.894027, 40.557059 ], [ -111.890552, 40.555023 ], [ -111.890495, 40.555023 ], [ -111.88767, 40.557054 ], [ -111.883694, 40.559584 ], [ -111.882384, 40.560442 ], [ -111.882124, 40.560631 ], [ -111.880515, 40.562023 ], [ -111.880222, 40.562469 ], [ -111.880237, 40.562645 ], [ -111.880849, 40.565418 ], [ -111.880087, 40.568757 ], [ -111.877136, 40.571035 ], [ -111.875713, 40.571476 ], [ -111.875715, 40.575076 ], [ -111.878638, 40.578326 ], [ -111.881175, 40.579393 ], [ -111.885376, 40.581719 ], [ -111.885725, 40.581939 ], [ -111.887824, 40.583055 ], [ -111.891154, 40.584846 ], [ -111.891257, 40.584834 ], [ -111.895197, 40.582153 ], [ -111.898947, 40.578793 ], [ -111.901272, 40.577553 ], [ -111.903956, 40.575236 ], [ -111.908196, 40.571576 ], [ -111.909353, 40.570385 ], [ -111.909363, 40.570095 ] ] ] } },
{ "type": "Feature", "properties": { "group_index": 0, "value": 600.0, "center": [ -111.89085776062535, 40.56966045896278 ], "point_id": 15 }, "geometry": { "type": "Polygon", "coordinates": [ [ [ -111.926343, 40.571914 ], [ -111.925272, 40.570636 ], [ -111.921454, 40.5682 ], [ -111.917855, 40.568238 ], [ -111.913971, 40.568356 ], [ -111.912235, 40.560734 ], [ -111.912468, 40.558587 ], [ -111.91245, 40.557141 ], [ -111.91081, 40.556282 ], [ -111.904894, 40.552725 ], [ -111.902698, 40.551143 ], [ -111.895815, 40.545437 ], [ -111.892517, 40.542456 ], [ -111.891038, 40.541456 ], [ -111.891011, 40.541456 ], [ -111.889025, 40.542562 ], [ -111.887582, 40.544316 ], [ -111.886254, 40.5458 ], [ -111.878285, 40.549751 ], [ -111.871786, 40.555469 ], [ -111.869533, 40.556972 ], [ -111.867965, 40.558385 ], [ -111.866554, 40.562466 ], [ -111.861811, 40.56577 ], [ -111.859792, 40.567198 ], [ -111.85951, 40.567425 ], [ -111.857263, 40.572819 ], [ -111.857258, 40.573216 ], [ -111.858374, 40.575036 ], [ -111.859816, 40.576263 ], [ -111.864826, 40.580648 ], [ -111.86649, 40.582364 ], [ -111.867193, 40.583089 ], [ -111.871611, 40.58654 ], [ -111.878346, 40.591004 ], [ -111.878651, 40.591176 ], [ -111.885233, 40.594898 ], [ -111.890492, 40.598127 ], [ -111.890846, 40.598128 ], [ -111.89086, 40.598128 ], [ -111.891135, 40.598126 ], [ -111.894724, 40.595638 ], [ -111.898369, 40.592754 ], [ -111.902276, 40.589754 ], [ -111.905909, 40.587316 ], [ -111.912484, 40.582221 ], [ -111.917206, 40.57657 ], [ -111.921813, 40.575857 ], [ -111.923341, 40.576179 ], [ -111.923605, 40.576175 ], [ -111.923706, 40.576146 ], [ -111.924009, 40.576019 ], [ -111.925231, 40.574236 ], [ -111.926336, 40.572359 ], [ -111.926343, 40.571914 ] ] ] } },
{ "type": "Feature", "properties": { "group_index": 0, "value": 900.0, "center": [ -111.89085776062535, 40.56966045896278 ], "point_id": 15 }, "geometry": { "type": "Polygon", "coordinates": [ [ [ -111.943868, 40.573283 ], [ -111.942707, 40.57143 ], [ -111.938274, 40.567434 ], [ -111.933242, 40.563222 ], [ -111.927868, 40.557709 ], [ -111.923454, 40.55082 ], [ -111.922696, 40.548858 ], [ -111.918892, 40.54623 ], [ -111.911012, 40.542402 ], [ -111.907412, 40.541292 ], [ -111.902891, 40.537588 ], [ -111.900087, 40.535626 ], [ -111.899003, 40.534912 ], [ -111.898091, 40.534467 ], [ -111.892241, 40.528969 ], [ -111.889063, 40.529703 ], [ -111.886508, 40.531567 ], [ -111.883161, 40.534165 ], [ -111.874684, 40.536812 ], [ -111.87446, 40.536815 ], [ -111.870134, 40.541714 ], [ -111.867844, 40.54298 ], [ -111.866546, 40.543718 ], [ -111.860531, 40.549707 ], [ -111.857916, 40.552509 ], [ -111.8518, 40.556993 ], [ -111.846176, 40.560893 ], [ -111.845271, 40.561583 ], [ -111.844316, 40.562308 ], [ -111.843688, 40.564123 ], [ -111.843697, 40.565008 ], [ -111.844682, 40.56816 ], [ -111.845206, 40.569608 ], [ -111.845714, 40.570124 ], [ -111.847218, 40.571903 ], [ -111.848899, 40.579346 ], [ -111.848848, 40.579847 ], [ -111.849348, 40.58235 ], [ -111.851676, 40.584141 ], [ -111.852869, 40.584638 ], [ -111.859246, 40.59089 ], [ -111.861889, 40.59386 ], [ -111.86199, 40.593902 ], [ -111.86767, 40.596836 ], [ -111.871652, 40.600011 ], [ -111.878524, 40.60452 ], [ -111.885243, 40.60766 ], [ -111.888875, 40.610322 ], [ -111.890135, 40.611362 ], [ -111.89049, 40.611667 ], [ -111.890726, 40.611667 ], [ -111.89129, 40.611322 ], [ -111.896798, 40.60772 ], [ -111.897909, 40.606868 ], [ -111.900741, 40.604464 ], [ -111.901536, 40.603661 ], [ -111.908818, 40.600157 ], [ -111.909709, 40.598655 ], [ -111.912012, 40.595224 ], [ -111.918388, 40.589846 ], [ -111.919167, 40.589711 ], [ -111.920025, 40.589533 ], [ -111.921294, 40.588594 ], [ -111.929165, 40.585227 ], [ -111.935472, 40.580959 ], [ -111.939766, 40.577188 ], [ -111.942739, 40.57503 ], [ -111.943873, 40.57371 ], [ -111.943868, 40.573283 ] ] ] } },
{ "type": "Feature", "properties": { "group_index": 0, "value": 300.0, "center": [ -111.89095044765224, 40.58809249631378 ], "point_id": 15 }, "geometry": { "type": "Polygon", "coordinates": [ [ [ -111.909406, 40.587688 ], [ -111.906847, 40.584457 ], [ -111.905888, 40.583775 ], [ -111.901125, 40.580631 ], [ -111.899237, 40.578852 ], [ -111.898985, 40.578863 ], [ -111.89438, 40.576659 ], [ -111.893743, 40.574493 ], [ -111.893736, 40.574488 ], [ -111.893592, 40.574412 ], [ -111.893583, 40.574408 ], [ -111.888836, 40.574806 ], [ -111.885137, 40.576801 ], [ -111.882531, 40.578883 ], [ -111.878978, 40.581906 ], [ -111.875746, 40.584504 ], [ -111.873259, 40.586361 ], [ -111.872391, 40.587375 ], [ -111.872387, 40.587609 ], [ -111.87237, 40.588442 ], [ -111.872371, 40.588636 ], [ -111.873275, 40.589961 ], [ -111.875794, 40.591923 ], [ -111.877784, 40.593463 ], [ -111.880542, 40.59559 ], [ -111.883664, 40.598138 ], [ -111.884512, 40.598809 ], [ -111.886546, 40.600261 ], [ -111.888109, 40.601133 ], [ -111.889012, 40.601532 ], [ -111.89217, 40.602245 ], [ -111.89223, 40.602245 ], [ -111.894141, 40.600871 ], [ -111.897952, 40.598311 ], [ -111.901383, 40.595432 ], [ -111.904385, 40.592592 ], [ -111.908209, 40.5896 ], [ -111.909429, 40.587953 ], [ -111.909406, 40.587688 ] ] ] } },
{ "type": "Feature", "properties": { "group_index": 0, "value": 600.0, "center": [ -111.89095044765224, 40.58809249631378 ], "point_id": 15 }, "geometry": { "type": "Polygon", "coordinates": [ [ [ -111.927062, 40.587789 ], [ -111.925742, 40.586018 ], [ -111.923377, 40.584564 ], [ -111.918092, 40.578081 ], [ -111.914981, 40.577625 ], [ -111.908166, 40.572844 ], [ -111.907991, 40.571609 ], [ -111.907228, 40.571081 ], [ -111.902597, 40.568466 ], [ -111.899555, 40.566475 ], [ -111.895384, 40.561834 ], [ -111.895277, 40.561757 ], [ -111.890441, 40.559823 ], [ -111.890357, 40.559822 ], [ -111.889754, 40.56028 ], [ -111.884287, 40.564234 ], [ -111.88314, 40.565208 ], [ -111.876056, 40.569587 ], [ -111.87379, 40.571477 ], [ -111.86812, 40.575722 ], [ -111.86093, 40.580906 ], [ -111.859916, 40.581986 ], [ -111.858388, 40.583644 ], [ -111.856985, 40.586917 ], [ -111.856917, 40.58879 ], [ -111.86012, 40.595231 ], [ -111.866262, 40.599098 ], [ -111.869472, 40.601772 ], [ -111.875992, 40.607676 ], [ -111.883462, 40.611759 ], [ -111.890331, 40.616602 ], [ -111.890642, 40.616714 ], [ -111.890716, 40.616715 ], [ -111.896851, 40.612721 ], [ -111.898316, 40.611693 ], [ -111.903512, 40.607733 ], [ -111.905233, 40.605872 ], [ -111.912024, 40.60205 ], [ -111.912816, 40.601823 ], [ -111.915329, 40.599173 ], [ -111.919166, 40.592544 ], [ -111.924349, 40.5905 ], [ -111.925769, 40.589617 ], [ -111.927069, 40.588163 ], [ -111.927062, 40.587789 ] ] ] } },
{ "type": "Feature", "properties": { "group_index": 0, "value": 900.0, "center": [ -111.89095044765224, 40.58809249631378 ], "point_id": 15 }, "geometry": { "type": "Polygon", "coordinates": [ [ [ -111.944681, 40.587135 ], [ -111.943512, 40.585943 ], [ -111.940481, 40.583465 ], [ -111.939102, 40.582694 ], [ -111.932245, 40.577366 ], [ -111.930468, 40.57565 ], [ -111.924671, 40.573659 ], [ -111.918809, 40.57046 ], [ -111.917916, 40.570187 ], [ -111.916594, 40.569694 ], [ -111.916362, 40.569705 ], [ -111.909338, 40.570128 ], [ -111.906219, 40.562343 ], [ -111.907114, 40.558745 ], [ -111.907115, 40.558731 ], [ -111.905454, 40.556896 ], [ -111.904075, 40.555981 ], [ -111.903295, 40.555449 ], [ -111.896381, 40.55009 ], [ -111.896197, 40.549889 ], [ -111.891927, 40.547248 ], [ -111.89143, 40.546968 ], [ -111.891283, 40.546968 ], [ -111.889122, 40.547719 ], [ -111.887749, 40.548422 ], [ -111.885857, 40.549788 ], [ -111.87948, 40.552145 ], [ -111.877116, 40.553489 ], [ -111.873368, 40.556523 ], [ -111.873304, 40.556573 ], [ -111.872738, 40.55734 ], [ -111.86929, 40.561024 ], [ -111.861081, 40.56424 ], [ -111.859677, 40.564489 ], [ -111.858187, 40.566029 ], [ -111.853347, 40.571928 ], [ -111.85128, 40.57383 ], [ -111.844735, 40.578345 ], [ -111.844435, 40.578612 ], [ -111.844442, 40.582212 ], [ -111.845145, 40.583197 ], [ -111.846088, 40.583866 ], [ -111.844497, 40.592461 ], [ -111.843936, 40.593231 ], [ -111.842429, 40.595045 ], [ -111.842434, 40.595632 ], [ -111.843934, 40.596831 ], [ -111.847991, 40.600019 ], [ -111.850749, 40.60329 ], [ -111.853169, 40.604506 ], [ -111.860432, 40.609525 ], [ -111.864578, 40.612127 ], [ -111.869177, 40.616807 ], [ -111.876567, 40.621135 ], [ -111.884217, 40.625568 ], [ -111.887482, 40.628701 ], [ -111.8895, 40.629973 ], [ -111.889793, 40.630142 ], [ -111.889856, 40.630143 ], [ -111.889923, 40.630143 ], [ -111.889986, 40.630142 ], [ -111.893339, 40.627902 ], [ -111.898095, 40.624868 ], [ -111.900898, 40.622476 ], [ -111.905358, 40.619406 ], [ -111.91168, 40.616256 ], [ -111.915264, 40.614674 ], [ -111.917526, 40.613785 ], [ -111.919301, 40.612416 ], [ -111.920297, 40.611562 ], [ -111.921171, 40.609203 ], [ -111.922023, 40.60749 ], [ -111.922164, 40.606279 ], [ -111.92225, 40.605802 ], [ -111.929317, 40.600798 ], [ -111.929495, 40.600798 ], [ -111.930483, 40.600035 ], [ -111.932948, 40.598174 ], [ -111.937622, 40.594123 ], [ -111.943515, 40.589543 ], [ -111.944683, 40.587604 ], [ -111.944681, 40.587135 ] ] ] } },
{ "type": "Feature", "properties": { "group_index": 0, "value": 300.0, "center": [ -111.89080714440081, 40.601759364912965 ], "point_id": 15 }, "geometry": { "type": "Polygon", "coordinates": [ [ [ -111.90318, 40.606504 ], [ -111.903149, 40.604132 ], [ -111.90485, 40.600536 ], [ -111.904724, 40.59987 ], [ -111.904569, 40.599397 ], [ -111.904348, 40.599003 ], [ -111.902498, 40.595772 ], [ -111.900789, 40.593797 ], [ -111.896223, 40.590426 ], [ -111.892553, 40.588273 ], [ -111.890642, 40.58705 ], [ -111.890017, 40.587046 ], [ -111.885068, 40.589872 ], [ -111.883927, 40.59058 ], [ -111.882036, 40.591997 ], [ -111.879826, 40.593749 ], [ -111.878995, 40.594535 ], [ -111.878999, 40.59548 ], [ -111.879001, 40.598135 ], [ -111.878421, 40.604068 ], [ -111.877012, 40.605567 ], [ -111.877011, 40.60586 ], [ -111.878428, 40.607668 ], [ -111.882661, 40.610189 ], [ -111.883461, 40.611858 ], [ -111.887712, 40.614695 ], [ -111.889004, 40.615696 ], [ -111.890567, 40.616911 ], [ -111.890649, 40.616912 ], [ -111.890687, 40.616911 ], [ -111.890768, 40.61691 ], [ -111.891268, 40.616364 ], [ -111.892461, 40.615149 ], [ -111.896805, 40.612721 ], [ -111.899734, 40.610322 ], [ -111.903136, 40.607732 ], [ -111.90318, 40.606504 ] ] ] } },
{ "type": "Feature", "properties": { "group_index": 0, "value": 600.0, "center": [ -111.89080714440081, 40.601759364912965 ], "point_id": 15 }, "geometry": { "type": "Polygon", "coordinates": [ [ [ -111.917437, 40.609457 ], [ -111.917385, 40.606094 ], [ -111.917027, 40.601387 ], [ -111.916934, 40.600984 ], [ -111.916877, 40.600815 ], [ -111.911842, 40.596803 ], [ -111.90852, 40.589574 ], [ -111.908524, 40.587286 ], [ -111.908524, 40.586896 ], [ -111.908221, 40.585987 ], [ -111.905596, 40.583836 ], [ -111.899237, 40.578852 ], [ -111.893758, 40.574502 ], [ -111.893736, 40.574488 ], [ -111.893592, 40.574412 ], [ -111.893567, 40.574401 ], [ -111.890294, 40.57461 ], [ -111.88882, 40.574804 ], [ -111.8812, 40.578904 ], [ -111.875967, 40.582765 ], [ -111.871254, 40.585751 ], [ -111.865942, 40.590114 ], [ -111.862905, 40.593244 ], [ -111.861601, 40.59511 ], [ -111.861612, 40.59538 ], [ -111.862195, 40.598481 ], [ -111.860174, 40.605955 ], [ -111.860161, 40.606223 ], [ -111.860154, 40.606584 ], [ -111.861661, 40.60806 ], [ -111.865433, 40.611365 ], [ -111.868907, 40.615228 ], [ -111.872007, 40.616682 ], [ -111.876376, 40.621121 ], [ -111.883972, 40.625567 ], [ -111.887311, 40.6287 ], [ -111.889709, 40.630297 ], [ -111.8898, 40.630301 ], [ -111.890691, 40.629819 ], [ -111.89354, 40.627905 ], [ -111.898723, 40.624412 ], [ -111.904974, 40.619635 ], [ -111.911173, 40.615312 ], [ -111.914042, 40.613195 ], [ -111.91512, 40.612152 ], [ -111.917434, 40.609469 ], [ -111.917437, 40.609457 ] ] ] } },
{ "type": "Feature", "properties": { "group_index": 0, "value": 900.0, "center": [ -111.89080714440081, 40.601759364912965 ], "point_id": 15 }, "geometry": { "type": "Polygon", "coordinates": [ [ [ -111.933597, 40.609152 ], [ -111.932355, 40.60773 ], [ -111.93008, 40.60593 ], [ -111.929439, 40.605655 ], [ -111.922354, 40.600288 ], [ -111.920832, 40.598693 ], [ -111.924232, 40.590648 ], [ -111.92527, 40.590169 ], [ -111.926082, 40.589615 ], [ -111.927062, 40.588701 ], [ -111.927071, 40.588429 ], [ -111.926055, 40.586015 ], [ -111.924522, 40.585188 ], [ -111.920911, 40.582429 ], [ -111.917934, 40.577601 ], [ -111.917837, 40.577406 ], [ -111.914981, 40.577625 ], [ -111.914539, 40.577661 ], [ -111.908235, 40.571609 ], [ -111.907107, 40.570883 ], [ -111.902597, 40.568446 ], [ -111.901693, 40.567928 ], [ -111.895425, 40.561863 ], [ -111.895236, 40.561726 ], [ -111.890441, 40.559823 ], [ -111.8903, 40.559822 ], [ -111.889684, 40.560263 ], [ -111.889403, 40.560474 ], [ -111.884253, 40.564198 ], [ -111.880296, 40.567206 ], [ -111.873202, 40.571475 ], [ -111.871867, 40.571897 ], [ -111.869014, 40.573911 ], [ -111.864202, 40.577344 ], [ -111.859098, 40.57875 ], [ -111.858363, 40.581662 ], [ -111.854081, 40.587321 ], [ -111.851709, 40.58821 ], [ -111.8509, 40.588658 ], [ -111.845346, 40.592461 ], [ -111.843602, 40.59505 ], [ -111.843606, 40.595529 ], [ -111.845206, 40.596833 ], [ -111.84606, 40.604827 ], [ -111.84606, 40.604862 ], [ -111.846084, 40.606512 ], [ -111.848197, 40.612143 ], [ -111.848457, 40.612267 ], [ -111.851803, 40.613052 ], [ -111.856946, 40.619571 ], [ -111.857052, 40.619863 ], [ -111.859248, 40.622879 ], [ -111.860125, 40.624156 ], [ -111.860222, 40.624294 ], [ -111.861386, 40.625542 ], [ -111.861471, 40.62562 ], [ -111.861615, 40.625726 ], [ -111.865366, 40.628144 ], [ -111.871379, 40.631059 ], [ -111.878728, 40.635019 ], [ -111.881011, 40.637012 ], [ -111.88441, 40.640177 ], [ -111.887965, 40.642757 ], [ -111.889333, 40.643286 ], [ -111.889342, 40.643286 ], [ -111.890361, 40.642788 ], [ -111.895095, 40.640308 ], [ -111.898891, 40.637404 ], [ -111.902829, 40.63425 ], [ -111.910029, 40.629075 ], [ -111.910221, 40.629072 ], [ -111.917924, 40.625058 ], [ -111.917962, 40.625037 ], [ -111.918814, 40.624103 ], [ -111.920973, 40.621724 ], [ -111.921472, 40.620955 ], [ -111.922006, 40.619871 ], [ -111.922772, 40.616811 ], [ -111.930401, 40.612373 ], [ -111.932367, 40.611329 ], [ -111.933599, 40.609671 ], [ -111.933597, 40.609152 ] ] ] } },
{ "type": "Feature", "properties": { "group_index": 0, "value": 300.0, "center": [ -111.89056406564579, 40.620841475555245 ], "point_id": 15 }, "geometry": { "type": "Polygon", "coordinates": [ [ [ -111.908398, 40.619019 ], [ -111.904182, 40.615137 ], [ -111.900783, 40.613314 ], [ -111.898092, 40.611267 ], [ -111.896039, 40.609594 ], [ -111.895345, 40.609116 ], [ -111.89248, 40.607569 ], [ -111.888884, 40.607418 ], [ -111.88791, 40.607764 ], [ -111.886873, 40.608478 ], [ -111.886089, 40.60917 ], [ -111.881588, 40.612473 ], [ -111.880363, 40.613182 ], [ -111.876269, 40.616665 ], [ -111.874236, 40.61786 ], [ -111.872804, 40.618942 ], [ -111.871015, 40.620583 ], [ -111.871015, 40.620742 ], [ -111.872791, 40.622542 ], [ -111.875021, 40.624268 ], [ -111.877653, 40.626385 ], [ -111.878681, 40.627154 ], [ -111.881434, 40.629249 ], [ -111.883799, 40.631022 ], [ -111.888191, 40.634592 ], [ -111.888614, 40.63504 ], [ -111.889397, 40.635642 ], [ -111.889429, 40.635644 ], [ -111.890231, 40.635135 ], [ -111.891963, 40.633478 ], [ -111.896846, 40.630264 ], [ -111.897359, 40.630258 ], [ -111.900697, 40.627621 ], [ -111.902674, 40.62601 ], [ -111.902677, 40.626003 ], [ -111.905079, 40.620751 ], [ -111.907822, 40.622629 ], [ -111.908455, 40.622619 ], [ -111.908398, 40.619019 ] ] ] } },
{ "type": "Feature", "properties": { "group_index": 0, "value": 600.0, "center": [ -111.89056406564579, 40.620841475555245 ], "point_id": 15 }, "geometry": { "type": "Polygon", "coordinates": [ [ [ -111.925371, 40.621975 ], [ -111.921665, 40.614635 ], [ -111.920901, 40.614104 ], [ -111.914064, 40.608611 ], [ -111.913833, 40.608431 ], [ -111.906574, 40.604131 ], [ -111.900927, 40.600061 ], [ -111.897354, 40.597271 ], [ -111.892177, 40.593224 ], [ -111.890973, 40.592323 ], [ -111.89088, 40.592322 ], [ -111.884817, 40.595208 ], [ -111.88306, 40.596822 ], [ -111.878458, 40.602979 ], [ -111.876659, 40.603294 ], [ -111.876549, 40.603342 ], [ -111.875005, 40.604079 ], [ -111.869906, 40.607743 ], [ -111.868911, 40.608766 ], [ -111.864183, 40.612929 ], [ -111.857942, 40.617002 ], [ -111.857222, 40.617389 ], [ -111.857143, 40.617447 ], [ -111.857114, 40.617511 ], [ -111.856332, 40.624381 ], [ -111.855857, 40.626607 ], [ -111.856006, 40.626986 ], [ -111.857279, 40.627825 ], [ -111.864241, 40.630677 ], [ -111.870704, 40.634746 ], [ -111.871597, 40.635441 ], [ -111.87788, 40.640154 ], [ -111.88071, 40.642554 ], [ -111.882545, 40.644145 ], [ -111.887037, 40.647763 ], [ -111.887422, 40.647761 ], [ -111.890575, 40.647453 ], [ -111.893904, 40.6463 ], [ -111.898358, 40.643463 ], [ -111.901216, 40.640822 ], [ -111.901212, 40.640751 ], [ -111.903829, 40.634151 ], [ -111.910479, 40.633597 ], [ -111.9107, 40.633571 ], [ -111.911507, 40.633395 ], [ -111.916642, 40.629686 ], [ -111.916789, 40.629591 ], [ -111.919754, 40.627117 ], [ -111.924958, 40.625551 ], [ -111.925371, 40.621975 ] ] ] } },
{ "type": "Feature", "properties": { "group_index": 0, "value": 900.0, "center": [ -111.89056406564579, 40.620841475555245 ], "point_id": 15 }, "geometry": { "type": "Polygon", "coordinates": [ [ [ -111.943096, 40.624414 ], [ -111.943034, 40.623276 ], [ -111.942297, 40.622256 ], [ -111.941251, 40.62145 ], [ -111.938852, 40.619698 ], [ -111.935823, 40.617338 ], [ -111.932732, 40.609787 ], [ -111.9319, 40.608224 ], [ -111.931543, 40.607739 ], [ -111.929334, 40.605932 ], [ -111.92931, 40.605933 ], [ -111.921668, 40.601195 ], [ -111.921546, 40.600652 ], [ -111.915302, 40.59901 ], [ -111.912007, 40.594763 ], [ -111.909897, 40.593737 ], [ -111.909584, 40.593739 ], [ -111.908239, 40.594859 ], [ -111.905007, 40.595474 ], [ -111.900805, 40.589744 ], [ -111.900558, 40.587943 ], [ -111.900829, 40.586145 ], [ -111.899639, 40.584822 ], [ -111.894826, 40.581518 ], [ -111.890757, 40.578833 ], [ -111.890653, 40.578834 ], [ -111.886745, 40.581215 ], [ -111.880636, 40.584176 ], [ -111.875943, 40.587655 ], [ -111.875189, 40.588252 ], [ -111.869573, 40.593231 ], [ -111.867901, 40.594961 ], [ -111.862375, 40.599531 ], [ -111.858123, 40.602627 ], [ -111.852462, 40.605491 ], [ -111.847813, 40.607132 ], [ -111.84588, 40.608403 ], [ -111.845868, 40.608442 ], [ -111.84663, 40.610443 ], [ -111.847208, 40.613739 ], [ -111.84385, 40.620017 ], [ -111.843296, 40.620411 ], [ -111.841162, 40.621854 ], [ -111.840193, 40.622446 ], [ -111.83942, 40.622902 ], [ -111.838616, 40.623357 ], [ -111.838592, 40.623382 ], [ -111.838173, 40.62434 ], [ -111.83817, 40.624643 ], [ -111.839265, 40.626503 ], [ -111.842907, 40.632374 ], [ -111.849508, 40.636435 ], [ -111.851311, 40.637938 ], [ -111.853835, 40.639235 ], [ -111.854419, 40.639265 ], [ -111.862385, 40.641829 ], [ -111.863669, 40.643571 ], [ -111.865599, 40.644923 ], [ -111.871669, 40.651402 ], [ -111.875087, 40.65409 ], [ -111.875182, 40.654133 ], [ -111.882244, 40.657888 ], [ -111.883028, 40.658694 ], [ -111.886186, 40.66101 ], [ -111.887737, 40.662141 ], [ -111.888493, 40.662447 ], [ -111.888577, 40.662448 ], [ -111.890789, 40.660871 ], [ -111.891195, 40.660506 ], [ -111.895868, 40.657242 ], [ -111.899153, 40.656127 ], [ -111.902828, 40.653041 ], [ -111.906909, 40.650597 ], [ -111.907069, 40.650511 ], [ -111.911509, 40.647349 ], [ -111.911537, 40.647326 ], [ -111.914507, 40.644963 ], [ -111.919582, 40.640998 ], [ -111.926529, 40.63789 ], [ -111.930683, 40.6349 ], [ -111.936982, 40.629807 ], [ -111.942292, 40.625856 ], [ -111.943107, 40.624908 ], [ -111.943096, 40.624414 ] ] ] } },
{ "type": "Feature", "properties": { "group_index": 0, "value": 300.0, "center": [ -111.88889925700515, 40.642937607242985 ], "point_id": 15 }, "geometry": { "type": "Polygon", "coordinates": [ [ [ -111.907886, 40.64301 ], [ -111.907135, 40.641812 ], [ -111.906669, 40.641127 ], [ -111.905249, 40.64024 ], [ -111.900738, 40.636414 ], [ -111.898479, 40.634213 ], [ -111.894624, 40.631449 ], [ -111.89079, 40.628848 ], [ -111.889625, 40.627837 ], [ -111.889569, 40.627838 ], [ -111.888488, 40.628256 ], [ -111.884478, 40.63113 ], [ -111.879388, 40.633791 ], [ -111.879363, 40.633804 ], [ -111.875051, 40.636557 ], [ -111.871239, 40.639925 ], [ -111.870446, 40.640964 ], [ -111.870445, 40.641711 ], [ -111.871283, 40.643525 ], [ -111.874967, 40.645431 ], [ -111.876062, 40.648648 ], [ -111.876203, 40.650212 ], [ -111.876296, 40.650412 ], [ -111.8776, 40.65128 ], [ -111.878871, 40.651887 ], [ -111.883284, 40.654466 ], [ -111.888086, 40.657956 ], [ -111.888331, 40.658061 ], [ -111.888391, 40.658062 ], [ -111.888818, 40.657824 ], [ -111.889929, 40.657034 ], [ -111.894253, 40.65384 ], [ -111.895997, 40.651176 ], [ -111.899698, 40.649409 ], [ -111.900135, 40.649216 ], [ -111.90189, 40.647819 ], [ -111.906685, 40.644727 ], [ -111.907894, 40.643197 ], [ -111.907886, 40.64301 ] ] ] } },
{ "type": "Feature", "properties": { "group_index": 0, "value": 600.0, "center": [ -111.88889925700515, 40.642937607242985 ], "point_id": 15 }, "geometry": { "type": "Polygon", "coordinates": [ [ [ -111.923722, 40.64422 ], [ -111.922171, 40.640784 ], [ -111.921856, 40.640287 ], [ -111.921643, 40.640044 ], [ -111.917743, 40.637561 ], [ -111.915745, 40.636809 ], [ -111.912029, 40.629726 ], [ -111.907761, 40.627203 ], [ -111.903309, 40.624025 ], [ -111.901502, 40.62257 ], [ -111.896658, 40.618809 ], [ -111.895549, 40.617961 ], [ -111.894334, 40.617028 ], [ -111.891121, 40.614705 ], [ -111.890685, 40.614597 ], [ -111.890383, 40.614593 ], [ -111.883677, 40.61898 ], [ -111.880081, 40.620852 ], [ -111.8789, 40.621704 ], [ -111.871896, 40.625653 ], [ -111.865713, 40.629768 ], [ -111.864177, 40.631368 ], [ -111.859835, 40.63603 ], [ -111.856793, 40.636659 ], [ -111.854429, 40.638387 ], [ -111.852804, 40.640143 ], [ -111.852619, 40.640582 ], [ -111.852633, 40.640688 ], [ -111.853868, 40.64213 ], [ -111.858391, 40.649416 ], [ -111.858606, 40.64999 ], [ -111.859707, 40.651314 ], [ -111.864005, 40.654891 ], [ -111.864166, 40.655006 ], [ -111.865836, 40.656036 ], [ -111.870784, 40.658274 ], [ -111.87746, 40.662942 ], [ -111.878896, 40.664383 ], [ -111.883787, 40.668881 ], [ -111.887934, 40.670654 ], [ -111.888561, 40.670762 ], [ -111.889013, 40.67082 ], [ -111.889444, 40.670819 ], [ -111.893214, 40.668392 ], [ -111.897908, 40.662936 ], [ -111.904561, 40.657237 ], [ -111.907911, 40.656669 ], [ -111.908764, 40.656655 ], [ -111.910963, 40.655251 ], [ -111.91604, 40.651519 ], [ -111.920278, 40.648637 ], [ -111.922382, 40.646355 ], [ -111.923674, 40.644597 ], [ -111.923722, 40.64422 ] ] ] } },
{ "type": "Feature", "properties": { "group_index": 0, "value": 900.0, "center": [ -111.88889925700515, 40.642937607242985 ], "point_id": 15 }, "geometry": { "type": "Polygon", "coordinates": [ [ [ -111.936191, 40.643994 ], [ -111.935374, 40.642678 ], [ -111.932929, 40.640976 ], [ -111.932713, 40.640791 ], [ -111.931263, 40.640144 ], [ -111.929748, 40.631795 ], [ -111.931042, 40.630318 ], [ -111.931042, 40.630134 ], [ -111.931042, 40.629864 ], [ -111.931042, 40.62941 ], [ -111.930061, 40.628448 ], [ -111.929607, 40.628197 ], [ -111.922968, 40.625737 ], [ -111.920023, 40.622573 ], [ -111.919204, 40.621624 ], [ -111.916616, 40.617569 ], [ -111.910689, 40.615104 ], [ -111.904406, 40.610998 ], [ -111.901688, 40.609127 ], [ -111.898537, 40.606749 ], [ -111.894949, 40.604119 ], [ -111.890945, 40.600988 ], [ -111.890863, 40.600985 ], [ -111.890526, 40.601014 ], [ -111.887044, 40.603285 ], [ -111.883689, 40.60616 ], [ -111.881584, 40.60776 ], [ -111.876637, 40.610944 ], [ -111.872203, 40.611812 ], [ -111.867441, 40.615162 ], [ -111.863334, 40.617459 ], [ -111.857401, 40.620399 ], [ -111.856545, 40.621114 ], [ -111.855009, 40.623335 ], [ -111.851818, 40.626882 ], [ -111.846137, 40.630613 ], [ -111.839891, 40.63585 ], [ -111.836769, 40.63769 ], [ -111.835685, 40.63906 ], [ -111.835675, 40.642144 ], [ -111.840175, 40.649424 ], [ -111.841948, 40.651202 ], [ -111.846548, 40.653765 ], [ -111.847897, 40.654542 ], [ -111.853286, 40.660276 ], [ -111.853346, 40.660332 ], [ -111.856826, 40.661595 ], [ -111.861776, 40.666752 ], [ -111.865233, 40.669219 ], [ -111.865417, 40.669199 ], [ -111.867815, 40.668031 ], [ -111.874609, 40.669646 ], [ -111.875084, 40.67418 ], [ -111.875082, 40.674269 ], [ -111.875089, 40.674851 ], [ -111.875088, 40.674883 ], [ -111.875196, 40.675072 ], [ -111.876121, 40.67621 ], [ -111.876817, 40.676673 ], [ -111.878911, 40.677912 ], [ -111.8839, 40.68088 ], [ -111.886393, 40.683142 ], [ -111.888183, 40.684961 ], [ -111.888577, 40.684959 ], [ -111.893043, 40.682395 ], [ -111.894486, 40.681261 ], [ -111.900884, 40.67619 ], [ -111.904122, 40.673234 ], [ -111.91006, 40.669115 ], [ -111.910394, 40.668478 ], [ -111.910884, 40.667544 ], [ -111.918195, 40.662728 ], [ -111.918417, 40.662527 ], [ -111.923456, 40.657412 ], [ -111.930301, 40.654945 ], [ -111.931083, 40.654829 ], [ -111.935081, 40.651847 ], [ -111.935087, 40.651842 ], [ -111.935548, 40.651066 ], [ -111.935843, 40.650554 ], [ -111.936191, 40.643994 ] ] ] } },
{ "type": "Feature", "properties": { "group_index": 0, "value": 300.0, "center": [ -111.88819196747939, 40.656100734100235 ], "point_id": 15 }, "geometry": { "type": "Polygon", "coordinates": [ [ [ -111.906941, 40.653989 ], [ -111.906918, 40.653883 ], [ -111.906728, 40.653598 ], [ -111.905385, 40.652423 ], [ -111.903149, 40.650884 ], [ -111.899569, 40.650505 ], [ -111.896263, 40.64724 ], [ -111.895951, 40.646568 ], [ -111.89273, 40.643471 ], [ -111.889235, 40.641079 ], [ -111.888864, 40.64088 ], [ -111.888803, 40.640879 ], [ -111.888426, 40.641137 ], [ -111.884267, 40.644166 ], [ -111.880449, 40.646534 ], [ -111.876625, 40.647809 ], [ -111.874229, 40.651707 ], [ -111.871043, 40.653417 ], [ -111.871036, 40.653421 ], [ -111.870651, 40.656221 ], [ -111.870912, 40.657897 ], [ -111.871239, 40.65811 ], [ -111.873913, 40.65871 ], [ -111.877788, 40.662131 ], [ -111.878454, 40.663801 ], [ -111.878824, 40.665274 ], [ -111.879249, 40.665984 ], [ -111.879318, 40.666055 ], [ -111.882205, 40.666829 ], [ -111.8854, 40.668834 ], [ -111.887705, 40.670546 ], [ -111.88867, 40.670822 ], [ -111.888716, 40.670822 ], [ -111.891571, 40.668685 ], [ -111.894281, 40.666282 ], [ -111.896969, 40.663362 ], [ -111.899999, 40.659403 ], [ -111.904909, 40.656253 ], [ -111.905269, 40.656293 ], [ -111.905353, 40.656283 ], [ -111.905769, 40.656002 ], [ -111.906856, 40.654903 ], [ -111.906941, 40.653989 ] ] ] } },
{ "type": "Feature", "properties": { "group_index": 0, "value": 600.0, "center": [ -111.88819196747939, 40.656100734100235 ], "point_id": 15 }, "geometry": { "type": "Polygon", "coordinates": [ [ [ -111.92378, 40.653724 ], [ -111.923901, 40.653343 ], [ -111.923155, 40.651243 ], [ -111.922716, 40.650913 ], [ -111.916596, 40.647179 ], [ -111.912853, 40.643917 ], [ -111.910768, 40.642059 ], [ -111.909691, 40.641134 ], [ -111.90661, 40.638795 ], [ -111.903068, 40.636245 ], [ -111.89913, 40.634306 ], [ -111.894623, 40.631293 ], [ -111.890135, 40.627619 ], [ -111.890045, 40.627606 ], [ -111.890012, 40.627602 ], [ -111.889922, 40.62759 ], [ -111.889374, 40.627741 ], [ -111.884001, 40.631096 ], [ -111.879336, 40.633704 ], [ -111.874904, 40.636557 ], [ -111.869908, 40.639301 ], [ -111.865473, 40.641325 ], [ -111.86472, 40.64196 ], [ -111.859464, 40.647711 ], [ -111.858395, 40.648939 ], [ -111.857087, 40.654311 ], [ -111.857083, 40.65488 ], [ -111.857483, 40.65711 ], [ -111.859085, 40.65857 ], [ -111.863377, 40.661642 ], [ -111.865859, 40.665528 ], [ -111.865923, 40.665662 ], [ -111.866191, 40.666073 ], [ -111.866245, 40.666141 ], [ -111.868156, 40.66659 ], [ -111.87268, 40.667892 ], [ -111.87508, 40.674367 ], [ -111.875079, 40.674377 ], [ -111.875197, 40.674516 ], [ -111.876853, 40.676212 ], [ -111.876997, 40.676286 ], [ -111.879258, 40.677499 ], [ -111.884712, 40.681314 ], [ -111.88657, 40.682759 ], [ -111.887935, 40.68385 ], [ -111.888523, 40.684048 ], [ -111.888631, 40.684046 ], [ -111.889161, 40.68396 ], [ -111.891344, 40.682993 ], [ -111.896607, 40.679055 ], [ -111.900152, 40.676191 ], [ -111.904122, 40.673234 ], [ -111.909474, 40.668557 ], [ -111.914377, 40.663577 ], [ -111.917566, 40.661127 ], [ -111.923211, 40.654843 ], [ -111.923543, 40.654401 ], [ -111.92378, 40.653724 ] ] ] } },
{ "type": "Feature", "properties": { "group_index": 0, "value": 900.0, "center": [ -111.88819196747939, 40.656100734100235 ], "point_id": 15 }, "geometry": { "type": "Polygon", "coordinates": [ [ [ -111.94187, 40.652487 ], [ -111.94187, 40.65247 ], [ -111.940872, 40.65129 ], [ -111.940137, 40.650696 ], [ -111.936028, 40.647567 ], [ -111.932504, 40.644302 ], [ -111.925899, 40.640901 ], [ -111.920604, 40.637489 ], [ -111.913137, 40.633235 ], [ -111.912787, 40.629652 ], [ -111.910347, 40.627904 ], [ -111.90905, 40.62708 ], [ -111.903314, 40.623476 ], [ -111.901715, 40.62178 ], [ -111.896027, 40.617965 ], [ -111.891167, 40.614228 ], [ -111.890828, 40.614227 ], [ -111.890011, 40.614588 ], [ -111.889316, 40.614992 ], [ -111.884307, 40.618114 ], [ -111.879728, 40.620848 ], [ -111.871928, 40.6247 ], [ -111.87069, 40.625221 ], [ -111.866245, 40.627593 ], [ -111.863542, 40.629258 ], [ -111.862747, 40.629773 ], [ -111.855516, 40.634362 ], [ -111.852915, 40.635758 ], [ -111.849626, 40.638487 ], [ -111.845059, 40.643488 ], [ -111.841263, 40.647923 ], [ -111.840174, 40.649347 ], [ -111.840175, 40.649424 ], [ -111.841674, 40.651202 ], [ -111.846568, 40.657323 ], [ -111.847933, 40.662588 ], [ -111.849773, 40.667016 ], [ -111.849801, 40.667061 ], [ -111.851612, 40.668427 ], [ -111.851818, 40.668588 ], [ -111.85815, 40.674951 ], [ -111.859086, 40.676098 ], [ -111.8596, 40.676521 ], [ -111.866037, 40.681811 ], [ -111.8702, 40.684949 ], [ -111.875755, 40.688856 ], [ -111.881955, 40.693261 ], [ -111.884014, 40.694752 ], [ -111.888488, 40.697937 ], [ -111.888631, 40.697936 ], [ -111.891332, 40.696433 ], [ -111.894004, 40.694532 ], [ -111.901298, 40.690104 ], [ -111.901328, 40.690075 ], [ -111.906349, 40.685063 ], [ -111.910099, 40.682612 ], [ -111.917053, 40.67868 ], [ -111.922222, 40.673104 ], [ -111.923954, 40.670823 ], [ -111.926693, 40.665952 ], [ -111.933231, 40.66262 ], [ -111.93357, 40.662558 ], [ -111.934275, 40.661681 ], [ -111.940313, 40.655523 ], [ -111.941328, 40.654888 ], [ -111.94187, 40.652487 ] ] ] } },
{ "type": "Feature", "properties": { "group_index": 0, "value": 300.0, "center": [ -111.88820955329643, 40.6742895119918 ], "point_id": 15 }, "geometry": { "type": "Polygon", "coordinates": [ [ [ -111.902501, 40.672585 ], [ -111.901486, 40.669616 ], [ -111.900084, 40.668299 ], [ -111.899705, 40.667957 ], [ -111.896165, 40.665718 ], [ -111.893355, 40.661913 ], [ -111.893302, 40.661883 ], [ -111.893257, 40.661857 ], [ -111.893195, 40.661824 ], [ -111.88803, 40.659277 ], [ -111.888027, 40.659277 ], [ -111.887554, 40.659518 ], [ -111.884594, 40.661157 ], [ -111.882131, 40.663464 ], [ -111.879054, 40.665285 ], [ -111.875052, 40.667908 ], [ -111.872883, 40.670386 ], [ -111.869434, 40.67427 ], [ -111.869432, 40.674317 ], [ -111.869432, 40.674327 ], [ -111.86943, 40.674374 ], [ -111.870064, 40.675293 ], [ -111.871016, 40.6762 ], [ -111.875645, 40.679407 ], [ -111.877088, 40.680509 ], [ -111.88173, 40.683912 ], [ -111.883079, 40.685409 ], [ -111.887681, 40.688838 ], [ -111.88836, 40.68938 ], [ -111.888398, 40.68938 ], [ -111.891307, 40.687176 ], [ -111.89547, 40.684144 ], [ -111.896933, 40.681987 ], [ -111.899792, 40.676823 ], [ -111.9025, 40.676185 ], [ -111.902501, 40.672585 ] ] ] } },
{ "type": "Feature", "properties": { "group_index": 0, "value": 600.0, "center": [ -111.88820955329643, 40.6742895119918 ], "point_id": 15 }, "geometry": { "type": "Polygon", "coordinates": [ [ [ -111.919289, 40.670957 ], [ -111.915606, 40.665642 ], [ -111.914493, 40.664399 ], [ -111.909821, 40.659569 ], [ -111.907998, 40.656594 ], [ -111.907929, 40.656526 ], [ -111.902037, 40.653109 ], [ -111.900126, 40.651004 ], [ -111.893804, 40.650024 ], [ -111.890079, 40.646439 ], [ -111.890076, 40.646436 ], [ -111.889135, 40.645909 ], [ -111.8889, 40.645904 ], [ -111.888384, 40.645893 ], [ -111.888219, 40.645891 ], [ -111.885951, 40.647376 ], [ -111.884468, 40.648254 ], [ -111.879622, 40.650687 ], [ -111.871202, 40.652166 ], [ -111.871192, 40.652166 ], [ -111.871192, 40.652166 ], [ -111.871182, 40.652167 ], [ -111.869557, 40.654151 ], [ -111.864158, 40.661132 ], [ -111.861419, 40.664077 ], [ -111.861148, 40.66441 ], [ -111.857527, 40.668539 ], [ -111.853251, 40.672542 ], [ -111.8523, 40.673645 ], [ -111.8523, 40.673718 ], [ -111.852335, 40.674936 ], [ -111.853305, 40.676142 ], [ -111.858945, 40.680501 ], [ -111.864408, 40.685309 ], [ -111.865028, 40.68574 ], [ -111.869747, 40.688859 ], [ -111.873397, 40.691735 ], [ -111.875269, 40.693307 ], [ -111.876448, 40.694119 ], [ -111.879235, 40.69606 ], [ -111.880932, 40.696923 ], [ -111.88679, 40.701704 ], [ -111.888485, 40.702654 ], [ -111.888691, 40.702655 ], [ -111.890157, 40.70154 ], [ -111.894484, 40.698372 ], [ -111.899681, 40.695022 ], [ -111.900283, 40.694624 ], [ -111.905395, 40.690443 ], [ -111.907965, 40.688813 ], [ -111.909373, 40.687308 ], [ -111.913551, 40.681571 ], [ -111.916942, 40.679805 ], [ -111.918429, 40.678754 ], [ -111.920207, 40.674438 ], [ -111.919289, 40.670957 ] ] ] } },
{ "type": "Feature", "properties": { "group_index": 0, "value": 900.0, "center": [ -111.88820955329643, 40.6742895119918 ], "point_id": 15 }, "geometry": { "type": "Polygon", "coordinates": [ [ [ -111.936684, 40.669398 ], [ -111.936916, 40.667107 ], [ -111.936592, 40.665799 ], [ -111.931703, 40.662346 ], [ -111.929276, 40.660541 ], [ -111.928155, 40.659748 ], [ -111.927145, 40.658993 ], [ -111.925424, 40.657717 ], [ -111.920971, 40.651245 ], [ -111.915483, 40.647946 ], [ -111.912859, 40.645855 ], [ -111.910644, 40.644091 ], [ -111.905538, 40.641131 ], [ -111.903193, 40.63893 ], [ -111.902252, 40.638259 ], [ -111.899745, 40.636701 ], [ -111.89942, 40.636706 ], [ -111.898037, 40.636645 ], [ -111.89096, 40.633549 ], [ -111.888978, 40.632659 ], [ -111.888802, 40.632655 ], [ -111.888741, 40.632654 ], [ -111.888478, 40.632785 ], [ -111.882861, 40.636067 ], [ -111.876642, 40.639923 ], [ -111.87417, 40.64129 ], [ -111.865549, 40.641322 ], [ -111.865392, 40.641328 ], [ -111.864167, 40.642426 ], [ -111.858982, 40.647708 ], [ -111.852547, 40.653949 ], [ -111.849405, 40.655706 ], [ -111.848541, 40.659905 ], [ -111.844281, 40.664526 ], [ -111.842955, 40.665148 ], [ -111.842683, 40.665419 ], [ -111.839003, 40.668746 ], [ -111.838989, 40.668758 ], [ -111.835552, 40.672446 ], [ -111.834026, 40.67434 ], [ -111.834026, 40.674467 ], [ -111.835539, 40.676046 ], [ -111.837372, 40.677331 ], [ -111.843734, 40.682858 ], [ -111.843932, 40.683024 ], [ -111.84855, 40.686672 ], [ -111.851682, 40.688872 ], [ -111.855798, 40.692401 ], [ -111.8566, 40.693135 ], [ -111.862577, 40.697492 ], [ -111.868295, 40.701674 ], [ -111.874589, 40.706184 ], [ -111.876042, 40.707305 ], [ -111.882412, 40.712051 ], [ -111.884565, 40.713655 ], [ -111.88821, 40.716276 ], [ -111.888359, 40.716276 ], [ -111.888702, 40.716144 ], [ -111.891229, 40.714371 ], [ -111.89845, 40.709237 ], [ -111.900916, 40.707601 ], [ -111.905694, 40.70331 ], [ -111.909361, 40.701589 ], [ -111.912895, 40.698372 ], [ -111.916904, 40.695532 ], [ -111.920174, 40.69312 ], [ -111.925857, 40.687152 ], [ -111.929209, 40.681053 ], [ -111.931624, 40.679583 ], [ -111.931775, 40.6795 ], [ -111.934988, 40.678166 ], [ -111.935222, 40.677903 ], [ -111.936684, 40.669398 ] ] ] } },
{ "type": "Feature", "properties": { "group_index": 0, "value": 300.0, "center": [ -111.88821818945591, 40.68702343417967 ], "point_id": 15 }, "geometry": { "type": "Polygon", "coordinates": [ [ [ -111.907472, 40.686963 ], [ -111.907304, 40.686631 ], [ -111.906027, 40.685199 ], [ -111.905516, 40.685022 ], [ -111.905447, 40.685025 ], [ -111.90061, 40.682673 ], [ -111.89966, 40.680029 ], [ -111.896073, 40.677543 ], [ -111.894335, 40.675829 ], [ -111.892217, 40.674731 ], [ -111.88914, 40.672476 ], [ -111.88796, 40.67204 ], [ -111.887896, 40.67204 ], [ -111.886384, 40.672976 ], [ -111.882025, 40.675043 ], [ -111.880317, 40.675269 ], [ -111.88011, 40.67547 ], [ -111.877147, 40.680677 ], [ -111.875204, 40.682082 ], [ -111.870439, 40.685261 ], [ -111.868633, 40.687081 ], [ -111.868633, 40.687081 ], [ -111.870425, 40.688861 ], [ -111.874033, 40.691736 ], [ -111.878633, 40.694752 ], [ -111.879883, 40.696061 ], [ -111.882813, 40.697868 ], [ -111.886571, 40.700412 ], [ -111.887753, 40.701667 ], [ -111.888389, 40.702088 ], [ -111.88844, 40.702088 ], [ -111.889241, 40.701547 ], [ -111.89131, 40.700033 ], [ -111.894124, 40.69783 ], [ -111.895601, 40.696502 ], [ -111.900027, 40.693284 ], [ -111.901563, 40.691773 ], [ -111.905501, 40.68907 ], [ -111.905824, 40.688793 ], [ -111.906584, 40.68814 ], [ -111.906616, 40.688108 ], [ -111.907324, 40.687287 ], [ -111.907469, 40.687091 ], [ -111.907472, 40.686963 ] ] ] } },
{ "type": "Feature", "properties": { "group_index": 0, "value": 600.0, "center": [ -111.88821818945591, 40.68702343417967 ], "point_id": 15 }, "geometry": { "type": "Polygon", "coordinates": [ [ [ -111.924946, 40.684821 ], [ -111.923729, 40.684252 ], [ -111.923128, 40.684057 ], [ -111.919945, 40.68355 ], [ -111.919161, 40.683521 ], [ -111.917781, 40.683897 ], [ -111.911832, 40.681021 ], [ -111.911325, 40.677109 ], [ -111.911324, 40.677043 ], [ -111.908965, 40.67406 ], [ -111.907757, 40.672918 ], [ -111.901479, 40.668611 ], [ -111.899973, 40.667155 ], [ -111.89969, 40.666868 ], [ -111.894659, 40.66247 ], [ -111.888106, 40.658542 ], [ -111.887892, 40.658541 ], [ -111.885692, 40.659604 ], [ -111.881751, 40.661642 ], [ -111.881749, 40.661644 ], [ -111.877526, 40.666202 ], [ -111.869833, 40.669249 ], [ -111.864896, 40.672553 ], [ -111.863757, 40.673819 ], [ -111.85905, 40.679458 ], [ -111.856658, 40.68172 ], [ -111.852632, 40.685266 ], [ -111.852212, 40.685849 ], [ -111.852204, 40.686348 ], [ -111.852295, 40.688168 ], [ -111.852652, 40.688866 ], [ -111.857849, 40.693354 ], [ -111.861639, 40.695688 ], [ -111.865213, 40.698851 ], [ -111.868918, 40.701674 ], [ -111.873588, 40.704924 ], [ -111.876675, 40.707305 ], [ -111.880176, 40.710038 ], [ -111.886742, 40.714447 ], [ -111.888341, 40.715495 ], [ -111.888429, 40.715496 ], [ -111.888895, 40.715284 ], [ -111.891801, 40.713179 ], [ -111.892841, 40.71239 ], [ -111.893875, 40.711605 ], [ -111.897052, 40.709114 ], [ -111.90043, 40.706537 ], [ -111.907885, 40.701781 ], [ -111.91141, 40.698223 ], [ -111.915518, 40.695159 ], [ -111.917014, 40.693982 ], [ -111.918125, 40.693127 ], [ -111.918981, 40.69247 ], [ -111.921835, 40.68993 ], [ -111.923883, 40.687577 ], [ -111.925053, 40.684981 ], [ -111.924946, 40.684821 ] ] ] } },
{ "type": "Feature", "properties": { "group_index": 0, "value": 900.0, "center": [ -111.88821818945591, 40.68702343417967 ], "point_id": 15 }, "geometry": { "type": "Polygon", "coordinates": [ [ [ -111.942097, 40.682043 ], [ -111.940373, 40.680332 ], [ -111.93918, 40.679327 ], [ -111.937882, 40.678459 ], [ -111.932653, 40.675424 ], [ -111.932595, 40.675394 ], [ -111.931761, 40.67499 ], [ -111.931712, 40.674966 ], [ -111.929915, 40.674413 ], [ -111.92354, 40.669792 ], [ -111.916557, 40.664387 ], [ -111.915436, 40.663431 ], [ -111.910803, 40.660415 ], [ -111.908948, 40.65673 ], [ -111.90881, 40.656576 ], [ -111.901663, 40.651929 ], [ -111.900125, 40.650285 ], [ -111.898431, 40.649409 ], [ -111.8914, 40.647827 ], [ -111.890083, 40.645931 ], [ -111.888442, 40.645258 ], [ -111.888413, 40.645258 ], [ -111.888256, 40.645347 ], [ -111.88501, 40.647319 ], [ -111.880991, 40.649676 ], [ -111.872634, 40.652273 ], [ -111.870647, 40.652063 ], [ -111.870525, 40.652059 ], [ -111.870066, 40.652123 ], [ -111.868797, 40.653843 ], [ -111.864593, 40.658095 ], [ -111.857626, 40.659679 ], [ -111.855166, 40.662307 ], [ -111.850885, 40.669156 ], [ -111.847142, 40.672483 ], [ -111.84263, 40.677873 ], [ -111.838721, 40.681019 ], [ -111.833161, 40.687095 ], [ -111.833161, 40.687122 ], [ -111.834843, 40.688892 ], [ -111.837757, 40.691165 ], [ -111.842936, 40.694328 ], [ -111.849754, 40.70012 ], [ -111.851061, 40.701702 ], [ -111.85378, 40.703757 ], [ -111.858473, 40.707314 ], [ -111.861934, 40.710472 ], [ -111.867585, 40.714396 ], [ -111.8713, 40.717007 ], [ -111.876809, 40.720944 ], [ -111.88106, 40.724164 ], [ -111.882496, 40.725181 ], [ -111.888446, 40.728963 ], [ -111.88853, 40.728965 ], [ -111.8886, 40.72892 ], [ -111.891198, 40.727111 ], [ -111.894691, 40.724497 ], [ -111.89968, 40.72056 ], [ -111.902509, 40.71816 ], [ -111.908739, 40.713441 ], [ -111.908741, 40.712662 ], [ -111.908742, 40.712034 ], [ -111.908742, 40.71188 ], [ -111.915133, 40.705777 ], [ -111.916563, 40.707194 ], [ -111.916863, 40.70719 ], [ -111.919072, 40.705755 ], [ -111.923326, 40.702847 ], [ -111.925484, 40.70135 ], [ -111.925991, 40.700614 ], [ -111.930653, 40.694489 ], [ -111.934567, 40.691369 ], [ -111.935488, 40.690642 ], [ -111.937325, 40.687831 ], [ -111.94188, 40.682313 ], [ -111.942099, 40.682084 ], [ -111.942097, 40.682043 ] ] ] } },
{ "type": "Feature", "properties": { "group_index": 0, "value": 300.0, "center": [ -111.88823468138018, 40.69985534485849 ], "point_id": 15 }, "geometry": { "type": "Polygon", "coordinates": [ [ [ -111.907267, 40.699519 ], [ -111.905782, 40.697956 ], [ -111.901557, 40.695252 ], [ -111.900517, 40.694182 ], [ -111.899802, 40.693498 ], [ -111.896326, 40.69075 ], [ -111.894303, 40.689253 ], [ -111.891119, 40.686835 ], [ -111.888945, 40.685163 ], [ -111.888445, 40.685173 ], [ -111.887255, 40.685255 ], [ -111.885067, 40.686934 ], [ -111.883775, 40.687913 ], [ -111.879466, 40.691176 ], [ -111.876839, 40.693251 ], [ -111.875068, 40.694907 ], [ -111.871014, 40.697679 ], [ -111.870456, 40.698079 ], [ -111.869516, 40.698804 ], [ -111.868852, 40.699692 ], [ -111.868851, 40.699712 ], [ -111.870458, 40.701679 ], [ -111.874691, 40.704907 ], [ -111.876391, 40.706198 ], [ -111.880369, 40.709271 ], [ -111.885017, 40.712769 ], [ -111.887915, 40.714468 ], [ -111.888293, 40.714588 ], [ -111.888377, 40.714587 ], [ -111.888379, 40.714587 ], [ -111.888463, 40.714586 ], [ -111.888769, 40.714472 ], [ -111.891636, 40.71239 ], [ -111.89267, 40.711608 ], [ -111.895888, 40.709107 ], [ -111.90036, 40.705683 ], [ -111.901533, 40.704428 ], [ -111.905555, 40.701763 ], [ -111.905797, 40.701556 ], [ -111.907309, 40.699855 ], [ -111.907267, 40.699519 ] ] ] } },
{ "type": "Feature", "properties": { "group_index": 0, "value": 600.0, "center": [ -111.88823468138018, 40.69985534485849 ], "point_id": 15 }, "geometry": { "type": "Polygon", "coordinates": [ [ [ -111.924705, 40.699134 ], [ -111.924706, 40.69909 ], [ -111.923536, 40.697631 ], [ -111.917762, 40.693208 ], [ -111.913462, 40.690003 ], [ -111.911501, 40.688559 ], [ -111.910861, 40.688089 ], [ -111.906772, 40.685211 ], [ -111.901547, 40.681295 ], [ -111.899747, 40.67954 ], [ -111.895114, 40.676172 ], [ -111.889743, 40.672257 ], [ -111.888075, 40.671442 ], [ -111.888043, 40.671442 ], [ -111.886269, 40.672602 ], [ -111.879652, 40.675004 ], [ -111.879539, 40.675028 ], [ -111.875203, 40.681351 ], [ -111.869474, 40.685259 ], [ -111.868315, 40.686145 ], [ -111.865567, 40.688104 ], [ -111.862968, 40.689953 ], [ -111.857533, 40.694119 ], [ -111.852699, 40.698116 ], [ -111.852222, 40.698905 ], [ -111.852222, 40.698917 ], [ -111.85267, 40.701716 ], [ -111.852759, 40.701805 ], [ -111.85523, 40.703838 ], [ -111.860518, 40.707682 ], [ -111.864018, 40.710378 ], [ -111.867726, 40.713216 ], [ -111.874405, 40.718633 ], [ -111.8804, 40.722818 ], [ -111.882309, 40.724284 ], [ -111.886999, 40.727257 ], [ -111.888464, 40.727892 ], [ -111.888841, 40.727891 ], [ -111.89201, 40.725578 ], [ -111.896036, 40.72255 ], [ -111.901322, 40.718406 ], [ -111.906764, 40.714456 ], [ -111.906763, 40.710856 ], [ -111.902659, 40.70797 ], [ -111.906476, 40.701745 ], [ -111.908721, 40.701801 ], [ -111.909224, 40.701799 ], [ -111.909704, 40.701779 ], [ -111.914304, 40.703685 ], [ -111.91556, 40.70504 ], [ -111.916934, 40.705748 ], [ -111.917411, 40.70575 ], [ -111.921397, 40.702798 ], [ -111.923346, 40.701372 ], [ -111.923533, 40.701231 ], [ -111.924441, 40.700044 ], [ -111.924705, 40.699134 ] ] ] } },
{ "type": "Feature", "properties": { "group_index": 0, "value": 900.0, "center": [ -111.88823468138018, 40.69985534485849 ], "point_id": 15 }, "geometry": { "type": "Polygon", "coordinates": [ [ [ -111.942121, 40.69658 ], [ -111.94212, 40.696524 ], [ -111.940377, 40.694823 ], [ -111.939668, 40.694212 ], [ -111.932568, 40.688716 ], [ -111.930268, 40.687284 ], [ -111.926022, 40.684743 ], [ -111.924297, 40.683806 ], [ -111.919945, 40.68355 ], [ -111.918956, 40.683481 ], [ -111.912698, 40.677865 ], [ -111.911101, 40.676086 ], [ -111.908908, 40.673366 ], [ -111.905849, 40.670947 ], [ -111.900493, 40.667156 ], [ -111.894949, 40.66272 ], [ -111.893365, 40.660496 ], [ -111.88837, 40.657673 ], [ -111.88835, 40.657672 ], [ -111.888303, 40.657669 ], [ -111.888282, 40.657668 ], [ -111.882415, 40.660391 ], [ -111.881009, 40.661246 ], [ -111.879508, 40.66308 ], [ -111.879216, 40.663402 ], [ -111.871392, 40.667112 ], [ -111.871376, 40.667114 ], [ -111.870854, 40.667214 ], [ -111.867617, 40.66944 ], [ -111.864176, 40.672416 ], [ -111.862694, 40.673973 ], [ -111.857865, 40.679162 ], [ -111.854073, 40.682895 ], [ -111.85185, 40.684582 ], [ -111.845588, 40.687032 ], [ -111.84438, 40.687994 ], [ -111.839644, 40.694157 ], [ -111.834902, 40.698076 ], [ -111.833452, 40.699773 ], [ -111.833682, 40.700594 ], [ -111.833716, 40.700649 ], [ -111.834882, 40.701675 ], [ -111.839906, 40.705857 ], [ -111.843232, 40.708453 ], [ -111.849568, 40.714493 ], [ -111.853115, 40.717291 ], [ -111.857354, 40.719127 ], [ -111.863564, 40.723609 ], [ -111.864583, 40.724437 ], [ -111.867026, 40.726357 ], [ -111.868001, 40.727129 ], [ -111.872392, 40.730468 ], [ -111.87662, 40.733643 ], [ -111.881783, 40.737398 ], [ -111.886209, 40.740156 ], [ -111.887915, 40.740571 ], [ -111.888048, 40.740571 ], [ -111.890433, 40.740149 ], [ -111.893948, 40.737831 ], [ -111.899714, 40.733581 ], [ -111.901394, 40.732152 ], [ -111.908221, 40.727364 ], [ -111.911862, 40.725121 ], [ -111.917569, 40.719461 ], [ -111.921382, 40.716537 ], [ -111.927978, 40.710628 ], [ -111.92841, 40.709392 ], [ -111.935968, 40.706351 ], [ -111.936161, 40.706349 ], [ -111.936333, 40.70635 ], [ -111.936505, 40.706352 ], [ -111.937387, 40.705765 ], [ -111.937519, 40.705643 ], [ -111.940742, 40.700945 ], [ -111.942121, 40.69658 ] ] ] } },
{ "type": "Feature", "properties": { "group_index": 0, "value": 300.0, "center": [ -111.88815334436882, 40.7134889887772 ], "point_id": 15 }, "geometry": { "type": "Polygon", "coordinates": [ [ [ -111.904869, 40.710857 ], [ -111.901816, 40.708981 ], [ -111.900061, 40.707264 ], [ -111.895789, 40.704392 ], [ -111.894932, 40.703296 ], [ -111.891915, 40.701022 ], [ -111.890541, 40.699991 ], [ -111.888071, 40.698831 ], [ -111.887532, 40.698833 ], [ -111.886024, 40.699831 ], [ -111.88239, 40.702573 ], [ -111.879803, 40.704522 ], [ -111.876805, 40.707122 ], [ -111.875102, 40.708519 ], [ -111.871427, 40.710871 ], [ -111.869712, 40.712612 ], [ -111.869712, 40.712648 ], [ -111.871446, 40.714471 ], [ -111.874841, 40.717047 ], [ -111.877144, 40.718802 ], [ -111.878275, 40.719669 ], [ -111.879333, 40.720471 ], [ -111.880355, 40.721243 ], [ -111.881386, 40.722031 ], [ -111.882427, 40.722811 ], [ -111.886535, 40.725176 ], [ -111.889242, 40.725982 ], [ -111.889404, 40.725982 ], [ -111.890161, 40.725613 ], [ -111.891794, 40.724455 ], [ -111.895932, 40.721248 ], [ -111.89987, 40.718055 ], [ -111.900876, 40.71751 ], [ -111.904871, 40.714457 ], [ -111.904869, 40.710857 ] ] ] } },
{ "type": "Feature", "properties": { "group_index": 0, "value": 600.0, "center": [ -111.88815334436882, 40.7134889887772 ], "point_id": 15 }, "geometry": { "type": "Polygon", "coordinates": [ [ [ -111.909107, 40.721892 ], [ -111.908737, 40.714383 ], [ -111.906563, 40.70615 ], [ -111.907289, 40.699715 ], [ -111.907267, 40.699498 ], [ -111.906463, 40.698146 ], [ -111.899746, 40.693443 ], [ -111.896186, 40.69075 ], [ -111.894201, 40.689253 ], [ -111.888797, 40.685166 ], [ -111.888269, 40.685086 ], [ -111.888102, 40.685093 ], [ -111.887403, 40.685248 ], [ -111.885215, 40.686934 ], [ -111.879477, 40.691172 ], [ -111.876809, 40.693251 ], [ -111.870321, 40.698079 ], [ -111.867899, 40.699765 ], [ -111.863365, 40.703423 ], [ -111.858593, 40.707109 ], [ -111.854925, 40.709675 ], [ -111.853642, 40.710888 ], [ -111.851859, 40.712645 ], [ -111.851859, 40.71265 ], [ -111.851859, 40.712674 ], [ -111.851859, 40.712679 ], [ -111.854042, 40.714957 ], [ -111.856026, 40.716374 ], [ -111.857267, 40.716638 ], [ -111.863588, 40.721627 ], [ -111.866021, 40.724 ], [ -111.86868, 40.726093 ], [ -111.86972, 40.726892 ], [ -111.870038, 40.727133 ], [ -111.876765, 40.732152 ], [ -111.88106, 40.735329 ], [ -111.887895, 40.740158 ], [ -111.888018, 40.740158 ], [ -111.888454, 40.740154 ], [ -111.888762, 40.740151 ], [ -111.893077, 40.736933 ], [ -111.89536, 40.735221 ], [ -111.9004, 40.73156 ], [ -111.906338, 40.72733 ], [ -111.908301, 40.7254 ], [ -111.909004, 40.724582 ], [ -111.909107, 40.721892 ] ] ] } },
{ "type": "Feature", "properties": { "group_index": 0, "value": 900.0, "center": [ -111.88815334436882, 40.7134889887772 ], "point_id": 15 }, "geometry": { "type": "Polygon", "coordinates": [ [ [ -111.925562, 40.722767 ], [ -111.925442, 40.722637 ], [ -111.924008, 40.721159 ], [ -111.92332, 40.720944 ], [ -111.917578, 40.717572 ], [ -111.917451, 40.717571 ], [ -111.912902, 40.719117 ], [ -111.908737, 40.714383 ], [ -111.906563, 40.70615 ], [ -111.915135, 40.70478 ], [ -111.915869, 40.705024 ], [ -111.916627, 40.705379 ], [ -111.917834, 40.705751 ], [ -111.917923, 40.705751 ], [ -111.921972, 40.702799 ], [ -111.92292, 40.70203 ], [ -111.923802, 40.701377 ], [ -111.925308, 40.700043 ], [ -111.925336, 40.699883 ], [ -111.923872, 40.697778 ], [ -111.917809, 40.693208 ], [ -111.91348, 40.690007 ], [ -111.911528, 40.688559 ], [ -111.910861, 40.688089 ], [ -111.906799, 40.685211 ], [ -111.899982, 40.680152 ], [ -111.894966, 40.676171 ], [ -111.889904, 40.672486 ], [ -111.888187, 40.67144 ], [ -111.888091, 40.671442 ], [ -111.887502, 40.671745 ], [ -111.879539, 40.675028 ], [ -111.879343, 40.675188 ], [ -111.875203, 40.68144 ], [ -111.869591, 40.685161 ], [ -111.868314, 40.68615 ], [ -111.863716, 40.689384 ], [ -111.863, 40.689943 ], [ -111.858056, 40.693536 ], [ -111.850107, 40.696684 ], [ -111.844174, 40.702198 ], [ -111.842458, 40.704016 ], [ -111.839493, 40.707414 ], [ -111.835837, 40.710915 ], [ -111.834781, 40.712799 ], [ -111.834781, 40.712908 ], [ -111.834877, 40.713344 ], [ -111.835851, 40.714515 ], [ -111.839387, 40.717261 ], [ -111.842929, 40.719997 ], [ -111.843199, 40.720005 ], [ -111.848714, 40.722023 ], [ -111.850333, 40.725931 ], [ -111.85167, 40.727064 ], [ -111.857196, 40.731065 ], [ -111.859827, 40.733372 ], [ -111.864256, 40.736283 ], [ -111.868882, 40.739756 ], [ -111.870989, 40.741366 ], [ -111.872288, 40.742372 ], [ -111.878161, 40.74667 ], [ -111.880296, 40.748257 ], [ -111.881638, 40.749247 ], [ -111.888052, 40.753756 ], [ -111.888285, 40.75391 ], [ -111.888309, 40.753911 ], [ -111.88831, 40.753911 ], [ -111.888335, 40.753911 ], [ -111.888615, 40.753755 ], [ -111.891541, 40.751794 ], [ -111.895476, 40.748939 ], [ -111.900255, 40.745287 ], [ -111.903042, 40.743277 ], [ -111.905874, 40.740277 ], [ -111.911115, 40.737054 ], [ -111.911537, 40.73684 ], [ -111.913651, 40.735308 ], [ -111.917457, 40.732552 ], [ -111.924181, 40.727733 ], [ -111.924815, 40.726613 ], [ -111.925562, 40.722767 ] ] ] } },
{ "type": "Feature", "properties": { "group_index": 0, "value": 300.0, "center": [ -111.88815865860423, 40.72543049173693 ], "point_id": 15 }, "geometry": { "type": "Polygon", "coordinates": [ [ [ -111.905491, 40.723698 ], [ -111.901516, 40.721116 ], [ -111.899841, 40.7194 ], [ -111.896415, 40.716951 ], [ -111.894717, 40.715094 ], [ -111.892316, 40.713286 ], [ -111.891297, 40.712507 ], [ -111.889066, 40.710867 ], [ -111.888073, 40.710236 ], [ -111.88806, 40.710236 ], [ -111.887225, 40.710853 ], [ -111.886009, 40.711765 ], [ -111.881666, 40.714945 ], [ -111.879261, 40.716871 ], [ -111.874918, 40.719847 ], [ -111.874143, 40.720533 ], [ -111.87026, 40.723945 ], [ -111.870255, 40.72395 ], [ -111.869844, 40.724727 ], [ -111.869505, 40.725511 ], [ -111.869505, 40.725537 ], [ -111.869632, 40.725682 ], [ -111.871152, 40.727273 ], [ -111.874382, 40.729709 ], [ -111.879058, 40.733272 ], [ -111.879563, 40.733655 ], [ -111.881798, 40.735324 ], [ -111.886239, 40.738586 ], [ -111.887777, 40.738853 ], [ -111.887998, 40.738857 ], [ -111.890403, 40.738569 ], [ -111.891116, 40.738067 ], [ -111.892608, 40.736936 ], [ -111.897025, 40.733401 ], [ -111.900558, 40.73066 ], [ -111.905322, 40.727294 ], [ -111.905491, 40.723698 ] ] ] } },
{ "type": "Feature", "properties": { "group_index": 0, "value": 600.0, "center": [ -111.88815865860423, 40.72543049173693 ], "point_id": 15 }, "geometry": { "type": "Polygon", "coordinates": [ [ [ -111.924275, 40.726216 ], [ -111.923071, 40.724137 ], [ -111.919268, 40.720938 ], [ -111.917359, 40.71949 ], [ -111.917168, 40.719489 ], [ -111.912813, 40.719389 ], [ -111.908733, 40.717458 ], [ -111.90693, 40.71253 ], [ -111.906917, 40.710856 ], [ -111.9, 40.705447 ], [ -111.895358, 40.702075 ], [ -111.889903, 40.697942 ], [ -111.888187, 40.696661 ], [ -111.888176, 40.696661 ], [ -111.887175, 40.697414 ], [ -111.880325, 40.702442 ], [ -111.877371, 40.704708 ], [ -111.876661, 40.705254 ], [ -111.876252, 40.705678 ], [ -111.869239, 40.71087 ], [ -111.865526, 40.714041 ], [ -111.863552, 40.715715 ], [ -111.857511, 40.719294 ], [ -111.853137, 40.723482 ], [ -111.85192, 40.72469 ], [ -111.851908, 40.72473 ], [ -111.851904, 40.72575 ], [ -111.851921, 40.725887 ], [ -111.853454, 40.727291 ], [ -111.85824, 40.731069 ], [ -111.859568, 40.732074 ], [ -111.863935, 40.735312 ], [ -111.869656, 40.739757 ], [ -111.87241, 40.741854 ], [ -111.878883, 40.746672 ], [ -111.881019, 40.748255 ], [ -111.88236, 40.749248 ], [ -111.884294, 40.750657 ], [ -111.886382, 40.752187 ], [ -111.888335, 40.753605 ], [ -111.888368, 40.753605 ], [ -111.895507, 40.748539 ], [ -111.902458, 40.743293 ], [ -111.907209, 40.738333 ], [ -111.912595, 40.735308 ], [ -111.91866, 40.730389 ], [ -111.923074, 40.727737 ], [ -111.924272, 40.726405 ], [ -111.924275, 40.726216 ] ] ] } },
{ "type": "Feature", "properties": { "group_index": 0, "value": 900.0, "center": [ -111.88815865860423, 40.72543049173693 ], "point_id": 15 }, "geometry": { "type": "Polygon", "coordinates": [ [ [ -111.941042, 40.727083 ], [ -111.941059, 40.724727 ], [ -111.940866, 40.724104 ], [ -111.94067, 40.723964 ], [ -111.939792, 40.723452 ], [ -111.938599, 40.723257 ], [ -111.937965, 40.723265 ], [ -111.932806, 40.724568 ], [ -111.9292, 40.720436 ], [ -111.928011, 40.719017 ], [ -111.924372, 40.71182 ], [ -111.92271, 40.710152 ], [ -111.918082, 40.706412 ], [ -111.917557, 40.706412 ], [ -111.917013, 40.706388 ], [ -111.914992, 40.706529 ], [ -111.908451, 40.701795 ], [ -111.908541, 40.698196 ], [ -111.908243, 40.697991 ], [ -111.901559, 40.693685 ], [ -111.900366, 40.692486 ], [ -111.899788, 40.691902 ], [ -111.896242, 40.689244 ], [ -111.892355, 40.685915 ], [ -111.892281, 40.685866 ], [ -111.888182, 40.683657 ], [ -111.887676, 40.683657 ], [ -111.884253, 40.685768 ], [ -111.883931, 40.686039 ], [ -111.88216, 40.687728 ], [ -111.876188, 40.692013 ], [ -111.874596, 40.693245 ], [ -111.868281, 40.697992 ], [ -111.864982, 40.700389 ], [ -111.861279, 40.703293 ], [ -111.853567, 40.706095 ], [ -111.852757, 40.706881 ], [ -111.851646, 40.70798 ], [ -111.848737, 40.710892 ], [ -111.842177, 40.716479 ], [ -111.840267, 40.718548 ], [ -111.835772, 40.723701 ], [ -111.834616, 40.725617 ], [ -111.834618, 40.725698 ], [ -111.834725, 40.726089 ], [ -111.835768, 40.727301 ], [ -111.837886, 40.729373 ], [ -111.843161, 40.73433 ], [ -111.85002, 40.739008 ], [ -111.853742, 40.741797 ], [ -111.857373, 40.744517 ], [ -111.859009, 40.745588 ], [ -111.863048, 40.748255 ], [ -111.866966, 40.7515 ], [ -111.869858, 40.753768 ], [ -111.872752, 40.755931 ], [ -111.879062, 40.760287 ], [ -111.882161, 40.762547 ], [ -111.885022, 40.764679 ], [ -111.887865, 40.766823 ], [ -111.888221, 40.766958 ], [ -111.888374, 40.766959 ], [ -111.888681, 40.766834 ], [ -111.888832, 40.766736 ], [ -111.891842, 40.764559 ], [ -111.893191, 40.763547 ], [ -111.894762, 40.762379 ], [ -111.900893, 40.758075 ], [ -111.903814, 40.755924 ], [ -111.909781, 40.75157 ], [ -111.915357, 40.746779 ], [ -111.921306, 40.742287 ], [ -111.923747, 40.739325 ], [ -111.928578, 40.736899 ], [ -111.934681, 40.734921 ], [ -111.934788, 40.734895 ], [ -111.936163, 40.733173 ], [ -111.940879, 40.727704 ], [ -111.941042, 40.727083 ] ] ] } },
{ "type": "Feature", "properties": { "group_index": 0, "value": 300.0, "center": [ -111.8881445390435, 40.73768232162387 ], "point_id": 15 }, "geometry": { "type": "Polygon", "coordinates": [ [ [ -111.900186, 40.741421 ], [ -111.899861, 40.735791 ], [ -111.900518, 40.735289 ], [ -111.901495, 40.734141 ], [ -111.90206, 40.73366 ], [ -111.902061, 40.733606 ], [ -111.901638, 40.732998 ], [ -111.900512, 40.731689 ], [ -111.896505, 40.728656 ], [ -111.895723, 40.728071 ], [ -111.894277, 40.726981 ], [ -111.893115, 40.726116 ], [ -111.889829, 40.723655 ], [ -111.888043, 40.722623 ], [ -111.887848, 40.722623 ], [ -111.883755, 40.725653 ], [ -111.882899, 40.726309 ], [ -111.879553, 40.728848 ], [ -111.877968, 40.730057 ], [ -111.876894, 40.730875 ], [ -111.875812, 40.731724 ], [ -111.874653, 40.732702 ], [ -111.872127, 40.735029 ], [ -111.872128, 40.735856 ], [ -111.872128, 40.736712 ], [ -111.872128, 40.737869 ], [ -111.872127, 40.738388 ], [ -111.872128, 40.738507 ], [ -111.872253, 40.738688 ], [ -111.876368, 40.742537 ], [ -111.876676, 40.742783 ], [ -111.877522, 40.743435 ], [ -111.878914, 40.744503 ], [ -111.880737, 40.745879 ], [ -111.881772, 40.746671 ], [ -111.884939, 40.74903 ], [ -111.886709, 40.749925 ], [ -111.888588, 40.750858 ], [ -111.888663, 40.750858 ], [ -111.891094, 40.748916 ], [ -111.894487, 40.746471 ], [ -111.898539, 40.743378 ], [ -111.900189, 40.741505 ], [ -111.900186, 40.741421 ] ] ] } },
{ "type": "Feature", "properties": { "group_index": 0, "value": 600.0, "center": [ -111.8881445390435, 40.73768232162387 ], "point_id": 15 }, "geometry": { "type": "Polygon", "coordinates": [ [ [ -111.920012, 40.733523 ], [ -111.918277, 40.731709 ], [ -111.913799, 40.72832 ], [ -111.907648, 40.723765 ], [ -111.900631, 40.718411 ], [ -111.896423, 40.715086 ], [ -111.894037, 40.713284 ], [ -111.891916, 40.711683 ], [ -111.888531, 40.709181 ], [ -111.888078, 40.709155 ], [ -111.887849, 40.709154 ], [ -111.886669, 40.710007 ], [ -111.88163, 40.713736 ], [ -111.880033, 40.714952 ], [ -111.877533, 40.716874 ], [ -111.871206, 40.721543 ], [ -111.867842, 40.724078 ], [ -111.861263, 40.729218 ], [ -111.859395, 40.730657 ], [ -111.858017, 40.73172 ], [ -111.856333, 40.733778 ], [ -111.856258, 40.734568 ], [ -111.856259, 40.738168 ], [ -111.857924, 40.741619 ], [ -111.859699, 40.743439 ], [ -111.862686, 40.745701 ], [ -111.864, 40.746706 ], [ -111.869786, 40.751499 ], [ -111.873826, 40.754537 ], [ -111.876068, 40.755931 ], [ -111.881602, 40.760186 ], [ -111.881671, 40.760243 ], [ -111.884967, 40.762538 ], [ -111.88828, 40.764551 ], [ -111.888348, 40.764551 ], [ -111.891751, 40.762123 ], [ -111.897308, 40.758088 ], [ -111.900347, 40.755921 ], [ -111.906514, 40.751566 ], [ -111.907196, 40.750381 ], [ -111.913685, 40.74535 ], [ -111.914743, 40.744465 ], [ -111.915919, 40.743447 ], [ -111.916495, 40.742315 ], [ -111.918276, 40.735309 ], [ -111.920012, 40.73356 ], [ -111.920012, 40.733523 ] ] ] } },
{ "type": "Feature", "properties": { "group_index": 0, "value": 900.0, "center": [ -111.8881445390435, 40.73768232162387 ], "point_id": 15 }, "geometry": { "type": "Polygon", "coordinates": [ [ [ -111.93762, 40.733324 ], [ -111.937621, 40.733283 ], [ -111.936044, 40.731344 ], [ -111.929375, 40.72637 ], [ -111.928598, 40.725523 ], [ -111.926125, 40.724126 ], [ -111.919223, 40.718926 ], [ -111.917578, 40.718282 ], [ -111.913668, 40.716728 ], [ -111.908743, 40.711326 ], [ -111.90445, 40.708481 ], [ -111.901528, 40.705835 ], [ -111.899728, 40.704166 ], [ -111.896257, 40.701179 ], [ -111.892105, 40.697967 ], [ -111.888445, 40.695685 ], [ -111.888388, 40.695685 ], [ -111.887405, 40.696104 ], [ -111.8861, 40.697016 ], [ -111.882253, 40.699691 ], [ -111.87789, 40.702796 ], [ -111.875028, 40.705258 ], [ -111.869901, 40.709137 ], [ -111.867538, 40.710796 ], [ -111.863565, 40.71435 ], [ -111.856153, 40.717306 ], [ -111.855942, 40.717382 ], [ -111.853554, 40.720324 ], [ -111.847905, 40.725772 ], [ -111.846999, 40.726494 ], [ -111.845957, 40.727286 ], [ -111.843809, 40.728978 ], [ -111.840239, 40.731825 ], [ -111.840231, 40.735425 ], [ -111.840364, 40.741662 ], [ -111.840474, 40.741928 ], [ -111.844507, 40.746291 ], [ -111.84542, 40.74718 ], [ -111.852196, 40.751601 ], [ -111.854865, 40.753776 ], [ -111.860598, 40.758118 ], [ -111.865278, 40.761597 ], [ -111.869301, 40.764632 ], [ -111.872231, 40.7668 ], [ -111.87548, 40.768971 ], [ -111.880135, 40.772362 ], [ -111.884536, 40.775831 ], [ -111.886833, 40.77728 ], [ -111.887669, 40.777773 ], [ -111.888669, 40.777804 ], [ -111.88952, 40.777377 ], [ -111.894262, 40.773732 ], [ -111.898024, 40.771044 ], [ -111.900929, 40.768976 ], [ -111.90396, 40.766692 ], [ -111.910413, 40.762419 ], [ -111.915464, 40.758088 ], [ -111.91821, 40.756067 ], [ -111.918444, 40.755893 ], [ -111.92206, 40.753158 ], [ -111.926403, 40.749562 ], [ -111.930899, 40.745283 ], [ -111.934132, 40.742291 ], [ -111.935089, 40.740899 ], [ -111.93762, 40.733324 ] ] ] } },
{ "type": "Feature", "properties": { "group_index": 0, "value": 300.0, "center": [ -111.88821364920157, 40.74981129654867 ], "point_id": 15 }, "geometry": { "type": "Polygon", "coordinates": [ [ [ -111.907431, 40.74977 ], [ -111.907199, 40.749281 ], [ -111.906367, 40.747967 ], [ -111.903948, 40.746098 ], [ -111.901898, 40.744616 ], [ -111.90172, 40.744485 ], [ -111.897948, 40.741695 ], [ -111.895405, 40.739781 ], [ -111.894069, 40.738831 ], [ -111.890765, 40.73655 ], [ -111.888656, 40.734975 ], [ -111.887935, 40.73478 ], [ -111.887922, 40.73478 ], [ -111.887596, 40.734981 ], [ -111.884425, 40.73736 ], [ -111.88226, 40.738985 ], [ -111.879931, 40.740715 ], [ -111.876881, 40.743068 ], [ -111.87508, 40.744867 ], [ -111.870662, 40.747704 ], [ -111.869282, 40.749095 ], [ -111.868754, 40.749808 ], [ -111.868755, 40.749919 ], [ -111.870423, 40.751599 ], [ -111.873225, 40.753764 ], [ -111.875905, 40.75593 ], [ -111.879657, 40.758629 ], [ -111.881994, 40.760481 ], [ -111.885311, 40.762928 ], [ -111.887874, 40.764686 ], [ -111.888198, 40.764793 ], [ -111.888375, 40.764794 ], [ -111.888899, 40.764555 ], [ -111.892257, 40.762126 ], [ -111.89275, 40.761732 ], [ -111.896796, 40.758527 ], [ -111.897578, 40.758086 ], [ -111.900456, 40.755921 ], [ -111.903214, 40.753739 ], [ -111.906381, 40.751567 ], [ -111.907198, 40.750239 ], [ -111.907431, 40.749861 ], [ -111.907431, 40.74977 ] ] ] } },
{ "type": "Feature", "properties": { "group_index": 0, "value": 600.0, "center": [ -111.88821364920157, 40.74981129654867 ], "point_id": 15 }, "geometry": { "type": "Polygon", "coordinates": [ [ [ -111.924158, 40.749262 ], [ -111.92399, 40.747259 ], [ -111.917834, 40.743163 ], [ -111.914751, 40.740865 ], [ -111.911581, 40.738496 ], [ -111.904307, 40.733409 ], [ -111.902599, 40.731687 ], [ -111.895778, 40.727052 ], [ -111.894049, 40.725358 ], [ -111.891658, 40.723647 ], [ -111.888155, 40.721291 ], [ -111.888065, 40.721291 ], [ -111.887173, 40.721816 ], [ -111.885071, 40.723291 ], [ -111.882371, 40.725392 ], [ -111.881255, 40.726249 ], [ -111.878965, 40.727974 ], [ -111.872255, 40.732729 ], [ -111.866598, 40.73715 ], [ -111.863055, 40.739837 ], [ -111.855785, 40.744828 ], [ -111.852536, 40.748002 ], [ -111.851799, 40.749401 ], [ -111.851681, 40.749968 ], [ -111.851675, 40.750077 ], [ -111.85179, 40.750582 ], [ -111.85247, 40.751615 ], [ -111.855323, 40.753774 ], [ -111.860968, 40.75812 ], [ -111.866833, 40.762558 ], [ -111.869551, 40.764634 ], [ -111.872427, 40.7668 ], [ -111.875323, 40.768971 ], [ -111.879971, 40.772362 ], [ -111.882748, 40.774649 ], [ -111.884475, 40.77583 ], [ -111.887876, 40.777844 ], [ -111.887925, 40.777846 ], [ -111.888831, 40.777805 ], [ -111.889363, 40.777751 ], [ -111.894721, 40.773938 ], [ -111.901129, 40.768976 ], [ -111.902725, 40.767772 ], [ -111.904159, 40.766692 ], [ -111.910426, 40.762419 ], [ -111.915275, 40.758088 ], [ -111.918261, 40.755892 ], [ -111.922108, 40.753069 ], [ -111.92216, 40.75303 ], [ -111.923908, 40.750032 ], [ -111.924158, 40.749262 ] ] ] } },
{ "type": "Feature", "properties": { "group_index": 0, "value": 900.0, "center": [ -111.88821364920157, 40.74981129654867 ], "point_id": 15 }, "geometry": { "type": "Polygon", "coordinates": [ [ [ -111.940979, 40.75119 ], [ -111.940811, 40.749468 ], [ -111.939552, 40.748136 ], [ -111.934138, 40.743209 ], [ -111.931281, 40.739544 ], [ -111.930654, 40.738642 ], [ -111.92827, 40.736839 ], [ -111.925879, 40.735037 ], [ -111.921494, 40.731705 ], [ -111.9178, 40.728952 ], [ -111.91124, 40.724798 ], [ -111.90846, 40.722398 ], [ -111.902055, 40.717685 ], [ -111.894984, 40.712508 ], [ -111.894012, 40.711771 ], [ -111.890254, 40.709185 ], [ -111.888057, 40.70789 ], [ -111.887322, 40.708243 ], [ -111.88463, 40.709937 ], [ -111.878918, 40.714415 ], [ -111.875191, 40.71734 ], [ -111.8709, 40.720404 ], [ -111.86448, 40.725078 ], [ -111.862316, 40.726759 ], [ -111.857908, 40.729894 ], [ -111.852902, 40.732936 ], [ -111.852854, 40.732965 ], [ -111.848119, 40.737197 ], [ -111.844982, 40.73973 ], [ -111.84385, 40.740609 ], [ -111.840269, 40.743478 ], [ -111.8358, 40.747003 ], [ -111.833607, 40.749498 ], [ -111.83361, 40.749748 ], [ -111.83478, 40.751575 ], [ -111.835699, 40.752719 ], [ -111.838932, 40.755746 ], [ -111.838979, 40.755766 ], [ -111.846144, 40.760371 ], [ -111.848469, 40.762776 ], [ -111.854566, 40.76681 ], [ -111.857375, 40.768979 ], [ -111.860253, 40.771158 ], [ -111.86187, 40.772361 ], [ -111.86338, 40.773499 ], [ -111.864917, 40.774634 ], [ -111.866407, 40.775755 ], [ -111.867906, 40.776882 ], [ -111.869404, 40.778025 ], [ -111.870883, 40.77915 ], [ -111.872377, 40.780288 ], [ -111.87382, 40.781433 ], [ -111.879543, 40.787011 ], [ -111.882437, 40.789152 ], [ -111.88265, 40.789267 ], [ -111.885251, 40.790111 ], [ -111.885402, 40.790124 ], [ -111.886718, 40.789601 ], [ -111.895063, 40.788242 ], [ -111.898339, 40.787546 ], [ -111.89882, 40.787397 ], [ -111.902392, 40.784166 ], [ -111.904137, 40.7824 ], [ -111.908246, 40.777677 ], [ -111.913417, 40.773238 ], [ -111.918084, 40.770163 ], [ -111.920571, 40.767852 ], [ -111.925998, 40.764815 ], [ -111.926275, 40.764645 ], [ -111.930849, 40.760241 ], [ -111.934961, 40.75679 ], [ -111.939309, 40.753054 ], [ -111.940874, 40.751448 ], [ -111.94098, 40.751221 ], [ -111.940979, 40.75119 ] ] ] } },
{ "type": "Feature", "properties": { "group_index": 0, "value": 300.0, "center": [ -111.88815445358179, 40.76068179791353 ], "point_id": 15 }, "geometry": { "type": "Polygon", "coordinates": [ [ [ -111.907272, 40.760802 ], [ -111.907093, 40.760228 ], [ -111.905839, 40.758774 ], [ -111.902542, 40.756505 ], [ -111.900166, 40.754475 ], [ -111.897387, 40.752269 ], [ -111.892949, 40.748742 ], [ -111.891142, 40.74758 ], [ -111.88802, 40.745541 ], [ -111.887899, 40.745542 ], [ -111.884374, 40.7479 ], [ -111.881825, 40.750155 ], [ -111.878977, 40.752325 ], [ -111.876607, 40.754359 ], [ -111.873256, 40.756685 ], [ -111.869526, 40.76046 ], [ -111.86936, 40.760657 ], [ -111.86936, 40.760658 ], [ -111.871118, 40.762564 ], [ -111.871688, 40.763031 ], [ -111.87391, 40.764634 ], [ -111.876748, 40.766806 ], [ -111.87957, 40.76897 ], [ -111.882479, 40.771144 ], [ -111.88656, 40.774651 ], [ -111.888002, 40.775409 ], [ -111.888226, 40.775472 ], [ -111.888276, 40.775471 ], [ -111.888419, 40.775403 ], [ -111.892566, 40.7727 ], [ -111.897049, 40.768965 ], [ -111.899995, 40.76679 ], [ -111.901555, 40.765629 ], [ -111.906156, 40.76236 ], [ -111.907272, 40.760828 ], [ -111.907272, 40.760802 ] ] ] } },
{ "type": "Feature", "properties": { "group_index": 0, "value": 600.0, "center": [ -111.88815445358179, 40.76068179791353 ], "point_id": 15 }, "geometry": { "type": "Polygon", "coordinates": [ [ [ -111.92503, 40.75995 ], [ -111.923777, 40.758793 ], [ -111.917756, 40.754459 ], [ -111.91234, 40.750131 ], [ -111.909976, 40.747975 ], [ -111.905582, 40.74533 ], [ -111.901507, 40.74169 ], [ -111.900274, 40.740735 ], [ -111.895834, 40.737441 ], [ -111.890678, 40.733778 ], [ -111.889946, 40.733704 ], [ -111.886346, 40.733701 ], [ -111.884504, 40.734444 ], [ -111.884276, 40.734626 ], [ -111.879797, 40.738152 ], [ -111.878696, 40.738992 ], [ -111.877595, 40.739835 ], [ -111.874971, 40.742236 ], [ -111.869831, 40.745088 ], [ -111.86978, 40.745129 ], [ -111.866618, 40.748044 ], [ -111.861752, 40.751297 ], [ -111.860349, 40.752344 ], [ -111.855177, 40.756763 ], [ -111.853517, 40.758645 ], [ -111.853517, 40.758655 ], [ -111.85493, 40.763345 ], [ -111.856077, 40.76464 ], [ -111.8617, 40.768978 ], [ -111.864605, 40.771161 ], [ -111.868838, 40.774635 ], [ -111.87032, 40.775762 ], [ -111.8718, 40.776891 ], [ -111.873308, 40.778033 ], [ -111.874785, 40.779167 ], [ -111.876299, 40.780297 ], [ -111.882002, 40.785692 ], [ -111.882356, 40.786096 ], [ -111.884547, 40.787599 ], [ -111.893317, 40.786485 ], [ -111.895597, 40.785671 ], [ -111.896885, 40.785177 ], [ -111.898463, 40.78419 ], [ -111.901937, 40.780353 ], [ -111.904365, 40.777684 ], [ -111.909376, 40.773235 ], [ -111.912461, 40.771087 ], [ -111.917902, 40.766788 ], [ -111.9208, 40.764598 ], [ -111.923554, 40.762565 ], [ -111.925205, 40.760292 ], [ -111.92503, 40.75995 ] ] ] } },
{ "type": "Feature", "properties": { "group_index": 0, "value": 900.0, "center": [ -111.88815445358179, 40.76068179791353 ], "point_id": 15 }, "geometry": { "type": "Polygon", "coordinates": [ [ [ -111.940828, 40.758884 ], [ -111.940618, 40.758486 ], [ -111.938976, 40.75695 ], [ -111.936212, 40.754829 ], [ -111.929983, 40.749466 ], [ -111.927612, 40.747649 ], [ -111.925338, 40.745963 ], [ -111.923849, 40.744891 ], [ -111.922713, 40.74413 ], [ -111.916329, 40.738726 ], [ -111.912077, 40.736353 ], [ -111.906524, 40.731797 ], [ -111.901114, 40.727822 ], [ -111.894322, 40.722794 ], [ -111.889343, 40.718871 ], [ -111.889266, 40.718811 ], [ -111.88817, 40.718434 ], [ -111.888142, 40.718434 ], [ -111.885411, 40.720439 ], [ -111.882853, 40.722342 ], [ -111.88114, 40.723636 ], [ -111.874573, 40.72855 ], [ -111.870193, 40.731715 ], [ -111.868896, 40.732693 ], [ -111.866427, 40.734592 ], [ -111.865359, 40.73538 ], [ -111.858709, 40.739837 ], [ -111.852263, 40.743917 ], [ -111.845773, 40.748985 ], [ -111.840303, 40.753767 ], [ -111.840295, 40.753774 ], [ -111.83774, 40.756264 ], [ -111.837098, 40.75712 ], [ -111.836556, 40.759664 ], [ -111.837086, 40.761511 ], [ -111.837098, 40.761525 ], [ -111.837789, 40.762159 ], [ -111.842778, 40.76894 ], [ -111.842788, 40.76896 ], [ -111.84729, 40.773359 ], [ -111.847348, 40.773389 ], [ -111.8525, 40.775748 ], [ -111.856616, 40.77891 ], [ -111.859692, 40.78123 ], [ -111.865528, 40.787607 ], [ -111.867372, 40.787807 ], [ -111.869176, 40.787674 ], [ -111.873221, 40.795567 ], [ -111.873112, 40.795844 ], [ -111.875638, 40.797818 ], [ -111.876244, 40.797652 ], [ -111.876793, 40.797299 ], [ -111.877871, 40.796128 ], [ -111.882768, 40.792559 ], [ -111.888714, 40.794027 ], [ -111.889688, 40.794191 ], [ -111.891055, 40.794272 ], [ -111.891495, 40.794246 ], [ -111.891974, 40.794157 ], [ -111.899802, 40.793762 ], [ -111.902873, 40.79602 ], [ -111.90336, 40.79643 ], [ -111.908492, 40.792049 ], [ -111.908903, 40.791642 ], [ -111.909026, 40.791474 ], [ -111.913966, 40.785747 ], [ -111.916267, 40.784178 ], [ -111.917887, 40.782336 ], [ -111.922127, 40.777689 ], [ -111.927222, 40.773245 ], [ -111.928917, 40.771299 ], [ -111.935969, 40.766759 ], [ -111.936951, 40.76678 ], [ -111.942148, 40.761744 ], [ -111.940828, 40.758884 ] ] ] } },
{ "type": "Feature", "properties": { "group_index": 0, "value": 300.0, "center": [ -111.88820439448949, 40.771545246344125 ], "point_id": 15 }, "geometry": { "type": "Polygon", "coordinates": [ [ [ -111.906814, 40.771603 ], [ -111.905935, 40.769669 ], [ -111.904518, 40.768574 ], [ -111.903364, 40.767707 ], [ -111.900331, 40.765376 ], [ -111.897455, 40.763195 ], [ -111.894355, 40.760454 ], [ -111.891618, 40.758763 ], [ -111.888258, 40.756533 ], [ -111.888136, 40.756534 ], [ -111.888136, 40.756534 ], [ -111.888014, 40.756535 ], [ -111.887605, 40.756672 ], [ -111.88703, 40.757119 ], [ -111.88523, 40.758657 ], [ -111.8817, 40.761037 ], [ -111.878876, 40.763208 ], [ -111.876004, 40.765368 ], [ -111.872424, 40.768104 ], [ -111.871687, 40.768763 ], [ -111.869898, 40.770566 ], [ -111.869898, 40.770567 ], [ -111.869899, 40.770591 ], [ -111.869899, 40.770592 ], [ -111.871254, 40.773627 ], [ -111.87201, 40.774634 ], [ -111.873487, 40.775769 ], [ -111.874982, 40.776898 ], [ -111.87648, 40.77804 ], [ -111.877981, 40.779171 ], [ -111.880894, 40.78145 ], [ -111.883741, 40.785222 ], [ -111.885103, 40.785211 ], [ -111.885207, 40.785188 ], [ -111.88633, 40.784941 ], [ -111.886822, 40.784751 ], [ -111.890187, 40.783696 ], [ -111.894155, 40.783714 ], [ -111.894208, 40.783713 ], [ -111.896293, 40.783086 ], [ -111.898833, 40.780235 ], [ -111.901171, 40.777556 ], [ -111.902889, 40.775784 ], [ -111.905934, 40.773269 ], [ -111.906765, 40.77196 ], [ -111.906814, 40.771603 ] ] ] } },
{ "type": "Feature", "properties": { "group_index": 0, "value": 600.0, "center": [ -111.88820439448949, 40.771545246344125 ], "point_id": 15 }, "geometry": { "type": "Polygon", "coordinates": [ [ [ -111.92539, 40.771403 ], [ -111.923733, 40.769609 ], [ -111.923615, 40.769524 ], [ -111.918105, 40.765359 ], [ -111.915352, 40.763194 ], [ -111.910407, 40.758819 ], [ -111.905313, 40.755572 ], [ -111.902551, 40.7535 ], [ -111.900988, 40.752321 ], [ -111.895332, 40.747894 ], [ -111.888545, 40.743055 ], [ -111.888065, 40.743015 ], [ -111.887956, 40.743026 ], [ -111.887747, 40.74307 ], [ -111.882309, 40.746823 ], [ -111.880719, 40.747999 ], [ -111.879248, 40.74909 ], [ -111.877818, 40.75016 ], [ -111.873127, 40.753739 ], [ -111.872126, 40.754505 ], [ -111.87083, 40.755533 ], [ -111.863892, 40.761041 ], [ -111.860989, 40.76326 ], [ -111.858245, 40.765375 ], [ -111.853879, 40.768758 ], [ -111.853288, 40.769643 ], [ -111.852554, 40.772708 ], [ -111.852558, 40.772804 ], [ -111.854195, 40.774627 ], [ -111.855649, 40.775729 ], [ -111.859801, 40.77893 ], [ -111.866885, 40.784307 ], [ -111.869228, 40.786286 ], [ -111.874696, 40.793358 ], [ -111.877271, 40.795875 ], [ -111.877549, 40.795591 ], [ -111.877797, 40.795293 ], [ -111.882768, 40.792559 ], [ -111.888714, 40.794027 ], [ -111.889688, 40.794191 ], [ -111.890255, 40.794201 ], [ -111.898481, 40.792304 ], [ -111.899435, 40.793411 ], [ -111.899802, 40.793762 ], [ -111.900157, 40.794061 ], [ -111.90081, 40.794598 ], [ -111.904408, 40.791988 ], [ -111.907207, 40.788708 ], [ -111.913063, 40.784121 ], [ -111.918965, 40.777675 ], [ -111.92373, 40.773209 ], [ -111.92539, 40.771438 ], [ -111.92539, 40.771403 ] ] ] } },
{ "type": "Feature", "properties": { "group_index": 0, "value": 900.0, "center": [ -111.88820439448949, 40.771545246344125 ], "point_id": 15 }, "geometry": { "type": "Polygon", "coordinates": [ [ [ -111.943202, 40.771316 ], [ -111.94154, 40.769623 ], [ -111.93859, 40.767644 ], [ -111.933621, 40.763634 ], [ -111.933542, 40.763569 ], [ -111.928181, 40.759244 ], [ -111.9238, 40.755802 ], [ -111.91878, 40.752296 ], [ -111.916066, 40.750137 ], [ -111.914749, 40.749061 ], [ -111.913126, 40.747713 ], [ -111.911103, 40.746429 ], [ -111.907522, 40.743976 ], [ -111.90252, 40.739739 ], [ -111.900176, 40.737999 ], [ -111.894045, 40.733336 ], [ -111.891834, 40.73164 ], [ -111.888637, 40.72966 ], [ -111.888023, 40.729598 ], [ -111.887984, 40.729598 ], [ -111.887611, 40.729671 ], [ -111.881687, 40.733799 ], [ -111.877944, 40.736604 ], [ -111.874839, 40.738936 ], [ -111.869619, 40.742673 ], [ -111.865066, 40.74623 ], [ -111.862044, 40.74801 ], [ -111.85901, 40.750227 ], [ -111.856351, 40.752348 ], [ -111.853588, 40.754528 ], [ -111.850644, 40.756751 ], [ -111.84407, 40.760547 ], [ -111.842783, 40.761852 ], [ -111.842751, 40.761887 ], [ -111.841452, 40.763636 ], [ -111.841443, 40.76366 ], [ -111.838984, 40.771853 ], [ -111.838836, 40.7723 ], [ -111.838732, 40.772787 ], [ -111.838719, 40.774726 ], [ -111.843153, 40.778603 ], [ -111.844814, 40.781806 ], [ -111.845447, 40.782581 ], [ -111.849916, 40.783898 ], [ -111.856104, 40.786212 ], [ -111.859126, 40.790155 ], [ -111.861358, 40.793378 ], [ -111.861658, 40.793551 ], [ -111.86183, 40.793518 ], [ -111.863585, 40.792983 ], [ -111.864099, 40.792951 ], [ -111.864525, 40.792856 ], [ -111.868737, 40.793967 ], [ -111.866859, 40.802279 ], [ -111.86653, 40.802376 ], [ -111.866213, 40.802499 ], [ -111.867519, 40.805854 ], [ -111.868639, 40.805706 ], [ -111.868924, 40.805656 ], [ -111.86972, 40.805467 ], [ -111.870361, 40.805318 ], [ -111.870884, 40.805145 ], [ -111.871633, 40.804812 ], [ -111.871858, 40.804714 ], [ -111.874124, 40.803484 ], [ -111.874946, 40.802932 ], [ -111.875325, 40.802427 ], [ -111.875429, 40.802236 ], [ -111.875568, 40.799941 ], [ -111.877549, 40.795591 ], [ -111.877797, 40.795293 ], [ -111.882768, 40.792559 ], [ -111.889285, 40.798464 ], [ -111.890437, 40.799055 ], [ -111.891252, 40.799557 ], [ -111.892602, 40.79968 ], [ -111.893372, 40.798854 ], [ -111.897635, 40.794533 ], [ -111.903298, 40.796598 ], [ -111.904011, 40.797167 ], [ -111.90604, 40.798567 ], [ -111.907336, 40.799819 ], [ -111.911012, 40.802787 ], [ -111.912042, 40.803619 ], [ -111.913378, 40.80447 ], [ -111.914916, 40.803904 ], [ -111.916004, 40.802124 ], [ -111.917014, 40.80032 ], [ -111.917015, 40.799711 ], [ -111.9195, 40.792859 ], [ -111.922748, 40.791361 ], [ -111.923468, 40.790653 ], [ -111.92524, 40.788891 ], [ -111.928324, 40.786191 ], [ -111.930917, 40.784226 ], [ -111.936797, 40.779414 ], [ -111.936877, 40.779321 ], [ -111.941541, 40.773223 ], [ -111.943202, 40.771343 ], [ -111.943202, 40.771316 ] ] ] } },
{ "type": "Feature", "properties": { "group_index": 0, "value": 300.0, "center": [ -111.90517421872916, 40.77158641434177 ], "point_id": 15 }, "geometry": { "type": "Polygon", "coordinates": [ [ [ -111.91733, 40.771427 ], [ -111.915589, 40.769545 ], [ -111.912942, 40.767498 ], [ -111.908296, 40.764149 ], [ -111.902357, 40.763992 ], [ -111.902299, 40.763994 ], [ -111.901657, 40.764224 ], [ -111.897432, 40.767609 ], [ -111.894773, 40.769776 ], [ -111.894062, 40.770978 ], [ -111.893684, 40.771641 ], [ -111.893674, 40.772086 ], [ -111.894752, 40.773376 ], [ -111.89823, 40.776587 ], [ -111.899515, 40.777664 ], [ -111.902486, 40.779832 ], [ -111.902617, 40.779831 ], [ -111.908282, 40.779152 ], [ -111.910255, 40.777676 ], [ -111.910338, 40.777606 ], [ -111.914205, 40.774397 ], [ -111.915441, 40.773229 ], [ -111.91733, 40.771428 ], [ -111.91733, 40.771427 ] ] ] } },
{ "type": "Feature", "properties": { "group_index": 0, "value": 600.0, "center": [ -111.90517421872916, 40.77158641434177 ], "point_id": 15 }, "geometry": { "type": "Polygon", "coordinates": [ [ [ -111.935081, 40.771373 ], [ -111.934865, 40.771148 ], [ -111.933334, 40.769607 ], [ -111.927932, 40.76567 ], [ -111.924859, 40.763176 ], [ -111.921986, 40.760998 ], [ -111.919168, 40.758871 ], [ -111.916856, 40.757251 ], [ -111.909941, 40.752399 ], [ -111.902484, 40.750712 ], [ -111.90221, 40.750709 ], [ -111.899591, 40.752482 ], [ -111.896756, 40.754662 ], [ -111.892393, 40.75792 ], [ -111.885279, 40.763203 ], [ -111.882422, 40.765374 ], [ -111.878301, 40.768764 ], [ -111.877272, 40.769975 ], [ -111.877131, 40.772652 ], [ -111.877132, 40.772751 ], [ -111.877261, 40.773524 ], [ -111.878136, 40.774629 ], [ -111.883342, 40.780224 ], [ -111.88809, 40.783336 ], [ -111.893826, 40.786117 ], [ -111.899201, 40.790976 ], [ -111.900166, 40.791936 ], [ -111.900807, 40.791892 ], [ -111.900886, 40.79188 ], [ -111.901288, 40.791775 ], [ -111.906194, 40.78984 ], [ -111.912711, 40.78753 ], [ -111.91692, 40.786201 ], [ -111.919677, 40.784189 ], [ -111.922444, 40.782007 ], [ -111.928259, 40.778237 ], [ -111.928294, 40.778213 ], [ -111.928922, 40.777631 ], [ -111.933348, 40.773207 ], [ -111.935081, 40.771458 ], [ -111.935081, 40.771373 ] ] ] } },
{ "type": "Feature", "properties": { "group_index": 0, "value": 900.0, "center": [ -111.90517421872916, 40.77158641434177 ], "point_id": 15 }, "geometry": { "type": "Polygon", "coordinates": [ [ [ -111.950748, 40.769105 ], [ -111.94876, 40.767789 ], [ -111.942528, 40.763135 ], [ -111.94055, 40.761609 ], [ -111.936219, 40.758187 ], [ -111.932791, 40.755353 ], [ -111.929629, 40.753198 ], [ -111.925338, 40.749475 ], [ -111.924036, 40.748478 ], [ -111.921036, 40.746413 ], [ -111.916287, 40.743173 ], [ -111.911102, 40.739534 ], [ -111.911065, 40.739534 ], [ -111.905607, 40.740734 ], [ -111.89984, 40.739088 ], [ -111.899831, 40.739088 ], [ -111.899812, 40.739088 ], [ -111.899803, 40.739088 ], [ -111.89868, 40.739778 ], [ -111.89442, 40.742871 ], [ -111.888494, 40.747235 ], [ -111.886952, 40.748173 ], [ -111.881426, 40.752329 ], [ -111.87566, 40.756688 ], [ -111.871303, 40.760227 ], [ -111.867386, 40.763206 ], [ -111.864615, 40.765383 ], [ -111.860492, 40.768758 ], [ -111.859262, 40.770118 ], [ -111.859132, 40.77043 ], [ -111.859132, 40.770443 ], [ -111.85913, 40.770664 ], [ -111.85913, 40.770675 ], [ -111.859139, 40.772919 ], [ -111.859139, 40.772948 ], [ -111.859265, 40.773392 ], [ -111.860333, 40.774631 ], [ -111.861794, 40.775748 ], [ -111.862358, 40.77618 ], [ -111.863974, 40.777414 ], [ -111.864791, 40.77802 ], [ -111.866279, 40.779141 ], [ -111.867042, 40.779724 ], [ -111.867761, 40.780276 ], [ -111.869207, 40.781412 ], [ -111.870696, 40.78254 ], [ -111.87213, 40.783696 ], [ -111.876979, 40.790771 ], [ -111.88105, 40.793098 ], [ -111.887054, 40.793618 ], [ -111.88903, 40.793313 ], [ -111.891782, 40.792566 ], [ -111.899802, 40.793762 ], [ -111.901631, 40.795103 ], [ -111.903583, 40.796616 ], [ -111.905527, 40.798376 ], [ -111.907336, 40.799819 ], [ -111.910023, 40.801795 ], [ -111.911436, 40.802934 ], [ -111.91755, 40.800754 ], [ -111.920539, 40.798747 ], [ -111.925692, 40.794482 ], [ -111.927345, 40.792856 ], [ -111.931383, 40.78962 ], [ -111.937245, 40.786431 ], [ -111.938708, 40.785303 ], [ -111.941837, 40.782896 ], [ -111.946251, 40.777827 ], [ -111.951688, 40.772684 ], [ -111.951853, 40.772531 ], [ -111.950748, 40.769105 ] ] ] } },
{ "type": "Feature", "properties": { "group_index": 0, "value": 300.0, "center": [ -111.83850940503024, 40.76940959626127 ], "point_id": 19 }, "geometry": { "type": "Polygon", "coordinates": [ [ [ -111.854637, 40.76725 ], [ -111.854149, 40.766205 ], [ -111.852919, 40.764373 ], [ -111.851732, 40.763066 ], [ -111.851204, 40.762638 ], [ -111.850336, 40.762044 ], [ -111.848126, 40.760876 ], [ -111.84543, 40.760009 ], [ -111.841554, 40.758512 ], [ -111.839899, 40.75794 ], [ -111.837587, 40.757202 ], [ -111.836815, 40.756981 ], [ -111.833967, 40.756805 ], [ -111.833938, 40.756818 ], [ -111.833811, 40.757013 ], [ -111.833767, 40.758897 ], [ -111.828955, 40.760607 ], [ -111.828299, 40.76063 ], [ -111.826918, 40.760632 ], [ -111.826856, 40.760679 ], [ -111.826114, 40.761538 ], [ -111.826041, 40.761663 ], [ -111.825335, 40.765738 ], [ -111.825982, 40.767811 ], [ -111.826676, 40.769079 ], [ -111.828858, 40.771158 ], [ -111.831166, 40.773103 ], [ -111.8357, 40.776577 ], [ -111.837296, 40.779805 ], [ -111.83783, 40.779582 ], [ -111.839913, 40.778779 ], [ -111.845562, 40.777862 ], [ -111.84613, 40.77786 ], [ -111.846669, 40.777813 ], [ -111.847144, 40.777734 ], [ -111.847598, 40.777611 ], [ -111.848128, 40.777409 ], [ -111.850109, 40.776579 ], [ -111.851633, 40.774991 ], [ -111.851632, 40.774858 ], [ -111.851632, 40.774718 ], [ -111.851632, 40.774564 ], [ -111.851637, 40.772892 ], [ -111.854622, 40.768126 ], [ -111.854669, 40.768064 ], [ -111.854637, 40.76725 ] ] ] } },
{ "type": "Feature", "properties": { "group_index": 0, "value": 600.0, "center": [ -111.83850940503024, 40.76940959626127 ], "point_id": 19 }, "geometry": { "type": "Polygon", "coordinates": [ [ [ -111.873075, 40.767189 ], [ -111.873075, 40.767181 ], [ -111.873075, 40.767179 ], [ -111.870928, 40.764851 ], [ -111.869344, 40.7632 ], [ -111.866916, 40.761031 ], [ -111.86253, 40.757422 ], [ -111.85543, 40.752349 ], [ -111.853719, 40.751658 ], [ -111.846145, 40.746913 ], [ -111.843687, 40.74679 ], [ -111.840307, 40.747328 ], [ -111.831913, 40.744857 ], [ -111.828955, 40.744402 ], [ -111.824644, 40.747826 ], [ -111.821821, 40.750774 ], [ -111.816739, 40.756474 ], [ -111.816053, 40.758989 ], [ -111.815823, 40.760618 ], [ -111.815897, 40.760897 ], [ -111.816015, 40.760983 ], [ -111.819995, 40.764903 ], [ -111.817329, 40.772682 ], [ -111.818809, 40.775964 ], [ -111.82039, 40.775808 ], [ -111.820628, 40.775688 ], [ -111.821129, 40.775453 ], [ -111.821338, 40.775347 ], [ -111.822816, 40.774538 ], [ -111.8303, 40.777479 ], [ -111.830073, 40.783907 ], [ -111.830067, 40.78436 ], [ -111.829902, 40.785764 ], [ -111.829945, 40.785851 ], [ -111.831971, 40.786702 ], [ -111.834758, 40.785452 ], [ -111.843316, 40.782945 ], [ -111.850377, 40.784306 ], [ -111.85164, 40.783905 ], [ -111.859977, 40.783982 ], [ -111.863888, 40.782873 ], [ -111.863973, 40.782784 ], [ -111.867679, 40.774635 ], [ -111.868286, 40.773497 ], [ -111.873075, 40.767191 ], [ -111.873075, 40.767189 ] ] ] } },
{ "type": "Feature", "properties": { "group_index": 0, "value": 900.0, "center": [ -111.83850940503024, 40.76940959626127 ], "point_id": 19 }, "geometry": { "type": "Polygon", "coordinates": [ [ [ -111.89075, 40.767048 ], [ -111.888771, 40.764957 ], [ -111.887048, 40.763204 ], [ -111.884696, 40.760959 ], [ -111.881737, 40.758762 ], [ -111.875634, 40.753978 ], [ -111.870502, 40.750167 ], [ -111.863545, 40.744654 ], [ -111.862143, 40.743511 ], [ -111.861551, 40.743031 ], [ -111.858476, 40.740911 ], [ -111.854469, 40.738125 ], [ -111.848133, 40.73454 ], [ -111.847892, 40.734473 ], [ -111.84787, 40.734473 ], [ -111.842428, 40.73533 ], [ -111.836792, 40.733891 ], [ -111.832618, 40.731798 ], [ -111.831372, 40.73172 ], [ -111.830893, 40.731719 ], [ -111.824914, 40.731707 ], [ -111.824876, 40.731707 ], [ -111.824503, 40.731778 ], [ -111.820082, 40.732654 ], [ -111.819975, 40.732709 ], [ -111.818027, 40.735135 ], [ -111.815257, 40.740547 ], [ -111.810137, 40.746575 ], [ -111.806513, 40.74892 ], [ -111.805822, 40.749409 ], [ -111.805627, 40.749625 ], [ -111.805322, 40.750062 ], [ -111.805181, 40.750299 ], [ -111.806261, 40.756963 ], [ -111.807132, 40.759448 ], [ -111.807789, 40.760976 ], [ -111.810228, 40.763624 ], [ -111.810915, 40.763145 ], [ -111.811391, 40.762866 ], [ -111.814422, 40.7621 ], [ -111.819995, 40.764903 ], [ -111.817329, 40.772682 ], [ -111.818809, 40.775964 ], [ -111.82039, 40.775808 ], [ -111.823448, 40.784143 ], [ -111.82787, 40.791677 ], [ -111.830247, 40.793462 ], [ -111.830781, 40.793305 ], [ -111.833616, 40.791504 ], [ -111.834098, 40.791235 ], [ -111.834545, 40.790841 ], [ -111.83572, 40.789763 ], [ -111.843975, 40.789354 ], [ -111.844577, 40.789677 ], [ -111.849066, 40.791151 ], [ -111.854505, 40.791198 ], [ -111.860708, 40.793672 ], [ -111.861854, 40.793748 ], [ -111.865572, 40.792549 ], [ -111.871159, 40.790858 ], [ -111.875375, 40.788983 ], [ -111.880684, 40.783716 ], [ -111.882489, 40.781924 ], [ -111.885954, 40.774189 ], [ -111.89075, 40.767127 ], [ -111.89075, 40.767048 ] ] ] } },
{ "type": "Feature", "properties": { "group_index": 0, "value": 300.0, "center": [ -111.83564942486639, 40.762342996749524 ], "point_id": 19 }, "geometry": { "type": "Polygon", "coordinates": [ [ [ -111.852747, 40.760334 ], [ -111.852742, 40.760274 ], [ -111.851594, 40.756839 ], [ -111.851479, 40.756604 ], [ -111.847114, 40.753695 ], [ -111.845537, 40.75209 ], [ -111.845357, 40.751954 ], [ -111.842033, 40.750121 ], [ -111.840132, 40.750124 ], [ -111.839981, 40.75016 ], [ -111.839911, 40.75018 ], [ -111.838953, 40.750916 ], [ -111.834567, 40.751547 ], [ -111.832466, 40.750007 ], [ -111.831686, 40.749137 ], [ -111.831305, 40.748969 ], [ -111.830097, 40.748846 ], [ -111.830041, 40.748845 ], [ -111.83004, 40.748845 ], [ -111.829983, 40.748845 ], [ -111.829745, 40.748962 ], [ -111.828711, 40.750192 ], [ -111.826173, 40.753152 ], [ -111.826165, 40.753163 ], [ -111.82307, 40.758106 ], [ -111.821824, 40.758542 ], [ -111.822054, 40.763192 ], [ -111.822774, 40.767481 ], [ -111.823417, 40.76879 ], [ -111.82361, 40.769157 ], [ -111.824765, 40.77048 ], [ -111.830394, 40.772076 ], [ -111.832969, 40.773254 ], [ -111.834014, 40.773549 ], [ -111.834534, 40.773643 ], [ -111.839956, 40.774955 ], [ -111.84302, 40.775161 ], [ -111.84305, 40.77515 ], [ -111.844189, 40.773724 ], [ -111.84795, 40.76918 ], [ -111.848619, 40.767897 ], [ -111.850208, 40.764869 ], [ -111.852529, 40.761171 ], [ -111.852747, 40.760334 ] ] ] } },
{ "type": "Feature", "properties": { "group_index": 0, "value": 600.0, "center": [ -111.83564942486639, 40.762342996749524 ], "point_id": 19 }, "geometry": { "type": "Polygon", "coordinates": [ [ [ -111.869232, 40.760545 ], [ -111.867995, 40.756428 ], [ -111.866675, 40.754515 ], [ -111.865551, 40.753666 ], [ -111.860934, 40.750112 ], [ -111.855699, 40.745355 ], [ -111.854035, 40.743035 ], [ -111.849001, 40.739849 ], [ -111.848432, 40.739745 ], [ -111.846961, 40.739845 ], [ -111.844082, 40.739845 ], [ -111.843504, 40.739846 ], [ -111.835119, 40.737982 ], [ -111.833192, 40.736988 ], [ -111.832586, 40.736877 ], [ -111.82782, 40.736112 ], [ -111.827695, 40.736111 ], [ -111.825063, 40.736251 ], [ -111.82338, 40.736583 ], [ -111.823278, 40.736651 ], [ -111.820152, 40.742283 ], [ -111.813938, 40.748548 ], [ -111.812435, 40.74895 ], [ -111.811145, 40.749849 ], [ -111.811085, 40.750013 ], [ -111.81255, 40.758194 ], [ -111.812678, 40.758602 ], [ -111.813848, 40.762134 ], [ -111.814422, 40.7621 ], [ -111.819839, 40.765309 ], [ -111.819611, 40.770764 ], [ -111.819011, 40.772471 ], [ -111.81888, 40.772754 ], [ -111.82039, 40.775808 ], [ -111.824516, 40.776017 ], [ -111.832058, 40.780428 ], [ -111.834306, 40.78219 ], [ -111.834867, 40.782196 ], [ -111.836251, 40.781241 ], [ -111.836791, 40.780661 ], [ -111.845658, 40.779125 ], [ -111.846176, 40.779246 ], [ -111.850384, 40.781029 ], [ -111.851915, 40.780867 ], [ -111.852422, 40.780753 ], [ -111.853394, 40.780361 ], [ -111.85533, 40.77815 ], [ -111.860934, 40.772359 ], [ -111.862504, 40.77116 ], [ -111.865729, 40.767923 ], [ -111.866214, 40.767163 ], [ -111.867347, 40.765025 ], [ -111.869232, 40.760559 ], [ -111.869232, 40.760545 ] ] ] } },
{ "type": "Feature", "properties": { "group_index": 0, "value": 900.0, "center": [ -111.83564942486639, 40.762342996749524 ], "point_id": 19 }, "geometry": { "type": "Polygon", "coordinates": [ [ [ -111.886965, 40.760529 ], [ -111.886965, 40.760524 ], [ -111.886965, 40.760491 ], [ -111.885985, 40.756061 ], [ -111.884793, 40.75473 ], [ -111.883641, 40.753754 ], [ -111.878849, 40.75016 ], [ -111.872308, 40.744379 ], [ -111.869902, 40.7417 ], [ -111.868207, 40.739837 ], [ -111.867018, 40.738928 ], [ -111.864936, 40.737347 ], [ -111.861257, 40.734563 ], [ -111.859648, 40.733344 ], [ -111.859179, 40.732992 ], [ -111.856717, 40.731253 ], [ -111.852829, 40.728802 ], [ -111.848147, 40.725694 ], [ -111.847974, 40.725631 ], [ -111.847954, 40.725632 ], [ -111.847844, 40.725703 ], [ -111.846811, 40.726494 ], [ -111.837903, 40.725774 ], [ -111.833707, 40.723698 ], [ -111.832644, 40.723401 ], [ -111.830059, 40.723051 ], [ -111.829639, 40.72305 ], [ -111.824608, 40.723106 ], [ -111.819193, 40.72413 ], [ -111.814499, 40.72622 ], [ -111.813764, 40.727408 ], [ -111.8103, 40.732965 ], [ -111.805072, 40.739114 ], [ -111.804205, 40.7401 ], [ -111.801865, 40.746961 ], [ -111.794909, 40.751718 ], [ -111.795862, 40.75519 ], [ -111.797382, 40.754773 ], [ -111.803885, 40.759576 ], [ -111.80609, 40.764603 ], [ -111.806721, 40.765697 ], [ -111.807084, 40.765654 ], [ -111.807967, 40.765248 ], [ -111.808104, 40.765189 ], [ -111.808458, 40.76501 ], [ -111.809269, 40.764425 ], [ -111.809899, 40.763922 ], [ -111.810166, 40.763735 ], [ -111.811391, 40.762866 ], [ -111.813848, 40.762134 ], [ -111.814422, 40.7621 ], [ -111.819839, 40.765309 ], [ -111.819611, 40.770764 ], [ -111.819011, 40.772471 ], [ -111.81888, 40.772754 ], [ -111.82039, 40.775808 ], [ -111.82576, 40.781554 ], [ -111.828255, 40.787785 ], [ -111.828325, 40.787968 ], [ -111.834669, 40.789873 ], [ -111.835228, 40.78916 ], [ -111.835379, 40.788738 ], [ -111.835489, 40.788163 ], [ -111.843498, 40.784058 ], [ -111.847176, 40.785811 ], [ -111.847283, 40.78584 ], [ -111.84801, 40.78606 ], [ -111.852287, 40.787523 ], [ -111.852946, 40.787833 ], [ -111.853608, 40.787993 ], [ -111.860741, 40.786989 ], [ -111.862818, 40.788142 ], [ -111.86335, 40.788112 ], [ -111.8642, 40.787988 ], [ -111.864905, 40.787603 ], [ -111.869164, 40.784795 ], [ -111.870605, 40.783692 ], [ -111.87198, 40.782027 ], [ -111.875793, 40.774631 ], [ -111.877273, 40.773508 ], [ -111.878775, 40.772363 ], [ -111.882318, 40.768975 ], [ -111.8841, 40.767142 ], [ -111.88534, 40.765029 ], [ -111.886965, 40.760561 ], [ -111.886965, 40.760529 ] ] ] } },
{ "type": "Feature", "properties": { "group_index": 0, "value": 300.0, "center": [ -111.83373014565315, 40.75513257102114 ], "point_id": 19 }, "geometry": { "type": "Polygon", "coordinates": [ [ [ -111.849991, 40.756689 ], [ -111.84978, 40.756609 ], [ -111.847093, 40.754674 ], [ -111.847011, 40.750935 ], [ -111.847014, 40.750853 ], [ -111.847014, 40.750851 ], [ -111.847017, 40.750769 ], [ -111.847038, 40.75014 ], [ -111.846973, 40.750004 ], [ -111.844801, 40.747995 ], [ -111.843308, 40.74718 ], [ -111.839488, 40.745963 ], [ -111.836942, 40.745082 ], [ -111.834047, 40.743497 ], [ -111.831029, 40.740831 ], [ -111.830924, 40.740828 ], [ -111.827597, 40.741396 ], [ -111.825986, 40.744353 ], [ -111.824265, 40.747568 ], [ -111.820732, 40.747886 ], [ -111.820547, 40.747883 ], [ -111.820355, 40.747917 ], [ -111.820206, 40.747946 ], [ -111.819319, 40.748973 ], [ -111.819318, 40.752573 ], [ -111.81941, 40.757023 ], [ -111.820602, 40.761062 ], [ -111.822134, 40.765425 ], [ -111.823082, 40.766411 ], [ -111.823224, 40.76646 ], [ -111.828839, 40.767193 ], [ -111.832841, 40.767641 ], [ -111.837052, 40.768389 ], [ -111.837318, 40.768416 ], [ -111.837391, 40.768377 ], [ -111.837838, 40.767996 ], [ -111.840191, 40.765821 ], [ -111.843225, 40.764884 ], [ -111.844727, 40.764795 ], [ -111.846319, 40.764575 ], [ -111.846373, 40.76455 ], [ -111.848517, 40.762469 ], [ -111.851015, 40.759552 ], [ -111.851066, 40.75945 ], [ -111.849991, 40.756689 ] ] ] } },
{ "type": "Feature", "properties": { "group_index": 0, "value": 600.0, "center": [ -111.83373014565315, 40.75513257102114 ], "point_id": 19 }, "geometry": { "type": "Polygon", "coordinates": [ [ [ -111.867332, 40.760655 ], [ -111.867334, 40.760452 ], [ -111.867337, 40.758507 ], [ -111.867337, 40.758502 ], [ -111.866448, 40.756147 ], [ -111.8642, 40.749714 ], [ -111.861357, 40.745798 ], [ -111.857244, 40.740917 ], [ -111.854072, 40.738868 ], [ -111.848247, 40.735378 ], [ -111.841962, 40.733936 ], [ -111.838312, 40.73182 ], [ -111.830675, 40.727354 ], [ -111.830559, 40.727354 ], [ -111.825071, 40.728143 ], [ -111.817684, 40.730872 ], [ -111.817558, 40.730929 ], [ -111.815826, 40.733204 ], [ -111.811687, 40.739604 ], [ -111.807584, 40.744842 ], [ -111.80265, 40.749992 ], [ -111.802379, 40.753581 ], [ -111.803701, 40.753681 ], [ -111.81093, 40.758385 ], [ -111.813195, 40.762127 ], [ -111.813466, 40.762143 ], [ -111.814422, 40.7621 ], [ -111.814681, 40.762041 ], [ -111.820954, 40.766516 ], [ -111.819835, 40.770417 ], [ -111.819611, 40.770764 ], [ -111.818699, 40.771851 ], [ -111.821368, 40.774508 ], [ -111.82159, 40.774566 ], [ -111.822816, 40.774538 ], [ -111.830602, 40.774407 ], [ -111.832645, 40.775221 ], [ -111.837002, 40.777451 ], [ -111.845562, 40.777862 ], [ -111.84613, 40.77786 ], [ -111.846669, 40.777813 ], [ -111.847144, 40.777734 ], [ -111.847598, 40.777611 ], [ -111.852717, 40.774627 ], [ -111.854361, 40.773493 ], [ -111.857443, 40.771159 ], [ -111.859827, 40.76897 ], [ -111.862212, 40.766743 ], [ -111.867329, 40.760712 ], [ -111.867332, 40.760655 ] ] ] } },
{ "type": "Feature", "properties": { "group_index": 0, "value": 900.0, "center": [ -111.83373014565315, 40.75513257102114 ], "point_id": 19 }, "geometry": { "type": "Polygon", "coordinates": [ [ [ -111.88532, 40.760494 ], [ -111.884509, 40.756291 ], [ -111.88143, 40.74934 ], [ -111.880197, 40.748001 ], [ -111.875067, 40.741617 ], [ -111.87333, 40.73985 ], [ -111.871243, 40.738252 ], [ -111.865635, 40.733808 ], [ -111.862814, 40.731712 ], [ -111.860075, 40.729772 ], [ -111.853894, 40.725279 ], [ -111.850863, 40.723898 ], [ -111.843122, 40.72181 ], [ -111.841352, 40.720984 ], [ -111.83915, 40.719826 ], [ -111.835652, 40.717641 ], [ -111.83208, 40.717191 ], [ -111.8251, 40.715019 ], [ -111.824976, 40.714975 ], [ -111.819218, 40.717239 ], [ -111.811222, 40.718102 ], [ -111.809624, 40.718034 ], [ -111.80949, 40.71809 ], [ -111.805518, 40.723436 ], [ -111.805269, 40.72385 ], [ -111.804526, 40.725426 ], [ -111.803322, 40.733635 ], [ -111.802598, 40.741906 ], [ -111.801934, 40.743617 ], [ -111.797644, 40.751005 ], [ -111.79643, 40.751301 ], [ -111.79454, 40.751849 ], [ -111.793931, 40.752163 ], [ -111.793375, 40.752577 ], [ -111.789104, 40.75515 ], [ -111.786778, 40.756612 ], [ -111.786421, 40.758259 ], [ -111.786403, 40.758378 ], [ -111.788577, 40.760424 ], [ -111.794464, 40.759415 ], [ -111.801564, 40.759095 ], [ -111.8049, 40.762752 ], [ -111.806128, 40.765913 ], [ -111.806255, 40.765892 ], [ -111.807084, 40.765654 ], [ -111.807967, 40.765248 ], [ -111.808104, 40.765189 ], [ -111.808458, 40.76501 ], [ -111.809269, 40.764425 ], [ -111.809899, 40.763922 ], [ -111.810166, 40.763735 ], [ -111.811391, 40.762866 ], [ -111.814422, 40.7621 ], [ -111.814681, 40.762041 ], [ -111.820954, 40.766516 ], [ -111.819835, 40.770417 ], [ -111.819611, 40.770764 ], [ -111.818699, 40.771851 ], [ -111.819746, 40.774137 ], [ -111.821368, 40.774508 ], [ -111.82159, 40.774566 ], [ -111.829059, 40.779055 ], [ -111.830985, 40.783131 ], [ -111.831508, 40.783986 ], [ -111.831753, 40.784195 ], [ -111.833637, 40.785092 ], [ -111.83455, 40.785166 ], [ -111.834608, 40.785104 ], [ -111.843316, 40.782945 ], [ -111.843714, 40.78321 ], [ -111.850627, 40.783905 ], [ -111.850668, 40.783905 ], [ -111.850687, 40.783905 ], [ -111.850728, 40.783905 ], [ -111.858911, 40.783569 ], [ -111.861552, 40.782825 ], [ -111.86373, 40.781598 ], [ -111.869217, 40.775757 ], [ -111.870697, 40.774636 ], [ -111.872191, 40.773502 ], [ -111.873692, 40.772363 ], [ -111.87759, 40.768963 ], [ -111.880001, 40.766811 ], [ -111.881455, 40.76528 ], [ -111.885321, 40.76053 ], [ -111.88532, 40.760494 ] ] ] } },
{ "type": "Feature", "properties": { "group_index": 0, "value": 300.0, "center": [ -111.83042787448693, 40.74614446838086 ], "point_id": 19 }, "geometry": { "type": "Polygon", "coordinates": [ [ [ -111.845217, 40.741339 ], [ -111.843817, 40.739845 ], [ -111.841265, 40.73785 ], [ -111.836979, 40.734649 ], [ -111.831799, 40.731795 ], [ -111.8317, 40.731795 ], [ -111.83009, 40.731788 ], [ -111.829792, 40.731788 ], [ -111.826116, 40.733776 ], [ -111.822629, 40.733489 ], [ -111.820554, 40.733224 ], [ -111.820494, 40.733248 ], [ -111.817944, 40.737262 ], [ -111.816022, 40.740476 ], [ -111.815975, 40.744075 ], [ -111.818799, 40.745238 ], [ -111.819607, 40.750273 ], [ -111.819606, 40.750654 ], [ -111.820867, 40.752574 ], [ -111.82495, 40.755362 ], [ -111.82968, 40.757526 ], [ -111.830763, 40.758343 ], [ -111.831243, 40.758642 ], [ -111.831348, 40.758691 ], [ -111.83561, 40.758869 ], [ -111.8376, 40.756537 ], [ -111.841426, 40.752777 ], [ -111.842741, 40.752627 ], [ -111.842814, 40.752553 ], [ -111.844266, 40.750662 ], [ -111.844997, 40.747142 ], [ -111.846499, 40.744618 ], [ -111.845217, 40.741339 ] ] ] } },
{ "type": "Feature", "properties": { "group_index": 0, "value": 600.0, "center": [ -111.83042787448693, 40.74614446838086 ], "point_id": 19 }, "geometry": { "type": "Polygon", "coordinates": [ [ [ -111.862669, 40.750185 ], [ -111.862679, 40.749974 ], [ -111.862816, 40.741289 ], [ -111.862704, 40.740596 ], [ -111.862677, 40.740521 ], [ -111.858463, 40.737209 ], [ -111.85207, 40.731698 ], [ -111.848462, 40.728442 ], [ -111.848151, 40.728188 ], [ -111.842516, 40.724514 ], [ -111.835819, 40.721273 ], [ -111.831423, 40.71809 ], [ -111.830789, 40.717932 ], [ -111.830582, 40.717928 ], [ -111.830296, 40.71799 ], [ -111.82467, 40.719356 ], [ -111.820995, 40.720049 ], [ -111.812658, 40.721353 ], [ -111.812652, 40.721355 ], [ -111.810211, 40.724009 ], [ -111.808605, 40.72576 ], [ -111.808605, 40.72577 ], [ -111.808163, 40.732548 ], [ -111.805003, 40.736021 ], [ -111.801854, 40.740521 ], [ -111.801569, 40.741121 ], [ -111.801569, 40.741975 ], [ -111.802293, 40.74719 ], [ -111.803692, 40.753681 ], [ -111.804646, 40.753778 ], [ -111.805099, 40.753803 ], [ -111.805663, 40.75377 ], [ -111.806152, 40.753677 ], [ -111.808953, 40.753595 ], [ -111.80971, 40.753696 ], [ -111.810216, 40.753628 ], [ -111.811143, 40.753399 ], [ -111.816923, 40.75995 ], [ -111.816348, 40.76121 ], [ -111.81745, 40.762583 ], [ -111.822716, 40.766194 ], [ -111.826585, 40.769052 ], [ -111.83413, 40.770135 ], [ -111.836191, 40.770811 ], [ -111.837304, 40.770734 ], [ -111.838628, 40.770625 ], [ -111.840903, 40.770391 ], [ -111.847783, 40.766595 ], [ -111.849103, 40.765871 ], [ -111.849115, 40.765854 ], [ -111.852529, 40.761171 ], [ -111.854189, 40.759019 ], [ -111.859686, 40.753715 ], [ -111.861403, 40.751951 ], [ -111.862664, 40.750209 ], [ -111.862669, 40.750185 ] ] ] } },
{ "type": "Feature", "properties": { "group_index": 0, "value": 900.0, "center": [ -111.83042787448693, 40.74614446838086 ], "point_id": 19 }, "geometry": { "type": "Polygon", "coordinates": [ [ [ -111.880341, 40.749824 ], [ -111.879436, 40.743427 ], [ -111.879422, 40.739827 ], [ -111.878329, 40.738993 ], [ -111.877211, 40.738148 ], [ -111.876176, 40.737368 ], [ -111.869884, 40.731712 ], [ -111.863224, 40.725691 ], [ -111.8603, 40.723419 ], [ -111.854662, 40.719368 ], [ -111.853948, 40.719101 ], [ -111.847364, 40.715353 ], [ -111.845733, 40.713677 ], [ -111.842139, 40.710989 ], [ -111.836204, 40.707745 ], [ -111.833943, 40.707097 ], [ -111.833345, 40.70698 ], [ -111.833268, 40.706976 ], [ -111.831875, 40.707474 ], [ -111.83176, 40.707572 ], [ -111.830441, 40.708876 ], [ -111.822169, 40.712071 ], [ -111.821786, 40.71207 ], [ -111.821703, 40.712089 ], [ -111.818481, 40.713416 ], [ -111.810454, 40.714444 ], [ -111.807052, 40.71229 ], [ -111.805554, 40.711796 ], [ -111.803461, 40.710979 ], [ -111.800698, 40.710056 ], [ -111.799556, 40.71347 ], [ -111.803015, 40.719235 ], [ -111.803718, 40.724399 ], [ -111.803701, 40.725164 ], [ -111.803966, 40.726534 ], [ -111.804095, 40.726952 ], [ -111.805585, 40.731377 ], [ -111.805003, 40.736021 ], [ -111.801854, 40.740521 ], [ -111.801569, 40.741121 ], [ -111.801569, 40.741975 ], [ -111.801331, 40.747892 ], [ -111.797644, 40.751005 ], [ -111.79643, 40.751301 ], [ -111.79454, 40.751849 ], [ -111.793931, 40.752163 ], [ -111.793375, 40.752577 ], [ -111.789815, 40.754802 ], [ -111.789104, 40.75515 ], [ -111.787397, 40.75629 ], [ -111.789292, 40.759352 ], [ -111.789643, 40.759762 ], [ -111.790688, 40.759136 ], [ -111.79435, 40.757818 ], [ -111.801771, 40.758923 ], [ -111.807968, 40.76089 ], [ -111.810465, 40.763358 ], [ -111.810915, 40.763145 ], [ -111.811391, 40.762866 ], [ -111.814422, 40.7621 ], [ -111.81745, 40.762583 ], [ -111.819835, 40.770417 ], [ -111.819611, 40.770764 ], [ -111.817496, 40.772607 ], [ -111.817986, 40.773764 ], [ -111.818977, 40.775888 ], [ -111.819363, 40.776066 ], [ -111.820798, 40.775915 ], [ -111.82851, 40.774945 ], [ -111.832934, 40.776143 ], [ -111.837079, 40.779858 ], [ -111.837296, 40.779805 ], [ -111.83783, 40.779582 ], [ -111.84613, 40.77786 ], [ -111.846669, 40.777813 ], [ -111.84962, 40.777463 ], [ -111.849863, 40.77743 ], [ -111.854647, 40.775731 ], [ -111.857606, 40.773491 ], [ -111.859106, 40.772359 ], [ -111.86069, 40.771159 ], [ -111.863019, 40.768985 ], [ -111.86534, 40.76675 ], [ -111.867115, 40.765045 ], [ -111.872803, 40.758299 ], [ -111.877456, 40.75376 ], [ -111.878575, 40.752476 ], [ -111.88034, 40.749888 ], [ -111.880341, 40.749824 ] ] ] } },
{ "type": "Feature", "properties": { "group_index": 0, "value": 300.0, "center": [ -111.82502201665872, 40.73902560961584 ], "point_id": 19 }, "geometry": { "type": "Polygon", "coordinates": [ [ [ -111.84223, 40.74171 ], [ -111.840929, 40.739844 ], [ -111.839092, 40.737777 ], [ -111.838915, 40.733883 ], [ -111.835437, 40.732029 ], [ -111.833694, 40.730269 ], [ -111.829763, 40.727357 ], [ -111.825773, 40.724234 ], [ -111.825681, 40.724176 ], [ -111.824261, 40.724042 ], [ -111.824182, 40.724067 ], [ -111.823083, 40.725305 ], [ -111.817457, 40.726466 ], [ -111.815041, 40.726503 ], [ -111.814901, 40.726604 ], [ -111.81449, 40.727369 ], [ -111.813192, 40.730038 ], [ -111.811206, 40.732976 ], [ -111.810043, 40.736174 ], [ -111.810143, 40.736577 ], [ -111.811073, 40.74089 ], [ -111.810074, 40.743324 ], [ -111.810068, 40.74382 ], [ -111.810618, 40.744461 ], [ -111.8118, 40.745161 ], [ -111.812057, 40.745134 ], [ -111.816664, 40.747193 ], [ -111.817125, 40.750351 ], [ -111.81809, 40.750337 ], [ -111.821139, 40.750004 ], [ -111.821543, 40.749986 ], [ -111.82188, 40.749931 ], [ -111.822319, 40.749803 ], [ -111.822616, 40.749666 ], [ -111.822692, 40.749623 ], [ -111.828408, 40.751422 ], [ -111.828434, 40.751481 ], [ -111.82942, 40.752432 ], [ -111.829852, 40.752716 ], [ -111.829973, 40.752739 ], [ -111.83042, 40.752771 ], [ -111.831124, 40.752747 ], [ -111.831175, 40.752744 ], [ -111.834246, 40.751432 ], [ -111.835613, 40.750604 ], [ -111.83843, 40.746096 ], [ -111.840942, 40.743444 ], [ -111.84223, 40.741774 ], [ -111.84223, 40.74171 ] ] ] } },
{ "type": "Feature", "properties": { "group_index": 0, "value": 600.0, "center": [ -111.82502201665872, 40.73902560961584 ], "point_id": 19 }, "geometry": { "type": "Polygon", "coordinates": [ [ [ -111.858738, 40.739837 ], [ -111.855724, 40.733385 ], [ -111.85461, 40.731705 ], [ -111.85215, 40.729482 ], [ -111.852035, 40.729378 ], [ -111.849506, 40.727275 ], [ -111.848466, 40.72648 ], [ -111.844488, 40.723956 ], [ -111.837633, 40.719079 ], [ -111.837589, 40.719055 ], [ -111.836232, 40.718351 ], [ -111.832078, 40.717137 ], [ -111.82537, 40.712792 ], [ -111.825266, 40.712733 ], [ -111.824074, 40.713021 ], [ -111.819832, 40.713815 ], [ -111.813985, 40.715195 ], [ -111.808878, 40.713955 ], [ -111.808042, 40.714024 ], [ -111.805662, 40.716348 ], [ -111.805501, 40.716574 ], [ -111.8036, 40.724443 ], [ -111.803574, 40.724674 ], [ -111.803701, 40.725164 ], [ -111.803966, 40.726534 ], [ -111.801197, 40.734787 ], [ -111.801934, 40.743617 ], [ -111.801331, 40.747892 ], [ -111.801296, 40.753459 ], [ -111.802286, 40.753573 ], [ -111.803701, 40.753681 ], [ -111.804646, 40.753778 ], [ -111.805099, 40.753803 ], [ -111.807217, 40.75378 ], [ -111.814131, 40.754659 ], [ -111.820074, 40.75884 ], [ -111.820551, 40.759339 ], [ -111.822065, 40.760373 ], [ -111.825463, 40.763044 ], [ -111.825585, 40.763146 ], [ -111.826575, 40.763663 ], [ -111.835345, 40.764511 ], [ -111.836089, 40.764622 ], [ -111.836383, 40.764481 ], [ -111.842721, 40.761126 ], [ -111.844239, 40.760015 ], [ -111.848311, 40.754597 ], [ -111.852599, 40.751651 ], [ -111.852617, 40.751612 ], [ -111.857448, 40.744516 ], [ -111.858742, 40.743437 ], [ -111.858738, 40.739837 ] ] ] } },
{ "type": "Feature", "properties": { "group_index": 0, "value": 900.0, "center": [ -111.82502201665872, 40.73902560961584 ], "point_id": 19 }, "geometry": { "type": "Polygon", "coordinates": [ [ [ -111.878198, 40.74147 ], [ -111.874112, 40.733528 ], [ -111.874068, 40.733468 ], [ -111.872394, 40.731722 ], [ -111.868082, 40.728071 ], [ -111.862259, 40.723025 ], [ -111.857111, 40.719301 ], [ -111.854278, 40.717408 ], [ -111.848268, 40.713686 ], [ -111.84461, 40.710896 ], [ -111.838965, 40.706665 ], [ -111.836747, 40.704923 ], [ -111.834358, 40.703201 ], [ -111.834073, 40.703201 ], [ -111.833738, 40.703271 ], [ -111.83256, 40.704164 ], [ -111.828512, 40.706983 ], [ -111.826151, 40.709048 ], [ -111.822982, 40.711147 ], [ -111.818481, 40.713416 ], [ -111.80975, 40.712492 ], [ -111.809023, 40.711905 ], [ -111.808447, 40.711651 ], [ -111.807492, 40.711316 ], [ -111.799653, 40.707583 ], [ -111.798976, 40.707027 ], [ -111.798524, 40.706691 ], [ -111.791219, 40.710136 ], [ -111.791274, 40.713735 ], [ -111.792843, 40.713711 ], [ -111.799579, 40.716098 ], [ -111.800707, 40.717175 ], [ -111.803574, 40.724674 ], [ -111.801051, 40.730543 ], [ -111.801026, 40.730933 ], [ -111.801197, 40.734787 ], [ -111.801934, 40.743617 ], [ -111.797644, 40.751005 ], [ -111.79643, 40.751301 ], [ -111.79454, 40.751849 ], [ -111.793931, 40.752163 ], [ -111.793375, 40.752577 ], [ -111.789815, 40.754802 ], [ -111.789104, 40.75515 ], [ -111.786548, 40.756735 ], [ -111.785835, 40.757182 ], [ -111.786421, 40.758259 ], [ -111.787749, 40.760231 ], [ -111.788277, 40.760615 ], [ -111.794381, 40.759992 ], [ -111.800973, 40.75941 ], [ -111.803674, 40.759278 ], [ -111.806709, 40.759126 ], [ -111.813768, 40.762139 ], [ -111.814422, 40.7621 ], [ -111.814681, 40.762041 ], [ -111.815438, 40.761912 ], [ -111.820568, 40.769215 ], [ -111.822972, 40.771791 ], [ -111.823616, 40.772315 ], [ -111.823976, 40.772489 ], [ -111.831356, 40.773284 ], [ -111.833797, 40.773733 ], [ -111.840339, 40.775178 ], [ -111.842851, 40.775057 ], [ -111.850147, 40.771762 ], [ -111.85204, 40.771086 ], [ -111.857553, 40.765955 ], [ -111.861609, 40.760679 ], [ -111.865775, 40.756114 ], [ -111.868323, 40.75377 ], [ -111.870072, 40.752002 ], [ -111.871426, 40.749464 ], [ -111.877263, 40.743596 ], [ -111.877273, 40.743589 ], [ -111.87741, 40.743469 ], [ -111.877517, 40.743366 ], [ -111.878199, 40.741524 ], [ -111.878198, 40.74147 ] ] ] } },
{ "type": "Feature", "properties": { "group_index": 0, "value": 300.0, "center": [ -111.81771547163197, 40.73010464824978 ], "point_id": 19 }, "geometry": { "type": "Polygon", "coordinates": [ [ [ -111.83285, 40.735398 ], [ -111.832862, 40.731798 ], [ -111.832596, 40.730094 ], [ -111.830667, 40.725592 ], [ -111.829231, 40.723697 ], [ -111.826289, 40.721545 ], [ -111.825934, 40.721484 ], [ -111.825874, 40.721484 ], [ -111.82062, 40.719241 ], [ -111.820348, 40.71865 ], [ -111.820314, 40.718583 ], [ -111.820077, 40.718572 ], [ -111.817426, 40.718688 ], [ -111.813057, 40.717696 ], [ -111.810499, 40.716887 ], [ -111.808797, 40.717626 ], [ -111.807791, 40.718596 ], [ -111.807036, 40.719554 ], [ -111.804374, 40.72301 ], [ -111.804131, 40.723409 ], [ -111.803861, 40.723915 ], [ -111.803718, 40.724399 ], [ -111.803701, 40.725164 ], [ -111.803872, 40.726084 ], [ -111.807023, 40.725448 ], [ -111.810321, 40.727159 ], [ -111.811137, 40.727959 ], [ -111.811552, 40.728594 ], [ -111.813014, 40.731674 ], [ -111.80977, 40.734501 ], [ -111.809689, 40.734502 ], [ -111.809317, 40.734567 ], [ -111.809003, 40.734601 ], [ -111.807991, 40.736205 ], [ -111.808, 40.736389 ], [ -111.80939, 40.73818 ], [ -111.809752, 40.738163 ], [ -111.812635, 40.738186 ], [ -111.815924, 40.73837 ], [ -111.818333, 40.740245 ], [ -111.819783, 40.74162 ], [ -111.82503, 40.743453 ], [ -111.82546, 40.743454 ], [ -111.827703, 40.743015 ], [ -111.827776, 40.742981 ], [ -111.831092, 40.738225 ], [ -111.832586, 40.736487 ], [ -111.83285, 40.735398 ] ] ] } },
{ "type": "Feature", "properties": { "group_index": 0, "value": 600.0, "center": [ -111.81771547163197, 40.73010464824978 ], "point_id": 19 }, "geometry": { "type": "Polygon", "coordinates": [ [ [ -111.852146, 40.733554 ], [ -111.850645, 40.731694 ], [ -111.846944, 40.723981 ], [ -111.843819, 40.721583 ], [ -111.842515, 40.720692 ], [ -111.836351, 40.715418 ], [ -111.835635, 40.714555 ], [ -111.835564, 40.714478 ], [ -111.834641, 40.713645 ], [ -111.834573, 40.713645 ], [ -111.828797, 40.713648 ], [ -111.82537, 40.712792 ], [ -111.824573, 40.712512 ], [ -111.822654, 40.712145 ], [ -111.822169, 40.712071 ], [ -111.821786, 40.71207 ], [ -111.820409, 40.712305 ], [ -111.820154, 40.71237 ], [ -111.818856, 40.712919 ], [ -111.818793, 40.712957 ], [ -111.818315, 40.713446 ], [ -111.80975, 40.712492 ], [ -111.809023, 40.711905 ], [ -111.808447, 40.711651 ], [ -111.807492, 40.711316 ], [ -111.801221, 40.708781 ], [ -111.796473, 40.709289 ], [ -111.795836, 40.709398 ], [ -111.793753, 40.709949 ], [ -111.794673, 40.713429 ], [ -111.799579, 40.716098 ], [ -111.800707, 40.717175 ], [ -111.803701, 40.725164 ], [ -111.803872, 40.726084 ], [ -111.801004, 40.734591 ], [ -111.800401, 40.734817 ], [ -111.801934, 40.743617 ], [ -111.802291, 40.746096 ], [ -111.804004, 40.748056 ], [ -111.81153, 40.750001 ], [ -111.813942, 40.750884 ], [ -111.814348, 40.75097 ], [ -111.814917, 40.751029 ], [ -111.815964, 40.750952 ], [ -111.816326, 40.750931 ], [ -111.816764, 40.75089 ], [ -111.817071, 40.75084 ], [ -111.825106, 40.752056 ], [ -111.825891, 40.752656 ], [ -111.830822, 40.755013 ], [ -111.831304, 40.754937 ], [ -111.836993, 40.752681 ], [ -111.837188, 40.752587 ], [ -111.839287, 40.750602 ], [ -111.840489, 40.74925 ], [ -111.84485, 40.743444 ], [ -111.846431, 40.742058 ], [ -111.850634, 40.735294 ], [ -111.852146, 40.733561 ], [ -111.852146, 40.733554 ] ] ] } },
{ "type": "Feature", "properties": { "group_index": 0, "value": 900.0, "center": [ -111.81771547163197, 40.73010464824978 ], "point_id": 19 }, "geometry": { "type": "Polygon", "coordinates": [ [ [ -111.870108, 40.733547 ], [ -111.870108, 40.733545 ], [ -111.870109, 40.733512 ], [ -111.866338, 40.725346 ], [ -111.864541, 40.723523 ], [ -111.862709, 40.722076 ], [ -111.859073, 40.719295 ], [ -111.852418, 40.71369 ], [ -111.848887, 40.710892 ], [ -111.844778, 40.707821 ], [ -111.840059, 40.704094 ], [ -111.835157, 40.70013 ], [ -111.835083, 40.70009 ], [ -111.83438, 40.699875 ], [ -111.833806, 40.699999 ], [ -111.832686, 40.700755 ], [ -111.828813, 40.703622 ], [ -111.826265, 40.705529 ], [ -111.822657, 40.708354 ], [ -111.81751, 40.710374 ], [ -111.809023, 40.711905 ], [ -111.807699, 40.710122 ], [ -111.807514, 40.709913 ], [ -111.806231, 40.709286 ], [ -111.804643, 40.708469 ], [ -111.799299, 40.706678 ], [ -111.796348, 40.700737 ], [ -111.796195, 40.70024 ], [ -111.795987, 40.699762 ], [ -111.792889, 40.698755 ], [ -111.792885, 40.698758 ], [ -111.789004, 40.703377 ], [ -111.789192, 40.703664 ], [ -111.791033, 40.70923 ], [ -111.784604, 40.71301 ], [ -111.784061, 40.713471 ], [ -111.783498, 40.71406 ], [ -111.78306, 40.71471 ], [ -111.781284, 40.717573 ], [ -111.783407, 40.720481 ], [ -111.784276, 40.719847 ], [ -111.784732, 40.719414 ], [ -111.785289, 40.718623 ], [ -111.786917, 40.715769 ], [ -111.794673, 40.713429 ], [ -111.799579, 40.716098 ], [ -111.800707, 40.717175 ], [ -111.803701, 40.725164 ], [ -111.801269, 40.729922 ], [ -111.799708, 40.731257 ], [ -111.799642, 40.731319 ], [ -111.800401, 40.734817 ], [ -111.801934, 40.743617 ], [ -111.797644, 40.751005 ], [ -111.796523, 40.751277 ], [ -111.797373, 40.754776 ], [ -111.805631, 40.754998 ], [ -111.806962, 40.755432 ], [ -111.807226, 40.755459 ], [ -111.807985, 40.754719 ], [ -111.816203, 40.75746 ], [ -111.816877, 40.758904 ], [ -111.817002, 40.759005 ], [ -111.818863, 40.760199 ], [ -111.823463, 40.765749 ], [ -111.823561, 40.765799 ], [ -111.831623, 40.766077 ], [ -111.833492, 40.766544 ], [ -111.836389, 40.76743 ], [ -111.838547, 40.766633 ], [ -111.845391, 40.763322 ], [ -111.845436, 40.7633 ], [ -111.847702, 40.761095 ], [ -111.847735, 40.761055 ], [ -111.847755, 40.761025 ], [ -111.848038, 40.760451 ], [ -111.853975, 40.754157 ], [ -111.854295, 40.75393 ], [ -111.854505, 40.753776 ], [ -111.855692, 40.752441 ], [ -111.857324, 40.750017 ], [ -111.860984, 40.745122 ], [ -111.864326, 40.7421 ], [ -111.868445, 40.735312 ], [ -111.870009, 40.733705 ], [ -111.870108, 40.73358 ], [ -111.870108, 40.733547 ] ] ] } },
{ "type": "Feature", "properties": { "group_index": 0, "value": 300.0, "center": [ -111.81205173318672, 40.72183408903125 ], "point_id": 19 }, "geometry": { "type": "Polygon", "coordinates": [ [ [ -111.828869, 40.725519 ], [ -111.826447, 40.720983 ], [ -111.826316, 40.718892 ], [ -111.826317, 40.718868 ], [ -111.823223, 40.717627 ], [ -111.822253, 40.717623 ], [ -111.81764, 40.71723 ], [ -111.814949, 40.71578 ], [ -111.814755, 40.715676 ], [ -111.811345, 40.714758 ], [ -111.807953, 40.712413 ], [ -111.803469, 40.710636 ], [ -111.803137, 40.710523 ], [ -111.80046, 40.709976 ], [ -111.799319, 40.71339 ], [ -111.802867, 40.717997 ], [ -111.803015, 40.719235 ], [ -111.8036, 40.724443 ], [ -111.803635, 40.725414 ], [ -111.804361, 40.728582 ], [ -111.804456, 40.728889 ], [ -111.804559, 40.729076 ], [ -111.808052, 40.728729 ], [ -111.811794, 40.730751 ], [ -111.812308, 40.73304 ], [ -111.813819, 40.734881 ], [ -111.814965, 40.735392 ], [ -111.819766, 40.735366 ], [ -111.820526, 40.735375 ], [ -111.820529, 40.735375 ], [ -111.821453, 40.734086 ], [ -111.821957, 40.73248 ], [ -111.826128, 40.728461 ], [ -111.826131, 40.72846 ], [ -111.827328, 40.72729 ], [ -111.828868, 40.725585 ], [ -111.828869, 40.725519 ] ] ] } },
{ "type": "Feature", "properties": { "group_index": 0, "value": 600.0, "center": [ -111.81205173318672, 40.72183408903125 ], "point_id": 19 }, "geometry": { "type": "Polygon", "coordinates": [ [ [ -111.845723, 40.7251 ], [ -111.845417, 40.723909 ], [ -111.845353, 40.723802 ], [ -111.843016, 40.721924 ], [ -111.838585, 40.715444 ], [ -111.838478, 40.715205 ], [ -111.836998, 40.713654 ], [ -111.834065, 40.711379 ], [ -111.834062, 40.711379 ], [ -111.82537, 40.712792 ], [ -111.824573, 40.712512 ], [ -111.822654, 40.712145 ], [ -111.822169, 40.712071 ], [ -111.821786, 40.71207 ], [ -111.821703, 40.712089 ], [ -111.818481, 40.713416 ], [ -111.811345, 40.714758 ], [ -111.808447, 40.711651 ], [ -111.803947, 40.709166 ], [ -111.802705, 40.708686 ], [ -111.796525, 40.703477 ], [ -111.793095, 40.704571 ], [ -111.792522, 40.705047 ], [ -111.79209, 40.706193 ], [ -111.790188, 40.710551 ], [ -111.784604, 40.71301 ], [ -111.784061, 40.713471 ], [ -111.783498, 40.71406 ], [ -111.783249, 40.714416 ], [ -111.786198, 40.71648 ], [ -111.793036, 40.714005 ], [ -111.79351, 40.71396 ], [ -111.794379, 40.713811 ], [ -111.795568, 40.713492 ], [ -111.802867, 40.717997 ], [ -111.803015, 40.719235 ], [ -111.8036, 40.724443 ], [ -111.803635, 40.725414 ], [ -111.804361, 40.728582 ], [ -111.804065, 40.733784 ], [ -111.803992, 40.736056 ], [ -111.804755, 40.741264 ], [ -111.804788, 40.741685 ], [ -111.806288, 40.742936 ], [ -111.812927, 40.744437 ], [ -111.81857, 40.746076 ], [ -111.821753, 40.747758 ], [ -111.828683, 40.746014 ], [ -111.830201, 40.745431 ], [ -111.830284, 40.745392 ], [ -111.832279, 40.743989 ], [ -111.832365, 40.743921 ], [ -111.834328, 40.741653 ], [ -111.83833, 40.73542 ], [ -111.843543, 40.728836 ], [ -111.844699, 40.727436 ], [ -111.845729, 40.725336 ], [ -111.845723, 40.7251 ] ] ] } },
{ "type": "Feature", "properties": { "group_index": 0, "value": 900.0, "center": [ -111.81205173318672, 40.72183408903125 ], "point_id": 19 }, "geometry": { "type": "Polygon", "coordinates": [ [ [ -111.864375, 40.725304 ], [ -111.862675, 40.723514 ], [ -111.862132, 40.723025 ], [ -111.859657, 40.721455 ], [ -111.855169, 40.714171 ], [ -111.851272, 40.71089 ], [ -111.847177, 40.707828 ], [ -111.841966, 40.703728 ], [ -111.839876, 40.702257 ], [ -111.834334, 40.698069 ], [ -111.83414, 40.697982 ], [ -111.834098, 40.697981 ], [ -111.834098, 40.697981 ], [ -111.834057, 40.697981 ], [ -111.833843, 40.698069 ], [ -111.830297, 40.700769 ], [ -111.829588, 40.701383 ], [ -111.826425, 40.703618 ], [ -111.824038, 40.705403 ], [ -111.820305, 40.707626 ], [ -111.817418, 40.709811 ], [ -111.809289, 40.708329 ], [ -111.807331, 40.699703 ], [ -111.807392, 40.699426 ], [ -111.807395, 40.699205 ], [ -111.806457, 40.697998 ], [ -111.804139, 40.695792 ], [ -111.800645, 40.692986 ], [ -111.798126, 40.691113 ], [ -111.79598, 40.689489 ], [ -111.795809, 40.689456 ], [ -111.795649, 40.689455 ], [ -111.792088, 40.690834 ], [ -111.785599, 40.694703 ], [ -111.785603, 40.695412 ], [ -111.785597, 40.696488 ], [ -111.785807, 40.700844 ], [ -111.78584, 40.700933 ], [ -111.786627, 40.701867 ], [ -111.788138, 40.702719 ], [ -111.790188, 40.710551 ], [ -111.784604, 40.71301 ], [ -111.784061, 40.713471 ], [ -111.783498, 40.71406 ], [ -111.777498, 40.718869 ], [ -111.776726, 40.719274 ], [ -111.775825, 40.719804 ], [ -111.774938, 40.72045 ], [ -111.773452, 40.721602 ], [ -111.771622, 40.723 ], [ -111.773724, 40.725923 ], [ -111.774119, 40.725639 ], [ -111.775658, 40.724447 ], [ -111.781527, 40.721319 ], [ -111.782045, 40.721158 ], [ -111.782552, 40.720959 ], [ -111.783209, 40.720609 ], [ -111.784276, 40.719847 ], [ -111.784732, 40.719414 ], [ -111.785289, 40.718623 ], [ -111.786097, 40.716637 ], [ -111.793036, 40.714005 ], [ -111.79351, 40.71396 ], [ -111.794379, 40.713811 ], [ -111.795568, 40.713492 ], [ -111.802867, 40.717997 ], [ -111.803015, 40.719235 ], [ -111.8036, 40.724443 ], [ -111.800211, 40.730924 ], [ -111.80173, 40.734188 ], [ -111.803166, 40.741752 ], [ -111.801934, 40.743617 ], [ -111.801331, 40.747892 ], [ -111.802513, 40.749466 ], [ -111.806425, 40.753593 ], [ -111.80971, 40.753696 ], [ -111.814086, 40.754021 ], [ -111.814208, 40.75402 ], [ -111.815578, 40.75378 ], [ -111.822432, 40.753553 ], [ -111.825116, 40.756028 ], [ -111.829626, 40.758753 ], [ -111.829634, 40.758758 ], [ -111.829709, 40.758767 ], [ -111.835819, 40.758885 ], [ -111.837706, 40.756816 ], [ -111.842501, 40.75284 ], [ -111.842557, 40.752795 ], [ -111.843661, 40.751596 ], [ -111.844301, 40.750717 ], [ -111.849161, 40.744329 ], [ -111.850335, 40.743448 ], [ -111.850885, 40.742481 ], [ -111.856096, 40.73531 ], [ -111.85781, 40.73363 ], [ -111.862722, 40.727181 ], [ -111.864375, 40.725325 ], [ -111.864375, 40.725304 ] ] ] } },
{ "type": "Feature", "properties": { "group_index": 0, "value": 300.0, "center": [ -111.79510120814227, 40.6870770783624 ], "point_id": 19 }, "geometry": { "type": "Polygon", "coordinates": [ [ [ -111.81283, 40.685254 ], [ -111.809344, 40.680888 ], [ -111.808494, 40.680031 ], [ -111.805427, 40.67822 ], [ -111.802894, 40.675464 ], [ -111.800049, 40.673259 ], [ -111.796656, 40.674456 ], [ -111.793057, 40.673935 ], [ -111.789744, 40.674124 ], [ -111.7862, 40.676934 ], [ -111.782427, 40.680276 ], [ -111.781327, 40.682051 ], [ -111.781183, 40.687889 ], [ -111.781739, 40.691446 ], [ -111.787033, 40.692888 ], [ -111.790686, 40.695055 ], [ -111.79139, 40.698355 ], [ -111.791398, 40.698533 ], [ -111.791463, 40.698644 ], [ -111.792847, 40.699781 ], [ -111.796445, 40.699672 ], [ -111.801489, 40.696657 ], [ -111.806216, 40.694098 ], [ -111.809165, 40.692221 ], [ -111.812808, 40.688854 ], [ -111.81283, 40.685254 ] ] ] } },
{ "type": "Feature", "properties": { "group_index": 0, "value": 600.0, "center": [ -111.79510120814227, 40.6870770783624 ], "point_id": 19 }, "geometry": { "type": "Polygon", "coordinates": [ [ [ -111.832343, 40.686924 ], [ -111.826316, 40.680899 ], [ -111.825, 40.679475 ], [ -111.820791, 40.675268 ], [ -111.8163, 40.670423 ], [ -111.810305, 40.667298 ], [ -111.806718, 40.662149 ], [ -111.803121, 40.66199 ], [ -111.797479, 40.663124 ], [ -111.797154, 40.663694 ], [ -111.796742, 40.664571 ], [ -111.79621, 40.665941 ], [ -111.794595, 40.668273 ], [ -111.787759, 40.67048 ], [ -111.77966, 40.671789 ], [ -111.77771, 40.671965 ], [ -111.777181, 40.67243 ], [ -111.776834, 40.672861 ], [ -111.776555, 40.673397 ], [ -111.775187, 40.676988 ], [ -111.774705, 40.678153 ], [ -111.774962, 40.679172 ], [ -111.775387, 40.679813 ], [ -111.775696, 40.68016 ], [ -111.773525, 40.688654 ], [ -111.772537, 40.68877 ], [ -111.77015, 40.689031 ], [ -111.769645, 40.68916 ], [ -111.767055, 40.68933 ], [ -111.766051, 40.689219 ], [ -111.765696, 40.689156 ], [ -111.76485, 40.688963 ], [ -111.764051, 40.692473 ], [ -111.764897, 40.692666 ], [ -111.765403, 40.69276 ], [ -111.768066, 40.693138 ], [ -111.768517, 40.693178 ], [ -111.769008, 40.69316 ], [ -111.769532, 40.693065 ], [ -111.772906, 40.692351 ], [ -111.773945, 40.69223 ], [ -111.781739, 40.691446 ], [ -111.787033, 40.692888 ], [ -111.787379, 40.69872 ], [ -111.785361, 40.700785 ], [ -111.785643, 40.701242 ], [ -111.787998, 40.704461 ], [ -111.78838, 40.705076 ], [ -111.788888, 40.705898 ], [ -111.792575, 40.709541 ], [ -111.794332, 40.710971 ], [ -111.798998, 40.711617 ], [ -111.79979, 40.711352 ], [ -111.805469, 40.707475 ], [ -111.811505, 40.703517 ], [ -111.815421, 40.700775 ], [ -111.81908, 40.698545 ], [ -111.821865, 40.695445 ], [ -111.828511, 40.690501 ], [ -111.830608, 40.688888 ], [ -111.832345, 40.686958 ], [ -111.832343, 40.686924 ] ] ] } },
{ "type": "Feature", "properties": { "group_index": 0, "value": 900.0, "center": [ -111.79510120814227, 40.6870770783624 ], "point_id": 19 }, "geometry": { "type": "Polygon", "coordinates": [ [ [ -111.850068, 40.687006 ], [ -111.848391, 40.685283 ], [ -111.843715, 40.680239 ], [ -111.841918, 40.676092 ], [ -111.840724, 40.674923 ], [ -111.83682, 40.67245 ], [ -111.832548, 40.66569 ], [ -111.831403, 40.664374 ], [ -111.83131, 40.664302 ], [ -111.826001, 40.66211 ], [ -111.823801, 40.661518 ], [ -111.818437, 40.659379 ], [ -111.815288, 40.656879 ], [ -111.815255, 40.656857 ], [ -111.81133, 40.654833 ], [ -111.808044, 40.650141 ], [ -111.807561, 40.648899 ], [ -111.807067, 40.648108 ], [ -111.804012, 40.650012 ], [ -111.803854, 40.654089 ], [ -111.803121, 40.66199 ], [ -111.797479, 40.663124 ], [ -111.797154, 40.663694 ], [ -111.796742, 40.664571 ], [ -111.79621, 40.665941 ], [ -111.794595, 40.668273 ], [ -111.787759, 40.67048 ], [ -111.77966, 40.671789 ], [ -111.77771, 40.671965 ], [ -111.777181, 40.67243 ], [ -111.776834, 40.672861 ], [ -111.776555, 40.673397 ], [ -111.775187, 40.676988 ], [ -111.774705, 40.678153 ], [ -111.774962, 40.679172 ], [ -111.775387, 40.679813 ], [ -111.775696, 40.68016 ], [ -111.773525, 40.688654 ], [ -111.772537, 40.68877 ], [ -111.77015, 40.689031 ], [ -111.769645, 40.68916 ], [ -111.767055, 40.68933 ], [ -111.766051, 40.689219 ], [ -111.765696, 40.689156 ], [ -111.76485, 40.688963 ], [ -111.7635, 40.689024 ], [ -111.760038, 40.689594 ], [ -111.759457, 40.689629 ], [ -111.759027, 40.689721 ], [ -111.753852, 40.690298 ], [ -111.753477, 40.69034 ], [ -111.753071, 40.690438 ], [ -111.752596, 40.690642 ], [ -111.752261, 40.690861 ], [ -111.749372, 40.692899 ], [ -111.750402, 40.696349 ], [ -111.751789, 40.695964 ], [ -111.75709, 40.694895 ], [ -111.757624, 40.694769 ], [ -111.758108, 40.694609 ], [ -111.762748, 40.69332 ], [ -111.768066, 40.693138 ], [ -111.768517, 40.693178 ], [ -111.769008, 40.69316 ], [ -111.769532, 40.693065 ], [ -111.772906, 40.692351 ], [ -111.779448, 40.698413 ], [ -111.779628, 40.698558 ], [ -111.780581, 40.698948 ], [ -111.784428, 40.701158 ], [ -111.788888, 40.705898 ], [ -111.792575, 40.709541 ], [ -111.794332, 40.710971 ], [ -111.796853, 40.713107 ], [ -111.800382, 40.714126 ], [ -111.807722, 40.719172 ], [ -111.810596, 40.717004 ], [ -111.816574, 40.71412 ], [ -111.819061, 40.712216 ], [ -111.82591, 40.707216 ], [ -111.829625, 40.704373 ], [ -111.834416, 40.700911 ], [ -111.83837, 40.698078 ], [ -111.843805, 40.693653 ], [ -111.846695, 40.691147 ], [ -111.850072, 40.687104 ], [ -111.850068, 40.687006 ] ] ] } },
{ "type": "Feature", "properties": { "group_index": 0, "value": 300.0, "center": [ -111.79292787030822, 40.70005776079551 ], "point_id": 19 }, "geometry": { "type": "Polygon", "coordinates": [ [ [ -111.808847, 40.697998 ], [ -111.805611, 40.694943 ], [ -111.803022, 40.693161 ], [ -111.80244, 40.693122 ], [ -111.797813, 40.689531 ], [ -111.797814, 40.689172 ], [ -111.79734, 40.688602 ], [ -111.794302, 40.688766 ], [ -111.79248, 40.689172 ], [ -111.790262, 40.69032 ], [ -111.787297, 40.692426 ], [ -111.785649, 40.693918 ], [ -111.785613, 40.694183 ], [ -111.785603, 40.695412 ], [ -111.786712, 40.700257 ], [ -111.786731, 40.701311 ], [ -111.787496, 40.703068 ], [ -111.790977, 40.70353 ], [ -111.792207, 40.708312 ], [ -111.792199, 40.708483 ], [ -111.795135, 40.710224 ], [ -111.797743, 40.710678 ], [ -111.798794, 40.710784 ], [ -111.800708, 40.707787 ], [ -111.803358, 40.705794 ], [ -111.803882, 40.704471 ], [ -111.808835, 40.701598 ], [ -111.808847, 40.697998 ] ] ] } },
{ "type": "Feature", "properties": { "group_index": 0, "value": 600.0, "center": [ -111.79292787030822, 40.70005776079551 ], "point_id": 19 }, "geometry": { "type": "Polygon", "coordinates": [ [ [ -111.828003, 40.699954 ], [ -111.827887, 40.69936 ], [ -111.82663, 40.698069 ], [ -111.823209, 40.694929 ], [ -111.817706, 40.690948 ], [ -111.812251, 40.686102 ], [ -111.808531, 40.682229 ], [ -111.806141, 40.680075 ], [ -111.801907, 40.676973 ], [ -111.798763, 40.675219 ], [ -111.790427, 40.676556 ], [ -111.790101, 40.67663 ], [ -111.785405, 40.679021 ], [ -111.782577, 40.680505 ], [ -111.780597, 40.681765 ], [ -111.775925, 40.688448 ], [ -111.775469, 40.692019 ], [ -111.781662, 40.698042 ], [ -111.782194, 40.69871 ], [ -111.783709, 40.700443 ], [ -111.784428, 40.701158 ], [ -111.787496, 40.703068 ], [ -111.792199, 40.708483 ], [ -111.792991, 40.709683 ], [ -111.797432, 40.713116 ], [ -111.800382, 40.714126 ], [ -111.806859, 40.718154 ], [ -111.814516, 40.71483 ], [ -111.816755, 40.709888 ], [ -111.821014, 40.705847 ], [ -111.823453, 40.704219 ], [ -111.826629, 40.701669 ], [ -111.828004, 40.700118 ], [ -111.828003, 40.699954 ] ] ] } },
{ "type": "Feature", "properties": { "group_index": 0, "value": 900.0, "center": [ -111.79292787030822, 40.70005776079551 ], "point_id": 19 }, "geometry": { "type": "Polygon", "coordinates": [ [ [ -111.845327, 40.700405 ], [ -111.844407, 40.698138 ], [ -111.842992, 40.696887 ], [ -111.838153, 40.692606 ], [ -111.834432, 40.689886 ], [ -111.831326, 40.686482 ], [ -111.829969, 40.685288 ], [ -111.824153, 40.679097 ], [ -111.823541, 40.67836 ], [ -111.821087, 40.675978 ], [ -111.8149, 40.671396 ], [ -111.812934, 40.670442 ], [ -111.80915, 40.667655 ], [ -111.806644, 40.663868 ], [ -111.801903, 40.6634 ], [ -111.79974, 40.663831 ], [ -111.797349, 40.665819 ], [ -111.790616, 40.670711 ], [ -111.787759, 40.67048 ], [ -111.781506, 40.670059 ], [ -111.780972, 40.670165 ], [ -111.77771, 40.671965 ], [ -111.777181, 40.67243 ], [ -111.776834, 40.672861 ], [ -111.775751, 40.674513 ], [ -111.775498, 40.675264 ], [ -111.774705, 40.678153 ], [ -111.774962, 40.679172 ], [ -111.775387, 40.679813 ], [ -111.775696, 40.68016 ], [ -111.773525, 40.688654 ], [ -111.772537, 40.68877 ], [ -111.77015, 40.689031 ], [ -111.769645, 40.68916 ], [ -111.767055, 40.68933 ], [ -111.766051, 40.689219 ], [ -111.765696, 40.689156 ], [ -111.764438, 40.688901 ], [ -111.763947, 40.688916 ], [ -111.7635, 40.689024 ], [ -111.760038, 40.689594 ], [ -111.759457, 40.689629 ], [ -111.759027, 40.689721 ], [ -111.758608, 40.689869 ], [ -111.758115, 40.690142 ], [ -111.757849, 40.690342 ], [ -111.760013, 40.69322 ], [ -111.761371, 40.693417 ], [ -111.762082, 40.693428 ], [ -111.762748, 40.69332 ], [ -111.763492, 40.693103 ], [ -111.766645, 40.692906 ], [ -111.767257, 40.692997 ], [ -111.768066, 40.693138 ], [ -111.773688, 40.699675 ], [ -111.774359, 40.699716 ], [ -111.775516, 40.699703 ], [ -111.776046, 40.699701 ], [ -111.784428, 40.701158 ], [ -111.787496, 40.703068 ], [ -111.792199, 40.708483 ], [ -111.792991, 40.709683 ], [ -111.797432, 40.713116 ], [ -111.803476, 40.719322 ], [ -111.804526, 40.725426 ], [ -111.804995, 40.726105 ], [ -111.805564, 40.726595 ], [ -111.805738, 40.726672 ], [ -111.811612, 40.728559 ], [ -111.816723, 40.730102 ], [ -111.816845, 40.7301 ], [ -111.818819, 40.727647 ], [ -111.82196, 40.724021 ], [ -111.821687, 40.721263 ], [ -111.828968, 40.7164 ], [ -111.83005, 40.716604 ], [ -111.83033, 40.715894 ], [ -111.832238, 40.712193 ], [ -111.836888, 40.707889 ], [ -111.838637, 40.706339 ], [ -111.844437, 40.701738 ], [ -111.845327, 40.700619 ], [ -111.845327, 40.700405 ] ] ] } },
{ "type": "Feature", "properties": { "group_index": 0, "value": 300.0, "center": [ -111.85690263790666, 40.378335931970426 ], "point_id": 0 }, "geometry": { "type": "Polygon", "coordinates": [ [ [ -111.873166, 40.37936 ], [ -111.871391, 40.373919 ], [ -111.868812, 40.372647 ], [ -111.864625, 40.370034 ], [ -111.863483, 40.368984 ], [ -111.859896, 40.365619 ], [ -111.858286, 40.364762 ], [ -111.857442, 40.364751 ], [ -111.855755, 40.365173 ], [ -111.851898, 40.368032 ], [ -111.849112, 40.369357 ], [ -111.8476, 40.370344 ], [ -111.845618, 40.371732 ], [ -111.844657, 40.372402 ], [ -111.841519, 40.377232 ], [ -111.840789, 40.380757 ], [ -111.844064, 40.381436 ], [ -111.847169, 40.384487 ], [ -111.84887, 40.38634 ], [ -111.849654, 40.387316 ], [ -111.851893, 40.388998 ], [ -111.852801, 40.389598 ], [ -111.855116, 40.390707 ], [ -111.858911, 40.390772 ], [ -111.862227, 40.389005 ], [ -111.864007, 40.38783 ], [ -111.867818, 40.384335 ], [ -111.869368, 40.383941 ], [ -111.871956, 40.38158 ], [ -111.873164, 40.379797 ], [ -111.873166, 40.37936 ] ] ] } },
{ "type": "Feature", "properties": { "group_index": 0, "value": 600.0, "center": [ -111.85690263790666, 40.378335931970426 ], "point_id": 0 }, "geometry": { "type": "Polygon", "coordinates": [ [ [ -111.891563, 40.377879 ], [ -111.89157, 40.374279 ], [ -111.884414, 40.371929 ], [ -111.883129, 40.370601 ], [ -111.880772, 40.369242 ], [ -111.874831, 40.363227 ], [ -111.871146, 40.359526 ], [ -111.869753, 40.359675 ], [ -111.869455, 40.359712 ], [ -111.86909, 40.359784 ], [ -111.868441, 40.360017 ], [ -111.864297, 40.360964 ], [ -111.858162, 40.358942 ], [ -111.852966, 40.359669 ], [ -111.852152, 40.359839 ], [ -111.851622, 40.360173 ], [ -111.851261, 40.360515 ], [ -111.85079, 40.361144 ], [ -111.850522, 40.362686 ], [ -111.842055, 40.36407 ], [ -111.840869, 40.363029 ], [ -111.84019, 40.362907 ], [ -111.839299, 40.363193 ], [ -111.837408, 40.364096 ], [ -111.83614, 40.364825 ], [ -111.83454, 40.366214 ], [ -111.833942, 40.366874 ], [ -111.83389, 40.367087 ], [ -111.834049, 40.369864 ], [ -111.829823, 40.375764 ], [ -111.828912, 40.379247 ], [ -111.831524, 40.38559 ], [ -111.834204, 40.389335 ], [ -111.835087, 40.3901 ], [ -111.839249, 40.393324 ], [ -111.840499, 40.394224 ], [ -111.846487, 40.398538 ], [ -111.847003, 40.398912 ], [ -111.85336, 40.403342 ], [ -111.856323, 40.405382 ], [ -111.862363, 40.404226 ], [ -111.862577, 40.404091 ], [ -111.867012, 40.398464 ], [ -111.868813, 40.397214 ], [ -111.871537, 40.395295 ], [ -111.876707, 40.392208 ], [ -111.877373, 40.391755 ], [ -111.881515, 40.38881 ], [ -111.888308, 40.383401 ], [ -111.891444, 40.379827 ], [ -111.891563, 40.377879 ] ] ] } },
{ "type": "Feature", "properties": { "group_index": 0, "value": 900.0, "center": [ -111.85690263790666, 40.378335931970426 ], "point_id": 0 }, "geometry": { "type": "Polygon", "coordinates": [ [ [ -111.906359, 40.378581 ], [ -111.906121, 40.374832 ], [ -111.903561, 40.3723 ], [ -111.896197, 40.367328 ], [ -111.89602, 40.366071 ], [ -111.896007, 40.366024 ], [ -111.895335, 40.365034 ], [ -111.891507, 40.361709 ], [ -111.889727, 40.360402 ], [ -111.886754, 40.359522 ], [ -111.878418, 40.359798 ], [ -111.871146, 40.359526 ], [ -111.869753, 40.359675 ], [ -111.869455, 40.359712 ], [ -111.86909, 40.359784 ], [ -111.868441, 40.360017 ], [ -111.864297, 40.360964 ], [ -111.858162, 40.358942 ], [ -111.852966, 40.359669 ], [ -111.852152, 40.359839 ], [ -111.851622, 40.360173 ], [ -111.851261, 40.360515 ], [ -111.85079, 40.361144 ], [ -111.850522, 40.362686 ], [ -111.842055, 40.36407 ], [ -111.840869, 40.363029 ], [ -111.839434, 40.362349 ], [ -111.833315, 40.362701 ], [ -111.825955, 40.366067 ], [ -111.822978, 40.367804 ], [ -111.819573, 40.370988 ], [ -111.813031, 40.374657 ], [ -111.810904, 40.375704 ], [ -111.810321, 40.376547 ], [ -111.810293, 40.376634 ], [ -111.810171, 40.377121 ], [ -111.810171, 40.377122 ], [ -111.811124, 40.378602 ], [ -111.811464, 40.378827 ], [ -111.814478, 40.380743 ], [ -111.817956, 40.387272 ], [ -111.818522, 40.389653 ], [ -111.818669, 40.389916 ], [ -111.820477, 40.392354 ], [ -111.822163, 40.393886 ], [ -111.825009, 40.396022 ], [ -111.830301, 40.400737 ], [ -111.832512, 40.402532 ], [ -111.837647, 40.406356 ], [ -111.843455, 40.409881 ], [ -111.844216, 40.410311 ], [ -111.849167, 40.41312 ], [ -111.851749, 40.415278 ], [ -111.853329, 40.416635 ], [ -111.853699, 40.416704 ], [ -111.854393, 40.416741 ], [ -111.863093, 40.417245 ], [ -111.871301, 40.414291 ], [ -111.872196, 40.414192 ], [ -111.872436, 40.414143 ], [ -111.876863, 40.407905 ], [ -111.878525, 40.406117 ], [ -111.881725, 40.402948 ], [ -111.886477, 40.398614 ], [ -111.889811, 40.396427 ], [ -111.894905, 40.393203 ], [ -111.895106, 40.393034 ], [ -111.898977, 40.389185 ], [ -111.90349, 40.384896 ], [ -111.904199, 40.384142 ], [ -111.904522, 40.383486 ], [ -111.905661, 40.380541 ], [ -111.906359, 40.378581 ] ] ] } },
{ "type": "Feature", "properties": { "group_index": 0, "value": 300.0, "center": [ -111.88653308180348, 40.37860312722464 ], "point_id": 0 }, "geometry": { "type": "Polygon", "coordinates": [ [ [ -111.901553, 40.38024 ], [ -111.90139, 40.3779 ], [ -111.901254, 40.376652 ], [ -111.900941, 40.374328 ], [ -111.900243, 40.374379 ], [ -111.896976, 40.374372 ], [ -111.894351, 40.369156 ], [ -111.89435, 40.369092 ], [ -111.892305, 40.366786 ], [ -111.891484, 40.366013 ], [ -111.888321, 40.364705 ], [ -111.887266, 40.364621 ], [ -111.887021, 40.364613 ], [ -111.884752, 40.36511 ], [ -111.882459, 40.366497 ], [ -111.880153, 40.369241 ], [ -111.876192, 40.371146 ], [ -111.874509, 40.372269 ], [ -111.871941, 40.374162 ], [ -111.869568, 40.379009 ], [ -111.869564, 40.379775 ], [ -111.870355, 40.381584 ], [ -111.874243, 40.384844 ], [ -111.875793, 40.386343 ], [ -111.87741, 40.387346 ], [ -111.880218, 40.389055 ], [ -111.88413, 40.39165 ], [ -111.885102, 40.392896 ], [ -111.886895, 40.392927 ], [ -111.887003, 40.392892 ], [ -111.889802, 40.391497 ], [ -111.892711, 40.389155 ], [ -111.896503, 40.386843 ], [ -111.899552, 40.384469 ], [ -111.90075, 40.383181 ], [ -111.901553, 40.38024 ] ] ] } },
{ "type": "Feature", "properties": { "group_index": 0, "value": 600.0, "center": [ -111.88653308180348, 40.37860312722464 ], "point_id": 0 }, "geometry": { "type": "Polygon", "coordinates": [ [ [ -111.918446, 40.37261 ], [ -111.918439, 40.372505 ], [ -111.918438, 40.3725 ], [ -111.917179, 40.370884 ], [ -111.912939, 40.368252 ], [ -111.911762, 40.367387 ], [ -111.911549, 40.367395 ], [ -111.903325, 40.363759 ], [ -111.90298, 40.357675 ], [ -111.902699, 40.357617 ], [ -111.902292, 40.357558 ], [ -111.90165, 40.357526 ], [ -111.897415, 40.357351 ], [ -111.8915, 40.362186 ], [ -111.886566, 40.360453 ], [ -111.881974, 40.359537 ], [ -111.88149, 40.359489 ], [ -111.881084, 40.359518 ], [ -111.880551, 40.359614 ], [ -111.879747, 40.359823 ], [ -111.873414, 40.365022 ], [ -111.869869, 40.363327 ], [ -111.869615, 40.363325 ], [ -111.867038, 40.363794 ], [ -111.860807, 40.368583 ], [ -111.85397, 40.371919 ], [ -111.851984, 40.378871 ], [ -111.851967, 40.37972 ], [ -111.852637, 40.381547 ], [ -111.856387, 40.384737 ], [ -111.861744, 40.389005 ], [ -111.864162, 40.390831 ], [ -111.870298, 40.395734 ], [ -111.874473, 40.399098 ], [ -111.881912, 40.403946 ], [ -111.886482, 40.407077 ], [ -111.886613, 40.407077 ], [ -111.88744, 40.406663 ], [ -111.887626, 40.406569 ], [ -111.888833, 40.405648 ], [ -111.893896, 40.401905 ], [ -111.901258, 40.396793 ], [ -111.901794, 40.396437 ], [ -111.907561, 40.391671 ], [ -111.909833, 40.389811 ], [ -111.91053, 40.389244 ], [ -111.911493, 40.388044 ], [ -111.911492, 40.388006 ], [ -111.91054, 40.385644 ], [ -111.910797, 40.380153 ], [ -111.916274, 40.374797 ], [ -111.917211, 40.374484 ], [ -111.917279, 40.374388 ], [ -111.918446, 40.372614 ], [ -111.918446, 40.37261 ] ] ] } },
{ "type": "Feature", "properties": { "group_index": 0, "value": 900.0, "center": [ -111.88653308180348, 40.37860312722464 ], "point_id": 0 }, "geometry": { "type": "Polygon", "coordinates": [ [ [ -111.929871, 40.380878 ], [ -111.929382, 40.380245 ], [ -111.93029, 40.371628 ], [ -111.930718, 40.371132 ], [ -111.931155, 40.37022 ], [ -111.931163, 40.370015 ], [ -111.931039, 40.368195 ], [ -111.930751, 40.367532 ], [ -111.930102, 40.36703 ], [ -111.929283, 40.366394 ], [ -111.926333, 40.364258 ], [ -111.922023, 40.361012 ], [ -111.920898, 40.360122 ], [ -111.915464, 40.35367 ], [ -111.915086, 40.352996 ], [ -111.914668, 40.352613 ], [ -111.913764, 40.351981 ], [ -111.908093, 40.345625 ], [ -111.906821, 40.345449 ], [ -111.906365, 40.345721 ], [ -111.905518, 40.3469 ], [ -111.899387, 40.353064 ], [ -111.898637, 40.354368 ], [ -111.898002, 40.35541 ], [ -111.897415, 40.357351 ], [ -111.8915, 40.362186 ], [ -111.886566, 40.360453 ], [ -111.881974, 40.359537 ], [ -111.88149, 40.359489 ], [ -111.881084, 40.359518 ], [ -111.880551, 40.359614 ], [ -111.879747, 40.359823 ], [ -111.877741, 40.361627 ], [ -111.869869, 40.363327 ], [ -111.866948, 40.360732 ], [ -111.86636, 40.360418 ], [ -111.86569, 40.360059 ], [ -111.865382, 40.359971 ], [ -111.864515, 40.359846 ], [ -111.864143, 40.35985 ], [ -111.855521, 40.36025 ], [ -111.85336, 40.361174 ], [ -111.852942, 40.361658 ], [ -111.852392, 40.362387 ], [ -111.845015, 40.366596 ], [ -111.844107, 40.366645 ], [ -111.843419, 40.366639 ], [ -111.837963, 40.372774 ], [ -111.837035, 40.373301 ], [ -111.834991, 40.374577 ], [ -111.834726, 40.379502 ], [ -111.84057, 40.385711 ], [ -111.840863, 40.386395 ], [ -111.841937, 40.387542 ], [ -111.844398, 40.389804 ], [ -111.847499, 40.39205 ], [ -111.852667, 40.396195 ], [ -111.856198, 40.39885 ], [ -111.858692, 40.400337 ], [ -111.858947, 40.400339 ], [ -111.860503, 40.39944 ], [ -111.8634, 40.398584 ], [ -111.868856, 40.404325 ], [ -111.868835, 40.407925 ], [ -111.870615, 40.409297 ], [ -111.87238, 40.410049 ], [ -111.879461, 40.415447 ], [ -111.879531, 40.415525 ], [ -111.885546, 40.420479 ], [ -111.885675, 40.420477 ], [ -111.890043, 40.419562 ], [ -111.890059, 40.419551 ], [ -111.895729, 40.414234 ], [ -111.899102, 40.408344 ], [ -111.902651, 40.408003 ], [ -111.904993, 40.407792 ], [ -111.909308, 40.404508 ], [ -111.913287, 40.401769 ], [ -111.918605, 40.397917 ], [ -111.919872, 40.396614 ], [ -111.920921, 40.394559 ], [ -111.927187, 40.389574 ], [ -111.928423, 40.389045 ], [ -111.929055, 40.388758 ], [ -111.929217, 40.388654 ], [ -111.929871, 40.380878 ] ] ] } },
{ "type": "Feature", "properties": { "group_index": 0, "value": 300.0, "center": [ -111.91633999243746, 40.378821514512104 ], "point_id": 0 }, "geometry": { "type": "Polygon", "coordinates": [ [ [ -111.925268, 40.375616 ], [ -111.922899, 40.370408 ], [ -111.923164, 40.369755 ], [ -111.923173, 40.369657 ], [ -111.923108, 40.36906 ], [ -111.921713, 40.367594 ], [ -111.918089, 40.365174 ], [ -111.914492, 40.365298 ], [ -111.914243, 40.365317 ], [ -111.910104, 40.367544 ], [ -111.910035, 40.367588 ], [ -111.905289, 40.371214 ], [ -111.906735, 40.37451 ], [ -111.908803, 40.375557 ], [ -111.909252, 40.375612 ], [ -111.910355, 40.375808 ], [ -111.913436, 40.380715 ], [ -111.911783, 40.382487 ], [ -111.911687, 40.382559 ], [ -111.911598, 40.383094 ], [ -111.911599, 40.383103 ], [ -111.915079, 40.386598 ], [ -111.91564, 40.386831 ], [ -111.915997, 40.386816 ], [ -111.917068, 40.38665 ], [ -111.92201, 40.384067 ], [ -111.922646, 40.383887 ], [ -111.924116, 40.383444 ], [ -111.924133, 40.383268 ], [ -111.923949, 40.382795 ], [ -111.92685, 40.377635 ], [ -111.925268, 40.375616 ] ] ] } },
{ "type": "Feature", "properties": { "group_index": 0, "value": 600.0, "center": [ -111.91633999243746, 40.378821514512104 ], "point_id": 0 }, "geometry": { "type": "Polygon", "coordinates": [ [ [ -111.939042, 40.384491 ], [ -111.937224, 40.383523 ], [ -111.935418, 40.381779 ], [ -111.937148, 40.373465 ], [ -111.939395, 40.371319 ], [ -111.941058, 40.369491 ], [ -111.941057, 40.369398 ], [ -111.939367, 40.367719 ], [ -111.934952, 40.364073 ], [ -111.929669, 40.360311 ], [ -111.928878, 40.360312 ], [ -111.927267, 40.360485 ], [ -111.926694, 40.360497 ], [ -111.924012, 40.360317 ], [ -111.917877, 40.354023 ], [ -111.91815, 40.352223 ], [ -111.918152, 40.35188 ], [ -111.916047, 40.350623 ], [ -111.915557, 40.350631 ], [ -111.912486, 40.353012 ], [ -111.909297, 40.355711 ], [ -111.903662, 40.357881 ], [ -111.902284, 40.361206 ], [ -111.903386, 40.361965 ], [ -111.904536, 40.362528 ], [ -111.905289, 40.371214 ], [ -111.896977, 40.374486 ], [ -111.894403, 40.374479 ], [ -111.89183, 40.374472 ], [ -111.888539, 40.374464 ], [ -111.88853, 40.378064 ], [ -111.891821, 40.378072 ], [ -111.894394, 40.378079 ], [ -111.896968, 40.378086 ], [ -111.899846, 40.385587 ], [ -111.899824, 40.389187 ], [ -111.905822, 40.393542 ], [ -111.90874, 40.395462 ], [ -111.914027, 40.398599 ], [ -111.91736, 40.399378 ], [ -111.919305, 40.399805 ], [ -111.919885, 40.399802 ], [ -111.920041, 40.399741 ], [ -111.920746, 40.399205 ], [ -111.92166, 40.398506 ], [ -111.928378, 40.393688 ], [ -111.929792, 40.39345 ], [ -111.930187, 40.393389 ], [ -111.931674, 40.392452 ], [ -111.939145, 40.38809 ], [ -111.939042, 40.384491 ] ] ] } },
{ "type": "Feature", "properties": { "group_index": 0, "value": 900.0, "center": [ -111.91633999243746, 40.378821514512104 ], "point_id": 0 }, "geometry": { "type": "Polygon", "coordinates": [ [ [ -111.955602, 40.381877 ], [ -111.953936, 40.376064 ], [ -111.952894, 40.374449 ], [ -111.952678, 40.374038 ], [ -111.952337, 40.373624 ], [ -111.952112, 40.373455 ], [ -111.950685, 40.366108 ], [ -111.952662, 40.364152 ], [ -111.952649, 40.36399 ], [ -111.9515, 40.360395 ], [ -111.947749, 40.358659 ], [ -111.940776, 40.353659 ], [ -111.937262, 40.352873 ], [ -111.93497, 40.355901 ], [ -111.934762, 40.356124 ], [ -111.934443, 40.356505 ], [ -111.934115, 40.356949 ], [ -111.928878, 40.360312 ], [ -111.927267, 40.360485 ], [ -111.926694, 40.360497 ], [ -111.924012, 40.360317 ], [ -111.917877, 40.354023 ], [ -111.91815, 40.352223 ], [ -111.924135, 40.346014 ], [ -111.924335, 40.345678 ], [ -111.924969, 40.344606 ], [ -111.924975, 40.344475 ], [ -111.924973, 40.344106 ], [ -111.924968, 40.343926 ], [ -111.924126, 40.342414 ], [ -111.921106, 40.340237 ], [ -111.917717, 40.338291 ], [ -111.914122, 40.338482 ], [ -111.912202, 40.339575 ], [ -111.911272, 40.340328 ], [ -111.909247, 40.343726 ], [ -111.904262, 40.347897 ], [ -111.899387, 40.353064 ], [ -111.898637, 40.354368 ], [ -111.898002, 40.35541 ], [ -111.891401, 40.360483 ], [ -111.8891, 40.360403 ], [ -111.888792, 40.360406 ], [ -111.887301, 40.36209 ], [ -111.880841, 40.367945 ], [ -111.877637, 40.37061 ], [ -111.872567, 40.374266 ], [ -111.87193, 40.376582 ], [ -111.871931, 40.376748 ], [ -111.87235, 40.377859 ], [ -111.875658, 40.380182 ], [ -111.878582, 40.383142 ], [ -111.882021, 40.389068 ], [ -111.884911, 40.391507 ], [ -111.887402, 40.393355 ], [ -111.892863, 40.395858 ], [ -111.896197, 40.398983 ], [ -111.898944, 40.400478 ], [ -111.905076, 40.40633 ], [ -111.906089, 40.40779 ], [ -111.909637, 40.409829 ], [ -111.910181, 40.409826 ], [ -111.918111, 40.410948 ], [ -111.921085, 40.41258 ], [ -111.923015, 40.412537 ], [ -111.924555, 40.41162 ], [ -111.930746, 40.406609 ], [ -111.931587, 40.406094 ], [ -111.939985, 40.40299 ], [ -111.940058, 40.40299 ], [ -111.941708, 40.402092 ], [ -111.944198, 40.399285 ], [ -111.944739, 40.398474 ], [ -111.947254, 40.394442 ], [ -111.947639, 40.390863 ], [ -111.952017, 40.384292 ], [ -111.955491, 40.385541 ], [ -111.956172, 40.385431 ], [ -111.955602, 40.381877 ] ] ] } },
{ "type": "Feature", "properties": { "group_index": 0, "value": 300.0, "center": [ -111.93548922206413, 40.376664649356435 ], "point_id": 0 }, "geometry": { "type": "Polygon", "coordinates": [ [ [ -111.943958, 40.381969 ], [ -111.943608, 40.381032 ], [ -111.9435, 40.376396 ], [ -111.945694, 40.374312 ], [ -111.946307, 40.373494 ], [ -111.947145, 40.372411 ], [ -111.94787, 40.371423 ], [ -111.947743, 40.371326 ], [ -111.944571, 40.368903 ], [ -111.94088, 40.364657 ], [ -111.939532, 40.363553 ], [ -111.936679, 40.36254 ], [ -111.933079, 40.362535 ], [ -111.929024, 40.366381 ], [ -111.927126, 40.367559 ], [ -111.926887, 40.368398 ], [ -111.926782, 40.369081 ], [ -111.927184, 40.371158 ], [ -111.929505, 40.372866 ], [ -111.929563, 40.377855 ], [ -111.929614, 40.382583 ], [ -111.929721, 40.38551 ], [ -111.931259, 40.388576 ], [ -111.931297, 40.388631 ], [ -111.932157, 40.389261 ], [ -111.935828, 40.390299 ], [ -111.939234, 40.389133 ], [ -111.943964, 40.385569 ], [ -111.943958, 40.381969 ] ] ] } },
{ "type": "Feature", "properties": { "group_index": 0, "value": 600.0, "center": [ -111.93548922206413, 40.376664649356435 ], "point_id": 0 }, "geometry": { "type": "Polygon", "coordinates": [ [ [ -111.960121, 40.376066 ], [ -111.960198, 40.375594 ], [ -111.960203, 40.375119 ], [ -111.960143, 40.374683 ], [ -111.960009, 40.374196 ], [ -111.959853, 40.373806 ], [ -111.958057, 40.369438 ], [ -111.955755, 40.36222 ], [ -111.9557, 40.360443 ], [ -111.952504, 40.358573 ], [ -111.94843, 40.356409 ], [ -111.947142, 40.355835 ], [ -111.947115, 40.355833 ], [ -111.940867, 40.35061 ], [ -111.940853, 40.348551 ], [ -111.937253, 40.348575 ], [ -111.932589, 40.354121 ], [ -111.92954, 40.356035 ], [ -111.926517, 40.360315 ], [ -111.920119, 40.3601 ], [ -111.918624, 40.360098 ], [ -111.916324, 40.362365 ], [ -111.914493, 40.364153 ], [ -111.91328, 40.369307 ], [ -111.913041, 40.370986 ], [ -111.913092, 40.374585 ], [ -111.914708, 40.382867 ], [ -111.914327, 40.386663 ], [ -111.914327, 40.386664 ], [ -111.914326, 40.386665 ], [ -111.914326, 40.386666 ], [ -111.914652, 40.388629 ], [ -111.914927, 40.389173 ], [ -111.915044, 40.38931 ], [ -111.91791, 40.392144 ], [ -111.921428, 40.395588 ], [ -111.921449, 40.395607 ], [ -111.92164, 40.395763 ], [ -111.92171, 40.395813 ], [ -111.928499, 40.399584 ], [ -111.930712, 40.3999 ], [ -111.937946, 40.402626 ], [ -111.940724, 40.403691 ], [ -111.94129, 40.40369 ], [ -111.942383, 40.402562 ], [ -111.948251, 40.39639 ], [ -111.949165, 40.394884 ], [ -111.95015, 40.392237 ], [ -111.950151, 40.391422 ], [ -111.953222, 40.384092 ], [ -111.955206, 40.383763 ], [ -111.958592, 40.385038 ], [ -111.959398, 40.384905 ], [ -111.959864, 40.384734 ], [ -111.960121, 40.376066 ] ] ] } },
{ "type": "Feature", "properties": { "group_index": 0, "value": 900.0, "center": [ -111.93548922206413, 40.376664649356435 ], "point_id": 0 }, "geometry": { "type": "Polygon", "coordinates": [ [ [ -111.976919, 40.378628 ], [ -111.974527, 40.37769 ], [ -111.970819, 40.375234 ], [ -111.970746, 40.366834 ], [ -111.972941, 40.364196 ], [ -111.97326, 40.363933 ], [ -111.974005, 40.362905 ], [ -111.973438, 40.36063 ], [ -111.973285, 40.360333 ], [ -111.970385, 40.357918 ], [ -111.967098, 40.355292 ], [ -111.964913, 40.353941 ], [ -111.959679, 40.350835 ], [ -111.956181, 40.347804 ], [ -111.954547, 40.346663 ], [ -111.954468, 40.346662 ], [ -111.951044, 40.346804 ], [ -111.950274, 40.346701 ], [ -111.94989, 40.346677 ], [ -111.949542, 40.346684 ], [ -111.943974, 40.339701 ], [ -111.943963, 40.339408 ], [ -111.943465, 40.338518 ], [ -111.943458, 40.33851 ], [ -111.939225, 40.3358 ], [ -111.937572, 40.335509 ], [ -111.937487, 40.335535 ], [ -111.937461, 40.335543 ], [ -111.937219, 40.335622 ], [ -111.930408, 40.341234 ], [ -111.930073, 40.341443 ], [ -111.928478, 40.342478 ], [ -111.926789, 40.344226 ], [ -111.926789, 40.344231 ], [ -111.926789, 40.344291 ], [ -111.92679, 40.34437 ], [ -111.928493, 40.346078 ], [ -111.928597, 40.346078 ], [ -111.932589, 40.354121 ], [ -111.92954, 40.356035 ], [ -111.926517, 40.360315 ], [ -111.920119, 40.3601 ], [ -111.917879, 40.354567 ], [ -111.917877, 40.354023 ], [ -111.917887, 40.353555 ], [ -111.917898, 40.352797 ], [ -111.918155, 40.35127 ], [ -111.918162, 40.350191 ], [ -111.914562, 40.35017 ], [ -111.913596, 40.35052 ], [ -111.913363, 40.350645 ], [ -111.912064, 40.351649 ], [ -111.910275, 40.353013 ], [ -111.908919, 40.354866 ], [ -111.902123, 40.357544 ], [ -111.901686, 40.357528 ], [ -111.901552, 40.361125 ], [ -111.901938, 40.361956 ], [ -111.904536, 40.362528 ], [ -111.905519, 40.370914 ], [ -111.904735, 40.371512 ], [ -111.904105, 40.371959 ], [ -111.903787, 40.372243 ], [ -111.897215, 40.374486 ], [ -111.897216, 40.378086 ], [ -111.897398, 40.385578 ], [ -111.897377, 40.389178 ], [ -111.901591, 40.392448 ], [ -111.906044, 40.397759 ], [ -111.90892, 40.400732 ], [ -111.90932, 40.401036 ], [ -111.910163, 40.40151 ], [ -111.915123, 40.403997 ], [ -111.920481, 40.407686 ], [ -111.927639, 40.411334 ], [ -111.933141, 40.416336 ], [ -111.937056, 40.416539 ], [ -111.940283, 40.415869 ], [ -111.942174, 40.414905 ], [ -111.943042, 40.410997 ], [ -111.943252, 40.410267 ], [ -111.944355, 40.406756 ], [ -111.944291, 40.40607 ], [ -111.944016, 40.404271 ], [ -111.947764, 40.397416 ], [ -111.952367, 40.397882 ], [ -111.952795, 40.398139 ], [ -111.953467, 40.398446 ], [ -111.953951, 40.398601 ], [ -111.954487, 40.398722 ], [ -111.955032, 40.398797 ], [ -111.956909, 40.398932 ], [ -111.957787, 40.398973 ], [ -111.962529, 40.399447 ], [ -111.963131, 40.399582 ], [ -111.963583, 40.399643 ], [ -111.96407, 40.396076 ], [ -111.96762, 40.389344 ], [ -111.968803, 40.385944 ], [ -111.975676, 40.382293 ], [ -111.977094, 40.382224 ], [ -111.976919, 40.378628 ] ] ] } },
{ "type": "Feature", "properties": { "group_index": 0, "value": 300.0, "center": [ -112.00418695148109, 40.35517008397292 ], "point_id": 0 }, "geometry": { "type": "Polygon", "coordinates": [ [ [ -112.012327, 40.357858 ], [ -112.011721, 40.356454 ], [ -112.010616, 40.355903 ], [ -112.008373, 40.350575 ], [ -112.010077, 40.349644 ], [ -112.01013, 40.346044 ], [ -112.005686, 40.342898 ], [ -112.004409, 40.342061 ], [ -112.002294, 40.344103 ], [ -111.998328, 40.346581 ], [ -111.996343, 40.345301 ], [ -111.994349, 40.345368 ], [ -111.993266, 40.34717 ], [ -111.993051, 40.348726 ], [ -111.992326, 40.351444 ], [ -111.989134, 40.35461 ], [ -111.989358, 40.356745 ], [ -111.9898, 40.358148 ], [ -111.995455, 40.358993 ], [ -111.999232, 40.360373 ], [ -112.002204, 40.361824 ], [ -112.005475, 40.364599 ], [ -112.010398, 40.361751 ], [ -112.010517, 40.36165 ], [ -112.012289, 40.359069 ], [ -112.012327, 40.357858 ] ] ] } },
{ "type": "Feature", "properties": { "group_index": 0, "value": 600.0, "center": [ -112.00418695148109, 40.35517008397292 ], "point_id": 0 }, "geometry": { "type": "Polygon", "coordinates": [ [ [ -112.019608, 40.339253 ], [ -112.01956, 40.338585 ], [ -112.018135, 40.336109 ], [ -112.01467, 40.331018 ], [ -112.011707, 40.330699 ], [ -112.011207, 40.331868 ], [ -112.00993, 40.333791 ], [ -112.009487, 40.334445 ], [ -112.008814, 40.335588 ], [ -112.000051, 40.335122 ], [ -111.998982, 40.334012 ], [ -111.998491, 40.333357 ], [ -111.998059, 40.332719 ], [ -111.995078, 40.334736 ], [ -111.987263, 40.336428 ], [ -111.986836, 40.336528 ], [ -111.986737, 40.336564 ], [ -111.984209, 40.339311 ], [ -111.983659, 40.340009 ], [ -111.98355, 40.340579 ], [ -111.983491, 40.341135 ], [ -111.980823, 40.348608 ], [ -111.978909, 40.350904 ], [ -111.973062, 40.354766 ], [ -111.972971, 40.354846 ], [ -111.972791, 40.357175 ], [ -111.974798, 40.361944 ], [ -111.976468, 40.363684 ], [ -111.976998, 40.364226 ], [ -111.977607, 40.364824 ], [ -111.979043, 40.366182 ], [ -111.979149, 40.366206 ], [ -111.987421, 40.367781 ], [ -111.989047, 40.368213 ], [ -111.990051, 40.364756 ], [ -111.997719, 40.362391 ], [ -111.998929, 40.363169 ], [ -112.005475, 40.364599 ], [ -112.010398, 40.361751 ], [ -112.010517, 40.36165 ], [ -112.012289, 40.359069 ], [ -112.012327, 40.357858 ], [ -112.011721, 40.356454 ], [ -112.010077, 40.349644 ], [ -112.012555, 40.34675 ], [ -112.013598, 40.346014 ], [ -112.018536, 40.34462 ], [ -112.019198, 40.344622 ], [ -112.019608, 40.339253 ] ] ] } },
{ "type": "Feature", "properties": { "group_index": 0, "value": 900.0, "center": [ -112.00418695148109, 40.35517008397292 ], "point_id": 0 }, "geometry": { "type": "Polygon", "coordinates": [ [ [ -112.022713, 40.349179 ], [ -112.022794, 40.345705 ], [ -112.022359, 40.342937 ], [ -112.020708, 40.335441 ], [ -112.02089, 40.333007 ], [ -112.02313, 40.327179 ], [ -112.026131, 40.325103 ], [ -112.02613, 40.325007 ], [ -112.02613, 40.325006 ], [ -112.026129, 40.324716 ], [ -112.021675, 40.322581 ], [ -112.016279, 40.318198 ], [ -112.015306, 40.317877 ], [ -112.011706, 40.317908 ], [ -112.011724, 40.320003 ], [ -112.011736, 40.321831 ], [ -112.011749, 40.323662 ], [ -112.011784, 40.329651 ], [ -112.00993, 40.333791 ], [ -112.009487, 40.334445 ], [ -112.008814, 40.335588 ], [ -112.000051, 40.335122 ], [ -111.997925, 40.33123 ], [ -111.997843, 40.330376 ], [ -111.997831, 40.328891 ], [ -111.997798, 40.328504 ], [ -111.997749, 40.327284 ], [ -111.997763, 40.326325 ], [ -111.997754, 40.324612 ], [ -111.994154, 40.324631 ], [ -111.988335, 40.328175 ], [ -111.981143, 40.328759 ], [ -111.9766, 40.329641 ], [ -111.976116, 40.333208 ], [ -111.974952, 40.339319 ], [ -111.972213, 40.344146 ], [ -111.966985, 40.344243 ], [ -111.96666, 40.344239 ], [ -111.965841, 40.344258 ], [ -111.965807, 40.344268 ], [ -111.965526, 40.344394 ], [ -111.965507, 40.344404 ], [ -111.962825, 40.347213 ], [ -111.960433, 40.34997 ], [ -111.960373, 40.350216 ], [ -111.959363, 40.355648 ], [ -111.957985, 40.362286 ], [ -111.957993, 40.362634 ], [ -111.959156, 40.364065 ], [ -111.963199, 40.368256 ], [ -111.968534, 40.37379 ], [ -111.972827, 40.376456 ], [ -111.973126, 40.376529 ], [ -111.973812, 40.376426 ], [ -111.976427, 40.375093 ], [ -111.977037, 40.374825 ], [ -111.985714, 40.376925 ], [ -111.988857, 40.378185 ], [ -111.989655, 40.378144 ], [ -111.990237, 40.377957 ], [ -111.99521, 40.375605 ], [ -112.002786, 40.372161 ], [ -112.003563, 40.368646 ], [ -112.005475, 40.364599 ], [ -112.010398, 40.361751 ], [ -112.010517, 40.36165 ], [ -112.012289, 40.359069 ], [ -112.012327, 40.357858 ], [ -112.019116, 40.352546 ], [ -112.022715, 40.352501 ], [ -112.022713, 40.349179 ] ] ] } },
{ "type": "Feature", "properties": { "group_index": 0, "value": 300.0, "center": [ -112.0187299458984, 40.305619546409766 ], "point_id": 0 }, "geometry": { "type": "Polygon", "coordinates": [ [ [ -112.030373, 40.310163 ], [ -112.029215, 40.307697 ], [ -112.027746, 40.301953 ], [ -112.027469, 40.301593 ], [ -112.026282, 40.300325 ], [ -112.024233, 40.296391 ], [ -112.02245, 40.294619 ], [ -112.017043, 40.294448 ], [ -112.013443, 40.29445 ], [ -112.010102, 40.296832 ], [ -112.008571, 40.29818 ], [ -112.007852, 40.298867 ], [ -112.005034, 40.302404 ], [ -112.003105, 40.30363 ], [ -112.002873, 40.303804 ], [ -112.001991, 40.305044 ], [ -112.001992, 40.305219 ], [ -112.002275, 40.305929 ], [ -112.003107, 40.30723 ], [ -112.005084, 40.309368 ], [ -112.006779, 40.312236 ], [ -112.007642, 40.313545 ], [ -112.008272, 40.314498 ], [ -112.011795, 40.31601 ], [ -112.015168, 40.316604 ], [ -112.015277, 40.316447 ], [ -112.015542, 40.315901 ], [ -112.020219, 40.312769 ], [ -112.02473, 40.31383 ], [ -112.026536, 40.314595 ], [ -112.027172, 40.314968 ], [ -112.028366, 40.314357 ], [ -112.030378, 40.311371 ], [ -112.030373, 40.310163 ] ] ] } },
{ "type": "Feature", "properties": { "group_index": 0, "value": 600.0, "center": [ -112.0187299458984, 40.305619546409766 ], "point_id": 0 }, "geometry": { "type": "Polygon", "coordinates": [ [ [ -112.045609, 40.312731 ], [ -112.042272, 40.307789 ], [ -112.039696, 40.305274 ], [ -112.037077, 40.307958 ], [ -112.029215, 40.307697 ], [ -112.027746, 40.301953 ], [ -112.027469, 40.301593 ], [ -112.026282, 40.300325 ], [ -112.029902, 40.292798 ], [ -112.029898, 40.289198 ], [ -112.026489, 40.288791 ], [ -112.021576, 40.284305 ], [ -112.017009, 40.281004 ], [ -112.015343, 40.27998 ], [ -112.013639, 40.279977 ], [ -112.013499, 40.281802 ], [ -112.00826, 40.288469 ], [ -112.004739, 40.288994 ], [ -112.003641, 40.288866 ], [ -112.00146, 40.288855 ], [ -112.001442, 40.292455 ], [ -111.997902, 40.298567 ], [ -111.990654, 40.30031 ], [ -111.985761, 40.303197 ], [ -111.985038, 40.303919 ], [ -111.984859, 40.304353 ], [ -111.984762, 40.304714 ], [ -111.986253, 40.307266 ], [ -111.99007, 40.31076 ], [ -111.99467, 40.317309 ], [ -111.995221, 40.31815 ], [ -111.996637, 40.31814 ], [ -111.9987, 40.31813 ], [ -112.001413, 40.318035 ], [ -112.003347, 40.318027 ], [ -112.006839, 40.318414 ], [ -112.011852, 40.321823 ], [ -112.011884, 40.327751 ], [ -112.011896, 40.329502 ], [ -112.015496, 40.329477 ], [ -112.016692, 40.329155 ], [ -112.018498, 40.328689 ], [ -112.024511, 40.326026 ], [ -112.028488, 40.327698 ], [ -112.030709, 40.327871 ], [ -112.034, 40.324159 ], [ -112.037925, 40.321781 ], [ -112.040942, 40.317188 ], [ -112.044176, 40.314379 ], [ -112.045611, 40.313409 ], [ -112.045609, 40.312731 ] ] ] } },
{ "type": "Feature", "properties": { "group_index": 0, "value": 900.0, "center": [ -112.0187299458984, 40.305619546409766 ], "point_id": 0 }, "geometry": { "type": "Polygon", "coordinates": [ [ [ -112.056844, 40.303654 ], [ -112.054762, 40.30366 ], [ -112.048469, 40.299982 ], [ -112.048471, 40.296382 ], [ -112.045647, 40.289999 ], [ -112.045445, 40.289173 ], [ -112.043808, 40.288662 ], [ -112.043148, 40.288676 ], [ -112.036112, 40.286529 ], [ -112.03357, 40.283047 ], [ -112.032162, 40.281705 ], [ -112.026548, 40.275163 ], [ -112.022948, 40.275152 ], [ -112.014472, 40.272212 ], [ -112.012552, 40.269881 ], [ -112.008952, 40.269833 ], [ -112.008802, 40.269914 ], [ -112.008389, 40.270567 ], [ -112.008473, 40.274166 ], [ -112.002702, 40.27984 ], [ -111.994991, 40.283764 ], [ -111.991393, 40.283649 ], [ -111.987398, 40.286168 ], [ -111.986312, 40.287127 ], [ -111.986312, 40.287494 ], [ -111.986318, 40.290019 ], [ -111.988119, 40.290742 ], [ -111.990993, 40.292528 ], [ -111.990654, 40.30031 ], [ -111.985761, 40.303197 ], [ -111.983799, 40.303599 ], [ -111.982393, 40.303592 ], [ -111.982015, 40.30358 ], [ -111.979273, 40.302895 ], [ -111.975673, 40.302827 ], [ -111.975015, 40.303089 ], [ -111.974453, 40.306645 ], [ -111.974927, 40.307758 ], [ -111.975028, 40.307821 ], [ -111.977854, 40.309585 ], [ -111.980709, 40.311777 ], [ -111.981715, 40.318947 ], [ -111.984497, 40.321463 ], [ -111.98514, 40.32163 ], [ -111.985403, 40.321682 ], [ -111.992751, 40.324896 ], [ -111.994163, 40.326265 ], [ -111.996104, 40.326208 ], [ -111.997763, 40.326246 ], [ -111.997753, 40.32435 ], [ -111.997996, 40.323095 ], [ -112.003347, 40.318027 ], [ -112.006839, 40.318414 ], [ -112.011852, 40.321823 ], [ -112.011884, 40.327751 ], [ -112.011896, 40.329502 ], [ -112.010093, 40.333771 ], [ -112.009817, 40.334155 ], [ -112.009243, 40.335042 ], [ -112.007726, 40.336779 ], [ -112.006516, 40.33882 ], [ -112.005454, 40.340782 ], [ -112.006923, 40.342863 ], [ -112.007644, 40.343157 ], [ -112.013739, 40.342921 ], [ -112.015649, 40.342025 ], [ -112.016797, 40.341241 ], [ -112.019726, 40.339519 ], [ -112.020593, 40.338985 ], [ -112.02072, 40.338697 ], [ -112.02239, 40.335792 ], [ -112.022506, 40.335258 ], [ -112.022554, 40.333439 ], [ -112.028488, 40.327698 ], [ -112.033618, 40.329501 ], [ -112.038251, 40.336786 ], [ -112.041851, 40.336816 ], [ -112.041877, 40.333626 ], [ -112.04186, 40.333018 ], [ -112.041803, 40.332485 ], [ -112.04168, 40.331909 ], [ -112.041469, 40.331272 ], [ -112.041181, 40.330652 ], [ -112.04215, 40.322535 ], [ -112.043404, 40.321217 ], [ -112.043305, 40.320629 ], [ -112.045611, 40.313409 ], [ -112.05034, 40.311409 ], [ -112.056855, 40.307254 ], [ -112.058937, 40.307248 ], [ -112.058926, 40.303648 ], [ -112.056844, 40.303654 ] ] ] } },
{ "type": "Feature", "properties": { "group_index": 0, "value": 300.0, "center": [ -111.97658649243337, 40.36783349117747 ], "point_id": 0 }, "geometry": { "type": "Polygon", "coordinates": [ [ [ -111.988361, 40.364286 ], [ -111.986011, 40.360868 ], [ -111.982749, 40.35873 ], [ -111.980854, 40.356696 ], [ -111.980797, 40.356679 ], [ -111.976103, 40.355513 ], [ -111.975772, 40.355459 ], [ -111.973145, 40.355646 ], [ -111.973094, 40.355653 ], [ -111.970449, 40.357615 ], [ -111.97034, 40.357723 ], [ -111.96789, 40.360148 ], [ -111.964677, 40.361741 ], [ -111.962276, 40.362669 ], [ -111.961652, 40.363289 ], [ -111.96088, 40.364067 ], [ -111.960738, 40.364349 ], [ -111.960738, 40.364466 ], [ -111.962021, 40.367481 ], [ -111.963932, 40.372244 ], [ -111.963579, 40.37447 ], [ -111.966696, 40.379384 ], [ -111.968721, 40.37932 ], [ -111.972638, 40.381068 ], [ -111.974612, 40.382446 ], [ -111.974635, 40.382443 ], [ -111.974638, 40.382443 ], [ -111.974662, 40.38244 ], [ -111.97944, 40.379283 ], [ -111.982665, 40.374679 ], [ -111.984957, 40.370752 ], [ -111.98699, 40.369976 ], [ -111.988361, 40.364286 ] ] ] } },
{ "type": "Feature", "properties": { "group_index": 0, "value": 600.0, "center": [ -111.97658649243337, 40.36783349117747 ], "point_id": 0 }, "geometry": { "type": "Polygon", "coordinates": [ [ [ -112.002966, 40.36851 ], [ -112.003078, 40.365098 ], [ -112.002894, 40.364338 ], [ -112.002595, 40.363799 ], [ -112.002, 40.363151 ], [ -111.998304, 40.357015 ], [ -111.997963, 40.353431 ], [ -111.997898, 40.35326 ], [ -111.997766, 40.353144 ], [ -111.996047, 40.35215 ], [ -111.993336, 40.350667 ], [ -111.985453, 40.348466 ], [ -111.985089, 40.348404 ], [ -111.983852, 40.348202 ], [ -111.980424, 40.349157 ], [ -111.980071, 40.34926 ], [ -111.979611, 40.349452 ], [ -111.979432, 40.349543 ], [ -111.971042, 40.346354 ], [ -111.970874, 40.346075 ], [ -111.966746, 40.345383 ], [ -111.96627, 40.345381 ], [ -111.965317, 40.346098 ], [ -111.962146, 40.349297 ], [ -111.956182, 40.352727 ], [ -111.952629, 40.354107 ], [ -111.950715, 40.355779 ], [ -111.947268, 40.360382 ], [ -111.947253, 40.363982 ], [ -111.950997, 40.366177 ], [ -111.953683, 40.368732 ], [ -111.954508, 40.36968 ], [ -111.954705, 40.369813 ], [ -111.958097, 40.377849 ], [ -111.956069, 40.381002 ], [ -111.955293, 40.381926 ], [ -111.955863, 40.385481 ], [ -111.964515, 40.387562 ], [ -111.972922, 40.390182 ], [ -111.973151, 40.392475 ], [ -111.973367, 40.392636 ], [ -111.973368, 40.392637 ], [ -111.973711, 40.392892 ], [ -111.975539, 40.392654 ], [ -111.984247, 40.390554 ], [ -111.984853, 40.389566 ], [ -111.986327, 40.386496 ], [ -111.992665, 40.381786 ], [ -111.999795, 40.377079 ], [ -111.999856, 40.377039 ], [ -112.001288, 40.374381 ], [ -112.002966, 40.36851 ] ] ] } },
{ "type": "Feature", "properties": { "group_index": 0, "value": 900.0, "center": [ -111.97658649243337, 40.36783349117747 ], "point_id": 0 }, "geometry": { "type": "Polygon", "coordinates": [ [ [ -112.014223, 40.373254 ], [ -112.012989, 40.371784 ], [ -112.011832, 40.370985 ], [ -112.009603, 40.370262 ], [ -112.009955, 40.361548 ], [ -112.012347, 40.360026 ], [ -112.012374, 40.359252 ], [ -112.012022, 40.356923 ], [ -112.010544, 40.354681 ], [ -112.011215, 40.347909 ], [ -112.009734, 40.346039 ], [ -112.007326, 40.344173 ], [ -112.005688, 40.342904 ], [ -112.004374, 40.342112 ], [ -111.999005, 40.344312 ], [ -111.994597, 40.342432 ], [ -111.994036, 40.341884 ], [ -111.993245, 40.341347 ], [ -111.987512, 40.343336 ], [ -111.982697, 40.341654 ], [ -111.982384, 40.341627 ], [ -111.9773, 40.341469 ], [ -111.975131, 40.342896 ], [ -111.967996, 40.344761 ], [ -111.962749, 40.340074 ], [ -111.959189, 40.34061 ], [ -111.959305, 40.341747 ], [ -111.953154, 40.347928 ], [ -111.952595, 40.347929 ], [ -111.952539, 40.347928 ], [ -111.951939, 40.347921 ], [ -111.951331, 40.347914 ], [ -111.950717, 40.347907 ], [ -111.950107, 40.3479 ], [ -111.946223, 40.346829 ], [ -111.945283, 40.346946 ], [ -111.943948, 40.347798 ], [ -111.943944, 40.348258 ], [ -111.943389, 40.352389 ], [ -111.943378, 40.352502 ], [ -111.943428, 40.35315 ], [ -111.936959, 40.359175 ], [ -111.933799, 40.35745 ], [ -111.92993, 40.360314 ], [ -111.928497, 40.362206 ], [ -111.928501, 40.362286 ], [ -111.929814, 40.363912 ], [ -111.933672, 40.369433 ], [ -111.940178, 40.371355 ], [ -111.943961, 40.377241 ], [ -111.940482, 40.38163 ], [ -111.94009, 40.382034 ], [ -111.938903, 40.382979 ], [ -111.937698, 40.38449 ], [ -111.937591, 40.386588 ], [ -111.937565, 40.388088 ], [ -111.939795, 40.388455 ], [ -111.94341, 40.387538 ], [ -111.945192, 40.387227 ], [ -111.949174, 40.386573 ], [ -111.955863, 40.385481 ], [ -111.964515, 40.387562 ], [ -111.964969, 40.39282 ], [ -111.964786, 40.396416 ], [ -111.965845, 40.396469 ], [ -111.966237, 40.396476 ], [ -111.969411, 40.396514 ], [ -111.970461, 40.396507 ], [ -111.97108, 40.396447 ], [ -111.971506, 40.396361 ], [ -111.97205, 40.396205 ], [ -111.972353, 40.396097 ], [ -111.97279, 40.395899 ], [ -111.973186, 40.395661 ], [ -111.973549, 40.395383 ], [ -111.973935, 40.39501 ], [ -111.977173, 40.392719 ], [ -111.984247, 40.390554 ], [ -111.988437, 40.392161 ], [ -111.989623, 40.391267 ], [ -111.998332, 40.39077 ], [ -112.000168, 40.391195 ], [ -112.000184, 40.39119 ], [ -112.000186, 40.391189 ], [ -112.000202, 40.391184 ], [ -112.005711, 40.388359 ], [ -112.00821, 40.386858 ], [ -112.009333, 40.385696 ], [ -112.014054, 40.378337 ], [ -112.015401, 40.376655 ], [ -112.014223, 40.373254 ] ] ] } },
{ "type": "Feature", "properties": { "group_index": 0, "value": 300.0, "center": [ -112.01591541877663, 40.333172004091836 ], "point_id": 0 }, "geometry": { "type": "Polygon", "coordinates": [ [ [ -112.022613, 40.338542 ], [ -112.022506, 40.335258 ], [ -112.022554, 40.333439 ], [ -112.023595, 40.327653 ], [ -112.023936, 40.327298 ], [ -112.024043, 40.326939 ], [ -112.02118, 40.3243 ], [ -112.015349, 40.323704 ], [ -112.011749, 40.32372 ], [ -112.011755, 40.324968 ], [ -112.011784, 40.329651 ], [ -112.009817, 40.334155 ], [ -112.009243, 40.335042 ], [ -112.008699, 40.336634 ], [ -112.005939, 40.340088 ], [ -112.005881, 40.34017 ], [ -112.006627, 40.342743 ], [ -112.006734, 40.342786 ], [ -112.006735, 40.342786 ], [ -112.006842, 40.34283 ], [ -112.008832, 40.342233 ], [ -112.013049, 40.342637 ], [ -112.017782, 40.342683 ], [ -112.01844, 40.342685 ], [ -112.018567, 40.342681 ], [ -112.019072, 40.34263 ], [ -112.019331, 40.342576 ], [ -112.022572, 40.340047 ], [ -112.022613, 40.338542 ] ] ] } },
{ "type": "Feature", "properties": { "group_index": 0, "value": 600.0, "center": [ -112.01591541877663, 40.333172004091836 ], "point_id": 0 }, "geometry": { "type": "Polygon", "coordinates": [ [ [ -112.032633, 40.320885 ], [ -112.032627, 40.319164 ], [ -112.031971, 40.318232 ], [ -112.030876, 40.317095 ], [ -112.028326, 40.315325 ], [ -112.027096, 40.314531 ], [ -112.026499, 40.314528 ], [ -112.021013, 40.314298 ], [ -112.015296, 40.310135 ], [ -112.013784, 40.308616 ], [ -112.013646, 40.308611 ], [ -112.012212, 40.309007 ], [ -112.012136, 40.309043 ], [ -112.005802, 40.314395 ], [ -112.00573, 40.31724 ], [ -112.005849, 40.317995 ], [ -112.011749, 40.32372 ], [ -112.011755, 40.324968 ], [ -112.011784, 40.329651 ], [ -112.009817, 40.334155 ], [ -112.009243, 40.335042 ], [ -112.000334, 40.335283 ], [ -111.999853, 40.3353 ], [ -111.999145, 40.335318 ], [ -111.998993, 40.335359 ], [ -111.998126, 40.335726 ], [ -111.997007, 40.337611 ], [ -111.998141, 40.34266 ], [ -111.999279, 40.345068 ], [ -111.998633, 40.352063 ], [ -112.001757, 40.355107 ], [ -112.001796, 40.355128 ], [ -112.003764, 40.354829 ], [ -112.003883, 40.354798 ], [ -112.009483, 40.35314 ], [ -112.009577, 40.352931 ], [ -112.009697, 40.351746 ], [ -112.00971, 40.351601 ], [ -112.009636, 40.351012 ], [ -112.009752, 40.34907 ], [ -112.009992, 40.347843 ], [ -112.015556, 40.343669 ], [ -112.019113, 40.349145 ], [ -112.019098, 40.350771 ], [ -112.022698, 40.350804 ], [ -112.022713, 40.349179 ], [ -112.022794, 40.345705 ], [ -112.022572, 40.340047 ], [ -112.022613, 40.338542 ], [ -112.022506, 40.335258 ], [ -112.027488, 40.32826 ], [ -112.029718, 40.327008 ], [ -112.032301, 40.324506 ], [ -112.032633, 40.320885 ] ] ] } },
{ "type": "Feature", "properties": { "group_index": 0, "value": 900.0, "center": [ -112.01591541877663, 40.333172004091836 ], "point_id": 0 }, "geometry": { "type": "Polygon", "coordinates": [ [ [ -112.041877, 40.333626 ], [ -112.04186, 40.333018 ], [ -112.041803, 40.332485 ], [ -112.04168, 40.331909 ], [ -112.041469, 40.331272 ], [ -112.041181, 40.330652 ], [ -112.04215, 40.322535 ], [ -112.043404, 40.321217 ], [ -112.043284, 40.314513 ], [ -112.043461, 40.310917 ], [ -112.041532, 40.308547 ], [ -112.038956, 40.306033 ], [ -112.036707, 40.308337 ], [ -112.029007, 40.307527 ], [ -112.026687, 40.303484 ], [ -112.026667, 40.303368 ], [ -112.02633, 40.302648 ], [ -112.026244, 40.302567 ], [ -112.025997, 40.302347 ], [ -112.025862, 40.302245 ], [ -112.019054, 40.298009 ], [ -112.01819, 40.297195 ], [ -112.014626, 40.296399 ], [ -112.01442, 40.296397 ], [ -112.013778, 40.296463 ], [ -112.00648, 40.299993 ], [ -112.005151, 40.300669 ], [ -112.001564, 40.303005 ], [ -112.000216, 40.304323 ], [ -111.999691, 40.305072 ], [ -111.995054, 40.311207 ], [ -111.990821, 40.314456 ], [ -111.988546, 40.315997 ], [ -111.988432, 40.316096 ], [ -111.988217, 40.31819 ], [ -111.988294, 40.318339 ], [ -111.989814, 40.31916 ], [ -111.993139, 40.320087 ], [ -111.995529, 40.321381 ], [ -111.992975, 40.329528 ], [ -111.9921, 40.329622 ], [ -111.99044, 40.332757 ], [ -111.988507, 40.340242 ], [ -111.987789, 40.341582 ], [ -111.987609, 40.346779 ], [ -111.987086, 40.349976 ], [ -111.984046, 40.355305 ], [ -111.983998, 40.356824 ], [ -111.984307, 40.359188 ], [ -111.984341, 40.359339 ], [ -111.986555, 40.360232 ], [ -111.988755, 40.360562 ], [ -111.996834, 40.361228 ], [ -112.002204, 40.361824 ], [ -112.005475, 40.364599 ], [ -112.009661, 40.362282 ], [ -112.010398, 40.361751 ], [ -112.019065, 40.360435 ], [ -112.022665, 40.360477 ], [ -112.022703, 40.357212 ], [ -112.022694, 40.35564 ], [ -112.022731, 40.35333 ], [ -112.02272, 40.352901 ], [ -112.022698, 40.350804 ], [ -112.022713, 40.349179 ], [ -112.022794, 40.345705 ], [ -112.022572, 40.340047 ], [ -112.022613, 40.338542 ], [ -112.022506, 40.335258 ], [ -112.027488, 40.32826 ], [ -112.033618, 40.329501 ], [ -112.03826, 40.335711 ], [ -112.041859, 40.335741 ], [ -112.041877, 40.333626 ] ] ] } },
{ "type": "Feature", "properties": { "group_index": 0, "value": 300.0, "center": [ -111.74738606842455, 40.03131285112341 ], "point_id": 0 }, "geometry": { "type": "Polygon", "coordinates": [ [ [ -111.76497, 40.03241 ], [ -111.764557, 40.030381 ], [ -111.761795, 40.028273 ], [ -111.757848, 40.023863 ], [ -111.755714, 40.023848 ], [ -111.752479, 40.020838 ], [ -111.749976, 40.01765 ], [ -111.749901, 40.017595 ], [ -111.749757, 40.0175 ], [ -111.749701, 40.017467 ], [ -111.747245, 40.017554 ], [ -111.743888, 40.018765 ], [ -111.73964, 40.02166 ], [ -111.736314, 40.025279 ], [ -111.734489, 40.027034 ], [ -111.72995, 40.029526 ], [ -111.729366, 40.033078 ], [ -111.729398, 40.033171 ], [ -111.731052, 40.03491 ], [ -111.733076, 40.036736 ], [ -111.733702, 40.037216 ], [ -111.738838, 40.040088 ], [ -111.74304, 40.043319 ], [ -111.744098, 40.044366 ], [ -111.745166, 40.044367 ], [ -111.746091, 40.044127 ], [ -111.746928, 40.040966 ], [ -111.749069, 40.038732 ], [ -111.750259, 40.037446 ], [ -111.750272, 40.03743 ], [ -111.751197, 40.036154 ], [ -111.754465, 40.033067 ], [ -111.759271, 40.032377 ], [ -111.763151, 40.03422 ], [ -111.763183, 40.03422 ], [ -111.764972, 40.032843 ], [ -111.76497, 40.03241 ] ] ] } },
{ "type": "Feature", "properties": { "group_index": 0, "value": 600.0, "center": [ -111.74738606842455, 40.03131285112341 ], "point_id": 0 }, "geometry": { "type": "Polygon", "coordinates": [ [ [ -111.771306, 40.021107 ], [ -111.768434, 40.018242 ], [ -111.763153, 40.014313 ], [ -111.757591, 40.010218 ], [ -111.756924, 40.009911 ], [ -111.750653, 40.009116 ], [ -111.748084, 40.00795 ], [ -111.745182, 40.007741 ], [ -111.741632, 40.009267 ], [ -111.740504, 40.010174 ], [ -111.735308, 40.01386 ], [ -111.732584, 40.014695 ], [ -111.730405, 40.016322 ], [ -111.724601, 40.019612 ], [ -111.721623, 40.020738 ], [ -111.719664, 40.02218 ], [ -111.717536, 40.026151 ], [ -111.717751, 40.026891 ], [ -111.718724, 40.028711 ], [ -111.719569, 40.036707 ], [ -111.719659, 40.040306 ], [ -111.72513, 40.044301 ], [ -111.727703, 40.046324 ], [ -111.72927, 40.047527 ], [ -111.73319, 40.050394 ], [ -111.736804, 40.052861 ], [ -111.740584, 40.051521 ], [ -111.743542, 40.050424 ], [ -111.751005, 40.05045 ], [ -111.751084, 40.05045 ], [ -111.751817, 40.050453 ], [ -111.752677, 40.050457 ], [ -111.759433, 40.045507 ], [ -111.760743, 40.043624 ], [ -111.76335, 40.035807 ], [ -111.764972, 40.032843 ], [ -111.769958, 40.026524 ], [ -111.771383, 40.024706 ], [ -111.771306, 40.021107 ] ] ] } },
{ "type": "Feature", "properties": { "group_index": 0, "value": 900.0, "center": [ -111.74738606842455, 40.03131285112341 ], "point_id": 0 }, "geometry": { "type": "Polygon", "coordinates": [ [ [ -111.776107, 40.041115 ], [ -111.77523, 40.039272 ], [ -111.772048, 40.038058 ], [ -111.768964, 40.036552 ], [ -111.764972, 40.032843 ], [ -111.769958, 40.026524 ], [ -111.771383, 40.024706 ], [ -111.771306, 40.021107 ], [ -111.777351, 40.014535 ], [ -111.777915, 40.014237 ], [ -111.778272, 40.01395 ], [ -111.778656, 40.013504 ], [ -111.778883, 40.013096 ], [ -111.779091, 40.01238 ], [ -111.779116, 40.012089 ], [ -111.775967, 40.011188 ], [ -111.775917, 40.011175 ], [ -111.775626, 40.011165 ], [ -111.773049, 40.011149 ], [ -111.767212, 40.005777 ], [ -111.762217, 40.002868 ], [ -111.755173, 39.997376 ], [ -111.754412, 39.995604 ], [ -111.751456, 39.995095 ], [ -111.750225, 39.995028 ], [ -111.74209, 39.997848 ], [ -111.740777, 39.997864 ], [ -111.740236, 39.997859 ], [ -111.736317, 40.004604 ], [ -111.732802, 40.005454 ], [ -111.732235, 40.005928 ], [ -111.732167, 40.006012 ], [ -111.732091, 40.006249 ], [ -111.731987, 40.006761 ], [ -111.731517, 40.010151 ], [ -111.731382, 40.010636 ], [ -111.73134, 40.011314 ], [ -111.730405, 40.016322 ], [ -111.724601, 40.019612 ], [ -111.720443, 40.017952 ], [ -111.719515, 40.01746 ], [ -111.718331, 40.016681 ], [ -111.71797, 40.016408 ], [ -111.717207, 40.015786 ], [ -111.716285, 40.015093 ], [ -111.715652, 40.014727 ], [ -111.712678, 40.012626 ], [ -111.710663, 40.010703 ], [ -111.707789, 40.012871 ], [ -111.70814, 40.013394 ], [ -111.708664, 40.014072 ], [ -111.710644, 40.020587 ], [ -111.709179, 40.023892 ], [ -111.707533, 40.025883 ], [ -111.70458, 40.032286 ], [ -111.704006, 40.033172 ], [ -111.70401, 40.033978 ], [ -111.704946, 40.035867 ], [ -111.706618, 40.042855 ], [ -111.706864, 40.043575 ], [ -111.707582, 40.044546 ], [ -111.708848, 40.04618 ], [ -111.710303, 40.047305 ], [ -111.713428, 40.049237 ], [ -111.719532, 40.053452 ], [ -111.721596, 40.055067 ], [ -111.723694, 40.056764 ], [ -111.730414, 40.061991 ], [ -111.73685, 40.06455 ], [ -111.739999, 40.063028 ], [ -111.746158, 40.061109 ], [ -111.749758, 40.061106 ], [ -111.749757, 40.05862 ], [ -111.758627, 40.057847 ], [ -111.758871, 40.057844 ], [ -111.7589, 40.057844 ], [ -111.759144, 40.057846 ], [ -111.765148, 40.051904 ], [ -111.770695, 40.05065 ], [ -111.770696, 40.04705 ], [ -111.775245, 40.042872 ], [ -111.776091, 40.041886 ], [ -111.776107, 40.041115 ] ] ] } },
{ "type": "Feature", "properties": { "group_index": 0, "value": 300.0, "center": [ -111.73778728530641, 40.031320085441926 ], "point_id": 0 }, "geometry": { "type": "Polygon", "coordinates": [ [ [ -111.756134, 40.032333 ], [ -111.75603, 40.031032 ], [ -111.755454, 40.029025 ], [ -111.755419, 40.029 ], [ -111.75526, 40.0289 ], [ -111.755221, 40.028878 ], [ -111.752263, 40.027258 ], [ -111.750148, 40.025396 ], [ -111.747031, 40.022075 ], [ -111.746002, 40.020872 ], [ -111.745458, 40.020464 ], [ -111.744803, 40.020094 ], [ -111.741944, 40.018965 ], [ -111.741916, 40.018962 ], [ -111.7413, 40.019265 ], [ -111.739512, 40.0203 ], [ -111.73756, 40.021089 ], [ -111.732888, 40.020397 ], [ -111.732605, 40.02037 ], [ -111.730615, 40.021546 ], [ -111.728355, 40.022722 ], [ -111.724473, 40.023811 ], [ -111.724191, 40.023978 ], [ -111.721555, 40.028598 ], [ -111.720497, 40.032224 ], [ -111.720492, 40.032453 ], [ -111.723422, 40.036703 ], [ -111.727759, 40.040043 ], [ -111.729696, 40.041559 ], [ -111.731628, 40.043054 ], [ -111.733296, 40.04432 ], [ -111.736304, 40.04541 ], [ -111.737817, 40.045419 ], [ -111.738944, 40.045424 ], [ -111.739332, 40.045426 ], [ -111.740754, 40.044352 ], [ -111.74211, 40.043316 ], [ -111.744343, 40.041628 ], [ -111.747473, 40.039269 ], [ -111.751028, 40.03639 ], [ -111.75473, 40.033907 ], [ -111.756134, 40.032341 ], [ -111.756134, 40.032333 ] ] ] } },
{ "type": "Feature", "properties": { "group_index": 0, "value": 600.0, "center": [ -111.73778728530641, 40.031320085441926 ], "point_id": 0 }, "geometry": { "type": "Polygon", "coordinates": [ [ [ -111.76803, 40.028359 ], [ -111.767993, 40.024759 ], [ -111.765021, 40.023343 ], [ -111.759827, 40.021338 ], [ -111.759505, 40.021337 ], [ -111.753228, 40.016947 ], [ -111.753141, 40.012081 ], [ -111.753139, 40.011707 ], [ -111.752445, 40.010277 ], [ -111.748417, 40.006719 ], [ -111.746523, 40.005849 ], [ -111.745516, 40.005842 ], [ -111.744828, 40.006436 ], [ -111.741589, 40.009274 ], [ -111.734875, 40.010728 ], [ -111.731418, 40.01173 ], [ -111.72942, 40.016697 ], [ -111.720539, 40.017993 ], [ -111.719515, 40.01746 ], [ -111.718331, 40.016681 ], [ -111.71797, 40.016408 ], [ -111.717207, 40.015786 ], [ -111.716285, 40.015093 ], [ -111.715652, 40.014727 ], [ -111.715006, 40.014409 ], [ -111.713419, 40.01764 ], [ -111.712449, 40.025158 ], [ -111.712486, 40.028758 ], [ -111.711671, 40.034448 ], [ -111.711684, 40.034863 ], [ -111.711862, 40.035662 ], [ -111.714139, 40.043079 ], [ -111.715555, 40.044566 ], [ -111.717917, 40.046289 ], [ -111.723307, 40.050731 ], [ -111.727923, 40.054161 ], [ -111.730458, 40.055419 ], [ -111.732559, 40.056326 ], [ -111.737668, 40.056438 ], [ -111.738049, 40.056436 ], [ -111.740094, 40.055343 ], [ -111.746236, 40.050671 ], [ -111.749835, 40.050707 ], [ -111.750445, 40.050448 ], [ -111.756972, 40.04551 ], [ -111.756987, 40.04191 ], [ -111.761576, 40.036743 ], [ -111.765174, 40.036641 ], [ -111.76803, 40.028359 ] ] ] } },
{ "type": "Feature", "properties": { "group_index": 0, "value": 900.0, "center": [ -111.73778728530641, 40.031320085441926 ], "point_id": 0 }, "geometry": { "type": "Polygon", "coordinates": [ [ [ -111.773155, 40.042009 ], [ -111.773203, 40.041165 ], [ -111.773234, 40.040311 ], [ -111.772858, 40.039288 ], [ -111.771169, 40.038901 ], [ -111.765174, 40.036641 ], [ -111.76803, 40.028359 ], [ -111.769958, 40.026524 ], [ -111.770685, 40.024969 ], [ -111.771672, 40.022899 ], [ -111.770894, 40.019218 ], [ -111.768635, 40.011937 ], [ -111.764694, 40.008261 ], [ -111.762583, 40.002868 ], [ -111.760322, 40.001655 ], [ -111.756674, 39.995588 ], [ -111.752296, 39.993458 ], [ -111.749471, 39.995534 ], [ -111.74209, 39.997848 ], [ -111.739243, 39.997681 ], [ -111.738831, 39.997623 ], [ -111.738646, 39.997616 ], [ -111.732658, 40.001159 ], [ -111.732399, 40.001356 ], [ -111.731852, 40.003792 ], [ -111.731418, 40.01173 ], [ -111.72942, 40.016697 ], [ -111.720539, 40.017993 ], [ -111.719515, 40.01746 ], [ -111.718331, 40.016681 ], [ -111.71797, 40.016408 ], [ -111.717207, 40.015786 ], [ -111.716285, 40.015093 ], [ -111.715652, 40.014727 ], [ -111.712678, 40.012626 ], [ -111.709206, 40.006613 ], [ -111.708911, 40.005961 ], [ -111.708419, 40.005328 ], [ -111.707532, 40.004378 ], [ -111.704242, 40.00584 ], [ -111.704356, 40.006096 ], [ -111.704674, 40.006621 ], [ -111.705241, 40.00728 ], [ -111.706831, 40.011034 ], [ -111.703019, 40.017968 ], [ -111.700799, 40.023528 ], [ -111.699595, 40.031515 ], [ -111.695076, 40.034481 ], [ -111.69606, 40.037944 ], [ -111.697524, 40.044363 ], [ -111.700877, 40.048898 ], [ -111.702145, 40.048686 ], [ -111.706721, 40.047604 ], [ -111.707492, 40.04764 ], [ -111.708881, 40.047403 ], [ -111.710224, 40.047319 ], [ -111.713408, 40.047437 ], [ -111.715239, 40.056109 ], [ -111.714474, 40.056706 ], [ -111.712755, 40.058127 ], [ -111.711035, 40.059548 ], [ -111.713329, 40.062323 ], [ -111.715048, 40.060902 ], [ -111.716768, 40.05948 ], [ -111.725618, 40.061025 ], [ -111.728452, 40.066274 ], [ -111.728847, 40.066833 ], [ -111.730403, 40.068887 ], [ -111.734003, 40.068902 ], [ -111.73972, 40.067311 ], [ -111.74514, 40.065322 ], [ -111.749759, 40.061442 ], [ -111.75632, 40.057882 ], [ -111.759522, 40.055584 ], [ -111.765148, 40.051904 ], [ -111.766675, 40.050961 ], [ -111.767769, 40.050291 ], [ -111.772887, 40.042888 ], [ -111.773155, 40.042009 ] ] ] } },
{ "type": "Feature", "properties": { "group_index": 0, "value": 300.0, "center": [ -111.7338475897341, 40.03827859958601 ], "point_id": 0 }, "geometry": { "type": "Polygon", "coordinates": [ [ [ -111.752071, 40.037366 ], [ -111.752062, 40.037119 ], [ -111.751313, 40.035986 ], [ -111.751292, 40.035971 ], [ -111.747878, 40.034152 ], [ -111.745492, 40.031404 ], [ -111.745132, 40.030909 ], [ -111.742067, 40.026298 ], [ -111.740645, 40.025059 ], [ -111.739944, 40.025049 ], [ -111.736873, 40.025099 ], [ -111.732896, 40.024547 ], [ -111.732341, 40.024531 ], [ -111.727813, 40.027339 ], [ -111.724911, 40.029444 ], [ -111.721664, 40.032644 ], [ -111.720008, 40.033613 ], [ -111.717768, 40.038588 ], [ -111.716987, 40.040282 ], [ -111.717118, 40.040435 ], [ -111.717478, 40.040768 ], [ -111.718666, 40.041845 ], [ -111.720038, 40.042961 ], [ -111.724156, 40.046314 ], [ -111.725693, 40.047512 ], [ -111.727247, 40.048733 ], [ -111.729396, 40.050388 ], [ -111.731954, 40.052311 ], [ -111.734205, 40.052397 ], [ -111.734585, 40.052399 ], [ -111.73476, 40.052399 ], [ -111.738011, 40.050403 ], [ -111.740222, 40.048735 ], [ -111.744549, 40.04545 ], [ -111.748184, 40.042255 ], [ -111.74858, 40.04187 ], [ -111.751678, 40.038553 ], [ -111.752071, 40.037366 ] ] ] } },
{ "type": "Feature", "properties": { "group_index": 0, "value": 600.0, "center": [ -111.7338475897341, 40.03827859958601 ], "point_id": 0 }, "geometry": { "type": "Polygon", "coordinates": [ [ [ -111.763009, 40.041985 ], [ -111.761901, 40.041597 ], [ -111.761796, 40.032996 ], [ -111.761102, 40.029463 ], [ -111.757919, 40.026467 ], [ -111.752679, 40.020836 ], [ -111.7502, 40.017421 ], [ -111.748517, 40.015387 ], [ -111.745359, 40.012097 ], [ -111.744864, 40.012095 ], [ -111.736768, 40.012551 ], [ -111.73469, 40.012562 ], [ -111.731572, 40.012726 ], [ -111.729763, 40.015226 ], [ -111.723456, 40.017777 ], [ -111.723197, 40.017784 ], [ -111.718417, 40.016733 ], [ -111.716429, 40.019735 ], [ -111.711609, 40.025928 ], [ -111.7091, 40.028859 ], [ -111.703895, 40.032393 ], [ -111.702578, 40.034566 ], [ -111.703562, 40.042852 ], [ -111.705392, 40.046599 ], [ -111.70558, 40.046906 ], [ -111.707059, 40.04785 ], [ -111.709701, 40.048682 ], [ -111.713009, 40.047414 ], [ -111.71694, 40.054714 ], [ -111.718186, 40.056631 ], [ -111.719161, 40.057547 ], [ -111.724952, 40.060265 ], [ -111.730405, 40.064236 ], [ -111.732167, 40.065374 ], [ -111.732845, 40.06539 ], [ -111.734005, 40.064249 ], [ -111.740047, 40.059265 ], [ -111.742466, 40.05787 ], [ -111.742501, 40.054271 ], [ -111.748082, 40.05044 ], [ -111.751795, 40.049956 ], [ -111.759536, 40.046718 ], [ -111.761437, 40.046602 ], [ -111.763009, 40.041985 ] ] ] } },
{ "type": "Feature", "properties": { "group_index": 0, "value": 900.0, "center": [ -111.7338475897341, 40.03827859958601 ], "point_id": 0 }, "geometry": { "type": "Polygon", "coordinates": [ [ [ -111.779497, 40.040723 ], [ -111.778056, 40.039247 ], [ -111.777689, 40.039251 ], [ -111.771887, 40.037335 ], [ -111.768743, 40.035775 ], [ -111.767386, 40.028366 ], [ -111.769958, 40.026524 ], [ -111.769894, 40.022952 ], [ -111.769892, 40.022446 ], [ -111.769296, 40.021537 ], [ -111.764954, 40.01868 ], [ -111.762417, 40.011653 ], [ -111.761491, 40.010386 ], [ -111.760831, 40.00999 ], [ -111.756996, 40.007931 ], [ -111.753649, 40.002868 ], [ -111.752284, 40.00151 ], [ -111.749064, 39.999899 ], [ -111.7465, 39.999235 ], [ -111.745537, 39.999217 ], [ -111.744656, 40.000322 ], [ -111.744666, 40.00106 ], [ -111.744671, 40.002712 ], [ -111.735823, 40.004137 ], [ -111.734817, 40.002539 ], [ -111.733924, 40.003124 ], [ -111.733503, 40.003485 ], [ -111.733137, 40.003971 ], [ -111.732405, 40.005267 ], [ -111.731771, 40.006998 ], [ -111.731601, 40.007763 ], [ -111.731547, 40.00825 ], [ -111.731563, 40.008754 ], [ -111.731623, 40.009267 ], [ -111.729763, 40.015226 ], [ -111.723456, 40.017777 ], [ -111.723197, 40.017784 ], [ -111.718417, 40.016733 ], [ -111.714252, 40.013992 ], [ -111.712678, 40.012626 ], [ -111.709687, 40.007396 ], [ -111.709371, 40.006996 ], [ -111.708704, 40.006782 ], [ -111.708472, 40.006722 ], [ -111.706545, 40.009226 ], [ -111.701363, 40.01524 ], [ -111.696815, 40.019556 ], [ -111.696808, 40.019609 ], [ -111.697033, 40.024785 ], [ -111.697682, 40.02664 ], [ -111.693725, 40.033791 ], [ -111.690126, 40.033847 ], [ -111.687151, 40.036842 ], [ -111.686837, 40.04079 ], [ -111.686813, 40.04439 ], [ -111.689844, 40.050744 ], [ -111.690164, 40.050911 ], [ -111.692814, 40.051266 ], [ -111.696021, 40.049629 ], [ -111.699591, 40.049114 ], [ -111.707059, 40.04785 ], [ -111.709701, 40.048682 ], [ -111.713009, 40.047414 ], [ -111.71694, 40.054714 ], [ -111.718186, 40.056631 ], [ -111.719161, 40.057547 ], [ -111.711285, 40.064605 ], [ -111.711188, 40.064431 ], [ -111.709875, 40.06318 ], [ -111.708109, 40.062187 ], [ -111.707986, 40.062252 ], [ -111.707422, 40.062676 ], [ -111.705997, 40.063721 ], [ -111.705394, 40.064164 ], [ -111.703829, 40.06545 ], [ -111.706115, 40.068232 ], [ -111.709013, 40.067386 ], [ -111.710162, 40.066917 ], [ -111.71046, 40.066805 ], [ -111.710729, 40.066677 ], [ -111.711365, 40.065755 ], [ -111.721079, 40.065617 ], [ -111.723618, 40.068168 ], [ -111.730095, 40.073796 ], [ -111.729844, 40.074726 ], [ -111.729652, 40.075671 ], [ -111.729571, 40.076306 ], [ -111.729532, 40.077601 ], [ -111.729531, 40.077629 ], [ -111.733129, 40.077738 ], [ -111.73313, 40.07771 ], [ -111.73337, 40.07545 ], [ -111.733567, 40.074748 ], [ -111.739829, 40.069174 ], [ -111.746173, 40.06586 ], [ -111.749773, 40.065865 ], [ -111.750597, 40.065309 ], [ -111.750584, 40.061709 ], [ -111.756627, 40.058079 ], [ -111.759309, 40.058049 ], [ -111.760227, 40.058026 ], [ -111.761975, 40.057871 ], [ -111.762271, 40.056246 ], [ -111.76916, 40.05065 ], [ -111.771194, 40.050651 ], [ -111.773228, 40.050652 ], [ -111.776141, 40.043597 ], [ -111.778086, 40.042847 ], [ -111.779504, 40.041003 ], [ -111.779497, 40.040723 ] ] ] } },
{ "type": "Feature", "properties": { "group_index": 0, "value": 300.0, "center": [ -111.73382504735727, 40.044542746648986 ], "point_id": 0 }, "geometry": { "type": "Polygon", "coordinates": [ [ [ -111.751789, 40.043663 ], [ -111.750222, 40.041876 ], [ -111.748154, 40.039647 ], [ -111.747439, 40.039105 ], [ -111.743254, 40.036488 ], [ -111.738894, 40.033171 ], [ -111.735727, 40.030195 ], [ -111.735291, 40.029861 ], [ -111.735131, 40.02986 ], [ -111.731317, 40.031306 ], [ -111.729941, 40.032306 ], [ -111.726777, 40.035135 ], [ -111.724478, 40.036415 ], [ -111.720535, 40.039369 ], [ -111.718827, 40.040683 ], [ -111.71622, 40.042733 ], [ -111.714687, 40.044409 ], [ -111.714687, 40.04443 ], [ -111.716388, 40.046329 ], [ -111.717784, 40.047476 ], [ -111.719334, 40.048711 ], [ -111.721454, 40.050365 ], [ -111.722525, 40.051181 ], [ -111.726349, 40.054543 ], [ -111.730298, 40.057815 ], [ -111.730523, 40.057817 ], [ -111.731153, 40.05771 ], [ -111.73406, 40.056862 ], [ -111.738429, 40.053263 ], [ -111.739105, 40.053052 ], [ -111.742281, 40.051105 ], [ -111.746196, 40.050433 ], [ -111.747485, 40.048636 ], [ -111.750204, 40.045476 ], [ -111.751793, 40.044355 ], [ -111.751789, 40.043663 ] ] ] } },
{ "type": "Feature", "properties": { "group_index": 0, "value": 600.0, "center": [ -111.73382504735727, 40.044542746648986 ], "point_id": 0 }, "geometry": { "type": "Polygon", "coordinates": [ [ [ -111.76612, 40.042947 ], [ -111.766094, 40.039347 ], [ -111.759666, 40.033373 ], [ -111.753184, 40.029559 ], [ -111.748, 40.022716 ], [ -111.746604, 40.020869 ], [ -111.744847, 40.019908 ], [ -111.741344, 40.019079 ], [ -111.732966, 40.017258 ], [ -111.732804, 40.017241 ], [ -111.73128, 40.018372 ], [ -111.723556, 40.021251 ], [ -111.720055, 40.024329 ], [ -111.71411, 40.028496 ], [ -111.708093, 40.031814 ], [ -111.707513, 40.033582 ], [ -111.702529, 40.039723 ], [ -111.700901, 40.040871 ], [ -111.697718, 40.04774 ], [ -111.697756, 40.047895 ], [ -111.699378, 40.049149 ], [ -111.699591, 40.049114 ], [ -111.706721, 40.047604 ], [ -111.707492, 40.04764 ], [ -111.709271, 40.047336 ], [ -111.710224, 40.047319 ], [ -111.713408, 40.047437 ], [ -111.715239, 40.056109 ], [ -111.714474, 40.056706 ], [ -111.712395, 40.058424 ], [ -111.710315, 40.060143 ], [ -111.712608, 40.062918 ], [ -111.714688, 40.061199 ], [ -111.716768, 40.05948 ], [ -111.725176, 40.0616 ], [ -111.727526, 40.065004 ], [ -111.728452, 40.066274 ], [ -111.730397, 40.070312 ], [ -111.733997, 40.070326 ], [ -111.740896, 40.065328 ], [ -111.746156, 40.058192 ], [ -111.749756, 40.05819 ], [ -111.750644, 40.057931 ], [ -111.750638, 40.054331 ], [ -111.757996, 40.05046 ], [ -111.758123, 40.050461 ], [ -111.760782, 40.050295 ], [ -111.761237, 40.050294 ], [ -111.762579, 40.048567 ], [ -111.765502, 40.044814 ], [ -111.76612, 40.042947 ] ] ] } },
{ "type": "Feature", "properties": { "group_index": 0, "value": 900.0, "center": [ -111.73382504735727, 40.044542746648986 ], "point_id": 0 }, "geometry": { "type": "Polygon", "coordinates": [ [ [ -111.783712, 40.039202 ], [ -111.779422, 40.036293 ], [ -111.773258, 40.033823 ], [ -111.767041, 40.028362 ], [ -111.767084, 40.024762 ], [ -111.765028, 40.023821 ], [ -111.759701, 40.021402 ], [ -111.758788, 40.021019 ], [ -111.755815, 40.020077 ], [ -111.752863, 40.01387 ], [ -111.753141, 40.012081 ], [ -111.753139, 40.011622 ], [ -111.752799, 40.01027 ], [ -111.748429, 40.006571 ], [ -111.746523, 40.005849 ], [ -111.745355, 40.005847 ], [ -111.744841, 40.005887 ], [ -111.738645, 40.010397 ], [ -111.735544, 40.009462 ], [ -111.732042, 40.008628 ], [ -111.731731, 40.009595 ], [ -111.731517, 40.010151 ], [ -111.731382, 40.010636 ], [ -111.73134, 40.011314 ], [ -111.72942, 40.016697 ], [ -111.720539, 40.017993 ], [ -111.719515, 40.01746 ], [ -111.718331, 40.016681 ], [ -111.71797, 40.016408 ], [ -111.717207, 40.015786 ], [ -111.716285, 40.015093 ], [ -111.715652, 40.014727 ], [ -111.712678, 40.012626 ], [ -111.712348, 40.01242 ], [ -111.711816, 40.012135 ], [ -111.70482, 40.017133 ], [ -111.702527, 40.01797 ], [ -111.70015, 40.023633 ], [ -111.699491, 40.028771 ], [ -111.699338, 40.029475 ], [ -111.692012, 40.034287 ], [ -111.691955, 40.034285 ], [ -111.689838, 40.036053 ], [ -111.683311, 40.040784 ], [ -111.682813, 40.042569 ], [ -111.681947, 40.048212 ], [ -111.681727, 40.04996 ], [ -111.68149, 40.052265 ], [ -111.681654, 40.052556 ], [ -111.682388, 40.053147 ], [ -111.682437, 40.053164 ], [ -111.683051, 40.05324 ], [ -111.690137, 40.05542 ], [ -111.693269, 40.057573 ], [ -111.693763, 40.05716 ], [ -111.694318, 40.056548 ], [ -111.694747, 40.055896 ], [ -111.695086, 40.055082 ], [ -111.695229, 40.054518 ], [ -111.699591, 40.049114 ], [ -111.706721, 40.047604 ], [ -111.707492, 40.04764 ], [ -111.709271, 40.047336 ], [ -111.710224, 40.047319 ], [ -111.713408, 40.047437 ], [ -111.715239, 40.056109 ], [ -111.714474, 40.056706 ], [ -111.712395, 40.058424 ], [ -111.710315, 40.060143 ], [ -111.705997, 40.063721 ], [ -111.705394, 40.064164 ], [ -111.703335, 40.065856 ], [ -111.701516, 40.067382 ], [ -111.70103, 40.067666 ], [ -111.69949, 40.06848 ], [ -111.701174, 40.071662 ], [ -111.706419, 40.072405 ], [ -111.708902, 40.072288 ], [ -111.710361, 40.072158 ], [ -111.712213, 40.070632 ], [ -111.714165, 40.067272 ], [ -111.714508, 40.066827 ], [ -111.714529, 40.066771 ], [ -111.714627, 40.066236 ], [ -111.716768, 40.05948 ], [ -111.725176, 40.0616 ], [ -111.727526, 40.065004 ], [ -111.728452, 40.066274 ], [ -111.730176, 40.073433 ], [ -111.730095, 40.073796 ], [ -111.729844, 40.074726 ], [ -111.729652, 40.075671 ], [ -111.729571, 40.076306 ], [ -111.729283, 40.08362 ], [ -111.729281, 40.08369 ], [ -111.73006, 40.084486 ], [ -111.73107, 40.084516 ], [ -111.732878, 40.083824 ], [ -111.737592, 40.079701 ], [ -111.737566, 40.076101 ], [ -111.733997, 40.070326 ], [ -111.741243, 40.065735 ], [ -111.741305, 40.065749 ], [ -111.746921, 40.068703 ], [ -111.747553, 40.069192 ], [ -111.754587, 40.066233 ], [ -111.75899, 40.065157 ], [ -111.760223, 40.063983 ], [ -111.760787, 40.063129 ], [ -111.766605, 40.057902 ], [ -111.768482, 40.057932 ], [ -111.771704, 40.050651 ], [ -111.777229, 40.050538 ], [ -111.778062, 40.050889 ], [ -111.779521, 40.049485 ], [ -111.78374, 40.042802 ], [ -111.783712, 40.039202 ] ] ] } },
{ "type": "Feature", "properties": { "group_index": 0, "value": 300.0, "center": [ -111.7234040263097, 40.04451079058743 ], "point_id": 0 }, "geometry": { "type": "Polygon", "coordinates": [ [ [ -111.741661, 40.043652 ], [ -111.74155, 40.043426 ], [ -111.740021, 40.041829 ], [ -111.738628, 40.040745 ], [ -111.737272, 40.039699 ], [ -111.735039, 40.037982 ], [ -111.730905, 40.034942 ], [ -111.728562, 40.033122 ], [ -111.725274, 40.031034 ], [ -111.723738, 40.029417 ], [ -111.72347, 40.02925 ], [ -111.723459, 40.02925 ], [ -111.722481, 40.03001 ], [ -111.721674, 40.031049 ], [ -111.720497, 40.032224 ], [ -111.715682, 40.033573 ], [ -111.715281, 40.033654 ], [ -111.713828, 40.035759 ], [ -111.713127, 40.036796 ], [ -111.710213, 40.039746 ], [ -111.708017, 40.040944 ], [ -111.705097, 40.04519 ], [ -111.705097, 40.045315 ], [ -111.705463, 40.046505 ], [ -111.705746, 40.047357 ], [ -111.706326, 40.047975 ], [ -111.709701, 40.048682 ], [ -111.713065, 40.048418 ], [ -111.717468, 40.050425 ], [ -111.716931, 40.05472 ], [ -111.718186, 40.056631 ], [ -111.719153, 40.057553 ], [ -111.723685, 40.056669 ], [ -111.72619, 40.057367 ], [ -111.730746, 40.054165 ], [ -111.733254, 40.052311 ], [ -111.735787, 40.050386 ], [ -111.737959, 40.048739 ], [ -111.740927, 40.04639 ], [ -111.741638, 40.044918 ], [ -111.741661, 40.043652 ] ] ] } },
{ "type": "Feature", "properties": { "group_index": 0, "value": 600.0, "center": [ -111.7234040263097, 40.04451079058743 ], "point_id": 0 }, "geometry": { "type": "Polygon", "coordinates": [ [ [ -111.757641, 40.041912 ], [ -111.752745, 40.03569 ], [ -111.745349, 40.032139 ], [ -111.74425, 40.030783 ], [ -111.741444, 40.025946 ], [ -111.741226, 40.025821 ], [ -111.733165, 40.023034 ], [ -111.727728, 40.020363 ], [ -111.725752, 40.01993 ], [ -111.718445, 40.016752 ], [ -111.716457, 40.019753 ], [ -111.70904, 40.021935 ], [ -111.705468, 40.023017 ], [ -111.704343, 40.027409 ], [ -111.699739, 40.032121 ], [ -111.697272, 40.03383 ], [ -111.692642, 40.039554 ], [ -111.690419, 40.040816 ], [ -111.688007, 40.047402 ], [ -111.68861, 40.050951 ], [ -111.691244, 40.052731 ], [ -111.692971, 40.051572 ], [ -111.694234, 40.050726 ], [ -111.696177, 40.049935 ], [ -111.699591, 40.049114 ], [ -111.706326, 40.047975 ], [ -111.709701, 40.048682 ], [ -111.713065, 40.048418 ], [ -111.716931, 40.05472 ], [ -111.718186, 40.056631 ], [ -111.712037, 40.064179 ], [ -111.707986, 40.062252 ], [ -111.707952, 40.062249 ], [ -111.707422, 40.062676 ], [ -111.705997, 40.063721 ], [ -111.705394, 40.064164 ], [ -111.703724, 40.065537 ], [ -111.70601, 40.068318 ], [ -111.709109, 40.067456 ], [ -111.712184, 40.064726 ], [ -111.712182, 40.064709 ], [ -111.712092, 40.064301 ], [ -111.719153, 40.057553 ], [ -111.722471, 40.064262 ], [ -111.724874, 40.066942 ], [ -111.732708, 40.068966 ], [ -111.733853, 40.068695 ], [ -111.733895, 40.068669 ], [ -111.734514, 40.067208 ], [ -111.734518, 40.067029 ], [ -111.734003, 40.064914 ], [ -111.734173, 40.060478 ], [ -111.74006, 40.058144 ], [ -111.741002, 40.057856 ], [ -111.746224, 40.051881 ], [ -111.749824, 40.051917 ], [ -111.753297, 40.05046 ], [ -111.757626, 40.045512 ], [ -111.757641, 40.041912 ] ] ] } },
{ "type": "Feature", "properties": { "group_index": 0, "value": 900.0, "center": [ -111.7234040263097, 40.04451079058743 ], "point_id": 0 }, "geometry": { "type": "Polygon", "coordinates": [ [ [ -111.773512, 40.039283 ], [ -111.772223, 40.03825 ], [ -111.765149, 40.035756 ], [ -111.764941, 40.031969 ], [ -111.764879, 40.031634 ], [ -111.764713, 40.031021 ], [ -111.763452, 40.030429 ], [ -111.757156, 40.026469 ], [ -111.753916, 40.022049 ], [ -111.75017, 40.01787 ], [ -111.745476, 40.012573 ], [ -111.737827, 40.011762 ], [ -111.737411, 40.011719 ], [ -111.737207, 40.011721 ], [ -111.73635, 40.011774 ], [ -111.731634, 40.012143 ], [ -111.72942, 40.016697 ], [ -111.727283, 40.018393 ], [ -111.718445, 40.016752 ], [ -111.714252, 40.013992 ], [ -111.709687, 40.007396 ], [ -111.709412, 40.007047 ], [ -111.708472, 40.006722 ], [ -111.70833, 40.006706 ], [ -111.706586, 40.009277 ], [ -111.706752, 40.010323 ], [ -111.699678, 40.015835 ], [ -111.698828, 40.01578 ], [ -111.694824, 40.015196 ], [ -111.694693, 40.015258 ], [ -111.692425, 40.018054 ], [ -111.691069, 40.019769 ], [ -111.691071, 40.019877 ], [ -111.690001, 40.027964 ], [ -111.684363, 40.032666 ], [ -111.68204, 40.034484 ], [ -111.67826, 40.037021 ], [ -111.676593, 40.038476 ], [ -111.673219, 40.042139 ], [ -111.67216, 40.050211 ], [ -111.671763, 40.054488 ], [ -111.671763, 40.054503 ], [ -111.672886, 40.056345 ], [ -111.67415, 40.057874 ], [ -111.675159, 40.058115 ], [ -111.676773, 40.057825 ], [ -111.676856, 40.057788 ], [ -111.677555, 40.057219 ], [ -111.685578, 40.060182 ], [ -111.68548, 40.063421 ], [ -111.68597, 40.063509 ], [ -111.686752, 40.063568 ], [ -111.690777, 40.062935 ], [ -111.693384, 40.070903 ], [ -111.691406, 40.072744 ], [ -111.692133, 40.075645 ], [ -111.69285, 40.075973 ], [ -111.693059, 40.075942 ], [ -111.693707, 40.075607 ], [ -111.696544, 40.074107 ], [ -111.698662, 40.072987 ], [ -111.706101, 40.076115 ], [ -111.706137, 40.079714 ], [ -111.707337, 40.080856 ], [ -111.707465, 40.080937 ], [ -111.708211, 40.079693 ], [ -111.709394, 40.077898 ], [ -111.709989, 40.076083 ], [ -111.711668, 40.070266 ], [ -111.712769, 40.068412 ], [ -111.713144, 40.066309 ], [ -111.713791, 40.063796 ], [ -111.722471, 40.064262 ], [ -111.724874, 40.066942 ], [ -111.730095, 40.073796 ], [ -111.729844, 40.074726 ], [ -111.729652, 40.075671 ], [ -111.729571, 40.076306 ], [ -111.729381, 40.080584 ], [ -111.729364, 40.08129 ], [ -111.732963, 40.08138 ], [ -111.734289, 40.079725 ], [ -111.734263, 40.076125 ], [ -111.739459, 40.06917 ], [ -111.746173, 40.065541 ], [ -111.749773, 40.065546 ], [ -111.749776, 40.06352 ], [ -111.756255, 40.057883 ], [ -111.758412, 40.057848 ], [ -111.758656, 40.057846 ], [ -111.7602, 40.056208 ], [ -111.765148, 40.051904 ], [ -111.768271, 40.050486 ], [ -111.76946, 40.047088 ], [ -111.773541, 40.042883 ], [ -111.773512, 40.039283 ] ] ] } },
{ "type": "Feature", "properties": { "group_index": 0, "value": 300.0, "center": [ -111.70621616724627, 40.0461676222007 ], "point_id": 0 }, "geometry": { "type": "Polygon", "coordinates": [ [ [ -111.725379, 40.044552 ], [ -111.72538, 40.044513 ], [ -111.72538, 40.044507 ], [ -111.723613, 40.042712 ], [ -111.719246, 40.039347 ], [ -111.717896, 40.038253 ], [ -111.713361, 40.036063 ], [ -111.712215, 40.035389 ], [ -111.710017, 40.034344 ], [ -111.708281, 40.034042 ], [ -111.70824, 40.034042 ], [ -111.702561, 40.034496 ], [ -111.702564, 40.034635 ], [ -111.701179, 40.038278 ], [ -111.69758, 40.038256 ], [ -111.693631, 40.040836 ], [ -111.692642, 40.042011 ], [ -111.692642, 40.042642 ], [ -111.691463, 40.046826 ], [ -111.688709, 40.047283 ], [ -111.689298, 40.050834 ], [ -111.690571, 40.051716 ], [ -111.692929, 40.051491 ], [ -111.696136, 40.049854 ], [ -111.699591, 40.049114 ], [ -111.702594, 40.046785 ], [ -111.70749, 40.047778 ], [ -111.710803, 40.046902 ], [ -111.713408, 40.047437 ], [ -111.716001, 40.050147 ], [ -111.716127, 40.050248 ], [ -111.717366, 40.050461 ], [ -111.71786, 40.050467 ], [ -111.71851, 40.050355 ], [ -111.719784, 40.049415 ], [ -111.722149, 40.047497 ], [ -111.723598, 40.046312 ], [ -111.725379, 40.044559 ], [ -111.725379, 40.044552 ] ] ] } },
{ "type": "Feature", "properties": { "group_index": 0, "value": 600.0, "center": [ -111.70621616724627, 40.0461676222007 ], "point_id": 0 }, "geometry": { "type": "Polygon", "coordinates": [ [ [ -111.741637, 40.044968 ], [ -111.741664, 40.043529 ], [ -111.741664, 40.043518 ], [ -111.74155, 40.04327 ], [ -111.740403, 40.04183 ], [ -111.737477, 40.039699 ], [ -111.731558, 40.034941 ], [ -111.729226, 40.033123 ], [ -111.724421, 40.029433 ], [ -111.72347, 40.02925 ], [ -111.722776, 40.029251 ], [ -111.71409, 40.028475 ], [ -111.713082, 40.027327 ], [ -111.712302, 40.026555 ], [ -111.709653, 40.024178 ], [ -111.708672, 40.023585 ], [ -111.708018, 40.023317 ], [ -111.706868, 40.023049 ], [ -111.706066, 40.022988 ], [ -111.703597, 40.023003 ], [ -111.702755, 40.023024 ], [ -111.699779, 40.026602 ], [ -111.693665, 40.030328 ], [ -111.690066, 40.030391 ], [ -111.684819, 40.034852 ], [ -111.682322, 40.036741 ], [ -111.67664, 40.040723 ], [ -111.675817, 40.041279 ], [ -111.672435, 40.048996 ], [ -111.672224, 40.050357 ], [ -111.672499, 40.054265 ], [ -111.674162, 40.057746 ], [ -111.674303, 40.057875 ], [ -111.675326, 40.05803 ], [ -111.676665, 40.057834 ], [ -111.676773, 40.057825 ], [ -111.677045, 40.057756 ], [ -111.677066, 40.057741 ], [ -111.67757, 40.057191 ], [ -111.685232, 40.061784 ], [ -111.68523, 40.062573 ], [ -111.686231, 40.063536 ], [ -111.686752, 40.063568 ], [ -111.691286, 40.062903 ], [ -111.69216, 40.062775 ], [ -111.692551, 40.062231 ], [ -111.694318, 40.056548 ], [ -111.694747, 40.055896 ], [ -111.695086, 40.055082 ], [ -111.695229, 40.054518 ], [ -111.699591, 40.049114 ], [ -111.70749, 40.047778 ], [ -111.710803, 40.046902 ], [ -111.716001, 40.050147 ], [ -111.714474, 40.056706 ], [ -111.712927, 40.057984 ], [ -111.711379, 40.059263 ], [ -111.713673, 40.062038 ], [ -111.71522, 40.060759 ], [ -111.716768, 40.05948 ], [ -111.723746, 40.057193 ], [ -111.726283, 40.057298 ], [ -111.727316, 40.05673 ], [ -111.731077, 40.054172 ], [ -111.732251, 40.053282 ], [ -111.736076, 40.050389 ], [ -111.738248, 40.048738 ], [ -111.741131, 40.046389 ], [ -111.741637, 40.044968 ] ] ] } },
{ "type": "Feature", "properties": { "group_index": 0, "value": 900.0, "center": [ -111.70621616724627, 40.0461676222007 ], "point_id": 0 }, "geometry": { "type": "Polygon", "coordinates": [ [ [ -111.757845, 40.041913 ], [ -111.752774, 40.03569 ], [ -111.745135, 40.031143 ], [ -111.744302, 40.030175 ], [ -111.741902, 40.026205 ], [ -111.740645, 40.025059 ], [ -111.732688, 40.022208 ], [ -111.726399, 40.02014 ], [ -111.718339, 40.016682 ], [ -111.711919, 40.021096 ], [ -111.707438, 40.019777 ], [ -111.705669, 40.018178 ], [ -111.705204, 40.017582 ], [ -111.704271, 40.017159 ], [ -111.700805, 40.016184 ], [ -111.694683, 40.018013 ], [ -111.687098, 40.016389 ], [ -111.686767, 40.016417 ], [ -111.686485, 40.016457 ], [ -111.686333, 40.016488 ], [ -111.685978, 40.016578 ], [ -111.683435, 40.019349 ], [ -111.679729, 40.023942 ], [ -111.678359, 40.025527 ], [ -111.67258, 40.030118 ], [ -111.670918, 40.031292 ], [ -111.666291, 40.037906 ], [ -111.664451, 40.040257 ], [ -111.661792, 40.043822 ], [ -111.657033, 40.049949 ], [ -111.655666, 40.055091 ], [ -111.655675, 40.055597 ], [ -111.658388, 40.060461 ], [ -111.659455, 40.06235 ], [ -111.663984, 40.067531 ], [ -111.665423, 40.068764 ], [ -111.66545, 40.068766 ], [ -111.665764, 40.068771 ], [ -111.665836, 40.068772 ], [ -111.670183, 40.068397 ], [ -111.673173, 40.068437 ], [ -111.681557, 40.071308 ], [ -111.683384, 40.0727 ], [ -111.683891, 40.072681 ], [ -111.684141, 40.072649 ], [ -111.685156, 40.07126 ], [ -111.685151, 40.070877 ], [ -111.684892, 40.067136 ], [ -111.691286, 40.062903 ], [ -111.69216, 40.062775 ], [ -111.692551, 40.062231 ], [ -111.694318, 40.056548 ], [ -111.694747, 40.055896 ], [ -111.695086, 40.055082 ], [ -111.695229, 40.054518 ], [ -111.699591, 40.049114 ], [ -111.70749, 40.047778 ], [ -111.710803, 40.046902 ], [ -111.716001, 40.050147 ], [ -111.714474, 40.056706 ], [ -111.712927, 40.057984 ], [ -111.711379, 40.059263 ], [ -111.705997, 40.063721 ], [ -111.705394, 40.064164 ], [ -111.703479, 40.065738 ], [ -111.701564, 40.067312 ], [ -111.703849, 40.070094 ], [ -111.707978, 40.071516 ], [ -111.708086, 40.071506 ], [ -111.710448, 40.070623 ], [ -111.713345, 40.069615 ], [ -111.713349, 40.06922 ], [ -111.713787, 40.065528 ], [ -111.722407, 40.064319 ], [ -111.72481, 40.066999 ], [ -111.730405, 40.068216 ], [ -111.734005, 40.068213 ], [ -111.73452, 40.066948 ], [ -111.734522, 40.066759 ], [ -111.734003, 40.064914 ], [ -111.740057, 40.058423 ], [ -111.741366, 40.05786 ], [ -111.746223, 40.051998 ], [ -111.749822, 40.052034 ], [ -111.753524, 40.050461 ], [ -111.75783, 40.045513 ], [ -111.757845, 40.041913 ] ] ] } },
{ "type": "Feature", "properties": { "group_index": 0, "value": 300.0, "center": [ -111.6933315177361, 40.04832112771239 ], "point_id": 0 }, "geometry": { "type": "Polygon", "coordinates": [ [ [ -111.710634, 40.044843 ], [ -111.710229, 40.043662 ], [ -111.706124, 40.040745 ], [ -111.702524, 40.040728 ], [ -111.701152, 40.042668 ], [ -111.696242, 40.040184 ], [ -111.69619, 40.037907 ], [ -111.695206, 40.034444 ], [ -111.693951, 40.034801 ], [ -111.689985, 40.036024 ], [ -111.690187, 40.037396 ], [ -111.688292, 40.040506 ], [ -111.684693, 40.040441 ], [ -111.683845, 40.040785 ], [ -111.683502, 40.041454 ], [ -111.683495, 40.042566 ], [ -111.679549, 40.046323 ], [ -111.678505, 40.046308 ], [ -111.67615, 40.048118 ], [ -111.674565, 40.04969 ], [ -111.674574, 40.049987 ], [ -111.676735, 40.055377 ], [ -111.676777, 40.055418 ], [ -111.678944, 40.056455 ], [ -111.679062, 40.056466 ], [ -111.683858, 40.056789 ], [ -111.687909, 40.060194 ], [ -111.689473, 40.060447 ], [ -111.693088, 40.057718 ], [ -111.693763, 40.05716 ], [ -111.694318, 40.056548 ], [ -111.694747, 40.055896 ], [ -111.695086, 40.055082 ], [ -111.695229, 40.054518 ], [ -111.695298, 40.053708 ], [ -111.696424, 40.049637 ], [ -111.701098, 40.047338 ], [ -111.706721, 40.047604 ], [ -111.70749, 40.047778 ], [ -111.710239, 40.047316 ], [ -111.710856, 40.047207 ], [ -111.710634, 40.044843 ] ] ] } },
{ "type": "Feature", "properties": { "group_index": 0, "value": 600.0, "center": [ -111.6933315177361, 40.04832112771239 ], "point_id": 0 }, "geometry": { "type": "Polygon", "coordinates": [ [ [ -111.729229, 40.044991 ], [ -111.729237, 40.044428 ], [ -111.729242, 40.044085 ], [ -111.728056, 40.042728 ], [ -111.725439, 40.040705 ], [ -111.720269, 40.036591 ], [ -111.713864, 40.032567 ], [ -111.713456, 40.032354 ], [ -111.707516, 40.028698 ], [ -111.705581, 40.026952 ], [ -111.705442, 40.026973 ], [ -111.700945, 40.028125 ], [ -111.695477, 40.025146 ], [ -111.692594, 40.021921 ], [ -111.692542, 40.021887 ], [ -111.692189, 40.021707 ], [ -111.691844, 40.021577 ], [ -111.689775, 40.022189 ], [ -111.686147, 40.025365 ], [ -111.684612, 40.026809 ], [ -111.67827, 40.032602 ], [ -111.677025, 40.032614 ], [ -111.676598, 40.03493 ], [ -111.670847, 40.039608 ], [ -111.670188, 40.039777 ], [ -111.670186, 40.039778 ], [ -111.66927, 40.040409 ], [ -111.668491, 40.041117 ], [ -111.662733, 40.046167 ], [ -111.661027, 40.047933 ], [ -111.660743, 40.050688 ], [ -111.661457, 40.059067 ], [ -111.66379, 40.062347 ], [ -111.666909, 40.065439 ], [ -111.667021, 40.065475 ], [ -111.673113, 40.067521 ], [ -111.673151, 40.06752 ], [ -111.681404, 40.06886 ], [ -111.686, 40.072499 ], [ -111.689588, 40.072791 ], [ -111.691185, 40.067327 ], [ -111.693366, 40.064463 ], [ -111.694747, 40.055896 ], [ -111.695086, 40.055082 ], [ -111.695229, 40.054518 ], [ -111.695298, 40.053708 ], [ -111.701098, 40.047338 ], [ -111.706721, 40.047604 ], [ -111.70749, 40.047778 ], [ -111.710239, 40.047316 ], [ -111.716361, 40.05216 ], [ -111.716829, 40.052686 ], [ -111.717123, 40.05293 ], [ -111.7185, 40.052852 ], [ -111.719733, 40.052216 ], [ -111.722888, 40.050372 ], [ -111.726573, 40.047518 ], [ -111.728017, 40.046327 ], [ -111.729228, 40.045008 ], [ -111.729229, 40.044991 ] ] ] } },
{ "type": "Feature", "properties": { "group_index": 0, "value": 900.0, "center": [ -111.6933315177361, 40.04832112771239 ], "point_id": 0 }, "geometry": { "type": "Polygon", "coordinates": [ [ [ -111.744656, 40.041851 ], [ -111.743267, 40.040763 ], [ -111.741926, 40.039715 ], [ -111.736002, 40.03497 ], [ -111.733674, 40.03314 ], [ -111.728924, 40.029484 ], [ -111.724302, 40.026225 ], [ -111.721565, 40.02645 ], [ -111.713078, 40.023684 ], [ -111.708422, 40.021083 ], [ -111.705151, 40.018089 ], [ -111.700521, 40.015188 ], [ -111.696969, 40.015774 ], [ -111.696058, 40.015952 ], [ -111.691027, 40.015733 ], [ -111.686637, 40.010142 ], [ -111.686566, 40.00999 ], [ -111.686542, 40.009951 ], [ -111.683183, 40.010743 ], [ -111.683097, 40.010766 ], [ -111.680449, 40.012885 ], [ -111.678116, 40.015533 ], [ -111.678142, 40.015757 ], [ -111.676953, 40.020437 ], [ -111.670485, 40.023063 ], [ -111.668559, 40.025524 ], [ -111.667729, 40.027445 ], [ -111.661989, 40.031905 ], [ -111.657847, 40.034819 ], [ -111.655763, 40.037878 ], [ -111.651869, 40.041904 ], [ -111.646581, 40.047511 ], [ -111.645519, 40.051205 ], [ -111.645195, 40.053013 ], [ -111.645215, 40.054347 ], [ -111.645568, 40.054805 ], [ -111.65001, 40.061586 ], [ -111.65005, 40.062952 ], [ -111.650222, 40.065754 ], [ -111.655368, 40.072934 ], [ -111.658539, 40.076394 ], [ -111.661994, 40.077186 ], [ -111.664916, 40.076736 ], [ -111.667875, 40.073071 ], [ -111.673173, 40.068437 ], [ -111.681404, 40.06886 ], [ -111.682622, 40.077323 ], [ -111.678733, 40.077776 ], [ -111.678111, 40.077954 ], [ -111.677964, 40.078026 ], [ -111.677271, 40.079556 ], [ -111.677383, 40.081087 ], [ -111.677531, 40.081259 ], [ -111.67918, 40.083207 ], [ -111.684094, 40.08437 ], [ -111.691557, 40.084823 ], [ -111.695157, 40.084801 ], [ -111.700082, 40.078171 ], [ -111.70008, 40.077957 ], [ -111.70003, 40.07255 ], [ -111.70003, 40.07252 ], [ -111.699114, 40.070144 ], [ -111.698808, 40.069828 ], [ -111.693366, 40.064463 ], [ -111.694747, 40.055896 ], [ -111.695086, 40.055082 ], [ -111.695229, 40.054518 ], [ -111.695298, 40.053708 ], [ -111.701098, 40.047338 ], [ -111.706721, 40.047604 ], [ -111.70749, 40.047778 ], [ -111.710239, 40.047316 ], [ -111.716361, 40.05216 ], [ -111.714474, 40.056706 ], [ -111.712057, 40.058704 ], [ -111.709639, 40.060702 ], [ -111.711932, 40.063477 ], [ -111.71435, 40.061479 ], [ -111.716768, 40.05948 ], [ -111.725618, 40.061025 ], [ -111.726137, 40.061296 ], [ -111.726665, 40.061476 ], [ -111.73115, 40.057711 ], [ -111.732988, 40.055945 ], [ -111.736168, 40.053294 ], [ -111.74052, 40.050413 ], [ -111.74464, 40.045451 ], [ -111.744656, 40.041851 ] ] ] } },
{ "type": "Feature", "properties": { "group_index": 0, "value": 300.0, "center": [ -111.68579397234122, 40.049767390665 ], "point_id": 0 }, "geometry": { "type": "Polygon", "coordinates": [ [ [ -111.702648, 40.044951 ], [ -111.701131, 40.043968 ], [ -111.696242, 40.041465 ], [ -111.693803, 40.039837 ], [ -111.690203, 40.03986 ], [ -111.68792, 40.037996 ], [ -111.686045, 40.037191 ], [ -111.685847, 40.037254 ], [ -111.68583, 40.037259 ], [ -111.685633, 40.037324 ], [ -111.684665, 40.039535 ], [ -111.679564, 40.039732 ], [ -111.678538, 40.039934 ], [ -111.678482, 40.039953 ], [ -111.677328, 40.041205 ], [ -111.673715, 40.043708 ], [ -111.671542, 40.045356 ], [ -111.669692, 40.049101 ], [ -111.669682, 40.04986 ], [ -111.669682, 40.049863 ], [ -111.669673, 40.050622 ], [ -111.669637, 40.054652 ], [ -111.66962, 40.056204 ], [ -111.671558, 40.058505 ], [ -111.672387, 40.059419 ], [ -111.67324, 40.060056 ], [ -111.673353, 40.060057 ], [ -111.675132, 40.059843 ], [ -111.680971, 40.060259 ], [ -111.686642, 40.060874 ], [ -111.689584, 40.06034 ], [ -111.693763, 40.05716 ], [ -111.694318, 40.056548 ], [ -111.694747, 40.055896 ], [ -111.695086, 40.055082 ], [ -111.695229, 40.054518 ], [ -111.695298, 40.053708 ], [ -111.695249, 40.052981 ], [ -111.696424, 40.049637 ], [ -111.699466, 40.047311 ], [ -111.702892, 40.048561 ], [ -111.703242, 40.048502 ], [ -111.702648, 40.044951 ] ] ] } },
{ "type": "Feature", "properties": { "group_index": 0, "value": 600.0, "center": [ -111.68579397234122, 40.049767390665 ], "point_id": 0 }, "geometry": { "type": "Polygon", "coordinates": [ [ [ -111.722026, 40.044476 ], [ -111.720254, 40.042697 ], [ -111.717673, 40.04069 ], [ -111.714112, 40.038871 ], [ -111.709734, 40.036106 ], [ -111.705442, 40.032198 ], [ -111.70192, 40.03063 ], [ -111.69657, 40.029971 ], [ -111.693566, 40.02634 ], [ -111.693118, 40.025687 ], [ -111.692245, 40.025343 ], [ -111.692005, 40.025335 ], [ -111.690741, 40.025351 ], [ -111.689966, 40.02638 ], [ -111.689975, 40.027169 ], [ -111.690483, 40.031021 ], [ -111.684415, 40.034465 ], [ -111.679741, 40.033337 ], [ -111.67827, 40.032602 ], [ -111.675516, 40.032629 ], [ -111.671, 40.033137 ], [ -111.667332, 40.03579 ], [ -111.664867, 40.037903 ], [ -111.662652, 40.040119 ], [ -111.657109, 40.047079 ], [ -111.656478, 40.047472 ], [ -111.65529, 40.048775 ], [ -111.653787, 40.054075 ], [ -111.653653, 40.057172 ], [ -111.653645, 40.057413 ], [ -111.6544, 40.060678 ], [ -111.656068, 40.06244 ], [ -111.662309, 40.068688 ], [ -111.662926, 40.071019 ], [ -111.663167, 40.07113 ], [ -111.665461, 40.070426 ], [ -111.673173, 40.068437 ], [ -111.681552, 40.070925 ], [ -111.681587, 40.073617 ], [ -111.685187, 40.073569 ], [ -111.689591, 40.07275 ], [ -111.691139, 40.067292 ], [ -111.693321, 40.064428 ], [ -111.694747, 40.055896 ], [ -111.695086, 40.055082 ], [ -111.695229, 40.054518 ], [ -111.695298, 40.053708 ], [ -111.695249, 40.052981 ], [ -111.702892, 40.048561 ], [ -111.703242, 40.048502 ], [ -111.70749, 40.047778 ], [ -111.713408, 40.047437 ], [ -111.717095, 40.048693 ], [ -111.717216, 40.048694 ], [ -111.718789, 40.047484 ], [ -111.720254, 40.046297 ], [ -111.722026, 40.044493 ], [ -111.722026, 40.044476 ] ] ] } },
{ "type": "Feature", "properties": { "group_index": 0, "value": 900.0, "center": [ -111.68579397234122, 40.049767390665 ], "point_id": 0 }, "geometry": { "type": "Polygon", "coordinates": [ [ [ -111.738965, 40.044574 ], [ -111.737782, 40.042782 ], [ -111.736876, 40.041814 ], [ -111.730169, 40.036451 ], [ -111.728211, 40.034923 ], [ -111.72587, 40.033108 ], [ -111.725256, 40.033086 ], [ -111.721656, 40.033082 ], [ -111.714973, 40.029413 ], [ -111.714425, 40.028852 ], [ -111.710401, 40.02463 ], [ -111.708672, 40.023585 ], [ -111.708018, 40.023317 ], [ -111.706868, 40.023049 ], [ -111.700044, 40.017962 ], [ -111.696997, 40.01534 ], [ -111.69631, 40.015372 ], [ -111.690932, 40.016121 ], [ -111.687183, 40.013535 ], [ -111.684831, 40.0127 ], [ -111.684219, 40.012868 ], [ -111.68361, 40.013914 ], [ -111.679589, 40.0181 ], [ -111.672488, 40.019612 ], [ -111.669128, 40.018988 ], [ -111.66893, 40.018933 ], [ -111.668591, 40.018921 ], [ -111.664757, 40.023437 ], [ -111.662668, 40.025587 ], [ -111.656448, 40.029451 ], [ -111.651999, 40.032884 ], [ -111.651317, 40.033847 ], [ -111.645595, 40.039301 ], [ -111.645476, 40.03945 ], [ -111.643237, 40.047322 ], [ -111.638043, 40.048465 ], [ -111.638022, 40.049165 ], [ -111.638022, 40.049268 ], [ -111.638025, 40.049785 ], [ -111.64155, 40.057576 ], [ -111.642951, 40.065694 ], [ -111.647284, 40.073014 ], [ -111.652707, 40.076384 ], [ -111.654235, 40.079158 ], [ -111.654524, 40.080119 ], [ -111.65651, 40.081676 ], [ -111.659886, 40.082928 ], [ -111.66563, 40.082912 ], [ -111.673606, 40.083942 ], [ -111.674529, 40.084752 ], [ -111.675494, 40.085149 ], [ -111.680418, 40.08718 ], [ -111.683472, 40.087168 ], [ -111.683491, 40.087168 ], [ -111.685732, 40.087135 ], [ -111.691556, 40.084561 ], [ -111.695156, 40.084538 ], [ -111.697975, 40.079774 ], [ -111.697956, 40.076174 ], [ -111.69848, 40.073083 ], [ -111.698072, 40.070746 ], [ -111.693321, 40.064428 ], [ -111.694747, 40.055896 ], [ -111.695086, 40.055082 ], [ -111.695229, 40.054518 ], [ -111.695298, 40.053708 ], [ -111.695249, 40.052981 ], [ -111.702892, 40.048561 ], [ -111.703242, 40.048502 ], [ -111.70749, 40.047778 ], [ -111.713408, 40.047437 ], [ -111.715332, 40.056032 ], [ -111.717616, 40.058814 ], [ -111.725193, 40.056028 ], [ -111.72581, 40.055746 ], [ -111.72803, 40.054117 ], [ -111.734893, 40.048746 ], [ -111.737769, 40.046382 ], [ -111.738967, 40.045115 ], [ -111.738965, 40.044574 ] ] ] } },
{ "type": "Feature", "properties": { "group_index": 0, "value": 300.0, "center": [ -111.67335313074179, 40.05701721841888 ], "point_id": 0 }, "geometry": { "type": "Polygon", "coordinates": [ [ [ -111.688368, 40.05219 ], [ -111.687324, 40.047519 ], [ -111.682363, 40.046108 ], [ -111.681629, 40.045613 ], [ -111.679913, 40.044229 ], [ -111.679718, 40.044227 ], [ -111.677746, 40.045755 ], [ -111.673371, 40.045044 ], [ -111.669772, 40.044967 ], [ -111.664905, 40.048151 ], [ -111.662815, 40.049785 ], [ -111.659392, 40.05226 ], [ -111.657876, 40.053515 ], [ -111.657307, 40.059334 ], [ -111.657227, 40.059782 ], [ -111.657178, 40.060359 ], [ -111.658073, 40.062369 ], [ -111.661595, 40.066242 ], [ -111.664335, 40.069699 ], [ -111.664522, 40.069763 ], [ -111.668066, 40.069453 ], [ -111.673173, 40.068437 ], [ -111.676381, 40.064534 ], [ -111.678104, 40.064749 ], [ -111.678758, 40.064914 ], [ -111.679608, 40.065024 ], [ -111.680253, 40.065152 ], [ -111.6808, 40.065157 ], [ -111.681421, 40.065003 ], [ -111.685918, 40.063499 ], [ -111.68655, 40.059955 ], [ -111.688495, 40.057862 ], [ -111.689393, 40.055641 ], [ -111.688368, 40.05219 ] ] ] } },
{ "type": "Feature", "properties": { "group_index": 0, "value": 600.0, "center": [ -111.67335313074179, 40.05701721841888 ], "point_id": 0 }, "geometry": { "type": "Polygon", "coordinates": [ [ [ -111.70608, 40.04603 ], [ -111.704549, 40.04463 ], [ -111.701148, 40.042914 ], [ -111.696242, 40.039967 ], [ -111.693793, 40.038338 ], [ -111.690382, 40.035944 ], [ -111.686218, 40.034668 ], [ -111.68319, 40.034537 ], [ -111.680339, 40.034959 ], [ -111.674582, 40.031854 ], [ -111.672663, 40.031045 ], [ -111.671989, 40.031076 ], [ -111.671475, 40.031164 ], [ -111.670984, 40.031277 ], [ -111.663772, 40.035664 ], [ -111.661079, 40.036678 ], [ -111.656922, 40.040154 ], [ -111.652925, 40.04379 ], [ -111.648099, 40.047496 ], [ -111.642863, 40.052506 ], [ -111.642888, 40.05363 ], [ -111.645217, 40.054485 ], [ -111.642919, 40.062877 ], [ -111.642922, 40.064007 ], [ -111.642922, 40.064033 ], [ -111.642925, 40.064181 ], [ -111.648902, 40.069395 ], [ -111.648556, 40.071208 ], [ -111.648945, 40.072994 ], [ -111.652687, 40.074872 ], [ -111.656994, 40.080771 ], [ -111.657292, 40.080834 ], [ -111.660426, 40.081452 ], [ -111.664514, 40.081734 ], [ -111.664748, 40.081733 ], [ -111.666235, 40.08061 ], [ -111.668483, 40.078667 ], [ -111.668528, 40.077428 ], [ -111.668453, 40.076838 ], [ -111.668037, 40.071191 ], [ -111.673173, 40.068437 ], [ -111.681552, 40.070925 ], [ -111.681591, 40.073889 ], [ -111.681631, 40.076854 ], [ -111.68523, 40.076806 ], [ -111.689825, 40.075224 ], [ -111.690138, 40.069636 ], [ -111.692664, 40.064762 ], [ -111.692695, 40.06271 ], [ -111.692495, 40.06105 ], [ -111.691523, 40.058834 ], [ -111.690486, 40.057568 ], [ -111.690227, 40.057255 ], [ -111.689393, 40.055641 ], [ -111.691746, 40.048775 ], [ -111.696424, 40.049637 ], [ -111.704589, 40.048276 ], [ -111.705164, 40.048177 ], [ -111.706068, 40.046439 ], [ -111.70608, 40.04603 ] ] ] } },
{ "type": "Feature", "properties": { "group_index": 0, "value": 900.0, "center": [ -111.67335313074179, 40.05701721841888 ], "point_id": 0 }, "geometry": { "type": "Polygon", "coordinates": [ [ [ -111.723304, 40.045208 ], [ -111.723426, 40.044407 ], [ -111.723426, 40.044343 ], [ -111.723287, 40.043963 ], [ -111.72228, 40.042734 ], [ -111.719608, 40.040674 ], [ -111.717853, 40.039333 ], [ -111.71551, 40.03813 ], [ -111.712801, 40.036792 ], [ -111.707194, 40.031955 ], [ -111.703159, 40.030771 ], [ -111.701914, 40.03064 ], [ -111.697799, 40.029634 ], [ -111.694379, 40.025421 ], [ -111.693067, 40.023774 ], [ -111.688784, 40.025355 ], [ -111.68174, 40.023865 ], [ -111.679398, 40.022162 ], [ -111.675646, 40.018436 ], [ -111.67544, 40.018291 ], [ -111.667322, 40.018784 ], [ -111.664895, 40.021847 ], [ -111.656821, 40.025518 ], [ -111.656321, 40.025664 ], [ -111.65205, 40.029429 ], [ -111.646983, 40.032963 ], [ -111.645226, 40.034467 ], [ -111.645225, 40.034755 ], [ -111.641621, 40.042193 ], [ -111.638021, 40.042193 ], [ -111.636068, 40.044889 ], [ -111.636895, 40.048241 ], [ -111.636626, 40.05069 ], [ -111.630546, 40.055007 ], [ -111.63044, 40.055016 ], [ -111.629514, 40.05816 ], [ -111.62962, 40.05824 ], [ -111.633404, 40.065976 ], [ -111.631886, 40.069584 ], [ -111.631195, 40.071705 ], [ -111.631236, 40.072189 ], [ -111.631936, 40.073183 ], [ -111.633025, 40.073168 ], [ -111.638361, 40.073123 ], [ -111.642231, 40.074067 ], [ -111.648355, 40.078396 ], [ -111.649709, 40.078985 ], [ -111.65063, 40.079271 ], [ -111.654111, 40.086901 ], [ -111.653933, 40.08777 ], [ -111.65387, 40.088285 ], [ -111.653732, 40.091225 ], [ -111.653747, 40.093893 ], [ -111.657398, 40.094601 ], [ -111.657605, 40.094518 ], [ -111.663291, 40.092386 ], [ -111.667141, 40.092995 ], [ -111.670117, 40.093716 ], [ -111.670331, 40.093718 ], [ -111.67215, 40.091918 ], [ -111.672651, 40.091089 ], [ -111.674491, 40.083641 ], [ -111.68168, 40.087585 ], [ -111.681696, 40.089789 ], [ -111.681699, 40.090331 ], [ -111.683013, 40.091456 ], [ -111.683442, 40.091576 ], [ -111.683892, 40.091661 ], [ -111.684079, 40.09166 ], [ -111.691574, 40.08958 ], [ -111.695174, 40.089569 ], [ -111.695167, 40.087441 ], [ -111.695161, 40.085314 ], [ -111.701367, 40.079755 ], [ -111.702407, 40.07101 ], [ -111.700724, 40.067827 ], [ -111.697325, 40.065896 ], [ -111.692495, 40.06105 ], [ -111.691523, 40.058834 ], [ -111.690486, 40.057568 ], [ -111.690227, 40.057255 ], [ -111.689393, 40.055641 ], [ -111.691746, 40.048775 ], [ -111.696424, 40.049637 ], [ -111.704589, 40.048276 ], [ -111.705164, 40.048177 ], [ -111.70749, 40.047778 ], [ -111.713408, 40.047437 ], [ -111.716445, 40.050006 ], [ -111.716619, 40.050075 ], [ -111.720749, 40.047491 ], [ -111.722637, 40.046084 ], [ -111.72329, 40.045246 ], [ -111.723304, 40.045208 ] ] ] } },
{ "type": "Feature", "properties": { "group_index": 0, "value": 300.0, "center": [ -111.66300520782987, 40.071058523661144 ], "point_id": 0 }, "geometry": { "type": "Polygon", "coordinates": [ [ [ -111.675014, 40.064562 ], [ -111.675015, 40.064346 ], [ -111.672151, 40.059789 ], [ -111.670744, 40.057432 ], [ -111.670643, 40.057341 ], [ -111.668659, 40.057293 ], [ -111.667791, 40.057297 ], [ -111.667363, 40.057297 ], [ -111.662138, 40.058729 ], [ -111.661453, 40.05967 ], [ -111.661447, 40.060513 ], [ -111.661427, 40.060716 ], [ -111.661433, 40.060878 ], [ -111.661423, 40.062442 ], [ -111.656136, 40.064237 ], [ -111.654697, 40.062917 ], [ -111.654373, 40.062912 ], [ -111.652537, 40.06428 ], [ -111.652542, 40.064733 ], [ -111.652528, 40.065478 ], [ -111.648003, 40.069405 ], [ -111.645629, 40.069434 ], [ -111.644837, 40.069462 ], [ -111.644964, 40.07306 ], [ -111.645756, 40.073032 ], [ -111.648046, 40.073005 ], [ -111.650377, 40.072977 ], [ -111.65267, 40.073643 ], [ -111.652559, 40.078886 ], [ -111.652725, 40.079423 ], [ -111.652873, 40.079684 ], [ -111.655744, 40.083537 ], [ -111.656395, 40.083965 ], [ -111.656931, 40.084181 ], [ -111.659051, 40.084961 ], [ -111.662334, 40.08376 ], [ -111.665388, 40.084472 ], [ -111.665582, 40.084471 ], [ -111.666588, 40.083634 ], [ -111.668843, 40.081714 ], [ -111.669151, 40.07982 ], [ -111.669152, 40.07956 ], [ -111.668813, 40.078114 ], [ -111.668453, 40.076838 ], [ -111.667875, 40.073071 ], [ -111.671374, 40.068256 ], [ -111.674971, 40.068131 ], [ -111.675014, 40.064562 ] ] ] } },
{ "type": "Feature", "properties": { "group_index": 0, "value": 600.0, "center": [ -111.66300520782987, 40.071058523661144 ], "point_id": 0 }, "geometry": { "type": "Polygon", "coordinates": [ [ [ -111.689244, 40.060783 ], [ -111.686698, 40.054127 ], [ -111.685144, 40.04977 ], [ -111.685041, 40.049679 ], [ -111.680867, 40.048209 ], [ -111.674374, 40.046083 ], [ -111.67154, 40.045359 ], [ -111.664748, 40.045344 ], [ -111.661808, 40.046462 ], [ -111.65594, 40.050246 ], [ -111.652038, 40.051134 ], [ -111.64584, 40.057354 ], [ -111.645226, 40.057352 ], [ -111.644841, 40.057384 ], [ -111.64287, 40.057926 ], [ -111.638113, 40.063365 ], [ -111.633735, 40.065816 ], [ -111.627713, 40.069653 ], [ -111.627797, 40.073252 ], [ -111.629021, 40.073224 ], [ -111.631665, 40.073187 ], [ -111.638361, 40.073123 ], [ -111.642231, 40.074067 ], [ -111.648355, 40.078396 ], [ -111.649709, 40.078985 ], [ -111.65063, 40.079271 ], [ -111.654304, 40.086856 ], [ -111.654186, 40.087375 ], [ -111.652158, 40.091335 ], [ -111.652111, 40.091982 ], [ -111.651689, 40.096242 ], [ -111.65204, 40.09664 ], [ -111.655168, 40.098399 ], [ -111.655374, 40.098405 ], [ -111.657209, 40.097147 ], [ -111.665446, 40.095581 ], [ -111.667138, 40.095756 ], [ -111.671492, 40.096101 ], [ -111.67376, 40.096046 ], [ -111.67383, 40.096023 ], [ -111.675771, 40.093366 ], [ -111.678006, 40.087164 ], [ -111.681565, 40.081943 ], [ -111.681613, 40.081792 ], [ -111.681125, 40.079413 ], [ -111.68099, 40.079262 ], [ -111.680446, 40.078944 ], [ -111.679953, 40.078598 ], [ -111.678015, 40.078001 ], [ -111.67788, 40.078067 ], [ -111.677222, 40.078617 ], [ -111.668453, 40.076838 ], [ -111.667875, 40.073071 ], [ -111.674971, 40.068131 ], [ -111.68129, 40.067232 ], [ -111.684881, 40.066981 ], [ -111.688779, 40.062225 ], [ -111.689244, 40.060783 ] ] ] } },
{ "type": "Feature", "properties": { "group_index": 0, "value": 900.0, "center": [ -111.66300520782987, 40.071058523661144 ], "point_id": 0 }, "geometry": { "type": "Polygon", "coordinates": [ [ [ -111.695625, 40.087124 ], [ -111.695633, 40.083524 ], [ -111.69647, 40.074979 ], [ -111.695187, 40.07209 ], [ -111.692664, 40.064809 ], [ -111.692695, 40.06271 ], [ -111.694476, 40.056332 ], [ -111.694909, 40.055564 ], [ -111.695152, 40.05486 ], [ -111.701091, 40.048862 ], [ -111.701306, 40.047737 ], [ -111.701311, 40.047553 ], [ -111.701098, 40.046013 ], [ -111.700496, 40.045312 ], [ -111.693813, 40.041523 ], [ -111.687889, 40.03793 ], [ -111.686151, 40.037158 ], [ -111.680153, 40.035756 ], [ -111.674785, 40.032024 ], [ -111.672663, 40.031045 ], [ -111.67233, 40.031051 ], [ -111.663897, 40.032697 ], [ -111.662834, 40.032729 ], [ -111.66191, 40.03275 ], [ -111.661884, 40.032751 ], [ -111.661654, 40.03284 ], [ -111.657848, 40.034833 ], [ -111.652139, 40.035907 ], [ -111.649456, 40.039046 ], [ -111.648616, 40.041891 ], [ -111.6432, 40.047269 ], [ -111.638023, 40.048076 ], [ -111.634876, 40.052358 ], [ -111.630348, 40.055024 ], [ -111.629493, 40.058144 ], [ -111.625781, 40.064278 ], [ -111.620475, 40.065626 ], [ -111.618185, 40.067692 ], [ -111.617537, 40.068253 ], [ -111.610634, 40.073963 ], [ -111.61175, 40.077385 ], [ -111.619896, 40.078669 ], [ -111.626477, 40.08347 ], [ -111.630058, 40.083835 ], [ -111.630264, 40.083565 ], [ -111.637927, 40.079228 ], [ -111.642231, 40.074067 ], [ -111.648355, 40.078396 ], [ -111.646587, 40.085111 ], [ -111.64351, 40.08694 ], [ -111.641328, 40.088042 ], [ -111.640548, 40.089065 ], [ -111.63901, 40.090796 ], [ -111.640379, 40.091948 ], [ -111.643347, 40.093571 ], [ -111.64528, 40.093784 ], [ -111.647423, 40.094007 ], [ -111.651933, 40.099101 ], [ -111.648709, 40.104036 ], [ -111.647798, 40.105129 ], [ -111.647592, 40.105937 ], [ -111.647591, 40.105991 ], [ -111.64778, 40.106504 ], [ -111.648694, 40.107636 ], [ -111.650395, 40.108953 ], [ -111.652074, 40.110254 ], [ -111.653849, 40.11162 ], [ -111.654549, 40.111795 ], [ -111.654573, 40.111795 ], [ -111.655718, 40.11163 ], [ -111.659705, 40.109726 ], [ -111.66726, 40.106621 ], [ -111.668894, 40.1063 ], [ -111.672432, 40.105531 ], [ -111.678717, 40.104265 ], [ -111.682312, 40.104456 ], [ -111.687389, 40.100164 ], [ -111.688892, 40.098437 ], [ -111.688892, 40.098366 ], [ -111.690206, 40.090944 ], [ -111.695175, 40.090032 ], [ -111.695625, 40.087124 ] ] ] } },
{ "type": "Feature", "properties": { "group_index": 0, "value": 300.0, "center": [ -111.6556830314652, 40.0917213027255 ], "point_id": 0 }, "geometry": { "type": "Polygon", "coordinates": [ [ [ -111.666341, 40.097195 ], [ -111.667896, 40.092336 ], [ -111.667985, 40.092205 ], [ -111.667704, 40.089211 ], [ -111.666098, 40.085989 ], [ -111.6621, 40.085303 ], [ -111.661074, 40.079653 ], [ -111.661213, 40.079281 ], [ -111.660508, 40.077788 ], [ -111.658629, 40.077437 ], [ -111.65784, 40.078024 ], [ -111.657701, 40.078396 ], [ -111.655646, 40.083765 ], [ -111.653409, 40.08489 ], [ -111.651311, 40.087614 ], [ -111.647796, 40.090427 ], [ -111.645172, 40.090154 ], [ -111.6448, 40.093734 ], [ -111.64559, 40.0947 ], [ -111.649133, 40.095338 ], [ -111.651933, 40.099101 ], [ -111.653043, 40.104902 ], [ -111.653028, 40.105144 ], [ -111.654177, 40.106418 ], [ -111.65442, 40.106421 ], [ -111.6555, 40.106426 ], [ -111.659255, 40.104127 ], [ -111.661338, 40.103751 ], [ -111.663499, 40.103659 ], [ -111.663535, 40.103643 ], [ -111.663811, 40.10334 ], [ -111.665276, 40.100634 ], [ -111.666406, 40.098268 ], [ -111.666341, 40.097195 ] ] ] } },
{ "type": "Feature", "properties": { "group_index": 0, "value": 600.0, "center": [ -111.6556830314652, 40.0917213027255 ], "point_id": 0 }, "geometry": { "type": "Polygon", "coordinates": [ [ [ -111.68255, 40.0996 ], [ -111.682575, 40.099064 ], [ -111.682404, 40.096583 ], [ -111.681411, 40.096587 ], [ -111.681089, 40.096605 ], [ -111.67875, 40.096344 ], [ -111.673202, 40.094334 ], [ -111.678081, 40.087165 ], [ -111.680069, 40.087181 ], [ -111.683491, 40.087168 ], [ -111.68372, 40.087165 ], [ -111.685266, 40.08553 ], [ -111.685265, 40.085355 ], [ -111.685265, 40.085349 ], [ -111.685263, 40.085174 ], [ -111.681125, 40.079413 ], [ -111.680336, 40.078523 ], [ -111.680163, 40.078489 ], [ -111.678044, 40.078068 ], [ -111.67794, 40.078101 ], [ -111.671444, 40.078375 ], [ -111.670684, 40.077974 ], [ -111.669934, 40.077912 ], [ -111.667806, 40.069221 ], [ -111.667808, 40.068394 ], [ -111.667702, 40.067802 ], [ -111.667418, 40.066889 ], [ -111.666396, 40.064394 ], [ -111.666, 40.064256 ], [ -111.664213, 40.065249 ], [ -111.656139, 40.067106 ], [ -111.655088, 40.066571 ], [ -111.654773, 40.066494 ], [ -111.652539, 40.067131 ], [ -111.648556, 40.071208 ], [ -111.642743, 40.072338 ], [ -111.640735, 40.073871 ], [ -111.640726, 40.073991 ], [ -111.639251, 40.080063 ], [ -111.634299, 40.083112 ], [ -111.633411, 40.083312 ], [ -111.632548, 40.086807 ], [ -111.63391, 40.08751 ], [ -111.634703, 40.087769 ], [ -111.638411, 40.090292 ], [ -111.640379, 40.091948 ], [ -111.643685, 40.099237 ], [ -111.639841, 40.101195 ], [ -111.639811, 40.101206 ], [ -111.637262, 40.103353 ], [ -111.637089, 40.105708 ], [ -111.637089, 40.105721 ], [ -111.637089, 40.105721 ], [ -111.637088, 40.105734 ], [ -111.638338, 40.107611 ], [ -111.639758, 40.108921 ], [ -111.641399, 40.110196 ], [ -111.643158, 40.111573 ], [ -111.64493, 40.112937 ], [ -111.646597, 40.114232 ], [ -111.648277, 40.115508 ], [ -111.649951, 40.116794 ], [ -111.651615, 40.118083 ], [ -111.653279, 40.119366 ], [ -111.65494, 40.120203 ], [ -111.655039, 40.120204 ], [ -111.656684, 40.119129 ], [ -111.665194, 40.11632 ], [ -111.665531, 40.116316 ], [ -111.668137, 40.114649 ], [ -111.671052, 40.112229 ], [ -111.676756, 40.108224 ], [ -111.67991, 40.105342 ], [ -111.682417, 40.100183 ], [ -111.68255, 40.0996 ] ] ] } },
{ "type": "Feature", "properties": { "group_index": 0, "value": 900.0, "center": [ -111.6556830314652, 40.0917213027255 ], "point_id": 0 }, "geometry": { "type": "Polygon", "coordinates": [ [ [ -111.70021, 40.098257 ], [ -111.700199, 40.097066 ], [ -111.699974, 40.09648 ], [ -111.700115, 40.087752 ], [ -111.702431, 40.087157 ], [ -111.702433, 40.083557 ], [ -111.697449, 40.077742 ], [ -111.696796, 40.074811 ], [ -111.696103, 40.072008 ], [ -111.696087, 40.071934 ], [ -111.695939, 40.071535 ], [ -111.694883, 40.070913 ], [ -111.690128, 40.069684 ], [ -111.684836, 40.06633 ], [ -111.679904, 40.060344 ], [ -111.676808, 40.054498 ], [ -111.676714, 40.054398 ], [ -111.675877, 40.054049 ], [ -111.672338, 40.052758 ], [ -111.671434, 40.05276 ], [ -111.666882, 40.052826 ], [ -111.661794, 40.053533 ], [ -111.654861, 40.053473 ], [ -111.654367, 40.053466 ], [ -111.653032, 40.054153 ], [ -111.64648, 40.059818 ], [ -111.642881, 40.05988 ], [ -111.638117, 40.063785 ], [ -111.633277, 40.067846 ], [ -111.628836, 40.069627 ], [ -111.627199, 40.071691 ], [ -111.627208, 40.071752 ], [ -111.627418, 40.074681 ], [ -111.620798, 40.08 ], [ -111.61912, 40.079747 ], [ -111.617667, 40.079638 ], [ -111.617136, 40.079641 ], [ -111.616786, 40.079662 ], [ -111.615319, 40.081627 ], [ -111.61749, 40.084187 ], [ -111.621457, 40.087231 ], [ -111.623188, 40.090745 ], [ -111.621821, 40.097751 ], [ -111.621086, 40.100905 ], [ -111.620962, 40.102512 ], [ -111.620961, 40.102543 ], [ -111.620961, 40.102555 ], [ -111.620962, 40.102586 ], [ -111.62107, 40.102776 ], [ -111.62321, 40.105813 ], [ -111.624919, 40.111461 ], [ -111.626475, 40.113604 ], [ -111.62649, 40.113618 ], [ -111.633112, 40.118719 ], [ -111.633327, 40.118841 ], [ -111.63842, 40.122398 ], [ -111.641545, 40.125421 ], [ -111.641963, 40.125537 ], [ -111.646855, 40.127561 ], [ -111.652424, 40.1322 ], [ -111.654416, 40.133679 ], [ -111.654617, 40.133794 ], [ -111.654667, 40.133794 ], [ -111.660049, 40.130035 ], [ -111.667229, 40.124722 ], [ -111.667931, 40.122422 ], [ -111.667937, 40.122219 ], [ -111.669987, 40.117539 ], [ -111.677833, 40.117569 ], [ -111.681433, 40.117575 ], [ -111.682345, 40.117317 ], [ -111.682385, 40.113717 ], [ -111.688044, 40.109909 ], [ -111.689752, 40.109907 ], [ -111.692653, 40.109934 ], [ -111.692686, 40.106334 ], [ -111.69322, 40.104704 ], [ -111.699961, 40.10008 ], [ -111.70021, 40.098257 ] ] ] } },
{ "type": "Feature", "properties": { "group_index": 0, "value": 300.0, "center": [ -111.65522951416376, 40.102046779479174 ], "point_id": 0 }, "geometry": { "type": "Polygon", "coordinates": [ [ [ -111.670957, 40.102133 ], [ -111.671639, 40.099254 ], [ -111.670944, 40.097958 ], [ -111.670939, 40.097955 ], [ -111.670938, 40.097954 ], [ -111.670933, 40.097951 ], [ -111.667857, 40.097589 ], [ -111.666291, 40.097904 ], [ -111.663041, 40.097641 ], [ -111.6622, 40.092323 ], [ -111.662135, 40.089759 ], [ -111.66192, 40.089548 ], [ -111.65765, 40.088628 ], [ -111.654055, 40.088437 ], [ -111.653463, 40.088501 ], [ -111.647796, 40.090427 ], [ -111.647414, 40.090387 ], [ -111.646958, 40.092807 ], [ -111.646849, 40.093293 ], [ -111.646098, 40.097588 ], [ -111.643426, 40.102892 ], [ -111.640664, 40.105239 ], [ -111.64066, 40.105264 ], [ -111.640659, 40.105333 ], [ -111.640662, 40.105358 ], [ -111.641499, 40.10685 ], [ -111.643878, 40.108933 ], [ -111.645536, 40.110214 ], [ -111.647306, 40.111577 ], [ -111.649089, 40.112954 ], [ -111.650758, 40.114244 ], [ -111.652423, 40.115527 ], [ -111.654089, 40.116814 ], [ -111.654667, 40.117266 ], [ -111.654712, 40.117267 ], [ -111.655386, 40.116819 ], [ -111.657123, 40.115543 ], [ -111.662146, 40.112317 ], [ -111.663164, 40.11168 ], [ -111.665515, 40.109815 ], [ -111.667253, 40.108051 ], [ -111.667253, 40.108006 ], [ -111.669201, 40.102996 ], [ -111.670833, 40.102607 ], [ -111.670846, 40.102596 ], [ -111.670957, 40.102133 ] ] ] } },
{ "type": "Feature", "properties": { "group_index": 0, "value": 600.0, "center": [ -111.65522951416376, 40.102046779479174 ], "point_id": 0 }, "geometry": { "type": "Polygon", "coordinates": [ [ [ -111.688892, 40.098366 ], [ -111.68712, 40.096566 ], [ -111.685335, 40.095634 ], [ -111.681735, 40.095659 ], [ -111.677078, 40.094234 ], [ -111.677444, 40.087148 ], [ -111.677544, 40.08355 ], [ -111.674522, 40.0816 ], [ -111.667086, 40.080048 ], [ -111.66178, 40.074963 ], [ -111.65913, 40.074662 ], [ -111.654233, 40.076634 ], [ -111.653182, 40.078932 ], [ -111.646233, 40.081087 ], [ -111.645913, 40.080984 ], [ -111.643995, 40.083748 ], [ -111.635944, 40.084039 ], [ -111.635218, 40.08419 ], [ -111.634282, 40.085117 ], [ -111.634276, 40.085895 ], [ -111.634377, 40.087691 ], [ -111.630728, 40.095521 ], [ -111.628094, 40.096526 ], [ -111.628046, 40.096559 ], [ -111.627593, 40.097009 ], [ -111.626255, 40.098414 ], [ -111.624975, 40.102444 ], [ -111.624858, 40.104494 ], [ -111.624859, 40.104606 ], [ -111.62638, 40.108072 ], [ -111.628631, 40.111358 ], [ -111.630603, 40.112865 ], [ -111.637911, 40.118023 ], [ -111.639538, 40.119296 ], [ -111.645997, 40.124523 ], [ -111.647639, 40.125925 ], [ -111.648809, 40.126869 ], [ -111.654542, 40.130623 ], [ -111.654551, 40.130623 ], [ -111.654908, 40.130505 ], [ -111.656737, 40.129263 ], [ -111.663087, 40.12475 ], [ -111.662845, 40.122949 ], [ -111.663104, 40.12115 ], [ -111.670251, 40.117537 ], [ -111.67162, 40.117525 ], [ -111.674856, 40.117245 ], [ -111.674888, 40.113645 ], [ -111.681482, 40.110716 ], [ -111.684301, 40.109902 ], [ -111.684307, 40.106302 ], [ -111.687153, 40.100166 ], [ -111.688892, 40.098377 ], [ -111.688892, 40.098366 ] ] ] } },
{ "type": "Feature", "properties": { "group_index": 0, "value": 900.0, "center": [ -111.65522951416376, 40.102046779479174 ], "point_id": 0 }, "geometry": { "type": "Polygon", "coordinates": [ [ [ -111.703129, 40.105613 ], [ -111.704763, 40.100097 ], [ -111.705225, 40.098264 ], [ -111.705209, 40.097235 ], [ -111.704777, 40.096497 ], [ -111.700157, 40.093386 ], [ -111.694238, 40.087121 ], [ -111.694246, 40.083521 ], [ -111.690951, 40.077031 ], [ -111.689625, 40.072982 ], [ -111.685179, 40.072944 ], [ -111.681579, 40.072992 ], [ -111.679161, 40.079138 ], [ -111.676312, 40.080354 ], [ -111.670093, 40.079413 ], [ -111.667559, 40.072989 ], [ -111.66962, 40.068309 ], [ -111.671009, 40.067201 ], [ -111.671355, 40.066258 ], [ -111.671367, 40.066092 ], [ -111.670557, 40.064833 ], [ -111.667991, 40.061511 ], [ -111.667943, 40.061494 ], [ -111.6678, 40.061485 ], [ -111.665804, 40.062283 ], [ -111.66156, 40.063987 ], [ -111.654629, 40.062916 ], [ -111.654373, 40.062912 ], [ -111.652539, 40.064451 ], [ -111.652542, 40.064733 ], [ -111.646601, 40.070233 ], [ -111.644239, 40.06947 ], [ -111.64236, 40.069488 ], [ -111.633978, 40.072701 ], [ -111.632248, 40.072705 ], [ -111.62715, 40.075843 ], [ -111.619314, 40.079772 ], [ -111.618619, 40.080613 ], [ -111.618625, 40.084213 ], [ -111.615234, 40.090233 ], [ -111.609659, 40.092856 ], [ -111.607229, 40.098587 ], [ -111.610707, 40.101743 ], [ -111.610734, 40.101779 ], [ -111.612871, 40.108426 ], [ -111.611825, 40.111593 ], [ -111.611826, 40.111655 ], [ -111.612115, 40.112339 ], [ -111.612652, 40.113215 ], [ -111.612846, 40.113452 ], [ -111.617033, 40.117234 ], [ -111.618234, 40.11735 ], [ -111.620145, 40.117683 ], [ -111.625221, 40.124696 ], [ -111.626817, 40.126693 ], [ -111.631563, 40.130947 ], [ -111.633938, 40.132216 ], [ -111.635491, 40.132561 ], [ -111.637452, 40.132996 ], [ -111.644434, 40.134149 ], [ -111.647652, 40.138646 ], [ -111.648124, 40.139112 ], [ -111.652842, 40.142635 ], [ -111.65474, 40.143922 ], [ -111.655017, 40.143931 ], [ -111.661622, 40.139036 ], [ -111.665802, 40.136012 ], [ -111.665789, 40.132412 ], [ -111.67167, 40.127107 ], [ -111.67603, 40.124758 ], [ -111.681202, 40.124745 ], [ -111.681551, 40.124745 ], [ -111.686208, 40.121178 ], [ -111.692015, 40.117453 ], [ -111.692136, 40.113855 ], [ -111.697318, 40.109202 ], [ -111.70045, 40.109521 ], [ -111.70312, 40.109213 ], [ -111.703129, 40.105613 ] ] ] } },
{ "type": "Feature", "properties": { "group_index": 0, "value": 300.0, "center": [ -111.90247993072303, 40.526793016090906 ], "point_id": 0 }, "geometry": { "type": "Polygon", "coordinates": [ [ [ -111.919004, 40.52302 ], [ -111.917127, 40.52405 ], [ -111.916836, 40.524192 ], [ -111.91651, 40.524325 ], [ -111.91335, 40.52405 ], [ -111.912506, 40.519826 ], [ -111.911949, 40.518643 ], [ -111.907546, 40.516479 ], [ -111.905983, 40.515832 ], [ -111.905965, 40.515832 ], [ -111.905398, 40.515834 ], [ -111.905369, 40.515834 ], [ -111.903877, 40.516946 ], [ -111.903601, 40.517521 ], [ -111.903605, 40.517672 ], [ -111.90321, 40.519293 ], [ -111.897295, 40.519827 ], [ -111.893905, 40.518616 ], [ -111.892389, 40.519321 ], [ -111.89192, 40.519576 ], [ -111.887262, 40.523069 ], [ -111.884735, 40.52502 ], [ -111.883076, 40.526761 ], [ -111.883075, 40.526796 ], [ -111.883075, 40.526803 ], [ -111.883075, 40.526838 ], [ -111.883201, 40.527026 ], [ -111.88474, 40.52862 ], [ -111.885683, 40.529047 ], [ -111.889081, 40.530622 ], [ -111.889921, 40.530854 ], [ -111.89367, 40.53468 ], [ -111.896552, 40.536657 ], [ -111.896764, 40.536767 ], [ -111.897054, 40.536867 ], [ -111.897079, 40.536865 ], [ -111.89902, 40.53508 ], [ -111.900263, 40.532746 ], [ -111.905541, 40.534557 ], [ -111.906381, 40.535616 ], [ -111.910441, 40.537028 ], [ -111.911094, 40.53703 ], [ -111.912146, 40.535491 ], [ -111.915104, 40.531879 ], [ -111.918497, 40.527601 ], [ -111.920271, 40.527101 ], [ -111.920319, 40.527048 ], [ -111.920736, 40.526176 ], [ -111.919004, 40.52302 ] ] ] } },
{ "type": "Feature", "properties": { "group_index": 0, "value": 600.0, "center": [ -111.90247993072303, 40.526793016090906 ], "point_id": 0 }, "geometry": { "type": "Polygon", "coordinates": [ [ [ -111.937666, 40.522669 ], [ -111.936289, 40.520439 ], [ -111.935533, 40.519695 ], [ -111.930468, 40.515902 ], [ -111.92935, 40.5159 ], [ -111.9224, 40.516716 ], [ -111.920811, 40.518346 ], [ -111.911949, 40.518643 ], [ -111.911702, 40.514757 ], [ -111.913141, 40.512523 ], [ -111.913376, 40.511969 ], [ -111.913696, 40.510952 ], [ -111.913905, 40.50985 ], [ -111.913812, 40.508419 ], [ -111.912527, 40.507887 ], [ -111.90567, 40.504576 ], [ -111.9039, 40.503152 ], [ -111.903856, 40.50315 ], [ -111.896483, 40.504872 ], [ -111.889875, 40.508078 ], [ -111.886224, 40.512875 ], [ -111.881799, 40.513774 ], [ -111.881769, 40.513773 ], [ -111.875511, 40.518024 ], [ -111.869547, 40.523279 ], [ -111.867108, 40.525137 ], [ -111.865698, 40.526535 ], [ -111.865675, 40.526753 ], [ -111.866214, 40.527684 ], [ -111.867082, 40.528737 ], [ -111.869178, 40.530618 ], [ -111.871772, 40.5322 ], [ -111.878047, 40.537527 ], [ -111.879638, 40.53883 ], [ -111.885571, 40.540612 ], [ -111.890109, 40.544032 ], [ -111.890192, 40.544101 ], [ -111.893323, 40.546217 ], [ -111.898004, 40.549606 ], [ -111.898282, 40.549603 ], [ -111.899086, 40.54959 ], [ -111.899518, 40.549577 ], [ -111.906313, 40.547027 ], [ -111.909292, 40.547852 ], [ -111.911181, 40.548651 ], [ -111.912412, 40.548653 ], [ -111.918936, 40.545097 ], [ -111.918996, 40.545045 ], [ -111.919264, 40.54311 ], [ -111.922938, 40.53526 ], [ -111.925737, 40.534561 ], [ -111.926092, 40.534495 ], [ -111.928853, 40.531691 ], [ -111.934554, 40.525416 ], [ -111.936966, 40.523743 ], [ -111.937643, 40.522859 ], [ -111.937666, 40.522669 ] ] ] } },
{ "type": "Feature", "properties": { "group_index": 0, "value": 900.0, "center": [ -111.90247993072303, 40.526793016090906 ], "point_id": 0 }, "geometry": { "type": "Polygon", "coordinates": [ [ [ -111.95569, 40.522317 ], [ -111.952137, 40.518212 ], [ -111.952003, 40.518111 ], [ -111.944931, 40.51283 ], [ -111.93901, 40.508932 ], [ -111.93883, 40.508931 ], [ -111.932035, 40.506504 ], [ -111.931156, 40.503348 ], [ -111.930355, 40.502383 ], [ -111.929242, 40.501783 ], [ -111.928979, 40.501783 ], [ -111.920941, 40.498131 ], [ -111.920733, 40.497799 ], [ -111.918208, 40.497272 ], [ -111.917054, 40.497561 ], [ -111.915083, 40.498236 ], [ -111.907113, 40.496516 ], [ -111.901767, 40.496763 ], [ -111.901588, 40.497529 ], [ -111.901623, 40.49816 ], [ -111.896483, 40.504872 ], [ -111.894335, 40.50494 ], [ -111.888703, 40.501603 ], [ -111.88784, 40.500589 ], [ -111.886084, 40.500031 ], [ -111.885912, 40.500027 ], [ -111.880888, 40.500782 ], [ -111.87575, 40.503101 ], [ -111.872247, 40.505767 ], [ -111.866137, 40.510143 ], [ -111.864003, 40.511839 ], [ -111.858092, 40.516915 ], [ -111.852005, 40.523116 ], [ -111.849427, 40.525648 ], [ -111.848677, 40.526695 ], [ -111.848671, 40.526813 ], [ -111.851376, 40.532402 ], [ -111.857594, 40.535428 ], [ -111.862227, 40.538409 ], [ -111.866084, 40.541967 ], [ -111.870768, 40.544596 ], [ -111.871584, 40.544955 ], [ -111.879215, 40.549497 ], [ -111.881448, 40.551106 ], [ -111.887532, 40.555758 ], [ -111.890431, 40.557479 ], [ -111.89103, 40.557517 ], [ -111.899438, 40.560549 ], [ -111.902075, 40.560821 ], [ -111.902947, 40.560889 ], [ -111.903142, 40.560867 ], [ -111.903698, 40.56065 ], [ -111.905697, 40.559584 ], [ -111.914335, 40.55752 ], [ -111.914609, 40.557583 ], [ -111.914614, 40.557582 ], [ -111.916817, 40.556883 ], [ -111.922726, 40.554828 ], [ -111.926641, 40.5525 ], [ -111.932148, 40.548223 ], [ -111.9347, 40.545961 ], [ -111.936386, 40.544209 ], [ -111.94014, 40.537582 ], [ -111.941873, 40.535783 ], [ -111.947389, 40.52935 ], [ -111.954014, 40.524154 ], [ -111.955691, 40.522348 ], [ -111.95569, 40.522317 ] ] ] } },
{ "type": "Feature", "properties": { "group_index": 0, "value": 300.0, "center": [ -111.89080532598805, 40.566028738422425 ], "point_id": 0 }, "geometry": { "type": "Polygon", "coordinates": [ [ [ -111.90481, 40.568582 ], [ -111.904795, 40.568558 ], [ -111.902167, 40.566312 ], [ -111.899558, 40.561572 ], [ -111.899464, 40.560708 ], [ -111.89945, 40.557108 ], [ -111.894968, 40.553282 ], [ -111.890465, 40.551141 ], [ -111.890262, 40.551139 ], [ -111.886712, 40.553897 ], [ -111.882059, 40.557031 ], [ -111.879593, 40.559178 ], [ -111.877721, 40.56308 ], [ -111.876243, 40.565677 ], [ -111.87624, 40.566019 ], [ -111.87867, 40.57023 ], [ -111.879852, 40.573273 ], [ -111.880312, 40.574221 ], [ -111.880875, 40.575073 ], [ -111.883494, 40.576826 ], [ -111.888694, 40.579181 ], [ -111.888914, 40.579219 ], [ -111.889169, 40.579232 ], [ -111.892769, 40.579163 ], [ -111.897058, 40.577226 ], [ -111.899747, 40.575434 ], [ -111.903688, 40.571519 ], [ -111.905088, 40.569559 ], [ -111.90481, 40.568582 ] ] ] } },
{ "type": "Feature", "properties": { "group_index": 0, "value": 600.0, "center": [ -111.89080532598805, 40.566028738422425 ], "point_id": 0 }, "geometry": { "type": "Polygon", "coordinates": [ [ [ -111.921471, 40.571967 ], [ -111.920301, 40.570652 ], [ -111.919676, 40.570653 ], [ -111.918148, 40.570975 ], [ -111.916068, 40.57143 ], [ -111.91276, 40.57183 ], [ -111.910846, 40.571153 ], [ -111.910492, 40.562521 ], [ -111.912382, 40.561567 ], [ -111.914919, 40.561133 ], [ -111.916554, 40.561465 ], [ -111.917272, 40.557938 ], [ -111.915129, 40.554423 ], [ -111.914057, 40.553475 ], [ -111.90678, 40.548732 ], [ -111.90498, 40.547181 ], [ -111.8978, 40.542436 ], [ -111.892336, 40.538292 ], [ -111.891755, 40.53828 ], [ -111.889581, 40.539128 ], [ -111.884093, 40.542517 ], [ -111.877049, 40.546903 ], [ -111.875704, 40.547456 ], [ -111.87297, 40.549728 ], [ -111.86782, 40.554343 ], [ -111.864809, 40.556374 ], [ -111.864221, 40.556954 ], [ -111.862633, 40.561027 ], [ -111.862634, 40.564627 ], [ -111.861747, 40.573311 ], [ -111.861763, 40.573364 ], [ -111.863425, 40.574656 ], [ -111.868109, 40.579853 ], [ -111.869585, 40.580925 ], [ -111.875821, 40.585628 ], [ -111.879451, 40.587792 ], [ -111.884046, 40.590378 ], [ -111.888621, 40.592782 ], [ -111.891689, 40.593481 ], [ -111.892317, 40.59348 ], [ -111.897159, 40.589766 ], [ -111.901293, 40.586718 ], [ -111.90558, 40.583845 ], [ -111.907309, 40.582587 ], [ -111.908151, 40.581795 ], [ -111.911072, 40.579271 ], [ -111.919468, 40.576107 ], [ -111.921478, 40.572324 ], [ -111.921471, 40.571967 ] ] ] } },
{ "type": "Feature", "properties": { "group_index": 0, "value": 900.0, "center": [ -111.89080532598805, 40.566028738422425 ], "point_id": 0 }, "geometry": { "type": "Polygon", "coordinates": [ [ [ -111.937753, 40.571319 ], [ -111.934166, 40.564072 ], [ -111.935587, 40.56203 ], [ -111.935587, 40.562029 ], [ -111.930628, 40.55531 ], [ -111.927322, 40.548901 ], [ -111.921582, 40.542387 ], [ -111.919142, 40.541867 ], [ -111.912068, 40.539108 ], [ -111.907965, 40.536969 ], [ -111.90287, 40.533201 ], [ -111.897247, 40.530417 ], [ -111.889925, 40.525532 ], [ -111.889013, 40.52488 ], [ -111.888504, 40.524763 ], [ -111.888392, 40.524772 ], [ -111.888391, 40.524772 ], [ -111.888279, 40.52478 ], [ -111.88764, 40.525029 ], [ -111.884669, 40.528413 ], [ -111.883122, 40.530134 ], [ -111.880977, 40.531808 ], [ -111.872405, 40.533294 ], [ -111.872239, 40.53327 ], [ -111.871748, 40.53329 ], [ -111.867727, 40.538919 ], [ -111.863234, 40.542472 ], [ -111.861758, 40.544012 ], [ -111.855242, 40.549712 ], [ -111.852309, 40.552334 ], [ -111.84772, 40.556003 ], [ -111.845359, 40.557717 ], [ -111.845267, 40.557885 ], [ -111.845703, 40.560124 ], [ -111.847543, 40.566119 ], [ -111.848079, 40.567108 ], [ -111.848162, 40.567262 ], [ -111.851392, 40.571836 ], [ -111.854208, 40.579629 ], [ -111.854444, 40.582322 ], [ -111.85481, 40.582685 ], [ -111.859241, 40.586082 ], [ -111.864065, 40.590476 ], [ -111.870464, 40.594603 ], [ -111.877164, 40.599587 ], [ -111.880365, 40.601466 ], [ -111.886321, 40.604339 ], [ -111.890389, 40.607648 ], [ -111.891003, 40.607684 ], [ -111.891645, 40.607175 ], [ -111.896124, 40.603811 ], [ -111.900146, 40.601435 ], [ -111.905845, 40.597715 ], [ -111.906763, 40.596566 ], [ -111.911999, 40.591453 ], [ -111.915311, 40.589425 ], [ -111.921746, 40.583822 ], [ -111.924593, 40.583065 ], [ -111.929805, 40.581098 ], [ -111.930014, 40.581021 ], [ -111.932548, 40.579415 ], [ -111.937764, 40.574919 ], [ -111.937753, 40.571319 ] ] ] } }
]
}
