{
"type": "FeatureCollection",
"name": "CommuterRail_Stations_iso_cycling-regular",
"crs": { "type": "name", "properties": { "name": "urn:ogc:def:crs:OGC:1.3:CRS84" } },
"features": [
{ "type": "Feature", "properties": { "group_index": 0, "value": 300.0, "center": [ -111.98062136647515, 41.22481841275901 ], "point_id": 7 }, "geometry": { "type": "Polygon", "coordinates": [ [ [ -111.988878, 41.229563 ], [ -111.988041, 41.224762 ], [ -111.988085, 41.221162 ], [ -111.984994, 41.221124 ], [ -111.982953, 41.2211 ], [ -111.98035, 41.216658 ], [ -111.981405, 41.214567 ], [ -111.981404, 41.214457 ], [ -111.980066, 41.212679 ], [ -111.979042, 41.211888 ], [ -111.979034, 41.211888 ], [ -111.977942, 41.212653 ], [ -111.975031, 41.214716 ], [ -111.972191, 41.216778 ], [ -111.969378, 41.218853 ], [ -111.966561, 41.2209 ], [ -111.963798, 41.222962 ], [ -111.962075, 41.224719 ], [ -111.962073, 41.224796 ], [ -111.963747, 41.226561 ], [ -111.966453, 41.228678 ], [ -111.967614, 41.229585 ], [ -111.969172, 41.230802 ], [ -111.971839, 41.232924 ], [ -111.972759, 41.233584 ], [ -111.976857, 41.236732 ], [ -111.977065, 41.236816 ], [ -111.97711, 41.236816 ], [ -111.980319, 41.236274 ], [ -111.985685, 41.233746 ], [ -111.985857, 41.233757 ], [ -111.986229, 41.233775 ], [ -111.986777, 41.233772 ], [ -111.987314, 41.233655 ], [ -111.989086, 41.233158 ], [ -111.988878, 41.229563 ] ] ] } },
{ "type": "Feature", "properties": { "group_index": 0, "value": 600.0, "center": [ -111.98062136647515, 41.22481841275901 ], "point_id": 7 }, "geometry": { "type": "Polygon", "coordinates": [ [ [ -112.006289, 41.227548 ], [ -112.004151, 41.22251 ], [ -112.001865, 41.219729 ], [ -112.001323, 41.219225 ], [ -111.99999, 41.218204 ], [ -111.999267, 41.217648 ], [ -111.993418, 41.213196 ], [ -111.990551, 41.205257 ], [ -111.990541, 41.205204 ], [ -111.989135, 41.20405 ], [ -111.981922, 41.200479 ], [ -111.98017, 41.199077 ], [ -111.979719, 41.198726 ], [ -111.979569, 41.198723 ], [ -111.974839, 41.201597 ], [ -111.973174, 41.20281 ], [ -111.97118, 41.204267 ], [ -111.965141, 41.208348 ], [ -111.963854, 41.209266 ], [ -111.962348, 41.210375 ], [ -111.95565, 41.215515 ], [ -111.954249, 41.216542 ], [ -111.949975, 41.219636 ], [ -111.945865, 41.222713 ], [ -111.944319, 41.22442 ], [ -111.944318, 41.22449 ], [ -111.945815, 41.226312 ], [ -111.948509, 41.228446 ], [ -111.949853, 41.22951 ], [ -111.951234, 41.23058 ], [ -111.953904, 41.232691 ], [ -111.95755, 41.237794 ], [ -111.958037, 41.238225 ], [ -111.962735, 41.240549 ], [ -111.966027, 41.243061 ], [ -111.97106, 41.246196 ], [ -111.976754, 41.250441 ], [ -111.978822, 41.250568 ], [ -111.979481, 41.250494 ], [ -111.98578, 41.246144 ], [ -111.988479, 41.244144 ], [ -111.990263, 41.242385 ], [ -111.995972, 41.238268 ], [ -112.00017, 41.237061 ], [ -112.006506, 41.231141 ], [ -112.006289, 41.227548 ] ] ] } },
{ "type": "Feature", "properties": { "group_index": 0, "value": 900.0, "center": [ -111.98062136647515, 41.22481841275901 ], "point_id": 7 }, "geometry": { "type": "Polygon", "coordinates": [ [ [ -112.025168, 41.228542 ], [ -112.024211, 41.226923 ], [ -112.020944, 41.219621 ], [ -112.019454, 41.217822 ], [ -112.014678, 41.21163 ], [ -112.013749, 41.210738 ], [ -112.008251, 41.204629 ], [ -112.00683, 41.202835 ], [ -112.000318, 41.197387 ], [ -111.997958, 41.194213 ], [ -111.997684, 41.194168 ], [ -111.993254, 41.193944 ], [ -111.987022, 41.189033 ], [ -111.985698, 41.187701 ], [ -111.984754, 41.186904 ], [ -111.984329, 41.186548 ], [ -111.984027, 41.186391 ], [ -111.979421, 41.186882 ], [ -111.971675, 41.18846 ], [ -111.970911, 41.188743 ], [ -111.969373, 41.190311 ], [ -111.963996, 41.195901 ], [ -111.958845, 41.19916 ], [ -111.953393, 41.202405 ], [ -111.950089, 41.203963 ], [ -111.949563, 41.204318 ], [ -111.944729, 41.210141 ], [ -111.94332, 41.211169 ], [ -111.941901, 41.212195 ], [ -111.940042, 41.213387 ], [ -111.936241, 41.216305 ], [ -111.934812, 41.217351 ], [ -111.93341, 41.218378 ], [ -111.929698, 41.222422 ], [ -111.928907, 41.226434 ], [ -111.928905, 41.226579 ], [ -111.93312, 41.230338 ], [ -111.939076, 41.235309 ], [ -111.941443, 41.238042 ], [ -111.943823, 41.241384 ], [ -111.946, 41.244303 ], [ -111.946654, 41.244638 ], [ -111.946659, 41.24464 ], [ -111.947312, 41.244977 ], [ -111.952507, 41.24742 ], [ -111.958614, 41.250656 ], [ -111.962444, 41.253439 ], [ -111.964359, 41.254955 ], [ -111.965845, 41.25616 ], [ -111.968342, 41.258029 ], [ -111.972678, 41.261014 ], [ -111.976911, 41.264301 ], [ -111.977027, 41.264393 ], [ -111.97703, 41.264393 ], [ -111.978653, 41.264332 ], [ -111.983042, 41.261102 ], [ -111.983915, 41.259402 ], [ -111.990284, 41.255584 ], [ -111.991084, 41.255007 ], [ -111.997396, 41.250774 ], [ -112.003715, 41.246372 ], [ -112.010696, 41.243636 ], [ -112.016583, 41.236875 ], [ -112.020202, 41.233908 ], [ -112.022616, 41.232164 ], [ -112.024278, 41.230523 ], [ -112.025165, 41.228762 ], [ -112.025168, 41.228542 ] ] ] } },
{ "type": "Feature", "properties": { "group_index": 0, "value": 300.0, "center": [ -112.01380783474808, 41.094784632913175 ], "point_id": 5 }, "geometry": { "type": "Polygon", "coordinates": [ [ [ -112.020508, 41.10287 ], [ -112.018222, 41.097829 ], [ -112.017201, 41.096606 ], [ -112.013575, 41.092726 ], [ -112.0128, 41.091762 ], [ -112.012352, 41.091427 ], [ -112.0082, 41.088189 ], [ -112.007367, 41.087318 ], [ -112.006892, 41.087186 ], [ -112.006752, 41.087195 ], [ -112.006441, 41.08734 ], [ -112.002549, 41.089594 ], [ -112.001481, 41.091014 ], [ -112.001498, 41.094614 ], [ -112.001693, 41.096651 ], [ -112.00291, 41.099527 ], [ -112.004116, 41.100259 ], [ -112.007029, 41.101819 ], [ -112.011605, 41.102333 ], [ -112.014808, 41.102277 ], [ -112.018695, 41.104668 ], [ -112.018719, 41.104668 ], [ -112.020508, 41.102892 ], [ -112.020508, 41.10287 ] ] ] } },
{ "type": "Feature", "properties": { "group_index": 0, "value": 600.0, "center": [ -112.01380783474808, 41.094784632913175 ], "point_id": 5 }, "geometry": { "type": "Polygon", "coordinates": [ [ [ -112.033582, 41.105685 ], [ -112.033554, 41.105169 ], [ -112.032044, 41.10243 ], [ -112.031338, 41.102302 ], [ -112.025451, 41.100454 ], [ -112.022412, 41.097107 ], [ -112.025304, 41.091012 ], [ -112.025317, 41.087412 ], [ -112.018868, 41.082177 ], [ -112.01454, 41.078468 ], [ -112.012227, 41.076868 ], [ -112.006888, 41.073671 ], [ -112.006734, 41.073672 ], [ -112.000575, 41.075121 ], [ -112.000541, 41.075142 ], [ -111.992967, 41.078723 ], [ -111.989522, 41.079712 ], [ -111.989512, 41.07972 ], [ -111.987003, 41.085788 ], [ -111.98446, 41.089041 ], [ -111.984458, 41.089177 ], [ -111.984458, 41.089184 ], [ -111.984457, 41.08932 ], [ -111.985998, 41.090995 ], [ -111.987378, 41.091461 ], [ -111.987387, 41.091461 ], [ -111.989197, 41.091747 ], [ -111.993728, 41.094358 ], [ -111.992931, 41.101739 ], [ -111.992849, 41.102365 ], [ -111.992858, 41.102706 ], [ -111.992931, 41.105339 ], [ -111.994652, 41.105339 ], [ -112.002507, 41.106291 ], [ -112.004521, 41.10775 ], [ -112.010398, 41.112713 ], [ -112.015944, 41.115668 ], [ -112.016284, 41.115666 ], [ -112.016367, 41.115666 ], [ -112.016625, 41.115664 ], [ -112.025499, 41.114836 ], [ -112.026237, 41.114929 ], [ -112.026322, 41.114902 ], [ -112.030727, 41.111248 ], [ -112.033397, 41.108833 ], [ -112.033582, 41.105685 ] ] ] } },
{ "type": "Feature", "properties": { "group_index": 0, "value": 900.0, "center": [ -112.01380783474808, 41.094784632913175 ], "point_id": 5 }, "geometry": { "type": "Polygon", "coordinates": [ [ [ -112.050076, 41.10887 ], [ -112.043789, 41.102644 ], [ -112.043211, 41.100939 ], [ -112.040172, 41.099948 ], [ -112.042231, 41.091253 ], [ -112.042513, 41.091258 ], [ -112.043128, 41.090959 ], [ -112.044071, 41.089608 ], [ -112.044064, 41.089395 ], [ -112.043292, 41.087362 ], [ -112.041015, 41.085226 ], [ -112.037162, 41.082743 ], [ -112.031628, 41.077449 ], [ -112.026422, 41.072889 ], [ -112.021089, 41.06927 ], [ -112.020223, 41.06881 ], [ -112.014843, 41.065838 ], [ -112.008058, 41.060189 ], [ -112.007158, 41.060188 ], [ -112.00547, 41.061333 ], [ -111.998095, 41.064042 ], [ -111.992195, 41.063798 ], [ -111.989538, 41.066226 ], [ -111.98568, 41.069273 ], [ -111.979605, 41.070379 ], [ -111.978621, 41.070352 ], [ -111.978536, 41.070373 ], [ -111.978515, 41.070384 ], [ -111.97596, 41.072452 ], [ -111.972797, 41.080779 ], [ -111.968153, 41.087401 ], [ -111.966375, 41.089166 ], [ -111.966375, 41.089175 ], [ -111.966375, 41.089201 ], [ -111.966375, 41.08921 ], [ -111.967543, 41.090823 ], [ -111.971088, 41.093385 ], [ -111.971632, 41.093494 ], [ -111.975043, 41.101718 ], [ -111.973552, 41.103244 ], [ -111.97355, 41.103278 ], [ -111.975019, 41.105318 ], [ -111.975127, 41.105319 ], [ -111.977175, 41.105062 ], [ -111.985875, 41.105345 ], [ -111.992931, 41.105339 ], [ -111.994652, 41.105339 ], [ -112.002496, 41.108026 ], [ -112.002936, 41.108903 ], [ -112.002957, 41.108943 ], [ -112.003062, 41.109061 ], [ -112.004273, 41.109837 ], [ -112.010072, 41.112711 ], [ -112.014891, 41.116762 ], [ -112.014957, 41.116829 ], [ -112.016973, 41.118634 ], [ -112.021233, 41.12616 ], [ -112.02423, 41.126865 ], [ -112.02777, 41.127194 ], [ -112.027842, 41.127195 ], [ -112.028051, 41.127151 ], [ -112.03037, 41.125427 ], [ -112.03131, 41.124734 ], [ -112.035615, 41.122219 ], [ -112.040457, 41.121977 ], [ -112.040925, 41.12178 ], [ -112.042958, 41.119707 ], [ -112.04418, 41.118026 ], [ -112.050079, 41.11247 ], [ -112.050076, 41.10887 ] ] ] } },
{ "type": "Feature", "properties": { "group_index": 0, "value": 300.0, "center": [ -111.96538470350531, 41.057189169417256 ], "point_id": 4 }, "geometry": { "type": "Polygon", "coordinates": [ [ [ -111.971191, 41.061052 ], [ -111.971286, 41.058577 ], [ -111.971277, 41.058571 ], [ -111.967173, 41.054431 ], [ -111.966402, 41.053029 ], [ -111.961776, 41.05433 ], [ -111.95962, 41.054345 ], [ -111.959164, 41.054368 ], [ -111.959349, 41.057964 ], [ -111.962003, 41.061941 ], [ -111.967504, 41.064203 ], [ -111.96777, 41.064341 ], [ -111.969635, 41.064496 ], [ -111.969645, 41.06449 ], [ -111.971169, 41.061436 ], [ -111.971191, 41.061052 ] ] ] } },
{ "type": "Feature", "properties": { "group_index": 0, "value": 600.0, "center": [ -111.96538470350531, 41.057189169417256 ], "point_id": 4 }, "geometry": { "type": "Polygon", "coordinates": [ [ [ -111.989747, 41.059716 ], [ -111.988553, 41.05835 ], [ -111.987711, 41.058272 ], [ -111.983623, 41.050704 ], [ -111.984316, 41.049022 ], [ -111.984371, 41.048679 ], [ -111.984363, 41.048547 ], [ -111.983034, 41.047153 ], [ -111.982867, 41.047014 ], [ -111.978966, 41.045607 ], [ -111.970577, 41.043368 ], [ -111.965923, 41.042283 ], [ -111.965909, 41.042289 ], [ -111.965909, 41.042289 ], [ -111.965895, 41.042295 ], [ -111.957556, 41.0454 ], [ -111.956553, 41.044577 ], [ -111.955704, 41.044488 ], [ -111.953343, 41.044345 ], [ -111.95143, 41.044341 ], [ -111.951424, 41.044345 ], [ -111.94759, 41.048203 ], [ -111.94708, 41.050398 ], [ -111.946524, 41.055457 ], [ -111.944346, 41.059936 ], [ -111.943949, 41.060636 ], [ -111.943399, 41.061854 ], [ -111.943334, 41.062819 ], [ -111.943366, 41.062866 ], [ -111.944713, 41.063518 ], [ -111.948714, 41.065757 ], [ -111.952529, 41.068839 ], [ -111.958655, 41.072638 ], [ -111.9613, 41.07508 ], [ -111.965614, 41.074859 ], [ -111.966154, 41.074805 ], [ -111.973146, 41.074325 ], [ -111.979253, 41.075188 ], [ -111.979375, 41.075218 ], [ -111.980508, 41.074656 ], [ -111.981184, 41.073529 ], [ -111.982334, 41.071493 ], [ -111.982737, 41.070541 ], [ -111.987501, 41.063997 ], [ -111.990158, 41.061568 ], [ -111.989747, 41.059716 ] ] ] } },
{ "type": "Feature", "properties": { "group_index": 0, "value": 900.0, "center": [ -111.96538470350531, 41.057189169417256 ], "point_id": 4 }, "geometry": { "type": "Polygon", "coordinates": [ [ [ -112.008053, 41.060276 ], [ -112.006544, 41.058459 ], [ -112.006444, 41.058337 ], [ -112.005504, 41.058275 ], [ -112.004663, 41.058277 ], [ -112.001085, 41.050321 ], [ -112.001339, 41.049607 ], [ -112.001318, 41.049302 ], [ -112.000556, 41.047511 ], [ -111.996934, 41.040916 ], [ -111.996626, 41.040556 ], [ -111.996527, 41.040483 ], [ -111.99172, 41.038877 ], [ -111.985242, 41.037489 ], [ -111.979489, 41.036042 ], [ -111.97336, 41.033002 ], [ -111.967375, 41.032104 ], [ -111.961082, 41.030285 ], [ -111.959587, 41.029763 ], [ -111.959415, 41.029795 ], [ -111.958797, 41.030225 ], [ -111.958421, 41.030507 ], [ -111.958279, 41.030639 ], [ -111.955826, 41.034905 ], [ -111.948013, 41.034754 ], [ -111.946228, 41.033106 ], [ -111.945998, 41.033104 ], [ -111.93843, 41.036286 ], [ -111.936754, 41.037989 ], [ -111.936415, 41.038609 ], [ -111.936432, 41.038861 ], [ -111.936432, 41.038861 ], [ -111.936437, 41.038934 ], [ -111.935959, 41.045419 ], [ -111.934343, 41.050076 ], [ -111.932879, 41.052741 ], [ -111.932291, 41.055485 ], [ -111.926493, 41.062022 ], [ -111.925758, 41.062396 ], [ -111.926447, 41.065929 ], [ -111.927995, 41.067523 ], [ -111.929406, 41.068776 ], [ -111.932036, 41.070815 ], [ -111.938803, 41.074273 ], [ -111.94169, 41.076041 ], [ -111.94236, 41.076467 ], [ -111.948829, 41.080749 ], [ -111.950038, 41.083113 ], [ -111.950988, 41.086047 ], [ -111.951048, 41.086061 ], [ -111.95914, 41.088056 ], [ -111.959167, 41.088055 ], [ -111.959215, 41.088039 ], [ -111.965771, 41.085191 ], [ -111.971683, 41.086744 ], [ -111.973316, 41.08765 ], [ -111.97536, 41.087054 ], [ -111.975584, 41.086974 ], [ -111.978391, 41.084916 ], [ -111.986515, 41.084537 ], [ -111.987475, 41.085099 ], [ -111.987993, 41.085099 ], [ -111.988655, 41.08499 ], [ -111.994204, 41.083778 ], [ -111.994244, 41.083739 ], [ -111.996893, 41.076468 ], [ -111.997771, 41.075399 ], [ -111.997876, 41.075035 ], [ -112.000707, 41.067632 ], [ -112.006314, 41.062052 ], [ -112.006446, 41.061937 ], [ -112.008052, 41.060316 ], [ -112.008053, 41.060276 ] ] ] } },
{ "type": "Feature", "properties": { "group_index": 0, "value": 300.0, "center": [ -111.90290777461979, 40.88103234562655 ], "point_id": 2 }, "geometry": { "type": "Polygon", "coordinates": [ [ [ -111.90828, 40.882327 ], [ -111.905602, 40.878478 ], [ -111.905874, 40.876495 ], [ -111.906605, 40.874636 ], [ -111.906603, 40.874337 ], [ -111.905888, 40.872895 ], [ -111.901914, 40.870778 ], [ -111.901914, 40.870778 ], [ -111.899007, 40.872937 ], [ -111.897462, 40.874539 ], [ -111.896607, 40.876834 ], [ -111.897729, 40.879416 ], [ -111.8934, 40.882337 ], [ -111.893362, 40.882337 ], [ -111.893361, 40.882337 ], [ -111.893323, 40.882338 ], [ -111.892893, 40.882444 ], [ -111.8911, 40.884242 ], [ -111.8911, 40.884245 ], [ -111.892881, 40.886044 ], [ -111.894158, 40.886598 ], [ -111.894438, 40.8866 ], [ -111.89684, 40.885921 ], [ -111.900226, 40.888775 ], [ -111.901448, 40.890207 ], [ -111.901986, 40.890217 ], [ -111.903825, 40.888718 ], [ -111.908294, 40.885927 ], [ -111.90828, 40.882327 ] ] ] } },
{ "type": "Feature", "properties": { "group_index": 0, "value": 600.0, "center": [ -111.90290777461979, 40.88103234562655 ], "point_id": 2 }, "geometry": { "type": "Polygon", "coordinates": [ [ [ -111.925863, 40.882252 ], [ -111.924662, 40.874603 ], [ -111.923633, 40.872875 ], [ -111.919086, 40.869193 ], [ -111.914794, 40.86607 ], [ -111.907781, 40.861374 ], [ -111.906422, 40.859827 ], [ -111.906085, 40.85974 ], [ -111.899411, 40.859589 ], [ -111.899391, 40.859593 ], [ -111.896927, 40.864745 ], [ -111.892437, 40.865499 ], [ -111.891044, 40.865416 ], [ -111.885369, 40.8694 ], [ -111.881718, 40.872938 ], [ -111.88036, 40.874368 ], [ -111.880362, 40.874663 ], [ -111.876603, 40.881737 ], [ -111.87504, 40.882491 ], [ -111.873313, 40.884226 ], [ -111.873312, 40.884278 ], [ -111.875049, 40.886091 ], [ -111.878764, 40.889093 ], [ -111.884445, 40.893264 ], [ -111.888006, 40.895812 ], [ -111.891611, 40.898452 ], [ -111.898687, 40.901467 ], [ -111.900259, 40.902235 ], [ -111.902183, 40.902449 ], [ -111.902817, 40.902447 ], [ -111.904318, 40.902254 ], [ -111.907342, 40.899133 ], [ -111.912918, 40.895822 ], [ -111.916941, 40.89273 ], [ -111.920574, 40.890604 ], [ -111.925883, 40.885852 ], [ -111.925863, 40.882252 ] ] ] } },
{ "type": "Feature", "properties": { "group_index": 0, "value": 900.0, "center": [ -111.90290777461979, 40.88103234562655 ], "point_id": 2 }, "geometry": { "type": "Polygon", "coordinates": [ [ [ -111.941655, 40.884951 ], [ -111.941555, 40.884144 ], [ -111.940352, 40.881237 ], [ -111.937864, 40.876595 ], [ -111.939323, 40.870753 ], [ -111.932778, 40.865874 ], [ -111.926846, 40.861424 ], [ -111.925292, 40.859823 ], [ -111.920962, 40.856546 ], [ -111.920583, 40.856545 ], [ -111.914043, 40.851674 ], [ -111.913743, 40.85024 ], [ -111.913641, 40.849974 ], [ -111.911819, 40.848238 ], [ -111.911682, 40.84824 ], [ -111.902758, 40.848521 ], [ -111.902161, 40.848532 ], [ -111.901398, 40.848635 ], [ -111.896676, 40.850491 ], [ -111.893032, 40.852225 ], [ -111.890083, 40.853644 ], [ -111.88334, 40.857229 ], [ -111.879344, 40.859612 ], [ -111.879164, 40.859751 ], [ -111.872444, 40.865261 ], [ -111.871232, 40.866175 ], [ -111.867878, 40.869022 ], [ -111.867503, 40.869536 ], [ -111.86264, 40.875371 ], [ -111.86002, 40.877734 ], [ -111.855685, 40.883541 ], [ -111.855646, 40.88361 ], [ -111.856515, 40.885181 ], [ -111.858429, 40.887538 ], [ -111.860187, 40.889188 ], [ -111.867023, 40.894053 ], [ -111.867891, 40.894728 ], [ -111.871552, 40.897255 ], [ -111.876794, 40.901638 ], [ -111.882831, 40.90617 ], [ -111.887492, 40.909599 ], [ -111.894875, 40.912702 ], [ -111.901172, 40.91732 ], [ -111.90139, 40.91732 ], [ -111.90587, 40.914992 ], [ -111.911406, 40.911272 ], [ -111.917161, 40.906265 ], [ -111.921002, 40.903201 ], [ -111.924052, 40.900464 ], [ -111.924007, 40.896864 ], [ -111.923734, 40.895541 ], [ -111.923441, 40.894713 ], [ -111.922672, 40.89265 ], [ -111.926889, 40.885844 ], [ -111.929375, 40.885757 ], [ -111.929994, 40.885833 ], [ -111.93194, 40.885813 ], [ -111.933888, 40.885794 ], [ -111.93964, 40.888133 ], [ -111.941031, 40.886565 ], [ -111.94144, 40.885906 ], [ -111.941655, 40.884951 ] ] ] } },
{ "type": "Feature", "properties": { "group_index": 0, "value": 300.0, "center": [ -111.90489670986916, 40.98652587071849 ], "point_id": 3 }, "geometry": { "type": "Polygon", "coordinates": [ [ [ -111.918136, 40.989643 ], [ -111.918012, 40.984766 ], [ -111.919629, 40.982218 ], [ -111.91963, 40.982161 ], [ -111.917924, 40.980383 ], [ -111.916518, 40.979301 ], [ -111.912841, 40.976887 ], [ -111.910842, 40.976778 ], [ -111.910826, 40.976778 ], [ -111.905244, 40.975837 ], [ -111.904947, 40.975521 ], [ -111.902099, 40.973441 ], [ -111.90164, 40.973443 ], [ -111.898422, 40.975154 ], [ -111.893808, 40.978738 ], [ -111.892304, 40.980315 ], [ -111.892305, 40.980415 ], [ -111.89379, 40.982338 ], [ -111.895167, 40.98336 ], [ -111.896214, 40.983363 ], [ -111.898938, 40.982455 ], [ -111.899692, 40.98246 ], [ -111.903699, 40.98566 ], [ -111.900442, 40.989555 ], [ -111.900491, 40.993154 ], [ -111.902581, 40.99389 ], [ -111.905941, 40.992596 ], [ -111.910004, 40.992917 ], [ -111.910998, 40.993215 ], [ -111.914862, 40.993611 ], [ -111.918115, 40.993243 ], [ -111.918136, 40.989643 ] ] ] } },
{ "type": "Feature", "properties": { "group_index": 0, "value": 600.0, "center": [ -111.90489670986916, 40.98652587071849 ], "point_id": 3 }, "geometry": { "type": "Polygon", "coordinates": [ [ [ -111.937352, 40.99124 ], [ -111.935531, 40.982955 ], [ -111.935269, 40.979612 ], [ -111.933007, 40.976604 ], [ -111.932941, 40.97656 ], [ -111.929402, 40.977239 ], [ -111.923035, 40.971473 ], [ -111.922871, 40.971138 ], [ -111.92123, 40.969906 ], [ -111.921102, 40.969906 ], [ -111.913, 40.966578 ], [ -111.912464, 40.96541 ], [ -111.911216, 40.964426 ], [ -111.910641, 40.963973 ], [ -111.909642, 40.963379 ], [ -111.902826, 40.960301 ], [ -111.900853, 40.959729 ], [ -111.90077, 40.95974 ], [ -111.89411, 40.963368 ], [ -111.891613, 40.963009 ], [ -111.888841, 40.968481 ], [ -111.882904, 40.972707 ], [ -111.878944, 40.975308 ], [ -111.877338, 40.977209 ], [ -111.877572, 40.982597 ], [ -111.877901, 40.983535 ], [ -111.878195, 40.983825 ], [ -111.881346, 40.986291 ], [ -111.883522, 40.991704 ], [ -111.886276, 40.996905 ], [ -111.886733, 40.997559 ], [ -111.887392, 40.998036 ], [ -111.887566, 40.998114 ], [ -111.893106, 41.000136 ], [ -111.893405, 41.000224 ], [ -111.901424, 41.003207 ], [ -111.905673, 41.005483 ], [ -111.906447, 41.005431 ], [ -111.91273, 41.00447 ], [ -111.914506, 41.003268 ], [ -111.915278, 41.00254 ], [ -111.917078, 41.00051 ], [ -111.92257, 40.997067 ], [ -111.926365, 40.998301 ], [ -111.929276, 41.000248 ], [ -111.932153, 40.998507 ], [ -111.932872, 40.997784 ], [ -111.937351, 40.991317 ], [ -111.937352, 40.99124 ] ] ] } },
{ "type": "Feature", "properties": { "group_index": 0, "value": 900.0, "center": [ -111.90489670986916, 40.98652587071849 ], "point_id": 3 }, "geometry": { "type": "Polygon", "coordinates": [ [ [ -111.946757, 41.001281 ], [ -111.946702, 40.999841 ], [ -111.946512, 40.999098 ], [ -111.946084, 40.997886 ], [ -111.945192, 40.997385 ], [ -111.941473, 40.994127 ], [ -111.939169, 40.993163 ], [ -111.938826, 40.984637 ], [ -111.939007, 40.983983 ], [ -111.939097, 40.981981 ], [ -111.938437, 40.98084 ], [ -111.937749, 40.980475 ], [ -111.933006, 40.973328 ], [ -111.932794, 40.968736 ], [ -111.932762, 40.967985 ], [ -111.93241, 40.967222 ], [ -111.931449, 40.965754 ], [ -111.929586, 40.963625 ], [ -111.925986, 40.963663 ], [ -111.924556, 40.963516 ], [ -111.918467, 40.957668 ], [ -111.918487, 40.956767 ], [ -111.916659, 40.956642 ], [ -111.915026, 40.956647 ], [ -111.914888, 40.956686 ], [ -111.914868, 40.957587 ], [ -111.909642, 40.963379 ], [ -111.904104, 40.957682 ], [ -111.903425, 40.954912 ], [ -111.902742, 40.952125 ], [ -111.902286, 40.950342 ], [ -111.901357, 40.947706 ], [ -111.899234, 40.947509 ], [ -111.895749, 40.948411 ], [ -111.891676, 40.950017 ], [ -111.886488, 40.956537 ], [ -111.881545, 40.959486 ], [ -111.879943, 40.961803 ], [ -111.873864, 40.965369 ], [ -111.870925, 40.965662 ], [ -111.870865, 40.965798 ], [ -111.870736, 40.966803 ], [ -111.870237, 40.973246 ], [ -111.8708, 40.975377 ], [ -111.873717, 40.978675 ], [ -111.875678, 40.984832 ], [ -111.875943, 40.985534 ], [ -111.876358, 40.986581 ], [ -111.876849, 40.988207 ], [ -111.877294, 40.989202 ], [ -111.879647, 40.995245 ], [ -111.875655, 40.99901 ], [ -111.875002, 40.999288 ], [ -111.874661, 40.999493 ], [ -111.876513, 41.00258 ], [ -111.878796, 41.002419 ], [ -111.879352, 41.002293 ], [ -111.88268, 41.0019 ], [ -111.890343, 41.005497 ], [ -111.890394, 41.007829 ], [ -111.892885, 41.010345 ], [ -111.894791, 41.011781 ], [ -111.895526, 41.012314 ], [ -111.896229, 41.012525 ], [ -111.904068, 41.015659 ], [ -111.904259, 41.015694 ], [ -111.911438, 41.016105 ], [ -111.913492, 41.016759 ], [ -111.914399, 41.016938 ], [ -111.915828, 41.017099 ], [ -111.916642, 41.017052 ], [ -111.918039, 41.016373 ], [ -111.918828, 41.015682 ], [ -111.922173, 41.012926 ], [ -111.922637, 41.012229 ], [ -111.922657, 41.012202 ], [ -111.927148, 41.007708 ], [ -111.931121, 41.007362 ], [ -111.938599, 41.011414 ], [ -111.939415, 41.011354 ], [ -111.941154, 41.011012 ], [ -111.941277, 41.010903 ], [ -111.942894, 41.009347 ], [ -111.94632, 41.005194 ], [ -111.946757, 41.001281 ] ] ] } },
{ "type": "Feature", "properties": { "group_index": 0, "value": 300.0, "center": [ -112.0110306, 41.3084111 ], "point_id": 8 }, "geometry": { "type": "Polygon", "coordinates": [ [ [ -112.020643, 41.306155 ], [ -112.020487, 41.30562 ], [ -112.020471, 41.305596 ], [ -112.01952, 41.304925 ], [ -112.016011, 41.302585 ], [ -112.015442, 41.302599 ], [ -112.01506, 41.302607 ], [ -112.014875, 41.302611 ], [ -112.014286, 41.303106 ], [ -112.013649, 41.304165 ], [ -112.012446, 41.305635 ], [ -112.00789, 41.30184 ], [ -112.007773, 41.301682 ], [ -112.007036, 41.30138 ], [ -112.00405, 41.300322 ], [ -112.001804, 41.299957 ], [ -112.000657, 41.300909 ], [ -111.999145, 41.302384 ], [ -111.996045, 41.304905 ], [ -111.995783, 41.307308 ], [ -111.995776, 41.307629 ], [ -111.995759, 41.308493 ], [ -111.997004, 41.30913 ], [ -112.001217, 41.3118 ], [ -112.003123, 41.313348 ], [ -112.006355, 41.315861 ], [ -112.009138, 41.318145 ], [ -112.009991, 41.318704 ], [ -112.01273, 41.318917 ], [ -112.015606, 41.316752 ], [ -112.013664, 41.314172 ], [ -112.01717, 41.310341 ], [ -112.019713, 41.30852 ], [ -112.02068, 41.30644 ], [ -112.020643, 41.306155 ] ] ] } },
{ "type": "Feature", "properties": { "group_index": 0, "value": 600.0, "center": [ -112.0110306, 41.3084111 ], "point_id": 8 }, "geometry": { "type": "Polygon", "coordinates": [ [ [ -112.037424, 41.304899 ], [ -112.032616, 41.30082 ], [ -112.029526, 41.299335 ], [ -112.024033, 41.299012 ], [ -112.016355, 41.296312 ], [ -112.01198, 41.29056 ], [ -112.010015, 41.290023 ], [ -112.009177, 41.290309 ], [ -112.008102, 41.291197 ], [ -112.007861, 41.292357 ], [ -112.002565, 41.296573 ], [ -111.99825, 41.288937 ], [ -111.998254, 41.288651 ], [ -111.99776, 41.287855 ], [ -111.996853, 41.287117 ], [ -111.996473, 41.287112 ], [ -111.995794, 41.28719 ], [ -111.99257, 41.288335 ], [ -111.989579, 41.290338 ], [ -111.985591, 41.294667 ], [ -111.985588, 41.294693 ], [ -111.985618, 41.295009 ], [ -111.98038, 41.302285 ], [ -111.978217, 41.303942 ], [ -111.978579, 41.307524 ], [ -111.979808, 41.3074 ], [ -111.980418, 41.307382 ], [ -111.981865, 41.307383 ], [ -111.987877, 41.312246 ], [ -111.987788, 41.315578 ], [ -111.991665, 41.318552 ], [ -111.994274, 41.319968 ], [ -111.998577, 41.32409 ], [ -112.000181, 41.327722 ], [ -112.00083, 41.329243 ], [ -112.002613, 41.330376 ], [ -112.007788, 41.329577 ], [ -112.013429, 41.329629 ], [ -112.020648, 41.330556 ], [ -112.0235, 41.330979 ], [ -112.023849, 41.330832 ], [ -112.024435, 41.328503 ], [ -112.024238, 41.328241 ], [ -112.021896, 41.325892 ], [ -112.021469, 41.325235 ], [ -112.019459, 41.321882 ], [ -112.019053, 41.315306 ], [ -112.026146, 41.314659 ], [ -112.028134, 41.314927 ], [ -112.029706, 41.314127 ], [ -112.030797, 41.312896 ], [ -112.037456, 41.308499 ], [ -112.037424, 41.304899 ] ] ] } },
{ "type": "Feature", "properties": { "group_index": 0, "value": 900.0, "center": [ -112.0110306, 41.3084111 ], "point_id": 8 }, "geometry": { "type": "Polygon", "coordinates": [ [ [ -112.054813, 41.304816 ], [ -112.054824, 41.304569 ], [ -112.054616, 41.303179 ], [ -112.049601, 41.300059 ], [ -112.045694, 41.297167 ], [ -112.044774, 41.297164 ], [ -112.040681, 41.298067 ], [ -112.039459, 41.298084 ], [ -112.03907, 41.298058 ], [ -112.033966, 41.29073 ], [ -112.033997, 41.290468 ], [ -112.033171, 41.289257 ], [ -112.028564, 41.28409 ], [ -112.028008, 41.284083 ], [ -112.026187, 41.285817 ], [ -112.022912, 41.287746 ], [ -112.01592, 41.282267 ], [ -112.015899, 41.282034 ], [ -112.009857, 41.277286 ], [ -112.008515, 41.277272 ], [ -112.001511, 41.276845 ], [ -111.999621, 41.275307 ], [ -111.999564, 41.275311 ], [ -111.998907, 41.275666 ], [ -111.996653, 41.276967 ], [ -111.988225, 41.277149 ], [ -111.985497, 41.276504 ], [ -111.982849, 41.276007 ], [ -111.982666, 41.276057 ], [ -111.979725, 41.281164 ], [ -111.975887, 41.287867 ], [ -111.974437, 41.289308 ], [ -111.969472, 41.292703 ], [ -111.968615, 41.293285 ], [ -111.968501, 41.293469 ], [ -111.967978, 41.294568 ], [ -111.963941, 41.300838 ], [ -111.960705, 41.304013 ], [ -111.960175, 41.307274 ], [ -111.960257, 41.30735 ], [ -111.962313, 41.308879 ], [ -111.968282, 41.313612 ], [ -111.968333, 41.31362 ], [ -111.974219, 41.315009 ], [ -111.977243, 41.318162 ], [ -111.978737, 41.321923 ], [ -111.979057, 41.323014 ], [ -111.979788, 41.323369 ], [ -111.98051, 41.323668 ], [ -111.986064, 41.32858 ], [ -111.986357, 41.331412 ], [ -111.986357, 41.331425 ], [ -111.986357, 41.331426 ], [ -111.986356, 41.331439 ], [ -111.988073, 41.333293 ], [ -111.992478, 41.337803 ], [ -111.994264, 41.337804 ], [ -111.997993, 41.335475 ], [ -112.004049, 41.33712 ], [ -112.004833, 41.33712 ], [ -112.006837, 41.337085 ], [ -112.014706, 41.336366 ], [ -112.014903, 41.336333 ], [ -112.0234, 41.333605 ], [ -112.026197, 41.336851 ], [ -112.02929, 41.340999 ], [ -112.029503, 41.341429 ], [ -112.029984, 41.342598 ], [ -112.03111, 41.342803 ], [ -112.033313, 41.341229 ], [ -112.033739, 41.340344 ], [ -112.031828, 41.3377 ], [ -112.031495, 41.336839 ], [ -112.031307, 41.336456 ], [ -112.030928, 41.335894 ], [ -112.030656, 41.33558 ], [ -112.030106, 41.335091 ], [ -112.034971, 41.327585 ], [ -112.035284, 41.327576 ], [ -112.035742, 41.327483 ], [ -112.040094, 41.322913 ], [ -112.04167, 41.321176 ], [ -112.044423, 41.317771 ], [ -112.043957, 41.316116 ], [ -112.049512, 41.309821 ], [ -112.049581, 41.309792 ], [ -112.051333, 41.309172 ], [ -112.054611, 41.306779 ], [ -112.054813, 41.304816 ] ] ] } },
{ "type": "Feature", "properties": { "group_index": 0, "value": 300.0, "center": [ -112.03945052776315, 41.18873213332462 ], "point_id": 6 }, "geometry": { "type": "Polygon", "coordinates": [ [ [ -112.042327, 41.19065 ], [ -112.042258, 41.189669 ], [ -112.04048, 41.186654 ], [ -112.037245, 41.185127 ], [ -112.035436, 41.18568 ], [ -112.035371, 41.185739 ], [ -112.030412, 41.188895 ], [ -112.030245, 41.188898 ], [ -112.028645, 41.19063 ], [ -112.028637, 41.190846 ], [ -112.031291, 41.19414 ], [ -112.034138, 41.195677 ], [ -112.038589, 41.193775 ], [ -112.041025, 41.192461 ], [ -112.04233, 41.191018 ], [ -112.042327, 41.19065 ] ] ] } },
{ "type": "Feature", "properties": { "group_index": 0, "value": 600.0, "center": [ -112.03945052776315, 41.18873213332462 ], "point_id": 6 }, "geometry": { "type": "Polygon", "coordinates": [ [ [ -112.058942, 41.188886 ], [ -112.0565, 41.183923 ], [ -112.056428, 41.183773 ], [ -112.053083, 41.181945 ], [ -112.049127, 41.177339 ], [ -112.041831, 41.174364 ], [ -112.038694, 41.173022 ], [ -112.038016, 41.173022 ], [ -112.035382, 41.173836 ], [ -112.027597, 41.177311 ], [ -112.024744, 41.179504 ], [ -112.021854, 41.181699 ], [ -112.021876, 41.185299 ], [ -112.021794, 41.192482 ], [ -112.019595, 41.198813 ], [ -112.021053, 41.202104 ], [ -112.024002, 41.202697 ], [ -112.027602, 41.202742 ], [ -112.034275, 41.20331 ], [ -112.03447, 41.203333 ], [ -112.035494, 41.203417 ], [ -112.036005, 41.203028 ], [ -112.036379, 41.202736 ], [ -112.036971, 41.202295 ], [ -112.045126, 41.199704 ], [ -112.046011, 41.199708 ], [ -112.048949, 41.198178 ], [ -112.056673, 41.194672 ], [ -112.058942, 41.192486 ], [ -112.058942, 41.188886 ] ] ] } },
{ "type": "Feature", "properties": { "group_index": 0, "value": 900.0, "center": [ -112.03945052776315, 41.18873213332462 ], "point_id": 6 }, "geometry": { "type": "Polygon", "coordinates": [ [ [ -112.078647, 41.190335 ], [ -112.076872, 41.188966 ], [ -112.074038, 41.186984 ], [ -112.070218, 41.183131 ], [ -112.069044, 41.176388 ], [ -112.069044, 41.176242 ], [ -112.067161, 41.173744 ], [ -112.06701, 41.173686 ], [ -112.059326, 41.170671 ], [ -112.054591, 41.16713 ], [ -112.047393, 41.162593 ], [ -112.040494, 41.161304 ], [ -112.039324, 41.161238 ], [ -112.03369, 41.161698 ], [ -112.02721, 41.164653 ], [ -112.024202, 41.16619 ], [ -112.024144, 41.166226 ], [ -112.01961, 41.17068 ], [ -112.018286, 41.172926 ], [ -112.017766, 41.174843 ], [ -112.016252, 41.18237 ], [ -112.011054, 41.183587 ], [ -112.01095, 41.183667 ], [ -112.006983, 41.189233 ], [ -112.009489, 41.191818 ], [ -112.011019, 41.190334 ], [ -112.012896, 41.188538 ], [ -112.017754, 41.185743 ], [ -112.021794, 41.192482 ], [ -112.019092, 41.19883 ], [ -112.016139, 41.19977 ], [ -112.013051, 41.200758 ], [ -112.010081, 41.201948 ], [ -112.005073, 41.203219 ], [ -112.00434, 41.203267 ], [ -112.003691, 41.203266 ], [ -112.003687, 41.206866 ], [ -112.006429, 41.208728 ], [ -112.01399, 41.213501 ], [ -112.019527, 41.215373 ], [ -112.025652, 41.21787 ], [ -112.025713, 41.217871 ], [ -112.026258, 41.217629 ], [ -112.02838, 41.216073 ], [ -112.032395, 41.212605 ], [ -112.036646, 41.212328 ], [ -112.044474, 41.213569 ], [ -112.044953, 41.21357 ], [ -112.049346, 41.210623 ], [ -112.054212, 41.207016 ], [ -112.055807, 41.205385 ], [ -112.062445, 41.201036 ], [ -112.066045, 41.201063 ], [ -112.072415, 41.19638 ], [ -112.076863, 41.192566 ], [ -112.078647, 41.190766 ], [ -112.078647, 41.190335 ] ] ] } },
{ "type": "Feature", "properties": { "group_index": 0, "value": 300.0, "center": [ -111.8966364783375, 40.42539741003109 ], "point_id": 0 }, "geometry": { "type": "Polygon", "coordinates": [ [ [ -111.9093, 40.432023 ], [ -111.908867, 40.429063 ], [ -111.906089, 40.426774 ], [ -111.902288, 40.423594 ], [ -111.898937, 40.420563 ], [ -111.898715, 40.420362 ], [ -111.894904, 40.415937 ], [ -111.893626, 40.414649 ], [ -111.889567, 40.415053 ], [ -111.885523, 40.415345 ], [ -111.885477, 40.415574 ], [ -111.8851, 40.42014 ], [ -111.884608, 40.422664 ], [ -111.883548, 40.426144 ], [ -111.883917, 40.426471 ], [ -111.887177, 40.431319 ], [ -111.888852, 40.43341 ], [ -111.890074, 40.433418 ], [ -111.895356, 40.435648 ], [ -111.897505, 40.436369 ], [ -111.901836, 40.435762 ], [ -111.903382, 40.435568 ], [ -111.906484, 40.434633 ], [ -111.908623, 40.433757 ], [ -111.908939, 40.433401 ], [ -111.9093, 40.432023 ] ] ] } },
{ "type": "Feature", "properties": { "group_index": 0, "value": 600.0, "center": [ -111.8966364783375, 40.42539741003109 ], "point_id": 0 }, "geometry": { "type": "Polygon", "coordinates": [ [ [ -111.912974, 40.43487 ], [ -111.912942, 40.434095 ], [ -111.911163, 40.429344 ], [ -111.910745, 40.428882 ], [ -111.910639, 40.428766 ], [ -111.908867, 40.426815 ], [ -111.908315, 40.426522 ], [ -111.902288, 40.423594 ], [ -111.904124, 40.416874 ], [ -111.904178, 40.416834 ], [ -111.904186, 40.416828 ], [ -111.904241, 40.416788 ], [ -111.905264, 40.415091 ], [ -111.905498, 40.411499 ], [ -111.901239, 40.404875 ], [ -111.899271, 40.403972 ], [ -111.896595, 40.40425 ], [ -111.887915, 40.402053 ], [ -111.886517, 40.401593 ], [ -111.886195, 40.4016 ], [ -111.882387, 40.404385 ], [ -111.876137, 40.40925 ], [ -111.87415, 40.4107 ], [ -111.873068, 40.411492 ], [ -111.87149, 40.41328 ], [ -111.871489, 40.413297 ], [ -111.87149, 40.413329 ], [ -111.871491, 40.413346 ], [ -111.872935, 40.421849 ], [ -111.873071, 40.42442 ], [ -111.870816, 40.430774 ], [ -111.871159, 40.434357 ], [ -111.878434, 40.438907 ], [ -111.87859, 40.438983 ], [ -111.881466, 40.439292 ], [ -111.889438, 40.440398 ], [ -111.89238, 40.442379 ], [ -111.89251, 40.442382 ], [ -111.892999, 40.442389 ], [ -111.893829, 40.441859 ], [ -111.894063, 40.441726 ], [ -111.896154, 40.440639 ], [ -111.903075, 40.443981 ], [ -111.905267, 40.44533 ], [ -111.906721, 40.446223 ], [ -111.908353, 40.444554 ], [ -111.91272, 40.438929 ], [ -111.912974, 40.43487 ] ] ] } },
{ "type": "Feature", "properties": { "group_index": 0, "value": 900.0, "center": [ -111.8966364783375, 40.42539741003109 ], "point_id": 0 }, "geometry": { "type": "Polygon", "coordinates": [ [ [ -111.925942, 40.440652 ], [ -111.925807, 40.440593 ], [ -111.922664, 40.439286 ], [ -111.92183, 40.438975 ], [ -111.921237, 40.438832 ], [ -111.917842, 40.437208 ], [ -111.912515, 40.433097 ], [ -111.911163, 40.429344 ], [ -111.914325, 40.424076 ], [ -111.917271, 40.421706 ], [ -111.91732, 40.42166 ], [ -111.922999, 40.415523 ], [ -111.923123, 40.415211 ], [ -111.923597, 40.411924 ], [ -111.918157, 40.405346 ], [ -111.917749, 40.404099 ], [ -111.917721, 40.404001 ], [ -111.91234, 40.399992 ], [ -111.909618, 40.397912 ], [ -111.908518, 40.397136 ], [ -111.907928, 40.396806 ], [ -111.905863, 40.396734 ], [ -111.90233, 40.399348 ], [ -111.894358, 40.395307 ], [ -111.891733, 40.391717 ], [ -111.890584, 40.390569 ], [ -111.888778, 40.38895 ], [ -111.886413, 40.387587 ], [ -111.886368, 40.387586 ], [ -111.884091, 40.389281 ], [ -111.882403, 40.390897 ], [ -111.875039, 40.394859 ], [ -111.872954, 40.396768 ], [ -111.872447, 40.397581 ], [ -111.87179, 40.398542 ], [ -111.87025, 40.40032 ], [ -111.863144, 40.40272 ], [ -111.862868, 40.40276 ], [ -111.860528, 40.404095 ], [ -111.858335, 40.40695 ], [ -111.858996, 40.413144 ], [ -111.857934, 40.420767 ], [ -111.857933, 40.420819 ], [ -111.855022, 40.429266 ], [ -111.85363, 40.429994 ], [ -111.852952, 40.430277 ], [ -111.852855, 40.433876 ], [ -111.853551, 40.43463 ], [ -111.858849, 40.440306 ], [ -111.861208, 40.441669 ], [ -111.862375, 40.44183 ], [ -111.868682, 40.442531 ], [ -111.869656, 40.442701 ], [ -111.8701, 40.442758 ], [ -111.870607, 40.442766 ], [ -111.870766, 40.442685 ], [ -111.873609, 40.440789 ], [ -111.879724, 40.443786 ], [ -111.88043, 40.445902 ], [ -111.882229, 40.448781 ], [ -111.883217, 40.450411 ], [ -111.885958, 40.452865 ], [ -111.893351, 40.453392 ], [ -111.895707, 40.453784 ], [ -111.895738, 40.453784 ], [ -111.903301, 40.45237 ], [ -111.904024, 40.452388 ], [ -111.90508, 40.452257 ], [ -111.912535, 40.454732 ], [ -111.913127, 40.458032 ], [ -111.91667, 40.457396 ], [ -111.916079, 40.454096 ], [ -111.915766, 40.452142 ], [ -111.915543, 40.450991 ], [ -111.91538, 40.45048 ], [ -111.914963, 40.44951 ], [ -111.919406, 40.442235 ], [ -111.920485, 40.442353 ], [ -111.922881, 40.443626 ], [ -111.923515, 40.443787 ], [ -111.924544, 40.444064 ], [ -111.924921, 40.44406 ], [ -111.925942, 40.440652 ] ] ] } },
{ "type": "Feature", "properties": { "group_index": 0, "value": 300.0, "center": [ -111.81967908559471, 40.37307916002236 ], "point_id": 0 }, "geometry": { "type": "Polygon", "coordinates": [ [ [ -111.837384, 40.372535 ], [ -111.835671, 40.370888 ], [ -111.831212, 40.369099 ], [ -111.828035, 40.364982 ], [ -111.827952, 40.364896 ], [ -111.823899, 40.360676 ], [ -111.823894, 40.360674 ], [ -111.82136, 40.361412 ], [ -111.820293, 40.362339 ], [ -111.815429, 40.364488 ], [ -111.813643, 40.362886 ], [ -111.812893, 40.362878 ], [ -111.80943, 40.366664 ], [ -111.804897, 40.36884 ], [ -111.803825, 40.369522 ], [ -111.803062, 40.370853 ], [ -111.802103, 40.372758 ], [ -111.802104, 40.373302 ], [ -111.804721, 40.376562 ], [ -111.805851, 40.377652 ], [ -111.806739, 40.377652 ], [ -111.807444, 40.377207 ], [ -111.808297, 40.376141 ], [ -111.808754, 40.374989 ], [ -111.811621, 40.372713 ], [ -111.815935, 40.374537 ], [ -111.820008, 40.37456 ], [ -111.821933, 40.374996 ], [ -111.826307, 40.374606 ], [ -111.83117, 40.374634 ], [ -111.833264, 40.376254 ], [ -111.833274, 40.376256 ], [ -111.835388, 40.374754 ], [ -111.835683, 40.374488 ], [ -111.837367, 40.372803 ], [ -111.837384, 40.372535 ] ] ] } },
{ "type": "Feature", "properties": { "group_index": 0, "value": 600.0, "center": [ -111.81967908559471, 40.37307916002236 ], "point_id": 0 }, "geometry": { "type": "Polygon", "coordinates": [ [ [ -111.847826, 40.367922 ], [ -111.846654, 40.366716 ], [ -111.845618, 40.366675 ], [ -111.838391, 40.362764 ], [ -111.83794, 40.36276 ], [ -111.837807, 40.362759 ], [ -111.837729, 40.362758 ], [ -111.835763, 40.362952 ], [ -111.828677, 40.357498 ], [ -111.828243, 40.356882 ], [ -111.824137, 40.354905 ], [ -111.82175, 40.354698 ], [ -111.819482, 40.354778 ], [ -111.817722, 40.356226 ], [ -111.81016, 40.359659 ], [ -111.809098, 40.35884 ], [ -111.807765, 40.357478 ], [ -111.807758, 40.357471 ], [ -111.807492, 40.357259 ], [ -111.807481, 40.35725 ], [ -111.804982, 40.355644 ], [ -111.804482, 40.355644 ], [ -111.80295, 40.35612 ], [ -111.795049, 40.360002 ], [ -111.791458, 40.36117 ], [ -111.791334, 40.36127 ], [ -111.788081, 40.368775 ], [ -111.784757, 40.37176 ], [ -111.783718, 40.372567 ], [ -111.783717, 40.37264 ], [ -111.78596, 40.374913 ], [ -111.789764, 40.378559 ], [ -111.792601, 40.380838 ], [ -111.797843, 40.384862 ], [ -111.800431, 40.386877 ], [ -111.803022, 40.388886 ], [ -111.805313, 40.390466 ], [ -111.805733, 40.390458 ], [ -111.806261, 40.390391 ], [ -111.808458, 40.389829 ], [ -111.810608, 40.388904 ], [ -111.812898, 40.387692 ], [ -111.815427, 40.386204 ], [ -111.816298, 40.385139 ], [ -111.817365, 40.384095 ], [ -111.825045, 40.381675 ], [ -111.832637, 40.384998 ], [ -111.83359, 40.387566 ], [ -111.833616, 40.387639 ], [ -111.834865, 40.388484 ], [ -111.835575, 40.388748 ], [ -111.835651, 40.388735 ], [ -111.836502, 40.387675 ], [ -111.837663, 40.38622 ], [ -111.83892, 40.384469 ], [ -111.838866, 40.384323 ], [ -111.838224, 40.383467 ], [ -111.841616, 40.375278 ], [ -111.842342, 40.375213 ], [ -111.844014, 40.375204 ], [ -111.844393, 40.375227 ], [ -111.844506, 40.375227 ], [ -111.846187, 40.373502 ], [ -111.84784, 40.371522 ], [ -111.847826, 40.367922 ] ] ] } },
{ "type": "Feature", "properties": { "group_index": 0, "value": 900.0, "center": [ -111.81967908559471, 40.37307916002236 ], "point_id": 0 }, "geometry": { "type": "Polygon", "coordinates": [ [ [ -111.86349, 40.369774 ], [ -111.863491, 40.369184 ], [ -111.863489, 40.369088 ], [ -111.863426, 40.368603 ], [ -111.859901, 40.362527 ], [ -111.859861, 40.362476 ], [ -111.857341, 40.361504 ], [ -111.857111, 40.361475 ], [ -111.856701, 40.361653 ], [ -111.849187, 40.364959 ], [ -111.845618, 40.366675 ], [ -111.838391, 40.362764 ], [ -111.83794, 40.36276 ], [ -111.837807, 40.362759 ], [ -111.837729, 40.362758 ], [ -111.835763, 40.362952 ], [ -111.828677, 40.357498 ], [ -111.828243, 40.356882 ], [ -111.824137, 40.354905 ], [ -111.82175, 40.354698 ], [ -111.819482, 40.354778 ], [ -111.817722, 40.356226 ], [ -111.809044, 40.357606 ], [ -111.808323, 40.35668 ], [ -111.803523, 40.350349 ], [ -111.804041, 40.347764 ], [ -111.804047, 40.347571 ], [ -111.803778, 40.346218 ], [ -111.803549, 40.345113 ], [ -111.799949, 40.345087 ], [ -111.794549, 40.34594 ], [ -111.790597, 40.349936 ], [ -111.785488, 40.351961 ], [ -111.780136, 40.353363 ], [ -111.77914, 40.353499 ], [ -111.779055, 40.357234 ], [ -111.778051, 40.362454 ], [ -111.77327, 40.366894 ], [ -111.770393, 40.368604 ], [ -111.768681, 40.369747 ], [ -111.768613, 40.370036 ], [ -111.769357, 40.372204 ], [ -111.771526, 40.376047 ], [ -111.772449, 40.377499 ], [ -111.776061, 40.381696 ], [ -111.780116, 40.384951 ], [ -111.785542, 40.389817 ], [ -111.790287, 40.392784 ], [ -111.79409, 40.396062 ], [ -111.801307, 40.401263 ], [ -111.802668, 40.402171 ], [ -111.807127, 40.403017 ], [ -111.807129, 40.403017 ], [ -111.809164, 40.402698 ], [ -111.813118, 40.400454 ], [ -111.813727, 40.400115 ], [ -111.817264, 40.397862 ], [ -111.821672, 40.396362 ], [ -111.826382, 40.395288 ], [ -111.831526, 40.396979 ], [ -111.832902, 40.397859 ], [ -111.833116, 40.397899 ], [ -111.833165, 40.397907 ], [ -111.833228, 40.397906 ], [ -111.841601, 40.396878 ], [ -111.842959, 40.397476 ], [ -111.843903, 40.398038 ], [ -111.844637, 40.398509 ], [ -111.845173, 40.398008 ], [ -111.845874, 40.396762 ], [ -111.84658, 40.395478 ], [ -111.851874, 40.389624 ], [ -111.854191, 40.387206 ], [ -111.855631, 40.38547 ], [ -111.858758, 40.378178 ], [ -111.860793, 40.376621 ], [ -111.86169, 40.375938 ], [ -111.862429, 40.374992 ], [ -111.86349, 40.369774 ] ] ] } },
{ "type": "Feature", "properties": { "group_index": 0, "value": 300.0, "center": [ -111.72609041341013, 40.27993748551257 ], "point_id": 0 }, "geometry": { "type": "Polygon", "coordinates": [ [ [ -111.74188, 40.278165 ], [ -111.74016, 40.276171 ], [ -111.735412, 40.273946 ], [ -111.734023, 40.272472 ], [ -111.733598, 40.272476 ], [ -111.731871, 40.272694 ], [ -111.729628, 40.273661 ], [ -111.727717, 40.273727 ], [ -111.724814, 40.269634 ], [ -111.724971, 40.268752 ], [ -111.723675, 40.268772 ], [ -111.723084, 40.268867 ], [ -111.722819, 40.268938 ], [ -111.720361, 40.270098 ], [ -111.716499, 40.273694 ], [ -111.71655, 40.277293 ], [ -111.716145, 40.28214 ], [ -111.716185, 40.282201 ], [ -111.718168, 40.282924 ], [ -111.723204, 40.284334 ], [ -111.723512, 40.284326 ], [ -111.724072, 40.28424 ], [ -111.726777, 40.284089 ], [ -111.730348, 40.285167 ], [ -111.73205, 40.288708 ], [ -111.732073, 40.289154 ], [ -111.734041, 40.290001 ], [ -111.734713, 40.289996 ], [ -111.73724, 40.288533 ], [ -111.73759, 40.28495 ], [ -111.739881, 40.282831 ], [ -111.741244, 40.281767 ], [ -111.741803, 40.281069 ], [ -111.74188, 40.278165 ] ] ] } },
{ "type": "Feature", "properties": { "group_index": 0, "value": 600.0, "center": [ -111.72609041341013, 40.27993748551257 ], "point_id": 0 }, "geometry": { "type": "Polygon", "coordinates": [ [ [ -111.751427, 40.284997 ], [ -111.745046, 40.278953 ], [ -111.739058, 40.274235 ], [ -111.735424, 40.271558 ], [ -111.733932, 40.271564 ], [ -111.733623, 40.271565 ], [ -111.731871, 40.272694 ], [ -111.724971, 40.268752 ], [ -111.725304, 40.265864 ], [ -111.725311, 40.265261 ], [ -111.725381, 40.261671 ], [ -111.724388, 40.261024 ], [ -111.723212, 40.260359 ], [ -111.716017, 40.257369 ], [ -111.715055, 40.25702 ], [ -111.712638, 40.258978 ], [ -111.710888, 40.260793 ], [ -111.707788, 40.264072 ], [ -111.706166, 40.266017 ], [ -111.699864, 40.271549 ], [ -111.698536, 40.272106 ], [ -111.698475, 40.272204 ], [ -111.698038, 40.273533 ], [ -111.69804, 40.273682 ], [ -111.698208, 40.274256 ], [ -111.699043, 40.276264 ], [ -111.702721, 40.283179 ], [ -111.703493, 40.284301 ], [ -111.705753, 40.286863 ], [ -111.71317, 40.291769 ], [ -111.718732, 40.294258 ], [ -111.722753, 40.297827 ], [ -111.72279, 40.297846 ], [ -111.72626, 40.298949 ], [ -111.732079, 40.302525 ], [ -111.734482, 40.302823 ], [ -111.734586, 40.302823 ], [ -111.738036, 40.302237 ], [ -111.741141, 40.301375 ], [ -111.741309, 40.301301 ], [ -111.743322, 40.298444 ], [ -111.747831, 40.294792 ], [ -111.751723, 40.288585 ], [ -111.751427, 40.284997 ] ] ] } },
{ "type": "Feature", "properties": { "group_index": 0, "value": 900.0, "center": [ -111.72609041341013, 40.27993748551257 ], "point_id": 0 }, "geometry": { "type": "Polygon", "coordinates": [ [ [ -111.762844, 40.296854 ], [ -111.762843, 40.296689 ], [ -111.761365, 40.295156 ], [ -111.758301, 40.292695 ], [ -111.754653, 40.286984 ], [ -111.754029, 40.284449 ], [ -111.752997, 40.283756 ], [ -111.751991, 40.283567 ], [ -111.745046, 40.278953 ], [ -111.739058, 40.274235 ], [ -111.735424, 40.271558 ], [ -111.733932, 40.271564 ], [ -111.733623, 40.271565 ], [ -111.731871, 40.272694 ], [ -111.724971, 40.268752 ], [ -111.725304, 40.265864 ], [ -111.725311, 40.265261 ], [ -111.725381, 40.261671 ], [ -111.722488, 40.253942 ], [ -111.72288, 40.251075 ], [ -111.72215, 40.249679 ], [ -111.72165, 40.249158 ], [ -111.71601, 40.245645 ], [ -111.71171, 40.245212 ], [ -111.711597, 40.245213 ], [ -111.707309, 40.246732 ], [ -111.701235, 40.247296 ], [ -111.701197, 40.247316 ], [ -111.700818, 40.25015 ], [ -111.69684, 40.255249 ], [ -111.693719, 40.258935 ], [ -111.693211, 40.259677 ], [ -111.69183, 40.262278 ], [ -111.686248, 40.2678 ], [ -111.683642, 40.269716 ], [ -111.682996, 40.270191 ], [ -111.681305, 40.271871 ], [ -111.680254, 40.27358 ], [ -111.680245, 40.273764 ], [ -111.681217, 40.27547 ], [ -111.684861, 40.282626 ], [ -111.685229, 40.283385 ], [ -111.685816, 40.284193 ], [ -111.690215, 40.287463 ], [ -111.694248, 40.290911 ], [ -111.695039, 40.291606 ], [ -111.696097, 40.292439 ], [ -111.698478, 40.294294 ], [ -111.703925, 40.298623 ], [ -111.708549, 40.301793 ], [ -111.714844, 40.306383 ], [ -111.722755, 40.310031 ], [ -111.723523, 40.310678 ], [ -111.728553, 40.313755 ], [ -111.73357, 40.316443 ], [ -111.733592, 40.316443 ], [ -111.735392, 40.31635 ], [ -111.736048, 40.316246 ], [ -111.736534, 40.316059 ], [ -111.743774, 40.313458 ], [ -111.745431, 40.313223 ], [ -111.749958, 40.31276 ], [ -111.750114, 40.312714 ], [ -111.750168, 40.312686 ], [ -111.751163, 40.311254 ], [ -111.752218, 40.309704 ], [ -111.755657, 40.304681 ], [ -111.761387, 40.298838 ], [ -111.762252, 40.298473 ], [ -111.762844, 40.297181 ], [ -111.762844, 40.296854 ] ] ] } },
{ "type": "Feature", "properties": { "group_index": 0, "value": 300.0, "center": [ -111.66069005363003, 40.225462209608224 ], "point_id": 0 }, "geometry": { "type": "Polygon", "coordinates": [ [ [ -111.669946, 40.227489 ], [ -111.667978, 40.221849 ], [ -111.666841, 40.219922 ], [ -111.66434, 40.217892 ], [ -111.664299, 40.217871 ], [ -111.663028, 40.217447 ], [ -111.658975, 40.216867 ], [ -111.658895, 40.216867 ], [ -111.65719, 40.218532 ], [ -111.653893, 40.220181 ], [ -111.652194, 40.221947 ], [ -111.650685, 40.223876 ], [ -111.649863, 40.225826 ], [ -111.649861, 40.225983 ], [ -111.649923, 40.226517 ], [ -111.650608, 40.227475 ], [ -111.652305, 40.228825 ], [ -111.654029, 40.230153 ], [ -111.654895, 40.230822 ], [ -111.655835, 40.23152 ], [ -111.657527, 40.232807 ], [ -111.660271, 40.234075 ], [ -111.661062, 40.234154 ], [ -111.661113, 40.234155 ], [ -111.663806, 40.232825 ], [ -111.66394, 40.232735 ], [ -111.665689, 40.231418 ], [ -111.667302, 40.230198 ], [ -111.669064, 40.228869 ], [ -111.669949, 40.227615 ], [ -111.669946, 40.227489 ] ] ] } },
{ "type": "Feature", "properties": { "group_index": 0, "value": 600.0, "center": [ -111.66069005363003, 40.225462209608224 ], "point_id": 0 }, "geometry": { "type": "Polygon", "coordinates": [ [ [ -111.685869, 40.226546 ], [ -111.685869, 40.226544 ], [ -111.685869, 40.226528 ], [ -111.6853, 40.224336 ], [ -111.682351, 40.216677 ], [ -111.677818, 40.213167 ], [ -111.675658, 40.211864 ], [ -111.668577, 40.207529 ], [ -111.662258, 40.205249 ], [ -111.661607, 40.205284 ], [ -111.661156, 40.205329 ], [ -111.654671, 40.206988 ], [ -111.651107, 40.208251 ], [ -111.644874, 40.211664 ], [ -111.642942, 40.21345 ], [ -111.637912, 40.21782 ], [ -111.635672, 40.220701 ], [ -111.634833, 40.222233 ], [ -111.633435, 40.227419 ], [ -111.633434, 40.227447 ], [ -111.633435, 40.227464 ], [ -111.633436, 40.227493 ], [ -111.633564, 40.227635 ], [ -111.636544, 40.230758 ], [ -111.643236, 40.235472 ], [ -111.645502, 40.237336 ], [ -111.646608, 40.238182 ], [ -111.651974, 40.24217 ], [ -111.657113, 40.246157 ], [ -111.658353, 40.247003 ], [ -111.662077, 40.247456 ], [ -111.662102, 40.247456 ], [ -111.663959, 40.246102 ], [ -111.667543, 40.243538 ], [ -111.671021, 40.240916 ], [ -111.672741, 40.239595 ], [ -111.674466, 40.23828 ], [ -111.680676, 40.234073 ], [ -111.682699, 40.231213 ], [ -111.685869, 40.226562 ], [ -111.685869, 40.226546 ] ] ] } },
{ "type": "Feature", "properties": { "group_index": 0, "value": 900.0, "center": [ -111.66069005363003, 40.225462209608224 ], "point_id": 0 }, "geometry": { "type": "Polygon", "coordinates": [ [ [ -111.703379, 40.226964 ], [ -111.70252, 40.224459 ], [ -111.696697, 40.22168 ], [ -111.693097, 40.221677 ], [ -111.691162, 40.213517 ], [ -111.689409, 40.21147 ], [ -111.689289, 40.211364 ], [ -111.681826, 40.209265 ], [ -111.67808, 40.20859 ], [ -111.669971, 40.207644 ], [ -111.662258, 40.205249 ], [ -111.656649, 40.203568 ], [ -111.655891, 40.203396 ], [ -111.655168, 40.203414 ], [ -111.654691, 40.203512 ], [ -111.653139, 40.204036 ], [ -111.652773, 40.204205 ], [ -111.652372, 40.204496 ], [ -111.651948, 40.205048 ], [ -111.646193, 40.207695 ], [ -111.642954, 40.203101 ], [ -111.642632, 40.202267 ], [ -111.642139, 40.200672 ], [ -111.6387, 40.201735 ], [ -111.634517, 40.20624 ], [ -111.630832, 40.206261 ], [ -111.629556, 40.206021 ], [ -111.629547, 40.206021 ], [ -111.628772, 40.20631 ], [ -111.628497, 40.206462 ], [ -111.623993, 40.214229 ], [ -111.623704, 40.214966 ], [ -111.62244, 40.222957 ], [ -111.621792, 40.223936 ], [ -111.621715, 40.224613 ], [ -111.622552, 40.225963 ], [ -111.622825, 40.226271 ], [ -111.623011, 40.226443 ], [ -111.626999, 40.229908 ], [ -111.62827, 40.234597 ], [ -111.631344, 40.241396 ], [ -111.632996, 40.243883 ], [ -111.633129, 40.244055 ], [ -111.634907, 40.245216 ], [ -111.635918, 40.245533 ], [ -111.643369, 40.250314 ], [ -111.644823, 40.251682 ], [ -111.647055, 40.253941 ], [ -111.650341, 40.256754 ], [ -111.653145, 40.257614 ], [ -111.658495, 40.260675 ], [ -111.661516, 40.260829 ], [ -111.661574, 40.260829 ], [ -111.663208, 40.260013 ], [ -111.66532, 40.258669 ], [ -111.671486, 40.256334 ], [ -111.671902, 40.25609 ], [ -111.674337, 40.254672 ], [ -111.674352, 40.254654 ], [ -111.679979, 40.24796 ], [ -111.680895, 40.247207 ], [ -111.688568, 40.24365 ], [ -111.688623, 40.243622 ], [ -111.689399, 40.240971 ], [ -111.694284, 40.236568 ], [ -111.695772, 40.235657 ], [ -111.697449, 40.233877 ], [ -111.702481, 40.228059 ], [ -111.703379, 40.226976 ], [ -111.703379, 40.226964 ] ] ] } },
{ "type": "Feature", "properties": { "group_index": 0, "value": 300.0, "center": [ -111.89628619705994, 40.66029234406321 ], "point_id": 0 }, "geometry": { "type": "Polygon", "coordinates": [ [ [ -111.906342, 40.659764 ], [ -111.906247, 40.659632 ], [ -111.904614, 40.658153 ], [ -111.900113, 40.654969 ], [ -111.898066, 40.654855 ], [ -111.894045, 40.653873 ], [ -111.894025, 40.653875 ], [ -111.891244, 40.655651 ], [ -111.887541, 40.6598 ], [ -111.88591, 40.66316 ], [ -111.885708, 40.664 ], [ -111.885707, 40.664079 ], [ -111.886581, 40.665745 ], [ -111.888708, 40.667346 ], [ -111.889915, 40.668114 ], [ -111.891451, 40.668689 ], [ -111.892537, 40.668827 ], [ -111.894047, 40.667556 ], [ -111.898521, 40.667298 ], [ -111.898927, 40.667298 ], [ -111.899441, 40.667165 ], [ -111.899473, 40.667155 ], [ -111.900633, 40.666012 ], [ -111.905065, 40.662312 ], [ -111.906367, 40.659818 ], [ -111.906342, 40.659764 ] ] ] } },
{ "type": "Feature", "properties": { "group_index": 0, "value": 600.0, "center": [ -111.89628619705994, 40.66029234406321 ], "point_id": 0 }, "geometry": { "type": "Polygon", "coordinates": [ [ [ -111.921266, 40.657839 ], [ -111.917634, 40.651255 ], [ -111.910396, 40.646795 ], [ -111.903897, 40.643625 ], [ -111.898674, 40.641122 ], [ -111.898388, 40.640989 ], [ -111.898363, 40.64099 ], [ -111.898304, 40.640992 ], [ -111.898279, 40.640994 ], [ -111.897283, 40.641796 ], [ -111.897268, 40.64181 ], [ -111.893671, 40.644321 ], [ -111.888442, 40.645258 ], [ -111.888436, 40.645258 ], [ -111.888279, 40.645347 ], [ -111.880984, 40.649692 ], [ -111.878815, 40.651251 ], [ -111.872498, 40.654654 ], [ -111.872411, 40.654713 ], [ -111.872218, 40.655057 ], [ -111.871913, 40.655679 ], [ -111.87188, 40.655765 ], [ -111.871881, 40.656679 ], [ -111.872042, 40.665387 ], [ -111.87205, 40.665516 ], [ -111.8735, 40.668132 ], [ -111.875833, 40.67001 ], [ -111.880648, 40.674863 ], [ -111.881977, 40.676135 ], [ -111.886584, 40.678851 ], [ -111.89002, 40.680764 ], [ -111.892284, 40.680732 ], [ -111.899745, 40.67934 ], [ -111.901535, 40.678691 ], [ -111.905519, 40.67683 ], [ -111.906317, 40.676374 ], [ -111.912261, 40.672373 ], [ -111.915988, 40.667744 ], [ -111.919134, 40.663367 ], [ -111.921271, 40.65787 ], [ -111.921266, 40.657839 ] ] ] } },
{ "type": "Feature", "properties": { "group_index": 0, "value": 900.0, "center": [ -111.89628619705994, 40.66029234406321 ], "point_id": 0 }, "geometry": { "type": "Polygon", "coordinates": [ [ [ -111.935105, 40.664197 ], [ -111.93331, 40.662342 ], [ -111.935483, 40.65452 ], [ -111.935495, 40.654508 ], [ -111.935879, 40.653907 ], [ -111.935885, 40.653892 ], [ -111.936034, 40.653093 ], [ -111.936032, 40.652976 ], [ -111.935859, 40.652527 ], [ -111.935261, 40.651412 ], [ -111.935217, 40.651381 ], [ -111.928523, 40.64607 ], [ -111.928124, 40.645597 ], [ -111.923592, 40.643422 ], [ -111.916798, 40.639069 ], [ -111.914763, 40.636979 ], [ -111.91263, 40.634907 ], [ -111.91223, 40.634891 ], [ -111.908384, 40.635026 ], [ -111.903689, 40.630548 ], [ -111.899745, 40.627858 ], [ -111.899665, 40.627857 ], [ -111.899134, 40.628067 ], [ -111.897658, 40.629191 ], [ -111.889383, 40.631481 ], [ -111.889285, 40.631477 ], [ -111.883001, 40.63539 ], [ -111.881965, 40.636055 ], [ -111.876018, 40.639922 ], [ -111.8677, 40.642747 ], [ -111.867465, 40.642748 ], [ -111.862612, 40.647742 ], [ -111.860937, 40.649485 ], [ -111.85968, 40.653564 ], [ -111.857745, 40.65979 ], [ -111.855284, 40.662418 ], [ -111.855541, 40.666103 ], [ -111.856864, 40.667534 ], [ -111.862683, 40.674244 ], [ -111.86272, 40.674407 ], [ -111.864257, 40.676158 ], [ -111.869976, 40.680808 ], [ -111.871418, 40.681794 ], [ -111.875206, 40.684114 ], [ -111.881337, 40.688869 ], [ -111.882055, 40.689456 ], [ -111.883419, 40.69051 ], [ -111.887891, 40.693789 ], [ -111.890996, 40.694698 ], [ -111.891032, 40.694698 ], [ -111.894136, 40.692854 ], [ -111.899946, 40.690622 ], [ -111.906227, 40.689827 ], [ -111.907589, 40.688811 ], [ -111.909372, 40.687023 ], [ -111.912498, 40.6844 ], [ -111.918818, 40.680828 ], [ -111.92552, 40.677232 ], [ -111.926074, 40.676949 ], [ -111.926078, 40.676947 ], [ -111.926715, 40.676483 ], [ -111.926758, 40.676388 ], [ -111.928538, 40.671759 ], [ -111.93332, 40.665942 ], [ -111.935104, 40.664203 ], [ -111.935105, 40.664197 ] ] ] } },
{ "type": "Feature", "properties": { "group_index": 0, "value": 300.0, "center": [ -111.90182223871608, 40.563127156389335 ], "point_id": 0 }, "geometry": { "type": "Polygon", "coordinates": [ [ [ -111.911484, 40.569322 ], [ -111.911084, 40.569038 ], [ -111.910201, 40.568548 ], [ -111.905578, 40.566131 ], [ -111.907238, 40.560554 ], [ -111.90968, 40.560911 ], [ -111.910096, 40.561175 ], [ -111.910098, 40.561175 ], [ -111.911206, 40.560905 ], [ -111.911891, 40.559532 ], [ -111.911976, 40.558981 ], [ -111.912029, 40.558584 ], [ -111.911199, 40.557305 ], [ -111.910901, 40.557081 ], [ -111.908085, 40.555666 ], [ -111.905031, 40.553736 ], [ -111.903753, 40.551291 ], [ -111.90357, 40.551247 ], [ -111.902029, 40.551748 ], [ -111.900846, 40.552384 ], [ -111.899525, 40.553992 ], [ -111.894521, 40.557218 ], [ -111.894463, 40.560818 ], [ -111.89621, 40.560846 ], [ -111.899908, 40.563703 ], [ -111.898045, 40.567888 ], [ -111.898031, 40.571488 ], [ -111.902763, 40.573944 ], [ -111.906894, 40.575208 ], [ -111.907316, 40.575208 ], [ -111.908047, 40.57498 ], [ -111.909491, 40.57236 ], [ -111.911853, 40.569644 ], [ -111.911484, 40.569322 ] ] ] } },
{ "type": "Feature", "properties": { "group_index": 0, "value": 600.0, "center": [ -111.90182223871608, 40.563127156389335 ], "point_id": 0 }, "geometry": { "type": "Polygon", "coordinates": [ [ [ -111.928803, 40.572095 ], [ -111.927954, 40.563849 ], [ -111.928732, 40.561591 ], [ -111.928302, 40.559612 ], [ -111.926981, 40.557703 ], [ -111.922588, 40.550332 ], [ -111.921195, 40.548541 ], [ -111.917912, 40.546195 ], [ -111.91433, 40.545023 ], [ -111.907932, 40.542249 ], [ -111.907094, 40.542289 ], [ -111.899118, 40.540347 ], [ -111.897898, 40.540376 ], [ -111.894931, 40.542615 ], [ -111.891305, 40.54557 ], [ -111.886426, 40.549793 ], [ -111.884896, 40.551556 ], [ -111.878457, 40.556187 ], [ -111.876785, 40.557002 ], [ -111.875641, 40.558786 ], [ -111.875636, 40.559286 ], [ -111.87678, 40.560602 ], [ -111.88076, 40.564181 ], [ -111.882631, 40.569821 ], [ -111.88095, 40.573259 ], [ -111.880949, 40.57331 ], [ -111.881381, 40.574011 ], [ -111.882664, 40.575072 ], [ -111.883753, 40.575883 ], [ -111.889236, 40.578495 ], [ -111.891034, 40.579466 ], [ -111.891175, 40.579466 ], [ -111.8977, 40.582474 ], [ -111.899007, 40.58533 ], [ -111.899094, 40.585723 ], [ -111.903728, 40.58831 ], [ -111.904515, 40.588578 ], [ -111.908038, 40.587254 ], [ -111.913872, 40.58295 ], [ -111.914429, 40.582425 ], [ -111.918873, 40.578403 ], [ -111.924594, 40.577081 ], [ -111.924965, 40.577072 ], [ -111.927484, 40.574246 ], [ -111.928799, 40.572368 ], [ -111.928803, 40.572095 ] ] ] } },
{ "type": "Feature", "properties": { "group_index": 0, "value": 900.0, "center": [ -111.90182223871608, 40.563127156389335 ], "point_id": 0 }, "geometry": { "type": "Polygon", "coordinates": [ [ [ -111.945764, 40.564034 ], [ -111.947523, 40.562225 ], [ -111.947523, 40.562209 ], [ -111.945681, 40.558503 ], [ -111.945593, 40.558386 ], [ -111.943832, 40.557757 ], [ -111.938937, 40.554063 ], [ -111.936289, 40.547086 ], [ -111.936237, 40.546783 ], [ -111.931206, 40.54236 ], [ -111.929827, 40.541346 ], [ -111.926098, 40.539312 ], [ -111.92243, 40.535203 ], [ -111.922002, 40.5347 ], [ -111.921611, 40.534433 ], [ -111.921114, 40.534236 ], [ -111.920722, 40.534143 ], [ -111.917457, 40.534039 ], [ -111.91213, 40.531004 ], [ -111.910887, 40.529985 ], [ -111.910324, 40.529566 ], [ -111.909962, 40.529567 ], [ -111.903188, 40.531497 ], [ -111.897012, 40.527462 ], [ -111.895875, 40.52663 ], [ -111.89575, 40.526631 ], [ -111.894477, 40.527436 ], [ -111.892663, 40.529109 ], [ -111.888045, 40.534535 ], [ -111.881052, 40.539247 ], [ -111.879967, 40.539924 ], [ -111.876653, 40.542496 ], [ -111.87604, 40.543015 ], [ -111.874545, 40.544509 ], [ -111.867838, 40.549724 ], [ -111.864201, 40.553691 ], [ -111.859038, 40.55696 ], [ -111.858122, 40.558068 ], [ -111.858108, 40.558228 ], [ -111.858098, 40.558781 ], [ -111.859049, 40.56056 ], [ -111.861159, 40.562183 ], [ -111.864733, 40.569402 ], [ -111.864171, 40.572854 ], [ -111.864168, 40.573429 ], [ -111.86875, 40.578906 ], [ -111.870503, 40.580282 ], [ -111.876802, 40.584931 ], [ -111.881299, 40.587716 ], [ -111.885541, 40.589964 ], [ -111.890881, 40.593082 ], [ -111.894344, 40.595592 ], [ -111.89601, 40.596188 ], [ -111.903615, 40.599507 ], [ -111.905089, 40.600239 ], [ -111.907329, 40.601083 ], [ -111.907514, 40.601083 ], [ -111.909731, 40.600542 ], [ -111.910853, 40.600211 ], [ -111.912043, 40.598556 ], [ -111.912042, 40.598495 ], [ -111.912042, 40.598492 ], [ -111.912042, 40.598431 ], [ -111.911209, 40.594606 ], [ -111.917434, 40.590822 ], [ -111.920178, 40.591326 ], [ -111.922227, 40.589553 ], [ -111.929074, 40.586801 ], [ -111.931196, 40.585347 ], [ -111.936616, 40.581781 ], [ -111.943042, 40.576947 ], [ -111.944962, 40.575013 ], [ -111.946262, 40.572421 ], [ -111.945764, 40.564034 ] ] ] } },
{ "type": "Feature", "properties": { "group_index": 0, "value": 300.0, "center": [ -111.90438359776039, 40.515933128987136 ], "point_id": 0 }, "geometry": { "type": "Polygon", "coordinates": [ [ [ -111.91126, 40.51537 ], [ -111.911052, 40.511379 ], [ -111.910978, 40.511071 ], [ -111.909863, 40.509324 ], [ -111.90955, 40.509071 ], [ -111.909001, 40.508725 ], [ -111.908014, 40.508243 ], [ -111.906213, 40.50751 ], [ -111.904826, 40.510832 ], [ -111.904379, 40.514986 ], [ -111.90321, 40.519293 ], [ -111.903419, 40.51986 ], [ -111.903563, 40.520126 ], [ -111.903856, 40.520522 ], [ -111.905879, 40.521221 ], [ -111.906528, 40.521395 ], [ -111.907137, 40.521233 ], [ -111.907254, 40.52116 ], [ -111.907617, 40.520935 ], [ -111.909018, 40.519129 ], [ -111.911263, 40.516031 ], [ -111.91126, 40.51537 ] ] ] } },
{ "type": "Feature", "properties": { "group_index": 0, "value": 600.0, "center": [ -111.90438359776039, 40.515933128987136 ], "point_id": 0 }, "geometry": { "type": "Polygon", "coordinates": [ [ [ -111.916602, 40.522496 ], [ -111.918243, 40.519292 ], [ -111.916044, 40.517063 ], [ -111.913905, 40.50985 ], [ -111.915101, 40.505182 ], [ -111.915381, 40.504573 ], [ -111.91223, 40.502832 ], [ -111.907286, 40.497622 ], [ -111.903837, 40.498651 ], [ -111.898773, 40.502917 ], [ -111.893502, 40.503193 ], [ -111.893197, 40.50322 ], [ -111.890493, 40.505275 ], [ -111.890035, 40.506845 ], [ -111.889888, 40.507563 ], [ -111.889877, 40.507908 ], [ -111.889879, 40.51171 ], [ -111.891997, 40.514044 ], [ -111.893794, 40.514657 ], [ -111.895148, 40.515122 ], [ -111.898545, 40.516314 ], [ -111.897596, 40.525055 ], [ -111.896099, 40.526924 ], [ -111.8961, 40.527083 ], [ -111.897609, 40.528655 ], [ -111.899032, 40.529563 ], [ -111.903807, 40.532264 ], [ -111.910116, 40.533771 ], [ -111.910338, 40.53377 ], [ -111.912604, 40.532168 ], [ -111.916286, 40.528162 ], [ -111.916602, 40.522496 ] ] ] } },
{ "type": "Feature", "properties": { "group_index": 0, "value": 900.0, "center": [ -111.90438359776039, 40.515933128987136 ], "point_id": 0 }, "geometry": { "type": "Polygon", "coordinates": [ [ [ -111.934602, 40.522448 ], [ -111.934601, 40.522138 ], [ -111.9346, 40.521992 ], [ -111.933182, 40.520491 ], [ -111.931825, 40.519236 ], [ -111.931324, 40.518875 ], [ -111.92793, 40.516755 ], [ -111.927622, 40.516753 ], [ -111.926891, 40.516783 ], [ -111.92616, 40.516886 ], [ -111.919929, 40.517042 ], [ -111.916044, 40.517063 ], [ -111.913905, 40.50985 ], [ -111.915101, 40.505182 ], [ -111.922518, 40.502047 ], [ -111.923139, 40.502181 ], [ -111.923837, 40.502276 ], [ -111.924518, 40.502295 ], [ -111.9253, 40.502185 ], [ -111.925775, 40.502023 ], [ -111.926311, 40.501741 ], [ -111.926719, 40.501441 ], [ -111.923532, 40.493634 ], [ -111.921567, 40.493373 ], [ -111.920903, 40.493866 ], [ -111.919754, 40.494944 ], [ -111.919026, 40.495503 ], [ -111.916883, 40.497978 ], [ -111.916033, 40.498516 ], [ -111.907239, 40.496712 ], [ -111.904644, 40.496736 ], [ -111.901767, 40.496763 ], [ -111.895919, 40.498886 ], [ -111.890493, 40.505275 ], [ -111.890035, 40.506845 ], [ -111.889888, 40.507563 ], [ -111.889877, 40.507908 ], [ -111.889879, 40.51171 ], [ -111.891661, 40.516139 ], [ -111.886229, 40.520692 ], [ -111.885821, 40.520723 ], [ -111.885236, 40.520819 ], [ -111.882411, 40.523072 ], [ -111.881195, 40.523909 ], [ -111.879199, 40.525106 ], [ -111.878686, 40.526908 ], [ -111.878687, 40.526965 ], [ -111.879876, 40.528531 ], [ -111.882266, 40.530495 ], [ -111.883886, 40.531544 ], [ -111.8839, 40.531544 ], [ -111.889458, 40.533302 ], [ -111.891837, 40.536661 ], [ -111.89595, 40.539207 ], [ -111.897548, 40.539987 ], [ -111.905317, 40.54444 ], [ -111.908121, 40.545855 ], [ -111.910514, 40.546518 ], [ -111.910983, 40.546478 ], [ -111.91139, 40.546366 ], [ -111.912224, 40.546045 ], [ -111.918002, 40.541415 ], [ -111.918175, 40.541145 ], [ -111.918753, 40.540266 ], [ -111.919087, 40.539368 ], [ -111.92422, 40.532613 ], [ -111.926575, 40.530468 ], [ -111.930972, 40.526115 ], [ -111.933175, 40.524091 ], [ -111.934601, 40.522811 ], [ -111.934602, 40.522448 ] ] ] } },
{ "type": "Feature", "properties": { "group_index": 0, "value": 300.0, "center": [ -111.90898626622871, 40.76237447665463 ], "point_id": 0 }, "geometry": { "type": "Polygon", "coordinates": [ [ [ -111.917317, 40.764983 ], [ -111.91556, 40.763194 ], [ -111.912823, 40.758769 ], [ -111.911731, 40.758816 ], [ -111.908585, 40.753902 ], [ -111.909934, 40.752144 ], [ -111.909931, 40.752076 ], [ -111.908377, 40.750444 ], [ -111.908131, 40.750445 ], [ -111.905261, 40.7524 ], [ -111.902353, 40.754655 ], [ -111.89981, 40.756661 ], [ -111.897502, 40.758914 ], [ -111.896966, 40.759788 ], [ -111.896973, 40.760401 ], [ -111.897518, 40.762514 ], [ -111.899503, 40.765014 ], [ -111.901195, 40.766798 ], [ -111.903919, 40.768978 ], [ -111.906456, 40.770432 ], [ -111.908589, 40.771324 ], [ -111.910458, 40.771122 ], [ -111.912165, 40.767007 ], [ -111.915518, 40.766794 ], [ -111.915562, 40.766794 ], [ -111.917317, 40.764999 ], [ -111.917317, 40.764983 ] ] ] } },
{ "type": "Feature", "properties": { "group_index": 0, "value": 600.0, "center": [ -111.90898626622871, 40.76237447665463 ], "point_id": 0 }, "geometry": { "type": "Polygon", "coordinates": [ [ [ -111.934745, 40.764908 ], [ -111.931304, 40.75978 ], [ -111.930655, 40.758842 ], [ -111.926633, 40.75134 ], [ -111.926547, 40.750703 ], [ -111.92544, 40.749475 ], [ -111.924138, 40.748478 ], [ -111.921158, 40.746364 ], [ -111.91663, 40.743171 ], [ -111.911759, 40.739755 ], [ -111.910943, 40.739665 ], [ -111.91068, 40.739666 ], [ -111.90539, 40.740735 ], [ -111.899558, 40.743359 ], [ -111.893309, 40.747896 ], [ -111.887577, 40.752322 ], [ -111.882003, 40.756687 ], [ -111.880729, 40.757802 ], [ -111.879687, 40.758958 ], [ -111.878049, 40.760766 ], [ -111.878049, 40.760803 ], [ -111.882036, 40.765039 ], [ -111.883789, 40.766806 ], [ -111.889064, 40.771221 ], [ -111.891716, 40.77338 ], [ -111.897359, 40.777669 ], [ -111.900318, 40.779846 ], [ -111.904581, 40.783071 ], [ -111.907633, 40.783193 ], [ -111.912434, 40.78258 ], [ -111.913265, 40.782042 ], [ -111.919026, 40.777601 ], [ -111.91971, 40.777077 ], [ -111.924802, 40.773209 ], [ -111.92735, 40.770378 ], [ -111.933496, 40.766749 ], [ -111.934082, 40.766333 ], [ -111.934746, 40.764934 ], [ -111.934745, 40.764908 ] ] ] } },
{ "type": "Feature", "properties": { "group_index": 0, "value": 900.0, "center": [ -111.90898626622871, 40.76237447665463 ], "point_id": 0 }, "geometry": { "type": "Polygon", "coordinates": [ [ [ -111.948909, 40.758184 ], [ -111.948828, 40.75802 ], [ -111.944524, 40.751222 ], [ -111.943255, 40.749446 ], [ -111.939426, 40.746483 ], [ -111.93412, 40.742344 ], [ -111.930783, 40.739651 ], [ -111.929474, 40.738646 ], [ -111.927085, 40.736842 ], [ -111.923863, 40.734394 ], [ -111.9203, 40.731708 ], [ -111.918565, 40.730436 ], [ -111.915081, 40.728445 ], [ -111.912971, 40.727545 ], [ -111.909371, 40.727552 ], [ -111.905741, 40.729146 ], [ -111.899543, 40.729983 ], [ -111.899426, 40.729984 ], [ -111.897087, 40.7317 ], [ -111.892513, 40.73503 ], [ -111.885954, 40.739874 ], [ -111.882516, 40.742597 ], [ -111.878198, 40.745871 ], [ -111.875442, 40.747924 ], [ -111.87254, 40.750165 ], [ -111.870571, 40.751693 ], [ -111.867075, 40.754515 ], [ -111.864485, 40.756693 ], [ -111.860625, 40.760135 ], [ -111.86066, 40.76045 ], [ -111.864417, 40.765201 ], [ -111.86596, 40.76681 ], [ -111.868725, 40.768987 ], [ -111.875099, 40.774634 ], [ -111.876572, 40.775773 ], [ -111.882711, 40.781173 ], [ -111.883481, 40.782018 ], [ -111.888446, 40.784896 ], [ -111.888575, 40.784895 ], [ -111.891847, 40.785335 ], [ -111.897972, 40.79018 ], [ -111.899274, 40.791494 ], [ -111.901065, 40.793418 ], [ -111.904855, 40.792809 ], [ -111.913168, 40.794334 ], [ -111.916865, 40.792731 ], [ -111.92193, 40.789235 ], [ -111.929149, 40.784228 ], [ -111.936498, 40.78031 ], [ -111.937254, 40.77912 ], [ -111.942554, 40.77324 ], [ -111.943853, 40.771218 ], [ -111.943852, 40.770992 ], [ -111.94267, 40.769642 ], [ -111.941059, 40.767164 ], [ -111.944546, 40.760744 ], [ -111.94703, 40.760246 ], [ -111.947734, 40.760244 ], [ -111.948907, 40.758244 ], [ -111.948909, 40.758184 ] ] ] } },
{ "type": "Feature", "properties": { "group_index": 0, "value": 300.0, "center": [ -111.90508628926047, 40.77221478266119 ], "point_id": 0 }, "geometry": { "type": "Polygon", "coordinates": [ [ [ -111.918648, 40.769526 ], [ -111.918572, 40.76924 ], [ -111.917671, 40.767842 ], [ -111.915816, 40.76659 ], [ -111.912208, 40.763506 ], [ -111.912135, 40.763455 ], [ -111.90818, 40.76086 ], [ -111.905383, 40.760024 ], [ -111.904998, 40.759954 ], [ -111.902402, 40.760862 ], [ -111.901954, 40.761085 ], [ -111.89906, 40.763199 ], [ -111.895005, 40.766666 ], [ -111.893211, 40.767619 ], [ -111.890547, 40.769782 ], [ -111.889087, 40.771531 ], [ -111.889088, 40.771616 ], [ -111.889094, 40.771776 ], [ -111.889095, 40.771792 ], [ -111.889298, 40.772071 ], [ -111.890551, 40.773382 ], [ -111.893528, 40.77591 ], [ -111.895439, 40.777691 ], [ -111.898179, 40.779846 ], [ -111.901133, 40.782018 ], [ -111.901157, 40.782018 ], [ -111.903586, 40.782001 ], [ -111.903933, 40.782002 ], [ -111.907229, 40.779816 ], [ -111.90978, 40.777677 ], [ -111.911493, 40.775955 ], [ -111.914973, 40.773496 ], [ -111.918646, 40.769711 ], [ -111.918648, 40.769526 ] ] ] } },
{ "type": "Feature", "properties": { "group_index": 0, "value": 600.0, "center": [ -111.90508628926047, 40.77221478266119 ], "point_id": 0 }, "geometry": { "type": "Polygon", "coordinates": [ [ [ -111.933988, 40.771745 ], [ -111.932771, 40.769613 ], [ -111.929548, 40.763551 ], [ -111.926308, 40.761003 ], [ -111.924897, 40.759934 ], [ -111.923488, 40.758858 ], [ -111.920609, 40.756651 ], [ -111.917644, 40.75446 ], [ -111.911829, 40.750131 ], [ -111.908943, 40.747931 ], [ -111.908565, 40.74785 ], [ -111.902444, 40.74781 ], [ -111.902391, 40.74781 ], [ -111.90167, 40.747968 ], [ -111.898488, 40.750139 ], [ -111.895404, 40.752405 ], [ -111.889814, 40.75668 ], [ -111.88464, 40.760446 ], [ -111.878249, 40.765364 ], [ -111.874089, 40.768763 ], [ -111.87276, 40.7702 ], [ -111.872617, 40.770581 ], [ -111.872616, 40.770611 ], [ -111.872623, 40.77296 ], [ -111.87276, 40.773311 ], [ -111.873934, 40.774631 ], [ -111.875417, 40.775773 ], [ -111.876899, 40.776907 ], [ -111.882351, 40.781637 ], [ -111.884043, 40.783291 ], [ -111.887026, 40.785145 ], [ -111.889568, 40.786496 ], [ -111.889832, 40.786507 ], [ -111.893518, 40.786643 ], [ -111.898478, 40.791029 ], [ -111.898557, 40.791218 ], [ -111.901927, 40.794839 ], [ -111.907204, 40.792995 ], [ -111.908492, 40.792049 ], [ -111.908903, 40.791642 ], [ -111.912725, 40.787492 ], [ -111.916234, 40.786359 ], [ -111.919165, 40.784188 ], [ -111.921958, 40.782006 ], [ -111.924757, 40.779824 ], [ -111.928008, 40.777275 ], [ -111.932884, 40.773211 ], [ -111.933986, 40.771831 ], [ -111.933988, 40.771745 ] ] ] } },
{ "type": "Feature", "properties": { "group_index": 0, "value": 900.0, "center": [ -111.90508628926047, 40.77221478266119 ], "point_id": 0 }, "geometry": { "type": "Polygon", "coordinates": [ [ [ -111.950281, 40.769255 ], [ -111.945648, 40.762808 ], [ -111.940586, 40.7585 ], [ -111.938496, 40.75663 ], [ -111.936162, 40.754828 ], [ -111.929665, 40.7494 ], [ -111.928243, 40.748291 ], [ -111.925184, 40.745933 ], [ -111.923403, 40.744891 ], [ -111.918656, 40.742091 ], [ -111.915375, 40.738893 ], [ -111.912235, 40.736884 ], [ -111.911304, 40.736349 ], [ -111.911138, 40.736348 ], [ -111.905873, 40.738111 ], [ -111.90026, 40.73622 ], [ -111.89991, 40.736143 ], [ -111.899871, 40.736143 ], [ -111.89912, 40.736434 ], [ -111.892026, 40.741466 ], [ -111.890864, 40.742263 ], [ -111.886131, 40.745838 ], [ -111.88008, 40.750157 ], [ -111.877153, 40.752332 ], [ -111.871449, 40.756684 ], [ -111.865111, 40.761738 ], [ -111.85995, 40.765533 ], [ -111.856287, 40.768761 ], [ -111.854652, 40.770539 ], [ -111.85465, 40.773038 ], [ -111.854651, 40.773055 ], [ -111.856113, 40.77463 ], [ -111.857576, 40.775731 ], [ -111.859772, 40.777395 ], [ -111.860791, 40.77816 ], [ -111.863981, 40.780671 ], [ -111.866455, 40.782563 ], [ -111.869845, 40.785565 ], [ -111.875354, 40.792303 ], [ -111.878298, 40.794374 ], [ -111.879749, 40.793477 ], [ -111.888714, 40.794027 ], [ -111.889312, 40.794145 ], [ -111.892467, 40.791614 ], [ -111.899435, 40.793411 ], [ -111.899802, 40.793762 ], [ -111.902377, 40.795792 ], [ -111.902755, 40.796155 ], [ -111.904011, 40.797167 ], [ -111.907336, 40.799819 ], [ -111.910034, 40.801996 ], [ -111.912042, 40.803619 ], [ -111.914363, 40.805245 ], [ -111.916525, 40.805243 ], [ -111.916556, 40.80522 ], [ -111.917085, 40.803017 ], [ -111.921979, 40.796775 ], [ -111.922061, 40.796701 ], [ -111.924708, 40.794602 ], [ -111.92686, 40.792856 ], [ -111.927384, 40.792394 ], [ -111.930878, 40.789617 ], [ -111.936328, 40.786351 ], [ -111.938415, 40.785153 ], [ -111.940733, 40.782971 ], [ -111.94412, 40.778784 ], [ -111.947286, 40.775768 ], [ -111.951231, 40.772827 ], [ -111.950281, 40.769255 ] ] ] } },
{ "type": "Feature", "properties": { "group_index": 0, "value": 300.0, "center": [ -111.6377354674211, 40.161437594967786 ], "point_id": 0 }, "geometry": { "type": "Polygon", "coordinates": [ [ [ -111.649888, 40.159545 ], [ -111.647941, 40.157565 ], [ -111.645447, 40.156141 ], [ -111.644184, 40.155429 ], [ -111.641488, 40.154934 ], [ -111.640722, 40.154929 ], [ -111.640584, 40.15545 ], [ -111.637176, 40.159555 ], [ -111.634861, 40.159544 ], [ -111.632297, 40.158596 ], [ -111.632017, 40.158596 ], [ -111.63093, 40.159501 ], [ -111.630498, 40.160342 ], [ -111.630495, 40.160381 ], [ -111.630504, 40.160497 ], [ -111.630855, 40.1631 ], [ -111.632384, 40.163132 ], [ -111.634845, 40.163144 ], [ -111.63716, 40.163155 ], [ -111.640594, 40.164464 ], [ -111.642347, 40.168669 ], [ -111.642372, 40.168669 ], [ -111.642387, 40.168669 ], [ -111.642412, 40.168669 ], [ -111.644194, 40.164483 ], [ -111.648373, 40.163058 ], [ -111.649221, 40.163191 ], [ -111.649437, 40.163189 ], [ -111.649867, 40.163141 ], [ -111.65004, 40.163094 ], [ -111.649888, 40.159545 ] ] ] } },
{ "type": "Feature", "properties": { "group_index": 0, "value": 600.0, "center": [ -111.6377354674211, 40.161437594967786 ], "point_id": 0 }, "geometry": { "type": "Polygon", "coordinates": [ [ [ -111.667791, 40.156792 ], [ -111.666523, 40.156623 ], [ -111.666142, 40.156572 ], [ -111.659223, 40.153653 ], [ -111.657795, 40.152196 ], [ -111.657103, 40.152218 ], [ -111.656876, 40.152218 ], [ -111.656013, 40.152214 ], [ -111.649094, 40.149645 ], [ -111.64808, 40.147734 ], [ -111.645655, 40.142777 ], [ -111.643767, 40.142782 ], [ -111.63901, 40.142832 ], [ -111.630983, 40.146341 ], [ -111.628256, 40.147414 ], [ -111.62142, 40.152721 ], [ -111.617613, 40.155774 ], [ -111.613251, 40.159316 ], [ -111.61189, 40.160404 ], [ -111.611881, 40.160961 ], [ -111.612524, 40.161927 ], [ -111.613247, 40.162916 ], [ -111.6185, 40.168549 ], [ -111.624477, 40.171837 ], [ -111.627239, 40.173772 ], [ -111.627861, 40.173777 ], [ -111.629672, 40.17246 ], [ -111.636472, 40.177246 ], [ -111.638597, 40.178781 ], [ -111.63861, 40.178781 ], [ -111.642454, 40.176409 ], [ -111.644107, 40.174976 ], [ -111.648962, 40.171203 ], [ -111.651404, 40.169532 ], [ -111.652128, 40.168743 ], [ -111.658497, 40.162946 ], [ -111.659183, 40.162742 ], [ -111.659842, 40.162451 ], [ -111.667817, 40.160392 ], [ -111.667791, 40.156792 ] ] ] } },
{ "type": "Feature", "properties": { "group_index": 0, "value": 900.0, "center": [ -111.6377354674211, 40.161437594967786 ], "point_id": 0 }, "geometry": { "type": "Polygon", "coordinates": [ [ [ -111.686044, 40.156685 ], [ -111.679767, 40.153203 ], [ -111.675756, 40.151026 ], [ -111.672158, 40.150921 ], [ -111.664255, 40.147383 ], [ -111.659402, 40.145067 ], [ -111.656868, 40.138687 ], [ -111.656861, 40.138093 ], [ -111.651561, 40.133388 ], [ -111.651511, 40.133346 ], [ -111.650723, 40.132966 ], [ -111.650227, 40.132753 ], [ -111.650022, 40.132749 ], [ -111.649393, 40.133454 ], [ -111.648389, 40.134407 ], [ -111.648386, 40.134471 ], [ -111.648005, 40.138904 ], [ -111.639252, 40.139389 ], [ -111.638976, 40.139104 ], [ -111.637863, 40.13719 ], [ -111.637634, 40.136449 ], [ -111.63737, 40.134482 ], [ -111.633771, 40.134365 ], [ -111.633745, 40.135175 ], [ -111.633749, 40.135803 ], [ -111.633897, 40.136738 ], [ -111.634037, 40.137204 ], [ -111.632062, 40.1429 ], [ -111.626576, 40.14295 ], [ -111.624162, 40.142967 ], [ -111.620843, 40.142992 ], [ -111.619916, 40.143 ], [ -111.616835, 40.142938 ], [ -111.613805, 40.142957 ], [ -111.608011, 40.149307 ], [ -111.606895, 40.149895 ], [ -111.603918, 40.151919 ], [ -111.598497, 40.156719 ], [ -111.595185, 40.159456 ], [ -111.59495, 40.159645 ], [ -111.594524, 40.160303 ], [ -111.594485, 40.160441 ], [ -111.594498, 40.161567 ], [ -111.595603, 40.162839 ], [ -111.600962, 40.168458 ], [ -111.602734, 40.169858 ], [ -111.604579, 40.171276 ], [ -111.610312, 40.175607 ], [ -111.611815, 40.176802 ], [ -111.615483, 40.179641 ], [ -111.616429, 40.179696 ], [ -111.619516, 40.180114 ], [ -111.619795, 40.180168 ], [ -111.623432, 40.178089 ], [ -111.625666, 40.178113 ], [ -111.630227, 40.184476 ], [ -111.630226, 40.184519 ], [ -111.631777, 40.18631 ], [ -111.636562, 40.191661 ], [ -111.640162, 40.191622 ], [ -111.642706, 40.189118 ], [ -111.649615, 40.185465 ], [ -111.651139, 40.182628 ], [ -111.655707, 40.175809 ], [ -111.655696, 40.174377 ], [ -111.652744, 40.167694 ], [ -111.658497, 40.162946 ], [ -111.659183, 40.162742 ], [ -111.659842, 40.162451 ], [ -111.667817, 40.160392 ], [ -111.674032, 40.160348 ], [ -111.676372, 40.160336 ], [ -111.678712, 40.160324 ], [ -111.681052, 40.160311 ], [ -111.683392, 40.160299 ], [ -111.686063, 40.160285 ], [ -111.686044, 40.156685 ] ] ] } },
{ "type": "Feature", "properties": { "group_index": 0, "value": 300.0, "center": [ -111.67968402333383, 40.110480760024835 ], "point_id": 0 }, "geometry": { "type": "Polygon", "coordinates": [ [ [ -111.694376, 40.106163 ], [ -111.691624, 40.106324 ], [ -111.686899, 40.104221 ], [ -111.686495, 40.103902 ], [ -111.682509, 40.100465 ], [ -111.678913, 40.100297 ], [ -111.673602, 40.099825 ], [ -111.672894, 40.099897 ], [ -111.670497, 40.102019 ], [ -111.668105, 40.103688 ], [ -111.665229, 40.106215 ], [ -111.663653, 40.107836 ], [ -111.663533, 40.108012 ], [ -111.663534, 40.10804 ], [ -111.663654, 40.108198 ], [ -111.665215, 40.109815 ], [ -111.667259, 40.114849 ], [ -111.668167, 40.116643 ], [ -111.668566, 40.117246 ], [ -111.669468, 40.117692 ], [ -111.669987, 40.117539 ], [ -111.673482, 40.117233 ], [ -111.67787, 40.121184 ], [ -111.678382, 40.124755 ], [ -111.678496, 40.124755 ], [ -111.679719, 40.124753 ], [ -111.681048, 40.124746 ], [ -111.683521, 40.12116 ], [ -111.686563, 40.12118 ], [ -111.688683, 40.117341 ], [ -111.691878, 40.117448 ], [ -111.691998, 40.11385 ], [ -111.695119, 40.109686 ], [ -111.694376, 40.106163 ] ] ] } },
{ "type": "Feature", "properties": { "group_index": 0, "value": 600.0, "center": [ -111.67968402333383, 40.110480760024835 ], "point_id": 0 }, "geometry": { "type": "Polygon", "coordinates": [ [ [ -111.713353, 40.107444 ], [ -111.713353, 40.107432 ], [ -111.713352, 40.107231 ], [ -111.708636, 40.105628 ], [ -111.705714, 40.10562 ], [ -111.702792, 40.105612 ], [ -111.696057, 40.100099 ], [ -111.696001, 40.0965 ], [ -111.695182, 40.092383 ], [ -111.695176, 40.090524 ], [ -111.691576, 40.090534 ], [ -111.684336, 40.088108 ], [ -111.683549, 40.087977 ], [ -111.681689, 40.088856 ], [ -111.681696, 40.089789 ], [ -111.673019, 40.091547 ], [ -111.67276, 40.091221 ], [ -111.672564, 40.091063 ], [ -111.671304, 40.090848 ], [ -111.663878, 40.090733 ], [ -111.662391, 40.09132 ], [ -111.661835, 40.091653 ], [ -111.661555, 40.091848 ], [ -111.655828, 40.096289 ], [ -111.655224, 40.097624 ], [ -111.649526, 40.10404 ], [ -111.647786, 40.105751 ], [ -111.645946, 40.108419 ], [ -111.645946, 40.108426 ], [ -111.649413, 40.115002 ], [ -111.649526, 40.115212 ], [ -111.652048, 40.118085 ], [ -111.656352, 40.121946 ], [ -111.657937, 40.123226 ], [ -111.660847, 40.123996 ], [ -111.664436, 40.126033 ], [ -111.668404, 40.131281 ], [ -111.669285, 40.132008 ], [ -111.670109, 40.132201 ], [ -111.671193, 40.132208 ], [ -111.671336, 40.129192 ], [ -111.6794, 40.12781 ], [ -111.68115, 40.132369 ], [ -111.681155, 40.134642 ], [ -111.681161, 40.136915 ], [ -111.684761, 40.136906 ], [ -111.691078, 40.131973 ], [ -111.697659, 40.125918 ], [ -111.7022, 40.120976 ], [ -111.708276, 40.11657 ], [ -111.708259, 40.11297 ], [ -111.713352, 40.107645 ], [ -111.713353, 40.107444 ] ] ] } },
{ "type": "Feature", "properties": { "group_index": 0, "value": 900.0, "center": [ -111.67968402333383, 40.110480760024835 ], "point_id": 0 }, "geometry": { "type": "Polygon", "coordinates": [ [ [ -111.727468, 40.114746 ], [ -111.725896, 40.112858 ], [ -111.725651, 40.11286 ], [ -111.722504, 40.112881 ], [ -111.716834, 40.112919 ], [ -111.713352, 40.107231 ], [ -111.717568, 40.100036 ], [ -111.718837, 40.099604 ], [ -111.7189, 40.098326 ], [ -111.717569, 40.096436 ], [ -111.715092, 40.09499 ], [ -111.7101, 40.092577 ], [ -111.705104, 40.089376 ], [ -111.700128, 40.083546 ], [ -111.694637, 40.080002 ], [ -111.689371, 40.077417 ], [ -111.686502, 40.075318 ], [ -111.685211, 40.07533 ], [ -111.681611, 40.075378 ], [ -111.67882, 40.079206 ], [ -111.674412, 40.081656 ], [ -111.668454, 40.080922 ], [ -111.666084, 40.079626 ], [ -111.665296, 40.079011 ], [ -111.664683, 40.078925 ], [ -111.664505, 40.078926 ], [ -111.660246, 40.080824 ], [ -111.655647, 40.08376 ], [ -111.653675, 40.085251 ], [ -111.651656, 40.087335 ], [ -111.6433, 40.089971 ], [ -111.64031, 40.093771 ], [ -111.633897, 40.099109 ], [ -111.63124, 40.105921 ], [ -111.630912, 40.108016 ], [ -111.630799, 40.109134 ], [ -111.630798, 40.109195 ], [ -111.630959, 40.110126 ], [ -111.632776, 40.11583 ], [ -111.633584, 40.1171 ], [ -111.63842, 40.122398 ], [ -111.641545, 40.125421 ], [ -111.641857, 40.125665 ], [ -111.646855, 40.127561 ], [ -111.650607, 40.130789 ], [ -111.651903, 40.132201 ], [ -111.654025, 40.133681 ], [ -111.659334, 40.137823 ], [ -111.659641, 40.137978 ], [ -111.660282, 40.137993 ], [ -111.660504, 40.137847 ], [ -111.662751, 40.136019 ], [ -111.664112, 40.134225 ], [ -111.671945, 40.133508 ], [ -111.672031, 40.140359 ], [ -111.672061, 40.14231 ], [ -111.679812, 40.143822 ], [ -111.687366, 40.145444 ], [ -111.690966, 40.145477 ], [ -111.697492, 40.140323 ], [ -111.700805, 40.139877 ], [ -111.704233, 40.139653 ], [ -111.705382, 40.138611 ], [ -111.706502, 40.136857 ], [ -111.709821, 40.131131 ], [ -111.714294, 40.123823 ], [ -111.717032, 40.123806 ], [ -111.718652, 40.123795 ], [ -111.722813, 40.118434 ], [ -111.725917, 40.116458 ], [ -111.727423, 40.114945 ], [ -111.727468, 40.114746 ] ] ] } },
{ "type": "Feature", "properties": { "group_index": 0, "value": 300.0, "center": [ -111.76039230804949, 40.03255605649781 ], "point_id": 0 }, "geometry": { "type": "Polygon", "coordinates": [ [ [ -111.765475, 40.031713 ], [ -111.766079, 40.028164 ], [ -111.763083, 40.025881 ], [ -111.762872, 40.025883 ], [ -111.761451, 40.027392 ], [ -111.758153, 40.029637 ], [ -111.756873, 40.033726 ], [ -111.755058, 40.037604 ], [ -111.753195, 40.040426 ], [ -111.75298, 40.040763 ], [ -111.752785, 40.041163 ], [ -111.752632, 40.04163 ], [ -111.752553, 40.042154 ], [ -111.752594, 40.04292 ], [ -111.752676, 40.043262 ], [ -111.756885, 40.043003 ], [ -111.760485, 40.042986 ], [ -111.760476, 40.041069 ], [ -111.765197, 40.037434 ], [ -111.765475, 40.031713 ] ] ] } },
{ "type": "Feature", "properties": { "group_index": 0, "value": 600.0, "center": [ -111.76039230804949, 40.03255605649781 ], "point_id": 0 }, "geometry": { "type": "Polygon", "coordinates": [ [ [ -111.773354, 40.039284 ], [ -111.771172, 40.038793 ], [ -111.767573, 40.038692 ], [ -111.765475, 40.031713 ], [ -111.767386, 40.028366 ], [ -111.769958, 40.026524 ], [ -111.771871, 40.02348 ], [ -111.771933, 40.020628 ], [ -111.7719, 40.019881 ], [ -111.771402, 40.01863 ], [ -111.764853, 40.013243 ], [ -111.763334, 40.012354 ], [ -111.763039, 40.012362 ], [ -111.761255, 40.013374 ], [ -111.761286, 40.014227 ], [ -111.761315, 40.01614 ], [ -111.757457, 40.022477 ], [ -111.75195, 40.021201 ], [ -111.751906, 40.021201 ], [ -111.746916, 40.024479 ], [ -111.742478, 40.028008 ], [ -111.740523, 40.029529 ], [ -111.739362, 40.03151 ], [ -111.739364, 40.031562 ], [ -111.739928, 40.032229 ], [ -111.739359, 40.040747 ], [ -111.737958, 40.041819 ], [ -111.736596, 40.043669 ], [ -111.736592, 40.04393 ], [ -111.737947, 40.045419 ], [ -111.740354, 40.047573 ], [ -111.744232, 40.050426 ], [ -111.750252, 40.055474 ], [ -111.757048, 40.055001 ], [ -111.760648, 40.054971 ], [ -111.768007, 40.050393 ], [ -111.772784, 40.043258 ], [ -111.773383, 40.042884 ], [ -111.773354, 40.039284 ] ] ] } },
{ "type": "Feature", "properties": { "group_index": 0, "value": 900.0, "center": [ -111.76039230804949, 40.03255605649781 ], "point_id": 0 }, "geometry": { "type": "Polygon", "coordinates": [ [ [ -111.790974, 40.039146 ], [ -111.788593, 40.037612 ], [ -111.781853, 40.033408 ], [ -111.780071, 40.030667 ], [ -111.778986, 40.029839 ], [ -111.778084, 40.029844 ], [ -111.771871, 40.02348 ], [ -111.771933, 40.020628 ], [ -111.777351, 40.014535 ], [ -111.779883, 40.013688 ], [ -111.780842, 40.012422 ], [ -111.780915, 40.01227 ], [ -111.781015, 40.01183 ], [ -111.781017, 40.011613 ], [ -111.77985, 40.010088 ], [ -111.77909, 40.009929 ], [ -111.775491, 40.009993 ], [ -111.769495, 40.006252 ], [ -111.767042, 40.005846 ], [ -111.76432, 40.00567 ], [ -111.763253, 40.005633 ], [ -111.762765, 40.00568 ], [ -111.76198, 40.006015 ], [ -111.753384, 40.008134 ], [ -111.750363, 40.010277 ], [ -111.743759, 40.014125 ], [ -111.742726, 40.014655 ], [ -111.738777, 40.018011 ], [ -111.734031, 40.020896 ], [ -111.727521, 40.025099 ], [ -111.72507, 40.027436 ], [ -111.723146, 40.029251 ], [ -111.721673, 40.030809 ], [ -111.721674, 40.031058 ], [ -111.721675, 40.03123 ], [ -111.721679, 40.03164 ], [ -111.723154, 40.032851 ], [ -111.721733, 40.040692 ], [ -111.720002, 40.042505 ], [ -111.71969, 40.044292 ], [ -111.719681, 40.044362 ], [ -111.719678, 40.044397 ], [ -111.723419, 40.048716 ], [ -111.725526, 40.050384 ], [ -111.730462, 40.05416 ], [ -111.733038, 40.058297 ], [ -111.738146, 40.061547 ], [ -111.744354, 40.065323 ], [ -111.746172, 40.066104 ], [ -111.749772, 40.066109 ], [ -111.757964, 40.067087 ], [ -111.760366, 40.067255 ], [ -111.761017, 40.067251 ], [ -111.761564, 40.067079 ], [ -111.768408, 40.061382 ], [ -111.770972, 40.060559 ], [ -111.774894, 40.057981 ], [ -111.776045, 40.057075 ], [ -111.782905, 40.051846 ], [ -111.785654, 40.051812 ], [ -111.789085, 40.043814 ], [ -111.791002, 40.042746 ], [ -111.790974, 40.039146 ] ] ] } },
{ "type": "Feature", "properties": { "group_index": 0, "value": 300.0, "center": [ -111.9265471, 40.478665 ], "point_id": 0 }, "geometry": { "type": "Polygon", "coordinates": [ [ [ -111.928298, 40.468709 ], [ -111.927911, 40.468529 ], [ -111.927531, 40.468405 ], [ -111.926992, 40.468289 ], [ -111.923991, 40.467992 ], [ -111.92389, 40.46806 ], [ -111.92283, 40.469208 ], [ -111.921561, 40.47072 ], [ -111.921061, 40.471482 ], [ -111.920276, 40.473138 ], [ -111.918498, 40.477981 ], [ -111.918237, 40.478849 ], [ -111.918237, 40.478926 ], [ -111.918274, 40.482019 ], [ -111.919952, 40.483749 ], [ -111.920383, 40.484076 ], [ -111.920706, 40.484077 ], [ -111.923085, 40.483031 ], [ -111.9263, 40.480312 ], [ -111.929934, 40.478833 ], [ -111.930598, 40.47789 ], [ -111.930925, 40.477121 ], [ -111.931878, 40.474704 ], [ -111.93212, 40.474059 ], [ -111.932945, 40.471879 ], [ -111.933178, 40.471256 ], [ -111.928298, 40.468709 ] ] ] } },
{ "type": "Feature", "properties": { "group_index": 0, "value": 600.0, "center": [ -111.9265471, 40.478665 ], "point_id": 0 }, "geometry": { "type": "Polygon", "coordinates": [ [ [ -111.934707, 40.486714 ], [ -111.934781, 40.479906 ], [ -111.937389, 40.478069 ], [ -111.937714, 40.477943 ], [ -111.938111, 40.475335 ], [ -111.938074, 40.475181 ], [ -111.936975, 40.474419 ], [ -111.933178, 40.471256 ], [ -111.93627, 40.465093 ], [ -111.936379, 40.463892 ], [ -111.935652, 40.461547 ], [ -111.935119, 40.461435 ], [ -111.932739, 40.461869 ], [ -111.931674, 40.462085 ], [ -111.931068, 40.462254 ], [ -111.930485, 40.462471 ], [ -111.930181, 40.46261 ], [ -111.929283, 40.463249 ], [ -111.928891, 40.463548 ], [ -111.921013, 40.467155 ], [ -111.917166, 40.468603 ], [ -111.909145, 40.470809 ], [ -111.907703, 40.471225 ], [ -111.905649, 40.473973 ], [ -111.905123, 40.474728 ], [ -111.904218, 40.482987 ], [ -111.906082, 40.486301 ], [ -111.907649, 40.487968 ], [ -111.907881, 40.487968 ], [ -111.91053, 40.488045 ], [ -111.918026, 40.490074 ], [ -111.919207, 40.490963 ], [ -111.91944, 40.49105 ], [ -111.922389, 40.491806 ], [ -111.923022, 40.49175 ], [ -111.923086, 40.491744 ], [ -111.923102, 40.49174 ], [ -111.926942, 40.489981 ], [ -111.93346, 40.488274 ], [ -111.934703, 40.486888 ], [ -111.934715, 40.486802 ], [ -111.934707, 40.486714 ] ] ] } },
{ "type": "Feature", "properties": { "group_index": 0, "value": 900.0, "center": [ -111.9265471, 40.478665 ], "point_id": 0 }, "geometry": { "type": "Polygon", "coordinates": [ [ [ -111.95129, 40.476898 ], [ -111.948723, 40.472463 ], [ -111.953145, 40.464976 ], [ -111.953514, 40.464796 ], [ -111.951934, 40.461562 ], [ -111.948754, 40.46036 ], [ -111.947356, 40.459797 ], [ -111.941054, 40.454589 ], [ -111.940583, 40.453618 ], [ -111.93437, 40.45293 ], [ -111.934317, 40.452942 ], [ -111.930832, 40.454516 ], [ -111.930905, 40.454818 ], [ -111.928891, 40.463548 ], [ -111.926411, 40.465606 ], [ -111.921013, 40.467155 ], [ -111.916588, 40.461519 ], [ -111.916804, 40.459884 ], [ -111.913235, 40.459413 ], [ -111.909834, 40.467141 ], [ -111.908054, 40.469697 ], [ -111.905649, 40.473973 ], [ -111.899705, 40.478992 ], [ -111.895332, 40.480072 ], [ -111.892126, 40.480937 ], [ -111.891513, 40.481126 ], [ -111.891239, 40.481325 ], [ -111.891194, 40.481374 ], [ -111.890805, 40.482214 ], [ -111.890796, 40.482271 ], [ -111.891438, 40.489741 ], [ -111.89225, 40.492204 ], [ -111.8925, 40.492334 ], [ -111.894101, 40.492164 ], [ -111.896824, 40.490495 ], [ -111.899106, 40.488063 ], [ -111.907649, 40.487968 ], [ -111.907881, 40.487968 ], [ -111.91053, 40.488045 ], [ -111.916234, 40.49498 ], [ -111.916077, 40.498484 ], [ -111.917563, 40.501434 ], [ -111.921805, 40.501825 ], [ -111.92311, 40.497453 ], [ -111.930237, 40.498402 ], [ -111.93038, 40.498398 ], [ -111.938569, 40.495693 ], [ -111.940736, 40.495099 ], [ -111.946982, 40.491387 ], [ -111.946993, 40.487787 ], [ -111.951289, 40.480498 ], [ -111.95129, 40.476898 ] ] ] } },
{ "type": "Feature", "properties": { "group_index": 0, "value": 300.0, "center": [ -111.89480912200777, 40.921588917280836 ], "point_id": 0 }, "geometry": { "type": "Polygon", "coordinates": [ [ [ -111.906946, 40.913436 ], [ -111.906904, 40.913414 ], [ -111.904532, 40.912549 ], [ -111.899805, 40.910201 ], [ -111.897814, 40.908716 ], [ -111.897752, 40.908714 ], [ -111.894887, 40.90893 ], [ -111.89351, 40.910006 ], [ -111.893466, 40.910481 ], [ -111.890726, 40.914575 ], [ -111.888227, 40.914251 ], [ -111.888062, 40.914251 ], [ -111.884559, 40.915455 ], [ -111.883194, 40.917205 ], [ -111.87924, 40.919707 ], [ -111.877778, 40.921261 ], [ -111.877776, 40.921322 ], [ -111.879242, 40.923307 ], [ -111.883519, 40.926376 ], [ -111.88483, 40.927369 ], [ -111.888992, 40.928839 ], [ -111.89235, 40.931729 ], [ -111.89533, 40.933749 ], [ -111.895762, 40.933372 ], [ -111.896038, 40.933082 ], [ -111.896343, 40.932633 ], [ -111.897885, 40.929675 ], [ -111.897335, 40.925685 ], [ -111.898231, 40.923846 ], [ -111.902955, 40.921827 ], [ -111.906584, 40.91743 ], [ -111.907122, 40.917262 ], [ -111.9078, 40.916953 ], [ -111.908591, 40.916638 ], [ -111.909044, 40.916362 ], [ -111.909191, 40.916243 ], [ -111.906946, 40.913436 ] ] ] } },
{ "type": "Feature", "properties": { "group_index": 0, "value": 600.0, "center": [ -111.89480912200777, 40.921588917280836 ], "point_id": 0 }, "geometry": { "type": "Polygon", "coordinates": [ [ [ -111.918941, 40.902687 ], [ -111.914327, 40.902658 ], [ -111.907321, 40.899233 ], [ -111.905761, 40.89867 ], [ -111.902157, 40.897337 ], [ -111.899054, 40.896325 ], [ -111.898699, 40.896325 ], [ -111.895208, 40.897754 ], [ -111.887162, 40.900891 ], [ -111.885292, 40.90168 ], [ -111.883676, 40.902614 ], [ -111.881792, 40.903975 ], [ -111.878202, 40.906592 ], [ -111.872352, 40.911253 ], [ -111.866674, 40.915548 ], [ -111.866082, 40.916509 ], [ -111.863454, 40.921094 ], [ -111.863262, 40.92165 ], [ -111.864749, 40.924838 ], [ -111.868406, 40.928634 ], [ -111.869505, 40.929546 ], [ -111.871411, 40.930916 ], [ -111.874891, 40.933518 ], [ -111.881175, 40.938856 ], [ -111.884722, 40.941072 ], [ -111.889392, 40.942758 ], [ -111.897062, 40.945365 ], [ -111.900551, 40.944477 ], [ -111.899918, 40.9404 ], [ -111.900208, 40.935311 ], [ -111.90062, 40.933302 ], [ -111.897885, 40.929675 ], [ -111.897335, 40.925685 ], [ -111.902955, 40.921827 ], [ -111.908591, 40.916638 ], [ -111.909044, 40.916362 ], [ -111.909191, 40.916243 ], [ -111.912274, 40.913655 ], [ -111.917268, 40.908668 ], [ -111.921003, 40.905639 ], [ -111.918941, 40.902687 ] ] ] } },
{ "type": "Feature", "properties": { "group_index": 0, "value": 900.0, "center": [ -111.89480912200777, 40.921588917280836 ], "point_id": 0 }, "geometry": { "type": "Polygon", "coordinates": [ [ [ -111.934408, 40.896433 ], [ -111.932059, 40.893705 ], [ -111.931015, 40.893344 ], [ -111.930631, 40.893593 ], [ -111.930002, 40.894118 ], [ -111.929008, 40.895027 ], [ -111.928662, 40.895347 ], [ -111.927997, 40.895955 ], [ -111.919298, 40.893903 ], [ -111.917925, 40.89221 ], [ -111.91478, 40.889818 ], [ -111.913547, 40.888863 ], [ -111.911847, 40.888057 ], [ -111.903816, 40.885559 ], [ -111.902658, 40.884814 ], [ -111.902355, 40.884801 ], [ -111.900216, 40.885604 ], [ -111.892218, 40.886629 ], [ -111.892114, 40.88663 ], [ -111.884715, 40.888616 ], [ -111.87777, 40.892747 ], [ -111.872697, 40.896701 ], [ -111.869726, 40.898948 ], [ -111.868788, 40.899722 ], [ -111.864197, 40.903502 ], [ -111.863933, 40.903871 ], [ -111.859338, 40.910848 ], [ -111.855751, 40.915333 ], [ -111.856466, 40.918553 ], [ -111.859316, 40.925441 ], [ -111.859843, 40.926511 ], [ -111.859929, 40.926679 ], [ -111.860864, 40.927178 ], [ -111.865085, 40.93001 ], [ -111.867209, 40.937058 ], [ -111.867148, 40.937627 ], [ -111.871997, 40.944165 ], [ -111.8742, 40.947184 ], [ -111.874239, 40.947231 ], [ -111.874242, 40.947234 ], [ -111.874281, 40.947281 ], [ -111.877712, 40.948828 ], [ -111.879839, 40.949755 ], [ -111.886096, 40.954021 ], [ -111.88773, 40.955486 ], [ -111.888808, 40.956424 ], [ -111.895141, 40.955029 ], [ -111.898093, 40.948478 ], [ -111.901581, 40.947586 ], [ -111.905192, 40.944989 ], [ -111.903727, 40.942375 ], [ -111.902529, 40.940203 ], [ -111.90062, 40.933302 ], [ -111.897885, 40.929675 ], [ -111.897335, 40.925685 ], [ -111.902955, 40.921827 ], [ -111.908591, 40.916638 ], [ -111.909044, 40.916362 ], [ -111.909191, 40.916243 ], [ -111.912274, 40.913655 ], [ -111.919324, 40.908126 ], [ -111.919648, 40.907978 ], [ -111.924721, 40.906182 ], [ -111.926096, 40.905872 ], [ -111.926258, 40.905839 ], [ -111.931442, 40.903768 ], [ -111.933663, 40.900934 ], [ -111.934408, 40.896433 ] ] ] } },
{ "type": "Feature", "properties": { "group_index": 0, "value": 300.0, "center": [ -112.03556874212168, 41.13994863419441 ], "point_id": 0 }, "geometry": { "type": "Polygon", "coordinates": [ [ [ -112.052766, 41.139331 ], [ -112.051694, 41.13808 ], [ -112.049625, 41.13651 ], [ -112.046471, 41.133915 ], [ -112.041831, 41.130806 ], [ -112.039739, 41.129252 ], [ -112.036883, 41.127499 ], [ -112.035375, 41.126585 ], [ -112.033319, 41.126352 ], [ -112.033226, 41.126411 ], [ -112.029985, 41.129235 ], [ -112.028135, 41.130794 ], [ -112.024244, 41.134258 ], [ -112.02425, 41.136671 ], [ -112.025918, 41.139933 ], [ -112.024263, 41.144148 ], [ -112.02427, 41.14548 ], [ -112.025543, 41.146576 ], [ -112.028269, 41.148969 ], [ -112.030239, 41.150432 ], [ -112.030953, 41.150531 ], [ -112.031419, 41.15053 ], [ -112.036118, 41.149934 ], [ -112.039843, 41.150795 ], [ -112.039894, 41.150795 ], [ -112.042616, 41.148941 ], [ -112.046518, 41.146093 ], [ -112.047671, 41.145215 ], [ -112.051695, 41.14168 ], [ -112.052766, 41.139777 ], [ -112.052766, 41.139331 ] ] ] } },
{ "type": "Feature", "properties": { "group_index": 0, "value": 600.0, "center": [ -112.03556874212168, 41.13994863419441 ], "point_id": 0 }, "geometry": { "type": "Polygon", "coordinates": [ [ [ -112.070594, 41.139763 ], [ -112.070594, 41.139225 ], [ -112.069605, 41.138083 ], [ -112.066302, 41.135546 ], [ -112.06022, 41.130844 ], [ -112.056651, 41.128565 ], [ -112.052618, 41.123555 ], [ -112.045261, 41.119651 ], [ -112.041287, 41.118451 ], [ -112.038498, 41.118093 ], [ -112.030321, 41.116352 ], [ -112.028896, 41.116318 ], [ -112.027634, 41.117018 ], [ -112.024471, 41.11937 ], [ -112.022939, 41.120938 ], [ -112.02156, 41.12265 ], [ -112.023137, 41.125886 ], [ -112.024245, 41.131909 ], [ -112.024244, 41.134258 ], [ -112.02425, 41.136671 ], [ -112.024263, 41.144148 ], [ -112.02427, 41.14548 ], [ -112.026062, 41.151226 ], [ -112.024761, 41.156244 ], [ -112.024251, 41.158886 ], [ -112.024251, 41.159103 ], [ -112.024768, 41.159844 ], [ -112.026806, 41.161449 ], [ -112.029354, 41.161511 ], [ -112.035741, 41.161573 ], [ -112.041237, 41.162849 ], [ -112.041471, 41.162838 ], [ -112.043427, 41.162629 ], [ -112.044836, 41.161255 ], [ -112.051206, 41.156209 ], [ -112.056635, 41.151574 ], [ -112.060343, 41.148946 ], [ -112.064898, 41.145728 ], [ -112.069607, 41.141683 ], [ -112.070435, 41.140622 ], [ -112.070594, 41.139763 ] ] ] } },
{ "type": "Feature", "properties": { "group_index": 0, "value": 900.0, "center": [ -112.03556874212168, 41.13994863419441 ], "point_id": 0 }, "geometry": { "type": "Polygon", "coordinates": [ [ [ -112.08859, 41.139379 ], [ -112.087516, 41.138033 ], [ -112.081303, 41.133449 ], [ -112.080298, 41.132271 ], [ -112.078416, 41.13091 ], [ -112.072191, 41.126748 ], [ -112.068544, 41.123578 ], [ -112.066803, 41.122316 ], [ -112.060576, 41.117299 ], [ -112.056817, 41.114568 ], [ -112.049981, 41.10887 ], [ -112.047049, 41.107468 ], [ -112.046667, 41.107468 ], [ -112.043486, 41.107934 ], [ -112.036914, 41.109097 ], [ -112.031434, 41.106696 ], [ -112.024473, 41.107767 ], [ -112.021325, 41.106433 ], [ -112.0193, 41.10644 ], [ -112.019202, 41.106517 ], [ -112.014588, 41.110321 ], [ -112.013416, 41.111444 ], [ -112.012583, 41.113366 ], [ -112.014891, 41.116762 ], [ -112.01763, 41.12295 ], [ -112.019442, 41.123943 ], [ -112.023137, 41.125886 ], [ -112.024245, 41.131909 ], [ -112.024244, 41.134258 ], [ -112.02425, 41.136671 ], [ -112.024263, 41.144148 ], [ -112.02427, 41.14548 ], [ -112.026062, 41.151226 ], [ -112.021374, 41.154586 ], [ -112.018552, 41.154676 ], [ -112.018286, 41.154792 ], [ -112.017884, 41.155213 ], [ -112.016053, 41.15834 ], [ -112.015862, 41.159615 ], [ -112.015864, 41.160322 ], [ -112.016916, 41.162473 ], [ -112.019626, 41.170271 ], [ -112.01958, 41.171467 ], [ -112.027026, 41.174896 ], [ -112.028775, 41.175181 ], [ -112.035955, 41.174814 ], [ -112.043406, 41.172678 ], [ -112.047006, 41.172671 ], [ -112.049579, 41.171514 ], [ -112.05138, 41.170291 ], [ -112.058235, 41.164915 ], [ -112.06005, 41.163458 ], [ -112.066247, 41.158363 ], [ -112.06979, 41.156472 ], [ -112.075238, 41.152057 ], [ -112.077055, 41.151017 ], [ -112.079406, 41.148931 ], [ -112.08308, 41.145341 ], [ -112.08752, 41.141633 ], [ -112.088597, 41.139735 ], [ -112.08859, 41.139379 ] ] ] } },
{ "type": "Feature", "properties": { "group_index": 0, "value": 300.0, "center": [ -111.98927819829682, 41.251853645770915 ], "point_id": 0 }, "geometry": { "type": "Polygon", "coordinates": [ [ [ -111.996367, 41.244489 ], [ -111.996277, 41.244028 ], [ -111.994826, 41.242662 ], [ -111.99459, 41.242659 ], [ -111.991868, 41.242626 ], [ -111.987629, 41.240545 ], [ -111.98751, 41.240545 ], [ -111.98384, 41.241198 ], [ -111.982213, 41.242492 ], [ -111.977822, 41.244154 ], [ -111.976463, 41.244593 ], [ -111.974001, 41.246807 ], [ -111.97318, 41.248644 ], [ -111.973133, 41.251696 ], [ -111.973133, 41.251717 ], [ -111.973604, 41.252361 ], [ -111.974534, 41.253563 ], [ -111.976211, 41.254412 ], [ -111.980437, 41.258152 ], [ -111.98047, 41.258183 ], [ -111.980583, 41.258279 ], [ -111.980619, 41.258307 ], [ -111.981481, 41.258659 ], [ -111.981584, 41.258662 ], [ -111.984086, 41.257918 ], [ -111.98851, 41.255509 ], [ -111.989269, 41.252534 ], [ -111.992214, 41.247431 ], [ -111.994782, 41.246262 ], [ -111.996364, 41.244667 ], [ -111.996367, 41.244489 ] ] ] } },
{ "type": "Feature", "properties": { "group_index": 0, "value": 600.0, "center": [ -111.98927819829682, 41.251853645770915 ], "point_id": 0 }, "geometry": { "type": "Polygon", "coordinates": [ [ [ -112.014166, 41.244593 ], [ -112.012763, 41.242851 ], [ -112.01061, 41.241731 ], [ -112.01044, 41.241729 ], [ -112.008836, 41.241897 ], [ -112.007668, 41.242221 ], [ -112.004228, 41.242842 ], [ -112.003964, 41.242845 ], [ -112.003758, 41.242845 ], [ -112.003445, 41.242848 ], [ -112.002559, 41.242934 ], [ -111.995366, 41.238469 ], [ -111.994232, 41.235053 ], [ -111.991786, 41.235318 ], [ -111.986488, 41.230184 ], [ -111.985622, 41.229888 ], [ -111.984552, 41.229665 ], [ -111.977542, 41.231172 ], [ -111.97464, 41.232799 ], [ -111.972903, 41.233941 ], [ -111.969075, 41.236923 ], [ -111.963576, 41.240794 ], [ -111.960683, 41.242805 ], [ -111.958815, 41.245572 ], [ -111.955649, 41.251552 ], [ -111.955646, 41.251762 ], [ -111.956587, 41.253361 ], [ -111.960052, 41.256191 ], [ -111.963466, 41.258852 ], [ -111.969107, 41.263431 ], [ -111.97612, 41.268524 ], [ -111.977664, 41.269643 ], [ -111.977701, 41.269643 ], [ -111.98417, 41.268578 ], [ -111.992136, 41.264923 ], [ -111.995147, 41.26316 ], [ -111.997898, 41.260688 ], [ -112.002177, 41.25602 ], [ -112.003504, 41.254112 ], [ -112.009821, 41.248277 ], [ -112.012722, 41.246451 ], [ -112.014164, 41.244688 ], [ -112.014166, 41.244593 ] ] ] } },
{ "type": "Feature", "properties": { "group_index": 0, "value": 900.0, "center": [ -111.98927819829682, 41.251853645770915 ], "point_id": 0 }, "geometry": { "type": "Polygon", "coordinates": [ [ [ -112.031274, 41.243459 ], [ -112.026903, 41.239741 ], [ -112.023636, 41.240565 ], [ -112.01569, 41.237553 ], [ -112.013034, 41.236379 ], [ -112.005562, 41.232836 ], [ -111.999855, 41.227462 ], [ -111.999231, 41.226952 ], [ -111.998571, 41.226516 ], [ -111.998192, 41.22638 ], [ -111.992887, 41.22862 ], [ -111.98478, 41.226686 ], [ -111.981216, 41.220277 ], [ -111.980893, 41.219208 ], [ -111.980715, 41.218671 ], [ -111.978966, 41.216867 ], [ -111.978938, 41.216867 ], [ -111.978938, 41.216867 ], [ -111.978906, 41.216866 ], [ -111.975662, 41.218922 ], [ -111.969402, 41.222794 ], [ -111.96399, 41.227132 ], [ -111.96129, 41.229187 ], [ -111.955278, 41.232917 ], [ -111.950287, 41.236517 ], [ -111.946036, 41.239171 ], [ -111.943867, 41.24062 ], [ -111.943821, 41.240657 ], [ -111.943651, 41.241 ], [ -111.943644, 41.241193 ], [ -111.943505, 41.243025 ], [ -111.939432, 41.250514 ], [ -111.938193, 41.252085 ], [ -111.93829, 41.252572 ], [ -111.940804, 41.254862 ], [ -111.944885, 41.258608 ], [ -111.94786, 41.261071 ], [ -111.952078, 41.264359 ], [ -111.957206, 41.268269 ], [ -111.962302, 41.272896 ], [ -111.968518, 41.279018 ], [ -111.972937, 41.2801 ], [ -111.973333, 41.280142 ], [ -111.981769, 41.280995 ], [ -111.982155, 41.280998 ], [ -111.98257, 41.280931 ], [ -111.983202, 41.280798 ], [ -111.986194, 41.278796 ], [ -111.988964, 41.276319 ], [ -111.991291, 41.273524 ], [ -111.999422, 41.273891 ], [ -111.999552, 41.273885 ], [ -111.999553, 41.273885 ], [ -111.999684, 41.273879 ], [ -112.000073, 41.27376 ], [ -112.00546, 41.269081 ], [ -112.009055, 41.265791 ], [ -112.009347, 41.265244 ], [ -112.009446, 41.264861 ], [ -112.010537, 41.261409 ], [ -112.010742, 41.260499 ], [ -112.010737, 41.259594 ], [ -112.010747, 41.257498 ], [ -112.018007, 41.253232 ], [ -112.018842, 41.253268 ], [ -112.020538, 41.253566 ], [ -112.020931, 41.253569 ], [ -112.020938, 41.253569 ], [ -112.021331, 41.253571 ], [ -112.027053, 41.249568 ], [ -112.031099, 41.247054 ], [ -112.031274, 41.243459 ] ] ] } },
{ "type": "Feature", "properties": { "group_index": 0, "value": 300.0, "center": [ -111.74949500837293, 40.31134873154676 ], "point_id": 0 }, "geometry": { "type": "Polygon", "coordinates": [ [ [ -111.764872, 40.31067 ], [ -111.763402, 40.307468 ], [ -111.761861, 40.306092 ], [ -111.759014, 40.303646 ], [ -111.757241, 40.302002 ], [ -111.757054, 40.301928 ], [ -111.755051, 40.30119 ], [ -111.752814, 40.300916 ], [ -111.752658, 40.300917 ], [ -111.749928, 40.301035 ], [ -111.745222, 40.299591 ], [ -111.744247, 40.299189 ], [ -111.74204, 40.298892 ], [ -111.739179, 40.301078 ], [ -111.74098, 40.303434 ], [ -111.743789, 40.308603 ], [ -111.742225, 40.30999 ], [ -111.742564, 40.313574 ], [ -111.743691, 40.313468 ], [ -111.746119, 40.313126 ], [ -111.7507, 40.313282 ], [ -111.756018, 40.31447 ], [ -111.759931, 40.315983 ], [ -111.763531, 40.31597 ], [ -111.764872, 40.31067 ] ] ] } },
{ "type": "Feature", "properties": { "group_index": 0, "value": 600.0, "center": [ -111.74949500837293, 40.31134873154676 ], "point_id": 0 }, "geometry": { "type": "Polygon", "coordinates": [ [ [ -111.767406, 40.320806 ], [ -111.767888, 40.319017 ], [ -111.767951, 40.318285 ], [ -111.767784, 40.317456 ], [ -111.767491, 40.316869 ], [ -111.765231, 40.311435 ], [ -111.764517, 40.307325 ], [ -111.764274, 40.305549 ], [ -111.761782, 40.296956 ], [ -111.763386, 40.293068 ], [ -111.763266, 40.292864 ], [ -111.762594, 40.292601 ], [ -111.761317, 40.292072 ], [ -111.754245, 40.288068 ], [ -111.750662, 40.288418 ], [ -111.744049, 40.287996 ], [ -111.743475, 40.287959 ], [ -111.742909, 40.287952 ], [ -111.742802, 40.287953 ], [ -111.738328, 40.287998 ], [ -111.73381, 40.287414 ], [ -111.733806, 40.287415 ], [ -111.732696, 40.288085 ], [ -111.73208, 40.289303 ], [ -111.729744, 40.297122 ], [ -111.729744, 40.297234 ], [ -111.730154, 40.297719 ], [ -111.731909, 40.30351 ], [ -111.729442, 40.307092 ], [ -111.725478, 40.310148 ], [ -111.725555, 40.313747 ], [ -111.725668, 40.313835 ], [ -111.7299, 40.317208 ], [ -111.734952, 40.319494 ], [ -111.736695, 40.319787 ], [ -111.736763, 40.31978 ], [ -111.738493, 40.318845 ], [ -111.743691, 40.313468 ], [ -111.746119, 40.313126 ], [ -111.7507, 40.313282 ], [ -111.756018, 40.31447 ], [ -111.759931, 40.315983 ], [ -111.760746, 40.324117 ], [ -111.76042, 40.324867 ], [ -111.760481, 40.325266 ], [ -111.76062, 40.326161 ], [ -111.764218, 40.326039 ], [ -111.766924, 40.322596 ], [ -111.767406, 40.320806 ] ] ] } },
{ "type": "Feature", "properties": { "group_index": 0, "value": 900.0, "center": [ -111.74949500837293, 40.31134873154676 ], "point_id": 0 }, "geometry": { "type": "Polygon", "coordinates": [ [ [ -111.764615, 40.330084 ], [ -111.766924, 40.322596 ], [ -111.767406, 40.320806 ], [ -111.767888, 40.319017 ], [ -111.767951, 40.318285 ], [ -111.767784, 40.317456 ], [ -111.767491, 40.316869 ], [ -111.765231, 40.311435 ], [ -111.764517, 40.307325 ], [ -111.764274, 40.305549 ], [ -111.761782, 40.296956 ], [ -111.763386, 40.293068 ], [ -111.763266, 40.292864 ], [ -111.762594, 40.292601 ], [ -111.761317, 40.292072 ], [ -111.754653, 40.286984 ], [ -111.754207, 40.285483 ], [ -111.754029, 40.284449 ], [ -111.75273, 40.283562 ], [ -111.747347, 40.279854 ], [ -111.746415, 40.279324 ], [ -111.74618, 40.279194 ], [ -111.745283, 40.278899 ], [ -111.740985, 40.277605 ], [ -111.738183, 40.277079 ], [ -111.73111, 40.275764 ], [ -111.729252, 40.275069 ], [ -111.72911, 40.275075 ], [ -111.728121, 40.275527 ], [ -111.727754, 40.275708 ], [ -111.726506, 40.277148 ], [ -111.72558, 40.278204 ], [ -111.71938, 40.284508 ], [ -111.716989, 40.286081 ], [ -111.715437, 40.288184 ], [ -111.714256, 40.289812 ], [ -111.714224, 40.289908 ], [ -111.71416, 40.290109 ], [ -111.71295, 40.296364 ], [ -111.712844, 40.296896 ], [ -111.712844, 40.297001 ], [ -111.712882, 40.297492 ], [ -111.712886, 40.297553 ], [ -111.712977, 40.298052 ], [ -111.713521, 40.298761 ], [ -111.711725, 40.307112 ], [ -111.710445, 40.308216 ], [ -111.707851, 40.310306 ], [ -111.706746, 40.310947 ], [ -111.706633, 40.311082 ], [ -111.70786, 40.313906 ], [ -111.712388, 40.317317 ], [ -111.714463, 40.318882 ], [ -111.717311, 40.320951 ], [ -111.722947, 40.323423 ], [ -111.729568, 40.328227 ], [ -111.736642, 40.332477 ], [ -111.740187, 40.331851 ], [ -111.744202, 40.32873 ], [ -111.751371, 40.330674 ], [ -111.755838, 40.335226 ], [ -111.757191, 40.336936 ], [ -111.757294, 40.336979 ], [ -111.759872, 40.337177 ], [ -111.76166, 40.336513 ], [ -111.763385, 40.333843 ], [ -111.764615, 40.330084 ] ] ] } }
]
}
