{
"type": "FeatureCollection",
"name": "LightRail_Stations_iso_cycling-regular",
"crs": { "type": "name", "properties": { "name": "urn:ogc:def:crs:OGC:1.3:CRS84" } },
"features": [
{ "type": "Feature", "properties": { "group_index": 0, "value": 300.0, "center": [ -111.88447727516333, 40.760623300981436 ], "point_id": 17.0 }, "geometry": { "type": "Polygon", "coordinates": [ [ [ -111.90141, 40.760568 ], [ -111.901107, 40.760245 ], [ -111.899375, 40.758534 ], [ -111.897359, 40.756903 ], [ -111.894106, 40.754508 ], [ -111.89106, 40.752171 ], [ -111.888368, 40.750156 ], [ -111.885576, 40.748016 ], [ -111.885408, 40.7479 ], [ -111.885388, 40.7479 ], [ -111.881964, 40.750155 ], [ -111.879057, 40.752325 ], [ -111.876632, 40.754359 ], [ -111.873332, 40.756685 ], [ -111.870651, 40.75896 ], [ -111.869145, 40.760554 ], [ -111.869036, 40.760812 ], [ -111.869038, 40.760857 ], [ -111.869049, 40.760976 ], [ -111.869054, 40.761021 ], [ -111.870667, 40.76256 ], [ -111.873393, 40.764636 ], [ -111.876255, 40.766806 ], [ -111.880938, 40.770478 ], [ -111.882047, 40.771144 ], [ -111.88254, 40.771313 ], [ -111.882638, 40.771312 ], [ -111.885336, 40.771315 ], [ -111.88543, 40.771315 ], [ -111.88794, 40.771103 ], [ -111.891274, 40.768808 ], [ -111.894827, 40.766209 ], [ -111.898029, 40.76373 ], [ -111.89975, 40.762439 ], [ -111.90141, 40.760639 ], [ -111.90141, 40.760568 ] ] ] } },
{ "type": "Feature", "properties": { "group_index": 0, "value": 600.0, "center": [ -111.88447727516333, 40.760623300981436 ], "point_id": 17.0 }, "geometry": { "type": "Polygon", "coordinates": [ [ [ -111.91926, 40.760625 ], [ -111.917484, 40.758865 ], [ -111.916848, 40.758378 ], [ -111.909965, 40.753516 ], [ -111.906283, 40.750137 ], [ -111.903521, 40.747871 ], [ -111.896957, 40.742807 ], [ -111.893965, 40.740637 ], [ -111.888261, 40.736556 ], [ -111.886019, 40.734988 ], [ -111.884582, 40.734996 ], [ -111.879988, 40.738151 ], [ -111.878887, 40.738992 ], [ -111.877775, 40.739834 ], [ -111.874971, 40.742345 ], [ -111.869831, 40.745117 ], [ -111.86978, 40.745156 ], [ -111.866698, 40.748037 ], [ -111.861828, 40.751297 ], [ -111.860425, 40.752343 ], [ -111.854679, 40.756768 ], [ -111.853517, 40.75886 ], [ -111.853517, 40.759031 ], [ -111.854184, 40.762964 ], [ -111.855579, 40.764642 ], [ -111.859568, 40.767732 ], [ -111.861221, 40.769019 ], [ -111.864107, 40.771159 ], [ -111.865749, 40.772362 ], [ -111.870308, 40.775762 ], [ -111.871809, 40.776891 ], [ -111.874796, 40.779167 ], [ -111.880777, 40.783716 ], [ -111.880986, 40.783717 ], [ -111.885973, 40.782695 ], [ -111.894344, 40.781341 ], [ -111.894939, 40.781246 ], [ -111.898334, 40.777667 ], [ -111.9033, 40.773255 ], [ -111.906473, 40.770963 ], [ -111.908982, 40.768993 ], [ -111.911827, 40.766795 ], [ -111.918676, 40.761993 ], [ -111.918717, 40.761955 ], [ -111.919261, 40.760639 ], [ -111.91926, 40.760625 ] ] ] } },
{ "type": "Feature", "properties": { "group_index": 0, "value": 900.0, "center": [ -111.88447727516333, 40.760623300981436 ], "point_id": 17.0 }, "geometry": { "type": "Polygon", "coordinates": [ [ [ -111.936185, 40.760928 ], [ -111.936185, 40.760205 ], [ -111.936185, 40.760142 ], [ -111.936184, 40.760078 ], [ -111.936095, 40.759865 ], [ -111.935295, 40.758843 ], [ -111.933912, 40.757754 ], [ -111.932512, 40.756642 ], [ -111.931157, 40.755578 ], [ -111.929651, 40.754487 ], [ -111.923922, 40.749478 ], [ -111.92257, 40.748481 ], [ -111.916926, 40.744356 ], [ -111.913345, 40.74151 ], [ -111.912899, 40.741188 ], [ -111.910684, 40.739768 ], [ -111.905951, 40.736678 ], [ -111.901557, 40.732984 ], [ -111.900073, 40.731691 ], [ -111.893975, 40.727153 ], [ -111.892164, 40.725849 ], [ -111.88986, 40.724192 ], [ -111.889077, 40.72366 ], [ -111.885776, 40.721816 ], [ -111.885521, 40.721816 ], [ -111.884339, 40.722339 ], [ -111.881419, 40.723637 ], [ -111.879037, 40.725389 ], [ -111.874752, 40.728549 ], [ -111.870294, 40.731716 ], [ -111.868998, 40.732693 ], [ -111.866529, 40.734592 ], [ -111.865461, 40.73538 ], [ -111.858786, 40.739837 ], [ -111.852274, 40.743917 ], [ -111.845849, 40.748986 ], [ -111.840251, 40.753617 ], [ -111.837474, 40.756159 ], [ -111.836768, 40.757298 ], [ -111.836142, 40.759503 ], [ -111.836731, 40.761491 ], [ -111.841277, 40.767834 ], [ -111.841775, 40.769048 ], [ -111.841795, 40.769071 ], [ -111.847971, 40.773745 ], [ -111.85579, 40.77815 ], [ -111.857375, 40.779373 ], [ -111.859591, 40.781229 ], [ -111.865586, 40.787607 ], [ -111.867278, 40.787762 ], [ -111.869118, 40.787646 ], [ -111.874804, 40.793319 ], [ -111.874848, 40.794114 ], [ -111.877973, 40.795026 ], [ -111.886869, 40.794436 ], [ -111.892772, 40.793394 ], [ -111.899006, 40.792919 ], [ -111.901924, 40.792608 ], [ -111.902057, 40.792573 ], [ -111.902079, 40.792567 ], [ -111.902212, 40.792531 ], [ -111.90702, 40.787571 ], [ -111.910228, 40.784085 ], [ -111.916106, 40.777674 ], [ -111.921142, 40.773214 ], [ -111.926486, 40.768879 ], [ -111.929636, 40.767228 ], [ -111.933053, 40.764609 ], [ -111.935294, 40.762443 ], [ -111.936086, 40.76141 ], [ -111.936185, 40.760928 ] ] ] } },
{ "type": "Feature", "properties": { "group_index": 0, "value": 300.0, "center": [ -111.87303379142217, 40.76076094041586 ], "point_id": 18.0 }, "geometry": { "type": "Polygon", "coordinates": [ [ [ -111.889952, 40.76045 ], [ -111.889362, 40.759305 ], [ -111.889357, 40.759299 ], [ -111.885369, 40.756664 ], [ -111.883921, 40.755412 ], [ -111.882701, 40.754496 ], [ -111.882509, 40.754351 ], [ -111.879633, 40.752174 ], [ -111.876938, 40.750161 ], [ -111.874, 40.747888 ], [ -111.870938, 40.747422 ], [ -111.8709, 40.747422 ], [ -111.869741, 40.748004 ], [ -111.866827, 40.750171 ], [ -111.863007, 40.752505 ], [ -111.859502, 40.755046 ], [ -111.857069, 40.756762 ], [ -111.856891, 40.75913 ], [ -111.856318, 40.762908 ], [ -111.856318, 40.762967 ], [ -111.857949, 40.76464 ], [ -111.860811, 40.766859 ], [ -111.863607, 40.768985 ], [ -111.866554, 40.771168 ], [ -111.869781, 40.773498 ], [ -111.870018, 40.773599 ], [ -111.870074, 40.773599 ], [ -111.870081, 40.773599 ], [ -111.870137, 40.773599 ], [ -111.872595, 40.773502 ], [ -111.875435, 40.772365 ], [ -111.877076, 40.771149 ], [ -111.880019, 40.768974 ], [ -111.882864, 40.76681 ], [ -111.8854, 40.76478 ], [ -111.885686, 40.764553 ], [ -111.888289, 40.762344 ], [ -111.889951, 40.760558 ], [ -111.889952, 40.76045 ] ] ] } },
{ "type": "Feature", "properties": { "group_index": 0, "value": 600.0, "center": [ -111.87303379142217, 40.76076094041586 ], "point_id": 18.0 }, "geometry": { "type": "Polygon", "coordinates": [ [ [ -111.907271, 40.760818 ], [ -111.907089, 40.759984 ], [ -111.906012, 40.758758 ], [ -111.900515, 40.754474 ], [ -111.898125, 40.752373 ], [ -111.891981, 40.7479 ], [ -111.888159, 40.745004 ], [ -111.882728, 40.740841 ], [ -111.876888, 40.736604 ], [ -111.876807, 40.736566 ], [ -111.87097, 40.733803 ], [ -111.870793, 40.733803 ], [ -111.867399, 40.736251 ], [ -111.86621, 40.73715 ], [ -111.859004, 40.741988 ], [ -111.855745, 40.743968 ], [ -111.8483, 40.748988 ], [ -111.841483, 40.754769 ], [ -111.839326, 40.756673 ], [ -111.83805, 40.758639 ], [ -111.838049, 40.758653 ], [ -111.838542, 40.76115 ], [ -111.8432, 40.7677 ], [ -111.846395, 40.769999 ], [ -111.850358, 40.772829 ], [ -111.853144, 40.774626 ], [ -111.859259, 40.779315 ], [ -111.865091, 40.783677 ], [ -111.867215, 40.785282 ], [ -111.870152, 40.786995 ], [ -111.876374, 40.784878 ], [ -111.878324, 40.783709 ], [ -111.879844, 40.782575 ], [ -111.881327, 40.781451 ], [ -111.882822, 40.78032 ], [ -111.889165, 40.775403 ], [ -111.894365, 40.771714 ], [ -111.900522, 40.766796 ], [ -111.903508, 40.764622 ], [ -111.906328, 40.762344 ], [ -111.907272, 40.761013 ], [ -111.907271, 40.760818 ] ] ] } },
{ "type": "Feature", "properties": { "group_index": 0, "value": 900.0, "center": [ -111.87303379142217, 40.76076094041586 ], "point_id": 18.0 }, "geometry": { "type": "Polygon", "coordinates": [ [ [ -111.925232, 40.760345 ], [ -111.924982, 40.759544 ], [ -111.924799, 40.759191 ], [ -111.918081, 40.754457 ], [ -111.91277, 40.750132 ], [ -111.910221, 40.747987 ], [ -111.90345, 40.743588 ], [ -111.901919, 40.741688 ], [ -111.89639, 40.73715 ], [ -111.89636, 40.737128 ], [ -111.893815, 40.73544 ], [ -111.886731, 40.730448 ], [ -111.885709, 40.729683 ], [ -111.88312, 40.727711 ], [ -111.877589, 40.723633 ], [ -111.871564, 40.7204 ], [ -111.871009, 40.720333 ], [ -111.871001, 40.720333 ], [ -111.870701, 40.720404 ], [ -111.866305, 40.72366 ], [ -111.8587, 40.728472 ], [ -111.852471, 40.732596 ], [ -111.845566, 40.737773 ], [ -111.841449, 40.741153 ], [ -111.835662, 40.745081 ], [ -111.8287, 40.747483 ], [ -111.827953, 40.747748 ], [ -111.827807, 40.747826 ], [ -111.826116, 40.749548 ], [ -111.824932, 40.750915 ], [ -111.824415, 40.753495 ], [ -111.82441, 40.753601 ], [ -111.824399, 40.754374 ], [ -111.824407, 40.754587 ], [ -111.825477, 40.762984 ], [ -111.827791, 40.767397 ], [ -111.830376, 40.770647 ], [ -111.830653, 40.770986 ], [ -111.834075, 40.774373 ], [ -111.834396, 40.77468 ], [ -111.841976, 40.778738 ], [ -111.845491, 40.782561 ], [ -111.849521, 40.784662 ], [ -111.849573, 40.784684 ], [ -111.85611, 40.786212 ], [ -111.859126, 40.790155 ], [ -111.861358, 40.793378 ], [ -111.861658, 40.793551 ], [ -111.870049, 40.794736 ], [ -111.870259, 40.794688 ], [ -111.872123, 40.792743 ], [ -111.880083, 40.792534 ], [ -111.886379, 40.78863 ], [ -111.893425, 40.78657 ], [ -111.899209, 40.784193 ], [ -111.902851, 40.780209 ], [ -111.905644, 40.777731 ], [ -111.905675, 40.777706 ], [ -111.910023, 40.773239 ], [ -111.916103, 40.768812 ], [ -111.921123, 40.764598 ], [ -111.923891, 40.762455 ], [ -111.925174, 40.760635 ], [ -111.925232, 40.760345 ] ] ] } },
{ "type": "Feature", "properties": { "group_index": 0, "value": 300.0, "center": [ -111.86620092897826, 40.76075818178105 ], "point_id": 19.0 }, "geometry": { "type": "Polygon", "coordinates": [ [ [ -111.882986, 40.759926 ], [ -111.882, 40.758761 ], [ -111.880103, 40.757262 ], [ -111.878323, 40.755925 ], [ -111.876448, 40.754498 ], [ -111.875734, 40.753977 ], [ -111.872755, 40.752174 ], [ -111.870673, 40.750167 ], [ -111.867767, 40.748002 ], [ -111.865475, 40.746233 ], [ -111.865221, 40.746231 ], [ -111.861973, 40.74801 ], [ -111.858743, 40.750229 ], [ -111.856053, 40.752348 ], [ -111.853187, 40.754528 ], [ -111.849894, 40.756807 ], [ -111.849151, 40.757295 ], [ -111.848641, 40.758617 ], [ -111.84864, 40.758683 ], [ -111.850528, 40.763743 ], [ -111.85269, 40.766063 ], [ -111.853253, 40.766486 ], [ -111.856697, 40.768981 ], [ -111.86132, 40.77236 ], [ -111.862818, 40.773498 ], [ -111.863767, 40.774111 ], [ -111.864895, 40.774634 ], [ -111.865479, 40.774633 ], [ -111.866311, 40.774635 ], [ -111.867815, 40.773498 ], [ -111.869349, 40.772359 ], [ -111.872271, 40.770162 ], [ -111.876102, 40.767339 ], [ -111.879494, 40.764633 ], [ -111.882013, 40.762361 ], [ -111.88299, 40.760224 ], [ -111.882986, 40.759926 ] ] ] } },
{ "type": "Feature", "properties": { "group_index": 0, "value": 600.0, "center": [ -111.86620092897826, 40.76075818178105 ], "point_id": 19.0 }, "geometry": { "type": "Polygon", "coordinates": [ [ [ -111.901527, 40.760394 ], [ -111.899488, 40.758533 ], [ -111.897444, 40.756905 ], [ -111.89139, 40.752251 ], [ -111.888707, 40.750154 ], [ -111.885731, 40.747899 ], [ -111.883492, 40.746213 ], [ -111.879244, 40.743072 ], [ -111.874988, 40.739845 ], [ -111.872912, 40.738258 ], [ -111.866883, 40.733804 ], [ -111.865408, 40.732682 ], [ -111.865354, 40.732681 ], [ -111.865343, 40.732681 ], [ -111.865289, 40.732681 ], [ -111.859723, 40.736268 ], [ -111.853193, 40.740713 ], [ -111.845837, 40.745888 ], [ -111.842698, 40.747549 ], [ -111.840654, 40.749299 ], [ -111.834649, 40.754365 ], [ -111.83264, 40.756632 ], [ -111.833031, 40.763663 ], [ -111.833044, 40.763692 ], [ -111.838357, 40.770837 ], [ -111.839113, 40.771457 ], [ -111.845071, 40.775428 ], [ -111.851248, 40.778641 ], [ -111.856699, 40.781376 ], [ -111.861301, 40.7839 ], [ -111.865353, 40.785158 ], [ -111.867879, 40.785918 ], [ -111.868897, 40.785928 ], [ -111.869503, 40.785579 ], [ -111.872214, 40.783696 ], [ -111.873731, 40.782561 ], [ -111.875216, 40.781436 ], [ -111.87673, 40.780296 ], [ -111.878221, 40.779172 ], [ -111.879704, 40.778047 ], [ -111.881195, 40.776914 ], [ -111.885674, 40.773514 ], [ -111.891705, 40.768917 ], [ -111.897325, 40.764563 ], [ -111.899802, 40.762438 ], [ -111.90141, 40.760639 ], [ -111.901534, 40.760443 ], [ -111.901527, 40.760394 ] ] ] } },
{ "type": "Feature", "properties": { "group_index": 0, "value": 900.0, "center": [ -111.86620092897826, 40.76075818178105 ], "point_id": 19.0 }, "geometry": { "type": "Polygon", "coordinates": [ [ [ -111.919259, 40.760563 ], [ -111.917589, 40.758865 ], [ -111.91693, 40.758379 ], [ -111.909963, 40.753402 ], [ -111.906524, 40.750137 ], [ -111.903711, 40.747871 ], [ -111.901998, 40.746527 ], [ -111.89992, 40.744923 ], [ -111.894765, 40.74105 ], [ -111.892898, 40.739786 ], [ -111.886205, 40.734424 ], [ -111.879444, 40.729673 ], [ -111.877234, 40.727978 ], [ -111.872657, 40.72442 ], [ -111.869733, 40.722344 ], [ -111.866997, 40.720403 ], [ -111.866821, 40.720322 ], [ -111.86529, 40.719934 ], [ -111.865065, 40.719933 ], [ -111.864291, 40.720011 ], [ -111.858716, 40.723295 ], [ -111.852944, 40.727265 ], [ -111.850363, 40.728853 ], [ -111.848165, 40.730377 ], [ -111.842395, 40.734696 ], [ -111.838392, 40.737878 ], [ -111.835718, 40.73985 ], [ -111.82858, 40.741381 ], [ -111.828416, 40.741382 ], [ -111.826168, 40.744317 ], [ -111.821047, 40.747518 ], [ -111.820602, 40.747729 ], [ -111.820282, 40.747901 ], [ -111.819884, 40.748974 ], [ -111.819518, 40.750318 ], [ -111.819454, 40.756959 ], [ -111.819768, 40.758763 ], [ -111.820747, 40.761211 ], [ -111.822207, 40.767874 ], [ -111.824357, 40.770762 ], [ -111.829163, 40.772324 ], [ -111.834716, 40.777611 ], [ -111.83655, 40.78064 ], [ -111.843498, 40.784058 ], [ -111.847176, 40.785811 ], [ -111.84801, 40.78606 ], [ -111.852287, 40.787523 ], [ -111.859505, 40.792547 ], [ -111.86088, 40.793615 ], [ -111.861854, 40.793748 ], [ -111.862012, 40.79373 ], [ -111.868379, 40.792474 ], [ -111.871889, 40.791674 ], [ -111.879178, 40.786628 ], [ -111.882039, 40.788814 ], [ -111.882982, 40.787716 ], [ -111.883279, 40.787294 ], [ -111.889459, 40.782795 ], [ -111.892008, 40.78232 ], [ -111.895046, 40.781911 ], [ -111.899797, 40.77697 ], [ -111.904247, 40.773012 ], [ -111.90936, 40.768993 ], [ -111.912245, 40.766953 ], [ -111.918676, 40.761993 ], [ -111.919261, 40.760639 ], [ -111.919259, 40.760563 ] ] ] } },
{ "type": "Feature", "properties": { "group_index": 0, "value": 300.0, "center": [ -111.85208922935787, 40.759705323015446 ], "point_id": 20.0 }, "geometry": { "type": "Polygon", "coordinates": [ [ [ -111.866031, 40.762852 ], [ -111.864213, 40.758545 ], [ -111.863046, 40.756365 ], [ -111.861373, 40.754521 ], [ -111.858495, 40.752343 ], [ -111.854981, 40.750012 ], [ -111.853688, 40.749981 ], [ -111.853068, 40.75003 ], [ -111.8521, 40.750661 ], [ -111.847685, 40.752583 ], [ -111.845628, 40.750677 ], [ -111.845548, 40.750672 ], [ -111.841027, 40.753435 ], [ -111.840305, 40.753727 ], [ -111.840265, 40.753759 ], [ -111.837703, 40.756252 ], [ -111.836891, 40.757232 ], [ -111.836519, 40.759651 ], [ -111.836542, 40.760124 ], [ -111.836731, 40.761491 ], [ -111.838275, 40.765889 ], [ -111.838315, 40.76593 ], [ -111.840345, 40.76669 ], [ -111.845129, 40.769075 ], [ -111.84639, 40.769999 ], [ -111.850963, 40.772826 ], [ -111.852235, 40.773592 ], [ -111.852241, 40.773592 ], [ -111.85225, 40.773592 ], [ -111.852255, 40.773592 ], [ -111.852399, 40.773491 ], [ -111.855787, 40.771159 ], [ -111.858667, 40.768972 ], [ -111.862769, 40.765827 ], [ -111.86432, 40.764641 ], [ -111.866031, 40.762896 ], [ -111.866031, 40.762852 ] ] ] } },
{ "type": "Feature", "properties": { "group_index": 0, "value": 600.0, "center": [ -111.85208922935787, 40.759705323015446 ], "point_id": 20.0 }, "geometry": { "type": "Polygon", "coordinates": [ [ [ -111.883102, 40.762998 ], [ -111.879996, 40.756431 ], [ -111.879171, 40.754501 ], [ -111.873557, 40.750164 ], [ -111.870723, 40.747998 ], [ -111.865225, 40.743515 ], [ -111.864661, 40.743103 ], [ -111.859704, 40.739493 ], [ -111.855034, 40.736282 ], [ -111.853378, 40.735455 ], [ -111.853332, 40.735466 ], [ -111.853304, 40.735474 ], [ -111.85326, 40.735488 ], [ -111.846334, 40.739845 ], [ -111.839399, 40.742686 ], [ -111.835475, 40.744279 ], [ -111.829312, 40.745966 ], [ -111.826724, 40.746962 ], [ -111.825579, 40.747825 ], [ -111.824494, 40.748978 ], [ -111.824277, 40.749438 ], [ -111.822778, 40.755303 ], [ -111.823802, 40.764137 ], [ -111.825006, 40.767364 ], [ -111.826268, 40.76927 ], [ -111.831051, 40.772782 ], [ -111.834396, 40.77468 ], [ -111.836955, 40.775602 ], [ -111.838208, 40.776006 ], [ -111.842499, 40.778681 ], [ -111.845268, 40.782604 ], [ -111.849266, 40.78303 ], [ -111.849969, 40.783071 ], [ -111.850527, 40.783071 ], [ -111.8578, 40.782732 ], [ -111.8605, 40.782538 ], [ -111.860608, 40.782526 ], [ -111.8611, 40.78241 ], [ -111.866091, 40.77688 ], [ -111.867575, 40.775758 ], [ -111.869035, 40.774635 ], [ -111.870542, 40.7735 ], [ -111.872051, 40.772361 ], [ -111.874456, 40.770503 ], [ -111.876471, 40.768964 ], [ -111.879317, 40.766808 ], [ -111.882315, 40.764583 ], [ -111.883098, 40.763423 ], [ -111.883102, 40.762998 ] ] ] } },
{ "type": "Feature", "properties": { "group_index": 0, "value": 900.0, "center": [ -111.85208922935787, 40.759705323015446 ], "point_id": 20.0 }, "geometry": { "type": "Polygon", "coordinates": [ [ [ -111.901712, 40.76276 ], [ -111.901712, 40.762751 ], [ -111.901712, 40.76275 ], [ -111.898593, 40.756191 ], [ -111.896972, 40.75449 ], [ -111.894149, 40.75224 ], [ -111.891444, 40.750142 ], [ -111.886055, 40.745839 ], [ -111.884327, 40.744655 ], [ -111.877772, 40.739468 ], [ -111.871446, 40.734634 ], [ -111.867519, 40.73171 ], [ -111.862935, 40.728035 ], [ -111.85646, 40.723578 ], [ -111.853988, 40.722037 ], [ -111.853959, 40.722037 ], [ -111.847217, 40.725706 ], [ -111.845126, 40.727288 ], [ -111.844042, 40.728121 ], [ -111.836122, 40.731043 ], [ -111.835346, 40.731106 ], [ -111.830504, 40.73171 ], [ -111.82987, 40.731788 ], [ -111.822671, 40.733538 ], [ -111.820717, 40.733157 ], [ -111.820604, 40.733203 ], [ -111.817957, 40.737251 ], [ -111.816044, 40.740476 ], [ -111.813213, 40.746451 ], [ -111.808237, 40.748458 ], [ -111.807502, 40.748614 ], [ -111.806988, 40.748724 ], [ -111.806513, 40.74892 ], [ -111.805822, 40.749409 ], [ -111.805627, 40.749625 ], [ -111.80552, 40.749758 ], [ -111.806449, 40.751547 ], [ -111.808624, 40.75348 ], [ -111.813896, 40.760149 ], [ -111.815019, 40.761485 ], [ -111.81571, 40.761562 ], [ -111.820865, 40.768031 ], [ -111.819835, 40.770417 ], [ -111.817059, 40.772804 ], [ -111.818539, 40.776086 ], [ -111.82039, 40.775808 ], [ -111.820628, 40.775688 ], [ -111.821129, 40.775453 ], [ -111.821338, 40.775347 ], [ -111.828124, 40.775654 ], [ -111.831134, 40.781889 ], [ -111.831135, 40.783138 ], [ -111.831753, 40.784195 ], [ -111.832325, 40.784435 ], [ -111.834215, 40.784417 ], [ -111.835012, 40.783868 ], [ -111.843512, 40.786308 ], [ -111.843671, 40.787291 ], [ -111.843764, 40.787429 ], [ -111.847157, 40.788317 ], [ -111.855081, 40.790575 ], [ -111.862111, 40.793338 ], [ -111.864099, 40.792951 ], [ -111.864525, 40.792856 ], [ -111.864802, 40.792757 ], [ -111.869644, 40.790856 ], [ -111.872754, 40.78837 ], [ -111.878215, 40.783709 ], [ -111.879371, 40.782393 ], [ -111.882565, 40.778063 ], [ -111.888472, 40.773697 ], [ -111.893976, 40.769136 ], [ -111.897601, 40.7663 ], [ -111.899913, 40.764555 ], [ -111.901712, 40.762761 ], [ -111.901712, 40.76276 ] ] ] } },
{ "type": "Feature", "properties": { "group_index": 0, "value": 300.0, "center": [ -111.89652585974838, 40.6876790872575 ], "point_id": 9.0 }, "geometry": { "type": "Polygon", "coordinates": [ [ [ -111.909917, 40.686438 ], [ -111.909032, 40.685211 ], [ -111.906331, 40.683072 ], [ -111.901539, 40.679545 ], [ -111.897939, 40.679561 ], [ -111.892167, 40.679533 ], [ -111.891235, 40.679353 ], [ -111.891031, 40.679353 ], [ -111.8897, 40.680359 ], [ -111.888399, 40.681359 ], [ -111.884799, 40.684314 ], [ -111.883399, 40.685269 ], [ -111.881816, 40.686939 ], [ -111.881632, 40.687144 ], [ -111.881633, 40.687167 ], [ -111.883386, 40.688869 ], [ -111.88657, 40.692009 ], [ -111.88933, 40.69515 ], [ -111.890454, 40.696433 ], [ -111.891121, 40.696937 ], [ -111.893677, 40.698886 ], [ -111.893886, 40.698885 ], [ -111.894348, 40.698767 ], [ -111.89498, 40.698371 ], [ -111.899932, 40.69609 ], [ -111.901558, 40.694446 ], [ -111.905407, 40.691075 ], [ -111.909039, 40.688811 ], [ -111.909376, 40.688113 ], [ -111.909922, 40.686736 ], [ -111.909917, 40.686438 ] ] ] } },
{ "type": "Feature", "properties": { "group_index": 0, "value": 600.0, "center": [ -111.89652585974838, 40.6876790872575 ], "point_id": 9.0 }, "geometry": { "type": "Polygon", "coordinates": [ [ [ -111.927211, 40.68487 ], [ -111.927204, 40.684716 ], [ -111.926117, 40.683412 ], [ -111.925501, 40.68315 ], [ -111.925446, 40.683143 ], [ -111.923175, 40.682733 ], [ -111.923102, 40.682734 ], [ -111.917498, 40.682151 ], [ -111.912218, 40.67519 ], [ -111.911614, 40.674002 ], [ -111.911037, 40.673399 ], [ -111.905644, 40.669106 ], [ -111.900883, 40.665538 ], [ -111.899297, 40.664897 ], [ -111.899219, 40.664898 ], [ -111.898715, 40.664976 ], [ -111.892022, 40.667203 ], [ -111.886525, 40.668559 ], [ -111.884674, 40.670123 ], [ -111.877736, 40.672613 ], [ -111.87606, 40.674493 ], [ -111.874878, 40.676575 ], [ -111.86945, 40.68212 ], [ -111.866156, 40.684809 ], [ -111.865606, 40.685252 ], [ -111.863868, 40.687093 ], [ -111.863869, 40.68711 ], [ -111.863869, 40.687124 ], [ -111.86387, 40.68714 ], [ -111.865599, 40.688852 ], [ -111.865932, 40.689052 ], [ -111.869678, 40.691526 ], [ -111.872812, 40.69507 ], [ -111.874592, 40.696845 ], [ -111.877689, 40.699912 ], [ -111.879473, 40.701655 ], [ -111.885075, 40.706005 ], [ -111.890551, 40.710023 ], [ -111.893695, 40.712389 ], [ -111.893887, 40.712389 ], [ -111.899715, 40.709725 ], [ -111.901519, 40.707986 ], [ -111.906094, 40.703571 ], [ -111.91052, 40.701714 ], [ -111.91654, 40.696223 ], [ -111.918716, 40.694566 ], [ -111.924138, 40.689083 ], [ -111.926879, 40.686931 ], [ -111.926962, 40.686849 ], [ -111.927211, 40.68487 ] ] ] } },
{ "type": "Feature", "properties": { "group_index": 0, "value": 900.0, "center": [ -111.89652585974838, 40.6876790872575 ], "point_id": 9.0 }, "geometry": { "type": "Polygon", "coordinates": [ [ [ -111.9447, 40.681982 ], [ -111.944598, 40.681635 ], [ -111.943476, 40.680372 ], [ -111.938901, 40.676855 ], [ -111.933067, 40.673224 ], [ -111.926331, 40.668745 ], [ -111.919173, 40.664115 ], [ -111.916003, 40.661426 ], [ -111.90932, 40.656073 ], [ -111.901366, 40.652969 ], [ -111.899853, 40.652266 ], [ -111.899768, 40.652268 ], [ -111.899116, 40.652364 ], [ -111.894366, 40.654632 ], [ -111.888534, 40.654225 ], [ -111.888127, 40.654103 ], [ -111.888061, 40.654108 ], [ -111.888051, 40.654109 ], [ -111.887985, 40.654114 ], [ -111.887648, 40.654356 ], [ -111.879946, 40.658441 ], [ -111.879006, 40.658723 ], [ -111.877833, 40.659804 ], [ -111.873239, 40.663379 ], [ -111.869355, 40.664902 ], [ -111.867166, 40.666258 ], [ -111.863472, 40.669866 ], [ -111.859935, 40.672497 ], [ -111.858148, 40.674304 ], [ -111.852774, 40.681512 ], [ -111.85068, 40.683232 ], [ -111.847813, 40.685283 ], [ -111.846626, 40.686616 ], [ -111.846474, 40.687209 ], [ -111.846477, 40.687456 ], [ -111.847813, 40.688883 ], [ -111.851013, 40.691377 ], [ -111.852422, 40.692507 ], [ -111.857961, 40.697641 ], [ -111.859964, 40.699978 ], [ -111.861685, 40.701692 ], [ -111.862323, 40.702274 ], [ -111.867521, 40.706111 ], [ -111.871688, 40.708695 ], [ -111.875096, 40.711487 ], [ -111.878418, 40.714461 ], [ -111.880115, 40.715748 ], [ -111.882204, 40.717335 ], [ -111.884363, 40.71892 ], [ -111.891193, 40.724141 ], [ -111.8933, 40.725576 ], [ -111.894078, 40.725692 ], [ -111.894271, 40.725694 ], [ -111.894608, 40.725618 ], [ -111.900261, 40.722865 ], [ -111.901668, 40.721491 ], [ -111.908735, 40.715943 ], [ -111.908737, 40.714383 ], [ -111.91514, 40.708133 ], [ -111.917199, 40.708705 ], [ -111.918189, 40.708707 ], [ -111.925546, 40.703851 ], [ -111.926735, 40.703135 ], [ -111.928947, 40.701253 ], [ -111.933423, 40.695189 ], [ -111.934778, 40.694081 ], [ -111.940222, 40.687951 ], [ -111.94348, 40.683972 ], [ -111.9447, 40.682032 ], [ -111.9447, 40.681982 ] ] ] } },
{ "type": "Feature", "properties": { "group_index": 0, "value": 300.0, "center": [ -111.89407171731872, 40.67680640873849 ], "point_id": 10.0 }, "geometry": { "type": "Polygon", "coordinates": [ [ [ -111.9015, 40.671498 ], [ -111.9015, 40.671419 ], [ -111.900694, 40.670382 ], [ -111.899947, 40.669868 ], [ -111.899696, 40.66971 ], [ -111.897321, 40.668583 ], [ -111.894928, 40.668332 ], [ -111.894904, 40.668333 ], [ -111.889662, 40.669849 ], [ -111.887968, 40.670067 ], [ -111.887733, 40.67012 ], [ -111.884724, 40.672684 ], [ -111.882805, 40.677844 ], [ -111.883008, 40.680175 ], [ -111.883035, 40.680312 ], [ -111.885985, 40.683498 ], [ -111.887672, 40.685251 ], [ -111.888358, 40.685759 ], [ -111.891293, 40.687176 ], [ -111.891993, 40.687174 ], [ -111.896365, 40.684217 ], [ -111.897937, 40.681659 ], [ -111.900128, 40.676191 ], [ -111.900758, 40.6745 ], [ -111.9015, 40.671498 ] ] ] } },
{ "type": "Feature", "properties": { "group_index": 0, "value": 600.0, "center": [ -111.89407171731872, 40.67680640873849 ], "point_id": 10.0 }, "geometry": { "type": "Polygon", "coordinates": [ [ [ -111.917757, 40.674191 ], [ -111.917045, 40.671549 ], [ -111.913459, 40.666513 ], [ -111.912785, 40.665694 ], [ -111.911676, 40.664604 ], [ -111.905565, 40.660412 ], [ -111.90398, 40.65884 ], [ -111.89877, 40.656572 ], [ -111.898643, 40.656565 ], [ -111.89329, 40.656805 ], [ -111.886584, 40.657418 ], [ -111.885546, 40.657858 ], [ -111.879557, 40.660873 ], [ -111.874325, 40.66542 ], [ -111.870283, 40.670402 ], [ -111.868153, 40.672059 ], [ -111.867368, 40.672568 ], [ -111.865864, 40.674495 ], [ -111.865863, 40.674573 ], [ -111.867968, 40.680383 ], [ -111.869272, 40.681801 ], [ -111.874518, 40.688856 ], [ -111.876707, 40.690535 ], [ -111.882192, 40.694738 ], [ -111.888358, 40.699284 ], [ -111.891053, 40.701448 ], [ -111.891055, 40.701448 ], [ -111.891057, 40.701448 ], [ -111.891059, 40.701448 ], [ -111.893544, 40.699915 ], [ -111.900243, 40.695302 ], [ -111.905407, 40.691075 ], [ -111.908661, 40.688937 ], [ -111.90886, 40.688811 ], [ -111.909376, 40.687977 ], [ -111.909922, 40.686736 ], [ -111.913855, 40.679451 ], [ -111.916074, 40.678056 ], [ -111.916097, 40.678042 ], [ -111.916805, 40.677611 ], [ -111.917963, 40.67503 ], [ -111.917757, 40.674191 ] ] ] } },
{ "type": "Feature", "properties": { "group_index": 0, "value": 900.0, "center": [ -111.89407171731872, 40.67680640873849 ], "point_id": 10.0 }, "geometry": { "type": "Polygon", "coordinates": [ [ [ -111.93459, 40.669632 ], [ -111.933719, 40.666139 ], [ -111.929332, 40.662348 ], [ -111.926628, 40.660581 ], [ -111.923948, 40.659185 ], [ -111.918044, 40.656015 ], [ -111.916617, 40.651258 ], [ -111.911118, 40.648189 ], [ -111.903697, 40.645574 ], [ -111.900116, 40.645204 ], [ -111.896582, 40.645501 ], [ -111.888822, 40.642846 ], [ -111.888751, 40.642843 ], [ -111.886846, 40.644163 ], [ -111.88232, 40.647158 ], [ -111.878745, 40.648845 ], [ -111.87052, 40.650197 ], [ -111.86785, 40.651756 ], [ -111.866083, 40.653595 ], [ -111.861402, 40.659656 ], [ -111.861075, 40.660149 ], [ -111.857605, 40.665351 ], [ -111.854119, 40.668604 ], [ -111.85237, 40.670046 ], [ -111.849612, 40.67249 ], [ -111.849602, 40.67609 ], [ -111.852545, 40.678276 ], [ -111.855662, 40.686715 ], [ -111.85544, 40.687206 ], [ -111.855445, 40.687398 ], [ -111.856729, 40.688852 ], [ -111.86241, 40.693475 ], [ -111.868412, 40.69818 ], [ -111.873364, 40.701675 ], [ -111.879539, 40.706353 ], [ -111.881957, 40.708124 ], [ -111.888041, 40.71276 ], [ -111.890591, 40.714539 ], [ -111.890998, 40.714539 ], [ -111.891334, 40.714532 ], [ -111.891783, 40.714448 ], [ -111.894165, 40.712729 ], [ -111.900072, 40.709048 ], [ -111.901668, 40.707613 ], [ -111.906152, 40.70359 ], [ -111.910427, 40.701722 ], [ -111.916401, 40.696223 ], [ -111.91871, 40.69443 ], [ -111.924132, 40.689075 ], [ -111.926955, 40.686841 ], [ -111.927211, 40.68487 ], [ -111.932145, 40.67788 ], [ -111.933031, 40.677138 ], [ -111.933265, 40.676877 ], [ -111.93459, 40.669632 ] ] ] } },
{ "type": "Feature", "properties": { "group_index": 0, "value": 300.0, "center": [ -111.89546231427065, 40.65995619122058 ], "point_id": 11.0 }, "geometry": { "type": "Polygon", "coordinates": [ [ [ -111.909135, 40.660106 ], [ -111.907832, 40.658673 ], [ -111.906431, 40.657451 ], [ -111.904933, 40.6568 ], [ -111.901421, 40.653968 ], [ -111.900132, 40.65199 ], [ -111.896532, 40.652017 ], [ -111.891779, 40.651033 ], [ -111.891671, 40.651044 ], [ -111.887863, 40.654356 ], [ -111.886393, 40.655905 ], [ -111.886304, 40.656267 ], [ -111.886309, 40.656336 ], [ -111.885905, 40.659491 ], [ -111.883585, 40.662709 ], [ -111.883521, 40.662864 ], [ -111.884332, 40.665204 ], [ -111.888006, 40.668763 ], [ -111.888814, 40.66931 ], [ -111.891627, 40.670805 ], [ -111.892183, 40.670802 ], [ -111.895404, 40.669403 ], [ -111.899606, 40.669216 ], [ -111.899642, 40.669217 ], [ -111.899895, 40.669137 ], [ -111.901476, 40.667538 ], [ -111.90573, 40.664313 ], [ -111.907632, 40.662969 ], [ -111.90821, 40.662332 ], [ -111.908241, 40.662275 ], [ -111.909147, 40.660219 ], [ -111.909135, 40.660106 ] ] ] } },
{ "type": "Feature", "properties": { "group_index": 0, "value": 600.0, "center": [ -111.89546231427065, 40.65995619122058 ], "point_id": 11.0 }, "geometry": { "type": "Polygon", "coordinates": [ [ [ -111.921311, 40.661515 ], [ -111.921958, 40.658702 ], [ -111.921972, 40.658596 ], [ -111.921893, 40.657783 ], [ -111.919835, 40.651248 ], [ -111.912911, 40.646891 ], [ -111.911959, 40.646038 ], [ -111.911558, 40.645746 ], [ -111.904224, 40.641129 ], [ -111.901764, 40.639124 ], [ -111.898996, 40.637229 ], [ -111.898268, 40.636828 ], [ -111.89818, 40.63684 ], [ -111.896671, 40.638478 ], [ -111.888824, 40.64088 ], [ -111.888653, 40.640875 ], [ -111.888182, 40.641136 ], [ -111.882276, 40.644394 ], [ -111.875901, 40.647933 ], [ -111.870485, 40.653411 ], [ -111.869647, 40.654651 ], [ -111.86951, 40.657164 ], [ -111.870057, 40.664492 ], [ -111.870655, 40.666758 ], [ -111.871828, 40.667874 ], [ -111.876157, 40.669916 ], [ -111.878401, 40.674054 ], [ -111.879408, 40.676215 ], [ -111.886578, 40.680794 ], [ -111.887432, 40.682045 ], [ -111.890585, 40.682952 ], [ -111.891633, 40.682991 ], [ -111.89166, 40.682992 ], [ -111.898093, 40.681072 ], [ -111.901544, 40.680614 ], [ -111.908517, 40.676651 ], [ -111.915423, 40.672757 ], [ -111.915589, 40.672594 ], [ -111.919671, 40.666359 ], [ -111.921311, 40.661515 ] ] ] } },
{ "type": "Feature", "properties": { "group_index": 0, "value": 900.0, "center": [ -111.89546231427065, 40.65995619122058 ], "point_id": 11.0 }, "geometry": { "type": "Polygon", "coordinates": [ [ [ -111.937577, 40.66413 ], [ -111.937437, 40.663994 ], [ -111.935851, 40.662342 ], [ -111.937258, 40.654887 ], [ -111.937327, 40.654832 ], [ -111.938499, 40.653007 ], [ -111.938499, 40.652773 ], [ -111.937469, 40.651334 ], [ -111.933412, 40.648572 ], [ -111.928195, 40.643976 ], [ -111.927916, 40.643888 ], [ -111.927347, 40.643716 ], [ -111.920194, 40.640362 ], [ -111.919213, 40.639551 ], [ -111.917196, 40.637605 ], [ -111.914711, 40.635565 ], [ -111.9105, 40.631429 ], [ -111.909202, 40.630009 ], [ -111.907317, 40.628577 ], [ -111.901498, 40.625262 ], [ -111.899604, 40.623813 ], [ -111.899378, 40.623788 ], [ -111.895917, 40.626197 ], [ -111.889842, 40.62758 ], [ -111.889309, 40.627737 ], [ -111.883373, 40.631204 ], [ -111.879333, 40.633632 ], [ -111.878716, 40.634012 ], [ -111.871218, 40.638334 ], [ -111.866025, 40.640233 ], [ -111.865613, 40.64043 ], [ -111.864166, 40.641841 ], [ -111.858425, 40.647704 ], [ -111.854692, 40.655261 ], [ -111.854692, 40.655262 ], [ -111.854487, 40.66167 ], [ -111.852599, 40.665618 ], [ -111.852596, 40.665656 ], [ -111.852595, 40.665671 ], [ -111.852595, 40.665709 ], [ -111.854341, 40.667538 ], [ -111.860295, 40.674244 ], [ -111.860279, 40.674666 ], [ -111.861674, 40.676106 ], [ -111.865223, 40.679048 ], [ -111.867659, 40.680995 ], [ -111.870318, 40.683065 ], [ -111.87521, 40.686841 ], [ -111.882022, 40.691328 ], [ -111.884286, 40.693122 ], [ -111.886617, 40.694747 ], [ -111.888499, 40.695959 ], [ -111.891228, 40.69673 ], [ -111.891317, 40.696731 ], [ -111.891786, 40.696433 ], [ -111.894688, 40.694355 ], [ -111.899954, 40.692428 ], [ -111.905394, 40.691532 ], [ -111.907305, 40.690478 ], [ -111.910127, 40.688812 ], [ -111.916122, 40.684872 ], [ -111.916183, 40.684775 ], [ -111.916546, 40.683743 ], [ -111.917285, 40.681522 ], [ -111.924448, 40.678753 ], [ -111.924673, 40.678753 ], [ -111.92531, 40.678752 ], [ -111.925522, 40.678753 ], [ -111.926822, 40.678169 ], [ -111.928063, 40.677228 ], [ -111.929097, 40.675628 ], [ -111.931662, 40.670579 ], [ -111.935852, 40.665942 ], [ -111.937578, 40.664174 ], [ -111.937577, 40.66413 ] ] ] } },
{ "type": "Feature", "properties": { "group_index": 0, "value": 300.0, "center": [ -111.89821877778736, 40.63350782111266 ], "point_id": 12.0 }, "geometry": { "type": "Polygon", "coordinates": [ [ [ -111.91196, 40.6309 ], [ -111.91107, 40.629821 ], [ -111.907507, 40.627166 ], [ -111.903046, 40.625282 ], [ -111.901503, 40.623827 ], [ -111.899526, 40.622513 ], [ -111.899199, 40.622513 ], [ -111.896676, 40.623068 ], [ -111.895342, 40.62446 ], [ -111.890667, 40.626051 ], [ -111.890393, 40.626041 ], [ -111.890152, 40.626219 ], [ -111.888532, 40.627691 ], [ -111.884094, 40.631103 ], [ -111.883539, 40.632287 ], [ -111.883842, 40.634694 ], [ -111.888162, 40.638646 ], [ -111.888164, 40.638647 ], [ -111.889371, 40.639063 ], [ -111.894559, 40.640306 ], [ -111.89662, 40.641446 ], [ -111.898702, 40.64265 ], [ -111.899241, 40.642641 ], [ -111.90022, 40.641464 ], [ -111.900223, 40.640864 ], [ -111.900059, 40.639116 ], [ -111.90008, 40.638212 ], [ -111.903829, 40.634151 ], [ -111.90603, 40.633935 ], [ -111.910479, 40.633597 ], [ -111.910677, 40.633574 ], [ -111.911435, 40.633402 ], [ -111.911967, 40.63254 ], [ -111.91196, 40.6309 ] ] ] } },
{ "type": "Feature", "properties": { "group_index": 0, "value": 600.0, "center": [ -111.89821877778736, 40.63350782111266 ], "point_id": 12.0 }, "geometry": { "type": "Polygon", "coordinates": [ [ [ -111.930092, 40.629261 ], [ -111.928725, 40.628102 ], [ -111.923348, 40.625739 ], [ -111.918355, 40.621313 ], [ -111.916679, 40.619082 ], [ -111.916612, 40.619047 ], [ -111.915842, 40.618679 ], [ -111.915823, 40.618671 ], [ -111.911917, 40.6169 ], [ -111.90468, 40.611574 ], [ -111.904494, 40.611574 ], [ -111.903534, 40.61171 ], [ -111.896104, 40.613296 ], [ -111.891121, 40.613305 ], [ -111.890295, 40.613309 ], [ -111.89017, 40.61331 ], [ -111.887023, 40.615521 ], [ -111.881884, 40.618974 ], [ -111.879203, 40.620845 ], [ -111.87224, 40.625877 ], [ -111.86641, 40.629779 ], [ -111.864607, 40.631459 ], [ -111.864602, 40.631531 ], [ -111.866149, 40.633369 ], [ -111.871615, 40.638448 ], [ -111.872743, 40.639543 ], [ -111.877809, 40.644317 ], [ -111.880973, 40.646974 ], [ -111.881658, 40.647519 ], [ -111.886397, 40.651012 ], [ -111.889427, 40.651709 ], [ -111.896071, 40.654266 ], [ -111.899171, 40.656096 ], [ -111.906085, 40.65093 ], [ -111.906471, 40.650766 ], [ -111.910482, 40.647692 ], [ -111.914317, 40.644964 ], [ -111.919572, 40.640944 ], [ -111.925495, 40.634498 ], [ -111.926874, 40.634066 ], [ -111.928243, 40.633132 ], [ -111.928379, 40.632907 ], [ -111.929041, 40.631688 ], [ -111.929597, 40.630637 ], [ -111.930143, 40.629562 ], [ -111.930092, 40.629261 ] ] ] } },
{ "type": "Feature", "properties": { "group_index": 0, "value": 900.0, "center": [ -111.89821877778736, 40.63350782111266 ], "point_id": 12.0 }, "geometry": { "type": "Polygon", "coordinates": [ [ [ -111.941999, 40.635645 ], [ -111.942022, 40.635295 ], [ -111.942231, 40.629161 ], [ -111.942231, 40.629113 ], [ -111.94208, 40.628417 ], [ -111.941112, 40.6241 ], [ -111.939328, 40.622255 ], [ -111.938146, 40.621352 ], [ -111.937462, 40.620828 ], [ -111.937083, 40.620555 ], [ -111.930519, 40.615844 ], [ -111.929222, 40.615075 ], [ -111.929061, 40.614975 ], [ -111.922668, 40.609491 ], [ -111.922272, 40.608919 ], [ -111.92161, 40.60827 ], [ -111.917289, 40.605436 ], [ -111.912071, 40.603801 ], [ -111.908297, 40.601217 ], [ -111.904749, 40.600004 ], [ -111.90137, 40.600061 ], [ -111.896848, 40.600507 ], [ -111.890831, 40.599747 ], [ -111.890538, 40.599744 ], [ -111.886097, 40.602607 ], [ -111.879778, 40.607752 ], [ -111.876307, 40.610117 ], [ -111.86959, 40.613805 ], [ -111.863847, 40.617591 ], [ -111.85748, 40.620905 ], [ -111.856079, 40.622249 ], [ -111.852736, 40.626273 ], [ -111.849743, 40.629823 ], [ -111.849032, 40.633352 ], [ -111.84986, 40.634679 ], [ -111.850538, 40.635687 ], [ -111.851662, 40.636421 ], [ -111.853516, 40.63771 ], [ -111.859449, 40.64295 ], [ -111.860287, 40.64377 ], [ -111.865442, 40.649676 ], [ -111.866903, 40.651386 ], [ -111.869683, 40.653699 ], [ -111.875573, 40.657135 ], [ -111.881737, 40.661981 ], [ -111.887325, 40.666027 ], [ -111.889906, 40.667874 ], [ -111.89183, 40.668746 ], [ -111.891863, 40.668753 ], [ -111.891866, 40.668754 ], [ -111.891898, 40.668761 ], [ -111.892215, 40.66872 ], [ -111.899626, 40.666473 ], [ -111.900405, 40.665797 ], [ -111.903664, 40.662317 ], [ -111.909324, 40.661891 ], [ -111.909905, 40.661977 ], [ -111.910915, 40.661356 ], [ -111.913878, 40.659041 ], [ -111.918506, 40.654852 ], [ -111.921658, 40.653477 ], [ -111.925172, 40.652681 ], [ -111.931032, 40.648743 ], [ -111.935375, 40.641959 ], [ -111.937565, 40.639576 ], [ -111.939869, 40.637471 ], [ -111.94199, 40.635698 ], [ -111.941999, 40.635645 ] ] ] } },
{ "type": "Feature", "properties": { "group_index": 0, "value": 300.0, "center": [ -111.8983676394768, 40.61913169139481 ], "point_id": 13.0 }, "geometry": { "type": "Polygon", "coordinates": [ [ [ -111.909262, 40.619016 ], [ -111.905983, 40.616429 ], [ -111.904182, 40.615137 ], [ -111.899224, 40.614071 ], [ -111.89911, 40.614071 ], [ -111.895616, 40.616546 ], [ -111.890123, 40.618268 ], [ -111.889583, 40.618326 ], [ -111.889484, 40.618352 ], [ -111.887359, 40.620636 ], [ -111.88736, 40.620686 ], [ -111.887423, 40.621008 ], [ -111.888906, 40.622601 ], [ -111.889218, 40.622836 ], [ -111.890926, 40.623493 ], [ -111.893501, 40.624801 ], [ -111.89609, 40.626667 ], [ -111.897045, 40.627148 ], [ -111.897886, 40.627333 ], [ -111.901486, 40.627357 ], [ -111.901487, 40.627135 ], [ -111.901911, 40.623754 ], [ -111.905079, 40.620751 ], [ -111.907822, 40.622629 ], [ -111.908662, 40.622615 ], [ -111.909254, 40.622616 ], [ -111.909262, 40.619016 ] ] ] } },
{ "type": "Feature", "properties": { "group_index": 0, "value": 600.0, "center": [ -111.8983676394768, 40.61913169139481 ], "point_id": 13.0 }, "geometry": { "type": "Polygon", "coordinates": [ [ [ -111.926425, 40.622148 ], [ -111.92297, 40.618702 ], [ -111.921718, 40.614456 ], [ -111.921695, 40.614353 ], [ -111.916121, 40.60979 ], [ -111.914743, 40.60857 ], [ -111.910975, 40.606448 ], [ -111.903999, 40.602903 ], [ -111.901435, 40.601822 ], [ -111.900444, 40.601824 ], [ -111.899345, 40.602035 ], [ -111.890789, 40.604188 ], [ -111.88661, 40.606979 ], [ -111.885768, 40.607771 ], [ -111.88079, 40.611811 ], [ -111.878407, 40.613155 ], [ -111.87141, 40.618484 ], [ -111.870405, 40.619266 ], [ -111.869588, 40.621725 ], [ -111.869589, 40.621728 ], [ -111.872496, 40.623515 ], [ -111.877085, 40.627204 ], [ -111.879156, 40.629249 ], [ -111.88, 40.630029 ], [ -111.886337, 40.634874 ], [ -111.889316, 40.63734 ], [ -111.895706, 40.640309 ], [ -111.898484, 40.642005 ], [ -111.898821, 40.642009 ], [ -111.90022, 40.640916 ], [ -111.901875, 40.639267 ], [ -111.90952, 40.634841 ], [ -111.910267, 40.634847 ], [ -111.910329, 40.634847 ], [ -111.912212, 40.633326 ], [ -111.916642, 40.629686 ], [ -111.92163, 40.627109 ], [ -111.925809, 40.625695 ], [ -111.926425, 40.622148 ] ] ] } },
{ "type": "Feature", "properties": { "group_index": 0, "value": 900.0, "center": [ -111.8983676394768, 40.61913169139481 ], "point_id": 13.0 }, "geometry": { "type": "Polygon", "coordinates": [ [ [ -111.944184, 40.624213 ], [ -111.944183, 40.624129 ], [ -111.943024, 40.62226 ], [ -111.938867, 40.618954 ], [ -111.937805, 40.618016 ], [ -111.936511, 40.617338 ], [ -111.933599, 40.609644 ], [ -111.933598, 40.609528 ], [ -111.933597, 40.609263 ], [ -111.933597, 40.609224 ], [ -111.932219, 40.607731 ], [ -111.929985, 40.60593 ], [ -111.929439, 40.605655 ], [ -111.921668, 40.601195 ], [ -111.919555, 40.599222 ], [ -111.919401, 40.599255 ], [ -111.912007, 40.59424 ], [ -111.910148, 40.592831 ], [ -111.902527, 40.591267 ], [ -111.89611, 40.589159 ], [ -111.89598, 40.589159 ], [ -111.890854, 40.59064 ], [ -111.885089, 40.592995 ], [ -111.883495, 40.594538 ], [ -111.882775, 40.598596 ], [ -111.878036, 40.601959 ], [ -111.873789, 40.603369 ], [ -111.872863, 40.604073 ], [ -111.867965, 40.607748 ], [ -111.866445, 40.609192 ], [ -111.862862, 40.612925 ], [ -111.856882, 40.616341 ], [ -111.85456, 40.619354 ], [ -111.854496, 40.61944 ], [ -111.854213, 40.620263 ], [ -111.854174, 40.620393 ], [ -111.854382, 40.626501 ], [ -111.855424, 40.627889 ], [ -111.860655, 40.629222 ], [ -111.865957, 40.633208 ], [ -111.870635, 40.63645 ], [ -111.874211, 40.639388 ], [ -111.880264, 40.643752 ], [ -111.884732, 40.647767 ], [ -111.88876, 40.650569 ], [ -111.896386, 40.653666 ], [ -111.899841, 40.654678 ], [ -111.906302, 40.650055 ], [ -111.911264, 40.64769 ], [ -111.917764, 40.643299 ], [ -111.919602, 40.64164 ], [ -111.926388, 40.638591 ], [ -111.93132, 40.634899 ], [ -111.936661, 40.630766 ], [ -111.943003, 40.62586 ], [ -111.944098, 40.624595 ], [ -111.944184, 40.624213 ] ] ] } },
{ "type": "Feature", "properties": { "group_index": 0, "value": 300.0, "center": [ -111.89292074470592, 40.61025327891088 ], "point_id": 14.0 }, "geometry": { "type": "Polygon", "coordinates": [ [ [ -111.907203, 40.609037 ], [ -111.902143, 40.60591 ], [ -111.901495, 40.60515 ], [ -111.900662, 40.604128 ], [ -111.897052, 40.602232 ], [ -111.891526, 40.601012 ], [ -111.890814, 40.600856 ], [ -111.890441, 40.600853 ], [ -111.888903, 40.60185 ], [ -111.886756, 40.603237 ], [ -111.88601, 40.604052 ], [ -111.884375, 40.605774 ], [ -111.881043, 40.607755 ], [ -111.880428, 40.608651 ], [ -111.879878, 40.609554 ], [ -111.879876, 40.610048 ], [ -111.881011, 40.611355 ], [ -111.884805, 40.615698 ], [ -111.887329, 40.617631 ], [ -111.889888, 40.619607 ], [ -111.890417, 40.620005 ], [ -111.890608, 40.620064 ], [ -111.890718, 40.620065 ], [ -111.89436, 40.618089 ], [ -111.898416, 40.618847 ], [ -111.900081, 40.618728 ], [ -111.902385, 40.616919 ], [ -111.904879, 40.614596 ], [ -111.907355, 40.612634 ], [ -111.907203, 40.609037 ] ] ] } },
{ "type": "Feature", "properties": { "group_index": 0, "value": 600.0, "center": [ -111.89292074470592, 40.61025327891088 ], "point_id": 14.0 }, "geometry": { "type": "Polygon", "coordinates": [ [ [ -111.926423, 40.608561 ], [ -111.924508, 40.607055 ], [ -111.917093, 40.602358 ], [ -111.912041, 40.599445 ], [ -111.908443, 40.599355 ], [ -111.901903, 40.594327 ], [ -111.902537, 40.592037 ], [ -111.902537, 40.592035 ], [ -111.900729, 40.590413 ], [ -111.896593, 40.587953 ], [ -111.896021, 40.587736 ], [ -111.890766, 40.587051 ], [ -111.890718, 40.58705 ], [ -111.883679, 40.590579 ], [ -111.878816, 40.594147 ], [ -111.878719, 40.59422 ], [ -111.875646, 40.599797 ], [ -111.870394, 40.602768 ], [ -111.868703, 40.603514 ], [ -111.867125, 40.604637 ], [ -111.863851, 40.607276 ], [ -111.863262, 40.607769 ], [ -111.863202, 40.608808 ], [ -111.8632, 40.608917 ], [ -111.863254, 40.611369 ], [ -111.869098, 40.616869 ], [ -111.873819, 40.622546 ], [ -111.874644, 40.623164 ], [ -111.88148, 40.627315 ], [ -111.886804, 40.63126 ], [ -111.888641, 40.632258 ], [ -111.889673, 40.632739 ], [ -111.890041, 40.63284 ], [ -111.891055, 40.632404 ], [ -111.899616, 40.630287 ], [ -111.902602, 40.627778 ], [ -111.910224, 40.623305 ], [ -111.917336, 40.61843 ], [ -111.918999, 40.616877 ], [ -111.924744, 40.611039 ], [ -111.92548, 40.610209 ], [ -111.926427, 40.608589 ], [ -111.926423, 40.608561 ] ] ] } },
{ "type": "Feature", "properties": { "group_index": 0, "value": 900.0, "center": [ -111.89292074470592, 40.61025327891088 ], "point_id": 14.0 }, "geometry": { "type": "Polygon", "coordinates": [ [ [ -111.943629, 40.609156 ], [ -111.942441, 40.607589 ], [ -111.940159, 40.605855 ], [ -111.93938, 40.605419 ], [ -111.932497, 40.600575 ], [ -111.931299, 40.599231 ], [ -111.930868, 40.599165 ], [ -111.92793, 40.598786 ], [ -111.927904, 40.598784 ], [ -111.92029, 40.595362 ], [ -111.919093, 40.593743 ], [ -111.913361, 40.587826 ], [ -111.912867, 40.586208 ], [ -111.912412, 40.585809 ], [ -111.905943, 40.580779 ], [ -111.901269, 40.577476 ], [ -111.893219, 40.574884 ], [ -111.890479, 40.573941 ], [ -111.890272, 40.573947 ], [ -111.888459, 40.575347 ], [ -111.880953, 40.5789 ], [ -111.877412, 40.581337 ], [ -111.871023, 40.585748 ], [ -111.867226, 40.588912 ], [ -111.862657, 40.593249 ], [ -111.858795, 40.597024 ], [ -111.853065, 40.600905 ], [ -111.850432, 40.602662 ], [ -111.849186, 40.603803 ], [ -111.847929, 40.605176 ], [ -111.845424, 40.60792 ], [ -111.845213, 40.6084 ], [ -111.845147, 40.608631 ], [ -111.846729, 40.612907 ], [ -111.848476, 40.613754 ], [ -111.855235, 40.618742 ], [ -111.855529, 40.619517 ], [ -111.857252, 40.6267 ], [ -111.857834, 40.627174 ], [ -111.858646, 40.627488 ], [ -111.865964, 40.631189 ], [ -111.870508, 40.633684 ], [ -111.876987, 40.637171 ], [ -111.879613, 40.639395 ], [ -111.880489, 40.640159 ], [ -111.882943, 40.642156 ], [ -111.885776, 40.644542 ], [ -111.88898, 40.646535 ], [ -111.889124, 40.646536 ], [ -111.889694, 40.646185 ], [ -111.892347, 40.644724 ], [ -111.898592, 40.643469 ], [ -111.900218, 40.641866 ], [ -111.901224, 40.641001 ], [ -111.901212, 40.640751 ], [ -111.903829, 40.634151 ], [ -111.908679, 40.635696 ], [ -111.909846, 40.636401 ], [ -111.910025, 40.636406 ], [ -111.910315, 40.636283 ], [ -111.911984, 40.63503 ], [ -111.914658, 40.633087 ], [ -111.916528, 40.629572 ], [ -111.923115, 40.626515 ], [ -111.927538, 40.625835 ], [ -111.927943, 40.625833 ], [ -111.931476, 40.619443 ], [ -111.933788, 40.617288 ], [ -111.935043, 40.616341 ], [ -111.935323, 40.61615 ], [ -111.93876, 40.613968 ], [ -111.942379, 40.611273 ], [ -111.942448, 40.611189 ], [ -111.943633, 40.609354 ], [ -111.943629, 40.609156 ] ] ] } },
{ "type": "Feature", "properties": { "group_index": 0, "value": 300.0, "center": [ -111.88572244542087, 40.58947369712784 ], "point_id": 15.0 }, "geometry": { "type": "Polygon", "coordinates": [ [ [ -111.900485, 40.587624 ], [ -111.899571, 40.58613 ], [ -111.896849, 40.583832 ], [ -111.892574, 40.581283 ], [ -111.89069, 40.578752 ], [ -111.888153, 40.577124 ], [ -111.885591, 40.576802 ], [ -111.885502, 40.576802 ], [ -111.883652, 40.578286 ], [ -111.879974, 40.580871 ], [ -111.875743, 40.583872 ], [ -111.872329, 40.586362 ], [ -111.8706, 40.588346 ], [ -111.870607, 40.5884 ], [ -111.871142, 40.591815 ], [ -111.872681, 40.593439 ], [ -111.875461, 40.595572 ], [ -111.879917, 40.599587 ], [ -111.884627, 40.600995 ], [ -111.886794, 40.601692 ], [ -111.886876, 40.601683 ], [ -111.887107, 40.601642 ], [ -111.887185, 40.601622 ], [ -111.887772, 40.601226 ], [ -111.889562, 40.599667 ], [ -111.89106, 40.598398 ], [ -111.894751, 40.595641 ], [ -111.896771, 40.594019 ], [ -111.89782, 40.592799 ], [ -111.899604, 40.589729 ], [ -111.900483, 40.587779 ], [ -111.900485, 40.587624 ] ] ] } },
{ "type": "Feature", "properties": { "group_index": 0, "value": 600.0, "center": [ -111.88572244542087, 40.58947369712784 ], "point_id": 15.0 }, "geometry": { "type": "Polygon", "coordinates": [ [ [ -111.918688, 40.586983 ], [ -111.917657, 40.585749 ], [ -111.912629, 40.581474 ], [ -111.909862, 40.579693 ], [ -111.906378, 40.577283 ], [ -111.899691, 40.571597 ], [ -111.894643, 40.567842 ], [ -111.890657, 40.564921 ], [ -111.890585, 40.564923 ], [ -111.88367, 40.565401 ], [ -111.876422, 40.569587 ], [ -111.869854, 40.573731 ], [ -111.868454, 40.575302 ], [ -111.861727, 40.579174 ], [ -111.860292, 40.57946 ], [ -111.860218, 40.57953 ], [ -111.859265, 40.580645 ], [ -111.85669, 40.587301 ], [ -111.856576, 40.587708 ], [ -111.856535, 40.587957 ], [ -111.858151, 40.594834 ], [ -111.858458, 40.596837 ], [ -111.862116, 40.59965 ], [ -111.86555, 40.602237 ], [ -111.871175, 40.607687 ], [ -111.872108, 40.608474 ], [ -111.873994, 40.609331 ], [ -111.880077, 40.610415 ], [ -111.880184, 40.610416 ], [ -111.888501, 40.611363 ], [ -111.890353, 40.612762 ], [ -111.890542, 40.612759 ], [ -111.891129, 40.612736 ], [ -111.894471, 40.610385 ], [ -111.897911, 40.607722 ], [ -111.900973, 40.604463 ], [ -111.904943, 40.601029 ], [ -111.907821, 40.598098 ], [ -111.907938, 40.597951 ], [ -111.912004, 40.593119 ], [ -111.917478, 40.589487 ], [ -111.918716, 40.587093 ], [ -111.918688, 40.586983 ] ] ] } },
{ "type": "Feature", "properties": { "group_index": 0, "value": 900.0, "center": [ -111.88572244542087, 40.58947369712784 ], "point_id": 15.0 }, "geometry": { "type": "Polygon", "coordinates": [ [ [ -111.935955, 40.587286 ], [ -111.935955, 40.587237 ], [ -111.935855, 40.586994 ], [ -111.934967, 40.585913 ], [ -111.930726, 40.582583 ], [ -111.929696, 40.581916 ], [ -111.922775, 40.576961 ], [ -111.918387, 40.575294 ], [ -111.912223, 40.569919 ], [ -111.911994, 40.569805 ], [ -111.905359, 40.564187 ], [ -111.905104, 40.563631 ], [ -111.904746, 40.563218 ], [ -111.898604, 40.557169 ], [ -111.895451, 40.554328 ], [ -111.891718, 40.552254 ], [ -111.890535, 40.551716 ], [ -111.890405, 40.551711 ], [ -111.881673, 40.55301 ], [ -111.879972, 40.552142 ], [ -111.879593, 40.552144 ], [ -111.877471, 40.553489 ], [ -111.873692, 40.556991 ], [ -111.872581, 40.558107 ], [ -111.868708, 40.561024 ], [ -111.860295, 40.563847 ], [ -111.859252, 40.564324 ], [ -111.858314, 40.565933 ], [ -111.851912, 40.571917 ], [ -111.851425, 40.572462 ], [ -111.847328, 40.576198 ], [ -111.843426, 40.578614 ], [ -111.842002, 40.580048 ], [ -111.841995, 40.580185 ], [ -111.842102, 40.580544 ], [ -111.843439, 40.582214 ], [ -111.844582, 40.583137 ], [ -111.843127, 40.59191 ], [ -111.841862, 40.592642 ], [ -111.840722, 40.59325 ], [ -111.839922, 40.594146 ], [ -111.839515, 40.594956 ], [ -111.839471, 40.595169 ], [ -111.839769, 40.59582 ], [ -111.840729, 40.59685 ], [ -111.847126, 40.602814 ], [ -111.848325, 40.603746 ], [ -111.849345, 40.604534 ], [ -111.85057, 40.605471 ], [ -111.856702, 40.609507 ], [ -111.858144, 40.611393 ], [ -111.862988, 40.617137 ], [ -111.864529, 40.618821 ], [ -111.865398, 40.619765 ], [ -111.865716, 40.619784 ], [ -111.872242, 40.62007 ], [ -111.8724, 40.620066 ], [ -111.8779, 40.619576 ], [ -111.884865, 40.622585 ], [ -111.885061, 40.622699 ], [ -111.88913, 40.625605 ], [ -111.890125, 40.626439 ], [ -111.890165, 40.62644 ], [ -111.892604, 40.624799 ], [ -111.896078, 40.622406 ], [ -111.90174, 40.619028 ], [ -111.904055, 40.616924 ], [ -111.910783, 40.611749 ], [ -111.917449, 40.606275 ], [ -111.921379, 40.600184 ], [ -111.926257, 40.596809 ], [ -111.930824, 40.592842 ], [ -111.935058, 40.589512 ], [ -111.935873, 40.588439 ], [ -111.935955, 40.587286 ] ] ] } },
{ "type": "Feature", "properties": { "group_index": 0, "value": 300.0, "center": [ -111.88460716939939, 40.57074519983781 ], "point_id": 16.0 }, "geometry": { "type": "Polygon", "coordinates": [ [ [ -111.897438, 40.570202 ], [ -111.896612, 40.567845 ], [ -111.893896, 40.563906 ], [ -111.89372, 40.563826 ], [ -111.890807, 40.562486 ], [ -111.89056, 40.562409 ], [ -111.8877, 40.562235 ], [ -111.882848, 40.560531 ], [ -111.880311, 40.561105 ], [ -111.877674, 40.56308 ], [ -111.876243, 40.565677 ], [ -111.87624, 40.566055 ], [ -111.875485, 40.569587 ], [ -111.873228, 40.571475 ], [ -111.871932, 40.572989 ], [ -111.871933, 40.573118 ], [ -111.871956, 40.573669 ], [ -111.873213, 40.575075 ], [ -111.876489, 40.578354 ], [ -111.878479, 40.579821 ], [ -111.881581, 40.581698 ], [ -111.881682, 40.581698 ], [ -111.885646, 40.581056 ], [ -111.891097, 40.578555 ], [ -111.891136, 40.578552 ], [ -111.891421, 40.578426 ], [ -111.893737, 40.576176 ], [ -111.894713, 40.574884 ], [ -111.897428, 40.570253 ], [ -111.897438, 40.570202 ] ] ] } },
{ "type": "Feature", "properties": { "group_index": 0, "value": 600.0, "center": [ -111.88460716939939, 40.57074519983781 ], "point_id": 16.0 }, "geometry": { "type": "Polygon", "coordinates": [ [ [ -111.913844, 40.570293 ], [ -111.913417, 40.570147 ], [ -111.905578, 40.566131 ], [ -111.904975, 40.562775 ], [ -111.904948, 40.562696 ], [ -111.902209, 40.557045 ], [ -111.89606, 40.551811 ], [ -111.891981, 40.549537 ], [ -111.891826, 40.549528 ], [ -111.890039, 40.549777 ], [ -111.882514, 40.547379 ], [ -111.882376, 40.547293 ], [ -111.880587, 40.546828 ], [ -111.880204, 40.546831 ], [ -111.879577, 40.546943 ], [ -111.877318, 40.547458 ], [ -111.874874, 40.549734 ], [ -111.873345, 40.551218 ], [ -111.868835, 40.555011 ], [ -111.86609, 40.556958 ], [ -111.863975, 40.559443 ], [ -111.859253, 40.564324 ], [ -111.858314, 40.565933 ], [ -111.855178, 40.572582 ], [ -111.855177, 40.572881 ], [ -111.856388, 40.575409 ], [ -111.860018, 40.576997 ], [ -111.863995, 40.582343 ], [ -111.869241, 40.586536 ], [ -111.870153, 40.587152 ], [ -111.874382, 40.589897 ], [ -111.879684, 40.593472 ], [ -111.879979, 40.593475 ], [ -111.885985, 40.59347 ], [ -111.890877, 40.592094 ], [ -111.894064, 40.589795 ], [ -111.900432, 40.585589 ], [ -111.900983, 40.585057 ], [ -111.905469, 40.578492 ], [ -111.90902, 40.575801 ], [ -111.912694, 40.573977 ], [ -111.91409, 40.570397 ], [ -111.913844, 40.570293 ] ] ] } },
{ "type": "Feature", "properties": { "group_index": 0, "value": 900.0, "center": [ -111.88460716939939, 40.57074519983781 ], "point_id": 16.0 }, "geometry": { "type": "Polygon", "coordinates": [ [ [ -111.930242, 40.569894 ], [ -111.929317, 40.569898 ], [ -111.922248, 40.567622 ], [ -111.922248, 40.564022 ], [ -111.921043, 40.560212 ], [ -111.920176, 40.558545 ], [ -111.918247, 40.555201 ], [ -111.917136, 40.553075 ], [ -111.916467, 40.552352 ], [ -111.913533, 40.551275 ], [ -111.90768, 40.546375 ], [ -111.900836, 40.542442 ], [ -111.898988, 40.541215 ], [ -111.89319, 40.536945 ], [ -111.891493, 40.535121 ], [ -111.891472, 40.53512 ], [ -111.891463, 40.535119 ], [ -111.891442, 40.535119 ], [ -111.88392, 40.535228 ], [ -111.881951, 40.534219 ], [ -111.881851, 40.534194 ], [ -111.881633, 40.534163 ], [ -111.872671, 40.534436 ], [ -111.872527, 40.534425 ], [ -111.871833, 40.534883 ], [ -111.870765, 40.53654 ], [ -111.865101, 40.542475 ], [ -111.863135, 40.544632 ], [ -111.858086, 40.548976 ], [ -111.857109, 40.549719 ], [ -111.856328, 40.550597 ], [ -111.851446, 40.555118 ], [ -111.848869, 40.556022 ], [ -111.842501, 40.561583 ], [ -111.840979, 40.562693 ], [ -111.840233, 40.565001 ], [ -111.840243, 40.565026 ], [ -111.84272, 40.568059 ], [ -111.843801, 40.569847 ], [ -111.844699, 40.571226 ], [ -111.847131, 40.575115 ], [ -111.845337, 40.580552 ], [ -111.845337, 40.580635 ], [ -111.846835, 40.582207 ], [ -111.852215, 40.586455 ], [ -111.853169, 40.58717 ], [ -111.859893, 40.593076 ], [ -111.860666, 40.595455 ], [ -111.860854, 40.595532 ], [ -111.868172, 40.599098 ], [ -111.870071, 40.600918 ], [ -111.876809, 40.606169 ], [ -111.876933, 40.606252 ], [ -111.878964, 40.606124 ], [ -111.886666, 40.606205 ], [ -111.887291, 40.606203 ], [ -111.890755, 40.605609 ], [ -111.891079, 40.605403 ], [ -111.893912, 40.603334 ], [ -111.900534, 40.598852 ], [ -111.905206, 40.595167 ], [ -111.911735, 40.589418 ], [ -111.913361, 40.587826 ], [ -111.915274, 40.584951 ], [ -111.918079, 40.582156 ], [ -111.923293, 40.580109 ], [ -111.925261, 40.579481 ], [ -111.928738, 40.576897 ], [ -111.931795, 40.571471 ], [ -111.930242, 40.569894 ] ] ] } },
{ "type": "Feature", "properties": { "group_index": 0, "value": 300.0, "center": [ -111.89677949758418, 40.74224544377984 ], "point_id": 6.0 }, "geometry": { "type": "Polygon", "coordinates": [ [ [ -111.910852, 40.739765 ], [ -111.906081, 40.736678 ], [ -111.901706, 40.732985 ], [ -111.90024, 40.73169 ], [ -111.899686, 40.731379 ], [ -111.899575, 40.731379 ], [ -111.893978, 40.731456 ], [ -111.893913, 40.731458 ], [ -111.893531, 40.731709 ], [ -111.891395, 40.733335 ], [ -111.890805, 40.733777 ], [ -111.889194, 40.734973 ], [ -111.887164, 40.736556 ], [ -111.882897, 40.739829 ], [ -111.881311, 40.741717 ], [ -111.881312, 40.741803 ], [ -111.883691, 40.744917 ], [ -111.885444, 40.74667 ], [ -111.888307, 40.748782 ], [ -111.890951, 40.750718 ], [ -111.893599, 40.751644 ], [ -111.896721, 40.752739 ], [ -111.896774, 40.752739 ], [ -111.899821, 40.751721 ], [ -111.902027, 40.750127 ], [ -111.904577, 40.747323 ], [ -111.907415, 40.745345 ], [ -111.910898, 40.743365 ], [ -111.910852, 40.739765 ] ] ] } },
{ "type": "Feature", "properties": { "group_index": 0, "value": 600.0, "center": [ -111.89677949758418, 40.74224544377984 ], "point_id": 6.0 }, "geometry": { "type": "Polygon", "coordinates": [ [ [ -111.93007, 40.740416 ], [ -111.929895, 40.740119 ], [ -111.928305, 40.738649 ], [ -111.92708, 40.737712 ], [ -111.921381, 40.733414 ], [ -111.919131, 40.731715 ], [ -111.917396, 40.730436 ], [ -111.916858, 40.730093 ], [ -111.91367, 40.728319 ], [ -111.907314, 40.723759 ], [ -111.900337, 40.718412 ], [ -111.900077, 40.718413 ], [ -111.893374, 40.718422 ], [ -111.893304, 40.718422 ], [ -111.889669, 40.721099 ], [ -111.883614, 40.725653 ], [ -111.882758, 40.726309 ], [ -111.879412, 40.728848 ], [ -111.877827, 40.730057 ], [ -111.875666, 40.731724 ], [ -111.871429, 40.734984 ], [ -111.868844, 40.736979 ], [ -111.865096, 40.739829 ], [ -111.863429, 40.741549 ], [ -111.863427, 40.741611 ], [ -111.863548, 40.741816 ], [ -111.865109, 40.743429 ], [ -111.865327, 40.74361 ], [ -111.868058, 40.74571 ], [ -111.873113, 40.750991 ], [ -111.879624, 40.755926 ], [ -111.885367, 40.760127 ], [ -111.88962, 40.763215 ], [ -111.893679, 40.765277 ], [ -111.896187, 40.766143 ], [ -111.897012, 40.766293 ], [ -111.897247, 40.766296 ], [ -111.900838, 40.764556 ], [ -111.905964, 40.760824 ], [ -111.906827, 40.760157 ], [ -111.908116, 40.759085 ], [ -111.915346, 40.753735 ], [ -111.9167, 40.752672 ], [ -111.922766, 40.74861 ], [ -111.922867, 40.748543 ], [ -111.923313, 40.748129 ], [ -111.928315, 40.742249 ], [ -111.93007, 40.740426 ], [ -111.93007, 40.740416 ] ] ] } },
{ "type": "Feature", "properties": { "group_index": 0, "value": 900.0, "center": [ -111.89677949758418, 40.74224544377984 ], "point_id": 6.0 }, "geometry": { "type": "Polygon", "coordinates": [ [ [ -111.947469, 40.740271 ], [ -111.946043, 40.738684 ], [ -111.942295, 40.736 ], [ -111.93712, 40.731345 ], [ -111.932424, 40.729612 ], [ -111.928247, 40.724498 ], [ -111.926978, 40.724125 ], [ -111.926544, 40.724125 ], [ -111.923965, 40.724025 ], [ -111.919215, 40.718403 ], [ -111.919083, 40.718217 ], [ -111.917685, 40.716856 ], [ -111.917292, 40.716701 ], [ -111.917262, 40.716702 ], [ -111.913539, 40.716729 ], [ -111.908743, 40.711613 ], [ -111.902557, 40.706833 ], [ -111.901623, 40.706157 ], [ -111.899726, 40.705641 ], [ -111.893989, 40.704807 ], [ -111.893451, 40.704806 ], [ -111.886417, 40.710006 ], [ -111.885384, 40.71076 ], [ -111.882527, 40.712867 ], [ -111.881378, 40.713736 ], [ -111.879781, 40.714953 ], [ -111.872669, 40.720376 ], [ -111.867734, 40.724093 ], [ -111.862627, 40.728035 ], [ -111.86107, 40.729217 ], [ -111.859585, 40.730348 ], [ -111.852385, 40.735226 ], [ -111.847297, 40.739845 ], [ -111.846177, 40.741126 ], [ -111.846053, 40.741701 ], [ -111.846066, 40.741771 ], [ -111.846191, 40.742175 ], [ -111.846503, 40.7428 ], [ -111.848256, 40.74531 ], [ -111.849921, 40.746282 ], [ -111.856362, 40.751598 ], [ -111.857502, 40.752672 ], [ -111.859036, 40.753827 ], [ -111.862018, 40.756076 ], [ -111.86472, 40.758122 ], [ -111.870562, 40.76256 ], [ -111.873297, 40.764636 ], [ -111.876181, 40.766806 ], [ -111.880963, 40.770527 ], [ -111.886337, 40.774701 ], [ -111.887847, 40.775478 ], [ -111.890499, 40.776515 ], [ -111.896579, 40.779843 ], [ -111.896878, 40.780005 ], [ -111.896916, 40.780005 ], [ -111.896916, 40.780005 ], [ -111.896954, 40.780004 ], [ -111.899827, 40.778701 ], [ -111.90145, 40.777644 ], [ -111.902513, 40.776954 ], [ -111.907187, 40.773279 ], [ -111.910572, 40.771122 ], [ -111.916018, 40.766794 ], [ -111.918914, 40.764601 ], [ -111.925108, 40.760265 ], [ -111.929264, 40.756878 ], [ -111.930507, 40.755901 ], [ -111.937082, 40.75154 ], [ -111.937641, 40.750339 ], [ -111.940576, 40.746221 ], [ -111.944129, 40.7439 ], [ -111.946047, 40.742284 ], [ -111.947468, 40.740493 ], [ -111.947469, 40.740271 ] ] ] } },
{ "type": "Feature", "properties": { "group_index": 0, "value": 300.0, "center": [ -111.89685266869864, 40.72445547929621 ], "point_id": 7.0 }, "geometry": { "type": "Polygon", "coordinates": [ [ [ -111.910298, 40.723764 ], [ -111.908354, 40.722129 ], [ -111.904338, 40.720809 ], [ -111.901508, 40.716678 ], [ -111.899699, 40.715002 ], [ -111.899627, 40.714997 ], [ -111.898983, 40.715006 ], [ -111.893957, 40.716954 ], [ -111.892993, 40.717647 ], [ -111.890943, 40.719176 ], [ -111.88839, 40.721104 ], [ -111.885457, 40.723646 ], [ -111.883769, 40.725768 ], [ -111.883773, 40.725792 ], [ -111.883777, 40.725809 ], [ -111.883782, 40.725833 ], [ -111.885431, 40.727246 ], [ -111.890021, 40.730481 ], [ -111.890526, 40.730974 ], [ -111.891283, 40.731687 ], [ -111.893762, 40.73357 ], [ -111.893957, 40.733686 ], [ -111.899668, 40.735123 ], [ -111.899689, 40.735122 ], [ -111.903244, 40.732155 ], [ -111.905346, 40.72991 ], [ -111.910287, 40.727364 ], [ -111.910298, 40.723764 ] ] ] } },
{ "type": "Feature", "properties": { "group_index": 0, "value": 600.0, "center": [ -111.89685266869864, 40.72445547929621 ], "point_id": 7.0 }, "geometry": { "type": "Polygon", "coordinates": [ [ [ -111.929113, 40.725453 ], [ -111.929113, 40.725413 ], [ -111.928069, 40.724122 ], [ -111.927205, 40.723824 ], [ -111.92433, 40.724025 ], [ -111.919439, 40.717635 ], [ -111.919434, 40.717258 ], [ -111.919211, 40.717184 ], [ -111.916091, 40.71671 ], [ -111.915672, 40.716714 ], [ -111.914965, 40.716719 ], [ -111.914514, 40.716722 ], [ -111.910646, 40.716828 ], [ -111.908455, 40.708347 ], [ -111.907894, 40.707739 ], [ -111.901568, 40.702941 ], [ -111.900565, 40.702083 ], [ -111.899586, 40.701643 ], [ -111.899455, 40.701644 ], [ -111.891705, 40.705243 ], [ -111.889998, 40.706422 ], [ -111.887975, 40.707891 ], [ -111.886262, 40.70915 ], [ -111.879063, 40.714415 ], [ -111.875587, 40.717341 ], [ -111.869423, 40.722346 ], [ -111.867664, 40.723669 ], [ -111.866419, 40.725081 ], [ -111.86641, 40.725869 ], [ -111.86641, 40.725951 ], [ -111.867635, 40.727269 ], [ -111.868136, 40.727657 ], [ -111.874021, 40.732152 ], [ -111.875969, 40.733643 ], [ -111.878148, 40.735316 ], [ -111.87978, 40.736568 ], [ -111.88089, 40.73741 ], [ -111.881946, 40.7382 ], [ -111.88882, 40.743385 ], [ -111.892632, 40.746561 ], [ -111.899853, 40.748524 ], [ -111.899936, 40.748523 ], [ -111.906658, 40.743384 ], [ -111.911234, 40.74007 ], [ -111.917709, 40.735308 ], [ -111.921219, 40.732837 ], [ -111.928101, 40.727735 ], [ -111.928195, 40.727662 ], [ -111.928898, 40.726122 ], [ -111.929113, 40.725453 ] ] ] } },
{ "type": "Feature", "properties": { "group_index": 0, "value": 900.0, "center": [ -111.89685266869864, 40.72445547929621 ], "point_id": 7.0 }, "geometry": { "type": "Polygon", "coordinates": [ [ [ -111.946623, 40.726562 ], [ -111.946473, 40.726064 ], [ -111.945611, 40.724389 ], [ -111.939219, 40.719004 ], [ -111.939189, 40.719004 ], [ -111.93879, 40.719005 ], [ -111.938729, 40.719005 ], [ -111.932835, 40.718931 ], [ -111.928851, 40.715846 ], [ -111.925173, 40.710367 ], [ -111.924982, 40.709816 ], [ -111.924732, 40.70935 ], [ -111.924181, 40.708482 ], [ -111.923974, 40.708287 ], [ -111.918739, 40.703733 ], [ -111.913747, 40.697813 ], [ -111.906722, 40.693342 ], [ -111.905863, 40.692453 ], [ -111.899805, 40.687928 ], [ -111.899761, 40.687928 ], [ -111.893126, 40.690747 ], [ -111.890114, 40.692833 ], [ -111.885145, 40.696453 ], [ -111.879331, 40.700801 ], [ -111.878133, 40.701711 ], [ -111.875549, 40.703705 ], [ -111.873761, 40.705071 ], [ -111.870884, 40.70724 ], [ -111.86767, 40.709616 ], [ -111.866083, 40.710866 ], [ -111.864647, 40.712278 ], [ -111.863612, 40.713506 ], [ -111.856039, 40.717306 ], [ -111.85566, 40.717382 ], [ -111.853814, 40.719467 ], [ -111.848179, 40.725895 ], [ -111.848179, 40.725911 ], [ -111.849954, 40.72771 ], [ -111.852934, 40.72961 ], [ -111.858081, 40.734402 ], [ -111.863571, 40.737792 ], [ -111.866146, 40.739858 ], [ -111.867323, 40.740749 ], [ -111.870702, 40.743405 ], [ -111.877318, 40.748261 ], [ -111.878877, 40.749477 ], [ -111.881742, 40.751597 ], [ -111.884646, 40.753755 ], [ -111.887544, 40.755922 ], [ -111.890944, 40.757951 ], [ -111.893911, 40.759447 ], [ -111.899959, 40.761667 ], [ -111.900362, 40.761661 ], [ -111.905055, 40.758196 ], [ -111.908136, 40.75592 ], [ -111.912422, 40.752659 ], [ -111.917197, 40.749107 ], [ -111.920773, 40.746654 ], [ -111.92431, 40.744004 ], [ -111.927638, 40.741397 ], [ -111.928952, 40.740438 ], [ -111.930955, 40.738774 ], [ -111.937884, 40.7361 ], [ -111.938187, 40.735926 ], [ -111.939392, 40.734942 ], [ -111.940926, 40.733334 ], [ -111.946624, 40.726828 ], [ -111.946623, 40.726562 ] ] ] } },
{ "type": "Feature", "properties": { "group_index": 0, "value": 300.0, "center": [ -111.8969501942066, 40.70057145811395 ], "point_id": 8.0 }, "geometry": { "type": "Polygon", "coordinates": [ [ [ -111.913005, 40.699523 ], [ -111.913003, 40.699051 ], [ -111.912319, 40.697865 ], [ -111.91197, 40.697694 ], [ -111.907298, 40.694834 ], [ -111.90581, 40.693337 ], [ -111.905485, 40.693159 ], [ -111.901565, 40.690573 ], [ -111.899829, 40.688828 ], [ -111.89977, 40.688828 ], [ -111.893989, 40.689912 ], [ -111.890082, 40.692833 ], [ -111.886879, 40.695363 ], [ -111.885472, 40.696451 ], [ -111.883347, 40.698062 ], [ -111.881626, 40.699709 ], [ -111.881623, 40.699733 ], [ -111.881621, 40.699777 ], [ -111.883342, 40.701662 ], [ -111.885687, 40.703431 ], [ -111.889631, 40.706463 ], [ -111.890741, 40.707313 ], [ -111.893224, 40.709193 ], [ -111.893975, 40.709678 ], [ -111.894069, 40.709678 ], [ -111.899721, 40.711452 ], [ -111.899725, 40.711452 ], [ -111.900955, 40.710431 ], [ -111.902582, 40.708675 ], [ -111.902702, 40.708404 ], [ -111.902708, 40.707977 ], [ -111.902639, 40.703888 ], [ -111.906476, 40.701745 ], [ -111.908721, 40.701801 ], [ -111.909224, 40.701799 ], [ -111.909704, 40.701779 ], [ -111.910356, 40.701716 ], [ -111.910822, 40.701698 ], [ -111.911354, 40.701612 ], [ -111.912762, 40.701437 ], [ -111.913005, 40.699523 ] ] ] } },
{ "type": "Feature", "properties": { "group_index": 0, "value": 600.0, "center": [ -111.8969501942066, 40.70057145811395 ], "point_id": 8.0 }, "geometry": { "type": "Polygon", "coordinates": [ [ [ -111.930267, 40.700943 ], [ -111.930103, 40.698438 ], [ -111.929781, 40.69756 ], [ -111.9297, 40.697388 ], [ -111.925854, 40.695054 ], [ -111.919042, 40.689524 ], [ -111.917427, 40.688196 ], [ -111.911236, 40.683685 ], [ -111.905478, 40.679572 ], [ -111.90547, 40.679572 ], [ -111.901542, 40.680367 ], [ -111.892819, 40.678965 ], [ -111.891085, 40.678557 ], [ -111.891064, 40.678558 ], [ -111.888712, 40.680361 ], [ -111.882198, 40.685268 ], [ -111.878714, 40.687998 ], [ -111.875564, 40.690478 ], [ -111.87018, 40.694581 ], [ -111.865545, 40.698082 ], [ -111.863784, 40.699906 ], [ -111.863784, 40.699914 ], [ -111.863784, 40.699918 ], [ -111.863785, 40.699927 ], [ -111.865559, 40.701682 ], [ -111.867705, 40.703336 ], [ -111.872938, 40.707306 ], [ -111.87494, 40.708858 ], [ -111.878027, 40.711204 ], [ -111.882238, 40.71445 ], [ -111.889003, 40.719631 ], [ -111.89235, 40.722022 ], [ -111.893626, 40.722917 ], [ -111.899725, 40.724842 ], [ -111.899809, 40.724841 ], [ -111.900886, 40.724218 ], [ -111.906924, 40.719256 ], [ -111.908946, 40.717584 ], [ -111.908946, 40.717457 ], [ -111.908737, 40.714383 ], [ -111.914818, 40.710127 ], [ -111.916926, 40.710709 ], [ -111.918428, 40.710012 ], [ -111.921912, 40.707419 ], [ -111.927768, 40.703643 ], [ -111.928323, 40.7032 ], [ -111.930218, 40.701133 ], [ -111.930267, 40.700943 ] ] ] } },
{ "type": "Feature", "properties": { "group_index": 0, "value": 900.0, "center": [ -111.8969501942066, 40.70057145811395 ], "point_id": 8.0 }, "geometry": { "type": "Polygon", "coordinates": [ [ [ -111.947362, 40.700171 ], [ -111.948323, 40.696642 ], [ -111.948322, 40.696617 ], [ -111.946596, 40.694876 ], [ -111.942666, 40.691367 ], [ -111.938811, 40.689229 ], [ -111.934303, 40.685488 ], [ -111.9343, 40.685486 ], [ -111.93097, 40.682365 ], [ -111.929056, 40.681749 ], [ -111.929035, 40.681749 ], [ -111.926685, 40.682283 ], [ -111.92405, 40.682559 ], [ -111.922411, 40.682654 ], [ -111.918168, 40.681784 ], [ -111.915816, 40.674089 ], [ -111.915728, 40.673556 ], [ -111.914683, 40.672746 ], [ -111.908183, 40.66832 ], [ -111.907277, 40.667245 ], [ -111.899638, 40.665453 ], [ -111.899638, 40.665453 ], [ -111.899636, 40.665453 ], [ -111.899636, 40.665453 ], [ -111.891565, 40.667206 ], [ -111.888118, 40.666812 ], [ -111.88811, 40.666812 ], [ -111.887887, 40.666946 ], [ -111.883687, 40.670122 ], [ -111.876999, 40.67251 ], [ -111.876725, 40.672611 ], [ -111.87508, 40.674333 ], [ -111.8695, 40.681342 ], [ -111.868074, 40.682151 ], [ -111.864874, 40.684377 ], [ -111.862797, 40.686066 ], [ -111.857835, 40.689754 ], [ -111.856971, 40.69052 ], [ -111.853553, 40.693327 ], [ -111.849596, 40.69613 ], [ -111.846021, 40.699901 ], [ -111.846021, 40.699932 ], [ -111.847783, 40.701722 ], [ -111.850156, 40.703583 ], [ -111.855106, 40.707291 ], [ -111.858749, 40.71071 ], [ -111.865267, 40.715162 ], [ -111.868941, 40.717927 ], [ -111.875295, 40.722823 ], [ -111.875854, 40.723251 ], [ -111.882372, 40.728111 ], [ -111.88932, 40.733253 ], [ -111.89204, 40.73531 ], [ -111.892679, 40.735634 ], [ -111.899701, 40.738408 ], [ -111.899703, 40.738408 ], [ -111.903794, 40.735295 ], [ -111.905472, 40.733339 ], [ -111.911842, 40.72932 ], [ -111.914555, 40.727357 ], [ -111.917182, 40.725201 ], [ -111.919247, 40.722127 ], [ -111.92497, 40.717214 ], [ -111.927916, 40.716342 ], [ -111.928846, 40.71607 ], [ -111.930616, 40.714192 ], [ -111.937148, 40.71076 ], [ -111.938312, 40.709872 ], [ -111.943722, 40.705736 ], [ -111.947106, 40.700979 ], [ -111.947362, 40.700171 ] ] ] } },
{ "type": "Feature", "properties": { "group_index": 0, "value": 300.0, "center": [ -111.89108516845839, 40.76783977886946 ], "point_id": 3.0 }, "geometry": { "type": "Polygon", "coordinates": [ [ [ -111.904516, 40.769946 ], [ -111.904536, 40.769621 ], [ -111.90454, 40.769132 ], [ -111.904532, 40.76887 ], [ -111.90413, 40.764862 ], [ -111.902207, 40.763146 ], [ -111.899633, 40.760954 ], [ -111.898676, 40.760184 ], [ -111.896039, 40.75818 ], [ -111.892868, 40.755633 ], [ -111.891114, 40.7545 ], [ -111.890986, 40.7545 ], [ -111.88799, 40.756674 ], [ -111.884708, 40.759102 ], [ -111.882448, 40.760874 ], [ -111.879302, 40.763208 ], [ -111.876441, 40.765364 ], [ -111.874789, 40.767072 ], [ -111.874788, 40.767106 ], [ -111.874787, 40.767155 ], [ -111.874787, 40.767189 ], [ -111.874993, 40.767416 ], [ -111.876461, 40.768964 ], [ -111.88026, 40.772845 ], [ -111.882054, 40.774647 ], [ -111.883292, 40.775744 ], [ -111.885654, 40.777458 ], [ -111.886913, 40.777709 ], [ -111.888296, 40.777943 ], [ -111.890065, 40.77775 ], [ -111.894309, 40.777773 ], [ -111.894757, 40.777771 ], [ -111.896321, 40.777671 ], [ -111.897126, 40.776639 ], [ -111.901763, 40.773271 ], [ -111.903111, 40.772179 ], [ -111.904418, 40.770768 ], [ -111.904516, 40.769946 ] ] ] } },
{ "type": "Feature", "properties": { "group_index": 0, "value": 600.0, "center": [ -111.89108516845839, 40.76783977886946 ], "point_id": 3.0 }, "geometry": { "type": "Polygon", "coordinates": [ [ [ -111.921702, 40.765052 ], [ -111.921704, 40.764958 ], [ -111.921493, 40.764692 ], [ -111.920101, 40.76318 ], [ -111.914789, 40.758772 ], [ -111.909956, 40.755781 ], [ -111.907196, 40.753276 ], [ -111.900778, 40.747948 ], [ -111.895887, 40.744029 ], [ -111.891793, 40.741467 ], [ -111.891181, 40.741146 ], [ -111.891083, 40.741146 ], [ -111.890343, 40.741477 ], [ -111.888103, 40.743069 ], [ -111.881297, 40.747903 ], [ -111.875372, 40.752337 ], [ -111.87355, 40.753736 ], [ -111.872549, 40.754504 ], [ -111.870876, 40.755815 ], [ -111.864288, 40.761041 ], [ -111.858662, 40.765372 ], [ -111.857777, 40.766492 ], [ -111.857778, 40.766629 ], [ -111.857791, 40.767862 ], [ -111.858692, 40.768972 ], [ -111.862448, 40.772892 ], [ -111.86424, 40.774634 ], [ -111.865701, 40.775753 ], [ -111.867093, 40.776794 ], [ -111.868692, 40.778023 ], [ -111.87018, 40.779148 ], [ -111.871674, 40.780284 ], [ -111.873106, 40.78143 ], [ -111.879177, 40.78759 ], [ -111.882426, 40.789686 ], [ -111.887888, 40.790691 ], [ -111.888173, 40.790665 ], [ -111.888275, 40.790651 ], [ -111.888483, 40.790611 ], [ -111.890599, 40.789429 ], [ -111.895117, 40.788305 ], [ -111.899742, 40.789555 ], [ -111.899884, 40.78955 ], [ -111.899964, 40.789545 ], [ -111.901356, 40.788541 ], [ -111.905878, 40.784111 ], [ -111.908653, 40.782006 ], [ -111.914101, 40.777675 ], [ -111.9195, 40.773228 ], [ -111.920816, 40.77176 ], [ -111.921116, 40.771307 ], [ -111.921702, 40.765052 ] ] ] } },
{ "type": "Feature", "properties": { "group_index": 0, "value": 900.0, "center": [ -111.89108516845839, 40.76783977886946 ], "point_id": 3.0 }, "geometry": { "type": "Polygon", "coordinates": [ [ [ -111.93863, 40.771711 ], [ -111.938422, 40.763171 ], [ -111.932531, 40.758842 ], [ -111.93115, 40.757745 ], [ -111.929714, 40.756647 ], [ -111.928307, 40.755575 ], [ -111.92688, 40.754497 ], [ -111.925177, 40.753246 ], [ -111.920596, 40.749783 ], [ -111.918138, 40.747609 ], [ -111.917604, 40.747213 ], [ -111.911158, 40.742435 ], [ -111.907693, 40.739781 ], [ -111.902632, 40.735894 ], [ -111.899851, 40.733822 ], [ -111.896964, 40.731701 ], [ -111.891124, 40.727445 ], [ -111.891119, 40.727445 ], [ -111.887975, 40.729665 ], [ -111.88211, 40.733793 ], [ -111.881072, 40.7346 ], [ -111.875262, 40.738935 ], [ -111.86962, 40.742763 ], [ -111.865542, 40.746233 ], [ -111.862255, 40.748159 ], [ -111.856769, 40.752347 ], [ -111.854008, 40.754527 ], [ -111.851067, 40.756752 ], [ -111.845094, 40.760708 ], [ -111.844124, 40.761318 ], [ -111.843406, 40.761768 ], [ -111.842684, 40.762504 ], [ -111.841551, 40.76378 ], [ -111.841543, 40.763818 ], [ -111.840898, 40.768732 ], [ -111.840905, 40.768847 ], [ -111.846104, 40.775477 ], [ -111.851395, 40.778677 ], [ -111.856379, 40.781377 ], [ -111.85999, 40.785204 ], [ -111.860146, 40.785409 ], [ -111.860912, 40.786396 ], [ -111.861242, 40.786673 ], [ -111.86305, 40.78814 ], [ -111.867955, 40.789089 ], [ -111.869469, 40.790122 ], [ -111.871763, 40.797829 ], [ -111.871656, 40.798599 ], [ -111.871736, 40.799187 ], [ -111.873947, 40.800994 ], [ -111.874236, 40.800838 ], [ -111.874887, 40.800251 ], [ -111.876121, 40.798709 ], [ -111.877208, 40.79744 ], [ -111.877761, 40.796637 ], [ -111.882768, 40.792559 ], [ -111.888714, 40.794027 ], [ -111.891688, 40.795175 ], [ -111.894764, 40.795201 ], [ -111.903583, 40.796616 ], [ -111.905982, 40.798521 ], [ -111.908381, 40.800426 ], [ -111.910619, 40.797606 ], [ -111.912436, 40.791673 ], [ -111.917949, 40.788501 ], [ -111.918102, 40.788425 ], [ -111.920885, 40.787018 ], [ -111.92366, 40.784189 ], [ -111.928821, 40.780821 ], [ -111.930604, 40.779443 ], [ -111.936937, 40.773523 ], [ -111.937306, 40.773232 ], [ -111.93863, 40.771768 ], [ -111.93863, 40.771711 ] ] ] } },
{ "type": "Feature", "properties": { "group_index": 0, "value": 300.0, "center": [ -111.89113384533402, 40.76347537697363 ], "point_id": 4.0 }, "geometry": { "type": "Polygon", "coordinates": [ [ [ -111.905928, 40.762081 ], [ -111.905927, 40.762073 ], [ -111.903018, 40.759492 ], [ -111.901449, 40.758204 ], [ -111.898197, 40.755581 ], [ -111.896499, 40.754493 ], [ -111.893243, 40.751912 ], [ -111.891962, 40.751014 ], [ -111.891873, 40.751013 ], [ -111.888637, 40.752112 ], [ -111.888372, 40.752325 ], [ -111.884887, 40.754952 ], [ -111.882452, 40.756526 ], [ -111.882218, 40.756687 ], [ -111.8807, 40.757964 ], [ -111.876836, 40.761033 ], [ -111.875192, 40.762821 ], [ -111.875193, 40.762893 ], [ -111.876848, 40.765007 ], [ -111.878319, 40.766807 ], [ -111.881145, 40.768974 ], [ -111.884175, 40.771144 ], [ -111.886511, 40.77344 ], [ -111.886559, 40.773462 ], [ -111.888565, 40.77401 ], [ -111.893981, 40.774421 ], [ -111.894007, 40.774421 ], [ -111.894066, 40.774422 ], [ -111.894089, 40.774422 ], [ -111.894916, 40.773938 ], [ -111.898598, 40.771044 ], [ -111.901157, 40.768976 ], [ -111.903877, 40.766691 ], [ -111.904165, 40.766344 ], [ -111.905352, 40.76492 ], [ -111.905904, 40.763486 ], [ -111.905928, 40.762081 ] ] ] } },
{ "type": "Feature", "properties": { "group_index": 0, "value": 600.0, "center": [ -111.89113384533402, 40.76347537697363 ], "point_id": 4.0 }, "geometry": { "type": "Polygon", "coordinates": [ [ [ -111.921704, 40.76612 ], [ -111.921704, 40.763868 ], [ -111.92171, 40.760739 ], [ -111.92171, 40.760579 ], [ -111.92171, 40.760548 ], [ -111.920063, 40.758871 ], [ -111.917255, 40.756593 ], [ -111.909994, 40.751326 ], [ -111.90865, 40.750136 ], [ -111.906282, 40.747967 ], [ -111.90385, 40.746099 ], [ -111.900997, 40.74395 ], [ -111.895148, 40.73978 ], [ -111.890853, 40.737629 ], [ -111.88899, 40.738543 ], [ -111.886921, 40.739582 ], [ -111.886847, 40.739631 ], [ -111.882401, 40.743068 ], [ -111.875803, 40.747923 ], [ -111.872915, 40.750165 ], [ -111.868548, 40.753339 ], [ -111.8647, 40.756695 ], [ -111.860929, 40.759402 ], [ -111.859034, 40.761037 ], [ -111.8578, 40.76241 ], [ -111.8578, 40.762762 ], [ -111.857804, 40.76326 ], [ -111.859222, 40.765445 ], [ -111.86051, 40.766859 ], [ -111.863282, 40.768987 ], [ -111.870269, 40.774636 ], [ -111.871751, 40.775759 ], [ -111.87323, 40.776897 ], [ -111.87473, 40.778037 ], [ -111.876231, 40.779169 ], [ -111.882002, 40.785692 ], [ -111.882356, 40.786096 ], [ -111.882551, 40.786265 ], [ -111.886242, 40.786587 ], [ -111.886363, 40.786568 ], [ -111.886935, 40.786439 ], [ -111.891408, 40.784971 ], [ -111.897035, 40.786096 ], [ -111.897413, 40.786094 ], [ -111.899839, 40.784324 ], [ -111.90559, 40.779804 ], [ -111.90816, 40.777679 ], [ -111.91369, 40.773222 ], [ -111.917592, 40.77016 ], [ -111.921598, 40.766779 ], [ -111.921704, 40.76612 ] ] ] } },
{ "type": "Feature", "properties": { "group_index": 0, "value": 900.0, "center": [ -111.89113384533402, 40.76347537697363 ], "point_id": 4.0 }, "geometry": { "type": "Polygon", "coordinates": [ [ [ -111.939711, 40.763159 ], [ -111.938386, 40.759751 ], [ -111.937878, 40.758845 ], [ -111.935035, 40.756623 ], [ -111.932237, 40.754483 ], [ -111.92772, 40.750734 ], [ -111.92399, 40.747274 ], [ -111.917758, 40.74322 ], [ -111.914574, 40.740866 ], [ -111.911404, 40.738496 ], [ -111.905545, 40.734775 ], [ -111.902624, 40.731795 ], [ -111.896149, 40.726945 ], [ -111.891437, 40.723648 ], [ -111.891073, 40.723513 ], [ -111.891017, 40.723515 ], [ -111.891017, 40.723515 ], [ -111.890962, 40.723518 ], [ -111.89074, 40.723651 ], [ -111.885682, 40.72714 ], [ -111.882304, 40.729687 ], [ -111.881263, 40.730466 ], [ -111.880697, 40.730889 ], [ -111.878756, 40.732339 ], [ -111.875227, 40.734983 ], [ -111.870637, 40.73831 ], [ -111.868493, 40.739839 ], [ -111.861928, 40.74465 ], [ -111.857154, 40.747515 ], [ -111.854271, 40.750176 ], [ -111.851696, 40.752406 ], [ -111.845796, 40.756772 ], [ -111.843265, 40.758656 ], [ -111.843231, 40.758709 ], [ -111.842956, 40.759832 ], [ -111.842678, 40.762599 ], [ -111.84242, 40.765676 ], [ -111.842486, 40.766474 ], [ -111.84534, 40.769073 ], [ -111.849466, 40.772595 ], [ -111.854069, 40.775907 ], [ -111.858055, 40.778924 ], [ -111.861048, 40.781295 ], [ -111.863954, 40.78364 ], [ -111.86715, 40.786659 ], [ -111.86753, 40.786873 ], [ -111.86843, 40.787005 ], [ -111.871095, 40.78777 ], [ -111.873958, 40.794741 ], [ -111.873885, 40.795341 ], [ -111.873893, 40.795759 ], [ -111.877416, 40.795703 ], [ -111.877492, 40.795696 ], [ -111.877904, 40.795584 ], [ -111.882768, 40.792559 ], [ -111.888714, 40.794027 ], [ -111.889688, 40.794191 ], [ -111.891055, 40.794272 ], [ -111.891241, 40.794269 ], [ -111.899802, 40.793762 ], [ -111.903583, 40.796616 ], [ -111.904263, 40.797156 ], [ -111.906501, 40.794337 ], [ -111.908903, 40.791642 ], [ -111.914788, 40.78636 ], [ -111.917721, 40.784181 ], [ -111.924557, 40.778744 ], [ -111.931537, 40.77325 ], [ -111.932457, 40.771887 ], [ -111.939742, 40.766759 ], [ -111.939711, 40.763159 ] ] ] } },
{ "type": "Feature", "properties": { "group_index": 0, "value": 300.0, "center": [ -111.89483427965281, 40.769350116841785 ], "point_id": 2.0 }, "geometry": { "type": "Polygon", "coordinates": [ [ [ -111.90844, 40.770974 ], [ -111.909847, 40.767265 ], [ -111.909848, 40.76718 ], [ -111.90823, 40.765394 ], [ -111.905567, 40.763107 ], [ -111.902412, 40.760959 ], [ -111.89927, 40.758576 ], [ -111.896873, 40.756833 ], [ -111.89412, 40.756148 ], [ -111.893952, 40.756147 ], [ -111.893064, 40.756681 ], [ -111.889562, 40.759256 ], [ -111.887175, 40.761086 ], [ -111.883502, 40.763489 ], [ -111.88143, 40.765372 ], [ -111.879792, 40.767177 ], [ -111.878057, 40.769297 ], [ -111.878057, 40.769384 ], [ -111.881016, 40.773089 ], [ -111.882612, 40.774649 ], [ -111.885694, 40.777485 ], [ -111.889232, 40.780106 ], [ -111.890184, 40.780634 ], [ -111.894913, 40.781911 ], [ -111.895315, 40.781912 ], [ -111.895725, 40.781911 ], [ -111.89938, 40.779849 ], [ -111.902147, 40.777548 ], [ -111.905136, 40.775631 ], [ -111.908121, 40.77323 ], [ -111.90844, 40.770974 ] ] ] } },
{ "type": "Feature", "properties": { "group_index": 0, "value": 600.0, "center": [ -111.89483427965281, 40.769350116841785 ], "point_id": 2.0 }, "geometry": { "type": "Polygon", "coordinates": [ [ [ -111.924715, 40.765191 ], [ -111.923237, 40.763177 ], [ -111.92183, 40.762101 ], [ -111.920361, 40.760999 ], [ -111.917515, 40.758865 ], [ -111.916873, 40.758379 ], [ -111.909962, 40.753369 ], [ -111.90601, 40.750137 ], [ -111.903268, 40.74787 ], [ -111.896796, 40.743341 ], [ -111.893954, 40.742699 ], [ -111.893896, 40.742699 ], [ -111.893332, 40.743047 ], [ -111.888277, 40.74668 ], [ -111.881373, 40.751653 ], [ -111.880453, 40.75233 ], [ -111.879305, 40.753194 ], [ -111.876407, 40.755366 ], [ -111.874679, 40.756686 ], [ -111.869307, 40.761032 ], [ -111.867606, 40.762349 ], [ -111.866476, 40.763212 ], [ -111.863616, 40.765385 ], [ -111.861898, 40.767145 ], [ -111.861898, 40.767152 ], [ -111.861898, 40.767161 ], [ -111.861898, 40.767169 ], [ -111.86201, 40.769193 ], [ -111.862286, 40.771375 ], [ -111.863005, 40.772361 ], [ -111.863807, 40.773449 ], [ -111.864808, 40.774634 ], [ -111.866283, 40.775755 ], [ -111.867771, 40.776881 ], [ -111.869269, 40.778025 ], [ -111.870748, 40.77915 ], [ -111.872242, 40.780287 ], [ -111.873684, 40.781432 ], [ -111.87954, 40.787015 ], [ -111.882643, 40.789351 ], [ -111.885251, 40.790111 ], [ -111.885707, 40.78997 ], [ -111.886718, 40.789601 ], [ -111.889663, 40.788331 ], [ -111.896572, 40.790035 ], [ -111.898012, 40.791746 ], [ -111.900598, 40.792649 ], [ -111.904006, 40.790699 ], [ -111.907026, 40.788201 ], [ -111.911891, 40.784094 ], [ -111.914543, 40.782034 ], [ -111.920146, 40.777681 ], [ -111.925641, 40.773445 ], [ -111.926292, 40.772758 ], [ -111.927119, 40.771173 ], [ -111.924715, 40.765191 ] ] ] } },
{ "type": "Feature", "properties": { "group_index": 0, "value": 900.0, "center": [ -111.89483427965281, 40.769350116841785 ], "point_id": 2.0 }, "geometry": { "type": "Polygon", "coordinates": [ [ [ -111.944845, 40.771735 ], [ -111.943715, 40.769651 ], [ -111.941128, 40.763147 ], [ -111.938384, 40.761012 ], [ -111.932604, 40.756643 ], [ -111.931234, 40.755578 ], [ -111.928082, 40.753192 ], [ -111.923818, 40.749478 ], [ -111.922466, 40.748481 ], [ -111.916665, 40.744426 ], [ -111.915017, 40.743179 ], [ -111.911857, 40.740859 ], [ -111.911059, 40.740344 ], [ -111.905463, 40.736677 ], [ -111.901, 40.732983 ], [ -111.900075, 40.73219 ], [ -111.894681, 40.729365 ], [ -111.894011, 40.729224 ], [ -111.893947, 40.729224 ], [ -111.892787, 40.729965 ], [ -111.890381, 40.731711 ], [ -111.885923, 40.734989 ], [ -111.882485, 40.737363 ], [ -111.87834, 40.740228 ], [ -111.877686, 40.740901 ], [ -111.870689, 40.746229 ], [ -111.869789, 40.746741 ], [ -111.865914, 40.749668 ], [ -111.861766, 40.752342 ], [ -111.856056, 40.756762 ], [ -111.849876, 40.762108 ], [ -111.848729, 40.762776 ], [ -111.847117, 40.764125 ], [ -111.846501, 40.764716 ], [ -111.844483, 40.76684 ], [ -111.844479, 40.767061 ], [ -111.84448, 40.767134 ], [ -111.845951, 40.774181 ], [ -111.846196, 40.774478 ], [ -111.849531, 40.776585 ], [ -111.852115, 40.7783 ], [ -111.854639, 40.7798 ], [ -111.859609, 40.78468 ], [ -111.859875, 40.785046 ], [ -111.861183, 40.786603 ], [ -111.861242, 40.786673 ], [ -111.86305, 40.78814 ], [ -111.863501, 40.788085 ], [ -111.868954, 40.789252 ], [ -111.871987, 40.79719 ], [ -111.871763, 40.797829 ], [ -111.871656, 40.798599 ], [ -111.871736, 40.799187 ], [ -111.875166, 40.799757 ], [ -111.876186, 40.79859 ], [ -111.877208, 40.79744 ], [ -111.877761, 40.796637 ], [ -111.882768, 40.792559 ], [ -111.888714, 40.794027 ], [ -111.891688, 40.795175 ], [ -111.89478, 40.795138 ], [ -111.903583, 40.796616 ], [ -111.904974, 40.798561 ], [ -111.905082, 40.798672 ], [ -111.911521, 40.803002 ], [ -111.912157, 40.803507 ], [ -111.913891, 40.802887 ], [ -111.914505, 40.802055 ], [ -111.914866, 40.799893 ], [ -111.918297, 40.792859 ], [ -111.92156, 40.791364 ], [ -111.923319, 40.789606 ], [ -111.930402, 40.784227 ], [ -111.937161, 40.780808 ], [ -111.937191, 40.780784 ], [ -111.938678, 40.779152 ], [ -111.943682, 40.77325 ], [ -111.944845, 40.771737 ], [ -111.944845, 40.771735 ] ] ] } },
{ "type": "Feature", "properties": { "group_index": 0, "value": 300.0, "center": [ -111.90062116201825, 40.76934834059902 ], "point_id": 1.0 }, "geometry": { "type": "Polygon", "coordinates": [ [ [ -111.915575, 40.771419 ], [ -111.91466, 40.76995 ], [ -111.914096, 40.76923 ], [ -111.912424, 40.764141 ], [ -111.912225, 40.763519 ], [ -111.912135, 40.763455 ], [ -111.908207, 40.760861 ], [ -111.905387, 40.758812 ], [ -111.902553, 40.756828 ], [ -111.899872, 40.756518 ], [ -111.899847, 40.756518 ], [ -111.899706, 40.756518 ], [ -111.899467, 40.756521 ], [ -111.899043, 40.756666 ], [ -111.896081, 40.758917 ], [ -111.893183, 40.761082 ], [ -111.890338, 40.763231 ], [ -111.887352, 40.765438 ], [ -111.886112, 40.766442 ], [ -111.884986, 40.767545 ], [ -111.883582, 40.769009 ], [ -111.883374, 40.769298 ], [ -111.883374, 40.769353 ], [ -111.883375, 40.769394 ], [ -111.883376, 40.76945 ], [ -111.884972, 40.771145 ], [ -111.887721, 40.773466 ], [ -111.890036, 40.775403 ], [ -111.891598, 40.776707 ], [ -111.893005, 40.77777 ], [ -111.895866, 40.779842 ], [ -111.898863, 40.782016 ], [ -111.899765, 40.782608 ], [ -111.899873, 40.782609 ], [ -111.902521, 40.781732 ], [ -111.905436, 40.779803 ], [ -111.908016, 40.77768 ], [ -111.911697, 40.774403 ], [ -111.913858, 40.773218 ], [ -111.915092, 40.772314 ], [ -111.915122, 40.772272 ], [ -111.915575, 40.771435 ], [ -111.915575, 40.771419 ] ] ] } },
{ "type": "Feature", "properties": { "group_index": 0, "value": 600.0, "center": [ -111.90062116201825, 40.76934834059902 ], "point_id": 1.0 }, "geometry": { "type": "Polygon", "coordinates": [ [ [ -111.932463, 40.772086 ], [ -111.932461, 40.772037 ], [ -111.932318, 40.769627 ], [ -111.929427, 40.763529 ], [ -111.926115, 40.761003 ], [ -111.923296, 40.75886 ], [ -111.920419, 40.75665 ], [ -111.917407, 40.754467 ], [ -111.911909, 40.750131 ], [ -111.906995, 40.746345 ], [ -111.903846, 40.743735 ], [ -111.903465, 40.743652 ], [ -111.899345, 40.742844 ], [ -111.899342, 40.742845 ], [ -111.89249, 40.748012 ], [ -111.888138, 40.751292 ], [ -111.882364, 40.75539 ], [ -111.881788, 40.755817 ], [ -111.880627, 40.756687 ], [ -111.875247, 40.761033 ], [ -111.870407, 40.764529 ], [ -111.867851, 40.767127 ], [ -111.867472, 40.770698 ], [ -111.867474, 40.770778 ], [ -111.870738, 40.774636 ], [ -111.872202, 40.775759 ], [ -111.873699, 40.776898 ], [ -111.8752, 40.778039 ], [ -111.8767, 40.779169 ], [ -111.881818, 40.78538 ], [ -111.886234, 40.786592 ], [ -111.88994, 40.786804 ], [ -111.895046, 40.788222 ], [ -111.898553, 40.791203 ], [ -111.901871, 40.794748 ], [ -111.907688, 40.792416 ], [ -111.908492, 40.792049 ], [ -111.908576, 40.791982 ], [ -111.91447, 40.786361 ], [ -111.917402, 40.78418 ], [ -111.920191, 40.782008 ], [ -111.922993, 40.779825 ], [ -111.924431, 40.778744 ], [ -111.925833, 40.777683 ], [ -111.93243, 40.773225 ], [ -111.932463, 40.772086 ] ] ] } },
{ "type": "Feature", "properties": { "group_index": 0, "value": 900.0, "center": [ -111.90062116201825, 40.76934834059902 ], "point_id": 1.0 }, "geometry": { "type": "Polygon", "coordinates": [ [ [ -111.94946, 40.769471 ], [ -111.945648, 40.762954 ], [ -111.939657, 40.757835 ], [ -111.938303, 40.75663 ], [ -111.935969, 40.754822 ], [ -111.929571, 40.749466 ], [ -111.928258, 40.748311 ], [ -111.925155, 40.745926 ], [ -111.923311, 40.744891 ], [ -111.918657, 40.742029 ], [ -111.915387, 40.738889 ], [ -111.911861, 40.736352 ], [ -111.91114, 40.736116 ], [ -111.904305, 40.733264 ], [ -111.902873, 40.731689 ], [ -111.899402, 40.729984 ], [ -111.898807, 40.729987 ], [ -111.893435, 40.733776 ], [ -111.891861, 40.734963 ], [ -111.889636, 40.736635 ], [ -111.885368, 40.739829 ], [ -111.88186, 40.742283 ], [ -111.880807, 40.743071 ], [ -111.877059, 40.745878 ], [ -111.874231, 40.748004 ], [ -111.871325, 40.750166 ], [ -111.865688, 40.754516 ], [ -111.860238, 40.758859 ], [ -111.857383, 40.76104 ], [ -111.851849, 40.765224 ], [ -111.851054, 40.766124 ], [ -111.850551, 40.766709 ], [ -111.850456, 40.77044 ], [ -111.850451, 40.77087 ], [ -111.850455, 40.771609 ], [ -111.851151, 40.772806 ], [ -111.852929, 40.774627 ], [ -111.854203, 40.775907 ], [ -111.859831, 40.780234 ], [ -111.865919, 40.784941 ], [ -111.865955, 40.784968 ], [ -111.867641, 40.785918 ], [ -111.870593, 40.787464 ], [ -111.873914, 40.794991 ], [ -111.877416, 40.795703 ], [ -111.877774, 40.795606 ], [ -111.882768, 40.792559 ], [ -111.888714, 40.794027 ], [ -111.889688, 40.794191 ], [ -111.890837, 40.794262 ], [ -111.899802, 40.793762 ], [ -111.902397, 40.79581 ], [ -111.902755, 40.796155 ], [ -111.904011, 40.797167 ], [ -111.907336, 40.799819 ], [ -111.910125, 40.802069 ], [ -111.912042, 40.803619 ], [ -111.914278, 40.805178 ], [ -111.916672, 40.803015 ], [ -111.918937, 40.796702 ], [ -111.923676, 40.793603 ], [ -111.92459, 40.793261 ], [ -111.925089, 40.792856 ], [ -111.927772, 40.790699 ], [ -111.929089, 40.789617 ], [ -111.934838, 40.785537 ], [ -111.940009, 40.782879 ], [ -111.941112, 40.782016 ], [ -111.943784, 40.778089 ], [ -111.947822, 40.774796 ], [ -111.949502, 40.773437 ], [ -111.949824, 40.773053 ], [ -111.94946, 40.769471 ] ] ] } },
{ "type": "Feature", "properties": { "group_index": 0, "value": 300.0, "center": [ -111.89110769745832, 40.7591598632669 ], "point_id": 5.0 }, "geometry": { "type": "Polygon", "coordinates": [ [ [ -111.90728, 40.760772 ], [ -111.907095, 40.760393 ], [ -111.904278, 40.755575 ], [ -111.903338, 40.754483 ], [ -111.900513, 40.752321 ], [ -111.897693, 40.750138 ], [ -111.894879, 40.747849 ], [ -111.892484, 40.746204 ], [ -111.891076, 40.745316 ], [ -111.890903, 40.745317 ], [ -111.887154, 40.748014 ], [ -111.884326, 40.750155 ], [ -111.88146, 40.752329 ], [ -111.879368, 40.754356 ], [ -111.876652, 40.756197 ], [ -111.875753, 40.756688 ], [ -111.874035, 40.75852 ], [ -111.874035, 40.758547 ], [ -111.874038, 40.758596 ], [ -111.877062, 40.762559 ], [ -111.878906, 40.764241 ], [ -111.882508, 40.76665 ], [ -111.88534, 40.768815 ], [ -111.888327, 40.771095 ], [ -111.888488, 40.771213 ], [ -111.889517, 40.771313 ], [ -111.889672, 40.771314 ], [ -111.894124, 40.77106 ], [ -111.89683, 40.768961 ], [ -111.899825, 40.766789 ], [ -111.902644, 40.764686 ], [ -111.90604, 40.76237 ], [ -111.907276, 40.760816 ], [ -111.90728, 40.760772 ] ] ] } },
{ "type": "Feature", "properties": { "group_index": 0, "value": 600.0, "center": [ -111.89110769745832, 40.7591598632669 ], "point_id": 5.0 }, "geometry": { "type": "Polygon", "coordinates": [ [ [ -111.924969, 40.760635 ], [ -111.92332, 40.75886 ], [ -111.920477, 40.75665 ], [ -111.91718, 40.75191 ], [ -111.914671, 40.749227 ], [ -111.912581, 40.747713 ], [ -111.911096, 40.746643 ], [ -111.907707, 40.744239 ], [ -111.902277, 40.739738 ], [ -111.900087, 40.738438 ], [ -111.89453, 40.73405 ], [ -111.891133, 40.731711 ], [ -111.891004, 40.731711 ], [ -111.886535, 40.734986 ], [ -111.883371, 40.737363 ], [ -111.877143, 40.741985 ], [ -111.874971, 40.744152 ], [ -111.869793, 40.747345 ], [ -111.862848, 40.752341 ], [ -111.860833, 40.754519 ], [ -111.859191, 40.756288 ], [ -111.859191, 40.756331 ], [ -111.859583, 40.759375 ], [ -111.860467, 40.762838 ], [ -111.860671, 40.763221 ], [ -111.861968, 40.764635 ], [ -111.86483, 40.76687 ], [ -111.867671, 40.768989 ], [ -111.870629, 40.771169 ], [ -111.874719, 40.774635 ], [ -111.876184, 40.775772 ], [ -111.8777, 40.77691 ], [ -111.88348, 40.782054 ], [ -111.883984, 40.782201 ], [ -111.885966, 40.782712 ], [ -111.890085, 40.782325 ], [ -111.895839, 40.783089 ], [ -111.896426, 40.783085 ], [ -111.897965, 40.782015 ], [ -111.903964, 40.777634 ], [ -111.909157, 40.773233 ], [ -111.912419, 40.771087 ], [ -111.917684, 40.766789 ], [ -111.920582, 40.764599 ], [ -111.923348, 40.76246 ], [ -111.924971, 40.76076 ], [ -111.924969, 40.760635 ] ] ] } },
{ "type": "Feature", "properties": { "group_index": 0, "value": 900.0, "center": [ -111.89110769745832, 40.7591598632669 ], "point_id": 5.0 }, "geometry": { "type": "Polygon", "coordinates": [ [ [ -111.940827, 40.75905 ], [ -111.940447, 40.758566 ], [ -111.939667, 40.757835 ], [ -111.938327, 40.75663 ], [ -111.933967, 40.750507 ], [ -111.933142, 40.749461 ], [ -111.929563, 40.746549 ], [ -111.923436, 40.742287 ], [ -111.919565, 40.738689 ], [ -111.917866, 40.73741 ], [ -111.911361, 40.733242 ], [ -111.909261, 40.731713 ], [ -111.905375, 40.729377 ], [ -111.901572, 40.725994 ], [ -111.900212, 40.724866 ], [ -111.898567, 40.72353 ], [ -111.89494, 40.720897 ], [ -111.891457, 40.718422 ], [ -111.891253, 40.718422 ], [ -111.89098, 40.718422 ], [ -111.890778, 40.718423 ], [ -111.887675, 40.720651 ], [ -111.885335, 40.722337 ], [ -111.88362, 40.72364 ], [ -111.88132, 40.725393 ], [ -111.874077, 40.730634 ], [ -111.868868, 40.734593 ], [ -111.866722, 40.736255 ], [ -111.865536, 40.73715 ], [ -111.865275, 40.737347 ], [ -111.858739, 40.741988 ], [ -111.855481, 40.743967 ], [ -111.848262, 40.748988 ], [ -111.847859, 40.750957 ], [ -111.842663, 40.756803 ], [ -111.842033, 40.75817 ], [ -111.842033, 40.758174 ], [ -111.842649, 40.760403 ], [ -111.845292, 40.765243 ], [ -111.845733, 40.765938 ], [ -111.847452, 40.767725 ], [ -111.848953, 40.768708 ], [ -111.850452, 40.769728 ], [ -111.856899, 40.774631 ], [ -111.858364, 40.775734 ], [ -111.860969, 40.777766 ], [ -111.86283, 40.779137 ], [ -111.865781, 40.781405 ], [ -111.867264, 40.782532 ], [ -111.868688, 40.783685 ], [ -111.872206, 40.786601 ], [ -111.875696, 40.791928 ], [ -111.878551, 40.793795 ], [ -111.887448, 40.792965 ], [ -111.888945, 40.793095 ], [ -111.891413, 40.793284 ], [ -111.899057, 40.792979 ], [ -111.901351, 40.79389 ], [ -111.904429, 40.792023 ], [ -111.907211, 40.788715 ], [ -111.913196, 40.784124 ], [ -111.915845, 40.782022 ], [ -111.921447, 40.777686 ], [ -111.926952, 40.773243 ], [ -111.927807, 40.772367 ], [ -111.928336, 40.771188 ], [ -111.935969, 40.766759 ], [ -111.936921, 40.766779 ], [ -111.941978, 40.761824 ], [ -111.940827, 40.75905 ] ] ] } },
{ "type": "Feature", "properties": { "group_index": 0, "value": 300.0, "center": [ -111.8395354630606, 40.760298832454026 ], "point_id": 21.0 }, "geometry": { "type": "Polygon", "coordinates": [ [ [ -111.853087, 40.757043 ], [ -111.853058, 40.757029 ], [ -111.852182, 40.756592 ], [ -111.84734, 40.753629 ], [ -111.847104, 40.753189 ], [ -111.846397, 40.752095 ], [ -111.845548, 40.752091 ], [ -111.841108, 40.75309 ], [ -111.83838, 40.753239 ], [ -111.833969, 40.753017 ], [ -111.833873, 40.753056 ], [ -111.833519, 40.753244 ], [ -111.831787, 40.754272 ], [ -111.831505, 40.754485 ], [ -111.831141, 40.754793 ], [ -111.830839, 40.755278 ], [ -111.830899, 40.755475 ], [ -111.829101, 40.76102 ], [ -111.828413, 40.761413 ], [ -111.8283, 40.761468 ], [ -111.828031, 40.76186 ], [ -111.827255, 40.764111 ], [ -111.828465, 40.766851 ], [ -111.828836, 40.767191 ], [ -111.831732, 40.768986 ], [ -111.83413, 40.770135 ], [ -111.836147, 40.770836 ], [ -111.838547, 40.770763 ], [ -111.840903, 40.770391 ], [ -111.84483, 40.769074 ], [ -111.84748, 40.768709 ], [ -111.849389, 40.767213 ], [ -111.849459, 40.767151 ], [ -111.850269, 40.765767 ], [ -111.852175, 40.762421 ], [ -111.853087, 40.757043 ] ] ] } },
{ "type": "Feature", "properties": { "group_index": 0, "value": 600.0, "center": [ -111.8395354630606, 40.760298832454026 ], "point_id": 21.0 }, "geometry": { "type": "Polygon", "coordinates": [ [ [ -111.869913, 40.760496 ], [ -111.869039, 40.756299 ], [ -111.867378, 40.754516 ], [ -111.864595, 40.752339 ], [ -111.86166, 40.750113 ], [ -111.859554, 40.748569 ], [ -111.854624, 40.743967 ], [ -111.848202, 40.739561 ], [ -111.848179, 40.739558 ], [ -111.848041, 40.739548 ], [ -111.848018, 40.739547 ], [ -111.847514, 40.739844 ], [ -111.841565, 40.74208 ], [ -111.833994, 40.741593 ], [ -111.830753, 40.739937 ], [ -111.830748, 40.739937 ], [ -111.830561, 40.739949 ], [ -111.830556, 40.73995 ], [ -111.827474, 40.741321 ], [ -111.826967, 40.74186 ], [ -111.826305, 40.743274 ], [ -111.820396, 40.748861 ], [ -111.818345, 40.748973 ], [ -111.815452, 40.7567 ], [ -111.815375, 40.75802 ], [ -111.816239, 40.761131 ], [ -111.817752, 40.76268 ], [ -111.819611, 40.770764 ], [ -111.818664, 40.771893 ], [ -111.82159, 40.774566 ], [ -111.822816, 40.774538 ], [ -111.830676, 40.775107 ], [ -111.837078, 40.779859 ], [ -111.837296, 40.779805 ], [ -111.83783, 40.779582 ], [ -111.845562, 40.777862 ], [ -111.850648, 40.778767 ], [ -111.852219, 40.778871 ], [ -111.852853, 40.778775 ], [ -111.852912, 40.778748 ], [ -111.85461, 40.777523 ], [ -111.857117, 40.775731 ], [ -111.858566, 40.774631 ], [ -111.860071, 40.773495 ], [ -111.863149, 40.77116 ], [ -111.865123, 40.768981 ], [ -111.86671, 40.767247 ], [ -111.868015, 40.765099 ], [ -111.869914, 40.760546 ], [ -111.869913, 40.760496 ] ] ] } },
{ "type": "Feature", "properties": { "group_index": 0, "value": 900.0, "center": [ -111.8395354630606, 40.760298832454026 ], "point_id": 21.0 }, "geometry": { "type": "Polygon", "coordinates": [ [ [ -111.887359, 40.760658 ], [ -111.88736, 40.76049 ], [ -111.886973, 40.756334 ], [ -111.885223, 40.754327 ], [ -111.879562, 40.750158 ], [ -111.876792, 40.748 ], [ -111.876655, 40.747895 ], [ -111.872254, 40.744334 ], [ -111.867655, 40.739835 ], [ -111.861929, 40.735349 ], [ -111.855479, 40.730476 ], [ -111.848635, 40.726479 ], [ -111.848182, 40.726402 ], [ -111.848109, 40.726402 ], [ -111.847363, 40.726493 ], [ -111.84631, 40.727285 ], [ -111.845002, 40.728195 ], [ -111.844093, 40.728978 ], [ -111.84168, 40.730524 ], [ -111.834411, 40.7291 ], [ -111.832017, 40.727356 ], [ -111.830924, 40.726661 ], [ -111.830744, 40.726659 ], [ -111.830728, 40.726659 ], [ -111.824462, 40.727914 ], [ -111.817186, 40.729311 ], [ -111.817103, 40.729366 ], [ -111.814723, 40.73347 ], [ -111.810322, 40.740414 ], [ -111.807138, 40.743824 ], [ -111.801716, 40.749883 ], [ -111.801303, 40.75346 ], [ -111.807466, 40.759464 ], [ -111.808072, 40.760745 ], [ -111.808161, 40.760864 ], [ -111.810333, 40.763511 ], [ -111.810915, 40.763145 ], [ -111.811391, 40.762866 ], [ -111.814422, 40.7621 ], [ -111.817752, 40.76268 ], [ -111.819611, 40.770764 ], [ -111.818664, 40.771893 ], [ -111.819746, 40.774137 ], [ -111.82159, 40.774566 ], [ -111.828213, 40.779837 ], [ -111.829983, 40.784088 ], [ -111.830067, 40.78436 ], [ -111.831595, 40.78607 ], [ -111.831622, 40.78609 ], [ -111.832838, 40.786096 ], [ -111.834758, 40.785452 ], [ -111.843498, 40.784058 ], [ -111.846991, 40.785702 ], [ -111.847176, 40.785811 ], [ -111.84801, 40.78606 ], [ -111.851498, 40.786958 ], [ -111.85295, 40.786673 ], [ -111.861197, 40.786659 ], [ -111.86332, 40.787164 ], [ -111.863331, 40.78716 ], [ -111.86794, 40.783683 ], [ -111.868899, 40.78251 ], [ -111.873442, 40.776897 ], [ -111.874929, 40.775774 ], [ -111.876412, 40.77463 ], [ -111.877902, 40.773508 ], [ -111.879395, 40.772363 ], [ -111.882934, 40.768972 ], [ -111.884377, 40.76741 ], [ -111.885969, 40.764936 ], [ -111.887359, 40.760658 ] ] ] } },
{ "type": "Feature", "properties": { "group_index": 0, "value": 300.0, "center": [ -111.83883245966558, 40.76955970444342 ], "point_id": 23.0 }, "geometry": { "type": "Polygon", "coordinates": [ [ [ -111.850037, 40.772471 ], [ -111.851925, 40.768758 ], [ -111.853063, 40.766576 ], [ -111.853062, 40.766542 ], [ -111.852248, 40.765172 ], [ -111.851204, 40.763644 ], [ -111.851158, 40.763607 ], [ -111.847581, 40.761612 ], [ -111.847577, 40.761611 ], [ -111.84464, 40.760966 ], [ -111.843077, 40.760675 ], [ -111.837337, 40.759327 ], [ -111.83439, 40.758527 ], [ -111.834285, 40.758578 ], [ -111.829104, 40.761219 ], [ -111.828577, 40.762457 ], [ -111.82738, 40.76712 ], [ -111.827484, 40.767417 ], [ -111.827787, 40.768218 ], [ -111.830106, 40.771422 ], [ -111.830275, 40.771631 ], [ -111.832313, 40.772885 ], [ -111.835685, 40.776667 ], [ -111.836374, 40.777612 ], [ -111.836632, 40.777758 ], [ -111.838631, 40.77889 ], [ -111.838755, 40.778832 ], [ -111.844587, 40.777729 ], [ -111.845123, 40.777825 ], [ -111.845562, 40.777862 ], [ -111.84613, 40.77786 ], [ -111.846669, 40.777813 ], [ -111.847144, 40.777734 ], [ -111.847598, 40.777611 ], [ -111.848128, 40.777409 ], [ -111.848583, 40.777213 ], [ -111.848937, 40.777021 ], [ -111.849656, 40.776588 ], [ -111.850037, 40.772471 ] ] ] } },
{ "type": "Feature", "properties": { "group_index": 0, "value": 600.0, "center": [ -111.83883245966558, 40.76955970444342 ], "point_id": 23.0 }, "geometry": { "type": "Polygon", "coordinates": [ [ [ -111.871314, 40.767108 ], [ -111.867656, 40.763199 ], [ -111.865218, 40.761033 ], [ -111.860653, 40.757464 ], [ -111.856616, 40.754523 ], [ -111.853876, 40.7525 ], [ -111.847016, 40.750356 ], [ -111.845389, 40.749131 ], [ -111.842862, 40.747999 ], [ -111.842647, 40.747922 ], [ -111.84259, 40.747922 ], [ -111.842285, 40.747999 ], [ -111.841572, 40.748244 ], [ -111.839671, 40.748985 ], [ -111.8323, 40.747386 ], [ -111.83023, 40.746887 ], [ -111.8287, 40.747404 ], [ -111.82765, 40.747826 ], [ -111.826519, 40.74855 ], [ -111.826516, 40.748553 ], [ -111.824859, 40.750711 ], [ -111.818954, 40.755356 ], [ -111.818605, 40.755542 ], [ -111.817133, 40.758255 ], [ -111.816884, 40.75958 ], [ -111.817518, 40.761841 ], [ -111.817526, 40.761846 ], [ -111.819835, 40.770417 ], [ -111.819611, 40.770764 ], [ -111.81841, 40.772196 ], [ -111.818283, 40.772343 ], [ -111.818074, 40.773961 ], [ -111.81809, 40.77401 ], [ -111.821011, 40.774692 ], [ -111.822816, 40.774538 ], [ -111.830832, 40.776831 ], [ -111.831185, 40.781377 ], [ -111.830328, 40.783535 ], [ -111.830274, 40.783665 ], [ -111.831478, 40.785203 ], [ -111.834082, 40.785528 ], [ -111.834608, 40.785104 ], [ -111.834905, 40.784685 ], [ -111.83509, 40.784004 ], [ -111.843082, 40.779927 ], [ -111.845482, 40.78261 ], [ -111.848706, 40.782946 ], [ -111.849266, 40.78303 ], [ -111.849969, 40.783071 ], [ -111.857964, 40.782887 ], [ -111.861322, 40.782704 ], [ -111.86302, 40.7811 ], [ -111.866818, 40.773966 ], [ -111.867536, 40.772916 ], [ -111.871314, 40.767156 ], [ -111.871314, 40.767108 ] ] ] } },
{ "type": "Feature", "properties": { "group_index": 0, "value": 900.0, "center": [ -111.83883245966558, 40.76955970444342 ], "point_id": 23.0 }, "geometry": { "type": "Polygon", "coordinates": [ [ [ -111.888231, 40.766457 ], [ -111.887171, 40.76496 ], [ -111.885426, 40.763203 ], [ -111.883023, 40.760969 ], [ -111.88006, 40.758765 ], [ -111.874491, 40.754495 ], [ -111.871664, 40.752479 ], [ -111.866879, 40.748277 ], [ -111.861875, 40.744649 ], [ -111.857006, 40.740919 ], [ -111.855043, 40.739841 ], [ -111.848699, 40.737197 ], [ -111.847867, 40.736954 ], [ -111.842152, 40.736064 ], [ -111.842143, 40.736064 ], [ -111.836558, 40.736012 ], [ -111.832834, 40.733852 ], [ -111.830039, 40.732877 ], [ -111.824749, 40.733833 ], [ -111.821182, 40.734621 ], [ -111.820417, 40.736135 ], [ -111.818651, 40.740475 ], [ -111.818474, 40.741083 ], [ -111.813866, 40.747365 ], [ -111.811687, 40.747665 ], [ -111.809271, 40.748323 ], [ -111.807899, 40.748582 ], [ -111.807988, 40.756199 ], [ -111.808295, 40.759503 ], [ -111.809835, 40.762688 ], [ -111.809931, 40.76281 ], [ -111.811369, 40.763368 ], [ -111.814422, 40.7621 ], [ -111.814681, 40.762041 ], [ -111.815438, 40.761912 ], [ -111.816062, 40.761821 ], [ -111.817526, 40.761846 ], [ -111.819835, 40.770417 ], [ -111.819611, 40.770764 ], [ -111.81841, 40.772196 ], [ -111.818283, 40.772343 ], [ -111.818074, 40.773961 ], [ -111.81809, 40.77401 ], [ -111.821011, 40.774692 ], [ -111.82471, 40.781092 ], [ -111.825732, 40.784544 ], [ -111.828771, 40.79041 ], [ -111.830934, 40.792929 ], [ -111.831428, 40.792746 ], [ -111.833616, 40.791504 ], [ -111.834098, 40.791235 ], [ -111.834545, 40.790841 ], [ -111.83572, 40.789763 ], [ -111.843675, 40.787656 ], [ -111.846752, 40.78902 ], [ -111.851117, 40.790104 ], [ -111.855252, 40.790561 ], [ -111.861195, 40.793386 ], [ -111.861631, 40.793394 ], [ -111.862629, 40.79322 ], [ -111.864099, 40.792951 ], [ -111.864525, 40.792856 ], [ -111.865572, 40.792549 ], [ -111.869858, 40.790856 ], [ -111.873005, 40.788459 ], [ -111.87896, 40.783711 ], [ -111.879373, 40.782957 ], [ -111.882907, 40.775773 ], [ -111.883859, 40.774615 ], [ -111.886116, 40.771693 ], [ -111.887408, 40.768912 ], [ -111.88824, 40.766983 ], [ -111.888231, 40.766457 ] ] ] } },
{ "type": "Feature", "properties": { "group_index": 0, "value": 300.0, "center": [ -111.83660292304567, 40.76441921490632 ], "point_id": 22.0 }, "geometry": { "type": "Polygon", "coordinates": [ [ [ -111.848423, 40.76454 ], [ -111.848293, 40.76042 ], [ -111.848277, 40.760402 ], [ -111.848274, 40.760399 ], [ -111.848189, 40.760309 ], [ -111.844446, 40.756873 ], [ -111.843626, 40.756492 ], [ -111.838372, 40.754073 ], [ -111.83754, 40.753861 ], [ -111.833506, 40.753517 ], [ -111.832991, 40.753531 ], [ -111.832973, 40.753539 ], [ -111.832706, 40.753698 ], [ -111.832138, 40.754036 ], [ -111.832125, 40.754044 ], [ -111.831994, 40.756925 ], [ -111.828487, 40.760786 ], [ -111.826687, 40.761171 ], [ -111.826639, 40.761218 ], [ -111.826584, 40.761274 ], [ -111.826538, 40.761323 ], [ -111.826493, 40.762962 ], [ -111.827766, 40.767761 ], [ -111.827839, 40.767854 ], [ -111.828412, 40.768559 ], [ -111.831138, 40.77176 ], [ -111.831244, 40.771852 ], [ -111.831697, 40.771871 ], [ -111.834077, 40.771816 ], [ -111.838761, 40.772255 ], [ -111.842665, 40.77224 ], [ -111.84315, 40.772245 ], [ -111.843235, 40.772208 ], [ -111.843657, 40.771771 ], [ -111.846489, 40.76751 ], [ -111.847484, 40.766758 ], [ -111.848177, 40.765691 ], [ -111.848423, 40.76454 ] ] ] } },
{ "type": "Feature", "properties": { "group_index": 0, "value": 600.0, "center": [ -111.83660292304567, 40.76441921490632 ], "point_id": 22.0 }, "geometry": { "type": "Polygon", "coordinates": [ [ [ -111.865603, 40.765171 ], [ -111.864162, 40.760262 ], [ -111.862841, 40.757058 ], [ -111.858187, 40.753534 ], [ -111.8564, 40.752348 ], [ -111.85015, 40.746476 ], [ -111.847019, 40.744599 ], [ -111.842577, 40.744948 ], [ -111.83929, 40.745074 ], [ -111.834025, 40.743493 ], [ -111.831006, 40.740831 ], [ -111.830924, 40.740828 ], [ -111.827613, 40.741395 ], [ -111.825994, 40.744352 ], [ -111.820206, 40.747946 ], [ -111.819342, 40.748973 ], [ -111.816813, 40.756418 ], [ -111.816053, 40.758989 ], [ -111.816117, 40.761053 ], [ -111.816593, 40.76139 ], [ -111.817067, 40.761662 ], [ -111.820039, 40.764702 ], [ -111.819611, 40.770764 ], [ -111.818484, 40.772108 ], [ -111.821241, 40.774422 ], [ -111.82159, 40.774566 ], [ -111.822816, 40.774538 ], [ -111.825339, 40.773556 ], [ -111.83298, 40.777068 ], [ -111.83383, 40.778718 ], [ -111.836814, 40.780501 ], [ -111.839889, 40.778977 ], [ -111.845562, 40.777862 ], [ -111.849551, 40.778299 ], [ -111.849983, 40.778405 ], [ -111.85105, 40.778593 ], [ -111.852652, 40.777522 ], [ -111.855096, 40.775728 ], [ -111.858069, 40.773492 ], [ -111.861137, 40.77116 ], [ -111.863103, 40.768986 ], [ -111.864265, 40.767677 ], [ -111.865603, 40.765372 ], [ -111.865603, 40.765171 ] ] ] } },
{ "type": "Feature", "properties": { "group_index": 0, "value": 900.0, "center": [ -111.83660292304567, 40.76441921490632 ], "point_id": 22.0 }, "geometry": { "type": "Polygon", "coordinates": [ [ [ -111.882634, 40.767127 ], [ -111.882163, 40.763211 ], [ -111.878785, 40.756257 ], [ -111.87709, 40.7545 ], [ -111.871906, 40.750348 ], [ -111.871896, 40.750342 ], [ -111.868621, 40.747905 ], [ -111.864252, 40.743509 ], [ -111.860811, 40.739839 ], [ -111.854651, 40.735369 ], [ -111.848667, 40.731689 ], [ -111.848205, 40.731618 ], [ -111.848114, 40.731617 ], [ -111.847797, 40.73162 ], [ -111.847341, 40.731686 ], [ -111.846128, 40.732605 ], [ -111.838289, 40.73182 ], [ -111.83488, 40.730213 ], [ -111.83102, 40.727354 ], [ -111.830909, 40.727354 ], [ -111.830675, 40.727354 ], [ -111.830582, 40.727354 ], [ -111.825199, 40.728859 ], [ -111.819433, 40.729716 ], [ -111.817581, 40.730929 ], [ -111.8159, 40.732305 ], [ -111.811687, 40.739604 ], [ -111.807584, 40.744842 ], [ -111.802654, 40.749992 ], [ -111.802383, 40.753582 ], [ -111.807255, 40.759454 ], [ -111.807792, 40.760974 ], [ -111.81023, 40.763622 ], [ -111.810915, 40.763145 ], [ -111.811391, 40.762866 ], [ -111.814422, 40.7621 ], [ -111.820039, 40.764702 ], [ -111.819611, 40.770764 ], [ -111.818484, 40.772108 ], [ -111.819746, 40.774137 ], [ -111.82159, 40.774566 ], [ -111.827063, 40.780645 ], [ -111.829311, 40.785196 ], [ -111.831005, 40.787676 ], [ -111.83539, 40.787812 ], [ -111.843498, 40.784058 ], [ -111.844456, 40.784219 ], [ -111.848044, 40.785322 ], [ -111.850977, 40.786023 ], [ -111.854002, 40.78442 ], [ -111.860507, 40.785824 ], [ -111.861537, 40.785913 ], [ -111.862072, 40.785914 ], [ -111.866387, 40.783681 ], [ -111.86741, 40.781763 ], [ -111.872905, 40.775765 ], [ -111.874377, 40.774634 ], [ -111.876536, 40.773081 ], [ -111.877388, 40.772365 ], [ -111.880929, 40.768974 ], [ -111.882634, 40.767179 ], [ -111.882634, 40.767127 ] ] ] } },
{ "type": "Feature", "properties": { "group_index": 0, "value": 300.0, "center": [ -111.89681889806727, 40.750438876579956 ], "point_id": 24.0 }, "geometry": { "type": "Polygon", "coordinates": [ [ [ -111.913016, 40.749902 ], [ -111.912995, 40.749306 ], [ -111.912974, 40.749178 ], [ -111.912906, 40.74902 ], [ -111.911709, 40.74771 ], [ -111.907653, 40.744582 ], [ -111.904231, 40.742567 ], [ -111.902482, 40.740724 ], [ -111.901223, 40.739781 ], [ -111.898431, 40.739691 ], [ -111.894729, 40.73957 ], [ -111.894664, 40.739569 ], [ -111.892206, 40.739782 ], [ -111.887879, 40.74307 ], [ -111.88623, 40.744261 ], [ -111.884725, 40.74543 ], [ -111.88371, 40.746211 ], [ -111.881385, 40.747998 ], [ -111.879957, 40.749384 ], [ -111.87985, 40.749815 ], [ -111.87985, 40.749881 ], [ -111.880902, 40.751965 ], [ -111.882668, 40.753755 ], [ -111.885519, 40.755921 ], [ -111.888207, 40.757959 ], [ -111.891656, 40.760567 ], [ -111.89313, 40.761734 ], [ -111.893388, 40.761926 ], [ -111.896837, 40.764492 ], [ -111.896877, 40.764492 ], [ -111.898029, 40.76373 ], [ -111.899944, 40.76227 ], [ -111.902691, 40.760108 ], [ -111.905558, 40.757908 ], [ -111.908332, 40.755921 ], [ -111.91112, 40.753732 ], [ -111.913019, 40.750262 ], [ -111.913016, 40.749902 ] ] ] } },
{ "type": "Feature", "properties": { "group_index": 0, "value": 600.0, "center": [ -111.89681889806727, 40.750438876579956 ], "point_id": 24.0 }, "geometry": { "type": "Polygon", "coordinates": [ [ [ -111.929802, 40.751764 ], [ -111.929337, 40.750286 ], [ -111.928267, 40.74765 ], [ -111.926502, 40.745614 ], [ -111.92377, 40.7432 ], [ -111.918686, 40.738692 ], [ -111.917038, 40.737417 ], [ -111.911443, 40.734008 ], [ -111.908419, 40.731669 ], [ -111.906758, 40.730659 ], [ -111.900719, 40.725996 ], [ -111.894292, 40.725359 ], [ -111.894086, 40.725358 ], [ -111.892453, 40.726118 ], [ -111.887649, 40.729671 ], [ -111.882163, 40.733793 ], [ -111.881125, 40.7346 ], [ -111.875385, 40.738935 ], [ -111.86962, 40.742824 ], [ -111.863595, 40.74799 ], [ -111.862102, 40.749567 ], [ -111.862, 40.749699 ], [ -111.862, 40.749707 ], [ -111.862004, 40.749849 ], [ -111.862005, 40.749852 ], [ -111.863329, 40.752071 ], [ -111.863537, 40.752335 ], [ -111.864859, 40.753772 ], [ -111.870436, 40.758112 ], [ -111.873284, 40.760285 ], [ -111.877912, 40.763835 ], [ -111.881921, 40.766811 ], [ -111.884787, 40.768968 ], [ -111.887778, 40.771205 ], [ -111.890663, 40.773382 ], [ -111.896517, 40.777671 ], [ -111.896854, 40.777827 ], [ -111.896967, 40.777827 ], [ -111.897301, 40.777669 ], [ -111.903301, 40.773255 ], [ -111.906473, 40.770963 ], [ -111.909082, 40.768993 ], [ -111.912029, 40.766795 ], [ -111.918676, 40.761993 ], [ -111.924896, 40.756849 ], [ -111.926102, 40.755903 ], [ -111.927739, 40.754212 ], [ -111.928768, 40.753068 ], [ -111.929803, 40.751833 ], [ -111.929802, 40.751764 ] ] ] } },
{ "type": "Feature", "properties": { "group_index": 0, "value": 900.0, "center": [ -111.89681889806727, 40.750438876579956 ], "point_id": 24.0 }, "geometry": { "type": "Polygon", "coordinates": [ [ [ -111.947034, 40.751118 ], [ -111.947328, 40.749625 ], [ -111.94339, 40.746583 ], [ -111.94097, 40.744743 ], [ -111.936496, 40.73863 ], [ -111.930487, 40.734121 ], [ -111.927215, 40.731285 ], [ -111.922839, 40.728745 ], [ -111.916975, 40.723898 ], [ -111.916898, 40.723894 ], [ -111.916887, 40.723894 ], [ -111.91681, 40.723889 ], [ -111.916137, 40.723839 ], [ -111.90873, 40.719503 ], [ -111.907105, 40.717722 ], [ -111.903563, 40.713851 ], [ -111.903121, 40.713724 ], [ -111.901934, 40.713495 ], [ -111.894264, 40.711685 ], [ -111.894088, 40.711685 ], [ -111.893705, 40.711685 ], [ -111.892617, 40.712507 ], [ -111.891588, 40.713287 ], [ -111.884594, 40.718427 ], [ -111.881378, 40.720564 ], [ -111.874422, 40.72611 ], [ -111.873579, 40.72674 ], [ -111.872337, 40.727674 ], [ -111.869097, 40.730054 ], [ -111.86692, 40.731707 ], [ -111.864333, 40.733658 ], [ -111.859326, 40.737212 ], [ -111.858069, 40.73812 ], [ -111.85319, 40.741809 ], [ -111.849922, 40.744409 ], [ -111.846148, 40.74777 ], [ -111.845935, 40.748009 ], [ -111.845681, 40.748356 ], [ -111.844322, 40.750219 ], [ -111.844329, 40.750248 ], [ -111.850582, 40.756495 ], [ -111.852615, 40.758128 ], [ -111.855582, 40.760361 ], [ -111.861192, 40.764637 ], [ -111.864073, 40.766876 ], [ -111.867782, 40.769682 ], [ -111.874017, 40.774631 ], [ -111.875506, 40.775773 ], [ -111.876981, 40.776908 ], [ -111.882358, 40.781627 ], [ -111.885184, 40.783857 ], [ -111.88861, 40.785955 ], [ -111.896047, 40.787867 ], [ -111.898555, 40.789228 ], [ -111.900061, 40.789544 ], [ -111.900418, 40.789542 ], [ -111.901938, 40.78854 ], [ -111.906983, 40.784112 ], [ -111.909848, 40.781995 ], [ -111.915296, 40.777674 ], [ -111.918283, 40.77548 ], [ -111.921226, 40.773214 ], [ -111.9278, 40.76874 ], [ -111.930321, 40.767355 ], [ -111.933755, 40.764608 ], [ -111.938653, 40.76023 ], [ -111.940354, 40.758504 ], [ -111.94655, 40.75314 ], [ -111.947034, 40.751118 ] ] ] } },
{ "type": "Feature", "properties": { "group_index": 0, "value": 300.0, "center": [ -111.88629828412193, 40.58134447434612 ], "point_id": 0.0 }, "geometry": { "type": "Polygon", "coordinates": [ [ [ -111.901128, 40.580619 ], [ -111.899317, 40.58065 ], [ -111.896341, 40.57659 ], [ -111.895715, 40.574099 ], [ -111.89255, 40.572931 ], [ -111.887089, 40.570865 ], [ -111.886915, 40.570795 ], [ -111.886721, 40.570724 ], [ -111.884428, 40.570499 ], [ -111.884336, 40.570501 ], [ -111.881531, 40.571473 ], [ -111.877622, 40.574757 ], [ -111.876114, 40.576198 ], [ -111.872585, 40.578819 ], [ -111.871131, 40.580404 ], [ -111.87113, 40.580613 ], [ -111.871605, 40.581256 ], [ -111.872674, 40.582677 ], [ -111.87573, 40.584921 ], [ -111.879416, 40.587792 ], [ -111.880146, 40.58901 ], [ -111.880437, 40.589257 ], [ -111.883215, 40.591309 ], [ -111.885509, 40.591801 ], [ -111.8876, 40.591431 ], [ -111.89141, 40.590512 ], [ -111.892455, 40.589795 ], [ -111.893957, 40.588092 ], [ -111.894546, 40.58725 ], [ -111.894578, 40.587124 ], [ -111.894791, 40.585804 ], [ -111.895954, 40.58263 ], [ -111.901117, 40.58097 ], [ -111.901128, 40.580619 ] ] ] } },
{ "type": "Feature", "properties": { "group_index": 0, "value": 600.0, "center": [ -111.88629828412193, 40.58134447434612 ], "point_id": 0.0 }, "geometry": { "type": "Polygon", "coordinates": [ [ [ -111.911829, 40.587651 ], [ -111.910203, 40.585939 ], [ -111.907304, 40.583626 ], [ -111.905752, 40.582094 ], [ -111.905472, 40.582099 ], [ -111.901128, 40.580619 ], [ -111.900927, 40.573913 ], [ -111.902597, 40.572229 ], [ -111.903752, 40.57166 ], [ -111.904147, 40.571511 ], [ -111.905135, 40.569449 ], [ -111.90513, 40.569239 ], [ -111.904089, 40.567911 ], [ -111.902125, 40.566191 ], [ -111.899512, 40.564114 ], [ -111.897871, 40.562804 ], [ -111.892702, 40.55886 ], [ -111.89044, 40.558012 ], [ -111.890245, 40.558013 ], [ -111.882325, 40.558594 ], [ -111.878811, 40.559377 ], [ -111.875848, 40.562328 ], [ -111.874682, 40.563415 ], [ -111.870847, 40.566084 ], [ -111.866141, 40.567785 ], [ -111.866042, 40.567845 ], [ -111.864269, 40.568953 ], [ -111.864096, 40.56921 ], [ -111.858999, 40.57574 ], [ -111.856093, 40.578024 ], [ -111.855485, 40.578674 ], [ -111.854208, 40.580109 ], [ -111.854208, 40.580483 ], [ -111.854373, 40.58111 ], [ -111.854688, 40.5819 ], [ -111.854783, 40.582037 ], [ -111.856919, 40.583495 ], [ -111.858725, 40.584677 ], [ -111.86398, 40.590476 ], [ -111.87054, 40.59572 ], [ -111.871854, 40.596823 ], [ -111.877488, 40.600469 ], [ -111.880891, 40.603067 ], [ -111.886984, 40.605831 ], [ -111.887128, 40.605828 ], [ -111.891693, 40.603736 ], [ -111.897737, 40.599606 ], [ -111.901284, 40.597152 ], [ -111.902467, 40.596074 ], [ -111.906294, 40.592597 ], [ -111.910203, 40.589539 ], [ -111.911831, 40.587697 ], [ -111.911829, 40.587651 ] ] ] } },
{ "type": "Feature", "properties": { "group_index": 0, "value": 900.0, "center": [ -111.88629828412193, 40.58134447434612 ], "point_id": 0.0 }, "geometry": { "type": "Polygon", "coordinates": [ [ [ -111.929485, 40.587949 ], [ -111.927899, 40.586012 ], [ -111.924148, 40.583086 ], [ -111.923119, 40.582205 ], [ -111.92097, 40.574208 ], [ -111.92137, 40.572343 ], [ -111.921465, 40.571689 ], [ -111.921466, 40.571671 ], [ -111.920694, 40.570619 ], [ -111.919658, 40.56985 ], [ -111.919634, 40.569851 ], [ -111.915728, 40.56929 ], [ -111.909338, 40.570128 ], [ -111.905578, 40.566131 ], [ -111.907979, 40.560641 ], [ -111.908027, 40.557041 ], [ -111.904983, 40.55442 ], [ -111.897355, 40.550016 ], [ -111.895996, 40.548239 ], [ -111.891003, 40.544234 ], [ -111.890942, 40.544234 ], [ -111.883782, 40.546212 ], [ -111.88042, 40.545417 ], [ -111.876909, 40.545833 ], [ -111.871611, 40.550013 ], [ -111.870377, 40.551454 ], [ -111.868469, 40.553691 ], [ -111.861444, 40.556859 ], [ -111.860995, 40.556906 ], [ -111.854966, 40.560476 ], [ -111.852538, 40.561738 ], [ -111.848301, 40.5646 ], [ -111.848023, 40.565117 ], [ -111.847974, 40.56525 ], [ -111.845928, 40.572862 ], [ -111.843055, 40.5746 ], [ -111.842914, 40.574669 ], [ -111.841679, 40.575371 ], [ -111.839279, 40.576486 ], [ -111.837746, 40.577698 ], [ -111.836038, 40.580329 ], [ -111.836037, 40.580392 ], [ -111.837732, 40.582225 ], [ -111.842511, 40.58753 ], [ -111.847791, 40.58993 ], [ -111.850854, 40.594922 ], [ -111.851418, 40.595968 ], [ -111.852102, 40.59683 ], [ -111.854382, 40.599116 ], [ -111.855524, 40.59997 ], [ -111.862159, 40.603129 ], [ -111.866241, 40.60714 ], [ -111.869098, 40.609503 ], [ -111.869995, 40.610185 ], [ -111.87152, 40.611334 ], [ -111.872201, 40.61172 ], [ -111.878786, 40.613742 ], [ -111.879049, 40.613742 ], [ -111.87905, 40.613742 ], [ -111.879313, 40.613743 ], [ -111.887851, 40.615696 ], [ -111.889407, 40.616903 ], [ -111.890654, 40.617826 ], [ -111.890676, 40.617827 ], [ -111.891975, 40.616889 ], [ -111.898248, 40.612722 ], [ -111.90173, 40.610187 ], [ -111.905348, 40.607726 ], [ -111.910627, 40.605485 ], [ -111.916934, 40.600983 ], [ -111.917179, 40.598817 ], [ -111.922489, 40.593483 ], [ -111.925596, 40.591091 ], [ -111.927954, 40.589653 ], [ -111.929485, 40.587975 ], [ -111.929485, 40.587949 ] ] ] } },
{ "type": "Feature", "properties": { "group_index": 0, "value": 300.0, "center": [ -111.90631877999938, 40.76501345092408 ], "point_id": 0.0 }, "geometry": { "type": "Polygon", "coordinates": [ [ [ -111.92244, 40.763178 ], [ -111.921033, 40.762104 ], [ -111.916845, 40.758991 ], [ -111.916819, 40.758991 ], [ -111.913904, 40.758761 ], [ -111.909845, 40.755664 ], [ -111.909975, 40.754111 ], [ -111.909974, 40.754002 ], [ -111.908333, 40.752321 ], [ -111.908189, 40.75232 ], [ -111.908039, 40.75232 ], [ -111.902437, 40.754333 ], [ -111.899554, 40.756164 ], [ -111.898862, 40.756606 ], [ -111.895899, 40.758917 ], [ -111.893019, 40.761082 ], [ -111.890364, 40.76323 ], [ -111.889227, 40.764607 ], [ -111.889119, 40.765055 ], [ -111.889118, 40.765085 ], [ -111.889384, 40.76559 ], [ -111.890513, 40.766827 ], [ -111.893315, 40.769021 ], [ -111.895954, 40.771211 ], [ -111.898608, 40.77338 ], [ -111.898934, 40.77363 ], [ -111.902125, 40.775694 ], [ -111.902234, 40.775694 ], [ -111.903615, 40.775499 ], [ -111.908461, 40.77622 ], [ -111.908741, 40.77622 ], [ -111.910058, 40.775531 ], [ -111.91386, 40.773218 ], [ -111.918265, 40.770163 ], [ -111.922442, 40.766778 ], [ -111.92244, 40.763178 ] ] ] } },
{ "type": "Feature", "properties": { "group_index": 0, "value": 600.0, "center": [ -111.90631877999938, 40.76501345092408 ], "point_id": 0.0 }, "geometry": { "type": "Polygon", "coordinates": [ [ [ -111.94044, 40.763153 ], [ -111.93459, 40.758843 ], [ -111.930561, 40.755577 ], [ -111.928946, 40.754488 ], [ -111.923122, 40.749479 ], [ -111.915878, 40.74443 ], [ -111.910815, 40.741175 ], [ -111.910733, 40.741189 ], [ -111.903626, 40.744213 ], [ -111.899811, 40.742641 ], [ -111.899804, 40.742641 ], [ -111.899566, 40.742642 ], [ -111.899564, 40.742642 ], [ -111.895826, 40.745429 ], [ -111.892563, 40.74782 ], [ -111.892304, 40.748014 ], [ -111.886591, 40.75232 ], [ -111.882321, 40.75539 ], [ -111.881745, 40.755817 ], [ -111.880585, 40.756687 ], [ -111.875211, 40.761033 ], [ -111.872762, 40.7632 ], [ -111.871251, 40.764978 ], [ -111.87125, 40.765052 ], [ -111.872758, 40.7668 ], [ -111.875506, 40.768971 ], [ -111.881981, 40.774647 ], [ -111.885287, 40.778135 ], [ -111.892295, 40.782518 ], [ -111.896225, 40.785107 ], [ -111.8999, 40.788014 ], [ -111.900899, 40.788541 ], [ -111.901666, 40.78854 ], [ -111.90417, 40.788512 ], [ -111.904233, 40.788511 ], [ -111.909508, 40.78562 ], [ -111.91388, 40.786527 ], [ -111.913982, 40.786527 ], [ -111.914307, 40.786361 ], [ -111.917239, 40.78418 ], [ -111.920132, 40.782008 ], [ -111.922997, 40.779825 ], [ -111.924435, 40.778744 ], [ -111.925836, 40.777683 ], [ -111.932446, 40.773225 ], [ -111.937096, 40.766782 ], [ -111.940471, 40.766753 ], [ -111.94044, 40.763153 ] ] ] } },
{ "type": "Feature", "properties": { "group_index": 0, "value": 900.0, "center": [ -111.90631877999938, 40.76501345092408 ], "point_id": 0.0 }, "geometry": { "type": "Polygon", "coordinates": [ [ [ -111.949618, 40.769515 ], [ -111.948331, 40.768402 ], [ -111.951676, 40.760239 ], [ -111.951671, 40.756639 ], [ -111.949058, 40.756735 ], [ -111.948088, 40.756643 ], [ -111.940837, 40.75305 ], [ -111.940813, 40.749898 ], [ -111.940827, 40.74945 ], [ -111.939226, 40.748118 ], [ -111.935708, 40.745489 ], [ -111.931761, 40.741902 ], [ -111.931413, 40.741615 ], [ -111.927053, 40.738654 ], [ -111.921416, 40.734222 ], [ -111.920314, 40.733352 ], [ -111.917635, 40.731505 ], [ -111.912144, 40.728317 ], [ -111.911246, 40.72832 ], [ -111.909374, 40.729385 ], [ -111.905643, 40.730664 ], [ -111.899402, 40.729984 ], [ -111.898711, 40.729987 ], [ -111.893819, 40.733329 ], [ -111.889647, 40.736461 ], [ -111.885182, 40.739828 ], [ -111.881818, 40.742283 ], [ -111.880764, 40.743071 ], [ -111.877017, 40.745878 ], [ -111.871282, 40.750166 ], [ -111.865645, 40.754516 ], [ -111.860202, 40.758859 ], [ -111.857418, 40.761041 ], [ -111.854977, 40.763209 ], [ -111.853515, 40.764748 ], [ -111.853515, 40.764856 ], [ -111.854014, 40.765582 ], [ -111.854974, 40.766809 ], [ -111.857716, 40.768978 ], [ -111.864166, 40.774634 ], [ -111.865628, 40.775753 ], [ -111.868618, 40.778023 ], [ -111.870106, 40.779148 ], [ -111.873019, 40.781429 ], [ -111.879174, 40.787594 ], [ -111.882425, 40.789688 ], [ -111.884531, 40.790944 ], [ -111.886733, 40.79088 ], [ -111.886879, 40.790863 ], [ -111.88814, 40.790684 ], [ -111.888483, 40.790611 ], [ -111.890587, 40.789464 ], [ -111.89821, 40.791981 ], [ -111.903583, 40.796616 ], [ -111.905907, 40.798462 ], [ -111.908232, 40.800307 ], [ -111.915365, 40.797606 ], [ -111.9188, 40.796639 ], [ -111.924583, 40.793206 ], [ -111.929093, 40.789617 ], [ -111.934839, 40.785538 ], [ -111.939703, 40.782978 ], [ -111.94113, 40.782016 ], [ -111.944059, 40.778088 ], [ -111.947833, 40.774792 ], [ -111.950168, 40.773073 ], [ -111.949618, 40.769515 ] ] ] } },
{ "type": "Feature", "properties": { "group_index": 0, "value": 300.0, "center": [ -111.90827468361964, 40.76214215296005 ], "point_id": 0.0 }, "geometry": { "type": "Polygon", "coordinates": [ [ [ -111.921299, 40.765023 ], [ -111.919657, 40.76318 ], [ -111.916891, 40.761175 ], [ -111.915294, 40.758784 ], [ -111.912904, 40.757684 ], [ -111.911163, 40.752063 ], [ -111.911165, 40.751966 ], [ -111.909529, 40.750133 ], [ -111.909364, 40.750134 ], [ -111.906705, 40.750138 ], [ -111.902337, 40.753484 ], [ -111.897927, 40.756673 ], [ -111.895126, 40.758915 ], [ -111.894626, 40.759592 ], [ -111.894471, 40.759991 ], [ -111.894471, 40.760126 ], [ -111.895119, 40.762515 ], [ -111.896061, 40.764677 ], [ -111.897215, 40.766795 ], [ -111.899808, 40.768976 ], [ -111.904015, 40.772172 ], [ -111.908232, 40.775339 ], [ -111.908249, 40.775338 ], [ -111.908265, 40.775338 ], [ -111.908281, 40.775338 ], [ -111.911063, 40.77324 ], [ -111.913672, 40.771192 ], [ -111.916815, 40.768956 ], [ -111.918249, 40.767868 ], [ -111.919674, 40.76678 ], [ -111.921296, 40.765091 ], [ -111.921299, 40.765023 ] ] ] } },
{ "type": "Feature", "properties": { "group_index": 0, "value": 600.0, "center": [ -111.90827468361964, 40.76214215296005 ], "point_id": 0.0 }, "geometry": { "type": "Polygon", "coordinates": [ [ [ -111.938044, 40.763174 ], [ -111.933041, 40.758843 ], [ -111.931655, 40.757746 ], [ -111.927882, 40.750435 ], [ -111.927163, 40.749467 ], [ -111.923361, 40.745756 ], [ -111.918383, 40.74316 ], [ -111.9153, 40.740863 ], [ -111.911151, 40.73808 ], [ -111.910995, 40.738078 ], [ -111.905274, 40.739604 ], [ -111.897867, 40.743672 ], [ -111.893827, 40.746199 ], [ -111.891559, 40.747902 ], [ -111.885689, 40.752321 ], [ -111.882025, 40.755061 ], [ -111.87986, 40.756687 ], [ -111.877306, 40.758958 ], [ -111.876408, 40.761329 ], [ -111.876408, 40.761422 ], [ -111.878056, 40.765096 ], [ -111.878222, 40.765276 ], [ -111.879674, 40.766811 ], [ -111.882432, 40.768974 ], [ -111.887255, 40.773026 ], [ -111.891944, 40.776891 ], [ -111.899008, 40.782017 ], [ -111.901954, 40.784168 ], [ -111.902385, 40.784352 ], [ -111.908863, 40.785386 ], [ -111.914072, 40.784346 ], [ -111.914511, 40.78415 ], [ -111.920201, 40.779826 ], [ -111.923057, 40.777688 ], [ -111.928904, 40.773223 ], [ -111.930509, 40.771607 ], [ -111.938076, 40.766774 ], [ -111.938044, 40.763174 ] ] ] } },
{ "type": "Feature", "properties": { "group_index": 0, "value": 900.0, "center": [ -111.90827468361964, 40.76214215296005 ], "point_id": 0.0 }, "geometry": { "type": "Polygon", "coordinates": [ [ [ -111.94787, 40.771859 ], [ -111.9478, 40.771014 ], [ -111.946668, 40.769629 ], [ -111.94656, 40.769545 ], [ -111.947639, 40.760704 ], [ -111.950118, 40.760241 ], [ -111.950114, 40.756641 ], [ -111.944976, 40.749444 ], [ -111.941155, 40.746483 ], [ -111.939577, 40.745402 ], [ -111.934083, 40.740586 ], [ -111.928811, 40.736839 ], [ -111.926427, 40.735037 ], [ -111.922043, 40.731706 ], [ -111.917207, 40.728079 ], [ -111.913037, 40.726239 ], [ -111.909636, 40.726117 ], [ -111.909375, 40.726188 ], [ -111.903769, 40.729224 ], [ -111.89986, 40.728402 ], [ -111.899859, 40.728402 ], [ -111.899807, 40.728402 ], [ -111.899712, 40.728404 ], [ -111.899164, 40.7288 ], [ -111.892901, 40.733334 ], [ -111.890675, 40.734969 ], [ -111.884281, 40.739826 ], [ -111.883055, 40.740747 ], [ -111.881071, 40.742281 ], [ -111.877893, 40.744657 ], [ -111.872765, 40.748183 ], [ -111.870474, 40.750167 ], [ -111.864909, 40.75452 ], [ -111.861616, 40.756829 ], [ -111.860781, 40.758307 ], [ -111.860476, 40.762697 ], [ -111.860474, 40.762731 ], [ -111.860473, 40.762742 ], [ -111.860445, 40.765164 ], [ -111.860445, 40.765172 ], [ -111.860672, 40.765554 ], [ -111.861842, 40.766873 ], [ -111.864618, 40.768983 ], [ -111.870991, 40.774635 ], [ -111.872454, 40.775761 ], [ -111.873951, 40.776898 ], [ -111.875452, 40.778039 ], [ -111.876952, 40.779169 ], [ -111.881812, 40.785368 ], [ -111.886235, 40.786592 ], [ -111.895027, 40.7882 ], [ -111.900214, 40.792015 ], [ -111.902438, 40.795551 ], [ -111.902873, 40.79602 ], [ -111.903501, 40.796549 ], [ -111.908501, 40.792951 ], [ -111.912994, 40.79423 ], [ -111.91436, 40.795143 ], [ -111.918815, 40.79501 ], [ -111.923481, 40.792022 ], [ -111.929858, 40.786945 ], [ -111.93473, 40.783525 ], [ -111.938188, 40.781998 ], [ -111.939783, 40.779786 ], [ -111.941216, 40.777946 ], [ -111.946359, 40.773534 ], [ -111.946764, 40.773228 ], [ -111.947866, 40.772039 ], [ -111.94787, 40.771859 ] ] ] } },
{ "type": "Feature", "properties": { "group_index": 0, "value": 300.0, "center": [ -111.90253086847164, 40.7664523743043 ], "point_id": 0.0 }, "geometry": { "type": "Polygon", "coordinates": [ [ [ -111.917317, 40.764953 ], [ -111.915677, 40.763194 ], [ -111.912034, 40.761024 ], [ -111.910577, 40.758821 ], [ -111.907071, 40.756933 ], [ -111.904278, 40.7549 ], [ -111.902235, 40.753476 ], [ -111.902059, 40.753463 ], [ -111.897605, 40.756675 ], [ -111.895634, 40.758177 ], [ -111.892752, 40.76032 ], [ -111.891773, 40.761081 ], [ -111.889402, 40.762964 ], [ -111.887546, 40.765085 ], [ -111.887548, 40.765173 ], [ -111.889208, 40.76684 ], [ -111.891383, 40.771213 ], [ -111.89406, 40.773372 ], [ -111.896809, 40.77534 ], [ -111.899729, 40.777662 ], [ -111.90251, 40.779688 ], [ -111.902528, 40.779688 ], [ -111.902532, 40.779688 ], [ -111.902549, 40.779688 ], [ -111.90574, 40.777651 ], [ -111.90833, 40.775338 ], [ -111.911212, 40.77324 ], [ -111.913684, 40.771193 ], [ -111.915679, 40.766794 ], [ -111.917208, 40.765205 ], [ -111.917317, 40.765029 ], [ -111.917317, 40.764953 ] ] ] } },
{ "type": "Feature", "properties": { "group_index": 0, "value": 600.0, "center": [ -111.90253086847164, 40.7664523743043 ], "point_id": 0.0 }, "geometry": { "type": "Polygon", "coordinates": [ [ [ -111.934921, 40.764897 ], [ -111.93492, 40.764876 ], [ -111.93492, 40.764868 ], [ -111.930634, 40.761006 ], [ -111.927933, 40.758845 ], [ -111.926544, 40.757738 ], [ -111.925119, 40.756665 ], [ -111.919634, 40.752521 ], [ -111.91345, 40.747714 ], [ -111.907131, 40.743919 ], [ -111.904988, 40.743046 ], [ -111.899812, 40.741691 ], [ -111.899802, 40.741691 ], [ -111.899617, 40.741736 ], [ -111.896736, 40.743809 ], [ -111.893477, 40.746201 ], [ -111.891108, 40.748014 ], [ -111.88928, 40.749409 ], [ -111.882474, 40.754351 ], [ -111.881078, 40.755386 ], [ -111.879338, 40.756687 ], [ -111.873946, 40.761033 ], [ -111.870171, 40.764225 ], [ -111.869941, 40.764836 ], [ -111.869941, 40.764862 ], [ -111.870385, 40.76551 ], [ -111.874131, 40.770603 ], [ -111.875764, 40.772909 ], [ -111.877446, 40.774626 ], [ -111.882828, 40.7798 ], [ -111.888291, 40.783337 ], [ -111.893716, 40.785991 ], [ -111.899196, 40.790965 ], [ -111.900083, 40.791798 ], [ -111.902019, 40.792583 ], [ -111.902057, 40.792573 ], [ -111.90619, 40.789797 ], [ -111.907213, 40.788719 ], [ -111.914739, 40.784166 ], [ -111.917546, 40.782012 ], [ -111.923204, 40.777688 ], [ -111.928667, 40.773504 ], [ -111.929018, 40.773224 ], [ -111.930373, 40.771702 ], [ -111.934922, 40.764906 ], [ -111.934921, 40.764897 ] ] ] } },
{ "type": "Feature", "properties": { "group_index": 0, "value": 900.0, "center": [ -111.90253086847164, 40.7664523743043 ], "point_id": 0.0 }, "geometry": { "type": "Polygon", "coordinates": [ [ [ -111.948593, 40.771396 ], [ -111.948593, 40.771393 ], [ -111.948592, 40.771365 ], [ -111.946805, 40.769626 ], [ -111.946674, 40.769541 ], [ -111.943874, 40.767562 ], [ -111.945485, 40.760276 ], [ -111.945291, 40.758373 ], [ -111.944909, 40.756722 ], [ -111.940808, 40.755454 ], [ -111.935312, 40.750784 ], [ -111.934144, 40.749461 ], [ -111.932833, 40.748465 ], [ -111.931763, 40.747647 ], [ -111.931541, 40.747476 ], [ -111.92504, 40.742397 ], [ -111.920401, 40.738688 ], [ -111.918702, 40.737402 ], [ -111.911968, 40.733237 ], [ -111.907139, 40.731618 ], [ -111.901112, 40.728941 ], [ -111.900219, 40.728551 ], [ -111.899713, 40.728404 ], [ -111.89964, 40.728403 ], [ -111.899375, 40.728535 ], [ -111.892586, 40.733336 ], [ -111.890346, 40.73497 ], [ -111.883929, 40.739826 ], [ -111.880579, 40.742278 ], [ -111.873358, 40.747347 ], [ -111.869952, 40.750168 ], [ -111.867282, 40.752337 ], [ -111.860735, 40.756767 ], [ -111.85615, 40.761039 ], [ -111.853732, 40.763213 ], [ -111.85209, 40.76487 ], [ -111.852088, 40.76499 ], [ -111.852089, 40.765059 ], [ -111.852092, 40.765179 ], [ -111.856269, 40.770541 ], [ -111.857907, 40.772834 ], [ -111.859621, 40.774631 ], [ -111.86109, 40.775744 ], [ -111.863307, 40.777406 ], [ -111.865565, 40.779142 ], [ -111.866337, 40.779722 ], [ -111.867064, 40.780273 ], [ -111.868516, 40.781411 ], [ -111.869983, 40.78254 ], [ -111.871417, 40.783696 ], [ -111.872878, 40.784802 ], [ -111.876959, 40.790822 ], [ -111.881, 40.792951 ], [ -111.887114, 40.793596 ], [ -111.887224, 40.793583 ], [ -111.889197, 40.79323 ], [ -111.889344, 40.793158 ], [ -111.891949, 40.792119 ], [ -111.900157, 40.794061 ], [ -111.900909, 40.79468 ], [ -111.903583, 40.796616 ], [ -111.905665, 40.798487 ], [ -111.907336, 40.799819 ], [ -111.910023, 40.801795 ], [ -111.911299, 40.802824 ], [ -111.913228, 40.802115 ], [ -111.918674, 40.795202 ], [ -111.922448, 40.792856 ], [ -111.923482, 40.792126 ], [ -111.924417, 40.791358 ], [ -111.926652, 40.789521 ], [ -111.930005, 40.786945 ], [ -111.934636, 40.783701 ], [ -111.938273, 40.781999 ], [ -111.939989, 40.779742 ], [ -111.941258, 40.777947 ], [ -111.947168, 40.773445 ], [ -111.947219, 40.773402 ], [ -111.948593, 40.771424 ], [ -111.948593, 40.771396 ] ] ] } },
{ "type": "Feature", "properties": { "group_index": 0, "value": 300.0, "center": [ -111.98053208434068, 40.783551955996074 ], "point_id": 0.0 }, "geometry": { "type": "Polygon", "coordinates": [ [ [ -111.986984, 40.785798 ], [ -111.986944, 40.785462 ], [ -111.986369, 40.783794 ], [ -111.986973, 40.779137 ], [ -111.98748, 40.778186 ], [ -111.987529, 40.777592 ], [ -111.987261, 40.776264 ], [ -111.984628, 40.772589 ], [ -111.984484, 40.772437 ], [ -111.983448, 40.771588 ], [ -111.979229, 40.77071 ], [ -111.976704, 40.77055 ], [ -111.974571, 40.77345 ], [ -111.974891, 40.773686 ], [ -111.975295, 40.773928 ], [ -111.977425, 40.775585 ], [ -111.977603, 40.780204 ], [ -111.978738, 40.783884 ], [ -111.978749, 40.783918 ], [ -111.97892, 40.784367 ], [ -111.978966, 40.78446 ], [ -111.979304, 40.784935 ], [ -111.979514, 40.785147 ], [ -111.979796, 40.785379 ], [ -111.9799, 40.785448 ], [ -111.980146, 40.785585 ], [ -111.983664, 40.787581 ], [ -111.985641, 40.787621 ], [ -111.986403, 40.787571 ], [ -111.986608, 40.787386 ], [ -111.986984, 40.785798 ] ] ] } },
{ "type": "Feature", "properties": { "group_index": 0, "value": 600.0, "center": [ -111.98053208434068, 40.783551955996074 ], "point_id": 0.0 }, "geometry": { "type": "Polygon", "coordinates": [ [ [ -111.99291, 40.77748 ], [ -111.995064, 40.771717 ], [ -111.994828, 40.768939 ], [ -111.994567, 40.768814 ], [ -111.992808, 40.768911 ], [ -111.984517, 40.767606 ], [ -111.983753, 40.766862 ], [ -111.98249, 40.766029 ], [ -111.981207, 40.766114 ], [ -111.973576, 40.769564 ], [ -111.971154, 40.76961 ], [ -111.964612, 40.767319 ], [ -111.96413, 40.767097 ], [ -111.963745, 40.766962 ], [ -111.963178, 40.766824 ], [ -111.962627, 40.766771 ], [ -111.960641, 40.766802 ], [ -111.960204, 40.766898 ], [ -111.959677, 40.767101 ], [ -111.95934, 40.767303 ], [ -111.958861, 40.76774 ], [ -111.958401, 40.768555 ], [ -111.958279, 40.769229 ], [ -111.958269, 40.770552 ], [ -111.966674, 40.772701 ], [ -111.967264, 40.772968 ], [ -111.967859, 40.773149 ], [ -111.968592, 40.773247 ], [ -111.971223, 40.773209 ], [ -111.975295, 40.773928 ], [ -111.977603, 40.780204 ], [ -111.978738, 40.783884 ], [ -111.978749, 40.783918 ], [ -111.97892, 40.784367 ], [ -111.978966, 40.78446 ], [ -111.979304, 40.784935 ], [ -111.984431, 40.790928 ], [ -111.985602, 40.790855 ], [ -111.990949, 40.787918 ], [ -111.993147, 40.782882 ], [ -111.99291, 40.77748 ] ] ] } },
{ "type": "Feature", "properties": { "group_index": 0, "value": 900.0, "center": [ -111.98053208434068, 40.783551955996074 ], "point_id": 0.0 }, "geometry": { "type": "Polygon", "coordinates": [ [ [ -112.009321, 40.773761 ], [ -112.008154, 40.771725 ], [ -112.006411, 40.770553 ], [ -111.997806, 40.768502 ], [ -111.996686, 40.768445 ], [ -111.99485, 40.768432 ], [ -111.989765, 40.768683 ], [ -111.98249, 40.766029 ], [ -111.976652, 40.766067 ], [ -111.974553, 40.766973 ], [ -111.971154, 40.76961 ], [ -111.964612, 40.767319 ], [ -111.96413, 40.767097 ], [ -111.963745, 40.766962 ], [ -111.963178, 40.766824 ], [ -111.957598, 40.764817 ], [ -111.956703, 40.764903 ], [ -111.954074, 40.765488 ], [ -111.951825, 40.766189 ], [ -111.951705, 40.766244 ], [ -111.94666, 40.768843 ], [ -111.945461, 40.769562 ], [ -111.945127, 40.769836 ], [ -111.943401, 40.771357 ], [ -111.94339, 40.771427 ], [ -111.945046, 40.773435 ], [ -111.946639, 40.774662 ], [ -111.953474, 40.779655 ], [ -111.953538, 40.779656 ], [ -111.955616, 40.778143 ], [ -111.958078, 40.771696 ], [ -111.966674, 40.772701 ], [ -111.967264, 40.772968 ], [ -111.967859, 40.773149 ], [ -111.968592, 40.773247 ], [ -111.971223, 40.773209 ], [ -111.975295, 40.773928 ], [ -111.977603, 40.780204 ], [ -111.978738, 40.783884 ], [ -111.978749, 40.783918 ], [ -111.97892, 40.784367 ], [ -111.978966, 40.78446 ], [ -111.979304, 40.784935 ], [ -111.984431, 40.790928 ], [ -111.985602, 40.790855 ], [ -111.990949, 40.787918 ], [ -111.993147, 40.782882 ], [ -111.999934, 40.783434 ], [ -112.003511, 40.78303 ], [ -112.008154, 40.775325 ], [ -112.00932, 40.773909 ], [ -112.009321, 40.773761 ] ] ] } },
{ "type": "Feature", "properties": { "group_index": 0, "value": 300.0, "center": [ -111.93392958311469, 40.77152308625753 ], "point_id": 0.0 }, "geometry": { "type": "Polygon", "coordinates": [ [ [ -111.950241, 40.769265 ], [ -111.947834, 40.767721 ], [ -111.945025, 40.765548 ], [ -111.940817, 40.762989 ], [ -111.937218, 40.763077 ], [ -111.937237, 40.76386 ], [ -111.937224, 40.767395 ], [ -111.933045, 40.769175 ], [ -111.927731, 40.766889 ], [ -111.924657, 40.764802 ], [ -111.924611, 40.764869 ], [ -111.922414, 40.767419 ], [ -111.919904, 40.768641 ], [ -111.918186, 40.769271 ], [ -111.917812, 40.769539 ], [ -111.916058, 40.771326 ], [ -111.916058, 40.771356 ], [ -111.917596, 40.773429 ], [ -111.918814, 40.774168 ], [ -111.919503, 40.774168 ], [ -111.921494, 40.773232 ], [ -111.925592, 40.775088 ], [ -111.927738, 40.77672 ], [ -111.92859, 40.77692 ], [ -111.933891, 40.779666 ], [ -111.937866, 40.781017 ], [ -111.938007, 40.781014 ], [ -111.9385, 40.780935 ], [ -111.94047, 40.780417 ], [ -111.941368, 40.779958 ], [ -111.944104, 40.778087 ], [ -111.9476, 40.775413 ], [ -111.951131, 40.772753 ], [ -111.950241, 40.769265 ] ] ] } },
{ "type": "Feature", "properties": { "group_index": 0, "value": 600.0, "center": [ -111.93392958311469, 40.77152308625753 ], "point_id": 0.0 }, "geometry": { "type": "Polygon", "coordinates": [ [ [ -111.963737, 40.76696 ], [ -111.963462, 40.766881 ], [ -111.962841, 40.766783 ], [ -111.960973, 40.766771 ], [ -111.958193, 40.766484 ], [ -111.95294, 40.760238 ], [ -111.952939, 40.756638 ], [ -111.952512, 40.756638 ], [ -111.950189, 40.756641 ], [ -111.948088, 40.756643 ], [ -111.941181, 40.753049 ], [ -111.941171, 40.749449 ], [ -111.93946, 40.748131 ], [ -111.939111, 40.748112 ], [ -111.938101, 40.748059 ], [ -111.9354, 40.750457 ], [ -111.934215, 40.751376 ], [ -111.932992, 40.752299 ], [ -111.925154, 40.753246 ], [ -111.924639, 40.753226 ], [ -111.924295, 40.753227 ], [ -111.92078, 40.754028 ], [ -111.92005, 40.754461 ], [ -111.916369, 40.75685 ], [ -111.914028, 40.758902 ], [ -111.908353, 40.763287 ], [ -111.90238, 40.76771 ], [ -111.899762, 40.769716 ], [ -111.898104, 40.771606 ], [ -111.898104, 40.771618 ], [ -111.898105, 40.77164 ], [ -111.898106, 40.771651 ], [ -111.899778, 40.773315 ], [ -111.905172, 40.777689 ], [ -111.906781, 40.779251 ], [ -111.911406, 40.782481 ], [ -111.916812, 40.78636 ], [ -111.91889, 40.78772 ], [ -111.920029, 40.788429 ], [ -111.920087, 40.788429 ], [ -111.920097, 40.788429 ], [ -111.920154, 40.788429 ], [ -111.925075, 40.788523 ], [ -111.933539, 40.791475 ], [ -111.936475, 40.792852 ], [ -111.93939, 40.793999 ], [ -111.939754, 40.793996 ], [ -111.941796, 40.792977 ], [ -111.94661, 40.790221 ], [ -111.951113, 40.786557 ], [ -111.956213, 40.780994 ], [ -111.957852, 40.779414 ], [ -111.959041, 40.777888 ], [ -111.959979, 40.776114 ], [ -111.962743, 40.77042 ], [ -111.963737, 40.76696 ] ] ] } },
{ "type": "Feature", "properties": { "group_index": 0, "value": 900.0, "center": [ -111.93392958311469, 40.77152308625753 ], "point_id": 0.0 }, "geometry": { "type": "Polygon", "coordinates": [ [ [ -111.979926, 40.771912 ], [ -111.979414, 40.770755 ], [ -111.979229, 40.77071 ], [ -111.978267, 40.77066 ], [ -111.974503, 40.769507 ], [ -111.973486, 40.769568 ], [ -111.971154, 40.76961 ], [ -111.968288, 40.769492 ], [ -111.96662, 40.768493 ], [ -111.970085, 40.760495 ], [ -111.970212, 40.760495 ], [ -111.97075, 40.760193 ], [ -111.97188, 40.758759 ], [ -111.971879, 40.758663 ], [ -111.971444, 40.757737 ], [ -111.970746, 40.756593 ], [ -111.968578, 40.755228 ], [ -111.968043, 40.755128 ], [ -111.967049, 40.755128 ], [ -111.961796, 40.753773 ], [ -111.959873, 40.749507 ], [ -111.959871, 40.749142 ], [ -111.958646, 40.747789 ], [ -111.958163, 40.747714 ], [ -111.955725, 40.747572 ], [ -111.955374, 40.74753 ], [ -111.947418, 40.747572 ], [ -111.946598, 40.74048 ], [ -111.946598, 40.740339 ], [ -111.946083, 40.739581 ], [ -111.944983, 40.738685 ], [ -111.941233, 40.736005 ], [ -111.94123, 40.736005 ], [ -111.937176, 40.736091 ], [ -111.935303, 40.736965 ], [ -111.932941, 40.738636 ], [ -111.925951, 40.74051 ], [ -111.92289, 40.741227 ], [ -111.921728, 40.741561 ], [ -111.916634, 40.743745 ], [ -111.915483, 40.74435 ], [ -111.909855, 40.748069 ], [ -111.909735, 40.748164 ], [ -111.904775, 40.75233 ], [ -111.900787, 40.755178 ], [ -111.896137, 40.758917 ], [ -111.893238, 40.761082 ], [ -111.887406, 40.765438 ], [ -111.886167, 40.766442 ], [ -111.883323, 40.76876 ], [ -111.881669, 40.770172 ], [ -111.881664, 40.770197 ], [ -111.881652, 40.770257 ], [ -111.881648, 40.770282 ], [ -111.881749, 40.773155 ], [ -111.88223, 40.774098 ], [ -111.885376, 40.777208 ], [ -111.889174, 40.77999 ], [ -111.895915, 40.784254 ], [ -111.901104, 40.788207 ], [ -111.901696, 40.78854 ], [ -111.901744, 40.78854 ], [ -111.90258, 40.788539 ], [ -111.903436, 40.788524 ], [ -111.910058, 40.789056 ], [ -111.914863, 40.795587 ], [ -111.915013, 40.796257 ], [ -111.915442, 40.797731 ], [ -111.915698, 40.798112 ], [ -111.915752, 40.798188 ], [ -111.91642, 40.799078 ], [ -111.918411, 40.800317 ], [ -111.92377, 40.800713 ], [ -111.927369, 40.800758 ], [ -111.932717, 40.802652 ], [ -111.937343, 40.80656 ], [ -111.938711, 40.808181 ], [ -111.938717, 40.808183 ], [ -111.94042, 40.807462 ], [ -111.948199, 40.803563 ], [ -111.954548, 40.797222 ], [ -111.956339, 40.795448 ], [ -111.956343, 40.795295 ], [ -111.956344, 40.795151 ], [ -111.955494, 40.787402 ], [ -111.956009, 40.783788 ], [ -111.959041, 40.777888 ], [ -111.959979, 40.776114 ], [ -111.968167, 40.773206 ], [ -111.968801, 40.773256 ], [ -111.971223, 40.773209 ], [ -111.977183, 40.774619 ], [ -111.978358, 40.77497 ], [ -111.978376, 40.774969 ], [ -111.979454, 40.773811 ], [ -111.979926, 40.771912 ] ] ] } },
{ "type": "Feature", "properties": { "group_index": 0, "value": 300.0, "center": [ -111.91486325450006, 40.77153251015196 ], "point_id": 0.0 }, "geometry": { "type": "Polygon", "coordinates": [ [ [ -111.931425, 40.76965 ], [ -111.927786, 40.767283 ], [ -111.925152, 40.767505 ], [ -111.922334, 40.763178 ], [ -111.920927, 40.762104 ], [ -111.917048, 40.75924 ], [ -111.916844, 40.759238 ], [ -111.915027, 40.760844 ], [ -111.912282, 40.762468 ], [ -111.908376, 40.763046 ], [ -111.908175, 40.76304 ], [ -111.907194, 40.763297 ], [ -111.903367, 40.766169 ], [ -111.901369, 40.767632 ], [ -111.898733, 40.769779 ], [ -111.897166, 40.771697 ], [ -111.897167, 40.771761 ], [ -111.898761, 40.773379 ], [ -111.902594, 40.776254 ], [ -111.903787, 40.777633 ], [ -111.907188, 40.779816 ], [ -111.910001, 40.782194 ], [ -111.910581, 40.782685 ], [ -111.912958, 40.784239 ], [ -111.91303, 40.784238 ], [ -111.915171, 40.784179 ], [ -111.919438, 40.782009 ], [ -111.922346, 40.779825 ], [ -111.923788, 40.778745 ], [ -111.925181, 40.777681 ], [ -111.928313, 40.774997 ], [ -111.931423, 40.77325 ], [ -111.931425, 40.76965 ] ] ] } },
{ "type": "Feature", "properties": { "group_index": 0, "value": 600.0, "center": [ -111.91486325450006, 40.77153251015196 ], "point_id": 0.0 }, "geometry": { "type": "Polygon", "coordinates": [ [ [ -111.950281, 40.771216 ], [ -111.94881, 40.769539 ], [ -111.944303, 40.766284 ], [ -111.940348, 40.763154 ], [ -111.934484, 40.758843 ], [ -111.930472, 40.755577 ], [ -111.92884, 40.754488 ], [ -111.92298, 40.749479 ], [ -111.92226, 40.748814 ], [ -111.922184, 40.748757 ], [ -111.916855, 40.745618 ], [ -111.91683, 40.745618 ], [ -111.916148, 40.746078 ], [ -111.914976, 40.746983 ], [ -111.90674, 40.750138 ], [ -111.902364, 40.753486 ], [ -111.897962, 40.756673 ], [ -111.893152, 40.760321 ], [ -111.886392, 40.765434 ], [ -111.882284, 40.768762 ], [ -111.881738, 40.769602 ], [ -111.880375, 40.772836 ], [ -111.880375, 40.772847 ], [ -111.880375, 40.772852 ], [ -111.880375, 40.772863 ], [ -111.885267, 40.777969 ], [ -111.892187, 40.782531 ], [ -111.896009, 40.785106 ], [ -111.90082, 40.788797 ], [ -111.900955, 40.788878 ], [ -111.90417, 40.788512 ], [ -111.904475, 40.788507 ], [ -111.91016, 40.7893 ], [ -111.914902, 40.795843 ], [ -111.918464, 40.795456 ], [ -111.923623, 40.79328 ], [ -111.925421, 40.792174 ], [ -111.928619, 40.789551 ], [ -111.931984, 40.786953 ], [ -111.939242, 40.782693 ], [ -111.940196, 40.78201 ], [ -111.941206, 40.780824 ], [ -111.943072, 40.778085 ], [ -111.94838, 40.773507 ], [ -111.948969, 40.773135 ], [ -111.950282, 40.77135 ], [ -111.950281, 40.771216 ] ] ] } },
{ "type": "Feature", "properties": { "group_index": 0, "value": 900.0, "center": [ -111.91486325450006, 40.77153251015196 ], "point_id": 0.0 }, "geometry": { "type": "Polygon", "coordinates": [ [ [ -111.962405, 40.766771 ], [ -111.960973, 40.766771 ], [ -111.959023, 40.766634 ], [ -111.958193, 40.766484 ], [ -111.957367, 40.766892 ], [ -111.95157, 40.760239 ], [ -111.951565, 40.756639 ], [ -111.949023, 40.756735 ], [ -111.948088, 40.756643 ], [ -111.940621, 40.753051 ], [ -111.940815, 40.749973 ], [ -111.940814, 40.749933 ], [ -111.940611, 40.749451 ], [ -111.935645, 40.745455 ], [ -111.931602, 40.741814 ], [ -111.931354, 40.741584 ], [ -111.926447, 40.738656 ], [ -111.919185, 40.733818 ], [ -111.919129, 40.733818 ], [ -111.915043, 40.733859 ], [ -111.911138, 40.736348 ], [ -111.905286, 40.739604 ], [ -111.897952, 40.743126 ], [ -111.891594, 40.747902 ], [ -111.885724, 40.752321 ], [ -111.880711, 40.755828 ], [ -111.879292, 40.756832 ], [ -111.876259, 40.759387 ], [ -111.869561, 40.764428 ], [ -111.864481, 40.76876 ], [ -111.863671, 40.769888 ], [ -111.862939, 40.772475 ], [ -111.862934, 40.772687 ], [ -111.864317, 40.774634 ], [ -111.865795, 40.775754 ], [ -111.867282, 40.776881 ], [ -111.86878, 40.778024 ], [ -111.870259, 40.779148 ], [ -111.871753, 40.780284 ], [ -111.873195, 40.78143 ], [ -111.879179, 40.787587 ], [ -111.883787, 40.790891 ], [ -111.884046, 40.790965 ], [ -111.884531, 40.790944 ], [ -111.886733, 40.79088 ], [ -111.886908, 40.79086 ], [ -111.888214, 40.790698 ], [ -111.888483, 40.790611 ], [ -111.890581, 40.78948 ], [ -111.898242, 40.792019 ], [ -111.903583, 40.796616 ], [ -111.905991, 40.798528 ], [ -111.908399, 40.80044 ], [ -111.916431, 40.799089 ], [ -111.916554, 40.805 ], [ -111.91654, 40.805543 ], [ -111.916496, 40.806211 ], [ -111.91655, 40.806546 ], [ -111.919003, 40.808044 ], [ -111.922601, 40.80818 ], [ -111.928763, 40.802681 ], [ -111.932961, 40.800501 ], [ -111.939866, 40.796391 ], [ -111.944531, 40.792598 ], [ -111.947078, 40.790749 ], [ -111.952411, 40.786561 ], [ -111.952543, 40.786242 ], [ -111.954721, 40.780991 ], [ -111.958129, 40.777945 ], [ -111.959287, 40.777094 ], [ -111.961479, 40.772431 ], [ -111.961772, 40.771805 ], [ -111.962405, 40.770371 ], [ -111.962405, 40.766771 ] ] ] } },
{ "type": "Feature", "properties": { "group_index": 0, "value": 300.0, "center": [ -111.90484941834822, 40.771625145480485 ], "point_id": 0.0 }, "geometry": { "type": "Polygon", "coordinates": [ [ [ -111.915993, 40.771329 ], [ -111.915993, 40.771257 ], [ -111.914737, 40.769617 ], [ -111.912464, 40.767487 ], [ -111.908985, 40.765393 ], [ -111.90843, 40.765213 ], [ -111.902899, 40.763099 ], [ -111.902549, 40.763027 ], [ -111.902431, 40.763028 ], [ -111.901772, 40.763195 ], [ -111.900397, 40.764167 ], [ -111.895957, 40.767611 ], [ -111.892637, 40.770266 ], [ -111.892623, 40.770277 ], [ -111.892158, 40.771059 ], [ -111.891962, 40.771467 ], [ -111.891958, 40.771675 ], [ -111.891958, 40.77169 ], [ -111.892351, 40.772668 ], [ -111.892384, 40.772749 ], [ -111.893315, 40.773374 ], [ -111.896203, 40.775503 ], [ -111.898053, 40.777667 ], [ -111.901013, 40.779842 ], [ -111.902519, 40.780904 ], [ -111.902607, 40.780905 ], [ -111.904087, 40.779811 ], [ -111.909278, 40.777677 ], [ -111.909379, 40.777602 ], [ -111.913141, 40.774401 ], [ -111.914737, 40.773217 ], [ -111.915885, 40.771729 ], [ -111.915992, 40.771511 ], [ -111.915993, 40.771329 ] ] ] } },
{ "type": "Feature", "properties": { "group_index": 0, "value": 600.0, "center": [ -111.90484941834822, 40.771625145480485 ], "point_id": 0.0 }, "geometry": { "type": "Polygon", "coordinates": [ [ [ -111.93263, 40.769617 ], [ -111.927812, 40.766457 ], [ -111.923889, 40.763177 ], [ -111.922482, 40.762098 ], [ -111.921015, 40.760998 ], [ -111.918291, 40.758988 ], [ -111.916514, 40.758254 ], [ -111.909957, 40.753134 ], [ -111.903502, 40.750139 ], [ -111.902743, 40.750139 ], [ -111.901998, 40.750139 ], [ -111.901405, 40.750139 ], [ -111.898361, 40.752325 ], [ -111.896768, 40.753508 ], [ -111.893952, 40.755611 ], [ -111.889574, 40.758936 ], [ -111.886709, 40.761084 ], [ -111.882093, 40.764464 ], [ -111.880971, 40.765374 ], [ -111.87685, 40.768764 ], [ -111.875764, 40.770022 ], [ -111.875194, 40.772572 ], [ -111.875194, 40.772742 ], [ -111.875767, 40.773507 ], [ -111.876696, 40.774629 ], [ -111.878177, 40.775775 ], [ -111.882973, 40.781171 ], [ -111.886623, 40.783335 ], [ -111.889871, 40.784721 ], [ -111.89141, 40.784973 ], [ -111.897978, 40.79019 ], [ -111.898046, 40.790306 ], [ -111.898658, 40.790932 ], [ -111.900775, 40.79294 ], [ -111.905772, 40.792005 ], [ -111.91283, 40.786642 ], [ -111.915232, 40.78636 ], [ -111.915749, 40.78636 ], [ -111.918675, 40.784185 ], [ -111.921473, 40.782005 ], [ -111.927936, 40.777528 ], [ -111.927951, 40.777518 ], [ -111.928047, 40.77745 ], [ -111.928061, 40.777439 ], [ -111.932743, 40.773216 ], [ -111.93263, 40.769617 ] ] ] } },
{ "type": "Feature", "properties": { "group_index": 0, "value": 900.0, "center": [ -111.90484941834822, 40.771625145480485 ], "point_id": 0.0 }, "geometry": { "type": "Polygon", "coordinates": [ [ [ -111.95001, 40.769428 ], [ -111.947815, 40.767721 ], [ -111.945019, 40.765548 ], [ -111.940506, 40.762215 ], [ -111.93609, 40.758716 ], [ -111.933163, 40.756582 ], [ -111.930395, 40.754486 ], [ -111.92437, 40.749477 ], [ -111.922782, 40.748106 ], [ -111.915326, 40.743179 ], [ -111.912544, 40.740985 ], [ -111.912429, 40.740948 ], [ -111.90531, 40.739602 ], [ -111.899889, 40.737997 ], [ -111.899826, 40.737997 ], [ -111.899783, 40.737997 ], [ -111.895206, 40.741049 ], [ -111.890546, 40.744633 ], [ -111.887986, 40.746544 ], [ -111.88091, 40.751649 ], [ -111.87999, 40.752328 ], [ -111.875944, 40.755368 ], [ -111.874205, 40.756686 ], [ -111.868843, 40.761029 ], [ -111.867143, 40.762347 ], [ -111.866018, 40.763211 ], [ -111.863177, 40.765386 ], [ -111.859033, 40.768759 ], [ -111.857633, 40.770462 ], [ -111.857633, 40.770667 ], [ -111.857634, 40.772715 ], [ -111.857634, 40.772959 ], [ -111.857634, 40.773 ], [ -111.857766, 40.773286 ], [ -111.858881, 40.77463 ], [ -111.86033, 40.775736 ], [ -111.862538, 40.777408 ], [ -111.866304, 40.780272 ], [ -111.867754, 40.781411 ], [ -111.869237, 40.782537 ], [ -111.870667, 40.783692 ], [ -111.872127, 40.7848 ], [ -111.876641, 40.790863 ], [ -111.877262, 40.791843 ], [ -111.879368, 40.793311 ], [ -111.885604, 40.793979 ], [ -111.889034, 40.793571 ], [ -111.891778, 40.79341 ], [ -111.899802, 40.793762 ], [ -111.903583, 40.796616 ], [ -111.904526, 40.797578 ], [ -111.905518, 40.798369 ], [ -111.907336, 40.799819 ], [ -111.911921, 40.803521 ], [ -111.912042, 40.803619 ], [ -111.912449, 40.803739 ], [ -111.913661, 40.803898 ], [ -111.913806, 40.803875 ], [ -111.915007, 40.802885 ], [ -111.920294, 40.796702 ], [ -111.923755, 40.794566 ], [ -111.926375, 40.792857 ], [ -111.930393, 40.789616 ], [ -111.937794, 40.785736 ], [ -111.937802, 40.785729 ], [ -111.940431, 40.782971 ], [ -111.941817, 40.781184 ], [ -111.947408, 40.775583 ], [ -111.950787, 40.772943 ], [ -111.950861, 40.772789 ], [ -111.95001, 40.769428 ] ] ] } },
{ "type": "Feature", "properties": { "group_index": 0, "value": 300.0, "center": [ -111.9242644527382, 40.77149889218596 ], "point_id": 0.0 }, "geometry": { "type": "Polygon", "coordinates": [ [ [ -111.941809, 40.771044 ], [ -111.940669, 40.769624 ], [ -111.937721, 40.767643 ], [ -111.932722, 40.765744 ], [ -111.93128, 40.763782 ], [ -111.929622, 40.762684 ], [ -111.925502, 40.761103 ], [ -111.925242, 40.761003 ], [ -111.923837, 40.760856 ], [ -111.923799, 40.760856 ], [ -111.922888, 40.760998 ], [ -111.919674, 40.76318 ], [ -111.91687, 40.763345 ], [ -111.916852, 40.763345 ], [ -111.916851, 40.763345 ], [ -111.916834, 40.763345 ], [ -111.915219, 40.764522 ], [ -111.91073, 40.767522 ], [ -111.908211, 40.769758 ], [ -111.906431, 40.771472 ], [ -111.90643, 40.771547 ], [ -111.90643, 40.77156 ], [ -111.90643, 40.771636 ], [ -111.908051, 40.773354 ], [ -111.911971, 40.775916 ], [ -111.913617, 40.777674 ], [ -111.91654, 40.779827 ], [ -111.919488, 40.782009 ], [ -111.919502, 40.782009 ], [ -111.919951, 40.782007 ], [ -111.925196, 40.779418 ], [ -111.928796, 40.779421 ], [ -111.929308, 40.779452 ], [ -111.929713, 40.779449 ], [ -111.934202, 40.779428 ], [ -111.936202, 40.778551 ], [ -111.936241, 40.778495 ], [ -111.939898, 40.773806 ], [ -111.940673, 40.773224 ], [ -111.941813, 40.771716 ], [ -111.941809, 40.771044 ] ] ] } },
{ "type": "Feature", "properties": { "group_index": 0, "value": 600.0, "center": [ -111.9242644527382, 40.77149889218596 ], "point_id": 0.0 }, "geometry": { "type": "Polygon", "coordinates": [ [ [ -111.958386, 40.771315 ], [ -111.958226, 40.769923 ], [ -111.957769, 40.767309 ], [ -111.957547, 40.766958 ], [ -111.956717, 40.766655 ], [ -111.956037, 40.766438 ], [ -111.955657, 40.766569 ], [ -111.951972, 40.76758 ], [ -111.951771, 40.76758 ], [ -111.946447, 40.767818 ], [ -111.94434, 40.760714 ], [ -111.942807, 40.757457 ], [ -111.941183, 40.756604 ], [ -111.93605, 40.753736 ], [ -111.932194, 40.750546 ], [ -111.930747, 40.749465 ], [ -111.925403, 40.747656 ], [ -111.924838, 40.747654 ], [ -111.920504, 40.748436 ], [ -111.920218, 40.748517 ], [ -111.91684, 40.749907 ], [ -111.916404, 40.750138 ], [ -111.91381, 40.75215 ], [ -111.907294, 40.756779 ], [ -111.901736, 40.761084 ], [ -111.898863, 40.763199 ], [ -111.893013, 40.767619 ], [ -111.89035, 40.769783 ], [ -111.889086, 40.771489 ], [ -111.889086, 40.771519 ], [ -111.889092, 40.771749 ], [ -111.889302, 40.77222 ], [ -111.890354, 40.773383 ], [ -111.895729, 40.777671 ], [ -111.898551, 40.779847 ], [ -111.901445, 40.782015 ], [ -111.904455, 40.784212 ], [ -111.906251, 40.784551 ], [ -111.906627, 40.784594 ], [ -111.907935, 40.784627 ], [ -111.913484, 40.785446 ], [ -111.91505, 40.79116 ], [ -111.915134, 40.79214 ], [ -111.915168, 40.79228 ], [ -111.917242, 40.793459 ], [ -111.918564, 40.793906 ], [ -111.920101, 40.794045 ], [ -111.923653, 40.793464 ], [ -111.930046, 40.792854 ], [ -111.931243, 40.791994 ], [ -111.939557, 40.789734 ], [ -111.939643, 40.789734 ], [ -111.939787, 40.789645 ], [ -111.943925, 40.786561 ], [ -111.945416, 40.785007 ], [ -111.94881, 40.781467 ], [ -111.949419, 40.780699 ], [ -111.955181, 40.774552 ], [ -111.956805, 40.773284 ], [ -111.958387, 40.771333 ], [ -111.958386, 40.771315 ] ] ] } },
{ "type": "Feature", "properties": { "group_index": 0, "value": 900.0, "center": [ -111.9242644527382, 40.77149889218596 ], "point_id": 0.0 }, "geometry": { "type": "Polygon", "coordinates": [ [ [ -111.972163, 40.769591 ], [ -111.96662, 40.768493 ], [ -111.964742, 40.767388 ], [ -111.961218, 40.7602 ], [ -111.961164, 40.756601 ], [ -111.955183, 40.752503 ], [ -111.952964, 40.750902 ], [ -111.945477, 40.74687 ], [ -111.94313, 40.744705 ], [ -111.939318, 40.74181 ], [ -111.934947, 40.74003 ], [ -111.92915, 40.736838 ], [ -111.926626, 40.735037 ], [ -111.926127, 40.734994 ], [ -111.925964, 40.734994 ], [ -111.921041, 40.736729 ], [ -111.917048, 40.737348 ], [ -111.916447, 40.737472 ], [ -111.91383, 40.738493 ], [ -111.912375, 40.73975 ], [ -111.909298, 40.742332 ], [ -111.903399, 40.746101 ], [ -111.898161, 40.750138 ], [ -111.895141, 40.752403 ], [ -111.88959, 40.756678 ], [ -111.883636, 40.761008 ], [ -111.878021, 40.765363 ], [ -111.873892, 40.768763 ], [ -111.87276, 40.770056 ], [ -111.872628, 40.770411 ], [ -111.872616, 40.770666 ], [ -111.872623, 40.77301 ], [ -111.87276, 40.773461 ], [ -111.873736, 40.774631 ], [ -111.87522, 40.775773 ], [ -111.876701, 40.776906 ], [ -111.882332, 40.78166 ], [ -111.885158, 40.783891 ], [ -111.88709, 40.785275 ], [ -111.889617, 40.786498 ], [ -111.889832, 40.786507 ], [ -111.893454, 40.786593 ], [ -111.898478, 40.791029 ], [ -111.898549, 40.791182 ], [ -111.901796, 40.794625 ], [ -111.907137, 40.792996 ], [ -111.915013, 40.796257 ], [ -111.915298, 40.796862 ], [ -111.915752, 40.798188 ], [ -111.916431, 40.799089 ], [ -111.918717, 40.804488 ], [ -111.921173, 40.805687 ], [ -111.925323, 40.805518 ], [ -111.93022, 40.805124 ], [ -111.93738, 40.801668 ], [ -111.94098, 40.801686 ], [ -111.94365, 40.800704 ], [ -111.947786, 40.798622 ], [ -111.949134, 40.797307 ], [ -111.955371, 40.790957 ], [ -111.955363, 40.789993 ], [ -111.956009, 40.783788 ], [ -111.957392, 40.77985 ], [ -111.957385, 40.779186 ], [ -111.961012, 40.772902 ], [ -111.966884, 40.772807 ], [ -111.967484, 40.773044 ], [ -111.968167, 40.773206 ], [ -111.968801, 40.773256 ], [ -111.972232, 40.77319 ], [ -111.972163, 40.769591 ] ] ] } },
{ "type": "Feature", "properties": { "group_index": 0, "value": 300.0, "center": [ -111.94614739689578, 40.7715372727558 ], "point_id": 0.0 }, "geometry": { "type": "Polygon", "coordinates": [ [ [ -111.961864, 40.771234 ], [ -111.961875, 40.769781 ], [ -111.959895, 40.766549 ], [ -111.958193, 40.766484 ], [ -111.956295, 40.766553 ], [ -111.95468, 40.767183 ], [ -111.952583, 40.767821 ], [ -111.952461, 40.767878 ], [ -111.952282, 40.767997 ], [ -111.946447, 40.767818 ], [ -111.943878, 40.767736 ], [ -111.940849, 40.764288 ], [ -111.93725, 40.764378 ], [ -111.932663, 40.767309 ], [ -111.932531, 40.767399 ], [ -111.929873, 40.769547 ], [ -111.929696, 40.769792 ], [ -111.928864, 40.772195 ], [ -111.92887, 40.772313 ], [ -111.929737, 40.773487 ], [ -111.93417, 40.776637 ], [ -111.935374, 40.777847 ], [ -111.939569, 40.78041 ], [ -111.943208, 40.782115 ], [ -111.943573, 40.782218 ], [ -111.943684, 40.782219 ], [ -111.947045, 40.781853 ], [ -111.9484, 40.781697 ], [ -111.94881, 40.781467 ], [ -111.953414, 40.778536 ], [ -111.954421, 40.778143 ], [ -111.955347, 40.777004 ], [ -111.959398, 40.773284 ], [ -111.960213, 40.773246 ], [ -111.961012, 40.772902 ], [ -111.961479, 40.772431 ], [ -111.961772, 40.771805 ], [ -111.961864, 40.771234 ] ] ] } },
{ "type": "Feature", "properties": { "group_index": 0, "value": 600.0, "center": [ -111.94614739689578, 40.7715372727558 ], "point_id": 0.0 }, "geometry": { "type": "Polygon", "coordinates": [ [ [ -111.973486, 40.769568 ], [ -111.971154, 40.76961 ], [ -111.964742, 40.767388 ], [ -111.959895, 40.766549 ], [ -111.958193, 40.766484 ], [ -111.956295, 40.766553 ], [ -111.951225, 40.760239 ], [ -111.951221, 40.756639 ], [ -111.948908, 40.756735 ], [ -111.948088, 40.756643 ], [ -111.940978, 40.751151 ], [ -111.940749, 40.750879 ], [ -111.939455, 40.749454 ], [ -111.938907, 40.749343 ], [ -111.938783, 40.749354 ], [ -111.938425, 40.749454 ], [ -111.937116, 40.750454 ], [ -111.93029, 40.755577 ], [ -111.926096, 40.758844 ], [ -111.924513, 40.760751 ], [ -111.922011, 40.763178 ], [ -111.916307, 40.766585 ], [ -111.912046, 40.769788 ], [ -111.910631, 40.771393 ], [ -111.910582, 40.771694 ], [ -111.910583, 40.771852 ], [ -111.912048, 40.773388 ], [ -111.914727, 40.775484 ], [ -111.916225, 40.776612 ], [ -111.917679, 40.777672 ], [ -111.924822, 40.783092 ], [ -111.926301, 40.784227 ], [ -111.926547, 40.784412 ], [ -111.926904, 40.784676 ], [ -111.929956, 40.786945 ], [ -111.935973, 40.791178 ], [ -111.937574, 40.792849 ], [ -111.939214, 40.793999 ], [ -111.94269, 40.795175 ], [ -111.944067, 40.795334 ], [ -111.947536, 40.79418 ], [ -111.953167, 40.791808 ], [ -111.955367, 40.790489 ], [ -111.955363, 40.789993 ], [ -111.955494, 40.786005 ], [ -111.956009, 40.783788 ], [ -111.957392, 40.77985 ], [ -111.957385, 40.779186 ], [ -111.961012, 40.772902 ], [ -111.966884, 40.772807 ], [ -111.967484, 40.773044 ], [ -111.968167, 40.773206 ], [ -111.968801, 40.773256 ], [ -111.971223, 40.773209 ], [ -111.973736, 40.773159 ], [ -111.974543, 40.773103 ], [ -111.974293, 40.769512 ], [ -111.973486, 40.769568 ] ] ] } },
{ "type": "Feature", "properties": { "group_index": 0, "value": 900.0, "center": [ -111.94614739689578, 40.7715372727558 ], "point_id": 0.0 }, "geometry": { "type": "Polygon", "coordinates": [ [ [ -111.991103, 40.773446 ], [ -111.98978, 40.770551 ], [ -111.987924, 40.770261 ], [ -111.984156, 40.769377 ], [ -111.983934, 40.769398 ], [ -111.978267, 40.77066 ], [ -111.974293, 40.769512 ], [ -111.973486, 40.769568 ], [ -111.971154, 40.76961 ], [ -111.964742, 40.767388 ], [ -111.96903, 40.760195 ], [ -111.97021, 40.758296 ], [ -111.970207, 40.758011 ], [ -111.969032, 40.756595 ], [ -111.96857, 40.756514 ], [ -111.961796, 40.753773 ], [ -111.957238, 40.747776 ], [ -111.955725, 40.747572 ], [ -111.955374, 40.74753 ], [ -111.948419, 40.746393 ], [ -111.944205, 40.739709 ], [ -111.943097, 40.738777 ], [ -111.939529, 40.736004 ], [ -111.939099, 40.735914 ], [ -111.938955, 40.735916 ], [ -111.936698, 40.737396 ], [ -111.934665, 40.738629 ], [ -111.927431, 40.74231 ], [ -111.926417, 40.74341 ], [ -111.922265, 40.747658 ], [ -111.919465, 40.749808 ], [ -111.919027, 40.75013 ], [ -111.916137, 40.752302 ], [ -111.914747, 40.753396 ], [ -111.913822, 40.754156 ], [ -111.908286, 40.758874 ], [ -111.905707, 40.761023 ], [ -111.901512, 40.764221 ], [ -111.898213, 40.766475 ], [ -111.89428, 40.769773 ], [ -111.894062, 40.770853 ], [ -111.894062, 40.771011 ], [ -111.894258, 40.773373 ], [ -111.899673, 40.777663 ], [ -111.902502, 40.779832 ], [ -111.907682, 40.783767 ], [ -111.912538, 40.787865 ], [ -111.916588, 40.790992 ], [ -111.920047, 40.79372 ], [ -111.924561, 40.7967 ], [ -111.9289, 40.800504 ], [ -111.932723, 40.80255 ], [ -111.939315, 40.807452 ], [ -111.939328, 40.807452 ], [ -111.945949, 40.806262 ], [ -111.953417, 40.805175 ], [ -111.955365, 40.803986 ], [ -111.955363, 40.80337 ], [ -111.954518, 40.79723 ], [ -111.954529, 40.796292 ], [ -111.954539, 40.795422 ], [ -111.954543, 40.795284 ], [ -111.955367, 40.790489 ], [ -111.955363, 40.789993 ], [ -111.955494, 40.786005 ], [ -111.956009, 40.783788 ], [ -111.957392, 40.77985 ], [ -111.957385, 40.779186 ], [ -111.961012, 40.772902 ], [ -111.966884, 40.772807 ], [ -111.967484, 40.773044 ], [ -111.968167, 40.773206 ], [ -111.968801, 40.773256 ], [ -111.971223, 40.773209 ], [ -111.973736, 40.773159 ], [ -111.976994, 40.780327 ], [ -111.977003, 40.780404 ], [ -111.978041, 40.782281 ], [ -111.979391, 40.783519 ], [ -111.980124, 40.784066 ], [ -111.980378, 40.784058 ], [ -111.980658, 40.783724 ], [ -111.981627, 40.781967 ], [ -111.987642, 40.776945 ], [ -111.990711, 40.776187 ], [ -111.99093, 40.776051 ], [ -111.991103, 40.773446 ] ] ] } },
{ "type": "Feature", "properties": { "group_index": 0, "value": 300.0, "center": [ -111.87159856184424, 40.535730402126404 ], "point_id": 0.0 }, "geometry": { "type": "Polygon", "coordinates": [ [ [ -111.886857, 40.537771 ], [ -111.886931, 40.537035 ], [ -111.886093, 40.535226 ], [ -111.882959, 40.532318 ], [ -111.882495, 40.530133 ], [ -111.879318, 40.526776 ], [ -111.878109, 40.52601 ], [ -111.873549, 40.523319 ], [ -111.871138, 40.522911 ], [ -111.870635, 40.522901 ], [ -111.868603, 40.522928 ], [ -111.868558, 40.522932 ], [ -111.868372, 40.522973 ], [ -111.862951, 40.525183 ], [ -111.861744, 40.525659 ], [ -111.861585, 40.52584 ], [ -111.860881, 40.526952 ], [ -111.860796, 40.529606 ], [ -111.860944, 40.530901 ], [ -111.860948, 40.536338 ], [ -111.860945, 40.536819 ], [ -111.860929, 40.540952 ], [ -111.86093, 40.541124 ], [ -111.862191, 40.542654 ], [ -111.862409, 40.542821 ], [ -111.867162, 40.545513 ], [ -111.867957, 40.546076 ], [ -111.87185, 40.548756 ], [ -111.872305, 40.548753 ], [ -111.873564, 40.548135 ], [ -111.877749, 40.546619 ], [ -111.879572, 40.54641 ], [ -111.880259, 40.546039 ], [ -111.881341, 40.544662 ], [ -111.88301, 40.541881 ], [ -111.886095, 40.538826 ], [ -111.886775, 40.538182 ], [ -111.886857, 40.537771 ] ] ] } },
{ "type": "Feature", "properties": { "group_index": 0, "value": 600.0, "center": [ -111.87159856184424, 40.535730402126404 ], "point_id": 0.0 }, "geometry": { "type": "Polygon", "coordinates": [ [ [ -111.897962, 40.542434 ], [ -111.89209, 40.536999 ], [ -111.89181, 40.535352 ], [ -111.894448, 40.528511 ], [ -111.894466, 40.524911 ], [ -111.892394, 40.523047 ], [ -111.886241, 40.519089 ], [ -111.884452, 40.517203 ], [ -111.88183, 40.515258 ], [ -111.878059, 40.512954 ], [ -111.873262, 40.508921 ], [ -111.873095, 40.508907 ], [ -111.870405, 40.508944 ], [ -111.870139, 40.509042 ], [ -111.866152, 40.511458 ], [ -111.863782, 40.513462 ], [ -111.85864, 40.516918 ], [ -111.850651, 40.520175 ], [ -111.848398, 40.522983 ], [ -111.846505, 40.526099 ], [ -111.845073, 40.528771 ], [ -111.844998, 40.52957 ], [ -111.845441, 40.533961 ], [ -111.845935, 40.539864 ], [ -111.846028, 40.540101 ], [ -111.847668, 40.544292 ], [ -111.849084, 40.546081 ], [ -111.849685, 40.546615 ], [ -111.852246, 40.548099 ], [ -111.857038, 40.552571 ], [ -111.858042, 40.553311 ], [ -111.860939, 40.554602 ], [ -111.868061, 40.559381 ], [ -111.869668, 40.560575 ], [ -111.871073, 40.561475 ], [ -111.87216, 40.562069 ], [ -111.872725, 40.56207 ], [ -111.874917, 40.560596 ], [ -111.882355, 40.558291 ], [ -111.88898, 40.553396 ], [ -111.893204, 40.549986 ], [ -111.898011, 40.546033 ], [ -111.897962, 40.542434 ] ] ] } },
{ "type": "Feature", "properties": { "group_index": 0, "value": 900.0, "center": [ -111.87159856184424, 40.535730402126404 ], "point_id": 0.0 }, "geometry": { "type": "Polygon", "coordinates": [ [ [ -111.915651, 40.542412 ], [ -111.913179, 40.540498 ], [ -111.911907, 40.53908 ], [ -111.911016, 40.530738 ], [ -111.912238, 40.528566 ], [ -111.912076, 40.52497 ], [ -111.907689, 40.521735 ], [ -111.907549, 40.52167 ], [ -111.906961, 40.521449 ], [ -111.900828, 40.518218 ], [ -111.898896, 40.51496 ], [ -111.89819, 40.514328 ], [ -111.892487, 40.509305 ], [ -111.889533, 40.505957 ], [ -111.885517, 40.503292 ], [ -111.881774, 40.500738 ], [ -111.880138, 40.499979 ], [ -111.872362, 40.498784 ], [ -111.868941, 40.49887 ], [ -111.864102, 40.504052 ], [ -111.856836, 40.505935 ], [ -111.856248, 40.505944 ], [ -111.855668, 40.505957 ], [ -111.853434, 40.505818 ], [ -111.851771, 40.506435 ], [ -111.844885, 40.508988 ], [ -111.843047, 40.509614 ], [ -111.8378, 40.514987 ], [ -111.834901, 40.518851 ], [ -111.829268, 40.52536 ], [ -111.831321, 40.528443 ], [ -111.830655, 40.53673 ], [ -111.829998, 40.539247 ], [ -111.829486, 40.541411 ], [ -111.83273, 40.548222 ], [ -111.837941, 40.551108 ], [ -111.844945, 40.556346 ], [ -111.849808, 40.560569 ], [ -111.849996, 40.560727 ], [ -111.85148, 40.561911 ], [ -111.8551, 40.564224 ], [ -111.856188, 40.56471 ], [ -111.856884, 40.564789 ], [ -111.857052, 40.564813 ], [ -111.858408, 40.565076 ], [ -111.864119, 40.569188 ], [ -111.865118, 40.571591 ], [ -111.866207, 40.572699 ], [ -111.869412, 40.574673 ], [ -111.871734, 40.575494 ], [ -111.872564, 40.575685 ], [ -111.872568, 40.575685 ], [ -111.873512, 40.575076 ], [ -111.874959, 40.573545 ], [ -111.883632, 40.572807 ], [ -111.8844, 40.572522 ], [ -111.886348, 40.571078 ], [ -111.891557, 40.565716 ], [ -111.893713, 40.564245 ], [ -111.897873, 40.56157 ], [ -111.897931, 40.561523 ], [ -111.898495, 40.560767 ], [ -111.904575, 40.555203 ], [ -111.905172, 40.554491 ], [ -111.911375, 40.548651 ], [ -111.915693, 40.546011 ], [ -111.915651, 40.542412 ] ] ] } },
{ "type": "Feature", "properties": { "group_index": 0, "value": 300.0, "center": [ -111.8606095, 40.5258744 ], "point_id": 0.0 }, "geometry": { "type": "Polygon", "coordinates": [ [ [ -111.873002, 40.526874 ], [ -111.871158, 40.524935 ], [ -111.87106, 40.524834 ], [ -111.869111, 40.523276 ], [ -111.865242, 40.519808 ], [ -111.864795, 40.519779 ], [ -111.86445, 40.519748 ], [ -111.864103, 40.519746 ], [ -111.859888, 40.519252 ], [ -111.858374, 40.517657 ], [ -111.857853, 40.517685 ], [ -111.856057, 40.517829 ], [ -111.850892, 40.520368 ], [ -111.848639, 40.523176 ], [ -111.848282, 40.524281 ], [ -111.848222, 40.525201 ], [ -111.848671, 40.526813 ], [ -111.849241, 40.527751 ], [ -111.85039, 40.529119 ], [ -111.853978, 40.533475 ], [ -111.856743, 40.534429 ], [ -111.85818, 40.534911 ], [ -111.861192, 40.535501 ], [ -111.861786, 40.535504 ], [ -111.864549, 40.534882 ], [ -111.865229, 40.534585 ], [ -111.867388, 40.53297 ], [ -111.869436, 40.530687 ], [ -111.871678, 40.528685 ], [ -111.872998, 40.527075 ], [ -111.873002, 40.526874 ] ] ] } },
{ "type": "Feature", "properties": { "group_index": 0, "value": 600.0, "center": [ -111.8606095, 40.5258744 ], "point_id": 0.0 }, "geometry": { "type": "Polygon", "coordinates": [ [ [ -111.890566, 40.526567 ], [ -111.888983, 40.52488 ], [ -111.886891, 40.52307 ], [ -111.88395, 40.520992 ], [ -111.877481, 40.515539 ], [ -111.87567, 40.513647 ], [ -111.875468, 40.513432 ], [ -111.87261, 40.51111 ], [ -111.868121, 40.506556 ], [ -111.867945, 40.506488 ], [ -111.867778, 40.506433 ], [ -111.867683, 40.506407 ], [ -111.86044, 40.507557 ], [ -111.854259, 40.506942 ], [ -111.853082, 40.506903 ], [ -111.844743, 40.509175 ], [ -111.843957, 40.509572 ], [ -111.839179, 40.515126 ], [ -111.837089, 40.516882 ], [ -111.835365, 40.518636 ], [ -111.830537, 40.524627 ], [ -111.83172, 40.528027 ], [ -111.832463, 40.52885 ], [ -111.834053, 40.530068 ], [ -111.834426, 40.530074 ], [ -111.839997, 40.53701 ], [ -111.83992, 40.537626 ], [ -111.839927, 40.538042 ], [ -111.843784, 40.541523 ], [ -111.84926, 40.544675 ], [ -111.852699, 40.546148 ], [ -111.852808, 40.546175 ], [ -111.859172, 40.547807 ], [ -111.862252, 40.549288 ], [ -111.862566, 40.549435 ], [ -111.862613, 40.549435 ], [ -111.868969, 40.546579 ], [ -111.87208, 40.544897 ], [ -111.87543, 40.54242 ], [ -111.880194, 40.53883 ], [ -111.884179, 40.53503 ], [ -111.884181, 40.535026 ], [ -111.888984, 40.52848 ], [ -111.890459, 40.526914 ], [ -111.890569, 40.526675 ], [ -111.890566, 40.526567 ] ] ] } },
{ "type": "Feature", "properties": { "group_index": 0, "value": 900.0, "center": [ -111.8606095, 40.5258744 ], "point_id": 0.0 }, "geometry": { "type": "Polygon", "coordinates": [ [ [ -111.908463, 40.526734 ], [ -111.908459, 40.526648 ], [ -111.908456, 40.526604 ], [ -111.906779, 40.524983 ], [ -111.906297, 40.524716 ], [ -111.89918, 40.519505 ], [ -111.898971, 40.519506 ], [ -111.892495, 40.513462 ], [ -111.886891, 40.506788 ], [ -111.886796, 40.5067 ], [ -111.882264, 40.503322 ], [ -111.877863, 40.49888 ], [ -111.873742, 40.495328 ], [ -111.871579, 40.496134 ], [ -111.863955, 40.496029 ], [ -111.861425, 40.496243 ], [ -111.854355, 40.495099 ], [ -111.852636, 40.495497 ], [ -111.850623, 40.496524 ], [ -111.849655, 40.497522 ], [ -111.841279, 40.500351 ], [ -111.84078, 40.500064 ], [ -111.840615, 40.499981 ], [ -111.83971, 40.499745 ], [ -111.838556, 40.500666 ], [ -111.837491, 40.501758 ], [ -111.837547, 40.50204 ], [ -111.83793, 40.50714 ], [ -111.835597, 40.51182 ], [ -111.834656, 40.514246 ], [ -111.82997, 40.519919 ], [ -111.829357, 40.52063 ], [ -111.828746, 40.522321 ], [ -111.82714, 40.528076 ], [ -111.824124, 40.530464 ], [ -111.823462, 40.530737 ], [ -111.822966, 40.531102 ], [ -111.821107, 40.532835 ], [ -111.825565, 40.540509 ], [ -111.827155, 40.542034 ], [ -111.833274, 40.548046 ], [ -111.834536, 40.548705 ], [ -111.838622, 40.551105 ], [ -111.842521, 40.553934 ], [ -111.843206, 40.554305 ], [ -111.845526, 40.554542 ], [ -111.851553, 40.558442 ], [ -111.851824, 40.558648 ], [ -111.853527, 40.559751 ], [ -111.859307, 40.561813 ], [ -111.862153, 40.563042 ], [ -111.863131, 40.563043 ], [ -111.866107, 40.560558 ], [ -111.8723, 40.558425 ], [ -111.872805, 40.558184 ], [ -111.873032, 40.558039 ], [ -111.881204, 40.554771 ], [ -111.882803, 40.553365 ], [ -111.886259, 40.549807 ], [ -111.890165, 40.547321 ], [ -111.891811, 40.546056 ], [ -111.893011, 40.544749 ], [ -111.893234, 40.544452 ], [ -111.893239, 40.544434 ], [ -111.894448, 40.540588 ], [ -111.898877, 40.53508 ], [ -111.904643, 40.52991 ], [ -111.906664, 40.528582 ], [ -111.908465, 40.526778 ], [ -111.908463, 40.526734 ] ] ] } },
{ "type": "Feature", "properties": { "group_index": 0, "value": 300.0, "center": [ -111.87854954242574, 40.544870637905596 ], "point_id": 0.0 }, "geometry": { "type": "Polygon", "coordinates": [ [ [ -111.893204, 40.544131 ], [ -111.893213, 40.543944 ], [ -111.892971, 40.542453 ], [ -111.889291, 40.538563 ], [ -111.88705, 40.537984 ], [ -111.883259, 40.535228 ], [ -111.881727, 40.534375 ], [ -111.881712, 40.534375 ], [ -111.880301, 40.53523 ], [ -111.878501, 40.536181 ], [ -111.8732, 40.534551 ], [ -111.872405, 40.533294 ], [ -111.871891, 40.533231 ], [ -111.871728, 40.533226 ], [ -111.87153, 40.533283 ], [ -111.869786, 40.535059 ], [ -111.869784, 40.53519 ], [ -111.868828, 40.538749 ], [ -111.866177, 40.541206 ], [ -111.863952, 40.542473 ], [ -111.862761, 40.544291 ], [ -111.862766, 40.544756 ], [ -111.863947, 40.546073 ], [ -111.866799, 40.548146 ], [ -111.87063, 40.551244 ], [ -111.87132, 40.551751 ], [ -111.874702, 40.55361 ], [ -111.878379, 40.555576 ], [ -111.878982, 40.555659 ], [ -111.879997, 40.555742 ], [ -111.882148, 40.555508 ], [ -111.884695, 40.553376 ], [ -111.886197, 40.55159 ], [ -111.887086, 40.54969 ], [ -111.890596, 40.546895 ], [ -111.892992, 40.546052 ], [ -111.893204, 40.544131 ] ] ] } },
{ "type": "Feature", "properties": { "group_index": 0, "value": 600.0, "center": [ -111.87854954242574, 40.544870637905596 ], "point_id": 0.0 }, "geometry": { "type": "Polygon", "coordinates": [ [ [ -111.912264, 40.544086 ], [ -111.912141, 40.54384 ], [ -111.910967, 40.542397 ], [ -111.905139, 40.538926 ], [ -111.902928, 40.536507 ], [ -111.899449, 40.534913 ], [ -111.898736, 40.534736 ], [ -111.896683, 40.534231 ], [ -111.892013, 40.528565 ], [ -111.891648, 40.528098 ], [ -111.891375, 40.527821 ], [ -111.890345, 40.527102 ], [ -111.882659, 40.523075 ], [ -111.881743, 40.522491 ], [ -111.88166, 40.522492 ], [ -111.872867, 40.521559 ], [ -111.871294, 40.520304 ], [ -111.871282, 40.520304 ], [ -111.867053, 40.523259 ], [ -111.861864, 40.524995 ], [ -111.860921, 40.525743 ], [ -111.860685, 40.526091 ], [ -111.859972, 40.528476 ], [ -111.855862, 40.534026 ], [ -111.851002, 40.538381 ], [ -111.846196, 40.542469 ], [ -111.845676, 40.543292 ], [ -111.845457, 40.544776 ], [ -111.845464, 40.544918 ], [ -111.845689, 40.545596 ], [ -111.8462, 40.546069 ], [ -111.852302, 40.550479 ], [ -111.853539, 40.551692 ], [ -111.855073, 40.553312 ], [ -111.859877, 40.556912 ], [ -111.859942, 40.556951 ], [ -111.865219, 40.560556 ], [ -111.86779, 40.562764 ], [ -111.870379, 40.56483 ], [ -111.870496, 40.564883 ], [ -111.870696, 40.564965 ], [ -111.875637, 40.566969 ], [ -111.881639, 40.569432 ], [ -111.883023, 40.56924 ], [ -111.883228, 40.569157 ], [ -111.884777, 40.568126 ], [ -111.891051, 40.562548 ], [ -111.893574, 40.560649 ], [ -111.896232, 40.558692 ], [ -111.897557, 40.55737 ], [ -111.90108, 40.553424 ], [ -111.901776, 40.552313 ], [ -111.907115, 40.545806 ], [ -111.909527, 40.545978 ], [ -111.910167, 40.546148 ], [ -111.91018, 40.546149 ], [ -111.91018, 40.546149 ], [ -111.910194, 40.546151 ], [ -111.910585, 40.545977 ], [ -111.912158, 40.544388 ], [ -111.912266, 40.544139 ], [ -111.912264, 40.544086 ] ] ] } },
{ "type": "Feature", "properties": { "group_index": 0, "value": 900.0, "center": [ -111.87854954242574, 40.544870637905596 ], "point_id": 0.0 }, "geometry": { "type": "Polygon", "coordinates": [ [ [ -111.928687, 40.542319 ], [ -111.924345, 40.539699 ], [ -111.919922, 40.535555 ], [ -111.917449, 40.534026 ], [ -111.910929, 40.529202 ], [ -111.903994, 40.524685 ], [ -111.900785, 40.522586 ], [ -111.899788, 40.522208 ], [ -111.895626, 40.519543 ], [ -111.8925, 40.515245 ], [ -111.885267, 40.511888 ], [ -111.882926, 40.50985 ], [ -111.875266, 40.508649 ], [ -111.873781, 40.508126 ], [ -111.870073, 40.507702 ], [ -111.866094, 40.510337 ], [ -111.864395, 40.511608 ], [ -111.863974, 40.512069 ], [ -111.856841, 40.516952 ], [ -111.85628, 40.51708 ], [ -111.856148, 40.517129 ], [ -111.852645, 40.518769 ], [ -111.850222, 40.51983 ], [ -111.84527, 40.525796 ], [ -111.842932, 40.531643 ], [ -111.838691, 40.535104 ], [ -111.838385, 40.535321 ], [ -111.83407, 40.537607 ], [ -111.833197, 40.537927 ], [ -111.829062, 40.544631 ], [ -111.828922, 40.544867 ], [ -111.829029, 40.548029 ], [ -111.83003, 40.549147 ], [ -111.830159, 40.549199 ], [ -111.832934, 40.550422 ], [ -111.838047, 40.554188 ], [ -111.842091, 40.556258 ], [ -111.846123, 40.560303 ], [ -111.847305, 40.561149 ], [ -111.851448, 40.564127 ], [ -111.856219, 40.567364 ], [ -111.861351, 40.573223 ], [ -111.863229, 40.574814 ], [ -111.8649, 40.575415 ], [ -111.872244, 40.579189 ], [ -111.873077, 40.579199 ], [ -111.881572, 40.580938 ], [ -111.881752, 40.580938 ], [ -111.885589, 40.580402 ], [ -111.890765, 40.576572 ], [ -111.891543, 40.576019 ], [ -111.898333, 40.571489 ], [ -111.903984, 40.566803 ], [ -111.910023, 40.561443 ], [ -111.91134, 40.560905 ], [ -111.912194, 40.558854 ], [ -111.918146, 40.553228 ], [ -111.920058, 40.552211 ], [ -111.923116, 40.549709 ], [ -111.928721, 40.545919 ], [ -111.928687, 40.542319 ] ] ] } },
{ "type": "Feature", "properties": { "group_index": 0, "value": 300.0, "center": [ -112.0140230228289, 40.54405807294225 ], "point_id": 0.0 }, "geometry": { "type": "Polygon", "coordinates": [ [ [ -112.024366, 40.548337 ], [ -112.024911, 40.546035 ], [ -112.025167, 40.543378 ], [ -112.0251, 40.543311 ], [ -112.021797, 40.5387 ], [ -112.021218, 40.535147 ], [ -112.018936, 40.535126 ], [ -112.013956, 40.53378 ], [ -112.010875, 40.534372 ], [ -112.005498, 40.535141 ], [ -112.00312, 40.537182 ], [ -112.001314, 40.539001 ], [ -112.001314, 40.539006 ], [ -112.002204, 40.543747 ], [ -112.001655, 40.545924 ], [ -112.00137, 40.548378 ], [ -112.001991, 40.550395 ], [ -112.002104, 40.550481 ], [ -112.004891, 40.55203 ], [ -112.006373, 40.552258 ], [ -112.008912, 40.552649 ], [ -112.011883, 40.553045 ], [ -112.017667, 40.553372 ], [ -112.021078, 40.553698 ], [ -112.023013, 40.553026 ], [ -112.02306, 40.553005 ], [ -112.023907, 40.551954 ], [ -112.024366, 40.548337 ] ] ] } },
{ "type": "Feature", "properties": { "group_index": 0, "value": 600.0, "center": [ -112.0140230228289, 40.54405807294225 ], "point_id": 0.0 }, "geometry": { "type": "Polygon", "coordinates": [ [ [ -112.042036, 40.541396 ], [ -112.042028, 40.541367 ], [ -112.041915, 40.541052 ], [ -112.038936, 40.535145 ], [ -112.034809, 40.532451 ], [ -112.029866, 40.527737 ], [ -112.029787, 40.527643 ], [ -112.029708, 40.527565 ], [ -112.026294, 40.524729 ], [ -112.026227, 40.52468 ], [ -112.02571, 40.524366 ], [ -112.023946, 40.523639 ], [ -112.023898, 40.523636 ], [ -112.02389, 40.523636 ], [ -112.023842, 40.523633 ], [ -112.017376, 40.523304 ], [ -112.016728, 40.523318 ], [ -112.01177, 40.523944 ], [ -112.006633, 40.52307 ], [ -112.003184, 40.524101 ], [ -111.997145, 40.527423 ], [ -111.992147, 40.531453 ], [ -111.987747, 40.535123 ], [ -111.986472, 40.536524 ], [ -111.98449, 40.544263 ], [ -111.984497, 40.544376 ], [ -111.986696, 40.55093 ], [ -111.986874, 40.551325 ], [ -111.990115, 40.557323 ], [ -111.99048, 40.557819 ], [ -111.990497, 40.557842 ], [ -111.990871, 40.558334 ], [ -111.994414, 40.560824 ], [ -111.994719, 40.560908 ], [ -111.99474, 40.560911 ], [ -112.002066, 40.562969 ], [ -112.003541, 40.563821 ], [ -112.005257, 40.564266 ], [ -112.005338, 40.564261 ], [ -112.011454, 40.56357 ], [ -112.015748, 40.563506 ], [ -112.021465, 40.565194 ], [ -112.021787, 40.565038 ], [ -112.0297, 40.562119 ], [ -112.031064, 40.561924 ], [ -112.033993, 40.557844 ], [ -112.037547, 40.551225 ], [ -112.038878, 40.549518 ], [ -112.039755, 40.547886 ], [ -112.042036, 40.541396 ] ] ] } },
{ "type": "Feature", "properties": { "group_index": 0, "value": 900.0, "center": [ -112.0140230228289, 40.54405807294225 ], "point_id": 0.0 }, "geometry": { "type": "Polygon", "coordinates": [ [ [ -112.058255, 40.544093 ], [ -112.057969, 40.53715 ], [ -112.057493, 40.535984 ], [ -112.056675, 40.535138 ], [ -112.056159, 40.535141 ], [ -112.048457, 40.53514 ], [ -112.045162, 40.534494 ], [ -112.04291, 40.527318 ], [ -112.042903, 40.523718 ], [ -112.040505, 40.522377 ], [ -112.035185, 40.518143 ], [ -112.028845, 40.513402 ], [ -112.02771, 40.512373 ], [ -112.024755, 40.510405 ], [ -112.024498, 40.510405 ], [ -112.023388, 40.510998 ], [ -112.014759, 40.512003 ], [ -112.012961, 40.51171 ], [ -112.004834, 40.509667 ], [ -112.003564, 40.50961 ], [ -112.00346, 40.50961 ], [ -112.002428, 40.509828 ], [ -112.001888, 40.510193 ], [ -111.998875, 40.512811 ], [ -111.993001, 40.516748 ], [ -111.992514, 40.51707 ], [ -111.985486, 40.522057 ], [ -111.985302, 40.522202 ], [ -111.98354, 40.523968 ], [ -111.983443, 40.52458 ], [ -111.976882, 40.530361 ], [ -111.976364, 40.53053 ], [ -111.97632, 40.530544 ], [ -111.975651, 40.530783 ], [ -111.971727, 40.533237 ], [ -111.971233, 40.533573 ], [ -111.968433, 40.536276 ], [ -111.966835, 40.544162 ], [ -111.966837, 40.544221 ], [ -111.968391, 40.545904 ], [ -111.970979, 40.548081 ], [ -111.974409, 40.551868 ], [ -111.977359, 40.555926 ], [ -111.978597, 40.561229 ], [ -111.979336, 40.56374 ], [ -111.9841, 40.567798 ], [ -111.985767, 40.569109 ], [ -111.992801, 40.571496 ], [ -111.993827, 40.571466 ], [ -111.9943, 40.571198 ], [ -112.002412, 40.572999 ], [ -112.003363, 40.575842 ], [ -112.00665, 40.576168 ], [ -112.015042, 40.575022 ], [ -112.015063, 40.575018 ], [ -112.016494, 40.5733 ], [ -112.016494, 40.573279 ], [ -112.016512, 40.571126 ], [ -112.021465, 40.565194 ], [ -112.029438, 40.569266 ], [ -112.03128, 40.570393 ], [ -112.03623, 40.569527 ], [ -112.037008, 40.567793 ], [ -112.036735, 40.564342 ], [ -112.036713, 40.564205 ], [ -112.033993, 40.557844 ], [ -112.039105, 40.551394 ], [ -112.041955, 40.551402 ], [ -112.042334, 40.551402 ], [ -112.044571, 40.551105 ], [ -112.053026, 40.55028 ], [ -112.054065, 40.550166 ], [ -112.056533, 40.549588 ], [ -112.056623, 40.549509 ], [ -112.058299, 40.54511 ], [ -112.058255, 40.544093 ] ] ] } },
{ "type": "Feature", "properties": { "group_index": 0, "value": 300.0, "center": [ -112.02485236555687, 40.56914309492343 ], "point_id": 0.0 }, "geometry": { "type": "Polygon", "coordinates": [ [ [ -112.035791, 40.567571 ], [ -112.035713, 40.567183 ], [ -112.035466, 40.566491 ], [ -112.035099, 40.565652 ], [ -112.033794, 40.565103 ], [ -112.03018, 40.566142 ], [ -112.025136, 40.567659 ], [ -112.023448, 40.570261 ], [ -112.018561, 40.572715 ], [ -112.01759, 40.573195 ], [ -112.018012, 40.575522 ], [ -112.019187, 40.576422 ], [ -112.020445, 40.576586 ], [ -112.020601, 40.576515 ], [ -112.025062, 40.57348 ], [ -112.029663, 40.572338 ], [ -112.033029, 40.571059 ], [ -112.035559, 40.568241 ], [ -112.035791, 40.567571 ] ] ] } },
{ "type": "Feature", "properties": { "group_index": 0, "value": 600.0, "center": [ -112.02485236555687, 40.56914309492343 ], "point_id": 0.0 }, "geometry": { "type": "Polygon", "coordinates": [ [ [ -112.052103, 40.564197 ], [ -112.048441, 40.559866 ], [ -112.043384, 40.558227 ], [ -112.041928, 40.557826 ], [ -112.041443, 40.557765 ], [ -112.040969, 40.557736 ], [ -112.032476, 40.555359 ], [ -112.032212, 40.554503 ], [ -112.031943, 40.553803 ], [ -112.031437, 40.552638 ], [ -112.031095, 40.551985 ], [ -112.030572, 40.551118 ], [ -112.02749, 40.552979 ], [ -112.021911, 40.559671 ], [ -112.021869, 40.559766 ], [ -112.021342, 40.561234 ], [ -112.020977, 40.563467 ], [ -112.013319, 40.566452 ], [ -112.012548, 40.566244 ], [ -112.012115, 40.566083 ], [ -112.011788, 40.566 ], [ -112.010834, 40.568034 ], [ -112.010614, 40.568757 ], [ -112.01073, 40.571842 ], [ -112.00492, 40.578484 ], [ -112.003274, 40.579849 ], [ -112.002711, 40.580583 ], [ -112.003379, 40.582812 ], [ -112.004334, 40.583796 ], [ -112.006978, 40.582861 ], [ -112.009099, 40.581427 ], [ -112.010656, 40.58037 ], [ -112.016113, 40.580331 ], [ -112.018961, 40.585501 ], [ -112.019559, 40.587613 ], [ -112.024257, 40.589913 ], [ -112.02429, 40.589912 ], [ -112.02429, 40.589912 ], [ -112.024324, 40.589912 ], [ -112.024631, 40.589734 ], [ -112.031119, 40.584674 ], [ -112.036599, 40.578558 ], [ -112.039212, 40.578828 ], [ -112.040089, 40.578829 ], [ -112.04327, 40.575189 ], [ -112.044464, 40.573527 ], [ -112.050192, 40.568407 ], [ -112.052101, 40.567797 ], [ -112.052103, 40.564197 ] ] ] } },
{ "type": "Feature", "properties": { "group_index": 0, "value": 900.0, "center": [ -112.02485236555687, 40.56914309492343 ], "point_id": 0.0 }, "geometry": { "type": "Polygon", "coordinates": [ [ [ -112.07003, 40.564226 ], [ -112.063599, 40.559589 ], [ -112.062929, 40.560062 ], [ -112.061931, 40.560676 ], [ -112.060929, 40.561292 ], [ -112.054037, 40.564293 ], [ -112.048441, 40.559866 ], [ -112.043384, 40.558227 ], [ -112.044168, 40.550539 ], [ -112.045126, 40.549212 ], [ -112.045125, 40.549068 ], [ -112.045125, 40.548934 ], [ -112.045125, 40.548787 ], [ -112.043723, 40.545158 ], [ -112.043522, 40.54453 ], [ -112.04334, 40.544231 ], [ -112.043216, 40.544063 ], [ -112.040396, 40.542626 ], [ -112.034455, 40.541514 ], [ -112.033925, 40.541453 ], [ -112.026118, 40.541533 ], [ -112.02462, 40.540994 ], [ -112.019983, 40.539878 ], [ -112.017376, 40.54236 ], [ -112.014096, 40.54778 ], [ -112.009578, 40.5537 ], [ -112.002664, 40.558527 ], [ -112.002599, 40.558572 ], [ -112.002109, 40.559025 ], [ -111.99777, 40.562919 ], [ -111.996431, 40.564188 ], [ -111.993651, 40.57262 ], [ -111.993581, 40.572801 ], [ -111.98979, 40.579533 ], [ -111.988384, 40.58102 ], [ -111.987752, 40.582573 ], [ -111.987526, 40.583172 ], [ -111.987483, 40.583569 ], [ -111.987483, 40.584464 ], [ -111.987639, 40.588418 ], [ -111.988101, 40.589419 ], [ -111.988422, 40.589679 ], [ -111.989095, 40.589918 ], [ -111.990017, 40.590061 ], [ -111.99783, 40.592682 ], [ -112.000362, 40.595012 ], [ -112.000523, 40.595138 ], [ -112.004294, 40.597342 ], [ -112.004523, 40.597416 ], [ -112.004712, 40.597433 ], [ -112.005088, 40.597452 ], [ -112.005583, 40.59742 ], [ -112.00613, 40.597374 ], [ -112.015049, 40.59797 ], [ -112.015227, 40.598191 ], [ -112.015615, 40.598632 ], [ -112.015938, 40.598913 ], [ -112.016133, 40.599056 ], [ -112.022379, 40.601676 ], [ -112.024897, 40.602837 ], [ -112.025009, 40.602838 ], [ -112.029041, 40.600791 ], [ -112.03325, 40.596998 ], [ -112.03961, 40.59283 ], [ -112.03967, 40.592793 ], [ -112.045112, 40.587938 ], [ -112.050316, 40.583134 ], [ -112.056002, 40.576422 ], [ -112.057422, 40.575534 ], [ -112.064232, 40.571669 ], [ -112.070022, 40.567826 ], [ -112.07003, 40.564226 ] ] ] } },
{ "type": "Feature", "properties": { "group_index": 0, "value": 300.0, "center": [ -111.97131699359757, 40.594915611589975 ], "point_id": 0.0 }, "geometry": { "type": "Polygon", "coordinates": [ [ [ -111.986172, 40.59096 ], [ -111.986042, 40.590679 ], [ -111.984357, 40.589477 ], [ -111.983834, 40.589641 ], [ -111.983737, 40.589791 ], [ -111.981169, 40.592289 ], [ -111.97731, 40.588309 ], [ -111.97731, 40.588114 ], [ -111.977301, 40.58809 ], [ -111.977108, 40.587558 ], [ -111.976638, 40.586003 ], [ -111.975312, 40.585061 ], [ -111.97319, 40.583614 ], [ -111.973059, 40.583558 ], [ -111.972031, 40.583625 ], [ -111.967158, 40.584799 ], [ -111.965691, 40.585954 ], [ -111.964113, 40.587211 ], [ -111.959794, 40.590541 ], [ -111.95848, 40.592301 ], [ -111.958258, 40.595463 ], [ -111.959143, 40.596968 ], [ -111.962033, 40.599449 ], [ -111.966908, 40.602201 ], [ -111.967308, 40.602193 ], [ -111.969287, 40.601877 ], [ -111.973164, 40.600447 ], [ -111.97381, 40.600235 ], [ -111.974188, 40.600109 ], [ -111.979758, 40.599416 ], [ -111.981962, 40.598383 ], [ -111.983717, 40.596612 ], [ -111.985158, 40.594746 ], [ -111.986172, 40.59096 ] ] ] } },
{ "type": "Feature", "properties": { "group_index": 0, "value": 600.0, "center": [ -111.97131699359757, 40.594915611589975 ], "point_id": 0.0 }, "geometry": { "type": "Polygon", "coordinates": [ [ [ -111.999546, 40.589703 ], [ -111.999555, 40.586103 ], [ -111.998353, 40.584572 ], [ -111.996602, 40.583587 ], [ -111.990298, 40.579332 ], [ -111.987876, 40.577606 ], [ -111.981816, 40.576133 ], [ -111.974846, 40.574587 ], [ -111.972272, 40.572668 ], [ -111.967573, 40.571425 ], [ -111.967464, 40.571424 ], [ -111.967175, 40.571422 ], [ -111.967051, 40.571421 ], [ -111.964944, 40.572049 ], [ -111.959388, 40.577509 ], [ -111.957308, 40.578051 ], [ -111.95619, 40.578718 ], [ -111.952603, 40.58181 ], [ -111.947924, 40.585959 ], [ -111.946434, 40.587531 ], [ -111.942812, 40.592209 ], [ -111.94196, 40.594139 ], [ -111.941815, 40.594621 ], [ -111.942158, 40.595326 ], [ -111.946666, 40.602808 ], [ -111.947285, 40.603337 ], [ -111.953923, 40.606511 ], [ -111.95758, 40.609244 ], [ -111.960424, 40.611299 ], [ -111.966275, 40.615747 ], [ -111.966441, 40.615747 ], [ -111.969443, 40.61551 ], [ -111.969684, 40.615468 ], [ -111.969699, 40.61546 ], [ -111.974419, 40.611344 ], [ -111.98066, 40.608075 ], [ -111.984489, 40.607673 ], [ -111.986546, 40.607744 ], [ -111.986924, 40.607742 ], [ -111.993524, 40.602805 ], [ -111.994845, 40.601897 ], [ -111.995332, 40.601203 ], [ -111.996249, 40.599432 ], [ -111.99731, 40.596877 ], [ -111.999546, 40.589703 ] ] ] } },
{ "type": "Feature", "properties": { "group_index": 0, "value": 900.0, "center": [ -111.97131699359757, 40.594915611589975 ], "point_id": 0.0 }, "geometry": { "type": "Polygon", "coordinates": [ [ [ -112.016668, 40.588111 ], [ -112.016602, 40.586113 ], [ -112.013069, 40.579436 ], [ -112.011469, 40.576211 ], [ -112.004371, 40.573533 ], [ -112.004007, 40.573554 ], [ -112.003418, 40.573651 ], [ -111.997257, 40.572136 ], [ -111.995059, 40.567631 ], [ -111.99501, 40.567595 ], [ -111.987722, 40.564192 ], [ -111.98635, 40.563246 ], [ -111.986245, 40.563245 ], [ -111.981522, 40.564075 ], [ -111.980641, 40.564213 ], [ -111.972569, 40.561378 ], [ -111.970105, 40.55986 ], [ -111.967657, 40.557993 ], [ -111.967429, 40.557994 ], [ -111.966128, 40.558507 ], [ -111.963743, 40.560393 ], [ -111.9578, 40.564026 ], [ -111.95116, 40.568214 ], [ -111.947685, 40.571414 ], [ -111.942336, 40.576352 ], [ -111.939589, 40.578288 ], [ -111.933121, 40.583498 ], [ -111.93018, 40.586 ], [ -111.928543, 40.587802 ], [ -111.925068, 40.593785 ], [ -111.925047, 40.593886 ], [ -111.925152, 40.595457 ], [ -111.925295, 40.596648 ], [ -111.925336, 40.596751 ], [ -111.928897, 40.600963 ], [ -111.930526, 40.602832 ], [ -111.933207, 40.605738 ], [ -111.937174, 40.610546 ], [ -111.938541, 40.611335 ], [ -111.945307, 40.61574 ], [ -111.946091, 40.616351 ], [ -111.953243, 40.619964 ], [ -111.956044, 40.621927 ], [ -111.961992, 40.626122 ], [ -111.967362, 40.62983 ], [ -111.96773, 40.629831 ], [ -111.970928, 40.62795 ], [ -111.973137, 40.626345 ], [ -111.973789, 40.625795 ], [ -111.974033, 40.625559 ], [ -111.977399, 40.622813 ], [ -111.983675, 40.619585 ], [ -111.988025, 40.618276 ], [ -111.990406, 40.61394 ], [ -111.997951, 40.612355 ], [ -111.998578, 40.612314 ], [ -112.000648, 40.611208 ], [ -112.001613, 40.609388 ], [ -112.002333, 40.605917 ], [ -112.000594, 40.602813 ], [ -112.006222, 40.597437 ], [ -112.006285, 40.597437 ], [ -112.006347, 40.597437 ], [ -112.006555, 40.597374 ], [ -112.007541, 40.596618 ], [ -112.008457, 40.595932 ], [ -112.01129, 40.593073 ], [ -112.0166, 40.589713 ], [ -112.016668, 40.588111 ] ] ] } },
{ "type": "Feature", "properties": { "group_index": 0, "value": 300.0, "center": [ -111.93610788477106, 40.60500221966745 ], "point_id": 0.0 }, "geometry": { "type": "Polygon", "coordinates": [ [ [ -111.948178, 40.604813 ], [ -111.946428, 40.603048 ], [ -111.944184, 40.600918 ], [ -111.940288, 40.597797 ], [ -111.938779, 40.596779 ], [ -111.938733, 40.596778 ], [ -111.937446, 40.597647 ], [ -111.933556, 40.600399 ], [ -111.932583, 40.601544 ], [ -111.93232, 40.602239 ], [ -111.932285, 40.602594 ], [ -111.932285, 40.60306 ], [ -111.933039, 40.60893 ], [ -111.932934, 40.609538 ], [ -111.932935, 40.609639 ], [ -111.934593, 40.611333 ], [ -111.936427, 40.612728 ], [ -111.938058, 40.613966 ], [ -111.938567, 40.613966 ], [ -111.939095, 40.613733 ], [ -111.94058, 40.612715 ], [ -111.942351, 40.611219 ], [ -111.947335, 40.608289 ], [ -111.948549, 40.606256 ], [ -111.948178, 40.604813 ] ] ] } },
{ "type": "Feature", "properties": { "group_index": 0, "value": 600.0, "center": [ -111.93610788477106, 40.60500221966745 ], "point_id": 0.0 }, "geometry": { "type": "Polygon", "coordinates": [ [ [ -111.96216, 40.609349 ], [ -111.962159, 40.609261 ], [ -111.96066, 40.602261 ], [ -111.959606, 40.5965 ], [ -111.953033, 40.592576 ], [ -111.948919, 40.590096 ], [ -111.942091, 40.585938 ], [ -111.938702, 40.583302 ], [ -111.938548, 40.583301 ], [ -111.935278, 40.585713 ], [ -111.930616, 40.589242 ], [ -111.926803, 40.591979 ], [ -111.926196, 40.592406 ], [ -111.925325, 40.593108 ], [ -111.923112, 40.595245 ], [ -111.920804, 40.598008 ], [ -111.920701, 40.601298 ], [ -111.917092, 40.608407 ], [ -111.916691, 40.610712 ], [ -111.916728, 40.610866 ], [ -111.916949, 40.611305 ], [ -111.917328, 40.612 ], [ -111.91939, 40.612397 ], [ -111.922581, 40.613682 ], [ -111.926637, 40.619057 ], [ -111.932341, 40.623623 ], [ -111.937274, 40.62697 ], [ -111.938797, 40.627816 ], [ -111.938946, 40.627817 ], [ -111.939727, 40.6273 ], [ -111.941691, 40.625855 ], [ -111.943093, 40.624255 ], [ -111.949856, 40.619989 ], [ -111.949992, 40.619927 ], [ -111.955527, 40.615317 ], [ -111.960661, 40.611299 ], [ -111.962028, 40.609816 ], [ -111.96216, 40.609349 ] ] ] } },
{ "type": "Feature", "properties": { "group_index": 0, "value": 900.0, "center": [ -111.93610788477106, 40.60500221966745 ], "point_id": 0.0 }, "geometry": { "type": "Polygon", "coordinates": [ [ [ -111.97857, 40.607625 ], [ -111.974773, 40.602927 ], [ -111.97377, 40.594582 ], [ -111.973663, 40.593197 ], [ -111.973492, 40.592766 ], [ -111.971164, 40.589683 ], [ -111.964824, 40.586338 ], [ -111.961015, 40.583434 ], [ -111.959605, 40.583019 ], [ -111.956462, 40.582964 ], [ -111.950037, 40.57788 ], [ -111.949222, 40.576495 ], [ -111.949158, 40.576447 ], [ -111.942736, 40.572498 ], [ -111.94144, 40.571516 ], [ -111.939781, 40.571196 ], [ -111.938896, 40.571186 ], [ -111.938477, 40.571186 ], [ -111.937648, 40.571194 ], [ -111.936628, 40.571322 ], [ -111.935942, 40.571835 ], [ -111.934408, 40.573431 ], [ -111.927273, 40.57806 ], [ -111.926143, 40.578671 ], [ -111.92336, 40.580468 ], [ -111.918807, 40.583856 ], [ -111.916219, 40.586024 ], [ -111.916261, 40.589624 ], [ -111.913913, 40.595479 ], [ -111.911643, 40.598115 ], [ -111.90897, 40.60011 ], [ -111.908565, 40.600403 ], [ -111.906676, 40.601891 ], [ -111.904912, 40.603602 ], [ -111.899488, 40.609124 ], [ -111.898129, 40.610188 ], [ -111.89807, 40.610285 ], [ -111.897888, 40.610898 ], [ -111.897888, 40.610956 ], [ -111.89796, 40.611141 ], [ -111.89947, 40.612724 ], [ -111.903038, 40.61518 ], [ -111.908556, 40.620679 ], [ -111.910062, 40.621922 ], [ -111.912919, 40.623586 ], [ -111.913196, 40.623736 ], [ -111.917657, 40.625398 ], [ -111.924816, 40.63052 ], [ -111.925628, 40.632024 ], [ -111.931223, 40.636425 ], [ -111.936752, 40.640113 ], [ -111.938745, 40.641436 ], [ -111.938751, 40.641436 ], [ -111.940269, 40.640478 ], [ -111.940444, 40.640309 ], [ -111.9425, 40.638066 ], [ -111.949724, 40.633442 ], [ -111.951071, 40.63254 ], [ -111.957211, 40.62792 ], [ -111.959922, 40.625842 ], [ -111.964291, 40.622403 ], [ -111.967448, 40.620673 ], [ -111.974306, 40.615266 ], [ -111.978567, 40.611225 ], [ -111.97857, 40.607625 ] ] ] } },
{ "type": "Feature", "properties": { "group_index": 0, "value": 300.0, "center": [ -111.9237724, 40.608322 ], "point_id": 0.0 }, "geometry": { "type": "Polygon", "coordinates": [ [ [ -111.939265, 40.609784 ], [ -111.938946, 40.609185 ], [ -111.937728, 40.607732 ], [ -111.937297, 40.607446 ], [ -111.936283, 40.606763 ], [ -111.931835, 40.603345 ], [ -111.930167, 40.601928 ], [ -111.929315, 40.601932 ], [ -111.927405, 40.602942 ], [ -111.922373, 40.600402 ], [ -111.92233, 40.599695 ], [ -111.92224, 40.599225 ], [ -111.921913, 40.598475 ], [ -111.921526, 40.597934 ], [ -111.919597, 40.596655 ], [ -111.916392, 40.598295 ], [ -111.917109, 40.599696 ], [ -111.915258, 40.604246 ], [ -111.913563, 40.605042 ], [ -111.909743, 40.608302 ], [ -111.908481, 40.610003 ], [ -111.908486, 40.61126 ], [ -111.909601, 40.6125 ], [ -111.911895, 40.614672 ], [ -111.914536, 40.616452 ], [ -111.918793, 40.618982 ], [ -111.922386, 40.619211 ], [ -111.922412, 40.618801 ], [ -111.927397, 40.61589 ], [ -111.929197, 40.615868 ], [ -111.931239, 40.615992 ], [ -111.931555, 40.615992 ], [ -111.935486, 40.61267 ], [ -111.937723, 40.611332 ], [ -111.939264, 40.609797 ], [ -111.939265, 40.609784 ] ] ] } },
{ "type": "Feature", "properties": { "group_index": 0, "value": 600.0, "center": [ -111.9237724, 40.608322 ], "point_id": 0.0 }, "geometry": { "type": "Polygon", "coordinates": [ [ [ -111.957182, 40.609602 ], [ -111.955463, 40.607689 ], [ -111.949257, 40.602918 ], [ -111.945358, 40.600256 ], [ -111.942668, 40.598356 ], [ -111.937068, 40.593239 ], [ -111.936049, 40.592229 ], [ -111.93398, 40.590538 ], [ -111.932102, 40.589433 ], [ -111.930198, 40.588371 ], [ -111.929937, 40.58837 ], [ -111.927397, 40.589032 ], [ -111.922572, 40.588813 ], [ -111.918747, 40.586296 ], [ -111.918493, 40.586236 ], [ -111.918266, 40.586248 ], [ -111.916556, 40.587661 ], [ -111.908397, 40.59046 ], [ -111.905023, 40.594209 ], [ -111.903716, 40.596356 ], [ -111.899198, 40.602909 ], [ -111.897603, 40.604122 ], [ -111.892268, 40.608381 ], [ -111.890126, 40.610862 ], [ -111.890125, 40.610905 ], [ -111.891755, 40.612734 ], [ -111.89318, 40.61388 ], [ -111.895419, 40.615612 ], [ -111.897216, 40.616904 ], [ -111.903367, 40.622644 ], [ -111.907993, 40.626299 ], [ -111.9098, 40.627669 ], [ -111.914362, 40.629334 ], [ -111.914395, 40.629334 ], [ -111.921, 40.630314 ], [ -111.923008, 40.632111 ], [ -111.923121, 40.632168 ], [ -111.923811, 40.632127 ], [ -111.923928, 40.632113 ], [ -111.923932, 40.632113 ], [ -111.924065, 40.632097 ], [ -111.929299, 40.631141 ], [ -111.929609, 40.630997 ], [ -111.935595, 40.626293 ], [ -111.938843, 40.623961 ], [ -111.940578, 40.622219 ], [ -111.944729, 40.618187 ], [ -111.949907, 40.615924 ], [ -111.951472, 40.614621 ], [ -111.957169, 40.609818 ], [ -111.957182, 40.609602 ] ] ] } },
{ "type": "Feature", "properties": { "group_index": 0, "value": 900.0, "center": [ -111.9237724, 40.608322 ], "point_id": 0.0 }, "geometry": { "type": "Polygon", "coordinates": [ [ [ -111.9747, 40.609249 ], [ -111.974248, 40.608627 ], [ -111.971644, 40.605758 ], [ -111.965353, 40.601106 ], [ -111.960013, 40.595185 ], [ -111.959692, 40.594798 ], [ -111.959452, 40.594548 ], [ -111.958117, 40.593374 ], [ -111.957895, 40.593262 ], [ -111.950046, 40.589802 ], [ -111.946823, 40.586884 ], [ -111.940797, 40.58156 ], [ -111.938664, 40.580409 ], [ -111.931506, 40.575703 ], [ -111.929418, 40.574139 ], [ -111.929183, 40.574139 ], [ -111.927383, 40.575957 ], [ -111.920432, 40.577919 ], [ -111.919091, 40.57806 ], [ -111.910763, 40.578365 ], [ -111.910125, 40.5785 ], [ -111.905098, 40.579612 ], [ -111.902457, 40.581968 ], [ -111.896073, 40.586328 ], [ -111.894437, 40.588137 ], [ -111.894438, 40.588175 ], [ -111.894438, 40.588175 ], [ -111.894439, 40.588213 ], [ -111.893772, 40.593227 ], [ -111.890039, 40.596067 ], [ -111.885237, 40.598742 ], [ -111.884267, 40.599374 ], [ -111.880086, 40.603678 ], [ -111.876833, 40.606802 ], [ -111.875819, 40.607743 ], [ -111.874112, 40.609524 ], [ -111.874111, 40.609598 ], [ -111.87438, 40.610492 ], [ -111.877288, 40.615092 ], [ -111.879709, 40.617866 ], [ -111.885744, 40.622588 ], [ -111.8873, 40.623957 ], [ -111.890117, 40.626356 ], [ -111.897136, 40.631021 ], [ -111.898369, 40.63286 ], [ -111.899957, 40.634526 ], [ -111.900143, 40.634662 ], [ -111.900279, 40.634654 ], [ -111.907638, 40.637465 ], [ -111.908424, 40.639643 ], [ -111.910217, 40.641378 ], [ -111.918933, 40.642414 ], [ -111.920561, 40.642773 ], [ -111.921931, 40.643103 ], [ -111.92211, 40.643148 ], [ -111.928986, 40.643154 ], [ -111.931878, 40.643927 ], [ -111.932124, 40.64388 ], [ -111.935707, 40.639734 ], [ -111.939837, 40.637295 ], [ -111.940025, 40.637154 ], [ -111.943215, 40.633559 ], [ -111.948906, 40.63016 ], [ -111.949615, 40.629875 ], [ -111.949759, 40.629798 ], [ -111.952378, 40.627566 ], [ -111.958748, 40.622838 ], [ -111.962532, 40.620583 ], [ -111.967526, 40.615873 ], [ -111.970634, 40.613721 ], [ -111.97316, 40.611281 ], [ -111.974702, 40.609299 ], [ -111.9747, 40.609249 ] ] ] } },
{ "type": "Feature", "properties": { "group_index": 0, "value": 300.0, "center": [ -111.9574378, 40.5989091 ], "point_id": 0.0 }, "geometry": { "type": "Polygon", "coordinates": [ [ [ -111.969213, 40.594515 ], [ -111.96849, 40.593321 ], [ -111.966051, 40.590524 ], [ -111.961825, 40.588291 ], [ -111.958727, 40.585962 ], [ -111.957913, 40.585389 ], [ -111.957909, 40.585389 ], [ -111.956886, 40.58596 ], [ -111.955999, 40.587041 ], [ -111.951901, 40.591258 ], [ -111.948587, 40.592235 ], [ -111.946446, 40.597081 ], [ -111.943298, 40.600547 ], [ -111.941704, 40.602199 ], [ -111.941704, 40.602262 ], [ -111.943297, 40.604147 ], [ -111.947821, 40.606653 ], [ -111.948008, 40.606655 ], [ -111.948699, 40.606519 ], [ -111.950501, 40.606283 ], [ -111.955013, 40.609756 ], [ -111.956506, 40.611355 ], [ -111.95792, 40.611898 ], [ -111.959034, 40.611301 ], [ -111.961804, 40.609416 ], [ -111.963321, 40.607607 ], [ -111.963431, 40.605221 ], [ -111.962951, 40.601843 ], [ -111.962951, 40.60087 ], [ -111.967445, 40.596921 ], [ -111.96849, 40.596921 ], [ -111.969141, 40.595983 ], [ -111.969213, 40.594515 ] ] ] } },
{ "type": "Feature", "properties": { "group_index": 0, "value": 600.0, "center": [ -111.9574378, 40.5989091 ], "point_id": 0.0 }, "geometry": { "type": "Polygon", "coordinates": [ [ [ -111.984864, 40.59098 ], [ -111.977919, 40.585988 ], [ -111.974002, 40.583291 ], [ -111.967565, 40.579037 ], [ -111.960936, 40.574159 ], [ -111.959597, 40.573577 ], [ -111.955997, 40.573572 ], [ -111.955106, 40.573699 ], [ -111.953353, 40.57506 ], [ -111.95178, 40.576515 ], [ -111.945139, 40.58151 ], [ -111.938542, 40.585872 ], [ -111.936539, 40.587444 ], [ -111.931748, 40.591422 ], [ -111.929943, 40.593029 ], [ -111.927893, 40.598784 ], [ -111.927288, 40.600496 ], [ -111.927288, 40.600942 ], [ -111.927284, 40.60208 ], [ -111.927401, 40.602691 ], [ -111.928747, 40.604027 ], [ -111.93349, 40.609672 ], [ -111.935074, 40.611331 ], [ -111.936885, 40.612728 ], [ -111.938517, 40.613966 ], [ -111.944256, 40.617572 ], [ -111.948142, 40.620306 ], [ -111.955465, 40.624385 ], [ -111.956577, 40.624382 ], [ -111.957687, 40.624346 ], [ -111.959612, 40.623921 ], [ -111.967047, 40.619938 ], [ -111.973918, 40.614428 ], [ -111.977204, 40.611201 ], [ -111.976593, 40.607653 ], [ -111.976143, 40.604022 ], [ -111.980547, 40.598723 ], [ -111.981249, 40.598514 ], [ -111.981526, 40.598391 ], [ -111.983934, 40.593361 ], [ -111.984924, 40.591102 ], [ -111.984864, 40.59098 ] ] ] } },
{ "type": "Feature", "properties": { "group_index": 0, "value": 900.0, "center": [ -111.9574378, 40.5989091 ], "point_id": 0.0 }, "geometry": { "type": "Polygon", "coordinates": [ [ [ -111.996163, 40.609274 ], [ -111.995286, 40.607582 ], [ -111.995941, 40.599435 ], [ -111.996888, 40.596049 ], [ -111.998794, 40.589701 ], [ -111.998804, 40.586101 ], [ -111.995559, 40.584102 ], [ -111.992143, 40.582048 ], [ -111.987238, 40.578405 ], [ -111.982811, 40.575967 ], [ -111.975362, 40.57146 ], [ -111.974612, 40.57087 ], [ -111.973327, 40.5699 ], [ -111.970583, 40.56781 ], [ -111.967182, 40.565476 ], [ -111.96056, 40.560412 ], [ -111.957837, 40.559067 ], [ -111.954758, 40.560522 ], [ -111.947848, 40.565717 ], [ -111.939814, 40.568788 ], [ -111.937733, 40.571193 ], [ -111.936884, 40.572436 ], [ -111.934341, 40.575963 ], [ -111.929148, 40.579835 ], [ -111.924632, 40.583089 ], [ -111.920801, 40.585938 ], [ -111.917915, 40.589717 ], [ -111.914602, 40.59268 ], [ -111.914886, 40.594681 ], [ -111.916458, 40.59682 ], [ -111.916703, 40.597152 ], [ -111.917142, 40.597605 ], [ -111.917569, 40.597911 ], [ -111.917782, 40.598074 ], [ -111.919954, 40.60662 ], [ -111.918441, 40.607795 ], [ -111.917383, 40.608383 ], [ -111.916951, 40.60968 ], [ -111.916941, 40.609714 ], [ -111.916691, 40.610712 ], [ -111.916704, 40.610768 ], [ -111.916949, 40.611305 ], [ -111.917721, 40.611967 ], [ -111.917941, 40.612096 ], [ -111.922749, 40.613446 ], [ -111.926079, 40.61729 ], [ -111.926284, 40.617551 ], [ -111.928267, 40.619776 ], [ -111.932739, 40.623622 ], [ -111.936417, 40.626067 ], [ -111.939153, 40.627296 ], [ -111.943852, 40.631536 ], [ -111.947872, 40.633584 ], [ -111.950934, 40.635148 ], [ -111.957471, 40.638938 ], [ -111.957703, 40.638939 ], [ -111.960423, 40.637894 ], [ -111.96773, 40.632741 ], [ -111.971768, 40.629764 ], [ -111.977416, 40.625673 ], [ -111.982554, 40.619439 ], [ -111.985262, 40.618591 ], [ -111.987809, 40.617066 ], [ -111.990283, 40.614042 ], [ -111.995299, 40.611182 ], [ -111.996162, 40.609393 ], [ -111.996163, 40.609274 ] ] ] } },
{ "type": "Feature", "properties": { "group_index": 0, "value": 300.0, "center": [ -112.00373136762775, 40.581708696534704 ], "point_id": 0.0 }, "geometry": { "type": "Polygon", "coordinates": [ [ [ -112.015726, 40.585169 ], [ -112.014061, 40.581596 ], [ -112.017633, 40.577443 ], [ -112.017634, 40.577191 ], [ -112.016477, 40.57469 ], [ -112.016037, 40.573964 ], [ -112.014941, 40.573539 ], [ -112.010846, 40.573269 ], [ -112.008767, 40.570808 ], [ -112.008601, 40.570703 ], [ -112.007538, 40.570408 ], [ -112.004937, 40.570036 ], [ -112.004746, 40.570038 ], [ -112.003368, 40.570915 ], [ -112.003157, 40.571842 ], [ -111.998487, 40.574728 ], [ -111.998178, 40.574681 ], [ -111.997693, 40.574682 ], [ -111.997096, 40.574651 ], [ -111.996723, 40.575025 ], [ -111.992213, 40.578649 ], [ -111.989725, 40.581497 ], [ -111.988541, 40.582853 ], [ -111.988489, 40.584418 ], [ -111.988489, 40.584521 ], [ -111.989648, 40.589673 ], [ -111.990023, 40.58972 ], [ -111.991446, 40.589754 ], [ -111.996084, 40.587855 ], [ -112.000792, 40.589979 ], [ -112.002019, 40.591968 ], [ -112.0034, 40.592531 ], [ -112.004587, 40.592876 ], [ -112.006778, 40.593049 ], [ -112.006805, 40.593049 ], [ -112.006832, 40.593049 ], [ -112.006989, 40.592968 ], [ -112.008606, 40.591303 ], [ -112.012088, 40.589176 ], [ -112.015368, 40.587445 ], [ -112.016081, 40.58582 ], [ -112.015726, 40.585169 ] ] ] } },
{ "type": "Feature", "properties": { "group_index": 0, "value": 600.0, "center": [ -112.00373136762775, 40.581708696534704 ], "point_id": 0.0 }, "geometry": { "type": "Polygon", "coordinates": [ [ [ -112.031369, 40.588121 ], [ -112.031054, 40.585935 ], [ -112.030932, 40.577939 ], [ -112.032756, 40.569746 ], [ -112.032941, 40.5691 ], [ -112.032938, 40.568469 ], [ -112.03269, 40.567721 ], [ -112.030904, 40.566569 ], [ -112.025136, 40.567659 ], [ -112.023211, 40.568204 ], [ -112.016139, 40.563568 ], [ -112.014849, 40.561558 ], [ -112.014815, 40.561519 ], [ -112.012502, 40.56003 ], [ -112.00519, 40.555866 ], [ -112.005176, 40.555866 ], [ -112.005094, 40.555866 ], [ -112.00508, 40.555866 ], [ -111.998041, 40.560725 ], [ -111.994343, 40.563399 ], [ -111.992287, 40.565894 ], [ -111.986314, 40.568883 ], [ -111.982721, 40.571483 ], [ -111.978111, 40.578341 ], [ -111.977195, 40.579478 ], [ -111.97613, 40.581752 ], [ -111.970548, 40.587656 ], [ -111.970547, 40.587664 ], [ -111.971061, 40.589246 ], [ -111.974977, 40.594394 ], [ -111.976666, 40.595682 ], [ -111.976669, 40.595684 ], [ -111.98284, 40.598389 ], [ -111.985637, 40.599664 ], [ -111.985911, 40.599665 ], [ -111.987289, 40.59964 ], [ -111.989236, 40.598107 ], [ -111.997681, 40.599227 ], [ -111.998899, 40.602798 ], [ -111.998907, 40.602824 ], [ -111.998907, 40.602824 ], [ -111.998914, 40.60285 ], [ -112.002363, 40.60596 ], [ -112.004724, 40.607189 ], [ -112.004735, 40.607189 ], [ -112.005894, 40.607168 ], [ -112.007096, 40.605827 ], [ -112.014471, 40.602859 ], [ -112.018987, 40.6002 ], [ -112.019692, 40.5996 ], [ -112.026025, 40.593362 ], [ -112.030992, 40.589534 ], [ -112.031393, 40.5885 ], [ -112.031369, 40.588121 ] ] ] } },
{ "type": "Feature", "properties": { "group_index": 0, "value": 900.0, "center": [ -112.00373136762775, 40.581708696534704 ], "point_id": 0.0 }, "geometry": { "type": "Polygon", "coordinates": [ [ [ -112.048987, 40.583922 ], [ -112.047435, 40.580674 ], [ -112.045436, 40.579208 ], [ -112.04338, 40.576498 ], [ -112.046647, 40.569012 ], [ -112.048638, 40.567794 ], [ -112.050359, 40.566335 ], [ -112.050369, 40.566064 ], [ -112.04864, 40.564194 ], [ -112.043904, 40.560457 ], [ -112.040277, 40.559338 ], [ -112.034111, 40.557596 ], [ -112.032212, 40.554503 ], [ -112.031988, 40.553917 ], [ -112.024788, 40.551757 ], [ -112.023257, 40.551054 ], [ -112.016064, 40.546761 ], [ -112.01196, 40.546282 ], [ -112.009237, 40.545967 ], [ -112.001693, 40.545203 ], [ -112.001449, 40.545283 ], [ -111.99588, 40.547479 ], [ -111.992085, 40.549266 ], [ -111.988673, 40.551564 ], [ -111.982422, 40.557232 ], [ -111.980458, 40.558721 ], [ -111.978437, 40.560145 ], [ -111.976651, 40.561925 ], [ -111.970976, 40.568555 ], [ -111.967575, 40.571425 ], [ -111.967337, 40.571908 ], [ -111.967257, 40.572285 ], [ -111.963357, 40.579708 ], [ -111.961278, 40.581219 ], [ -111.959453, 40.582096 ], [ -111.957787, 40.582963 ], [ -111.955661, 40.584148 ], [ -111.953332, 40.585946 ], [ -111.953315, 40.589546 ], [ -111.959608, 40.595125 ], [ -111.962248, 40.600182 ], [ -111.968693, 40.605361 ], [ -111.970382, 40.607276 ], [ -111.970985, 40.607565 ], [ -111.971273, 40.607648 ], [ -111.971577, 40.607641 ], [ -111.972487, 40.60733 ], [ -111.980652, 40.608022 ], [ -111.982489, 40.610588 ], [ -111.982997, 40.611344 ], [ -111.984852, 40.613291 ], [ -111.985082, 40.613463 ], [ -111.985243, 40.61353 ], [ -111.987093, 40.613172 ], [ -111.987242, 40.612995 ], [ -111.99024, 40.611142 ], [ -111.996541, 40.615715 ], [ -111.998681, 40.616708 ], [ -112.003521, 40.619556 ], [ -112.006177, 40.620311 ], [ -112.006186, 40.620311 ], [ -112.006474, 40.620239 ], [ -112.007612, 40.61958 ], [ -112.010651, 40.617589 ], [ -112.014174, 40.614682 ], [ -112.017569, 40.61185 ], [ -112.018343, 40.611255 ], [ -112.025742, 40.607554 ], [ -112.030812, 40.604128 ], [ -112.035827, 40.600198 ], [ -112.041898, 40.595573 ], [ -112.04284, 40.594845 ], [ -112.044581, 40.59314 ], [ -112.04795, 40.589763 ], [ -112.048987, 40.583922 ] ] ] } },
{ "type": "Feature", "properties": { "group_index": 0, "value": 300.0, "center": [ -111.91371642770703, 40.61745831778915 ], "point_id": 0.0 }, "geometry": { "type": "Polygon", "coordinates": [ [ [ -111.922202, 40.621224 ], [ -111.921591, 40.618121 ], [ -111.921831, 40.613587 ], [ -111.921833, 40.613063 ], [ -111.921807, 40.612881 ], [ -111.918757, 40.609793 ], [ -111.916199, 40.608466 ], [ -111.915762, 40.608349 ], [ -111.915626, 40.608354 ], [ -111.915626, 40.608354 ], [ -111.915489, 40.60836 ], [ -111.910263, 40.610155 ], [ -111.909416, 40.610793 ], [ -111.907721, 40.61208 ], [ -111.905662, 40.615975 ], [ -111.904019, 40.619062 ], [ -111.903909, 40.62266 ], [ -111.908378, 40.625757 ], [ -111.90917, 40.626774 ], [ -111.910322, 40.627353 ], [ -111.910386, 40.627353 ], [ -111.913545, 40.626633 ], [ -111.9165, 40.626462 ], [ -111.91656, 40.626448 ], [ -111.919902, 40.625508 ], [ -111.921578, 40.623716 ], [ -111.922202, 40.621224 ] ] ] } },
{ "type": "Feature", "properties": { "group_index": 0, "value": 600.0, "center": [ -111.91371642770703, 40.61745831778915 ], "point_id": 0.0 }, "geometry": { "type": "Polygon", "coordinates": [ [ [ -111.939144, 40.623953 ], [ -111.939145, 40.623873 ], [ -111.937618, 40.622254 ], [ -111.934885, 40.617385 ], [ -111.93499, 40.609993 ], [ -111.934991, 40.609919 ], [ -111.933946, 40.60773 ], [ -111.931517, 40.605932 ], [ -111.929637, 40.604881 ], [ -111.922274, 40.601354 ], [ -111.919958, 40.59913 ], [ -111.914946, 40.598828 ], [ -111.910271, 40.596712 ], [ -111.910004, 40.596707 ], [ -111.909776, 40.596773 ], [ -111.903124, 40.601821 ], [ -111.900179, 40.604127 ], [ -111.893031, 40.609462 ], [ -111.892744, 40.610584 ], [ -111.888026, 40.617704 ], [ -111.886299, 40.61899 ], [ -111.885219, 40.620918 ], [ -111.885221, 40.621231 ], [ -111.886287, 40.62259 ], [ -111.887842, 40.623961 ], [ -111.889814, 40.625609 ], [ -111.897134, 40.630843 ], [ -111.898804, 40.632749 ], [ -111.900505, 40.63448 ], [ -111.907432, 40.638405 ], [ -111.909151, 40.640147 ], [ -111.909338, 40.640176 ], [ -111.911762, 40.640047 ], [ -111.911773, 40.640045 ], [ -111.913151, 40.638794 ], [ -111.914833, 40.637198 ], [ -111.923135, 40.633817 ], [ -111.925408, 40.634605 ], [ -111.929322, 40.632198 ], [ -111.92993, 40.631788 ], [ -111.931223, 40.630819 ], [ -111.937624, 40.625854 ], [ -111.938994, 40.624488 ], [ -111.939144, 40.623953 ] ] ] } },
{ "type": "Feature", "properties": { "group_index": 0, "value": 900.0, "center": [ -111.91371642770703, 40.61745831778915 ], "point_id": 0.0 }, "geometry": { "type": "Polygon", "coordinates": [ [ [ -111.955392, 40.622251 ], [ -111.954304, 40.621594 ], [ -111.951707, 40.619823 ], [ -111.952312, 40.611039 ], [ -111.95246, 40.610829 ], [ -111.952798, 40.609496 ], [ -111.952793, 40.609183 ], [ -111.952792, 40.608951 ], [ -111.951643, 40.607654 ], [ -111.944998, 40.603101 ], [ -111.943003, 40.601264 ], [ -111.939717, 40.598715 ], [ -111.935058, 40.594639 ], [ -111.932885, 40.592126 ], [ -111.929303, 40.59058 ], [ -111.929295, 40.59058 ], [ -111.922378, 40.589883 ], [ -111.91985, 40.588164 ], [ -111.914063, 40.585808 ], [ -111.911551, 40.584107 ], [ -111.91087, 40.584109 ], [ -111.903894, 40.585755 ], [ -111.903063, 40.586308 ], [ -111.902432, 40.587219 ], [ -111.900074, 40.590653 ], [ -111.893982, 40.594543 ], [ -111.888676, 40.59888 ], [ -111.885514, 40.600747 ], [ -111.882406, 40.604065 ], [ -111.87811, 40.607749 ], [ -111.876382, 40.609478 ], [ -111.87214, 40.616472 ], [ -111.870393, 40.617951 ], [ -111.869462, 40.618611 ], [ -111.868405, 40.619841 ], [ -111.867797, 40.620936 ], [ -111.867827, 40.621116 ], [ -111.868866, 40.623032 ], [ -111.868935, 40.623119 ], [ -111.87077, 40.624729 ], [ -111.876334, 40.629201 ], [ -111.878791, 40.631542 ], [ -111.881611, 40.633861 ], [ -111.882473, 40.634572 ], [ -111.888954, 40.640146 ], [ -111.891372, 40.642493 ], [ -111.893333, 40.643774 ], [ -111.8977, 40.646563 ], [ -111.904839, 40.650971 ], [ -111.905808, 40.652137 ], [ -111.909308, 40.653776 ], [ -111.909972, 40.653838 ], [ -111.910182, 40.653839 ], [ -111.911938, 40.653265 ], [ -111.913793, 40.652016 ], [ -111.915669, 40.650715 ], [ -111.9232, 40.647148 ], [ -111.930691, 40.645201 ], [ -111.932525, 40.645022 ], [ -111.934068, 40.643568 ], [ -111.937565, 40.639576 ], [ -111.940892, 40.637413 ], [ -111.94146, 40.636389 ], [ -111.948557, 40.630951 ], [ -111.948924, 40.630867 ], [ -111.955395, 40.625851 ], [ -111.955392, 40.622251 ] ] ] } },
{ "type": "Feature", "properties": { "group_index": 0, "value": 300.0, "center": [ -112.0246566966949, 40.55873121238811 ], "point_id": 0.0 }, "geometry": { "type": "Polygon", "coordinates": [ [ [ -112.029191, 40.558555 ], [ -112.03085, 40.552903 ], [ -112.031971, 40.552107 ], [ -112.032341, 40.551538 ], [ -112.032385, 40.551315 ], [ -112.031998, 40.550668 ], [ -112.031551, 40.549924 ], [ -112.030852, 40.548997 ], [ -112.030397, 40.54887 ], [ -112.028326, 40.548292 ], [ -112.022567, 40.54923 ], [ -112.022084, 40.548848 ], [ -112.02163, 40.548511 ], [ -112.01996, 40.547657 ], [ -112.019042, 40.547432 ], [ -112.015125, 40.548609 ], [ -112.015078, 40.548638 ], [ -112.014815, 40.549939 ], [ -112.014429, 40.552045 ], [ -112.013754, 40.555362 ], [ -112.012603, 40.55933 ], [ -112.013064, 40.562405 ], [ -112.01312, 40.562465 ], [ -112.016501, 40.565808 ], [ -112.018075, 40.566611 ], [ -112.018837, 40.566205 ], [ -112.020732, 40.564052 ], [ -112.025228, 40.563117 ], [ -112.028067, 40.562451 ], [ -112.028746, 40.562304 ], [ -112.0297, 40.562119 ], [ -112.029191, 40.558555 ] ] ] } },
{ "type": "Feature", "properties": { "group_index": 0, "value": 600.0, "center": [ -112.0246566966949, 40.55873121238811 ], "point_id": 0.0 }, "geometry": { "type": "Polygon", "coordinates": [ [ [ -112.046657, 40.549799 ], [ -112.046899, 40.548704 ], [ -112.047338, 40.545315 ], [ -112.047335, 40.544936 ], [ -112.046885, 40.544165 ], [ -112.044897, 40.542058 ], [ -112.043898, 40.5413 ], [ -112.042169, 40.540666 ], [ -112.034317, 40.53883 ], [ -112.0341, 40.53883 ], [ -112.034069, 40.538841 ], [ -112.031726, 40.539627 ], [ -112.023924, 40.53723 ], [ -112.017131, 40.536982 ], [ -112.0091, 40.536193 ], [ -112.009066, 40.536195 ], [ -112.006078, 40.537274 ], [ -112.004567, 40.538987 ], [ -112.002956, 40.544435 ], [ -112.000889, 40.550136 ], [ -111.998001, 40.557394 ], [ -111.996709, 40.560854 ], [ -111.997119, 40.562997 ], [ -111.998006, 40.564505 ], [ -112.000048, 40.56778 ], [ -112.003362, 40.570011 ], [ -112.009635, 40.573572 ], [ -112.016499, 40.572714 ], [ -112.018837, 40.566205 ], [ -112.025228, 40.563117 ], [ -112.031346, 40.565796 ], [ -112.034874, 40.565079 ], [ -112.03456, 40.563539 ], [ -112.034386, 40.562627 ], [ -112.034204, 40.561159 ], [ -112.03085, 40.552903 ], [ -112.031971, 40.552107 ], [ -112.034195, 40.551117 ], [ -112.035431, 40.551014 ], [ -112.035499, 40.551014 ], [ -112.036607, 40.551015 ], [ -112.037197, 40.551084 ], [ -112.037302, 40.551084 ], [ -112.039105, 40.551394 ], [ -112.040534, 40.551406 ], [ -112.043454, 40.552197 ], [ -112.043767, 40.552295 ], [ -112.045083, 40.552215 ], [ -112.046399, 40.55049 ], [ -112.046506, 40.550243 ], [ -112.046657, 40.549799 ] ] ] } },
{ "type": "Feature", "properties": { "group_index": 0, "value": 900.0, "center": [ -112.0246566966949, 40.55873121238811 ], "point_id": 0.0 }, "geometry": { "type": "Polygon", "coordinates": [ [ [ -112.060484, 40.543538 ], [ -112.057953, 40.538544 ], [ -112.054876, 40.53516 ], [ -112.054663, 40.535165 ], [ -112.054174, 40.535418 ], [ -112.052115, 40.536389 ], [ -112.044992, 40.534233 ], [ -112.041443, 40.53216 ], [ -112.037591, 40.527516 ], [ -112.036676, 40.526651 ], [ -112.034857, 40.525911 ], [ -112.032643, 40.525169 ], [ -112.032439, 40.525169 ], [ -112.025135, 40.525245 ], [ -112.023378, 40.525104 ], [ -112.02287, 40.525206 ], [ -112.014091, 40.526439 ], [ -112.007854, 40.52647 ], [ -112.004709, 40.528221 ], [ -111.997716, 40.530976 ], [ -111.995525, 40.531796 ], [ -111.99204, 40.534573 ], [ -111.991386, 40.535136 ], [ -111.989868, 40.536884 ], [ -111.985944, 40.543873 ], [ -111.986631, 40.551266 ], [ -111.985843, 40.554231 ], [ -111.981782, 40.559262 ], [ -111.980077, 40.561571 ], [ -111.980076, 40.561627 ], [ -111.980136, 40.562494 ], [ -111.980226, 40.562842 ], [ -111.981814, 40.567027 ], [ -111.982287, 40.567802 ], [ -111.987679, 40.573442 ], [ -111.989418, 40.57535 ], [ -111.995643, 40.580548 ], [ -112.003688, 40.584313 ], [ -112.005099, 40.584886 ], [ -112.005167, 40.58488 ], [ -112.00561, 40.584828 ], [ -112.006976, 40.583364 ], [ -112.007108, 40.58316 ], [ -112.010331, 40.580521 ], [ -112.018632, 40.583757 ], [ -112.019633, 40.584202 ], [ -112.020156, 40.58439 ], [ -112.020576, 40.584511 ], [ -112.021443, 40.582809 ], [ -112.023886, 40.578129 ], [ -112.030296, 40.578816 ], [ -112.030423, 40.578817 ], [ -112.035462, 40.579592 ], [ -112.036478, 40.578827 ], [ -112.03982, 40.57538 ], [ -112.040927, 40.574157 ], [ -112.046647, 40.56896 ], [ -112.048353, 40.567794 ], [ -112.048716, 40.565794 ], [ -112.048355, 40.564194 ], [ -112.044817, 40.56136 ], [ -112.04371, 40.560506 ], [ -112.045083, 40.552215 ], [ -112.052217, 40.549625 ], [ -112.054117, 40.550101 ], [ -112.059397, 40.551191 ], [ -112.05948, 40.551213 ], [ -112.060126, 40.550382 ], [ -112.061532, 40.546982 ], [ -112.060484, 40.543538 ] ] ] } },
{ "type": "Feature", "properties": { "group_index": 0, "value": 300.0, "center": [ -111.95906256673774, 40.694460806615844 ], "point_id": 0.0 }, "geometry": { "type": "Polygon", "coordinates": [ [ [ -111.97427, 40.692957 ], [ -111.974268, 40.692876 ], [ -111.972587, 40.691127 ], [ -111.968228, 40.687586 ], [ -111.965531, 40.685698 ], [ -111.964847, 40.685699 ], [ -111.96222, 40.686176 ], [ -111.959797, 40.681903 ], [ -111.959793, 40.681804 ], [ -111.958345, 40.680352 ], [ -111.958172, 40.680188 ], [ -111.95809, 40.680182 ], [ -111.957635, 40.680357 ], [ -111.954462, 40.682501 ], [ -111.954268, 40.682641 ], [ -111.953294, 40.683592 ], [ -111.95314, 40.684036 ], [ -111.948302, 40.687534 ], [ -111.948075, 40.687621 ], [ -111.946674, 40.689124 ], [ -111.946675, 40.689333 ], [ -111.944359, 40.694819 ], [ -111.943135, 40.696762 ], [ -111.943136, 40.697073 ], [ -111.944336, 40.698419 ], [ -111.945776, 40.699648 ], [ -111.947069, 40.70054 ], [ -111.947106, 40.70054 ], [ -111.949277, 40.699543 ], [ -111.952764, 40.703889 ], [ -111.952704, 40.704372 ], [ -111.952708, 40.70485 ], [ -111.953499, 40.705729 ], [ -111.9579, 40.708974 ], [ -111.957976, 40.708974 ], [ -111.958063, 40.708894 ], [ -111.959791, 40.707195 ], [ -111.963829, 40.705137 ], [ -111.965371, 40.704245 ], [ -111.967524, 40.70248 ], [ -111.969155, 40.701175 ], [ -111.972793, 40.698342 ], [ -111.97427, 40.692957 ] ] ] } },
{ "type": "Feature", "properties": { "group_index": 0, "value": 600.0, "center": [ -111.95906256673774, 40.694460806615844 ], "point_id": 0.0 }, "geometry": { "type": "Polygon", "coordinates": [ [ [ -111.992131, 40.696474 ], [ -111.990522, 40.694809 ], [ -111.987006, 40.692179 ], [ -111.981627, 40.68538 ], [ -111.978691, 40.681984 ], [ -111.977003, 40.680318 ], [ -111.975566, 40.679221 ], [ -111.970942, 40.676178 ], [ -111.966569, 40.672613 ], [ -111.959779, 40.668442 ], [ -111.958713, 40.667172 ], [ -111.958138, 40.666823 ], [ -111.95808, 40.666825 ], [ -111.956863, 40.667407 ], [ -111.956456, 40.667695 ], [ -111.954799, 40.669463 ], [ -111.947812, 40.674359 ], [ -111.94641, 40.674995 ], [ -111.939324, 40.680389 ], [ -111.937012, 40.682872 ], [ -111.931886, 40.687771 ], [ -111.92911, 40.694936 ], [ -111.927401, 40.697562 ], [ -111.927587, 40.701157 ], [ -111.927722, 40.70133 ], [ -111.934442, 40.70436 ], [ -111.93571, 40.705771 ], [ -111.941684, 40.712356 ], [ -111.941826, 40.713003 ], [ -111.94348, 40.714178 ], [ -111.943512, 40.714177 ], [ -111.947724, 40.714463 ], [ -111.953652, 40.718349 ], [ -111.955355, 40.720125 ], [ -111.956258, 40.721101 ], [ -111.957085, 40.721792 ], [ -111.958007, 40.722217 ], [ -111.958319, 40.722218 ], [ -111.959815, 40.720706 ], [ -111.967761, 40.717136 ], [ -111.970207, 40.715242 ], [ -111.972075, 40.713607 ], [ -111.977585, 40.708701 ], [ -111.981686, 40.705666 ], [ -111.988111, 40.700316 ], [ -111.990531, 40.698409 ], [ -111.992131, 40.696742 ], [ -111.992131, 40.696474 ] ] ] } },
{ "type": "Feature", "properties": { "group_index": 0, "value": 900.0, "center": [ -111.95906256673774, 40.694460806615844 ], "point_id": 0.0 }, "geometry": { "type": "Polygon", "coordinates": [ [ [ -112.009819, 40.696648 ], [ -112.009733, 40.696203 ], [ -112.009322, 40.695224 ], [ -112.009266, 40.695157 ], [ -112.006461, 40.693188 ], [ -112.002242, 40.689115 ], [ -112.000207, 40.68808 ], [ -111.99609, 40.681745 ], [ -111.994765, 40.680272 ], [ -111.98792, 40.674671 ], [ -111.986945, 40.674165 ], [ -111.980525, 40.669783 ], [ -111.979326, 40.668313 ], [ -111.977439, 40.666934 ], [ -111.972298, 40.66351 ], [ -111.96861, 40.660584 ], [ -111.967272, 40.660455 ], [ -111.96095, 40.655524 ], [ -111.960346, 40.654915 ], [ -111.95814, 40.65344 ], [ -111.957997, 40.653431 ], [ -111.957677, 40.653427 ], [ -111.957672, 40.653427 ], [ -111.954978, 40.655343 ], [ -111.951446, 40.658453 ], [ -111.944633, 40.662885 ], [ -111.93722, 40.667945 ], [ -111.937089, 40.668018 ], [ -111.933616, 40.67066 ], [ -111.928668, 40.672927 ], [ -111.927451, 40.673631 ], [ -111.926459, 40.674817 ], [ -111.924433, 40.678126 ], [ -111.920027, 40.684714 ], [ -111.918796, 40.687112 ], [ -111.915109, 40.69394 ], [ -111.909243, 40.698133 ], [ -111.909442, 40.701728 ], [ -111.915134, 40.704963 ], [ -111.919498, 40.707915 ], [ -111.92433, 40.713365 ], [ -111.925921, 40.714728 ], [ -111.932049, 40.719516 ], [ -111.936721, 40.722609 ], [ -111.939275, 40.723724 ], [ -111.939613, 40.723732 ], [ -111.944915, 40.723755 ], [ -111.945003, 40.723748 ], [ -111.953451, 40.725787 ], [ -111.953933, 40.726196 ], [ -111.95465, 40.726565 ], [ -111.959358, 40.727172 ], [ -111.966475, 40.729677 ], [ -111.968403, 40.730588 ], [ -111.968573, 40.730569 ], [ -111.969587, 40.729725 ], [ -111.976481, 40.725224 ], [ -111.979468, 40.721739 ], [ -111.983204, 40.718619 ], [ -111.990329, 40.713617 ], [ -111.996672, 40.70892 ], [ -111.999402, 40.705683 ], [ -112.004326, 40.701644 ], [ -112.006487, 40.699849 ], [ -112.00832, 40.698378 ], [ -112.009823, 40.696837 ], [ -112.009819, 40.696648 ] ] ] } },
{ "type": "Feature", "properties": { "group_index": 0, "value": 300.0, "center": [ -111.94856446892523, 40.70467001979038 ], "point_id": 0.0 }, "geometry": { "type": "Polygon", "coordinates": [ [ [ -111.967076, 40.70392 ], [ -111.965393, 40.702115 ], [ -111.961521, 40.698706 ], [ -111.959696, 40.697716 ], [ -111.958014, 40.697952 ], [ -111.954161, 40.694775 ], [ -111.949478, 40.691168 ], [ -111.948012, 40.6909 ], [ -111.94794, 40.690914 ], [ -111.943467, 40.692574 ], [ -111.940269, 40.694824 ], [ -111.936386, 40.698524 ], [ -111.932025, 40.702217 ], [ -111.931569, 40.702219 ], [ -111.930387, 40.703769 ], [ -111.930386, 40.703786 ], [ -111.931454, 40.705771 ], [ -111.932838, 40.706635 ], [ -111.934448, 40.707369 ], [ -111.93701, 40.711769 ], [ -111.937364, 40.712236 ], [ -111.937747, 40.712734 ], [ -111.939203, 40.71341 ], [ -111.942639, 40.716262 ], [ -111.943148, 40.716527 ], [ -111.943248, 40.716561 ], [ -111.944427, 40.716371 ], [ -111.947005, 40.714952 ], [ -111.948323, 40.714195 ], [ -111.94921, 40.713548 ], [ -111.949381, 40.713413 ], [ -111.949658, 40.711637 ], [ -111.952572, 40.708872 ], [ -111.956216, 40.709862 ], [ -111.959816, 40.709843 ], [ -111.96072, 40.709587 ], [ -111.963964, 40.706799 ], [ -111.965369, 40.705714 ], [ -111.967075, 40.704 ], [ -111.967076, 40.70392 ] ] ] } },
{ "type": "Feature", "properties": { "group_index": 0, "value": 600.0, "center": [ -111.94856446892523, 40.70467001979038 ], "point_id": 0.0 }, "geometry": { "type": "Polygon", "coordinates": [ [ [ -111.98427, 40.704019 ], [ -111.984124, 40.703323 ], [ -111.983137, 40.702116 ], [ -111.981149, 40.70033 ], [ -111.9744, 40.694741 ], [ -111.96965, 40.691131 ], [ -111.963134, 40.686679 ], [ -111.960975, 40.684362 ], [ -111.956544, 40.682062 ], [ -111.94917, 40.677527 ], [ -111.94833, 40.67719 ], [ -111.948079, 40.67719 ], [ -111.947852, 40.677333 ], [ -111.94345, 40.680372 ], [ -111.938812, 40.682574 ], [ -111.934709, 40.685676 ], [ -111.93334, 40.686847 ], [ -111.932929, 40.68747 ], [ -111.932685, 40.688122 ], [ -111.92553, 40.693417 ], [ -111.924164, 40.693331 ], [ -111.923989, 40.693331 ], [ -111.923207, 40.693603 ], [ -111.923201, 40.693606 ], [ -111.918297, 40.69763 ], [ -111.918017, 40.69828 ], [ -111.917989, 40.699954 ], [ -111.91799, 40.700468 ], [ -111.918255, 40.701359 ], [ -111.921686, 40.707963 ], [ -111.922632, 40.714534 ], [ -111.924318, 40.71591 ], [ -111.928602, 40.719447 ], [ -111.935254, 40.724038 ], [ -111.936708, 40.724874 ], [ -111.937291, 40.725031 ], [ -111.941002, 40.725082 ], [ -111.949955, 40.724765 ], [ -111.956248, 40.723375 ], [ -111.959847, 40.723309 ], [ -111.967609, 40.718916 ], [ -111.967918, 40.718918 ], [ -111.969237, 40.717914 ], [ -111.969759, 40.71751 ], [ -111.970893, 40.716584 ], [ -111.974692, 40.712986 ], [ -111.97598, 40.711576 ], [ -111.977333, 40.710139 ], [ -111.983063, 40.705813 ], [ -111.983173, 40.705716 ], [ -111.984033, 40.704932 ], [ -111.984275, 40.704447 ], [ -111.98427, 40.704019 ] ] ] } },
{ "type": "Feature", "properties": { "group_index": 0, "value": 900.0, "center": [ -111.94856446892523, 40.70467001979038 ], "point_id": 0.0 }, "geometry": { "type": "Polygon", "coordinates": [ [ [ -112.002319, 40.704057 ], [ -112.002033, 40.703374 ], [ -112.001327, 40.702497 ], [ -112.000942, 40.702078 ], [ -112.000551, 40.701709 ], [ -111.999348, 40.700823 ], [ -111.993908, 40.696462 ], [ -111.992146, 40.694807 ], [ -111.988132, 40.691747 ], [ -111.98202, 40.686024 ], [ -111.981951, 40.685953 ], [ -111.979702, 40.684387 ], [ -111.973712, 40.680322 ], [ -111.970898, 40.678062 ], [ -111.96416, 40.673508 ], [ -111.95877, 40.669912 ], [ -111.951549, 40.665776 ], [ -111.94834, 40.663681 ], [ -111.948109, 40.663681 ], [ -111.947178, 40.664165 ], [ -111.947176, 40.664167 ], [ -111.945191, 40.665831 ], [ -111.938647, 40.669294 ], [ -111.933544, 40.672418 ], [ -111.929512, 40.673627 ], [ -111.928585, 40.674592 ], [ -111.9285, 40.674921 ], [ -111.926943, 40.678705 ], [ -111.922284, 40.682916 ], [ -111.914651, 40.686865 ], [ -111.911651, 40.688885 ], [ -111.909394, 40.691247 ], [ -111.90438, 40.694955 ], [ -111.900538, 40.698242 ], [ -111.900452, 40.698345 ], [ -111.900153, 40.701933 ], [ -111.900473, 40.70196 ], [ -111.905862, 40.7034 ], [ -111.908905, 40.705882 ], [ -111.911533, 40.709805 ], [ -111.915866, 40.713043 ], [ -111.916926, 40.713835 ], [ -111.918146, 40.721806 ], [ -111.917762, 40.725385 ], [ -111.922429, 40.727738 ], [ -111.922955, 40.727987 ], [ -111.925783, 40.729073 ], [ -111.930491, 40.733533 ], [ -111.930958, 40.734115 ], [ -111.931357, 40.73454 ], [ -111.931733, 40.734949 ], [ -111.932272, 40.735467 ], [ -111.939114, 40.740286 ], [ -111.939161, 40.740287 ], [ -111.940098, 40.739605 ], [ -111.940177, 40.739539 ], [ -111.946304, 40.734938 ], [ -111.948074, 40.733156 ], [ -111.949482, 40.72908 ], [ -111.95465, 40.726565 ], [ -111.959074, 40.727099 ], [ -111.959358, 40.727172 ], [ -111.959742, 40.727227 ], [ -111.966427, 40.730929 ], [ -111.968234, 40.732084 ], [ -111.971091, 40.73029 ], [ -111.977576, 40.726015 ], [ -111.984124, 40.720138 ], [ -111.989309, 40.716575 ], [ -111.990934, 40.714684 ], [ -111.990996, 40.714543 ], [ -111.991881, 40.71288 ], [ -111.997938, 40.708703 ], [ -112.002318, 40.705514 ], [ -112.002319, 40.704057 ] ] ] } },
{ "type": "Feature", "properties": { "group_index": 0, "value": 300.0, "center": [ -111.94006197458697, 40.711140562564324 ], "point_id": 0.0 }, "geometry": { "type": "Polygon", "coordinates": [ [ [ -111.95476, 40.711918 ], [ -111.954602, 40.71035 ], [ -111.952681, 40.705431 ], [ -111.951679, 40.703957 ], [ -111.950561, 40.702799 ], [ -111.949893, 40.702115 ], [ -111.949108, 40.702011 ], [ -111.948866, 40.702028 ], [ -111.94726, 40.702123 ], [ -111.947258, 40.702123 ], [ -111.943102, 40.702136 ], [ -111.941009, 40.700942 ], [ -111.938974, 40.69903 ], [ -111.938891, 40.699031 ], [ -111.93858, 40.699206 ], [ -111.935441, 40.701384 ], [ -111.934715, 40.702172 ], [ -111.934236, 40.702933 ], [ -111.930566, 40.70692 ], [ -111.928149, 40.707018 ], [ -111.928214, 40.708179 ], [ -111.924356, 40.712042 ], [ -111.924334, 40.712157 ], [ -111.924516, 40.713127 ], [ -111.924549, 40.713181 ], [ -111.929245, 40.71607 ], [ -111.929831, 40.716654 ], [ -111.933158, 40.719436 ], [ -111.937922, 40.722609 ], [ -111.939073, 40.723365 ], [ -111.939099, 40.723365 ], [ -111.942439, 40.721354 ], [ -111.945811, 40.720819 ], [ -111.946407, 40.72059 ], [ -111.951004, 40.718532 ], [ -111.951261, 40.718394 ], [ -111.952364, 40.717461 ], [ -111.953893, 40.715247 ], [ -111.954618, 40.714054 ], [ -111.95476, 40.711918 ] ] ] } },
{ "type": "Feature", "properties": { "group_index": 0, "value": 600.0, "center": [ -111.94006197458697, 40.711140562564324 ], "point_id": 0.0 }, "geometry": { "type": "Polygon", "coordinates": [ [ [ -111.972021, 40.7094 ], [ -111.969374, 40.703903 ], [ -111.9676, 40.701994 ], [ -111.963201, 40.698045 ], [ -111.958222, 40.694792 ], [ -111.951476, 40.690231 ], [ -111.949273, 40.689271 ], [ -111.948371, 40.689048 ], [ -111.940329, 40.686402 ], [ -111.939948, 40.686285 ], [ -111.939565, 40.686214 ], [ -111.939156, 40.686188 ], [ -111.938078, 40.686185 ], [ -111.938045, 40.686185 ], [ -111.934562, 40.688697 ], [ -111.929109, 40.694607 ], [ -111.926586, 40.694898 ], [ -111.926498, 40.694898 ], [ -111.926488, 40.694898 ], [ -111.9264, 40.694899 ], [ -111.92503, 40.694883 ], [ -111.924493, 40.695066 ], [ -111.921265, 40.69763 ], [ -111.919501, 40.699502 ], [ -111.917361, 40.703731 ], [ -111.917567, 40.704312 ], [ -111.917793, 40.70486 ], [ -111.917832, 40.704949 ], [ -111.920508, 40.709524 ], [ -111.920001, 40.716303 ], [ -111.919737, 40.716872 ], [ -111.919599, 40.71735 ], [ -111.918023, 40.721129 ], [ -111.918235, 40.721777 ], [ -111.918568, 40.722315 ], [ -111.918995, 40.722776 ], [ -111.919907, 40.723538 ], [ -111.926994, 40.727725 ], [ -111.927083, 40.727725 ], [ -111.927535, 40.727603 ], [ -111.928387, 40.727132 ], [ -111.93563, 40.729932 ], [ -111.935756, 40.733562 ], [ -111.935756, 40.733645 ], [ -111.935756, 40.733808 ], [ -111.935756, 40.733837 ], [ -111.935853, 40.73398 ], [ -111.93657, 40.734945 ], [ -111.939316, 40.736692 ], [ -111.939373, 40.73669 ], [ -111.941692, 40.734945 ], [ -111.946305, 40.731609 ], [ -111.950682, 40.728037 ], [ -111.95108, 40.727659 ], [ -111.958041, 40.722992 ], [ -111.959843, 40.723113 ], [ -111.959841, 40.72296 ], [ -111.958001, 40.719109 ], [ -111.964925, 40.714929 ], [ -111.96581, 40.715495 ], [ -111.967602, 40.717135 ], [ -111.96776, 40.717135 ], [ -111.970206, 40.715242 ], [ -111.972075, 40.713607 ], [ -111.972302, 40.712989 ], [ -111.972021, 40.7094 ] ] ] } },
{ "type": "Feature", "properties": { "group_index": 0, "value": 900.0, "center": [ -111.94006197458697, 40.711140562564324 ], "point_id": 0.0 }, "geometry": { "type": "Polygon", "coordinates": [ [ [ -111.990479, 40.713155 ], [ -111.989678, 40.710548 ], [ -111.989549, 40.710189 ], [ -111.987098, 40.703443 ], [ -111.985989, 40.702139 ], [ -111.983136, 40.700293 ], [ -111.978431, 40.696445 ], [ -111.976679, 40.694703 ], [ -111.975147, 40.693443 ], [ -111.968027, 40.688184 ], [ -111.96413, 40.685699 ], [ -111.959789, 40.682876 ], [ -111.957224, 40.681351 ], [ -111.951041, 40.676976 ], [ -111.949222, 40.675765 ], [ -111.941402, 40.673583 ], [ -111.939249, 40.672988 ], [ -111.939025, 40.672991 ], [ -111.932187, 40.675576 ], [ -111.932135, 40.675631 ], [ -111.929982, 40.678883 ], [ -111.924098, 40.684158 ], [ -111.920486, 40.686084 ], [ -111.917318, 40.687569 ], [ -111.915775, 40.688286 ], [ -111.915317, 40.688614 ], [ -111.913574, 40.689895 ], [ -111.910859, 40.692358 ], [ -111.910722, 40.69249 ], [ -111.909401, 40.693902 ], [ -111.90318, 40.698177 ], [ -111.903419, 40.701769 ], [ -111.907745, 40.708375 ], [ -111.914178, 40.713203 ], [ -111.914203, 40.716802 ], [ -111.907954, 40.721332 ], [ -111.905978, 40.724341 ], [ -111.909215, 40.727362 ], [ -111.909703, 40.727809 ], [ -111.915055, 40.731755 ], [ -111.916861, 40.733531 ], [ -111.91879, 40.735311 ], [ -111.921556, 40.737895 ], [ -111.927058, 40.741305 ], [ -111.928436, 40.742249 ], [ -111.934248, 40.747041 ], [ -111.939247, 40.750083 ], [ -111.939362, 40.750083 ], [ -111.941662, 40.748344 ], [ -111.949409, 40.7458 ], [ -111.949583, 40.74556 ], [ -111.952681, 40.741179 ], [ -111.958072, 40.736009 ], [ -111.959825, 40.734273 ], [ -111.967708, 40.731546 ], [ -111.967913, 40.731547 ], [ -111.970255, 40.730382 ], [ -111.973751, 40.727535 ], [ -111.976481, 40.725224 ], [ -111.979467, 40.721739 ], [ -111.983203, 40.718619 ], [ -111.990329, 40.713617 ], [ -111.990425, 40.713513 ], [ -111.990483, 40.713373 ], [ -111.990479, 40.713155 ] ] ] } },
{ "type": "Feature", "properties": { "group_index": 0, "value": 300.0, "center": [ -111.92383370603854, 40.72025028831351 ], "point_id": 0.0 }, "geometry": { "type": "Polygon", "coordinates": [ [ [ -111.941109, 40.720764 ], [ -111.939375, 40.719003 ], [ -111.935646, 40.715193 ], [ -111.931997, 40.71247 ], [ -111.928683, 40.710112 ], [ -111.925175, 40.709567 ], [ -111.923606, 40.709634 ], [ -111.923146, 40.709926 ], [ -111.920048, 40.715024 ], [ -111.91974, 40.715313 ], [ -111.919421, 40.7157 ], [ -111.919168, 40.716111 ], [ -111.918958, 40.716612 ], [ -111.918829, 40.717229 ], [ -111.918323, 40.719162 ], [ -111.914147, 40.721433 ], [ -111.913376, 40.721388 ], [ -111.913168, 40.724982 ], [ -111.913939, 40.725026 ], [ -111.915551, 40.725154 ], [ -111.917186, 40.725202 ], [ -111.9224, 40.727737 ], [ -111.926503, 40.73005 ], [ -111.928669, 40.730757 ], [ -111.931244, 40.728887 ], [ -111.932013, 40.727712 ], [ -111.933774, 40.7241 ], [ -111.937157, 40.724537 ], [ -111.937253, 40.724475 ], [ -111.939385, 40.722603 ], [ -111.940867, 40.721089 ], [ -111.941109, 40.720806 ], [ -111.941109, 40.720764 ] ] ] } },
{ "type": "Feature", "properties": { "group_index": 0, "value": 600.0, "center": [ -111.92383370603854, 40.72025028831351 ], "point_id": 0.0 }, "geometry": { "type": "Polygon", "coordinates": [ [ [ -111.950678, 40.727294 ], [ -111.950664, 40.726769 ], [ -111.953132, 40.718134 ], [ -111.953265, 40.71716 ], [ -111.953244, 40.716696 ], [ -111.951582, 40.710627 ], [ -111.951521, 40.710583 ], [ -111.944799, 40.707359 ], [ -111.944663, 40.707296 ], [ -111.940747, 40.705175 ], [ -111.937101, 40.701759 ], [ -111.936946, 40.701695 ], [ -111.936729, 40.701606 ], [ -111.936485, 40.701645 ], [ -111.935342, 40.702057 ], [ -111.928087, 40.701339 ], [ -111.92466, 40.697936 ], [ -111.923906, 40.697634 ], [ -111.922381, 40.697584 ], [ -111.921351, 40.69763 ], [ -111.921161, 40.697766 ], [ -111.919338, 40.699194 ], [ -111.915137, 40.703324 ], [ -111.914527, 40.706489 ], [ -111.914219, 40.710076 ], [ -111.910737, 40.716799 ], [ -111.909487, 40.717978 ], [ -111.901606, 40.717622 ], [ -111.901151, 40.717612 ], [ -111.899753, 40.718813 ], [ -111.898282, 40.720373 ], [ -111.898282, 40.72061 ], [ -111.899787, 40.722413 ], [ -111.904122, 40.727237 ], [ -111.909375, 40.730873 ], [ -111.911463, 40.733648 ], [ -111.913034, 40.735308 ], [ -111.916108, 40.737492 ], [ -111.920861, 40.740877 ], [ -111.921376, 40.74122 ], [ -111.922027, 40.741633 ], [ -111.922194, 40.741711 ], [ -111.930564, 40.738776 ], [ -111.939054, 40.739603 ], [ -111.939125, 40.739603 ], [ -111.939131, 40.739603 ], [ -111.939203, 40.739603 ], [ -111.945356, 40.734939 ], [ -111.946566, 40.733582 ], [ -111.95068, 40.72765 ], [ -111.950678, 40.727294 ] ] ] } },
{ "type": "Feature", "properties": { "group_index": 0, "value": 900.0, "center": [ -111.92383370603854, 40.72025028831351 ], "point_id": 0.0 }, "geometry": { "type": "Polygon", "coordinates": [ [ [ -111.969402, 40.712435 ], [ -111.969399, 40.711402 ], [ -111.969399, 40.711254 ], [ -111.968468, 40.710106 ], [ -111.968101, 40.709912 ], [ -111.967449, 40.709612 ], [ -111.962762, 40.706514 ], [ -111.959656, 40.702835 ], [ -111.959039, 40.70243 ], [ -111.957802, 40.701877 ], [ -111.951065, 40.697915 ], [ -111.947763, 40.695394 ], [ -111.947277, 40.695042 ], [ -111.942373, 40.692032 ], [ -111.940249, 40.690751 ], [ -111.938761, 40.6899 ], [ -111.9312, 40.687235 ], [ -111.92892, 40.686789 ], [ -111.920826, 40.685951 ], [ -111.920486, 40.686084 ], [ -111.915759, 40.688317 ], [ -111.913644, 40.689895 ], [ -111.91075, 40.69249 ], [ -111.909402, 40.693926 ], [ -111.903195, 40.698176 ], [ -111.899001, 40.705639 ], [ -111.892465, 40.710848 ], [ -111.887309, 40.715696 ], [ -111.886032, 40.717064 ], [ -111.883719, 40.720298 ], [ -111.88372, 40.720318 ], [ -111.883722, 40.72034 ], [ -111.883723, 40.72036 ], [ -111.885578, 40.725012 ], [ -111.886526, 40.727254 ], [ -111.88906, 40.728971 ], [ -111.893549, 40.733553 ], [ -111.895253, 40.735309 ], [ -111.899129, 40.738157 ], [ -111.904592, 40.743389 ], [ -111.910659, 40.747868 ], [ -111.916476, 40.751626 ], [ -111.924557, 40.753165 ], [ -111.924628, 40.753165 ], [ -111.924837, 40.753165 ], [ -111.924969, 40.753164 ], [ -111.925354, 40.753075 ], [ -111.92959, 40.75125 ], [ -111.933465, 40.750089 ], [ -111.938969, 40.753053 ], [ -111.939151, 40.753054 ], [ -111.943957, 40.749525 ], [ -111.945256, 40.748249 ], [ -111.951448, 40.744185 ], [ -111.954743, 40.742271 ], [ -111.956079, 40.740946 ], [ -111.958379, 40.738525 ], [ -111.959825, 40.736992 ], [ -111.959825, 40.736769 ], [ -111.959692, 40.732925 ], [ -111.959686, 40.731752 ], [ -111.959832, 40.729402 ], [ -111.959834, 40.729245 ], [ -111.958244, 40.721742 ], [ -111.95981, 40.720174 ], [ -111.966637, 40.714373 ], [ -111.96717, 40.71438 ], [ -111.967396, 40.71438 ], [ -111.968413, 40.713706 ], [ -111.969402, 40.712536 ], [ -111.969402, 40.712435 ] ] ] } },
{ "type": "Feature", "properties": { "group_index": 0, "value": 300.0, "center": [ -111.89023734612212, 40.72233967862193 ], "point_id": 0.0 }, "geometry": { "type": "Polygon", "coordinates": [ [ [ -111.904458, 40.725304 ], [ -111.903398, 40.720576 ], [ -111.90151, 40.717451 ], [ -111.900231, 40.717525 ], [ -111.898524, 40.717371 ], [ -111.896584, 40.712509 ], [ -111.8955, 40.711686 ], [ -111.894401, 40.710849 ], [ -111.892709, 40.709579 ], [ -111.891666, 40.70879 ], [ -111.891263, 40.70879 ], [ -111.887479, 40.709151 ], [ -111.886299, 40.710006 ], [ -111.882409, 40.712867 ], [ -111.88126, 40.713736 ], [ -111.877276, 40.716875 ], [ -111.87667, 40.717343 ], [ -111.874941, 40.719116 ], [ -111.873628, 40.720691 ], [ -111.873628, 40.720963 ], [ -111.874095, 40.724794 ], [ -111.876575, 40.727229 ], [ -111.877724, 40.728121 ], [ -111.878841, 40.72899 ], [ -111.881059, 40.730719 ], [ -111.882319, 40.731691 ], [ -111.883334, 40.732471 ], [ -111.884401, 40.733287 ], [ -111.885418, 40.734054 ], [ -111.887195, 40.735332 ], [ -111.891086, 40.735885 ], [ -111.891257, 40.735884 ], [ -111.892036, 40.73531 ], [ -111.896127, 40.732257 ], [ -111.900747, 40.728565 ], [ -111.902813, 40.727217 ], [ -111.904459, 40.725403 ], [ -111.904458, 40.725304 ] ] ] } },
{ "type": "Feature", "properties": { "group_index": 0, "value": 600.0, "center": [ -111.89023734612212, 40.72233967862193 ], "point_id": 0.0 }, "geometry": { "type": "Polygon", "coordinates": [ [ [ -111.920679, 40.724106 ], [ -111.919196, 40.722916 ], [ -111.917096, 40.721762 ], [ -111.915742, 40.72156 ], [ -111.912819, 40.720831 ], [ -111.912507, 40.720689 ], [ -111.906938, 40.713752 ], [ -111.906941, 40.712656 ], [ -111.908455, 40.708347 ], [ -111.907894, 40.707739 ], [ -111.901568, 40.702941 ], [ -111.900565, 40.702083 ], [ -111.895243, 40.69795 ], [ -111.892695, 40.696078 ], [ -111.891026, 40.695309 ], [ -111.890572, 40.695312 ], [ -111.887887, 40.695365 ], [ -111.884316, 40.698063 ], [ -111.877842, 40.702586 ], [ -111.870939, 40.708072 ], [ -111.869531, 40.709136 ], [ -111.867237, 40.710868 ], [ -111.86652, 40.711842 ], [ -111.863549, 40.716078 ], [ -111.8578, 40.720151 ], [ -111.856906, 40.720905 ], [ -111.856726, 40.722703 ], [ -111.856713, 40.72343 ], [ -111.857131, 40.725343 ], [ -111.858625, 40.727236 ], [ -111.864473, 40.731642 ], [ -111.869267, 40.735311 ], [ -111.871936, 40.737402 ], [ -111.874523, 40.739379 ], [ -111.876624, 40.740968 ], [ -111.87881, 40.742592 ], [ -111.879924, 40.743427 ], [ -111.883652, 40.746201 ], [ -111.885261, 40.747402 ], [ -111.887685, 40.748659 ], [ -111.891088, 40.749378 ], [ -111.891255, 40.749378 ], [ -111.895199, 40.746471 ], [ -111.899343, 40.743376 ], [ -111.902592, 40.740618 ], [ -111.903074, 40.740205 ], [ -111.909958, 40.735315 ], [ -111.914372, 40.731974 ], [ -111.920526, 40.727703 ], [ -111.920679, 40.724106 ] ] ] } },
{ "type": "Feature", "properties": { "group_index": 0, "value": 900.0, "center": [ -111.89023734612212, 40.72233967862193 ], "point_id": 0.0 }, "geometry": { "type": "Polygon", "coordinates": [ [ [ -111.94006, 40.725804 ], [ -111.9384, 40.724111 ], [ -111.93719, 40.723284 ], [ -111.931093, 40.719014 ], [ -111.926926, 40.715851 ], [ -111.92269, 40.711703 ], [ -111.921676, 40.711194 ], [ -111.919923, 40.710147 ], [ -111.917449, 40.708115 ], [ -111.913445, 40.701161 ], [ -111.913747, 40.697813 ], [ -111.906722, 40.693342 ], [ -111.905863, 40.692453 ], [ -111.899804, 40.687928 ], [ -111.89608, 40.685101 ], [ -111.892952, 40.682869 ], [ -111.891201, 40.682208 ], [ -111.888073, 40.681802 ], [ -111.887988, 40.681802 ], [ -111.882357, 40.685856 ], [ -111.875464, 40.691152 ], [ -111.870829, 40.694582 ], [ -111.866194, 40.69808 ], [ -111.862946, 40.700358 ], [ -111.859345, 40.703247 ], [ -111.853457, 40.706883 ], [ -111.852345, 40.707974 ], [ -111.849438, 40.710893 ], [ -111.843206, 40.716712 ], [ -111.842608, 40.717882 ], [ -111.839645, 40.725452 ], [ -111.839646, 40.725475 ], [ -111.841141, 40.727302 ], [ -111.846342, 40.731714 ], [ -111.851994, 40.736268 ], [ -111.854374, 40.738168 ], [ -111.859305, 40.741726 ], [ -111.864951, 40.745698 ], [ -111.871816, 40.751476 ], [ -111.878523, 40.755924 ], [ -111.882143, 40.758661 ], [ -111.886548, 40.761921 ], [ -111.887508, 40.762537 ], [ -111.887802, 40.76264 ], [ -111.888209, 40.762651 ], [ -111.891315, 40.762627 ], [ -111.891379, 40.762627 ], [ -111.892033, 40.762373 ], [ -111.892388, 40.762127 ], [ -111.896827, 40.75896 ], [ -111.901065, 40.755922 ], [ -111.90404, 40.753739 ], [ -111.907026, 40.751564 ], [ -111.910994, 40.747868 ], [ -111.915885, 40.744462 ], [ -111.918432, 40.743035 ], [ -111.924245, 40.738372 ], [ -111.931343, 40.733589 ], [ -111.93395, 40.731107 ], [ -111.938404, 40.727711 ], [ -111.940065, 40.725885 ], [ -111.94006, 40.725804 ] ] ] } },
{ "type": "Feature", "properties": { "group_index": 0, "value": 300.0, "center": [ -111.88220936881181, 40.7223287207274 ], "point_id": 0.0 }, "geometry": { "type": "Polygon", "coordinates": [ [ [ -111.898257, 40.723804 ], [ -111.897916, 40.720873 ], [ -111.897364, 40.719121 ], [ -111.892882, 40.716048 ], [ -111.889518, 40.713305 ], [ -111.88761, 40.711769 ], [ -111.886404, 40.710846 ], [ -111.885278, 40.709998 ], [ -111.88419, 40.70917 ], [ -111.882551, 40.708452 ], [ -111.882048, 40.70845 ], [ -111.878818, 40.71086 ], [ -111.874408, 40.713447 ], [ -111.871728, 40.715457 ], [ -111.870175, 40.717168 ], [ -111.86695, 40.720403 ], [ -111.866434, 40.721224 ], [ -111.86643, 40.722117 ], [ -111.86643, 40.723155 ], [ -111.867163, 40.725365 ], [ -111.868872, 40.727131 ], [ -111.869041, 40.727274 ], [ -111.87312, 40.73034 ], [ -111.874885, 40.731676 ], [ -111.87702, 40.733266 ], [ -111.879597, 40.735238 ], [ -111.88244, 40.736649 ], [ -111.882473, 40.73665 ], [ -111.882473, 40.73665 ], [ -111.882507, 40.736651 ], [ -111.883144, 40.736455 ], [ -111.883207, 40.736432 ], [ -111.887089, 40.733275 ], [ -111.888149, 40.732485 ], [ -111.891802, 40.729721 ], [ -111.894228, 40.727939 ], [ -111.896169, 40.726395 ], [ -111.898262, 40.724362 ], [ -111.898257, 40.723804 ] ] ] } },
{ "type": "Feature", "properties": { "group_index": 0, "value": 600.0, "center": [ -111.88220936881181, 40.7223287207274 ], "point_id": 0.0 }, "geometry": { "type": "Polygon", "coordinates": [ [ [ -111.914115, 40.725582 ], [ -111.912906, 40.723762 ], [ -111.909796, 40.721901 ], [ -111.906558, 40.719629 ], [ -111.904625, 40.713195 ], [ -111.904623, 40.712998 ], [ -111.904612, 40.712269 ], [ -111.90433, 40.710787 ], [ -111.904234, 40.710628 ], [ -111.899006, 40.707119 ], [ -111.894323, 40.703297 ], [ -111.889998, 40.699992 ], [ -111.886804, 40.697613 ], [ -111.884536, 40.696318 ], [ -111.880936, 40.696295 ], [ -111.876895, 40.698189 ], [ -111.875336, 40.699158 ], [ -111.868956, 40.704082 ], [ -111.866146, 40.705883 ], [ -111.859974, 40.710892 ], [ -111.855481, 40.714618 ], [ -111.853547, 40.71645 ], [ -111.851762, 40.718375 ], [ -111.849685, 40.725991 ], [ -111.849685, 40.726019 ], [ -111.851301, 40.727707 ], [ -111.853827, 40.729314 ], [ -111.858848, 40.7335 ], [ -111.8599, 40.734268 ], [ -111.865014, 40.737786 ], [ -111.867786, 40.739849 ], [ -111.869766, 40.741366 ], [ -111.872512, 40.743449 ], [ -111.876774, 40.746602 ], [ -111.878993, 40.748257 ], [ -111.882647, 40.749817 ], [ -111.88305, 40.749815 ], [ -111.889347, 40.745155 ], [ -111.896068, 40.740186 ], [ -111.902417, 40.735286 ], [ -111.90364, 40.733395 ], [ -111.905319, 40.731123 ], [ -111.910906, 40.727901 ], [ -111.912917, 40.727362 ], [ -111.914134, 40.72591 ], [ -111.914115, 40.725582 ] ] ] } },
{ "type": "Feature", "properties": { "group_index": 0, "value": 900.0, "center": [ -111.88220936881181, 40.7223287207274 ], "point_id": 0.0 }, "geometry": { "type": "Polygon", "coordinates": [ [ [ -111.930688, 40.724116 ], [ -111.930241, 40.723752 ], [ -111.925542, 40.721444 ], [ -111.919498, 40.715184 ], [ -111.916879, 40.714604 ], [ -111.915971, 40.714612 ], [ -111.911719, 40.715811 ], [ -111.906945, 40.710302 ], [ -111.906946, 40.709636 ], [ -111.906922, 40.70929 ], [ -111.906563, 40.70615 ], [ -111.907307, 40.699843 ], [ -111.907289, 40.699715 ], [ -111.907285, 40.699685 ], [ -111.907283, 40.699675 ], [ -111.905508, 40.698163 ], [ -111.899743, 40.693893 ], [ -111.895689, 40.690752 ], [ -111.891856, 40.68797 ], [ -111.887696, 40.684743 ], [ -111.883026, 40.681127 ], [ -111.882924, 40.681127 ], [ -111.876125, 40.685259 ], [ -111.870605, 40.689357 ], [ -111.869101, 40.690496 ], [ -111.865105, 40.693576 ], [ -111.86269, 40.695249 ], [ -111.857608, 40.69835 ], [ -111.851267, 40.70124 ], [ -111.849579, 40.702448 ], [ -111.846632, 40.705984 ], [ -111.84175, 40.710898 ], [ -111.83711, 40.714851 ], [ -111.835971, 40.716119 ], [ -111.835871, 40.716511 ], [ -111.832586, 40.724852 ], [ -111.831872, 40.725566 ], [ -111.831872, 40.725576 ], [ -111.833535, 40.727297 ], [ -111.833626, 40.727386 ], [ -111.835854, 40.729378 ], [ -111.842168, 40.734993 ], [ -111.847579, 40.738932 ], [ -111.853796, 40.743441 ], [ -111.85952, 40.747635 ], [ -111.865033, 40.751639 ], [ -111.870201, 40.755653 ], [ -111.873953, 40.758268 ], [ -111.879208, 40.761915 ], [ -111.88265, 40.763426 ], [ -111.882717, 40.763426 ], [ -111.884391, 40.762346 ], [ -111.885697, 40.761371 ], [ -111.890067, 40.758099 ], [ -111.896885, 40.753309 ], [ -111.899568, 40.751426 ], [ -111.901116, 40.750126 ], [ -111.902913, 40.748324 ], [ -111.909582, 40.743376 ], [ -111.911186, 40.742096 ], [ -111.91209, 40.741313 ], [ -111.91917, 40.736197 ], [ -111.921653, 40.734453 ], [ -111.922827, 40.73322 ], [ -111.928983, 40.728022 ], [ -111.930695, 40.727716 ], [ -111.931634, 40.725875 ], [ -111.930688, 40.724116 ] ] ] } },
{ "type": "Feature", "properties": { "group_index": 0, "value": 300.0, "center": [ -111.87704142185754, 40.722329371798075 ], "point_id": 0.0 }, "geometry": { "type": "Polygon", "coordinates": [ [ [ -111.893853, 40.723068 ], [ -111.893846, 40.721635 ], [ -111.892052, 40.719836 ], [ -111.887975, 40.716039 ], [ -111.887583, 40.715689 ], [ -111.883669, 40.712679 ], [ -111.881243, 40.710853 ], [ -111.878703, 40.709439 ], [ -111.875103, 40.709428 ], [ -111.872551, 40.710853 ], [ -111.870798, 40.712631 ], [ -111.869112, 40.714326 ], [ -111.867833, 40.716113 ], [ -111.863611, 40.718879 ], [ -111.863525, 40.718928 ], [ -111.861658, 40.72083 ], [ -111.860911, 40.722837 ], [ -111.860912, 40.722877 ], [ -111.86213, 40.725579 ], [ -111.863665, 40.727219 ], [ -111.867455, 40.730096 ], [ -111.869048, 40.731294 ], [ -111.870083, 40.732073 ], [ -111.873887, 40.734953 ], [ -111.876604, 40.736951 ], [ -111.876693, 40.736951 ], [ -111.87728, 40.736704 ], [ -111.87832, 40.73594 ], [ -111.880254, 40.734485 ], [ -111.880803, 40.734066 ], [ -111.881833, 40.733282 ], [ -111.885894, 40.730481 ], [ -111.886022, 40.730381 ], [ -111.889833, 40.727255 ], [ -111.893852, 40.723128 ], [ -111.893853, 40.723068 ] ] ] } },
{ "type": "Feature", "properties": { "group_index": 0, "value": 600.0, "center": [ -111.87704142185754, 40.722329371798075 ], "point_id": 0.0 }, "geometry": { "type": "Polygon", "coordinates": [ [ [ -111.909372, 40.725488 ], [ -111.909369, 40.72544 ], [ -111.909369, 40.725439 ], [ -111.907576, 40.723765 ], [ -111.904768, 40.720486 ], [ -111.903227, 40.715718 ], [ -111.903026, 40.714877 ], [ -111.899076, 40.71085 ], [ -111.894334, 40.707237 ], [ -111.887195, 40.70178 ], [ -111.884916, 40.700079 ], [ -111.879409, 40.696 ], [ -111.877365, 40.694528 ], [ -111.877081, 40.694527 ], [ -111.871645, 40.69808 ], [ -111.865411, 40.702717 ], [ -111.861591, 40.705259 ], [ -111.854925, 40.709675 ], [ -111.85366, 40.710888 ], [ -111.847658, 40.716429 ], [ -111.846062, 40.718065 ], [ -111.84594, 40.724093 ], [ -111.845925, 40.727693 ], [ -111.84913, 40.730078 ], [ -111.855873, 40.735308 ], [ -111.857559, 40.736595 ], [ -111.859552, 40.738106 ], [ -111.866058, 40.742527 ], [ -111.867262, 40.743434 ], [ -111.869435, 40.745072 ], [ -111.874976, 40.748779 ], [ -111.878226, 40.749415 ], [ -111.878246, 40.749415 ], [ -111.878267, 40.749415 ], [ -111.879881, 40.748258 ], [ -111.882616, 40.746197 ], [ -111.883857, 40.74527 ], [ -111.886351, 40.743413 ], [ -111.893573, 40.738239 ], [ -111.893585, 40.738229 ], [ -111.89718, 40.7353 ], [ -111.900835, 40.732151 ], [ -111.907581, 40.727365 ], [ -111.909372, 40.725489 ], [ -111.909372, 40.725488 ] ] ] } },
{ "type": "Feature", "properties": { "group_index": 0, "value": 900.0, "center": [ -111.87704142185754, 40.722329371798075 ], "point_id": 0.0 }, "geometry": { "type": "Polygon", "coordinates": [ [ [ -111.925351, 40.724129 ], [ -111.919229, 40.71921 ], [ -111.917578, 40.717572 ], [ -111.917451, 40.717571 ], [ -111.912277, 40.71672 ], [ -111.906946, 40.709636 ], [ -111.906922, 40.70929 ], [ -111.906146, 40.707314 ], [ -111.902905, 40.700756 ], [ -111.900635, 40.698361 ], [ -111.895873, 40.694769 ], [ -111.893291, 40.692831 ], [ -111.891203, 40.69126 ], [ -111.885573, 40.686941 ], [ -111.883285, 40.685268 ], [ -111.877034, 40.680676 ], [ -111.877012, 40.680676 ], [ -111.870841, 40.685262 ], [ -111.865989, 40.687933 ], [ -111.85918, 40.693548 ], [ -111.856778, 40.69545 ], [ -111.850191, 40.696683 ], [ -111.850127, 40.696684 ], [ -111.844207, 40.702254 ], [ -111.842459, 40.704033 ], [ -111.839494, 40.707434 ], [ -111.835863, 40.710915 ], [ -111.832295, 40.713567 ], [ -111.831951, 40.714039 ], [ -111.830925, 40.716896 ], [ -111.828298, 40.723694 ], [ -111.826639, 40.725583 ], [ -111.826638, 40.7258 ], [ -111.827919, 40.726993 ], [ -111.828261, 40.727294 ], [ -111.83343, 40.73166 ], [ -111.834585, 40.732701 ], [ -111.83978, 40.738246 ], [ -111.845726, 40.741375 ], [ -111.849911, 40.745435 ], [ -111.854173, 40.747567 ], [ -111.858449, 40.75122 ], [ -111.865299, 40.755785 ], [ -111.868348, 40.758123 ], [ -111.873958, 40.762361 ], [ -111.875578, 40.763322 ], [ -111.876727, 40.763973 ], [ -111.87677, 40.763973 ], [ -111.879023, 40.762367 ], [ -111.879635, 40.761911 ], [ -111.879716, 40.761851 ], [ -111.88583, 40.757347 ], [ -111.890629, 40.753745 ], [ -111.89255, 40.752275 ], [ -111.897389, 40.748788 ], [ -111.900959, 40.746411 ], [ -111.904351, 40.743392 ], [ -111.911156, 40.73805 ], [ -111.914929, 40.73531 ], [ -111.917452, 40.73353 ], [ -111.9198, 40.731683 ], [ -111.925365, 40.727729 ], [ -111.925351, 40.724129 ] ] ] } },
{ "type": "Feature", "properties": { "group_index": 0, "value": 300.0, "center": [ -111.87144928990381, 40.72278354616367 ], "point_id": 0.0 }, "geometry": { "type": "Polygon", "coordinates": [ [ [ -111.888406, 40.722682 ], [ -111.887111, 40.720264 ], [ -111.885379, 40.718426 ], [ -111.884345, 40.717635 ], [ -111.883334, 40.716862 ], [ -111.882062, 40.715893 ], [ -111.879792, 40.714138 ], [ -111.877409, 40.712794 ], [ -111.872979, 40.709709 ], [ -111.871071, 40.708072 ], [ -111.870954, 40.708072 ], [ -111.869546, 40.709136 ], [ -111.867252, 40.710868 ], [ -111.863653, 40.714017 ], [ -111.863573, 40.714358 ], [ -111.86359, 40.71446 ], [ -111.86354, 40.717096 ], [ -111.85913, 40.718939 ], [ -111.858067, 40.718543 ], [ -111.857386, 40.718302 ], [ -111.857197, 40.71831 ], [ -111.856178, 40.719358 ], [ -111.854507, 40.722023 ], [ -111.854507, 40.722078 ], [ -111.855697, 40.725291 ], [ -111.857063, 40.727105 ], [ -111.857162, 40.727235 ], [ -111.858147, 40.728004 ], [ -111.861275, 40.730458 ], [ -111.865202, 40.733382 ], [ -111.86777, 40.735311 ], [ -111.871421, 40.737402 ], [ -111.8722, 40.737401 ], [ -111.875104, 40.735317 ], [ -111.877305, 40.733657 ], [ -111.878867, 40.732448 ], [ -111.879864, 40.731684 ], [ -111.882291, 40.729853 ], [ -111.883085, 40.729253 ], [ -111.885721, 40.727248 ], [ -111.887206, 40.725669 ], [ -111.888405, 40.722742 ], [ -111.888406, 40.722682 ] ] ] } },
{ "type": "Feature", "properties": { "group_index": 0, "value": 600.0, "center": [ -111.87144928990381, 40.72278354616367 ], "point_id": 0.0 }, "geometry": { "type": "Polygon", "coordinates": [ [ [ -111.903817, 40.723625 ], [ -111.90189, 40.719845 ], [ -111.901523, 40.71944 ], [ -111.900528, 40.718412 ], [ -111.89463, 40.712228 ], [ -111.89337, 40.710847 ], [ -111.891695, 40.709579 ], [ -111.886526, 40.705599 ], [ -111.883101, 40.702889 ], [ -111.876814, 40.698208 ], [ -111.871453, 40.694583 ], [ -111.871141, 40.694583 ], [ -111.871006, 40.694582 ], [ -111.866281, 40.698079 ], [ -111.862961, 40.700358 ], [ -111.859358, 40.703247 ], [ -111.853008, 40.70515 ], [ -111.852133, 40.706006 ], [ -111.851262, 40.706876 ], [ -111.847239, 40.710893 ], [ -111.84147, 40.716657 ], [ -111.840263, 40.718951 ], [ -111.837724, 40.725443 ], [ -111.837723, 40.72548 ], [ -111.839475, 40.727302 ], [ -111.841329, 40.729186 ], [ -111.847362, 40.734103 ], [ -111.852768, 40.738164 ], [ -111.858694, 40.742485 ], [ -111.859603, 40.743092 ], [ -111.865945, 40.747418 ], [ -111.869196, 40.749834 ], [ -111.869527, 40.749834 ], [ -111.873009, 40.749842 ], [ -111.878376, 40.746671 ], [ -111.882255, 40.74343 ], [ -111.888691, 40.738575 ], [ -111.890288, 40.737379 ], [ -111.892994, 40.735312 ], [ -111.894617, 40.734069 ], [ -111.900201, 40.729597 ], [ -111.903789, 40.727225 ], [ -111.903817, 40.723625 ] ] ] } },
{ "type": "Feature", "properties": { "group_index": 0, "value": 900.0, "center": [ -111.87144928990381, 40.72278354616367 ], "point_id": 0.0 }, "geometry": { "type": "Polygon", "coordinates": [ [ [ -111.922993, 40.725909 ], [ -111.921296, 40.724127 ], [ -111.919166, 40.721897 ], [ -111.915778, 40.72156 ], [ -111.912818, 40.720443 ], [ -111.906947, 40.714251 ], [ -111.908741, 40.709512 ], [ -111.908729, 40.709329 ], [ -111.907154, 40.707832 ], [ -111.900317, 40.702632 ], [ -111.894444, 40.697939 ], [ -111.887656, 40.692933 ], [ -111.880947, 40.687824 ], [ -111.877102, 40.685058 ], [ -111.8731, 40.682732 ], [ -111.870727, 40.681352 ], [ -111.870703, 40.681352 ], [ -111.869423, 40.682117 ], [ -111.864736, 40.685124 ], [ -111.863497, 40.686064 ], [ -111.857913, 40.690451 ], [ -111.854204, 40.691931 ], [ -111.847937, 40.69264 ], [ -111.847796, 40.69264 ], [ -111.846306, 40.693909 ], [ -111.84229, 40.698135 ], [ -111.837064, 40.703257 ], [ -111.835361, 40.705024 ], [ -111.830791, 40.709934 ], [ -111.826958, 40.71187 ], [ -111.825726, 40.715253 ], [ -111.822712, 40.723083 ], [ -111.821419, 40.725394 ], [ -111.82159, 40.726029 ], [ -111.821703, 40.726449 ], [ -111.822022, 40.727133 ], [ -111.82369, 40.728906 ], [ -111.826061, 40.730949 ], [ -111.831843, 40.736621 ], [ -111.833409, 40.738242 ], [ -111.836402, 40.740429 ], [ -111.841754, 40.743444 ], [ -111.844767, 40.746291 ], [ -111.846151, 40.74728 ], [ -111.852552, 40.751602 ], [ -111.859545, 40.756434 ], [ -111.865031, 40.760297 ], [ -111.868011, 40.762561 ], [ -111.870768, 40.764639 ], [ -111.871108, 40.764782 ], [ -111.871225, 40.764781 ], [ -111.871522, 40.764638 ], [ -111.878238, 40.760288 ], [ -111.88068, 40.75868 ], [ -111.886928, 40.753756 ], [ -111.889755, 40.751608 ], [ -111.895225, 40.747396 ], [ -111.900269, 40.743374 ], [ -111.902858, 40.741105 ], [ -111.905749, 40.738665 ], [ -111.910832, 40.735316 ], [ -111.915285, 40.732032 ], [ -111.921237, 40.727727 ], [ -111.922865, 40.726084 ], [ -111.922993, 40.725928 ], [ -111.922993, 40.725909 ] ] ] } },
{ "type": "Feature", "properties": { "group_index": 0, "value": 300.0, "center": [ -111.8651955826568, 40.72279382440092 ], "point_id": 0.0 }, "geometry": { "type": "Polygon", "coordinates": [ [ [ -111.881497, 40.723396 ], [ -111.881506, 40.722336 ], [ -111.881506, 40.722282 ], [ -111.881508, 40.720693 ], [ -111.880169, 40.719218 ], [ -111.879141, 40.718434 ], [ -111.875278, 40.715137 ], [ -111.871541, 40.712637 ], [ -111.869202, 40.71087 ], [ -111.865362, 40.708112 ], [ -111.865357, 40.708112 ], [ -111.864387, 40.708886 ], [ -111.861712, 40.710886 ], [ -111.857861, 40.713283 ], [ -111.855169, 40.713695 ], [ -111.850717, 40.716514 ], [ -111.850169, 40.722458 ], [ -111.850408, 40.725949 ], [ -111.850582, 40.72624 ], [ -111.851913, 40.727658 ], [ -111.852018, 40.727743 ], [ -111.853614, 40.728881 ], [ -111.858078, 40.732523 ], [ -111.859314, 40.733503 ], [ -111.863572, 40.736285 ], [ -111.864858, 40.737256 ], [ -111.865451, 40.737408 ], [ -111.865642, 40.737408 ], [ -111.868435, 40.735312 ], [ -111.872568, 40.732211 ], [ -111.875962, 40.729717 ], [ -111.876931, 40.729003 ], [ -111.87809, 40.728118 ], [ -111.879233, 40.727235 ], [ -111.881494, 40.723678 ], [ -111.881497, 40.723396 ] ] ] } },
{ "type": "Feature", "properties": { "group_index": 0, "value": 600.0, "center": [ -111.8651955826568, 40.72279382440092 ], "point_id": 0.0 }, "geometry": { "type": "Polygon", "coordinates": [ [ [ -111.897897, 40.724814 ], [ -111.897834, 40.72452 ], [ -111.897171, 40.721828 ], [ -111.895993, 40.719439 ], [ -111.890613, 40.713569 ], [ -111.887153, 40.710852 ], [ -111.882314, 40.70708 ], [ -111.878639, 40.704538 ], [ -111.874463, 40.701309 ], [ -111.870186, 40.698079 ], [ -111.865538, 40.694577 ], [ -111.865488, 40.694577 ], [ -111.864541, 40.695251 ], [ -111.863498, 40.696037 ], [ -111.860508, 40.698096 ], [ -111.854077, 40.700035 ], [ -111.853994, 40.700053 ], [ -111.852206, 40.700508 ], [ -111.850867, 40.701046 ], [ -111.849848, 40.701556 ], [ -111.848815, 40.702264 ], [ -111.84806, 40.703026 ], [ -111.846273, 40.704826 ], [ -111.840458, 40.710902 ], [ -111.835821, 40.714792 ], [ -111.834878, 40.715921 ], [ -111.834878, 40.716555 ], [ -111.832584, 40.725124 ], [ -111.832583, 40.725405 ], [ -111.833901, 40.727298 ], [ -111.836214, 40.729379 ], [ -111.839766, 40.732522 ], [ -111.84195, 40.734125 ], [ -111.848343, 40.738979 ], [ -111.849472, 40.739863 ], [ -111.850698, 40.740797 ], [ -111.852048, 40.74179 ], [ -111.857314, 40.745587 ], [ -111.863669, 40.749836 ], [ -111.866782, 40.749834 ], [ -111.86706, 40.749834 ], [ -111.869987, 40.747181 ], [ -111.875391, 40.743711 ], [ -111.880013, 40.74023 ], [ -111.885844, 40.735831 ], [ -111.889211, 40.733254 ], [ -111.892787, 40.730458 ], [ -111.897172, 40.727186 ], [ -111.897945, 40.725258 ], [ -111.897897, 40.724814 ] ] ] } },
{ "type": "Feature", "properties": { "group_index": 0, "value": 900.0, "center": [ -111.8651955826568, 40.72279382440092 ], "point_id": 0.0 }, "geometry": { "type": "Polygon", "coordinates": [ [ [ -111.916315, 40.725723 ], [ -111.914802, 40.72376 ], [ -111.908731, 40.71964 ], [ -111.904943, 40.714457 ], [ -111.904941, 40.710857 ], [ -111.898309, 40.705636 ], [ -111.895004, 40.703296 ], [ -111.88816, 40.69774 ], [ -111.883094, 40.694274 ], [ -111.880447, 40.691865 ], [ -111.879085, 40.6905 ], [ -111.873076, 40.687154 ], [ -111.871293, 40.685416 ], [ -111.870944, 40.685074 ], [ -111.86634, 40.681985 ], [ -111.865328, 40.681597 ], [ -111.864729, 40.681629 ], [ -111.864242, 40.681713 ], [ -111.862046, 40.683179 ], [ -111.854221, 40.686733 ], [ -111.845973, 40.687334 ], [ -111.845532, 40.68734 ], [ -111.845432, 40.687368 ], [ -111.839644, 40.694157 ], [ -111.835525, 40.69808 ], [ -111.834242, 40.699472 ], [ -111.832741, 40.701589 ], [ -111.828115, 40.706864 ], [ -111.822383, 40.709514 ], [ -111.820203, 40.710385 ], [ -111.819678, 40.713947 ], [ -111.816796, 40.720193 ], [ -111.815807, 40.725953 ], [ -111.815807, 40.725967 ], [ -111.81595, 40.726283 ], [ -111.81714, 40.727638 ], [ -111.818153, 40.728681 ], [ -111.821363, 40.731375 ], [ -111.826119, 40.736516 ], [ -111.827628, 40.738233 ], [ -111.830152, 40.740604 ], [ -111.831234, 40.741399 ], [ -111.83294, 40.74232 ], [ -111.834842, 40.743445 ], [ -111.841874, 40.7487 ], [ -111.843276, 40.749947 ], [ -111.845719, 40.751595 ], [ -111.852973, 40.755952 ], [ -111.856183, 40.758125 ], [ -111.859266, 40.760363 ], [ -111.861628, 40.76202 ], [ -111.865275, 40.764475 ], [ -111.865333, 40.764475 ], [ -111.865334, 40.764475 ], [ -111.865393, 40.764474 ], [ -111.868358, 40.762368 ], [ -111.871234, 40.760284 ], [ -111.87752, 40.755929 ], [ -111.88392, 40.7515 ], [ -111.887128, 40.748655 ], [ -111.893994, 40.743153 ], [ -111.900074, 40.738519 ], [ -111.904363, 40.735299 ], [ -111.905472, 40.733339 ], [ -111.911621, 40.729494 ], [ -111.914769, 40.727359 ], [ -111.916313, 40.725793 ], [ -111.916315, 40.725723 ] ] ] } },
{ "type": "Feature", "properties": { "group_index": 0, "value": 300.0, "center": [ -111.86156786157527, 40.722719430083615 ], "point_id": 0.0 }, "geometry": { "type": "Polygon", "coordinates": [ [ [ -111.87863, 40.723 ], [ -111.87863, 40.722936 ], [ -111.877227, 40.720226 ], [ -111.876485, 40.719228 ], [ -111.874016, 40.71726 ], [ -111.870035, 40.714322 ], [ -111.865504, 40.710864 ], [ -111.865459, 40.710864 ], [ -111.865442, 40.710864 ], [ -111.865397, 40.710864 ], [ -111.863663, 40.71247 ], [ -111.8589, 40.710895 ], [ -111.856853, 40.710812 ], [ -111.856809, 40.710812 ], [ -111.855494, 40.710806 ], [ -111.854148, 40.710886 ], [ -111.851951, 40.713131 ], [ -111.848127, 40.71643 ], [ -111.847206, 40.717552 ], [ -111.8472, 40.71814 ], [ -111.84694, 40.721902 ], [ -111.846208, 40.725778 ], [ -111.846206, 40.725872 ], [ -111.846206, 40.725985 ], [ -111.846206, 40.725993 ], [ -111.847874, 40.727701 ], [ -111.848916, 40.728506 ], [ -111.849964, 40.729287 ], [ -111.852372, 40.730797 ], [ -111.85701, 40.734402 ], [ -111.859573, 40.73624 ], [ -111.859609, 40.736241 ], [ -111.862498, 40.736173 ], [ -111.866342, 40.733686 ], [ -111.86844, 40.732113 ], [ -111.872097, 40.729401 ], [ -111.875035, 40.727237 ], [ -111.876528, 40.72565 ], [ -111.878435, 40.723589 ], [ -111.87863, 40.723 ] ] ] } },
{ "type": "Feature", "properties": { "group_index": 0, "value": 600.0, "center": [ -111.86156786157527, 40.722719430083615 ], "point_id": 0.0 }, "geometry": { "type": "Polygon", "coordinates": [ [ [ -111.894611, 40.72544 ], [ -111.893847, 40.721338 ], [ -111.89335, 40.720216 ], [ -111.889959, 40.716307 ], [ -111.888165, 40.71449 ], [ -111.885833, 40.712678 ], [ -111.883416, 40.710846 ], [ -111.880863, 40.709058 ], [ -111.873895, 40.703705 ], [ -111.868632, 40.699684 ], [ -111.866434, 40.698079 ], [ -111.86538, 40.697442 ], [ -111.865378, 40.697442 ], [ -111.858146, 40.69913 ], [ -111.856317, 40.698236 ], [ -111.855232, 40.697397 ], [ -111.855187, 40.697356 ], [ -111.854136, 40.697121 ], [ -111.850322, 40.697034 ], [ -111.850297, 40.697035 ], [ -111.847449, 40.699704 ], [ -111.844698, 40.702255 ], [ -111.841418, 40.705837 ], [ -111.836351, 40.710913 ], [ -111.832454, 40.713632 ], [ -111.831084, 40.716962 ], [ -111.828385, 40.725492 ], [ -111.828385, 40.7255 ], [ -111.830145, 40.727304 ], [ -111.832465, 40.729368 ], [ -111.835317, 40.731759 ], [ -111.840406, 40.73653 ], [ -111.840443, 40.736565 ], [ -111.846981, 40.740553 ], [ -111.851835, 40.744263 ], [ -111.859155, 40.749454 ], [ -111.859444, 40.749454 ], [ -111.866006, 40.747419 ], [ -111.872078, 40.742711 ], [ -111.873477, 40.74186 ], [ -111.877094, 40.739198 ], [ -111.878434, 40.738192 ], [ -111.882225, 40.735321 ], [ -111.883878, 40.734061 ], [ -111.884896, 40.733286 ], [ -111.885954, 40.732481 ], [ -111.892835, 40.727242 ], [ -111.89461, 40.725452 ], [ -111.894611, 40.72544 ] ] ] } },
{ "type": "Feature", "properties": { "group_index": 0, "value": 900.0, "center": [ -111.86156786157527, 40.722719430083615 ], "point_id": 0.0 }, "geometry": { "type": "Polygon", "coordinates": [ [ [ -111.910585, 40.723765 ], [ -111.908309, 40.722013 ], [ -111.903295, 40.715835 ], [ -111.903156, 40.714489 ], [ -111.902924, 40.712565 ], [ -111.901244, 40.710848 ], [ -111.899734, 40.709673 ], [ -111.894217, 40.705505 ], [ -111.888188, 40.700889 ], [ -111.885528, 40.69886 ], [ -111.882805, 40.696806 ], [ -111.877282, 40.692457 ], [ -111.871252, 40.688572 ], [ -111.867369, 40.685255 ], [ -111.865978, 40.684518 ], [ -111.865255, 40.684376 ], [ -111.865078, 40.684388 ], [ -111.856118, 40.684991 ], [ -111.855177, 40.684404 ], [ -111.855106, 40.684405 ], [ -111.852505, 40.684582 ], [ -111.845291, 40.684738 ], [ -111.843623, 40.685291 ], [ -111.841632, 40.686877 ], [ -111.840626, 40.688415 ], [ -111.839648, 40.69042 ], [ -111.834072, 40.696073 ], [ -111.832392, 40.697217 ], [ -111.831395, 40.698069 ], [ -111.829972, 40.699881 ], [ -111.825529, 40.705526 ], [ -111.823089, 40.706764 ], [ -111.820302, 40.70763 ], [ -111.815722, 40.710617 ], [ -111.813949, 40.718213 ], [ -111.81299, 40.720532 ], [ -111.812983, 40.720563 ], [ -111.812983, 40.720564 ], [ -111.812977, 40.720595 ], [ -111.812432, 40.725657 ], [ -111.81341, 40.727632 ], [ -111.814796, 40.729222 ], [ -111.81985, 40.733786 ], [ -111.824085, 40.738234 ], [ -111.828695, 40.742346 ], [ -111.830153, 40.743456 ], [ -111.830728, 40.74384 ], [ -111.835872, 40.747064 ], [ -111.841497, 40.7516 ], [ -111.844836, 40.753393 ], [ -111.852197, 40.757561 ], [ -111.859152, 40.76246 ], [ -111.859514, 40.762618 ], [ -111.859599, 40.762618 ], [ -111.8596, 40.762618 ], [ -111.859685, 40.762619 ], [ -111.866127, 40.760716 ], [ -111.866825, 40.760296 ], [ -111.871575, 40.756983 ], [ -111.877371, 40.752849 ], [ -111.879027, 40.751599 ], [ -111.883443, 40.748254 ], [ -111.886151, 40.746075 ], [ -111.889422, 40.743386 ], [ -111.89545, 40.739435 ], [ -111.900177, 40.735291 ], [ -111.904931, 40.7312 ], [ -111.910574, 40.727365 ], [ -111.910585, 40.723765 ] ] ] } },
{ "type": "Feature", "properties": { "group_index": 0, "value": 300.0, "center": [ -111.902495, 40.450208 ], "point_id": 0.0 }, "geometry": { "type": "Polygon", "coordinates": [ [ [ -111.915245, 40.454279 ], [ -111.9149, 40.452293 ], [ -111.914804, 40.451878 ], [ -111.914656, 40.45143 ], [ -111.914497, 40.451075 ], [ -111.914287, 40.450726 ], [ -111.913488, 40.449717 ], [ -111.913201, 40.449381 ], [ -111.912797, 40.44895 ], [ -111.911671, 40.448422 ], [ -111.909896, 40.447906 ], [ -111.90958, 40.447944 ], [ -111.909508, 40.447954 ], [ -111.907016, 40.448351 ], [ -111.903318, 40.445708 ], [ -111.903029, 40.445088 ], [ -111.901872, 40.443027 ], [ -111.90143, 40.442365 ], [ -111.900528, 40.441128 ], [ -111.898057, 40.437338 ], [ -111.897328, 40.436505 ], [ -111.89592, 40.436902 ], [ -111.895094, 40.437374 ], [ -111.894502, 40.438226 ], [ -111.889643, 40.44165 ], [ -111.888263, 40.442261 ], [ -111.888248, 40.44228 ], [ -111.886909, 40.447408 ], [ -111.887704, 40.452421 ], [ -111.888064, 40.453788 ], [ -111.892083, 40.457045 ], [ -111.892905, 40.45745 ], [ -111.895427, 40.457583 ], [ -111.895623, 40.457586 ], [ -111.895849, 40.457585 ], [ -111.897441, 40.457387 ], [ -111.898084, 40.456913 ], [ -111.898142, 40.455176 ], [ -111.903461, 40.453964 ], [ -111.904842, 40.453647 ], [ -111.905584, 40.453491 ], [ -111.907821, 40.453076 ], [ -111.911869, 40.456516 ], [ -111.912044, 40.456883 ], [ -111.915591, 40.456265 ], [ -111.915245, 40.454279 ] ] ] } },
{ "type": "Feature", "properties": { "group_index": 0, "value": 600.0, "center": [ -111.902495, 40.450208 ], "point_id": 0.0 }, "geometry": { "type": "Polygon", "coordinates": [ [ [ -111.915175, 40.463036 ], [ -111.915591, 40.456265 ], [ -111.915245, 40.454279 ], [ -111.9149, 40.452293 ], [ -111.914804, 40.451878 ], [ -111.914656, 40.45143 ], [ -111.914497, 40.451075 ], [ -111.914287, 40.450726 ], [ -111.913488, 40.449717 ], [ -111.913201, 40.449381 ], [ -111.912797, 40.44895 ], [ -111.911671, 40.448422 ], [ -111.909896, 40.447906 ], [ -111.903029, 40.445088 ], [ -111.901872, 40.443027 ], [ -111.90143, 40.442365 ], [ -111.900528, 40.441128 ], [ -111.898057, 40.437338 ], [ -111.897328, 40.436505 ], [ -111.896345, 40.435463 ], [ -111.891011, 40.429332 ], [ -111.890811, 40.429153 ], [ -111.887588, 40.427204 ], [ -111.887405, 40.427145 ], [ -111.886456, 40.427008 ], [ -111.88612, 40.427029 ], [ -111.882685, 40.429411 ], [ -111.876903, 40.43353 ], [ -111.874913, 40.435296 ], [ -111.874008, 40.44138 ], [ -111.87378, 40.445036 ], [ -111.873314, 40.451897 ], [ -111.873338, 40.452071 ], [ -111.873511, 40.452633 ], [ -111.876152, 40.458173 ], [ -111.877911, 40.461347 ], [ -111.878098, 40.461416 ], [ -111.879748, 40.460903 ], [ -111.880024, 40.460665 ], [ -111.883773, 40.457451 ], [ -111.892053, 40.457872 ], [ -111.893638, 40.459931 ], [ -111.893955, 40.460307 ], [ -111.894591, 40.460733 ], [ -111.897391, 40.461977 ], [ -111.899499, 40.459059 ], [ -111.904842, 40.453647 ], [ -111.905584, 40.453491 ], [ -111.911869, 40.456516 ], [ -111.911533, 40.461785 ], [ -111.908591, 40.46539 ], [ -111.908319, 40.465781 ], [ -111.907839, 40.466619 ], [ -111.90771, 40.468197 ], [ -111.907698, 40.46865 ], [ -111.910613, 40.470762 ], [ -111.911227, 40.469915 ], [ -111.913315, 40.466936 ], [ -111.914245, 40.465355 ], [ -111.914584, 40.464669 ], [ -111.914919, 40.463829 ], [ -111.915175, 40.463036 ] ] ] } },
{ "type": "Feature", "properties": { "group_index": 0, "value": 900.0, "center": [ -111.902495, 40.450208 ], "point_id": 0.0 }, "geometry": { "type": "Polygon", "coordinates": [ [ [ -111.915175, 40.463036 ], [ -111.915591, 40.456265 ], [ -111.915245, 40.454279 ], [ -111.9149, 40.452293 ], [ -111.914804, 40.451878 ], [ -111.914656, 40.45143 ], [ -111.914497, 40.451075 ], [ -111.914287, 40.450726 ], [ -111.913488, 40.449717 ], [ -111.913201, 40.449381 ], [ -111.912797, 40.44895 ], [ -111.911671, 40.448422 ], [ -111.909896, 40.447906 ], [ -111.903029, 40.445088 ], [ -111.902974, 40.439305 ], [ -111.905182, 40.436068 ], [ -111.90797, 40.432946 ], [ -111.907977, 40.43293 ], [ -111.907015, 40.430585 ], [ -111.901852, 40.425416 ], [ -111.901599, 40.425172 ], [ -111.897845, 40.42394 ], [ -111.892864, 40.421178 ], [ -111.889886, 40.418948 ], [ -111.885524, 40.416011 ], [ -111.885397, 40.416017 ], [ -111.876971, 40.417988 ], [ -111.869918, 40.420968 ], [ -111.868141, 40.421444 ], [ -111.868065, 40.421516 ], [ -111.864702, 40.427901 ], [ -111.861755, 40.43033 ], [ -111.860996, 40.430808 ], [ -111.858415, 40.435426 ], [ -111.858243, 40.435903 ], [ -111.85815, 40.436179 ], [ -111.858915, 40.438072 ], [ -111.862736, 40.442768 ], [ -111.86527, 40.449074 ], [ -111.865526, 40.451624 ], [ -111.866044, 40.453473 ], [ -111.868193, 40.456362 ], [ -111.874818, 40.461099 ], [ -111.874062, 40.463478 ], [ -111.873908, 40.463901 ], [ -111.87346, 40.464985 ], [ -111.87322, 40.465657 ], [ -111.873134, 40.466089 ], [ -111.872707, 40.468426 ], [ -111.875991, 40.4699 ], [ -111.87652, 40.469946 ], [ -111.876833, 40.469638 ], [ -111.8772, 40.469171 ], [ -111.877599, 40.468357 ], [ -111.877847, 40.467878 ], [ -111.878042, 40.467419 ], [ -111.87818, 40.466893 ], [ -111.880024, 40.460665 ], [ -111.883773, 40.457451 ], [ -111.892053, 40.457872 ], [ -111.893638, 40.459931 ], [ -111.893955, 40.460307 ], [ -111.894591, 40.460733 ], [ -111.897391, 40.461977 ], [ -111.902333, 40.460109 ], [ -111.907257, 40.467401 ], [ -111.906468, 40.468547 ], [ -111.905895, 40.46918 ], [ -111.904873, 40.470674 ], [ -111.904233, 40.471275 ], [ -111.90314, 40.47243 ], [ -111.902671, 40.473043 ], [ -111.90215, 40.473858 ], [ -111.901639, 40.474618 ], [ -111.899185, 40.47706 ], [ -111.897682, 40.478347 ], [ -111.899162, 40.48066 ], [ -111.899653, 40.48136 ], [ -111.901443, 40.482169 ], [ -111.901788, 40.481929 ], [ -111.902266, 40.481542 ], [ -111.902957, 40.480897 ], [ -111.903348, 40.480484 ], [ -111.903749, 40.480002 ], [ -111.905377, 40.477768 ], [ -111.910613, 40.470762 ], [ -111.911227, 40.469915 ], [ -111.913315, 40.466936 ], [ -111.914245, 40.465355 ], [ -111.914584, 40.464669 ], [ -111.914919, 40.463829 ], [ -111.915175, 40.463036 ] ] ] } },
{ "type": "Feature", "properties": { "group_index": 0, "value": 300.0, "center": [ -111.88612359088613, 40.43232111270313 ], "point_id": 0.0 }, "geometry": { "type": "Polygon", "coordinates": [ [ [ -111.902414, 40.430206 ], [ -111.900856, 40.428337 ], [ -111.900597, 40.428098 ], [ -111.896979, 40.425383 ], [ -111.896645, 40.425241 ], [ -111.891232, 40.424775 ], [ -111.889526, 40.42456 ], [ -111.885888, 40.421365 ], [ -111.885725, 40.421282 ], [ -111.883947, 40.421029 ], [ -111.880597, 40.420803 ], [ -111.87913, 40.42127 ], [ -111.874899, 40.423383 ], [ -111.873303, 40.424099 ], [ -111.873247, 40.424161 ], [ -111.87321, 40.425001 ], [ -111.870758, 40.430222 ], [ -111.870531, 40.430801 ], [ -111.870874, 40.434384 ], [ -111.872837, 40.435417 ], [ -111.876225, 40.437207 ], [ -111.878434, 40.438907 ], [ -111.878898, 40.439134 ], [ -111.881541, 40.43941 ], [ -111.881648, 40.439341 ], [ -111.885264, 40.437756 ], [ -111.889049, 40.440906 ], [ -111.890216, 40.442463 ], [ -111.890515, 40.442813 ], [ -111.891354, 40.443265 ], [ -111.895414, 40.443482 ], [ -111.895832, 40.443241 ], [ -111.89639, 40.442632 ], [ -111.898645, 40.438017 ], [ -111.89909, 40.435698 ], [ -111.902006, 40.432702 ], [ -111.902213, 40.432521 ], [ -111.902414, 40.430206 ] ] ] } },
{ "type": "Feature", "properties": { "group_index": 0, "value": 600.0, "center": [ -111.88612359088613, 40.43232111270313 ], "point_id": 0.0 }, "geometry": { "type": "Polygon", "coordinates": [ [ [ -111.914535, 40.436378 ], [ -111.914571, 40.435479 ], [ -111.913726, 40.433647 ], [ -111.913686, 40.433621 ], [ -111.908757, 40.431644 ], [ -111.906008, 40.426928 ], [ -111.90322, 40.42445 ], [ -111.902949, 40.424194 ], [ -111.902288, 40.423594 ], [ -111.898937, 40.420563 ], [ -111.897188, 40.4187 ], [ -111.893495, 40.412709 ], [ -111.892172, 40.411483 ], [ -111.887513, 40.407931 ], [ -111.886745, 40.407404 ], [ -111.886725, 40.407404 ], [ -111.884909, 40.408749 ], [ -111.877419, 40.411477 ], [ -111.876857, 40.4116 ], [ -111.868413, 40.412453 ], [ -111.865032, 40.413606 ], [ -111.863018, 40.414372 ], [ -111.862005, 40.415555 ], [ -111.860411, 40.417474 ], [ -111.859216, 40.4189 ], [ -111.857934, 40.420767 ], [ -111.85793, 40.421062 ], [ -111.856157, 40.428188 ], [ -111.853518, 40.42999 ], [ -111.852819, 40.430273 ], [ -111.852723, 40.433872 ], [ -111.853408, 40.434644 ], [ -111.858619, 40.440306 ], [ -111.860169, 40.441598 ], [ -111.860297, 40.44169 ], [ -111.862048, 40.442018 ], [ -111.868381, 40.442576 ], [ -111.869656, 40.442701 ], [ -111.8701, 40.442758 ], [ -111.877844, 40.447006 ], [ -111.882317, 40.453375 ], [ -111.882855, 40.453907 ], [ -111.889089, 40.454411 ], [ -111.89413, 40.455427 ], [ -111.895509, 40.455338 ], [ -111.896357, 40.455232 ], [ -111.89814, 40.454687 ], [ -111.905031, 40.452263 ], [ -111.907721, 40.446863 ], [ -111.909683, 40.443844 ], [ -111.914499, 40.436789 ], [ -111.914535, 40.436378 ] ] ] } },
{ "type": "Feature", "properties": { "group_index": 0, "value": 900.0, "center": [ -111.88612359088613, 40.43232111270313 ], "point_id": 0.0 }, "geometry": { "type": "Polygon", "coordinates": [ [ [ -111.916079, 40.454096 ], [ -111.915766, 40.452142 ], [ -111.915543, 40.450991 ], [ -111.91538, 40.45048 ], [ -111.914963, 40.44951 ], [ -111.91452, 40.4487 ], [ -111.913903, 40.447701 ], [ -111.913369, 40.446971 ], [ -111.91266, 40.446215 ], [ -111.912006, 40.445623 ], [ -111.911409, 40.437669 ], [ -111.914499, 40.436789 ], [ -111.914535, 40.436378 ], [ -111.914571, 40.435479 ], [ -111.913726, 40.433647 ], [ -111.913686, 40.433621 ], [ -111.912478, 40.432743 ], [ -111.911306, 40.431754 ], [ -111.906008, 40.426928 ], [ -111.905785, 40.419042 ], [ -111.90805, 40.41693 ], [ -111.908209, 40.416809 ], [ -111.90979, 40.415133 ], [ -111.911465, 40.413428 ], [ -111.911464, 40.413309 ], [ -111.909574, 40.410629 ], [ -111.903019, 40.406068 ], [ -111.90035, 40.403239 ], [ -111.894365, 40.399714 ], [ -111.890369, 40.396856 ], [ -111.886444, 40.394484 ], [ -111.885841, 40.394483 ], [ -111.882547, 40.396856 ], [ -111.880247, 40.398963 ], [ -111.878058, 40.400666 ], [ -111.876342, 40.40174 ], [ -111.867811, 40.402859 ], [ -111.86349, 40.401256 ], [ -111.861599, 40.400675 ], [ -111.857049, 40.401421 ], [ -111.855552, 40.40196 ], [ -111.855507, 40.401998 ], [ -111.852637, 40.404748 ], [ -111.847776, 40.411645 ], [ -111.843718, 40.415495 ], [ -111.84152, 40.418978 ], [ -111.841387, 40.419552 ], [ -111.841158, 40.420959 ], [ -111.841168, 40.421493 ], [ -111.839725, 40.427323 ], [ -111.836573, 40.429322 ], [ -111.834738, 40.430234 ], [ -111.83483, 40.433832 ], [ -111.836576, 40.435013 ], [ -111.837716, 40.435006 ], [ -111.838522, 40.434984 ], [ -111.839445, 40.434933 ], [ -111.840506, 40.434834 ], [ -111.845834, 40.441587 ], [ -111.845271, 40.443338 ], [ -111.848698, 40.44444 ], [ -111.857163, 40.444005 ], [ -111.859612, 40.443985 ], [ -111.864752, 40.446025 ], [ -111.867114, 40.449689 ], [ -111.867146, 40.449765 ], [ -111.867602, 40.450411 ], [ -111.868034, 40.450729 ], [ -111.871765, 40.453193 ], [ -111.874812, 40.460997 ], [ -111.874739, 40.462879 ], [ -111.874773, 40.462966 ], [ -111.875042, 40.46344 ], [ -111.875416, 40.463832 ], [ -111.877272, 40.46525 ], [ -111.877624, 40.464953 ], [ -111.882704, 40.45823 ], [ -111.883749, 40.457977 ], [ -111.888047, 40.455894 ], [ -111.893358, 40.455708 ], [ -111.897441, 40.457387 ], [ -111.899303, 40.456015 ], [ -111.903221, 40.454018 ], [ -111.904842, 40.453647 ], [ -111.912034, 40.457785 ], [ -111.912216, 40.45815 ], [ -111.913155, 40.458189 ], [ -111.915804, 40.457855 ], [ -111.916699, 40.457554 ], [ -111.916079, 40.454096 ] ] ] } },
{ "type": "Feature", "properties": { "group_index": 0, "value": 300.0, "center": [ -111.86863841392963, 40.42175897117382 ], "point_id": 0.0 }, "geometry": { "type": "Polygon", "coordinates": [ [ [ -111.881871, 40.427719 ], [ -111.880088, 40.422836 ], [ -111.880541, 40.420761 ], [ -111.879712, 40.420134 ], [ -111.875167, 40.418859 ], [ -111.872853, 40.415178 ], [ -111.872817, 40.411578 ], [ -111.872344, 40.410687 ], [ -111.867855, 40.40969 ], [ -111.866247, 40.409508 ], [ -111.86314, 40.410541 ], [ -111.860054, 40.411578 ], [ -111.859025, 40.412671 ], [ -111.858445, 40.413356 ], [ -111.857378, 40.414829 ], [ -111.856259, 40.416461 ], [ -111.853839, 40.419969 ], [ -111.853838, 40.420607 ], [ -111.854241, 40.421648 ], [ -111.854661, 40.422509 ], [ -111.85577, 40.423347 ], [ -111.857561, 40.424774 ], [ -111.859938, 40.428741 ], [ -111.860617, 40.429774 ], [ -111.86257, 40.431462 ], [ -111.865141, 40.434533 ], [ -111.870004, 40.435275 ], [ -111.871422, 40.434332 ], [ -111.872479, 40.433308 ], [ -111.874518, 40.430571 ], [ -111.879563, 40.43056 ], [ -111.879881, 40.430719 ], [ -111.881679, 40.428854 ], [ -111.881871, 40.427719 ] ] ] } },
{ "type": "Feature", "properties": { "group_index": 0, "value": 600.0, "center": [ -111.86863841392963, 40.42175897117382 ], "point_id": 0.0 }, "geometry": { "type": "Polygon", "coordinates": [ [ [ -111.898388, 40.431492 ], [ -111.898135, 40.430441 ], [ -111.897454, 40.429338 ], [ -111.897358, 40.429244 ], [ -111.896992, 40.428962 ], [ -111.892449, 40.424162 ], [ -111.890874, 40.420824 ], [ -111.891121, 40.412255 ], [ -111.891113, 40.411873 ], [ -111.890017, 40.410614 ], [ -111.886041, 40.407338 ], [ -111.878748, 40.404342 ], [ -111.877466, 40.403362 ], [ -111.876873, 40.402895 ], [ -111.868034, 40.401454 ], [ -111.860598, 40.398662 ], [ -111.859475, 40.39822 ], [ -111.857573, 40.398121 ], [ -111.853776, 40.398791 ], [ -111.853555, 40.39884 ], [ -111.85098, 40.400319 ], [ -111.849784, 40.402629 ], [ -111.849268, 40.403645 ], [ -111.846813, 40.408056 ], [ -111.845914, 40.410185 ], [ -111.845915, 40.410207 ], [ -111.845915, 40.410208 ], [ -111.845916, 40.410231 ], [ -111.841928, 40.417655 ], [ -111.838334, 40.417862 ], [ -111.836358, 40.420445 ], [ -111.836846, 40.422265 ], [ -111.838335, 40.423182 ], [ -111.84302, 40.429815 ], [ -111.848115, 40.434532 ], [ -111.853037, 40.438628 ], [ -111.857812, 40.443817 ], [ -111.862365, 40.443619 ], [ -111.870743, 40.444074 ], [ -111.876328, 40.442151 ], [ -111.88344, 40.441925 ], [ -111.88548, 40.442419 ], [ -111.885507, 40.442408 ], [ -111.892839, 40.43849 ], [ -111.894519, 40.437607 ], [ -111.894647, 40.437493 ], [ -111.89841, 40.43173 ], [ -111.898388, 40.431492 ] ] ] } },
{ "type": "Feature", "properties": { "group_index": 0, "value": 900.0, "center": [ -111.86863841392963, 40.42175897117382 ], "point_id": 0.0 }, "geometry": { "type": "Polygon", "coordinates": [ [ [ -111.911736, 40.436824 ], [ -111.91135, 40.434348 ], [ -111.909741, 40.431421 ], [ -111.909733, 40.431413 ], [ -111.909575, 40.431275 ], [ -111.909545, 40.431256 ], [ -111.904438, 40.425721 ], [ -111.904608, 40.416867 ], [ -111.909178, 40.414219 ], [ -111.909276, 40.410621 ], [ -111.90455, 40.408217 ], [ -111.901033, 40.404546 ], [ -111.900981, 40.404503 ], [ -111.899702, 40.40361 ], [ -111.89448, 40.400094 ], [ -111.889989, 40.396862 ], [ -111.886444, 40.394484 ], [ -111.878536, 40.391071 ], [ -111.876559, 40.390597 ], [ -111.876144, 40.390599 ], [ -111.875036, 40.390698 ], [ -111.867697, 40.392356 ], [ -111.865177, 40.390971 ], [ -111.863452, 40.389223 ], [ -111.859783, 40.386197 ], [ -111.858523, 40.385406 ], [ -111.85667, 40.384711 ], [ -111.856418, 40.384716 ], [ -111.854217, 40.38477 ], [ -111.853115, 40.384797 ], [ -111.849157, 40.386162 ], [ -111.848984, 40.386231 ], [ -111.841792, 40.389691 ], [ -111.838416, 40.391287 ], [ -111.836647, 40.392192 ], [ -111.832476, 40.398906 ], [ -111.8324, 40.399127 ], [ -111.831937, 40.40394 ], [ -111.831936, 40.403955 ], [ -111.831936, 40.403956 ], [ -111.831935, 40.403971 ], [ -111.831903, 40.404562 ], [ -111.832676, 40.406751 ], [ -111.834938, 40.411502 ], [ -111.834984, 40.411624 ], [ -111.832267, 40.420037 ], [ -111.828676, 40.420285 ], [ -111.827785, 40.420979 ], [ -111.827233, 40.421866 ], [ -111.825126, 40.426291 ], [ -111.824439, 40.428666 ], [ -111.824484, 40.428835 ], [ -111.824849, 40.429415 ], [ -111.825721, 40.430305 ], [ -111.829554, 40.433921 ], [ -111.837233, 40.436401 ], [ -111.840356, 40.436002 ], [ -111.847714, 40.438928 ], [ -111.850075, 40.441646 ], [ -111.85623, 40.444063 ], [ -111.856713, 40.44406 ], [ -111.864752, 40.446025 ], [ -111.868649, 40.450361 ], [ -111.870688, 40.451211 ], [ -111.871214, 40.451396 ], [ -111.871769, 40.451435 ], [ -111.872347, 40.45132 ], [ -111.872878, 40.451059 ], [ -111.873535, 40.450361 ], [ -111.875059, 40.448755 ], [ -111.881459, 40.447392 ], [ -111.886325, 40.451381 ], [ -111.88639, 40.451421 ], [ -111.887338, 40.451946 ], [ -111.895985, 40.45213 ], [ -111.896021, 40.452123 ], [ -111.897453, 40.4515 ], [ -111.90371, 40.448815 ], [ -111.90848, 40.441686 ], [ -111.911744, 40.436985 ], [ -111.911736, 40.436824 ] ] ] } },
{ "type": "Feature", "properties": { "group_index": 0, "value": 300.0, "center": [ -111.86277742812278, 40.41340060912702 ], "point_id": 0.0 }, "geometry": { "type": "Polygon", "coordinates": [ [ [ -111.875019, 40.412585 ], [ -111.874445, 40.410676 ], [ -111.874279, 40.410578 ], [ -111.869259, 40.408941 ], [ -111.867722, 40.408376 ], [ -111.866751, 40.408458 ], [ -111.865119, 40.408372 ], [ -111.860377, 40.406158 ], [ -111.859681, 40.403437 ], [ -111.85874, 40.401782 ], [ -111.857491, 40.400384 ], [ -111.855623, 40.400322 ], [ -111.854214, 40.400392 ], [ -111.853043, 40.400986 ], [ -111.851181, 40.402752 ], [ -111.851322, 40.405047 ], [ -111.8486, 40.40878 ], [ -111.848335, 40.408997 ], [ -111.846785, 40.410143 ], [ -111.846674, 40.410267 ], [ -111.846333, 40.410814 ], [ -111.846144, 40.411751 ], [ -111.846215, 40.412698 ], [ -111.847657, 40.417067 ], [ -111.848379, 40.418096 ], [ -111.852692, 40.420574 ], [ -111.854706, 40.422509 ], [ -111.855885, 40.423346 ], [ -111.858064, 40.42414 ], [ -111.858087, 40.424143 ], [ -111.85814, 40.424145 ], [ -111.858163, 40.424144 ], [ -111.862395, 40.42366 ], [ -111.866715, 40.426182 ], [ -111.86878, 40.427411 ], [ -111.868814, 40.42741 ], [ -111.873473, 40.424989 ], [ -111.873511, 40.424919 ], [ -111.874478, 40.420601 ], [ -111.876746, 40.417805 ], [ -111.875019, 40.412585 ] ] ] } },
{ "type": "Feature", "properties": { "group_index": 0, "value": 600.0, "center": [ -111.86277742812278, 40.41340060912702 ], "point_id": 0.0 }, "geometry": { "type": "Polygon", "coordinates": [ [ [ -111.887678, 40.42455 ], [ -111.887518, 40.422856 ], [ -111.89148, 40.415088 ], [ -111.892173, 40.414241 ], [ -111.89216, 40.410641 ], [ -111.890569, 40.409278 ], [ -111.888297, 40.40747 ], [ -111.880922, 40.404338 ], [ -111.878606, 40.402983 ], [ -111.872056, 40.398543 ], [ -111.870373, 40.396764 ], [ -111.868835, 40.396044 ], [ -111.865235, 40.396022 ], [ -111.860701, 40.389227 ], [ -111.85741, 40.386705 ], [ -111.857171, 40.386704 ], [ -111.852243, 40.387094 ], [ -111.848953, 40.38842 ], [ -111.841546, 40.392057 ], [ -111.84081, 40.392362 ], [ -111.835663, 40.398622 ], [ -111.835297, 40.402907 ], [ -111.835247, 40.405561 ], [ -111.835491, 40.409207 ], [ -111.838279, 40.416569 ], [ -111.836157, 40.420505 ], [ -111.835611, 40.42105 ], [ -111.835751, 40.422914 ], [ -111.835809, 40.423279 ], [ -111.83607, 40.423469 ], [ -111.836424, 40.423699 ], [ -111.84007, 40.425538 ], [ -111.846361, 40.429799 ], [ -111.849008, 40.431787 ], [ -111.850526, 40.432934 ], [ -111.850702, 40.43297 ], [ -111.850819, 40.432987 ], [ -111.856165, 40.433493 ], [ -111.862643, 40.437112 ], [ -111.864131, 40.438647 ], [ -111.864199, 40.438713 ], [ -111.865963, 40.439477 ], [ -111.866535, 40.43972 ], [ -111.867711, 40.440042 ], [ -111.871176, 40.438576 ], [ -111.874493, 40.436516 ], [ -111.882889, 40.433552 ], [ -111.886371, 40.433162 ], [ -111.887155, 40.43125 ], [ -111.887678, 40.42455 ] ] ] } },
{ "type": "Feature", "properties": { "group_index": 0, "value": 900.0, "center": [ -111.86277742812278, 40.41340060912702 ], "point_id": 0.0 }, "geometry": { "type": "Polygon", "coordinates": [ [ [ -111.909941, 40.410639 ], [ -111.907295, 40.408591 ], [ -111.903197, 40.404194 ], [ -111.900501, 40.403149 ], [ -111.897615, 40.402932 ], [ -111.89248, 40.397981 ], [ -111.892319, 40.397411 ], [ -111.891884, 40.396823 ], [ -111.890676, 40.395744 ], [ -111.888062, 40.393888 ], [ -111.881567, 40.391086 ], [ -111.878809, 40.389222 ], [ -111.877544, 40.38821 ], [ -111.873478, 40.38541 ], [ -111.869384, 40.382149 ], [ -111.863924, 40.378027 ], [ -111.863846, 40.377968 ], [ -111.859177, 40.374582 ], [ -111.857385, 40.374188 ], [ -111.856614, 40.374175 ], [ -111.855958, 40.374198 ], [ -111.848666, 40.375272 ], [ -111.842619, 40.3783 ], [ -111.834863, 40.380489 ], [ -111.832223, 40.381475 ], [ -111.830576, 40.382898 ], [ -111.82347, 40.386643 ], [ -111.823436, 40.386685 ], [ -111.82303, 40.3874 ], [ -111.823791, 40.389556 ], [ -111.820133, 40.396475 ], [ -111.819216, 40.397196 ], [ -111.818878, 40.397963 ], [ -111.818897, 40.406263 ], [ -111.819013, 40.40644 ], [ -111.819888, 40.407609 ], [ -111.819916, 40.407629 ], [ -111.820583, 40.408056 ], [ -111.822998, 40.409814 ], [ -111.82664, 40.417098 ], [ -111.826938, 40.421974 ], [ -111.824555, 40.426409 ], [ -111.825578, 40.42996 ], [ -111.829711, 40.433921 ], [ -111.830608, 40.43392 ], [ -111.830622, 40.43392 ], [ -111.830761, 40.433919 ], [ -111.83691, 40.434978 ], [ -111.837716, 40.435006 ], [ -111.838522, 40.434984 ], [ -111.839445, 40.434933 ], [ -111.840506, 40.434834 ], [ -111.845834, 40.441587 ], [ -111.845308, 40.443223 ], [ -111.848735, 40.444325 ], [ -111.852662, 40.44455 ], [ -111.852964, 40.444551 ], [ -111.853417, 40.444506 ], [ -111.854587, 40.444336 ], [ -111.863216, 40.445706 ], [ -111.863994, 40.445795 ], [ -111.870319, 40.446035 ], [ -111.871482, 40.445948 ], [ -111.879701, 40.446613 ], [ -111.885902, 40.446178 ], [ -111.887588, 40.446016 ], [ -111.888554, 40.44563 ], [ -111.891103, 40.444473 ], [ -111.89374, 40.442917 ], [ -111.899757, 40.440056 ], [ -111.903077, 40.432892 ], [ -111.904005, 40.430335 ], [ -111.903997, 40.429415 ], [ -111.901944, 40.426852 ], [ -111.904458, 40.419043 ], [ -111.90564, 40.418311 ], [ -111.909079, 40.415107 ], [ -111.909843, 40.414237 ], [ -111.909941, 40.410639 ] ] ] } },
{ "type": "Feature", "properties": { "group_index": 0, "value": 300.0, "center": [ -111.8578989785124, 40.40410963868495 ], "point_id": 0.0 }, "geometry": { "type": "Polygon", "coordinates": [ [ [ -111.874246, 40.407589 ], [ -111.874245, 40.407488 ], [ -111.874225, 40.406454 ], [ -111.874156, 40.404302 ], [ -111.873859, 40.404303 ], [ -111.868738, 40.40233 ], [ -111.866585, 40.396812 ], [ -111.866158, 40.396811 ], [ -111.862498, 40.3971 ], [ -111.858921, 40.392602 ], [ -111.858921, 40.392163 ], [ -111.858845, 40.391338 ], [ -111.856887, 40.390253 ], [ -111.855762, 40.390246 ], [ -111.854111, 40.390852 ], [ -111.849378, 40.391932 ], [ -111.845122, 40.394105 ], [ -111.842842, 40.3957 ], [ -111.842842, 40.395749 ], [ -111.843792, 40.397451 ], [ -111.845515, 40.401065 ], [ -111.845015, 40.403394 ], [ -111.84511, 40.406993 ], [ -111.850128, 40.409809 ], [ -111.852592, 40.412876 ], [ -111.857144, 40.415191 ], [ -111.859192, 40.416594 ], [ -111.862997, 40.417095 ], [ -111.866024, 40.415146 ], [ -111.870655, 40.414508 ], [ -111.870974, 40.414184 ], [ -111.87272, 40.410921 ], [ -111.874156, 40.407902 ], [ -111.874246, 40.407589 ] ] ] } },
{ "type": "Feature", "properties": { "group_index": 0, "value": 600.0, "center": [ -111.8578989785124, 40.40410963868495 ], "point_id": 0.0 }, "geometry": { "type": "Polygon", "coordinates": [ [ [ -111.891726, 40.404351 ], [ -111.885734, 40.398746 ], [ -111.884278, 40.396866 ], [ -111.8808, 40.39383 ], [ -111.874632, 40.389218 ], [ -111.869655, 40.385407 ], [ -111.863454, 40.381025 ], [ -111.859781, 40.377975 ], [ -111.857853, 40.376487 ], [ -111.856926, 40.376444 ], [ -111.855514, 40.377447 ], [ -111.847343, 40.380292 ], [ -111.844355, 40.380767 ], [ -111.838892, 40.384016 ], [ -111.834944, 40.384139 ], [ -111.834739, 40.384148 ], [ -111.828744, 40.388321 ], [ -111.828633, 40.388643 ], [ -111.828467, 40.389128 ], [ -111.828387, 40.389445 ], [ -111.828095, 40.391256 ], [ -111.828418, 40.398232 ], [ -111.828478, 40.405919 ], [ -111.828492, 40.40811 ], [ -111.828522, 40.408455 ], [ -111.830064, 40.409757 ], [ -111.832726, 40.410364 ], [ -111.838278, 40.416759 ], [ -111.840068, 40.418177 ], [ -111.844228, 40.420943 ], [ -111.849685, 40.424595 ], [ -111.851395, 40.425731 ], [ -111.852665, 40.426336 ], [ -111.858332, 40.427001 ], [ -111.861021, 40.427221 ], [ -111.86835, 40.428987 ], [ -111.868715, 40.428983 ], [ -111.872013, 40.427472 ], [ -111.873114, 40.426947 ], [ -111.874166, 40.426359 ], [ -111.881558, 40.422413 ], [ -111.881769, 40.422267 ], [ -111.882115, 40.42137 ], [ -111.887628, 40.41516 ], [ -111.888774, 40.414174 ], [ -111.891725, 40.407951 ], [ -111.891726, 40.404351 ] ] ] } },
{ "type": "Feature", "properties": { "group_index": 0, "value": 900.0, "center": [ -111.8578989785124, 40.40410963868495 ], "point_id": 0.0 }, "geometry": { "type": "Polygon", "coordinates": [ [ [ -111.910824, 40.405637 ], [ -111.909383, 40.404132 ], [ -111.907119, 40.402445 ], [ -111.907066, 40.402444 ], [ -111.902176, 40.401674 ], [ -111.9017, 40.401447 ], [ -111.901173, 40.401329 ], [ -111.896479, 40.397367 ], [ -111.896647, 40.393437 ], [ -111.895945, 40.390966 ], [ -111.890127, 40.387156 ], [ -111.883761, 40.382091 ], [ -111.882573, 40.381268 ], [ -111.880077, 40.379538 ], [ -111.877756, 40.377953 ], [ -111.872432, 40.374144 ], [ -111.869384, 40.370617 ], [ -111.863616, 40.367419 ], [ -111.860368, 40.364358 ], [ -111.858154, 40.363214 ], [ -111.857822, 40.363121 ], [ -111.857517, 40.363109 ], [ -111.856522, 40.363174 ], [ -111.849101, 40.365357 ], [ -111.845247, 40.367926 ], [ -111.842598, 40.370301 ], [ -111.839342, 40.372226 ], [ -111.832076, 40.372945 ], [ -111.825828, 40.375152 ], [ -111.819361, 40.379606 ], [ -111.814679, 40.381059 ], [ -111.813726, 40.38131 ], [ -111.813631, 40.381341 ], [ -111.813167, 40.38161 ], [ -111.812534, 40.382813 ], [ -111.812137, 40.383996 ], [ -111.812147, 40.384019 ], [ -111.812459, 40.384497 ], [ -111.814592, 40.392263 ], [ -111.81061, 40.3983 ], [ -111.81048, 40.398557 ], [ -111.810166, 40.399271 ], [ -111.81016, 40.399364 ], [ -111.810245, 40.399824 ], [ -111.811566, 40.406551 ], [ -111.812893, 40.40811 ], [ -111.817148, 40.411287 ], [ -111.819809, 40.413653 ], [ -111.824531, 40.419172 ], [ -111.829475, 40.425499 ], [ -111.831416, 40.427704 ], [ -111.833638, 40.428493 ], [ -111.837906, 40.430261 ], [ -111.841934, 40.433187 ], [ -111.848025, 40.437076 ], [ -111.849959, 40.437229 ], [ -111.850594, 40.437231 ], [ -111.851624, 40.437137 ], [ -111.8605, 40.43837 ], [ -111.862107, 40.439123 ], [ -111.867662, 40.440408 ], [ -111.869867, 40.440489 ], [ -111.876463, 40.437799 ], [ -111.882372, 40.4363 ], [ -111.888378, 40.43419 ], [ -111.892117, 40.433278 ], [ -111.892552, 40.433049 ], [ -111.893829, 40.431656 ], [ -111.896445, 40.425954 ], [ -111.899302, 40.421614 ], [ -111.904023, 40.41668 ], [ -111.906286, 40.414166 ], [ -111.909399, 40.407732 ], [ -111.910842, 40.406095 ], [ -111.910824, 40.405637 ] ] ] } },
{ "type": "Feature", "properties": { "group_index": 0, "value": 300.0, "center": [ -111.84841958549111, 40.39753953337004 ], "point_id": 0.0 }, "geometry": { "type": "Polygon", "coordinates": [ [ [ -111.860788, 40.405144 ], [ -111.860101, 40.403767 ], [ -111.860765, 40.398545 ], [ -111.860766, 40.398494 ], [ -111.858691, 40.393531 ], [ -111.858922, 40.392699 ], [ -111.858922, 40.392699 ], [ -111.858921, 40.392466 ], [ -111.858815, 40.392325 ], [ -111.857596, 40.390818 ], [ -111.853807, 40.388289 ], [ -111.852235, 40.387178 ], [ -111.850669, 40.386062 ], [ -111.849062, 40.384902 ], [ -111.847363, 40.383692 ], [ -111.847344, 40.383692 ], [ -111.847295, 40.383693 ], [ -111.847276, 40.383693 ], [ -111.842139, 40.386279 ], [ -111.840988, 40.387692 ], [ -111.836249, 40.388954 ], [ -111.835785, 40.389038 ], [ -111.832948, 40.391203 ], [ -111.832756, 40.392186 ], [ -111.832781, 40.392479 ], [ -111.83348, 40.393422 ], [ -111.833545, 40.398928 ], [ -111.833546, 40.398987 ], [ -111.833546, 40.398988 ], [ -111.833548, 40.399047 ], [ -111.835112, 40.400734 ], [ -111.835218, 40.400822 ], [ -111.838503, 40.403339 ], [ -111.840482, 40.405895 ], [ -111.842263, 40.407199 ], [ -111.846092, 40.408024 ], [ -111.84612, 40.408024 ], [ -111.850857, 40.40732 ], [ -111.854445, 40.407951 ], [ -111.854785, 40.40795 ], [ -111.857908, 40.406622 ], [ -111.860788, 40.405162 ], [ -111.860788, 40.405144 ] ] ] } },
{ "type": "Feature", "properties": { "group_index": 0, "value": 600.0, "center": [ -111.84841958549111, 40.39753953337004 ], "point_id": 0.0 }, "geometry": { "type": "Polygon", "coordinates": [ [ [ -111.876723, 40.400403 ], [ -111.876753, 40.396803 ], [ -111.874543, 40.391209 ], [ -111.873055, 40.389219 ], [ -111.868207, 40.385405 ], [ -111.861588, 40.380363 ], [ -111.858429, 40.377967 ], [ -111.854876, 40.375544 ], [ -111.849292, 40.371611 ], [ -111.849062, 40.371612 ], [ -111.844722, 40.374824 ], [ -111.840571, 40.377036 ], [ -111.834191, 40.37751 ], [ -111.831616, 40.377553 ], [ -111.831264, 40.377582 ], [ -111.830602, 40.377794 ], [ -111.83067, 40.378645 ], [ -111.822994, 40.382921 ], [ -111.822802, 40.38287 ], [ -111.819126, 40.383865 ], [ -111.818349, 40.384386 ], [ -111.818332, 40.384412 ], [ -111.817821, 40.38722 ], [ -111.818519, 40.389699 ], [ -111.817123, 40.397222 ], [ -111.817367, 40.400814 ], [ -111.82056, 40.403184 ], [ -111.8255, 40.406487 ], [ -111.827137, 40.409873 ], [ -111.827441, 40.410312 ], [ -111.832535, 40.414409 ], [ -111.838318, 40.418925 ], [ -111.84184, 40.41967 ], [ -111.848475, 40.419556 ], [ -111.85445, 40.421746 ], [ -111.854508, 40.421745 ], [ -111.854759, 40.421661 ], [ -111.859593, 40.420005 ], [ -111.864104, 40.418814 ], [ -111.870584, 40.415729 ], [ -111.872942, 40.414146 ], [ -111.876065, 40.407915 ], [ -111.876723, 40.400403 ] ] ] } },
{ "type": "Feature", "properties": { "group_index": 0, "value": 900.0, "center": [ -111.84841958549111, 40.39753953337004 ], "point_id": 0.0 }, "geometry": { "type": "Polygon", "coordinates": [ [ [ -111.89434, 40.399648 ], [ -111.893093, 40.395726 ], [ -111.891605, 40.390294 ], [ -111.890473, 40.389017 ], [ -111.889496, 40.387983 ], [ -111.885922, 40.385557 ], [ -111.881622, 40.381181 ], [ -111.879456, 40.37954 ], [ -111.876301, 40.377958 ], [ -111.871671, 40.373986 ], [ -111.868809, 40.370621 ], [ -111.861103, 40.366525 ], [ -111.860183, 40.365614 ], [ -111.855167, 40.362144 ], [ -111.854848, 40.3622 ], [ -111.854222, 40.362387 ], [ -111.849187, 40.364959 ], [ -111.849098, 40.365027 ], [ -111.842171, 40.366797 ], [ -111.839576, 40.365756 ], [ -111.836957, 40.364496 ], [ -111.833902, 40.365487 ], [ -111.832627, 40.365945 ], [ -111.825619, 40.368857 ], [ -111.824273, 40.370002 ], [ -111.822874, 40.371 ], [ -111.814913, 40.373964 ], [ -111.81234, 40.373383 ], [ -111.812136, 40.37332 ], [ -111.809324, 40.374089 ], [ -111.803929, 40.377981 ], [ -111.802071, 40.379409 ], [ -111.801961, 40.379667 ], [ -111.801961, 40.379686 ], [ -111.802066, 40.380327 ], [ -111.802719, 40.381372 ], [ -111.804022, 40.384907 ], [ -111.801939, 40.390836 ], [ -111.801817, 40.391088 ], [ -111.79976, 40.397666 ], [ -111.799766, 40.401266 ], [ -111.805995, 40.406478 ], [ -111.808161, 40.408134 ], [ -111.815053, 40.412696 ], [ -111.816339, 40.414352 ], [ -111.819568, 40.416061 ], [ -111.823492, 40.421865 ], [ -111.825036, 40.424045 ], [ -111.825163, 40.424219 ], [ -111.828748, 40.427662 ], [ -111.831626, 40.429853 ], [ -111.838825, 40.432337 ], [ -111.841041, 40.43262 ], [ -111.842033, 40.432682 ], [ -111.850009, 40.433708 ], [ -111.857074, 40.433419 ], [ -111.857423, 40.433366 ], [ -111.861693, 40.430607 ], [ -111.868871, 40.432163 ], [ -111.869006, 40.432162 ], [ -111.874965, 40.429319 ], [ -111.878285, 40.428169 ], [ -111.878304, 40.428154 ], [ -111.881305, 40.424227 ], [ -111.883604, 40.421457 ], [ -111.889645, 40.415203 ], [ -111.890546, 40.414233 ], [ -111.893762, 40.407952 ], [ -111.89434, 40.399648 ] ] ] } },
{ "type": "Feature", "properties": { "group_index": 0, "value": 300.0, "center": [ -111.82760074662359, 40.389132560469655 ], "point_id": 0.0 }, "geometry": { "type": "Polygon", "coordinates": [ [ [ -111.844902, 40.395056 ], [ -111.843991, 40.393655 ], [ -111.844627, 40.388495 ], [ -111.844594, 40.387694 ], [ -111.844579, 40.387426 ], [ -111.84344, 40.386236 ], [ -111.840355, 40.383966 ], [ -111.83678, 40.382445 ], [ -111.83476, 40.381161 ], [ -111.83439, 40.38116 ], [ -111.832386, 40.381807 ], [ -111.83055, 40.383112 ], [ -111.828944, 40.383698 ], [ -111.826164, 40.385427 ], [ -111.822823, 40.381502 ], [ -111.822824, 40.381475 ], [ -111.820584, 40.37944 ], [ -111.819997, 40.378705 ], [ -111.81993, 40.378688 ], [ -111.818955, 40.378774 ], [ -111.813758, 40.379777 ], [ -111.811173, 40.382135 ], [ -111.811131, 40.382192 ], [ -111.811847, 40.384901 ], [ -111.81233, 40.389799 ], [ -111.812549, 40.391254 ], [ -111.813268, 40.392291 ], [ -111.815436, 40.393953 ], [ -111.818852, 40.396815 ], [ -111.822181, 40.399425 ], [ -111.824152, 40.40077 ], [ -111.824632, 40.400767 ], [ -111.829547, 40.400801 ], [ -111.830101, 40.400797 ], [ -111.832372, 40.40073 ], [ -111.83792, 40.398764 ], [ -111.838377, 40.398821 ], [ -111.83844, 40.398813 ], [ -111.838441, 40.398813 ], [ -111.838504, 40.398804 ], [ -111.842644, 40.396993 ], [ -111.844902, 40.395084 ], [ -111.844902, 40.395056 ] ] ] } },
{ "type": "Feature", "properties": { "group_index": 0, "value": 600.0, "center": [ -111.82760074662359, 40.389132560469655 ], "point_id": 0.0 }, "geometry": { "type": "Polygon", "coordinates": [ [ [ -111.858718, 40.403496 ], [ -111.858694, 40.396415 ], [ -111.858703, 40.396123 ], [ -111.860976, 40.389005 ], [ -111.862062, 40.387562 ], [ -111.862062, 40.387206 ], [ -111.860975, 40.385405 ], [ -111.86001, 40.384812 ], [ -111.857418, 40.383183 ], [ -111.850546, 40.377929 ], [ -111.848978, 40.377237 ], [ -111.848561, 40.377242 ], [ -111.841695, 40.375269 ], [ -111.841214, 40.371702 ], [ -111.837589, 40.370601 ], [ -111.834151, 40.369536 ], [ -111.829865, 40.371028 ], [ -111.822349, 40.375221 ], [ -111.817916, 40.374732 ], [ -111.817569, 40.37473 ], [ -111.812777, 40.375061 ], [ -111.808477, 40.371877 ], [ -111.807142, 40.371465 ], [ -111.806322, 40.37123 ], [ -111.802616, 40.372943 ], [ -111.800571, 40.373952 ], [ -111.798999, 40.375009 ], [ -111.79693, 40.376591 ], [ -111.796054, 40.377262 ], [ -111.794261, 40.378948 ], [ -111.79426, 40.378968 ], [ -111.795489, 40.383565 ], [ -111.795392, 40.39094 ], [ -111.795099, 40.39239 ], [ -111.795106, 40.392704 ], [ -111.79638, 40.394055 ], [ -111.802834, 40.397811 ], [ -111.805954, 40.401213 ], [ -111.808939, 40.404104 ], [ -111.810023, 40.404828 ], [ -111.817036, 40.409191 ], [ -111.819762, 40.411253 ], [ -111.825253, 40.412228 ], [ -111.828545, 40.414049 ], [ -111.832145, 40.414025 ], [ -111.83389, 40.413103 ], [ -111.841224, 40.410584 ], [ -111.843916, 40.409621 ], [ -111.843958, 40.409585 ], [ -111.845501, 40.408026 ], [ -111.852774, 40.405923 ], [ -111.855268, 40.405514 ], [ -111.857734, 40.404831 ], [ -111.85775, 40.404817 ], [ -111.858713, 40.403629 ], [ -111.858718, 40.403496 ] ] ] } },
{ "type": "Feature", "properties": { "group_index": 0, "value": 900.0, "center": [ -111.82760074662359, 40.389132560469655 ], "point_id": 0.0 }, "geometry": { "type": "Polygon", "coordinates": [ [ [ -111.874324, 40.406234 ], [ -111.8739, 40.40038 ], [ -111.873826, 40.399694 ], [ -111.873944, 40.39678 ], [ -111.876722, 40.39072 ], [ -111.87866, 40.389048 ], [ -111.878806, 40.386151 ], [ -111.87871, 40.385449 ], [ -111.878305, 40.385052 ], [ -111.877546, 40.384402 ], [ -111.870669, 40.379398 ], [ -111.869882, 40.378562 ], [ -111.865126, 40.374579 ], [ -111.860306, 40.371354 ], [ -111.857332, 40.369191 ], [ -111.850898, 40.36513 ], [ -111.847299, 40.365149 ], [ -111.840402, 40.365145 ], [ -111.838391, 40.362764 ], [ -111.837729, 40.362758 ], [ -111.833315, 40.362701 ], [ -111.825943, 40.362307 ], [ -111.823529, 40.362284 ], [ -111.822607, 40.362354 ], [ -111.81403, 40.362429 ], [ -111.80587, 40.360339 ], [ -111.805575, 40.360336 ], [ -111.801608, 40.360854 ], [ -111.799703, 40.362536 ], [ -111.793442, 40.364653 ], [ -111.790398, 40.367057 ], [ -111.785098, 40.370003 ], [ -111.783899, 40.370756 ], [ -111.782814, 40.37148 ], [ -111.781357, 40.372677 ], [ -111.780948, 40.37303 ], [ -111.777778, 40.378041 ], [ -111.777671, 40.378446 ], [ -111.777664, 40.378707 ], [ -111.777664, 40.378728 ], [ -111.777699, 40.382417 ], [ -111.777704, 40.383042 ], [ -111.77771, 40.383339 ], [ -111.77781, 40.383729 ], [ -111.777913, 40.38409 ], [ -111.78209, 40.392015 ], [ -111.783684, 40.393633 ], [ -111.784758, 40.394362 ], [ -111.784802, 40.394379 ], [ -111.786748, 40.395212 ], [ -111.789033, 40.402969 ], [ -111.790245, 40.404683 ], [ -111.791291, 40.405944 ], [ -111.797121, 40.409323 ], [ -111.800402, 40.411432 ], [ -111.801478, 40.411834 ], [ -111.808567, 40.414622 ], [ -111.812023, 40.419065 ], [ -111.813099, 40.420183 ], [ -111.814088, 40.420989 ], [ -111.817862, 40.423367 ], [ -111.81842, 40.423651 ], [ -111.81843, 40.423656 ], [ -111.818532, 40.423707 ], [ -111.8197, 40.424228 ], [ -111.823683, 40.424928 ], [ -111.828748, 40.427517 ], [ -111.830757, 40.427803 ], [ -111.831626, 40.427797 ], [ -111.832793, 40.427687 ], [ -111.833208, 40.425771 ], [ -111.838269, 40.419328 ], [ -111.841856, 40.419635 ], [ -111.848999, 40.418819 ], [ -111.849678, 40.418815 ], [ -111.854478, 40.419311 ], [ -111.855034, 40.419307 ], [ -111.863266, 40.417512 ], [ -111.870244, 40.414269 ], [ -111.870397, 40.414194 ], [ -111.870964, 40.413866 ], [ -111.874293, 40.406778 ], [ -111.874324, 40.406234 ] ] ] } },
{ "type": "Feature", "properties": { "group_index": 0, "value": 300.0, "center": [ -111.81233927284403, 40.38371309059608 ], "point_id": 0.0 }, "geometry": { "type": "Polygon", "coordinates": [ [ [ -111.822919, 40.391133 ], [ -111.82292, 40.391127 ], [ -111.82296, 40.390987 ], [ -111.822802, 40.390841 ], [ -111.820952, 40.388785 ], [ -111.818199, 40.384287 ], [ -111.818672, 40.382595 ], [ -111.818671, 40.382348 ], [ -111.818238, 40.380024 ], [ -111.817257, 40.378812 ], [ -111.814916, 40.37759 ], [ -111.810599, 40.375071 ], [ -111.806842, 40.374054 ], [ -111.80667, 40.374049 ], [ -111.803777, 40.375039 ], [ -111.803523, 40.375185 ], [ -111.799992, 40.377296 ], [ -111.796757, 40.38217 ], [ -111.796565, 40.385133 ], [ -111.796564, 40.385249 ], [ -111.796718, 40.385738 ], [ -111.797598, 40.386861 ], [ -111.800055, 40.388871 ], [ -111.803592, 40.391821 ], [ -111.807592, 40.395292 ], [ -111.811746, 40.398167 ], [ -111.812217, 40.398143 ], [ -111.814052, 40.396661 ], [ -111.817349, 40.394673 ], [ -111.819247, 40.393765 ], [ -111.821701, 40.392243 ], [ -111.822878, 40.391273 ], [ -111.822919, 40.391133 ] ] ] } },
{ "type": "Feature", "properties": { "group_index": 0, "value": 600.0, "center": [ -111.81233927284403, 40.38371309059608 ], "point_id": 0.0 }, "geometry": { "type": "Polygon", "coordinates": [ [ [ -111.836374, 40.392219 ], [ -111.835283, 40.38637 ], [ -111.83069, 40.383198 ], [ -111.829998, 40.375656 ], [ -111.82924, 40.375426 ], [ -111.828707, 40.375264 ], [ -111.820875, 40.370996 ], [ -111.819628, 40.369993 ], [ -111.817626, 40.368596 ], [ -111.815386, 40.367165 ], [ -111.811787, 40.367108 ], [ -111.806344, 40.363105 ], [ -111.805693, 40.363055 ], [ -111.805011, 40.363048 ], [ -111.803638, 40.363506 ], [ -111.797697, 40.365713 ], [ -111.795119, 40.367087 ], [ -111.790343, 40.370078 ], [ -111.784618, 40.373287 ], [ -111.780757, 40.378744 ], [ -111.777923, 40.383195 ], [ -111.777923, 40.383198 ], [ -111.782975, 40.389239 ], [ -111.783596, 40.389796 ], [ -111.787565, 40.39279 ], [ -111.793475, 40.39804 ], [ -111.797027, 40.401141 ], [ -111.802619, 40.405345 ], [ -111.807178, 40.408141 ], [ -111.808337, 40.408133 ], [ -111.811027, 40.408113 ], [ -111.819582, 40.405846 ], [ -111.820061, 40.405951 ], [ -111.820778, 40.405988 ], [ -111.826051, 40.402673 ], [ -111.828267, 40.400748 ], [ -111.833282, 40.395971 ], [ -111.836364, 40.392264 ], [ -111.836374, 40.392219 ] ] ] } },
{ "type": "Feature", "properties": { "group_index": 0, "value": 900.0, "center": [ -111.81233927284403, 40.38371309059608 ], "point_id": 0.0 }, "geometry": { "type": "Polygon", "coordinates": [ [ [ -111.851355, 40.397318 ], [ -111.851349, 40.39716 ], [ -111.851371, 40.395182 ], [ -111.854799, 40.387781 ], [ -111.854799, 40.387779 ], [ -111.85296, 40.385993 ], [ -111.851365, 40.38484 ], [ -111.850175, 40.38393 ], [ -111.849858, 40.38371 ], [ -111.848305, 40.382563 ], [ -111.846201, 40.373929 ], [ -111.846215, 40.372913 ], [ -111.846215, 40.372852 ], [ -111.84569, 40.371928 ], [ -111.845621, 40.371874 ], [ -111.844641, 40.371125 ], [ -111.837887, 40.366663 ], [ -111.837629, 40.366577 ], [ -111.83642, 40.366205 ], [ -111.835817, 40.366354 ], [ -111.834619, 40.367175 ], [ -111.826656, 40.36501 ], [ -111.82631, 40.362245 ], [ -111.825438, 40.360206 ], [ -111.825262, 40.359689 ], [ -111.825014, 40.359188 ], [ -111.820687, 40.359466 ], [ -111.815602, 40.353596 ], [ -111.815578, 40.353391 ], [ -111.812002, 40.353805 ], [ -111.803516, 40.35234 ], [ -111.799917, 40.352249 ], [ -111.79422, 40.353393 ], [ -111.788334, 40.355872 ], [ -111.787191, 40.356729 ], [ -111.78061, 40.362102 ], [ -111.77714, 40.363993 ], [ -111.773884, 40.365933 ], [ -111.770186, 40.368025 ], [ -111.769666, 40.368435 ], [ -111.767645, 40.370644 ], [ -111.766087, 40.375677 ], [ -111.762006, 40.381311 ], [ -111.760605, 40.382782 ], [ -111.7606, 40.383083 ], [ -111.762002, 40.384911 ], [ -111.765198, 40.387369 ], [ -111.768325, 40.391953 ], [ -111.770059, 40.393701 ], [ -111.772952, 40.395808 ], [ -111.779583, 40.401131 ], [ -111.784356, 40.40705 ], [ -111.784344, 40.41065 ], [ -111.787853, 40.412332 ], [ -111.788662, 40.412356 ], [ -111.795032, 40.413138 ], [ -111.800205, 40.416929 ], [ -111.8006, 40.417242 ], [ -111.800984, 40.417507 ], [ -111.801283, 40.417611 ], [ -111.803871, 40.418234 ], [ -111.80794, 40.416163 ], [ -111.814384, 40.415191 ], [ -111.818063, 40.41808 ], [ -111.821108, 40.419894 ], [ -111.821154, 40.419894 ], [ -111.822381, 40.419044 ], [ -111.823691, 40.417999 ], [ -111.823736, 40.417947 ], [ -111.824421, 40.41417 ], [ -111.830246, 40.411071 ], [ -111.832132, 40.410902 ], [ -111.83826, 40.407262 ], [ -111.843637, 40.403207 ], [ -111.84855, 40.400511 ], [ -111.850703, 40.399202 ], [ -111.850791, 40.399123 ], [ -111.851294, 40.398029 ], [ -111.851355, 40.397318 ] ] ] } },
{ "type": "Feature", "properties": { "group_index": 0, "value": 300.0, "center": [ -111.80126109303467, 40.37681641877254 ], "point_id": 0.0 }, "geometry": { "type": "Polygon", "coordinates": [ [ [ -111.818905, 40.375091 ], [ -111.815343, 40.372402 ], [ -111.813976, 40.370927 ], [ -111.813476, 40.370845 ], [ -111.80825, 40.369244 ], [ -111.806405, 40.367531 ], [ -111.805938, 40.367496 ], [ -111.802897, 40.369066 ], [ -111.799737, 40.367978 ], [ -111.798829, 40.367394 ], [ -111.798421, 40.367202 ], [ -111.798029, 40.367091 ], [ -111.795662, 40.36659 ], [ -111.795304, 40.366585 ], [ -111.793441, 40.367077 ], [ -111.79057, 40.368641 ], [ -111.785987, 40.371312 ], [ -111.784986, 40.371996 ], [ -111.783508, 40.373334 ], [ -111.783144, 40.373867 ], [ -111.7819, 40.376736 ], [ -111.7819, 40.376767 ], [ -111.783599, 40.378522 ], [ -111.786449, 40.380755 ], [ -111.788087, 40.38205 ], [ -111.789051, 40.3828 ], [ -111.791637, 40.384819 ], [ -111.794253, 40.386841 ], [ -111.798065, 40.389679 ], [ -111.799569, 40.390892 ], [ -111.801095, 40.391687 ], [ -111.8017, 40.391696 ], [ -111.803969, 40.39045 ], [ -111.807098, 40.388909 ], [ -111.810555, 40.386953 ], [ -111.814607, 40.38508 ], [ -111.815087, 40.384744 ], [ -111.817938, 40.37968 ], [ -111.818891, 40.378691 ], [ -111.818905, 40.375091 ] ] ] } },
{ "type": "Feature", "properties": { "group_index": 0, "value": 600.0, "center": [ -111.80126109303467, 40.37681641877254 ], "point_id": 0.0 }, "geometry": { "type": "Polygon", "coordinates": [ [ [ -111.836443, 40.373521 ], [ -111.831846, 40.37104 ], [ -111.826052, 40.36619 ], [ -111.821282, 40.362712 ], [ -111.818542, 40.360657 ], [ -111.815553, 40.358406 ], [ -111.811954, 40.358351 ], [ -111.806188, 40.35555 ], [ -111.80548, 40.355601 ], [ -111.796838, 40.35341 ], [ -111.79374, 40.353389 ], [ -111.787539, 40.355533 ], [ -111.781564, 40.360292 ], [ -111.778183, 40.362403 ], [ -111.773014, 40.365369 ], [ -111.768913, 40.367336 ], [ -111.768068, 40.368066 ], [ -111.766481, 40.36948 ], [ -111.764984, 40.375897 ], [ -111.764984, 40.375944 ], [ -111.765798, 40.377542 ], [ -111.772205, 40.382571 ], [ -111.773952, 40.384919 ], [ -111.77504, 40.385923 ], [ -111.776277, 40.386695 ], [ -111.782091, 40.391874 ], [ -111.783884, 40.393634 ], [ -111.784606, 40.394148 ], [ -111.784991, 40.39438 ], [ -111.790815, 40.398353 ], [ -111.793432, 40.40094 ], [ -111.800894, 40.403309 ], [ -111.802814, 40.404541 ], [ -111.803408, 40.404538 ], [ -111.808768, 40.401178 ], [ -111.812641, 40.398907 ], [ -111.820626, 40.394831 ], [ -111.820778, 40.394832 ], [ -111.828857, 40.391654 ], [ -111.831479, 40.388303 ], [ -111.834571, 40.381203 ], [ -111.838349, 40.376574 ], [ -111.836443, 40.373521 ] ] ] } },
{ "type": "Feature", "properties": { "group_index": 0, "value": 900.0, "center": [ -111.80126109303467, 40.37681641877254 ], "point_id": 0.0 }, "geometry": { "type": "Polygon", "coordinates": [ [ [ -111.849251, 40.387841 ], [ -111.849248, 40.387796 ], [ -111.849246, 40.387764 ], [ -111.84745, 40.386123 ], [ -111.849553, 40.37747 ], [ -111.850737, 40.376621 ], [ -111.852969, 40.375358 ], [ -111.853197, 40.371765 ], [ -111.8509, 40.369994 ], [ -111.846043, 40.366607 ], [ -111.840869, 40.363029 ], [ -111.836879, 40.361124 ], [ -111.82922, 40.357719 ], [ -111.828243, 40.356882 ], [ -111.824137, 40.354905 ], [ -111.820539, 40.35344 ], [ -111.81882, 40.353477 ], [ -111.818699, 40.353491 ], [ -111.818634, 40.353518 ], [ -111.8181, 40.35392 ], [ -111.817774, 40.354495 ], [ -111.811954, 40.358351 ], [ -111.808323, 40.35668 ], [ -111.804317, 40.349454 ], [ -111.804343, 40.345854 ], [ -111.803539, 40.34399 ], [ -111.799939, 40.344033 ], [ -111.791448, 40.345912 ], [ -111.785548, 40.345858 ], [ -111.784341, 40.345852 ], [ -111.782309, 40.347349 ], [ -111.774545, 40.349653 ], [ -111.767763, 40.354328 ], [ -111.762567, 40.358128 ], [ -111.759008, 40.359879 ], [ -111.757898, 40.360589 ], [ -111.750435, 40.363933 ], [ -111.7504, 40.363945 ], [ -111.74983, 40.367015 ], [ -111.747805, 40.374805 ], [ -111.747673, 40.375702 ], [ -111.747674, 40.375877 ], [ -111.747781, 40.376263 ], [ -111.748027, 40.376758 ], [ -111.74861, 40.377357 ], [ -111.753869, 40.381678 ], [ -111.755444, 40.383938 ], [ -111.755657, 40.384196 ], [ -111.756247, 40.384914 ], [ -111.759889, 40.388121 ], [ -111.766188, 40.3937 ], [ -111.767854, 40.394906 ], [ -111.772167, 40.398175 ], [ -111.778876, 40.403214 ], [ -111.779831, 40.404886 ], [ -111.783296, 40.410778 ], [ -111.786814, 40.41379 ], [ -111.788062, 40.414399 ], [ -111.788394, 40.414479 ], [ -111.788671, 40.414471 ], [ -111.788818, 40.414452 ], [ -111.795995, 40.413234 ], [ -111.799804, 40.416152 ], [ -111.80027, 40.416912 ], [ -111.800496, 40.41714 ], [ -111.8006, 40.417242 ], [ -111.80102, 40.41752 ], [ -111.801283, 40.417611 ], [ -111.803807, 40.418212 ], [ -111.809167, 40.412584 ], [ -111.816678, 40.408096 ], [ -111.820681, 40.408141 ], [ -111.820697, 40.40814 ], [ -111.820976, 40.408138 ], [ -111.820984, 40.408138 ], [ -111.821324, 40.408052 ], [ -111.822614, 40.40663 ], [ -111.828486, 40.403208 ], [ -111.832086, 40.403169 ], [ -111.832821, 40.403025 ], [ -111.833047, 40.402924 ], [ -111.833919, 40.402384 ], [ -111.83763, 40.399996 ], [ -111.843818, 40.39799 ], [ -111.844506, 40.397739 ], [ -111.846441, 40.395322 ], [ -111.849253, 40.387873 ], [ -111.849251, 40.387841 ] ] ] } },
{ "type": "Feature", "properties": { "group_index": 0, "value": 300.0, "center": [ -111.77299097169929, 40.3710261608855 ], "point_id": 0.0 }, "geometry": { "type": "Polygon", "coordinates": [ [ [ -111.791488, 40.375453 ], [ -111.789818, 40.371999 ], [ -111.787207, 40.367634 ], [ -111.784024, 40.364509 ], [ -111.782833, 40.363311 ], [ -111.778277, 40.36035 ], [ -111.777106, 40.359453 ], [ -111.775181, 40.358347 ], [ -111.773447, 40.358101 ], [ -111.773113, 40.358101 ], [ -111.767987, 40.358942 ], [ -111.764208, 40.360889 ], [ -111.75964, 40.363371 ], [ -111.756413, 40.365428 ], [ -111.755326, 40.367056 ], [ -111.75519, 40.367709 ], [ -111.755625, 40.368941 ], [ -111.757579, 40.373218 ], [ -111.759481, 40.374179 ], [ -111.762475, 40.377432 ], [ -111.764523, 40.37895 ], [ -111.768851, 40.38234 ], [ -111.768928, 40.382348 ], [ -111.770902, 40.380648 ], [ -111.773763, 40.379044 ], [ -111.777788, 40.379856 ], [ -111.780681, 40.3808 ], [ -111.780693, 40.3808 ], [ -111.785367, 40.379281 ], [ -111.789522, 40.376725 ], [ -111.791498, 40.375654 ], [ -111.791517, 40.375605 ], [ -111.791488, 40.375453 ] ] ] } },
{ "type": "Feature", "properties": { "group_index": 0, "value": 600.0, "center": [ -111.77299097169929, 40.3710261608855 ], "point_id": 0.0 }, "geometry": { "type": "Polygon", "coordinates": [ [ [ -111.808441, 40.376839 ], [ -111.806424, 40.371364 ], [ -111.805071, 40.370976 ], [ -111.798204, 40.366042 ], [ -111.797373, 40.364617 ], [ -111.797042, 40.364471 ], [ -111.795935, 40.364604 ], [ -111.790058, 40.357917 ], [ -111.789125, 40.354817 ], [ -111.787626, 40.353314 ], [ -111.781533, 40.349672 ], [ -111.781042, 40.349671 ], [ -111.781042, 40.349671 ], [ -111.780551, 40.349669 ], [ -111.779239, 40.351088 ], [ -111.77101, 40.349971 ], [ -111.768574, 40.34732 ], [ -111.764233, 40.348266 ], [ -111.759304, 40.348332 ], [ -111.756666, 40.348875 ], [ -111.755148, 40.353417 ], [ -111.748206, 40.358656 ], [ -111.74557, 40.35831 ], [ -111.744731, 40.358101 ], [ -111.74273, 40.357659 ], [ -111.738658, 40.362432 ], [ -111.737439, 40.363953 ], [ -111.737439, 40.36399 ], [ -111.740346, 40.368185 ], [ -111.741789, 40.369848 ], [ -111.74455, 40.377343 ], [ -111.74731, 40.379647 ], [ -111.751141, 40.382465 ], [ -111.757885, 40.388193 ], [ -111.764248, 40.392336 ], [ -111.767824, 40.394875 ], [ -111.76863, 40.395304 ], [ -111.76912, 40.39541 ], [ -111.769866, 40.395257 ], [ -111.769987, 40.395201 ], [ -111.772067, 40.393693 ], [ -111.775069, 40.39118 ], [ -111.781313, 40.392681 ], [ -111.781366, 40.392738 ], [ -111.781371, 40.392738 ], [ -111.781371, 40.392738 ], [ -111.781376, 40.392738 ], [ -111.782323, 40.392605 ], [ -111.788352, 40.390768 ], [ -111.795928, 40.38685 ], [ -111.798631, 40.384865 ], [ -111.801339, 40.382896 ], [ -111.806439, 40.378967 ], [ -111.806837, 40.378638 ], [ -111.808136, 40.377278 ], [ -111.80844, 40.376892 ], [ -111.808441, 40.376839 ] ] ] } },
{ "type": "Feature", "properties": { "group_index": 0, "value": 900.0, "center": [ -111.77299097169929, 40.3710261608855 ], "point_id": 0.0 }, "geometry": { "type": "Polygon", "coordinates": [ [ [ -111.824822, 40.374999 ], [ -111.824736, 40.372718 ], [ -111.824728, 40.372542 ], [ -111.823052, 40.371 ], [ -111.81668, 40.365925 ], [ -111.815413, 40.365508 ], [ -111.811813, 40.365451 ], [ -111.806217, 40.362716 ], [ -111.803441, 40.355318 ], [ -111.803441, 40.355308 ], [ -111.803511, 40.352546 ], [ -111.796458, 40.34701 ], [ -111.79549, 40.345948 ], [ -111.79528, 40.345947 ], [ -111.795269, 40.345947 ], [ -111.79506, 40.345945 ], [ -111.794809, 40.346413 ], [ -111.79264, 40.348485 ], [ -111.785962, 40.343917 ], [ -111.785962, 40.343902 ], [ -111.784709, 40.34234 ], [ -111.784612, 40.342239 ], [ -111.784238, 40.342159 ], [ -111.784213, 40.342159 ], [ -111.78029, 40.342485 ], [ -111.774307, 40.344224 ], [ -111.769207, 40.342931 ], [ -111.765105, 40.33899 ], [ -111.759842, 40.335068 ], [ -111.759764, 40.335068 ], [ -111.758058, 40.336669 ], [ -111.750976, 40.339453 ], [ -111.750061, 40.340155 ], [ -111.747364, 40.342886 ], [ -111.740684, 40.345254 ], [ -111.74066, 40.345256 ], [ -111.739526, 40.346333 ], [ -111.731103, 40.349052 ], [ -111.729092, 40.349158 ], [ -111.729058, 40.349179 ], [ -111.727976, 40.351291 ], [ -111.727963, 40.351327 ], [ -111.724, 40.359356 ], [ -111.720658, 40.362182 ], [ -111.719674, 40.363825 ], [ -111.719674, 40.363889 ], [ -111.720635, 40.365782 ], [ -111.724326, 40.369354 ], [ -111.725235, 40.375943 ], [ -111.725244, 40.375974 ], [ -111.73124, 40.381185 ], [ -111.732327, 40.382202 ], [ -111.737622, 40.386038 ], [ -111.741841, 40.388806 ], [ -111.748173, 40.393845 ], [ -111.751795, 40.396736 ], [ -111.758092, 40.401066 ], [ -111.761452, 40.403153 ], [ -111.766685, 40.404184 ], [ -111.771441, 40.407877 ], [ -111.773348, 40.408158 ], [ -111.773662, 40.408157 ], [ -111.77514, 40.406608 ], [ -111.782293, 40.40279 ], [ -111.782709, 40.40223 ], [ -111.790363, 40.39968 ], [ -111.792613, 40.400925 ], [ -111.793083, 40.400957 ], [ -111.793734, 40.400944 ], [ -111.800855, 40.398149 ], [ -111.800896, 40.398128 ], [ -111.800897, 40.398127 ], [ -111.800939, 40.398106 ], [ -111.803165, 40.395799 ], [ -111.80804, 40.392548 ], [ -111.811886, 40.390424 ], [ -111.818203, 40.387368 ], [ -111.818992, 40.386789 ], [ -111.819486, 40.386411 ], [ -111.81975, 40.385273 ], [ -111.82469, 40.378597 ], [ -111.824822, 40.374999 ] ] ] } },
{ "type": "Feature", "properties": { "group_index": 0, "value": 300.0, "center": [ -111.7690059120298, 40.364182591390936 ], "point_id": 0.0 }, "geometry": { "type": "Polygon", "coordinates": [ [ [ -111.77835, 40.370412 ], [ -111.776592, 40.36876 ], [ -111.77822, 40.363982 ], [ -111.779624, 40.362227 ], [ -111.779988, 40.358277 ], [ -111.779993, 40.358216 ], [ -111.779349, 40.357381 ], [ -111.778443, 40.356266 ], [ -111.77718, 40.354769 ], [ -111.775626, 40.353525 ], [ -111.771174, 40.351791 ], [ -111.769969, 40.350791 ], [ -111.767446, 40.350751 ], [ -111.764795, 40.350823 ], [ -111.762899, 40.351173 ], [ -111.761645, 40.35204 ], [ -111.761387, 40.352268 ], [ -111.760923, 40.354182 ], [ -111.760891, 40.357369 ], [ -111.760896, 40.357419 ], [ -111.762651, 40.359024 ], [ -111.763377, 40.360604 ], [ -111.761947, 40.3657 ], [ -111.759572, 40.366737 ], [ -111.759471, 40.366819 ], [ -111.760028, 40.369929 ], [ -111.761339, 40.372452 ], [ -111.762733, 40.374007 ], [ -111.7669, 40.377387 ], [ -111.768576, 40.378618 ], [ -111.768811, 40.37862 ], [ -111.771055, 40.377495 ], [ -111.77483, 40.374952 ], [ -111.777531, 40.373917 ], [ -111.779241, 40.372584 ], [ -111.779279, 40.372489 ], [ -111.77835, 40.370412 ] ] ] } },
{ "type": "Feature", "properties": { "group_index": 0, "value": 600.0, "center": [ -111.7690059120298, 40.364182591390936 ], "point_id": 0.0 }, "geometry": { "type": "Polygon", "coordinates": [ [ [ -111.796159, 40.375605 ], [ -111.794963, 40.372476 ], [ -111.793567, 40.365687 ], [ -111.79264, 40.35698 ], [ -111.794089, 40.355227 ], [ -111.794087, 40.355134 ], [ -111.79267, 40.35338 ], [ -111.786506, 40.350581 ], [ -111.781017, 40.346025 ], [ -111.780814, 40.345835 ], [ -111.780519, 40.345661 ], [ -111.774307, 40.344224 ], [ -111.771272, 40.342926 ], [ -111.769153, 40.342369 ], [ -111.768585, 40.342368 ], [ -111.761665, 40.341128 ], [ -111.759527, 40.339925 ], [ -111.759286, 40.339926 ], [ -111.753929, 40.341629 ], [ -111.749125, 40.346101 ], [ -111.744934, 40.349051 ], [ -111.745001, 40.35265 ], [ -111.744987, 40.36034 ], [ -111.742643, 40.363522 ], [ -111.742634, 40.363543 ], [ -111.743208, 40.366163 ], [ -111.746377, 40.369895 ], [ -111.747655, 40.37546 ], [ -111.747654, 40.375536 ], [ -111.747654, 40.375537 ], [ -111.747653, 40.375613 ], [ -111.747793, 40.37585 ], [ -111.748133, 40.376356 ], [ -111.749144, 40.377359 ], [ -111.750069, 40.378082 ], [ -111.754725, 40.381676 ], [ -111.758933, 40.38491 ], [ -111.765759, 40.389974 ], [ -111.768917, 40.392036 ], [ -111.769731, 40.391945 ], [ -111.773742, 40.389099 ], [ -111.779787, 40.386045 ], [ -111.786062, 40.382773 ], [ -111.791255, 40.379695 ], [ -111.794099, 40.378563 ], [ -111.794165, 40.378534 ], [ -111.796162, 40.375836 ], [ -111.796159, 40.375605 ] ] ] } },
{ "type": "Feature", "properties": { "group_index": 0, "value": 900.0, "center": [ -111.7690059120298, 40.364182591390936 ], "point_id": 0.0 }, "geometry": { "type": "Polygon", "coordinates": [ [ [ -111.81374, 40.37664 ], [ -111.810555, 40.370874 ], [ -111.80943, 40.370865 ], [ -111.808736, 40.370776 ], [ -111.807703, 40.370567 ], [ -111.806868, 40.370449 ], [ -111.803798, 40.362063 ], [ -111.806164, 40.359713 ], [ -111.806176, 40.358206 ], [ -111.806182, 40.3579 ], [ -111.803523, 40.350349 ], [ -111.803527, 40.348637 ], [ -111.798064, 40.345933 ], [ -111.797396, 40.345824 ], [ -111.795269, 40.345947 ], [ -111.794439, 40.348374 ], [ -111.785839, 40.348074 ], [ -111.785555, 40.345858 ], [ -111.784163, 40.343958 ], [ -111.780199, 40.343107 ], [ -111.771272, 40.342926 ], [ -111.769153, 40.342369 ], [ -111.768585, 40.342368 ], [ -111.761655, 40.339747 ], [ -111.761673, 40.335397 ], [ -111.761695, 40.333389 ], [ -111.761695, 40.330858 ], [ -111.761646, 40.327914 ], [ -111.761435, 40.327248 ], [ -111.761207, 40.326828 ], [ -111.760439, 40.325657 ], [ -111.757429, 40.327631 ], [ -111.750973, 40.331689 ], [ -111.747998, 40.33483 ], [ -111.747618, 40.335179 ], [ -111.741713, 40.340118 ], [ -111.738189, 40.34044 ], [ -111.738021, 40.340481 ], [ -111.736872, 40.342653 ], [ -111.731698, 40.347296 ], [ -111.727801, 40.348111 ], [ -111.727792, 40.348117 ], [ -111.727767, 40.348137 ], [ -111.727758, 40.348144 ], [ -111.72649, 40.35156 ], [ -111.726436, 40.351793 ], [ -111.726438, 40.352143 ], [ -111.727639, 40.354052 ], [ -111.725988, 40.362121 ], [ -111.725261, 40.363687 ], [ -111.725266, 40.363882 ], [ -111.725976, 40.365721 ], [ -111.728769, 40.369332 ], [ -111.731429, 40.377278 ], [ -111.733098, 40.378667 ], [ -111.735089, 40.380159 ], [ -111.738948, 40.383084 ], [ -111.742391, 40.386153 ], [ -111.749388, 40.391228 ], [ -111.752788, 40.393819 ], [ -111.759024, 40.398249 ], [ -111.763995, 40.400991 ], [ -111.764284, 40.401067 ], [ -111.764298, 40.401067 ], [ -111.764312, 40.401067 ], [ -111.764359, 40.401066 ], [ -111.771512, 40.403108 ], [ -111.773269, 40.404843 ], [ -111.773343, 40.404842 ], [ -111.778198, 40.401698 ], [ -111.778239, 40.401665 ], [ -111.781014, 40.398607 ], [ -111.787903, 40.39504 ], [ -111.789018, 40.394273 ], [ -111.795885, 40.390834 ], [ -111.797497, 40.389732 ], [ -111.803815, 40.385475 ], [ -111.807666, 40.383281 ], [ -111.809581, 40.382093 ], [ -111.812458, 40.378623 ], [ -111.813744, 40.376671 ], [ -111.81374, 40.37664 ] ] ] } },
{ "type": "Feature", "properties": { "group_index": 0, "value": 300.0, "center": [ -111.76704827552719, 40.356198795734066 ], "point_id": 0.0 }, "geometry": { "type": "Polygon", "coordinates": [ [ [ -111.78315, 40.354471 ], [ -111.783123, 40.354293 ], [ -111.782047, 40.353328 ], [ -111.781358, 40.353331 ], [ -111.780348, 40.353347 ], [ -111.778888, 40.353533 ], [ -111.778029, 40.35354 ], [ -111.773885, 40.349481 ], [ -111.773838, 40.345881 ], [ -111.771727, 40.344806 ], [ -111.771211, 40.344776 ], [ -111.771116, 40.344814 ], [ -111.770283, 40.345482 ], [ -111.768829, 40.347094 ], [ -111.763696, 40.347525 ], [ -111.761628, 40.345953 ], [ -111.759911, 40.345246 ], [ -111.759276, 40.345034 ], [ -111.758068, 40.345416 ], [ -111.754207, 40.346915 ], [ -111.751884, 40.348931 ], [ -111.751945, 40.352531 ], [ -111.75196, 40.355311 ], [ -111.751988, 40.355786 ], [ -111.754067, 40.360968 ], [ -111.754801, 40.362665 ], [ -111.755805, 40.36397 ], [ -111.756117, 40.364104 ], [ -111.75735, 40.364618 ], [ -111.757576, 40.364665 ], [ -111.760007, 40.36526 ], [ -111.763942, 40.367593 ], [ -111.769174, 40.369403 ], [ -111.769235, 40.369403 ], [ -111.771215, 40.367863 ], [ -111.772954, 40.366505 ], [ -111.775348, 40.363974 ], [ -111.776118, 40.362918 ], [ -111.780587, 40.360148 ], [ -111.780839, 40.360048 ], [ -111.780854, 40.360036 ], [ -111.783177, 40.355612 ], [ -111.78315, 40.354471 ] ] ] } },
{ "type": "Feature", "properties": { "group_index": 0, "value": 600.0, "center": [ -111.76704827552719, 40.356198795734066 ], "point_id": 0.0 }, "geometry": { "type": "Polygon", "coordinates": [ [ [ -111.8012, 40.355012 ], [ -111.799793, 40.353426 ], [ -111.797078, 40.351796 ], [ -111.791573, 40.345913 ], [ -111.784163, 40.343958 ], [ -111.780199, 40.343107 ], [ -111.774307, 40.344224 ], [ -111.76913, 40.342915 ], [ -111.76693, 40.34292 ], [ -111.761655, 40.339747 ], [ -111.761673, 40.335397 ], [ -111.761695, 40.333389 ], [ -111.761695, 40.331558 ], [ -111.758095, 40.331559 ], [ -111.751094, 40.336609 ], [ -111.751067, 40.336634 ], [ -111.749285, 40.34126 ], [ -111.742147, 40.342815 ], [ -111.742095, 40.342837 ], [ -111.741137, 40.343571 ], [ -111.739021, 40.345241 ], [ -111.735938, 40.347719 ], [ -111.733909, 40.349633 ], [ -111.73497, 40.356752 ], [ -111.737075, 40.362372 ], [ -111.737355, 40.363001 ], [ -111.742758, 40.369855 ], [ -111.747832, 40.374231 ], [ -111.753898, 40.37581 ], [ -111.759252, 40.379814 ], [ -111.759256, 40.379814 ], [ -111.765733, 40.380155 ], [ -111.768341, 40.382291 ], [ -111.769095, 40.382922 ], [ -111.769101, 40.382923 ], [ -111.774283, 40.37905 ], [ -111.776858, 40.378037 ], [ -111.779584, 40.37661 ], [ -111.782537, 40.375114 ], [ -111.783447, 40.374304 ], [ -111.784544, 40.3732 ], [ -111.787078, 40.369066 ], [ -111.792871, 40.365134 ], [ -111.794949, 40.364019 ], [ -111.799704, 40.357025 ], [ -111.8012, 40.355218 ], [ -111.8012, 40.355012 ] ] ] } },
{ "type": "Feature", "properties": { "group_index": 0, "value": 900.0, "center": [ -111.76704827552719, 40.356198795734066 ], "point_id": 0.0 }, "geometry": { "type": "Polygon", "coordinates": [ [ [ -111.811346, 40.36064 ], [ -111.811257, 40.359665 ], [ -111.810368, 40.356312 ], [ -111.810075, 40.355503 ], [ -111.806663, 40.347395 ], [ -111.806627, 40.347077 ], [ -111.806357, 40.346497 ], [ -111.806187, 40.346139 ], [ -111.803677, 40.341854 ], [ -111.800117, 40.341324 ], [ -111.795269, 40.345947 ], [ -111.791573, 40.345913 ], [ -111.784163, 40.343958 ], [ -111.780199, 40.343107 ], [ -111.774307, 40.344224 ], [ -111.76913, 40.342915 ], [ -111.76693, 40.34292 ], [ -111.761655, 40.339747 ], [ -111.761673, 40.335397 ], [ -111.764556, 40.329834 ], [ -111.764659, 40.327986 ], [ -111.764671, 40.327251 ], [ -111.764603, 40.326806 ], [ -111.76418, 40.322905 ], [ -111.764106, 40.322861 ], [ -111.760614, 40.321983 ], [ -111.759584, 40.322407 ], [ -111.751114, 40.324426 ], [ -111.750305, 40.324343 ], [ -111.746407, 40.326825 ], [ -111.74208, 40.328821 ], [ -111.736832, 40.331356 ], [ -111.731878, 40.336704 ], [ -111.725812, 40.342656 ], [ -111.722889, 40.342135 ], [ -111.721113, 40.341846 ], [ -111.72103, 40.341877 ], [ -111.71999, 40.343523 ], [ -111.716491, 40.349509 ], [ -111.716501, 40.353109 ], [ -111.718879, 40.361276 ], [ -111.719037, 40.361786 ], [ -111.719675, 40.362949 ], [ -111.722338, 40.365717 ], [ -111.726623, 40.37091 ], [ -111.728593, 40.372732 ], [ -111.731795, 40.37491 ], [ -111.736832, 40.379573 ], [ -111.741257, 40.38287 ], [ -111.744449, 40.384839 ], [ -111.74885, 40.38786 ], [ -111.749208, 40.388044 ], [ -111.757426, 40.391515 ], [ -111.758153, 40.391867 ], [ -111.75907, 40.39187 ], [ -111.767116, 40.394941 ], [ -111.76717, 40.394983 ], [ -111.769387, 40.395638 ], [ -111.771467, 40.395761 ], [ -111.771529, 40.395722 ], [ -111.775088, 40.391674 ], [ -111.782316, 40.3881 ], [ -111.787954, 40.385688 ], [ -111.79479, 40.382153 ], [ -111.796764, 40.380812 ], [ -111.79956, 40.378612 ], [ -111.80495, 40.373746 ], [ -111.806023, 40.370309 ], [ -111.809428, 40.36325 ], [ -111.811346, 40.361367 ], [ -111.811346, 40.36064 ] ] ] } },
{ "type": "Feature", "properties": { "group_index": 0, "value": 300.0, "center": [ -111.7589219114918, 40.351015057981904 ], "point_id": 0.0 }, "geometry": { "type": "Polygon", "coordinates": [ [ [ -111.774838, 40.354847 ], [ -111.772295, 40.349422 ], [ -111.771709, 40.34587 ], [ -111.767817, 40.342366 ], [ -111.767801, 40.342366 ], [ -111.766011, 40.343003 ], [ -111.762701, 40.338654 ], [ -111.761656, 40.338279 ], [ -111.758056, 40.338278 ], [ -111.75699, 40.338661 ], [ -111.751557, 40.340823 ], [ -111.749893, 40.341849 ], [ -111.745485, 40.345384 ], [ -111.744398, 40.346419 ], [ -111.74069, 40.34938 ], [ -111.739877, 40.350409 ], [ -111.741363, 40.3526 ], [ -111.746264, 40.3553 ], [ -111.74799, 40.356984 ], [ -111.751465, 40.359199 ], [ -111.754401, 40.362661 ], [ -111.755478, 40.363526 ], [ -111.759592, 40.365731 ], [ -111.759881, 40.36574 ], [ -111.760342, 40.365643 ], [ -111.761235, 40.364975 ], [ -111.761811, 40.36453 ], [ -111.765209, 40.362628 ], [ -111.769627, 40.36223 ], [ -111.769834, 40.362199 ], [ -111.772125, 40.359859 ], [ -111.773505, 40.357898 ], [ -111.774833, 40.355193 ], [ -111.774838, 40.354847 ] ] ] } },
{ "type": "Feature", "properties": { "group_index": 0, "value": 600.0, "center": [ -111.7589219114918, 40.351015057981904 ], "point_id": 0.0 }, "geometry": { "type": "Polygon", "coordinates": [ [ [ -111.79128, 40.353369 ], [ -111.79023, 40.347677 ], [ -111.789641, 40.345896 ], [ -111.784798, 40.342175 ], [ -111.784004, 40.341813 ], [ -111.783364, 40.341598 ], [ -111.783112, 40.341558 ], [ -111.774421, 40.342399 ], [ -111.771922, 40.342376 ], [ -111.766936, 40.342057 ], [ -111.761673, 40.335397 ], [ -111.761695, 40.333389 ], [ -111.761695, 40.330858 ], [ -111.761646, 40.327914 ], [ -111.761435, 40.327248 ], [ -111.760668, 40.324424 ], [ -111.757651, 40.324108 ], [ -111.757278, 40.324109 ], [ -111.75585, 40.32439 ], [ -111.753338, 40.326943 ], [ -111.747241, 40.331749 ], [ -111.745575, 40.333594 ], [ -111.739147, 40.336185 ], [ -111.735185, 40.340454 ], [ -111.730483, 40.346242 ], [ -111.727615, 40.346048 ], [ -111.725435, 40.34609 ], [ -111.72537, 40.346138 ], [ -111.723835, 40.350355 ], [ -111.723825, 40.353955 ], [ -111.726963, 40.356404 ], [ -111.726988, 40.356422 ], [ -111.72704, 40.356459 ], [ -111.727067, 40.356476 ], [ -111.732435, 40.359698 ], [ -111.735304, 40.361886 ], [ -111.736662, 40.363012 ], [ -111.738494, 40.364268 ], [ -111.743305, 40.369858 ], [ -111.748674, 40.374225 ], [ -111.756712, 40.377402 ], [ -111.75751, 40.377582 ], [ -111.76111, 40.377621 ], [ -111.762052, 40.377464 ], [ -111.769349, 40.37622 ], [ -111.770003, 40.376094 ], [ -111.774361, 40.373178 ], [ -111.776228, 40.371355 ], [ -111.782501, 40.366109 ], [ -111.788238, 40.360335 ], [ -111.79125, 40.356969 ], [ -111.79128, 40.353369 ] ] ] } },
{ "type": "Feature", "properties": { "group_index": 0, "value": 900.0, "center": [ -111.7589219114918, 40.351015057981904 ], "point_id": 0.0 }, "geometry": { "type": "Polygon", "coordinates": [ [ [ -111.804866, 40.359021 ], [ -111.804871, 40.358771 ], [ -111.804878, 40.358415 ], [ -111.804499, 40.357894 ], [ -111.805301, 40.349312 ], [ -111.804465, 40.34581 ], [ -111.803376, 40.343113 ], [ -111.803111, 40.342637 ], [ -111.802942, 40.342415 ], [ -111.795261, 40.345672 ], [ -111.789641, 40.345896 ], [ -111.784798, 40.342175 ], [ -111.784004, 40.341813 ], [ -111.783364, 40.341598 ], [ -111.783112, 40.341558 ], [ -111.774421, 40.342399 ], [ -111.771922, 40.342376 ], [ -111.766936, 40.342057 ], [ -111.761673, 40.335397 ], [ -111.764615, 40.330084 ], [ -111.764659, 40.327986 ], [ -111.764671, 40.327251 ], [ -111.764603, 40.326806 ], [ -111.764639, 40.321349 ], [ -111.767273, 40.31659 ], [ -111.767213, 40.316527 ], [ -111.764921, 40.314171 ], [ -111.759925, 40.314284 ], [ -111.759936, 40.317446 ], [ -111.75585, 40.32439 ], [ -111.752917, 40.324497 ], [ -111.751176, 40.324513 ], [ -111.746257, 40.322647 ], [ -111.742693, 40.323152 ], [ -111.735178, 40.324296 ], [ -111.734713, 40.32456 ], [ -111.73018, 40.328558 ], [ -111.726371, 40.331853 ], [ -111.725324, 40.333734 ], [ -111.717373, 40.335502 ], [ -111.715194, 40.335363 ], [ -111.715135, 40.335389 ], [ -111.713646, 40.337832 ], [ -111.709012, 40.344544 ], [ -111.708715, 40.346875 ], [ -111.708397, 40.350461 ], [ -111.708647, 40.354062 ], [ -111.710387, 40.356797 ], [ -111.713113, 40.359086 ], [ -111.719674, 40.363815 ], [ -111.726156, 40.369746 ], [ -111.72708, 40.370823 ], [ -111.72717, 40.370908 ], [ -111.729768, 40.372932 ], [ -111.732341, 40.374908 ], [ -111.737043, 40.379572 ], [ -111.741539, 40.382872 ], [ -111.744249, 40.384447 ], [ -111.749099, 40.388067 ], [ -111.75619, 40.39058 ], [ -111.758231, 40.391867 ], [ -111.75907, 40.39187 ], [ -111.75955, 40.391675 ], [ -111.761024, 40.391083 ], [ -111.769013, 40.389467 ], [ -111.770935, 40.388797 ], [ -111.775823, 40.384929 ], [ -111.780509, 40.382964 ], [ -111.785453, 40.380746 ], [ -111.793137, 40.376165 ], [ -111.797384, 40.3698 ], [ -111.799378, 40.366803 ], [ -111.803453, 40.361333 ], [ -111.804859, 40.359367 ], [ -111.804866, 40.359021 ] ] ] } },
{ "type": "Feature", "properties": { "group_index": 0, "value": 300.0, "center": [ -111.74293091898468, 40.35070513193656 ], "point_id": 0.0 }, "geometry": { "type": "Polygon", "coordinates": [ [ [ -111.76117, 40.349905 ], [ -111.760241, 40.348604 ], [ -111.755958, 40.344568 ], [ -111.752054, 40.341003 ], [ -111.751973, 40.340986 ], [ -111.751136, 40.341005 ], [ -111.749979, 40.341655 ], [ -111.749293, 40.342074 ], [ -111.74917, 40.342272 ], [ -111.743968, 40.344112 ], [ -111.741955, 40.341494 ], [ -111.7418, 40.340612 ], [ -111.739755, 40.340057 ], [ -111.738644, 40.340329 ], [ -111.738255, 40.341236 ], [ -111.73785, 40.344004 ], [ -111.737645, 40.344679 ], [ -111.73541, 40.348487 ], [ -111.73225, 40.347361 ], [ -111.732051, 40.347337 ], [ -111.728266, 40.348416 ], [ -111.728172, 40.348481 ], [ -111.726489, 40.351745 ], [ -111.726485, 40.352146 ], [ -111.727846, 40.354217 ], [ -111.727858, 40.354227 ], [ -111.729613, 40.354554 ], [ -111.733416, 40.356765 ], [ -111.734, 40.357284 ], [ -111.73795, 40.359729 ], [ -111.738942, 40.360731 ], [ -111.73992, 40.3619 ], [ -111.740617, 40.362391 ], [ -111.740756, 40.362389 ], [ -111.743045, 40.361415 ], [ -111.744718, 40.359595 ], [ -111.74797, 40.356984 ], [ -111.74964, 40.355186 ], [ -111.753708, 40.352363 ], [ -111.757494, 40.353244 ], [ -111.759606, 40.353148 ], [ -111.760469, 40.351943 ], [ -111.761131, 40.350975 ], [ -111.761269, 40.35074 ], [ -111.76117, 40.349905 ] ] ] } },
{ "type": "Feature", "properties": { "group_index": 0, "value": 600.0, "center": [ -111.74293091898468, 40.35070513193656 ], "point_id": 0.0 }, "geometry": { "type": "Polygon", "coordinates": [ [ [ -111.776326, 40.354271 ], [ -111.773613, 40.345884 ], [ -111.771264, 40.343286 ], [ -111.769519, 40.34237 ], [ -111.769443, 40.34237 ], [ -111.768732, 40.342634 ], [ -111.76693, 40.34292 ], [ -111.761656, 40.336978 ], [ -111.758056, 40.336977 ], [ -111.754586, 40.338612 ], [ -111.747967, 40.33342 ], [ -111.746663, 40.331752 ], [ -111.740865, 40.328045 ], [ -111.739317, 40.327214 ], [ -111.735787, 40.327921 ], [ -111.730652, 40.331823 ], [ -111.728537, 40.334452 ], [ -111.720866, 40.338691 ], [ -111.719472, 40.338183 ], [ -111.718797, 40.337834 ], [ -111.718584, 40.337835 ], [ -111.714096, 40.342804 ], [ -111.710784, 40.349093 ], [ -111.710782, 40.350337 ], [ -111.710783, 40.35083 ], [ -111.710792, 40.351006 ], [ -111.711494, 40.354833 ], [ -111.715064, 40.357582 ], [ -111.716988, 40.358828 ], [ -111.722837, 40.362957 ], [ -111.724513, 40.36424 ], [ -111.7282, 40.366877 ], [ -111.733069, 40.370444 ], [ -111.735641, 40.372472 ], [ -111.739523, 40.37437 ], [ -111.742337, 40.374952 ], [ -111.742432, 40.374952 ], [ -111.750201, 40.370905 ], [ -111.75588, 40.368998 ], [ -111.760209, 40.366891 ], [ -111.761338, 40.366214 ], [ -111.769823, 40.363442 ], [ -111.770029, 40.363441 ], [ -111.771848, 40.362132 ], [ -111.773844, 40.359844 ], [ -111.774636, 40.358804 ], [ -111.776652, 40.354848 ], [ -111.776326, 40.354271 ] ] ] } },
{ "type": "Feature", "properties": { "group_index": 0, "value": 900.0, "center": [ -111.74293091898468, 40.35070513193656 ], "point_id": 0.0 }, "geometry": { "type": "Polygon", "coordinates": [ [ [ -111.794087, 40.355134 ], [ -111.792987, 40.353383 ], [ -111.791348, 40.345911 ], [ -111.784163, 40.343958 ], [ -111.780199, 40.343107 ], [ -111.774421, 40.342399 ], [ -111.771922, 40.342376 ], [ -111.769519, 40.34237 ], [ -111.769443, 40.34237 ], [ -111.768732, 40.342634 ], [ -111.76693, 40.34292 ], [ -111.761656, 40.336978 ], [ -111.761673, 40.335397 ], [ -111.761695, 40.333389 ], [ -111.763681, 40.3264 ], [ -111.763681, 40.326229 ], [ -111.762646, 40.324514 ], [ -111.762009, 40.324344 ], [ -111.757651, 40.324108 ], [ -111.755571, 40.324113 ], [ -111.754485, 40.324399 ], [ -111.74624, 40.322544 ], [ -111.745809, 40.320278 ], [ -111.738278, 40.317672 ], [ -111.736929, 40.314241 ], [ -111.736864, 40.313885 ], [ -111.735317, 40.312729 ], [ -111.73463, 40.312781 ], [ -111.729303, 40.316868 ], [ -111.724816, 40.32171 ], [ -111.722147, 40.323952 ], [ -111.715578, 40.32547 ], [ -111.715279, 40.325473 ], [ -111.715277, 40.325473 ], [ -111.714376, 40.32548 ], [ -111.709143, 40.326384 ], [ -111.708526, 40.326501 ], [ -111.708294, 40.32658 ], [ -111.708142, 40.326643 ], [ -111.702956, 40.333583 ], [ -111.700188, 40.338042 ], [ -111.695312, 40.34539 ], [ -111.695316, 40.345437 ], [ -111.696309, 40.353463 ], [ -111.696447, 40.354761 ], [ -111.696564, 40.354943 ], [ -111.700973, 40.361862 ], [ -111.701997, 40.363494 ], [ -111.709719, 40.367922 ], [ -111.71246, 40.370999 ], [ -111.712467, 40.371005 ], [ -111.718291, 40.374031 ], [ -111.723493, 40.377003 ], [ -111.730582, 40.382241 ], [ -111.731659, 40.38356 ], [ -111.731723, 40.383606 ], [ -111.731763, 40.383634 ], [ -111.731828, 40.383678 ], [ -111.739341, 40.387237 ], [ -111.739968, 40.387484 ], [ -111.740169, 40.387485 ], [ -111.740786, 40.387424 ], [ -111.747506, 40.384844 ], [ -111.751569, 40.38334 ], [ -111.759652, 40.380026 ], [ -111.760049, 40.379982 ], [ -111.764865, 40.377447 ], [ -111.768853, 40.377481 ], [ -111.769147, 40.377483 ], [ -111.769148, 40.377483 ], [ -111.769442, 40.377485 ], [ -111.775994, 40.373559 ], [ -111.77798, 40.372479 ], [ -111.784208, 40.366109 ], [ -111.79042, 40.361452 ], [ -111.794091, 40.355308 ], [ -111.794087, 40.355134 ] ] ] } },
{ "type": "Feature", "properties": { "group_index": 0, "value": 300.0, "center": [ -111.73204965205875, 40.35221103492233 ], "point_id": 0.0 }, "geometry": { "type": "Polygon", "coordinates": [ [ [ -111.749691, 40.350462 ], [ -111.749669, 40.35004 ], [ -111.748561, 40.348848 ], [ -111.74787, 40.348859 ], [ -111.743701, 40.34507 ], [ -111.742413, 40.344138 ], [ -111.741213, 40.343566 ], [ -111.740292, 40.343589 ], [ -111.73975, 40.343639 ], [ -111.735181, 40.344045 ], [ -111.731954, 40.34175 ], [ -111.727919, 40.342132 ], [ -111.727589, 40.342216 ], [ -111.721798, 40.340962 ], [ -111.720003, 40.340509 ], [ -111.719992, 40.340514 ], [ -111.718823, 40.34293 ], [ -111.716804, 40.347275 ], [ -111.713753, 40.351304 ], [ -111.713753, 40.351307 ], [ -111.713753, 40.351325 ], [ -111.713753, 40.351328 ], [ -111.715123, 40.352992 ], [ -111.717151, 40.356588 ], [ -111.717349, 40.356887 ], [ -111.722269, 40.358973 ], [ -111.724623, 40.359678 ], [ -111.729647, 40.36206 ], [ -111.733098, 40.364236 ], [ -111.735063, 40.365753 ], [ -111.735876, 40.366078 ], [ -111.735965, 40.366078 ], [ -111.741383, 40.364265 ], [ -111.745112, 40.361967 ], [ -111.747728, 40.356984 ], [ -111.748445, 40.355189 ], [ -111.749691, 40.350462 ] ] ] } },
{ "type": "Feature", "properties": { "group_index": 0, "value": 600.0, "center": [ -111.73204965205875, 40.35221103492233 ], "point_id": 0.0 }, "geometry": { "type": "Polygon", "coordinates": [ [ [ -111.766077, 40.354478 ], [ -111.766195, 40.35334 ], [ -111.765781, 40.350696 ], [ -111.765165, 40.349767 ], [ -111.762767, 40.34679 ], [ -111.760174, 40.343869 ], [ -111.756368, 40.340786 ], [ -111.756257, 40.340702 ], [ -111.755123, 40.339959 ], [ -111.747893, 40.335685 ], [ -111.74763, 40.335521 ], [ -111.747629, 40.33552 ], [ -111.747365, 40.335357 ], [ -111.740295, 40.330296 ], [ -111.732601, 40.331279 ], [ -111.726867, 40.33185 ], [ -111.725057, 40.33186 ], [ -111.718513, 40.330419 ], [ -111.715356, 40.328288 ], [ -111.715029, 40.328287 ], [ -111.710634, 40.329214 ], [ -111.71056, 40.32923 ], [ -111.706972, 40.333721 ], [ -111.704066, 40.33792 ], [ -111.701327, 40.343478 ], [ -111.699104, 40.351585 ], [ -111.699986, 40.353429 ], [ -111.702234, 40.35811 ], [ -111.704032, 40.360829 ], [ -111.704953, 40.362154 ], [ -111.705945, 40.362922 ], [ -111.713258, 40.365737 ], [ -111.714954, 40.366596 ], [ -111.722735, 40.370109 ], [ -111.723741, 40.371153 ], [ -111.727505, 40.37371 ], [ -111.732455, 40.377286 ], [ -111.734143, 40.378403 ], [ -111.736572, 40.378871 ], [ -111.736761, 40.378873 ], [ -111.742272, 40.377237 ], [ -111.74994, 40.373208 ], [ -111.752074, 40.37168 ], [ -111.7587, 40.369631 ], [ -111.760373, 40.368142 ], [ -111.763318, 40.362701 ], [ -111.766077, 40.354478 ] ] ] } },
{ "type": "Feature", "properties": { "group_index": 0, "value": 900.0, "center": [ -111.73204965205875, 40.35221103492233 ], "point_id": 0.0 }, "geometry": { "type": "Polygon", "coordinates": [ [ [ -111.777, 40.37115 ], [ -111.776918, 40.370657 ], [ -111.776471, 40.369973 ], [ -111.776089, 40.362017 ], [ -111.778131, 40.360103 ], [ -111.78007, 40.358798 ], [ -111.781267, 40.356933 ], [ -111.781208, 40.353333 ], [ -111.77943, 40.345816 ], [ -111.775083, 40.342598 ], [ -111.774421, 40.342399 ], [ -111.771922, 40.342376 ], [ -111.766936, 40.342057 ], [ -111.761673, 40.335397 ], [ -111.761838, 40.334609 ], [ -111.761695, 40.333389 ], [ -111.761695, 40.331351 ], [ -111.75446, 40.327616 ], [ -111.74828, 40.324402 ], [ -111.746342, 40.323317 ], [ -111.742748, 40.323527 ], [ -111.737583, 40.317712 ], [ -111.737571, 40.317649 ], [ -111.735706, 40.316267 ], [ -111.735642, 40.316274 ], [ -111.734619, 40.317216 ], [ -111.726523, 40.318086 ], [ -111.725132, 40.317313 ], [ -111.725048, 40.317313 ], [ -111.716287, 40.315453 ], [ -111.714059, 40.315302 ], [ -111.713983, 40.315304 ], [ -111.710655, 40.317411 ], [ -111.704915, 40.316836 ], [ -111.704677, 40.316835 ], [ -111.703339, 40.31747 ], [ -111.702098, 40.3188 ], [ -111.700379, 40.320597 ], [ -111.695535, 40.325252 ], [ -111.695498, 40.325291 ], [ -111.691044, 40.332015 ], [ -111.689292, 40.333794 ], [ -111.686812, 40.341631 ], [ -111.685997, 40.345062 ], [ -111.686188, 40.345268 ], [ -111.688201, 40.346859 ], [ -111.688201, 40.34686 ], [ -111.688491, 40.347037 ], [ -111.689739, 40.347857 ], [ -111.690496, 40.348274 ], [ -111.693529, 40.356028 ], [ -111.693918, 40.358221 ], [ -111.694023, 40.358885 ], [ -111.695051, 40.36497 ], [ -111.696692, 40.368174 ], [ -111.699834, 40.369158 ], [ -111.704322, 40.370477 ], [ -111.710359, 40.376865 ], [ -111.710606, 40.376999 ], [ -111.713423, 40.377603 ], [ -111.719681, 40.379808 ], [ -111.722051, 40.381507 ], [ -111.722316, 40.381729 ], [ -111.722793, 40.382024 ], [ -111.723183, 40.382167 ], [ -111.73143, 40.385683 ], [ -111.737434, 40.388966 ], [ -111.73975, 40.39078 ], [ -111.739778, 40.39078 ], [ -111.747181, 40.386612 ], [ -111.752444, 40.38489 ], [ -111.759441, 40.382581 ], [ -111.761329, 40.381165 ], [ -111.767725, 40.377476 ], [ -111.771495, 40.375864 ], [ -111.775654, 40.373479 ], [ -111.776849, 40.371652 ], [ -111.776874, 40.371594 ], [ -111.777, 40.37115 ] ] ] } },
{ "type": "Feature", "properties": { "group_index": 0, "value": 300.0, "center": [ -111.72307341967195, 40.344676454920716 ], "point_id": 0.0 }, "geometry": { "type": "Polygon", "coordinates": [ [ [ -111.736556, 40.352571 ], [ -111.736198, 40.348989 ], [ -111.738156, 40.345875 ], [ -111.738119, 40.345555 ], [ -111.737485, 40.343327 ], [ -111.736316, 40.338167 ], [ -111.732717, 40.338087 ], [ -111.728132, 40.336156 ], [ -111.72632, 40.334713 ], [ -111.724954, 40.33443 ], [ -111.723986, 40.334431 ], [ -111.721288, 40.335538 ], [ -111.717193, 40.333123 ], [ -111.716125, 40.331906 ], [ -111.713863, 40.331918 ], [ -111.713746, 40.331919 ], [ -111.713205, 40.331922 ], [ -111.713079, 40.331923 ], [ -111.710099, 40.336253 ], [ -111.709152, 40.3374 ], [ -111.709154, 40.33807 ], [ -111.709134, 40.338669 ], [ -111.705674, 40.343505 ], [ -111.705455, 40.343724 ], [ -111.704149, 40.345135 ], [ -111.704157, 40.345545 ], [ -111.705672, 40.347168 ], [ -111.709411, 40.350064 ], [ -111.710705, 40.350796 ], [ -111.715487, 40.352007 ], [ -111.720039, 40.353936 ], [ -111.721632, 40.354848 ], [ -111.723615, 40.355635 ], [ -111.724076, 40.355536 ], [ -111.729829, 40.356124 ], [ -111.731371, 40.356295 ], [ -111.734701, 40.356191 ], [ -111.735042, 40.356058 ], [ -111.736182, 40.355261 ], [ -111.7363, 40.354953 ], [ -111.736556, 40.352571 ] ] ] } },
{ "type": "Feature", "properties": { "group_index": 0, "value": 600.0, "center": [ -111.72307341967195, 40.344676454920716 ], "point_id": 0.0 }, "geometry": { "type": "Polygon", "coordinates": [ [ [ -111.75406, 40.352356 ], [ -111.753995, 40.348757 ], [ -111.75062, 40.345839 ], [ -111.749861, 40.345693 ], [ -111.74703, 40.337268 ], [ -111.745991, 40.331758 ], [ -111.740765, 40.328047 ], [ -111.739413, 40.32769 ], [ -111.733209, 40.326171 ], [ -111.730912, 40.32443 ], [ -111.72776, 40.322412 ], [ -111.72507, 40.320498 ], [ -111.724768, 40.320499 ], [ -111.724318, 40.320522 ], [ -111.716942, 40.319661 ], [ -111.715309, 40.318693 ], [ -111.715304, 40.318693 ], [ -111.714769, 40.318785 ], [ -111.706628, 40.320225 ], [ -111.705534, 40.319918 ], [ -111.705415, 40.319921 ], [ -111.704811, 40.320522 ], [ -111.700706, 40.324795 ], [ -111.699026, 40.326646 ], [ -111.694899, 40.332129 ], [ -111.691454, 40.336911 ], [ -111.688695, 40.343584 ], [ -111.688343, 40.346153 ], [ -111.688788, 40.34677 ], [ -111.689051, 40.347007 ], [ -111.689446, 40.347037 ], [ -111.689649, 40.347056 ], [ -111.695964, 40.350221 ], [ -111.697211, 40.35263 ], [ -111.698109, 40.354616 ], [ -111.698234, 40.354759 ], [ -111.70196, 40.358325 ], [ -111.704339, 40.359725 ], [ -111.706215, 40.360444 ], [ -111.706321, 40.360444 ], [ -111.711628, 40.3609 ], [ -111.715769, 40.362933 ], [ -111.71882, 40.364336 ], [ -111.719807, 40.364329 ], [ -111.727938, 40.364147 ], [ -111.730198, 40.365725 ], [ -111.733726, 40.368042 ], [ -111.734878, 40.368932 ], [ -111.735004, 40.368932 ], [ -111.736624, 40.368876 ], [ -111.74076, 40.367997 ], [ -111.742295, 40.36703 ], [ -111.749207, 40.363766 ], [ -111.749442, 40.363649 ], [ -111.751317, 40.360809 ], [ -111.75406, 40.352356 ] ] ] } },
{ "type": "Feature", "properties": { "group_index": 0, "value": 900.0, "center": [ -111.72307341967195, 40.344676454920716 ], "point_id": 0.0 }, "geometry": { "type": "Polygon", "coordinates": [ [ [ -111.769817, 40.354692 ], [ -111.769513, 40.351337 ], [ -111.767096, 40.348669 ], [ -111.76354, 40.342309 ], [ -111.763367, 40.333849 ], [ -111.762783, 40.330966 ], [ -111.761694, 40.329839 ], [ -111.756577, 40.326915 ], [ -111.752725, 40.324499 ], [ -111.745841, 40.320444 ], [ -111.738278, 40.317672 ], [ -111.736946, 40.314326 ], [ -111.733419, 40.315047 ], [ -111.726823, 40.309963 ], [ -111.725285, 40.308117 ], [ -111.725214, 40.30808 ], [ -111.724287, 40.307776 ], [ -111.723732, 40.307692 ], [ -111.715538, 40.30453 ], [ -111.715514, 40.304522 ], [ -111.715329, 40.304472 ], [ -111.715303, 40.304467 ], [ -111.711322, 40.307111 ], [ -111.70268, 40.308271 ], [ -111.700919, 40.307139 ], [ -111.700558, 40.307139 ], [ -111.699871, 40.307147 ], [ -111.696349, 40.310353 ], [ -111.692021, 40.315653 ], [ -111.69, 40.317465 ], [ -111.68838, 40.319168 ], [ -111.683206, 40.32434 ], [ -111.67814, 40.331071 ], [ -111.676904, 40.331871 ], [ -111.67688, 40.331891 ], [ -111.676649, 40.33339 ], [ -111.676936, 40.334673 ], [ -111.677241, 40.335874 ], [ -111.680674, 40.343434 ], [ -111.687283, 40.347745 ], [ -111.689207, 40.350788 ], [ -111.693702, 40.356654 ], [ -111.695052, 40.360547 ], [ -111.696612, 40.364442 ], [ -111.698144, 40.3677 ], [ -111.706112, 40.369657 ], [ -111.713814, 40.373779 ], [ -111.720881, 40.373593 ], [ -111.727236, 40.377272 ], [ -111.730507, 40.379516 ], [ -111.733044, 40.381013 ], [ -111.736217, 40.382999 ], [ -111.736231, 40.383 ], [ -111.743554, 40.379611 ], [ -111.751046, 40.375943 ], [ -111.751847, 40.375136 ], [ -111.759524, 40.372355 ], [ -111.759653, 40.372355 ], [ -111.762867, 40.370568 ], [ -111.766755, 40.362945 ], [ -111.769652, 40.356848 ], [ -111.769817, 40.354692 ] ] ] } },
{ "type": "Feature", "properties": { "group_index": 0, "value": 300.0, "center": [ -111.71348502504026, 40.33372247870186 ], "point_id": 0.0 }, "geometry": { "type": "Polygon", "coordinates": [ [ [ -111.731161, 40.331819 ], [ -111.726564, 40.328215 ], [ -111.723252, 40.3255 ], [ -111.721692, 40.324561 ], [ -111.71861, 40.322544 ], [ -111.716577, 40.320937 ], [ -111.715084, 40.32043 ], [ -111.714456, 40.320435 ], [ -111.708989, 40.321533 ], [ -111.706854, 40.320424 ], [ -111.706537, 40.320228 ], [ -111.705726, 40.319912 ], [ -111.705721, 40.319912 ], [ -111.705203, 40.320521 ], [ -111.70109, 40.324793 ], [ -111.700331, 40.327325 ], [ -111.699193, 40.329278 ], [ -111.695791, 40.332021 ], [ -111.694492, 40.333331 ], [ -111.69448, 40.333669 ], [ -111.695074, 40.335284 ], [ -111.695121, 40.335324 ], [ -111.699057, 40.338545 ], [ -111.701272, 40.339803 ], [ -111.706027, 40.343409 ], [ -111.709004, 40.345341 ], [ -111.712604, 40.345375 ], [ -111.71853, 40.34601 ], [ -111.72284, 40.346577 ], [ -111.722964, 40.346562 ], [ -111.724044, 40.346352 ], [ -111.724103, 40.346317 ], [ -111.724104, 40.346317 ], [ -111.724163, 40.346281 ], [ -111.724314, 40.345706 ], [ -111.724505, 40.343528 ], [ -111.726744, 40.340031 ], [ -111.727981, 40.338143 ], [ -111.731189, 40.335419 ], [ -111.731161, 40.331819 ] ] ] } },
{ "type": "Feature", "properties": { "group_index": 0, "value": 600.0, "center": [ -111.71348502504026, 40.33372247870186 ], "point_id": 0.0 }, "geometry": { "type": "Polygon", "coordinates": [ [ [ -111.750508, 40.333518 ], [ -111.74884, 40.331731 ], [ -111.742959, 40.327921 ], [ -111.739427, 40.32446 ], [ -111.738799, 40.324352 ], [ -111.733591, 40.32459 ], [ -111.731311, 40.324419 ], [ -111.726442, 40.322057 ], [ -111.72627, 40.316267 ], [ -111.726343, 40.315115 ], [ -111.726339, 40.314811 ], [ -111.720864, 40.310425 ], [ -111.715851, 40.30709 ], [ -111.714022, 40.307112 ], [ -111.705328, 40.308987 ], [ -111.700207, 40.307153 ], [ -111.700175, 40.307153 ], [ -111.699757, 40.307288 ], [ -111.69696, 40.310333 ], [ -111.695184, 40.31295 ], [ -111.69039, 40.317466 ], [ -111.689345, 40.318697 ], [ -111.683153, 40.324353 ], [ -111.678085, 40.331479 ], [ -111.677203, 40.332004 ], [ -111.677192, 40.332013 ], [ -111.677223, 40.334876 ], [ -111.677657, 40.335674 ], [ -111.682533, 40.340027 ], [ -111.68454, 40.341511 ], [ -111.689337, 40.344703 ], [ -111.691728, 40.347007 ], [ -111.693157, 40.347483 ], [ -111.695878, 40.348463 ], [ -111.701072, 40.352271 ], [ -111.703676, 40.35511 ], [ -111.705183, 40.35646 ], [ -111.712143, 40.357845 ], [ -111.716057, 40.357598 ], [ -111.722904, 40.357764 ], [ -111.725021, 40.357827 ], [ -111.727014, 40.357897 ], [ -111.728197, 40.357718 ], [ -111.734351, 40.356327 ], [ -111.735042, 40.356058 ], [ -111.73641, 40.355106 ], [ -111.736532, 40.35481 ], [ -111.737075, 40.352562 ], [ -111.73819, 40.346173 ], [ -111.741868, 40.340997 ], [ -111.743418, 40.339733 ], [ -111.748901, 40.33533 ], [ -111.750509, 40.333614 ], [ -111.750508, 40.333518 ] ] ] } },
{ "type": "Feature", "properties": { "group_index": 0, "value": 900.0, "center": [ -111.71348502504026, 40.33372247870186 ], "point_id": 0.0 }, "geometry": { "type": "Polygon", "coordinates": [ [ [ -111.764891, 40.331107 ], [ -111.761588, 40.327666 ], [ -111.757171, 40.324464 ], [ -111.755043, 40.324481 ], [ -111.752915, 40.324497 ], [ -111.745744, 40.319961 ], [ -111.745535, 40.31934 ], [ -111.744879, 40.318142 ], [ -111.73777, 40.313654 ], [ -111.737758, 40.310054 ], [ -111.735975, 40.308647 ], [ -111.73304, 40.307308 ], [ -111.728989, 40.302691 ], [ -111.726946, 40.301243 ], [ -111.720923, 40.297321 ], [ -111.715678, 40.293594 ], [ -111.714827, 40.293015 ], [ -111.714806, 40.293015 ], [ -111.713504, 40.29412 ], [ -111.705308, 40.295472 ], [ -111.70528, 40.295472 ], [ -111.705096, 40.29548 ], [ -111.705069, 40.295482 ], [ -111.696186, 40.295295 ], [ -111.69544, 40.295225 ], [ -111.694501, 40.295238 ], [ -111.693705, 40.295432 ], [ -111.691694, 40.297088 ], [ -111.686653, 40.302711 ], [ -111.684874, 40.304519 ], [ -111.682516, 40.30696 ], [ -111.679141, 40.310223 ], [ -111.675733, 40.315021 ], [ -111.670203, 40.31678 ], [ -111.669043, 40.317969 ], [ -111.669031, 40.317985 ], [ -111.669053, 40.319305 ], [ -111.669055, 40.319353 ], [ -111.66975, 40.326425 ], [ -111.671325, 40.330838 ], [ -111.672058, 40.336551 ], [ -111.672079, 40.337322 ], [ -111.672414, 40.337979 ], [ -111.676032, 40.344214 ], [ -111.677147, 40.345255 ], [ -111.677977, 40.345645 ], [ -111.678434, 40.345758 ], [ -111.680049, 40.344895 ], [ -111.686579, 40.345206 ], [ -111.689015, 40.348792 ], [ -111.689722, 40.350204 ], [ -111.696423, 40.354542 ], [ -111.697539, 40.363356 ], [ -111.698831, 40.365148 ], [ -111.699078, 40.365419 ], [ -111.707356, 40.368484 ], [ -111.714556, 40.370027 ], [ -111.715932, 40.369994 ], [ -111.719861, 40.368742 ], [ -111.726999, 40.366887 ], [ -111.730266, 40.368924 ], [ -111.733196, 40.36937 ], [ -111.733205, 40.36937 ], [ -111.736624, 40.368876 ], [ -111.741146, 40.368067 ], [ -111.742335, 40.36728 ], [ -111.749378, 40.36297 ], [ -111.749525, 40.362884 ], [ -111.749926, 40.362639 ], [ -111.751317, 40.360809 ], [ -111.754259, 40.355185 ], [ -111.754452, 40.352349 ], [ -111.754387, 40.34875 ], [ -111.758657, 40.34225 ], [ -111.760336, 40.340472 ], [ -111.761656, 40.338474 ], [ -111.765892, 40.332255 ], [ -111.764891, 40.331107 ] ] ] } },
{ "type": "Feature", "properties": { "group_index": 0, "value": 300.0, "center": [ -111.70787985017978, 40.326483895141386 ], "point_id": 0.0 }, "geometry": { "type": "Polygon", "coordinates": [ [ [ -111.726675, 40.326445 ], [ -111.72667, 40.325824 ], [ -111.725593, 40.324558 ], [ -111.724848, 40.323886 ], [ -111.723532, 40.322822 ], [ -111.721139, 40.321227 ], [ -111.718454, 40.319561 ], [ -111.715961, 40.317358 ], [ -111.714062, 40.316529 ], [ -111.709941, 40.315958 ], [ -111.704943, 40.313629 ], [ -111.702057, 40.312583 ], [ -111.701901, 40.312625 ], [ -111.698918, 40.316087 ], [ -111.697655, 40.317454 ], [ -111.693592, 40.32168 ], [ -111.690679, 40.324824 ], [ -111.689301, 40.326982 ], [ -111.68931, 40.327099 ], [ -111.68932, 40.327166 ], [ -111.690669, 40.328424 ], [ -111.694144, 40.331248 ], [ -111.696084, 40.332881 ], [ -111.69993, 40.335594 ], [ -111.700072, 40.33569 ], [ -111.701424, 40.336534 ], [ -111.705837, 40.339799 ], [ -111.70591, 40.339799 ], [ -111.70617, 40.339701 ], [ -111.709153, 40.337507 ], [ -111.714123, 40.338681 ], [ -111.71532, 40.339847 ], [ -111.715404, 40.339925 ], [ -111.71541, 40.339925 ], [ -111.715423, 40.339926 ], [ -111.715429, 40.339926 ], [ -111.71747, 40.339652 ], [ -111.717519, 40.339635 ], [ -111.718206, 40.338515 ], [ -111.720062, 40.335481 ], [ -111.721824, 40.333648 ], [ -111.723068, 40.330608 ], [ -111.725537, 40.328158 ], [ -111.726678, 40.326862 ], [ -111.726675, 40.326445 ] ] ] } },
{ "type": "Feature", "properties": { "group_index": 0, "value": 600.0, "center": [ -111.70787985017978, 40.326483895141386 ], "point_id": 0.0 }, "geometry": { "type": "Polygon", "coordinates": [ [ [ -111.744543, 40.326207 ], [ -111.743226, 40.324435 ], [ -111.738252, 40.321477 ], [ -111.736488, 40.321165 ], [ -111.735174, 40.321175 ], [ -111.726442, 40.322057 ], [ -111.72503, 40.319113 ], [ -111.724896, 40.316209 ], [ -111.72633, 40.313196 ], [ -111.726185, 40.312631 ], [ -111.72506, 40.310364 ], [ -111.724454, 40.309961 ], [ -111.719093, 40.30669 ], [ -111.715734, 40.303655 ], [ -111.715655, 40.303628 ], [ -111.70764, 40.302655 ], [ -111.706097, 40.301458 ], [ -111.70532, 40.301109 ], [ -111.696514, 40.299662 ], [ -111.696467, 40.299674 ], [ -111.695228, 40.300981 ], [ -111.690368, 40.306394 ], [ -111.686569, 40.310355 ], [ -111.682504, 40.315518 ], [ -111.67995, 40.317489 ], [ -111.676226, 40.320378 ], [ -111.672855, 40.32463 ], [ -111.673945, 40.330194 ], [ -111.674338, 40.330906 ], [ -111.67593, 40.332482 ], [ -111.683217, 40.337678 ], [ -111.688728, 40.342942 ], [ -111.690789, 40.34342 ], [ -111.697807, 40.347069 ], [ -111.70416, 40.351594 ], [ -111.705665, 40.353173 ], [ -111.705864, 40.35317 ], [ -111.712516, 40.351024 ], [ -111.720667, 40.350869 ], [ -111.720876, 40.350871 ], [ -111.728777, 40.350007 ], [ -111.728794, 40.349995 ], [ -111.732224, 40.342782 ], [ -111.73621, 40.336201 ], [ -111.737744, 40.335411 ], [ -111.739149, 40.334419 ], [ -111.74325, 40.328035 ], [ -111.744546, 40.326332 ], [ -111.744543, 40.326207 ] ] ] } },
{ "type": "Feature", "properties": { "group_index": 0, "value": 900.0, "center": [ -111.70787985017978, 40.326483895141386 ], "point_id": 0.0 }, "geometry": { "type": "Polygon", "coordinates": [ [ [ -111.761198, 40.326813 ], [ -111.760944, 40.324425 ], [ -111.760882, 40.324346 ], [ -111.757651, 40.324108 ], [ -111.756593, 40.324111 ], [ -111.755302, 40.324394 ], [ -111.752915, 40.324497 ], [ -111.745744, 40.319961 ], [ -111.745535, 40.31934 ], [ -111.745226, 40.318848 ], [ -111.742154, 40.313605 ], [ -111.742011, 40.310008 ], [ -111.735466, 40.305981 ], [ -111.733467, 40.302822 ], [ -111.732283, 40.302379 ], [ -111.725624, 40.297198 ], [ -111.725458, 40.296999 ], [ -111.720801, 40.294024 ], [ -111.716528, 40.29154 ], [ -111.714607, 40.291494 ], [ -111.706587, 40.28867 ], [ -111.706032, 40.288144 ], [ -111.705395, 40.288056 ], [ -111.705253, 40.288054 ], [ -111.70479, 40.288051 ], [ -111.704265, 40.288117 ], [ -111.696137, 40.28953 ], [ -111.694905, 40.288761 ], [ -111.693438, 40.287996 ], [ -111.691056, 40.286971 ], [ -111.690908, 40.287008 ], [ -111.688456, 40.289683 ], [ -111.686737, 40.291551 ], [ -111.680001, 40.297173 ], [ -111.679959, 40.297212 ], [ -111.679957, 40.297215 ], [ -111.679915, 40.297254 ], [ -111.674788, 40.303903 ], [ -111.673214, 40.306416 ], [ -111.667572, 40.31021 ], [ -111.667216, 40.310341 ], [ -111.663677, 40.3147 ], [ -111.663385, 40.315134 ], [ -111.663342, 40.315221 ], [ -111.663423, 40.323752 ], [ -111.663441, 40.327351 ], [ -111.663663, 40.32735 ], [ -111.664081, 40.327309 ], [ -111.671325, 40.330838 ], [ -111.671569, 40.333851 ], [ -111.672058, 40.336551 ], [ -111.672079, 40.337322 ], [ -111.672658, 40.338302 ], [ -111.676032, 40.344214 ], [ -111.676842, 40.344865 ], [ -111.679168, 40.343899 ], [ -111.686579, 40.345206 ], [ -111.690825, 40.349945 ], [ -111.697273, 40.354242 ], [ -111.698375, 40.356423 ], [ -111.698829, 40.357778 ], [ -111.698898, 40.357918 ], [ -111.699954, 40.360637 ], [ -111.701007, 40.362267 ], [ -111.702055, 40.363473 ], [ -111.706744, 40.364796 ], [ -111.706799, 40.364804 ], [ -111.707016, 40.364824 ], [ -111.707153, 40.364828 ], [ -111.708189, 40.364665 ], [ -111.716862, 40.362938 ], [ -111.719086, 40.361699 ], [ -111.722294, 40.360373 ], [ -111.72986, 40.36134 ], [ -111.731819, 40.361848 ], [ -111.735699, 40.36107 ], [ -111.736167, 40.360927 ], [ -111.738837, 40.360024 ], [ -111.740534, 40.358707 ], [ -111.742226, 40.356518 ], [ -111.742519, 40.355686 ], [ -111.743319, 40.352523 ], [ -111.74347, 40.348926 ], [ -111.742537, 40.345237 ], [ -111.741955, 40.341494 ], [ -111.74703, 40.337268 ], [ -111.750175, 40.33628 ], [ -111.754616, 40.335766 ], [ -111.755455, 40.335229 ], [ -111.756956, 40.331754 ], [ -111.760933, 40.328025 ], [ -111.761198, 40.326813 ] ] ] } },
{ "type": "Feature", "properties": { "group_index": 0, "value": 300.0, "center": [ -111.89686411203782, 40.712724787193636 ], "point_id": 0.0 }, "geometry": { "type": "Polygon", "coordinates": [ [ [ -111.904612, 40.712269 ], [ -111.904596, 40.711874 ], [ -111.901543, 40.709375 ], [ -111.899871, 40.70832 ], [ -111.895951, 40.705507 ], [ -111.895767, 40.705508 ], [ -111.891901, 40.705591 ], [ -111.88854, 40.707908 ], [ -111.884958, 40.710842 ], [ -111.883619, 40.712287 ], [ -111.883618, 40.712554 ], [ -111.883621, 40.712984 ], [ -111.884968, 40.714442 ], [ -111.887145, 40.716277 ], [ -111.888319, 40.717189 ], [ -111.891576, 40.719645 ], [ -111.892643, 40.72045 ], [ -111.893695, 40.721247 ], [ -111.893876, 40.721247 ], [ -111.894192, 40.721247 ], [ -111.894268, 40.721247 ], [ -111.895993, 40.719461 ], [ -111.895993, 40.719416 ], [ -111.896498, 40.716969 ], [ -111.901411, 40.715655 ], [ -111.901412, 40.715655 ], [ -111.903213, 40.714452 ], [ -111.903934, 40.713786 ], [ -111.904454, 40.71308 ], [ -111.904612, 40.712269 ] ] ] } },
{ "type": "Feature", "properties": { "group_index": 0, "value": 600.0, "center": [ -111.89686411203782, 40.712724787193636 ], "point_id": 0.0 }, "geometry": { "type": "Polygon", "coordinates": [ [ [ -111.909305, 40.72139 ], [ -111.909304, 40.721377 ], [ -111.909282, 40.720784 ], [ -111.908737, 40.714383 ], [ -111.906563, 40.70615 ], [ -111.906228, 40.704089 ], [ -111.904424, 40.698205 ], [ -111.901554, 40.696496 ], [ -111.895788, 40.69232 ], [ -111.894293, 40.690756 ], [ -111.893882, 40.690747 ], [ -111.893747, 40.690747 ], [ -111.890917, 40.692832 ], [ -111.886509, 40.695989 ], [ -111.881464, 40.699799 ], [ -111.877253, 40.702608 ], [ -111.870872, 40.708072 ], [ -111.869464, 40.709136 ], [ -111.867169, 40.710868 ], [ -111.86652, 40.711791 ], [ -111.866512, 40.712742 ], [ -111.866506, 40.713523 ], [ -111.867164, 40.714468 ], [ -111.872927, 40.719051 ], [ -111.875337, 40.720941 ], [ -111.879168, 40.723774 ], [ -111.881025, 40.725182 ], [ -111.883731, 40.727241 ], [ -111.887973, 40.730481 ], [ -111.891043, 40.732744 ], [ -111.892133, 40.733563 ], [ -111.894426, 40.734046 ], [ -111.894818, 40.734108 ], [ -111.901089, 40.730018 ], [ -111.904918, 40.727275 ], [ -111.909322, 40.721962 ], [ -111.909305, 40.72139 ] ] ] } },
{ "type": "Feature", "properties": { "group_index": 0, "value": 900.0, "center": [ -111.89686411203782, 40.712724787193636 ], "point_id": 0.0 }, "geometry": { "type": "Polygon", "coordinates": [ [ [ -111.924279, 40.725992 ], [ -111.922473, 40.721735 ], [ -111.917923, 40.719055 ], [ -111.917471, 40.718744 ], [ -111.917433, 40.718744 ], [ -111.912815, 40.719718 ], [ -111.908737, 40.714383 ], [ -111.906563, 40.70615 ], [ -111.915138, 40.70354 ], [ -111.916465, 40.704926 ], [ -111.916846, 40.704925 ], [ -111.918446, 40.704514 ], [ -111.92031, 40.702795 ], [ -111.922168, 40.70137 ], [ -111.922182, 40.69777 ], [ -111.917152, 40.694001 ], [ -111.913735, 40.691506 ], [ -111.909851, 40.688566 ], [ -111.909569, 40.688353 ], [ -111.905708, 40.685658 ], [ -111.904886, 40.685116 ], [ -111.898077, 40.680431 ], [ -111.895226, 40.678516 ], [ -111.894776, 40.678597 ], [ -111.890873, 40.679353 ], [ -111.889542, 40.68036 ], [ -111.887617, 40.681803 ], [ -111.882256, 40.6857 ], [ -111.875277, 40.691152 ], [ -111.870641, 40.694582 ], [ -111.866005, 40.69808 ], [ -111.862879, 40.700358 ], [ -111.859286, 40.703247 ], [ -111.853621, 40.706504 ], [ -111.849371, 40.710893 ], [ -111.848412, 40.712074 ], [ -111.848326, 40.712533 ], [ -111.848312, 40.71278 ], [ -111.848312, 40.712885 ], [ -111.848415, 40.713323 ], [ -111.84937, 40.714493 ], [ -111.852917, 40.717291 ], [ -111.856982, 40.720056 ], [ -111.862098, 40.724432 ], [ -111.863159, 40.725467 ], [ -111.868814, 40.72963 ], [ -111.873577, 40.733167 ], [ -111.87669, 40.735512 ], [ -111.879167, 40.737399 ], [ -111.882319, 40.739772 ], [ -111.889368, 40.745067 ], [ -111.893933, 40.748402 ], [ -111.893984, 40.748403 ], [ -111.895504, 40.747403 ], [ -111.89982, 40.744336 ], [ -111.901125, 40.74338 ], [ -111.902564, 40.742015 ], [ -111.904364, 40.740263 ], [ -111.907205, 40.737747 ], [ -111.912001, 40.735311 ], [ -111.916951, 40.731679 ], [ -111.92252, 40.727738 ], [ -111.924278, 40.72601 ], [ -111.924279, 40.725992 ] ] ] } },
{ "type": "Feature", "properties": { "group_index": 0, "value": 300.0, "center": [ -111.89691094498744, 40.73350168481319 ], "point_id": 0.0 }, "geometry": { "type": "Polygon", "coordinates": [ [ [ -111.916428, 40.733253 ], [ -111.914674, 40.73171 ], [ -111.912975, 40.730888 ], [ -111.909376, 40.730846 ], [ -111.907264, 40.727623 ], [ -111.904517, 40.723652 ], [ -111.901073, 40.721679 ], [ -111.898006, 40.72151 ], [ -111.893999, 40.720412 ], [ -111.893984, 40.720412 ], [ -111.893956, 40.720412 ], [ -111.893942, 40.720412 ], [ -111.893596, 40.720548 ], [ -111.892247, 40.721567 ], [ -111.889601, 40.723657 ], [ -111.885184, 40.726942 ], [ -111.884186, 40.727713 ], [ -111.882763, 40.728869 ], [ -111.879113, 40.731718 ], [ -111.877877, 40.733091 ], [ -111.877876, 40.733918 ], [ -111.877876, 40.733946 ], [ -111.879106, 40.735318 ], [ -111.880744, 40.73657 ], [ -111.883396, 40.738592 ], [ -111.886519, 40.740553 ], [ -111.889578, 40.743291 ], [ -111.889683, 40.743386 ], [ -111.891993, 40.745066 ], [ -111.894074, 40.746473 ], [ -111.899709, 40.746555 ], [ -111.899806, 40.746555 ], [ -111.899831, 40.746555 ], [ -111.89984, 40.746555 ], [ -111.901526, 40.74529 ], [ -111.904061, 40.743396 ], [ -111.905864, 40.741161 ], [ -111.907217, 40.739698 ], [ -111.911511, 40.737608 ], [ -111.91467, 40.73531 ], [ -111.916427, 40.733513 ], [ -111.916428, 40.733253 ] ] ] } },
{ "type": "Feature", "properties": { "group_index": 0, "value": 600.0, "center": [ -111.89691094498744, 40.73350168481319 ], "point_id": 0.0 }, "geometry": { "type": "Polygon", "coordinates": [ [ [ -111.932436, 40.731348 ], [ -111.92749, 40.728645 ], [ -111.92483, 40.726202 ], [ -111.922516, 40.724138 ], [ -111.919272, 40.721719 ], [ -111.912813, 40.719333 ], [ -111.908737, 40.714673 ], [ -111.904984, 40.710857 ], [ -111.900142, 40.707264 ], [ -111.893887, 40.707205 ], [ -111.893567, 40.707205 ], [ -111.887405, 40.711768 ], [ -111.88302, 40.714934 ], [ -111.878613, 40.718434 ], [ -111.875745, 40.720563 ], [ -111.868759, 40.726029 ], [ -111.867118, 40.727265 ], [ -111.863839, 40.72978 ], [ -111.861312, 40.731709 ], [ -111.860694, 40.732617 ], [ -111.860692, 40.733026 ], [ -111.861303, 40.735309 ], [ -111.867111, 40.739852 ], [ -111.869089, 40.741366 ], [ -111.871835, 40.743448 ], [ -111.878168, 40.748255 ], [ -111.883608, 40.752498 ], [ -111.8883, 40.755781 ], [ -111.894015, 40.758788 ], [ -111.899899, 40.759787 ], [ -111.900064, 40.759787 ], [ -111.906374, 40.755508 ], [ -111.9064, 40.75549 ], [ -111.911139, 40.751611 ], [ -111.915296, 40.748674 ], [ -111.920356, 40.744616 ], [ -111.923273, 40.742282 ], [ -111.927957, 40.738638 ], [ -111.931333, 40.736482 ], [ -111.931907, 40.735772 ], [ -111.932476, 40.734948 ], [ -111.932436, 40.731348 ] ] ] } },
{ "type": "Feature", "properties": { "group_index": 0, "value": 900.0, "center": [ -111.89691094498744, 40.73350168481319 ], "point_id": 0.0 }, "geometry": { "type": "Polygon", "coordinates": [ [ [ -111.951948, 40.733117 ], [ -111.950235, 40.731329 ], [ -111.945843, 40.728007 ], [ -111.945148, 40.727478 ], [ -111.940595, 40.724105 ], [ -111.9404, 40.723967 ], [ -111.9396, 40.723456 ], [ -111.938599, 40.723257 ], [ -111.938092, 40.723263 ], [ -111.930196, 40.720609 ], [ -111.928633, 40.719015 ], [ -111.923565, 40.711866 ], [ -111.922958, 40.711088 ], [ -111.921871, 40.71015 ], [ -111.916992, 40.706701 ], [ -111.91546, 40.706569 ], [ -111.906563, 40.70615 ], [ -111.906228, 40.704089 ], [ -111.906489, 40.701746 ], [ -111.907389, 40.70002 ], [ -111.907267, 40.699419 ], [ -111.906476, 40.698146 ], [ -111.8999, 40.693497 ], [ -111.899746, 40.693443 ], [ -111.899654, 40.693443 ], [ -111.894239, 40.693814 ], [ -111.893175, 40.694118 ], [ -111.887627, 40.698068 ], [ -111.884719, 40.700141 ], [ -111.88233, 40.701982 ], [ -111.87667, 40.706315 ], [ -111.870641, 40.710872 ], [ -111.865392, 40.714959 ], [ -111.857923, 40.719328 ], [ -111.853789, 40.723463 ], [ -111.849244, 40.727276 ], [ -111.847062, 40.72891 ], [ -111.843501, 40.731698 ], [ -111.84251, 40.734629 ], [ -111.84255, 40.734706 ], [ -111.848023, 40.738977 ], [ -111.849154, 40.73986 ], [ -111.852688, 40.742573 ], [ -111.856698, 40.745587 ], [ -111.857981, 40.746567 ], [ -111.864254, 40.751643 ], [ -111.867119, 40.753771 ], [ -111.873946, 40.758892 ], [ -111.879149, 40.762557 ], [ -111.881897, 40.764654 ], [ -111.887893, 40.769039 ], [ -111.890926, 40.771214 ], [ -111.893917, 40.77223 ], [ -111.899668, 40.773485 ], [ -111.899714, 40.773486 ], [ -111.899727, 40.773486 ], [ -111.899773, 40.773487 ], [ -111.900316, 40.773315 ], [ -111.905946, 40.768987 ], [ -111.909125, 40.766835 ], [ -111.914716, 40.762372 ], [ -111.917677, 40.760262 ], [ -111.922332, 40.756808 ], [ -111.926154, 40.754073 ], [ -111.927467, 40.753065 ], [ -111.93503, 40.749025 ], [ -111.93606, 40.747608 ], [ -111.94237, 40.742008 ], [ -111.946574, 40.737285 ], [ -111.950245, 40.734929 ], [ -111.951949, 40.733187 ], [ -111.951948, 40.733117 ] ] ] } },
{ "type": "Feature", "properties": { "group_index": 0, "value": 300.0, "center": [ -111.89528619272355, 40.48187310274017 ], "point_id": 0.0 }, "geometry": { "type": "Polygon", "coordinates": [ [ [ -111.90881, 40.486109 ], [ -111.907639, 40.484422 ], [ -111.90757, 40.484368 ], [ -111.904983, 40.481145 ], [ -111.905468, 40.47763 ], [ -111.905731, 40.477179 ], [ -111.905988, 40.476662 ], [ -111.906628, 40.475222 ], [ -111.9073, 40.473333 ], [ -111.904844, 40.470701 ], [ -111.904305, 40.471204 ], [ -111.903258, 40.472293 ], [ -111.902769, 40.472905 ], [ -111.902125, 40.473896 ], [ -111.897307, 40.477048 ], [ -111.895361, 40.477035 ], [ -111.893415, 40.477023 ], [ -111.88994, 40.476499 ], [ -111.889839, 40.476536 ], [ -111.886994, 40.478078 ], [ -111.884865, 40.4808 ], [ -111.882832, 40.48404 ], [ -111.883279, 40.48678 ], [ -111.883612, 40.487758 ], [ -111.885041, 40.491063 ], [ -111.889725, 40.490285 ], [ -111.892867, 40.492041 ], [ -111.896025, 40.490245 ], [ -111.899106, 40.488063 ], [ -111.90242, 40.486378 ], [ -111.907009, 40.487967 ], [ -111.907566, 40.487968 ], [ -111.908822, 40.486467 ], [ -111.90881, 40.486109 ] ] ] } },
{ "type": "Feature", "properties": { "group_index": 0, "value": 600.0, "center": [ -111.89528619272355, 40.48187310274017 ], "point_id": 0.0 }, "geometry": { "type": "Polygon", "coordinates": [ [ [ -111.923831, 40.484445 ], [ -111.921828, 40.481164 ], [ -111.917933, 40.477076 ], [ -111.91586, 40.473573 ], [ -111.913975, 40.467495 ], [ -111.9152, 40.462949 ], [ -111.915562, 40.461543 ], [ -111.915694, 40.460768 ], [ -111.915511, 40.460665 ], [ -111.911966, 40.460037 ], [ -111.9115, 40.461866 ], [ -111.90527, 40.468075 ], [ -111.904324, 40.468474 ], [ -111.90424, 40.468543 ], [ -111.902769, 40.472905 ], [ -111.895361, 40.477035 ], [ -111.893415, 40.477023 ], [ -111.88994, 40.476499 ], [ -111.885837, 40.476005 ], [ -111.884019, 40.475487 ], [ -111.879183, 40.477402 ], [ -111.878912, 40.477523 ], [ -111.875854, 40.47935 ], [ -111.868048, 40.482909 ], [ -111.866287, 40.483372 ], [ -111.866116, 40.483602 ], [ -111.86647, 40.486145 ], [ -111.86901, 40.494131 ], [ -111.870231, 40.497518 ], [ -111.875768, 40.498364 ], [ -111.884248, 40.501368 ], [ -111.88524, 40.50255 ], [ -111.887128, 40.504055 ], [ -111.887988, 40.504582 ], [ -111.888066, 40.504604 ], [ -111.893224, 40.502491 ], [ -111.894677, 40.501056 ], [ -111.894976, 40.500738 ], [ -111.894976, 40.500726 ], [ -111.893451, 40.496964 ], [ -111.896025, 40.490245 ], [ -111.899939, 40.488731 ], [ -111.907009, 40.487967 ], [ -111.915356, 40.491291 ], [ -111.916529, 40.491874 ], [ -111.916788, 40.491888 ], [ -111.921904, 40.489367 ], [ -111.923719, 40.488043 ], [ -111.923831, 40.484445 ] ] ] } },
{ "type": "Feature", "properties": { "group_index": 0, "value": 900.0, "center": [ -111.89528619272355, 40.48187310274017 ], "point_id": 0.0 }, "geometry": { "type": "Polygon", "coordinates": [ [ [ -111.942721, 40.485996 ], [ -111.942611, 40.485115 ], [ -111.942597, 40.48508 ], [ -111.942029, 40.484287 ], [ -111.941917, 40.484248 ], [ -111.941331, 40.484127 ], [ -111.940779, 40.48411 ], [ -111.937428, 40.483792 ], [ -111.933832, 40.483634 ], [ -111.929631, 40.479281 ], [ -111.930646, 40.474126 ], [ -111.930654, 40.474112 ], [ -111.930514, 40.467072 ], [ -111.930225, 40.46612 ], [ -111.930091, 40.466035 ], [ -111.927819, 40.464685 ], [ -111.92427, 40.466048 ], [ -111.923635, 40.466212 ], [ -111.922951, 40.466457 ], [ -111.915562, 40.461543 ], [ -111.915694, 40.460768 ], [ -111.915511, 40.460665 ], [ -111.911269, 40.453112 ], [ -111.914559, 40.451696 ], [ -111.914353, 40.451254 ], [ -111.914116, 40.450876 ], [ -111.913073, 40.449459 ], [ -111.912785, 40.449139 ], [ -111.912467, 40.448851 ], [ -111.911824, 40.448475 ], [ -111.909896, 40.447906 ], [ -111.909508, 40.447954 ], [ -111.907349, 40.448297 ], [ -111.906106, 40.448986 ], [ -111.906826, 40.452514 ], [ -111.909279, 40.452736 ], [ -111.911966, 40.460037 ], [ -111.9115, 40.461866 ], [ -111.90527, 40.468075 ], [ -111.904324, 40.468474 ], [ -111.90424, 40.468543 ], [ -111.902769, 40.472905 ], [ -111.894483, 40.473332 ], [ -111.89294, 40.470079 ], [ -111.892437, 40.470318 ], [ -111.890851, 40.47106 ], [ -111.884695, 40.474295 ], [ -111.883728, 40.474692 ], [ -111.883111, 40.47494 ], [ -111.876606, 40.477874 ], [ -111.872532, 40.479069 ], [ -111.87177, 40.479264 ], [ -111.867981, 40.479802 ], [ -111.861443, 40.478422 ], [ -111.860562, 40.478338 ], [ -111.860518, 40.478345 ], [ -111.859222, 40.479969 ], [ -111.852379, 40.482401 ], [ -111.852301, 40.482427 ], [ -111.851925, 40.482598 ], [ -111.85144, 40.482976 ], [ -111.84995, 40.48474 ], [ -111.849934, 40.484763 ], [ -111.850653, 40.487451 ], [ -111.852929, 40.496033 ], [ -111.854127, 40.50097 ], [ -111.854498, 40.501928 ], [ -111.856123, 40.503965 ], [ -111.860372, 40.504065 ], [ -111.865412, 40.507687 ], [ -111.867352, 40.509394 ], [ -111.867417, 40.50941 ], [ -111.870584, 40.509148 ], [ -111.876418, 40.510166 ], [ -111.879841, 40.513238 ], [ -111.884675, 40.515577 ], [ -111.88664, 40.516462 ], [ -111.886729, 40.516445 ], [ -111.890244, 40.513608 ], [ -111.892489, 40.510446 ], [ -111.892488, 40.509741 ], [ -111.896568, 40.503843 ], [ -111.900637, 40.503765 ], [ -111.901018, 40.50369 ], [ -111.904978, 40.502308 ], [ -111.905449, 40.502087 ], [ -111.906665, 40.49912 ], [ -111.906542, 40.498622 ], [ -111.906316, 40.49815 ], [ -111.904972, 40.495077 ], [ -111.907009, 40.487967 ], [ -111.915356, 40.491291 ], [ -111.916234, 40.49498 ], [ -111.91796, 40.497586 ], [ -111.918173, 40.497698 ], [ -111.920796, 40.498341 ], [ -111.92088, 40.498364 ], [ -111.92129, 40.498362 ], [ -111.921775, 40.498291 ], [ -111.929883, 40.496917 ], [ -111.930855, 40.495194 ], [ -111.931593, 40.493016 ], [ -111.931725, 40.49267 ], [ -111.937255, 40.487885 ], [ -111.94081, 40.488451 ], [ -111.942698, 40.486111 ], [ -111.942721, 40.485996 ] ] ] } },
{ "type": "Feature", "properties": { "group_index": 0, "value": 300.0, "center": [ -111.65479563695257, 40.109892836214584 ], "point_id": 0.0 }, "geometry": { "type": "Polygon", "coordinates": [ [ [ -111.672492, 40.109185 ], [ -111.672486, 40.108621 ], [ -111.670393, 40.106225 ], [ -111.669251, 40.105311 ], [ -111.667164, 40.103649 ], [ -111.663753, 40.100509 ], [ -111.663717, 40.100487 ], [ -111.661121, 40.098927 ], [ -111.659184, 40.097834 ], [ -111.655484, 40.094807 ], [ -111.655407, 40.094804 ], [ -111.653626, 40.095904 ], [ -111.648894, 40.099174 ], [ -111.644122, 40.102685 ], [ -111.640672, 40.105322 ], [ -111.637531, 40.107918 ], [ -111.637225, 40.108357 ], [ -111.636876, 40.111458 ], [ -111.640487, 40.114203 ], [ -111.642103, 40.115483 ], [ -111.643771, 40.116764 ], [ -111.647085, 40.119333 ], [ -111.648758, 40.12063 ], [ -111.65209, 40.123196 ], [ -111.6541, 40.124721 ], [ -111.654628, 40.124875 ], [ -111.654761, 40.124881 ], [ -111.655157, 40.124721 ], [ -111.658977, 40.121963 ], [ -111.663637, 40.118841 ], [ -111.665284, 40.117668 ], [ -111.668918, 40.114268 ], [ -111.671691, 40.112233 ], [ -111.672492, 40.109185 ] ] ] } },
{ "type": "Feature", "properties": { "group_index": 0, "value": 600.0, "center": [ -111.65479563695257, 40.109892836214584 ], "point_id": 0.0 }, "geometry": { "type": "Polygon", "coordinates": [ [ [ -111.687929, 40.106309 ], [ -111.687334, 40.104835 ], [ -111.687195, 40.104599 ], [ -111.686899, 40.104221 ], [ -111.686495, 40.103902 ], [ -111.682498, 40.100701 ], [ -111.679333, 40.09659 ], [ -111.674397, 40.093957 ], [ -111.673732, 40.093545 ], [ -111.667924, 40.089101 ], [ -111.666317, 40.085879 ], [ -111.659552, 40.083796 ], [ -111.656246, 40.082373 ], [ -111.65341, 40.084891 ], [ -111.651311, 40.087614 ], [ -111.642697, 40.089194 ], [ -111.642277, 40.08884 ], [ -111.641155, 40.088595 ], [ -111.639029, 40.089234 ], [ -111.63803, 40.089661 ], [ -111.63583, 40.090867 ], [ -111.629796, 40.096093 ], [ -111.627865, 40.09698 ], [ -111.621039, 40.101898 ], [ -111.619341, 40.105072 ], [ -111.619741, 40.111668 ], [ -111.621369, 40.113391 ], [ -111.625176, 40.116791 ], [ -111.629417, 40.119988 ], [ -111.63423, 40.124909 ], [ -111.636956, 40.128425 ], [ -111.637352, 40.128737 ], [ -111.637567, 40.128902 ], [ -111.638818, 40.129075 ], [ -111.639252, 40.128976 ], [ -111.64089, 40.128561 ], [ -111.648436, 40.13346 ], [ -111.653012, 40.137058 ], [ -111.655453, 40.137996 ], [ -111.655815, 40.137996 ], [ -111.660701, 40.134164 ], [ -111.667945, 40.129287 ], [ -111.673357, 40.124761 ], [ -111.677831, 40.118307 ], [ -111.681431, 40.118314 ], [ -111.684481, 40.117339 ], [ -111.687921, 40.109909 ], [ -111.687929, 40.106309 ] ] ] } },
{ "type": "Feature", "properties": { "group_index": 0, "value": 900.0, "center": [ -111.65479563695257, 40.109892836214584 ], "point_id": 0.0 }, "geometry": { "type": "Polygon", "coordinates": [ [ [ -111.702724, 40.105612 ], [ -111.696811, 40.100088 ], [ -111.696756, 40.096488 ], [ -111.695175, 40.090186 ], [ -111.691575, 40.090197 ], [ -111.685261, 40.084974 ], [ -111.68393, 40.083561 ], [ -111.681125, 40.079413 ], [ -111.680552, 40.078409 ], [ -111.680491, 40.07832 ], [ -111.678038, 40.078082 ], [ -111.67789, 40.078156 ], [ -111.672672, 40.079845 ], [ -111.668846, 40.078051 ], [ -111.664992, 40.071277 ], [ -111.663046, 40.069258 ], [ -111.662123, 40.069264 ], [ -111.656185, 40.071924 ], [ -111.652585, 40.071956 ], [ -111.6465, 40.07568 ], [ -111.637936, 40.077513 ], [ -111.634336, 40.077495 ], [ -111.626871, 40.081184 ], [ -111.625308, 40.082681 ], [ -111.624052, 40.08397 ], [ -111.623531, 40.08473 ], [ -111.620022, 40.088474 ], [ -111.615406, 40.090235 ], [ -111.609659, 40.092877 ], [ -111.607276, 40.094527 ], [ -111.605574, 40.0977 ], [ -111.603517, 40.106305 ], [ -111.603225, 40.108728 ], [ -111.602836, 40.112116 ], [ -111.60293, 40.112259 ], [ -111.603423, 40.112909 ], [ -111.608296, 40.117313 ], [ -111.609934, 40.118939 ], [ -111.612535, 40.121391 ], [ -111.613031, 40.121829 ], [ -111.617426, 40.126314 ], [ -111.619293, 40.131346 ], [ -111.619992, 40.133457 ], [ -111.620535, 40.13365 ], [ -111.62204, 40.133672 ], [ -111.626245, 40.132236 ], [ -111.627389, 40.132225 ], [ -111.633962, 40.136985 ], [ -111.634377, 40.139089 ], [ -111.634568, 40.139854 ], [ -111.63484, 40.140356 ], [ -111.635088, 40.140663 ], [ -111.635363, 40.140924 ], [ -111.635671, 40.141156 ], [ -111.636479, 40.141699 ], [ -111.638635, 40.138815 ], [ -111.641131, 40.138038 ], [ -111.645613, 40.144692 ], [ -111.645573, 40.145042 ], [ -111.645571, 40.145163 ], [ -111.646879, 40.146374 ], [ -111.651351, 40.149242 ], [ -111.657535, 40.150817 ], [ -111.658242, 40.150813 ], [ -111.658483, 40.150488 ], [ -111.659092, 40.149558 ], [ -111.659158, 40.149173 ], [ -111.659499, 40.147799 ], [ -111.665208, 40.142103 ], [ -111.66796, 40.141895 ], [ -111.669209, 40.140689 ], [ -111.669252, 40.137089 ], [ -111.675523, 40.132206 ], [ -111.681184, 40.131524 ], [ -111.684784, 40.131517 ], [ -111.685812, 40.128256 ], [ -111.69187, 40.12475 ], [ -111.691882, 40.12115 ], [ -111.698516, 40.117797 ], [ -111.700876, 40.116606 ], [ -111.705569, 40.10922 ], [ -111.705578, 40.10562 ], [ -111.702724, 40.105612 ] ] ] } },
{ "type": "Feature", "properties": { "group_index": 0, "value": 300.0, "center": [ -111.89698402568033, 40.76504226939686 ], "point_id": 0.0 }, "geometry": { "type": "Polygon", "coordinates": [ [ [ -111.913931, 40.763194 ], [ -111.909986, 40.760447 ], [ -111.909127, 40.758793 ], [ -111.905329, 40.756505 ], [ -111.902692, 40.754485 ], [ -111.899861, 40.75232 ], [ -111.896834, 40.750137 ], [ -111.896612, 40.750138 ], [ -111.893595, 40.752404 ], [ -111.890986, 40.7545 ], [ -111.88803, 40.756674 ], [ -111.884708, 40.759102 ], [ -111.88078, 40.762067 ], [ -111.879695, 40.763211 ], [ -111.878055, 40.764953 ], [ -111.878055, 40.764994 ], [ -111.878055, 40.76505 ], [ -111.878056, 40.765091 ], [ -111.879693, 40.766811 ], [ -111.882449, 40.768974 ], [ -111.885281, 40.771146 ], [ -111.887553, 40.773382 ], [ -111.890416, 40.775403 ], [ -111.893599, 40.777772 ], [ -111.896458, 40.779843 ], [ -111.896838, 40.780005 ], [ -111.896916, 40.780005 ], [ -111.896968, 40.780004 ], [ -111.896994, 40.780004 ], [ -111.897353, 40.779846 ], [ -111.90067, 40.777587 ], [ -111.904319, 40.774492 ], [ -111.906053, 40.773269 ], [ -111.909256, 40.771195 ], [ -111.910133, 40.769741 ], [ -111.913933, 40.766794 ], [ -111.913931, 40.763194 ] ] ] } },
{ "type": "Feature", "properties": { "group_index": 0, "value": 600.0, "center": [ -111.89698402568033, 40.76504226939686 ], "point_id": 0.0 }, "geometry": { "type": "Polygon", "coordinates": [ [ [ -111.932722, 40.765744 ], [ -111.931224, 40.763873 ], [ -111.928887, 40.761005 ], [ -111.926332, 40.758844 ], [ -111.924743, 40.757537 ], [ -111.917644, 40.752293 ], [ -111.911864, 40.74771 ], [ -111.90753, 40.744425 ], [ -111.901174, 40.73978 ], [ -111.894276, 40.73883 ], [ -111.89421, 40.73883 ], [ -111.892362, 40.739785 ], [ -111.886382, 40.74426 ], [ -111.881408, 40.747903 ], [ -111.875483, 40.752335 ], [ -111.873661, 40.753735 ], [ -111.87266, 40.754503 ], [ -111.870962, 40.755815 ], [ -111.864398, 40.761039 ], [ -111.861917, 40.763274 ], [ -111.860458, 40.764869 ], [ -111.860452, 40.764959 ], [ -111.860672, 40.765539 ], [ -111.861861, 40.766873 ], [ -111.864637, 40.768983 ], [ -111.871119, 40.774635 ], [ -111.872582, 40.775762 ], [ -111.874079, 40.776899 ], [ -111.87558, 40.77804 ], [ -111.877081, 40.779169 ], [ -111.881809, 40.785361 ], [ -111.888499, 40.786415 ], [ -111.889832, 40.786507 ], [ -111.894321, 40.787372 ], [ -111.899327, 40.790895 ], [ -111.899747, 40.791241 ], [ -111.901523, 40.79169 ], [ -111.901818, 40.791724 ], [ -111.902018, 40.791661 ], [ -111.905071, 40.788487 ], [ -111.910046, 40.784084 ], [ -111.915274, 40.779827 ], [ -111.918112, 40.777672 ], [ -111.92385, 40.773209 ], [ -111.92539, 40.771468 ], [ -111.93216, 40.767336 ], [ -111.932723, 40.766118 ], [ -111.932722, 40.765744 ] ] ] } },
{ "type": "Feature", "properties": { "group_index": 0, "value": 900.0, "center": [ -111.89698402568033, 40.76504226939686 ], "point_id": 0.0 }, "geometry": { "type": "Polygon", "coordinates": [ [ [ -111.945646, 40.762158 ], [ -111.945634, 40.760706 ], [ -111.942822, 40.75745 ], [ -111.941325, 40.756603 ], [ -111.934289, 40.751302 ], [ -111.932528, 40.749462 ], [ -111.929563, 40.746836 ], [ -111.923925, 40.7432 ], [ -111.918841, 40.738691 ], [ -111.917149, 40.737416 ], [ -111.911176, 40.733616 ], [ -111.908377, 40.731669 ], [ -111.906735, 40.730659 ], [ -111.900676, 40.725996 ], [ -111.900147, 40.725921 ], [ -111.894247, 40.725359 ], [ -111.894086, 40.725358 ], [ -111.892609, 40.726118 ], [ -111.887805, 40.729668 ], [ -111.886668, 40.730507 ], [ -111.882221, 40.733792 ], [ -111.881183, 40.7346 ], [ -111.875381, 40.738935 ], [ -111.86962, 40.742787 ], [ -111.865652, 40.746233 ], [ -111.862374, 40.748422 ], [ -111.859489, 40.750324 ], [ -111.856895, 40.752347 ], [ -111.851185, 40.756752 ], [ -111.844844, 40.761291 ], [ -111.844273, 40.762185 ], [ -111.844215, 40.762281 ], [ -111.843668, 40.763479 ], [ -111.843623, 40.763577 ], [ -111.843536, 40.764605 ], [ -111.843516, 40.764866 ], [ -111.843939, 40.766763 ], [ -111.84562, 40.768588 ], [ -111.845625, 40.768593 ], [ -111.851783, 40.77306 ], [ -111.854312, 40.775907 ], [ -111.859258, 40.779311 ], [ -111.86502, 40.783676 ], [ -111.867123, 40.785281 ], [ -111.868022, 40.785918 ], [ -111.870593, 40.787464 ], [ -111.87413, 40.794234 ], [ -111.877332, 40.795879 ], [ -111.877779, 40.795593 ], [ -111.882768, 40.792559 ], [ -111.888714, 40.794027 ], [ -111.889688, 40.794191 ], [ -111.890798, 40.794258 ], [ -111.899435, 40.793411 ], [ -111.899802, 40.793762 ], [ -111.903583, 40.796616 ], [ -111.906222, 40.798931 ], [ -111.907336, 40.799819 ], [ -111.910023, 40.801795 ], [ -111.910745, 40.802377 ], [ -111.913004, 40.799574 ], [ -111.913457, 40.798791 ], [ -111.918224, 40.791363 ], [ -111.921341, 40.789308 ], [ -111.921427, 40.789239 ], [ -111.922505, 40.788353 ], [ -111.925089, 40.786297 ], [ -111.931787, 40.781878 ], [ -111.936772, 40.779443 ], [ -111.936877, 40.779321 ], [ -111.94166, 40.773223 ], [ -111.943202, 40.771343 ], [ -111.945654, 40.764918 ], [ -111.945646, 40.762158 ] ] ] } },
{ "type": "Feature", "properties": { "group_index": 0, "value": 300.0, "center": [ -111.885373, 40.76725923470918 ], "point_id": 0.0 }, "geometry": { "type": "Polygon", "coordinates": [ [ [ -111.901708, 40.769177 ], [ -111.901708, 40.769159 ], [ -111.901718, 40.764968 ], [ -111.901715, 40.764877 ], [ -111.900924, 40.763776 ], [ -111.900918, 40.763767 ], [ -111.897381, 40.760894 ], [ -111.894606, 40.758779 ], [ -111.89369, 40.758103 ], [ -111.893204, 40.757784 ], [ -111.888789, 40.754499 ], [ -111.88585, 40.752321 ], [ -111.885486, 40.752176 ], [ -111.885305, 40.752175 ], [ -111.884932, 40.752317 ], [ -111.882499, 40.753983 ], [ -111.878719, 40.756687 ], [ -111.875822, 40.759175 ], [ -111.873339, 40.761036 ], [ -111.869488, 40.763709 ], [ -111.867673, 40.765388 ], [ -111.866317, 40.766873 ], [ -111.866195, 40.767099 ], [ -111.866195, 40.767179 ], [ -111.866195, 40.767189 ], [ -111.866195, 40.767269 ], [ -111.86649, 40.76768 ], [ -111.867688, 40.768988 ], [ -111.87219, 40.772361 ], [ -111.873681, 40.773505 ], [ -111.875166, 40.774634 ], [ -111.876662, 40.775773 ], [ -111.877552, 40.776459 ], [ -111.879677, 40.778047 ], [ -111.881182, 40.779179 ], [ -111.882673, 40.78032 ], [ -111.882951, 40.780321 ], [ -111.886197, 40.779193 ], [ -111.891199, 40.777694 ], [ -111.893578, 40.776824 ], [ -111.893798, 40.776721 ], [ -111.898175, 40.772754 ], [ -111.901003, 40.770609 ], [ -111.90102, 40.770596 ], [ -111.901696, 40.769366 ], [ -111.901708, 40.769177 ] ] ] } },
{ "type": "Feature", "properties": { "group_index": 0, "value": 600.0, "center": [ -111.885373, 40.76725923470918 ], "point_id": 0.0 }, "geometry": { "type": "Polygon", "coordinates": [ [ [ -111.918641, 40.765576 ], [ -111.918637, 40.764311 ], [ -111.917729, 40.763189 ], [ -111.912661, 40.758776 ], [ -111.906455, 40.754349 ], [ -111.903962, 40.752324 ], [ -111.898305, 40.74789 ], [ -111.894263, 40.744804 ], [ -111.887144, 40.739801 ], [ -111.885535, 40.738849 ], [ -111.885485, 40.73885 ], [ -111.883605, 40.739827 ], [ -111.882037, 40.740707 ], [ -111.878881, 40.743072 ], [ -111.872968, 40.747346 ], [ -111.869333, 40.750169 ], [ -111.86666, 40.752337 ], [ -111.860109, 40.756766 ], [ -111.855434, 40.761043 ], [ -111.851766, 40.7637 ], [ -111.850024, 40.765152 ], [ -111.848456, 40.766917 ], [ -111.848454, 40.766965 ], [ -111.850481, 40.769744 ], [ -111.857305, 40.774631 ], [ -111.85876, 40.775733 ], [ -111.860981, 40.777401 ], [ -111.863256, 40.779132 ], [ -111.86626, 40.781406 ], [ -111.869178, 40.783687 ], [ -111.873426, 40.786914 ], [ -111.877307, 40.791047 ], [ -111.877873, 40.791582 ], [ -111.878394, 40.791833 ], [ -111.884701, 40.791482 ], [ -111.88923, 40.790904 ], [ -111.896996, 40.790538 ], [ -111.899999, 40.788542 ], [ -111.901776, 40.786792 ], [ -111.90444, 40.784108 ], [ -111.906796, 40.78165 ], [ -111.910308, 40.777675 ], [ -111.915354, 40.773226 ], [ -111.916249, 40.771807 ], [ -111.918641, 40.765668 ], [ -111.918641, 40.765576 ] ] ] } },
{ "type": "Feature", "properties": { "group_index": 0, "value": 900.0, "center": [ -111.885373, 40.76725923470918 ], "point_id": 0.0 }, "geometry": { "type": "Polygon", "coordinates": [ [ [ -111.936629, 40.764705 ], [ -111.936607, 40.764494 ], [ -111.935211, 40.763161 ], [ -111.930341, 40.758842 ], [ -111.928951, 40.75774 ], [ -111.9261, 40.755578 ], [ -111.924757, 40.754574 ], [ -111.918974, 40.750132 ], [ -111.915948, 40.747667 ], [ -111.91504, 40.746983 ], [ -111.910994, 40.744268 ], [ -111.905499, 40.739787 ], [ -111.902601, 40.737504 ], [ -111.899724, 40.735361 ], [ -111.894797, 40.731704 ], [ -111.891089, 40.729144 ], [ -111.888036, 40.727238 ], [ -111.885419, 40.725651 ], [ -111.885375, 40.725651 ], [ -111.882577, 40.726921 ], [ -111.882194, 40.727118 ], [ -111.880913, 40.728087 ], [ -111.878775, 40.729671 ], [ -111.872935, 40.733685 ], [ -111.872931, 40.733689 ], [ -111.86736, 40.738036 ], [ -111.86618, 40.738927 ], [ -111.859024, 40.743967 ], [ -111.854821, 40.746747 ], [ -111.850406, 40.749601 ], [ -111.850339, 40.749653 ], [ -111.845096, 40.754248 ], [ -111.839376, 40.756678 ], [ -111.838529, 40.757208 ], [ -111.837182, 40.758307 ], [ -111.835241, 40.763858 ], [ -111.834302, 40.766864 ], [ -111.83409, 40.76775 ], [ -111.834564, 40.770641 ], [ -111.83467, 40.771071 ], [ -111.8347, 40.771102 ], [ -111.83476, 40.771159 ], [ -111.838654, 40.774706 ], [ -111.842557, 40.777966 ], [ -111.847684, 40.781805 ], [ -111.851591, 40.78307 ], [ -111.857445, 40.786899 ], [ -111.859773, 40.789671 ], [ -111.862647, 40.793069 ], [ -111.862943, 40.79307 ], [ -111.863585, 40.792983 ], [ -111.864099, 40.792951 ], [ -111.864275, 40.79292 ], [ -111.868331, 40.792264 ], [ -111.870956, 40.799341 ], [ -111.870082, 40.801044 ], [ -111.870056, 40.801157 ], [ -111.87342, 40.802423 ], [ -111.873476, 40.802404 ], [ -111.873931, 40.802039 ], [ -111.875043, 40.80109 ], [ -111.875108, 40.801 ], [ -111.875345, 40.800585 ], [ -111.875568, 40.799941 ], [ -111.877266, 40.796673 ], [ -111.882768, 40.792559 ], [ -111.888714, 40.794027 ], [ -111.891688, 40.795175 ], [ -111.894383, 40.796163 ], [ -111.899802, 40.793762 ], [ -111.903583, 40.796616 ], [ -111.905514, 40.798149 ], [ -111.907445, 40.799682 ], [ -111.909683, 40.796863 ], [ -111.911403, 40.790776 ], [ -111.916398, 40.787705 ], [ -111.919239, 40.786429 ], [ -111.919408, 40.786355 ], [ -111.922255, 40.784186 ], [ -111.92679, 40.778775 ], [ -111.928919, 40.777642 ], [ -111.934725, 40.77143 ], [ -111.936629, 40.764705 ] ] ] } },
{ "type": "Feature", "properties": { "group_index": 0, "value": 300.0, "center": [ -111.8769585595652, 40.7673382675979 ], "point_id": 0.0 }, "geometry": { "type": "Polygon", "coordinates": [ [ [ -111.895755, 40.767166 ], [ -111.895755, 40.767148 ], [ -111.895755, 40.767145 ], [ -111.892565, 40.764534 ], [ -111.89116, 40.763211 ], [ -111.888375, 40.761041 ], [ -111.884183, 40.757547 ], [ -111.88094, 40.755151 ], [ -111.876813, 40.752491 ], [ -111.876784, 40.752491 ], [ -111.876784, 40.752491 ], [ -111.876755, 40.752491 ], [ -111.875857, 40.753132 ], [ -111.873821, 40.754668 ], [ -111.871108, 40.756685 ], [ -111.868085, 40.759027 ], [ -111.86526, 40.761191 ], [ -111.862472, 40.763281 ], [ -111.859756, 40.76537 ], [ -111.858009, 40.767132 ], [ -111.858009, 40.767148 ], [ -111.858009, 40.767157 ], [ -111.858009, 40.767173 ], [ -111.859737, 40.76897 ], [ -111.863824, 40.77236 ], [ -111.865313, 40.7735 ], [ -111.866806, 40.774636 ], [ -111.869777, 40.776886 ], [ -111.871291, 40.77803 ], [ -111.872783, 40.77916 ], [ -111.874287, 40.780293 ], [ -111.875809, 40.781438 ], [ -111.876041, 40.781523 ], [ -111.877525, 40.781525 ], [ -111.87762, 40.781525 ], [ -111.877825, 40.78144 ], [ -111.879359, 40.78035 ], [ -111.882539, 40.77807 ], [ -111.88355, 40.77702 ], [ -111.888486, 40.773677 ], [ -111.891205, 40.770969 ], [ -111.895755, 40.767169 ], [ -111.895755, 40.767166 ] ] ] } },
{ "type": "Feature", "properties": { "group_index": 0, "value": 600.0, "center": [ -111.8769585595652, 40.7673382675979 ], "point_id": 0.0 }, "geometry": { "type": "Polygon", "coordinates": [ [ [ -111.910247, 40.765026 ], [ -111.910252, 40.76489 ], [ -111.910252, 40.764874 ], [ -111.90891, 40.763157 ], [ -111.903483, 40.758842 ], [ -111.897691, 40.754485 ], [ -111.894769, 40.752243 ], [ -111.893694, 40.751421 ], [ -111.88903, 40.747894 ], [ -111.886844, 40.746272 ], [ -111.882544, 40.743147 ], [ -111.876877, 40.738997 ], [ -111.876793, 40.738938 ], [ -111.87679, 40.738938 ], [ -111.87646, 40.739183 ], [ -111.875576, 40.739841 ], [ -111.869668, 40.744255 ], [ -111.866999, 40.746234 ], [ -111.864518, 40.748044 ], [ -111.857972, 40.752344 ], [ -111.855114, 40.75453 ], [ -111.853624, 40.755711 ], [ -111.852254, 40.756759 ], [ -111.845292, 40.761548 ], [ -111.844448, 40.762058 ], [ -111.844412, 40.762083 ], [ -111.844273, 40.762185 ], [ -111.843184, 40.76309 ], [ -111.843179, 40.763097 ], [ -111.84157, 40.766246 ], [ -111.84146, 40.767252 ], [ -111.841653, 40.768342 ], [ -111.84177, 40.768492 ], [ -111.84674, 40.773702 ], [ -111.850222, 40.775634 ], [ -111.855592, 40.779346 ], [ -111.858059, 40.781656 ], [ -111.864776, 40.787622 ], [ -111.868587, 40.788396 ], [ -111.870144, 40.788419 ], [ -111.878458, 40.787936 ], [ -111.880415, 40.790938 ], [ -111.880607, 40.790819 ], [ -111.881103, 40.790378 ], [ -111.881545, 40.78973 ], [ -111.882982, 40.787716 ], [ -111.890232, 40.783752 ], [ -111.895839, 40.783089 ], [ -111.89643, 40.783085 ], [ -111.902488, 40.776986 ], [ -111.906114, 40.773269 ], [ -111.907078, 40.771248 ], [ -111.910243, 40.765104 ], [ -111.910247, 40.765026 ] ] ] } },
{ "type": "Feature", "properties": { "group_index": 0, "value": 900.0, "center": [ -111.8769585595652, 40.7673382675979 ], "point_id": 0.0 }, "geometry": { "type": "Polygon", "coordinates": [ [ [ -111.92793, 40.765226 ], [ -111.927877, 40.764596 ], [ -111.92725, 40.763806 ], [ -111.926496, 40.763177 ], [ -111.921261, 40.75887 ], [ -111.918356, 40.756663 ], [ -111.916902, 40.755628 ], [ -111.909855, 40.750133 ], [ -111.905139, 40.746112 ], [ -111.89897, 40.741694 ], [ -111.896358, 40.739776 ], [ -111.889842, 40.73497 ], [ -111.88973, 40.734887 ], [ -111.888237, 40.73378 ], [ -111.882623, 40.729689 ], [ -111.878175, 40.726392 ], [ -111.876679, 40.72547 ], [ -111.87667, 40.725471 ], [ -111.870357, 40.730053 ], [ -111.868156, 40.731713 ], [ -111.866907, 40.732688 ], [ -111.864894, 40.734186 ], [ -111.858785, 40.738123 ], [ -111.853608, 40.741792 ], [ -111.850134, 40.744328 ], [ -111.844694, 40.747995 ], [ -111.84339, 40.748986 ], [ -111.840145, 40.751411 ], [ -111.833162, 40.753448 ], [ -111.832973, 40.753539 ], [ -111.832706, 40.753698 ], [ -111.83252, 40.75383 ], [ -111.830269, 40.761764 ], [ -111.8292, 40.764885 ], [ -111.828604, 40.766603 ], [ -111.828604, 40.76666 ], [ -111.829079, 40.768603 ], [ -111.831117, 40.771743 ], [ -111.836363, 40.777605 ], [ -111.841881, 40.78294 ], [ -111.842028, 40.783079 ], [ -111.843498, 40.784058 ], [ -111.847176, 40.785811 ], [ -111.84801, 40.78606 ], [ -111.852084, 40.786959 ], [ -111.856064, 40.789651 ], [ -111.857564, 40.79448 ], [ -111.857653, 40.794502 ], [ -111.858114, 40.794571 ], [ -111.859561, 40.794783 ], [ -111.861047, 40.795037 ], [ -111.867906, 40.795999 ], [ -111.870875, 40.800738 ], [ -111.870972, 40.801054 ], [ -111.872515, 40.801278 ], [ -111.873375, 40.801315 ], [ -111.873587, 40.801269 ], [ -111.874027, 40.801139 ], [ -111.874166, 40.801085 ], [ -111.874887, 40.800251 ], [ -111.875206, 40.79965 ], [ -111.876793, 40.797299 ], [ -111.877266, 40.796673 ], [ -111.882768, 40.792559 ], [ -111.888714, 40.794027 ], [ -111.889688, 40.794191 ], [ -111.890266, 40.794201 ], [ -111.898481, 40.792304 ], [ -111.899435, 40.793411 ], [ -111.899802, 40.793762 ], [ -111.900157, 40.794061 ], [ -111.900903, 40.794675 ], [ -111.904465, 40.792082 ], [ -111.907217, 40.788727 ], [ -111.9132, 40.784124 ], [ -111.919102, 40.777675 ], [ -111.923911, 40.773209 ], [ -111.92539, 40.771484 ], [ -111.92793, 40.765344 ], [ -111.92793, 40.765226 ] ] ] } },
{ "type": "Feature", "properties": { "group_index": 0, "value": 300.0, "center": [ -111.87149176944126, 40.769369562022156 ], "point_id": 0.0 }, "geometry": { "type": "Polygon", "coordinates": [ [ [ -111.889289, 40.770316 ], [ -111.887172, 40.766608 ], [ -111.886099, 40.765319 ], [ -111.883256, 40.763208 ], [ -111.880401, 40.761034 ], [ -111.877408, 40.758766 ], [ -111.874658, 40.756686 ], [ -111.8709, 40.754658 ], [ -111.87085, 40.75466 ], [ -111.868393, 40.756693 ], [ -111.865097, 40.75896 ], [ -111.860353, 40.762302 ], [ -111.860305, 40.762342 ], [ -111.85669, 40.765381 ], [ -111.854098, 40.767547 ], [ -111.852404, 40.76928 ], [ -111.852402, 40.76934 ], [ -111.854103, 40.771147 ], [ -111.855383, 40.772357 ], [ -111.856882, 40.773489 ], [ -111.858382, 40.774631 ], [ -111.859846, 40.775734 ], [ -111.862049, 40.777405 ], [ -111.865823, 40.780269 ], [ -111.867328, 40.781409 ], [ -111.868827, 40.782536 ], [ -111.87035, 40.783691 ], [ -111.871459, 40.783696 ], [ -111.871665, 40.783696 ], [ -111.872764, 40.783696 ], [ -111.874287, 40.782563 ], [ -111.875773, 40.781438 ], [ -111.877287, 40.780296 ], [ -111.878774, 40.779175 ], [ -111.880261, 40.778049 ], [ -111.881753, 40.776916 ], [ -111.886411, 40.773514 ], [ -111.88774, 40.772353 ], [ -111.889286, 40.770495 ], [ -111.889289, 40.770316 ] ] ] } },
{ "type": "Feature", "properties": { "group_index": 0, "value": 600.0, "center": [ -111.87149176944126, 40.769369562022156 ], "point_id": 0.0 }, "geometry": { "type": "Polygon", "coordinates": [ [ [ -111.904202, 40.767337 ], [ -111.902711, 40.764931 ], [ -111.900978, 40.763148 ], [ -111.898328, 40.760963 ], [ -111.89148, 40.755507 ], [ -111.886848, 40.752321 ], [ -111.884141, 40.750155 ], [ -111.878328, 40.745968 ], [ -111.878188, 40.745871 ], [ -111.872891, 40.742864 ], [ -111.869536, 40.742499 ], [ -111.869067, 40.742498 ], [ -111.867337, 40.743822 ], [ -111.861014, 40.747881 ], [ -111.85773, 40.750182 ], [ -111.854842, 40.752269 ], [ -111.852166, 40.754532 ], [ -111.849131, 40.756758 ], [ -111.843644, 40.759876 ], [ -111.843455, 40.759966 ], [ -111.842403, 40.76066 ], [ -111.841289, 40.761822 ], [ -111.841025, 40.762326 ], [ -111.840987, 40.762409 ], [ -111.838649, 40.768604 ], [ -111.838643, 40.76868 ], [ -111.838876, 40.772848 ], [ -111.839151, 40.773305 ], [ -111.840083, 40.774708 ], [ -111.840304, 40.774955 ], [ -111.842813, 40.776987 ], [ -111.848816, 40.7812 ], [ -111.853776, 40.782936 ], [ -111.858773, 40.7878 ], [ -111.861158, 40.790354 ], [ -111.861857, 40.791047 ], [ -111.86418, 40.792111 ], [ -111.864618, 40.79221 ], [ -111.868246, 40.791892 ], [ -111.871756, 40.791092 ], [ -111.878942, 40.786971 ], [ -111.881926, 40.788984 ], [ -111.882982, 40.787716 ], [ -111.889553, 40.782911 ], [ -111.89331, 40.78231 ], [ -111.893395, 40.782292 ], [ -111.895341, 40.781912 ], [ -111.897112, 40.780095 ], [ -111.89925, 40.777665 ], [ -111.903695, 40.773499 ], [ -111.903973, 40.773263 ], [ -111.904334, 40.772453 ], [ -111.905056, 40.770685 ], [ -111.904202, 40.767337 ] ] ] } },
{ "type": "Feature", "properties": { "group_index": 0, "value": 900.0, "center": [ -111.87149176944126, 40.769369562022156 ], "point_id": 0.0 }, "geometry": { "type": "Polygon", "coordinates": [ [ [ -111.923039, 40.771067 ], [ -111.921792, 40.769616 ], [ -111.918589, 40.763185 ], [ -111.913399, 40.758763 ], [ -111.907219, 40.754344 ], [ -111.904835, 40.752326 ], [ -111.899123, 40.74785 ], [ -111.896814, 40.746079 ], [ -111.895947, 40.745429 ], [ -111.892608, 40.743048 ], [ -111.888322, 40.739785 ], [ -111.884941, 40.737359 ], [ -111.88014, 40.73382 ], [ -111.87733, 40.731718 ], [ -111.871139, 40.727656 ], [ -111.87105, 40.727655 ], [ -111.869921, 40.728473 ], [ -111.867764, 40.730087 ], [ -111.865324, 40.731815 ], [ -111.859466, 40.735369 ], [ -111.856516, 40.737286 ], [ -111.851998, 40.740666 ], [ -111.844889, 40.745305 ], [ -111.844731, 40.745417 ], [ -111.841672, 40.748 ], [ -111.840422, 40.748986 ], [ -111.83353, 40.75192 ], [ -111.830669, 40.754104 ], [ -111.830092, 40.755309 ], [ -111.827687, 40.761247 ], [ -111.8273, 40.764845 ], [ -111.826922, 40.768822 ], [ -111.82835, 40.771887 ], [ -111.828561, 40.772094 ], [ -111.828858, 40.77235 ], [ -111.832058, 40.780428 ], [ -111.832058, 40.780542 ], [ -111.834306, 40.78219 ], [ -111.834744, 40.782113 ], [ -111.835411, 40.781785 ], [ -111.842028, 40.783079 ], [ -111.843512, 40.786308 ], [ -111.843553, 40.786784 ], [ -111.844146, 40.787068 ], [ -111.845707, 40.787203 ], [ -111.84603, 40.78722 ], [ -111.84897, 40.788107 ], [ -111.852508, 40.79508 ], [ -111.854823, 40.796044 ], [ -111.860626, 40.798066 ], [ -111.869123, 40.798417 ], [ -111.869648, 40.799732 ], [ -111.869924, 40.800148 ], [ -111.870176, 40.80049 ], [ -111.875312, 40.799188 ], [ -111.876188, 40.798587 ], [ -111.877208, 40.79744 ], [ -111.877761, 40.796637 ], [ -111.882768, 40.792559 ], [ -111.888536, 40.794102 ], [ -111.888922, 40.794028 ], [ -111.892467, 40.791614 ], [ -111.899314, 40.79328 ], [ -111.903819, 40.790699 ], [ -111.907025, 40.788095 ], [ -111.911163, 40.78409 ], [ -111.917031, 40.777673 ], [ -111.921795, 40.773216 ], [ -111.92304, 40.771267 ], [ -111.923039, 40.771067 ] ] ] } },
{ "type": "Feature", "properties": { "group_index": 0, "value": 300.0, "center": [ -111.8653917528533, 40.76936245107255 ], "point_id": 0.0 }, "geometry": { "type": "Polygon", "coordinates": [ [ [ -111.883157, 40.770404 ], [ -111.88316, 40.769245 ], [ -111.881452, 40.766655 ], [ -111.880311, 40.765374 ], [ -111.877107, 40.762794 ], [ -111.876061, 40.76207 ], [ -111.871577, 40.758767 ], [ -111.86873, 40.756692 ], [ -111.865831, 40.754515 ], [ -111.865463, 40.754359 ], [ -111.865462, 40.754359 ], [ -111.865222, 40.754358 ], [ -111.865211, 40.754358 ], [ -111.864793, 40.754521 ], [ -111.860879, 40.75677 ], [ -111.85897, 40.758861 ], [ -111.856029, 40.76104 ], [ -111.853776, 40.762811 ], [ -111.849567, 40.765625 ], [ -111.848454, 40.766977 ], [ -111.847219, 40.768884 ], [ -111.84722, 40.768903 ], [ -111.847452, 40.76995 ], [ -111.850486, 40.773686 ], [ -111.853588, 40.775737 ], [ -111.857776, 40.778923 ], [ -111.860974, 40.781295 ], [ -111.866042, 40.782585 ], [ -111.867062, 40.782529 ], [ -111.869687, 40.781415 ], [ -111.871188, 40.780283 ], [ -111.872673, 40.779159 ], [ -111.874169, 40.778034 ], [ -111.875652, 40.776903 ], [ -111.87715, 40.775774 ], [ -111.880144, 40.773504 ], [ -111.881633, 40.772362 ], [ -111.883157, 40.770471 ], [ -111.883157, 40.770404 ] ] ] } },
{ "type": "Feature", "properties": { "group_index": 0, "value": 600.0, "center": [ -111.8653917528533, 40.76936245107255 ], "point_id": 0.0 }, "geometry": { "type": "Polygon", "coordinates": [ [ [ -111.899031, 40.771676 ], [ -111.898918, 40.76896 ], [ -111.898431, 40.767444 ], [ -111.896864, 40.76482 ], [ -111.895327, 40.763199 ], [ -111.892516, 40.76096 ], [ -111.88642, 40.756423 ], [ -111.883911, 40.754497 ], [ -111.882536, 40.753472 ], [ -111.880983, 40.75233 ], [ -111.87527, 40.747924 ], [ -111.871088, 40.744896 ], [ -111.867289, 40.742104 ], [ -111.86522, 40.74112 ], [ -111.864714, 40.74112 ], [ -111.860423, 40.743967 ], [ -111.856718, 40.745796 ], [ -111.85481, 40.746975 ], [ -111.850813, 40.750122 ], [ -111.85072, 40.750191 ], [ -111.845217, 40.754881 ], [ -111.839911, 40.756727 ], [ -111.837403, 40.758539 ], [ -111.836205, 40.761337 ], [ -111.834909, 40.765152 ], [ -111.834577, 40.767061 ], [ -111.833621, 40.77257 ], [ -111.833612, 40.773781 ], [ -111.83366, 40.773866 ], [ -111.833982, 40.774225 ], [ -111.834396, 40.77468 ], [ -111.836086, 40.77541 ], [ -111.840665, 40.778739 ], [ -111.842717, 40.782333 ], [ -111.843201, 40.782863 ], [ -111.843316, 40.782945 ], [ -111.843695, 40.783197 ], [ -111.849376, 40.785442 ], [ -111.84954, 40.785465 ], [ -111.849745, 40.785397 ], [ -111.855416, 40.784178 ], [ -111.858799, 40.78781 ], [ -111.860844, 40.789921 ], [ -111.861158, 40.790354 ], [ -111.861857, 40.791047 ], [ -111.86418, 40.792111 ], [ -111.870848, 40.790857 ], [ -111.872916, 40.789678 ], [ -111.878584, 40.784613 ], [ -111.882693, 40.784992 ], [ -111.883115, 40.784437 ], [ -111.88341, 40.784004 ], [ -111.883647, 40.783461 ], [ -111.886448, 40.779899 ], [ -111.892621, 40.777769 ], [ -111.892775, 40.77777 ], [ -111.89792, 40.773263 ], [ -111.898715, 40.772238 ], [ -111.899032, 40.771721 ], [ -111.899031, 40.771676 ] ] ] } },
{ "type": "Feature", "properties": { "group_index": 0, "value": 900.0, "center": [ -111.8653917528533, 40.76936245107255 ], "point_id": 0.0 }, "geometry": { "type": "Polygon", "coordinates": [ [ [ -111.91733, 40.771427 ], [ -111.914372, 40.764924 ], [ -111.912796, 40.763195 ], [ -111.907734, 40.758747 ], [ -111.901844, 40.754478 ], [ -111.896157, 40.750138 ], [ -111.893389, 40.747873 ], [ -111.888883, 40.744629 ], [ -111.886102, 40.742548 ], [ -111.881268, 40.738987 ], [ -111.88016, 40.73815 ], [ -111.878116, 40.736604 ], [ -111.872051, 40.731721 ], [ -111.865499, 40.727263 ], [ -111.865465, 40.727263 ], [ -111.859448, 40.730725 ], [ -111.85936, 40.730782 ], [ -111.853773, 40.734568 ], [ -111.85173, 40.736277 ], [ -111.850549, 40.737197 ], [ -111.84628, 40.74029 ], [ -111.843408, 40.742691 ], [ -111.842355, 40.743532 ], [ -111.838225, 40.745962 ], [ -111.830407, 40.746948 ], [ -111.830297, 40.746947 ], [ -111.828727, 40.747823 ], [ -111.827755, 40.748829 ], [ -111.826202, 40.750496 ], [ -111.824796, 40.753803 ], [ -111.822999, 40.761259 ], [ -111.822844, 40.763022 ], [ -111.822541, 40.767636 ], [ -111.824532, 40.770635 ], [ -111.827594, 40.773905 ], [ -111.831134, 40.781889 ], [ -111.830985, 40.783131 ], [ -111.830968, 40.783268 ], [ -111.831753, 40.784195 ], [ -111.832325, 40.784435 ], [ -111.834452, 40.7841 ], [ -111.835012, 40.783871 ], [ -111.843512, 40.786308 ], [ -111.843193, 40.789005 ], [ -111.843444, 40.789433 ], [ -111.844577, 40.789677 ], [ -111.84876, 40.791277 ], [ -111.852508, 40.795075 ], [ -111.854823, 40.796044 ], [ -111.860626, 40.798066 ], [ -111.869062, 40.798209 ], [ -111.872568, 40.797393 ], [ -111.877777, 40.795597 ], [ -111.884031, 40.792121 ], [ -111.886763, 40.791664 ], [ -111.889729, 40.791007 ], [ -111.897174, 40.79075 ], [ -111.900627, 40.788542 ], [ -111.905067, 40.784109 ], [ -111.910923, 40.777674 ], [ -111.915742, 40.773246 ], [ -111.91733, 40.771471 ], [ -111.91733, 40.771427 ] ] ] } },
{ "type": "Feature", "properties": { "group_index": 0, "value": 300.0, "center": [ -111.8539036779552, 40.769347763193245 ], "point_id": 0.0 }, "geometry": { "type": "Polygon", "coordinates": [ [ [ -111.872746, 40.7692 ], [ -111.872746, 40.769056 ], [ -111.871324, 40.767569 ], [ -111.868848, 40.765387 ], [ -111.865964, 40.76321 ], [ -111.863194, 40.761037 ], [ -111.860305, 40.75886 ], [ -111.858027, 40.757204 ], [ -111.85446, 40.754528 ], [ -111.854, 40.754365 ], [ -111.853881, 40.754365 ], [ -111.853763, 40.754365 ], [ -111.853762, 40.754365 ], [ -111.853313, 40.754528 ], [ -111.849602, 40.756843 ], [ -111.849151, 40.757295 ], [ -111.846266, 40.759309 ], [ -111.843644, 40.759876 ], [ -111.843491, 40.759948 ], [ -111.842401, 40.760667 ], [ -111.841288, 40.761822 ], [ -111.841016, 40.762329 ], [ -111.840984, 40.762411 ], [ -111.838769, 40.767983 ], [ -111.83865, 40.768597 ], [ -111.838643, 40.76868 ], [ -111.838876, 40.772848 ], [ -111.839151, 40.773305 ], [ -111.840257, 40.775107 ], [ -111.843349, 40.777895 ], [ -111.84729, 40.779311 ], [ -111.848818, 40.7812 ], [ -111.848942, 40.781176 ], [ -111.851915, 40.780867 ], [ -111.855726, 40.78133 ], [ -111.856148, 40.781376 ], [ -111.856612, 40.781379 ], [ -111.860995, 40.778933 ], [ -111.864158, 40.776882 ], [ -111.865651, 40.775753 ], [ -111.86715, 40.774635 ], [ -111.868654, 40.773496 ], [ -111.870158, 40.772363 ], [ -111.871876, 40.770633 ], [ -111.872632, 40.769799 ], [ -111.872746, 40.7692 ] ] ] } },
{ "type": "Feature", "properties": { "group_index": 0, "value": 600.0, "center": [ -111.8539036779552, 40.769347763193245 ], "point_id": 0.0 }, "geometry": { "type": "Polygon", "coordinates": [ [ [ -111.88929, 40.770243 ], [ -111.887172, 40.766189 ], [ -111.886649, 40.765316 ], [ -111.883811, 40.763206 ], [ -111.878425, 40.758929 ], [ -111.87239, 40.754504 ], [ -111.8696, 40.752332 ], [ -111.866512, 40.74992 ], [ -111.861534, 40.746234 ], [ -111.858505, 40.743968 ], [ -111.85459, 40.74107 ], [ -111.853897, 40.740709 ], [ -111.853761, 40.740709 ], [ -111.851582, 40.74221 ], [ -111.844867, 40.746066 ], [ -111.841485, 40.748484 ], [ -111.833595, 40.752004 ], [ -111.830835, 40.754073 ], [ -111.830733, 40.754188 ], [ -111.830145, 40.755273 ], [ -111.82816, 40.761537 ], [ -111.827291, 40.764849 ], [ -111.826794, 40.768415 ], [ -111.826777, 40.768721 ], [ -111.82835, 40.771887 ], [ -111.82855, 40.772085 ], [ -111.828858, 40.77235 ], [ -111.832058, 40.780428 ], [ -111.834306, 40.78219 ], [ -111.834744, 40.782113 ], [ -111.842028, 40.783079 ], [ -111.844846, 40.787021 ], [ -111.845054, 40.787086 ], [ -111.845707, 40.787203 ], [ -111.84603, 40.78722 ], [ -111.853704, 40.788054 ], [ -111.861708, 40.790942 ], [ -111.865383, 40.790164 ], [ -111.870992, 40.785935 ], [ -111.872487, 40.784801 ], [ -111.873938, 40.783699 ], [ -111.880503, 40.778049 ], [ -111.883662, 40.77572 ], [ -111.886551, 40.773514 ], [ -111.887971, 40.772352 ], [ -111.889286, 40.770495 ], [ -111.88929, 40.770243 ] ] ] } },
{ "type": "Feature", "properties": { "group_index": 0, "value": 900.0, "center": [ -111.8539036779552, 40.769347763193245 ], "point_id": 0.0 }, "geometry": { "type": "Polygon", "coordinates": [ [ [ -111.905064, 40.770627 ], [ -111.905066, 40.770614 ], [ -111.904202, 40.767486 ], [ -111.903103, 40.765045 ], [ -111.901432, 40.763197 ], [ -111.898857, 40.760965 ], [ -111.897941, 40.760181 ], [ -111.894276, 40.757457 ], [ -111.894038, 40.757279 ], [ -111.890299, 40.754499 ], [ -111.884738, 40.750155 ], [ -111.878986, 40.745877 ], [ -111.877384, 40.74466 ], [ -111.87128, 40.739847 ], [ -111.869356, 40.73816 ], [ -111.869355, 40.738159 ], [ -111.863811, 40.734191 ], [ -111.860589, 40.731611 ], [ -111.854102, 40.72726 ], [ -111.854019, 40.72726 ], [ -111.853728, 40.727261 ], [ -111.850141, 40.729831 ], [ -111.847664, 40.731687 ], [ -111.846451, 40.732606 ], [ -111.845414, 40.733463 ], [ -111.84335, 40.734996 ], [ -111.841761, 40.736198 ], [ -111.838827, 40.737804 ], [ -111.831061, 40.738419 ], [ -111.830918, 40.738416 ], [ -111.825874, 40.739112 ], [ -111.825854, 40.73912 ], [ -111.825137, 40.741918 ], [ -111.819693, 40.748862 ], [ -111.817839, 40.748974 ], [ -111.816862, 40.749017 ], [ -111.815497, 40.749171 ], [ -111.816203, 40.75746 ], [ -111.816867, 40.761557 ], [ -111.817466, 40.762588 ], [ -111.819611, 40.770764 ], [ -111.818259, 40.772292 ], [ -111.818064, 40.772991 ], [ -111.817996, 40.773314 ], [ -111.81794, 40.773981 ], [ -111.818017, 40.774148 ], [ -111.820043, 40.775924 ], [ -111.827199, 40.780991 ], [ -111.828204, 40.787126 ], [ -111.828325, 40.787968 ], [ -111.828365, 40.788071 ], [ -111.834669, 40.789873 ], [ -111.843162, 40.791078 ], [ -111.843791, 40.792363 ], [ -111.844007, 40.792892 ], [ -111.8519, 40.795132 ], [ -111.854579, 40.796012 ], [ -111.861167, 40.797218 ], [ -111.869636, 40.796486 ], [ -111.869925, 40.796451 ], [ -111.87095, 40.796105 ], [ -111.872657, 40.795136 ], [ -111.872634, 40.794881 ], [ -111.872446, 40.794098 ], [ -111.878425, 40.787938 ], [ -111.881619, 40.789599 ], [ -111.882982, 40.787716 ], [ -111.889629, 40.783005 ], [ -111.89519, 40.781992 ], [ -111.895572, 40.781911 ], [ -111.89948, 40.777665 ], [ -111.904204, 40.773266 ], [ -111.905064, 40.770627 ] ] ] } },
{ "type": "Feature", "properties": { "group_index": 0, "value": 300.0, "center": [ -111.86533552566154, 40.74589427063171 ], "point_id": 0.0 }, "geometry": { "type": "Polygon", "coordinates": [ [ [ -111.879718, 40.749489 ], [ -111.879325, 40.749053 ], [ -111.87829, 40.74333 ], [ -111.879261, 40.741678 ], [ -111.87926, 40.741612 ], [ -111.877539, 40.739835 ], [ -111.873163, 40.736478 ], [ -111.870549, 40.734591 ], [ -111.868264, 40.732764 ], [ -111.866814, 40.731707 ], [ -111.865994, 40.731199 ], [ -111.865239, 40.730749 ], [ -111.865152, 40.730749 ], [ -111.863883, 40.731712 ], [ -111.859701, 40.734569 ], [ -111.856822, 40.736298 ], [ -111.852962, 40.739232 ], [ -111.852458, 40.73984 ], [ -111.850161, 40.742627 ], [ -111.84869, 40.744674 ], [ -111.849042, 40.748257 ], [ -111.852237, 40.751487 ], [ -111.852371, 40.751602 ], [ -111.855109, 40.753775 ], [ -111.855296, 40.753927 ], [ -111.858064, 40.755944 ], [ -111.861174, 40.75812 ], [ -111.864161, 40.760291 ], [ -111.864901, 40.760831 ], [ -111.86518, 40.760823 ], [ -111.866513, 40.760297 ], [ -111.868191, 40.758521 ], [ -111.872553, 40.755781 ], [ -111.875286, 40.753762 ], [ -111.878062, 40.751598 ], [ -111.87972, 40.74961 ], [ -111.879718, 40.749489 ] ] ] } },
{ "type": "Feature", "properties": { "group_index": 0, "value": 600.0, "center": [ -111.86533552566154, 40.74589427063171 ], "point_id": 0.0 }, "geometry": { "type": "Polygon", "coordinates": [ [ [ -111.897345, 40.749598 ], [ -111.897345, 40.749585 ], [ -111.897124, 40.741524 ], [ -111.895422, 40.739782 ], [ -111.891092, 40.736549 ], [ -111.889008, 40.734973 ], [ -111.88475, 40.731728 ], [ -111.878401, 40.726528 ], [ -111.878385, 40.726516 ], [ -111.874084, 40.723635 ], [ -111.8698, 40.720406 ], [ -111.866651, 40.718097 ], [ -111.866106, 40.718097 ], [ -111.863525, 40.718949 ], [ -111.85849, 40.721132 ], [ -111.85336, 40.725282 ], [ -111.846784, 40.730113 ], [ -111.842717, 40.733138 ], [ -111.842659, 40.733197 ], [ -111.836975, 40.738192 ], [ -111.834998, 40.739359 ], [ -111.834675, 40.739844 ], [ -111.83207, 40.744407 ], [ -111.831784, 40.745032 ], [ -111.831642, 40.74569 ], [ -111.831632, 40.745855 ], [ -111.833325, 40.751463 ], [ -111.833352, 40.751522 ], [ -111.838136, 40.755867 ], [ -111.83837, 40.755956 ], [ -111.846109, 40.760371 ], [ -111.848453, 40.762776 ], [ -111.854557, 40.76681 ], [ -111.857464, 40.768979 ], [ -111.863774, 40.773498 ], [ -111.864023, 40.773599 ], [ -111.864136, 40.773599 ], [ -111.866874, 40.773498 ], [ -111.87164, 40.770162 ], [ -111.875967, 40.766805 ], [ -111.877364, 40.765742 ], [ -111.88348, 40.76138 ], [ -111.88566, 40.759767 ], [ -111.890249, 40.755926 ], [ -111.892726, 40.754015 ], [ -111.893097, 40.753737 ], [ -111.895854, 40.751494 ], [ -111.89719, 40.750107 ], [ -111.89731, 40.749809 ], [ -111.897345, 40.749598 ] ] ] } },
{ "type": "Feature", "properties": { "group_index": 0, "value": 900.0, "center": [ -111.86533552566154, 40.74589427063171 ], "point_id": 0.0 }, "geometry": { "type": "Polygon", "coordinates": [ [ [ -111.914346, 40.749984 ], [ -111.913912, 40.741636 ], [ -111.913096, 40.739746 ], [ -111.911474, 40.738496 ], [ -111.904306, 40.733401 ], [ -111.902612, 40.731687 ], [ -111.895778, 40.726965 ], [ -111.894087, 40.725358 ], [ -111.892036, 40.723645 ], [ -111.885175, 40.718426 ], [ -111.878802, 40.713452 ], [ -111.87523, 40.710856 ], [ -111.868639, 40.706059 ], [ -111.865951, 40.704016 ], [ -111.865625, 40.703959 ], [ -111.865575, 40.703959 ], [ -111.864869, 40.703986 ], [ -111.86247, 40.705318 ], [ -111.854319, 40.708054 ], [ -111.851466, 40.71089 ], [ -111.849692, 40.712832 ], [ -111.842772, 40.717517 ], [ -111.83708, 40.723702 ], [ -111.833783, 40.726563 ], [ -111.832749, 40.727358 ], [ -111.830753, 40.728945 ], [ -111.829724, 40.729736 ], [ -111.827018, 40.731793 ], [ -111.821121, 40.733595 ], [ -111.820969, 40.733641 ], [ -111.82018, 40.734626 ], [ -111.818508, 40.737262 ], [ -111.816911, 40.740483 ], [ -111.816511, 40.741368 ], [ -111.81651, 40.741406 ], [ -111.817016, 40.749006 ], [ -111.817155, 40.752603 ], [ -111.819076, 40.754201 ], [ -111.823883, 40.757826 ], [ -111.826171, 40.762619 ], [ -111.826281, 40.762701 ], [ -111.83109, 40.76558 ], [ -111.832093, 40.766089 ], [ -111.838681, 40.770586 ], [ -111.838951, 40.77078 ], [ -111.844432, 40.773638 ], [ -111.84731, 40.775727 ], [ -111.85208, 40.7783 ], [ -111.856912, 40.781218 ], [ -111.857351, 40.781429 ], [ -111.858877, 40.782055 ], [ -111.866521, 40.785281 ], [ -111.867035, 40.785328 ], [ -111.867354, 40.785329 ], [ -111.869815, 40.784795 ], [ -111.872864, 40.782551 ], [ -111.8759, 40.780297 ], [ -111.87892, 40.778045 ], [ -111.88042, 40.77691 ], [ -111.88194, 40.775771 ], [ -111.888444, 40.771303 ], [ -111.888754, 40.771093 ], [ -111.891784, 40.768918 ], [ -111.898094, 40.764122 ], [ -111.900306, 40.762439 ], [ -111.905507, 40.757951 ], [ -111.90812, 40.75592 ], [ -111.9109, 40.753732 ], [ -111.912275, 40.752661 ], [ -111.913596, 40.751611 ], [ -111.91435, 40.750133 ], [ -111.914346, 40.749984 ] ] ] } },
{ "type": "Feature", "properties": { "group_index": 0, "value": 300.0, "center": [ -111.86534722806013, 40.73785060491829 ], "point_id": 0.0 }, "geometry": { "type": "Polygon", "coordinates": [ [ [ -111.883248, 40.737425 ], [ -111.883248, 40.73722 ], [ -111.883248, 40.737219 ], [ -111.883248, 40.737149 ], [ -111.880717, 40.7346 ], [ -111.879836, 40.733823 ], [ -111.877454, 40.731718 ], [ -111.875324, 40.730044 ], [ -111.873934, 40.729017 ], [ -111.872144, 40.727674 ], [ -111.869974, 40.726032 ], [ -111.866724, 40.723326 ], [ -111.865619, 40.722752 ], [ -111.865479, 40.722751 ], [ -111.864597, 40.722879 ], [ -111.86451, 40.722907 ], [ -111.861295, 40.725582 ], [ -111.85729, 40.728452 ], [ -111.852729, 40.732036 ], [ -111.850856, 40.733546 ], [ -111.849131, 40.735278 ], [ -111.848527, 40.739975 ], [ -111.848527, 40.739978 ], [ -111.850309, 40.741782 ], [ -111.851272, 40.74257 ], [ -111.853957, 40.744665 ], [ -111.857873, 40.747569 ], [ -111.859121, 40.748515 ], [ -111.863334, 40.751597 ], [ -111.865764, 40.7528 ], [ -111.865791, 40.7528 ], [ -111.867425, 40.7516 ], [ -111.87, 40.749203 ], [ -111.873061, 40.747231 ], [ -111.87532, 40.743802 ], [ -111.878289, 40.743694 ], [ -111.88216, 40.740227 ], [ -111.882898, 40.739227 ], [ -111.883248, 40.737425 ] ] ] } },
{ "type": "Feature", "properties": { "group_index": 0, "value": 600.0, "center": [ -111.86534722806013, 40.73785060491829 ], "point_id": 0.0 }, "geometry": { "type": "Polygon", "coordinates": [ [ [ -111.897149, 40.742071 ], [ -111.897461, 40.738171 ], [ -111.897127, 40.735367 ], [ -111.895755, 40.73252 ], [ -111.895275, 40.731709 ], [ -111.892996, 40.729966 ], [ -111.891089, 40.728503 ], [ -111.884776, 40.723644 ], [ -111.880986, 40.720565 ], [ -111.874493, 40.71577 ], [ -111.871251, 40.713407 ], [ -111.865582, 40.709209 ], [ -111.865474, 40.709209 ], [ -111.86464, 40.709722 ], [ -111.863128, 40.710886 ], [ -111.855628, 40.713695 ], [ -111.850793, 40.716514 ], [ -111.845677, 40.72386 ], [ -111.845402, 40.724046 ], [ -111.844022, 40.725172 ], [ -111.842213, 40.726564 ], [ -111.840168, 40.728125 ], [ -111.839073, 40.729024 ], [ -111.836428, 40.731109 ], [ -111.835484, 40.731811 ], [ -111.8347, 40.732817 ], [ -111.833586, 40.73777 ], [ -111.833658, 40.742844 ], [ -111.833676, 40.742921 ], [ -111.833862, 40.743249 ], [ -111.839852, 40.7487 ], [ -111.84091, 40.749562 ], [ -111.845014, 40.752585 ], [ -111.845273, 40.752731 ], [ -111.851066, 40.756009 ], [ -111.853939, 40.758254 ], [ -111.856599, 40.760362 ], [ -111.859594, 40.762618 ], [ -111.862674, 40.764634 ], [ -111.865521, 40.765941 ], [ -111.866237, 40.765944 ], [ -111.871244, 40.762278 ], [ -111.877207, 40.758101 ], [ -111.880101, 40.755928 ], [ -111.884124, 40.752919 ], [ -111.8884, 40.749833 ], [ -111.891876, 40.746648 ], [ -111.896957, 40.742772 ], [ -111.897149, 40.742071 ] ] ] } },
{ "type": "Feature", "properties": { "group_index": 0, "value": 900.0, "center": [ -111.86534722806013, 40.73785060491829 ], "point_id": 0.0 }, "geometry": { "type": "Polygon", "coordinates": [ [ [ -111.913915, 40.74214 ], [ -111.914778, 40.733501 ], [ -111.914778, 40.73348 ], [ -111.914778, 40.733311 ], [ -111.913016, 40.731708 ], [ -111.907729, 40.728831 ], [ -111.903794, 40.724986 ], [ -111.902563, 40.723615 ], [ -111.89649, 40.718949 ], [ -111.894747, 40.717647 ], [ -111.892636, 40.716048 ], [ -111.887167, 40.711768 ], [ -111.88596, 40.710845 ], [ -111.881281, 40.707237 ], [ -111.877536, 40.704549 ], [ -111.873198, 40.701328 ], [ -111.866573, 40.696385 ], [ -111.865382, 40.696041 ], [ -111.864916, 40.69604 ], [ -111.864385, 40.696437 ], [ -111.862268, 40.697887 ], [ -111.861941, 40.698092 ], [ -111.854342, 40.700728 ], [ -111.851316, 40.70059 ], [ -111.851209, 40.700616 ], [ -111.849837, 40.701586 ], [ -111.848938, 40.702574 ], [ -111.848524, 40.70303 ], [ -111.844069, 40.707756 ], [ -111.840935, 40.710899 ], [ -111.835415, 40.714799 ], [ -111.831827, 40.717211 ], [ -111.83022, 40.719083 ], [ -111.825024, 40.726169 ], [ -111.818171, 40.730274 ], [ -111.818137, 40.73029 ], [ -111.817302, 40.732711 ], [ -111.816512, 40.741359 ], [ -111.81651, 40.741406 ], [ -111.816911, 40.744083 ], [ -111.819544, 40.745045 ], [ -111.823991, 40.750834 ], [ -111.825106, 40.752056 ], [ -111.825749, 40.752581 ], [ -111.825921, 40.752695 ], [ -111.83112, 40.755975 ], [ -111.832748, 40.759925 ], [ -111.832807, 40.760167 ], [ -111.833139, 40.760714 ], [ -111.837461, 40.761986 ], [ -111.83772, 40.762079 ], [ -111.842844, 40.764393 ], [ -111.847638, 40.767725 ], [ -111.848903, 40.768704 ], [ -111.855968, 40.773491 ], [ -111.859053, 40.775733 ], [ -111.864007, 40.779134 ], [ -111.865728, 40.77972 ], [ -111.865839, 40.77972 ], [ -111.866609, 40.77914 ], [ -111.868098, 40.778021 ], [ -111.869624, 40.776886 ], [ -111.8727, 40.774635 ], [ -111.877241, 40.77168 ], [ -111.88074, 40.768975 ], [ -111.885444, 40.765819 ], [ -111.887283, 40.764657 ], [ -111.89017, 40.762368 ], [ -111.894753, 40.758682 ], [ -111.898128, 40.755926 ], [ -111.903095, 40.752305 ], [ -111.904096, 40.751451 ], [ -111.908126, 40.748074 ], [ -111.912555, 40.744634 ], [ -111.913865, 40.743337 ], [ -111.913915, 40.74214 ] ] ] } },
{ "type": "Feature", "properties": { "group_index": 0, "value": 300.0, "center": [ -111.85973621715281, 40.733467657074364 ], "point_id": 0.0 }, "geometry": { "type": "Polygon", "coordinates": [ [ [ -111.878587, 40.733078 ], [ -111.877371, 40.731718 ], [ -111.875241, 40.730043 ], [ -111.873299, 40.728614 ], [ -111.870212, 40.72603 ], [ -111.86702, 40.723574 ], [ -111.865945, 40.722754 ], [ -111.864957, 40.722076 ], [ -111.863, 40.720837 ], [ -111.857948, 40.718754 ], [ -111.85788, 40.718755 ], [ -111.857239, 40.71898 ], [ -111.855152, 40.721372 ], [ -111.852442, 40.723539 ], [ -111.847882, 40.72728 ], [ -111.845688, 40.728975 ], [ -111.841967, 40.731827 ], [ -111.841826, 40.731945 ], [ -111.840469, 40.733462 ], [ -111.840369, 40.733692 ], [ -111.840369, 40.733705 ], [ -111.842261, 40.735415 ], [ -111.845655, 40.738066 ], [ -111.847013, 40.739459 ], [ -111.85028, 40.741782 ], [ -111.854099, 40.744663 ], [ -111.858197, 40.747569 ], [ -111.859444, 40.748515 ], [ -111.859456, 40.748514 ], [ -111.862253, 40.747111 ], [ -111.862789, 40.746707 ], [ -111.864772, 40.745126 ], [ -111.869387, 40.741366 ], [ -111.871545, 40.739763 ], [ -111.872573, 40.739021 ], [ -111.873152, 40.738585 ], [ -111.877377, 40.735318 ], [ -111.878591, 40.733927 ], [ -111.878587, 40.733078 ] ] ] } },
{ "type": "Feature", "properties": { "group_index": 0, "value": 600.0, "center": [ -111.85973621715281, 40.733467657074364 ], "point_id": 0.0 }, "geometry": { "type": "Polygon", "coordinates": [ [ [ -111.895754, 40.73362 ], [ -111.895755, 40.732583 ], [ -111.895192, 40.731708 ], [ -111.892913, 40.729966 ], [ -111.888167, 40.726378 ], [ -111.884907, 40.723644 ], [ -111.881542, 40.720564 ], [ -111.87728, 40.717649 ], [ -111.87455, 40.715771 ], [ -111.868105, 40.710869 ], [ -111.865485, 40.708864 ], [ -111.859719, 40.707112 ], [ -111.853298, 40.70568 ], [ -111.85322, 40.705688 ], [ -111.848149, 40.710893 ], [ -111.842275, 40.715948 ], [ -111.841471, 40.716573 ], [ -111.836608, 40.720888 ], [ -111.830759, 40.726824 ], [ -111.830036, 40.727356 ], [ -111.827027, 40.72973 ], [ -111.824312, 40.731778 ], [ -111.823233, 40.733046 ], [ -111.823235, 40.733512 ], [ -111.824312, 40.735378 ], [ -111.826861, 40.738241 ], [ -111.829171, 40.740604 ], [ -111.830213, 40.741397 ], [ -111.834367, 40.744319 ], [ -111.840165, 40.7487 ], [ -111.842436, 40.750733 ], [ -111.843737, 40.751582 ], [ -111.845334, 40.752584 ], [ -111.851558, 40.756007 ], [ -111.854454, 40.758128 ], [ -111.857902, 40.76036 ], [ -111.859815, 40.761422 ], [ -111.859899, 40.761422 ], [ -111.86258, 40.760136 ], [ -111.866051, 40.758114 ], [ -111.871327, 40.753766 ], [ -111.874557, 40.751525 ], [ -111.880848, 40.746671 ], [ -111.884558, 40.743427 ], [ -111.888828, 40.740151 ], [ -111.892076, 40.738074 ], [ -111.895159, 40.735308 ], [ -111.895752, 40.734438 ], [ -111.895754, 40.73362 ] ] ] } },
{ "type": "Feature", "properties": { "group_index": 0, "value": 900.0, "center": [ -111.85973621715281, 40.733467657074364 ], "point_id": 0.0 }, "geometry": { "type": "Polygon", "coordinates": [ [ [ -111.914193, 40.733513 ], [ -111.912936, 40.731708 ], [ -111.907728, 40.72888 ], [ -111.904459, 40.725401 ], [ -111.902675, 40.723616 ], [ -111.897043, 40.719022 ], [ -111.892784, 40.716048 ], [ -111.889319, 40.713304 ], [ -111.887492, 40.711769 ], [ -111.882437, 40.707556 ], [ -111.877862, 40.704547 ], [ -111.873524, 40.701325 ], [ -111.867185, 40.696373 ], [ -111.865382, 40.696041 ], [ -111.86459, 40.696039 ], [ -111.856274, 40.693963 ], [ -111.85483, 40.692847 ], [ -111.854043, 40.692587 ], [ -111.853678, 40.692588 ], [ -111.848704, 40.692638 ], [ -111.847017, 40.693908 ], [ -111.8432, 40.698143 ], [ -111.837074, 40.703948 ], [ -111.830526, 40.70902 ], [ -111.825602, 40.71147 ], [ -111.822474, 40.714938 ], [ -111.820861, 40.716992 ], [ -111.818008, 40.720319 ], [ -111.81268, 40.724026 ], [ -111.811297, 40.726006 ], [ -111.811239, 40.726201 ], [ -111.810307, 40.732961 ], [ -111.809163, 40.735439 ], [ -111.810305, 40.738155 ], [ -111.814124, 40.743651 ], [ -111.814131, 40.743658 ], [ -111.818589, 40.74604 ], [ -111.825106, 40.752056 ], [ -111.825888, 40.752656 ], [ -111.83112, 40.755975 ], [ -111.8327, 40.759618 ], [ -111.833084, 40.760527 ], [ -111.838134, 40.762134 ], [ -111.843381, 40.764135 ], [ -111.847707, 40.767594 ], [ -111.853608, 40.771149 ], [ -111.859548, 40.775127 ], [ -111.859552, 40.775127 ], [ -111.86661, 40.771168 ], [ -111.869576, 40.768983 ], [ -111.875336, 40.764633 ], [ -111.878267, 40.762367 ], [ -111.883014, 40.75884 ], [ -111.889406, 40.753751 ], [ -111.892235, 40.751614 ], [ -111.89557, 40.74903 ], [ -111.900989, 40.744953 ], [ -111.901033, 40.744919 ], [ -111.902511, 40.743339 ], [ -111.905524, 40.740277 ], [ -111.911856, 40.736123 ], [ -111.912938, 40.735308 ], [ -111.914192, 40.733834 ], [ -111.914193, 40.733513 ] ] ] } },
{ "type": "Feature", "properties": { "group_index": 0, "value": 300.0, "center": [ -111.85955901950278, 40.72698385561657 ], "point_id": 0.0 }, "geometry": { "type": "Polygon", "coordinates": [ [ [ -111.876532, 40.725476 ], [ -111.874732, 40.723638 ], [ -111.872241, 40.721531 ], [ -111.871524, 40.721008 ], [ -111.867609, 40.718097 ], [ -111.865693, 40.716627 ], [ -111.865522, 40.716627 ], [ -111.860214, 40.715438 ], [ -111.859593, 40.713944 ], [ -111.859334, 40.713614 ], [ -111.856098, 40.712852 ], [ -111.855698, 40.712768 ], [ -111.855591, 40.712768 ], [ -111.854615, 40.713693 ], [ -111.850624, 40.716513 ], [ -111.849917, 40.718619 ], [ -111.849339, 40.722173 ], [ -111.845442, 40.723823 ], [ -111.844293, 40.723967 ], [ -111.84418, 40.724082 ], [ -111.844048, 40.724357 ], [ -111.844294, 40.727485 ], [ -111.84431, 40.72754 ], [ -111.845576, 40.730887 ], [ -111.849736, 40.734321 ], [ -111.850909, 40.735229 ], [ -111.854919, 40.738168 ], [ -111.858635, 40.740809 ], [ -111.859026, 40.74081 ], [ -111.861421, 40.739726 ], [ -111.865128, 40.737785 ], [ -111.865667, 40.737407 ], [ -111.867142, 40.736289 ], [ -111.868447, 40.735312 ], [ -111.870618, 40.733653 ], [ -111.872397, 40.73221 ], [ -111.873077, 40.731265 ], [ -111.875126, 40.727961 ], [ -111.876532, 40.725481 ], [ -111.876532, 40.725476 ] ] ] } },
{ "type": "Feature", "properties": { "group_index": 0, "value": 600.0, "center": [ -111.85955901950278, 40.72698385561657 ], "point_id": 0.0 }, "geometry": { "type": "Polygon", "coordinates": [ [ [ -111.894324, 40.725441 ], [ -111.893196, 40.723849 ], [ -111.893152, 40.723817 ], [ -111.886052, 40.718425 ], [ -111.883146, 40.716045 ], [ -111.879515, 40.713376 ], [ -111.876126, 40.710862 ], [ -111.869597, 40.706055 ], [ -111.866055, 40.703217 ], [ -111.865808, 40.703185 ], [ -111.857318, 40.700846 ], [ -111.855862, 40.70015 ], [ -111.854533, 40.699788 ], [ -111.85443, 40.699774 ], [ -111.851302, 40.699608 ], [ -111.851286, 40.699609 ], [ -111.849596, 40.700761 ], [ -111.847501, 40.703022 ], [ -111.844791, 40.705985 ], [ -111.843067, 40.707737 ], [ -111.839912, 40.710906 ], [ -111.834616, 40.714425 ], [ -111.832744, 40.715584 ], [ -111.831118, 40.71721 ], [ -111.829982, 40.719077 ], [ -111.8252, 40.725409 ], [ -111.8252, 40.725467 ], [ -111.826922, 40.727288 ], [ -111.831471, 40.733783 ], [ -111.832873, 40.735398 ], [ -111.834711, 40.737158 ], [ -111.836928, 40.738701 ], [ -111.843784, 40.743446 ], [ -111.84691, 40.746292 ], [ -111.85209, 40.749072 ], [ -111.855327, 40.7516 ], [ -111.858476, 40.753831 ], [ -111.859514, 40.753824 ], [ -111.861436, 40.753712 ], [ -111.865389, 40.751182 ], [ -111.86717, 40.749833 ], [ -111.870191, 40.747501 ], [ -111.875388, 40.743711 ], [ -111.879876, 40.740232 ], [ -111.886241, 40.735332 ], [ -111.888681, 40.73326 ], [ -111.890125, 40.731721 ], [ -111.894324, 40.725445 ], [ -111.894324, 40.725441 ] ] ] } },
{ "type": "Feature", "properties": { "group_index": 0, "value": 900.0, "center": [ -111.85955901950278, 40.72698385561657 ], "point_id": 0.0 }, "geometry": { "type": "Polygon", "coordinates": [ [ [ -111.9103, 40.723764 ], [ -111.908354, 40.722128 ], [ -111.901509, 40.717298 ], [ -111.895777, 40.712508 ], [ -111.894052, 40.710848 ], [ -111.8872, 40.705598 ], [ -111.885746, 40.704501 ], [ -111.883579, 40.702888 ], [ -111.878281, 40.698977 ], [ -111.876925, 40.697964 ], [ -111.874319, 40.696139 ], [ -111.867308, 40.691255 ], [ -111.865582, 40.689505 ], [ -111.865499, 40.689505 ], [ -111.856826, 40.688126 ], [ -111.855761, 40.687328 ], [ -111.854572, 40.686388 ], [ -111.854102, 40.686072 ], [ -111.854095, 40.686072 ], [ -111.845929, 40.686994 ], [ -111.845588, 40.687032 ], [ -111.844391, 40.687993 ], [ -111.839644, 40.694157 ], [ -111.834958, 40.698076 ], [ -111.833452, 40.699773 ], [ -111.829126, 40.704481 ], [ -111.821704, 40.708359 ], [ -111.817225, 40.710397 ], [ -111.813042, 40.7162 ], [ -111.811114, 40.718669 ], [ -111.808603, 40.725845 ], [ -111.8086, 40.725943 ], [ -111.808849, 40.726759 ], [ -111.808964, 40.726894 ], [ -111.81412, 40.73426 ], [ -111.816733, 40.737947 ], [ -111.817345, 40.738694 ], [ -111.822507, 40.74269 ], [ -111.828885, 40.747518 ], [ -111.835387, 40.752717 ], [ -111.838561, 40.755485 ], [ -111.840054, 40.756299 ], [ -111.844371, 40.758134 ], [ -111.851318, 40.762489 ], [ -111.857612, 40.766735 ], [ -111.859516, 40.768022 ], [ -111.859586, 40.768022 ], [ -111.860182, 40.767742 ], [ -111.865922, 40.764632 ], [ -111.868938, 40.762367 ], [ -111.871648, 40.760284 ], [ -111.877516, 40.755929 ], [ -111.883917, 40.7515 ], [ -111.887124, 40.748655 ], [ -111.893438, 40.743383 ], [ -111.89631, 40.741128 ], [ -111.900614, 40.737817 ], [ -111.904036, 40.735297 ], [ -111.905472, 40.733339 ], [ -111.910289, 40.727364 ], [ -111.9103, 40.723764 ] ] ] } },
{ "type": "Feature", "properties": { "group_index": 0, "value": 300.0, "center": [ -111.85641397777243, 40.71666044905981 ], "point_id": 0.0 }, "geometry": { "type": "Polygon", "coordinates": [ [ [ -111.869933, 40.722205 ], [ -111.869933, 40.7222 ], [ -111.868159, 40.720405 ], [ -111.868463, 40.714469 ], [ -111.870112, 40.712799 ], [ -111.870116, 40.712605 ], [ -111.870117, 40.71256 ], [ -111.868472, 40.710869 ], [ -111.868381, 40.710797 ], [ -111.86569, 40.708744 ], [ -111.863392, 40.706865 ], [ -111.863295, 40.706816 ], [ -111.861514, 40.706065 ], [ -111.857961, 40.703714 ], [ -111.856934, 40.702854 ], [ -111.855634, 40.701955 ], [ -111.855049, 40.701709 ], [ -111.855045, 40.701709 ], [ -111.852654, 40.702289 ], [ -111.85054, 40.703048 ], [ -111.847845, 40.70599 ], [ -111.846277, 40.70792 ], [ -111.842949, 40.710897 ], [ -111.841832, 40.712192 ], [ -111.841234, 40.713669 ], [ -111.841247, 40.717269 ], [ -111.84156, 40.718616 ], [ -111.842609, 40.71903 ], [ -111.845211, 40.718215 ], [ -111.84556, 40.718216 ], [ -111.848827, 40.72011 ], [ -111.847697, 40.724109 ], [ -111.84984, 40.726968 ], [ -111.850819, 40.727714 ], [ -111.853403, 40.729312 ], [ -111.858997, 40.731072 ], [ -111.859034, 40.731072 ], [ -111.860984, 40.731039 ], [ -111.860998, 40.731037 ], [ -111.865473, 40.727176 ], [ -111.867851, 40.725113 ], [ -111.869933, 40.722211 ], [ -111.869933, 40.722205 ] ] ] } },
{ "type": "Feature", "properties": { "group_index": 0, "value": 600.0, "center": [ -111.85641397777243, 40.71666044905981 ], "point_id": 0.0 }, "geometry": { "type": "Polygon", "coordinates": [ [ [ -111.885549, 40.721264 ], [ -111.887705, 40.712557 ], [ -111.887705, 40.712387 ], [ -111.886269, 40.710846 ], [ -111.881259, 40.706864 ], [ -111.874526, 40.701308 ], [ -111.870272, 40.698079 ], [ -111.865624, 40.694577 ], [ -111.859801, 40.692227 ], [ -111.855882, 40.690175 ], [ -111.85332, 40.689186 ], [ -111.853158, 40.68915 ], [ -111.847559, 40.689604 ], [ -111.843373, 40.692939 ], [ -111.837991, 40.6981 ], [ -111.832275, 40.704164 ], [ -111.827655, 40.709048 ], [ -111.825147, 40.710942 ], [ -111.824882, 40.715009 ], [ -111.828173, 40.720132 ], [ -111.831184, 40.725408 ], [ -111.832474, 40.727294 ], [ -111.834789, 40.729376 ], [ -111.837721, 40.731758 ], [ -111.841739, 40.735428 ], [ -111.847298, 40.738953 ], [ -111.852001, 40.741789 ], [ -111.857484, 40.743438 ], [ -111.859189, 40.743962 ], [ -111.85971, 40.743995 ], [ -111.860078, 40.743995 ], [ -111.861746, 40.743439 ], [ -111.865914, 40.74075 ], [ -111.867095, 40.739853 ], [ -111.869297, 40.738193 ], [ -111.873116, 40.735317 ], [ -111.875173, 40.733643 ], [ -111.882096, 40.72811 ], [ -111.883246, 40.727239 ], [ -111.885546, 40.721408 ], [ -111.885549, 40.721264 ] ] ] } },
{ "type": "Feature", "properties": { "group_index": 0, "value": 900.0, "center": [ -111.85641397777243, 40.71666044905981 ], "point_id": 0.0 }, "geometry": { "type": "Polygon", "coordinates": [ [ [ -111.902344, 40.725087 ], [ -111.900483, 40.721124 ], [ -111.904051, 40.714454 ], [ -111.904454, 40.71308 ], [ -111.904612, 40.712269 ], [ -111.904588, 40.711652 ], [ -111.904068, 40.710854 ], [ -111.897068, 40.705514 ], [ -111.894118, 40.703298 ], [ -111.888169, 40.697752 ], [ -111.881069, 40.69246 ], [ -111.87912, 40.6905 ], [ -111.873077, 40.687089 ], [ -111.871322, 40.685416 ], [ -111.870983, 40.685074 ], [ -111.86634, 40.681985 ], [ -111.865328, 40.681597 ], [ -111.861617, 40.680503 ], [ -111.855929, 40.676668 ], [ -111.855838, 40.676628 ], [ -111.852647, 40.676657 ], [ -111.84395, 40.676713 ], [ -111.842961, 40.676908 ], [ -111.838692, 40.678573 ], [ -111.838663, 40.678597 ], [ -111.835037, 40.682639 ], [ -111.832414, 40.685289 ], [ -111.831076, 40.686829 ], [ -111.830746, 40.687306 ], [ -111.826809, 40.692584 ], [ -111.824202, 40.694926 ], [ -111.82307, 40.695887 ], [ -111.82019, 40.698068 ], [ -111.818992, 40.699406 ], [ -111.813579, 40.705867 ], [ -111.811856, 40.707549 ], [ -111.809326, 40.710367 ], [ -111.808832, 40.713831 ], [ -111.812506, 40.720259 ], [ -111.814374, 40.725944 ], [ -111.814499, 40.726268 ], [ -111.815722, 40.727633 ], [ -111.816707, 40.728673 ], [ -111.819638, 40.731274 ], [ -111.823941, 40.735378 ], [ -111.82649, 40.738241 ], [ -111.82969, 40.741563 ], [ -111.829717, 40.741586 ], [ -111.834067, 40.744262 ], [ -111.836399, 40.745628 ], [ -111.843341, 40.750031 ], [ -111.845584, 40.751595 ], [ -111.852948, 40.755952 ], [ -111.859552, 40.757962 ], [ -111.859651, 40.757961 ], [ -111.863096, 40.756104 ], [ -111.863392, 40.75594 ], [ -111.865622, 40.754513 ], [ -111.866624, 40.753771 ], [ -111.869349, 40.751749 ], [ -111.876657, 40.746603 ], [ -111.880739, 40.743242 ], [ -111.883538, 40.740962 ], [ -111.888774, 40.736947 ], [ -111.890901, 40.735311 ], [ -111.895183, 40.731673 ], [ -111.901012, 40.727213 ], [ -111.902345, 40.725112 ], [ -111.902344, 40.725087 ] ] ] } },
{ "type": "Feature", "properties": { "group_index": 0, "value": 300.0, "center": [ -111.85409285166213, 40.68710522208247 ], "point_id": 0.0 }, "geometry": { "type": "Polygon", "coordinates": [ [ [ -111.87343, 40.686901 ], [ -111.871818, 40.685262 ], [ -111.870904, 40.684569 ], [ -111.867337, 40.6823 ], [ -111.865802, 40.680786 ], [ -111.861662, 40.677875 ], [ -111.86023, 40.676595 ], [ -111.8559, 40.67362 ], [ -111.855036, 40.672499 ], [ -111.854728, 40.672499 ], [ -111.853217, 40.672543 ], [ -111.849023, 40.675635 ], [ -111.847384, 40.676928 ], [ -111.842883, 40.679212 ], [ -111.839801, 40.68094 ], [ -111.836359, 40.685292 ], [ -111.834612, 40.686986 ], [ -111.834611, 40.687012 ], [ -111.838013, 40.69107 ], [ -111.838455, 40.691454 ], [ -111.8387, 40.691606 ], [ -111.843044, 40.693531 ], [ -111.843665, 40.69367 ], [ -111.846987, 40.6948 ], [ -111.851273, 40.698866 ], [ -111.852239, 40.70076 ], [ -111.853148, 40.701717 ], [ -111.854184, 40.702186 ], [ -111.854288, 40.702187 ], [ -111.857108, 40.700333 ], [ -111.861325, 40.697263 ], [ -111.863276, 40.695685 ], [ -111.865574, 40.693793 ], [ -111.86947, 40.69116 ], [ -111.871826, 40.688862 ], [ -111.873297, 40.687314 ], [ -111.873433, 40.686947 ], [ -111.87343, 40.686901 ] ] ] } },
{ "type": "Feature", "properties": { "group_index": 0, "value": 600.0, "center": [ -111.85409285166213, 40.68710522208247 ], "point_id": 0.0 }, "geometry": { "type": "Polygon", "coordinates": [ [ [ -111.890955, 40.686702 ], [ -111.889587, 40.685157 ], [ -111.885051, 40.681806 ], [ -111.879239, 40.676985 ], [ -111.878361, 40.67626 ], [ -111.873814, 40.672949 ], [ -111.869566, 40.669975 ], [ -111.868858, 40.669544 ], [ -111.866207, 40.667811 ], [ -111.861775, 40.663927 ], [ -111.854567, 40.658739 ], [ -111.854334, 40.658643 ], [ -111.85404, 40.658642 ], [ -111.850659, 40.66078 ], [ -111.84526, 40.664859 ], [ -111.838981, 40.665886 ], [ -111.838924, 40.665902 ], [ -111.831764, 40.670709 ], [ -111.829465, 40.672229 ], [ -111.827862, 40.674327 ], [ -111.823582, 40.681492 ], [ -111.819917, 40.684413 ], [ -111.818583, 40.685278 ], [ -111.816789, 40.686985 ], [ -111.816789, 40.686994 ], [ -111.818831, 40.689179 ], [ -111.824681, 40.69411 ], [ -111.829997, 40.698528 ], [ -111.831023, 40.699309 ], [ -111.834053, 40.701581 ], [ -111.840665, 40.705856 ], [ -111.847384, 40.709587 ], [ -111.850779, 40.712717 ], [ -111.851735, 40.713814 ], [ -111.852516, 40.714489 ], [ -111.855635, 40.71543 ], [ -111.855649, 40.71543 ], [ -111.861517, 40.711277 ], [ -111.865715, 40.707554 ], [ -111.871678, 40.703108 ], [ -111.873545, 40.701674 ], [ -111.878433, 40.697636 ], [ -111.883114, 40.693788 ], [ -111.887408, 40.69057 ], [ -111.88893, 40.689378 ], [ -111.889598, 40.688757 ], [ -111.890162, 40.687957 ], [ -111.890955, 40.686771 ], [ -111.890955, 40.686702 ] ] ] } },
{ "type": "Feature", "properties": { "group_index": 0, "value": 900.0, "center": [ -111.85409285166213, 40.68710522208247 ], "point_id": 0.0 }, "geometry": { "type": "Polygon", "coordinates": [ [ [ -111.907414, 40.688109 ], [ -111.907414, 40.688099 ], [ -111.907407, 40.685996 ], [ -111.907407, 40.685901 ], [ -111.907316, 40.685211 ], [ -111.906279, 40.68434 ], [ -111.901545, 40.680825 ], [ -111.895726, 40.676175 ], [ -111.890231, 40.671919 ], [ -111.887817, 40.669991 ], [ -111.886894, 40.669454 ], [ -111.884155, 40.668136 ], [ -111.88246, 40.667198 ], [ -111.876277, 40.662387 ], [ -111.8717, 40.657724 ], [ -111.87036, 40.656685 ], [ -111.867745, 40.655025 ], [ -111.867385, 40.654827 ], [ -111.863884, 40.652619 ], [ -111.857935, 40.647297 ], [ -111.854542, 40.644876 ], [ -111.85454, 40.644876 ], [ -111.854538, 40.644876 ], [ -111.848934, 40.646664 ], [ -111.846265, 40.647588 ], [ -111.845093, 40.648974 ], [ -111.839672, 40.653333 ], [ -111.835072, 40.653345 ], [ -111.834403, 40.653224 ], [ -111.831923, 40.655227 ], [ -111.825161, 40.660793 ], [ -111.81915, 40.662137 ], [ -111.819049, 40.662159 ], [ -111.813984, 40.669005 ], [ -111.810835, 40.675119 ], [ -111.808429, 40.678207 ], [ -111.804371, 40.682881 ], [ -111.801286, 40.684646 ], [ -111.798994, 40.687014 ], [ -111.798994, 40.68702 ], [ -111.800775, 40.688819 ], [ -111.803242, 40.691269 ], [ -111.806385, 40.694119 ], [ -111.811657, 40.698517 ], [ -111.817537, 40.702955 ], [ -111.824058, 40.707719 ], [ -111.828615, 40.711272 ], [ -111.833326, 40.71453 ], [ -111.839694, 40.718586 ], [ -111.842338, 40.720079 ], [ -111.849121, 40.725316 ], [ -111.849804, 40.726838 ], [ -111.850246, 40.727019 ], [ -111.854015, 40.728252 ], [ -111.8596, 40.72847 ], [ -111.859604, 40.72847 ], [ -111.859706, 40.728424 ], [ -111.862951, 40.726062 ], [ -111.864666, 40.724438 ], [ -111.870528, 40.717919 ], [ -111.871453, 40.717212 ], [ -111.875111, 40.714456 ], [ -111.877771, 40.712272 ], [ -111.883131, 40.70845 ], [ -111.884292, 40.707573 ], [ -111.888788, 40.703594 ], [ -111.891748, 40.701477 ], [ -111.89488, 40.698371 ], [ -111.90083, 40.693628 ], [ -111.906014, 40.689829 ], [ -111.907318, 40.688811 ], [ -111.907414, 40.688109 ] ] ] } },
{ "type": "Feature", "properties": { "group_index": 0, "value": 300.0, "center": [ -111.8539421, 40.6957277 ], "point_id": 0.0 }, "geometry": { "type": "Polygon", "coordinates": [ [ [ -111.868661, 40.696171 ], [ -111.867178, 40.691923 ], [ -111.866539, 40.691263 ], [ -111.865379, 40.690055 ], [ -111.861874, 40.687249 ], [ -111.859509, 40.685109 ], [ -111.859443, 40.685061 ], [ -111.85575, 40.682426 ], [ -111.8544, 40.681456 ], [ -111.854228, 40.681456 ], [ -111.853678, 40.681505 ], [ -111.852892, 40.681801 ], [ -111.852873, 40.681815 ], [ -111.848497, 40.685282 ], [ -111.847, 40.686829 ], [ -111.846088, 40.688992 ], [ -111.845277, 40.691518 ], [ -111.845178, 40.691836 ], [ -111.845223, 40.691918 ], [ -111.845459, 40.695812 ], [ -111.842438, 40.698136 ], [ -111.841727, 40.700419 ], [ -111.841728, 40.700788 ], [ -111.842408, 40.701736 ], [ -111.846863, 40.705125 ], [ -111.84775, 40.70586 ], [ -111.851758, 40.707725 ], [ -111.854496, 40.709687 ], [ -111.854683, 40.709686 ], [ -111.85552, 40.709683 ], [ -111.856253, 40.709684 ], [ -111.859381, 40.707309 ], [ -111.863065, 40.704137 ], [ -111.865609, 40.701682 ], [ -111.867328, 40.699971 ], [ -111.867384, 40.69985 ], [ -111.868659, 40.696334 ], [ -111.868661, 40.696171 ] ] ] } },
{ "type": "Feature", "properties": { "group_index": 0, "value": 600.0, "center": [ -111.8539421, 40.6957277 ], "point_id": 0.0 }, "geometry": { "type": "Polygon", "coordinates": [ [ [ -111.884522, 40.700092 ], [ -111.88456, 40.694547 ], [ -111.884562, 40.694278 ], [ -111.884559, 40.693972 ], [ -111.884559, 40.693954 ], [ -111.879087, 40.686913 ], [ -111.877427, 40.685268 ], [ -111.877132, 40.685058 ], [ -111.870687, 40.680126 ], [ -111.868607, 40.67833 ], [ -111.865536, 40.676253 ], [ -111.860731, 40.6725 ], [ -111.858187, 40.670596 ], [ -111.855259, 40.668534 ], [ -111.853978, 40.667977 ], [ -111.853806, 40.667977 ], [ -111.84764, 40.672546 ], [ -111.841999, 40.674919 ], [ -111.838674, 40.677169 ], [ -111.835514, 40.680349 ], [ -111.832103, 40.683874 ], [ -111.830715, 40.685288 ], [ -111.829635, 40.687103 ], [ -111.829931, 40.68988 ], [ -111.828657, 40.694923 ], [ -111.824631, 40.698069 ], [ -111.823685, 40.698883 ], [ -111.823628, 40.698948 ], [ -111.823588, 40.701121 ], [ -111.823656, 40.701215 ], [ -111.830198, 40.706069 ], [ -111.834183, 40.709244 ], [ -111.841461, 40.714498 ], [ -111.845335, 40.717275 ], [ -111.848943, 40.720029 ], [ -111.853867, 40.72297 ], [ -111.854164, 40.722971 ], [ -111.85717, 40.72294 ], [ -111.857329, 40.722935 ], [ -111.857923, 40.722849 ], [ -111.859171, 40.722352 ], [ -111.86558, 40.716126 ], [ -111.867956, 40.714916 ], [ -111.868003, 40.714874 ], [ -111.87402, 40.709014 ], [ -111.877841, 40.70616 ], [ -111.883392, 40.701662 ], [ -111.884519, 40.70039 ], [ -111.884522, 40.700092 ] ] ] } },
{ "type": "Feature", "properties": { "group_index": 0, "value": 900.0, "center": [ -111.8539421, 40.6957277 ], "point_id": 0.0 }, "geometry": { "type": "Polygon", "coordinates": [ [ [ -111.90155, 40.699024 ], [ -111.90155, 40.698774 ], [ -111.901103, 40.69801 ], [ -111.897796, 40.694333 ], [ -111.895961, 40.687581 ], [ -111.895963, 40.687382 ], [ -111.895755, 40.686063 ], [ -111.895156, 40.685175 ], [ -111.895084, 40.68507 ], [ -111.891641, 40.682385 ], [ -111.886112, 40.678012 ], [ -111.884715, 40.676894 ], [ -111.881519, 40.674618 ], [ -111.875356, 40.66947 ], [ -111.873278, 40.668126 ], [ -111.87163, 40.667098 ], [ -111.86693, 40.664193 ], [ -111.86666, 40.664025 ], [ -111.866077, 40.66391 ], [ -111.865846, 40.663865 ], [ -111.861948, 40.662928 ], [ -111.858106, 40.657213 ], [ -111.858065, 40.657083 ], [ -111.856536, 40.655813 ], [ -111.853253, 40.655111 ], [ -111.84886, 40.657016 ], [ -111.848853, 40.65702 ], [ -111.846349, 40.659433 ], [ -111.839619, 40.661999 ], [ -111.838328, 40.662504 ], [ -111.830875, 40.666757 ], [ -111.827276, 40.669012 ], [ -111.825053, 40.67053 ], [ -111.823544, 40.672475 ], [ -111.822716, 40.673668 ], [ -111.822124, 40.674673 ], [ -111.819062, 40.680356 ], [ -111.815893, 40.682452 ], [ -111.815709, 40.682552 ], [ -111.812936, 40.685255 ], [ -111.811859, 40.68665 ], [ -111.81174, 40.687129 ], [ -111.811739, 40.687191 ], [ -111.812913, 40.688855 ], [ -111.808875, 40.696239 ], [ -111.80684, 40.698119 ], [ -111.805872, 40.699249 ], [ -111.805867, 40.69978 ], [ -111.806839, 40.701719 ], [ -111.811381, 40.705335 ], [ -111.814374, 40.707595 ], [ -111.821482, 40.713114 ], [ -111.824638, 40.714939 ], [ -111.830433, 40.719399 ], [ -111.831898, 40.720811 ], [ -111.838773, 40.725524 ], [ -111.840753, 40.727302 ], [ -111.845004, 40.730889 ], [ -111.847256, 40.732573 ], [ -111.853031, 40.736271 ], [ -111.859612, 40.736591 ], [ -111.85963, 40.736591 ], [ -111.860334, 40.736178 ], [ -111.86048, 40.736087 ], [ -111.863194, 40.734348 ], [ -111.864477, 40.733381 ], [ -111.866732, 40.731668 ], [ -111.872099, 40.727183 ], [ -111.873231, 40.725888 ], [ -111.873639, 40.72539 ], [ -111.875625, 40.723029 ], [ -111.880468, 40.71855 ], [ -111.882065, 40.717335 ], [ -111.883432, 40.71628 ], [ -111.884622, 40.715362 ], [ -111.885733, 40.714531 ], [ -111.890892, 40.710024 ], [ -111.895857, 40.705676 ], [ -111.900924, 40.701975 ], [ -111.901186, 40.701609 ], [ -111.901537, 40.700889 ], [ -111.90155, 40.699024 ] ] ] } },
{ "type": "Feature", "properties": { "group_index": 0, "value": 300.0, "center": [ -111.8554460592733, 40.703680232177334 ], "point_id": 0.0 }, "geometry": { "type": "Polygon", "coordinates": [ [ [ -111.870141, 40.705483 ], [ -111.870145, 40.704218 ], [ -111.867276, 40.69897 ], [ -111.866689, 40.698078 ], [ -111.862343, 40.694487 ], [ -111.861561, 40.693796 ], [ -111.861321, 40.693684 ], [ -111.856927, 40.691659 ], [ -111.855878, 40.690802 ], [ -111.854092, 40.689355 ], [ -111.853611, 40.689351 ], [ -111.851847, 40.69073 ], [ -111.84729, 40.69264 ], [ -111.84591, 40.69391 ], [ -111.841784, 40.698131 ], [ -111.83962, 40.702621 ], [ -111.838699, 40.703691 ], [ -111.83833, 40.704058 ], [ -111.838331, 40.704338 ], [ -111.841809, 40.707936 ], [ -111.845929, 40.711415 ], [ -111.847223, 40.713022 ], [ -111.848592, 40.714492 ], [ -111.85214, 40.71729 ], [ -111.856448, 40.718221 ], [ -111.856518, 40.718221 ], [ -111.85749, 40.717305 ], [ -111.861222, 40.714486 ], [ -111.864881, 40.711711 ], [ -111.868862, 40.707682 ], [ -111.870132, 40.706253 ], [ -111.870141, 40.705483 ] ] ] } },
{ "type": "Feature", "properties": { "group_index": 0, "value": 600.0, "center": [ -111.8554460592733, 40.703680232177334 ], "point_id": 0.0 }, "geometry": { "type": "Polygon", "coordinates": [ [ [ -111.886186, 40.699877 ], [ -111.886186, 40.699851 ], [ -111.884494, 40.698064 ], [ -111.87754, 40.692457 ], [ -111.871285, 40.687969 ], [ -111.868181, 40.685256 ], [ -111.861582, 40.680631 ], [ -111.8559, 40.676911 ], [ -111.85555, 40.676915 ], [ -111.852331, 40.677299 ], [ -111.849454, 40.679497 ], [ -111.843299, 40.678787 ], [ -111.84328, 40.678784 ], [ -111.839566, 40.681014 ], [ -111.834616, 40.686887 ], [ -111.831586, 40.691113 ], [ -111.828003, 40.69492 ], [ -111.823978, 40.698072 ], [ -111.822693, 40.699475 ], [ -111.822542, 40.699914 ], [ -111.822549, 40.700007 ], [ -111.822689, 40.700241 ], [ -111.825721, 40.705464 ], [ -111.827738, 40.710327 ], [ -111.830796, 40.714531 ], [ -111.83434, 40.717244 ], [ -111.840223, 40.72132 ], [ -111.846206, 40.726197 ], [ -111.847604, 40.7277 ], [ -111.854027, 40.73086 ], [ -111.859144, 40.731072 ], [ -111.859543, 40.731074 ], [ -111.861257, 40.730457 ], [ -111.863947, 40.728534 ], [ -111.867705, 40.725113 ], [ -111.869352, 40.722942 ], [ -111.875723, 40.716761 ], [ -111.879045, 40.714457 ], [ -111.880531, 40.712914 ], [ -111.884621, 40.70845 ], [ -111.886186, 40.699877 ] ] ] } },
{ "type": "Feature", "properties": { "group_index": 0, "value": 900.0, "center": [ -111.8554460592733, 40.703680232177334 ], "point_id": 0.0 }, "geometry": { "type": "Polygon", "coordinates": [ [ [ -111.902827, 40.699934 ], [ -111.902742, 40.699096 ], [ -111.902195, 40.697866 ], [ -111.900828, 40.696755 ], [ -111.894457, 40.692056 ], [ -111.889431, 40.687965 ], [ -111.886073, 40.685268 ], [ -111.885636, 40.684942 ], [ -111.882604, 40.683155 ], [ -111.876133, 40.677684 ], [ -111.875179, 40.676932 ], [ -111.869523, 40.672555 ], [ -111.865413, 40.669845 ], [ -111.858568, 40.665572 ], [ -111.856914, 40.663934 ], [ -111.855115, 40.662241 ], [ -111.85441, 40.662246 ], [ -111.853828, 40.662486 ], [ -111.852861, 40.66302 ], [ -111.850975, 40.664337 ], [ -111.849415, 40.665768 ], [ -111.841141, 40.666864 ], [ -111.840125, 40.665991 ], [ -111.839665, 40.665726 ], [ -111.839477, 40.665724 ], [ -111.838873, 40.665917 ], [ -111.831764, 40.670709 ], [ -111.829483, 40.672189 ], [ -111.829271, 40.672425 ], [ -111.827842, 40.674203 ], [ -111.824564, 40.680364 ], [ -111.822862, 40.681815 ], [ -111.818158, 40.685263 ], [ -111.81808, 40.685345 ], [ -111.816785, 40.687061 ], [ -111.812093, 40.693886 ], [ -111.807397, 40.69712 ], [ -111.806196, 40.69812 ], [ -111.805024, 40.69922 ], [ -111.804472, 40.699886 ], [ -111.804471, 40.699937 ], [ -111.806175, 40.701719 ], [ -111.807558, 40.702797 ], [ -111.811947, 40.710499 ], [ -111.812467, 40.712031 ], [ -111.813668, 40.713715 ], [ -111.814718, 40.7148 ], [ -111.821752, 40.720294 ], [ -111.823492, 40.722514 ], [ -111.826988, 40.72514 ], [ -111.832153, 40.729368 ], [ -111.835077, 40.731758 ], [ -111.840509, 40.73723 ], [ -111.847831, 40.741381 ], [ -111.852076, 40.744276 ], [ -111.854038, 40.744741 ], [ -111.854345, 40.74474 ], [ -111.859502, 40.744591 ], [ -111.8616, 40.743438 ], [ -111.865768, 40.74075 ], [ -111.868136, 40.738986 ], [ -111.87297, 40.735318 ], [ -111.875027, 40.733643 ], [ -111.88195, 40.72811 ], [ -111.883099, 40.72724 ], [ -111.884466, 40.72554 ], [ -111.888711, 40.720815 ], [ -111.891242, 40.718708 ], [ -111.894782, 40.716199 ], [ -111.896828, 40.714451 ], [ -111.897776, 40.712571 ], [ -111.899217, 40.709239 ], [ -111.902249, 40.701589 ], [ -111.902827, 40.699934 ] ] ] } },
{ "type": "Feature", "properties": { "group_index": 0, "value": 300.0, "center": [ -111.86533736051615, 40.75231653608518 ], "point_id": 0.0 }, "geometry": { "type": "Polygon", "coordinates": [ [ [ -111.884295, 40.751978 ], [ -111.884295, 40.751966 ], [ -111.884296, 40.751817 ], [ -111.882692, 40.750155 ], [ -111.879929, 40.748001 ], [ -111.877135, 40.745878 ], [ -111.87289, 40.743086 ], [ -111.869087, 40.73984 ], [ -111.866681, 40.738037 ], [ -111.86551, 40.73715 ], [ -111.865444, 40.73715 ], [ -111.864927, 40.737347 ], [ -111.860049, 40.740515 ], [ -111.855639, 40.743967 ], [ -111.853856, 40.745726 ], [ -111.850123, 40.747952 ], [ -111.848484, 40.748988 ], [ -111.847859, 40.750957 ], [ -111.847858, 40.751063 ], [ -111.848486, 40.752588 ], [ -111.850491, 40.756011 ], [ -111.852701, 40.758128 ], [ -111.85526, 40.760099 ], [ -111.858459, 40.762465 ], [ -111.861397, 40.764636 ], [ -111.864351, 40.766874 ], [ -111.865293, 40.767464 ], [ -111.865438, 40.767466 ], [ -111.86644, 40.766812 ], [ -111.869269, 40.764632 ], [ -111.872389, 40.762363 ], [ -111.875129, 40.760288 ], [ -111.877416, 40.758549 ], [ -111.878001, 40.758103 ], [ -111.879539, 40.756491 ], [ -111.882692, 40.753755 ], [ -111.884293, 40.752127 ], [ -111.884295, 40.751978 ] ] ] } },
{ "type": "Feature", "properties": { "group_index": 0, "value": 600.0, "center": [ -111.86533736051615, 40.75231653608518 ], "point_id": 0.0 }, "geometry": { "type": "Polygon", "coordinates": [ [ [ -111.901537, 40.752451 ], [ -111.901409, 40.751267 ], [ -111.900499, 40.750139 ], [ -111.897734, 40.747847 ], [ -111.89139, 40.743049 ], [ -111.887104, 40.739802 ], [ -111.883827, 40.737362 ], [ -111.881208, 40.735418 ], [ -111.875486, 40.730847 ], [ -111.868679, 40.726029 ], [ -111.865386, 40.723577 ], [ -111.865334, 40.723577 ], [ -111.865207, 40.723658 ], [ -111.859651, 40.727373 ], [ -111.859505, 40.727474 ], [ -111.85269, 40.732073 ], [ -111.850852, 40.733546 ], [ -111.845361, 40.737767 ], [ -111.843141, 40.739846 ], [ -111.835846, 40.745081 ], [ -111.832832, 40.74695 ], [ -111.831749, 40.747823 ], [ -111.829849, 40.749667 ], [ -111.829799, 40.749716 ], [ -111.829272, 40.750506 ], [ -111.829135, 40.751289 ], [ -111.829148, 40.751407 ], [ -111.829153, 40.751419 ], [ -111.830264, 40.752631 ], [ -111.835607, 40.758048 ], [ -111.837408, 40.761736 ], [ -111.837463, 40.761793 ], [ -111.842057, 40.764554 ], [ -111.8471, 40.768089 ], [ -111.853564, 40.772359 ], [ -111.855021, 40.773493 ], [ -111.856537, 40.774632 ], [ -111.860458, 40.777398 ], [ -111.865447, 40.780753 ], [ -111.865627, 40.78075 ], [ -111.86641, 40.780272 ], [ -111.869404, 40.778025 ], [ -111.872438, 40.775761 ], [ -111.875482, 40.773503 ], [ -111.876989, 40.772365 ], [ -111.877732, 40.771806 ], [ -111.881553, 40.768972 ], [ -111.888013, 40.764553 ], [ -111.890938, 40.762364 ], [ -111.895828, 40.758096 ], [ -111.9005, 40.753739 ], [ -111.901255, 40.752978 ], [ -111.901259, 40.752973 ], [ -111.901537, 40.752516 ], [ -111.901537, 40.752451 ] ] ] } },
{ "type": "Feature", "properties": { "group_index": 0, "value": 900.0, "center": [ -111.86533736051615, 40.75231653608518 ], "point_id": 0.0 }, "geometry": { "type": "Polygon", "coordinates": [ [ [ -111.920031, 40.75197 ], [ -111.918252, 40.750143 ], [ -111.915385, 40.747667 ], [ -111.914477, 40.746987 ], [ -111.911022, 40.744723 ], [ -111.904913, 40.739784 ], [ -111.899734, 40.735793 ], [ -111.894353, 40.731703 ], [ -111.892071, 40.729963 ], [ -111.887942, 40.726881 ], [ -111.88359, 40.72364 ], [ -111.879992, 40.720892 ], [ -111.875286, 40.717341 ], [ -111.871181, 40.714316 ], [ -111.866493, 40.710866 ], [ -111.865937, 40.710779 ], [ -111.86497, 40.710781 ], [ -111.864392, 40.710874 ], [ -111.856189, 40.714536 ], [ -111.855872, 40.714619 ], [ -111.853914, 40.716447 ], [ -111.853145, 40.717286 ], [ -111.852559, 40.717926 ], [ -111.846097, 40.723672 ], [ -111.8457, 40.723862 ], [ -111.845432, 40.724049 ], [ -111.84223, 40.726564 ], [ -111.840184, 40.728125 ], [ -111.839077, 40.729024 ], [ -111.836441, 40.731109 ], [ -111.829904, 40.734665 ], [ -111.823248, 40.736682 ], [ -111.819886, 40.742244 ], [ -111.813887, 40.748806 ], [ -111.813177, 40.749117 ], [ -111.812189, 40.750418 ], [ -111.812118, 40.750993 ], [ -111.812553, 40.752663 ], [ -111.816823, 40.75481 ], [ -111.819943, 40.758709 ], [ -111.822587, 40.763092 ], [ -111.822956, 40.763588 ], [ -111.825497, 40.767128 ], [ -111.826775, 40.76872 ], [ -111.826876, 40.76879 ], [ -111.831697, 40.771871 ], [ -111.831769, 40.771915 ], [ -111.837098, 40.774725 ], [ -111.843969, 40.777545 ], [ -111.846263, 40.781123 ], [ -111.847069, 40.781806 ], [ -111.851291, 40.78307 ], [ -111.852757, 40.783069 ], [ -111.860706, 40.787112 ], [ -111.864164, 40.78811 ], [ -111.868571, 40.788388 ], [ -111.873682, 40.788683 ], [ -111.879884, 40.783713 ], [ -111.881399, 40.782572 ], [ -111.888395, 40.777718 ], [ -111.894441, 40.77327 ], [ -111.897387, 40.771044 ], [ -111.900799, 40.768465 ], [ -111.905469, 40.765117 ], [ -111.909083, 40.762394 ], [ -111.913634, 40.757039 ], [ -111.915572, 40.755862 ], [ -111.917935, 40.754055 ], [ -111.918279, 40.753743 ], [ -111.920031, 40.751996 ], [ -111.920031, 40.75197 ] ] ] } },
{ "type": "Feature", "properties": { "group_index": 0, "value": 300.0, "center": [ -111.85478460274206, 40.71076908815734 ], "point_id": 0.0 }, "geometry": { "type": "Polygon", "coordinates": [ [ [ -111.871601, 40.712771 ], [ -111.870135, 40.707357 ], [ -111.868179, 40.705002 ], [ -111.866051, 40.703216 ], [ -111.865808, 40.703185 ], [ -111.864415, 40.703229 ], [ -111.859816, 40.699939 ], [ -111.859789, 40.69991 ], [ -111.858188, 40.698659 ], [ -111.854562, 40.696537 ], [ -111.854388, 40.696449 ], [ -111.849883, 40.696443 ], [ -111.846512, 40.699723 ], [ -111.843757, 40.702255 ], [ -111.842234, 40.704497 ], [ -111.839483, 40.707094 ], [ -111.837392, 40.712608 ], [ -111.837392, 40.712626 ], [ -111.839085, 40.714506 ], [ -111.842624, 40.717267 ], [ -111.846216, 40.720019 ], [ -111.846694, 40.72002 ], [ -111.851775, 40.723167 ], [ -111.852022, 40.723915 ], [ -111.85388, 40.72519 ], [ -111.859195, 40.725156 ], [ -111.859196, 40.725156 ], [ -111.859572, 40.725054 ], [ -111.863088, 40.721781 ], [ -111.866023, 40.717637 ], [ -111.870202, 40.714471 ], [ -111.871599, 40.71299 ], [ -111.871601, 40.712771 ] ] ] } },
{ "type": "Feature", "properties": { "group_index": 0, "value": 600.0, "center": [ -111.85478460274206, 40.71076908815734 ], "point_id": 0.0 }, "geometry": { "type": "Polygon", "coordinates": [ [ [ -111.88935, 40.712752 ], [ -111.88866, 40.711736 ], [ -111.888037, 40.71087 ], [ -111.884478, 40.706011 ], [ -111.881623, 40.702125 ], [ -111.880058, 40.700461 ], [ -111.876821, 40.697964 ], [ -111.873032, 40.695557 ], [ -111.867308, 40.691269 ], [ -111.865564, 40.689505 ], [ -111.858164, 40.685396 ], [ -111.854845, 40.683222 ], [ -111.8541, 40.682895 ], [ -111.853791, 40.682897 ], [ -111.846186, 40.684763 ], [ -111.844609, 40.683621 ], [ -111.844483, 40.683622 ], [ -111.842686, 40.685289 ], [ -111.839709, 40.68806 ], [ -111.834979, 40.693846 ], [ -111.830562, 40.697623 ], [ -111.827705, 40.702569 ], [ -111.82375, 40.709045 ], [ -111.822659, 40.710357 ], [ -111.822662, 40.710577 ], [ -111.823676, 40.714646 ], [ -111.829068, 40.720484 ], [ -111.83083, 40.721532 ], [ -111.837548, 40.726379 ], [ -111.838129, 40.727302 ], [ -111.840339, 40.729187 ], [ -111.845597, 40.733972 ], [ -111.852863, 40.738164 ], [ -111.853652, 40.738168 ], [ -111.85398, 40.738168 ], [ -111.854766, 40.738168 ], [ -111.862491, 40.736944 ], [ -111.86344, 40.736285 ], [ -111.866897, 40.733687 ], [ -111.868962, 40.732115 ], [ -111.874916, 40.727237 ], [ -111.87653, 40.725579 ], [ -111.881377, 40.719495 ], [ -111.882747, 40.718537 ], [ -111.884383, 40.717192 ], [ -111.8856, 40.716278 ], [ -111.88679, 40.715367 ], [ -111.88796, 40.714469 ], [ -111.88935, 40.712772 ], [ -111.88935, 40.712752 ] ] ] } },
{ "type": "Feature", "properties": { "group_index": 0, "value": 900.0, "center": [ -111.85478460274206, 40.71076908815734 ], "point_id": 0.0 }, "geometry": { "type": "Polygon", "coordinates": [ [ [ -111.905794, 40.710857 ], [ -111.900322, 40.70683 ], [ -111.895901, 40.699606 ], [ -111.895785, 40.699262 ], [ -111.894702, 40.697942 ], [ -111.89285, 40.696509 ], [ -111.885955, 40.691148 ], [ -111.881643, 40.687728 ], [ -111.878249, 40.68527 ], [ -111.877303, 40.684582 ], [ -111.87103, 40.680126 ], [ -111.868502, 40.678203 ], [ -111.867244, 40.677421 ], [ -111.865215, 40.676252 ], [ -111.858519, 40.672498 ], [ -111.854652, 40.669569 ], [ -111.854266, 40.669571 ], [ -111.854121, 40.669572 ], [ -111.853604, 40.669582 ], [ -111.852944, 40.670097 ], [ -111.848112, 40.672582 ], [ -111.842601, 40.671651 ], [ -111.841485, 40.671054 ], [ -111.840932, 40.671187 ], [ -111.833952, 40.674667 ], [ -111.833646, 40.676395 ], [ -111.828101, 40.682509 ], [ -111.824886, 40.685287 ], [ -111.823149, 40.68706 ], [ -111.819374, 40.692465 ], [ -111.816594, 40.694888 ], [ -111.813862, 40.697203 ], [ -111.812673, 40.698127 ], [ -111.811205, 40.699985 ], [ -111.808412, 40.707301 ], [ -111.807671, 40.709837 ], [ -111.806894, 40.713312 ], [ -111.807102, 40.713492 ], [ -111.813062, 40.719574 ], [ -111.813768, 40.720747 ], [ -111.813949, 40.720954 ], [ -111.819089, 40.726677 ], [ -111.825768, 40.731743 ], [ -111.829594, 40.735388 ], [ -111.832135, 40.738239 ], [ -111.833187, 40.739039 ], [ -111.834915, 40.740247 ], [ -111.840878, 40.743444 ], [ -111.842731, 40.744718 ], [ -111.844817, 40.746291 ], [ -111.846159, 40.747279 ], [ -111.853052, 40.752006 ], [ -111.853184, 40.752076 ], [ -111.8598, 40.751759 ], [ -111.860477, 40.751612 ], [ -111.861734, 40.751177 ], [ -111.861797, 40.751148 ], [ -111.866634, 40.747422 ], [ -111.869721, 40.745071 ], [ -111.871868, 40.743448 ], [ -111.875148, 40.740968 ], [ -111.879861, 40.737424 ], [ -111.882549, 40.73532 ], [ -111.884114, 40.73406 ], [ -111.886043, 40.732481 ], [ -111.892716, 40.727242 ], [ -111.894404, 40.725539 ], [ -111.896955, 40.720754 ], [ -111.900482, 40.718515 ], [ -111.905795, 40.714457 ], [ -111.905794, 40.710857 ] ] ] } },
{ "type": "Feature", "properties": { "group_index": 0, "value": 300.0, "center": [ -111.90077797619654, 40.760638888723996 ], "point_id": 0.0 }, "geometry": { "type": "Polygon", "coordinates": [ [ [ -111.92007, 40.760817 ], [ -111.920071, 40.760531 ], [ -111.92007, 40.760436 ], [ -111.918571, 40.758868 ], [ -111.916921, 40.757673 ], [ -111.916871, 40.757672 ], [ -111.916863, 40.757672 ], [ -111.916813, 40.757671 ], [ -111.916576, 40.75775 ], [ -111.913448, 40.757773 ], [ -111.909952, 40.752931 ], [ -111.907026, 40.750138 ], [ -111.904379, 40.747872 ], [ -111.902904, 40.746903 ], [ -111.900065, 40.746524 ], [ -111.899844, 40.746524 ], [ -111.897472, 40.747847 ], [ -111.897179, 40.748051 ], [ -111.894359, 40.750137 ], [ -111.890865, 40.752771 ], [ -111.886369, 40.756245 ], [ -111.885815, 40.756666 ], [ -111.882972, 40.758949 ], [ -111.881987, 40.760766 ], [ -111.881975, 40.761365 ], [ -111.882979, 40.762549 ], [ -111.88477, 40.764045 ], [ -111.888628, 40.766833 ], [ -111.891533, 40.769019 ], [ -111.893721, 40.77107 ], [ -111.893745, 40.771086 ], [ -111.897353, 40.773387 ], [ -111.899888, 40.774964 ], [ -111.900203, 40.774966 ], [ -111.902578, 40.774488 ], [ -111.904305, 40.773267 ], [ -111.906625, 40.771574 ], [ -111.909996, 40.768993 ], [ -111.912841, 40.766795 ], [ -111.914373, 40.764847 ], [ -111.91832, 40.762588 ], [ -111.918547, 40.762468 ], [ -111.920069, 40.760912 ], [ -111.92007, 40.760817 ] ] ] } },
{ "type": "Feature", "properties": { "group_index": 0, "value": 600.0, "center": [ -111.90077797619654, 40.760638888723996 ], "point_id": 0.0 }, "geometry": { "type": "Polygon", "coordinates": [ [ [ -111.936369, 40.758844 ], [ -111.933535, 40.756652 ], [ -111.930726, 40.754485 ], [ -111.924756, 40.749477 ], [ -111.923456, 40.74848 ], [ -111.917458, 40.744423 ], [ -111.915981, 40.743175 ], [ -111.911902, 40.740148 ], [ -111.911359, 40.739759 ], [ -111.911153, 40.739633 ], [ -111.905777, 40.737562 ], [ -111.90308, 40.735359 ], [ -111.899971, 40.73298 ], [ -111.899861, 40.73298 ], [ -111.899058, 40.733325 ], [ -111.898293, 40.733842 ], [ -111.894496, 40.736908 ], [ -111.890066, 40.739783 ], [ -111.883632, 40.744653 ], [ -111.879171, 40.747999 ], [ -111.876275, 40.750161 ], [ -111.871374, 40.753634 ], [ -111.865157, 40.75896 ], [ -111.86353, 40.760627 ], [ -111.863529, 40.76075 ], [ -111.863529, 40.760877 ], [ -111.864902, 40.762525 ], [ -111.870729, 40.766801 ], [ -111.873559, 40.768969 ], [ -111.876503, 40.771153 ], [ -111.880604, 40.774641 ], [ -111.884091, 40.778251 ], [ -111.884124, 40.778277 ], [ -111.889439, 40.78174 ], [ -111.893949, 40.784682 ], [ -111.899726, 40.788575 ], [ -111.899801, 40.788575 ], [ -111.899961, 40.788542 ], [ -111.904346, 40.786207 ], [ -111.907889, 40.784112 ], [ -111.909064, 40.7832 ], [ -111.91346, 40.779827 ], [ -111.916295, 40.777674 ], [ -111.919197, 40.77548 ], [ -111.922151, 40.773216 ], [ -111.927778, 40.768914 ], [ -111.930945, 40.767452 ], [ -111.934123, 40.764609 ], [ -111.936367, 40.762444 ], [ -111.936369, 40.758844 ] ] ] } },
{ "type": "Feature", "properties": { "group_index": 0, "value": 900.0, "center": [ -111.90077797619654, 40.760638888723996 ], "point_id": 0.0 }, "geometry": { "type": "Polygon", "coordinates": [ [ [ -111.955192, 40.758348 ], [ -111.954075, 40.756678 ], [ -111.953442, 40.756637 ], [ -111.953393, 40.756638 ], [ -111.950189, 40.756641 ], [ -111.948088, 40.756643 ], [ -111.942577, 40.753045 ], [ -111.942567, 40.749445 ], [ -111.940805, 40.748468 ], [ -111.938242, 40.748465 ], [ -111.93364, 40.742743 ], [ -111.933603, 40.742697 ], [ -111.930247, 40.739721 ], [ -111.928825, 40.738648 ], [ -111.92643, 40.736843 ], [ -111.919991, 40.731827 ], [ -111.917916, 40.730436 ], [ -111.914277, 40.728323 ], [ -111.912971, 40.727848 ], [ -111.905477, 40.723697 ], [ -111.899821, 40.7194 ], [ -111.899714, 40.7194 ], [ -111.899607, 40.7194 ], [ -111.893631, 40.723638 ], [ -111.891024, 40.725562 ], [ -111.887197, 40.728436 ], [ -111.881173, 40.73297 ], [ -111.879004, 40.734593 ], [ -111.876386, 40.736565 ], [ -111.870795, 40.740608 ], [ -111.870375, 40.740949 ], [ -111.868471, 40.742497 ], [ -111.86675, 40.743822 ], [ -111.860584, 40.747895 ], [ -111.860408, 40.748012 ], [ -111.857584, 40.750181 ], [ -111.85481, 40.752349 ], [ -111.849196, 40.756758 ], [ -111.847846, 40.757841 ], [ -111.847792, 40.757948 ], [ -111.850521, 40.764638 ], [ -111.851293, 40.76541 ], [ -111.852159, 40.76624 ], [ -111.852876, 40.766805 ], [ -111.855655, 40.768979 ], [ -111.858559, 40.77116 ], [ -111.862794, 40.774629 ], [ -111.864285, 40.775755 ], [ -111.865764, 40.776881 ], [ -111.867264, 40.77802 ], [ -111.868744, 40.779145 ], [ -111.870237, 40.780283 ], [ -111.871685, 40.78142 ], [ -111.873161, 40.78256 ], [ -111.878517, 40.788349 ], [ -111.882423, 40.791724 ], [ -111.882486, 40.791766 ], [ -111.883911, 40.792069 ], [ -111.887868, 40.791086 ], [ -111.88938, 40.790935 ], [ -111.896803, 40.790309 ], [ -111.898481, 40.792304 ], [ -111.89893, 40.79283 ], [ -111.903583, 40.796616 ], [ -111.9055, 40.798138 ], [ -111.907417, 40.799661 ], [ -111.909656, 40.796841 ], [ -111.912629, 40.792976 ], [ -111.91692, 40.790869 ], [ -111.918407, 40.789921 ], [ -111.920419, 40.788428 ], [ -111.921336, 40.787725 ], [ -111.925665, 40.784216 ], [ -111.929505, 40.782002 ], [ -111.933935, 40.779291 ], [ -111.940259, 40.773226 ], [ -111.943934, 40.77011 ], [ -111.943978, 40.76942 ], [ -111.943979, 40.769048 ], [ -111.941104, 40.765139 ], [ -111.948092, 40.760243 ], [ -111.949638, 40.760335 ], [ -111.949648, 40.760335 ], [ -111.950193, 40.76024 ], [ -111.953395, 40.760237 ], [ -111.953443, 40.760237 ], [ -111.955193, 40.758385 ], [ -111.955192, 40.758348 ] ] ] } },
{ "type": "Feature", "properties": { "group_index": 0, "value": 300.0, "center": [ -111.900106, 40.4889615 ], "point_id": 0.0 }, "geometry": { "type": "Polygon", "coordinates": [ [ [ -111.902506, 40.48432 ], [ -111.901571, 40.483656 ], [ -111.900719, 40.483143 ], [ -111.900563, 40.483187 ], [ -111.896233, 40.485318 ], [ -111.89557, 40.48573 ], [ -111.895108, 40.486102 ], [ -111.894794, 40.486399 ], [ -111.89325, 40.487926 ], [ -111.891752, 40.489396 ], [ -111.891355, 40.489838 ], [ -111.891049, 40.490226 ], [ -111.89073, 40.490705 ], [ -111.890483, 40.491174 ], [ -111.890162, 40.491932 ], [ -111.889989, 40.492558 ], [ -111.889904, 40.493035 ], [ -111.889867, 40.493431 ], [ -111.889849, 40.494298 ], [ -111.889852, 40.497587 ], [ -111.893452, 40.497584 ], [ -111.893449, 40.494296 ], [ -111.895781, 40.490486 ], [ -111.899939, 40.488731 ], [ -111.901126, 40.487645 ], [ -111.902918, 40.485993 ], [ -111.902506, 40.48432 ] ] ] } },
{ "type": "Feature", "properties": { "group_index": 0, "value": 600.0, "center": [ -111.900106, 40.4889615 ], "point_id": 0.0 }, "geometry": { "type": "Polygon", "coordinates": [ [ [ -111.920681, 40.486432 ], [ -111.919897, 40.484854 ], [ -111.919559, 40.484191 ], [ -111.913356, 40.478611 ], [ -111.910659, 40.473005 ], [ -111.907342, 40.470721 ], [ -111.903337, 40.473764 ], [ -111.900993, 40.475697 ], [ -111.894797, 40.477565 ], [ -111.888386, 40.478036 ], [ -111.88721, 40.47799 ], [ -111.886994, 40.478078 ], [ -111.884865, 40.4808 ], [ -111.882828, 40.484043 ], [ -111.883264, 40.486772 ], [ -111.883371, 40.486827 ], [ -111.883664, 40.486953 ], [ -111.888092, 40.489662 ], [ -111.889849, 40.494298 ], [ -111.889852, 40.497587 ], [ -111.89225, 40.503039 ], [ -111.892672, 40.503372 ], [ -111.898028, 40.504937 ], [ -111.899326, 40.504943 ], [ -111.901215, 40.503892 ], [ -111.903734, 40.502476 ], [ -111.903993, 40.501694 ], [ -111.903983, 40.500842 ], [ -111.90373, 40.498876 ], [ -111.902178, 40.498878 ], [ -111.897594, 40.498883 ], [ -111.895781, 40.490486 ], [ -111.899939, 40.488731 ], [ -111.901126, 40.487645 ], [ -111.908669, 40.487474 ], [ -111.914857, 40.488912 ], [ -111.916662, 40.490051 ], [ -111.916752, 40.490051 ], [ -111.918457, 40.488902 ], [ -111.920246, 40.48759 ], [ -111.920679, 40.486615 ], [ -111.920681, 40.486432 ] ] ] } },
{ "type": "Feature", "properties": { "group_index": 0, "value": 900.0, "center": [ -111.900106, 40.4889615 ], "point_id": 0.0 }, "geometry": { "type": "Polygon", "coordinates": [ [ [ -111.936241, 40.487584 ], [ -111.936146, 40.48679 ], [ -111.935609, 40.484592 ], [ -111.934831, 40.484599 ], [ -111.928645, 40.481089 ], [ -111.927745, 40.476337 ], [ -111.926776, 40.474139 ], [ -111.924806, 40.468372 ], [ -111.924783, 40.46828 ], [ -111.923447, 40.466274 ], [ -111.916588, 40.461519 ], [ -111.916809, 40.45985 ], [ -111.91324, 40.459379 ], [ -111.909085, 40.462923 ], [ -111.906019, 40.46481 ], [ -111.906232, 40.468773 ], [ -111.903337, 40.473764 ], [ -111.900993, 40.475697 ], [ -111.894797, 40.477565 ], [ -111.887614, 40.476701 ], [ -111.885851, 40.475997 ], [ -111.884021, 40.475485 ], [ -111.879198, 40.477396 ], [ -111.878912, 40.477523 ], [ -111.875852, 40.47935 ], [ -111.868046, 40.482908 ], [ -111.866293, 40.483365 ], [ -111.866116, 40.483602 ], [ -111.866468, 40.486144 ], [ -111.868993, 40.49322 ], [ -111.870151, 40.495326 ], [ -111.870393, 40.495505 ], [ -111.871218, 40.49605 ], [ -111.877541, 40.496861 ], [ -111.882376, 40.500723 ], [ -111.883258, 40.501966 ], [ -111.885847, 40.503967 ], [ -111.887183, 40.50484 ], [ -111.887432, 40.504844 ], [ -111.889675, 40.50467 ], [ -111.898028, 40.504937 ], [ -111.899326, 40.504943 ], [ -111.901215, 40.503892 ], [ -111.908956, 40.504915 ], [ -111.909042, 40.504836 ], [ -111.909418, 40.504377 ], [ -111.909774, 40.503722 ], [ -111.909949, 40.503268 ], [ -111.910062, 40.502732 ], [ -111.910095, 40.502279 ], [ -111.907591, 40.498459 ], [ -111.907486, 40.497837 ], [ -111.907373, 40.497234 ], [ -111.907239, 40.496712 ], [ -111.907113, 40.496516 ], [ -111.905369, 40.49688 ], [ -111.904899, 40.49694 ], [ -111.903582, 40.496996 ], [ -111.901699, 40.49695 ], [ -111.899939, 40.488731 ], [ -111.901126, 40.487645 ], [ -111.908669, 40.487474 ], [ -111.914857, 40.488912 ], [ -111.916403, 40.4916 ], [ -111.917144, 40.494197 ], [ -111.917166, 40.494207 ], [ -111.917289, 40.494259 ], [ -111.917312, 40.494267 ], [ -111.917495, 40.494271 ], [ -111.919658, 40.494372 ], [ -111.92042, 40.494442 ], [ -111.923267, 40.494976 ], [ -111.923547, 40.494929 ], [ -111.924088, 40.494761 ], [ -111.924648, 40.494561 ], [ -111.925134, 40.493824 ], [ -111.925383, 40.493296 ], [ -111.925512, 40.492603 ], [ -111.925777, 40.491143 ], [ -111.93438, 40.488917 ], [ -111.934954, 40.488916 ], [ -111.935811, 40.488761 ], [ -111.93586, 40.488699 ], [ -111.936241, 40.487584 ] ] ] } },
{ "type": "Feature", "properties": { "group_index": 0, "value": 300.0, "center": [ -111.7013752111093, 40.31187252838641 ], "point_id": 0.0 }, "geometry": { "type": "Polygon", "coordinates": [ [ [ -111.719253, 40.312172 ], [ -111.718221, 40.310208 ], [ -111.714467, 40.307111 ], [ -111.713555, 40.306402 ], [ -111.710622, 40.304623 ], [ -111.708668, 40.30266 ], [ -111.708115, 40.302078 ], [ -111.705405, 40.300307 ], [ -111.705348, 40.300307 ], [ -111.700595, 40.30003 ], [ -111.698688, 40.298924 ], [ -111.697428, 40.29837 ], [ -111.6958, 40.297788 ], [ -111.695341, 40.297615 ], [ -111.695291, 40.297628 ], [ -111.694236, 40.299003 ], [ -111.690714, 40.302705 ], [ -111.689249, 40.304058 ], [ -111.68718, 40.306491 ], [ -111.685115, 40.310218 ], [ -111.683499, 40.31215 ], [ -111.683499, 40.312224 ], [ -111.684993, 40.313816 ], [ -111.685162, 40.313935 ], [ -111.689815, 40.317413 ], [ -111.691934, 40.318735 ], [ -111.694653, 40.321047 ], [ -111.696184, 40.322269 ], [ -111.69626, 40.322309 ], [ -111.696868, 40.322499 ], [ -111.69687, 40.322499 ], [ -111.696989, 40.322517 ], [ -111.699205, 40.32237 ], [ -111.703689, 40.324123 ], [ -111.706882, 40.325538 ], [ -111.707261, 40.325686 ], [ -111.707299, 40.325676 ], [ -111.708102, 40.324601 ], [ -111.711259, 40.321004 ], [ -111.714599, 40.317299 ], [ -111.718268, 40.313808 ], [ -111.719258, 40.312602 ], [ -111.719253, 40.312172 ] ] ] } },
{ "type": "Feature", "properties": { "group_index": 0, "value": 600.0, "center": [ -111.7013752111093, 40.31187252838641 ], "point_id": 0.0 }, "geometry": { "type": "Polygon", "coordinates": [ [ [ -111.736292, 40.310644 ], [ -111.735878, 40.31006 ], [ -111.732471, 40.307796 ], [ -111.728754, 40.304279 ], [ -111.727109, 40.302673 ], [ -111.724826, 40.300874 ], [ -111.721633, 40.298668 ], [ -111.71613, 40.294694 ], [ -111.712804, 40.292463 ], [ -111.707015, 40.288147 ], [ -111.70605, 40.288145 ], [ -111.70404, 40.288114 ], [ -111.70326, 40.288102 ], [ -111.695389, 40.287169 ], [ -111.694021, 40.286599 ], [ -111.693468, 40.286333 ], [ -111.691896, 40.285567 ], [ -111.689694, 40.284798 ], [ -111.689408, 40.284875 ], [ -111.685192, 40.289734 ], [ -111.678938, 40.295171 ], [ -111.673494, 40.301997 ], [ -111.671253, 40.304278 ], [ -111.667252, 40.310342 ], [ -111.667154, 40.313941 ], [ -111.673585, 40.318702 ], [ -111.678893, 40.322887 ], [ -111.685439, 40.32841 ], [ -111.686317, 40.329284 ], [ -111.691223, 40.331441 ], [ -111.694482, 40.333628 ], [ -111.702977, 40.335496 ], [ -111.704037, 40.335946 ], [ -111.704834, 40.336115 ], [ -111.707212, 40.336514 ], [ -111.715651, 40.337295 ], [ -111.715666, 40.337288 ], [ -111.716683, 40.335501 ], [ -111.717242, 40.334594 ], [ -111.722205, 40.328156 ], [ -111.723953, 40.326374 ], [ -111.726495, 40.322276 ], [ -111.732407, 40.316461 ], [ -111.735889, 40.31366 ], [ -111.736603, 40.312461 ], [ -111.736292, 40.310644 ] ] ] } },
{ "type": "Feature", "properties": { "group_index": 0, "value": 900.0, "center": [ -111.7013752111093, 40.31187252838641 ], "point_id": 0.0 }, "geometry": { "type": "Polygon", "coordinates": [ [ [ -111.750783, 40.308506 ], [ -111.744616, 40.30299 ], [ -111.744491, 40.302826 ], [ -111.738984, 40.29836 ], [ -111.736521, 40.295715 ], [ -111.736021, 40.295265 ], [ -111.734625, 40.294447 ], [ -111.72862, 40.290703 ], [ -111.725623, 40.288086 ], [ -111.720331, 40.284496 ], [ -111.715802, 40.281192 ], [ -111.709103, 40.27616 ], [ -111.705595, 40.273562 ], [ -111.705541, 40.27354 ], [ -111.704547, 40.27328 ], [ -111.704526, 40.273282 ], [ -111.696341, 40.274499 ], [ -111.695259, 40.273436 ], [ -111.695189, 40.273436 ], [ -111.695178, 40.273436 ], [ -111.695108, 40.273436 ], [ -111.688444, 40.27338 ], [ -111.684607, 40.271834 ], [ -111.684571, 40.271834 ], [ -111.684565, 40.271834 ], [ -111.684529, 40.271834 ], [ -111.681783, 40.274663 ], [ -111.676161, 40.280174 ], [ -111.676066, 40.280272 ], [ -111.674542, 40.282281 ], [ -111.668733, 40.288152 ], [ -111.66265, 40.294778 ], [ -111.661307, 40.295827 ], [ -111.660293, 40.297488 ], [ -111.657467, 40.305581 ], [ -111.653191, 40.308355 ], [ -111.650613, 40.314971 ], [ -111.652918, 40.317735 ], [ -111.653742, 40.318167 ], [ -111.656333, 40.319058 ], [ -111.656915, 40.319082 ], [ -111.661704, 40.32019 ], [ -111.668459, 40.325844 ], [ -111.671325, 40.330838 ], [ -111.67161, 40.331551 ], [ -111.67173, 40.331747 ], [ -111.674148, 40.33495 ], [ -111.676533, 40.336732 ], [ -111.682545, 40.340038 ], [ -111.68755, 40.342939 ], [ -111.691338, 40.345011 ], [ -111.691498, 40.34508 ], [ -111.691945, 40.34514 ], [ -111.694788, 40.345413 ], [ -111.695142, 40.345469 ], [ -111.700574, 40.347073 ], [ -111.704877, 40.350494 ], [ -111.70536, 40.350717 ], [ -111.705583, 40.350779 ], [ -111.705836, 40.350782 ], [ -111.710809, 40.350118 ], [ -111.719631, 40.348632 ], [ -111.725465, 40.348487 ], [ -111.725473, 40.348487 ], [ -111.726529, 40.347637 ], [ -111.728567, 40.343673 ], [ -111.73113, 40.337735 ], [ -111.734363, 40.335406 ], [ -111.736233, 40.332019 ], [ -111.739868, 40.328057 ], [ -111.741478, 40.326289 ], [ -111.741478, 40.326244 ], [ -111.740073, 40.322505 ], [ -111.740261, 40.31891 ], [ -111.74621, 40.313111 ], [ -111.749405, 40.31247 ], [ -111.751516, 40.312031 ], [ -111.753626, 40.311593 ], [ -111.752894, 40.308068 ], [ -111.750783, 40.308506 ] ] ] } },
{ "type": "Feature", "properties": { "group_index": 0, "value": 300.0, "center": [ -111.69498310259296, 40.29709463681117 ], "point_id": 0.0 }, "geometry": { "type": "Polygon", "coordinates": [ [ [ -111.714154, 40.297259 ], [ -111.713673, 40.296594 ], [ -111.712659, 40.295385 ], [ -111.708568, 40.292458 ], [ -111.706459, 40.290597 ], [ -111.705436, 40.289936 ], [ -111.705164, 40.289872 ], [ -111.705096, 40.289871 ], [ -111.704737, 40.28996 ], [ -111.699176, 40.28813 ], [ -111.699059, 40.288056 ], [ -111.695325, 40.28552 ], [ -111.691239, 40.284094 ], [ -111.689229, 40.283105 ], [ -111.68919, 40.283114 ], [ -111.689036, 40.283375 ], [ -111.686328, 40.287107 ], [ -111.684976, 40.287898 ], [ -111.683967, 40.289098 ], [ -111.680225, 40.293402 ], [ -111.678832, 40.293714 ], [ -111.678559, 40.293809 ], [ -111.677877, 40.294367 ], [ -111.677832, 40.294406 ], [ -111.677045, 40.297659 ], [ -111.677043, 40.297692 ], [ -111.677785, 40.298747 ], [ -111.678765, 40.299536 ], [ -111.68286, 40.302646 ], [ -111.686057, 40.30503 ], [ -111.689692, 40.306867 ], [ -111.691511, 40.30818 ], [ -111.695727, 40.310496 ], [ -111.700618, 40.311571 ], [ -111.700649, 40.311569 ], [ -111.702586, 40.309531 ], [ -111.704812, 40.307178 ], [ -111.707029, 40.304907 ], [ -111.707169, 40.304739 ], [ -111.708883, 40.302283 ], [ -111.712654, 40.298985 ], [ -111.714157, 40.297479 ], [ -111.714154, 40.297259 ] ] ] } },
{ "type": "Feature", "properties": { "group_index": 0, "value": 600.0, "center": [ -111.69498310259296, 40.29709463681117 ], "point_id": 0.0 }, "geometry": { "type": "Polygon", "coordinates": [ [ [ -111.731946, 40.296761 ], [ -111.730801, 40.295234 ], [ -111.724202, 40.290375 ], [ -111.721398, 40.28812 ], [ -111.715955, 40.284537 ], [ -111.713419, 40.28245 ], [ -111.711461, 40.280886 ], [ -111.70542, 40.276709 ], [ -111.697298, 40.273448 ], [ -111.695204, 40.271953 ], [ -111.695023, 40.271831 ], [ -111.695022, 40.271831 ], [ -111.686134, 40.271514 ], [ -111.685536, 40.271353 ], [ -111.684906, 40.27134 ], [ -111.683753, 40.271427 ], [ -111.682479, 40.271756 ], [ -111.679006, 40.275596 ], [ -111.674178, 40.280531 ], [ -111.672987, 40.281983 ], [ -111.667855, 40.287445 ], [ -111.662002, 40.294212 ], [ -111.660204, 40.295839 ], [ -111.659245, 40.297096 ], [ -111.659246, 40.297177 ], [ -111.66026, 40.299438 ], [ -111.665776, 40.305337 ], [ -111.671857, 40.307701 ], [ -111.675556, 40.310416 ], [ -111.679371, 40.313817 ], [ -111.683619, 40.316538 ], [ -111.689119, 40.319341 ], [ -111.694642, 40.323125 ], [ -111.695609, 40.323813 ], [ -111.695938, 40.323811 ], [ -111.700707, 40.322408 ], [ -111.705691, 40.324115 ], [ -111.705887, 40.32411 ], [ -111.706722, 40.323971 ], [ -111.70685, 40.323937 ], [ -111.709772, 40.320543 ], [ -111.71263, 40.317317 ], [ -111.716295, 40.313819 ], [ -111.716814, 40.312982 ], [ -111.722692, 40.306639 ], [ -111.723245, 40.306248 ], [ -111.724511, 40.304732 ], [ -111.730824, 40.298834 ], [ -111.731947, 40.296766 ], [ -111.731946, 40.296761 ] ] ] } },
{ "type": "Feature", "properties": { "group_index": 0, "value": 900.0, "center": [ -111.69498310259296, 40.29709463681117 ], "point_id": 0.0 }, "geometry": { "type": "Polygon", "coordinates": [ [ [ -111.748757, 40.296997 ], [ -111.748756, 40.296971 ], [ -111.748754, 40.296935 ], [ -111.748395, 40.296271 ], [ -111.747088, 40.295282 ], [ -111.746928, 40.295206 ], [ -111.745232, 40.294375 ], [ -111.74031, 40.289014 ], [ -111.739619, 40.288428 ], [ -111.735101, 40.284658 ], [ -111.733482, 40.284628 ], [ -111.733237, 40.284628 ], [ -111.732965, 40.284673 ], [ -111.732426, 40.285023 ], [ -111.727308, 40.28543 ], [ -111.724241, 40.280245 ], [ -111.724176, 40.280155 ], [ -111.723813, 40.279624 ], [ -111.723359, 40.27902 ], [ -111.719511, 40.273387 ], [ -111.713559, 40.26829 ], [ -111.713532, 40.268271 ], [ -111.711627, 40.267583 ], [ -111.704746, 40.264793 ], [ -111.700427, 40.262532 ], [ -111.696117, 40.259148 ], [ -111.696113, 40.259145 ], [ -111.695591, 40.258902 ], [ -111.695064, 40.258797 ], [ -111.695058, 40.258797 ], [ -111.694509, 40.258839 ], [ -111.694091, 40.25891 ], [ -111.686555, 40.259194 ], [ -111.684674, 40.258897 ], [ -111.681472, 40.258169 ], [ -111.680145, 40.257922 ], [ -111.679588, 40.257966 ], [ -111.675174, 40.258661 ], [ -111.675107, 40.258696 ], [ -111.674614, 40.261426 ], [ -111.670226, 40.267345 ], [ -111.669321, 40.269785 ], [ -111.669178, 40.270588 ], [ -111.669083, 40.271465 ], [ -111.669027, 40.273982 ], [ -111.662798, 40.279139 ], [ -111.659586, 40.278889 ], [ -111.659558, 40.278887 ], [ -111.659558, 40.278887 ], [ -111.65953, 40.278885 ], [ -111.658927, 40.279037 ], [ -111.658248, 40.279543 ], [ -111.656483, 40.280922 ], [ -111.655119, 40.282237 ], [ -111.654884, 40.282774 ], [ -111.649664, 40.289769 ], [ -111.648038, 40.29178 ], [ -111.648666, 40.295324 ], [ -111.651736, 40.296951 ], [ -111.653949, 40.303021 ], [ -111.653639, 40.304465 ], [ -111.652937, 40.306233 ], [ -111.652988, 40.306872 ], [ -111.653638, 40.309408 ], [ -111.653973, 40.30987 ], [ -111.657151, 40.313619 ], [ -111.661687, 40.316817 ], [ -111.666433, 40.318053 ], [ -111.671288, 40.320958 ], [ -111.672055, 40.321611 ], [ -111.67839, 40.326566 ], [ -111.67845, 40.326603 ], [ -111.684323, 40.330122 ], [ -111.684376, 40.330151 ], [ -111.684592, 40.330237 ], [ -111.686869, 40.330621 ], [ -111.694061, 40.335619 ], [ -111.694227, 40.335696 ], [ -111.697854, 40.335728 ], [ -111.706027, 40.335648 ], [ -111.706171, 40.335648 ], [ -111.712742, 40.335658 ], [ -111.714086, 40.335605 ], [ -111.714726, 40.335514 ], [ -111.715649, 40.334124 ], [ -111.720266, 40.328177 ], [ -111.721355, 40.326867 ], [ -111.72652, 40.320824 ], [ -111.732398, 40.314727 ], [ -111.73372, 40.313809 ], [ -111.733917, 40.313658 ], [ -111.736211, 40.310133 ], [ -111.740894, 40.306187 ], [ -111.742011, 40.305204 ], [ -111.746344, 40.300323 ], [ -111.748759, 40.297032 ], [ -111.748757, 40.296997 ] ] ] } },
{ "type": "Feature", "properties": { "group_index": 0, "value": 300.0, "center": [ -111.68853940074037, 40.28242936318296 ], "point_id": 0.0 }, "geometry": { "type": "Polygon", "coordinates": [ [ [ -111.706878, 40.283538 ], [ -111.706879, 40.283531 ], [ -111.706879, 40.283528 ], [ -111.706725, 40.281485 ], [ -111.706241, 40.28077 ], [ -111.703813, 40.278808 ], [ -111.699278, 40.275314 ], [ -111.695486, 40.272551 ], [ -111.690617, 40.270154 ], [ -111.690408, 40.27015 ], [ -111.685738, 40.269355 ], [ -111.682983, 40.267874 ], [ -111.682981, 40.267874 ], [ -111.682274, 40.268577 ], [ -111.681184, 40.269706 ], [ -111.67752, 40.272864 ], [ -111.675532, 40.276572 ], [ -111.673121, 40.278673 ], [ -111.670869, 40.280622 ], [ -111.669316, 40.282653 ], [ -111.669351, 40.282782 ], [ -111.669601, 40.283306 ], [ -111.669892, 40.283735 ], [ -111.673193, 40.28589 ], [ -111.67501, 40.287371 ], [ -111.679383, 40.290585 ], [ -111.68247, 40.293294 ], [ -111.685775, 40.295211 ], [ -111.685883, 40.29521 ], [ -111.686251, 40.295144 ], [ -111.691021, 40.295285 ], [ -111.692514, 40.295932 ], [ -111.694286, 40.296666 ], [ -111.694435, 40.29663 ], [ -111.695927, 40.294895 ], [ -111.699293, 40.291659 ], [ -111.700946, 40.289852 ], [ -111.703492, 40.286317 ], [ -111.705064, 40.285199 ], [ -111.706172, 40.284369 ], [ -111.706878, 40.283542 ], [ -111.706878, 40.283538 ] ] ] } },
{ "type": "Feature", "properties": { "group_index": 0, "value": 600.0, "center": [ -111.68853940074037, 40.28242936318296 ], "point_id": 0.0 }, "geometry": { "type": "Polygon", "coordinates": [ [ [ -111.725447, 40.281756 ], [ -111.724286, 40.280243 ], [ -111.72427, 40.280225 ], [ -111.72427, 40.280225 ], [ -111.724254, 40.280206 ], [ -111.722382, 40.279684 ], [ -111.720118, 40.279402 ], [ -111.715325, 40.273938 ], [ -111.714636, 40.27301 ], [ -111.714377, 40.272701 ], [ -111.710224, 40.268953 ], [ -111.706577, 40.266315 ], [ -111.70544, 40.265521 ], [ -111.703905, 40.264444 ], [ -111.699784, 40.262522 ], [ -111.694942, 40.258901 ], [ -111.694854, 40.258901 ], [ -111.694827, 40.258901 ], [ -111.69474, 40.258902 ], [ -111.690535, 40.258881 ], [ -111.683809, 40.257924 ], [ -111.680962, 40.257016 ], [ -111.679042, 40.256301 ], [ -111.675256, 40.256296 ], [ -111.673436, 40.25744 ], [ -111.668222, 40.263769 ], [ -111.668167, 40.263853 ], [ -111.668624, 40.266194 ], [ -111.669178, 40.270588 ], [ -111.669083, 40.271465 ], [ -111.669027, 40.273982 ], [ -111.661309, 40.277069 ], [ -111.660465, 40.276668 ], [ -111.658951, 40.276397 ], [ -111.658663, 40.276534 ], [ -111.658518, 40.276611 ], [ -111.658488, 40.276629 ], [ -111.656138, 40.278032 ], [ -111.652538, 40.281918 ], [ -111.652156, 40.283421 ], [ -111.65283, 40.284439 ], [ -111.655325, 40.286343 ], [ -111.661797, 40.290317 ], [ -111.666115, 40.294819 ], [ -111.670305, 40.298299 ], [ -111.676141, 40.302636 ], [ -111.683775, 40.307137 ], [ -111.684909, 40.307931 ], [ -111.686952, 40.308227 ], [ -111.686989, 40.308228 ], [ -111.687131, 40.308188 ], [ -111.693414, 40.30702 ], [ -111.697962, 40.309111 ], [ -111.699796, 40.309373 ], [ -111.700135, 40.309371 ], [ -111.700398, 40.309212 ], [ -111.70304, 40.306289 ], [ -111.707013, 40.302668 ], [ -111.710139, 40.298964 ], [ -111.715418, 40.293001 ], [ -111.717462, 40.291756 ], [ -111.72072, 40.286725 ], [ -111.724551, 40.284074 ], [ -111.725462, 40.281793 ], [ -111.725447, 40.281756 ] ] ] } },
{ "type": "Feature", "properties": { "group_index": 0, "value": 900.0, "center": [ -111.68853940074037, 40.28242936318296 ], "point_id": 0.0 }, "geometry": { "type": "Polygon", "coordinates": [ [ [ -111.735938, 40.28976 ], [ -111.735596, 40.288651 ], [ -111.735551, 40.28859 ], [ -111.734658, 40.287981 ], [ -111.734546, 40.287955 ], [ -111.730575, 40.27992 ], [ -111.732065, 40.277863 ], [ -111.733338, 40.275562 ], [ -111.733398, 40.275468 ], [ -111.733982, 40.27422 ], [ -111.733978, 40.274092 ], [ -111.732381, 40.272483 ], [ -111.725335, 40.270031 ], [ -111.721772, 40.270924 ], [ -111.713598, 40.270418 ], [ -111.712334, 40.26852 ], [ -111.712514, 40.262578 ], [ -111.712599, 40.262296 ], [ -111.712494, 40.258979 ], [ -111.709881, 40.257434 ], [ -111.706286, 40.257617 ], [ -111.698939, 40.257096 ], [ -111.697638, 40.253676 ], [ -111.69757, 40.253073 ], [ -111.697363, 40.252286 ], [ -111.697222, 40.251923 ], [ -111.696847, 40.251127 ], [ -111.69662, 40.250704 ], [ -111.695704, 40.249094 ], [ -111.691786, 40.247396 ], [ -111.685993, 40.245152 ], [ -111.683047, 40.244305 ], [ -111.682523, 40.244307 ], [ -111.674358, 40.244369 ], [ -111.674276, 40.244371 ], [ -111.667429, 40.244524 ], [ -111.667212, 40.244621 ], [ -111.661637, 40.248865 ], [ -111.660221, 40.250331 ], [ -111.655405, 40.255741 ], [ -111.651717, 40.262861 ], [ -111.648987, 40.270032 ], [ -111.647512, 40.27102 ], [ -111.646213, 40.271989 ], [ -111.643252, 40.27611 ], [ -111.642899, 40.276674 ], [ -111.637798, 40.284071 ], [ -111.637497, 40.284158 ], [ -111.637065, 40.284661 ], [ -111.636748, 40.285279 ], [ -111.636706, 40.285572 ], [ -111.63726, 40.286457 ], [ -111.6374, 40.286621 ], [ -111.637668, 40.286815 ], [ -111.642713, 40.288652 ], [ -111.646073, 40.290899 ], [ -111.649382, 40.293373 ], [ -111.65399, 40.299512 ], [ -111.65531, 40.301523 ], [ -111.656052, 40.302746 ], [ -111.656154, 40.302866 ], [ -111.656738, 40.30312 ], [ -111.659887, 40.304792 ], [ -111.663174, 40.309543 ], [ -111.663338, 40.309645 ], [ -111.663384, 40.309665 ], [ -111.666232, 40.310169 ], [ -111.671967, 40.31282 ], [ -111.673228, 40.313784 ], [ -111.674222, 40.314509 ], [ -111.675341, 40.315405 ], [ -111.682109, 40.31912 ], [ -111.684541, 40.321082 ], [ -111.685655, 40.321963 ], [ -111.685668, 40.321971 ], [ -111.685669, 40.321972 ], [ -111.685682, 40.321981 ], [ -111.686195, 40.322161 ], [ -111.687656, 40.322016 ], [ -111.694677, 40.321142 ], [ -111.697536, 40.322082 ], [ -111.698365, 40.322264 ], [ -111.698583, 40.322264 ], [ -111.704942, 40.322242 ], [ -111.705185, 40.32222 ], [ -111.705974, 40.321967 ], [ -111.707689, 40.320442 ], [ -111.707896, 40.320253 ], [ -111.71382, 40.313844 ], [ -111.716696, 40.310495 ], [ -111.720722, 40.306253 ], [ -111.724925, 40.301794 ], [ -111.727835, 40.298944 ], [ -111.729295, 40.297452 ], [ -111.73469, 40.291613 ], [ -111.73573, 40.29033 ], [ -111.735942, 40.289898 ], [ -111.735938, 40.28976 ] ] ] } },
{ "type": "Feature", "properties": { "group_index": 0, "value": 300.0, "center": [ -111.6844702, 40.2734207 ], "point_id": 0.0 }, "geometry": { "type": "Polygon", "coordinates": [ [ [ -111.703588, 40.273289 ], [ -111.701961, 40.271671 ], [ -111.698048, 40.267996 ], [ -111.697234, 40.267558 ], [ -111.694577, 40.266151 ], [ -111.692167, 40.264318 ], [ -111.690404, 40.262924 ], [ -111.687522, 40.261093 ], [ -111.686793, 40.261075 ], [ -111.682257, 40.260223 ], [ -111.680981, 40.259278 ], [ -111.680858, 40.259283 ], [ -111.676184, 40.259901 ], [ -111.676091, 40.259964 ], [ -111.675689, 40.262582 ], [ -111.675273, 40.264698 ], [ -111.670619, 40.268225 ], [ -111.670411, 40.268566 ], [ -111.670203, 40.269498 ], [ -111.670118, 40.270195 ], [ -111.670174, 40.271063 ], [ -111.67045, 40.271956 ], [ -111.671225, 40.277211 ], [ -111.672256, 40.278446 ], [ -111.675281, 40.280482 ], [ -111.677529, 40.281358 ], [ -111.681214, 40.284065 ], [ -111.68568, 40.287164 ], [ -111.685694, 40.287164 ], [ -111.690473, 40.286508 ], [ -111.691669, 40.285772 ], [ -111.693303, 40.28423 ], [ -111.694692, 40.282919 ], [ -111.69591, 40.281469 ], [ -111.697065, 40.279902 ], [ -111.7001, 40.277065 ], [ -111.701928, 40.275271 ], [ -111.703593, 40.273378 ], [ -111.703588, 40.273289 ] ] ] } },
{ "type": "Feature", "properties": { "group_index": 0, "value": 600.0, "center": [ -111.6844702, 40.2734207 ], "point_id": 0.0 }, "geometry": { "type": "Polygon", "coordinates": [ [ [ -111.71922, 40.273398 ], [ -111.713302, 40.266878 ], [ -111.710075, 40.263134 ], [ -111.709887, 40.262991 ], [ -111.706639, 40.261109 ], [ -111.702803, 40.258939 ], [ -111.699045, 40.256082 ], [ -111.697985, 40.25526 ], [ -111.696546, 40.254632 ], [ -111.694743, 40.253865 ], [ -111.688736, 40.251643 ], [ -111.686695, 40.249776 ], [ -111.685224, 40.248452 ], [ -111.685212, 40.248446 ], [ -111.685212, 40.248445 ], [ -111.6852, 40.248439 ], [ -111.682653, 40.247888 ], [ -111.680538, 40.247822 ], [ -111.680205, 40.247821 ], [ -111.671313, 40.248279 ], [ -111.671126, 40.248292 ], [ -111.667434, 40.248648 ], [ -111.666807, 40.248885 ], [ -111.665608, 40.250398 ], [ -111.660308, 40.257627 ], [ -111.660251, 40.257734 ], [ -111.658224, 40.263165 ], [ -111.658147, 40.263589 ], [ -111.659095, 40.265177 ], [ -111.659184, 40.265273 ], [ -111.659273, 40.265354 ], [ -111.659527, 40.265356 ], [ -111.667769, 40.268718 ], [ -111.668993, 40.273732 ], [ -111.666978, 40.277856 ], [ -111.662592, 40.281016 ], [ -111.661106, 40.282764 ], [ -111.661106, 40.282775 ], [ -111.66137, 40.283763 ], [ -111.665704, 40.287181 ], [ -111.669258, 40.289972 ], [ -111.671971, 40.291533 ], [ -111.678037, 40.297203 ], [ -111.678342, 40.297444 ], [ -111.685413, 40.300183 ], [ -111.685432, 40.300183 ], [ -111.686524, 40.299664 ], [ -111.693089, 40.298982 ], [ -111.69588, 40.300297 ], [ -111.695992, 40.300287 ], [ -111.699633, 40.296775 ], [ -111.705753, 40.290371 ], [ -111.710927, 40.284473 ], [ -111.712764, 40.282758 ], [ -111.719356, 40.276996 ], [ -111.71922, 40.273398 ] ] ] } },
{ "type": "Feature", "properties": { "group_index": 0, "value": 900.0, "center": [ -111.6844702, 40.2734207 ], "point_id": 0.0 }, "geometry": { "type": "Polygon", "coordinates": [ [ [ -111.738103, 40.274116 ], [ -111.736604, 40.272452 ], [ -111.734111, 40.270676 ], [ -111.733937, 40.270675 ], [ -111.727614, 40.271038 ], [ -111.725174, 40.268391 ], [ -111.720039, 40.262131 ], [ -111.719085, 40.259411 ], [ -111.714569, 40.256723 ], [ -111.710023, 40.252525 ], [ -111.709245, 40.251744 ], [ -111.708812, 40.251478 ], [ -111.708634, 40.251397 ], [ -111.70791, 40.25161 ], [ -111.706226, 40.252278 ], [ -111.702732, 40.254356 ], [ -111.696847, 40.251127 ], [ -111.69662, 40.250704 ], [ -111.691722, 40.244261 ], [ -111.691654, 40.244187 ], [ -111.687191, 40.242455 ], [ -111.679315, 40.238636 ], [ -111.674718, 40.235998 ], [ -111.674495, 40.235936 ], [ -111.667151, 40.235297 ], [ -111.666805, 40.235294 ], [ -111.666231, 40.235665 ], [ -111.661985, 40.238601 ], [ -111.658516, 40.241073 ], [ -111.656282, 40.242867 ], [ -111.653211, 40.246056 ], [ -111.652931, 40.246356 ], [ -111.651858, 40.24752 ], [ -111.648541, 40.251181 ], [ -111.645936, 40.254856 ], [ -111.644835, 40.256452 ], [ -111.642179, 40.26114 ], [ -111.640789, 40.264542 ], [ -111.640793, 40.264571 ], [ -111.640798, 40.264602 ], [ -111.640803, 40.264632 ], [ -111.641761, 40.266421 ], [ -111.643612, 40.268113 ], [ -111.645329, 40.269227 ], [ -111.646729, 40.270455 ], [ -111.647438, 40.278525 ], [ -111.645247, 40.280287 ], [ -111.643839, 40.282225 ], [ -111.643843, 40.282395 ], [ -111.645308, 40.283887 ], [ -111.647723, 40.285583 ], [ -111.650586, 40.287778 ], [ -111.655912, 40.293158 ], [ -111.661207, 40.298093 ], [ -111.666341, 40.302992 ], [ -111.666406, 40.303024 ], [ -111.674127, 40.306325 ], [ -111.676567, 40.308176 ], [ -111.682606, 40.311486 ], [ -111.684923, 40.313256 ], [ -111.685379, 40.313604 ], [ -111.685917, 40.31396 ], [ -111.686087, 40.313966 ], [ -111.687022, 40.313954 ], [ -111.695683, 40.312133 ], [ -111.700429, 40.312644 ], [ -111.700853, 40.312628 ], [ -111.701742, 40.312335 ], [ -111.702484, 40.311874 ], [ -111.705197, 40.309558 ], [ -111.70953, 40.304451 ], [ -111.714868, 40.298986 ], [ -111.716559, 40.297215 ], [ -111.721983, 40.291555 ], [ -111.72598, 40.287922 ], [ -111.731938, 40.283333 ], [ -111.733955, 40.281074 ], [ -111.738117, 40.274299 ], [ -111.738103, 40.274116 ] ] ] } },
{ "type": "Feature", "properties": { "group_index": 0, "value": 300.0, "center": [ -111.68025718021255, 40.26485736971828 ], "point_id": 0.0 }, "geometry": { "type": "Polygon", "coordinates": [ [ [ -111.6967, 40.263213 ], [ -111.692723, 40.258905 ], [ -111.691878, 40.258198 ], [ -111.691857, 40.258181 ], [ -111.687378, 40.255024 ], [ -111.682969, 40.251641 ], [ -111.681975, 40.251641 ], [ -111.681966, 40.251641 ], [ -111.680972, 40.251646 ], [ -111.675269, 40.25163 ], [ -111.670012, 40.252528 ], [ -111.669832, 40.252641 ], [ -111.66944, 40.253166 ], [ -111.66819, 40.255219 ], [ -111.667297, 40.257381 ], [ -111.667305, 40.257523 ], [ -111.669347, 40.263162 ], [ -111.66939, 40.263522 ], [ -111.671045, 40.264686 ], [ -111.671279, 40.264749 ], [ -111.67483, 40.268613 ], [ -111.674045, 40.27049 ], [ -111.673666, 40.274726 ], [ -111.674795, 40.275548 ], [ -111.676717, 40.275693 ], [ -111.676739, 40.275693 ], [ -111.68122, 40.276193 ], [ -111.683596, 40.277621 ], [ -111.684492, 40.278269 ], [ -111.68587, 40.27887 ], [ -111.686429, 40.278949 ], [ -111.686576, 40.278949 ], [ -111.689119, 40.2767 ], [ -111.691969, 40.273349 ], [ -111.695439, 40.269756 ], [ -111.696941, 40.267907 ], [ -111.6967, 40.263213 ] ] ] } },
{ "type": "Feature", "properties": { "group_index": 0, "value": 600.0, "center": [ -111.68025718021255, 40.26485736971828 ], "point_id": 0.0 }, "geometry": { "type": "Polygon", "coordinates": [ [ [ -111.711796, 40.26638 ], [ -111.710816, 40.260609 ], [ -111.71023, 40.258991 ], [ -111.706835, 40.257984 ], [ -111.698939, 40.257096 ], [ -111.697638, 40.253676 ], [ -111.69757, 40.253073 ], [ -111.697363, 40.252286 ], [ -111.697222, 40.251923 ], [ -111.696847, 40.251127 ], [ -111.69662, 40.250704 ], [ -111.695952, 40.249531 ], [ -111.690062, 40.248162 ], [ -111.687691, 40.245608 ], [ -111.687049, 40.244558 ], [ -111.684064, 40.242931 ], [ -111.682795, 40.242332 ], [ -111.675663, 40.241393 ], [ -111.667451, 40.239638 ], [ -111.66727, 40.239638 ], [ -111.662905, 40.242199 ], [ -111.662412, 40.242505 ], [ -111.658464, 40.246084 ], [ -111.654667, 40.248879 ], [ -111.654356, 40.251664 ], [ -111.654356, 40.251732 ], [ -111.654879, 40.252472 ], [ -111.657084, 40.255802 ], [ -111.654686, 40.261593 ], [ -111.65323, 40.26316 ], [ -111.653232, 40.263328 ], [ -111.654752, 40.265192 ], [ -111.655338, 40.265766 ], [ -111.659332, 40.267614 ], [ -111.660192, 40.267558 ], [ -111.666389, 40.266018 ], [ -111.668993, 40.273732 ], [ -111.669067, 40.274662 ], [ -111.667998, 40.279127 ], [ -111.6677, 40.281513 ], [ -111.667652, 40.282218 ], [ -111.667731, 40.282984 ], [ -111.667802, 40.283293 ], [ -111.668428, 40.284091 ], [ -111.668475, 40.28412 ], [ -111.672322, 40.286612 ], [ -111.676094, 40.28957 ], [ -111.676174, 40.28957 ], [ -111.676438, 40.289564 ], [ -111.67653, 40.289562 ], [ -111.685308, 40.291504 ], [ -111.692361, 40.29195 ], [ -111.692404, 40.291941 ], [ -111.694087, 40.290189 ], [ -111.699405, 40.284225 ], [ -111.70084, 40.282551 ], [ -111.706649, 40.277366 ], [ -111.708002, 40.27545 ], [ -111.711201, 40.269127 ], [ -111.711796, 40.26638 ] ] ] } },
{ "type": "Feature", "properties": { "group_index": 0, "value": 900.0, "center": [ -111.68025718021255, 40.26485736971828 ], "point_id": 0.0 }, "geometry": { "type": "Polygon", "coordinates": [ [ [ -111.725374, 40.273438 ], [ -111.72334, 40.267592 ], [ -111.724935, 40.262988 ], [ -111.724912, 40.262374 ], [ -111.724388, 40.261024 ], [ -111.720405, 40.256218 ], [ -111.715725, 40.250784 ], [ -111.7144, 40.249412 ], [ -111.709858, 40.247795 ], [ -111.709236, 40.247575 ], [ -111.70185, 40.244139 ], [ -111.700518, 40.242364 ], [ -111.698299, 40.240802 ], [ -111.692713, 40.236042 ], [ -111.692217, 40.236141 ], [ -111.691457, 40.236434 ], [ -111.690935, 40.236767 ], [ -111.690026, 40.237197 ], [ -111.689055, 40.237486 ], [ -111.681631, 40.233131 ], [ -111.679684, 40.230103 ], [ -111.678718, 40.229248 ], [ -111.674559, 40.226737 ], [ -111.667492, 40.225782 ], [ -111.667474, 40.225782 ], [ -111.66219, 40.229334 ], [ -111.659036, 40.231478 ], [ -111.65365, 40.235318 ], [ -111.648052, 40.239905 ], [ -111.646285, 40.241214 ], [ -111.643855, 40.243448 ], [ -111.640151, 40.248938 ], [ -111.640129, 40.248991 ], [ -111.640516, 40.253467 ], [ -111.639368, 40.258793 ], [ -111.636884, 40.264795 ], [ -111.636884, 40.264802 ], [ -111.63812, 40.26643 ], [ -111.642378, 40.271262 ], [ -111.643706, 40.272355 ], [ -111.646034, 40.274607 ], [ -111.650064, 40.282209 ], [ -111.65197, 40.284808 ], [ -111.657186, 40.2888 ], [ -111.660726, 40.29015 ], [ -111.66561, 40.295376 ], [ -111.667752, 40.297824 ], [ -111.669431, 40.298769 ], [ -111.675788, 40.302636 ], [ -111.676298, 40.302681 ], [ -111.676976, 40.302693 ], [ -111.677005, 40.302693 ], [ -111.684842, 40.304552 ], [ -111.685709, 40.30503 ], [ -111.686116, 40.305173 ], [ -111.686186, 40.305173 ], [ -111.687224, 40.304607 ], [ -111.6959, 40.303705 ], [ -111.697037, 40.304518 ], [ -111.697925, 40.304733 ], [ -111.697955, 40.304726 ], [ -111.700605, 40.301868 ], [ -111.704961, 40.297247 ], [ -111.710121, 40.291769 ], [ -111.711754, 40.290038 ], [ -111.71733, 40.284364 ], [ -111.72145, 40.280567 ], [ -111.725343, 40.277038 ], [ -111.725374, 40.273438 ] ] ] } },
{ "type": "Feature", "properties": { "group_index": 0, "value": 300.0, "center": [ -111.6725761639055, 40.256593098771205 ], "point_id": 0.0 }, "geometry": { "type": "Polygon", "coordinates": [ [ [ -111.685985, 40.264383 ], [ -111.685579, 40.259833 ], [ -111.687128, 40.257105 ], [ -111.687866, 40.255243 ], [ -111.687863, 40.251643 ], [ -111.686289, 40.249774 ], [ -111.684096, 40.247985 ], [ -111.681459, 40.246156 ], [ -111.676604, 40.244399 ], [ -111.6749, 40.243158 ], [ -111.674866, 40.243147 ], [ -111.669351, 40.243991 ], [ -111.667373, 40.242631 ], [ -111.667349, 40.242631 ], [ -111.667349, 40.242631 ], [ -111.667324, 40.242632 ], [ -111.664382, 40.24458 ], [ -111.664375, 40.244586 ], [ -111.662228, 40.246908 ], [ -111.65916, 40.248857 ], [ -111.65771, 40.250904 ], [ -111.65771, 40.250916 ], [ -111.659952, 40.256196 ], [ -111.660067, 40.256317 ], [ -111.661719, 40.258067 ], [ -111.661225, 40.263371 ], [ -111.661223, 40.26342 ], [ -111.662427, 40.265288 ], [ -111.664947, 40.266807 ], [ -111.669329, 40.269699 ], [ -111.672921, 40.269948 ], [ -111.675315, 40.268722 ], [ -111.680477, 40.268591 ], [ -111.681634, 40.269449 ], [ -111.682093, 40.269658 ], [ -111.682119, 40.269658 ], [ -111.685195, 40.265872 ], [ -111.685977, 40.26462 ], [ -111.685985, 40.264383 ] ] ] } },
{ "type": "Feature", "properties": { "group_index": 0, "value": 600.0, "center": [ -111.6725761639055, 40.256593098771205 ], "point_id": 0.0 }, "geometry": { "type": "Polygon", "coordinates": [ [ [ -111.702001, 40.264376 ], [ -111.704068, 40.257592 ], [ -111.701921, 40.255665 ], [ -111.701526, 40.255377 ], [ -111.695644, 40.248989 ], [ -111.692226, 40.243309 ], [ -111.68824, 40.23792 ], [ -111.681526, 40.235072 ], [ -111.674502, 40.230694 ], [ -111.667487, 40.229149 ], [ -111.667472, 40.229149 ], [ -111.667471, 40.229149 ], [ -111.667456, 40.229149 ], [ -111.661296, 40.233308 ], [ -111.660484, 40.23387 ], [ -111.659478, 40.234626 ], [ -111.657718, 40.235942 ], [ -111.655984, 40.237254 ], [ -111.654238, 40.238572 ], [ -111.652483, 40.239915 ], [ -111.65072, 40.241261 ], [ -111.649141, 40.242523 ], [ -111.648144, 40.243707 ], [ -111.644561, 40.249167 ], [ -111.643451, 40.251209 ], [ -111.642977, 40.252121 ], [ -111.642816, 40.252997 ], [ -111.642816, 40.253003 ], [ -111.644504, 40.261232 ], [ -111.644257, 40.263844 ], [ -111.645865, 40.266484 ], [ -111.651174, 40.271682 ], [ -111.651461, 40.271839 ], [ -111.655649, 40.273825 ], [ -111.657637, 40.274276 ], [ -111.657948, 40.274287 ], [ -111.658884, 40.274273 ], [ -111.659305, 40.273322 ], [ -111.659715, 40.272516 ], [ -111.659799, 40.27229 ], [ -111.660464, 40.270557 ], [ -111.660565, 40.270362 ], [ -111.660679, 40.270143 ], [ -111.660743, 40.269988 ], [ -111.662151, 40.26817 ], [ -111.668993, 40.273732 ], [ -111.669067, 40.274662 ], [ -111.669049, 40.279505 ], [ -111.669248, 40.280314 ], [ -111.669364, 40.282452 ], [ -111.669458, 40.283184 ], [ -111.669502, 40.283311 ], [ -111.67047, 40.28423 ], [ -111.670595, 40.284227 ], [ -111.671912, 40.284186 ], [ -111.671914, 40.284186 ], [ -111.674697, 40.282192 ], [ -111.676898, 40.280496 ], [ -111.683815, 40.279948 ], [ -111.686097, 40.281362 ], [ -111.687681, 40.282406 ], [ -111.68772, 40.282406 ], [ -111.68789, 40.282387 ], [ -111.690382, 40.279731 ], [ -111.694754, 40.275171 ], [ -111.700545, 40.269721 ], [ -111.702001, 40.264376 ] ] ] } },
{ "type": "Feature", "properties": { "group_index": 0, "value": 900.0, "center": [ -111.6725761639055, 40.256593098771205 ], "point_id": 0.0 }, "geometry": { "type": "Polygon", "coordinates": [ [ [ -111.719049, 40.261515 ], [ -111.718822, 40.260931 ], [ -111.718256, 40.259828 ], [ -111.716223, 40.257643 ], [ -111.715305, 40.257173 ], [ -111.713209, 40.255892 ], [ -111.711627, 40.254931 ], [ -111.711413, 40.254788 ], [ -111.708339, 40.249949 ], [ -111.709716, 40.245056 ], [ -111.709707, 40.244564 ], [ -111.709687, 40.244329 ], [ -111.709605, 40.243791 ], [ -111.709057, 40.242881 ], [ -111.703616, 40.236402 ], [ -111.698447, 40.232061 ], [ -111.696715, 40.2311 ], [ -111.693115, 40.231063 ], [ -111.6894, 40.230242 ], [ -111.685238, 40.225785 ], [ -111.683459, 40.223986 ], [ -111.678418, 40.220171 ], [ -111.677715, 40.219671 ], [ -111.672654, 40.218477 ], [ -111.667612, 40.215661 ], [ -111.667596, 40.21566 ], [ -111.661031, 40.219983 ], [ -111.655708, 40.223935 ], [ -111.64938, 40.228698 ], [ -111.645036, 40.231882 ], [ -111.641584, 40.234513 ], [ -111.634488, 40.239414 ], [ -111.632073, 40.241844 ], [ -111.630018, 40.247657 ], [ -111.629886, 40.248232 ], [ -111.629858, 40.248882 ], [ -111.629906, 40.249223 ], [ -111.630443, 40.250131 ], [ -111.633067, 40.255694 ], [ -111.630862, 40.261244 ], [ -111.628936, 40.262893 ], [ -111.62868, 40.263813 ], [ -111.628815, 40.265677 ], [ -111.632374, 40.270158 ], [ -111.635849, 40.27511 ], [ -111.641537, 40.279241 ], [ -111.648907, 40.283754 ], [ -111.650396, 40.285024 ], [ -111.652043, 40.285663 ], [ -111.657046, 40.287404 ], [ -111.657931, 40.287825 ], [ -111.661515, 40.290076 ], [ -111.666102, 40.294857 ], [ -111.67026, 40.297171 ], [ -111.670406, 40.29718 ], [ -111.670541, 40.297101 ], [ -111.675213, 40.295052 ], [ -111.676396, 40.294412 ], [ -111.677424, 40.293996 ], [ -111.685833, 40.295138 ], [ -111.685853, 40.295138 ], [ -111.685918, 40.295139 ], [ -111.693615, 40.295033 ], [ -111.693687, 40.29502 ], [ -111.698146, 40.29069 ], [ -111.702869, 40.284978 ], [ -111.704287, 40.284013 ], [ -111.709767, 40.278448 ], [ -111.712306, 40.276372 ], [ -111.713337, 40.272923 ], [ -111.713553, 40.271073 ], [ -111.718205, 40.264237 ], [ -111.718691, 40.262894 ], [ -111.719049, 40.261515 ] ] ] } },
{ "type": "Feature", "properties": { "group_index": 0, "value": 300.0, "center": [ -111.66740849193909, 40.24883300501139 ], "point_id": 0.0 }, "geometry": { "type": "Polygon", "coordinates": [ [ [ -111.680479, 40.255249 ], [ -111.680616, 40.253418 ], [ -111.680668, 40.252222 ], [ -111.680443, 40.251649 ], [ -111.679212, 40.246451 ], [ -111.679726, 40.242901 ], [ -111.679726, 40.242767 ], [ -111.678781, 40.241699 ], [ -111.677985, 40.241105 ], [ -111.674295, 40.238625 ], [ -111.6726, 40.237332 ], [ -111.671003, 40.236107 ], [ -111.668885, 40.234657 ], [ -111.66743, 40.233686 ], [ -111.667283, 40.233689 ], [ -111.665012, 40.235345 ], [ -111.661914, 40.237269 ], [ -111.660104, 40.238598 ], [ -111.658351, 40.239934 ], [ -111.654917, 40.242451 ], [ -111.653334, 40.244261 ], [ -111.653265, 40.244658 ], [ -111.651768, 40.250234 ], [ -111.651822, 40.250487 ], [ -111.654325, 40.253443 ], [ -111.65573, 40.254901 ], [ -111.656795, 40.255483 ], [ -111.660532, 40.258971 ], [ -111.660749, 40.259192 ], [ -111.661855, 40.259435 ], [ -111.666583, 40.262242 ], [ -111.667976, 40.262904 ], [ -111.668033, 40.262902 ], [ -111.669014, 40.262365 ], [ -111.674369, 40.261712 ], [ -111.676766, 40.261891 ], [ -111.676809, 40.261868 ], [ -111.678873, 40.260039 ], [ -111.679171, 40.259729 ], [ -111.680479, 40.255249 ] ] ] } },
{ "type": "Feature", "properties": { "group_index": 0, "value": 600.0, "center": [ -111.66740849193909, 40.24883300501139 ], "point_id": 0.0 }, "geometry": { "type": "Polygon", "coordinates": [ [ [ -111.697757, 40.256625 ], [ -111.696413, 40.255247 ], [ -111.696783, 40.246437 ], [ -111.697755, 40.243882 ], [ -111.697633, 40.243643 ], [ -111.693325, 40.235969 ], [ -111.693012, 40.236007 ], [ -111.692217, 40.236141 ], [ -111.691457, 40.236434 ], [ -111.690935, 40.236767 ], [ -111.690026, 40.237197 ], [ -111.682217, 40.233009 ], [ -111.682113, 40.22941 ], [ -111.674625, 40.225303 ], [ -111.672661, 40.22344 ], [ -111.672642, 40.223421 ], [ -111.667409, 40.220457 ], [ -111.667391, 40.220455 ], [ -111.661562, 40.224006 ], [ -111.656334, 40.22792 ], [ -111.652938, 40.230513 ], [ -111.651077, 40.231916 ], [ -111.649271, 40.233271 ], [ -111.643111, 40.237834 ], [ -111.642476, 40.238306 ], [ -111.638685, 40.241204 ], [ -111.637012, 40.242929 ], [ -111.637012, 40.243016 ], [ -111.637683, 40.245966 ], [ -111.638549, 40.252191 ], [ -111.639938, 40.257924 ], [ -111.640485, 40.259558 ], [ -111.641059, 40.260278 ], [ -111.646598, 40.263407 ], [ -111.65151, 40.266422 ], [ -111.656348, 40.27041 ], [ -111.657582, 40.270623 ], [ -111.658953, 40.269726 ], [ -111.659427, 40.26942 ], [ -111.666389, 40.266018 ], [ -111.66916, 40.270717 ], [ -111.668339, 40.273482 ], [ -111.668338, 40.273783 ], [ -111.669776, 40.275285 ], [ -111.670122, 40.275288 ], [ -111.672396, 40.274919 ], [ -111.674267, 40.274235 ], [ -111.681832, 40.273308 ], [ -111.684552, 40.273889 ], [ -111.684564, 40.273886 ], [ -111.685282, 40.273138 ], [ -111.688106, 40.269699 ], [ -111.68953, 40.267841 ], [ -111.695575, 40.261222 ], [ -111.697774, 40.256957 ], [ -111.697757, 40.256625 ] ] ] } },
{ "type": "Feature", "properties": { "group_index": 0, "value": 900.0, "center": [ -111.66740849193909, 40.24883300501139 ], "point_id": 0.0 }, "geometry": { "type": "Polygon", "coordinates": [ [ [ -111.711579, 40.258984 ], [ -111.710919, 40.251741 ], [ -111.712951, 40.246527 ], [ -111.713515, 40.245652 ], [ -111.713515, 40.245508 ], [ -111.712923, 40.242949 ], [ -111.710272, 40.236744 ], [ -111.704845, 40.232047 ], [ -111.702181, 40.229873 ], [ -111.701815, 40.229579 ], [ -111.701008, 40.228959 ], [ -111.697414, 40.226277 ], [ -111.694812, 40.224686 ], [ -111.686861, 40.221608 ], [ -111.685515, 40.220181 ], [ -111.682485, 40.216677 ], [ -111.678016, 40.213169 ], [ -111.675658, 40.211864 ], [ -111.66989, 40.208147 ], [ -111.668794, 40.207619 ], [ -111.666486, 40.206826 ], [ -111.666412, 40.206855 ], [ -111.660838, 40.209765 ], [ -111.658304, 40.212084 ], [ -111.657093, 40.213366 ], [ -111.651885, 40.218208 ], [ -111.647411, 40.221467 ], [ -111.643969, 40.223369 ], [ -111.642229, 40.224165 ], [ -111.64106, 40.224774 ], [ -111.638751, 40.227074 ], [ -111.632333, 40.232787 ], [ -111.63189, 40.233376 ], [ -111.629167, 40.238003 ], [ -111.628767, 40.238743 ], [ -111.625639, 40.245674 ], [ -111.625561, 40.246837 ], [ -111.625564, 40.247072 ], [ -111.62561, 40.247139 ], [ -111.626237, 40.247715 ], [ -111.627, 40.24836 ], [ -111.630559, 40.254379 ], [ -111.630183, 40.262579 ], [ -111.628361, 40.264439 ], [ -111.628365, 40.264641 ], [ -111.629114, 40.266176 ], [ -111.634439, 40.270275 ], [ -111.637936, 40.272511 ], [ -111.643943, 40.276424 ], [ -111.650747, 40.281422 ], [ -111.658703, 40.284501 ], [ -111.664856, 40.28553 ], [ -111.669552, 40.287845 ], [ -111.669713, 40.287936 ], [ -111.67102, 40.288505 ], [ -111.676424, 40.285934 ], [ -111.685396, 40.286059 ], [ -111.690033, 40.286614 ], [ -111.690122, 40.286592 ], [ -111.692938, 40.283321 ], [ -111.697043, 40.278975 ], [ -111.70071, 40.275258 ], [ -111.701806, 40.273997 ], [ -111.703483, 40.271836 ], [ -111.708362, 40.266813 ], [ -111.712419, 40.262126 ], [ -111.711579, 40.258984 ] ] ] } },
{ "type": "Feature", "properties": { "group_index": 0, "value": 300.0, "center": [ -111.66742373060558, 40.24040863537783 ], "point_id": 0.0 }, "geometry": { "type": "Polygon", "coordinates": [ [ [ -111.685105, 40.238746 ], [ -111.683509, 40.237693 ], [ -111.680003, 40.234685 ], [ -111.678329, 40.23338 ], [ -111.674727, 40.230576 ], [ -111.672995, 40.229253 ], [ -111.671243, 40.227924 ], [ -111.667659, 40.225269 ], [ -111.667435, 40.225269 ], [ -111.663703, 40.227946 ], [ -111.65985, 40.230611 ], [ -111.656564, 40.233296 ], [ -111.653213, 40.235927 ], [ -111.651481, 40.237252 ], [ -111.649767, 40.238567 ], [ -111.648149, 40.240204 ], [ -111.648026, 40.240349 ], [ -111.648026, 40.240368 ], [ -111.648026, 40.240386 ], [ -111.649738, 40.242167 ], [ -111.652697, 40.244868 ], [ -111.656832, 40.248342 ], [ -111.660224, 40.250185 ], [ -111.663154, 40.252783 ], [ -111.663198, 40.252799 ], [ -111.668307, 40.254641 ], [ -111.668856, 40.254519 ], [ -111.671226, 40.253587 ], [ -111.672397, 40.252581 ], [ -111.676232, 40.2494 ], [ -111.677727, 40.248458 ], [ -111.679009, 40.247232 ], [ -111.679785, 40.246445 ], [ -111.679669, 40.245266 ], [ -111.684667, 40.242343 ], [ -111.685079, 40.242345 ], [ -111.685105, 40.238746 ] ] ] } },
{ "type": "Feature", "properties": { "group_index": 0, "value": 600.0, "center": [ -111.66742373060558, 40.24040863537783 ], "point_id": 0.0 }, "geometry": { "type": "Polygon", "coordinates": [ [ [ -111.699855, 40.244629 ], [ -111.699762, 40.239673 ], [ -111.698791, 40.236206 ], [ -111.694748, 40.232964 ], [ -111.689614, 40.230244 ], [ -111.685342, 40.225212 ], [ -111.683802, 40.223988 ], [ -111.677492, 40.218421 ], [ -111.675805, 40.216668 ], [ -111.675718, 40.216579 ], [ -111.67484, 40.215915 ], [ -111.667467, 40.211713 ], [ -111.667353, 40.211712 ], [ -111.663382, 40.21355 ], [ -111.663314, 40.213584 ], [ -111.65932, 40.217123 ], [ -111.656072, 40.220245 ], [ -111.651018, 40.223883 ], [ -111.645374, 40.22759 ], [ -111.642484, 40.230079 ], [ -111.636007, 40.235596 ], [ -111.633725, 40.239643 ], [ -111.634169, 40.243722 ], [ -111.634717, 40.244671 ], [ -111.635427, 40.245233 ], [ -111.637245, 40.246613 ], [ -111.641883, 40.251515 ], [ -111.646327, 40.255598 ], [ -111.648643, 40.257936 ], [ -111.648669, 40.257958 ], [ -111.649283, 40.258356 ], [ -111.655721, 40.261823 ], [ -111.659774, 40.264658 ], [ -111.660646, 40.265252 ], [ -111.666244, 40.267223 ], [ -111.666249, 40.267223 ], [ -111.666249, 40.267223 ], [ -111.666254, 40.267223 ], [ -111.671503, 40.267084 ], [ -111.679902, 40.265776 ], [ -111.680601, 40.265867 ], [ -111.680726, 40.265798 ], [ -111.683633, 40.262383 ], [ -111.68713, 40.257314 ], [ -111.693281, 40.251785 ], [ -111.6996, 40.246179 ], [ -111.699855, 40.244629 ] ] ] } },
{ "type": "Feature", "properties": { "group_index": 0, "value": 900.0, "center": [ -111.66742373060558, 40.24040863537783 ], "point_id": 0.0 }, "geometry": { "type": "Polygon", "coordinates": [ [ [ -111.713346, 40.252451 ], [ -111.713387, 40.252053 ], [ -111.713388, 40.251963 ], [ -111.713565, 40.247848 ], [ -111.715382, 40.241649 ], [ -111.71531, 40.238049 ], [ -111.713072, 40.233845 ], [ -111.711285, 40.232031 ], [ -111.706309, 40.228242 ], [ -111.703684, 40.226143 ], [ -111.701316, 40.224446 ], [ -111.6998, 40.223714 ], [ -111.696696, 40.222293 ], [ -111.693096, 40.22229 ], [ -111.687077, 40.216691 ], [ -111.683239, 40.209519 ], [ -111.68066, 40.209054 ], [ -111.67808, 40.20859 ], [ -111.670602, 40.207822 ], [ -111.665931, 40.205204 ], [ -111.664896, 40.205031 ], [ -111.664142, 40.205059 ], [ -111.661287, 40.205197 ], [ -111.655992, 40.207025 ], [ -111.65058, 40.209925 ], [ -111.644872, 40.212403 ], [ -111.636792, 40.215985 ], [ -111.636633, 40.216046 ], [ -111.634561, 40.218765 ], [ -111.632978, 40.221499 ], [ -111.627691, 40.227169 ], [ -111.628445, 40.234619 ], [ -111.628197, 40.240605 ], [ -111.625472, 40.244973 ], [ -111.625257, 40.245852 ], [ -111.625385, 40.246328 ], [ -111.62561, 40.247139 ], [ -111.625904, 40.247682 ], [ -111.630574, 40.254934 ], [ -111.631688, 40.25615 ], [ -111.635188, 40.26014 ], [ -111.636075, 40.264256 ], [ -111.637152, 40.265533 ], [ -111.642498, 40.268154 ], [ -111.649613, 40.272336 ], [ -111.65004, 40.273143 ], [ -111.650826, 40.273639 ], [ -111.6539, 40.274749 ], [ -111.656768, 40.275721 ], [ -111.65939, 40.274857 ], [ -111.659925, 40.274572 ], [ -111.661387, 40.274041 ], [ -111.669067, 40.274662 ], [ -111.669049, 40.279505 ], [ -111.669196, 40.280084 ], [ -111.669938, 40.28053 ], [ -111.670746, 40.280875 ], [ -111.67097, 40.280853 ], [ -111.672685, 40.279197 ], [ -111.677082, 40.276941 ], [ -111.685632, 40.278551 ], [ -111.685783, 40.278574 ], [ -111.686075, 40.278594 ], [ -111.686229, 40.278593 ], [ -111.689564, 40.275268 ], [ -111.691663, 40.272919 ], [ -111.694681, 40.269753 ], [ -111.695653, 40.268547 ], [ -111.698284, 40.265395 ], [ -111.700605, 40.262536 ], [ -111.702271, 40.261029 ], [ -111.710446, 40.257405 ], [ -111.710722, 40.257292 ], [ -111.71322, 40.253144 ], [ -111.713267, 40.253047 ], [ -111.713346, 40.252451 ] ] ] } },
{ "type": "Feature", "properties": { "group_index": 0, "value": 300.0, "center": [ -111.66747912854574, 40.23375280011125 ], "point_id": 0.0 }, "geometry": { "type": "Polygon", "coordinates": [ [ [ -111.683292, 40.236593 ], [ -111.68355, 40.231696 ], [ -111.684924, 40.230514 ], [ -111.68477, 40.230372 ], [ -111.678946, 40.229194 ], [ -111.67788, 40.228099 ], [ -111.676468, 40.225327 ], [ -111.672916, 40.221921 ], [ -111.672797, 40.22184 ], [ -111.669252, 40.219859 ], [ -111.667374, 40.218732 ], [ -111.667347, 40.218732 ], [ -111.663803, 40.221089 ], [ -111.660078, 40.223986 ], [ -111.656852, 40.226561 ], [ -111.655062, 40.227919 ], [ -111.653391, 40.229191 ], [ -111.649921, 40.231915 ], [ -111.648179, 40.233659 ], [ -111.648178, 40.233742 ], [ -111.649905, 40.235515 ], [ -111.651605, 40.236896 ], [ -111.654954, 40.239531 ], [ -111.655112, 40.239648 ], [ -111.656612, 40.240763 ], [ -111.656734, 40.240854 ], [ -111.65847, 40.242179 ], [ -111.66141, 40.244834 ], [ -111.665487, 40.247901 ], [ -111.66764, 40.248733 ], [ -111.667713, 40.248733 ], [ -111.668443, 40.248219 ], [ -111.669319, 40.247592 ], [ -111.672595, 40.245158 ], [ -111.67649, 40.242229 ], [ -111.677429, 40.241509 ], [ -111.681749, 40.238276 ], [ -111.682799, 40.237464 ], [ -111.683292, 40.23662 ], [ -111.683292, 40.236593 ] ] ] } },
{ "type": "Feature", "properties": { "group_index": 0, "value": 600.0, "center": [ -111.66747912854574, 40.23375280011125 ], "point_id": 0.0 }, "geometry": { "type": "Polygon", "coordinates": [ [ [ -111.701341, 40.233693 ], [ -111.700122, 40.23206 ], [ -111.696729, 40.229778 ], [ -111.693292, 40.224613 ], [ -111.692427, 40.223985 ], [ -111.68916, 40.221924 ], [ -111.684844, 40.216683 ], [ -111.683641, 40.21668 ], [ -111.677467, 40.211122 ], [ -111.670904, 40.207605 ], [ -111.668255, 40.205812 ], [ -111.667124, 40.205146 ], [ -111.667002, 40.205145 ], [ -111.666984, 40.205145 ], [ -111.666862, 40.205144 ], [ -111.665316, 40.207698 ], [ -111.660143, 40.211592 ], [ -111.657113, 40.21191 ], [ -111.651342, 40.217117 ], [ -111.646462, 40.22035 ], [ -111.643347, 40.222543 ], [ -111.640478, 40.224718 ], [ -111.637706, 40.227066 ], [ -111.634373, 40.230016 ], [ -111.631887, 40.232872 ], [ -111.631715, 40.233108 ], [ -111.631466, 40.234332 ], [ -111.635312, 40.239192 ], [ -111.636831, 40.240492 ], [ -111.643615, 40.244993 ], [ -111.646846, 40.249108 ], [ -111.646873, 40.249129 ], [ -111.649954, 40.250563 ], [ -111.65565, 40.2549 ], [ -111.661382, 40.258759 ], [ -111.666739, 40.260504 ], [ -111.667873, 40.260552 ], [ -111.675529, 40.26057 ], [ -111.67556, 40.260555 ], [ -111.677491, 40.258949 ], [ -111.679964, 40.253516 ], [ -111.685975, 40.248752 ], [ -111.690255, 40.247784 ], [ -111.692768, 40.247136 ], [ -111.693126, 40.246876 ], [ -111.693905, 40.24414 ], [ -111.698211, 40.23712 ], [ -111.700122, 40.23566 ], [ -111.701342, 40.23384 ], [ -111.701341, 40.233693 ] ] ] } },
{ "type": "Feature", "properties": { "group_index": 0, "value": 900.0, "center": [ -111.66747912854574, 40.23375280011125 ], "point_id": 0.0 }, "geometry": { "type": "Polygon", "coordinates": [ [ [ -111.717892, 40.232042 ], [ -111.715059, 40.229472 ], [ -111.714773, 40.229269 ], [ -111.710547, 40.22777 ], [ -111.70677, 40.223293 ], [ -111.706289, 40.222493 ], [ -111.704537, 40.220799 ], [ -111.702114, 40.219883 ], [ -111.701856, 40.219782 ], [ -111.6967, 40.217896 ], [ -111.691409, 40.21378 ], [ -111.689414, 40.211653 ], [ -111.681826, 40.209265 ], [ -111.67808, 40.20859 ], [ -111.670904, 40.207605 ], [ -111.668255, 40.205812 ], [ -111.667124, 40.205146 ], [ -111.667002, 40.205145 ], [ -111.666984, 40.205145 ], [ -111.666862, 40.205144 ], [ -111.665931, 40.205204 ], [ -111.664238, 40.205218 ], [ -111.656165, 40.203434 ], [ -111.655891, 40.203396 ], [ -111.655168, 40.203414 ], [ -111.654691, 40.203512 ], [ -111.646268, 40.205893 ], [ -111.645765, 40.206021 ], [ -111.645149, 40.206761 ], [ -111.644025, 40.208185 ], [ -111.640489, 40.211332 ], [ -111.634642, 40.21084 ], [ -111.632935, 40.210351 ], [ -111.632707, 40.210437 ], [ -111.628198, 40.215326 ], [ -111.623775, 40.222837 ], [ -111.623589, 40.223522 ], [ -111.623796, 40.22619 ], [ -111.626159, 40.229331 ], [ -111.627162, 40.237152 ], [ -111.627265, 40.237537 ], [ -111.627818, 40.238636 ], [ -111.629288, 40.241671 ], [ -111.628943, 40.249005 ], [ -111.629217, 40.249352 ], [ -111.630517, 40.250816 ], [ -111.633978, 40.254612 ], [ -111.640388, 40.259529 ], [ -111.641059, 40.260278 ], [ -111.646503, 40.263439 ], [ -111.651891, 40.266409 ], [ -111.65579, 40.268566 ], [ -111.659146, 40.268926 ], [ -111.660192, 40.267558 ], [ -111.666389, 40.266018 ], [ -111.66916, 40.270717 ], [ -111.669071, 40.271578 ], [ -111.668976, 40.272477 ], [ -111.671231, 40.273572 ], [ -111.671423, 40.273631 ], [ -111.672556, 40.272855 ], [ -111.679596, 40.27059 ], [ -111.681505, 40.271459 ], [ -111.68294, 40.272148 ], [ -111.68318, 40.272115 ], [ -111.68366, 40.271981 ], [ -111.684279, 40.271494 ], [ -111.687294, 40.268469 ], [ -111.68992, 40.264714 ], [ -111.691852, 40.262497 ], [ -111.693145, 40.261082 ], [ -111.695607, 40.257425 ], [ -111.702102, 40.25399 ], [ -111.702247, 40.253963 ], [ -111.706736, 40.25393 ], [ -111.706754, 40.253922 ], [ -111.706775, 40.253912 ], [ -111.706792, 40.253903 ], [ -111.708346, 40.250472 ], [ -111.709687, 40.244329 ], [ -111.715093, 40.237539 ], [ -111.717813, 40.235642 ], [ -111.717892, 40.232042 ] ] ] } },
{ "type": "Feature", "properties": { "group_index": 0, "value": 300.0, "center": [ -111.71499094481672, 40.311724276992855 ], "point_id": 0.0 }, "geometry": { "type": "Polygon", "coordinates": [ [ [ -111.733535, 40.312087 ], [ -111.733524, 40.311629 ], [ -111.733518, 40.311392 ], [ -111.73227, 40.310044 ], [ -111.731857, 40.309877 ], [ -111.72899, 40.308324 ], [ -111.726652, 40.305571 ], [ -111.726211, 40.30508 ], [ -111.724365, 40.303513 ], [ -111.719852, 40.299578 ], [ -111.715669, 40.297331 ], [ -111.714915, 40.297334 ], [ -111.713549, 40.297393 ], [ -111.712457, 40.298194 ], [ -111.710741, 40.299842 ], [ -111.707441, 40.302065 ], [ -111.706623, 40.302661 ], [ -111.704412, 40.304498 ], [ -111.700881, 40.307746 ], [ -111.697458, 40.310328 ], [ -111.696396, 40.311656 ], [ -111.696399, 40.311794 ], [ -111.696435, 40.312446 ], [ -111.697493, 40.313928 ], [ -111.701953, 40.316987 ], [ -111.706171, 40.319861 ], [ -111.707177, 40.321043 ], [ -111.711132, 40.324009 ], [ -111.71197, 40.324645 ], [ -111.713115, 40.325523 ], [ -111.715197, 40.326895 ], [ -111.715248, 40.326896 ], [ -111.718602, 40.324523 ], [ -111.721049, 40.322712 ], [ -111.724703, 40.320354 ], [ -111.72646, 40.318584 ], [ -111.72981, 40.314874 ], [ -111.732239, 40.313643 ], [ -111.733461, 40.312401 ], [ -111.733538, 40.312197 ], [ -111.733535, 40.312087 ] ] ] } },
{ "type": "Feature", "properties": { "group_index": 0, "value": 600.0, "center": [ -111.71499094481672, 40.311724276992855 ], "point_id": 0.0 }, "geometry": { "type": "Polygon", "coordinates": [ [ [ -111.749392, 40.308795 ], [ -111.748672, 40.308945 ], [ -111.745524, 40.309577 ], [ -111.740365, 40.302592 ], [ -111.738373, 40.300706 ], [ -111.733989, 40.296821 ], [ -111.731053, 40.295323 ], [ -111.726034, 40.291551 ], [ -111.724287, 40.289865 ], [ -111.722124, 40.288113 ], [ -111.716598, 40.284532 ], [ -111.715842, 40.284081 ], [ -111.714397, 40.283257 ], [ -111.714077, 40.283254 ], [ -111.713085, 40.284019 ], [ -111.709847, 40.286617 ], [ -111.708858, 40.287372 ], [ -111.707864, 40.288152 ], [ -111.705036, 40.290026 ], [ -111.704059, 40.290812 ], [ -111.695797, 40.293411 ], [ -111.695587, 40.293528 ], [ -111.694229, 40.294933 ], [ -111.693711, 40.295489 ], [ -111.69063, 40.299029 ], [ -111.687095, 40.302711 ], [ -111.685353, 40.304516 ], [ -111.67936, 40.310214 ], [ -111.679499, 40.313812 ], [ -111.683592, 40.316539 ], [ -111.687649, 40.319621 ], [ -111.689502, 40.321066 ], [ -111.695707, 40.325786 ], [ -111.699154, 40.328401 ], [ -111.703183, 40.331649 ], [ -111.708866, 40.335552 ], [ -111.715193, 40.340012 ], [ -111.715297, 40.340014 ], [ -111.71723, 40.33974 ], [ -111.717821, 40.33964 ], [ -111.717883, 40.339606 ], [ -111.717883, 40.339606 ], [ -111.717944, 40.339572 ], [ -111.721958, 40.335469 ], [ -111.724992, 40.333932 ], [ -111.727389, 40.331955 ], [ -111.732978, 40.328025 ], [ -111.738557, 40.32307 ], [ -111.739033, 40.321683 ], [ -111.739713, 40.31859 ], [ -111.74621, 40.313111 ], [ -111.749405, 40.31247 ], [ -111.750125, 40.31232 ], [ -111.749392, 40.308795 ] ] ] } },
{ "type": "Feature", "properties": { "group_index": 0, "value": 900.0, "center": [ -111.71499094481672, 40.311724276992855 ], "point_id": 0.0 }, "geometry": { "type": "Polygon", "coordinates": [ [ [ -111.765187, 40.313267 ], [ -111.765244, 40.312153 ], [ -111.765231, 40.311435 ], [ -111.76495, 40.307126 ], [ -111.759754, 40.301978 ], [ -111.75316, 40.297875 ], [ -111.7494, 40.295201 ], [ -111.747647, 40.294268 ], [ -111.741767, 40.289779 ], [ -111.740017, 40.287984 ], [ -111.736647, 40.284836 ], [ -111.734147, 40.283693 ], [ -111.734135, 40.283693 ], [ -111.731408, 40.284739 ], [ -111.724463, 40.280314 ], [ -111.723396, 40.278856 ], [ -111.722111, 40.277364 ], [ -111.721207, 40.276371 ], [ -111.714601, 40.27718 ], [ -111.711135, 40.276969 ], [ -111.7053, 40.276708 ], [ -111.704963, 40.276705 ], [ -111.701799, 40.278752 ], [ -111.695384, 40.280736 ], [ -111.691252, 40.280567 ], [ -111.691188, 40.280568 ], [ -111.690905, 40.280573 ], [ -111.690611, 40.280581 ], [ -111.690526, 40.280632 ], [ -111.6887, 40.28196 ], [ -111.68339, 40.287879 ], [ -111.681505, 40.289611 ], [ -111.675323, 40.295102 ], [ -111.674631, 40.296084 ], [ -111.669391, 40.302746 ], [ -111.667659, 40.304567 ], [ -111.662067, 40.310212 ], [ -111.661081, 40.311117 ], [ -111.661061, 40.311146 ], [ -111.660645, 40.312056 ], [ -111.660647, 40.312132 ], [ -111.66212, 40.313812 ], [ -111.66885, 40.318643 ], [ -111.671388, 40.320969 ], [ -111.672055, 40.321611 ], [ -111.676735, 40.32492 ], [ -111.679537, 40.327959 ], [ -111.681314, 40.329934 ], [ -111.683214, 40.331286 ], [ -111.684807, 40.332129 ], [ -111.690219, 40.335555 ], [ -111.695188, 40.339646 ], [ -111.69834, 40.341658 ], [ -111.704375, 40.345858 ], [ -111.707692, 40.348436 ], [ -111.709946, 40.350071 ], [ -111.710728, 40.350081 ], [ -111.715931, 40.348646 ], [ -111.719782, 40.35053 ], [ -111.72034, 40.350867 ], [ -111.720807, 40.350939 ], [ -111.720929, 40.350938 ], [ -111.728777, 40.350007 ], [ -111.728873, 40.349938 ], [ -111.730089, 40.347209 ], [ -111.730702, 40.34448 ], [ -111.736853, 40.339778 ], [ -111.741443, 40.336692 ], [ -111.742874, 40.335385 ], [ -111.748426, 40.330366 ], [ -111.751641, 40.328105 ], [ -111.751618, 40.324505 ], [ -111.750689, 40.32446 ], [ -111.743648, 40.319774 ], [ -111.748898, 40.313884 ], [ -111.750398, 40.313572 ], [ -111.756018, 40.31447 ], [ -111.759937, 40.317761 ], [ -111.763537, 40.317749 ], [ -111.765126, 40.313897 ], [ -111.765187, 40.313267 ] ] ] } },
{ "type": "Feature", "properties": { "group_index": 0, "value": 300.0, "center": [ -111.73464315097867, 40.311732803719444 ], "point_id": 0.0 }, "geometry": { "type": "Polygon", "coordinates": [ [ [ -111.75155, 40.308347 ], [ -111.748672, 40.308945 ], [ -111.745524, 40.309577 ], [ -111.742347, 40.308352 ], [ -111.74063, 40.30619 ], [ -111.740592, 40.30259 ], [ -111.740399, 40.302335 ], [ -111.738998, 40.300739 ], [ -111.735771, 40.298641 ], [ -111.733989, 40.296821 ], [ -111.733812, 40.296818 ], [ -111.730049, 40.299678 ], [ -111.724872, 40.302651 ], [ -111.721972, 40.30771 ], [ -111.718432, 40.309013 ], [ -111.717223, 40.310218 ], [ -111.715651, 40.312039 ], [ -111.715653, 40.312213 ], [ -111.717224, 40.313818 ], [ -111.719231, 40.31532 ], [ -111.720688, 40.315746 ], [ -111.724572, 40.317634 ], [ -111.727963, 40.320899 ], [ -111.72954, 40.322472 ], [ -111.733137, 40.32441 ], [ -111.733396, 40.324534 ], [ -111.735337, 40.325423 ], [ -111.738875, 40.324758 ], [ -111.739201, 40.32261 ], [ -111.739917, 40.319109 ], [ -111.739909, 40.31903 ], [ -111.739804, 40.318772 ], [ -111.742344, 40.313595 ], [ -111.743774, 40.313458 ], [ -111.74621, 40.313111 ], [ -111.749405, 40.31247 ], [ -111.752283, 40.311872 ], [ -111.75155, 40.308347 ] ] ] } },
{ "type": "Feature", "properties": { "group_index": 0, "value": 600.0, "center": [ -111.73464315097867, 40.311732803719444 ], "point_id": 0.0 }, "geometry": { "type": "Polygon", "coordinates": [ [ [ -111.765231, 40.311435 ], [ -111.764906, 40.306557 ], [ -111.764835, 40.306072 ], [ -111.76454, 40.305166 ], [ -111.764347, 40.30485 ], [ -111.761197, 40.301495 ], [ -111.756079, 40.298152 ], [ -111.752936, 40.296372 ], [ -111.74763, 40.294221 ], [ -111.741767, 40.289897 ], [ -111.740244, 40.287981 ], [ -111.738722, 40.286821 ], [ -111.735395, 40.284322 ], [ -111.734323, 40.283692 ], [ -111.734135, 40.283693 ], [ -111.731648, 40.284675 ], [ -111.728528, 40.286927 ], [ -111.722739, 40.290841 ], [ -111.718885, 40.292383 ], [ -111.717265, 40.293618 ], [ -111.715966, 40.295033 ], [ -111.712753, 40.298193 ], [ -111.707155, 40.302658 ], [ -111.705927, 40.303821 ], [ -111.700481, 40.30892 ], [ -111.698038, 40.312157 ], [ -111.698039, 40.312188 ], [ -111.699563, 40.313787 ], [ -111.701103, 40.314978 ], [ -111.702718, 40.316192 ], [ -111.708943, 40.32103 ], [ -111.714318, 40.325513 ], [ -111.720407, 40.328175 ], [ -111.724812, 40.331098 ], [ -111.732223, 40.335412 ], [ -111.737798, 40.338782 ], [ -111.739957, 40.339782 ], [ -111.740038, 40.339782 ], [ -111.745088, 40.335362 ], [ -111.750255, 40.33057 ], [ -111.753703, 40.328091 ], [ -111.753675, 40.324491 ], [ -111.75994, 40.31868 ], [ -111.76354, 40.318668 ], [ -111.765335, 40.314864 ], [ -111.765231, 40.311435 ] ] ] } },
{ "type": "Feature", "properties": { "group_index": 0, "value": 900.0, "center": [ -111.73464315097867, 40.311732803719444 ], "point_id": 0.0 }, "geometry": { "type": "Polygon", "coordinates": [ [ [ -111.765307, 40.330884 ], [ -111.766587, 40.323847 ], [ -111.767237, 40.321432 ], [ -111.767888, 40.319017 ], [ -111.767951, 40.318285 ], [ -111.767784, 40.317456 ], [ -111.767491, 40.316869 ], [ -111.765231, 40.311435 ], [ -111.764906, 40.306557 ], [ -111.764835, 40.306072 ], [ -111.76454, 40.305166 ], [ -111.764347, 40.30485 ], [ -111.761782, 40.296956 ], [ -111.761835, 40.293981 ], [ -111.760696, 40.292878 ], [ -111.756331, 40.286335 ], [ -111.755695, 40.285211 ], [ -111.755381, 40.284925 ], [ -111.750657, 40.281434 ], [ -111.747162, 40.278229 ], [ -111.746863, 40.277994 ], [ -111.746521, 40.277769 ], [ -111.74175, 40.277034 ], [ -111.738559, 40.276499 ], [ -111.731639, 40.273852 ], [ -111.730124, 40.272506 ], [ -111.729516, 40.272276 ], [ -111.726933, 40.271926 ], [ -111.72469, 40.272538 ], [ -111.724488, 40.272648 ], [ -111.723844, 40.273061 ], [ -111.723817, 40.273084 ], [ -111.720045, 40.279432 ], [ -111.71379, 40.282482 ], [ -111.713743, 40.282498 ], [ -111.71283, 40.283232 ], [ -111.706694, 40.288146 ], [ -111.705977, 40.288815 ], [ -111.704069, 40.290812 ], [ -111.697359, 40.294817 ], [ -111.696525, 40.295115 ], [ -111.696484, 40.295148 ], [ -111.694186, 40.297179 ], [ -111.692406, 40.298989 ], [ -111.68641, 40.305144 ], [ -111.681657, 40.3101 ], [ -111.680302, 40.312176 ], [ -111.680303, 40.312199 ], [ -111.68187, 40.31374 ], [ -111.683394, 40.315194 ], [ -111.689373, 40.319545 ], [ -111.691237, 40.321062 ], [ -111.696976, 40.325444 ], [ -111.70087, 40.328395 ], [ -111.704218, 40.331093 ], [ -111.710115, 40.335449 ], [ -111.712982, 40.337151 ], [ -111.714838, 40.338212 ], [ -111.720226, 40.341091 ], [ -111.723849, 40.344746 ], [ -111.730277, 40.348045 ], [ -111.737639, 40.351507 ], [ -111.739369, 40.352629 ], [ -111.740773, 40.352608 ], [ -111.742427, 40.35249 ], [ -111.745675, 40.349951 ], [ -111.7472, 40.348468 ], [ -111.747925, 40.346713 ], [ -111.753318, 40.341555 ], [ -111.756285, 40.341031 ], [ -111.756381, 40.340959 ], [ -111.76167, 40.335605 ], [ -111.764914, 40.332828 ], [ -111.764972, 40.332767 ], [ -111.765307, 40.330884 ] ] ] } },
{ "type": "Feature", "properties": { "group_index": 0, "value": 300.0, "center": [ -111.65241095997801, 40.21557306084063 ], "point_id": 0.0 }, "geometry": { "type": "Polygon", "coordinates": [ [ [ -111.666984, 40.217052 ], [ -111.664916, 40.214075 ], [ -111.662048, 40.212578 ], [ -111.660999, 40.209134 ], [ -111.659803, 40.205739 ], [ -111.656162, 40.203434 ], [ -111.655891, 40.203396 ], [ -111.655168, 40.203414 ], [ -111.654691, 40.203512 ], [ -111.653139, 40.204036 ], [ -111.652773, 40.204205 ], [ -111.651921, 40.204581 ], [ -111.651547, 40.204772 ], [ -111.651008, 40.205189 ], [ -111.646464, 40.206859 ], [ -111.644781, 40.20607 ], [ -111.644571, 40.20608 ], [ -111.643255, 40.206951 ], [ -111.643853, 40.210501 ], [ -111.644977, 40.214783 ], [ -111.645341, 40.220548 ], [ -111.646009, 40.221296 ], [ -111.647565, 40.222608 ], [ -111.64812, 40.223046 ], [ -111.648613, 40.223392 ], [ -111.649181, 40.223688 ], [ -111.649563, 40.223823 ], [ -111.655427, 40.224398 ], [ -111.657822, 40.22642 ], [ -111.657983, 40.22642 ], [ -111.660233, 40.225022 ], [ -111.664625, 40.221423 ], [ -111.666016, 40.219627 ], [ -111.666985, 40.217092 ], [ -111.666984, 40.217052 ] ] ] } },
{ "type": "Feature", "properties": { "group_index": 0, "value": 600.0, "center": [ -111.65241095997801, 40.21557306084063 ], "point_id": 0.0 }, "geometry": { "type": "Polygon", "coordinates": [ [ [ -111.679511, 40.221012 ], [ -111.677562, 40.213959 ], [ -111.677831, 40.208545 ], [ -111.672206, 40.205867 ], [ -111.671547, 40.205583 ], [ -111.67103, 40.205414 ], [ -111.67065, 40.205317 ], [ -111.670046, 40.20522 ], [ -111.669235, 40.205174 ], [ -111.665997, 40.20511 ], [ -111.664518, 40.205107 ], [ -111.656162, 40.203434 ], [ -111.655891, 40.203396 ], [ -111.655168, 40.203414 ], [ -111.654691, 40.203512 ], [ -111.653139, 40.204036 ], [ -111.652773, 40.204205 ], [ -111.651921, 40.204581 ], [ -111.651547, 40.204772 ], [ -111.643626, 40.20096 ], [ -111.64358, 40.197361 ], [ -111.640151, 40.195274 ], [ -111.639121, 40.195296 ], [ -111.637405, 40.195847 ], [ -111.637328, 40.196496 ], [ -111.637372, 40.197302 ], [ -111.637929, 40.199366 ], [ -111.638086, 40.199841 ], [ -111.632824, 40.205881 ], [ -111.630528, 40.204835 ], [ -111.629915, 40.204294 ], [ -111.628741, 40.204459 ], [ -111.626667, 40.207402 ], [ -111.626428, 40.208786 ], [ -111.626434, 40.209247 ], [ -111.626692, 40.209967 ], [ -111.630172, 40.211024 ], [ -111.632031, 40.211355 ], [ -111.632092, 40.211328 ], [ -111.637274, 40.210479 ], [ -111.640677, 40.21101 ], [ -111.645458, 40.21776 ], [ -111.645341, 40.220548 ], [ -111.64419, 40.225388 ], [ -111.644226, 40.227412 ], [ -111.645611, 40.229373 ], [ -111.649638, 40.232817 ], [ -111.649667, 40.23284 ], [ -111.656815, 40.237883 ], [ -111.657761, 40.238597 ], [ -111.657794, 40.238601 ], [ -111.660321, 40.238228 ], [ -111.662722, 40.236705 ], [ -111.669207, 40.231519 ], [ -111.674767, 40.227595 ], [ -111.676293, 40.226005 ], [ -111.67951, 40.221127 ], [ -111.679511, 40.221012 ] ] ] } },
{ "type": "Feature", "properties": { "group_index": 0, "value": 900.0, "center": [ -111.65241095997801, 40.21557306084063 ], "point_id": 0.0 }, "geometry": { "type": "Polygon", "coordinates": [ [ [ -111.69336, 40.225087 ], [ -111.693292, 40.224611 ], [ -111.6912, 40.218042 ], [ -111.69286, 40.214848 ], [ -111.692784, 40.214755 ], [ -111.689414, 40.211653 ], [ -111.681826, 40.209265 ], [ -111.67808, 40.20859 ], [ -111.672206, 40.205867 ], [ -111.671547, 40.205583 ], [ -111.67103, 40.205414 ], [ -111.67065, 40.205317 ], [ -111.670046, 40.20522 ], [ -111.669235, 40.205174 ], [ -111.665997, 40.20511 ], [ -111.664518, 40.205107 ], [ -111.656162, 40.203434 ], [ -111.649022, 40.198915 ], [ -111.64808, 40.19792 ], [ -111.647543, 40.197587 ], [ -111.640171, 40.192486 ], [ -111.640131, 40.189411 ], [ -111.640096, 40.186915 ], [ -111.640089, 40.184749 ], [ -111.640082, 40.182584 ], [ -111.636482, 40.182595 ], [ -111.636489, 40.184761 ], [ -111.636368, 40.187305 ], [ -111.636301, 40.188096 ], [ -111.636322, 40.188591 ], [ -111.636548, 40.189767 ], [ -111.628442, 40.193267 ], [ -111.622326, 40.193105 ], [ -111.61701, 40.194432 ], [ -111.614385, 40.196895 ], [ -111.616022, 40.20494 ], [ -111.616333, 40.207201 ], [ -111.619372, 40.210862 ], [ -111.623555, 40.218739 ], [ -111.623961, 40.219472 ], [ -111.624697, 40.220099 ], [ -111.629851, 40.224736 ], [ -111.630057, 40.228845 ], [ -111.63003, 40.229174 ], [ -111.630094, 40.229378 ], [ -111.631121, 40.230968 ], [ -111.63282, 40.232529 ], [ -111.637648, 40.237451 ], [ -111.642545, 40.241008 ], [ -111.645681, 40.243125 ], [ -111.65051, 40.247356 ], [ -111.655021, 40.250436 ], [ -111.658566, 40.252775 ], [ -111.658607, 40.252775 ], [ -111.659302, 40.252337 ], [ -111.66666, 40.247369 ], [ -111.666669, 40.247361 ], [ -111.669649, 40.245065 ], [ -111.673008, 40.24222 ], [ -111.677528, 40.239546 ], [ -111.682466, 40.23639 ], [ -111.683478, 40.235239 ], [ -111.689156, 40.230214 ], [ -111.692437, 40.227585 ], [ -111.693397, 40.225699 ], [ -111.69336, 40.225087 ] ] ] } },
{ "type": "Feature", "properties": { "group_index": 0, "value": 300.0, "center": [ -111.62084848598806, 40.161116852724035 ], "point_id": 0.0 }, "geometry": { "type": "Polygon", "coordinates": [ [ [ -111.638469, 40.159456 ], [ -111.634117, 40.15594 ], [ -111.630499, 40.152091 ], [ -111.626757, 40.148906 ], [ -111.625774, 40.14892 ], [ -111.624689, 40.148935 ], [ -111.619887, 40.152065 ], [ -111.6183, 40.152036 ], [ -111.616537, 40.152524 ], [ -111.611663, 40.154282 ], [ -111.608817, 40.155058 ], [ -111.605252, 40.157778 ], [ -111.602391, 40.159844 ], [ -111.601537, 40.161067 ], [ -111.601537, 40.161089 ], [ -111.60285, 40.162552 ], [ -111.605019, 40.164255 ], [ -111.608204, 40.166872 ], [ -111.610467, 40.168485 ], [ -111.614163, 40.171295 ], [ -111.614215, 40.171298 ], [ -111.617804, 40.169903 ], [ -111.62204, 40.16805 ], [ -111.624102, 40.168605 ], [ -111.626086, 40.169181 ], [ -111.629686, 40.169198 ], [ -111.63099, 40.168619 ], [ -111.632742, 40.166944 ], [ -111.632743, 40.166827 ], [ -111.634837, 40.163044 ], [ -111.638296, 40.163055 ], [ -111.63846, 40.163056 ], [ -111.638469, 40.159456 ] ] ] } },
{ "type": "Feature", "properties": { "group_index": 0, "value": 600.0, "center": [ -111.62084848598806, 40.161116852724035 ], "point_id": 0.0 }, "geometry": { "type": "Polygon", "coordinates": [ [ [ -111.656492, 40.160704 ], [ -111.656492, 40.160312 ], [ -111.656057, 40.159527 ], [ -111.655886, 40.159359 ], [ -111.65536, 40.159003 ], [ -111.654318, 40.158915 ], [ -111.648051, 40.152652 ], [ -111.642856, 40.149648 ], [ -111.63843, 40.142837 ], [ -111.63452, 40.142231 ], [ -111.626576, 40.14295 ], [ -111.624162, 40.142967 ], [ -111.621717, 40.144318 ], [ -111.613258, 40.141911 ], [ -111.610798, 40.140937 ], [ -111.603735, 40.142853 ], [ -111.601462, 40.143 ], [ -111.60102, 40.143282 ], [ -111.599671, 40.146702 ], [ -111.592687, 40.152043 ], [ -111.592166, 40.153218 ], [ -111.585631, 40.159078 ], [ -111.584823, 40.161109 ], [ -111.585133, 40.162023 ], [ -111.585614, 40.162678 ], [ -111.58759, 40.164653 ], [ -111.590085, 40.166537 ], [ -111.596368, 40.171239 ], [ -111.597622, 40.172211 ], [ -111.604113, 40.178025 ], [ -111.608817, 40.180302 ], [ -111.611508, 40.181142 ], [ -111.619508, 40.182425 ], [ -111.619848, 40.182427 ], [ -111.620168, 40.182388 ], [ -111.628063, 40.181682 ], [ -111.631644, 40.181757 ], [ -111.635564, 40.175948 ], [ -111.639164, 40.175915 ], [ -111.642387, 40.168669 ], [ -111.649193, 40.165857 ], [ -111.650902, 40.165864 ], [ -111.656147, 40.163126 ], [ -111.656492, 40.160704 ] ] ] } },
{ "type": "Feature", "properties": { "group_index": 0, "value": 900.0, "center": [ -111.62084848598806, 40.161116852724035 ], "point_id": 0.0 }, "geometry": { "type": "Polygon", "coordinates": [ [ [ -111.673257, 40.156754 ], [ -111.666415, 40.152581 ], [ -111.666241, 40.15248 ], [ -111.664021, 40.151378 ], [ -111.65862, 40.147986 ], [ -111.657207, 40.144588 ], [ -111.6569, 40.143598 ], [ -111.655884, 40.142788 ], [ -111.650461, 40.138756 ], [ -111.649993, 40.138755 ], [ -111.642001, 40.134642 ], [ -111.642003, 40.134612 ], [ -111.642003, 40.134585 ], [ -111.642002, 40.134555 ], [ -111.640663, 40.132366 ], [ -111.640082, 40.131213 ], [ -111.636315, 40.129056 ], [ -111.636233, 40.129037 ], [ -111.634171, 40.130319 ], [ -111.634169, 40.130324 ], [ -111.633934, 40.132235 ], [ -111.633775, 40.134282 ], [ -111.635342, 40.136837 ], [ -111.63452, 40.142231 ], [ -111.626576, 40.14295 ], [ -111.624162, 40.142967 ], [ -111.620936, 40.134926 ], [ -111.621958, 40.13377 ], [ -111.623036, 40.132541 ], [ -111.623338, 40.132208 ], [ -111.622636, 40.129791 ], [ -111.62173, 40.129607 ], [ -111.6216, 40.129624 ], [ -111.620674, 40.129787 ], [ -111.615228, 40.131883 ], [ -111.610341, 40.131275 ], [ -111.610017, 40.131274 ], [ -111.607523, 40.131603 ], [ -111.60613, 40.131929 ], [ -111.598414, 40.129867 ], [ -111.597856, 40.12987 ], [ -111.593087, 40.132501 ], [ -111.588886, 40.13649 ], [ -111.586515, 40.139445 ], [ -111.5853, 40.140799 ], [ -111.582087, 40.144837 ], [ -111.578007, 40.148005 ], [ -111.570916, 40.150879 ], [ -111.570032, 40.154369 ], [ -111.570536, 40.160925 ], [ -111.570628, 40.161752 ], [ -111.570642, 40.161792 ], [ -111.577067, 40.166551 ], [ -111.578729, 40.167041 ], [ -111.58211, 40.167278 ], [ -111.58698, 40.172585 ], [ -111.58865, 40.175405 ], [ -111.591936, 40.177368 ], [ -111.596386, 40.182081 ], [ -111.596785, 40.182381 ], [ -111.599452, 40.183743 ], [ -111.606896, 40.185678 ], [ -111.607604, 40.18829 ], [ -111.607894, 40.188784 ], [ -111.608425, 40.189707 ], [ -111.60991, 40.192987 ], [ -111.612813, 40.19522 ], [ -111.616273, 40.192519 ], [ -111.617961, 40.190828 ], [ -111.618304, 40.189675 ], [ -111.623074, 40.18527 ], [ -111.629357, 40.188063 ], [ -111.630895, 40.18949 ], [ -111.632357, 40.189702 ], [ -111.636542, 40.189671 ], [ -111.640051, 40.188867 ], [ -111.642386, 40.187105 ], [ -111.64418, 40.185748 ], [ -111.644176, 40.185289 ], [ -111.647767, 40.177128 ], [ -111.649052, 40.176116 ], [ -111.650763, 40.174326 ], [ -111.652655, 40.172529 ], [ -111.652675, 40.168929 ], [ -111.658497, 40.162946 ], [ -111.659183, 40.162742 ], [ -111.659842, 40.162451 ], [ -111.666982, 40.160398 ], [ -111.669333, 40.160381 ], [ -111.671308, 40.160367 ], [ -111.673282, 40.160354 ], [ -111.673257, 40.156754 ] ] ] } },
{ "type": "Feature", "properties": { "group_index": 0, "value": 300.0, "center": [ -111.61981347620895, 40.144798560575325 ], "point_id": 0.0 }, "geometry": { "type": "Polygon", "coordinates": [ [ [ -111.637866, 40.144681 ], [ -111.637878, 40.143366 ], [ -111.637439, 40.142848 ], [ -111.636045, 40.142864 ], [ -111.632661, 40.142892 ], [ -111.629112, 40.142925 ], [ -111.626572, 40.14295 ], [ -111.624162, 40.142967 ], [ -111.621748, 40.142984 ], [ -111.620843, 40.142992 ], [ -111.616739, 40.138889 ], [ -111.615769, 40.137299 ], [ -111.61554, 40.137188 ], [ -111.614019, 40.137291 ], [ -111.613633, 40.137731 ], [ -111.608172, 40.138681 ], [ -111.60798, 40.138599 ], [ -111.606042, 40.139231 ], [ -111.606017, 40.139266 ], [ -111.606564, 40.141909 ], [ -111.606914, 40.147709 ], [ -111.607144, 40.148359 ], [ -111.609928, 40.151891 ], [ -111.611915, 40.153396 ], [ -111.612231, 40.153318 ], [ -111.613489, 40.152421 ], [ -111.613576, 40.151836 ], [ -111.613664, 40.150552 ], [ -111.616857, 40.146538 ], [ -111.619842, 40.1466 ], [ -111.622906, 40.150025 ], [ -111.623354, 40.15219 ], [ -111.627426, 40.154236 ], [ -111.627865, 40.15423 ], [ -111.62851, 40.154103 ], [ -111.630932, 40.152491 ], [ -111.631772, 40.151733 ], [ -111.633261, 40.15038 ], [ -111.63748, 40.146448 ], [ -111.637852, 40.145856 ], [ -111.637866, 40.144681 ] ] ] } },
{ "type": "Feature", "properties": { "group_index": 0, "value": 600.0, "center": [ -111.61981347620895, 40.144798560575325 ], "point_id": 0.0 }, "geometry": { "type": "Polygon", "coordinates": [ [ [ -111.655385, 40.14534 ], [ -111.655072, 40.142573 ], [ -111.654583, 40.142152 ], [ -111.650576, 40.139542 ], [ -111.650264, 40.139537 ], [ -111.649862, 40.139589 ], [ -111.64962, 40.139624 ], [ -111.648544, 40.140204 ], [ -111.648083, 40.140645 ], [ -111.643767, 40.142782 ], [ -111.640486, 40.135024 ], [ -111.640837, 40.134441 ], [ -111.640836, 40.134361 ], [ -111.640607, 40.133994 ], [ -111.638426, 40.131373 ], [ -111.634252, 40.130802 ], [ -111.626634, 40.128524 ], [ -111.626361, 40.126363 ], [ -111.626107, 40.125903 ], [ -111.626054, 40.125874 ], [ -111.626025, 40.125858 ], [ -111.625972, 40.12583 ], [ -111.625401, 40.125838 ], [ -111.622755, 40.126179 ], [ -111.620893, 40.126559 ], [ -111.614885, 40.128712 ], [ -111.60887, 40.127917 ], [ -111.606083, 40.128767 ], [ -111.597884, 40.132337 ], [ -111.595378, 40.132535 ], [ -111.592055, 40.135796 ], [ -111.59078, 40.137573 ], [ -111.590781, 40.137586 ], [ -111.59112, 40.143066 ], [ -111.591133, 40.146665 ], [ -111.593859, 40.150297 ], [ -111.599347, 40.156634 ], [ -111.603339, 40.161122 ], [ -111.605066, 40.162888 ], [ -111.609169, 40.166303 ], [ -111.610629, 40.167082 ], [ -111.610647, 40.167082 ], [ -111.61139, 40.166579 ], [ -111.612957, 40.16561 ], [ -111.621443, 40.166241 ], [ -111.621552, 40.166242 ], [ -111.626091, 40.16625 ], [ -111.629691, 40.16626 ], [ -111.631573, 40.16529 ], [ -111.635347, 40.163046 ], [ -111.635359, 40.159446 ], [ -111.642169, 40.155718 ], [ -111.642179, 40.155718 ], [ -111.642612, 40.155707 ], [ -111.643072, 40.15571 ], [ -111.645929, 40.153405 ], [ -111.652386, 40.148358 ], [ -111.655125, 40.146173 ], [ -111.655385, 40.14534 ] ] ] } },
{ "type": "Feature", "properties": { "group_index": 0, "value": 900.0, "center": [ -111.61981347620895, 40.144798560575325 ], "point_id": 0.0 }, "geometry": { "type": "Polygon", "coordinates": [ [ [ -111.666094, 40.149366 ], [ -111.664255, 40.147383 ], [ -111.661977, 40.146667 ], [ -111.660431, 40.13849 ], [ -111.662348, 40.137516 ], [ -111.662407, 40.137328 ], [ -111.662495, 40.136428 ], [ -111.662425, 40.135911 ], [ -111.661813, 40.134639 ], [ -111.658415, 40.132431 ], [ -111.654452, 40.128588 ], [ -111.652054, 40.126628 ], [ -111.647415, 40.120801 ], [ -111.645781, 40.119553 ], [ -111.642769, 40.11898 ], [ -111.634968, 40.114956 ], [ -111.633923, 40.114656 ], [ -111.633694, 40.114656 ], [ -111.632809, 40.115467 ], [ -111.625071, 40.117263 ], [ -111.620632, 40.116881 ], [ -111.620034, 40.116883 ], [ -111.618989, 40.116973 ], [ -111.610682, 40.116152 ], [ -111.609351, 40.115712 ], [ -111.60929, 40.115716 ], [ -111.608598, 40.115901 ], [ -111.608036, 40.116274 ], [ -111.604308, 40.119811 ], [ -111.598637, 40.118082 ], [ -111.597861, 40.118063 ], [ -111.59297, 40.121148 ], [ -111.58638, 40.126078 ], [ -111.582734, 40.12855 ], [ -111.577652, 40.134349 ], [ -111.577051, 40.135211 ], [ -111.573469, 40.143149 ], [ -111.57238, 40.144494 ], [ -111.572413, 40.145052 ], [ -111.573491, 40.146748 ], [ -111.574562, 40.148054 ], [ -111.577068, 40.14952 ], [ -111.582334, 40.15555 ], [ -111.587534, 40.162802 ], [ -111.591297, 40.166533 ], [ -111.597184, 40.170458 ], [ -111.601925, 40.174101 ], [ -111.605947, 40.177534 ], [ -111.610381, 40.180422 ], [ -111.610542, 40.180526 ], [ -111.610602, 40.180526 ], [ -111.610778, 40.180386 ], [ -111.617795, 40.177417 ], [ -111.62613, 40.180028 ], [ -111.629693, 40.179512 ], [ -111.63208, 40.178218 ], [ -111.635147, 40.176287 ], [ -111.637015, 40.17475 ], [ -111.639109, 40.172948 ], [ -111.645517, 40.168665 ], [ -111.652055, 40.163729 ], [ -111.652985, 40.163152 ], [ -111.658409, 40.158347 ], [ -111.661775, 40.154771 ], [ -111.666171, 40.151229 ], [ -111.666094, 40.149366 ] ] ] } },
{ "type": "Feature", "properties": { "group_index": 0, "value": 300.0, "center": [ -111.64438536181083, 40.120095095143576 ], "point_id": 0.0 }, "geometry": { "type": "Polygon", "coordinates": [ [ [ -111.661739, 40.118929 ], [ -111.661738, 40.118835 ], [ -111.660691, 40.117237 ], [ -111.658933, 40.115791 ], [ -111.657293, 40.11451 ], [ -111.655641, 40.113219 ], [ -111.653965, 40.111931 ], [ -111.652288, 40.110648 ], [ -111.650602, 40.109361 ], [ -111.646855, 40.106618 ], [ -111.644324, 40.105262 ], [ -111.644222, 40.105261 ], [ -111.644197, 40.105261 ], [ -111.644094, 40.105262 ], [ -111.643812, 40.105333 ], [ -111.642086, 40.106599 ], [ -111.640237, 40.107961 ], [ -111.635296, 40.110383 ], [ -111.632068, 40.112497 ], [ -111.630984, 40.113497 ], [ -111.629214, 40.115279 ], [ -111.627943, 40.120506 ], [ -111.627457, 40.12216 ], [ -111.627911, 40.124106 ], [ -111.630162, 40.124535 ], [ -111.632398, 40.124301 ], [ -111.634804, 40.128912 ], [ -111.63478, 40.128978 ], [ -111.635978, 40.131254 ], [ -111.636063, 40.131275 ], [ -111.641438, 40.130746 ], [ -111.643561, 40.130832 ], [ -111.644237, 40.130624 ], [ -111.644636, 40.130467 ], [ -111.644979, 40.130282 ], [ -111.645357, 40.130004 ], [ -111.649187, 40.128179 ], [ -111.651296, 40.127907 ], [ -111.656506, 40.125984 ], [ -111.656753, 40.124921 ], [ -111.658323, 40.122427 ], [ -111.661736, 40.121282 ], [ -111.661739, 40.118929 ] ] ] } },
{ "type": "Feature", "properties": { "group_index": 0, "value": 600.0, "center": [ -111.64438536181083, 40.120095095143576 ], "point_id": 0.0 }, "geometry": { "type": "Polygon", "coordinates": [ [ [ -111.675215, 40.117248 ], [ -111.675247, 40.113648 ], [ -111.668111, 40.109858 ], [ -111.667255, 40.1087 ], [ -111.666739, 40.108079 ], [ -111.665839, 40.107164 ], [ -111.66462, 40.106212 ], [ -111.662037, 40.104158 ], [ -111.655392, 40.099097 ], [ -111.655371, 40.099096 ], [ -111.650803, 40.098307 ], [ -111.643798, 40.093734 ], [ -111.641962, 40.092719 ], [ -111.641377, 40.092739 ], [ -111.635385, 40.09524 ], [ -111.632989, 40.096532 ], [ -111.630552, 40.098181 ], [ -111.629384, 40.099058 ], [ -111.629067, 40.099452 ], [ -111.620391, 40.101551 ], [ -111.618693, 40.104725 ], [ -111.617457, 40.107609 ], [ -111.61334, 40.113679 ], [ -111.613381, 40.117279 ], [ -111.614484, 40.12619 ], [ -111.617554, 40.133314 ], [ -111.618349, 40.135523 ], [ -111.620248, 40.135702 ], [ -111.620934, 40.134928 ], [ -111.621932, 40.133799 ], [ -111.622511, 40.133116 ], [ -111.628573, 40.130926 ], [ -111.63378, 40.136123 ], [ -111.633962, 40.136985 ], [ -111.634377, 40.139089 ], [ -111.634568, 40.139854 ], [ -111.63484, 40.140356 ], [ -111.635088, 40.140663 ], [ -111.637511, 40.143944 ], [ -111.637941, 40.143791 ], [ -111.638352, 40.143604 ], [ -111.638809, 40.143303 ], [ -111.639123, 40.14302 ], [ -111.639452, 40.1426 ], [ -111.639645, 40.142255 ], [ -111.639813, 40.141783 ], [ -111.63989, 40.141141 ], [ -111.641131, 40.138038 ], [ -111.6483, 40.136102 ], [ -111.652688, 40.139445 ], [ -111.653627, 40.139439 ], [ -111.656848, 40.139491 ], [ -111.659366, 40.137977 ], [ -111.661577, 40.136015 ], [ -111.661791, 40.135467 ], [ -111.661796, 40.135335 ], [ -111.666782, 40.128182 ], [ -111.667308, 40.128134 ], [ -111.671663, 40.126091 ], [ -111.673357, 40.125478 ], [ -111.676284, 40.124758 ], [ -111.677411, 40.124055 ], [ -111.677479, 40.123975 ], [ -111.677777, 40.123383 ], [ -111.675215, 40.117248 ] ] ] } },
{ "type": "Feature", "properties": { "group_index": 0, "value": 900.0, "center": [ -111.64438536181083, 40.120095095143576 ], "point_id": 0.0 }, "geometry": { "type": "Polygon", "coordinates": [ [ [ -111.692258, 40.113859 ], [ -111.688803, 40.113743 ], [ -111.683726, 40.109901 ], [ -111.683733, 40.106301 ], [ -111.682256, 40.105159 ], [ -111.678991, 40.10386 ], [ -111.675147, 40.098365 ], [ -111.673383, 40.096569 ], [ -111.672761, 40.096288 ], [ -111.671942, 40.096098 ], [ -111.671511, 40.096095 ], [ -111.667547, 40.095891 ], [ -111.663589, 40.089321 ], [ -111.663595, 40.08909 ], [ -111.663528, 40.089024 ], [ -111.662878, 40.088624 ], [ -111.654303, 40.086863 ], [ -111.64782, 40.086483 ], [ -111.641151, 40.088598 ], [ -111.63774, 40.088091 ], [ -111.634104, 40.086466 ], [ -111.630674, 40.084573 ], [ -111.630612, 40.084531 ], [ -111.630248, 40.084494 ], [ -111.630164, 40.084513 ], [ -111.625884, 40.086814 ], [ -111.624955, 40.087532 ], [ -111.62393, 40.088247 ], [ -111.6214, 40.089687 ], [ -111.617726, 40.091887 ], [ -111.611392, 40.0919 ], [ -111.611135, 40.091893 ], [ -111.606304, 40.094006 ], [ -111.604603, 40.097179 ], [ -111.604734, 40.100903 ], [ -111.60105, 40.10633 ], [ -111.600253, 40.110716 ], [ -111.595703, 40.113845 ], [ -111.594027, 40.115615 ], [ -111.594025, 40.115694 ], [ -111.595743, 40.117444 ], [ -111.600147, 40.123168 ], [ -111.601392, 40.125314 ], [ -111.603007, 40.126983 ], [ -111.603241, 40.127215 ], [ -111.604571, 40.127873 ], [ -111.608147, 40.128074 ], [ -111.609608, 40.12821 ], [ -111.613872, 40.133693 ], [ -111.6074, 40.138381 ], [ -111.607213, 40.138337 ], [ -111.606296, 40.138888 ], [ -111.606017, 40.139266 ], [ -111.606397, 40.141844 ], [ -111.607529, 40.145375 ], [ -111.609885, 40.147375 ], [ -111.613476, 40.147118 ], [ -111.614967, 40.14655 ], [ -111.622231, 40.146581 ], [ -111.624922, 40.148634 ], [ -111.625585, 40.149215 ], [ -111.629457, 40.152496 ], [ -111.630683, 40.153414 ], [ -111.631998, 40.154238 ], [ -111.632036, 40.154238 ], [ -111.634531, 40.152982 ], [ -111.641506, 40.151766 ], [ -111.642211, 40.151766 ], [ -111.651141, 40.151986 ], [ -111.656791, 40.154201 ], [ -111.656845, 40.154202 ], [ -111.657249, 40.154093 ], [ -111.662568, 40.149528 ], [ -111.666968, 40.145267 ], [ -111.669029, 40.142315 ], [ -111.674214, 40.135266 ], [ -111.675993, 40.134619 ], [ -111.681185, 40.132073 ], [ -111.684785, 40.132066 ], [ -111.685937, 40.132073 ], [ -111.687818, 40.132114 ], [ -111.691178, 40.126405 ], [ -111.692977, 40.124651 ], [ -111.695317, 40.122046 ], [ -111.692258, 40.113859 ] ] ] } },
{ "type": "Feature", "properties": { "group_index": 0, "value": 300.0, "center": [ -111.6215789, 40.1815446 ], "point_id": 0.0 }, "geometry": { "type": "Polygon", "coordinates": [ [ [ -111.633826, 40.184576 ], [ -111.633415, 40.182858 ], [ -111.630993, 40.18096 ], [ -111.63099, 40.18096 ], [ -111.626361, 40.17812 ], [ -111.626398, 40.17452 ], [ -111.623502, 40.17449 ], [ -111.61961, 40.170456 ], [ -111.616094, 40.170456 ], [ -111.615517, 40.170452 ], [ -111.614278, 40.171825 ], [ -111.61428, 40.172266 ], [ -111.615488, 40.174052 ], [ -111.616414, 40.175685 ], [ -111.618247, 40.177899 ], [ -111.616755, 40.182566 ], [ -111.617035, 40.183284 ], [ -111.617943, 40.185127 ], [ -111.619894, 40.187556 ], [ -111.620445, 40.187681 ], [ -111.623022, 40.188247 ], [ -111.62797, 40.185521 ], [ -111.630152, 40.187533 ], [ -111.63079, 40.187442 ], [ -111.633051, 40.18644 ], [ -111.633806, 40.185299 ], [ -111.633826, 40.184576 ] ] ] } },
{ "type": "Feature", "properties": { "group_index": 0, "value": 600.0, "center": [ -111.6215789, 40.1815446 ], "point_id": 0.0 }, "geometry": { "type": "Polygon", "coordinates": [ [ [ -111.646569, 40.18598 ], [ -111.642344, 40.181628 ], [ -111.640821, 40.177779 ], [ -111.637329, 40.170767 ], [ -111.63626, 40.16949 ], [ -111.631549, 40.165685 ], [ -111.627666, 40.162034 ], [ -111.625035, 40.159255 ], [ -111.624254, 40.158706 ], [ -111.624212, 40.158707 ], [ -111.616303, 40.159351 ], [ -111.614709, 40.158263 ], [ -111.614268, 40.15827 ], [ -111.6118, 40.15931 ], [ -111.609932, 40.160662 ], [ -111.607976, 40.162063 ], [ -111.602655, 40.166258 ], [ -111.597868, 40.170517 ], [ -111.59616, 40.172225 ], [ -111.59616, 40.172306 ], [ -111.59784, 40.174117 ], [ -111.601304, 40.177061 ], [ -111.602236, 40.178227 ], [ -111.605097, 40.185638 ], [ -111.606943, 40.187478 ], [ -111.609402, 40.18919 ], [ -111.61501, 40.192255 ], [ -111.615373, 40.192368 ], [ -111.616433, 40.192348 ], [ -111.622337, 40.192295 ], [ -111.628348, 40.19802 ], [ -111.628591, 40.198461 ], [ -111.628863, 40.198824 ], [ -111.629384, 40.199498 ], [ -111.630781, 40.199723 ], [ -111.631142, 40.199705 ], [ -111.632954, 40.199032 ], [ -111.637638, 40.193939 ], [ -111.643123, 40.191445 ], [ -111.64661, 40.18958 ], [ -111.646569, 40.18598 ] ] ] } },
{ "type": "Feature", "properties": { "group_index": 0, "value": 900.0, "center": [ -111.6215789, 40.1815446 ], "point_id": 0.0 }, "geometry": { "type": "Polygon", "coordinates": [ [ [ -111.650782, 40.190017 ], [ -111.65383, 40.186634 ], [ -111.653825, 40.183034 ], [ -111.653749, 40.18184 ], [ -111.648876, 40.176279 ], [ -111.648588, 40.175918 ], [ -111.643653, 40.168665 ], [ -111.644182, 40.166878 ], [ -111.644187, 40.165912 ], [ -111.644391, 40.161108 ], [ -111.64439, 40.161096 ], [ -111.64439, 40.161096 ], [ -111.644389, 40.161085 ], [ -111.643344, 40.159733 ], [ -111.642515, 40.159188 ], [ -111.641487, 40.158766 ], [ -111.641405, 40.158766 ], [ -111.634535, 40.153731 ], [ -111.634529, 40.152543 ], [ -111.632043, 40.149911 ], [ -111.628982, 40.146647 ], [ -111.627627, 40.146249 ], [ -111.626323, 40.146091 ], [ -111.626163, 40.146125 ], [ -111.62597, 40.146219 ], [ -111.625034, 40.148396 ], [ -111.624451, 40.149385 ], [ -111.618887, 40.152047 ], [ -111.613493, 40.147352 ], [ -111.609902, 40.147609 ], [ -111.606793, 40.148673 ], [ -111.606276, 40.148881 ], [ -111.603163, 40.150689 ], [ -111.597305, 40.155315 ], [ -111.592945, 40.159235 ], [ -111.588649, 40.162393 ], [ -111.582846, 40.167993 ], [ -111.58284, 40.168657 ], [ -111.588243, 40.171757 ], [ -111.589051, 40.175265 ], [ -111.591246, 40.177097 ], [ -111.596123, 40.183929 ], [ -111.596438, 40.184201 ], [ -111.597038, 40.184576 ], [ -111.597154, 40.184642 ], [ -111.603835, 40.189184 ], [ -111.604538, 40.190221 ], [ -111.606905, 40.192744 ], [ -111.607246, 40.19301 ], [ -111.608283, 40.193493 ], [ -111.6111, 40.193254 ], [ -111.617188, 40.19962 ], [ -111.618784, 40.203148 ], [ -111.624574, 40.206881 ], [ -111.626725, 40.210349 ], [ -111.628686, 40.211796 ], [ -111.628814, 40.211792 ], [ -111.631352, 40.211533 ], [ -111.632955, 40.209589 ], [ -111.633178, 40.208992 ], [ -111.635244, 40.20518 ], [ -111.641554, 40.200995 ], [ -111.648783, 40.197553 ], [ -111.651708, 40.195453 ], [ -111.650782, 40.190017 ] ] ] } },
{ "type": "Feature", "properties": { "group_index": 0, "value": 300.0, "center": [ -111.63099170685518, 40.12775715383495 ], "point_id": 0.0 }, "geometry": { "type": "Polygon", "coordinates": [ [ [ -111.637308, 40.128851 ], [ -111.636668, 40.127716 ], [ -111.635386, 40.127333 ], [ -111.630915, 40.123677 ], [ -111.629124, 40.121601 ], [ -111.629057, 40.121556 ], [ -111.628176, 40.121249 ], [ -111.627244, 40.121242 ], [ -111.623767, 40.12323 ], [ -111.623232, 40.123525 ], [ -111.622488, 40.124196 ], [ -111.620855, 40.126602 ], [ -111.620657, 40.127296 ], [ -111.621427, 40.12954 ], [ -111.62204, 40.130825 ], [ -111.624536, 40.131986 ], [ -111.62517, 40.132094 ], [ -111.625807, 40.132087 ], [ -111.631627, 40.130947 ], [ -111.635799, 40.13121 ], [ -111.637062, 40.12972 ], [ -111.637308, 40.128851 ] ] ] } },
{ "type": "Feature", "properties": { "group_index": 0, "value": 600.0, "center": [ -111.63099170685518, 40.12775715383495 ], "point_id": 0.0 }, "geometry": { "type": "Polygon", "coordinates": [ [ [ -111.650595, 40.122226 ], [ -111.649792, 40.120947 ], [ -111.645553, 40.117415 ], [ -111.642463, 40.114366 ], [ -111.641227, 40.113119 ], [ -111.63954, 40.111863 ], [ -111.6353, 40.110388 ], [ -111.630969, 40.111775 ], [ -111.628581, 40.113428 ], [ -111.62068, 40.114151 ], [ -111.620135, 40.114152 ], [ -111.613874, 40.115689 ], [ -111.610276, 40.115586 ], [ -111.610137, 40.115607 ], [ -111.609457, 40.115708 ], [ -111.608778, 40.11759 ], [ -111.607594, 40.121329 ], [ -111.607793, 40.123854 ], [ -111.607831, 40.123909 ], [ -111.60785, 40.123926 ], [ -111.608153, 40.124184 ], [ -111.609696, 40.124252 ], [ -111.614891, 40.128019 ], [ -111.613872, 40.133693 ], [ -111.611541, 40.140081 ], [ -111.614219, 40.142487 ], [ -111.615103, 40.142101 ], [ -111.618283, 40.137892 ], [ -111.619889, 40.136107 ], [ -111.621932, 40.133799 ], [ -111.625807, 40.132087 ], [ -111.63378, 40.136123 ], [ -111.633962, 40.136985 ], [ -111.634377, 40.139089 ], [ -111.634568, 40.139854 ], [ -111.63484, 40.140356 ], [ -111.635088, 40.140663 ], [ -111.635363, 40.140924 ], [ -111.638133, 40.143711 ], [ -111.638352, 40.143604 ], [ -111.638809, 40.143303 ], [ -111.639123, 40.14302 ], [ -111.643245, 40.137892 ], [ -111.645524, 40.129847 ], [ -111.647352, 40.127845 ], [ -111.650634, 40.123182 ], [ -111.650595, 40.122226 ] ] ] } },
{ "type": "Feature", "properties": { "group_index": 0, "value": 900.0, "center": [ -111.63099170685518, 40.12775715383495 ], "point_id": 0.0 }, "geometry": { "type": "Polygon", "coordinates": [ [ [ -111.665581, 40.122691 ], [ -111.662376, 40.117269 ], [ -111.659997, 40.114625 ], [ -111.658754, 40.113234 ], [ -111.657388, 40.111944 ], [ -111.655784, 40.110659 ], [ -111.650589, 40.106647 ], [ -111.648914, 40.105345 ], [ -111.647214, 40.10403 ], [ -111.645475, 40.102689 ], [ -111.642791, 40.101116 ], [ -111.640621, 40.100266 ], [ -111.640478, 40.100224 ], [ -111.638016, 40.099854 ], [ -111.635443, 40.099553 ], [ -111.633425, 40.100647 ], [ -111.630341, 40.102184 ], [ -111.623097, 40.102999 ], [ -111.620534, 40.101628 ], [ -111.612205, 40.101121 ], [ -111.612077, 40.101121 ], [ -111.611172, 40.101534 ], [ -111.610164, 40.102431 ], [ -111.603059, 40.106302 ], [ -111.602499, 40.108128 ], [ -111.595934, 40.113484 ], [ -111.59494, 40.113853 ], [ -111.590567, 40.121174 ], [ -111.5906, 40.124774 ], [ -111.595153, 40.131937 ], [ -111.598969, 40.139258 ], [ -111.600118, 40.145236 ], [ -111.600912, 40.146876 ], [ -111.601742, 40.148574 ], [ -111.608433, 40.154266 ], [ -111.610381, 40.15571 ], [ -111.612701, 40.155176 ], [ -111.613018, 40.154837 ], [ -111.613414, 40.153818 ], [ -111.613439, 40.153722 ], [ -111.613664, 40.150552 ], [ -111.619894, 40.1466 ], [ -111.625485, 40.149201 ], [ -111.626156, 40.14976 ], [ -111.626319, 40.149892 ], [ -111.629735, 40.152494 ], [ -111.631066, 40.153402 ], [ -111.631712, 40.153503 ], [ -111.63291, 40.153327 ], [ -111.63453, 40.152695 ], [ -111.642055, 40.151683 ], [ -111.642485, 40.151699 ], [ -111.643281, 40.151118 ], [ -111.650005, 40.14625 ], [ -111.649926, 40.142651 ], [ -111.649096, 40.142669 ], [ -111.643245, 40.137892 ], [ -111.645524, 40.129847 ], [ -111.650605, 40.130747 ], [ -111.651973, 40.132201 ], [ -111.652906, 40.132803 ], [ -111.654079, 40.133681 ], [ -111.654634, 40.133978 ], [ -111.654748, 40.133978 ], [ -111.657301, 40.132207 ], [ -111.661324, 40.12928 ], [ -111.662389, 40.128034 ], [ -111.665575, 40.122849 ], [ -111.665581, 40.122691 ] ] ] } },
{ "type": "Feature", "properties": { "group_index": 0, "value": 300.0, "center": [ -111.6344094, 40.2048961 ], "point_id": 0.0 }, "geometry": { "type": "Polygon", "coordinates": [ [ [ -111.639424, 40.210909 ], [ -111.640087, 40.207371 ], [ -111.639502, 40.207261 ], [ -111.638704, 40.207174 ], [ -111.634713, 40.203402 ], [ -111.632957, 40.199055 ], [ -111.632874, 40.196857 ], [ -111.63287, 40.196798 ], [ -111.631621, 40.194893 ], [ -111.628129, 40.19402 ], [ -111.62809, 40.194175 ], [ -111.625081, 40.198547 ], [ -111.621676, 40.199421 ], [ -111.619121, 40.201956 ], [ -111.619121, 40.202899 ], [ -111.619939, 40.2084 ], [ -111.619969, 40.208514 ], [ -111.622769, 40.211739 ], [ -111.624756, 40.215293 ], [ -111.624932, 40.215479 ], [ -111.625921, 40.215895 ], [ -111.626873, 40.215939 ], [ -111.627085, 40.215826 ], [ -111.629058, 40.214518 ], [ -111.633349, 40.215429 ], [ -111.633692, 40.215639 ], [ -111.635118, 40.216244 ], [ -111.635641, 40.216289 ], [ -111.635644, 40.216288 ], [ -111.637238, 40.214614 ], [ -111.637247, 40.214601 ], [ -111.63932, 40.211292 ], [ -111.639424, 40.210909 ] ] ] } },
{ "type": "Feature", "properties": { "group_index": 0, "value": 600.0, "center": [ -111.6344094, 40.2048961 ], "point_id": 0.0 }, "geometry": { "type": "Polygon", "coordinates": [ [ [ -111.657402, 40.20732 ], [ -111.657239, 40.2068 ], [ -111.654847, 40.20445 ], [ -111.653939, 40.203763 ], [ -111.653139, 40.204036 ], [ -111.644605, 40.203029 ], [ -111.642244, 40.201011 ], [ -111.638804, 40.202073 ], [ -111.632874, 40.196857 ], [ -111.634564, 40.193427 ], [ -111.639406, 40.189963 ], [ -111.6394, 40.186363 ], [ -111.635356, 40.183056 ], [ -111.635117, 40.183031 ], [ -111.627158, 40.182239 ], [ -111.622993, 40.184697 ], [ -111.61649, 40.188288 ], [ -111.613109, 40.188915 ], [ -111.611107, 40.18956 ], [ -111.609701, 40.190075 ], [ -111.609364, 40.19271 ], [ -111.609638, 40.192861 ], [ -111.611898, 40.194586 ], [ -111.611889, 40.201634 ], [ -111.61456, 40.21015 ], [ -111.614696, 40.211039 ], [ -111.616432, 40.212556 ], [ -111.623816, 40.216943 ], [ -111.623541, 40.220655 ], [ -111.623444, 40.220997 ], [ -111.624238, 40.222857 ], [ -111.625874, 40.226249 ], [ -111.628453, 40.228311 ], [ -111.628834, 40.228588 ], [ -111.62935, 40.228875 ], [ -111.629916, 40.229151 ], [ -111.631498, 40.227602 ], [ -111.639027, 40.226641 ], [ -111.642427, 40.227997 ], [ -111.64247, 40.227997 ], [ -111.644486, 40.227976 ], [ -111.644488, 40.227975 ], [ -111.647141, 40.22396 ], [ -111.647944, 40.221549 ], [ -111.647939, 40.221224 ], [ -111.649562, 40.21542 ], [ -111.654584, 40.212973 ], [ -111.657962, 40.210326 ], [ -111.657402, 40.20732 ] ] ] } },
{ "type": "Feature", "properties": { "group_index": 0, "value": 900.0, "center": [ -111.6344094, 40.2048961 ], "point_id": 0.0 }, "geometry": { "type": "Polygon", "coordinates": [ [ [ -111.673166, 40.206331 ], [ -111.672308, 40.205816 ], [ -111.671367, 40.205416 ], [ -111.670649, 40.205223 ], [ -111.669989, 40.205115 ], [ -111.669143, 40.20506 ], [ -111.667027, 40.205044 ], [ -111.664994, 40.205029 ], [ -111.664142, 40.205059 ], [ -111.662863, 40.20514 ], [ -111.661287, 40.205197 ], [ -111.653939, 40.203763 ], [ -111.649147, 40.197233 ], [ -111.649684, 40.192069 ], [ -111.650782, 40.190017 ], [ -111.651213, 40.188839 ], [ -111.651251, 40.187996 ], [ -111.650869, 40.186767 ], [ -111.649705, 40.181866 ], [ -111.647865, 40.180884 ], [ -111.641657, 40.176915 ], [ -111.640702, 40.175363 ], [ -111.639139, 40.174049 ], [ -111.637355, 40.172692 ], [ -111.636839, 40.172691 ], [ -111.635541, 40.174147 ], [ -111.628601, 40.178154 ], [ -111.620749, 40.175774 ], [ -111.620004, 40.174812 ], [ -111.61929, 40.173931 ], [ -111.61907, 40.173917 ], [ -111.61038, 40.174431 ], [ -111.602894, 40.17821 ], [ -111.59917, 40.18217 ], [ -111.598584, 40.185788 ], [ -111.598694, 40.185879 ], [ -111.599443, 40.186265 ], [ -111.602117, 40.188061 ], [ -111.60683, 40.195144 ], [ -111.60693, 40.195901 ], [ -111.60701, 40.196641 ], [ -111.607816, 40.198244 ], [ -111.608221, 40.198651 ], [ -111.609271, 40.199361 ], [ -111.611889, 40.201634 ], [ -111.61456, 40.21015 ], [ -111.614696, 40.211039 ], [ -111.616432, 40.212556 ], [ -111.623816, 40.216943 ], [ -111.618027, 40.222677 ], [ -111.617285, 40.222666 ], [ -111.61666, 40.222867 ], [ -111.615777, 40.22317 ], [ -111.615114, 40.223622 ], [ -111.614852, 40.223925 ], [ -111.614323, 40.224673 ], [ -111.61526, 40.226053 ], [ -111.615936, 40.226612 ], [ -111.61696, 40.226793 ], [ -111.618202, 40.227026 ], [ -111.625061, 40.231012 ], [ -111.628269, 40.2346 ], [ -111.62847, 40.234842 ], [ -111.630373, 40.236723 ], [ -111.633193, 40.237549 ], [ -111.637266, 40.238928 ], [ -111.642817, 40.241433 ], [ -111.643178, 40.241609 ], [ -111.643184, 40.241608 ], [ -111.646696, 40.240734 ], [ -111.648737, 40.239512 ], [ -111.652264, 40.236883 ], [ -111.653989, 40.235522 ], [ -111.657372, 40.232806 ], [ -111.658959, 40.231497 ], [ -111.660639, 40.2298 ], [ -111.66237, 40.22727 ], [ -111.662371, 40.227182 ], [ -111.663793, 40.220505 ], [ -111.666001, 40.21868 ], [ -111.666987, 40.217296 ], [ -111.673019, 40.210678 ], [ -111.675139, 40.207769 ], [ -111.673166, 40.206331 ] ] ] } },
{ "type": "Feature", "properties": { "group_index": 0, "value": 300.0, "center": [ -111.87994292133335, 40.42806255032475 ], "point_id": 0.0 }, "geometry": { "type": "Polygon", "coordinates": [ [ [ -111.895068, 40.430123 ], [ -111.894556, 40.429508 ], [ -111.892057, 40.42442 ], [ -111.890874, 40.420824 ], [ -111.890096, 40.419724 ], [ -111.887883, 40.416871 ], [ -111.886504, 40.415499 ], [ -111.886324, 40.41532 ], [ -111.886195, 40.415252 ], [ -111.884859, 40.415016 ], [ -111.881401, 40.416993 ], [ -111.875831, 40.417111 ], [ -111.874679, 40.417173 ], [ -111.874171, 40.417195 ], [ -111.869831, 40.420919 ], [ -111.868598, 40.421171 ], [ -111.868514, 40.421206 ], [ -111.868141, 40.421444 ], [ -111.867187, 40.425926 ], [ -111.866948, 40.429872 ], [ -111.866138, 40.43338 ], [ -111.867541, 40.434586 ], [ -111.872206, 40.436501 ], [ -111.874871, 40.438024 ], [ -111.878627, 40.439561 ], [ -111.881866, 40.441187 ], [ -111.883958, 40.441627 ], [ -111.885711, 40.440846 ], [ -111.885847, 40.440784 ], [ -111.888792, 40.437163 ], [ -111.890579, 40.436915 ], [ -111.891563, 40.436577 ], [ -111.891587, 40.436556 ], [ -111.893051, 40.435208 ], [ -111.894081, 40.433018 ], [ -111.895068, 40.430123 ] ] ] } },
{ "type": "Feature", "properties": { "group_index": 0, "value": 600.0, "center": [ -111.87994292133335, 40.42806255032475 ], "point_id": 0.0 }, "geometry": { "type": "Polygon", "coordinates": [ [ [ -111.910263, 40.433434 ], [ -111.910178, 40.433163 ], [ -111.908665, 40.430029 ], [ -111.903128, 40.424454 ], [ -111.902949, 40.424194 ], [ -111.902288, 40.423594 ], [ -111.900125, 40.415106 ], [ -111.90059, 40.413997 ], [ -111.900592, 40.413953 ], [ -111.900112, 40.411506 ], [ -111.899216, 40.4106 ], [ -111.894171, 40.406743 ], [ -111.89414, 40.40672 ], [ -111.887502, 40.402055 ], [ -111.886517, 40.401593 ], [ -111.886293, 40.401598 ], [ -111.882683, 40.40439 ], [ -111.879239, 40.407401 ], [ -111.875292, 40.409129 ], [ -111.869401, 40.408941 ], [ -111.867687, 40.408308 ], [ -111.866197, 40.408432 ], [ -111.864088, 40.408656 ], [ -111.861323, 40.409836 ], [ -111.859089, 40.411577 ], [ -111.857352, 40.413353 ], [ -111.852996, 40.418913 ], [ -111.852679, 40.419578 ], [ -111.85268, 40.419801 ], [ -111.852694, 40.420802 ], [ -111.850772, 40.427523 ], [ -111.849422, 40.429341 ], [ -111.847912, 40.430869 ], [ -111.847764, 40.431115 ], [ -111.847764, 40.431153 ], [ -111.847764, 40.431153 ], [ -111.847764, 40.431191 ], [ -111.847943, 40.431933 ], [ -111.85007, 40.434599 ], [ -111.855774, 40.440486 ], [ -111.855793, 40.440505 ], [ -111.860105, 40.443164 ], [ -111.863885, 40.443385 ], [ -111.871388, 40.443445 ], [ -111.871957, 40.443358 ], [ -111.880329, 40.44596 ], [ -111.882112, 40.448805 ], [ -111.882174, 40.448841 ], [ -111.883908, 40.449742 ], [ -111.884288, 40.449901 ], [ -111.884802, 40.450038 ], [ -111.888748, 40.4507 ], [ -111.895865, 40.451525 ], [ -111.89707, 40.450594 ], [ -111.902962, 40.444969 ], [ -111.905648, 40.4404 ], [ -111.910122, 40.434023 ], [ -111.910142, 40.433969 ], [ -111.910263, 40.433434 ] ] ] } },
{ "type": "Feature", "properties": { "group_index": 0, "value": 900.0, "center": [ -111.87994292133335, 40.42806255032475 ], "point_id": 0.0 }, "geometry": { "type": "Polygon", "coordinates": [ [ [ -111.91538, 40.45048 ], [ -111.914963, 40.44951 ], [ -111.91452, 40.4487 ], [ -111.913903, 40.447701 ], [ -111.91272, 40.438929 ], [ -111.913046, 40.43578 ], [ -111.91382, 40.430782 ], [ -111.913338, 40.430165 ], [ -111.912982, 40.429689 ], [ -111.911666, 40.428484 ], [ -111.911304, 40.4281 ], [ -111.909966, 40.42219 ], [ -111.913665, 40.419093 ], [ -111.913766, 40.419061 ], [ -111.915746, 40.416933 ], [ -111.917751, 40.415622 ], [ -111.919183, 40.413854 ], [ -111.919186, 40.413561 ], [ -111.918865, 40.412746 ], [ -111.918276, 40.412083 ], [ -111.914126, 40.408519 ], [ -111.909329, 40.404132 ], [ -111.907165, 40.402551 ], [ -111.9017, 40.401447 ], [ -111.901173, 40.401329 ], [ -111.895174, 40.397798 ], [ -111.893707, 40.395859 ], [ -111.891851, 40.392775 ], [ -111.89132, 40.391723 ], [ -111.891026, 40.391424 ], [ -111.888092, 40.389057 ], [ -111.88692, 40.388275 ], [ -111.8869, 40.388275 ], [ -111.885944, 40.388408 ], [ -111.884509, 40.389289 ], [ -111.883887, 40.390198 ], [ -111.876705, 40.394835 ], [ -111.875825, 40.394827 ], [ -111.874846, 40.395525 ], [ -111.873367, 40.396773 ], [ -111.872447, 40.397896 ], [ -111.87179, 40.398542 ], [ -111.863538, 40.399782 ], [ -111.857947, 40.396729 ], [ -111.856894, 40.396713 ], [ -111.856325, 40.396699 ], [ -111.852573, 40.398435 ], [ -111.851196, 40.399232 ], [ -111.848259, 40.402604 ], [ -111.847148, 40.404404 ], [ -111.845704, 40.409245 ], [ -111.840037, 40.415412 ], [ -111.839066, 40.415647 ], [ -111.838781, 40.415833 ], [ -111.836026, 40.41979 ], [ -111.835248, 40.421291 ], [ -111.83317, 40.427443 ], [ -111.831527, 40.433044 ], [ -111.832669, 40.433888 ], [ -111.837168, 40.436368 ], [ -111.840506, 40.434834 ], [ -111.847714, 40.438928 ], [ -111.850075, 40.441646 ], [ -111.856252, 40.444063 ], [ -111.856713, 40.44406 ], [ -111.864752, 40.446025 ], [ -111.870176, 40.450913 ], [ -111.870688, 40.451211 ], [ -111.876341, 40.457941 ], [ -111.879133, 40.460214 ], [ -111.880062, 40.460454 ], [ -111.880201, 40.46043 ], [ -111.880506, 40.460042 ], [ -111.888047, 40.455894 ], [ -111.894605, 40.456308 ], [ -111.897441, 40.457387 ], [ -111.899677, 40.45574 ], [ -111.908088, 40.453016 ], [ -111.911265, 40.452698 ], [ -111.915466, 40.450717 ], [ -111.91538, 40.45048 ] ] ] } },
{ "type": "Feature", "properties": { "group_index": 0, "value": 300.0, "center": [ -111.71246904916624, 40.27581844601009 ], "point_id": 0.0 }, "geometry": { "type": "Polygon", "coordinates": [ [ [ -111.728341, 40.274731 ], [ -111.72723, 40.273304 ], [ -111.727229, 40.273303 ], [ -111.724909, 40.272638 ], [ -111.724707, 40.272637 ], [ -111.722332, 40.273412 ], [ -111.71934, 40.273691 ], [ -111.718519, 40.273623 ], [ -111.713598, 40.270418 ], [ -111.712334, 40.26852 ], [ -111.711052, 40.265387 ], [ -111.710821, 40.265134 ], [ -111.709939, 40.264834 ], [ -111.708647, 40.264452 ], [ -111.708413, 40.264445 ], [ -111.7071, 40.267047 ], [ -111.70618, 40.268844 ], [ -111.701176, 40.271311 ], [ -111.699271, 40.271267 ], [ -111.698907, 40.271261 ], [ -111.697496, 40.271829 ], [ -111.695257, 40.273436 ], [ -111.693595, 40.274642 ], [ -111.693591, 40.274654 ], [ -111.693591, 40.274654 ], [ -111.693587, 40.274666 ], [ -111.693753, 40.275274 ], [ -111.695235, 40.277036 ], [ -111.699517, 40.280914 ], [ -111.700848, 40.282334 ], [ -111.703151, 40.284221 ], [ -111.704213, 40.28499 ], [ -111.704642, 40.285101 ], [ -111.705049, 40.285198 ], [ -111.705354, 40.285204 ], [ -111.705629, 40.285181 ], [ -111.70564, 40.285177 ], [ -111.706462, 40.284375 ], [ -111.706742, 40.283714 ], [ -111.710821, 40.28014 ], [ -111.713611, 40.281702 ], [ -111.714404, 40.282161 ], [ -111.716266, 40.282277 ], [ -111.722121, 40.283074 ], [ -111.723032, 40.283277 ], [ -111.723522, 40.2831 ], [ -111.724788, 40.280657 ], [ -111.727207, 40.276983 ], [ -111.728368, 40.274821 ], [ -111.728341, 40.274731 ] ] ] } },
{ "type": "Feature", "properties": { "group_index": 0, "value": 600.0, "center": [ -111.71246904916624, 40.27581844601009 ], "point_id": 0.0 }, "geometry": { "type": "Polygon", "coordinates": [ [ [ -111.741814, 40.280091 ], [ -111.741689, 40.277559 ], [ -111.739058, 40.274235 ], [ -111.735424, 40.271558 ], [ -111.730144, 40.26753 ], [ -111.725311, 40.265283 ], [ -111.71978, 40.262332 ], [ -111.719543, 40.262216 ], [ -111.713367, 40.258969 ], [ -111.709847, 40.256759 ], [ -111.701731, 40.255516 ], [ -111.698403, 40.255266 ], [ -111.69753, 40.255255 ], [ -111.694988, 40.257955 ], [ -111.692951, 40.2608 ], [ -111.686957, 40.266094 ], [ -111.682817, 40.267869 ], [ -111.677531, 40.272823 ], [ -111.677519, 40.272866 ], [ -111.678746, 40.276926 ], [ -111.679515, 40.278785 ], [ -111.685482, 40.284182 ], [ -111.692332, 40.289221 ], [ -111.69517, 40.291606 ], [ -111.69871, 40.294298 ], [ -111.70248, 40.297155 ], [ -111.705157, 40.298954 ], [ -111.705246, 40.298955 ], [ -111.705259, 40.298955 ], [ -111.705349, 40.298955 ], [ -111.709877, 40.295803 ], [ -111.709968, 40.295742 ], [ -111.715983, 40.293 ], [ -111.720877, 40.294468 ], [ -111.722547, 40.295624 ], [ -111.724167, 40.296844 ], [ -111.724182, 40.296844 ], [ -111.730329, 40.292278 ], [ -111.7311, 40.291642 ], [ -111.735174, 40.288257 ], [ -111.740912, 40.281647 ], [ -111.741806, 40.280785 ], [ -111.741814, 40.280091 ] ] ] } },
{ "type": "Feature", "properties": { "group_index": 0, "value": 900.0, "center": [ -111.71246904916624, 40.27581844601009 ], "point_id": 0.0 }, "geometry": { "type": "Polygon", "coordinates": [ [ [ -111.749694, 40.286206 ], [ -111.749743, 40.28565 ], [ -111.749646, 40.284834 ], [ -111.749559, 40.284557 ], [ -111.747989, 40.281181 ], [ -111.747533, 40.280467 ], [ -111.74646, 40.27916 ], [ -111.746382, 40.279083 ], [ -111.739058, 40.274235 ], [ -111.735424, 40.271558 ], [ -111.730144, 40.26753 ], [ -111.725087, 40.262329 ], [ -111.721975, 40.254427 ], [ -111.717484, 40.249372 ], [ -111.716037, 40.248182 ], [ -111.715269, 40.247758 ], [ -111.70854, 40.244457 ], [ -111.707763, 40.244483 ], [ -111.700657, 40.245284 ], [ -111.694988, 40.247986 ], [ -111.690531, 40.246306 ], [ -111.689234, 40.247246 ], [ -111.686203, 40.249773 ], [ -111.681619, 40.253563 ], [ -111.675092, 40.256286 ], [ -111.673273, 40.257443 ], [ -111.668476, 40.263288 ], [ -111.66843, 40.263558 ], [ -111.668491, 40.266105 ], [ -111.669083, 40.271465 ], [ -111.668993, 40.273732 ], [ -111.667995, 40.278921 ], [ -111.666409, 40.28247 ], [ -111.666448, 40.282749 ], [ -111.668757, 40.284997 ], [ -111.674962, 40.289583 ], [ -111.679222, 40.293609 ], [ -111.684226, 40.296772 ], [ -111.686682, 40.298372 ], [ -111.693495, 40.303529 ], [ -111.696999, 40.306233 ], [ -111.700701, 40.308859 ], [ -111.704494, 40.311852 ], [ -111.705062, 40.311931 ], [ -111.705229, 40.311931 ], [ -111.70564, 40.311896 ], [ -111.706219, 40.311845 ], [ -111.708944, 40.31 ], [ -111.714794, 40.307276 ], [ -111.723104, 40.309151 ], [ -111.724006, 40.309661 ], [ -111.72449, 40.309858 ], [ -111.724644, 40.309854 ], [ -111.729301, 40.306294 ], [ -111.734824, 40.302188 ], [ -111.738162, 40.300758 ], [ -111.740598, 40.299453 ], [ -111.742213, 40.298109 ], [ -111.745612, 40.29483 ], [ -111.746939, 40.292777 ], [ -111.749034, 40.288797 ], [ -111.749694, 40.286206 ] ] ] } },
{ "type": "Feature", "properties": { "group_index": 0, "value": 300.0, "center": [ -111.70395056453006, 40.27369315994376 ], "point_id": 0.0 }, "geometry": { "type": "Polygon", "coordinates": [ [ [ -111.715235, 40.275576 ], [ -111.715183, 40.274726 ], [ -111.715106, 40.274116 ], [ -111.715042, 40.273876 ], [ -111.711643, 40.269042 ], [ -111.710616, 40.268986 ], [ -111.709627, 40.268951 ], [ -111.705227, 40.270113 ], [ -111.699711, 40.268051 ], [ -111.699562, 40.267914 ], [ -111.698778, 40.267494 ], [ -111.698082, 40.267075 ], [ -111.696519, 40.266153 ], [ -111.694104, 40.266095 ], [ -111.6936, 40.266136 ], [ -111.691922, 40.267506 ], [ -111.688743, 40.269855 ], [ -111.686293, 40.271727 ], [ -111.685141, 40.273767 ], [ -111.685146, 40.273973 ], [ -111.686254, 40.275327 ], [ -111.688391, 40.277251 ], [ -111.691863, 40.279783 ], [ -111.694081, 40.281295 ], [ -111.695276, 40.282072 ], [ -111.69533, 40.282072 ], [ -111.699898, 40.280555 ], [ -111.702404, 40.282391 ], [ -111.704139, 40.283654 ], [ -111.704808, 40.28424 ], [ -111.704813, 40.284241 ], [ -111.704813, 40.284241 ], [ -111.704818, 40.284241 ], [ -111.706797, 40.283323 ], [ -111.710738, 40.281419 ], [ -111.714641, 40.27749 ], [ -111.715235, 40.275576 ] ] ] } },
{ "type": "Feature", "properties": { "group_index": 0, "value": 600.0, "center": [ -111.70395056453006, 40.27369315994376 ], "point_id": 0.0 }, "geometry": { "type": "Polygon", "coordinates": [ [ [ -111.732426, 40.274088 ], [ -111.732422, 40.273839 ], [ -111.731217, 40.272495 ], [ -111.725929, 40.270752 ], [ -111.724946, 40.270975 ], [ -111.724498, 40.271189 ], [ -111.722523, 40.27197 ], [ -111.713807, 40.270416 ], [ -111.712334, 40.26852 ], [ -111.712187, 40.268347 ], [ -111.712051, 40.268186 ], [ -111.711889, 40.267995 ], [ -111.707921, 40.263759 ], [ -111.705619, 40.258954 ], [ -111.699437, 40.255243 ], [ -111.694734, 40.251643 ], [ -111.694637, 40.251643 ], [ -111.693305, 40.252359 ], [ -111.689917, 40.255229 ], [ -111.685177, 40.258841 ], [ -111.680498, 40.260423 ], [ -111.679877, 40.260862 ], [ -111.679409, 40.261304 ], [ -111.674218, 40.265803 ], [ -111.670391, 40.268655 ], [ -111.670203, 40.269498 ], [ -111.670118, 40.270195 ], [ -111.670174, 40.271063 ], [ -111.670667, 40.275038 ], [ -111.671223, 40.276528 ], [ -111.675608, 40.280484 ], [ -111.67625, 40.280964 ], [ -111.682774, 40.286048 ], [ -111.685132, 40.287836 ], [ -111.690137, 40.291556 ], [ -111.694003, 40.293639 ], [ -111.695759, 40.294562 ], [ -111.703417, 40.296378 ], [ -111.704408, 40.297134 ], [ -111.705332, 40.297306 ], [ -111.705423, 40.297305 ], [ -111.70729, 40.296137 ], [ -111.708234, 40.295457 ], [ -111.713346, 40.291771 ], [ -111.718022, 40.28812 ], [ -111.724392, 40.28658 ], [ -111.724562, 40.286577 ], [ -111.725927, 40.285084 ], [ -111.730247, 40.279323 ], [ -111.732391, 40.274776 ], [ -111.732426, 40.274088 ] ] ] } },
{ "type": "Feature", "properties": { "group_index": 0, "value": 900.0, "center": [ -111.70395056453006, 40.27369315994376 ], "point_id": 0.0 }, "geometry": { "type": "Polygon", "coordinates": [ [ [ -111.745879, 40.280635 ], [ -111.745894, 40.280211 ], [ -111.744818, 40.278808 ], [ -111.739058, 40.274235 ], [ -111.735424, 40.271558 ], [ -111.730164, 40.265604 ], [ -111.722626, 40.261165 ], [ -111.715716, 40.255647 ], [ -111.715184, 40.255037 ], [ -111.71451, 40.254303 ], [ -111.713059, 40.252646 ], [ -111.712094, 40.251776 ], [ -111.711945, 40.251687 ], [ -111.708465, 40.250193 ], [ -111.705962, 40.249876 ], [ -111.703977, 40.250789 ], [ -111.699437, 40.255243 ], [ -111.694734, 40.251643 ], [ -111.694033, 40.249797 ], [ -111.693778, 40.248582 ], [ -111.692955, 40.244637 ], [ -111.692521, 40.243849 ], [ -111.692476, 40.243801 ], [ -111.69118, 40.243199 ], [ -111.689708, 40.243328 ], [ -111.688722, 40.243427 ], [ -111.683806, 40.244034 ], [ -111.682793, 40.244306 ], [ -111.680824, 40.246909 ], [ -111.673714, 40.249452 ], [ -111.672918, 40.249451 ], [ -111.668463, 40.250159 ], [ -111.667864, 40.250252 ], [ -111.66727, 40.250416 ], [ -111.66715, 40.250472 ], [ -111.665935, 40.252277 ], [ -111.662286, 40.258507 ], [ -111.661156, 40.259941 ], [ -111.659317, 40.262461 ], [ -111.659287, 40.262767 ], [ -111.659594, 40.263888 ], [ -111.659975, 40.265196 ], [ -111.660098, 40.265291 ], [ -111.662116, 40.265813 ], [ -111.667769, 40.268718 ], [ -111.668993, 40.273732 ], [ -111.66702, 40.277894 ], [ -111.662544, 40.281023 ], [ -111.661106, 40.282811 ], [ -111.661106, 40.282859 ], [ -111.661106, 40.282861 ], [ -111.661106, 40.282909 ], [ -111.66135, 40.283302 ], [ -111.662371, 40.28459 ], [ -111.669258, 40.289972 ], [ -111.672152, 40.291528 ], [ -111.676971, 40.296451 ], [ -111.677244, 40.296716 ], [ -111.678533, 40.297665 ], [ -111.685979, 40.301579 ], [ -111.686166, 40.30162 ], [ -111.693495, 40.303529 ], [ -111.697659, 40.30559 ], [ -111.702423, 40.309452 ], [ -111.702821, 40.309604 ], [ -111.705504, 40.310097 ], [ -111.706583, 40.310089 ], [ -111.706908, 40.310026 ], [ -111.712113, 40.306261 ], [ -111.716845, 40.302723 ], [ -111.724735, 40.29972 ], [ -111.724795, 40.299686 ], [ -111.728142, 40.295019 ], [ -111.735675, 40.291609 ], [ -111.738829, 40.288958 ], [ -111.739225, 40.28856 ], [ -111.745544, 40.28232 ], [ -111.745566, 40.282295 ], [ -111.745879, 40.280635 ] ] ] } },
{ "type": "Feature", "properties": { "group_index": 0, "value": 300.0, "center": [ -111.69463629190456, 40.27363870829476 ], "point_id": 0.0 }, "geometry": { "type": "Polygon", "coordinates": [ [ [ -111.707574, 40.275221 ], [ -111.706378, 40.271744 ], [ -111.702563, 40.268237 ], [ -111.700969, 40.266292 ], [ -111.696753, 40.265081 ], [ -111.691989, 40.26293 ], [ -111.690334, 40.262508 ], [ -111.689206, 40.262498 ], [ -111.687984, 40.26542 ], [ -111.684283, 40.266077 ], [ -111.684163, 40.266077 ], [ -111.682178, 40.266432 ], [ -111.682177, 40.266432 ], [ -111.682035, 40.266528 ], [ -111.680655, 40.267862 ], [ -111.676536, 40.271308 ], [ -111.676509, 40.274908 ], [ -111.681112, 40.278263 ], [ -111.684289, 40.280094 ], [ -111.686312, 40.281849 ], [ -111.690687, 40.284231 ], [ -111.691059, 40.284326 ], [ -111.694928, 40.284999 ], [ -111.695239, 40.284996 ], [ -111.696747, 40.284232 ], [ -111.700684, 40.280868 ], [ -111.702907, 40.279722 ], [ -111.706328, 40.276895 ], [ -111.707578, 40.275268 ], [ -111.707574, 40.275221 ] ] ] } },
{ "type": "Feature", "properties": { "group_index": 0, "value": 600.0, "center": [ -111.69463629190456, 40.27363870829476 ], "point_id": 0.0 }, "geometry": { "type": "Polygon", "coordinates": [ [ [ -111.723237, 40.27702 ], [ -111.723268, 40.27342 ], [ -111.71641, 40.271651 ], [ -111.712051, 40.268186 ], [ -111.711559, 40.267625 ], [ -111.70806, 40.263821 ], [ -111.706594, 40.258959 ], [ -111.70471, 40.258281 ], [ -111.69757, 40.253073 ], [ -111.697426, 40.252495 ], [ -111.693455, 40.251642 ], [ -111.692423, 40.251637 ], [ -111.690579, 40.253048 ], [ -111.682288, 40.254625 ], [ -111.682106, 40.254626 ], [ -111.675323, 40.254912 ], [ -111.67196, 40.255137 ], [ -111.671928, 40.255152 ], [ -111.670289, 40.257834 ], [ -111.667108, 40.263266 ], [ -111.66689, 40.264996 ], [ -111.666871, 40.265201 ], [ -111.667197, 40.267317 ], [ -111.668184, 40.275819 ], [ -111.668964, 40.279171 ], [ -111.671238, 40.284215 ], [ -111.675276, 40.28737 ], [ -111.676237, 40.288048 ], [ -111.683218, 40.293299 ], [ -111.685663, 40.294433 ], [ -111.685746, 40.294432 ], [ -111.692294, 40.295234 ], [ -111.696116, 40.296746 ], [ -111.698431, 40.297063 ], [ -111.698446, 40.297053 ], [ -111.702474, 40.293657 ], [ -111.704917, 40.291728 ], [ -111.711661, 40.286833 ], [ -111.719099, 40.282463 ], [ -111.721323, 40.280292 ], [ -111.723041, 40.278444 ], [ -111.723237, 40.27702 ] ] ] } },
{ "type": "Feature", "properties": { "group_index": 0, "value": 900.0, "center": [ -111.69463629190456, 40.27363870829476 ], "point_id": 0.0 }, "geometry": { "type": "Polygon", "coordinates": [ [ [ -111.739072, 40.27665 ], [ -111.739074, 40.274879 ], [ -111.739075, 40.27305 ], [ -111.735424, 40.271558 ], [ -111.728219, 40.267528 ], [ -111.721845, 40.261189 ], [ -111.71606, 40.255089 ], [ -111.715485, 40.254335 ], [ -111.712187, 40.250693 ], [ -111.712169, 40.250685 ], [ -111.712098, 40.250658 ], [ -111.71208, 40.250651 ], [ -111.709803, 40.250034 ], [ -111.708712, 40.249856 ], [ -111.705323, 40.249314 ], [ -111.703343, 40.249207 ], [ -111.703201, 40.249274 ], [ -111.697426, 40.252495 ], [ -111.693778, 40.248582 ], [ -111.69372, 40.246864 ], [ -111.693862, 40.243267 ], [ -111.690613, 40.241912 ], [ -111.689999, 40.241709 ], [ -111.688577, 40.241687 ], [ -111.681887, 40.242808 ], [ -111.674472, 40.243009 ], [ -111.667386, 40.242995 ], [ -111.667277, 40.242996 ], [ -111.666786, 40.243208 ], [ -111.664437, 40.244537 ], [ -111.664436, 40.244538 ], [ -111.664436, 40.244538 ], [ -111.664434, 40.244539 ], [ -111.659383, 40.248859 ], [ -111.657708, 40.250756 ], [ -111.654884, 40.254021 ], [ -111.654303, 40.254799 ], [ -111.653584, 40.25593 ], [ -111.649015, 40.263052 ], [ -111.649015, 40.26307 ], [ -111.650312, 40.265041 ], [ -111.651439, 40.266424 ], [ -111.652093, 40.266786 ], [ -111.6548, 40.268756 ], [ -111.65595, 40.270254 ], [ -111.656553, 40.278771 ], [ -111.654758, 40.28022 ], [ -111.653839, 40.280817 ], [ -111.652849, 40.28146 ], [ -111.652473, 40.281706 ], [ -111.652475, 40.282566 ], [ -111.653161, 40.284427 ], [ -111.654642, 40.285634 ], [ -111.655567, 40.286343 ], [ -111.661806, 40.290317 ], [ -111.667602, 40.294883 ], [ -111.669242, 40.296876 ], [ -111.67004, 40.297534 ], [ -111.672708, 40.299597 ], [ -111.676553, 40.302283 ], [ -111.68343, 40.30632 ], [ -111.68492, 40.307369 ], [ -111.686266, 40.308172 ], [ -111.6864, 40.308174 ], [ -111.695168, 40.307239 ], [ -111.697283, 40.308156 ], [ -111.700828, 40.309152 ], [ -111.702462, 40.309591 ], [ -111.702916, 40.309594 ], [ -111.706216, 40.306264 ], [ -111.708622, 40.303717 ], [ -111.713432, 40.298986 ], [ -111.716081, 40.297224 ], [ -111.724307, 40.293974 ], [ -111.728559, 40.290669 ], [ -111.733489, 40.285745 ], [ -111.735213, 40.283857 ], [ -111.736451, 40.282436 ], [ -111.737855, 40.280678 ], [ -111.739066, 40.278669 ], [ -111.739072, 40.27665 ] ] ] } },
{ "type": "Feature", "properties": { "group_index": 0, "value": 300.0, "center": [ -111.66689720798777, 40.26275103153323 ], "point_id": 0.0 }, "geometry": { "type": "Polygon", "coordinates": [ [ [ -111.668899, 40.264048 ], [ -111.669611, 40.260445 ], [ -111.669646, 40.2601 ], [ -111.668035, 40.255246 ], [ -111.668054, 40.254005 ], [ -111.668043, 40.25358 ], [ -111.666911, 40.251751 ], [ -111.662037, 40.248954 ], [ -111.661919, 40.24896 ], [ -111.661918, 40.24896 ], [ -111.661801, 40.248966 ], [ -111.658798, 40.250223 ], [ -111.656811, 40.251788 ], [ -111.653418, 40.254016 ], [ -111.651847, 40.255816 ], [ -111.651851, 40.255931 ], [ -111.651851, 40.255939 ], [ -111.652952, 40.258884 ], [ -111.654063, 40.260513 ], [ -111.656845, 40.263832 ], [ -111.657892, 40.265169 ], [ -111.65867, 40.265788 ], [ -111.658754, 40.265799 ], [ -111.658781, 40.2658 ], [ -111.664102, 40.2658 ], [ -111.664149, 40.265797 ], [ -111.664842, 40.265626 ], [ -111.667676, 40.264978 ], [ -111.668786, 40.264499 ], [ -111.6688, 40.264488 ], [ -111.668899, 40.264048 ] ] ] } },
{ "type": "Feature", "properties": { "group_index": 0, "value": 600.0, "center": [ -111.66689720798777, 40.26275103153323 ], "point_id": 0.0 }, "geometry": { "type": "Polygon", "coordinates": [ [ [ -111.678083, 40.27323 ], [ -111.678086, 40.272913 ], [ -111.678087, 40.272834 ], [ -111.677859, 40.272475 ], [ -111.676972, 40.271099 ], [ -111.678869, 40.262442 ], [ -111.679148, 40.261025 ], [ -111.681064, 40.253737 ], [ -111.681053, 40.253481 ], [ -111.678974, 40.247576 ], [ -111.678369, 40.246263 ], [ -111.676327, 40.242185 ], [ -111.673969, 40.241625 ], [ -111.667467, 40.23873 ], [ -111.66296, 40.23596 ], [ -111.661623, 40.235954 ], [ -111.658463, 40.236904 ], [ -111.657699, 40.237261 ], [ -111.655903, 40.238577 ], [ -111.654077, 40.239922 ], [ -111.652309, 40.241269 ], [ -111.650775, 40.242518 ], [ -111.644504, 40.246696 ], [ -111.642655, 40.247961 ], [ -111.641347, 40.249399 ], [ -111.641223, 40.249708 ], [ -111.638586, 40.256192 ], [ -111.637595, 40.258604 ], [ -111.63858, 40.264674 ], [ -111.640316, 40.266419 ], [ -111.641877, 40.267804 ], [ -111.648107, 40.273629 ], [ -111.649409, 40.27463 ], [ -111.650973, 40.275846 ], [ -111.651446, 40.276099 ], [ -111.657929, 40.279184 ], [ -111.658009, 40.279181 ], [ -111.659658, 40.277159 ], [ -111.661995, 40.275082 ], [ -111.668934, 40.273046 ], [ -111.672548, 40.274257 ], [ -111.673094, 40.274522 ], [ -111.673643, 40.27472 ], [ -111.674354, 40.274898 ], [ -111.675094, 40.275001 ], [ -111.676744, 40.274972 ], [ -111.6768, 40.274958 ], [ -111.676997, 40.274699 ], [ -111.678082, 40.273249 ], [ -111.678083, 40.27323 ] ] ] } },
{ "type": "Feature", "properties": { "group_index": 0, "value": 900.0, "center": [ -111.66689720798777, 40.26275103153323 ], "point_id": 0.0 }, "geometry": { "type": "Polygon", "coordinates": [ [ [ -111.694522, 40.272859 ], [ -111.694531, 40.272453 ], [ -111.694523, 40.26504 ], [ -111.696582, 40.257839 ], [ -111.697558, 40.254479 ], [ -111.697621, 40.254069 ], [ -111.693191, 40.247008 ], [ -111.693905, 40.24414 ], [ -111.693297, 40.239552 ], [ -111.69181, 40.236274 ], [ -111.691457, 40.236434 ], [ -111.689055, 40.237486 ], [ -111.681463, 40.234244 ], [ -111.679249, 40.232088 ], [ -111.677613, 40.230612 ], [ -111.675907, 40.22926 ], [ -111.67376, 40.227932 ], [ -111.667555, 40.22527 ], [ -111.662297, 40.221958 ], [ -111.662248, 40.221958 ], [ -111.657501, 40.223951 ], [ -111.653991, 40.226553 ], [ -111.650368, 40.229186 ], [ -111.646639, 40.231965 ], [ -111.642384, 40.234668 ], [ -111.641014, 40.235629 ], [ -111.633499, 40.239593 ], [ -111.632777, 40.239933 ], [ -111.631086, 40.241922 ], [ -111.627565, 40.246625 ], [ -111.627528, 40.246836 ], [ -111.62757, 40.247745 ], [ -111.627732, 40.248318 ], [ -111.627756, 40.248384 ], [ -111.627932, 40.248807 ], [ -111.628225, 40.249356 ], [ -111.62944, 40.256109 ], [ -111.626129, 40.262337 ], [ -111.624967, 40.263855 ], [ -111.62573, 40.266749 ], [ -111.631043, 40.271991 ], [ -111.632058, 40.275305 ], [ -111.632073, 40.275343 ], [ -111.632335, 40.27597 ], [ -111.634469, 40.278232 ], [ -111.638375, 40.281106 ], [ -111.645306, 40.285254 ], [ -111.652046, 40.289505 ], [ -111.65714, 40.292029 ], [ -111.660472, 40.290852 ], [ -111.663776, 40.288846 ], [ -111.672222, 40.287521 ], [ -111.676126, 40.288143 ], [ -111.676372, 40.288207 ], [ -111.67692, 40.288202 ], [ -111.682223, 40.284076 ], [ -111.687985, 40.281866 ], [ -111.68811, 40.281823 ], [ -111.694153, 40.275357 ], [ -111.694223, 40.275169 ], [ -111.694522, 40.272859 ] ] ] } },
{ "type": "Feature", "properties": { "group_index": 0, "value": 300.0, "center": [ -111.65205995590297, 40.255769376160856 ], "point_id": 0.0 }, "geometry": { "type": "Polygon", "coordinates": [ [ [ -111.665995, 40.25654 ], [ -111.665823, 40.255433 ], [ -111.663784, 40.252261 ], [ -111.661858, 40.248742 ], [ -111.660433, 40.24729 ], [ -111.658414, 40.246084 ], [ -111.653529, 40.243224 ], [ -111.651114, 40.243502 ], [ -111.648133, 40.24402 ], [ -111.647702, 40.244101 ], [ -111.647573, 40.24416 ], [ -111.643056, 40.246622 ], [ -111.640175, 40.248878 ], [ -111.638695, 40.25116 ], [ -111.638693, 40.251163 ], [ -111.638675, 40.251192 ], [ -111.638673, 40.251195 ], [ -111.636772, 40.255789 ], [ -111.636601, 40.256397 ], [ -111.63665, 40.257179 ], [ -111.637652, 40.261755 ], [ -111.638396, 40.263358 ], [ -111.63871, 40.263562 ], [ -111.638938, 40.263683 ], [ -111.642625, 40.265246 ], [ -111.645143, 40.266367 ], [ -111.645242, 40.266367 ], [ -111.647171, 40.265767 ], [ -111.648466, 40.264895 ], [ -111.653678, 40.263785 ], [ -111.655542, 40.265183 ], [ -111.65584, 40.265321 ], [ -111.655937, 40.265325 ], [ -111.655938, 40.265325 ], [ -111.656035, 40.26533 ], [ -111.656523, 40.26518 ], [ -111.657943, 40.264105 ], [ -111.662435, 40.261441 ], [ -111.662812, 40.261224 ], [ -111.663352, 40.260837 ], [ -111.665297, 40.25862 ], [ -111.665995, 40.25654 ] ] ] } },
{ "type": "Feature", "properties": { "group_index": 0, "value": 600.0, "center": [ -111.65205995590297, 40.255769376160856 ], "point_id": 0.0 }, "geometry": { "type": "Polygon", "coordinates": [ [ [ -111.67742, 40.26141 ], [ -111.677427, 40.261259 ], [ -111.677529, 40.255264 ], [ -111.677253, 40.249638 ], [ -111.676184, 40.247311 ], [ -111.672674, 40.242595 ], [ -111.671372, 40.241281 ], [ -111.671313, 40.241226 ], [ -111.667902, 40.238609 ], [ -111.666183, 40.237288 ], [ -111.662305, 40.234633 ], [ -111.658667, 40.232081 ], [ -111.655027, 40.231009 ], [ -111.654805, 40.23101 ], [ -111.646496, 40.231644 ], [ -111.645866, 40.231892 ], [ -111.642091, 40.233869 ], [ -111.634631, 40.237917 ], [ -111.631685, 40.239849 ], [ -111.630162, 40.241271 ], [ -111.628148, 40.244976 ], [ -111.628093, 40.24916 ], [ -111.629556, 40.257564 ], [ -111.62639, 40.262988 ], [ -111.626041, 40.266007 ], [ -111.632438, 40.27223 ], [ -111.635414, 40.275347 ], [ -111.636173, 40.27598 ], [ -111.638675, 40.276336 ], [ -111.647178, 40.278729 ], [ -111.647774, 40.279038 ], [ -111.647831, 40.279038 ], [ -111.654111, 40.27709 ], [ -111.656913, 40.277656 ], [ -111.657109, 40.277651 ], [ -111.65937, 40.276365 ], [ -111.659549, 40.276225 ], [ -111.661026, 40.272491 ], [ -111.663486, 40.270183 ], [ -111.670173, 40.271053 ], [ -111.670621, 40.27144 ], [ -111.674134, 40.270655 ], [ -111.677039, 40.263702 ], [ -111.67742, 40.26141 ] ] ] } },
{ "type": "Feature", "properties": { "group_index": 0, "value": 900.0, "center": [ -111.65205995590297, 40.255769376160856 ], "point_id": 0.0 }, "geometry": { "type": "Polygon", "coordinates": [ [ [ -111.689452, 40.273098 ], [ -111.689382, 40.272699 ], [ -111.688715, 40.265192 ], [ -111.690555, 40.262481 ], [ -111.692367, 40.260682 ], [ -111.694633, 40.257171 ], [ -111.695567, 40.254065 ], [ -111.69556, 40.253546 ], [ -111.695327, 40.252497 ], [ -111.691807, 40.245151 ], [ -111.68824, 40.23792 ], [ -111.680496, 40.234681 ], [ -111.67881, 40.233379 ], [ -111.678265, 40.23299 ], [ -111.675208, 40.230577 ], [ -111.673476, 40.229254 ], [ -111.671724, 40.227926 ], [ -111.668243, 40.225269 ], [ -111.666508, 40.224349 ], [ -111.66075, 40.219984 ], [ -111.658742, 40.21888 ], [ -111.658591, 40.21888 ], [ -111.656534, 40.220068 ], [ -111.648429, 40.222103 ], [ -111.642287, 40.220365 ], [ -111.641509, 40.220109 ], [ -111.640058, 40.21986 ], [ -111.639812, 40.219859 ], [ -111.638902, 40.220264 ], [ -111.637082, 40.223377 ], [ -111.631326, 40.228261 ], [ -111.630114, 40.229452 ], [ -111.62966, 40.23233 ], [ -111.625732, 40.238593 ], [ -111.625722, 40.238612 ], [ -111.6253, 40.242644 ], [ -111.625161, 40.244024 ], [ -111.626143, 40.251199 ], [ -111.626166, 40.251289 ], [ -111.627645, 40.253382 ], [ -111.629556, 40.257564 ], [ -111.62639, 40.262988 ], [ -111.623799, 40.265768 ], [ -111.626041, 40.266007 ], [ -111.629711, 40.273461 ], [ -111.629556, 40.273906 ], [ -111.630303, 40.276617 ], [ -111.63264, 40.282932 ], [ -111.632783, 40.28338 ], [ -111.633561, 40.285859 ], [ -111.633761, 40.286402 ], [ -111.635993, 40.287389 ], [ -111.642714, 40.288652 ], [ -111.646073, 40.290894 ], [ -111.647999, 40.292436 ], [ -111.648515, 40.292438 ], [ -111.650002, 40.290996 ], [ -111.657777, 40.290887 ], [ -111.657852, 40.290887 ], [ -111.659201, 40.290657 ], [ -111.660168, 40.290162 ], [ -111.660561, 40.289944 ], [ -111.664718, 40.287192 ], [ -111.667866, 40.28501 ], [ -111.676138, 40.284248 ], [ -111.67616, 40.28425 ], [ -111.676162, 40.28425 ], [ -111.676184, 40.284252 ], [ -111.676525, 40.284145 ], [ -111.678756, 40.282669 ], [ -111.685919, 40.277896 ], [ -111.688655, 40.275132 ], [ -111.689446, 40.273274 ], [ -111.689452, 40.273098 ] ] ] } },
{ "type": "Feature", "properties": { "group_index": 0, "value": 300.0, "center": [ -111.6462095701605, 40.25665444324042 ], "point_id": 0.0 }, "geometry": { "type": "Polygon", "coordinates": [ [ [ -111.663933, 40.257411 ], [ -111.66394, 40.257349 ], [ -111.663994, 40.255959 ], [ -111.662144, 40.253475 ], [ -111.660629, 40.250561 ], [ -111.658836, 40.248739 ], [ -111.657916, 40.247934 ], [ -111.654466, 40.245798 ], [ -111.652025, 40.244661 ], [ -111.651269, 40.244442 ], [ -111.651226, 40.244464 ], [ -111.649013, 40.245271 ], [ -111.643633, 40.244064 ], [ -111.643515, 40.244009 ], [ -111.643484, 40.244004 ], [ -111.643225, 40.244066 ], [ -111.641298, 40.245458 ], [ -111.636317, 40.246495 ], [ -111.636304, 40.2465 ], [ -111.635304, 40.24903 ], [ -111.633605, 40.253198 ], [ -111.633837, 40.253729 ], [ -111.634824, 40.256467 ], [ -111.635166, 40.256863 ], [ -111.635469, 40.257167 ], [ -111.635973, 40.26298 ], [ -111.634786, 40.264313 ], [ -111.634792, 40.264482 ], [ -111.634963, 40.265294 ], [ -111.636097, 40.266489 ], [ -111.637514, 40.267535 ], [ -111.637778, 40.267536 ], [ -111.643277, 40.267496 ], [ -111.647484, 40.268208 ], [ -111.647492, 40.268208 ], [ -111.649764, 40.266437 ], [ -111.651814, 40.264839 ], [ -111.656946, 40.262117 ], [ -111.657571, 40.262129 ], [ -111.659335, 40.260672 ], [ -111.663167, 40.258725 ], [ -111.663317, 40.25867 ], [ -111.663551, 40.258513 ], [ -111.663933, 40.257411 ] ] ] } },
{ "type": "Feature", "properties": { "group_index": 0, "value": 600.0, "center": [ -111.6462095701605, 40.25665444324042 ], "point_id": 0.0 }, "geometry": { "type": "Polygon", "coordinates": [ [ [ -111.674403, 40.268281 ], [ -111.674385, 40.267707 ], [ -111.674308, 40.267212 ], [ -111.67418, 40.266733 ], [ -111.673512, 40.260862 ], [ -111.675468, 40.255922 ], [ -111.675749, 40.255433 ], [ -111.676042, 40.254177 ], [ -111.675221, 40.249786 ], [ -111.671047, 40.244002 ], [ -111.669669, 40.242552 ], [ -111.668591, 40.241678 ], [ -111.665098, 40.238822 ], [ -111.659022, 40.234626 ], [ -111.65515, 40.233097 ], [ -111.655144, 40.233097 ], [ -111.646453, 40.231936 ], [ -111.644226, 40.231008 ], [ -111.643121, 40.230783 ], [ -111.643114, 40.230783 ], [ -111.642201, 40.230866 ], [ -111.634542, 40.235586 ], [ -111.631694, 40.237491 ], [ -111.630641, 40.238943 ], [ -111.625378, 40.245387 ], [ -111.62583, 40.247347 ], [ -111.626002, 40.248316 ], [ -111.626078, 40.248597 ], [ -111.627801, 40.254536 ], [ -111.627755, 40.259401 ], [ -111.62463, 40.264093 ], [ -111.622245, 40.266676 ], [ -111.622214, 40.266725 ], [ -111.62231, 40.266826 ], [ -111.622835, 40.267214 ], [ -111.629239, 40.268955 ], [ -111.630411, 40.272549 ], [ -111.630428, 40.272603 ], [ -111.632712, 40.277277 ], [ -111.632743, 40.277312 ], [ -111.63454, 40.278693 ], [ -111.63709, 40.278843 ], [ -111.640345, 40.279019 ], [ -111.647745, 40.281642 ], [ -111.647808, 40.281638 ], [ -111.648339, 40.281404 ], [ -111.649421, 40.280572 ], [ -111.653309, 40.277844 ], [ -111.657879, 40.27589 ], [ -111.660016, 40.274179 ], [ -111.661237, 40.272564 ], [ -111.669019, 40.268997 ], [ -111.670614, 40.26886 ], [ -111.673956, 40.269166 ], [ -111.674366, 40.268762 ], [ -111.674403, 40.268281 ] ] ] } },
{ "type": "Feature", "properties": { "group_index": 0, "value": 900.0, "center": [ -111.6462095701605, 40.25665444324042 ], "point_id": 0.0 }, "geometry": { "type": "Polygon", "coordinates": [ [ [ -111.686702, 40.274062 ], [ -111.68661, 40.273337 ], [ -111.686337, 40.272386 ], [ -111.686336, 40.272383 ], [ -111.685963, 40.265017 ], [ -111.688329, 40.262898 ], [ -111.688776, 40.262593 ], [ -111.689194, 40.262215 ], [ -111.691715, 40.257069 ], [ -111.693063, 40.253327 ], [ -111.693059, 40.253054 ], [ -111.691687, 40.251637 ], [ -111.688407, 40.244908 ], [ -111.686808, 40.240954 ], [ -111.686243, 40.240037 ], [ -111.685543, 40.239514 ], [ -111.67922, 40.235999 ], [ -111.677497, 40.234678 ], [ -111.675788, 40.23336 ], [ -111.673914, 40.231918 ], [ -111.672163, 40.230572 ], [ -111.668668, 40.227917 ], [ -111.663427, 40.22426 ], [ -111.659373, 40.221286 ], [ -111.658971, 40.221287 ], [ -111.657704, 40.221589 ], [ -111.649389, 40.222378 ], [ -111.648225, 40.220555 ], [ -111.647486, 40.220375 ], [ -111.643129, 40.219058 ], [ -111.640306, 40.218396 ], [ -111.638136, 40.218144 ], [ -111.638012, 40.218195 ], [ -111.634992, 40.222113 ], [ -111.63073, 40.225522 ], [ -111.628454, 40.228311 ], [ -111.625308, 40.2354 ], [ -111.625258, 40.235769 ], [ -111.625175, 40.236451 ], [ -111.625161, 40.244024 ], [ -111.625378, 40.245387 ], [ -111.626143, 40.251199 ], [ -111.626166, 40.251289 ], [ -111.627755, 40.259401 ], [ -111.62463, 40.264093 ], [ -111.622245, 40.266676 ], [ -111.622214, 40.266725 ], [ -111.62231, 40.266826 ], [ -111.622835, 40.267214 ], [ -111.627148, 40.274937 ], [ -111.627851, 40.276441 ], [ -111.632467, 40.284133 ], [ -111.632257, 40.287571 ], [ -111.635478, 40.290704 ], [ -111.635983, 40.290956 ], [ -111.638297, 40.291869 ], [ -111.646357, 40.294246 ], [ -111.648127, 40.294472 ], [ -111.648355, 40.294465 ], [ -111.649012, 40.294368 ], [ -111.650767, 40.293352 ], [ -111.653505, 40.291615 ], [ -111.660233, 40.28831 ], [ -111.664874, 40.284623 ], [ -111.67097, 40.280853 ], [ -111.674786, 40.280965 ], [ -111.678017, 40.280564 ], [ -111.67827, 40.280506 ], [ -111.685616, 40.275317 ], [ -111.686693, 40.274101 ], [ -111.686702, 40.274062 ] ] ] } },
{ "type": "Feature", "properties": { "group_index": 0, "value": 300.0, "center": [ -111.65130569826434, 40.2429442019638 ], "point_id": 0.0 }, "geometry": { "type": "Polygon", "coordinates": [ [ [ -111.669032, 40.242126 ], [ -111.667426, 40.240106 ], [ -111.666039, 40.238607 ], [ -111.663867, 40.23728 ], [ -111.660472, 40.234628 ], [ -111.658665, 40.23321 ], [ -111.655196, 40.230633 ], [ -111.651762, 40.227995 ], [ -111.651723, 40.227995 ], [ -111.649992, 40.229297 ], [ -111.64526, 40.232248 ], [ -111.645254, 40.232253 ], [ -111.641582, 40.235632 ], [ -111.640087, 40.236682 ], [ -111.638228, 40.238162 ], [ -111.634628, 40.240991 ], [ -111.634586, 40.24112 ], [ -111.634172, 40.243807 ], [ -111.634003, 40.244954 ], [ -111.638706, 40.248066 ], [ -111.643005, 40.25157 ], [ -111.644817, 40.252398 ], [ -111.644881, 40.252417 ], [ -111.645169, 40.252481 ], [ -111.645238, 40.252481 ], [ -111.65097, 40.25271 ], [ -111.651248, 40.252781 ], [ -111.65613, 40.254254 ], [ -111.656138, 40.254254 ], [ -111.658607, 40.252775 ], [ -111.659201, 40.252338 ], [ -111.662142, 40.250146 ], [ -111.666776, 40.247181 ], [ -111.666787, 40.247173 ], [ -111.669045, 40.244336 ], [ -111.669032, 40.242126 ] ] ] } },
{ "type": "Feature", "properties": { "group_index": 0, "value": 600.0, "center": [ -111.65130569826434, 40.2429442019638 ], "point_id": 0.0 }, "geometry": { "type": "Polygon", "coordinates": [ [ [ -111.686511, 40.244933 ], [ -111.684954, 40.24002 ], [ -111.68341, 40.238322 ], [ -111.676956, 40.233372 ], [ -111.675092, 40.231929 ], [ -111.673336, 40.230577 ], [ -111.671582, 40.229248 ], [ -111.668102, 40.2266 ], [ -111.664715, 40.224258 ], [ -111.659137, 40.219732 ], [ -111.659104, 40.219728 ], [ -111.658457, 40.219976 ], [ -111.65807, 40.220168 ], [ -111.657116, 40.221157 ], [ -111.65688, 40.221356 ], [ -111.648524, 40.221648 ], [ -111.647236, 40.219364 ], [ -111.646922, 40.219033 ], [ -111.64657, 40.218714 ], [ -111.639567, 40.219849 ], [ -111.639459, 40.219897 ], [ -111.637656, 40.22227 ], [ -111.632896, 40.227937 ], [ -111.630573, 40.231779 ], [ -111.628698, 40.2353 ], [ -111.628549, 40.23564 ], [ -111.626217, 40.24339 ], [ -111.625734, 40.245601 ], [ -111.625737, 40.246575 ], [ -111.62583, 40.247347 ], [ -111.625938, 40.247957 ], [ -111.629565, 40.25445 ], [ -111.631234, 40.256166 ], [ -111.635188, 40.26014 ], [ -111.638396, 40.263358 ], [ -111.63871, 40.263562 ], [ -111.638975, 40.263703 ], [ -111.645207, 40.264452 ], [ -111.646236, 40.264389 ], [ -111.652198, 40.264821 ], [ -111.656114, 40.267703 ], [ -111.656134, 40.267703 ], [ -111.661687, 40.264808 ], [ -111.665122, 40.263271 ], [ -111.666975, 40.262112 ], [ -111.673286, 40.258228 ], [ -111.67643, 40.255084 ], [ -111.676997, 40.251329 ], [ -111.683092, 40.247563 ], [ -111.68446, 40.246618 ], [ -111.686511, 40.244936 ], [ -111.686511, 40.244933 ] ] ] } },
{ "type": "Feature", "properties": { "group_index": 0, "value": 900.0, "center": [ -111.65130569826434, 40.2429442019638 ], "point_id": 0.0 }, "geometry": { "type": "Polygon", "coordinates": [ [ [ -111.702771, 40.24414 ], [ -111.701431, 40.24237 ], [ -111.698013, 40.236442 ], [ -111.695034, 40.234145 ], [ -111.688705, 40.230974 ], [ -111.68404, 40.225881 ], [ -111.682405, 40.223993 ], [ -111.679513, 40.222219 ], [ -111.675448, 40.217306 ], [ -111.674516, 40.216654 ], [ -111.669893, 40.21481 ], [ -111.669251, 40.214486 ], [ -111.666143, 40.213312 ], [ -111.660452, 40.207686 ], [ -111.660381, 40.20756 ], [ -111.659579, 40.206793 ], [ -111.65806, 40.206546 ], [ -111.658009, 40.206571 ], [ -111.657452, 40.206908 ], [ -111.653757, 40.210576 ], [ -111.650834, 40.212424 ], [ -111.648456, 40.213749 ], [ -111.645756, 40.215597 ], [ -111.638887, 40.213903 ], [ -111.638443, 40.213471 ], [ -111.635638, 40.210865 ], [ -111.63416, 40.209239 ], [ -111.632975, 40.208551 ], [ -111.631544, 40.208324 ], [ -111.631253, 40.208459 ], [ -111.629614, 40.210374 ], [ -111.625501, 40.215141 ], [ -111.621626, 40.223232 ], [ -111.621326, 40.22362 ], [ -111.621715, 40.224613 ], [ -111.622871, 40.22661 ], [ -111.626243, 40.22971 ], [ -111.626966, 40.237036 ], [ -111.626992, 40.238002 ], [ -111.626217, 40.24339 ], [ -111.625734, 40.245601 ], [ -111.625737, 40.246575 ], [ -111.626143, 40.251199 ], [ -111.626166, 40.251289 ], [ -111.627645, 40.253382 ], [ -111.627128, 40.261693 ], [ -111.626129, 40.262337 ], [ -111.625696, 40.263327 ], [ -111.625686, 40.263423 ], [ -111.625689, 40.265759 ], [ -111.625825, 40.265881 ], [ -111.626041, 40.266007 ], [ -111.631107, 40.270376 ], [ -111.632626, 40.272803 ], [ -111.635414, 40.275347 ], [ -111.636211, 40.276011 ], [ -111.637678, 40.275778 ], [ -111.638868, 40.275495 ], [ -111.646981, 40.276688 ], [ -111.649427, 40.278331 ], [ -111.651263, 40.279774 ], [ -111.654846, 40.280292 ], [ -111.658148, 40.279425 ], [ -111.659828, 40.278546 ], [ -111.661276, 40.27764 ], [ -111.662467, 40.276185 ], [ -111.662474, 40.276023 ], [ -111.670541, 40.272159 ], [ -111.671099, 40.273094 ], [ -111.671504, 40.273508 ], [ -111.672043, 40.273938 ], [ -111.672548, 40.274257 ], [ -111.672913, 40.274442 ], [ -111.674273, 40.274556 ], [ -111.681291, 40.269627 ], [ -111.682618, 40.270012 ], [ -111.682709, 40.269995 ], [ -111.684506, 40.267828 ], [ -111.689039, 40.262321 ], [ -111.692694, 40.257277 ], [ -111.696179, 40.254527 ], [ -111.69652, 40.253873 ], [ -111.701638, 40.247348 ], [ -111.702776, 40.24451 ], [ -111.702771, 40.24414 ] ] ] } },
{ "type": "Feature", "properties": { "group_index": 0, "value": 300.0, "center": [ -111.6586622, 40.241497 ], "point_id": 0.0 }, "geometry": { "type": "Polygon", "coordinates": [ [ [ -111.674509, 40.240336 ], [ -111.674505, 40.239684 ], [ -111.673665, 40.238623 ], [ -111.670244, 40.235987 ], [ -111.668548, 40.234656 ], [ -111.666059, 40.232709 ], [ -111.664939, 40.231888 ], [ -111.660233, 40.228236 ], [ -111.659613, 40.227888 ], [ -111.658801, 40.227698 ], [ -111.658419, 40.227642 ], [ -111.658213, 40.227638 ], [ -111.657461, 40.227923 ], [ -111.654012, 40.230518 ], [ -111.652166, 40.231918 ], [ -111.650371, 40.233273 ], [ -111.648633, 40.234595 ], [ -111.647324, 40.235609 ], [ -111.645546, 40.237079 ], [ -111.643071, 40.239438 ], [ -111.641365, 40.241053 ], [ -111.641357, 40.242224 ], [ -111.641357, 40.24234 ], [ -111.643291, 40.244621 ], [ -111.646666, 40.248088 ], [ -111.648629, 40.249703 ], [ -111.651585, 40.250942 ], [ -111.654327, 40.253374 ], [ -111.655801, 40.254902 ], [ -111.658498, 40.256076 ], [ -111.658613, 40.256076 ], [ -111.658757, 40.256045 ], [ -111.661957, 40.253858 ], [ -111.663982, 40.252342 ], [ -111.667748, 40.249816 ], [ -111.66948, 40.248586 ], [ -111.671996, 40.246186 ], [ -111.673731, 40.244365 ], [ -111.674509, 40.240336 ] ] ] } },
{ "type": "Feature", "properties": { "group_index": 0, "value": 600.0, "center": [ -111.6586622, 40.241497 ], "point_id": 0.0 }, "geometry": { "type": "Polygon", "coordinates": [ [ [ -111.690801, 40.240706 ], [ -111.689698, 40.237279 ], [ -111.682009, 40.233004 ], [ -111.681542, 40.231254 ], [ -111.681479, 40.229443 ], [ -111.674981, 40.225766 ], [ -111.67117, 40.223002 ], [ -111.666924, 40.219908 ], [ -111.662326, 40.215792 ], [ -111.659184, 40.213791 ], [ -111.658953, 40.213732 ], [ -111.658809, 40.213734 ], [ -111.656305, 40.215648 ], [ -111.653731, 40.217525 ], [ -111.650194, 40.220297 ], [ -111.642483, 40.223645 ], [ -111.642413, 40.223676 ], [ -111.636899, 40.229311 ], [ -111.634384, 40.23186 ], [ -111.629911, 40.237832 ], [ -111.629326, 40.240337 ], [ -111.629339, 40.240637 ], [ -111.629823, 40.24382 ], [ -111.629857, 40.244046 ], [ -111.632492, 40.250706 ], [ -111.633956, 40.25453 ], [ -111.640569, 40.259583 ], [ -111.641059, 40.260278 ], [ -111.646681, 40.263379 ], [ -111.652039, 40.266406 ], [ -111.656032, 40.268556 ], [ -111.656032, 40.268557 ], [ -111.659131, 40.268287 ], [ -111.666329, 40.265982 ], [ -111.667926, 40.265938 ], [ -111.668429, 40.265756 ], [ -111.676274, 40.26137 ], [ -111.678656, 40.259611 ], [ -111.678738, 40.259525 ], [ -111.681064, 40.253724 ], [ -111.687721, 40.247854 ], [ -111.6894, 40.247022 ], [ -111.690801, 40.240706 ] ] ] } },
{ "type": "Feature", "properties": { "group_index": 0, "value": 900.0, "center": [ -111.6586622, 40.241497 ], "point_id": 0.0 }, "geometry": { "type": "Polygon", "coordinates": [ [ [ -111.706838, 40.245009 ], [ -111.706827, 40.244577 ], [ -111.70553, 40.239529 ], [ -111.704484, 40.236084 ], [ -111.699851, 40.23206 ], [ -111.694871, 40.228301 ], [ -111.690026, 40.223986 ], [ -111.684979, 40.220186 ], [ -111.682502, 40.216677 ], [ -111.678027, 40.213169 ], [ -111.675658, 40.211864 ], [ -111.6716, 40.209674 ], [ -111.668627, 40.205055 ], [ -111.666811, 40.205042 ], [ -111.664994, 40.205029 ], [ -111.664142, 40.205059 ], [ -111.65542, 40.20439 ], [ -111.653557, 40.204227 ], [ -111.653514, 40.204227 ], [ -111.65347, 40.204227 ], [ -111.648587, 40.206841 ], [ -111.644908, 40.208982 ], [ -111.63704, 40.212613 ], [ -111.63577, 40.212381 ], [ -111.633791, 40.211783 ], [ -111.633724, 40.211808 ], [ -111.630869, 40.215861 ], [ -111.625427, 40.222664 ], [ -111.625104, 40.223406 ], [ -111.625791, 40.226392 ], [ -111.626359, 40.228962 ], [ -111.626404, 40.229129 ], [ -111.62697, 40.236447 ], [ -111.625812, 40.240689 ], [ -111.6253, 40.242644 ], [ -111.625161, 40.244024 ], [ -111.626161, 40.251429 ], [ -111.627645, 40.253382 ], [ -111.629565, 40.257264 ], [ -111.628362, 40.264508 ], [ -111.628365, 40.264641 ], [ -111.629123, 40.266181 ], [ -111.634481, 40.270277 ], [ -111.637966, 40.272512 ], [ -111.643131, 40.27516 ], [ -111.648179, 40.278312 ], [ -111.652864, 40.281097 ], [ -111.65669, 40.281759 ], [ -111.65963, 40.281924 ], [ -111.660027, 40.281925 ], [ -111.661949, 40.280245 ], [ -111.662056, 40.280091 ], [ -111.664377, 40.277384 ], [ -111.670122, 40.275288 ], [ -111.675972, 40.276755 ], [ -111.67601, 40.276757 ], [ -111.683992, 40.273342 ], [ -111.687412, 40.269772 ], [ -111.687477, 40.269696 ], [ -111.69124, 40.264617 ], [ -111.693363, 40.262511 ], [ -111.695814, 40.25885 ], [ -111.696582, 40.257822 ], [ -111.696575, 40.257052 ], [ -111.703422, 40.251901 ], [ -111.704214, 40.251681 ], [ -111.704293, 40.251643 ], [ -111.705169, 40.250091 ], [ -111.706838, 40.245009 ] ] ] } },
{ "type": "Feature", "properties": { "group_index": 0, "value": 300.0, "center": [ -111.65869498395506, 40.237469186396844 ], "point_id": 0.0 }, "geometry": { "type": "Polygon", "coordinates": [ [ [ -111.675221, 40.236526 ], [ -111.675221, 40.236456 ], [ -111.673547, 40.234675 ], [ -111.671838, 40.233346 ], [ -111.669968, 40.231911 ], [ -111.666566, 40.229233 ], [ -111.664795, 40.227873 ], [ -111.661351, 40.225247 ], [ -111.659457, 40.22398 ], [ -111.657704, 40.223955 ], [ -111.654215, 40.226554 ], [ -111.652385, 40.227924 ], [ -111.650718, 40.22918 ], [ -111.646929, 40.23193 ], [ -111.644482, 40.233877 ], [ -111.643548, 40.23489 ], [ -111.641215, 40.23741 ], [ -111.641215, 40.237432 ], [ -111.641215, 40.237448 ], [ -111.641215, 40.23747 ], [ -111.642922, 40.239236 ], [ -111.645783, 40.242235 ], [ -111.647507, 40.243504 ], [ -111.651787, 40.247193 ], [ -111.655861, 40.250801 ], [ -111.658518, 40.252003 ], [ -111.658625, 40.252002 ], [ -111.660404, 40.250325 ], [ -111.663997, 40.248236 ], [ -111.666386, 40.246809 ], [ -111.666387, 40.246808 ], [ -111.67005, 40.243662 ], [ -111.671923, 40.242215 ], [ -111.673513, 40.240939 ], [ -111.674506, 40.239752 ], [ -111.675221, 40.236526 ] ] ] } },
{ "type": "Feature", "properties": { "group_index": 0, "value": 600.0, "center": [ -111.65869498395506, 40.237469186396844 ], "point_id": 0.0 }, "geometry": { "type": "Polygon", "coordinates": [ [ [ -111.689493, 40.241094 ], [ -111.689456, 40.241041 ], [ -111.687778, 40.23821 ], [ -111.686413, 40.232305 ], [ -111.686246, 40.232024 ], [ -111.685895, 40.231757 ], [ -111.679532, 40.226682 ], [ -111.678908, 40.225978 ], [ -111.677348, 40.223999 ], [ -111.672471, 40.218956 ], [ -111.67246, 40.218948 ], [ -111.665914, 40.215566 ], [ -111.662155, 40.211509 ], [ -111.660729, 40.211004 ], [ -111.65713, 40.210943 ], [ -111.654743, 40.21292 ], [ -111.652424, 40.21461 ], [ -111.647157, 40.218305 ], [ -111.640341, 40.220364 ], [ -111.639286, 40.221573 ], [ -111.633455, 40.227946 ], [ -111.630982, 40.231298 ], [ -111.629566, 40.236291 ], [ -111.629553, 40.236671 ], [ -111.629974, 40.241829 ], [ -111.630014, 40.242088 ], [ -111.631305, 40.245516 ], [ -111.632583, 40.246145 ], [ -111.638169, 40.25253 ], [ -111.638205, 40.252571 ], [ -111.643649, 40.257099 ], [ -111.645151, 40.258465 ], [ -111.645419, 40.258598 ], [ -111.650098, 40.260969 ], [ -111.655984, 40.264585 ], [ -111.658012, 40.265168 ], [ -111.659081, 40.265176 ], [ -111.659756, 40.264999 ], [ -111.666692, 40.262024 ], [ -111.673715, 40.25789 ], [ -111.673724, 40.257884 ], [ -111.673773, 40.257839 ], [ -111.676144, 40.255236 ], [ -111.676239, 40.254658 ], [ -111.677761, 40.250495 ], [ -111.682696, 40.246942 ], [ -111.68395, 40.246542 ], [ -111.688623, 40.243622 ], [ -111.689493, 40.241094 ] ] ] } },
{ "type": "Feature", "properties": { "group_index": 0, "value": 900.0, "center": [ -111.65869498395506, 40.237469186396844 ], "point_id": 0.0 }, "geometry": { "type": "Polygon", "coordinates": [ [ [ -111.703191, 40.242945 ], [ -111.703653, 40.236429 ], [ -111.703679, 40.233299 ], [ -111.702683, 40.232062 ], [ -111.696776, 40.225745 ], [ -111.695011, 40.223976 ], [ -111.689153, 40.218449 ], [ -111.687077, 40.216691 ], [ -111.683641, 40.21668 ], [ -111.679483, 40.210847 ], [ -111.675025, 40.208584 ], [ -111.672063, 40.205696 ], [ -111.671367, 40.205416 ], [ -111.670649, 40.205223 ], [ -111.669989, 40.205115 ], [ -111.669143, 40.20506 ], [ -111.667027, 40.205044 ], [ -111.664994, 40.205029 ], [ -111.656649, 40.203568 ], [ -111.655891, 40.203396 ], [ -111.655168, 40.203414 ], [ -111.654691, 40.203512 ], [ -111.653139, 40.204036 ], [ -111.652773, 40.204205 ], [ -111.652372, 40.204496 ], [ -111.646464, 40.206859 ], [ -111.643442, 40.206137 ], [ -111.643225, 40.206148 ], [ -111.641903, 40.207188 ], [ -111.633154, 40.208964 ], [ -111.631109, 40.208526 ], [ -111.631067, 40.208545 ], [ -111.625506, 40.215403 ], [ -111.621659, 40.223391 ], [ -111.621715, 40.224613 ], [ -111.623341, 40.226458 ], [ -111.623919, 40.226914 ], [ -111.626243, 40.22971 ], [ -111.62686, 40.236578 ], [ -111.625141, 40.243946 ], [ -111.626117, 40.249359 ], [ -111.628084, 40.255987 ], [ -111.629555, 40.257386 ], [ -111.633597, 40.264758 ], [ -111.634994, 40.266487 ], [ -111.636466, 40.26752 ], [ -111.640298, 40.269502 ], [ -111.641702, 40.270195 ], [ -111.648721, 40.274624 ], [ -111.650285, 40.275844 ], [ -111.651446, 40.276563 ], [ -111.656865, 40.27785 ], [ -111.657128, 40.277842 ], [ -111.659435, 40.276933 ], [ -111.659615, 40.276801 ], [ -111.65995, 40.276513 ], [ -111.664469, 40.270385 ], [ -111.671099, 40.273094 ], [ -111.671504, 40.273508 ], [ -111.671885, 40.273822 ], [ -111.672996, 40.274125 ], [ -111.674653, 40.27093 ], [ -111.681635, 40.269449 ], [ -111.682094, 40.269658 ], [ -111.682118, 40.269658 ], [ -111.685195, 40.265872 ], [ -111.688776, 40.262593 ], [ -111.689189, 40.262225 ], [ -111.694469, 40.255244 ], [ -111.70055, 40.249915 ], [ -111.702401, 40.248288 ], [ -111.703104, 40.247315 ], [ -111.703191, 40.242945 ] ] ] } },
{ "type": "Feature", "properties": { "group_index": 0, "value": 300.0, "center": [ -111.67956290407677, 40.27313841448833 ], "point_id": 0.0 }, "geometry": { "type": "Polygon", "coordinates": [ [ [ -111.697515, 40.274315 ], [ -111.697515, 40.274291 ], [ -111.697252, 40.271617 ], [ -111.695445, 40.270247 ], [ -111.691471, 40.267505 ], [ -111.688699, 40.265124 ], [ -111.685873, 40.263682 ], [ -111.681051, 40.263069 ], [ -111.679813, 40.262919 ], [ -111.679421, 40.262873 ], [ -111.679238, 40.262912 ], [ -111.676823, 40.26605 ], [ -111.675069, 40.267824 ], [ -111.672977, 40.269765 ], [ -111.671387, 40.273119 ], [ -111.671515, 40.273517 ], [ -111.673161, 40.275161 ], [ -111.674909, 40.276902 ], [ -111.677649, 40.278695 ], [ -111.67806, 40.278964 ], [ -111.678572, 40.279206 ], [ -111.681251, 40.28055 ], [ -111.685029, 40.283148 ], [ -111.685714, 40.283356 ], [ -111.688295, 40.284116 ], [ -111.688334, 40.284119 ], [ -111.688334, 40.284119 ], [ -111.688374, 40.284123 ], [ -111.692002, 40.280573 ], [ -111.69352, 40.278985 ], [ -111.696997, 40.275819 ], [ -111.697515, 40.274315 ] ] ] } },
{ "type": "Feature", "properties": { "group_index": 0, "value": 600.0, "center": [ -111.67956290407677, 40.27313841448833 ], "point_id": 0.0 }, "geometry": { "type": "Polygon", "coordinates": [ [ [ -111.714911, 40.273397 ], [ -111.713532, 40.270173 ], [ -111.709502, 40.266106 ], [ -111.705081, 40.262571 ], [ -111.697188, 40.258248 ], [ -111.694745, 40.257181 ], [ -111.687829, 40.255187 ], [ -111.684907, 40.252444 ], [ -111.684005, 40.251643 ], [ -111.683412, 40.251641 ], [ -111.680484, 40.251649 ], [ -111.672996, 40.251072 ], [ -111.672915, 40.251072 ], [ -111.668409, 40.252389 ], [ -111.668256, 40.252533 ], [ -111.666047, 40.256535 ], [ -111.663258, 40.261948 ], [ -111.663082, 40.265158 ], [ -111.663085, 40.265429 ], [ -111.665232, 40.267006 ], [ -111.668993, 40.273732 ], [ -111.666762, 40.281002 ], [ -111.666383, 40.281468 ], [ -111.66592, 40.282925 ], [ -111.665934, 40.283296 ], [ -111.667302, 40.284561 ], [ -111.669473, 40.286322 ], [ -111.674065, 40.289596 ], [ -111.680343, 40.293272 ], [ -111.685576, 40.296827 ], [ -111.68581, 40.296827 ], [ -111.694294, 40.296664 ], [ -111.694435, 40.29663 ], [ -111.699269, 40.291659 ], [ -111.700946, 40.289852 ], [ -111.706218, 40.28437 ], [ -111.706877, 40.283554 ], [ -111.710016, 40.279947 ], [ -111.714087, 40.277206 ], [ -111.714733, 40.276768 ], [ -111.714799, 40.276668 ], [ -111.714911, 40.273397 ] ] ] } },
{ "type": "Feature", "properties": { "group_index": 0, "value": 900.0, "center": [ -111.67956290407677, 40.27313841448833 ], "point_id": 0.0 }, "geometry": { "type": "Polygon", "coordinates": [ [ [ -111.733685, 40.274288 ], [ -111.733005, 40.273373 ], [ -111.731874, 40.272488 ], [ -111.73029, 40.271413 ], [ -111.725604, 40.27036 ], [ -111.723398, 40.270334 ], [ -111.723323, 40.270367 ], [ -111.721456, 40.27198 ], [ -111.713807, 40.270416 ], [ -111.71558, 40.262539 ], [ -111.71688, 40.260622 ], [ -111.716777, 40.259891 ], [ -111.716658, 40.259525 ], [ -111.709429, 40.254442 ], [ -111.708592, 40.254403 ], [ -111.708059, 40.254376 ], [ -111.706727, 40.254343 ], [ -111.698939, 40.257096 ], [ -111.697638, 40.253676 ], [ -111.69757, 40.253073 ], [ -111.697363, 40.252286 ], [ -111.697222, 40.251923 ], [ -111.696847, 40.251127 ], [ -111.69662, 40.250704 ], [ -111.694783, 40.247709 ], [ -111.694433, 40.247247 ], [ -111.687049, 40.244558 ], [ -111.684981, 40.243056 ], [ -111.684635, 40.24292 ], [ -111.681764, 40.241863 ], [ -111.67746, 40.240906 ], [ -111.675583, 40.24058 ], [ -111.667565, 40.238609 ], [ -111.667464, 40.238609 ], [ -111.667461, 40.238609 ], [ -111.66736, 40.238609 ], [ -111.661487, 40.242514 ], [ -111.657738, 40.246091 ], [ -111.653456, 40.248983 ], [ -111.652596, 40.249643 ], [ -111.652533, 40.249717 ], [ -111.648553, 40.255523 ], [ -111.644688, 40.262976 ], [ -111.644668, 40.263201 ], [ -111.645171, 40.264992 ], [ -111.645715, 40.265515 ], [ -111.646706, 40.266468 ], [ -111.646874, 40.266544 ], [ -111.651251, 40.270471 ], [ -111.651511, 40.278694 ], [ -111.64977, 40.28014 ], [ -111.648884, 40.282074 ], [ -111.64891, 40.282946 ], [ -111.655234, 40.288549 ], [ -111.657779, 40.290887 ], [ -111.657852, 40.290887 ], [ -111.659668, 40.29084 ], [ -111.664647, 40.297212 ], [ -111.665839, 40.299064 ], [ -111.668121, 40.300065 ], [ -111.675506, 40.304442 ], [ -111.682925, 40.308134 ], [ -111.683729, 40.308712 ], [ -111.684603, 40.309362 ], [ -111.685422, 40.309978 ], [ -111.685947, 40.310025 ], [ -111.686505, 40.310019 ], [ -111.686975, 40.309973 ], [ -111.695025, 40.308162 ], [ -111.697965, 40.309111 ], [ -111.699796, 40.309373 ], [ -111.700111, 40.309371 ], [ -111.700392, 40.309214 ], [ -111.702025, 40.307475 ], [ -111.707012, 40.302668 ], [ -111.710116, 40.298964 ], [ -111.715395, 40.293001 ], [ -111.717449, 40.291756 ], [ -111.724121, 40.286139 ], [ -111.730575, 40.27992 ], [ -111.733685, 40.274292 ], [ -111.733685, 40.274288 ] ] ] } },
{ "type": "Feature", "properties": { "group_index": 0, "value": 300.0, "center": [ -111.64597053351306, 40.24585563142663 ], "point_id": 0.0 }, "geometry": { "type": "Polygon", "coordinates": [ [ [ -111.664358, 40.244311 ], [ -111.662671, 40.242505 ], [ -111.660993, 40.241235 ], [ -111.657862, 40.238817 ], [ -111.655736, 40.237254 ], [ -111.65512, 40.236797 ], [ -111.651582, 40.234616 ], [ -111.650045, 40.233396 ], [ -111.647527, 40.231904 ], [ -111.647049, 40.231733 ], [ -111.647003, 40.231733 ], [ -111.64539, 40.231723 ], [ -111.64538, 40.231723 ], [ -111.644757, 40.232049 ], [ -111.641719, 40.23387 ], [ -111.639274, 40.235633 ], [ -111.63528, 40.238936 ], [ -111.633631, 40.239617 ], [ -111.633349, 40.239881 ], [ -111.631229, 40.242146 ], [ -111.631039, 40.247182 ], [ -111.63105, 40.247927 ], [ -111.63392, 40.25287 ], [ -111.633821, 40.253403 ], [ -111.633872, 40.254219 ], [ -111.633941, 40.254474 ], [ -111.638484, 40.256054 ], [ -111.639523, 40.256683 ], [ -111.641792, 40.258319 ], [ -111.641859, 40.258349 ], [ -111.643192, 40.258583 ], [ -111.643257, 40.258593 ], [ -111.647478, 40.258402 ], [ -111.647698, 40.258369 ], [ -111.65084, 40.257399 ], [ -111.655299, 40.254623 ], [ -111.65761, 40.249693 ], [ -111.659771, 40.24839 ], [ -111.662163, 40.246966 ], [ -111.662219, 40.246938 ], [ -111.663718, 40.24529 ], [ -111.663733, 40.24527 ], [ -111.664358, 40.24434 ], [ -111.664358, 40.244311 ] ] ] } },
{ "type": "Feature", "properties": { "group_index": 0, "value": 600.0, "center": [ -111.64597053351306, 40.24585563142663 ], "point_id": 0.0 }, "geometry": { "type": "Polygon", "coordinates": [ [ [ -111.680611, 40.244908 ], [ -111.680166, 40.242841 ], [ -111.678976, 40.241111 ], [ -111.677407, 40.239871 ], [ -111.670638, 40.234664 ], [ -111.668902, 40.233328 ], [ -111.666998, 40.231894 ], [ -111.659722, 40.226642 ], [ -111.655975, 40.223936 ], [ -111.648434, 40.22151 ], [ -111.640335, 40.21919 ], [ -111.640133, 40.219193 ], [ -111.63912, 40.219855 ], [ -111.638578, 40.220344 ], [ -111.636968, 40.222255 ], [ -111.631136, 40.227173 ], [ -111.630071, 40.229306 ], [ -111.629596, 40.232143 ], [ -111.627565, 40.238289 ], [ -111.625948, 40.240961 ], [ -111.62561, 40.241723 ], [ -111.625397, 40.242348 ], [ -111.6253, 40.242644 ], [ -111.625161, 40.244024 ], [ -111.626177, 40.251471 ], [ -111.628515, 40.259278 ], [ -111.632051, 40.265916 ], [ -111.632487, 40.266587 ], [ -111.636943, 40.270139 ], [ -111.637137, 40.27019 ], [ -111.637707, 40.270256 ], [ -111.645525, 40.269297 ], [ -111.649314, 40.269213 ], [ -111.656189, 40.266879 ], [ -111.658632, 40.265168 ], [ -111.665675, 40.262328 ], [ -111.666134, 40.262183 ], [ -111.666701, 40.261729 ], [ -111.670485, 40.255378 ], [ -111.6733, 40.253951 ], [ -111.673353, 40.253881 ], [ -111.678512, 40.247977 ], [ -111.679428, 40.247226 ], [ -111.680203, 40.246441 ], [ -111.680611, 40.244908 ] ] ] } },
{ "type": "Feature", "properties": { "group_index": 0, "value": 900.0, "center": [ -111.64597053351306, 40.24585563142663 ], "point_id": 0.0 }, "geometry": { "type": "Polygon", "coordinates": [ [ [ -111.698882, 40.243831 ], [ -111.696424, 40.237432 ], [ -111.694276, 40.235712 ], [ -111.693888, 40.235769 ], [ -111.693012, 40.236007 ], [ -111.692217, 40.236141 ], [ -111.691457, 40.236434 ], [ -111.690935, 40.236767 ], [ -111.690026, 40.237197 ], [ -111.684624, 40.230252 ], [ -111.684496, 40.230155 ], [ -111.684023, 40.229874 ], [ -111.683532, 40.229662 ], [ -111.676153, 40.225322 ], [ -111.674539, 40.224097 ], [ -111.668879, 40.219858 ], [ -111.667943, 40.219141 ], [ -111.661944, 40.214304 ], [ -111.660693, 40.213402 ], [ -111.659413, 40.21278 ], [ -111.659018, 40.212682 ], [ -111.658916, 40.212682 ], [ -111.658915, 40.212682 ], [ -111.658814, 40.212682 ], [ -111.657093, 40.213397 ], [ -111.653598, 40.216758 ], [ -111.65154, 40.2182 ], [ -111.642573, 40.21781 ], [ -111.642117, 40.217423 ], [ -111.640529, 40.215632 ], [ -111.640462, 40.215546 ], [ -111.639717, 40.214712 ], [ -111.638887, 40.213903 ], [ -111.638443, 40.213471 ], [ -111.63512, 40.209092 ], [ -111.635041, 40.208986 ], [ -111.633469, 40.208239 ], [ -111.632198, 40.207851 ], [ -111.630221, 40.207985 ], [ -111.625176, 40.214044 ], [ -111.624525, 40.215477 ], [ -111.620775, 40.223501 ], [ -111.620488, 40.223667 ], [ -111.620431, 40.224111 ], [ -111.621672, 40.226933 ], [ -111.621903, 40.227396 ], [ -111.62656, 40.230873 ], [ -111.627565, 40.238289 ], [ -111.625948, 40.240961 ], [ -111.62561, 40.241723 ], [ -111.625397, 40.242348 ], [ -111.6253, 40.242644 ], [ -111.625161, 40.244024 ], [ -111.626177, 40.251471 ], [ -111.628515, 40.259278 ], [ -111.627128, 40.261693 ], [ -111.623799, 40.265768 ], [ -111.624348, 40.265671 ], [ -111.625581, 40.265503 ], [ -111.631043, 40.271991 ], [ -111.63086, 40.274024 ], [ -111.630967, 40.27431 ], [ -111.63147, 40.275455 ], [ -111.634442, 40.280764 ], [ -111.639125, 40.281503 ], [ -111.646695, 40.283778 ], [ -111.64703, 40.283863 ], [ -111.647866, 40.283873 ], [ -111.648614, 40.283854 ], [ -111.648721, 40.283757 ], [ -111.651774, 40.281513 ], [ -111.658197, 40.279255 ], [ -111.658773, 40.279068 ], [ -111.659807, 40.278377 ], [ -111.661961, 40.275647 ], [ -111.662009, 40.27486 ], [ -111.670541, 40.272159 ], [ -111.671099, 40.273094 ], [ -111.671504, 40.273508 ], [ -111.671866, 40.273806 ], [ -111.6726, 40.273905 ], [ -111.674593, 40.270907 ], [ -111.680907, 40.266393 ], [ -111.681598, 40.266077 ], [ -111.681707, 40.265981 ], [ -111.684626, 40.262429 ], [ -111.688071, 40.257685 ], [ -111.693313, 40.251887 ], [ -111.694651, 40.250375 ], [ -111.698258, 40.246019 ], [ -111.698882, 40.243831 ] ] ] } },
{ "type": "Feature", "properties": { "group_index": 0, "value": 300.0, "center": [ -111.65870891207335, 40.2333772872072 ], "point_id": 0.0 }, "geometry": { "type": "Polygon", "coordinates": [ [ [ -111.676265, 40.233117 ], [ -111.675299, 40.231933 ], [ -111.671877, 40.229249 ], [ -111.668478, 40.226601 ], [ -111.666756, 40.225266 ], [ -111.665442, 40.224255 ], [ -111.662161, 40.221958 ], [ -111.659961, 40.219983 ], [ -111.659259, 40.219449 ], [ -111.659163, 40.219449 ], [ -111.657199, 40.220092 ], [ -111.65709, 40.220129 ], [ -111.655136, 40.222358 ], [ -111.652289, 40.223903 ], [ -111.65057, 40.22522 ], [ -111.646057, 40.228463 ], [ -111.645398, 40.22912 ], [ -111.6436, 40.230902 ], [ -111.642611, 40.231873 ], [ -111.641394, 40.233238 ], [ -111.641389, 40.234066 ], [ -111.642628, 40.235473 ], [ -111.645088, 40.237425 ], [ -111.647298, 40.239209 ], [ -111.649344, 40.240855 ], [ -111.651057, 40.242173 ], [ -111.652823, 40.243518 ], [ -111.654599, 40.244872 ], [ -111.658104, 40.247818 ], [ -111.658154, 40.247832 ], [ -111.659375, 40.247448 ], [ -111.661307, 40.246116 ], [ -111.663698, 40.244254 ], [ -111.666584, 40.24221 ], [ -111.670025, 40.239587 ], [ -111.671715, 40.238267 ], [ -111.673409, 40.236951 ], [ -111.675234, 40.235532 ], [ -111.676264, 40.234318 ], [ -111.676265, 40.233117 ] ] ] } },
{ "type": "Feature", "properties": { "group_index": 0, "value": 600.0, "center": [ -111.65870891207335, 40.2333772872072 ], "point_id": 0.0 }, "geometry": { "type": "Polygon", "coordinates": [ [ [ -111.691016, 40.233939 ], [ -111.690309, 40.232088 ], [ -111.684433, 40.225529 ], [ -111.682671, 40.223992 ], [ -111.678384, 40.220022 ], [ -111.675234, 40.21667 ], [ -111.67428, 40.215914 ], [ -111.669251, 40.213935 ], [ -111.665651, 40.213937 ], [ -111.660765, 40.20845 ], [ -111.660665, 40.208139 ], [ -111.65867, 40.206243 ], [ -111.657115, 40.206973 ], [ -111.651489, 40.210204 ], [ -111.651429, 40.210247 ], [ -111.648348, 40.213586 ], [ -111.645346, 40.215573 ], [ -111.638406, 40.216699 ], [ -111.638311, 40.216716 ], [ -111.637245, 40.217129 ], [ -111.636923, 40.21728 ], [ -111.634919, 40.220352 ], [ -111.630447, 40.226499 ], [ -111.629189, 40.230142 ], [ -111.62916, 40.230259 ], [ -111.629099, 40.230859 ], [ -111.629047, 40.233938 ], [ -111.629928, 40.237954 ], [ -111.632446, 40.243544 ], [ -111.633706, 40.244851 ], [ -111.641343, 40.249117 ], [ -111.643635, 40.25174 ], [ -111.650289, 40.257442 ], [ -111.65591, 40.260518 ], [ -111.655912, 40.260518 ], [ -111.655958, 40.260521 ], [ -111.658733, 40.260743 ], [ -111.658931, 40.260747 ], [ -111.659429, 40.260672 ], [ -111.663543, 40.258605 ], [ -111.670362, 40.254508 ], [ -111.672397, 40.252581 ], [ -111.678164, 40.247243 ], [ -111.683558, 40.243138 ], [ -111.684594, 40.242342 ], [ -111.687925, 40.23915 ], [ -111.690306, 40.235688 ], [ -111.691021, 40.234121 ], [ -111.691016, 40.233939 ] ] ] } },
{ "type": "Feature", "properties": { "group_index": 0, "value": 900.0, "center": [ -111.65870891207335, 40.2333772872072 ], "point_id": 0.0 }, "geometry": { "type": "Polygon", "coordinates": [ [ [ -111.708848, 40.233992 ], [ -111.707973, 40.232039 ], [ -111.701774, 40.226216 ], [ -111.700228, 40.224434 ], [ -111.696693, 40.222828 ], [ -111.693093, 40.222788 ], [ -111.687077, 40.216691 ], [ -111.682689, 40.20942 ], [ -111.680385, 40.209005 ], [ -111.672308, 40.205816 ], [ -111.671367, 40.205416 ], [ -111.670649, 40.205223 ], [ -111.669989, 40.205115 ], [ -111.669143, 40.20506 ], [ -111.667027, 40.205044 ], [ -111.664994, 40.205029 ], [ -111.656649, 40.203568 ], [ -111.655891, 40.203396 ], [ -111.655168, 40.203414 ], [ -111.654691, 40.203512 ], [ -111.653139, 40.204036 ], [ -111.652773, 40.204205 ], [ -111.652372, 40.204496 ], [ -111.643734, 40.204717 ], [ -111.64321, 40.203879 ], [ -111.642267, 40.203309 ], [ -111.641305, 40.202695 ], [ -111.641225, 40.202708 ], [ -111.639767, 40.204932 ], [ -111.631697, 40.205668 ], [ -111.629795, 40.205234 ], [ -111.628627, 40.2052 ], [ -111.628319, 40.205339 ], [ -111.627047, 40.207771 ], [ -111.623238, 40.214774 ], [ -111.623484, 40.215804 ], [ -111.622881, 40.221879 ], [ -111.620363, 40.224287 ], [ -111.619532, 40.227642 ], [ -111.619615, 40.227683 ], [ -111.620196, 40.227861 ], [ -111.620992, 40.227831 ], [ -111.626444, 40.231073 ], [ -111.6263, 40.236013 ], [ -111.626089, 40.237399 ], [ -111.625744, 40.243721 ], [ -111.625737, 40.246575 ], [ -111.62583, 40.247347 ], [ -111.62594, 40.247973 ], [ -111.629565, 40.25445 ], [ -111.631125, 40.256169 ], [ -111.632205, 40.256943 ], [ -111.635403, 40.259322 ], [ -111.640116, 40.264375 ], [ -111.641363, 40.266037 ], [ -111.641431, 40.266086 ], [ -111.641893, 40.266364 ], [ -111.642639, 40.266714 ], [ -111.645411, 40.267347 ], [ -111.650931, 40.271614 ], [ -111.650997, 40.271664 ], [ -111.651359, 40.271838 ], [ -111.657637, 40.274276 ], [ -111.657841, 40.274285 ], [ -111.659305, 40.273322 ], [ -111.65952, 40.272917 ], [ -111.665015, 40.267844 ], [ -111.667828, 40.268626 ], [ -111.669019, 40.268997 ], [ -111.674244, 40.269488 ], [ -111.680152, 40.265673 ], [ -111.683633, 40.262383 ], [ -111.687088, 40.255924 ], [ -111.693401, 40.252326 ], [ -111.69653, 40.250546 ], [ -111.700312, 40.247916 ], [ -111.700558, 40.247738 ], [ -111.701145, 40.245692 ], [ -111.701036, 40.2404 ], [ -111.706501, 40.236501 ], [ -111.706947, 40.236376 ], [ -111.707982, 40.235639 ], [ -111.708746, 40.234727 ], [ -111.708836, 40.23462 ], [ -111.708848, 40.233992 ] ] ] } },
{ "type": "Feature", "properties": { "group_index": 0, "value": 300.0, "center": [ -111.6519838592982, 40.20877448565149 ], "point_id": 0.0 }, "geometry": { "type": "Polygon", "coordinates": [ [ [ -111.66913, 40.205172 ], [ -111.667002, 40.205145 ], [ -111.665997, 40.20511 ], [ -111.664518, 40.205107 ], [ -111.662372, 40.205243 ], [ -111.656649, 40.203568 ], [ -111.655891, 40.203396 ], [ -111.655168, 40.203414 ], [ -111.654691, 40.203512 ], [ -111.653139, 40.204036 ], [ -111.652773, 40.204205 ], [ -111.651921, 40.204581 ], [ -111.651547, 40.204772 ], [ -111.651008, 40.205189 ], [ -111.650602, 40.205672 ], [ -111.646193, 40.207695 ], [ -111.642954, 40.203101 ], [ -111.642632, 40.202267 ], [ -111.642192, 40.200842 ], [ -111.638752, 40.201905 ], [ -111.634886, 40.206315 ], [ -111.634177, 40.209844 ], [ -111.63509, 40.211151 ], [ -111.639429, 40.2113 ], [ -111.639678, 40.211332 ], [ -111.641361, 40.210938 ], [ -111.64348, 40.210564 ], [ -111.648074, 40.212489 ], [ -111.650016, 40.216417 ], [ -111.650513, 40.219975 ], [ -111.650793, 40.221835 ], [ -111.65402, 40.221866 ], [ -111.654169, 40.221863 ], [ -111.654393, 40.221815 ], [ -111.657123, 40.220855 ], [ -111.65947, 40.219436 ], [ -111.663032, 40.217035 ], [ -111.664025, 40.21575 ], [ -111.664164, 40.214858 ], [ -111.667785, 40.210183 ], [ -111.669084, 40.208771 ], [ -111.66913, 40.205172 ] ] ] } },
{ "type": "Feature", "properties": { "group_index": 0, "value": 600.0, "center": [ -111.6519838592982, 40.20877448565149 ], "point_id": 0.0 }, "geometry": { "type": "Polygon", "coordinates": [ [ [ -111.685525, 40.209931 ], [ -111.681802, 40.20926 ], [ -111.67808, 40.20859 ], [ -111.672943, 40.206301 ], [ -111.672606, 40.206085 ], [ -111.672206, 40.205867 ], [ -111.671547, 40.205583 ], [ -111.67103, 40.205414 ], [ -111.67065, 40.205317 ], [ -111.670046, 40.20522 ], [ -111.669235, 40.205174 ], [ -111.66913, 40.205172 ], [ -111.667002, 40.205145 ], [ -111.665997, 40.20511 ], [ -111.664518, 40.205107 ], [ -111.656649, 40.203568 ], [ -111.655891, 40.203396 ], [ -111.655168, 40.203414 ], [ -111.64928, 40.197229 ], [ -111.647886, 40.197273 ], [ -111.646539, 40.197336 ], [ -111.640171, 40.192486 ], [ -111.640131, 40.189411 ], [ -111.640072, 40.188957 ], [ -111.639889, 40.188158 ], [ -111.636379, 40.188962 ], [ -111.636548, 40.189767 ], [ -111.636571, 40.192525 ], [ -111.636615, 40.193235 ], [ -111.63673, 40.193868 ], [ -111.632991, 40.199803 ], [ -111.628996, 40.199078 ], [ -111.625395, 40.199085 ], [ -111.624571, 40.199176 ], [ -111.621768, 40.199513 ], [ -111.619212, 40.202049 ], [ -111.620339, 40.206609 ], [ -111.620736, 40.207741 ], [ -111.623696, 40.215071 ], [ -111.626842, 40.21771 ], [ -111.633872, 40.21713 ], [ -111.636337, 40.217735 ], [ -111.637014, 40.217606 ], [ -111.637046, 40.217588 ], [ -111.645493, 40.218171 ], [ -111.646492, 40.221665 ], [ -111.647065, 40.222159 ], [ -111.647565, 40.222608 ], [ -111.651669, 40.227452 ], [ -111.652895, 40.228826 ], [ -111.654619, 40.230155 ], [ -111.656396, 40.23152 ], [ -111.658214, 40.232809 ], [ -111.658654, 40.232957 ], [ -111.658793, 40.23296 ], [ -111.659387, 40.23281 ], [ -111.663454, 40.230185 ], [ -111.665225, 40.22886 ], [ -111.667531, 40.227139 ], [ -111.673737, 40.222038 ], [ -111.675152, 40.220493 ], [ -111.678467, 40.217234 ], [ -111.684887, 40.213474 ], [ -111.685525, 40.209931 ] ] ] } },
{ "type": "Feature", "properties": { "group_index": 0, "value": 900.0, "center": [ -111.6519838592982, 40.20877448565149 ], "point_id": 0.0 }, "geometry": { "type": "Polygon", "coordinates": [ [ [ -111.700226, 40.216287 ], [ -111.699919, 40.216243 ], [ -111.697515, 40.215849 ], [ -111.695552, 40.215478 ], [ -111.689414, 40.211653 ], [ -111.685525, 40.209931 ], [ -111.681802, 40.20926 ], [ -111.67808, 40.20859 ], [ -111.672943, 40.206301 ], [ -111.672606, 40.206085 ], [ -111.672206, 40.205867 ], [ -111.671547, 40.205583 ], [ -111.67103, 40.205414 ], [ -111.67065, 40.205317 ], [ -111.670046, 40.20522 ], [ -111.669235, 40.205174 ], [ -111.66913, 40.205172 ], [ -111.667002, 40.205145 ], [ -111.665997, 40.20511 ], [ -111.664518, 40.205107 ], [ -111.656649, 40.203568 ], [ -111.655891, 40.203396 ], [ -111.655168, 40.203414 ], [ -111.64928, 40.197229 ], [ -111.647886, 40.197273 ], [ -111.646539, 40.197336 ], [ -111.640171, 40.192486 ], [ -111.640131, 40.189411 ], [ -111.64417, 40.184653 ], [ -111.644159, 40.183399 ], [ -111.640494, 40.176042 ], [ -111.639863, 40.175185 ], [ -111.637051, 40.174991 ], [ -111.6321, 40.178166 ], [ -111.630875, 40.179976 ], [ -111.629211, 40.187127 ], [ -111.622139, 40.188993 ], [ -111.621753, 40.188937 ], [ -111.618396, 40.187715 ], [ -111.617779, 40.187725 ], [ -111.613172, 40.189099 ], [ -111.611246, 40.189643 ], [ -111.609444, 40.190244 ], [ -111.609377, 40.190696 ], [ -111.609844, 40.192959 ], [ -111.611821, 40.201455 ], [ -111.611976, 40.201795 ], [ -111.61456, 40.21015 ], [ -111.614696, 40.211039 ], [ -111.616734, 40.212337 ], [ -111.623816, 40.216943 ], [ -111.623541, 40.220655 ], [ -111.623387, 40.22102 ], [ -111.623135, 40.222221 ], [ -111.623009, 40.223215 ], [ -111.623598, 40.226175 ], [ -111.631118, 40.23002 ], [ -111.639299, 40.232413 ], [ -111.643894, 40.235478 ], [ -111.646084, 40.237375 ], [ -111.650857, 40.240852 ], [ -111.652815, 40.24235 ], [ -111.657854, 40.246161 ], [ -111.658359, 40.246255 ], [ -111.658431, 40.246256 ], [ -111.65893, 40.246254 ], [ -111.659464, 40.246144 ], [ -111.662563, 40.244247 ], [ -111.665455, 40.242206 ], [ -111.668975, 40.239585 ], [ -111.674529, 40.235742 ], [ -111.676566, 40.234192 ], [ -111.677822, 40.233227 ], [ -111.683188, 40.229169 ], [ -111.684303, 40.228323 ], [ -111.685173, 40.22759 ], [ -111.687578, 40.224836 ], [ -111.689155, 40.223418 ], [ -111.696847, 40.219386 ], [ -111.698974, 40.219832 ], [ -111.699679, 40.219889 ], [ -111.700244, 40.219887 ], [ -111.700226, 40.216287 ] ] ] } },
{ "type": "Feature", "properties": { "group_index": 0, "value": 300.0, "center": [ -111.65884065710048, 40.221736292269604 ], "point_id": 0.0 }, "geometry": { "type": "Polygon", "coordinates": [ [ [ -111.677168, 40.22029 ], [ -111.677138, 40.220066 ], [ -111.67569, 40.218389 ], [ -111.674048, 40.216676 ], [ -111.673852, 40.216583 ], [ -111.669251, 40.214842 ], [ -111.667343, 40.214513 ], [ -111.664916, 40.214075 ], [ -111.66174, 40.212212 ], [ -111.660406, 40.207884 ], [ -111.660197, 40.20748 ], [ -111.657001, 40.209137 ], [ -111.653738, 40.210728 ], [ -111.650841, 40.212408 ], [ -111.648596, 40.21396 ], [ -111.645594, 40.215947 ], [ -111.644454, 40.219645 ], [ -111.644664, 40.219822 ], [ -111.644809, 40.219922 ], [ -111.646492, 40.221665 ], [ -111.646591, 40.226391 ], [ -111.646515, 40.226717 ], [ -111.646479, 40.227152 ], [ -111.64648, 40.227249 ], [ -111.648023, 40.228819 ], [ -111.649699, 40.230138 ], [ -111.651497, 40.231525 ], [ -111.653159, 40.23279 ], [ -111.654889, 40.234123 ], [ -111.658647, 40.236901 ], [ -111.658795, 40.236903 ], [ -111.658904, 40.236902 ], [ -111.658963, 40.236902 ], [ -111.66267, 40.234135 ], [ -111.664434, 40.232827 ], [ -111.667915, 40.230199 ], [ -111.669645, 40.228871 ], [ -111.672758, 40.226179 ], [ -111.67458, 40.22489 ], [ -111.675661, 40.223304 ], [ -111.677165, 40.220417 ], [ -111.677168, 40.22029 ] ] ] } },
{ "type": "Feature", "properties": { "group_index": 0, "value": 600.0, "center": [ -111.65884065710048, 40.221736292269604 ], "point_id": 0.0 }, "geometry": { "type": "Polygon", "coordinates": [ [ [ -111.690917, 40.225748 ], [ -111.689135, 40.218267 ], [ -111.687077, 40.216691 ], [ -111.680897, 40.212755 ], [ -111.681535, 40.209212 ], [ -111.67808, 40.20859 ], [ -111.671795, 40.205933 ], [ -111.67133, 40.205749 ], [ -111.670898, 40.205614 ], [ -111.670254, 40.20547 ], [ -111.669747, 40.205404 ], [ -111.665997, 40.20511 ], [ -111.664518, 40.205107 ], [ -111.656649, 40.203568 ], [ -111.655891, 40.203396 ], [ -111.655168, 40.203414 ], [ -111.654691, 40.203512 ], [ -111.653139, 40.204036 ], [ -111.652773, 40.204205 ], [ -111.652372, 40.204496 ], [ -111.643589, 40.20512 ], [ -111.642478, 40.204437 ], [ -111.641718, 40.20399 ], [ -111.641577, 40.204017 ], [ -111.640147, 40.206173 ], [ -111.639446, 40.207249 ], [ -111.638724, 40.210776 ], [ -111.635454, 40.219112 ], [ -111.63424, 40.220212 ], [ -111.633018, 40.221226 ], [ -111.632659, 40.221629 ], [ -111.632656, 40.221641 ], [ -111.63334, 40.225252 ], [ -111.633457, 40.230695 ], [ -111.633558, 40.231548 ], [ -111.634552, 40.232354 ], [ -111.641225, 40.237471 ], [ -111.642278, 40.238267 ], [ -111.644722, 40.240125 ], [ -111.651215, 40.244869 ], [ -111.652925, 40.246111 ], [ -111.657819, 40.249691 ], [ -111.657923, 40.24969 ], [ -111.662083, 40.24837 ], [ -111.668145, 40.243534 ], [ -111.66988, 40.242216 ], [ -111.671623, 40.240922 ], [ -111.673344, 40.239596 ], [ -111.675131, 40.23828 ], [ -111.68115, 40.234633 ], [ -111.683506, 40.231912 ], [ -111.689138, 40.227587 ], [ -111.690917, 40.22576 ], [ -111.690917, 40.225748 ] ] ] } },
{ "type": "Feature", "properties": { "group_index": 0, "value": 900.0, "center": [ -111.65884065710048, 40.221736292269604 ], "point_id": 0.0 }, "geometry": { "type": "Polygon", "coordinates": [ [ [ -111.705453, 40.228144 ], [ -111.704432, 40.223696 ], [ -111.704274, 40.223047 ], [ -111.704157, 40.222779 ], [ -111.703927, 40.222389 ], [ -111.698766, 40.216085 ], [ -111.696298, 40.215678 ], [ -111.689414, 40.211653 ], [ -111.681535, 40.209212 ], [ -111.67808, 40.20859 ], [ -111.671795, 40.205933 ], [ -111.67133, 40.205749 ], [ -111.670898, 40.205614 ], [ -111.670254, 40.20547 ], [ -111.669747, 40.205404 ], [ -111.665997, 40.20511 ], [ -111.664518, 40.205107 ], [ -111.656649, 40.203568 ], [ -111.655891, 40.203396 ], [ -111.655168, 40.203414 ], [ -111.654691, 40.203512 ], [ -111.653139, 40.204036 ], [ -111.646462, 40.20093 ], [ -111.646557, 40.197331 ], [ -111.645702, 40.197309 ], [ -111.640155, 40.190966 ], [ -111.636555, 40.191004 ], [ -111.636571, 40.192525 ], [ -111.636615, 40.193235 ], [ -111.63673, 40.193868 ], [ -111.63692, 40.194601 ], [ -111.637328, 40.196496 ], [ -111.630752, 40.202403 ], [ -111.628209, 40.202074 ], [ -111.626977, 40.201637 ], [ -111.625233, 40.202 ], [ -111.625159, 40.202017 ], [ -111.623329, 40.20261 ], [ -111.623198, 40.202731 ], [ -111.622632, 40.203832 ], [ -111.622607, 40.203923 ], [ -111.622733, 40.207011 ], [ -111.623205, 40.214655 ], [ -111.623484, 40.215804 ], [ -111.621184, 40.223459 ], [ -111.62104, 40.223834 ], [ -111.622999, 40.226563 ], [ -111.626243, 40.22971 ], [ -111.627531, 40.236015 ], [ -111.630088, 40.244365 ], [ -111.63043, 40.245296 ], [ -111.633729, 40.247182 ], [ -111.63975, 40.251571 ], [ -111.645893, 40.257531 ], [ -111.647466, 40.258538 ], [ -111.654591, 40.262097 ], [ -111.657681, 40.263332 ], [ -111.657782, 40.263373 ], [ -111.658048, 40.26343 ], [ -111.658219, 40.263437 ], [ -111.658921, 40.263184 ], [ -111.663069, 40.261462 ], [ -111.663326, 40.261112 ], [ -111.665501, 40.258807 ], [ -111.6722, 40.256816 ], [ -111.672258, 40.256782 ], [ -111.674066, 40.255043 ], [ -111.674312, 40.2547 ], [ -111.677049, 40.250175 ], [ -111.680582, 40.247954 ], [ -111.682211, 40.246476 ], [ -111.689492, 40.243937 ], [ -111.689492, 40.243936 ], [ -111.689748, 40.241401 ], [ -111.696534, 40.235743 ], [ -111.697032, 40.235658 ], [ -111.697257, 40.235458 ], [ -111.702639, 40.231042 ], [ -111.704438, 40.229319 ], [ -111.705452, 40.228219 ], [ -111.705453, 40.228144 ] ] ] } }
]
}
